VHR_ID,SL_NO,LDR_ID,LDR_DR_AMT,LDR_CR_AMT
1,1,111,11800.0,0.0
1,2,122,0.0,343.68
1,3,115,0.0,11456.31
2,1,111,7700.0,0.0
2,2,122,0.0,224.28
2,3,115,0.0,7475.73
3,1,140,13750.0,0.0
3,2,150,0.0,0.01
3,3,122,0.0,400.48
4,1,140,15000.0,0.0
4,2,122,0.0,436.9
4,3,115,0.0,14563.11
7,1,140,47000.0,0.0
7,2,111,60000.0,0.0
7,3,122,0.0,640.78
7,4,122,0.0,524.28
7,5,122,0.0,932.04
7,6,122,0.0,1019.42
7,7,115,0.0,21359.22
7,8,115,0.0,17475.73
7,9,115,0.0,31067.96
7,10,115,0.0,33980.58
8,1,140,600.0,0.0
8,2,111,500.0,0.0
8,3,122,0.0,32.04
8,4,115,0.0,1067.96
9,1,111,11000.0,0.0
9,2,122,0.0,320.38
9,3,115,0.0,10679.61
10,1,111,10700.0,0.0
10,2,122,0.0,311.66
10,3,115,0.0,10388.35
11,1,111,5000.0,0.0
11,2,123,0.0,145.64
11,3,116,0.0,4854.37
12,1,111,12000.0,0.0
12,2,122,0.0,349.52
12,3,115,0.0,11650.49
13,1,111,5400.0,0.0
13,2,122,0.0,157.28
13,3,115,0.0,5242.72
14,1,140,2000.0,0.0
14,2,122,0.0,58.26
14,3,115,0.0,1941.75
15,1,111,5800.0,0.0
15,2,123,0.0,168.94
15,3,116,0.0,5631.07
16,1,140,1100.0,0.0
16,2,123,0.0,32.04
16,3,116,0.0,1067.96
17,1,111,1400.0,0.0
17,2,122,0.0,40.78
17,3,115,0.0,1359.22
18,1,140,1001.0,0.0
18,2,123,0.0,29.16
18,3,116,0.0,971.84
19,1,140,19600.0,0.0
19,2,122,0.0,570.88
19,3,115,0.0,19029.13
20,1,111,8300.0,0.0
20,2,122,0.0,241.74
20,3,115,0.0,8058.25
21,1,140,6250.0,0.0
21,2,122,0.0,182.04
21,3,115,0.0,6067.96
22,1,111,8000.0,0.0
22,2,122,0.0,233.0
22,3,115,0.0,7766.99
23,1,111,2900.0,0.0
23,2,122,0.0,84.46
23,3,115,0.0,2815.53
24,1,140,3160.0,0.0
24,2,122,0.0,92.04
24,3,115,0.0,3067.96
25,1,111,1800.0,0.0
25,2,122,0.0,52.42
25,3,115,0.0,1747.57
26,1,111,7950.0,0.0
26,2,122,0.0,231.56
26,3,115,0.0,7718.45
27,1,111,5700.0,0.0
27,2,122,0.0,166.02
27,3,115,0.0,5533.98
28,1,140,2000.0,0.0
28,2,122,0.0,58.26
28,3,115,0.0,1941.75
29,1,140,1500.0,0.0
29,2,111,12000.0,0.0
29,3,122,0.0,393.2
29,4,115,0.0,13106.8
30,1,111,8400.0,0.0
30,2,122,0.0,244.66
30,3,115,0.0,8155.34
31,1,111,9500.0,0.0
31,2,122,0.0,276.7
31,3,115,0.0,9223.3
32,1,111,4200.0,0.0
32,2,123,0.0,122.34
32,3,116,0.0,4077.67
33,1,140,78500.0,0.0
33,2,111,5000.0,0.0
33,3,122,0.0,1485.44
33,4,122,0.0,553.4
33,5,122,0.0,174.76
33,6,123,0.0,218.44
33,7,115,0.0,49514.56
33,8,115,0.0,18446.6
33,9,115,0.0,5825.24
33,10,116,0.0,7281.55
34,1,111,43000.0,0.0
34,2,122,0.0,1252.42
34,3,115,0.0,41747.57
35,1,111,6800.0,0.0
35,2,122,0.0,198.06
35,3,115,0.0,6601.94
36,1,140,2000.0,0.0
36,2,122,0.0,58.26
36,3,115,0.0,1941.75
37,1,111,7500.0,0.0
37,2,123,0.0,218.44
37,3,116,0.0,7281.55
38,1,140,20000.0,0.0
38,2,122,0.0,582.52
38,3,115,0.0,19417.48
39,1,140,4850.0,0.0
39,2,122,0.0,141.26
39,3,115,0.0,4708.74
40,1,140,10500.0,0.0
40,2,122,0.0,305.82
40,3,115,0.0,10194.17
41,1,140,11500.0,0.0
41,3,122,0.0,203.88
41,4,115,0.0,4368.93
41,5,115,0.0,6796.12
42,1,140,2550.0,0.0
42,2,123,0.0,74.28
42,3,116,0.0,2475.73
43,1,129,8000.0,0.0
43,2,114,0.0,8000.0
44,1,140,17500.0,0.0
44,2,114,8000.0,0.0
44,3,122,0.0,742.72
44,4,115,0.0,24757.28
45,1,111,9200.0,0.0
45,2,122,0.0,267.96
45,3,115,0.0,8932.04
46,1,140,27000.0,0.0
46,2,111,1000.0,0.0
46,3,122,0.0,815.54
46,4,115,0.0,27184.47
47,1,140,3900.0,0.0
47,2,122,0.0,113.6
47,3,115,0.0,3786.41
48,1,111,5500.0,0.0
48,2,122,0.0,160.2
48,3,115,0.0,5339.81
49,1,140,15000.0,0.0
49,2,122,0.0,436.9
49,3,115,0.0,14563.11
55,1,111,6000.0,0.0
55,2,122,0.0,174.76
55,3,115,0.0,5825.24
56,1,111,3800.0,0.0
56,2,122,0.0,110.68
56,3,115,0.0,3689.32
57,1,111,7500.0,0.0
57,2,122,0.0,218.44
57,3,115,0.0,7281.55
58,1,111,6000.0,0.0
58,2,122,0.0,174.76
58,3,115,0.0,5825.24
59,1,111,4500.0,0.0
59,2,122,0.0,131.06
59,3,115,0.0,4368.93
60,3,115,0.0,4563.11
61,1,111,5000.0,0.0
61,2,122,0.0,145.64
61,3,115,0.0,4854.37
62,1,111,6800.0,0.0
3,4,115,0.0,13349.51
5,1,111,11000.0,0.0
5,2,122,0.0,320.38
5,3,115,0.0,10679.61
6,1,140,7500.0,0.0
6,2,122,0.0,218.44
6,3,115,0.0,7281.55
41,2,122,0.0,131.06
60,1,111,4700.0,0.0
60,2,122,0.0,136.9
62,2,122,0.0,198.06
62,3,115,0.0,6601.94
63,1,111,9000.0,0.0
63,2,122,0.0,262.14
63,3,115,0.0,8737.86
64,1,111,3800.0,0.0
64,2,122,0.0,110.68
64,3,115,0.0,3689.32
65,1,111,8000.0,0.0
65,2,122,0.0,233.0
65,3,115,0.0,7766.99
66,1,140,90500.0,0.0
66,2,122,0.0,2242.72
66,3,122,0.0,393.2
66,4,115,0.0,74757.28
66,5,115,0.0,13106.8
67,1,111,5000.0,0.0
67,2,123,0.0,145.64
67,3,116,0.0,4854.37
68,1,140,10000.0,0.0
68,2,111,5000.0,0.0
68,3,122,0.0,436.9
68,4,115,0.0,14563.11
69,1,140,4200.0,0.0
69,2,122,0.0,122.34
69,3,115,0.0,4077.67
70,1,140,9000.0,0.0
70,2,122,0.0,262.14
70,3,115,0.0,8737.86
71,1,111,6400.0,0.0
71,2,122,0.0,186.4
71,3,115,0.0,6213.59
72,1,111,4100.0,0.0
72,2,122,0.0,119.42
72,3,115,0.0,3980.58
73,1,140,4000.0,0.0
73,2,150,0.0,-0.01
73,3,122,0.0,116.5
73,4,115,0.0,3883.5
74,1,140,19000.0,0.0
74,2,1351,0.0,19000.0
75,1,140,7300.0,0.0
75,2,122,0.0,212.62
75,3,115,0.0,7087.38
76,1,111,4100.0,0.0
76,2,122,0.0,119.42
76,3,115,0.0,3980.58
77,1,140,19600.0,0.0
77,2,122,0.0,334.96
77,3,122,0.0,235.92
77,4,115,0.0,11165.05
77,5,115,0.0,7864.08
78,1,140,8500.0,0.0
78,2,122,0.0,247.58
78,3,115,0.0,8252.43
79,1,140,4500.0,0.0
79,2,122,0.0,131.06
79,3,115,0.0,4368.93
80,1,111,17000.0,0.0
80,2,122,0.0,495.14
80,3,115,0.0,16504.85
81,1,111,4500.0,0.0
81,2,122,0.0,131.06
81,3,115,0.0,4368.93
82,1,111,13500.0,0.0
82,2,122,0.0,393.2
82,3,115,0.0,13106.8
83,1,111,3000.0,0.0
83,2,122,0.0,87.38
83,3,115,0.0,2912.62
84,1,111,5000.0,0.0
84,2,122,0.0,145.64
84,3,115,0.0,4854.37
85,1,140,7100.0,0.0
85,2,122,0.0,206.8
85,3,115,0.0,6893.2
86,1,111,42000.0,0.0
86,2,122,0.0,1223.3
86,3,115,0.0,40776.7
87,1,140,11200.0,0.0
87,2,122,0.0,326.22
87,3,115,0.0,10873.79
88,1,140,11000.0,0.0
88,2,111,3000.0,0.0
88,3,122,0.0,407.76
88,4,115,0.0,13592.23
89,1,111,4500.0,0.0
89,2,122,0.0,131.06
89,3,115,0.0,4368.93
90,1,140,5600.0,0.0
90,2,122,0.0,163.1
90,3,115,0.0,5436.89
91,1,140,5000.0,0.0
91,2,122,0.0,145.64
91,3,115,0.0,4854.37
92,1,140,1300.0,0.0
92,2,123,0.0,37.86
92,3,116,0.0,1262.14
93,1,111,22000.0,0.0
93,2,122,0.0,640.78
93,3,115,0.0,21359.22
94,1,111,64000.0,0.0
94,2,122,0.0,1864.08
94,3,115,0.0,62135.92
95,1,140,2800.0,0.0
95,2,122,0.0,81.56
95,3,115,0.0,2718.45
96,1,140,1250.0,0.0
96,2,123,0.0,36.4
96,3,116,0.0,1213.59
97,1,140,4500.0,0.0
97,2,150,0.0,0.01
97,3,122,0.0,131.06
97,4,115,0.0,4368.93
98,1,111,8500.0,0.0
98,2,122,0.0,247.58
98,3,115,0.0,8252.43
99,1,140,4500.0,0.0
99,2,122,0.0,131.06
99,3,115,0.0,4368.93
100,1,140,750.0,0.0
100,2,123,0.0,21.84
100,3,116,0.0,728.16
101,1,111,12700.0,0.0
101,2,122,0.0,369.9
101,3,115,0.0,12330.1
102,1,140,7100.0,0.0
102,2,122,0.0,206.8
102,3,115,0.0,6893.2
103,1,140,1400.0,0.0
103,2,123,0.0,40.78
103,3,116,0.0,1359.22
104,1,111,71500.0,0.0
104,2,122,0.0,1354.36
104,3,122,0.0,728.16
104,4,115,0.0,45145.63
104,5,115,0.0,24271.84
105,1,140,1200.0,0.0
105,2,123,0.0,34.96
105,3,116,0.0,1165.05
106,1,111,15000.0,0.0
106,2,122,0.0,436.9
106,3,115,0.0,14563.11
107,1,111,7000.0,0.0
107,2,122,0.0,203.88
107,3,115,0.0,6796.12
108,1,111,38350.0,0.0
108,2,122,0.0,407.76
108,3,122,0.0,709.22
108,4,115,0.0,13592.23
108,5,115,0.0,23640.78
109,1,111,21600.0,0.0
109,2,122,0.0,629.12
109,3,115,0.0,20970.87
110,1,111,16700.0,0.0
110,2,122,0.0,486.4
110,3,115,0.0,16213.59
111,1,140,8770.0,0.0
111,2,111,7900.0,0.0
111,3,122,0.0,485.54
111,4,115,0.0,16184.47
112,1,111,4000.0,0.0
112,2,150,0.0,-0.01
112,3,123,0.0,116.5
112,4,116,0.0,3883.5
113,1,140,1650.0,0.0
113,2,123,0.0,48.06
113,3,116,0.0,1601.94
114,1,140,2050.0,0.0
50,1,111,12000.0,0.0
50,2,150,0.0,-0.01
50,3,122,0.0,349.52
50,4,115,0.0,11650.49
51,1,111,4500.0,0.0
51,2,122,0.0,131.06
51,3,115,0.0,4368.93
52,1,111,3300.0,0.0
52,2,122,0.0,96.12
52,3,115,0.0,3203.88
53,1,111,12700.0,0.0
53,2,122,0.0,369.9
53,3,115,0.0,12330.1
54,1,111,6400.0,0.0
54,2,122,0.0,186.4
54,3,115,0.0,6213.59
114,2,123,0.0,59.7
114,3,116,0.0,1990.29
115,1,111,11000.0,0.0
115,2,122,0.0,320.38
115,3,115,0.0,10679.61
116,1,129,9000.0,0.0
116,2,114,0.0,9000.0
117,1,140,8500.0,0.0
117,2,114,9000.0,0.0
117,3,122,0.0,509.7
117,4,115,0.0,16990.29
118,1,140,4400.0,0.0
118,2,123,0.0,128.16
118,3,116,0.0,4271.84
119,1,111,21000.0,0.0
119,2,122,0.0,611.66
119,3,115,0.0,20388.35
120,1,111,55000.0,0.0
120,2,122,0.0,1601.94
120,3,115,0.0,53398.06
121,1,140,11000.0,0.0
121,2,122,0.0,320.38
121,3,115,0.0,10679.61
122,1,140,11500.0,0.0
122,2,122,0.0,224.28
122,3,122,0.0,110.68
122,4,115,0.0,7475.73
122,5,115,0.0,3689.32
123,1,111,3700.0,0.0
123,2,123,0.0,107.76
123,3,116,0.0,3592.23
124,1,140,14000.0,0.0
124,2,122,0.0,407.76
124,3,115,0.0,13592.23
125,1,140,8500.0,0.0
125,2,122,0.0,247.58
125,3,115,0.0,8252.43
126,1,111,4800.0,0.0
126,2,122,0.0,139.8
126,3,115,0.0,4660.19
127,1,111,5800.0,0.0
127,2,122,0.0,168.94
127,3,115,0.0,5631.07
128,1,140,16200.0,0.0
128,2,111,6000.0,0.0
128,3,122,0.0,646.6
128,4,115,0.0,21553.4
129,1,111,5000.0,0.0
129,2,123,0.0,145.64
129,3,116,0.0,4854.37
130,1,111,3800.0,0.0
130,2,123,0.0,110.68
130,3,116,0.0,3689.32
131,1,140,3000.0,0.0
131,2,123,0.0,87.38
131,3,116,0.0,2912.62
132,1,140,5000.0,0.0
132,2,111,10300.0,0.0
132,3,122,0.0,445.64
132,4,115,0.0,14854.37
133,1,111,7600.0,0.0
133,2,122,0.0,221.36
133,3,115,0.0,7378.64
134,1,111,9000.0,0.0
134,2,122,0.0,262.14
134,3,115,0.0,8737.86
135,1,111,21000.0,0.0
135,2,122,0.0,611.66
135,3,115,0.0,20388.35
136,1,111,14500.0,0.0
136,2,122,0.0,422.34
136,3,115,0.0,14077.67
137,1,140,3950.0,0.0
137,2,123,0.0,115.04
137,3,116,0.0,3834.95
138,1,140,3000.0,0.0
138,2,123,0.0,87.38
138,3,116,0.0,2912.62
139,1,140,8000.0,0.0
139,2,150,0.0,0.01
139,3,122,0.0,233.0
140,1,111,13800.0,0.0
140,2,122,0.0,401.94
140,3,115,0.0,13398.06
141,1,111,12300.0,0.0
141,2,122,0.0,358.26
141,3,115,0.0,11941.75
142,1,111,7200.0,0.0
142,2,122,0.0,209.7
142,3,115,0.0,6990.29
143,1,111,10800.0,0.0
143,2,122,0.0,314.56
143,3,115,0.0,10485.44
144,1,140,15000.0,0.0
145,1,140,25000.0,0.0
145,2,122,0.0,728.16
145,3,115,0.0,24271.84
146,1,140,1470.0,0.0
146,2,123,0.0,42.82
146,3,116,0.0,1427.18
147,1,111,4500.0,0.0
147,2,122,0.0,131.06
147,3,115,0.0,4368.93
148,1,111,5750.0,0.0
148,2,122,0.0,167.48
148,3,115,0.0,5582.52
149,1,140,10800.0,0.0
149,2,122,0.0,314.56
149,3,115,0.0,10485.44
150,1,111,8500.0,0.0
150,2,122,0.0,247.58
150,3,115,0.0,8252.43
151,1,111,8700.0,0.0
151,2,122,0.0,253.4
151,3,115,0.0,8446.6
152,1,140,16000.0,0.0
152,2,122,0.0,387.38
152,3,122,0.0,78.64
152,4,115,0.0,12912.62
152,5,115,0.0,2621.36
153,1,111,5100.0,0.0
153,2,122,0.0,148.54
153,3,115,0.0,4951.46
154,1,111,5300.0,0.0
154,2,122,0.0,154.36
154,3,115,0.0,5145.63
155,1,111,8500.0,0.0
155,2,122,0.0,247.58
155,3,115,0.0,8252.43
156,1,111,2000.0,0.0
156,2,122,0.0,58.26
156,3,115,0.0,1941.75
157,1,111,5000.0,0.0
157,2,122,0.0,145.64
157,3,115,0.0,4854.37
158,1,111,3000.0,0.0
158,2,123,0.0,87.38
158,3,116,0.0,2912.62
159,1,111,13500.0,0.0
159,2,122,0.0,393.2
159,3,115,0.0,13106.8
160,1,111,12300.0,0.0
160,2,122,0.0,358.26
160,3,115,0.0,11941.75
161,1,111,24500.0,0.0
161,2,122,0.0,713.6
161,3,115,0.0,23786.41
162,1,111,4500.0,0.0
162,2,123,0.0,131.06
162,3,116,0.0,4368.93
163,1,111,34000.0,0.0
163,2,122,0.0,990.3
163,3,115,0.0,33009.71
164,1,140,4500.0,0.0
164,2,122,0.0,131.06
164,3,115,0.0,4368.93
139,4,115,0.0,7766.99
205,1,111,4500.0,0.0
166,1,111,600.0,0.0
166,2,123,0.0,17.48
166,3,116,0.0,582.52
167,1,111,3800.0,0.0
167,2,123,0.0,110.68
144,2,122,0.0,131.06
144,3,122,0.0,305.82
144,4,115,0.0,4368.93
144,5,115,0.0,10194.17
167,3,116,0.0,3689.32
168,1,140,15000.0,0.0
168,2,111,1000.0,0.0
168,3,122,0.0,466.02
168,4,115,0.0,15533.98
169,1,111,5000.0,0.0
169,2,122,0.0,145.64
169,3,115,0.0,4854.37
170,1,111,6700.0,0.0
170,2,122,0.0,195.14
170,3,115,0.0,6504.85
171,1,111,7700.0,0.0
171,2,122,0.0,224.28
171,3,115,0.0,7475.73
172,1,140,7300.0,0.0
172,2,122,0.0,212.62
172,3,115,0.0,7087.38
173,1,111,6500.0,0.0
173,2,122,0.0,189.32
173,3,115,0.0,6310.68
174,1,140,2000.0,0.0
174,2,123,0.0,58.26
174,3,116,0.0,1941.75
175,1,111,5200.0,0.0
175,2,122,0.0,151.46
175,3,115,0.0,5048.54
176,1,111,6500.0,0.0
176,2,122,0.0,189.32
176,3,115,0.0,6310.68
177,1,111,65000.0,0.0
177,2,122,0.0,1893.2
177,3,115,0.0,63106.8
178,1,140,12500.0,0.0
178,2,122,0.0,364.08
184,1,111,3200.0,0.0
184,2,123,0.0,93.2
184,3,116,0.0,3106.8
185,1,111,4800.0,0.0
185,2,122,0.0,139.8
185,3,115,0.0,4660.19
186,1,140,1950.0,0.0
186,2,123,0.0,56.8
186,3,116,0.0,1893.2
187,1,111,4500.0,0.0
187,2,123,0.0,131.06
187,3,116,0.0,4368.93
188,1,140,4000.0,0.0
188,2,111,700.0,0.0
188,3,122,0.0,136.9
188,4,115,0.0,4563.11
189,1,140,3100.0,0.0
189,2,122,0.0,90.3
189,3,115,0.0,3009.71
190,1,140,3700.0,0.0
190,2,122,0.0,107.76
190,3,115,0.0,3592.23
191,1,140,2000.0,0.0
191,2,123,0.0,58.26
191,3,116,0.0,1941.75
192,1,140,2200.0,0.0
192,2,123,0.0,64.08
192,3,116,0.0,2135.92
193,1,111,12500.0,0.0
193,2,122,0.0,364.08
193,3,115,0.0,12135.92
194,1,140,41000.0,0.0
194,2,122,0.0,480.58
194,3,122,0.0,713.6
194,4,115,0.0,16019.42
194,5,115,0.0,23786.41
195,1,140,22000.0,0.0
195,2,122,0.0,640.78
195,3,115,0.0,21359.22
196,1,140,6000.0,0.0
196,2,111,22500.0,0.0
196,3,122,0.0,830.1
196,4,115,0.0,27669.9
197,1,111,6300.0,0.0
197,2,122,0.0,183.5
197,3,115,0.0,6116.5
198,1,140,3000.0,0.0
198,2,122,0.0,87.38
198,3,115,0.0,2912.62
199,1,111,2500.0,0.0
199,2,123,0.0,72.82
199,3,116,0.0,2427.18
200,1,111,14000.0,0.0
200,2,122,0.0,407.76
200,3,115,0.0,13592.23
201,1,140,2000.0,0.0
201,2,111,36500.0,0.0
201,3,122,0.0,1121.36
201,4,115,0.0,37378.64
165,1,140,35000.0,0.0
165,2,1350,0.0,35000.0
202,1,111,62000.0,0.0
202,2,1350,35000.0,0.0
202,3,122,0.0,2825.24
202,4,115,0.0,94174.76
203,1,140,4000.0,0.0
203,2,150,0.0,-0.01
203,3,123,0.0,116.5
203,4,116,0.0,3883.5
204,1,111,1900.0,0.0
204,2,122,0.0,55.34
204,3,115,0.0,1844.66
205,2,123,0.0,131.06
206,1,111,10300.0,0.0
206,2,122,0.0,300.0
206,3,115,0.0,10000.0
207,1,140,1650.0,0.0
207,2,123,0.0,48.06
207,3,116,0.0,1601.94
208,1,111,4800.0,0.0
208,2,122,0.0,84.46
208,3,123,0.0,48.94
208,4,123,0.0,6.4
208,5,115,0.0,2815.53
208,6,116,0.0,1631.07
208,7,116,0.0,213.59
209,1,111,19000.0,0.0
209,2,122,0.0,399.02
209,3,123,0.0,154.36
209,4,115,0.0,13300.97
209,5,116,0.0,5145.63
210,1,111,5500.0,0.0
210,2,123,0.0,160.2
210,3,116,0.0,5339.81
211,1,111,12000.0,0.0
211,2,122,0.0,349.52
211,3,115,0.0,11650.49
212,1,140,20000.0,0.0
212,2,111,5000.0,0.0
212,3,1351,19000.0,0.0
212,4,122,0.0,1281.56
212,5,115,0.0,42718.45
213,1,111,3500.0,0.0
213,2,123,0.0,101.94
213,3,116,0.0,3398.06
214,1,111,5000.0,0.0
214,2,150,0.0,-0.01
214,3,122,0.0,145.64
215,1,111,21500.0,0.0
215,2,122,0.0,626.22
215,3,115,0.0,20873.79
216,1,129,24800.0,0.0
216,2,114,0.0,24800.0
217,1,140,45000.0,0.0
217,2,111,46000.0,0.0
217,3,114,24800.0,0.0
217,4,122,0.0,3372.82
217,5,115,0.0,112427.18
218,1,140,8000.0,0.0
218,2,123,0.0,233.0
218,3,116,0.0,7766.99
219,1,111,100.0,0.0
219,2,123,0.0,2.92
219,3,116,0.0,97.09
220,1,129,35400.0,0.0
220,2,114,0.0,35400.0
221,1,111,11000.0,0.0
221,2,114,35400.0,0.0
221,3,122,0.0,1351.46
221,4,115,0.0,45048.54
222,1,111,6500.0,0.0
222,2,122,0.0,189.32
222,3,115,0.0,6310.68
223,1,111,8500.0,0.0
223,2,122,0.0,247.58
223,3,115,0.0,8252.43
224,1,140,10000.0,0.0
224,2,122,0.0,291.26
224,3,115,0.0,9708.74
225,1,140,10000.0,0.0
225,2,111,8000.0,0.0
178,3,115,0.0,12135.92
179,1,111,13500.0,0.0
179,2,122,0.0,393.2
179,3,115,0.0,13106.8
180,1,111,6000.0,0.0
180,2,122,0.0,174.76
180,3,115,0.0,5825.24
181,1,111,14400.0,0.0
181,2,122,0.0,419.42
181,3,115,0.0,13980.58
182,1,111,11600.0,0.0
182,2,122,0.0,337.86
182,3,115,0.0,11262.14
183,1,111,3500.0,0.0
183,2,123,0.0,101.94
183,3,116,0.0,3398.06
205,3,116,0.0,4368.93
225,3,122,0.0,524.28
225,4,115,0.0,17475.73
226,1,140,49000.0,0.0
226,2,111,13500.0,0.0
226,3,122,0.0,1820.38
226,4,115,0.0,60679.61
227,1,140,15250.0,0.0
227,2,122,0.0,444.18
227,3,115,0.0,14805.83
228,1,111,3000.0,0.0
228,2,123,0.0,87.38
228,3,116,0.0,2912.62
229,1,140,38000.0,0.0
229,2,111,34000.0,0.0
229,3,122,0.0,2097.08
229,4,115,0.0,69902.91
230,1,111,14000.0,0.0
230,2,122,0.0,407.76
230,3,115,0.0,13592.23
231,1,111,3500.0,0.0
231,2,123,0.0,101.94
231,3,116,0.0,3398.06
232,1,140,3450.0,0.0
232,2,111,39000.0,0.0
232,3,122,0.0,1236.4
232,4,115,0.0,41213.59
233,1,140,700.0,0.0
233,2,123,0.0,20.38
233,3,116,0.0,679.61
234,1,111,3200.0,0.0
234,2,123,0.0,93.2
234,3,116,0.0,3106.8
235,1,111,9800.0,0.0
235,2,122,0.0,285.44
235,3,115,0.0,9514.56
236,1,111,1400.0,0.0
236,2,123,0.0,40.78
236,3,116,0.0,1359.22
237,1,140,820.0,0.0
237,2,123,0.0,23.88
237,3,116,0.0,796.12
238,1,111,3100.0,0.0
238,2,123,0.0,90.3
238,3,116,0.0,3009.71
239,1,140,1000.0,0.0
239,2,123,0.0,29.12
239,3,116,0.0,970.87
240,1,111,1800.0,0.0
240,2,123,0.0,52.42
240,3,116,0.0,1747.57
241,1,140,3100.0,0.0
241,2,111,7400.0,0.0
241,3,122,0.0,305.82
241,4,115,0.0,10194.17
242,1,111,2000.0,0.0
242,2,123,0.0,58.26
244,1,140,2850.0,0.0
244,2,122,0.0,83.0
244,3,115,0.0,2766.99
245,1,140,3290.0,0.0
245,2,123,0.0,95.82
245,3,116,0.0,3194.17
246,1,140,10000.0,0.0
246,2,122,0.0,163.1
246,3,123,0.0,128.16
246,4,115,0.0,5436.89
246,5,116,0.0,4271.84
214,4,115,0.0,4854.37
247,1,140,5150.0,0.0
247,2,122,0.0,150.0
247,3,115,0.0,5000.0
248,1,140,19000.0,0.0
248,2,122,0.0,553.4
248,3,115,0.0,18446.6
249,1,111,700.0,0.0
249,2,123,0.0,20.38
249,3,116,0.0,679.61
250,1,111,1700.0,0.0
250,2,123,0.0,49.52
250,3,116,0.0,1650.49
251,1,140,1550.0,0.0
251,2,123,0.0,45.14
251,3,116,0.0,1504.85
252,1,140,800.0,0.0
252,2,123,0.0,23.3
252,3,116,0.0,776.7
253,1,111,3200.0,0.0
253,2,123,0.0,93.2
253,3,116,0.0,3106.8
254,1,141,7200.0,0.0
254,2,122,0.0,209.7
254,3,115,0.0,6990.29
255,1,140,4500.0,0.0
255,2,111,8500.0,0.0
255,3,122,0.0,378.64
255,4,115,0.0,12621.36
256,1,140,24900.0,0.0
256,2,122,0.0,597.08
256,3,122,0.0,128.16
256,4,115,0.0,19902.91
256,5,115,0.0,4271.84
257,1,111,5000.0,0.0
257,2,123,0.0,145.64
257,3,116,0.0,4854.37
258,1,111,1600.0,0.0
258,2,123,0.0,46.6
258,3,116,0.0,1553.4
259,1,111,4000.0,0.0
259,2,150,0.0,-0.01
259,3,123,0.0,116.5
259,4,116,0.0,3883.5
260,1,111,15500.0,0.0
260,2,122,0.0,451.46
260,3,115,0.0,15048.54
261,1,140,750.0,0.0
261,2,123,0.0,21.84
261,3,116,0.0,728.16
262,1,140,2000.0,0.0
262,2,122,0.0,58.26
262,3,115,0.0,1941.75
263,1,111,2850.0,0.0
263,2,122,0.0,83.0
263,3,115,0.0,2766.99
264,1,111,4900.0,0.0
264,2,122,0.0,142.72
264,3,115,0.0,4757.28
265,1,111,66000.0,0.0
265,2,122,0.0,1922.34
265,3,115,0.0,64077.67
266,1,140,87000.0,0.0
266,2,122,0.0,2257.28
266,3,122,0.0,276.7
266,4,115,0.0,75242.72
266,5,115,0.0,9223.3
267,1,140,136250.0,0.0
267,2,111,38250.0,0.0
267,3,122,0.0,4441.74
267,4,122,0.0,640.78
267,5,115,0.0,148058.25
267,6,115,0.0,21359.22
268,1,140,15500.0,0.0
268,2,122,0.0,174.76
268,3,122,0.0,276.7
268,4,115,0.0,5825.24
268,5,115,0.0,9223.3
272,1,111,3500.0,0.0
272,2,123,0.0,101.94
272,3,116,0.0,3398.06
273,1,111,2100.0,0.0
273,2,150,0.0,0.01
273,3,123,0.0,61.16
273,4,116,0.0,2038.83
274,1,111,46000.0,0.0
274,2,122,0.0,1339.8
274,3,115,0.0,44660.19
275,1,111,17000.0,0.0
275,2,122,0.0,495.14
275,3,115,0.0,16504.85
276,1,111,23000.0,0.0
276,2,122,0.0,669.9
276,3,115,0.0,22330.1
277,1,111,5500.0,0.0
242,3,116,0.0,1941.75
243,1,140,5150.0,0.0
243,2,123,0.0,150.0
243,3,116,0.0,5000.0
269,1,140,3500.0,0.0
269,2,123,0.0,101.94
277,2,123,0.0,160.2
277,3,116,0.0,5339.81
278,1,140,11200.0,0.0
278,2,122,0.0,326.22
278,3,115,0.0,10873.79
279,1,111,4500.0,0.0
279,2,123,0.0,131.06
279,3,116,0.0,4368.93
280,1,111,3500.0,0.0
280,2,123,0.0,101.94
280,3,116,0.0,3398.06
281,1,111,2000.0,0.0
281,2,123,0.0,58.26
281,3,116,0.0,1941.75
282,1,140,2150.0,0.0
282,2,122,0.0,62.62
282,3,115,0.0,2087.38
283,1,111,8000.0,0.0
283,2,122,0.0,233.0
283,3,115,0.0,7766.99
284,1,111,7000.0,0.0
284,2,122,0.0,203.88
284,3,115,0.0,6796.12
285,1,111,5000.0,0.0
285,2,123,0.0,145.64
285,3,116,0.0,4854.37
286,1,140,3000.0,0.0
286,2,111,12500.0,0.0
286,3,122,0.0,451.46
286,4,115,0.0,15048.54
287,1,111,3600.0,0.0
287,2,123,0.0,104.86
287,3,116,0.0,3495.15
288,1,111,3000.0,0.0
288,2,123,0.0,87.38
288,3,116,0.0,2912.62
289,1,140,12000.0,0.0
289,2,122,0.0,349.52
289,3,115,0.0,11650.49
290,1,140,5300.0,0.0
290,2,111,3700.0,0.0
290,3,122,0.0,262.14
290,4,115,0.0,8737.86
291,1,140,5200.0,0.0
291,2,123,0.0,151.46
291,3,116,0.0,5048.54
292,1,111,4600.0,0.0
292,2,123,0.0,133.98
292,3,116,0.0,4466.02
293,1,111,2100.0,0.0
293,2,150,0.0,0.01
293,3,122,0.0,61.16
293,4,115,0.0,2038.83
294,1,140,2900.0,0.0
294,2,122,0.0,84.46
294,3,115,0.0,2815.53
295,1,111,21000.0,0.0
295,2,122,0.0,611.66
295,3,115,0.0,20388.35
296,1,111,13200.0,0.0
296,2,122,0.0,384.46
296,3,115,0.0,12815.53
297,1,140,850.0,0.0
297,2,123,0.0,24.76
297,3,116,0.0,825.24
298,1,140,2200.0,0.0
298,2,123,0.0,64.08
298,3,116,0.0,2135.92
299,1,111,2500.0,0.0
299,2,123,0.0,72.82
299,3,116,0.0,2427.18
300,1,140,2700.0,0.0
300,2,123,0.0,78.64
309,1,111,13000.0,0.0
309,2,122,0.0,378.64
309,3,115,0.0,12621.36
310,1,111,1500.0,0.0
310,2,123,0.0,43.68
310,3,116,0.0,1456.31
311,1,140,4500.0,0.0
311,2,111,9000.0,0.0
311,3,122,0.0,393.2
311,4,115,0.0,13106.8
312,1,140,5000.0,0.0
312,2,111,120000.0,0.0
312,3,150,0.0,-0.01
312,4,122,0.0,3116.5
312,5,122,0.0,524.28
312,6,115,0.0,103883.5
312,7,115,0.0,17475.73
313,1,140,1900.0,0.0
313,2,123,0.0,55.34
313,3,116,0.0,1844.66
314,1,111,7500.0,0.0
314,2,122,0.0,218.44
314,3,115,0.0,7281.55
315,1,140,2000.0,0.0
315,2,123,0.0,58.26
315,3,116,0.0,1941.75
316,1,111,12200.0,0.0
316,2,122,0.0,355.34
316,3,115,0.0,11844.66
317,1,111,3700.0,0.0
317,2,122,0.0,107.76
317,3,115,0.0,3592.23
318,1,140,5600.0,0.0
318,2,111,5900.0,0.0
318,3,122,0.0,334.96
318,4,115,0.0,11165.05
319,1,111,24500.0,0.0
319,2,122,0.0,713.6
319,3,115,0.0,23786.41
320,1,111,18500.0,0.0
320,2,150,0.0,-0.01
320,3,122,0.0,538.84
320,4,115,0.0,17961.17
321,1,111,9000.0,0.0
321,2,122,0.0,262.14
321,3,115,0.0,8737.86
322,1,111,13000.0,0.0
322,2,122,0.0,378.64
322,3,115,0.0,12621.36
323,1,111,9200.0,0.0
323,2,122,0.0,267.96
323,3,115,0.0,8932.04
324,1,111,3300.0,0.0
324,2,123,0.0,96.12
324,3,116,0.0,3203.88
325,1,140,1190.0,0.0
325,2,123,0.0,34.66
325,3,116,0.0,1155.34
326,1,111,1800.0,0.0
326,2,123,0.0,52.42
326,3,116,0.0,1747.57
327,1,140,33100.0,0.0
327,2,122,0.0,372.82
327,3,122,0.0,480.58
327,4,123,0.0,110.68
327,5,115,0.0,12427.18
327,6,115,0.0,16019.42
327,7,116,0.0,3689.32
328,1,140,3000.0,0.0
328,2,123,0.0,87.38
328,3,116,0.0,2912.62
329,1,111,14800.0,0.0
329,2,122,0.0,431.06
329,3,115,0.0,14368.93
330,1,140,4000.0,0.0
330,2,111,19000.0,0.0
330,3,122,0.0,669.9
330,4,115,0.0,22330.1
331,1,140,3000.0,0.0
331,2,111,10000.0,0.0
331,3,122,0.0,378.64
331,4,115,0.0,12621.36
332,1,107,61500.0,0.0
332,2,122,0.0,713.6
332,3,122,0.0,401.94
332,4,122,0.0,675.72
332,5,115,0.0,23786.41
332,6,115,0.0,13398.06
332,7,115,0.0,22524.27
333,1,140,7000.0,0.0
333,2,111,3300.0,0.0
333,3,122,0.0,300.0
333,4,115,0.0,10000.0
334,1,140,3150.0,0.0
334,2,123,0.0,91.74
334,3,116,0.0,3058.25
335,1,140,14200.0,0.0
335,2,111,800.0,0.0
335,3,150,0.0,-0.01
335,4,122,0.0,436.9
269,3,116,0.0,3398.06
270,1,140,1700.0,0.0
270,2,123,0.0,49.52
270,3,116,0.0,1650.49
271,1,140,1000.0,0.0
271,2,123,0.0,29.12
271,3,116,0.0,970.87
335,5,115,0.0,14563.11
336,1,140,1100.0,0.0
336,2,123,0.0,32.04
336,3,116,0.0,1067.96
337,1,140,600.0,0.0
337,2,123,0.0,17.48
337,3,116,0.0,582.52
338,1,140,5400.0,0.0
338,2,111,1000.0,0.0
338,3,122,0.0,186.4
338,4,115,0.0,6213.59
339,1,140,1400.0,0.0
339,2,123,0.0,40.78
339,3,116,0.0,1359.22
340,1,140,11200.0,0.0
340,2,123,0.0,326.22
340,3,116,0.0,10873.79
341,1,140,600.0,0.0
341,2,123,0.0,17.48
341,3,116,0.0,582.52
342,1,140,21000.0,0.0
342,2,122,0.0,611.66
342,3,115,0.0,20388.35
343,1,140,4300.0,0.0
343,2,111,1500.0,0.0
343,3,122,0.0,168.94
343,4,115,0.0,5631.07
344,1,140,600.0,0.0
344,2,123,0.0,17.48
344,3,116,0.0,582.52
345,1,140,2200.0,0.0
345,2,123,0.0,64.08
345,3,116,0.0,2135.92
346,1,140,600.0,0.0
346,2,123,0.0,17.48
346,3,116,0.0,582.52
347,1,140,1050.0,0.0
347,2,123,0.0,30.58
347,3,116,0.0,1019.42
348,1,140,4250.0,0.0
348,2,122,0.0,123.78
348,3,115,0.0,4126.21
349,1,140,12200.0,0.0
349,2,122,0.0,355.34
349,3,115,0.0,11844.66
350,1,140,1000.0,0.0
350,2,123,0.0,29.12
350,3,116,0.0,970.87
351,1,140,550.0,0.0
351,2,123,0.0,16.02
351,3,116,0.0,533.98
352,1,140,4200.0,0.0
352,2,123,0.0,122.34
352,3,116,0.0,4077.67
353,1,140,600.0,0.0
353,2,123,0.0,17.48
353,3,116,0.0,582.52
354,1,140,850.0,0.0
354,2,123,0.0,24.76
354,3,116,0.0,825.24
355,1,140,27100.0,0.0
355,2,122,0.0,789.32
355,3,115,0.0,26310.68
356,1,140,13800.0,0.0
356,2,122,0.0,401.94
356,3,115,0.0,13398.06
357,1,140,600.0,0.0
357,2,123,0.0,17.48
357,3,116,0.0,582.52
358,1,140,1400.0,0.0
358,2,123,0.0,40.78
358,3,116,0.0,1359.22
359,1,140,600.0,0.0
359,2,123,0.0,17.48
359,3,116,0.0,582.52
360,1,140,1600.0,0.0
360,2,123,0.0,46.6
360,3,116,0.0,1553.4
361,1,140,4250.0,0.0
361,2,123,0.0,123.78
361,3,116,0.0,4126.21
362,1,140,27200.0,0.0
362,2,122,0.0,792.24
362,3,115,0.0,26407.77
363,1,140,1000.0,0.0
363,2,123,0.0,29.12
363,3,116,0.0,970.87
364,1,140,1750.0,0.0
364,2,150,0.0,-0.01
364,3,123,0.0,50.98
364,4,116,0.0,1699.03
365,1,140,8300.0,0.0
365,2,150,0.0,0.01
365,3,122,0.0,241.74
365,4,115,0.0,8058.25
366,1,140,2100.0,0.0
366,2,150,0.0,0.01
366,3,123,0.0,61.16
366,4,116,0.0,2038.83
367,1,140,2950.0,0.0
367,2,123,0.0,85.92
367,3,116,0.0,2864.08
368,1,140,300.0,0.0
368,2,123,0.0,8.74
368,3,116,0.0,291.26
369,1,140,8700.0,0.0
369,2,122,0.0,253.4
369,3,115,0.0,8446.6
370,1,140,300.0,0.0
370,2,123,0.0,8.74
370,3,116,0.0,291.26
371,1,140,1900.0,0.0
371,2,123,0.0,55.34
371,3,116,0.0,1844.66
372,1,140,2000.0,0.0
372,2,123,0.0,58.26
372,3,116,0.0,1941.75
373,1,111,5800.0,0.0
373,2,122,0.0,168.94
373,3,115,0.0,5631.07
374,1,111,50000.0,0.0
374,2,122,0.0,1456.32
374,3,115,0.0,48543.69
375,1,111,10700.0,0.0
375,2,150,0.0,-0.01
375,3,122,0.0,311.66
375,4,115,0.0,10388.35
376,1,111,21400.0,0.0
376,2,122,0.0,623.3
376,3,115,0.0,20776.7
377,1,111,10800.0,0.0
377,2,122,0.0,314.56
377,3,115,0.0,10485.44
378,1,111,4500.0,0.0
378,2,122,0.0,131.06
378,3,115,0.0,4368.93
379,1,111,50000.0,0.0
379,2,122,0.0,1456.32
379,3,115,0.0,48543.69
380,1,140,46000.0,0.0
380,2,111,7500.0,0.0
380,3,122,0.0,480.58
380,4,122,0.0,466.02
380,5,122,0.0,611.66
380,6,115,0.0,16019.42
380,7,115,0.0,15533.98
380,8,115,0.0,20388.35
381,1,140,3600.0,0.0
381,2,123,0.0,104.86
381,3,116,0.0,3495.15
382,1,140,8400.0,0.0
382,2,122,0.0,244.66
382,3,115,0.0,8155.34
383,1,140,14500.0,0.0
383,2,122,0.0,422.34
383,3,115,0.0,14077.67
384,1,140,16700.0,0.0
384,2,122,0.0,486.4
384,3,115,0.0,16213.59
385,1,140,7800.0,0.0
385,2,122,0.0,227.18
385,3,115,0.0,7572.82
386,1,140,600.0,0.0
386,2,123,0.0,17.48
386,3,116,0.0,582.52
387,1,140,2500.0,0.0
387,2,123,0.0,72.82
387,3,116,0.0,2427.18
388,1,140,6300.0,0.0
388,2,122,0.0,183.5
388,3,115,0.0,6116.5
389,1,140,8250.0,0.0
300,3,116,0.0,2621.36
301,1,129,62000.0,0.0
301,2,114,0.0,62000.0
302,1,140,77500.0,0.0
302,2,150,0.0,0.01
302,3,114,62000.0,0.0
302,4,122,0.0,4063.1
302,5,115,0.0,135436.89
303,1,140,70500.0,0.0
303,2,122,0.0,2053.4
303,3,115,0.0,68446.6
304,1,111,9400.0,0.0
304,2,122,0.0,273.78
304,3,115,0.0,9126.21
305,1,111,14000.0,0.0
305,2,122,0.0,407.76
305,3,115,0.0,13592.23
306,1,140,6900.0,0.0
306,2,122,0.0,200.98
306,3,115,0.0,6699.03
307,1,140,3500.0,0.0
307,2,123,0.0,101.94
307,3,116,0.0,3398.06
308,1,140,39000.0,0.0
308,2,111,68000.0,0.0
308,3,122,0.0,2169.9
308,4,122,0.0,946.6
308,5,115,0.0,72330.1
308,6,115,0.0,31553.4
389,2,122,0.0,240.3
389,3,115,0.0,8009.71
390,1,140,10250.0,0.0
390,2,122,0.0,298.54
390,3,115,0.0,9951.46
391,1,111,280.0,0.0
391,2,123,0.0,8.16
391,3,116,0.0,271.84
392,1,140,200.0,0.0
392,2,123,0.0,5.82
392,3,116,0.0,194.17
393,1,140,13500.0,0.0
393,2,122,0.0,393.2
393,3,115,0.0,13106.8
394,1,140,13300.0,0.0
394,2,122,0.0,387.38
394,3,115,0.0,12912.62
395,1,140,2500.0,0.0
395,2,122,0.0,72.82
395,3,115,0.0,2427.18
396,1,140,430.0,0.0
396,2,123,0.0,12.52
396,3,116,0.0,417.48
397,1,140,50000.0,0.0
397,2,122,0.0,1456.32
397,3,115,0.0,48543.69
398,1,140,1300.0,0.0
398,2,123,0.0,37.86
398,3,116,0.0,1262.14
399,1,140,2100.0,0.0
399,2,150,0.0,0.01
399,3,123,0.0,61.16
399,4,116,0.0,2038.83
400,1,111,16500.0,0.0
400,2,122,0.0,480.58
400,3,115,0.0,16019.42
401,1,111,14000.0,0.0
401,2,122,0.0,407.76
401,3,115,0.0,13592.23
402,1,111,18400.0,0.0
402,2,122,0.0,535.92
402,3,115,0.0,17864.08
403,1,111,18000.0,0.0
403,2,122,0.0,524.28
403,3,115,0.0,17475.73
404,1,111,16000.0,0.0
404,2,122,0.0,466.02
404,3,115,0.0,15533.98
405,1,140,1650.0,0.0
405,2,123,0.0,48.06
405,3,116,0.0,1601.94
406,1,140,51000.0,0.0
406,2,111,5000.0,0.0
406,3,122,0.0,1631.06
406,4,115,0.0,54368.93
407,1,140,13100.0,0.0
407,2,122,0.0,381.56
407,3,115,0.0,12718.45
408,1,111,18000.0,0.0
408,2,122,0.0,524.28
408,3,115,0.0,17475.73
409,1,111,50000.0,0.0
409,2,122,0.0,1456.32
409,3,115,0.0,48543.69
410,1,111,10000.0,0.0
410,2,122,0.0,291.26
410,3,115,0.0,9708.74
411,1,111,11000.0,0.0
411,2,122,0.0,320.38
411,3,115,0.0,10679.61
412,1,111,9000.0,0.0
412,2,122,0.0,262.14
412,3,115,0.0,8737.86
415,1,111,17000.0,0.0
415,2,122,0.0,495.14
415,3,115,0.0,16504.85
416,1,111,4800.0,0.0
416,2,150,0.0,0.01
416,3,122,0.0,139.8
416,4,115,0.0,4660.19
417,1,111,1900.0,0.0
417,2,122,0.0,55.34
417,3,115,0.0,1844.66
418,1,111,12600.0,0.0
418,2,122,0.0,367.0
418,3,115,0.0,12233.01
419,1,111,4200.0,0.0
419,2,122,0.0,122.34
419,3,115,0.0,4077.67
420,1,140,2100.0,0.0
420,2,150,0.0,0.01
420,3,123,0.0,61.16
420,4,116,0.0,2038.83
421,1,111,14500.0,0.0
421,2,122,0.0,422.34
421,3,115,0.0,14077.67
422,1,111,3000.0,0.0
422,2,123,0.0,87.38
422,3,116,0.0,2912.62
423,1,111,27000.0,0.0
423,2,122,0.0,786.4
423,3,115,0.0,26213.59
424,1,111,13000.0,0.0
424,2,122,0.0,378.64
424,3,115,0.0,12621.36
425,1,140,1540.0,0.0
425,2,123,0.0,44.86
425,3,116,0.0,1495.15
426,1,111,2800.0,0.0
426,2,123,0.0,81.56
426,3,116,0.0,2718.45
427,1,111,17100.0,0.0
427,2,122,0.0,498.06
427,3,115,0.0,16601.94
428,1,111,2750.0,0.0
428,2,122,0.0,80.1
428,3,115,0.0,2669.9
429,1,140,27000.0,0.0
429,2,111,48000.0,0.0
429,3,122,0.0,2184.46
429,4,115,0.0,72815.53
430,1,111,5000.0,0.0
430,2,122,0.0,145.64
430,3,115,0.0,4854.37
432,1,140,7200.0,0.0
432,2,122,0.0,209.7
432,3,115,0.0,6990.29
433,1,140,20000.0,0.0
433,2,122,0.0,582.52
433,3,115,0.0,19417.48
434,1,140,800.0,0.0
434,2,111,200.0,0.0
434,3,123,0.0,29.12
434,4,116,0.0,970.87
435,1,111,119500.0,0.0
435,2,122,0.0,597.08
435,3,122,0.0,486.4
435,4,122,0.0,384.46
435,5,122,0.0,570.88
435,6,122,0.0,1441.74
435,7,115,0.0,19902.91
435,8,115,0.0,16213.59
435,9,115,0.0,12815.53
435,10,115,0.0,19029.13
435,11,115,0.0,48058.25
436,1,140,14800.0,0.0
436,2,122,0.0,431.06
436,3,115,0.0,14368.93
437,1,140,1300.0,0.0
437,2,123,0.0,37.86
413,1,140,2800.0,0.0
413,2,150,0.0,-0.01
413,3,123,0.0,81.56
413,4,116,0.0,2718.45
414,1,140,1700.0,0.0
414,2,123,0.0,49.52
414,3,116,0.0,1650.49
431,1,111,18200.0,0.0
431,2,122,0.0,530.1
437,3,116,0.0,1262.14
438,1,140,1250.0,0.0
438,2,123,0.0,36.4
438,3,116,0.0,1213.59
439,1,111,16000.0,0.0
439,2,122,0.0,466.02
439,3,115,0.0,15533.98
440,1,111,7800.0,0.0
440,2,122,0.0,227.18
440,3,115,0.0,7572.82
441,1,140,2300.0,0.0
441,2,122,0.0,67.0
441,3,115,0.0,2233.01
442,1,140,5500.0,0.0
442,2,122,0.0,160.2
442,3,115,0.0,5339.81
443,1,111,4500.0,0.0
443,2,122,0.0,131.06
443,3,115,0.0,4368.93
444,1,140,30000.0,0.0
444,2,122,0.0,873.78
444,3,115,0.0,29126.21
445,1,111,12800.0,0.0
445,2,122,0.0,372.82
445,3,115,0.0,12427.18
446,1,111,5000.0,0.0
446,2,122,0.0,145.64
446,3,115,0.0,4854.37
447,1,111,8500.0,0.0
447,2,122,0.0,247.58
447,3,115,0.0,8252.43
448,1,111,4000.0,0.0
448,2,150,0.0,-0.01
448,3,122,0.0,116.5
448,4,115,0.0,3883.5
449,1,111,6200.0,0.0
449,2,122,0.0,180.58
449,3,115,0.0,6019.42
450,1,140,4650.0,0.0
450,2,111,3000.0,0.0
450,3,122,0.0,222.82
450,4,115,0.0,7427.18
451,1,111,3800.0,0.0
451,2,123,0.0,110.68
451,3,116,0.0,3689.32
452,1,111,13000.0,0.0
452,2,122,0.0,378.64
452,3,115,0.0,12621.36
453,1,140,3150.0,0.0
453,2,123,0.0,91.74
453,3,116,0.0,3058.25
454,1,140,5000.0,0.0
454,2,123,0.0,145.64
454,3,116,0.0,4854.37
455,1,140,8200.0,0.0
455,2,150,0.0,-0.01
455,3,122,0.0,238.84
455,4,115,0.0,7961.17
456,1,129,8800.0,0.0
456,2,114,0.0,8800.0
457,1,140,18000.0,0.0
457,2,114,8800.0,0.0
457,3,122,0.0,780.58
457,4,115,0.0,26019.42
458,1,140,5600.0,0.0
458,2,122,0.0,163.1
458,3,115,0.0,5436.89
459,1,140,10000.0,0.0
459,2,122,0.0,291.26
459,3,115,0.0,9708.74
460,1,140,5300.0,0.0
460,2,123,0.0,154.36
460,3,116,0.0,5145.63
461,1,140,5000.0,0.0
461,2,123,0.0,145.64
461,3,116,0.0,4854.37
462,1,140,3000.0,0.0
462,2,111,78000.0,0.0
462,3,122,0.0,2359.22
462,4,115,0.0,78640.78
463,1,140,1350.0,0.0
463,2,123,0.0,39.32
463,3,116,0.0,1310.68
464,1,140,3900.0,0.0
464,2,122,0.0,113.6
464,3,115,0.0,3786.41
465,1,140,40000.0,0.0
465,2,122,0.0,466.02
465,3,122,0.0,611.66
465,4,122,0.0,87.38
465,5,115,0.0,15533.98
465,6,115,0.0,20388.35
465,7,115,0.0,2912.62
466,1,111,21000.0,0.0
466,2,122,0.0,611.66
466,3,115,0.0,20388.35
467,1,140,11000.0,0.0
467,3,115,0.0,10679.61
468,1,140,2000.0,0.0
468,2,122,0.0,58.26
468,3,115,0.0,1941.75
469,1,140,2000.0,0.0
469,2,122,0.0,58.26
469,3,115,0.0,1941.75
470,1,111,7000.0,0.0
470,2,122,0.0,203.88
470,3,115,0.0,6796.12
471,1,111,8300.0,0.0
471,2,122,0.0,241.74
471,3,115,0.0,8058.25
472,1,140,2400.0,0.0
472,2,122,0.0,69.9
472,3,115,0.0,2330.1
473,1,140,4950.0,0.0
473,2,122,0.0,144.18
473,3,115,0.0,4805.83
474,1,111,2200.0,0.0
474,2,122,0.0,64.08
474,3,115,0.0,2135.92
725,1,140,11200.0,0.0
725,2,122,0.0,326.22
725,3,115,0.0,10873.79
726,1,140,15200.0,0.0
726,2,122,0.0,442.72
726,3,115,0.0,14757.28
477,1,140,10700.0,0.0
477,2,122,0.0,311.66
477,3,115,0.0,10388.35
727,1,140,9300.0,0.0
727,2,122,0.0,270.88
727,3,115,0.0,9029.13
728,1,111,20500.0,0.0
728,2,122,0.0,597.08
728,3,115,0.0,19902.91
729,1,140,3200.0,0.0
729,2,111,4000.0,0.0
729,3,150,0.0,0.21
729,4,122,0.0,209.7
481,1,111,93500.0,0.0
481,2,122,0.0,2723.3
481,3,115,0.0,90776.7
729,5,115,0.0,6990.09
730,1,140,1000.0,0.0
730,2,111,4500.0,0.0
730,3,150,0.0,-0.01
731,1,111,22500.0,0.0
731,2,122,0.0,655.34
731,3,115,0.0,21844.66
732,1,140,950.0,0.0
732,2,111,15500.0,0.0
485,1,111,6500.0,0.0
485,2,122,0.0,189.32
485,3,115,0.0,6310.68
486,1,111,13000.0,0.0
486,2,122,0.0,378.64
486,3,115,0.0,12621.36
487,1,111,13700.0,0.0
487,2,122,0.0,399.02
487,3,115,0.0,13300.97
488,1,111,19500.0,0.0
488,2,122,0.0,567.96
488,3,115,0.0,18932.04
489,1,111,3400.0,0.0
489,2,122,0.0,99.02
489,3,115,0.0,3300.97
490,1,111,10350.0,0.0
490,2,122,0.0,301.46
490,3,115,0.0,10048.54
732,3,150,0.0,-0.08
733,1,111,14000.0,0.0
431,3,115,0.0,17669.9
467,2,122,0.0,320.38
730,4,122,0.0,160.2
492,1,140,2000.0,0.0
492,2,123,0.0,58.26
492,3,116,0.0,1941.75
730,5,115,0.0,5339.81
732,4,122,0.0,479.12
732,5,115,0.0,15970.95
494,1,140,9200.0,0.0
494,2,122,0.0,267.96
494,3,115,0.0,8932.04
495,1,140,6400.0,0.0
495,2,122,0.0,186.4
495,3,115,0.0,6213.59
734,1,111,10100.0,0.0
734,2,122,0.0,294.18
734,3,115,0.0,9805.83
497,1,140,62500.0,0.0
497,2,122,0.0,1820.38
497,3,115,0.0,60679.61
498,1,140,1000.0,0.0
498,2,123,0.0,29.12
498,3,116,0.0,970.87
499,1,140,25000.0,0.0
499,2,111,2500.0,0.0
499,3,122,0.0,800.98
499,4,115,0.0,26699.03
500,1,140,7000.0,0.0
500,2,122,0.0,203.88
500,3,115,0.0,6796.12
501,1,111,6300.0,0.0
501,2,122,0.0,183.5
501,3,115,0.0,6116.5
502,1,111,2800.0,0.0
502,2,123,0.0,81.56
502,3,116,0.0,2718.45
503,1,140,16500.0,0.0
503,2,111,2100.0,0.0
503,3,122,0.0,541.74
503,4,115,0.0,18058.25
504,1,140,1000.0,0.0
504,2,123,0.0,29.12
504,3,116,0.0,970.87
505,1,140,2000.0,0.0
505,2,123,0.0,58.26
505,3,116,0.0,1941.75
506,1,140,118350.0,0.0
506,2,150,0.0,-0.41
506,3,122,0.0,2082.52
506,4,122,0.0,353.9
506,5,122,0.0,1010.68
506,6,115,0.0,69417.48
506,7,115,0.0,11796.51
506,8,115,0.0,33689.32
507,1,140,2000.0,0.0
507,2,122,0.0,58.26
507,3,115,0.0,1941.75
508,1,140,10750.0,0.0
508,2,122,0.0,250.48
509,1,140,3530.0,0.0
509,2,122,0.0,102.82
509,3,115,0.0,3427.18
510,1,140,2000.0,0.0
510,2,123,0.0,58.26
510,3,116,0.0,1941.75
511,1,111,5500.0,0.0
511,2,123,0.0,160.2
511,3,116,0.0,5339.81
512,1,140,4000.0,0.0
512,2,122,0.0,58.26
512,3,122,0.0,58.26
512,4,115,0.0,1941.75
512,5,115,0.0,1941.75
513,1,140,5000.0,0.0
513,2,111,9500.0,0.0
513,3,150,0.0,-0.01
514,1,111,42000.0,0.0
514,2,122,0.0,1223.3
514,3,115,0.0,40776.7
513,4,122,0.0,422.34
513,5,115,0.0,14077.67
515,1,140,48500.0,0.0
515,2,122,0.0,466.02
515,3,122,0.0,946.6
515,4,115,0.0,15533.98
515,5,115,0.0,31553.4
516,1,111,900.0,0.0
516,2,123,0.0,26.22
516,3,116,0.0,873.79
517,1,140,3000.0,0.0
517,2,123,0.0,87.38
517,3,116,0.0,2912.62
518,1,111,16800.0,0.0
518,2,122,0.0,489.32
518,3,115,0.0,16310.68
519,1,140,4800.0,0.0
519,2,150,0.0,0.01
519,3,122,0.0,139.8
520,1,140,19000.0,0.0
520,2,122,0.0,553.4
520,3,115,0.0,18446.6
521,1,140,8900.0,0.0
521,2,123,0.0,259.22
521,3,116,0.0,8640.78
522,1,140,10000.0,0.0
522,2,122,0.0,291.26
522,3,115,0.0,9708.74
519,4,115,0.0,4660.19
523,1,140,1240.0,0.0
523,2,123,0.0,36.12
523,3,116,0.0,1203.88
524,1,111,20000.0,0.0
524,2,122,0.0,582.52
524,3,115,0.0,19417.48
525,1,111,10500.0,0.0
525,2,122,0.0,305.82
525,3,115,0.0,10194.17
526,1,140,2150.0,0.0
526,2,111,14700.0,0.0
526,3,122,0.0,490.78
526,4,115,0.0,16359.22
527,1,111,10000.0,0.0
527,2,122,0.0,291.26
527,3,115,0.0,9708.74
528,1,111,2000.0,0.0
528,2,123,0.0,58.26
528,3,116,0.0,1941.75
529,1,140,6600.0,0.0
529,2,111,500.0,0.0
529,3,122,0.0,206.8
529,4,115,0.0,6893.2
530,1,111,4500.0,0.0
530,2,122,0.0,131.06
530,3,115,0.0,4368.93
531,1,111,29000.0,0.0
531,2,122,0.0,547.58
531,3,122,0.0,297.08
531,4,115,0.0,18252.43
531,5,115,0.0,9902.91
532,1,140,2900.0,0.0
532,2,150,0.0,0.01
532,3,123,0.0,84.46
533,1,140,2000.0,0.0
533,2,123,0.0,58.26
533,3,116,0.0,1941.75
532,4,116,0.0,2815.53
534,1,140,9500.0,0.0
534,2,150,0.0,-0.39
534,3,122,0.0,238.84
534,4,123,0.0,37.86
534,5,115,0.0,7961.54
534,6,116,0.0,1262.14
535,1,140,1600.0,0.0
535,2,123,0.0,46.6
535,3,116,0.0,1553.4
536,1,140,800.0,0.0
536,2,123,0.0,23.3
536,3,116,0.0,776.7
537,1,140,5000.0,0.0
537,2,123,0.0,145.64
537,3,116,0.0,4854.37
538,1,140,2250.0,0.0
538,2,123,0.0,65.54
538,3,116,0.0,2184.47
539,1,140,50000.0,0.0
539,2,111,10000.0,0.0
539,3,122,0.0,1747.58
539,4,115,0.0,58252.43
540,1,111,8000.0,0.0
540,2,122,0.0,233.0
540,3,115,0.0,7766.99
541,3,116,0.0,2281.55
542,1,111,3000.0,0.0
542,2,123,0.0,87.38
542,3,116,0.0,2912.62
543,1,140,2000.0,0.0
543,2,123,0.0,58.26
543,3,116,0.0,1941.75
508,3,122,0.0,62.62
508,4,115,0.0,8349.51
508,5,115,0.0,2087.38
541,1,140,2350.0,0.0
541,2,123,0.0,68.44
549,1,107,100000.0,0.0
549,2,122,0.0,2912.62
549,3,115,0.0,97087.38
550,1,140,20000.0,0.0
550,2,122,0.0,582.52
550,3,115,0.0,19417.48
551,1,140,10100.0,0.0
551,2,122,0.0,294.18
551,3,115,0.0,9805.83
552,1,140,22800.0,0.0
552,2,111,2000.0,0.0
552,3,122,0.0,722.34
552,4,115,0.0,24077.67
553,1,111,2010.0,0.0
553,2,150,0.0,-0.26
553,3,122,0.0,58.56
554,1,140,25500.0,0.0
554,2,122,0.0,407.76
554,3,122,0.0,267.96
554,4,123,0.0,67.0
554,5,115,0.0,13592.23
554,6,115,0.0,8932.04
554,7,116,0.0,2233.01
555,1,111,27500.0,0.0
555,2,122,0.0,800.98
555,3,115,0.0,26699.03
556,1,111,8500.0,0.0
556,2,123,0.0,247.58
556,3,116,0.0,8252.43
557,1,140,470.0,0.0
557,2,123,0.0,13.68
557,3,116,0.0,456.31
558,1,111,59000.0,0.0
558,2,122,0.0,1718.44
558,3,115,0.0,57281.55
559,1,111,15800.0,0.0
559,2,122,0.0,460.2
559,3,115,0.0,15339.81
560,1,111,18000.0,0.0
560,2,122,0.0,524.28
560,3,115,0.0,17475.73
561,1,111,3500.0,0.0
561,2,123,0.0,101.94
561,3,116,0.0,3398.06
562,1,140,15500.0,0.0
562,2,122,0.0,320.38
562,3,122,0.0,87.38
562,4,123,0.0,43.68
562,5,115,0.0,10679.61
562,6,115,0.0,2912.62
562,7,116,0.0,1456.31
563,1,140,5000.0,0.0
563,2,111,1500.0,0.0
563,3,122,0.0,189.32
563,4,115,0.0,6310.68
564,1,140,6700.0,0.0
564,2,122,0.0,195.14
564,3,115,0.0,6504.85
565,1,111,12300.0,0.0
565,2,122,0.0,358.26
565,3,115,0.0,11941.75
566,1,140,21700.0,0.0
566,2,122,0.0,400.48
566,3,122,0.0,231.56
566,4,115,0.0,13349.51
566,5,115,0.0,7718.45
567,1,140,6600.0,0.0
567,2,123,0.0,192.24
567,3,116,0.0,6407.77
568,1,111,1850.0,0.0
568,2,122,0.0,53.88
568,3,115,0.0,1796.12
569,1,111,24500.0,0.0
569,2,150,0.0,-0.01
569,3,122,0.0,713.6
569,4,115,0.0,23786.41
570,1,111,22000.0,0.0
570,2,122,0.0,640.78
570,3,115,0.0,21359.22
571,1,111,13800.0,0.0
571,2,122,0.0,401.94
571,3,115,0.0,13398.06
572,1,140,2100.0,0.0
572,2,150,0.0,0.01
572,3,123,0.0,61.16
572,4,116,0.0,2038.83
573,1,140,53800.0,0.0
573,2,122,0.0,1567.0
573,3,115,0.0,52233.01
574,1,111,20000.0,0.0
574,2,122,0.0,582.52
574,3,115,0.0,19417.48
575,1,140,1130.0,0.0
575,3,116,0.0,1097.09
576,1,140,7300.0,0.0
576,2,122,0.0,212.62
576,3,115,0.0,7087.38
577,1,140,400.0,0.0
577,2,123,0.0,11.66
577,3,116,0.0,388.35
578,1,111,17500.0,0.0
578,2,122,0.0,509.7
578,3,115,0.0,16990.29
579,1,111,21500.0,0.0
579,2,122,0.0,626.22
579,3,115,0.0,20873.79
580,1,111,4150.0,0.0
580,2,122,0.0,120.88
580,3,115,0.0,4029.13
581,1,140,30300.0,0.0
581,2,122,0.0,678.64
581,3,123,0.0,203.88
581,4,115,0.0,22621.36
581,5,116,0.0,6796.12
582,1,140,550.0,0.0
582,2,123,0.0,16.02
582,3,116,0.0,533.98
583,1,111,14500.0,0.0
583,2,122,0.0,422.34
583,3,115,0.0,14077.67
584,1,111,10700.0,0.0
584,2,122,0.0,311.66
584,3,115,0.0,10388.35
585,1,140,2000.0,0.0
585,2,123,0.0,58.26
585,3,116,0.0,1941.75
586,1,140,1850.0,0.0
586,2,123,0.0,53.88
586,3,116,0.0,1796.12
587,1,111,18000.0,0.0
587,2,122,0.0,524.28
587,3,115,0.0,17475.73
588,1,111,69000.0,0.0
588,2,122,0.0,2009.7
588,3,115,0.0,66990.29
589,1,111,14500.0,0.0
589,2,122,0.0,422.34
589,3,115,0.0,14077.67
590,1,111,14500.0,0.0
590,2,122,0.0,422.34
590,3,115,0.0,14077.67
591,1,140,4500.0,0.0
591,2,111,3000.0,0.0
591,3,122,0.0,218.44
591,4,115,0.0,7281.55
592,1,111,14500.0,0.0
592,3,115,0.0,14077.67
593,1,140,10000.0,0.0
593,2,122,0.0,291.26
593,3,115,0.0,9708.74
594,1,111,3700.0,0.0
594,2,123,0.0,107.76
594,3,116,0.0,3592.23
595,1,140,10400.0,0.0
595,2,111,3000.0,0.0
595,3,150,0.0,-0.21
595,4,122,0.0,390.3
595,5,115,0.0,13009.91
596,1,111,7000.0,0.0
596,2,122,0.0,203.88
596,3,115,0.0,6796.12
597,1,111,6000.0,0.0
597,2,122,0.0,174.76
597,3,115,0.0,5825.24
598,1,111,10500.0,0.0
598,2,122,0.0,305.82
598,3,115,0.0,10194.17
599,1,111,10800.0,0.0
599,2,122,0.0,314.56
599,3,115,0.0,10485.44
600,1,111,6000.0,0.0
600,2,122,0.0,174.76
600,3,115,0.0,5825.24
601,1,111,33800.0,0.0
544,1,140,1000.0,0.0
544,2,123,0.0,29.12
544,3,116,0.0,970.87
545,1,111,37500.0,0.0
545,2,122,0.0,1092.24
545,3,115,0.0,36407.77
546,1,140,540.0,0.0
546,2,123,0.0,15.72
546,3,116,0.0,524.27
547,1,111,7000.0,0.0
547,2,122,0.0,203.88
547,3,115,0.0,6796.12
548,1,140,3800.0,0.0
548,2,122,0.0,110.68
548,3,115,0.0,3689.32
575,2,123,0.0,32.92
592,2,122,0.0,422.34
601,2,122,0.0,984.46
601,3,115,0.0,32815.53
602,1,140,7600.0,0.0
602,2,111,400.0,0.0
602,3,122,0.0,233.0
602,4,115,0.0,7766.99
603,1,140,1950.0,0.0
603,2,123,0.0,56.8
603,3,116,0.0,1893.2
604,1,111,13600.0,0.0
604,2,122,0.0,396.12
604,3,115,0.0,13203.88
605,1,111,18000.0,0.0
605,2,122,0.0,524.28
605,3,115,0.0,17475.73
606,1,111,8400.0,0.0
606,2,122,0.0,244.66
606,3,115,0.0,8155.34
607,1,111,26000.0,0.0
607,2,122,0.0,757.28
607,3,115,0.0,25242.72
611,1,140,49900.0,0.0
611,2,122,0.0,1453.4
611,3,115,0.0,48446.6
612,1,111,2200.0,0.0
612,2,122,0.0,64.08
612,3,115,0.0,2135.92
613,1,140,9000.0,0.0
613,2,122,0.0,262.14
613,3,115,0.0,8737.86
614,1,140,4000.0,0.0
614,2,111,16000.0,0.0
614,3,123,0.0,116.5
614,4,122,0.0,466.02
614,5,116,0.0,3883.5
614,6,115,0.0,15533.98
615,1,111,14000.0,0.0
615,2,122,0.0,407.76
615,3,115,0.0,13592.23
616,1,111,8000.0,0.0
616,2,122,0.0,233.0
616,3,115,0.0,7766.99
617,1,111,27000.0,0.0
617,2,107,50000.0,0.0
617,3,122,0.0,2242.72
617,4,115,0.0,74757.28
618,1,140,65000.0,0.0
618,2,111,23000.0,0.0
618,3,122,0.0,2563.1
618,4,115,0.0,85436.89
619,1,111,17200.0,0.0
619,2,122,0.0,500.98
619,3,115,0.0,16699.03
620,1,111,9000.0,0.0
620,2,122,0.0,262.14
620,3,115,0.0,8737.86
621,1,111,19000.0,0.0
621,2,122,0.0,553.4
621,3,115,0.0,18446.6
622,1,111,8200.0,0.0
622,2,150,0.0,-0.01
622,3,122,0.0,238.84
622,4,115,0.0,7961.17
623,1,111,12000.0,0.0
623,2,122,0.0,349.52
623,3,115,0.0,11650.49
624,1,111,19500.0,0.0
624,2,122,0.0,567.96
624,3,115,0.0,18932.04
625,1,140,5000.0,0.0
625,2,111,9000.0,0.0
625,3,122,0.0,407.76
625,4,115,0.0,13592.23
626,1,111,15500.0,0.0
626,2,122,0.0,451.46
626,3,115,0.0,15048.54
627,1,111,5000.0,0.0
627,2,122,0.0,145.64
627,3,115,0.0,4854.37
628,1,111,8200.0,0.0
628,2,150,0.0,-0.01
628,3,122,0.0,238.84
628,4,115,0.0,7961.17
629,1,140,21000.0,0.0
629,2,111,1000.0,0.0
629,3,122,0.0,640.78
629,4,115,0.0,21359.22
630,1,140,11700.0,0.0
630,2,111,2000.0,0.0
630,3,122,0.0,399.02
630,4,115,0.0,13300.97
631,1,140,1500.0,0.0
631,2,111,700.0,0.0
631,3,122,0.0,64.08
631,4,115,0.0,2135.92
632,1,140,1000.0,0.0
632,2,123,0.0,29.12
632,3,116,0.0,970.87
633,1,140,8000.0,0.0
633,2,122,0.0,233.0
633,3,115,0.0,7766.99
634,1,111,7000.0,0.0
634,2,122,0.0,203.88
634,3,115,0.0,6796.12
635,1,140,3800.0,0.0
635,2,123,0.0,110.68
635,3,116,0.0,3689.32
636,1,140,4100.0,0.0
636,2,123,0.0,119.42
636,3,116,0.0,3980.58
637,1,111,4000.0,0.0
637,2,150,0.0,-0.01
637,3,123,0.0,116.5
637,4,116,0.0,3883.5
638,1,140,12400.0,0.0
638,2,150,0.0,0.01
638,3,122,0.0,361.16
638,4,115,0.0,12038.83
639,1,111,22500.0,0.0
639,2,122,0.0,655.34
639,3,115,0.0,21844.66
640,1,111,4500.0,0.0
640,2,122,0.0,131.06
640,3,115,0.0,4368.93
641,1,111,9000.0,0.0
641,2,122,0.0,262.14
641,3,115,0.0,8737.86
642,1,140,3300.0,0.0
642,2,111,11700.0,0.0
642,3,122,0.0,436.9
642,4,115,0.0,14563.11
643,1,140,13000.0,0.0
643,2,122,0.0,189.32
643,3,123,0.0,189.32
643,4,115,0.0,6310.68
643,5,116,0.0,6310.68
644,1,140,10000.0,0.0
644,2,111,5300.0,0.0
644,3,122,0.0,445.64
644,4,115,0.0,14854.37
645,1,111,22000.0,0.0
645,2,122,0.0,640.78
645,3,115,0.0,21359.22
646,1,111,12000.0,0.0
646,2,122,0.0,349.52
646,3,115,0.0,11650.49
647,1,111,16500.0,0.0
647,2,122,0.0,480.58
647,3,115,0.0,16019.42
648,1,111,1800.0,0.0
648,2,122,0.0,52.42
648,3,115,0.0,1747.57
649,1,111,16500.0,0.0
649,2,122,0.0,480.58
649,3,115,0.0,16019.42
650,1,111,164000.0,0.0
650,2,122,0.0,4776.7
650,3,115,0.0,159223.3
651,1,111,179000.0,0.0
651,2,122,0.0,5213.6
651,3,115,0.0,173786.41
652,1,140,5200.0,0.0
608,1,140,8000.0,0.0
608,2,111,12000.0,0.0
608,3,122,0.0,582.52
608,4,115,0.0,19417.48
609,1,140,1500.0,0.0
609,2,123,0.0,43.68
609,3,116,0.0,1456.31
610,1,140,4000.0,0.0
610,2,150,0.0,-0.01
610,3,122,0.0,116.5
610,4,115,0.0,3883.5
652,2,122,0.0,151.46
652,3,115,0.0,5048.54
653,1,111,8000.0,0.0
653,2,122,0.0,233.0
653,3,115,0.0,7766.99
654,1,140,1250.0,0.0
654,2,111,6000.0,0.0
654,3,150,0.0,0.01
654,4,122,0.0,211.16
654,5,115,0.0,7038.83
655,1,140,4000.0,0.0
655,2,111,23500.0,0.0
655,3,150,0.0,-0.01
655,4,122,0.0,800.98
655,5,115,0.0,26699.03
656,1,111,14500.0,0.0
656,2,122,0.0,422.34
656,3,115,0.0,14077.67
657,1,111,49000.0,0.0
657,2,122,0.0,1427.18
657,3,115,0.0,47572.82
658,1,140,2800.0,0.0
658,2,111,9200.0,0.0
658,3,150,0.0,-0.01
658,4,122,0.0,349.52
658,5,115,0.0,11650.49
659,1,140,36000.0,0.0
659,2,150,0.0,0.22
659,3,122,0.0,844.66
659,4,122,0.0,203.88
659,5,115,0.0,28155.13
659,6,115,0.0,6796.12
660,1,111,11500.0,0.0
660,2,122,0.0,334.96
660,3,115,0.0,11165.05
661,1,140,81500.0,0.0
661,2,111,70000.0,0.0
662,1,111,4000.0,0.0
662,2,123,0.0,116.5
662,3,116,0.0,3883.5
663,1,111,1200.0,0.0
663,2,123,0.0,34.96
663,3,116,0.0,1165.05
664,1,140,45000.0,0.0
664,2,111,10000.0,0.0
664,3,122,0.0,1601.94
664,4,115,0.0,53398.06
665,1,140,3450.0,0.0
665,2,111,4000.0,0.0
665,3,122,0.0,217.0
665,4,115,0.0,7233.01
666,1,140,6000.0,0.0
666,2,111,3000.0,0.0
666,3,122,0.0,262.14
666,4,115,0.0,8737.86
667,1,111,2200.0,0.0
667,2,122,0.0,64.08
667,3,115,0.0,2135.92
668,1,111,11000.0,0.0
668,2,122,0.0,320.38
668,3,115,0.0,10679.61
669,1,111,12500.0,0.0
669,2,122,0.0,364.08
669,3,115,0.0,12135.92
670,1,111,12000.0,0.0
670,2,122,0.0,349.52
670,3,115,0.0,11650.49
671,1,140,43000.0,0.0
671,2,122,0.0,378.64
671,3,122,0.0,393.2
671,4,122,0.0,480.58
671,5,115,0.0,12621.36
671,6,115,0.0,13106.8
671,7,115,0.0,16019.42
672,1,140,3000.0,0.0
672,2,123,0.0,87.38
672,3,116,0.0,2912.62
673,1,140,70000.0,0.0
673,2,122,0.0,203.88
673,3,122,0.0,1834.96
673,4,115,0.0,6796.12
673,5,115,0.0,61165.05
674,1,140,2500.0,0.0
674,2,111,4000.0,0.0
674,3,122,0.0,189.32
674,4,115,0.0,6310.68
675,1,140,2100.0,0.0
675,2,150,0.0,0.01
675,3,123,0.0,61.16
675,4,116,0.0,2038.83
676,1,111,10800.0,0.0
676,2,122,0.0,314.56
676,3,115,0.0,10485.44
677,1,111,3500.0,0.0
677,2,123,0.0,101.94
677,3,116,0.0,3398.06
678,1,111,4400.0,0.0
678,2,122,0.0,128.16
678,3,115,0.0,4271.84
679,1,111,4000.0,0.0
679,2,150,0.0,-0.01
679,3,123,0.0,116.5
679,4,116,0.0,3883.5
680,1,111,39400.0,0.0
680,2,122,0.0,1147.58
680,3,115,0.0,38252.43
681,1,140,1000.0,0.0
681,2,111,3500.0,0.0
681,3,122,0.0,131.06
681,4,115,0.0,4368.93
682,1,140,28350.0,0.0
682,2,122,0.0,825.72
682,3,115,0.0,27524.27
683,1,140,600.0,0.0
683,2,111,3000.0,0.0
683,3,123,0.0,104.86
683,4,116,0.0,3495.15
684,1,111,115000.0,0.0
684,2,122,0.0,3349.52
684,3,115,0.0,111650.49
685,1,140,8000.0,0.0
685,2,111,161500.0,0.0
685,3,122,0.0,3378.64
685,4,122,0.0,1048.54
685,5,122,0.0,509.7
685,6,115,0.0,112621.36
685,7,115,0.0,34951.46
685,8,115,0.0,16990.29
686,1,140,1260.0,0.0
686,2,123,0.0,36.7
686,3,116,0.0,1223.3
687,1,140,5000.0,0.0
687,2,123,0.0,145.64
687,3,116,0.0,4854.37
688,1,140,40000.0,0.0
688,2,122,0.0,728.16
688,3,122,0.0,436.9
688,4,115,0.0,24271.84
688,5,115,0.0,14563.11
689,1,140,16000.0,0.0
689,2,122,0.0,466.02
689,3,115,0.0,15533.98
690,1,111,32000.0,0.0
690,2,122,0.0,932.04
690,3,115,0.0,31067.96
691,1,140,33700.0,0.0
691,2,150,0.0,0.45
691,3,122,0.0,500.96
691,4,122,0.0,480.58
691,5,115,0.0,16698.94
691,6,115,0.0,16019.07
693,1,140,47000.0,0.0
693,2,122,0.0,1077.66
693,3,122,0.0,291.26
693,4,115,0.0,35922.33
693,5,115,0.0,9708.74
694,1,140,1900.0,0.0
694,2,123,0.0,55.34
694,3,116,0.0,1844.66
695,1,140,13000.0,0.0
695,2,122,0.0,378.64
695,3,115,0.0,12621.36
696,1,140,1000.0,0.0
696,2,123,0.0,29.12
696,3,116,0.0,970.87
697,1,111,970.0,0.0
697,2,122,0.0,28.26
697,3,115,0.0,941.75
661,3,122,0.0,4412.62
661,4,115,0.0,147087.38
698,1,140,3000.0,0.0
698,2,122,0.0,87.38
698,3,115,0.0,2912.62
699,1,111,16200.0,0.0
699,2,150,0.0,0.19
699,3,122,0.0,243.2
699,4,122,0.0,228.64
699,5,115,0.0,8106.61
699,6,115,0.0,7621.36
700,1,111,1400.0,0.0
700,2,123,0.0,40.78
700,3,116,0.0,1359.22
701,1,111,62000.0,0.0
701,2,122,0.0,1805.82
701,3,115,0.0,60194.17
702,1,111,120000.0,0.0
702,2,122,0.0,3495.14
702,3,115,0.0,116504.85
703,1,111,30000.0,0.0
703,2,122,0.0,873.78
703,3,115,0.0,29126.21
704,1,111,24000.0,0.0
704,2,122,0.0,699.02
704,3,115,0.0,23300.97
705,1,111,4800.0,0.0
705,2,122,0.0,139.8
705,3,115,0.0,4660.19
706,1,111,800.0,0.0
706,2,150,0.0,0.04
706,3,122,0.0,-1415.5
706,4,122,0.0,932.0
706,5,122,0.0,506.8
706,6,115,0.0,-47183.53
706,7,115,0.0,31066.99
706,8,115,0.0,16893.2
707,1,111,50800.0,0.0
707,2,122,0.0,937.86
707,3,122,0.0,541.74
707,4,115,0.0,31262.14
707,5,115,0.0,18058.25
708,1,140,8000.0,0.0
708,2,111,7500.0,0.0
708,3,122,0.0,451.46
708,4,115,0.0,15048.54
709,1,140,800.0,0.0
709,2,123,0.0,23.3
709,3,116,0.0,776.7
710,1,140,3000.0,0.0
710,2,123,0.0,87.38
710,3,116,0.0,2912.62
711,1,111,11000.0,0.0
711,2,122,0.0,320.38
711,3,115,0.0,10679.61
712,1,111,14300.0,0.0
712,2,150,0.0,-0.01
712,3,122,0.0,416.5
712,4,115,0.0,13883.5
713,1,111,17000.0,0.0
713,2,122,0.0,495.14
714,1,140,800.0,0.0
714,2,123,0.0,23.3
714,3,116,0.0,776.7
715,1,111,6500.0,0.0
715,2,122,0.0,189.32
715,3,115,0.0,6310.68
716,1,111,9500.0,0.0
716,2,122,0.0,276.7
716,3,115,0.0,9223.3
717,1,111,23000.0,0.0
717,2,122,0.0,145.64
717,3,122,0.0,276.7
717,4,122,0.0,247.58
717,5,115,0.0,4854.37
717,6,115,0.0,9223.3
717,7,115,0.0,8252.43
718,1,111,24200.0,0.0
718,2,122,0.0,267.96
718,3,122,0.0,436.9
718,4,115,0.0,8932.04
718,5,115,0.0,14563.11
719,1,111,14800.0,0.0
719,2,122,0.0,431.06
719,3,115,0.0,14368.93
720,1,111,9000.0,0.0
720,2,122,0.0,262.14
720,3,115,0.0,8737.86
721,1,140,15000.0,0.0
721,2,122,0.0,407.76
721,3,123,0.0,29.12
721,4,115,0.0,13592.23
721,5,116,0.0,970.87
722,1,140,3900.0,0.0
722,2,111,600.0,0.0
722,3,122,0.0,131.06
722,4,115,0.0,4368.93
723,1,111,10800.0,0.0
723,3,115,0.0,10485.44
553,4,115,0.0,1951.71
724,1,140,2400.0,0.0
724,2,122,0.0,69.9
724,3,115,0.0,2330.1
484,1,111,21000.0,0.0
484,2,123,0.0,611.66
484,3,116,0.0,20388.35
491,1,111,9000.0,0.0
491,2,150,0.0,0.25
491,3,123,0.0,262.12
491,4,116,0.0,8737.62
493,1,111,7000.0,0.0
493,2,123,0.0,203.88
493,3,116,0.0,6796.12
496,1,111,12500.0,0.0
496,2,123,0.0,364.08
496,3,116,0.0,12135.92
482,1,111,15000.0,0.0
482,2,123,0.0,436.9
482,3,116,0.0,14563.11
480,1,111,10000.0,0.0
480,2,150,0.0,-0.34
480,3,123,0.0,291.28
480,4,116,0.0,9709.07
479,1,111,14500.0,0.0
479,2,123,0.0,422.34
479,3,116,0.0,14077.67
478,1,111,35200.0,0.0
478,2,122,0.0,1025.24
478,3,115,0.0,34174.76
476,1,111,15200.0,0.0
476,2,123,0.0,442.72
476,3,116,0.0,14757.28
475,1,111,53100.0,0.0
475,2,122,0.0,1546.6
475,3,115,0.0,51553.4
483,1,111,16950.0,0.0
483,2,150,0.0,-0.01
483,3,122,0.0,493.68
483,4,115,0.0,16456.32
733,2,122,0.0,407.76
735,1,111,30000.0,0.0
735,2,122,0.0,873.78
735,3,115,0.0,29126.21
736,1,140,3300.0,0.0
736,2,122,0.0,96.12
736,3,115,0.0,3203.88
737,1,140,900.0,0.0
737,2,123,0.0,26.22
737,3,116,0.0,873.79
738,1,140,6600.0,0.0
738,2,122,0.0,192.24
738,3,115,0.0,6407.77
739,1,140,1300.0,0.0
739,2,123,0.0,37.86
739,3,116,0.0,1262.14
740,1,140,22000.0,0.0
740,2,122,0.0,640.78
740,3,115,0.0,21359.22
741,1,140,11400.0,0.0
741,2,122,0.0,332.04
741,3,115,0.0,11067.96
742,1,111,14400.0,0.0
742,2,122,0.0,419.42
742,3,115,0.0,13980.58
743,1,140,6400.0,0.0
743,2,122,0.0,186.4
743,3,115,0.0,6213.59
744,1,140,1150.0,0.0
744,2,111,15000.0,0.0
744,3,150,0.0,0.01
744,4,122,0.0,470.38
744,5,115,0.0,15679.61
745,1,140,3330.0,0.0
745,2,123,0.0,97.0
745,3,116,0.0,3233.01
746,1,140,5000.0,0.0
746,2,111,200.0,0.0
746,3,122,0.0,151.46
746,4,115,0.0,5048.54
713,3,115,0.0,16504.85
723,2,122,0.0,314.56
733,3,115,0.0,13592.23
747,1,140,19000.0,0.0
747,2,111,5000.0,0.0
747,3,122,0.0,699.02
747,4,115,0.0,23300.97
748,1,140,5000.0,0.0
748,2,111,11800.0,0.0
748,3,122,0.0,489.32
748,4,115,0.0,16310.68
749,1,111,13700.0,0.0
749,2,122,0.0,399.02
749,3,115,0.0,13300.97
750,1,111,17500.0,0.0
750,2,122,0.0,509.7
750,3,115,0.0,16990.29
751,1,140,47600.0,0.0
751,2,122,0.0,1386.4
751,3,115,0.0,46213.59
752,1,140,2500.0,0.0
752,2,123,0.0,72.82
752,3,116,0.0,2427.18
753,1,111,6100.0,0.0
753,2,122,0.0,177.66
753,3,115,0.0,5922.33
754,1,111,5500.0,0.0
754,2,123,0.0,160.2
754,3,116,0.0,5339.81
755,1,140,31000.0,0.0
755,2,122,0.0,713.6
755,3,123,0.0,189.32
755,4,115,0.0,23786.41
755,5,116,0.0,6310.68
756,1,111,16000.0,0.0
756,2,123,0.0,174.76
756,3,123,0.0,291.26
756,4,116,0.0,5825.24
756,5,116,0.0,9708.74
757,1,111,114500.0,0.0
757,2,122,0.0,2809.22
757,3,122,0.0,525.72
757,4,115,0.0,93640.78
757,5,115,0.0,17524.27
758,1,111,172100.0,0.0
758,2,122,0.0,4121.36
758,3,122,0.0,891.26
758,4,115,0.0,137378.64
758,5,115,0.0,29708.74
759,1,111,92400.0,0.0
759,2,122,0.0,1660.2
759,3,122,0.0,1031.06
759,4,115,0.0,55339.81
759,5,115,0.0,34368.93
760,1,140,49500.0,0.0
760,2,111,2001.0,0.0
760,3,107,238000.0,0.0
760,4,150,0.0,0.41
760,5,122,0.0,3838.84
760,6,122,0.0,2568.94
760,7,122,0.0,2024.28
760,8,115,0.0,127961.56
760,9,115,0.0,85631.24
760,10,115,0.0,67475.73
761,1,107,270000.0,0.0
761,2,122,0.0,6174.76
761,3,122,0.0,1689.32
761,4,115,0.0,205825.24
761,5,115,0.0,56310.68
762,1,111,34200.0,0.0
762,2,122,0.0,996.12
762,3,115,0.0,33203.88
763,1,140,16700.0,0.0
763,2,122,0.0,486.4
763,3,115,0.0,16213.59
764,1,140,2000.0,0.0
764,2,123,0.0,58.26
764,3,116,0.0,1941.75
765,1,140,9800.0,0.0
765,2,122,0.0,285.44
765,3,115,0.0,9514.56
766,1,107,144070.0,0.0
766,2,122,0.0,1485.44
766,3,122,0.0,611.66
766,4,122,0.0,1048.54
766,5,122,0.0,800.98
766,6,123,0.0,249.62
766,7,115,0.0,49514.56
766,8,115,0.0,20388.35
766,9,115,0.0,34951.46
766,10,115,0.0,26699.03
766,11,116,0.0,8320.39
767,1,140,2300.0,0.0
767,2,123,0.0,67.0
772,1,111,16100.0,0.0
772,2,122,0.0,468.94
772,3,115,0.0,15631.07
773,1,140,2000.0,0.0
773,2,111,11000.0,0.0
773,3,122,0.0,378.64
773,4,115,0.0,12621.36
774,1,140,10000.0,0.0
774,2,122,0.0,233.0
774,3,123,0.0,58.26
774,4,115,0.0,7766.99
774,5,116,0.0,1941.75
775,1,140,1750.0,0.0
775,2,111,1600.0,0.0
775,3,123,0.0,97.58
775,4,116,0.0,3252.43
776,1,140,1600.0,0.0
788,1,111,7000.0,0.0
788,2,122,0.0,203.88
788,3,115,0.0,6796.12
789,1,140,2100.0,0.0
789,2,150,0.0,0.01
789,3,123,0.0,61.16
789,4,116,0.0,2038.83
790,1,111,4000.0,0.0
790,2,150,0.0,-0.01
790,3,123,0.0,116.5
790,4,116,0.0,3883.5
791,1,111,7900.0,0.0
791,2,122,0.0,230.1
791,3,115,0.0,7669.9
792,1,140,1000.0,0.0
792,2,123,0.0,29.12
792,3,116,0.0,970.87
793,1,111,10000.0,0.0
793,2,122,0.0,291.26
793,3,115,0.0,9708.74
794,1,111,4500.0,0.0
794,2,123,0.0,131.06
794,3,116,0.0,4368.93
795,1,111,19000.0,0.0
795,2,122,0.0,553.4
795,3,115,0.0,18446.6
796,1,111,30000.0,0.0
796,2,122,0.0,873.78
796,3,115,0.0,29126.21
797,1,111,4100.0,0.0
797,2,123,0.0,119.42
797,3,116,0.0,3980.58
798,1,111,32800.0,0.0
798,2,150,0.0,0.21
798,3,122,0.0,457.28
798,4,122,0.0,498.06
798,5,115,0.0,15242.72
799,1,111,3400.0,0.0
799,2,123,0.0,64.08
799,3,123,0.0,34.96
799,4,116,0.0,2135.92
799,5,116,0.0,1165.05
798,6,115,0.0,16601.74
800,1,140,27500.0,0.0
800,2,122,0.0,742.72
800,3,123,0.0,58.26
800,4,115,0.0,24757.28
800,5,116,0.0,1941.75
801,1,111,24000.0,0.0
801,2,122,0.0,699.02
801,3,115,0.0,23300.97
802,1,111,12000.0,0.0
802,2,122,0.0,349.52
802,3,115,0.0,11650.49
803,1,111,18000.0,0.0
803,2,122,0.0,524.28
803,3,115,0.0,17475.73
804,1,111,2000.0,0.0
804,2,123,0.0,58.26
804,3,116,0.0,1941.75
805,1,111,3200.0,0.0
805,2,123,0.0,93.2
805,3,116,0.0,3106.8
806,1,111,2500.0,0.0
806,2,123,0.0,72.82
806,3,116,0.0,2427.18
807,1,111,1300.0,0.0
807,2,123,0.0,37.86
767,3,116,0.0,2233.01
768,1,140,4900.0,0.0
768,2,111,6000.0,0.0
768,3,122,0.0,317.48
768,4,115,0.0,10582.52
769,1,140,3000.0,0.0
769,2,123,0.0,87.38
769,3,116,0.0,2912.62
770,1,111,44000.0,0.0
770,2,122,0.0,1281.56
770,3,115,0.0,42718.45
771,1,111,16700.0,0.0
771,2,122,0.0,486.4
771,3,115,0.0,16213.59
776,2,123,0.0,46.6
807,3,116,0.0,1262.14
808,1,111,18000.0,0.0
808,2,122,0.0,524.28
808,3,115,0.0,17475.73
809,1,111,18000.0,0.0
809,2,122,0.0,524.28
809,3,115,0.0,17475.73
810,1,140,4500.0,0.0
810,2,111,10500.0,0.0
810,3,122,0.0,436.9
810,4,115,0.0,14563.11
811,1,111,4200.0,0.0
811,2,123,0.0,122.34
811,3,116,0.0,4077.67
812,1,111,12800.0,0.0
812,2,122,0.0,372.82
812,3,115,0.0,12427.18
813,1,111,24000.0,0.0
813,2,122,0.0,699.02
813,3,115,0.0,23300.97
814,1,111,9800.0,0.0
814,2,122,0.0,285.44
814,3,115,0.0,9514.56
815,1,111,160000.0,0.0
815,2,122,0.0,4660.2
815,3,115,0.0,155339.81
816,1,111,26000.0,0.0
816,2,122,0.0,757.28
816,3,115,0.0,25242.72
817,1,111,4500.0,0.0
817,2,123,0.0,131.06
817,3,116,0.0,4368.93
818,1,140,40800.0,0.0
818,2,111,500.0,0.0
818,3,150,0.0,-0.28
818,4,122,0.0,576.7
818,5,122,0.0,454.38
818,6,122,0.0,99.02
818,7,123,0.0,72.82
818,8,115,0.0,19223.3
818,9,115,0.0,15145.9
818,10,115,0.0,3300.97
818,11,116,0.0,2427.18
821,1,140,17500.0,0.0
821,2,111,9600.0,0.0
821,3,122,0.0,547.58
821,4,123,0.0,241.74
821,5,115,0.0,18252.43
821,6,116,0.0,8058.25
822,1,111,9000.0,0.0
822,2,122,0.0,262.14
822,3,115,0.0,8737.86
823,1,140,22000.0,0.0
823,2,111,300.0,0.0
823,3,122,0.0,611.66
823,4,123,0.0,37.86
823,5,115,0.0,20388.35
823,6,116,0.0,1262.14
824,1,140,15000.0,0.0
824,2,122,0.0,436.9
824,3,115,0.0,14563.11
825,1,140,450.0,0.0
825,2,123,0.0,13.1
825,3,116,0.0,436.89
826,1,111,5500.0,0.0
826,2,122,0.0,160.2
826,3,115,0.0,5339.81
827,1,140,2800.0,0.0
827,2,123,0.0,81.56
827,3,116,0.0,2718.45
828,1,111,5950.0,0.0
828,2,122,0.0,173.3
828,3,115,0.0,5776.7
829,1,140,1500.0,0.0
829,2,123,0.0,43.68
829,3,116,0.0,1456.31
830,1,140,8000.0,0.0
830,2,122,0.0,233.0
830,3,115,0.0,7766.99
831,1,140,2400.0,0.0
831,2,123,0.0,69.9
831,3,116,0.0,2330.1
832,1,140,52000.0,0.0
832,2,122,0.0,1368.94
832,3,122,0.0,145.64
832,4,115,0.0,45631.07
832,5,115,0.0,4854.37
833,1,140,6800.0,0.0
837,1,140,143000.0,0.0
837,2,122,0.0,4165.04
837,3,115,0.0,138834.95
838,1,140,10000.0,0.0
838,2,111,9000.0,0.0
838,3,122,0.0,553.4
838,4,115,0.0,18446.6
840,1,140,5000.0,0.0
840,2,123,0.0,145.64
840,3,116,0.0,4854.37
841,1,111,2800.0,0.0
841,2,123,0.0,81.56
841,3,116,0.0,2718.45
842,1,111,2480.0,0.0
842,2,123,0.0,72.24
842,3,116,0.0,2407.77
843,1,111,17500.0,0.0
843,2,123,0.0,480.58
843,3,123,0.0,29.12
843,4,116,0.0,16019.42
843,5,116,0.0,970.87
844,1,111,14200.0,0.0
844,2,122,0.0,413.6
844,3,115,0.0,13786.41
845,1,140,12500.0,0.0
845,2,150,0.0,-0.19
845,3,122,0.0,364.08
845,4,115,0.0,12136.11
846,1,140,1800.0,0.0
846,2,122,0.0,52.42
846,3,115,0.0,1747.57
847,1,140,26800.0,0.0
847,2,122,0.0,780.58
847,3,115,0.0,26019.42
848,1,140,47000.0,0.0
848,2,122,0.0,1368.94
848,3,115,0.0,45631.07
849,1,111,10400.0,0.0
849,2,122,0.0,302.92
849,3,115,0.0,10097.09
850,1,111,20000.0,0.0
850,2,122,0.0,582.52
850,3,115,0.0,19417.48
851,1,111,2500.0,0.0
851,2,123,0.0,72.82
851,3,116,0.0,2427.18
852,1,140,11000.0,0.0
852,2,111,10000.0,0.0
852,3,122,0.0,611.66
852,4,115,0.0,20388.35
853,1,111,60000.0,0.0
853,2,122,0.0,640.78
853,3,122,0.0,1106.8
854,1,140,580.0,0.0
854,2,123,0.0,16.9
854,3,116,0.0,563.11
855,1,140,15200.0,0.0
855,2,122,0.0,442.72
855,3,115,0.0,14757.28
856,1,140,24400.0,0.0
856,2,122,0.0,710.68
856,3,115,0.0,23689.32
857,1,140,7850.0,0.0
857,2,122,0.0,228.64
857,3,115,0.0,7621.36
858,1,140,22000.0,0.0
858,2,111,99500.0,0.0
858,3,150,0.0,-0.01
858,4,122,0.0,3538.84
858,5,115,0.0,117961.17
859,1,140,49000.0,0.0
859,2,122,0.0,1427.18
859,3,115,0.0,47572.82
853,4,115,0.0,21359.22
853,5,115,0.0,36893.2
860,1,111,53500.0,0.0
776,3,116,0.0,1553.4
777,1,111,6500.0,0.0
777,2,123,0.0,189.32
777,3,116,0.0,6310.68
778,1,140,3000.0,0.0
778,2,122,0.0,87.38
778,3,115,0.0,2912.62
779,1,111,3500.0,0.0
779,2,123,0.0,101.94
779,3,116,0.0,3398.06
780,1,111,3500.0,0.0
780,2,123,0.0,101.94
780,3,116,0.0,3398.06
781,1,140,19100.0,0.0
781,2,111,3900.0,0.0
781,3,122,0.0,669.9
781,4,115,0.0,22330.1
782,1,140,1700.0,0.0
782,2,111,10000.0,0.0
782,3,122,0.0,340.78
782,4,115,0.0,11359.22
783,1,111,1300.0,0.0
783,2,123,0.0,37.86
783,3,116,0.0,1262.14
784,1,140,10300.0,0.0
784,2,111,17000.0,0.0
784,3,122,0.0,795.14
784,4,115,0.0,26504.85
785,1,111,34000.0,0.0
785,2,122,0.0,582.52
785,3,122,0.0,407.76
785,4,115,0.0,19417.48
785,5,115,0.0,13592.23
786,1,111,4200.0,0.0
786,2,123,0.0,122.34
786,3,116,0.0,4077.67
787,1,140,2850.0,0.0
787,2,122,0.0,83.0
787,3,115,0.0,2766.99
833,2,123,0.0,198.06
860,2,150,0.0,-0.01
860,3,122,0.0,815.54
860,4,122,0.0,742.72
860,5,115,0.0,27184.47
861,1,140,4400.0,0.0
861,2,122,0.0,128.16
861,3,115,0.0,4271.84
860,6,115,0.0,24757.28
864,1,111,26650.0,0.0
862,1,111,23200.0,0.0
862,2,150,0.0,0.01
862,3,122,0.0,675.72
862,4,115,0.0,22524.27
863,1,140,20000.0,0.0
863,2,111,11200.0,0.0
863,3,122,0.0,908.74
863,4,115,0.0,30291.26
864,2,122,0.0,776.22
864,3,115,0.0,25873.79
865,1,111,32000.0,0.0
865,2,122,0.0,932.04
865,3,115,0.0,31067.96
866,1,140,2700.0,0.0
866,2,123,0.0,78.64
866,3,116,0.0,2621.36
867,1,111,94000.0,0.0
867,2,122,0.0,1971.84
867,3,122,0.0,766.02
867,4,115,0.0,65728.16
867,5,115,0.0,25533.98
868,1,111,52000.0,0.0
868,2,122,0.0,1514.56
868,3,115,0.0,50485.44
869,1,140,8000.0,0.0
869,2,111,700.0,0.0
869,3,122,0.0,253.4
869,4,115,0.0,8446.6
870,1,140,8000.0,0.0
870,2,123,0.0,233.0
870,3,116,0.0,7766.99
871,1,140,1200.0,0.0
871,2,123,0.0,34.96
871,3,116,0.0,1165.05
872,1,140,26000.0,0.0
872,2,122,0.0,757.28
872,3,115,0.0,25242.72
873,1,140,700.0,0.0
873,2,123,0.0,20.38
873,3,116,0.0,679.61
874,1,111,690.0,0.0
874,2,123,0.0,20.1
874,3,116,0.0,669.9
875,1,140,800.0,0.0
875,2,123,0.0,23.3
875,3,116,0.0,776.7
876,1,111,19800.0,0.0
876,2,122,0.0,576.7
876,3,115,0.0,19223.3
877,1,111,2700.0,0.0
877,2,123,0.0,11.66
877,3,123,0.0,55.34
877,4,123,0.0,11.66
877,5,116,0.0,388.35
877,6,116,0.0,1844.66
877,7,116,0.0,388.35
878,1,111,4100.0,0.0
878,2,122,0.0,87.38
878,3,122,0.0,32.04
878,4,115,0.0,2912.62
878,5,115,0.0,1067.96
879,1,140,1800.0,0.0
879,2,123,0.0,52.42
879,3,116,0.0,1747.57
880,1,140,10000.0,0.0
880,2,123,0.0,291.26
880,3,116,0.0,9708.74
881,1,140,750.0,0.0
881,2,123,0.0,21.84
881,3,116,0.0,728.16
882,1,140,40000.0,0.0
882,2,111,41000.0,0.0
882,3,122,0.0,2359.22
882,4,115,0.0,78640.78
883,1,140,650.0,0.0
883,2,123,0.0,18.94
883,3,116,0.0,631.07
884,1,140,29100.0,0.0
884,2,122,0.0,803.88
884,3,123,0.0,43.68
884,4,115,0.0,26796.12
884,5,116,0.0,1456.31
885,1,140,4500.0,0.0
885,2,123,0.0,131.06
885,3,116,0.0,4368.93
886,1,111,7500.0,0.0
886,2,122,0.0,218.44
886,3,115,0.0,7281.55
887,1,140,1650.0,0.0
887,2,123,0.0,48.06
887,3,116,0.0,1601.94
888,1,111,26000.0,0.0
888,2,122,0.0,757.28
888,3,115,0.0,25242.72
889,1,111,32000.0,0.0
889,2,122,0.0,932.04
889,3,115,0.0,31067.96
890,1,140,4600.0,0.0
890,2,123,0.0,112.14
890,3,123,0.0,21.84
890,4,116,0.0,3737.86
890,5,116,0.0,728.16
891,1,140,750.0,0.0
891,2,123,0.0,21.84
891,3,116,0.0,728.16
892,1,140,1000.0,0.0
892,2,111,2000.0,0.0
892,3,123,0.0,75.72
892,4,123,0.0,11.66
892,5,116,0.0,2524.27
892,6,116,0.0,388.35
893,1,140,2600.0,0.0
893,2,111,7000.0,0.0
893,3,122,0.0,58.26
893,4,122,0.0,221.36
893,5,115,0.0,1941.75
893,6,115,0.0,7378.64
894,1,111,91900.0,0.0
894,2,150,0.0,-0.05
894,3,122,0.0,570.88
894,4,122,0.0,1837.86
894,5,122,0.0,267.96
894,6,115,0.0,19029.13
894,7,115,0.0,61262.14
894,8,115,0.0,8932.09
895,1,140,11600.0,0.0
895,2,122,0.0,337.86
895,3,115,0.0,11262.14
896,1,140,5300.0,0.0
896,2,123,0.0,154.36
819,1,111,1700.0,0.0
819,2,123,0.0,49.52
819,3,116,0.0,1650.49
820,1,140,3500.0,0.0
820,2,123,0.0,101.94
820,3,116,0.0,3398.06
839,1,140,18500.0,0.0
839,2,150,0.0,-0.01
839,3,122,0.0,538.84
839,4,115,0.0,17961.17
896,3,116,0.0,5145.63
897,1,111,400.0,0.0
897,2,123,0.0,11.66
897,3,116,0.0,388.35
898,1,111,3900.0,0.0
898,2,122,0.0,113.6
898,3,115,0.0,3786.41
899,1,111,33800.0,0.0
899,2,150,0.0,0.19
899,3,122,0.0,643.68
899,4,122,0.0,320.4
899,5,123,0.0,20.38
899,6,115,0.0,21456.07
899,7,115,0.0,10679.67
899,8,116,0.0,679.61
900,1,140,750.0,0.0
900,2,123,0.0,21.84
900,3,116,0.0,728.16
901,1,140,320.0,0.0
901,2,123,0.0,9.32
901,3,116,0.0,310.68
902,1,111,4200.0,0.0
902,2,123,0.0,122.34
902,3,116,0.0,4077.67
903,1,140,3000.0,0.0
903,2,123,0.0,87.38
903,3,116,0.0,2912.62
904,1,140,750.0,0.0
904,2,123,0.0,21.84
904,3,116,0.0,728.16
905,1,140,750.0,0.0
905,2,123,0.0,21.84
905,3,116,0.0,728.16
906,1,140,750.0,0.0
906,2,123,0.0,21.84
906,3,116,0.0,728.16
907,1,140,20700.0,0.0
907,2,122,0.0,602.92
907,3,115,0.0,20097.09
908,1,140,750.0,0.0
908,2,123,0.0,21.84
908,3,116,0.0,728.16
909,1,140,13500.0,0.0
909,2,122,0.0,393.2
909,3,115,0.0,13106.8
910,1,111,2400.0,0.0
910,2,123,0.0,34.96
910,3,123,0.0,34.96
910,4,116,0.0,1165.05
910,5,116,0.0,1165.05
911,1,140,23700.0,0.0
911,2,122,0.0,690.3
911,3,115,0.0,23009.71
912,1,140,15600.0,0.0
912,2,122,0.0,454.36
912,3,115,0.0,15145.63
913,1,140,2050.0,0.0
913,2,150,0.0,0.01
913,3,123,0.0,59.7
913,4,116,0.0,1990.29
914,1,140,750.0,0.0
914,2,123,0.0,21.84
914,3,116,0.0,728.16
915,1,111,2100.0,0.0
915,2,150,0.0,0.01
915,3,123,0.0,61.16
915,4,116,0.0,2038.83
916,1,140,6400.0,0.0
916,2,123,0.0,186.4
916,3,116,0.0,6213.59
917,1,140,15000.0,0.0
917,2,111,1500.0,0.0
917,3,122,0.0,480.58
917,4,115,0.0,16019.42
918,1,140,750.0,0.0
918,2,123,0.0,21.84
918,3,116,0.0,728.16
919,1,140,1950.0,0.0
919,2,123,0.0,56.8
919,3,116,0.0,1893.2
920,1,140,1000.0,0.0
920,2,150,0.0,0.01
920,3,123,0.0,29.12
920,4,116,0.0,970.87
921,1,140,650.0,0.0
921,2,123,0.0,18.94
921,3,116,0.0,631.07
922,1,140,730.0,0.0
922,2,123,0.0,21.26
922,3,116,0.0,708.74
923,1,140,8900.0,0.0
923,2,122,0.0,259.22
923,3,115,0.0,8640.78
924,1,140,800.0,0.0
924,2,123,0.0,23.3
924,3,116,0.0,776.7
925,1,140,380.0,0.0
925,2,123,0.0,11.06
925,3,116,0.0,368.93
926,1,140,900.0,0.0
926,2,123,0.0,26.22
926,3,116,0.0,873.79
927,1,140,750.0,0.0
927,2,123,0.0,21.84
927,3,116,0.0,728.16
928,1,140,7000.0,0.0
928,2,123,0.0,203.88
928,3,116,0.0,6796.12
929,1,140,700.0,0.0
929,2,150,0.0,0.01
929,3,123,0.0,20.38
929,4,116,0.0,679.61
930,1,140,160000.0,0.0
930,2,111,40000.0,0.0
930,3,122,0.0,5825.24
930,4,115,0.0,194174.76
931,1,111,700.0,0.0
931,2,123,0.0,20.38
931,3,116,0.0,679.61
932,1,140,1400.0,0.0
932,2,123,0.0,40.78
932,3,116,0.0,1359.22
933,1,140,5000.0,0.0
933,2,123,0.0,145.64
933,3,116,0.0,4854.37
934,1,140,570.0,0.0
934,2,123,0.0,16.6
934,3,116,0.0,553.4
935,1,140,6970.0,0.0
935,2,111,2030.0,0.0
935,3,122,0.0,262.14
936,1,140,630.0,0.0
936,2,123,0.0,18.34
936,3,116,0.0,611.65
935,4,115,0.0,8737.86
937,1,140,5000.0,0.0
937,2,111,6800.0,0.0
937,3,122,0.0,198.06
937,4,123,0.0,128.16
937,5,123,0.0,17.48
937,6,115,0.0,6601.94
937,7,116,0.0,4271.84
937,8,116,0.0,582.52
938,1,111,12200.0,0.0
938,2,122,0.0,355.34
938,3,115,0.0,11844.66
939,1,140,3300.0,0.0
939,2,123,0.0,96.12
939,3,116,0.0,3203.88
940,1,111,11000.0,0.0
940,2,122,0.0,320.38
940,3,115,0.0,10679.61
941,1,111,600.0,0.0
941,2,123,0.0,17.48
941,3,116,0.0,582.52
942,1,111,26500.0,0.0
942,2,122,0.0,771.84
942,3,115,0.0,25728.16
943,3,122,0.0,412.72
943,4,122,0.0,198.06
943,5,115,0.0,16048.54
943,6,115,0.0,13757.28
943,7,115,0.0,6601.94
944,1,140,21800.0,0.0
944,2,111,37900.0,0.0
944,3,150,0.0,-0.01
944,4,122,0.0,1738.84
944,5,115,0.0,57961.17
945,1,140,3900.0,0.0
833,3,116,0.0,6601.94
834,1,140,1100.0,0.0
834,2,123,0.0,32.04
834,3,116,0.0,1067.96
835,1,140,3800.0,0.0
835,2,123,0.0,110.68
835,3,116,0.0,3689.32
836,1,140,5100.0,0.0
836,2,122,0.0,148.54
836,3,115,0.0,4951.46
943,1,140,37500.0,0.0
943,2,122,0.0,481.46
946,1,140,350.0,0.0
946,2,123,0.0,10.2
946,3,116,0.0,339.81
947,1,140,1800.0,0.0
947,2,111,29400.0,0.0
947,3,122,0.0,503.88
947,4,122,0.0,235.92
947,5,122,0.0,168.94
947,6,115,0.0,16796.12
947,7,115,0.0,7864.08
947,8,115,0.0,5631.07
948,1,111,13700.0,0.0
948,2,122,0.0,399.02
948,3,115,0.0,13300.97
949,1,140,4000.0,0.0
949,2,111,1000.0,0.0
949,3,123,0.0,145.64
949,4,116,0.0,4854.37
950,1,111,73000.0,0.0
950,2,150,0.0,-0.21
950,3,122,0.0,588.34
950,4,122,0.0,562.14
950,5,122,0.0,975.72
950,6,115,0.0,19611.65
950,7,115,0.0,18738.08
950,8,115,0.0,32524.27
951,1,111,3500.0,0.0
951,2,122,0.0,101.94
952,1,140,2000.0,0.0
952,2,111,22500.0,0.0
952,3,122,0.0,334.96
952,4,122,0.0,378.64
952,5,115,0.0,11165.05
952,6,115,0.0,12621.36
953,1,140,4200.0,0.0
953,2,123,0.0,58.26
953,3,123,0.0,64.08
953,4,116,0.0,1941.75
953,5,116,0.0,2135.92
954,1,140,4200.0,0.0
954,2,111,2900.0,0.0
954,3,122,0.0,206.8
954,4,115,0.0,6893.2
955,1,140,18100.0,0.0
955,2,122,0.0,527.18
955,3,115,0.0,17572.82
956,1,140,800.0,0.0
956,2,123,0.0,23.3
956,3,116,0.0,776.7
957,1,111,21000.0,0.0
957,2,122,0.0,611.66
957,3,115,0.0,20388.35
958,1,111,500.0,0.0
958,2,123,0.0,14.56
958,3,116,0.0,485.44
959,1,111,10200.0,0.0
959,2,122,0.0,297.08
959,3,115,0.0,9902.91
960,1,111,6800.0,0.0
960,2,123,0.0,198.06
960,3,116,0.0,6601.94
961,1,111,21200.0,0.0
961,2,122,0.0,617.48
961,3,115,0.0,20582.52
962,1,140,2800.0,0.0
962,2,123,0.0,81.56
962,3,116,0.0,2718.45
963,1,111,12500.0,0.0
963,2,122,0.0,364.08
963,3,115,0.0,12135.92
964,1,140,11500.0,0.0
964,2,111,16000.0,0.0
964,3,122,0.0,800.98
964,4,115,0.0,26699.03
965,1,111,11900.0,0.0
965,2,122,0.0,346.6
965,3,115,0.0,11553.4
966,1,140,7000.0,0.0
966,2,122,0.0,203.88
966,3,115,0.0,6796.12
967,1,140,80000.0,0.0
967,2,122,0.0,2330.1
967,3,115,0.0,77669.9
968,1,140,22200.0,0.0
968,2,122,0.0,646.6
968,3,115,0.0,21553.4
969,1,140,13350.0,0.0
969,2,150,0.0,-0.01
969,3,122,0.0,388.84
969,4,115,0.0,12961.17
970,1,140,8700.0,0.0
970,2,122,0.0,253.4
970,3,115,0.0,8446.6
971,1,111,23500.0,0.0
971,2,122,0.0,684.46
971,3,115,0.0,22815.53
972,1,111,55000.0,0.0
972,2,122,0.0,1601.94
972,3,115,0.0,53398.06
973,1,140,8400.0,0.0
973,2,122,0.0,244.66
973,3,115,0.0,8155.34
974,1,140,500.0,0.0
974,2,123,0.0,14.56
974,3,116,0.0,485.44
975,1,140,6400.0,0.0
975,2,122,0.0,186.4
975,3,115,0.0,6213.59
976,1,140,12000.0,0.0
976,2,122,0.0,174.76
976,3,123,0.0,174.76
976,4,115,0.0,5825.24
976,5,116,0.0,5825.24
977,1,140,10700.0,0.0
977,2,122,0.0,311.66
977,3,115,0.0,10388.35
978,1,140,900.0,0.0
978,2,123,0.0,26.22
978,3,116,0.0,873.79
979,1,111,2800.0,0.0
979,2,123,0.0,81.56
979,3,116,0.0,2718.45
980,1,140,8500.0,0.0
980,2,122,0.0,247.58
980,3,115,0.0,8252.43
981,1,111,13000.0,0.0
981,2,122,0.0,378.64
981,3,115,0.0,12621.36
982,1,111,11500.0,0.0
982,2,122,0.0,334.96
982,3,115,0.0,11165.05
983,1,140,1000.0,0.0
983,2,123,0.0,29.12
983,3,116,0.0,970.87
984,1,140,3000.0,0.0
984,2,123,0.0,87.38
984,3,116,0.0,2912.62
985,1,111,2000.0,0.0
985,2,150,0.0,-0.01
985,3,123,0.0,58.26
985,4,116,0.0,1941.75
986,1,111,8900.0,0.0
986,2,122,0.0,218.44
986,3,123,0.0,40.78
986,4,115,0.0,7281.55
986,5,116,0.0,1359.22
987,1,140,6000.0,0.0
987,2,111,2000.0,0.0
987,3,123,0.0,233.0
987,4,116,0.0,7766.99
988,1,111,20000.0,0.0
988,2,122,0.0,582.52
988,3,115,0.0,19417.48
989,1,111,62000.0,0.0
989,2,122,0.0,1805.82
989,3,115,0.0,60194.17
990,1,140,7400.0,0.0
990,2,122,0.0,215.54
990,3,115,0.0,7184.47
991,1,111,13500.0,0.0
991,2,122,0.0,393.2
991,3,115,0.0,13106.8
992,1,140,7000.0,0.0
992,2,122,0.0,203.88
992,3,115,0.0,6796.12
993,1,140,9000.0,0.0
993,2,122,0.0,262.14
945,2,122,0.0,113.6
945,3,115,0.0,3786.41
993,3,115,0.0,8737.86
995,1,140,21000.0,0.0
995,2,122,0.0,611.66
995,3,115,0.0,20388.35
996,1,1352,2500.0,0.0
996,2,123,0.0,72.82
996,3,116,0.0,2427.18
997,1,140,1400.0,0.0
997,2,123,0.0,40.78
997,3,116,0.0,1359.22
998,1,1352,12000.0,0.0
998,2,122,0.0,349.52
998,3,115,0.0,11650.49
999,1,1352,2000.0,0.0
999,2,123,0.0,58.26
999,3,116,0.0,1941.75
1000,1,111,22500.0,0.0
1000,2,122,0.0,655.34
1000,3,115,0.0,21844.66
1001,1,111,53000.0,0.0
1001,2,122,0.0,873.78
1001,3,122,0.0,669.9
1001,4,115,0.0,29126.21
1001,5,115,0.0,22330.1
1002,1,111,65000.0,0.0
1002,2,122,0.0,1893.2
1002,3,115,0.0,63106.8
1003,1,1352,550.0,0.0
1003,2,123,0.0,16.02
1003,3,116,0.0,533.98
1004,1,1352,2200.0,0.0
1004,2,122,0.0,64.08
1004,3,115,0.0,2135.92
1005,1,1352,3000.0,0.0
1005,2,123,0.0,87.38
1005,3,116,0.0,2912.62
1006,1,1352,500.0,0.0
1006,2,123,0.0,14.56
1006,3,116,0.0,485.44
1007,1,140,2600.0,0.0
1007,2,123,0.0,75.72
1007,3,116,0.0,2524.27
1008,1,140,1300.0,0.0
1008,2,123,0.0,37.86
1008,3,116,0.0,1262.14
1009,1,111,169000.0,0.0
1009,2,150,0.0,0.39
1009,3,122,0.0,3000.0
1009,4,122,0.0,990.28
1009,5,122,0.0,932.04
1009,6,115,0.0,100000.0
1009,7,115,0.0,33009.33
1009,8,115,0.0,31067.96
1010,1,111,3600.0,0.0
1010,2,123,0.0,104.86
1010,3,116,0.0,3495.15
1011,1,111,600.0,0.0
1011,2,123,0.0,17.48
1011,3,116,0.0,582.52
1012,1,111,74500.0,0.0
1012,2,122,0.0,2169.9
1012,3,115,0.0,72330.1
1013,1,111,135500.0,0.0
1013,2,122,0.0,3946.6
1013,3,115,0.0,131553.4
1014,1,1352,39800.0,0.0
1014,2,111,23250.0,0.0
1014,3,122,0.0,1836.4
1014,4,115,0.0,61213.59
1015,1,1352,3000.0,0.0
1015,2,111,45200.0,0.0
1015,3,122,0.0,600.0
1015,4,122,0.0,803.88
1015,5,115,0.0,20000.0
1015,6,115,0.0,26796.12
1016,1,1352,6200.0,0.0
1016,2,111,14000.0,0.0
1016,3,122,0.0,588.34
1016,4,115,0.0,19611.65
1017,1,140,21000.0,0.0
1017,2,122,0.0,611.66
1017,3,115,0.0,20388.35
1018,1,140,1300.0,0.0
1018,2,111,16700.0,0.0
1018,3,122,0.0,524.28
1018,4,115,0.0,17475.73
1019,1,140,2800.0,0.0
1019,2,122,0.0,81.56
1019,3,115,0.0,2718.45
1020,1,1352,8400.0,0.0
1020,2,111,25000.0,0.0
1020,3,122,0.0,972.82
1020,4,115,0.0,32427.18
1021,1,111,16000.0,0.0
1021,2,122,0.0,466.02
1021,3,115,0.0,15533.98
1022,1,1352,2000.0,0.0
1022,2,123,0.0,58.26
1022,3,116,0.0,1941.75
1023,1,111,114500.0,0.0
1023,2,122,0.0,3334.96
1023,3,115,0.0,111165.05
1024,1,111,6800.0,0.0
1024,2,122,0.0,198.06
1024,3,115,0.0,6601.94
1025,1,1352,12600.0,0.0
1025,2,122,0.0,367.0
1025,3,115,0.0,12233.01
1026,1,1352,2300.0,0.0
1026,2,123,0.0,67.0
1026,3,116,0.0,2233.01
1027,1,1352,16000.0,0.0
1027,2,123,0.0,349.52
1027,3,123,0.0,29.12
1027,4,123,0.0,87.38
1027,5,116,0.0,11650.49
1027,6,116,0.0,970.87
1027,7,116,0.0,2912.62
1028,1,140,8600.0,0.0
1028,2,122,0.0,250.48
1028,3,115,0.0,8349.51
1029,1,111,19200.0,0.0
1029,2,122,0.0,559.22
1029,3,115,0.0,18640.78
1030,1,1352,8650.0,0.0
1030,2,122,0.0,251.94
1030,3,115,0.0,8398.06
1031,1,111,8500.0,0.0
1031,2,122,0.0,247.58
1031,3,115,0.0,8252.43
1032,1,111,3000.0,0.0
1032,2,123,0.0,87.38
1032,3,116,0.0,2912.62
1033,1,111,42000.0,0.0
1033,2,122,0.0,1223.3
1033,3,115,0.0,40776.7
1034,1,1352,1000.0,0.0
1034,2,111,300.0,0.0
1034,3,123,0.0,37.86
1034,4,116,0.0,1262.14
1035,1,140,36500.0,0.0
1035,3,122,0.0,640.78
1035,4,115,0.0,14077.67
1035,5,115,0.0,21359.22
1036,1,1352,3500.0,0.0
1036,2,111,3500.0,0.0
1036,3,122,0.0,203.88
1036,4,115,0.0,6796.12
1037,1,1352,3000.0,0.0
1037,2,123,0.0,87.38
1037,3,116,0.0,2912.62
1038,1,111,41500.0,0.0
1038,2,122,0.0,1208.74
1038,3,115,0.0,40291.26
1039,1,111,38000.0,0.0
1039,2,122,0.0,1106.8
1039,3,115,0.0,36893.2
1040,1,1352,3000.0,0.0
1040,2,123,0.0,87.38
1040,3,116,0.0,2912.62
1041,1,1352,2390.0,0.0
1041,2,123,0.0,69.62
1041,3,116,0.0,2320.39
1042,1,111,13500.0,0.0
1042,2,122,0.0,393.2
1042,3,115,0.0,13106.8
1043,1,111,550.0,0.0
1043,2,123,0.0,16.02
1043,3,116,0.0,533.98
1044,1,1352,200.0,0.0
1044,2,123,0.0,5.82
1044,3,116,0.0,194.17
1045,1,111,850.0,0.0
1045,2,123,0.0,24.76
1045,3,116,0.0,825.24
1046,1,1352,3100.0,0.0
1046,2,122,0.0,90.3
951,3,115,0.0,3398.06
994,1,140,2800.0,0.0
994,2,123,0.0,81.56
994,3,116,0.0,2718.45
1035,2,122,0.0,422.34
1046,3,115,0.0,3009.71
1047,1,140,16840.0,0.0
1047,2,122,0.0,490.48
1047,3,115,0.0,16349.51
1048,1,140,400.0,0.0
1048,2,123,0.0,11.66
1048,3,116,0.0,388.35
1049,1,1352,8400.0,0.0
1049,2,122,0.0,244.66
1049,3,115,0.0,8155.34
1050,1,140,3450.0,0.0
1050,2,123,0.0,100.48
1050,3,116,0.0,3349.51
1051,1,1352,13500.0,0.0
1051,2,122,0.0,393.2
1051,3,115,0.0,13106.8
1052,1,111,9000.0,0.0
1052,2,122,0.0,262.14
1052,3,115,0.0,8737.86
1053,1,111,3100.0,0.0
1053,2,123,0.0,90.3
1053,3,116,0.0,3009.71
1054,1,140,5400.0,0.0
1054,2,122,0.0,157.28
1054,3,115,0.0,5242.72
1055,1,111,14000.0,0.0
1055,2,122,0.0,407.76
1055,3,115,0.0,13592.23
1056,1,1352,3150.0,0.0
1056,2,123,0.0,91.74
1056,3,116,0.0,3058.25
1057,1,111,12000.0,0.0
1057,2,122,0.0,349.52
1057,3,115,0.0,11650.49
1058,1,1352,2600.0,0.0
1058,2,123,0.0,75.72
1058,3,116,0.0,2524.27
1059,1,140,18500.0,0.0
1059,2,122,0.0,451.46
1059,3,123,0.0,87.38
1059,4,115,0.0,15048.54
1059,5,116,0.0,2912.62
1060,1,111,12000.0,0.0
1060,2,122,0.0,349.52
1060,3,115,0.0,11650.49
1061,1,111,2000.0,0.0
1061,2,123,0.0,58.26
1061,3,116,0.0,1941.75
1062,1,140,11000.0,0.0
1062,2,122,0.0,320.38
1062,3,115,0.0,10679.61
1063,1,1352,7600.0,0.0
1063,2,122,0.0,221.36
1063,3,115,0.0,7378.64
1064,1,1352,1250.0,0.0
1064,2,123,0.0,36.4
1064,3,116,0.0,1213.59
1065,1,1352,500.0,0.0
1065,2,123,0.0,14.56
1065,3,116,0.0,485.44
1066,1,111,10000.0,0.0
1066,2,122,0.0,291.26
1066,3,115,0.0,9708.74
1067,1,111,22500.0,0.0
1067,2,122,0.0,655.34
1067,3,115,0.0,21844.66
1068,1,111,23000.0,0.0
1068,2,122,0.0,669.9
1068,3,115,0.0,22330.1
1069,1,1352,860.0,0.0
1069,2,123,0.0,25.04
1069,3,116,0.0,834.95
1070,1,140,11650.0,0.0
1070,2,111,1000.0,0.0
1070,3,122,0.0,368.44
1070,4,115,0.0,12281.55
1071,1,1352,150.0,0.0
1071,2,123,0.0,4.36
1071,3,116,0.0,145.63
1072,1,141,5700.0,0.0
1072,2,123,0.0,166.02
1072,3,116,0.0,5533.98
1073,1,111,37000.0,0.0
1073,2,122,0.0,1077.66
1073,3,115,0.0,35922.33
1074,1,111,15800.0,0.0
1074,2,122,0.0,460.2
1074,3,115,0.0,15339.81
1075,1,111,146000.0,0.0
1075,2,122,0.0,4252.42
1075,3,115,0.0,141747.57
1076,1,111,13500.0,0.0
1076,2,122,0.0,393.2
1076,3,115,0.0,13106.8
1077,1,140,4000.0,0.0
1077,2,150,0.0,-0.01
1077,3,123,0.0,116.5
1077,4,116,0.0,3883.5
1078,1,1352,2440.0,0.0
1078,2,123,0.0,71.06
1078,3,116,0.0,2368.93
1079,1,1352,300.0,0.0
1079,2,123,0.0,8.74
1079,3,116,0.0,291.26
1080,1,1352,800.0,0.0
1080,2,123,0.0,23.3
1080,3,116,0.0,776.7
1081,1,111,8500.0,0.0
1081,2,122,0.0,247.58
1081,3,115,0.0,8252.43
1082,1,140,8300.0,0.0
1082,2,111,13000.0,0.0
1082,3,122,0.0,620.38
1082,4,115,0.0,20679.61
1083,1,140,1100.0,0.0
1083,2,123,0.0,32.04
1083,3,116,0.0,1067.96
1084,1,1352,6500.0,0.0
1084,2,123,0.0,189.32
1084,3,116,0.0,6310.68
1085,1,1352,2000.0,0.0
1085,2,122,0.0,58.26
1085,3,115,0.0,1941.75
1086,1,111,10700.0,0.0
1086,2,122,0.0,311.66
1086,3,115,0.0,10388.35
1087,1,1352,7800.0,0.0
1090,1,111,109000.0,0.0
1090,2,122,0.0,3174.76
1090,3,115,0.0,105825.24
1091,1,140,29100.0,0.0
1091,2,122,0.0,847.58
1091,3,115,0.0,28252.43
1093,1,1352,27300.0,0.0
1093,2,111,15000.0,0.0
1093,3,122,0.0,1232.04
1093,4,115,0.0,41067.96
1094,1,1352,300.0,0.0
1094,2,123,0.0,8.74
1094,3,116,0.0,291.26
1095,1,1352,7100.0,0.0
1095,2,122,0.0,206.8
1095,3,115,0.0,6893.2
1096,1,105,10000.0,0.0
1096,2,111,30000.0,0.0
1096,3,122,0.0,1165.04
1096,4,115,0.0,38834.95
1097,1,1352,10000.0,0.0
1097,2,122,0.0,291.26
1097,3,115,0.0,9708.74
1100,1,1352,58500.0,0.0
1100,2,122,0.0,1567.0
1100,3,122,0.0,136.9
1100,4,115,0.0,52233.01
1100,5,115,0.0,4563.11
1105,1,140,27700.0,0.0
1105,2,111,12500.0,0.0
1105,3,150,0.0,0.01
1105,4,122,0.0,509.7
1105,5,122,0.0,661.16
1105,6,115,0.0,16990.29
1105,7,115,0.0,22038.83
1106,1,111,19600.0,0.0
1106,2,122,0.0,570.88
1106,3,115,0.0,19029.13
1107,1,1352,3000.0,0.0
1107,2,123,0.0,87.38
1107,3,116,0.0,2912.62
1108,1,111,23000.0,0.0
1108,2,122,0.0,669.9
1108,3,115,0.0,22330.1
1109,1,111,103000.0,0.0
1109,2,150,0.0,0.06
1109,3,122,0.0,1631.06
1087,2,111,30000.0,0.0
1087,3,122,0.0,1100.98
1087,4,115,0.0,36699.03
1088,1,1352,3300.0,0.0
1088,2,122,0.0,96.12
1088,3,115,0.0,3203.88
1089,1,1352,12700.0,0.0
1089,2,122,0.0,369.9
1089,3,115,0.0,12330.1
1092,1,140,3450.0,0.0
1092,2,122,0.0,100.48
1092,3,115,0.0,3349.51
1098,1,140,10000.0,0.0
1098,2,111,24000.0,0.0
1109,4,122,0.0,1368.94
1109,5,115,0.0,54368.87
1109,6,115,0.0,45631.07
1111,1,1352,15000.0,0.0
1111,2,122,0.0,436.9
1111,3,115,0.0,14563.11
1112,1,140,12500.0,0.0
1112,2,122,0.0,364.08
1112,3,115,0.0,12135.92
1113,1,140,2500.0,0.0
1113,2,123,0.0,72.82
1113,3,116,0.0,2427.18
1118,1,1352,3200.0,0.0
1118,2,123,0.0,93.2
1118,3,116,0.0,3106.8
1119,1,111,11000.0,0.0
1119,2,122,0.0,320.38
1119,3,115,0.0,10679.61
1120,1,111,1800.0,0.0
1120,2,123,0.0,52.42
1120,3,116,0.0,1747.57
1121,1,111,4000.0,0.0
1121,2,150,0.0,-0.01
1121,3,123,0.0,116.5
1121,4,116,0.0,3883.5
1122,1,1352,28700.0,0.0
1122,2,111,9900.0,0.0
1122,3,122,0.0,1124.28
1122,4,115,0.0,37475.73
1123,1,1352,3000.0,0.0
1123,2,123,0.0,87.38
1123,3,116,0.0,2912.62
1124,1,111,28500.0,0.0
1124,2,122,0.0,830.1
1124,3,115,0.0,27669.9
1125,1,111,22500.0,0.0
1125,2,122,0.0,655.34
1125,3,115,0.0,21844.66
1126,1,1352,14000.0,0.0
1126,2,111,10500.0,0.0
1126,3,122,0.0,713.6
1126,4,115,0.0,23786.41
1127,1,140,4000.0,0.0
1127,2,150,0.0,-0.01
1127,3,123,0.0,116.5
1127,4,116,0.0,3883.5
1128,1,1352,1200.0,0.0
1128,2,111,600.0,0.0
1128,3,123,0.0,52.42
1128,4,116,0.0,1747.57
1129,1,1352,13300.0,0.0
1129,2,122,0.0,387.38
1129,3,115,0.0,12912.62
1130,1,111,20000.0,0.0
1130,2,122,0.0,300.0
1130,3,122,0.0,230.1
1130,4,122,0.0,52.42
1130,5,115,0.0,10000.0
1130,6,115,0.0,7669.9
1130,7,115,0.0,1747.57
1131,1,111,6500.0,0.0
1131,2,123,0.0,189.32
1131,3,116,0.0,6310.68
1132,1,140,2200.0,0.0
1132,2,123,0.0,64.08
1132,3,116,0.0,2135.92
1133,1,1352,11000.0,0.0
1133,2,122,0.0,320.38
1133,3,115,0.0,10679.61
1134,1,111,2200.0,0.0
1134,2,123,0.0,64.08
1134,3,116,0.0,2135.92
1135,1,140,10300.0,0.0
1135,2,122,0.0,300.0
1135,3,115,0.0,10000.0
1136,1,140,57000.0,0.0
1136,2,122,0.0,1660.2
1136,3,115,0.0,55339.81
1137,1,140,28000.0,0.0
1137,2,122,0.0,276.7
1137,3,122,0.0,247.58
1137,4,122,0.0,291.26
1137,5,115,0.0,9223.3
1137,6,115,0.0,8252.43
1137,7,115,0.0,9708.74
1138,1,111,12000.0,0.0
1138,2,122,0.0,349.52
1138,3,115,0.0,11650.49
1139,1,1352,4700.0,0.0
1139,2,122,0.0,136.9
1139,3,115,0.0,4563.11
1140,1,140,17200.0,0.0
1140,2,122,0.0,500.98
1140,3,115,0.0,16699.03
1141,1,1352,20500.0,0.0
1141,2,122,0.0,291.26
1141,3,122,0.0,305.82
1141,4,115,0.0,9708.74
1141,5,115,0.0,10194.17
1142,1,140,64000.0,0.0
1142,2,122,0.0,1864.08
1142,3,115,0.0,62135.92
1143,1,140,8500.0,0.0
1143,3,122,0.0,466.02
1143,4,115,0.0,15533.98
1144,1,140,2500.0,0.0
1144,2,123,0.0,72.82
1144,3,116,0.0,2427.18
1145,1,140,2100.0,0.0
1145,2,150,0.0,0.01
1145,3,123,0.0,61.16
1145,4,116,0.0,2038.83
1146,1,111,11000.0,0.0
1146,2,122,0.0,320.38
1146,3,115,0.0,10679.61
1147,1,111,2500.0,0.0
1147,2,122,0.0,72.82
1147,3,115,0.0,2427.18
1148,1,1352,2500.0,0.0
1148,2,123,0.0,72.82
1148,3,116,0.0,2427.18
1149,1,111,7000.0,0.0
1149,2,123,0.0,203.88
1149,3,116,0.0,6796.12
1150,1,111,32000.0,0.0
1150,2,122,0.0,932.04
1150,3,115,0.0,31067.96
1151,1,1352,2200.0,0.0
1151,2,123,0.0,64.08
1151,3,116,0.0,2135.92
1152,1,111,6000.0,0.0
1152,2,122,0.0,174.76
1152,3,115,0.0,5825.24
1153,1,111,31000.0,0.0
1153,2,122,0.0,902.92
1153,3,115,0.0,30097.09
1154,1,111,19000.0,0.0
1154,2,122,0.0,553.4
1154,3,115,0.0,18446.6
1155,1,140,10300.0,0.0
1155,2,111,16000.0,0.0
1155,3,122,0.0,766.02
1155,4,115,0.0,25533.98
1156,1,111,30500.0,0.0
1156,2,122,0.0,888.34
1156,3,115,0.0,29611.65
1157,3,115,0.0,12621.36
1158,1,111,22500.0,0.0
1158,2,122,0.0,655.34
1158,3,115,0.0,21844.66
1159,1,140,49000.0,0.0
1159,2,111,17300.0,0.0
1159,3,150,0.0,-0.5
1159,4,122,0.0,614.58
1159,5,122,0.0,1208.74
1159,6,123,0.0,107.76
1159,7,115,0.0,20485.92
1159,8,115,0.0,40291.26
1159,9,116,0.0,3592.23
1160,1,1352,73000.0,0.0
1160,2,111,30000.0,0.0
1160,3,122,0.0,3000.0
1160,4,115,0.0,100000.0
1161,1,1352,10900.0,0.0
1161,2,122,0.0,317.48
1098,3,122,0.0,990.3
1098,4,115,0.0,33009.71
1099,1,140,6000.0,0.0
1099,2,111,10600.0,0.0
1099,3,122,0.0,483.5
1099,4,115,0.0,16116.5
1101,1,1352,450.0,0.0
1101,2,123,0.0,13.1
1101,3,116,0.0,436.89
1102,1,111,16500.0,0.0
1102,2,122,0.0,480.58
1102,3,115,0.0,16019.42
1103,1,1352,2900.0,0.0
1103,2,123,0.0,84.46
1103,3,116,0.0,2815.53
1104,1,111,3000.0,0.0
1104,2,122,0.0,87.38
1104,3,115,0.0,2912.62
1143,2,111,7500.0,0.0
1157,1,140,13000.0,0.0
1157,2,122,0.0,378.64
1161,3,115,0.0,10582.52
1162,1,140,7000.0,0.0
1162,2,111,200.0,0.0
1162,3,150,0.0,0.01
1162,4,122,0.0,209.7
1162,5,115,0.0,6990.29
1163,1,111,9000.0,0.0
1163,2,122,0.0,262.14
1163,3,115,0.0,8737.86
1164,1,111,24000.0,0.0
1164,2,122,0.0,699.02
1164,3,115,0.0,23300.97
1170,1,140,23450.0,0.0
1170,2,122,0.0,567.96
1170,3,123,0.0,115.04
1170,4,115,0.0,18932.04
1170,5,116,0.0,3834.95
1171,1,1352,21000.0,0.0
1171,2,122,0.0,442.72
1171,3,123,0.0,168.94
1171,4,115,0.0,14757.28
1171,5,116,0.0,5631.07
1172,1,1352,13300.0,0.0
1172,2,150,0.0,0.01
1172,3,122,0.0,326.22
1172,4,123,0.0,61.16
1172,5,115,0.0,10873.79
1172,6,116,0.0,2038.83
1173,1,1352,2600.0,0.0
1173,2,123,0.0,75.72
1173,3,116,0.0,2524.27
1174,1,1352,54700.0,0.0
1174,2,150,0.0,-0.01
1174,3,122,0.0,1092.24
1174,4,122,0.0,262.14
1174,5,123,0.0,238.84
1174,6,115,0.0,36407.77
1174,7,115,0.0,8737.86
1174,8,116,0.0,7961.17
1175,1,1352,3000.0,0.0
1175,2,123,0.0,87.38
1175,3,116,0.0,2912.62
1176,1,111,111900.0,0.0
1176,2,122,0.0,431.06
1176,3,122,0.0,2493.2
1176,4,122,0.0,334.96
1176,5,115,0.0,14368.93
1176,6,115,0.0,83106.8
1176,7,115,0.0,11165.05
1177,1,140,61700.0,0.0
1177,2,111,87300.0,0.0
1177,3,122,0.0,4339.8
1177,4,115,0.0,144660.19
1178,1,1352,10000.0,0.0
1178,2,111,58000.0,0.0
1178,3,122,0.0,1980.58
1178,4,115,0.0,66019.42
1179,1,111,15900.0,0.0
1179,2,123,0.0,463.1
1179,3,116,0.0,15436.89
1180,1,111,53600.0,0.0
1180,2,122,0.0,588.34
1180,3,122,0.0,929.12
1180,4,123,0.0,43.68
1180,5,115,0.0,19611.65
1180,6,115,0.0,30970.87
1180,7,116,0.0,1456.31
1181,1,1352,13500.0,0.0
1181,2,122,0.0,393.2
1181,3,115,0.0,13106.8
1182,1,1352,3500.0,0.0
1182,2,111,7000.0,0.0
1182,3,122,0.0,305.82
1182,4,115,0.0,10194.17
1183,1,111,14000.0,0.0
1183,2,122,0.0,407.76
1183,3,115,0.0,13592.23
1184,1,111,40500.0,0.0
1184,2,122,0.0,1179.62
1184,3,115,0.0,39320.39
1185,1,1352,6000.0,0.0
1185,2,123,0.0,174.76
1185,3,116,0.0,5825.24
1186,1,140,10000.0,0.0
1186,2,122,0.0,262.14
1186,3,123,0.0,29.12
1186,4,115,0.0,8737.86
1186,5,116,0.0,970.87
1187,1,140,20800.0,0.0
1187,2,122,0.0,605.82
1187,3,115,0.0,20194.17
1188,1,1352,34000.0,0.0
1188,2,122,0.0,990.3
1188,3,115,0.0,33009.71
1244,1,1352,450.0,0.0
1244,2,111,1500.0,0.0
1244,3,123,0.0,56.8
1244,4,116,0.0,1893.2
1283,1,1352,5000.0,0.0
1283,2,111,9000.0,0.0
1283,3,123,0.0,407.76
1283,4,116,0.0,13592.23
1281,1,1352,500.0,0.0
1281,2,123,0.0,14.56
1247,1,1352,17500.0,0.0
1247,2,122,0.0,509.7
1247,3,115,0.0,16990.29
1248,1,1352,7800.0,0.0
1248,2,123,0.0,227.18
1248,3,116,0.0,7572.82
1281,3,116,0.0,485.44
1276,1,1352,1300.0,0.0
1197,1,1352,550.0,0.0
1197,2,123,0.0,16.02
1197,3,116,0.0,533.98
1276,2,111,19000.0,0.0
1276,3,123,0.0,591.26
1276,4,116,0.0,19708.74
1199,1,1352,14100.0,0.0
1199,2,111,9400.0,0.0
1199,3,122,0.0,684.46
1199,4,115,0.0,22815.53
1200,1,140,3100.0,0.0
1200,2,123,0.0,90.3
1200,3,116,0.0,3009.71
1201,1,1352,3400.0,0.0
1201,2,123,0.0,99.02
1201,3,116,0.0,3300.97
1202,1,1352,8700.0,0.0
1202,2,111,800.0,0.0
1202,3,122,0.0,276.7
1202,4,115,0.0,9223.3
1203,1,140,4800.0,0.0
1203,2,111,5300.0,0.0
1203,3,122,0.0,294.18
1203,4,115,0.0,9805.83
1204,1,111,20000.0,0.0
1204,2,122,0.0,582.52
1204,3,115,0.0,19417.48
1205,1,111,10000.0,0.0
1205,2,122,0.0,291.26
1205,3,115,0.0,9708.74
1206,1,1352,10000.0,0.0
1206,2,111,3000.0,0.0
1206,3,122,0.0,378.64
1206,4,115,0.0,12621.36
1207,3,116,0.0,776.7
1208,1,1352,104000.0,0.0
1208,2,122,0.0,2708.74
1208,3,122,0.0,320.38
1208,4,115,0.0,90291.26
1208,5,115,0.0,10679.61
1209,1,1352,1500.0,0.0
1209,2,123,0.0,43.68
1209,3,116,0.0,1456.31
1210,1,1352,800.0,0.0
1210,2,111,1400.0,0.0
1210,3,123,0.0,64.08
1110,1,1352,12500.0,0.0
1110,2,122,0.0,364.08
1110,3,115,0.0,12135.92
1114,1,1352,6000.0,0.0
1114,2,111,32000.0,0.0
1114,3,122,0.0,1106.8
1114,4,115,0.0,36893.2
1115,1,140,2600.0,0.0
1115,2,123,0.0,75.72
1115,3,116,0.0,2524.27
1116,1,140,2000.0,0.0
1116,2,111,5500.0,0.0
1116,3,123,0.0,218.44
1116,4,116,0.0,7281.55
1117,1,111,2500.0,0.0
1117,2,122,0.0,72.82
1117,3,115,0.0,2427.18
1165,1,111,29300.0,0.0
1165,2,122,0.0,739.8
1165,3,123,0.0,113.6
1165,4,115,0.0,24660.19
1165,5,116,0.0,3786.41
1166,1,140,25000.0,0.0
1166,2,122,0.0,728.16
1166,3,115,0.0,24271.84
1167,1,140,6000.0,0.0
1167,2,123,0.0,174.76
1167,3,116,0.0,5825.24
1207,1,1352,800.0,0.0
1207,2,123,0.0,23.3
1210,4,116,0.0,2135.92
1211,1,1352,14000.0,0.0
1211,2,111,7450.0,0.0
1211,3,122,0.0,624.76
1211,4,115,0.0,20825.24
1212,1,1352,2700.0,0.0
1212,2,123,0.0,78.64
1212,3,116,0.0,2621.36
1213,1,140,25000.0,0.0
1213,2,111,6500.0,0.0
1213,3,122,0.0,495.14
1213,4,122,0.0,422.34
1213,5,115,0.0,16504.85
1213,6,115,0.0,14077.67
1214,1,1352,13500.0,0.0
1214,2,122,0.0,393.2
1214,3,115,0.0,13106.8
1215,1,140,1400.0,0.0
1215,2,123,0.0,40.78
1215,3,116,0.0,1359.22
1191,1,111,178000.0,0.0
1191,2,122,0.0,5184.46
1191,3,115,0.0,172815.53
1195,1,111,54500.0,0.0
1195,2,122,0.0,1587.38
1195,3,115,0.0,52912.62
1198,1,111,42500.0,0.0
1198,2,122,0.0,1237.86
1198,3,115,0.0,41262.14
1190,1,111,22000.0,0.0
1190,2,123,0.0,640.78
1190,3,116,0.0,21359.22
1189,1,111,13500.0,0.0
1189,2,123,0.0,393.2
1189,3,116,0.0,13106.8
1196,1,111,14400.0,0.0
1196,2,122,0.0,419.42
1196,3,115,0.0,13980.58
1194,1,111,38950.0,0.0
1194,2,150,0.0,0.4
1194,3,122,0.0,1134.46
1194,4,115,0.0,37815.15
1216,1,111,4200.0,0.0
1216,2,123,0.0,122.34
1216,3,116,0.0,4077.67
1217,1,111,10000.0,0.0
1217,2,123,0.0,291.26
1217,3,116,0.0,9708.74
1218,1,111,93000.0,0.0
1218,2,122,0.0,2708.74
1218,3,115,0.0,90291.26
1219,1,111,20000.0,0.0
1219,2,123,0.0,582.52
1219,3,116,0.0,19417.48
1220,1,1352,15000.0,0.0
1220,2,122,0.0,436.9
1220,3,115,0.0,14563.11
1221,1,1352,500.0,0.0
1221,2,123,0.0,14.56
1221,3,116,0.0,485.44
1222,1,1352,190.0,0.0
1222,2,123,0.0,5.54
1222,3,116,0.0,184.47
1223,1,140,11000.0,0.0
1223,2,111,18000.0,0.0
1223,3,122,0.0,844.66
1223,4,115,0.0,28155.34
1224,1,1352,9500.0,0.0
1224,2,122,0.0,276.7
1224,3,115,0.0,9223.3
1225,1,1352,20000.0,0.0
1225,2,122,0.0,582.52
1225,3,115,0.0,19417.48
1226,1,1352,250.0,0.0
1226,2,123,0.0,7.28
1226,3,116,0.0,242.72
1227,1,111,13650.0,0.0
1227,2,150,0.0,-0.21
1227,3,123,0.0,397.58
1228,1,111,7850.0,0.0
1228,2,123,0.0,228.64
1228,3,116,0.0,7621.36
1227,4,116,0.0,13252.63
1229,1,111,20000.0,0.0
1229,2,123,0.0,582.52
1229,3,116,0.0,19417.48
1230,1,140,42000.0,0.0
1230,2,122,0.0,1223.3
1230,3,115,0.0,40776.7
1231,1,1352,2940.0,0.0
1231,2,123,0.0,85.64
1231,3,116,0.0,2854.37
1232,1,1352,13400.0,0.0
1232,2,122,0.0,390.3
1232,3,115,0.0,13009.71
1233,1,1352,6500.0,0.0
1233,2,123,0.0,189.32
1233,3,116,0.0,6310.68
1234,1,1352,18200.0,0.0
1234,2,111,1800.0,0.0
1234,3,122,0.0,582.52
1234,4,115,0.0,19417.48
1235,1,1352,1500.0,0.0
1235,2,123,0.0,43.68
1235,3,116,0.0,1456.31
1236,1,111,65000.0,0.0
1236,2,122,0.0,1893.2
1236,3,115,0.0,63106.8
1259,1,1352,4000.0,0.0
1237,1,111,4000.0,0.0
1237,2,150,0.0,-0.01
1237,3,123,0.0,116.5
1237,4,116,0.0,3883.5
1238,1,111,16400.0,0.0
1238,2,122,0.0,477.66
1238,3,115,0.0,15922.33
1239,1,111,5100.0,0.0
1239,2,123,0.0,148.54
1239,3,116,0.0,4951.46
1240,1,111,6200.0,0.0
1240,2,122,0.0,180.58
1240,3,115,0.0,6019.42
1241,1,1352,2550.0,0.0
1241,2,122,0.0,74.28
1241,3,115,0.0,2475.73
1242,1,111,10300.0,0.0
1242,2,122,0.0,300.0
1242,3,115,0.0,10000.0
1243,1,1352,13500.0,0.0
1243,2,122,0.0,393.2
1243,3,115,0.0,13106.8
1251,1,1352,32000.0,0.0
1251,2,122,0.0,932.04
1251,3,115,0.0,31067.96
1273,3,123,0.0,273.78
1273,4,116,0.0,9126.21
1267,1,1352,8000.0,0.0
1253,1,140,18500.0,0.0
1253,2,150,0.0,-0.01
1253,3,123,0.0,538.84
1253,4,116,0.0,17961.17
1254,1,1352,1400.0,0.0
1254,2,123,0.0,40.78
1254,3,116,0.0,1359.22
1255,1,1352,3480.0,0.0
1255,2,123,0.0,101.36
1255,3,116,0.0,3378.64
1256,1,1352,5000.0,0.0
1256,2,123,0.0,145.64
1168,1,111,78750.0,0.0
1168,2,122,0.0,1747.58
1168,3,122,0.0,546.12
1168,4,115,0.0,58252.43
1168,5,115,0.0,18203.88
1169,1,140,24500.0,0.0
1169,2,122,0.0,582.52
1169,3,122,0.0,131.06
1169,4,115,0.0,19417.48
1169,5,115,0.0,4368.93
1192,1,140,24800.0,0.0
1192,2,122,0.0,722.34
1192,3,115,0.0,24077.67
1193,1,1352,17000.0,0.0
1193,2,122,0.0,495.14
1193,3,115,0.0,16504.85
1273,1,1352,3400.0,0.0
1267,2,111,4000.0,0.0
1256,3,116,0.0,4854.37
1259,2,111,3900.0,0.0
1259,3,123,0.0,230.1
1259,4,116,0.0,7669.9
1260,1,1352,900.0,0.0
1260,2,123,0.0,26.22
1260,3,116,0.0,873.79
1261,1,140,50000.0,0.0
1261,2,122,0.0,1456.32
1261,3,115,0.0,48543.69
1267,3,123,0.0,349.52
1267,4,116,0.0,11650.49
1266,1,1352,23500.0,0.0
1263,1,1352,13700.0,0.0
1263,2,122,0.0,399.02
1263,3,115,0.0,13300.97
1266,2,111,31000.0,0.0
1266,3,122,0.0,1587.38
1266,4,115,0.0,52912.62
1265,1,1352,10000.0,0.0
1265,2,111,7000.0,0.0
1265,3,122,0.0,495.14
1265,4,115,0.0,16504.85
1355,1,111,43000.0,0.0
1355,2,122,0.0,1252.42
1355,3,115,0.0,41747.57
1345,1,111,9000.0,0.0
1345,2,123,0.0,262.14
1345,3,116,0.0,8737.86
1268,1,1352,2800.0,0.0
1268,2,150,0.0,-0.01
1268,3,123,0.0,81.56
1268,4,116,0.0,2718.45
1342,1,1352,17500.0,0.0
1342,2,111,16000.0,0.0
1342,3,122,0.0,975.72
1342,4,115,0.0,32524.27
1315,1,111,20500.0,0.0
1315,2,150,0.0,0.01
1271,1,1352,2750.0,0.0
1271,2,123,0.0,80.1
1271,3,116,0.0,2669.9
1315,3,122,0.0,597.08
1315,4,115,0.0,19902.91
1337,1,111,21300.0,0.0
1337,2,122,0.0,620.38
1337,3,115,0.0,20679.61
1344,1,111,75000.0,0.0
1274,1,129,44000.0,0.0
1274,2,114,0.0,44000.0
1275,1,1352,26800.0,0.0
1275,2,114,44000.0,0.0
1275,3,122,0.0,1642.72
1275,4,122,0.0,419.42
1275,5,115,0.0,54757.28
1275,6,115,0.0,13980.58
1344,2,122,0.0,2184.46
1344,3,115,0.0,72815.53
1354,1,111,21000.0,0.0
1279,1,1352,7700.0,0.0
1279,2,111,2200.0,0.0
1279,3,150,0.0,0.01
1279,4,122,0.0,288.34
1279,5,115,0.0,9611.65
1280,1,1352,1800.0,0.0
1280,2,150,0.0,0.01
1280,3,123,0.0,52.42
1280,4,116,0.0,1747.57
1354,2,122,0.0,611.66
1354,3,115,0.0,20388.35
1361,1,111,15000.0,0.0
1282,1,1352,18500.0,0.0
1282,2,150,0.0,-0.01
1282,3,122,0.0,538.84
1282,4,115,0.0,17961.17
1361,2,123,0.0,436.9
1361,3,116,0.0,14563.11
1365,1,111,23100.0,0.0
1365,2,150,0.0,0.19
1284,1,1352,2400.0,0.0
1284,2,122,0.0,69.9
1284,3,115,0.0,2330.1
1285,1,1352,4700.0,0.0
1285,2,123,0.0,136.9
1285,3,116,0.0,4563.11
1286,1,1352,800.0,0.0
1286,2,123,0.0,23.3
1286,3,116,0.0,776.7
1287,1,1352,1900.0,0.0
1287,2,123,0.0,55.34
1287,3,116,0.0,1844.66
1288,1,1352,2000.0,0.0
1288,2,123,0.0,58.26
1288,3,116,0.0,1941.75
1289,1,1352,800.0,0.0
1289,2,123,0.0,23.3
1289,3,116,0.0,776.7
1290,1,1352,18300.0,0.0
1290,2,123,0.0,533.0
1290,3,116,0.0,17766.99
1291,1,1352,400.0,0.0
1291,2,123,0.0,11.66
1291,3,116,0.0,388.35
1292,1,1352,800.0,0.0
1292,2,123,0.0,23.3
1292,3,116,0.0,776.7
1293,1,1352,800.0,0.0
1293,2,123,0.0,23.3
1293,3,116,0.0,776.7
1294,1,1352,750.0,0.0
1294,3,116,0.0,728.16
1295,1,1352,1500.0,0.0
1295,2,123,0.0,43.68
1295,3,116,0.0,1456.31
1296,1,1352,800.0,0.0
1296,2,123,0.0,23.3
1296,3,116,0.0,776.7
1297,1,1352,1400.0,0.0
1297,2,123,0.0,40.78
1297,3,116,0.0,1359.22
1298,1,1352,10000.0,0.0
1298,2,122,0.0,291.26
1298,3,115,0.0,9708.74
1299,1,1352,3500.0,0.0
1299,2,123,0.0,37.86
1299,3,123,0.0,64.08
1299,4,116,0.0,1262.14
1299,5,116,0.0,2135.92
1300,1,1352,800.0,0.0
1300,2,123,0.0,23.3
1300,3,116,0.0,776.7
1301,1,1352,800.0,0.0
1301,2,123,0.0,23.3
1301,3,116,0.0,776.7
1302,1,1352,1500.0,0.0
1302,2,150,0.0,0.01
1302,3,123,0.0,43.68
1302,4,116,0.0,1456.31
1303,1,1352,2000.0,0.0
1303,2,150,0.0,-0.01
1303,3,123,0.0,58.26
1303,4,116,0.0,1941.75
1304,1,1352,9000.0,0.0
1304,2,122,0.0,262.14
1304,3,115,0.0,8737.86
1305,1,1352,13500.0,0.0
1305,2,122,0.0,393.2
1305,3,115,0.0,13106.8
1306,1,1352,3300.0,0.0
1306,2,123,0.0,96.12
1306,3,116,0.0,3203.88
1307,1,1352,108000.0,0.0
1307,2,122,0.0,3145.64
1307,3,115,0.0,104854.37
1308,1,1352,4530.0,0.0
1308,2,123,0.0,131.94
1308,3,116,0.0,4398.06
1309,1,1352,1700.0,0.0
1309,2,150,0.0,-0.01
1309,3,123,0.0,49.52
1310,1,1352,8600.0,0.0
1257,1,1352,20000.0,0.0
1257,2,111,8500.0,0.0
1257,3,122,0.0,830.1
1257,4,115,0.0,27669.9
1258,1,1352,15300.0,0.0
1258,2,122,0.0,419.42
1258,3,122,0.0,26.22
1258,4,115,0.0,13980.58
1258,5,115,0.0,873.79
1294,2,123,0.0,21.84
1310,2,122,0.0,250.48
1310,3,115,0.0,8349.51
1311,1,1352,1500.0,0.0
1311,2,123,0.0,43.68
1311,3,116,0.0,1456.31
1312,1,1352,1500.0,0.0
1312,2,123,0.0,43.68
1312,3,116,0.0,1456.31
1313,1,111,20000.0,0.0
1313,2,122,0.0,582.52
1313,3,115,0.0,19417.48
1314,1,111,9000.0,0.0
1314,2,122,0.0,262.14
1314,3,115,0.0,8737.86
1365,3,122,0.0,672.8
1373,1,111,28500.0,0.0
1373,2,122,0.0,830.1
1316,1,111,16600.0,0.0
1316,2,122,0.0,483.5
1316,3,115,0.0,16116.5
1317,1,111,16500.0,0.0
1317,2,122,0.0,480.58
1317,3,115,0.0,16019.42
1318,1,1352,89000.0,0.0
1318,2,122,0.0,1368.94
1318,3,122,0.0,349.52
1318,4,122,0.0,460.2
1318,5,122,0.0,355.34
1318,6,123,0.0,58.26
1318,7,115,0.0,45631.07
1318,8,115,0.0,11650.49
1318,9,115,0.0,15339.81
1318,10,115,0.0,11844.66
1318,11,116,0.0,1941.75
1319,1,111,1500.0,0.0
1319,2,150,0.0,0.01
1319,3,123,0.0,43.68
1319,4,116,0.0,1456.31
1320,1,1352,1500.0,0.0
1320,2,123,0.0,43.68
1320,3,116,0.0,1456.31
1321,1,1352,7100.0,0.0
1321,2,123,0.0,206.8
1321,3,116,0.0,6893.2
1322,1,1352,800.0,0.0
1322,2,123,0.0,23.3
1322,3,116,0.0,776.7
1323,1,1352,51000.0,0.0
1323,2,111,48000.0,0.0
1323,3,122,0.0,2883.5
1323,4,115,0.0,96116.5
1324,1,1352,3000.0,0.0
1324,2,122,0.0,87.38
1324,3,115,0.0,2912.62
1309,4,116,0.0,1650.49
1357,1,1352,150.0,0.0
1357,2,150,0.0,0.01
1357,3,123,0.0,4.36
1357,4,116,0.0,145.63
1358,1,1352,500.0,0.0
1358,2,111,4000.0,0.0
1358,3,123,0.0,131.06
1358,4,116,0.0,4368.93
1359,1,111,30000.0,0.0
1359,2,122,0.0,436.9
1359,3,122,0.0,436.9
1359,4,115,0.0,14563.11
1359,5,115,0.0,14563.11
1360,1,111,16800.0,0.0
1360,2,122,0.0,489.32
1360,3,115,0.0,16310.68
1373,3,115,0.0,27669.9
1369,1,111,47000.0,0.0
1369,2,122,0.0,1368.94
1362,1,1352,68000.0,0.0
1362,2,122,0.0,1980.58
1362,3,115,0.0,66019.42
1363,1,1352,7000.0,0.0
1363,2,122,0.0,203.88
1363,3,115,0.0,6796.12
1364,1,1352,10500.0,0.0
1364,2,111,28000.0,0.0
1364,3,122,0.0,932.04
1364,4,122,0.0,189.32
1364,5,115,0.0,31067.96
1364,6,115,0.0,6310.68
1369,3,115,0.0,45631.07
1365,4,115,0.0,22427.0
1398,1,1352,12800.0,0.0
1366,1,1352,20000.0,0.0
1366,2,111,1000.0,0.0
1366,3,150,0.0,-0.01
1366,4,122,0.0,611.66
1366,5,115,0.0,20388.35
1367,1,111,13000.0,0.0
1367,2,122,0.0,378.64
1367,3,115,0.0,12621.36
1368,1,1352,10000.0,0.0
1368,2,111,11000.0,0.0
1368,3,150,0.0,0.14
1368,4,122,0.0,253.4
1368,5,122,0.0,358.26
1368,6,115,0.0,8446.47
1368,7,115,0.0,11941.75
1398,2,122,0.0,372.82
1398,3,115,0.0,12427.18
1399,1,1352,1300.0,0.0
1370,1,1352,7350.0,0.0
1370,2,122,0.0,214.08
1370,3,115,0.0,7135.92
1371,1,1352,2200.0,0.0
1391,1,111,9500.0,0.0
1391,2,122,0.0,276.7
1391,3,115,0.0,9223.3
1392,1,1352,5500.0,0.0
1392,2,111,3000.0,0.0
1392,3,122,0.0,247.58
1392,4,115,0.0,8252.43
1393,1,1352,5000.0,0.0
1393,2,111,11000.0,0.0
1393,3,122,0.0,466.02
1393,4,115,0.0,15533.98
1394,1,1352,60000.0,0.0
1394,2,111,2000.0,0.0
1394,3,122,0.0,1368.94
1394,4,122,0.0,436.9
1394,5,115,0.0,45631.07
1394,6,115,0.0,14563.11
1395,1,1352,13000.0,0.0
1395,2,111,1500.0,0.0
1395,3,122,0.0,291.26
1395,4,122,0.0,131.06
1395,5,115,0.0,9708.74
1395,6,115,0.0,4368.93
1396,1,1352,600.0,0.0
1396,2,123,0.0,17.48
1396,3,116,0.0,582.52
1397,1,1352,5000.0,0.0
1397,2,150,0.0,-0.01
1397,3,123,0.0,145.64
1277,1,111,13000.0,0.0
1399,2,111,20500.0,0.0
1399,3,122,0.0,634.96
1399,4,115,0.0,21165.05
1400,1,111,107000.0,0.0
1400,2,122,0.0,436.9
1400,3,122,0.0,2679.62
1400,4,115,0.0,14563.11
1400,5,115,0.0,89320.39
1397,4,116,0.0,4854.37
1401,1,111,1950.0,0.0
1401,2,122,0.0,56.8
1401,3,115,0.0,1893.2
1402,1,111,19000.0,0.0
1402,2,122,0.0,553.4
1402,3,115,0.0,18446.6
1403,1,111,3000.0,0.0
1403,2,122,0.0,87.38
1403,3,115,0.0,2912.62
1404,1,111,15000.0,0.0
1404,2,123,0.0,436.9
1404,3,116,0.0,14563.11
1405,1,111,10000.0,0.0
1405,2,123,0.0,291.26
1405,3,116,0.0,9708.74
1406,1,111,71000.0,0.0
1406,2,122,0.0,2067.96
1406,3,115,0.0,68932.04
1417,1,1352,2000.0,0.0
1277,2,123,0.0,378.64
1273,2,111,6000.0,0.0
1417,2,111,1200.0,0.0
1278,1,1352,1300.0,0.0
1278,2,123,0.0,37.86
1278,3,116,0.0,1262.14
1371,2,111,13500.0,0.0
1417,3,123,0.0,93.2
1417,4,116,0.0,3106.8
1418,1,1352,40000.0,0.0
1418,2,122,0.0,1165.04
1418,3,115,0.0,38834.95
1419,1,111,8500.0,0.0
1419,2,123,0.0,247.58
1419,3,116,0.0,8252.43
1420,1,111,130000.0,0.0
1420,2,122,0.0,3786.4
1420,3,115,0.0,126213.59
1421,1,111,117000.0,0.0
1421,2,122,0.0,3407.76
1421,3,115,0.0,113592.23
1422,1,111,17900.0,0.0
1422,2,122,0.0,521.36
1422,3,115,0.0,17378.64
1423,1,111,4700.0,0.0
1423,2,123,0.0,136.9
1423,3,116,0.0,4563.11
1424,1,111,1850.0,0.0
1424,2,123,0.0,53.88
1424,3,116,0.0,1796.12
1425,1,1352,1000.0,0.0
1425,2,111,2000.0,0.0
1425,3,122,0.0,87.38
1425,4,115,0.0,2912.62
1426,1,111,3000.0,0.0
1426,2,123,0.0,87.38
1426,3,116,0.0,2912.62
1427,1,1352,5600.0,0.0
1427,2,122,0.0,93.2
1427,3,123,0.0,69.9
1427,4,115,0.0,3106.8
1427,5,116,0.0,2330.1
1428,1,1352,280.0,0.0
1428,2,123,0.0,8.16
1428,3,116,0.0,271.84
1429,1,111,29200.0,0.0
1429,2,122,0.0,850.48
1429,3,115,0.0,28349.51
1430,1,111,2730.0,0.0
1430,2,150,0.0,-0.48
1430,3,123,0.0,79.52
1431,1,111,6000.0,0.0
1431,2,150,0.0,0.25
1431,3,126,0.0,174.76
1431,4,119,0.0,5825.0
1432,1,111,7364.0,0.0
1432,2,150,0.0,-0.5
1432,3,126,0.0,214.5
1432,4,119,0.0,7150.0
1433,1,111,4800.0,0.0
1433,2,123,0.0,139.8
1433,3,116,0.0,4660.19
1374,1,111,12500.0,0.0
1374,2,123,0.0,364.08
1374,3,116,0.0,12135.92
1387,1,111,83000.0,0.0
1387,2,122,0.0,2417.48
1387,3,115,0.0,80582.52
1389,1,111,36700.0,0.0
1389,2,122,0.0,990.3
1389,3,122,0.0,78.64
1389,4,115,0.0,33009.71
1389,5,115,0.0,2621.36
1411,1,111,9800.0,0.0
1411,2,123,0.0,285.44
1411,3,116,0.0,9514.56
1448,1,1352,2500.0,0.0
1448,2,122,0.0,72.82
1448,3,115,0.0,2427.18
1449,1,1352,50000.0,0.0
1449,2,111,6000.0,0.0
1449,3,122,0.0,1631.06
1449,4,115,0.0,54368.93
1450,1,1352,100.0,0.0
1450,2,111,2500.0,0.0
1450,3,123,0.0,75.72
1450,4,116,0.0,2524.27
1451,1,1352,5500.0,0.0
1451,2,111,3500.0,0.0
1451,3,122,0.0,262.14
1451,4,115,0.0,8737.86
1452,1,1352,24000.0,0.0
1452,2,111,6000.0,0.0
1452,3,122,0.0,873.78
1452,4,115,0.0,29126.21
1453,1,111,14500.0,0.0
1453,2,122,0.0,422.34
1453,3,115,0.0,14077.67
1454,1,111,16000.0,0.0
1454,2,122,0.0,466.02
1454,3,115,0.0,15533.98
1455,1,111,18000.0,0.0
1455,2,122,0.0,524.28
1455,3,115,0.0,17475.73
1456,1,111,65500.0,0.0
1456,2,122,0.0,1907.76
1456,3,115,0.0,63592.23
1457,1,111,25000.0,0.0
1457,2,122,0.0,728.16
1457,3,115,0.0,24271.84
1458,1,111,70000.0,0.0
1458,2,150,0.0,-0.01
1458,3,122,0.0,2038.84
1516,1,1352,8900.0,0.0
1516,2,122,0.0,259.22
1516,3,115,0.0,8640.78
1517,1,1352,10000.0,0.0
1517,2,111,3000.0,0.0
1517,3,122,0.0,192.24
1517,4,122,0.0,186.4
1517,5,115,0.0,6407.77
1517,6,115,0.0,6213.59
1518,1,1352,10500.0,0.0
1518,2,122,0.0,305.82
1518,3,115,0.0,10194.17
1519,1,1352,4800.0,0.0
1519,2,111,3000.0,0.0
1519,3,150,0.0,-0.47
1519,4,122,0.0,227.2
1519,5,115,0.0,7573.27
1520,1,1352,5000.0,0.0
1520,2,111,29000.0,0.0
1520,3,150,0.0,0.17
1520,4,122,0.0,640.78
1520,5,122,0.0,349.5
1520,6,115,0.0,21359.22
1520,7,115,0.0,11650.33
1535,1,1352,7000.0,0.0
1535,2,122,0.0,203.88
1535,3,115,0.0,6796.12
1536,1,1352,35000.0,0.0
1536,3,122,0.0,1834.96
1536,4,115,0.0,61165.05
1537,1,1352,30500.0,0.0
1537,2,150,0.0,0.01
1537,3,122,0.0,873.78
1537,4,123,0.0,14.56
1537,5,115,0.0,29126.21
1537,6,116,0.0,485.44
1538,1,111,20300.0,0.0
1538,2,122,0.0,311.66
1538,3,122,0.0,279.62
1538,4,115,0.0,10388.35
1538,5,115,0.0,9320.39
1539,1,111,68000.0,0.0
1539,2,122,0.0,1980.58
1539,3,115,0.0,66019.42
1540,1,111,14008.0,0.0
1540,2,126,0.0,408.0
1540,3,119,0.0,13600.0
1541,1,1352,26500.0,0.0
1541,2,122,0.0,771.84
1541,3,115,0.0,25728.16
1542,1,111,80000.0,0.0
1542,2,122,0.0,2330.1
1542,3,115,0.0,77669.9
1554,1,111,132500.0,0.0
1554,2,122,0.0,3233.0
1554,3,122,0.0,626.22
1554,4,115,0.0,107766.99
1554,5,115,0.0,20873.79
1555,1,1352,11000.0,0.0
1555,2,111,30000.0,0.0
1555,3,122,0.0,567.96
1555,4,122,0.0,626.22
1555,5,115,0.0,18932.04
1555,6,115,0.0,20873.79
1556,1,1352,4800.0,0.0
1556,2,122,0.0,43.68
1325,1,1352,650.0,0.0
1325,2,150,0.0,-0.01
1325,3,123,0.0,18.94
1325,4,116,0.0,631.07
1326,1,111,800.0,0.0
1326,2,123,0.0,23.3
1326,3,116,0.0,776.7
1327,1,1352,1500.0,0.0
1327,2,123,0.0,43.68
1327,3,116,0.0,1456.31
1328,1,1352,42000.0,0.0
1328,2,122,0.0,611.66
1328,3,122,0.0,611.66
1328,4,115,0.0,20388.35
1328,5,115,0.0,20388.35
1329,1,1352,5500.0,0.0
1329,2,123,0.0,160.2
1329,3,116,0.0,5339.81
1330,1,111,21000.0,0.0
1330,2,122,0.0,611.66
1330,3,115,0.0,20388.35
1331,1,111,9000.0,0.0
1331,2,122,0.0,262.14
1331,3,115,0.0,8737.86
1332,1,111,19500.0,0.0
1332,2,122,0.0,567.96
1332,3,115,0.0,18932.04
1333,1,1352,28500.0,0.0
1333,2,122,0.0,830.1
1333,3,115,0.0,27669.9
1334,1,111,1500.0,0.0
1334,2,123,0.0,43.68
1334,3,116,0.0,1456.31
1335,1,111,18000.0,0.0
1335,2,122,0.0,524.28
1335,3,115,0.0,17475.73
1336,1,111,25000.0,0.0
1336,2,122,0.0,728.16
1336,3,115,0.0,24271.84
1536,2,111,28000.0,0.0
1543,1,1352,4900.0,0.0
1543,2,123,0.0,142.72
1338,1,1352,5600.0,0.0
1338,2,122,0.0,131.06
1338,3,123,0.0,32.04
1338,4,115,0.0,4368.93
1338,5,116,0.0,1067.96
1339,1,1352,11900.0,0.0
1339,2,122,0.0,346.6
1339,3,115,0.0,11553.4
1340,1,1352,2150.0,0.0
1340,2,111,1750.0,0.0
1340,3,123,0.0,113.6
1340,4,116,0.0,3786.41
1341,1,1352,9600.0,0.0
1341,2,111,10000.0,0.0
1341,3,122,0.0,570.88
1341,4,115,0.0,19029.13
1556,3,123,0.0,96.12
1556,4,115,0.0,1456.31
1556,5,116,0.0,3203.88
1343,1,111,20000.0,0.0
1343,2,122,0.0,582.52
1343,3,115,0.0,19417.48
1557,1,1352,4500.0,0.0
1557,2,111,48500.0,0.0
1557,3,122,0.0,1543.68
1557,4,115,0.0,51456.31
1558,1,111,2000.0,0.0
1558,2,123,0.0,58.26
1346,1,111,5500.0,0.0
1346,2,123,0.0,160.2
1346,3,116,0.0,5339.81
1347,1,111,40000.0,0.0
1347,2,122,0.0,1165.04
1347,3,115,0.0,38834.95
1348,1,111,15000.0,0.0
1348,2,122,0.0,436.9
1348,3,115,0.0,14563.11
1349,1,1352,1600.0,0.0
1349,2,123,0.0,46.6
1349,3,116,0.0,1553.4
1350,1,111,45000.0,0.0
1350,2,122,0.0,1310.68
1350,3,115,0.0,43689.32
1351,1,111,28000.0,0.0
1351,2,122,0.0,815.54
1351,3,115,0.0,27184.47
1352,1,1352,750.0,0.0
1352,2,123,0.0,21.84
1352,3,116,0.0,728.16
1353,1,111,88000.0,0.0
1353,2,122,0.0,2563.1
1353,3,115,0.0,85436.89
1558,3,116,0.0,1941.75
1559,1,1352,400.0,0.0
1559,2,123,0.0,11.66
1559,3,116,0.0,388.35
1560,1,111,30000.0,0.0
1560,2,122,0.0,873.78
1356,1,1352,1300.0,0.0
1356,2,123,0.0,37.86
1356,3,116,0.0,1262.14
1560,3,115,0.0,29126.21
1561,1,1352,3000.0,0.0
1561,2,122,0.0,87.38
1561,3,115,0.0,2912.62
1562,1,111,17000.0,0.0
1562,2,122,0.0,495.14
1562,3,115,0.0,16504.85
1563,1,111,500.0,0.0
1563,2,123,0.0,14.56
1563,3,116,0.0,485.44
1564,1,111,11500.0,0.0
1572,1,1352,2900.0,0.0
1572,2,123,0.0,84.46
1572,3,116,0.0,2815.53
1573,1,111,1200.0,0.0
1573,2,123,0.0,34.96
1573,3,116,0.0,1165.05
1574,1,111,4500.0,0.0
1574,2,123,0.0,131.06
1574,3,116,0.0,4368.93
1575,1,111,4000.0,0.0
1575,2,150,0.0,-0.18
1575,3,123,0.0,116.52
1576,1,111,151000.0,0.0
1576,2,150,0.0,0.2
1576,3,122,0.0,4398.06
1577,1,111,4000.0,0.0
1577,2,150,0.0,-0.01
1577,3,122,0.0,116.5
1577,4,115,0.0,3883.5
1578,1,1352,600.0,0.0
1578,2,123,0.0,17.48
1578,3,116,0.0,582.52
1579,1,1352,2100.0,0.0
1579,2,150,0.0,0.01
1579,3,123,0.0,61.16
1579,4,116,0.0,2038.83
1580,1,1352,15500.0,0.0
1580,2,111,14500.0,0.0
1580,3,122,0.0,873.78
1580,4,115,0.0,29126.21
1581,1,1352,2500.0,0.0
1581,2,123,0.0,72.82
1581,3,116,0.0,2427.18
1582,1,1352,900.0,0.0
1582,2,123,0.0,26.22
1582,3,116,0.0,873.79
1583,1,1352,8500.0,0.0
1583,2,122,0.0,247.58
1583,3,115,0.0,8252.43
1584,1,1352,22500.0,0.0
1584,2,111,3000.0,0.0
1584,3,122,0.0,495.14
1584,4,122,0.0,247.58
1584,5,115,0.0,16504.85
1584,6,115,0.0,8252.43
1585,1,1352,46700.0,0.0
1585,2,122,0.0,684.46
1585,3,122,0.0,334.96
1585,4,122,0.0,340.78
1585,5,115,0.0,22815.53
1585,6,115,0.0,11165.05
1585,7,115,0.0,11359.22
1586,1,1352,35000.0,0.0
1586,2,111,1.0,0.0
1586,3,150,0.0,-0.42
1586,4,123,0.0,32.04
1586,5,116,0.0,1067.96
1586,6,126,0.0,509.72
1586,7,126,0.0,477.68
1586,8,119,0.0,16991.0
1586,9,119,0.0,15923.0
1587,1,111,4000.0,0.0
1587,2,150,0.0,-0.01
1587,3,123,0.0,116.5
1587,4,116,0.0,3883.5
1371,3,122,0.0,457.28
1371,4,115,0.0,15242.72
1372,1,1352,9400.0,0.0
1372,2,122,0.0,273.78
1372,3,115,0.0,9126.21
1521,1,111,4700.0,0.0
1521,2,123,0.0,136.9
1521,3,116,0.0,4563.11
1522,1,1352,350.0,0.0
1522,2,150,0.0,-0.01
1522,3,123,0.0,10.2
1375,1,111,3000.0,0.0
1375,2,123,0.0,87.38
1375,3,116,0.0,2912.62
1376,1,1352,19000.0,0.0
1376,2,122,0.0,553.4
1376,3,115,0.0,18446.6
1377,1,111,31800.0,0.0
1377,2,150,0.0,0.18
1377,3,122,0.0,553.4
1377,4,122,0.0,372.82
1377,5,115,0.0,18446.43
1377,6,115,0.0,12427.18
1378,1,111,1500.0,0.0
1378,2,123,0.0,43.68
1378,3,116,0.0,1456.31
1379,1,1352,25000.0,0.0
1379,2,122,0.0,728.16
1379,3,115,0.0,24271.84
1380,1,111,27300.0,0.0
1380,2,122,0.0,509.7
1380,3,122,0.0,285.44
1380,4,115,0.0,16990.29
1380,5,115,0.0,9514.56
1381,1,1352,9000.0,0.0
1381,2,122,0.0,262.14
1381,3,115,0.0,8737.86
1382,1,1352,1700.0,0.0
1382,2,123,0.0,49.52
1382,3,116,0.0,1650.49
1383,1,1352,1500.0,0.0
1383,2,123,0.0,43.68
1383,3,116,0.0,1456.31
1384,1,111,4500.0,0.0
1384,2,122,0.0,131.06
1384,3,115,0.0,4368.93
1385,1,111,26000.0,0.0
1385,2,122,0.0,757.28
1385,3,115,0.0,25242.72
1386,1,111,6500.0,0.0
1386,2,123,0.0,189.32
1386,3,116,0.0,6310.68
1522,4,116,0.0,339.81
1523,1,1352,16000.0,0.0
1523,2,111,50650.0,0.0
1388,1,1352,17000.0,0.0
1388,2,111,40000.0,0.0
1388,3,150,0.0,-0.01
1388,4,122,0.0,349.52
1388,5,122,0.0,1310.68
1523,3,150,0.0,-0.09
1523,4,122,0.0,1941.26
1524,1,1352,12000.0,0.0
1524,2,111,28000.0,0.0
1524,3,122,0.0,1165.04
1388,6,115,0.0,11650.49
1388,7,115,0.0,43689.32
1390,1,1352,3000.0,0.0
1390,2,123,0.0,87.38
1390,3,116,0.0,2912.62
1525,1,111,125000.0,0.0
1525,2,122,0.0,3640.78
1525,3,115,0.0,121359.22
1526,1,111,9800.0,0.0
1526,2,122,0.0,285.44
1526,3,115,0.0,9514.56
1527,1,111,18500.0,0.0
1527,2,150,0.0,-0.01
1527,3,122,0.0,538.84
1527,4,115,0.0,17961.17
1528,1,1352,5400.0,0.0
1528,2,123,0.0,157.28
1528,3,116,0.0,5242.72
1529,1,1352,1200.0,0.0
1529,2,123,0.0,34.96
1529,3,116,0.0,1165.05
1530,1,1352,12400.0,0.0
1530,2,150,0.0,0.01
1530,3,122,0.0,361.16
1530,4,115,0.0,12038.83
1531,1,1352,5200.0,0.0
1531,2,123,0.0,151.46
1531,3,116,0.0,5048.54
1532,1,1352,3000.0,0.0
1532,2,111,27002.0,0.0
1532,3,150,0.0,0.16
1532,4,126,0.0,436.92
1532,5,126,0.0,436.92
1532,6,119,0.0,14564.0
1532,7,119,0.0,14564.0
1533,1,111,25000.0,0.0
1533,2,123,0.0,728.16
1533,3,116,0.0,24271.84
1534,1,1352,1750.0,0.0
1534,2,123,0.0,50.98
1534,3,116,0.0,1699.03
1591,1,1352,6200.0,0.0
1591,2,123,0.0,180.58
1591,3,116,0.0,6019.42
1592,1,111,1200.0,0.0
1592,2,123,0.0,34.96
1592,3,116,0.0,1165.05
1593,1,111,9000.0,0.0
1593,2,150,0.0,-0.14
1593,3,126,0.0,262.14
1593,4,119,0.0,8738.0
1594,1,111,4500.0,0.0
1594,3,116,0.0,4368.93
1595,1,1352,11000.0,0.0
1595,2,150,0.0,-0.4
1595,3,126,0.0,160.2
1595,4,126,0.0,160.2
1595,5,119,0.0,5340.0
1595,6,119,0.0,5340.0
1458,4,115,0.0,67961.17
1434,4,115,0.0,11135.87
1481,1,1352,15000.0,0.0
1524,4,115,0.0,38834.95
1514,1,111,75000.0,0.0
1514,2,122,0.0,2184.46
1514,3,115,0.0,72815.53
1512,1,111,62000.0,0.0
1512,2,122,0.0,1805.82
1512,3,115,0.0,60194.17
1500,1,111,23750.0,0.0
1500,2,150,0.0,0.38
1500,3,123,0.0,691.74
1498,1,111,68000.0,0.0
1498,2,122,0.0,1980.58
1498,3,115,0.0,66019.42
1511,1,111,81000.0,0.0
1511,2,122,0.0,2359.22
1511,3,115,0.0,78640.78
1523,5,115,0.0,64708.83
1602,1,111,18000.0,0.0
1602,2,122,0.0,524.28
1602,3,115,0.0,17475.73
1603,1,1352,23200.0,0.0
1603,2,122,0.0,675.72
1603,3,115,0.0,22524.27
1604,1,1352,11300.0,0.0
1604,2,122,0.0,329.12
1604,3,115,0.0,10970.87
1605,1,1352,6300.0,0.0
1605,2,122,0.0,183.5
1605,3,115,0.0,6116.5
1606,1,1352,35000.0,0.0
1606,2,122,0.0,495.14
1606,3,122,0.0,524.28
1606,4,115,0.0,16504.85
1606,5,115,0.0,17475.73
1638,1,1352,10000.0,0.0
1638,2,111,2700.0,0.0
1638,3,122,0.0,369.9
1638,4,115,0.0,12330.1
1639,1,111,6700.0,0.0
1639,2,122,0.0,195.14
1639,3,115,0.0,6504.85
1640,1,1352,100000.0,0.0
1640,2,111,300.0,0.0
1640,3,150,0.0,0.02
1640,4,122,0.0,1194.18
1640,5,122,0.0,431.06
1640,6,122,0.0,320.38
1640,7,123,0.0,975.72
1640,8,115,0.0,39805.83
1640,9,115,0.0,14368.93
1640,10,115,0.0,10679.61
1640,11,116,0.0,32524.27
1277,3,116,0.0,12621.36
1270,1,111,20000.0,0.0
1270,2,123,0.0,582.52
1270,3,116,0.0,19417.48
1262,1,111,12000.0,0.0
1262,2,123,0.0,349.52
1262,3,116,0.0,11650.49
1252,1,111,13500.0,0.0
1252,2,123,0.0,393.2
1252,3,116,0.0,13106.8
1250,1,111,85000.0,0.0
1250,2,122,0.0,2475.72
1250,3,115,0.0,82524.27
1249,1,111,12500.0,0.0
1249,2,123,0.0,364.08
1249,3,116,0.0,12135.92
1246,1,111,11000.0,0.0
1246,2,123,0.0,320.38
1246,3,116,0.0,10679.61
1245,1,111,59000.0,0.0
1245,2,122,0.0,1718.44
1245,3,115,0.0,57281.55
1272,1,1352,10000.0,0.0
1272,2,111,75000.0,0.0
1272,3,122,0.0,2475.72
1272,4,115,0.0,82524.27
1269,1,1352,5000.0,0.0
1269,2,111,19000.0,0.0
1269,3,123,0.0,699.02
1269,4,116,0.0,23300.97
1264,1,111,50000.0,0.0
1264,2,122,0.0,1456.32
1264,3,115,0.0,48543.69
1434,1,111,11470.0,0.0
1434,2,150,0.0,0.05
1434,3,122,0.0,334.08
1435,1,111,16500.0,0.0
1435,2,122,0.0,480.58
1435,3,115,0.0,16019.42
1436,1,111,13700.0,0.0
1436,2,122,0.0,399.02
1436,3,115,0.0,13300.97
1437,1,111,14000.0,0.0
1437,2,122,0.0,407.76
1437,3,115,0.0,13592.23
1438,1,111,10800.0,0.0
1438,2,122,0.0,314.56
1438,3,115,0.0,10485.44
1439,1,111,67800.0,0.0
1439,2,122,0.0,1974.76
1439,3,115,0.0,65825.24
1440,1,111,8000.0,0.0
1440,2,122,0.0,233.0
1440,3,115,0.0,7766.99
1441,1,1352,4000.0,0.0
1441,2,111,10899.0,0.0
1441,3,150,0.0,0.05
1441,4,126,0.0,433.96
1441,5,119,0.0,14465.0
1442,1,111,6500.0,0.0
1442,2,123,0.0,189.32
1442,3,116,0.0,6310.68
1443,1,1352,2900.0,0.0
1443,2,111,4000.0,0.0
1443,3,123,0.0,200.98
1443,4,116,0.0,6699.03
1444,1,1352,8000.0,0.0
1444,2,150,0.0,-0.01
1444,3,126,0.0,233.0
1444,4,119,0.0,7767.0
1445,1,111,20000.0,0.0
1445,2,122,0.0,582.52
1445,3,115,0.0,19417.48
1446,1,1352,44000.0,0.0
1446,2,122,0.0,1281.56
1446,3,115,0.0,42718.45
1447,1,1352,2600.0,0.0
1447,2,111,11000.0,0.0
1447,3,122,0.0,396.12
1447,4,115,0.0,13203.88
1459,1,1352,17500.0,0.0
1459,2,122,0.0,509.7
1459,3,115,0.0,16990.29
1460,1,1352,4300.0,0.0
1460,2,123,0.0,125.24
1460,3,116,0.0,4174.76
1461,1,1352,8400.0,0.0
1461,2,122,0.0,244.66
1461,3,115,0.0,8155.34
1462,1,1352,2200.0,0.0
1462,2,123,0.0,64.08
1462,3,116,0.0,2135.92
1463,1,111,1800.0,0.0
1463,2,122,0.0,52.42
1463,3,115,0.0,1747.57
1464,1,1352,850.0,0.0
1464,2,123,0.0,24.76
1464,3,116,0.0,825.24
1465,1,1352,5300.0,0.0
1465,2,123,0.0,154.36
1465,3,116,0.0,5145.63
1466,1,111,9500.0,0.0
1466,2,122,0.0,276.7
1466,3,115,0.0,9223.3
1467,1,111,15500.0,0.0
1467,2,122,0.0,451.46
1467,3,115,0.0,15048.54
1468,1,1352,400.0,0.0
1468,2,123,0.0,11.66
1468,3,116,0.0,388.35
1469,1,1352,38500.0,0.0
1469,2,111,130000.0,0.0
1469,3,150,0.0,0.01
1469,4,122,0.0,4907.76
1470,1,1352,3150.0,0.0
1470,2,122,0.0,91.74
1470,3,115,0.0,3058.25
1471,1,1352,2500.0,0.0
1471,2,123,0.0,72.82
1471,3,116,0.0,2427.18
1472,1,111,23000.0,0.0
1472,2,122,0.0,669.9
1472,3,115,0.0,22330.1
1473,1,1352,3000.0,0.0
1473,2,111,6500.0,0.0
1473,3,122,0.0,276.7
1473,4,115,0.0,9223.3
1474,1,111,14000.0,0.0
1474,2,122,0.0,407.76
1474,3,115,0.0,13592.23
1475,1,111,55000.0,0.0
1475,2,122,0.0,1601.94
1475,3,115,0.0,53398.06
1476,1,111,30000.0,0.0
1476,2,122,0.0,873.78
1476,3,115,0.0,29126.21
1477,1,111,22600.0,0.0
1477,2,122,0.0,658.26
1477,3,115,0.0,21941.75
1478,1,111,25800.0,0.0
1478,2,122,0.0,751.46
1478,3,115,0.0,25048.54
1479,1,111,41000.0,0.0
1479,2,122,0.0,1194.18
1479,3,115,0.0,39805.83
1469,5,115,0.0,163592.23
1480,1,1352,8000.0,0.0
1480,2,111,9000.0,0.0
1480,3,122,0.0,495.14
1480,4,115,0.0,16504.85
1800,1,1352,5000.0,0.0
1800,2,111,8500.0,0.0
1800,3,122,0.0,393.2
1482,1,111,4000.0,0.0
1482,2,150,0.0,-0.01
1482,3,123,0.0,116.5
1482,4,116,0.0,3883.5
1483,1,1352,8000.0,0.0
1483,2,111,3500.0,0.0
1483,3,122,0.0,334.96
1483,4,115,0.0,11165.05
1484,1,1352,2500.0,0.0
1484,2,123,0.0,72.82
1484,3,116,0.0,2427.18
1485,1,111,2200.0,0.0
1485,2,122,0.0,64.08
1485,3,115,0.0,2135.92
1800,4,115,0.0,13106.8
1801,1,111,10500.0,0.0
1801,2,122,0.0,305.82
1801,3,115,0.0,10194.17
1487,1,1352,24800.0,0.0
1487,2,111,33000.0,0.0
1487,3,122,0.0,1683.5
1487,4,115,0.0,56116.5
1488,1,1352,1800.0,0.0
1488,2,123,0.0,52.42
1488,3,116,0.0,1747.57
1489,1,1352,4000.0,0.0
1407,1,1352,1300.0,0.0
1407,2,123,0.0,37.86
1407,3,116,0.0,1262.14
1408,1,1352,6800.0,0.0
1408,2,111,13000.0,0.0
1408,3,122,0.0,576.7
1408,4,115,0.0,19223.3
1409,1,111,8200.0,0.0
1409,2,150,0.0,-0.01
1409,3,122,0.0,238.84
1409,4,115,0.0,7961.17
1410,1,111,10200.0,0.0
1410,2,122,0.0,297.08
1410,3,115,0.0,9902.91
1489,2,150,0.0,-0.01
1489,3,123,0.0,116.5
1489,4,116,0.0,3883.5
1412,1,111,15000.0,0.0
1412,2,123,0.0,436.9
1412,3,116,0.0,14563.11
1413,1,111,20500.0,0.0
1413,2,150,0.0,-0.4
1413,3,122,0.0,597.1
1414,1,1352,3900.0,0.0
1414,2,111,18000.0,0.0
1414,3,122,0.0,637.86
1414,4,115,0.0,21262.14
1415,1,111,33400.0,0.0
1415,2,122,0.0,972.82
1415,3,115,0.0,32427.18
1416,1,111,19000.0,0.0
1416,2,123,0.0,553.4
1416,3,116,0.0,18446.6
1490,1,1352,17700.0,0.0
1490,2,122,0.0,241.74
1490,3,122,0.0,273.78
1490,4,115,0.0,8058.25
1490,5,115,0.0,9126.21
1491,1,1352,5800.0,0.0
1491,2,111,22000.0,0.0
1491,3,122,0.0,701.94
1491,4,123,0.0,107.76
1491,5,115,0.0,23398.06
1491,6,116,0.0,3592.23
1492,1,1352,75000.0,0.0
1492,2,122,0.0,1631.06
1492,3,122,0.0,247.58
1492,4,123,0.0,305.82
1492,5,115,0.0,54368.93
1492,6,115,0.0,8252.43
1492,7,116,0.0,10194.17
1493,1,1352,8500.0,0.0
1493,2,111,27500.0,0.0
1493,3,122,0.0,1048.54
1493,4,115,0.0,34951.46
1494,1,1352,1000.0,0.0
1494,2,111,200.0,0.0
1494,3,123,0.0,34.96
1494,4,116,0.0,1165.05
1495,1,1352,3300.0,0.0
1495,2,111,7000.0,0.0
1495,3,122,0.0,300.0
1495,4,115,0.0,10000.0
1496,1,1352,4000.0,0.0
1496,2,111,500.0,0.0
1496,3,150,0.0,0.01
1496,4,123,0.0,131.06
1496,5,116,0.0,4368.93
1497,1,111,7999.0,0.0
1497,2,150,0.0,0.02
1497,3,126,0.0,232.98
1497,4,119,0.0,7766.0
1616,1,111,5500.0,0.0
1641,1,111,25000.0,0.0
1641,3,115,0.0,24271.84
1499,1,1352,27300.0,0.0
1499,2,150,0.0,0.1
1499,3,122,0.0,401.94
1499,4,122,0.0,393.2
1499,5,115,0.0,13397.96
1499,6,115,0.0,13106.8
1642,1,111,34500.0,0.0
1642,2,122,0.0,1004.86
1642,3,115,0.0,33495.15
1501,1,1352,45000.0,0.0
1501,2,122,0.0,1310.68
1501,3,115,0.0,43689.32
1502,1,1352,1500.0,0.0
1502,2,123,0.0,43.68
1502,3,116,0.0,1456.31
1503,1,1352,1350.0,0.0
1503,2,123,0.0,39.32
1503,3,116,0.0,1310.68
1504,1,1352,550.0,0.0
1504,2,123,0.0,16.02
1504,3,116,0.0,533.98
1505,1,1352,13500.0,0.0
1505,2,122,0.0,393.2
1505,3,115,0.0,13106.8
1506,1,1352,19800.0,0.0
1506,2,122,0.0,576.7
1506,3,115,0.0,19223.3
1507,1,1352,3200.0,0.0
1507,2,111,16300.0,0.0
1507,3,122,0.0,567.96
1507,4,115,0.0,18932.04
1508,1,1352,40000.0,0.0
1508,2,111,13800.0,0.0
1508,3,122,0.0,1567.0
1508,4,115,0.0,52233.01
1509,1,1352,22500.0,0.0
1509,2,122,0.0,655.34
1509,3,115,0.0,21844.66
1510,1,1352,1550.0,0.0
1510,2,111,8000.0,0.0
1510,3,122,0.0,278.16
1510,4,115,0.0,9271.84
1643,1,111,9000.0,0.0
1643,2,122,0.0,262.14
1643,3,115,0.0,8737.86
1644,1,111,7200.0,0.0
1644,2,122,0.0,209.7
1644,3,115,0.0,6990.29
1513,1,1352,4200.0,0.0
1513,2,111,31000.0,0.0
1513,3,122,0.0,1025.24
1513,4,115,0.0,34174.76
1645,1,111,16000.0,0.0
1645,2,122,0.0,466.02
1645,3,115,0.0,15533.98
1515,1,111,3500.0,0.0
1515,2,123,0.0,101.94
1515,3,116,0.0,3398.06
1646,1,111,46500.0,0.0
1646,2,122,0.0,1354.36
1646,3,115,0.0,45145.63
1647,1,1352,6500.0,0.0
1647,2,111,10500.0,0.0
1647,3,122,0.0,495.14
1647,4,115,0.0,16504.85
1648,1,1352,22780.0,0.0
1648,2,111,5000.0,0.0
1648,3,150,0.0,-0.19
1648,4,122,0.0,378.64
1648,5,122,0.0,430.5
1648,6,115,0.0,12621.36
1648,7,115,0.0,14349.7
1649,1,111,16000.0,0.0
1649,2,122,0.0,466.02
1649,3,115,0.0,15533.98
1650,1,1352,1400.0,0.0
1650,2,123,0.0,40.78
1650,3,116,0.0,1359.22
1651,1,1352,40000.0,0.0
1651,2,122,0.0,1063.1
1651,3,122,0.0,58.26
1651,4,123,0.0,43.68
1651,5,115,0.0,35436.89
1651,6,115,0.0,1941.75
1651,7,116,0.0,1456.31
1652,1,1352,4000.0,0.0
1652,2,111,500.0,0.0
1652,3,122,0.0,87.38
1652,4,123,0.0,43.68
1652,5,115,0.0,2912.62
1652,6,116,0.0,1456.31
1653,1,1352,30000.0,0.0
1653,2,122,0.0,873.78
1653,3,115,0.0,29126.21
1654,1,111,4000.0,0.0
1654,2,150,0.0,-0.01
1654,3,123,0.0,116.5
1654,4,116,0.0,3883.5
1655,1,1352,15000.0,0.0
1655,2,122,0.0,436.9
1655,3,115,0.0,14563.11
1656,1,1352,2300.0,0.0
1656,2,123,0.0,67.0
1656,3,116,0.0,2233.01
1543,3,116,0.0,4757.28
1544,1,1352,15000.0,0.0
1544,2,122,0.0,393.2
1544,3,123,0.0,43.68
1544,4,115,0.0,13106.8
1544,5,116,0.0,1456.31
1545,1,1352,8000.0,0.0
1545,2,111,20000.0,0.0
1545,3,122,0.0,815.54
1545,4,115,0.0,27184.47
1546,1,1352,6000.0,0.0
1546,2,111,4100.0,0.0
1546,3,122,0.0,133.98
1546,4,123,0.0,160.2
1546,5,115,0.0,4466.02
1547,1,1352,3000.0,0.0
1547,2,123,0.0,87.38
1547,3,116,0.0,2912.62
1548,1,1352,24000.0,0.0
1548,2,122,0.0,699.02
1548,3,115,0.0,23300.97
1549,1,1352,37800.0,0.0
1549,2,122,0.0,1100.98
1549,3,115,0.0,36699.03
1550,1,111,25000.0,0.0
1550,2,122,0.0,728.16
1550,3,115,0.0,24271.84
1551,1,1352,3700.0,0.0
1551,2,111,21000.0,0.0
1551,3,122,0.0,719.42
1551,4,115,0.0,23980.58
1552,1,1352,800.0,0.0
1552,2,123,0.0,23.3
1552,3,116,0.0,776.7
1553,1,111,45500.0,0.0
1553,2,122,0.0,1325.24
1553,3,115,0.0,44174.76
1802,3,122,0.0,104.86
1594,2,123,0.0,131.06
1616,2,123,0.0,160.2
1641,2,122,0.0,728.16
1657,1,1352,111000.0,0.0
1657,2,122,0.0,2912.62
1657,3,123,0.0,320.38
1657,4,115,0.0,97087.38
1657,5,116,0.0,10679.61
1658,1,1352,7700.0,0.0
1658,2,123,0.0,224.28
1658,3,116,0.0,7475.73
1659,1,1352,22000.0,0.0
1659,2,111,3000.0,0.0
1659,3,122,0.0,728.16
1659,4,115,0.0,24271.84
1660,1,111,13000.0,0.0
1660,2,122,0.0,378.64
1660,3,115,0.0,12621.36
1661,1,111,42000.0,0.0
1661,2,122,0.0,1223.3
1661,3,115,0.0,40776.7
1662,1,1352,19500.0,0.0
1662,2,111,12500.0,0.0
1662,3,122,0.0,932.04
1662,4,115,0.0,31067.96
1663,1,1352,5900.0,0.0
1663,2,111,1100.0,0.0
1663,3,122,0.0,203.88
1663,4,115,0.0,6796.12
1664,1,1352,1300.0,0.0
1664,2,111,200.0,0.0
1664,3,123,0.0,43.68
1664,4,116,0.0,1456.31
1665,1,1352,26890.0,0.0
1665,2,122,0.0,783.2
1665,3,115,0.0,26106.8
1666,1,1352,2900.0,0.0
1666,2,123,0.0,84.46
1666,3,116,0.0,2815.53
1667,1,111,11000.0,0.0
1667,2,122,0.0,320.38
1667,3,115,0.0,10679.61
1668,1,1352,2200.0,0.0
1668,2,123,0.0,64.08
1668,3,116,0.0,2135.92
1669,1,111,14500.0,0.0
1669,2,122,0.0,422.34
1669,3,115,0.0,14077.67
1670,1,111,19500.0,0.0
1670,2,122,0.0,72.82
1670,3,122,0.0,495.14
1670,4,115,0.0,2427.18
1670,5,115,0.0,16504.85
1671,1,111,20000.0,0.0
1671,2,122,0.0,582.52
1671,3,115,0.0,19417.48
1672,1,1352,6200.0,0.0
1672,2,111,4000.0,0.0
1672,3,122,0.0,297.08
1672,4,115,0.0,9902.91
1673,1,111,26500.0,0.0
1673,2,122,0.0,771.84
1673,3,115,0.0,25728.16
1674,1,1352,7000.0,0.0
1674,2,111,3500.0,0.0
1674,3,122,0.0,305.82
1674,4,115,0.0,10194.17
1675,1,1352,53500.0,0.0
1675,2,122,0.0,859.22
1675,3,122,0.0,699.02
1675,4,115,0.0,28640.78
1675,5,115,0.0,23300.97
1676,1,1352,1400.0,0.0
1676,2,123,0.0,40.78
1676,3,116,0.0,1359.22
1677,1,1352,1000.0,0.0
1677,2,150,0.0,0.01
1677,3,123,0.0,29.12
1677,4,116,0.0,970.87
1678,1,1352,34000.0,0.0
1678,2,111,3000.0,0.0
1678,3,122,0.0,524.28
1678,4,122,0.0,553.4
1678,5,115,0.0,17475.73
1678,6,115,0.0,18446.6
1679,1,1352,2500.0,0.0
1679,2,111,6500.0,0.0
1679,3,122,0.0,262.14
1679,4,115,0.0,8737.86
1680,1,111,10000.0,0.0
1680,2,122,0.0,291.26
1680,3,115,0.0,9708.74
1681,1,111,70000.0,0.0
1681,2,150,0.0,-0.01
1681,3,122,0.0,2038.84
1681,4,115,0.0,67961.17
1682,1,1352,71500.0,0.0
1682,2,122,0.0,2082.52
1682,3,115,0.0,69417.48
1683,1,1352,42900.0,0.0
1683,2,111,5000.0,0.0
1683,3,122,0.0,567.96
1683,4,122,0.0,827.18
1683,5,115,0.0,18932.04
1683,6,115,0.0,27572.82
1684,1,1352,800.0,0.0
1684,2,123,0.0,23.3
1684,3,116,0.0,776.7
1685,1,1352,1800.0,0.0
1685,2,123,0.0,52.42
1685,3,116,0.0,1747.57
1686,1,1352,26000.0,0.0
1686,2,122,0.0,757.28
1686,3,115,0.0,25242.72
1687,1,1352,1250.0,0.0
1687,2,123,0.0,36.4
1687,3,116,0.0,1213.59
1688,1,111,6000.0,0.0
1688,2,122,0.0,174.76
1688,3,115,0.0,5825.24
1689,1,1352,5350.0,0.0
1689,2,150,0.0,0.01
1689,3,123,0.0,155.82
1689,4,116,0.0,5194.17
1690,1,1352,15000.0,0.0
1690,2,111,6000.0,0.0
1690,3,150,0.0,-0.01
1690,4,122,0.0,611.66
1690,5,115,0.0,20388.35
1691,1,1352,3900.0,0.0
1691,2,122,0.0,113.6
1691,3,115,0.0,3786.41
1692,1,1352,40000.0,0.0
1692,2,122,0.0,990.3
1692,3,122,0.0,174.76
1692,4,115,0.0,33009.71
1692,5,115,0.0,5825.24
1693,1,1352,85900.0,0.0
1693,2,150,0.0,0.01
1693,3,122,0.0,961.16
1693,4,122,0.0,902.92
1802,4,115,0.0,3495.15
1565,1,1352,1000.0,0.0
1565,2,123,0.0,29.12
1565,3,116,0.0,970.87
1566,1,111,41750.0,0.0
1566,2,150,0.0,-0.01
1566,3,122,0.0,349.52
1566,4,122,0.0,866.5
1566,5,115,0.0,11650.49
1566,6,115,0.0,28883.5
1567,1,111,18500.0,0.0
1567,2,150,0.0,-0.01
1567,3,122,0.0,538.84
1567,4,115,0.0,17961.17
1568,1,111,102000.0,0.0
1568,2,122,0.0,2970.88
1568,3,115,0.0,99029.13
1803,1,111,2100.0,0.0
1803,2,150,0.0,0.01
1803,3,122,0.0,61.16
1570,1,1352,4000.0,0.0
1570,2,150,0.0,-0.01
1570,3,123,0.0,116.5
1570,4,116,0.0,3883.5
1571,1,1352,37500.0,0.0
1571,2,111,4000.0,0.0
1571,3,122,0.0,364.08
1571,4,122,0.0,844.66
1571,5,115,0.0,12135.92
1571,6,115,0.0,28155.34
1693,7,115,0.0,32038.83
1693,8,115,0.0,30097.09
1693,9,115,0.0,16504.85
1693,10,116,0.0,4757.28
1992,1,1352,1100.0,0.0
1992,2,123,0.0,32.04
1694,1,1352,4700.0,0.0
1694,2,150,0.0,-0.01
1694,3,122,0.0,136.9
1694,4,115,0.0,4563.11
1695,1,1352,12000.0,0.0
1695,2,111,25000.0,0.0
1695,3,122,0.0,1077.66
1695,4,115,0.0,35922.33
1696,1,1352,150000.0,0.0
1696,2,111,50000.0,0.0
1696,3,122,0.0,3873.78
1696,4,122,0.0,1951.46
1696,5,115,0.0,129126.21
1696,6,115,0.0,65048.54
1697,1,1352,10000.0,0.0
1697,2,123,0.0,291.26
1697,3,116,0.0,9708.74
1698,1,1352,81000.0,0.0
1698,2,150,0.0,0.01
1698,3,122,0.0,1033.98
1698,4,122,0.0,1150.48
1698,5,123,0.0,174.76
1698,6,115,0.0,34466.02
1698,7,115,0.0,38349.51
1698,8,116,0.0,5825.24
1699,1,1352,16550.0,0.0
1699,2,122,0.0,482.04
1699,3,115,0.0,16067.96
1700,1,111,2200.0,0.0
1700,2,123,0.0,64.08
1700,3,116,0.0,2135.92
1701,1,1352,92000.0,0.0
1701,2,150,0.0,-0.01
1701,3,122,0.0,2038.84
1701,4,122,0.0,640.78
1701,5,115,0.0,67961.17
1701,6,115,0.0,21359.22
1702,1,1352,4300.0,0.0
1702,2,122,0.0,32.04
1702,3,122,0.0,93.2
1702,4,115,0.0,1067.96
1702,5,115,0.0,3106.8
1703,1,111,24500.0,0.0
1703,2,122,0.0,713.6
1703,3,115,0.0,23786.41
1704,1,111,14000.0,0.0
1704,2,122,0.0,407.76
1704,3,115,0.0,13592.23
1705,1,1352,2000.0,0.0
1705,2,123,0.0,58.26
1705,3,116,0.0,1941.75
1706,1,1352,12000.0,0.0
1706,2,111,7000.0,0.0
1706,3,122,0.0,553.4
1706,4,115,0.0,18446.6
1707,1,111,13600.0,0.0
1707,2,122,0.0,396.12
1707,3,115,0.0,13203.88
1708,1,1352,1100.0,0.0
1708,2,123,0.0,32.04
1708,3,116,0.0,1067.96
1709,1,1352,45500.0,0.0
1709,2,111,7000.0,0.0
1709,3,122,0.0,1529.12
1709,4,115,0.0,50970.87
1710,1,111,5000.0,0.0
1710,2,150,0.0,-0.01
1710,3,122,0.0,145.64
1710,4,115,0.0,4854.37
1711,1,111,12700.0,0.0
1711,2,122,0.0,369.9
1711,3,115,0.0,12330.1
1712,1,1352,3700.0,0.0
1712,3,116,0.0,3592.23
1713,1,1352,2300.0,0.0
1713,2,123,0.0,67.0
1713,3,116,0.0,2233.01
1714,1,1352,7500.0,0.0
1714,2,150,0.0,0.01
1714,3,122,0.0,218.44
1714,4,115,0.0,7281.55
1715,1,1352,13600.0,0.0
1715,2,122,0.0,396.12
1715,3,115,0.0,13203.88
1716,1,111,23500.0,0.0
1716,2,122,0.0,684.46
1716,3,115,0.0,22815.53
1717,1,111,53500.0,0.0
1717,2,122,0.0,1135.92
1717,3,122,0.0,422.34
1717,4,115,0.0,37864.08
1717,5,115,0.0,14077.67
1718,1,1352,33500.0,0.0
1718,2,111,17500.0,0.0
1718,3,122,0.0,859.22
1718,4,122,0.0,626.22
1718,5,115,0.0,28640.78
1718,6,115,0.0,20873.79
1719,1,111,13000.0,0.0
1719,2,122,0.0,378.64
1719,3,115,0.0,12621.36
1720,1,1352,5000.0,0.0
1720,2,123,0.0,145.64
1720,3,116,0.0,4854.37
1721,1,111,6500.0,0.0
1721,2,122,0.0,189.32
1721,3,115,0.0,6310.68
1722,1,1352,24500.0,0.0
1722,2,111,1000.0,0.0
1722,3,150,0.0,-0.45
1722,4,122,0.0,489.34
1722,5,123,0.0,253.4
1722,6,115,0.0,16311.11
1723,1,1352,21000.0,0.0
1723,2,111,7000.0,0.0
1723,3,122,0.0,626.22
1723,4,122,0.0,189.32
1723,5,115,0.0,20873.79
1723,6,115,0.0,6310.68
1724,1,1352,12000.0,0.0
1724,2,111,9000.0,0.0
1724,3,122,0.0,611.66
1724,4,115,0.0,20388.35
1725,1,111,17500.0,0.0
1725,2,122,0.0,509.7
1725,3,115,0.0,16990.29
1726,1,111,22600.0,0.0
1726,2,122,0.0,451.46
1726,3,122,0.0,93.2
1726,4,122,0.0,113.6
1726,5,115,0.0,15048.54
1726,6,115,0.0,3106.8
1726,7,115,0.0,3786.41
1722,7,116,0.0,8446.6
1727,1,1352,900.0,0.0
1727,2,111,13000.0,0.0
1727,3,122,0.0,404.86
1727,4,115,0.0,13495.15
1728,1,1352,3000.0,0.0
1728,2,111,8000.0,0.0
1728,3,122,0.0,320.38
1728,4,115,0.0,10679.61
1729,1,111,4000.0,0.0
1588,1,111,1870.0,0.0
1588,2,123,0.0,54.46
1588,3,116,0.0,1815.53
1589,1,111,2500.0,0.0
1589,2,123,0.0,72.82
1589,3,116,0.0,2427.18
1590,1,1352,19000.0,0.0
1590,2,122,0.0,553.4
1590,3,115,0.0,18446.6
1712,2,123,0.0,107.76
1729,2,150,0.0,-0.01
1729,3,122,0.0,116.5
1729,4,115,0.0,3883.5
1730,1,111,2500.0,0.0
1730,2,123,0.0,72.82
1730,3,116,0.0,2427.18
1731,1,1352,11500.0,0.0
1731,2,122,0.0,334.96
1731,3,115,0.0,11165.05
1732,1,1352,2000.0,0.0
1732,2,123,0.0,58.26
1732,3,116,0.0,1941.75
1733,1,1352,9300.0,0.0
1733,2,111,2200.0,0.0
1733,3,122,0.0,163.1
1733,4,122,0.0,171.84
1733,5,115,0.0,5436.89
1733,6,115,0.0,5728.16
1734,1,1352,2400.0,0.0
1734,2,123,0.0,69.9
1734,3,116,0.0,2330.1
1735,1,111,21500.0,0.0
1735,2,122,0.0,626.22
1735,3,115,0.0,20873.79
1736,1,1352,11800.0,0.0
1736,2,122,0.0,343.68
1736,3,115,0.0,11456.31
1737,1,1352,250.0,0.0
1737,2,123,0.0,7.28
1737,3,116,0.0,242.72
1738,1,1352,7000.0,0.0
1738,2,111,6000.0,0.0
1738,3,122,0.0,378.64
1738,4,115,0.0,12621.36
1739,1,1352,6800.0,0.0
1739,2,111,900.0,0.0
1739,3,123,0.0,224.28
1739,4,116,0.0,7475.73
1740,1,1352,500.0,0.0
1740,2,123,0.0,14.56
1740,3,116,0.0,485.44
1741,1,1352,2700.0,0.0
1741,2,123,0.0,78.64
1741,3,116,0.0,2621.36
1742,1,111,22000.0,0.0
1742,2,122,0.0,640.78
1742,3,115,0.0,21359.22
1743,1,111,3900.0,0.0
1743,2,123,0.0,113.6
1743,3,116,0.0,3786.41
1744,1,111,4500.0,0.0
1744,2,123,0.0,131.06
1744,3,116,0.0,4368.93
1745,1,111,30000.0,0.0
1745,2,122,0.0,873.78
1745,3,115,0.0,29126.21
1746,1,111,3200.0,0.0
1746,2,123,0.0,93.2
1746,3,116,0.0,3106.8
1747,1,111,6000.0,0.0
1747,2,123,0.0,174.76
1747,3,116,0.0,5825.24
1748,1,1352,123000.0,0.0
1748,2,122,0.0,3582.52
1748,3,115,0.0,119417.48
1749,1,1352,21500.0,0.0
1749,2,111,14000.0,0.0
1749,3,122,0.0,1033.98
1749,4,115,0.0,34466.02
1750,1,111,25500.0,0.0
1750,2,122,0.0,742.72
1750,3,115,0.0,24757.28
1751,1,1352,800.0,0.0
1751,2,123,0.0,23.3
1751,3,116,0.0,776.7
1752,1,1352,88000.0,0.0
1752,2,150,0.0,-0.02
1752,3,122,0.0,1281.56
1752,4,122,0.0,902.92
1752,5,122,0.0,378.64
1752,6,115,0.0,42718.45
1752,7,115,0.0,30097.09
1752,8,115,0.0,12621.36
1753,1,111,2000.0,0.0
1753,2,122,0.0,58.26
1753,3,115,0.0,1941.75
1754,1,1352,16000.0,0.0
1754,2,122,0.0,466.02
1754,3,115,0.0,15533.98
1755,1,1352,5000.0,0.0
1755,2,111,4000.0,0.0
1755,3,122,0.0,262.14
1755,4,115,0.0,8737.86
1756,1,1352,250.0,0.0
1756,2,123,0.0,7.28
1756,3,116,0.0,242.72
1757,1,1352,21900.0,0.0
1757,2,122,0.0,637.86
1757,3,115,0.0,21262.14
1758,1,1352,15000.0,0.0
1758,2,122,0.0,436.9
1758,3,115,0.0,14563.11
1759,1,111,11500.0,0.0
1759,2,122,0.0,334.96
1759,3,115,0.0,11165.05
1760,1,111,6800.0,0.0
1760,2,123,0.0,198.06
1760,3,116,0.0,6601.94
1761,1,1352,5000.0,0.0
1761,2,123,0.0,145.64
1761,3,116,0.0,4854.37
1762,1,1352,1750.0,0.0
1762,2,123,0.0,50.98
1762,3,116,0.0,1699.03
1763,1,1352,2500.0,0.0
1763,2,123,0.0,72.82
1763,3,116,0.0,2427.18
1764,1,111,5000.0,0.0
1764,2,123,0.0,145.64
1764,3,116,0.0,4854.37
1765,1,111,15000.0,0.0
1765,2,122,0.0,378.64
1765,3,123,0.0,58.26
1765,4,115,0.0,12621.36
1765,5,116,0.0,1941.75
1766,1,111,93500.0,0.0
1766,2,122,0.0,2097.08
1766,3,122,0.0,626.22
1766,4,115,0.0,69902.91
1766,5,115,0.0,20873.79
1767,1,111,14200.0,0.0
1767,2,122,0.0,413.6
1767,3,115,0.0,13786.41
1768,1,111,9000.0,0.0
1768,2,122,0.0,262.14
1768,3,115,0.0,8737.86
1769,1,1352,10200.0,0.0
1769,2,122,0.0,297.08
1769,3,115,0.0,9902.91
1770,1,1352,800.0,0.0
1770,2,123,0.0,23.3
1770,3,116,0.0,776.7
1771,1,1352,7500.0,0.0
1771,2,111,5000.0,0.0
1771,3,122,0.0,364.08
1771,4,115,0.0,12135.92
1772,1,111,5000.0,0.0
1772,2,123,0.0,145.64
1772,3,116,0.0,4854.37
1773,1,111,94000.0,0.0
1773,2,122,0.0,2737.86
1773,3,115,0.0,91262.14
1774,1,1352,300.0,0.0
1774,2,123,0.0,8.74
1774,3,116,0.0,291.26
1775,1,111,5000.0,0.0
1775,2,123,0.0,145.64
1775,3,116,0.0,4854.37
1776,1,1352,4900.0,0.0
1776,2,123,0.0,142.72
1776,3,116,0.0,4757.28
1777,1,1352,44000.0,0.0
1777,2,150,0.0,-0.01
1777,3,122,0.0,1019.42
1777,4,122,0.0,160.2
1777,5,122,0.0,101.94
1777,6,115,0.0,33980.58
1777,7,115,0.0,5339.81
1777,8,115,0.0,3398.06
1596,1,1352,130000.0,0.0
1596,2,122,0.0,1827.66
1596,3,122,0.0,589.8
1596,4,122,0.0,1368.94
1596,5,115,0.0,60922.33
1596,6,115,0.0,19660.19
1596,7,115,0.0,45631.07
1597,1,1352,18700.0,0.0
1597,2,123,0.0,378.64
1597,3,123,0.0,166.02
1597,4,116,0.0,12621.36
1597,5,116,0.0,5533.98
1598,1,1352,8900.0,0.0
1598,2,122,0.0,259.22
1598,3,115,0.0,8640.78
1599,1,1352,6500.0,0.0
1599,2,122,0.0,189.32
1599,3,115,0.0,6310.68
1600,1,1352,9500.0,0.0
1600,2,111,14000.0,0.0
1600,3,122,0.0,684.46
1600,4,115,0.0,22815.53
1601,1,111,22000.0,0.0
1601,2,122,0.0,640.78
1601,3,115,0.0,21359.22
1607,1,1352,35500.0,0.0
1607,2,122,0.0,1033.98
1607,3,115,0.0,34466.02
1608,1,111,20500.0,0.0
1608,2,122,0.0,597.08
1608,3,115,0.0,19902.91
1609,1,111,6000.0,0.0
1609,2,123,0.0,174.76
1609,3,116,0.0,5825.24
1610,1,111,5000.0,0.0
1610,2,123,0.0,145.64
1610,3,116,0.0,4854.37
1611,1,111,23500.0,0.0
1611,2,122,0.0,684.46
1611,3,115,0.0,22815.53
1612,1,111,7500.0,0.0
1612,2,122,0.0,218.44
1612,3,115,0.0,7281.55
1613,1,111,5000.0,0.0
1613,2,123,0.0,145.64
1613,3,116,0.0,4854.37
1614,1,111,17800.0,0.0
1614,2,122,0.0,518.44
1614,3,115,0.0,17281.55
1615,1,1352,15000.0,0.0
1615,2,122,0.0,436.9
1615,3,115,0.0,14563.11
1621,1,1352,1000.0,0.0
1621,2,123,0.0,29.12
1621,3,116,0.0,970.87
1622,1,1352,55800.0,0.0
1622,2,122,0.0,844.66
1622,3,122,0.0,757.28
1622,4,123,0.0,23.3
1622,5,115,0.0,28155.34
1622,6,115,0.0,25242.72
1622,7,116,0.0,776.7
1623,1,1352,4000.0,0.0
1623,2,111,500.0,0.0
1623,3,122,0.0,131.06
1623,4,115,0.0,4368.93
1624,1,1352,290.0,0.0
1624,2,123,0.0,8.44
1624,3,116,0.0,281.55
1625,1,111,26001.0,0.0
1625,2,150,0.0,-0.32
1625,3,126,0.0,757.32
1625,4,119,0.0,25244.0
1626,1,1352,1850.0,0.0
1626,2,123,0.0,53.88
1626,3,116,0.0,1796.12
1627,1,1352,4500.0,0.0
1627,2,123,0.0,131.06
1627,3,116,0.0,4368.93
1628,1,1352,12500.0,0.0
1628,2,111,8000.0,0.0
1628,3,122,0.0,597.08
1628,4,115,0.0,19902.91
1629,1,1352,800.0,0.0
1629,2,111,800.0,0.0
1629,3,123,0.0,46.6
1629,4,116,0.0,1553.4
1630,1,1352,2300.0,0.0
1630,2,111,25000.0,0.0
1630,3,122,0.0,795.14
1630,4,115,0.0,26504.85
1631,1,1352,6700.0,0.0
1631,2,123,0.0,195.14
1631,3,116,0.0,6504.85
1632,1,1352,50000.0,0.0
1632,2,111,18000.0,0.0
1632,3,122,0.0,1980.58
1632,4,115,0.0,66019.42
1633,1,1352,6750.0,0.0
1633,2,122,0.0,196.6
1633,3,115,0.0,6553.4
1634,1,1352,4000.0,0.0
1634,2,123,0.0,116.5
1634,3,116,0.0,3883.5
1635,1,1352,8000.0,0.0
1635,2,111,9000.0,0.0
1635,3,122,0.0,495.14
1635,4,115,0.0,16504.85
1636,1,1352,25200.0,0.0
1636,2,122,0.0,733.98
1636,3,115,0.0,24466.02
1637,1,1352,6300.0,0.0
1637,2,122,0.0,183.5
1637,3,115,0.0,6116.5
1778,1,111,23000.0,0.0
1778,3,115,0.0,22330.1
1779,1,1352,1000.0,0.0
1779,2,123,0.0,29.12
1779,3,116,0.0,970.87
1780,1,1352,23500.0,0.0
1780,2,122,0.0,378.64
1780,3,123,0.0,305.82
1780,4,115,0.0,12621.36
1780,5,116,0.0,10194.17
1781,1,1352,1100.0,0.0
1781,2,123,0.0,32.04
1781,3,116,0.0,1067.96
1782,1,1352,1600.0,0.0
1782,2,123,0.0,46.6
1782,3,116,0.0,1553.4
1783,1,1352,2800.0,0.0
1783,2,123,0.0,81.56
1783,3,116,0.0,2718.45
1784,1,1352,2000.0,0.0
1784,2,123,0.0,58.26
1784,3,116,0.0,1941.75
1785,1,1352,31000.0,0.0
1785,2,122,0.0,902.92
1785,3,115,0.0,30097.09
1786,1,111,22000.0,0.0
1786,2,122,0.0,422.34
1786,3,122,0.0,218.44
1786,4,115,0.0,14077.67
1786,5,115,0.0,7281.55
1787,1,111,3000.0,0.0
1787,2,123,0.0,87.38
1787,3,116,0.0,2912.62
1788,1,111,4500.0,0.0
1788,2,123,0.0,131.06
1788,3,116,0.0,4368.93
1789,1,111,1200.0,0.0
1789,2,123,0.0,34.96
1789,3,116,0.0,1165.05
1790,1,111,4500.0,0.0
1790,2,123,0.0,131.06
1790,3,116,0.0,4368.93
1791,1,111,4500.0,0.0
1791,2,123,0.0,131.06
1791,3,116,0.0,4368.93
1792,1,111,59000.0,0.0
1792,2,122,0.0,1718.44
1792,3,115,0.0,57281.55
1793,1,111,300.0,0.0
1793,2,123,0.0,8.74
1793,3,116,0.0,291.26
1794,1,1352,3000.0,0.0
1794,2,111,9000.0,0.0
1794,3,122,0.0,349.52
1794,4,115,0.0,11650.49
1795,1,1352,10000.0,0.0
1795,2,111,10000.0,0.0
1795,3,122,0.0,582.52
1795,4,115,0.0,19417.48
1796,1,111,4000.0,0.0
1796,2,150,0.0,-0.01
1796,3,122,0.0,116.5
1796,4,115,0.0,3883.5
1797,1,1352,900.0,0.0
1797,2,123,0.0,26.22
1616,3,116,0.0,5339.81
1617,1,1352,122000.0,0.0
1617,2,111,10000.0,0.0
1617,3,122,0.0,2825.24
1617,4,122,0.0,1019.42
1617,5,115,0.0,94174.76
1617,6,115,0.0,33980.58
1618,1,1352,13000.0,0.0
1618,2,111,3500.0,0.0
1618,3,122,0.0,480.58
1618,4,115,0.0,16019.42
1619,1,1352,3000.0,0.0
1619,2,123,0.0,87.38
1619,3,116,0.0,2912.62
1620,1,1352,34500.0,0.0
1620,2,150,0.0,-0.29
1620,3,122,0.0,786.42
1620,4,122,0.0,218.44
1620,5,115,0.0,26213.87
1620,6,115,0.0,7281.55
1778,2,122,0.0,669.9
1797,3,116,0.0,873.79
1798,1,1352,2500.0,0.0
1798,2,123,0.0,72.82
1798,3,116,0.0,2427.18
1799,1,111,10500.0,0.0
1799,2,122,0.0,305.82
1799,3,115,0.0,10194.17
1413,4,115,0.0,19903.3
1430,4,116,0.0,2650.95
1481,2,123,0.0,436.9
1481,3,116,0.0,14563.11
1486,1,1352,5000.0,0.0
1486,2,122,0.0,145.64
1486,3,115,0.0,4854.37
1500,4,116,0.0,23057.88
1546,6,116,0.0,5339.81
1564,2,123,0.0,334.96
1564,3,116,0.0,11165.05
1569,1,111,10000.0,0.0
1569,2,123,0.0,291.26
1569,3,116,0.0,9708.74
1576,4,115,0.0,146601.75
1575,4,116,0.0,3883.67
1802,1,1352,1600.0,0.0
1802,2,111,2000.0,0.0
1803,4,115,0.0,2038.83
1804,1,111,20500.0,0.0
1804,2,122,0.0,597.08
1804,3,115,0.0,19902.91
1805,1,1352,21500.0,0.0
1805,2,123,0.0,626.22
1805,3,116,0.0,20873.79
1806,1,111,5500.0,0.0
1806,2,122,0.0,160.2
1806,3,115,0.0,5339.81
1807,1,111,20000.0,0.0
1807,2,122,0.0,582.52
1807,3,115,0.0,19417.48
1808,1,111,16800.0,0.0
1808,2,122,0.0,489.32
1808,3,115,0.0,16310.68
1809,1,111,25000.0,0.0
1809,2,122,0.0,728.16
1809,3,115,0.0,24271.84
1810,1,1352,16900.0,0.0
1810,2,122,0.0,492.24
1810,3,115,0.0,16407.77
1811,1,111,4500.0,0.0
1811,2,123,0.0,131.06
1811,3,116,0.0,4368.93
1812,1,111,4200.0,0.0
1812,2,123,0.0,122.34
1812,3,116,0.0,4077.67
1813,1,111,3500.0,0.0
1813,2,123,0.0,101.94
1813,3,116,0.0,3398.06
1814,1,1352,150000.0,0.0
1814,2,122,0.0,1747.58
1814,3,122,0.0,2330.1
1814,4,123,0.0,291.26
1814,5,115,0.0,58252.43
1814,6,115,0.0,77669.9
1814,7,116,0.0,9708.74
1815,1,1352,3300.0,0.0
1815,2,111,5000.0,0.0
1815,3,150,0.0,0.01
1815,4,122,0.0,241.74
1815,5,115,0.0,8058.25
1816,1,111,5000.0,0.0
1816,2,123,0.0,145.64
1816,3,116,0.0,4854.37
1817,1,111,10300.0,0.0
1817,2,122,0.0,300.0
1817,3,115,0.0,10000.0
1818,1,111,5200.0,0.0
1818,2,123,0.0,151.46
1818,3,116,0.0,5048.54
1819,1,111,6800.0,0.0
1819,2,123,0.0,198.06
1819,3,116,0.0,6601.94
1820,1,111,2500.0,0.0
1820,2,123,0.0,72.82
1820,3,116,0.0,2427.18
1821,1,1352,70000.0,0.0
1821,2,111,1.0,0.0
1821,3,150,0.0,0.28
1821,4,122,0.0,1019.42
1821,5,122,0.0,131.06
1821,6,122,0.0,116.52
1821,7,122,0.0,771.86
1821,8,115,0.0,33980.58
1821,9,115,0.0,4368.93
1821,10,115,0.0,3883.83
1821,11,115,0.0,25728.52
1822,1,1352,8200.0,0.0
1822,2,150,0.0,-0.01
1822,3,123,0.0,238.84
1822,4,116,0.0,7961.17
1823,1,1352,4600.0,0.0
1823,2,123,0.0,133.98
1823,3,116,0.0,4466.02
1824,1,1352,1800.0,0.0
1824,2,123,0.0,52.42
1824,3,116,0.0,1747.57
1825,1,111,2000.0,0.0
1825,2,123,0.0,58.26
1825,3,116,0.0,1941.75
1826,1,111,2000.0,0.0
1826,2,123,0.0,58.26
1826,3,116,0.0,1941.75
1827,1,111,2000.0,0.0
1827,2,123,0.0,58.26
1827,3,116,0.0,1941.75
1828,1,111,2000.0,0.0
1828,2,123,0.0,58.26
1828,3,116,0.0,1941.75
1829,1,111,4000.0,0.0
1829,2,150,0.0,-0.01
1829,3,123,0.0,116.5
1829,4,116,0.0,3883.5
1830,1,1352,18100.0,0.0
1830,2,122,0.0,527.18
1830,3,115,0.0,17572.82
1831,1,111,5500.0,0.0
1831,2,122,0.0,160.2
1831,3,115,0.0,5339.81
1832,1,111,65000.0,0.0
1832,2,122,0.0,1893.2
1832,3,115,0.0,63106.8
1833,1,111,3000.0,0.0
1833,2,122,0.0,87.38
1833,3,115,0.0,2912.62
1834,1,1352,5000.0,0.0
1834,2,123,0.0,145.64
1834,3,116,0.0,4854.37
1835,1,1352,21000.0,0.0
1835,2,111,1000.0,0.0
1835,3,122,0.0,640.78
1835,4,115,0.0,21359.22
1836,1,1352,55000.0,0.0
1836,2,111,10000.0,0.0
1836,3,150,0.0,0.37
1836,4,122,0.0,1893.2
1836,5,115,0.0,63106.44
1837,1,111,2000.0,0.0
1837,2,123,0.0,58.26
1837,3,116,0.0,1941.75
1838,1,1352,800.0,0.0
1838,2,111,500.0,0.0
1838,3,123,0.0,37.86
1838,4,116,0.0,1262.14
1851,1,1352,900.0,0.0
1851,2,123,0.0,26.22
1851,3,116,0.0,873.79
1852,1,1352,12920.0,0.0
1852,2,150,0.0,-0.01
1852,3,122,0.0,376.32
1852,4,115,0.0,12543.69
1839,1,1352,81000.0,0.0
1839,2,150,0.0,-0.31
1839,3,122,0.0,1660.2
1839,4,122,0.0,407.76
1839,5,122,0.0,291.26
1839,6,115,0.0,55340.03
1839,7,115,0.0,13592.32
1839,8,115,0.0,9708.74
1840,1,111,3000.0,0.0
1840,2,122,0.0,87.38
1840,3,115,0.0,2912.62
1841,1,1352,1000.0,0.0
1841,2,111,1000.0,0.0
1841,3,123,0.0,58.26
1841,4,116,0.0,1941.75
1842,1,1352,15000.0,0.0
1842,2,122,0.0,436.9
1842,3,115,0.0,14563.11
1843,1,1352,3000.0,0.0
1843,2,111,1000.0,0.0
1843,3,123,0.0,116.5
1843,4,116,0.0,3883.5
1844,1,111,5000.0,0.0
1844,2,123,0.0,145.64
1844,3,116,0.0,4854.37
1845,1,111,175300.0,0.0
1845,2,122,0.0,5105.82
1845,3,115,0.0,170194.17
1846,1,111,22700.0,0.0
1846,2,150,0.0,0.01
1846,3,122,0.0,661.16
1846,4,115,0.0,22038.83
1847,1,111,27550.0,0.0
1847,2,150,0.0,-0.23
1847,3,122,0.0,802.44
1847,4,115,0.0,26747.8
1848,1,111,6550.0,0.0
1848,2,122,0.0,190.78
1848,3,115,0.0,6359.22
1849,1,1352,14000.0,0.0
1849,2,122,0.0,407.76
1849,3,115,0.0,13592.23
1850,1,111,19000.0,0.0
1850,2,122,0.0,553.4
1850,3,115,0.0,18446.6
1853,1,1352,5000.0,0.0
1853,2,122,0.0,145.64
1853,3,115,0.0,4854.37
1854,1,1352,43500.0,0.0
1854,2,111,2000.0,0.0
1854,3,122,0.0,640.78
1854,4,122,0.0,684.46
1854,5,115,0.0,21359.22
1854,6,115,0.0,22815.53
1855,1,1352,5000.0,0.0
1855,2,123,0.0,145.64
1855,3,116,0.0,4854.37
1856,1,1352,30000.0,0.0
1856,2,111,500.0,0.0
1856,3,150,0.0,-0.34
1856,4,122,0.0,422.34
1856,5,122,0.0,407.78
1856,6,123,0.0,58.26
1856,7,115,0.0,14077.67
1856,8,115,0.0,13592.56
1856,9,116,0.0,1941.75
1857,1,1352,6000.0,0.0
1857,2,123,0.0,174.76
1857,3,116,0.0,5825.24
1858,1,1352,2600.0,0.0
1858,2,123,0.0,75.72
1858,3,116,0.0,2524.27
1859,1,111,68000.0,0.0
1859,2,122,0.0,1980.58
1859,3,115,0.0,66019.42
1860,1,111,19800.0,0.0
1860,2,122,0.0,343.68
1860,3,122,0.0,233.0
1860,4,115,0.0,11456.31
1860,5,115,0.0,7766.99
1861,1,1352,10000.0,0.0
1861,2,122,0.0,291.26
1861,3,115,0.0,9708.74
1862,1,1352,98000.0,0.0
1862,2,111,2000.0,0.0
1862,3,122,0.0,2912.62
1862,4,115,0.0,97087.38
1863,1,1352,1900.0,0.0
1863,2,123,0.0,55.34
1863,3,116,0.0,1844.66
1864,1,111,11200.0,0.0
1864,2,122,0.0,326.22
1864,3,115,0.0,10873.79
1865,1,1352,2400.0,0.0
1865,2,123,0.0,69.9
1865,3,116,0.0,2330.1
1866,1,1352,8500.0,0.0
1866,2,150,0.0,-0.01
1866,3,122,0.0,247.58
1866,4,115,0.0,8252.43
1867,1,1352,3000.0,0.0
1867,2,123,0.0,87.38
1867,3,116,0.0,2912.62
1868,1,1352,60000.0,0.0
1868,2,111,11500.0,0.0
1868,3,122,0.0,2082.52
1868,4,115,0.0,69417.48
1880,1,1352,66000.0,0.0
1880,2,111,20200.0,0.0
1880,3,122,0.0,2510.68
1880,4,115,0.0,83689.32
1881,1,1352,6000.0,0.0
1881,2,111,10000.0,0.0
1881,3,122,0.0,466.02
1881,4,115,0.0,15533.98
1882,1,111,12500.0,0.0
1882,2,122,0.0,364.08
1882,3,115,0.0,12135.92
1883,1,111,37000.0,0.0
1883,2,122,0.0,1077.66
1883,3,115,0.0,35922.33
1884,1,111,34000.0,0.0
1884,2,122,0.0,990.3
1884,3,115,0.0,33009.71
1885,1,111,11500.0,0.0
1885,2,122,0.0,334.96
1885,3,115,0.0,11165.05
1886,1,111,27000.0,0.0
1886,2,122,0.0,786.4
1886,3,115,0.0,26213.59
1887,1,1352,23800.0,0.0
1887,2,122,0.0,693.2
1887,3,115,0.0,23106.8
1888,1,1352,4350.0,0.0
1888,2,123,0.0,126.7
1888,3,116,0.0,4223.3
1889,1,1352,800.0,0.0
1889,2,123,0.0,23.3
1889,3,116,0.0,776.7
1890,1,1352,850.0,0.0
1890,2,123,0.0,24.76
1890,3,116,0.0,825.24
1891,1,1352,250.0,0.0
1891,2,111,100.0,0.0
1891,3,123,0.0,10.2
1891,4,116,0.0,339.81
1892,1,111,20000.0,0.0
1892,2,150,0.0,-0.39
1892,3,122,0.0,436.9
1892,4,122,0.0,64.08
1892,5,122,0.0,81.56
1892,6,115,0.0,14563.11
1892,7,115,0.0,2135.92
1892,8,115,0.0,2718.83
1893,1,1352,200.0,0.0
1893,2,111,150.0,0.0
1893,3,123,0.0,10.2
1893,4,116,0.0,339.81
1894,1,1352,450.0,0.0
1894,2,123,0.0,13.1
1894,3,116,0.0,436.89
1895,1,1352,300.0,0.0
1895,2,123,0.0,8.74
1895,3,116,0.0,291.26
1896,1,1352,3900.0,0.0
1896,2,123,0.0,113.6
1896,3,116,0.0,3786.41
1897,1,1352,740.0,0.0
1897,2,123,0.0,21.56
1897,3,116,0.0,718.45
1898,1,1352,850.0,0.0
1898,2,123,0.0,24.76
1898,3,116,0.0,825.24
1899,1,1352,5000.0,0.0
1899,2,123,0.0,145.64
1899,3,116,0.0,4854.37
1900,1,1352,7500.0,0.0
1900,2,111,1500.0,0.0
1900,3,122,0.0,262.14
1869,1,111,1102128.0,0.0
1869,2,150,0.0,0.19
1869,3,126,0.0,288.32
1869,4,126,0.0,179.96
1869,5,126,0.0,389.96
1869,6,126,0.0,209.96
1869,7,126,0.0,389.96
1869,8,126,0.0,179.96
1869,9,126,0.0,239.96
1869,10,126,0.0,329.96
1869,11,126,0.0,179.96
1869,12,126,0.0,179.96
1869,13,126,0.0,629.96
1869,14,126,0.0,315.0
1869,15,126,0.0,239.96
1869,16,126,0.0,179.96
1869,17,126,0.0,179.96
1869,18,126,0.0,179.96
1869,19,126,0.0,179.96
1869,20,126,0.0,164.96
1869,21,126,0.0,179.96
1869,22,126,0.0,179.96
1869,23,126,0.0,179.96
1869,24,126,0.0,164.96
1869,25,126,0.0,539.96
1869,26,126,0.0,164.96
1869,27,126,0.0,239.96
1869,28,126,0.0,689.96
1869,29,126,0.0,164.96
1869,30,126,0.0,539.96
1869,31,126,0.0,239.96
1869,32,126,0.0,164.96
1869,33,126,0.0,164.96
1869,34,126,0.0,539.96
1869,35,126,0.0,239.96
1869,36,126,0.0,689.96
1869,37,126,0.0,285.0
1869,38,126,0.0,239.96
1869,39,126,0.0,179.96
1869,40,126,0.0,179.96
1869,41,126,0.0,539.96
1869,42,126,0.0,689.96
1869,43,126,0.0,149.96
1869,44,126,0.0,315.0
1869,45,126,0.0,179.96
1869,46,126,0.0,239.96
1869,47,126,0.0,689.96
1869,48,126,0.0,689.96
1869,49,126,0.0,164.96
1869,50,126,0.0,164.96
1869,51,126,0.0,479.96
1869,52,126,0.0,239.96
1869,53,126,0.0,689.96
1869,54,126,0.0,285.0
1869,55,126,0.0,179.96
1869,56,126,0.0,239.96
1869,57,126,0.0,285.0
1869,58,126,0.0,479.96
1869,59,126,0.0,179.96
1869,60,126,0.0,539.96
1869,61,126,0.0,179.96
1869,62,126,0.0,239.96
1869,63,126,0.0,509.96
1869,64,126,0.0,479.96
1869,65,126,0.0,599.96
1869,66,126,0.0,329.96
1869,67,126,0.0,689.96
1869,68,126,0.0,479.96
1869,69,126,0.0,539.96
1869,70,126,0.0,179.96
1869,71,126,0.0,179.96
1869,72,126,0.0,239.96
1869,73,126,0.0,285.0
1869,74,126,0.0,179.96
1869,75,126,0.0,285.0
1869,76,126,0.0,539.96
1869,77,126,0.0,329.96
1869,78,126,0.0,209.96
1869,79,126,0.0,299.96
1869,80,126,0.0,209.96
1869,81,126,0.0,209.96
1869,82,126,0.0,194.96
1869,83,126,0.0,299.96
1869,84,126,0.0,569.96
1869,85,126,0.0,209.96
1869,86,126,0.0,569.96
1869,87,126,0.0,359.96
1869,88,126,0.0,239.96
1869,89,126,0.0,224.96
1869,90,126,0.0,719.96
1869,91,126,0.0,405.0
1869,92,126,0.0,1169.96
1869,93,126,0.0,569.96
1869,94,126,0.0,239.96
1869,95,126,0.0,375.0
1869,96,126,0.0,719.96
1869,97,119,0.0,9611.0
1869,98,119,0.0,5999.0
1869,99,119,0.0,12999.0
1869,100,119,0.0,6999.0
1869,101,119,0.0,12999.0
1869,102,119,0.0,5999.0
1869,103,119,0.0,7999.0
1869,104,119,0.0,10999.0
1869,105,119,0.0,5999.0
1869,106,119,0.0,5999.0
1869,107,119,0.0,20999.0
1869,108,119,0.0,10500.0
1869,109,119,0.0,7999.0
1869,110,119,0.0,5999.0
1869,111,119,0.0,5999.0
1869,112,119,0.0,5999.0
1869,113,119,0.0,5999.0
1869,114,119,0.0,5499.0
1869,115,119,0.0,5999.0
1869,116,119,0.0,5999.0
1869,117,119,0.0,5999.0
1869,118,119,0.0,5499.0
1869,119,119,0.0,17999.0
1869,120,119,0.0,5499.0
1869,121,119,0.0,7999.0
1869,122,119,0.0,22999.0
1869,123,119,0.0,5499.0
1869,124,119,0.0,17999.0
1869,125,119,0.0,7999.0
1869,126,119,0.0,5499.0
1869,127,119,0.0,5499.0
1869,128,119,0.0,17999.0
1869,129,119,0.0,7999.0
1869,130,119,0.0,22999.0
1869,131,119,0.0,9500.0
1869,132,119,0.0,7999.0
1869,133,119,0.0,5999.0
1869,134,119,0.0,5999.0
1869,135,119,0.0,17999.0
1869,136,119,0.0,22999.0
1869,137,119,0.0,4999.0
1869,138,119,0.0,10500.0
1869,139,119,0.0,5999.0
1869,140,119,0.0,7999.0
1869,141,119,0.0,22999.0
1869,142,119,0.0,22999.0
1869,143,119,0.0,5499.0
1869,144,119,0.0,5499.0
1869,145,119,0.0,15999.0
1869,146,119,0.0,7999.0
1869,147,119,0.0,22999.0
1869,148,119,0.0,9500.0
1869,149,119,0.0,5999.0
1869,150,119,0.0,7999.0
1869,151,119,0.0,9500.0
1869,152,119,0.0,15999.0
1869,153,119,0.0,5999.0
1869,154,119,0.0,17999.0
1869,155,119,0.0,5999.0
1869,156,119,0.0,7999.0
1869,157,119,0.0,16999.0
1869,158,119,0.0,15999.0
1869,159,119,0.0,19999.0
1869,160,119,0.0,10999.0
1869,161,119,0.0,22999.0
1869,162,119,0.0,15999.0
1869,163,119,0.0,17999.0
1869,164,119,0.0,5999.0
1869,165,119,0.0,5999.0
1869,166,119,0.0,7999.0
1869,167,119,0.0,9500.0
1869,168,119,0.0,5999.0
1869,169,119,0.0,9500.0
1869,170,119,0.0,17999.0
1869,171,119,0.0,10999.0
1869,172,119,0.0,6999.0
1869,173,119,0.0,9999.0
1869,174,119,0.0,6999.0
1869,175,119,0.0,6999.0
1869,176,119,0.0,6499.0
1869,177,119,0.0,9999.0
1869,178,119,0.0,18999.0
1869,179,119,0.0,6999.0
1869,180,119,0.0,18999.0
1869,181,119,0.0,11999.0
1869,182,119,0.0,7999.0
1869,183,119,0.0,7499.0
1869,184,119,0.0,23999.0
1869,185,119,0.0,13500.0
1869,186,119,0.0,38999.0
1869,187,119,0.0,18999.0
1869,188,119,0.0,7999.0
1869,189,119,0.0,12500.0
1869,190,119,0.0,23999.0
1870,1,1352,20000.0,0.0
1870,2,122,0.0,582.52
1870,3,115,0.0,19417.48
1871,1,1352,23000.0,0.0
1871,2,122,0.0,669.9
1871,3,115,0.0,22330.1
1872,1,1352,5000.0,0.0
1872,2,111,5000.0,0.0
1872,3,122,0.0,291.26
1872,4,115,0.0,9708.74
1873,1,1352,2900.0,0.0
1873,2,123,0.0,84.46
1873,3,116,0.0,2815.53
1874,1,1352,10000.0,0.0
1874,2,111,4000.0,0.0
1874,3,122,0.0,407.76
1874,4,115,0.0,13592.23
1875,1,1352,15000.0,0.0
1875,2,111,1000.0,0.0
1875,3,122,0.0,378.64
1875,4,122,0.0,87.38
1875,5,115,0.0,12621.36
1875,6,115,0.0,2912.62
1876,1,1352,25000.0,0.0
1876,2,122,0.0,728.16
1876,3,115,0.0,24271.84
1877,1,1352,800.0,0.0
1877,2,123,0.0,23.3
1877,3,116,0.0,776.7
1878,1,1352,60000.0,0.0
1878,2,111,10501.0,0.0
1878,3,150,0.0,0.26
1878,4,122,0.0,929.14
1878,5,122,0.0,1124.28
1878,6,115,0.0,30971.15
1878,7,115,0.0,37476.17
1879,1,1352,5000.0,0.0
1879,2,123,0.0,145.64
1879,3,116,0.0,4854.37
1900,4,115,0.0,8737.86
1901,1,1352,8000.0,0.0
1901,2,122,0.0,233.0
1901,3,115,0.0,7766.99
1902,1,1352,750.0,0.0
1902,2,123,0.0,21.84
1902,3,116,0.0,728.16
1903,1,1352,800.0,0.0
1903,2,123,0.0,23.3
1903,3,116,0.0,776.7
1904,1,1352,850.0,0.0
1904,2,123,0.0,24.76
1904,3,116,0.0,825.24
1905,1,1352,16000.0,0.0
1905,2,122,0.0,466.02
1905,3,115,0.0,15533.98
1906,1,1352,32400.0,0.0
1906,2,122,0.0,436.9
1906,3,122,0.0,436.9
1906,4,123,0.0,69.9
1906,5,115,0.0,14563.11
1906,6,115,0.0,14563.11
1906,7,116,0.0,2330.1
1907,1,1352,66000.0,0.0
1907,2,122,0.0,1922.34
1907,3,115,0.0,64077.67
1908,1,1352,8700.0,0.0
1908,2,123,0.0,253.4
1908,3,116,0.0,8446.6
1909,1,1352,51000.0,0.0
1909,2,111,4000.0,0.0
1909,3,122,0.0,1601.94
1909,4,115,0.0,53398.06
1910,1,111,26500.0,0.0
1910,2,122,0.0,771.84
1910,3,115,0.0,25728.16
1911,1,1352,23000.0,0.0
1911,2,122,0.0,669.9
1911,3,115,0.0,22330.1
1912,1,1352,1700.0,0.0
1912,2,123,0.0,49.52
1912,3,116,0.0,1650.49
1913,1,1352,4500.0,0.0
1913,2,123,0.0,131.06
1913,3,116,0.0,4368.93
1914,1,1352,2000.0,0.0
1914,2,111,500.0,0.0
1914,3,123,0.0,72.82
1914,4,116,0.0,2427.18
1915,1,1352,23000.0,0.0
1915,2,122,0.0,669.9
1915,3,115,0.0,22330.1
1916,1,1352,6000.0,0.0
1916,2,123,0.0,174.76
1916,3,116,0.0,5825.24
1917,1,1352,900.0,0.0
1917,2,123,0.0,26.22
1917,3,116,0.0,873.79
1918,1,1352,1600.0,0.0
1918,2,123,0.0,46.6
1918,3,116,0.0,1553.4
1919,1,1352,1900.0,0.0
1919,2,123,0.0,55.34
1919,3,116,0.0,1844.66
1920,1,1352,5000.0,0.0
1920,2,123,0.0,145.64
1920,3,116,0.0,4854.37
1921,1,1352,700.0,0.0
1921,2,123,0.0,20.38
1921,3,116,0.0,679.61
1922,1,111,14000.0,0.0
1922,2,122,0.0,407.76
1922,3,115,0.0,13592.23
1923,1,111,6700.0,0.0
1923,2,150,0.0,0.01
1923,3,122,0.0,195.14
1924,1,111,3200.0,0.0
1924,2,122,0.0,93.2
1924,3,115,0.0,3106.8
1925,1,111,12500.0,0.0
1925,2,122,0.0,364.08
1925,3,115,0.0,12135.92
1923,4,115,0.0,6504.85
1926,1,1352,5500.0,0.0
1926,2,123,0.0,160.2
1926,3,116,0.0,5339.81
1927,1,1352,27000.0,0.0
1927,2,111,2000.0,0.0
1927,3,122,0.0,844.66
1927,4,115,0.0,28155.34
1928,1,1352,1400.0,0.0
1928,2,111,100.0,0.0
1928,3,150,0.0,0.01
1928,4,123,0.0,43.68
1929,1,1352,22500.0,0.0
1929,2,122,0.0,655.34
1929,3,115,0.0,21844.66
1928,5,116,0.0,1456.31
1930,1,1352,2000.0,0.0
1930,2,123,0.0,58.26
1930,3,116,0.0,1941.75
1931,1,1352,21000.0,0.0
1931,2,122,0.0,611.66
1931,3,115,0.0,20388.35
1932,1,1352,2000.0,0.0
1932,2,123,0.0,58.26
1932,3,116,0.0,1941.75
1933,1,111,14000.0,0.0
1933,2,122,0.0,407.76
1933,3,115,0.0,13592.23
1934,1,111,35000.0,0.0
1934,2,122,0.0,436.9
1934,3,122,0.0,582.52
1934,4,115,0.0,14563.11
1934,5,115,0.0,19417.48
1935,1,111,24000.0,0.0
1935,2,122,0.0,699.02
1935,3,115,0.0,23300.97
1936,1,111,3000.0,0.0
1936,2,122,0.0,87.38
1936,3,115,0.0,2912.62
1937,1,111,5000.0,0.0
1937,2,123,0.0,145.64
1937,3,116,0.0,4854.37
1938,1,1352,14300.0,0.0
1938,2,122,0.0,378.64
1938,3,123,0.0,37.86
1938,4,115,0.0,12621.36
1938,5,116,0.0,1262.14
1939,1,111,15800.0,0.0
1939,2,122,0.0,460.2
1939,3,115,0.0,15339.81
1940,1,1352,13800.0,0.0
1940,2,111,3000.0,0.0
1940,3,122,0.0,489.32
1940,4,115,0.0,16310.68
1941,1,111,6000.0,0.0
1941,2,122,0.0,174.76
1941,3,115,0.0,5825.24
1942,1,111,250.0,0.0
1942,2,123,0.0,7.28
1942,3,116,0.0,242.72
1943,1,1352,1800.0,0.0
1943,2,123,0.0,52.42
1943,3,116,0.0,1747.57
1944,1,111,21000.0,0.0
1944,2,122,0.0,611.66
1944,3,115,0.0,20388.35
1945,1,111,1100.0,0.0
1945,2,123,0.0,32.04
1945,3,116,0.0,1067.96
1946,1,111,2000.0,0.0
1946,2,123,0.0,58.26
1946,3,116,0.0,1941.75
1947,1,1352,1100.0,0.0
1947,2,123,0.0,32.04
1947,3,116,0.0,1067.96
1948,1,111,24000.0,0.0
1948,2,122,0.0,349.52
1948,3,122,0.0,349.52
1948,4,115,0.0,11650.49
1948,5,115,0.0,11650.49
1949,1,111,5100.0,0.0
1949,2,123,0.0,148.54
1949,3,116,0.0,4951.46
1950,1,1352,122800.0,0.0
1950,2,122,0.0,780.58
1950,3,122,0.0,2796.12
1950,4,115,0.0,26019.42
1950,5,115,0.0,93203.88
1951,1,111,170000.0,0.0
1951,2,122,0.0,4951.46
1951,3,115,0.0,165048.54
1952,1,111,44000.0,0.0
1952,2,122,0.0,1281.56
1952,3,115,0.0,42718.45
1953,1,111,21000.0,0.0
1953,2,122,0.0,611.66
1953,3,115,0.0,20388.35
1954,1,1352,8500.0,0.0
1954,2,122,0.0,247.58
1954,3,115,0.0,8252.43
1693,5,122,0.0,495.14
1992,3,116,0.0,1067.96
2008,1,1352,9500.0,0.0
1956,1,1352,3500.0,0.0
1956,2,123,0.0,101.94
1956,3,116,0.0,3398.06
2008,2,111,22000.0,0.0
2008,3,122,0.0,917.48
2008,4,115,0.0,30582.52
2009,1,1352,2700.0,0.0
1958,1,111,5000.0,0.0
1958,2,122,0.0,145.64
1958,3,115,0.0,4854.37
1959,1,111,14500.0,0.0
1959,2,122,0.0,422.34
1959,3,115,0.0,14077.67
1960,1,111,5000.0,0.0
1960,2,123,0.0,145.64
1960,3,116,0.0,4854.37
2011,1,1352,14500.0,0.0
2011,2,111,4000.0,0.0
2011,3,150,0.0,-0.01
2011,4,122,0.0,538.84
2011,5,115,0.0,17961.17
2012,1,111,6000.0,0.0
2012,2,122,0.0,174.76
2012,3,115,0.0,5825.24
1963,1,111,5500.0,0.0
1963,2,123,0.0,160.2
1963,3,116,0.0,5339.81
2013,1,111,5700.0,0.0
2013,2,122,0.0,166.02
2013,3,115,0.0,5533.98
2014,1,111,9500.0,0.0
1965,1,1352,7000.0,0.0
1965,2,111,14500.0,0.0
1965,3,150,0.0,-0.01
1965,4,122,0.0,626.22
1965,5,115,0.0,20873.79
1966,1,1352,10000.0,0.0
1966,2,111,6500.0,0.0
1966,3,122,0.0,480.58
1966,4,115,0.0,16019.42
2014,2,122,0.0,276.7
2014,3,115,0.0,9223.3
2015,1,111,15500.0,0.0
2015,2,122,0.0,451.46
1968,1,1352,20000.0,0.0
1968,2,122,0.0,582.52
1968,3,115,0.0,19417.48
1969,1,1352,27800.0,0.0
1969,2,122,0.0,809.7
1969,3,115,0.0,26990.29
1970,1,111,5000.0,0.0
1970,2,122,0.0,145.64
1970,3,115,0.0,4854.37
2015,3,115,0.0,15048.54
2016,1,111,65000.0,0.0
2016,2,122,0.0,1893.2
2016,3,115,0.0,63106.8
1972,1,111,17200.0,0.0
1972,2,122,0.0,500.98
1972,3,115,0.0,16699.03
2017,1,111,15000.0,0.0
2017,2,150,0.0,0.05
2017,3,122,0.0,227.18
2017,4,122,0.0,209.72
2017,5,115,0.0,7572.47
2017,6,115,0.0,6990.59
1974,1,1352,88500.0,0.0
1974,2,150,0.0,0.1
1974,3,122,0.0,1456.32
1974,4,122,0.0,990.3
1974,5,122,0.0,131.06
1974,6,115,0.0,48543.69
1974,7,115,0.0,33010.06
1974,8,115,0.0,4368.49
1975,1,111,5000.0,0.0
1975,2,123,0.0,145.64
1975,3,116,0.0,4854.37
1976,1,111,54500.0,0.0
1976,2,122,0.0,422.34
1976,3,122,0.0,422.34
1976,4,122,0.0,407.76
1976,5,123,0.0,334.96
1976,6,115,0.0,14077.67
1976,7,115,0.0,14077.67
1976,8,115,0.0,13592.23
1976,9,116,0.0,11165.05
2018,1,111,3000.0,0.0
2018,2,123,0.0,87.38
2018,3,116,0.0,2912.62
2024,1,1352,2800.0,0.0
1978,1,1352,5900.0,0.0
1978,2,111,1000.0,0.0
1978,3,122,0.0,200.98
1978,4,115,0.0,6699.03
1979,1,111,17000.0,0.0
1979,2,122,0.0,495.14
1979,3,115,0.0,16504.85
1980,1,1352,42000.0,0.0
1980,2,111,32000.0,0.0
1980,3,122,0.0,2155.34
1980,4,115,0.0,71844.66
2024,2,122,0.0,81.56
2024,3,115,0.0,2718.45
2025,1,111,8500.0,0.0
2025,2,122,0.0,247.58
2025,3,115,0.0,8252.43
2026,1,111,1100.0,0.0
2026,2,123,0.0,32.04
1983,1,111,5000.0,0.0
1983,2,123,0.0,145.64
1983,3,116,0.0,4854.37
1984,1,1352,7800.0,0.0
1984,2,111,84000.0,0.0
1984,3,122,0.0,2673.78
1984,4,115,0.0,89126.21
2026,3,116,0.0,1067.96
2027,1,111,87000.0,0.0
2027,2,122,0.0,2533.98
2027,3,115,0.0,84466.02
2028,1,111,5400.0,0.0
2028,2,122,0.0,148.54
2028,3,123,0.0,8.74
2028,4,115,0.0,4951.46
2003,1,1352,950.0,0.0
2003,2,123,0.0,27.66
2003,3,116,0.0,922.33
2004,1,1352,500.0,0.0
2004,2,111,2500.0,0.0
2004,3,123,0.0,87.38
2004,4,116,0.0,2912.62
1989,1,1352,30600.0,0.0
1989,2,122,0.0,867.96
1989,3,123,0.0,23.3
1989,4,115,0.0,28932.04
1989,5,116,0.0,776.7
1990,1,1352,1250.0,0.0
1990,2,123,0.0,36.4
1990,3,116,0.0,1213.59
1991,1,1352,1750.0,0.0
1991,2,123,0.0,50.98
1991,3,116,0.0,1699.03
2005,1,111,1000.0,0.0
2005,2,123,0.0,29.12
2005,3,116,0.0,970.87
1993,1,1352,730.0,0.0
1993,2,123,0.0,21.26
1993,3,116,0.0,708.74
1994,1,111,6500.0,0.0
1994,2,122,0.0,189.32
1994,3,115,0.0,6310.68
1995,1,111,29000.0,0.0
1995,2,122,0.0,844.66
1995,3,115,0.0,28155.34
2006,1,111,5700.0,0.0
2006,2,123,0.0,166.02
2006,3,116,0.0,5533.98
2007,1,1352,7200.0,0.0
2007,2,122,0.0,119.42
2007,3,123,0.0,90.3
2007,4,115,0.0,3980.58
2007,5,116,0.0,3009.71
1971,1,1352,19100.0,0.0
1971,2,111,400.0,0.0
1971,3,122,0.0,567.96
1971,4,115,0.0,18932.04
1967,1,1352,6000.0,0.0
1967,2,111,9500.0,0.0
1967,3,122,0.0,451.46
1967,4,115,0.0,15048.54
1964,1,1352,13000.0,0.0
1964,2,111,5000.0,0.0
1964,3,150,0.0,-0.01
1964,4,122,0.0,524.28
1964,5,115,0.0,17475.73
1973,1,1352,53500.0,0.0
1973,2,150,0.0,-0.3
1973,3,122,0.0,902.92
1973,4,122,0.0,655.34
1973,5,115,0.0,30097.38
1973,6,115,0.0,21844.66
1962,1,1352,12300.0,0.0
1962,2,111,2000.0,0.0
1962,3,122,0.0,416.5
1962,4,115,0.0,13883.5
1961,1,111,7500.0,0.0
1961,2,150,0.0,0.01
1961,3,123,0.0,218.44
1961,4,116,0.0,7281.55
1957,1,1352,500.0,0.0
1957,2,111,17000.0,0.0
1957,3,150,0.0,0.01
1957,4,122,0.0,509.7
1957,5,115,0.0,16990.29
1955,1,111,13400.0,0.0
1955,2,150,0.0,-0.01
1955,3,122,0.0,390.3
1955,4,115,0.0,13009.71
1693,6,123,0.0,142.72
2009,2,123,0.0,78.64
2028,5,116,0.0,291.26
2029,1,1352,2400.0,0.0
2029,2,123,0.0,69.9
2029,3,116,0.0,2330.1
2030,1,1352,24000.0,0.0
2030,2,111,15000.0,0.0
2030,3,122,0.0,1135.92
2030,4,115,0.0,37864.08
2031,1,111,25000.0,0.0
2031,2,122,0.0,728.16
2031,3,115,0.0,24271.84
2032,1,111,1100.0,0.0
2032,2,123,0.0,32.04
2032,3,116,0.0,1067.96
2033,1,1352,12000.0,0.0
2033,2,111,20000.0,0.0
2033,3,122,0.0,932.04
2033,4,115,0.0,31067.96
2034,1,1352,26950.0,0.0
2034,2,150,0.0,-0.42
2034,3,122,0.0,784.96
2034,4,115,0.0,26165.46
2035,1,1352,2350.0,0.0
2035,2,123,0.0,68.44
2035,3,116,0.0,2281.55
2036,1,111,45000.0,0.0
2036,2,122,0.0,1310.68
2036,3,115,0.0,43689.32
2037,1,1352,43200.0,0.0
2037,2,111,161800.0,0.0
2037,3,122,0.0,5970.88
2037,4,115,0.0,199029.13
2038,1,111,16800.0,0.0
2038,2,122,0.0,489.32
2038,3,115,0.0,16310.68
2039,1,1352,2000.0,0.0
2039,2,111,2000.0,0.0
2039,3,150,0.0,-0.01
2039,4,122,0.0,116.5
2039,5,115,0.0,3883.5
2041,1,1352,35350.0,0.0
2041,3,115,0.0,34320.39
2042,1,1352,1200.0,0.0
2042,2,123,0.0,34.96
2042,3,116,0.0,1165.05
2043,1,111,450.0,0.0
2043,2,123,0.0,13.1
2043,3,116,0.0,436.89
2044,1,111,33000.0,0.0
2044,2,150,0.0,-0.12
2044,3,122,0.0,495.14
2044,4,122,0.0,466.02
2044,5,115,0.0,16504.85
2045,1,111,69000.0,0.0
2045,2,150,0.0,0.01
2045,3,122,0.0,2009.7
2046,1,111,49000.0,0.0
2046,2,150,0.0,0.45
2046,3,122,0.0,1092.22
2046,4,122,0.0,291.26
2046,5,123,0.0,43.68
2046,6,115,0.0,36407.33
2046,7,115,0.0,9708.74
2046,8,116,0.0,1456.31
2045,4,115,0.0,66990.29
2044,6,115,0.0,15534.11
2047,1,1352,500.0,0.0
2047,2,123,0.0,14.56
2047,3,116,0.0,485.44
2048,1,111,24500.0,0.0
2048,2,122,0.0,713.6
2048,3,115,0.0,23786.41
2049,1,1352,11400.0,0.0
2049,2,122,0.0,332.04
2049,3,115,0.0,11067.96
2050,1,111,2500.0,0.0
2050,2,123,0.0,72.82
2050,3,116,0.0,2427.18
2052,1,1352,1600.0,0.0
2052,2,111,24000.0,0.0
2052,3,122,0.0,334.96
2052,4,122,0.0,410.68
2052,5,115,0.0,11165.05
2052,6,115,0.0,13689.32
2053,1,1352,19200.0,0.0
2053,2,113,300.0,0.0
2053,3,150,0.0,-0.25
2053,4,122,0.0,567.96
2053,5,115,0.0,18932.28
2054,1,111,47000.0,0.0
2054,2,113,1400.0,0.0
2054,3,122,0.0,1409.7
2054,4,115,0.0,46990.29
2055,1,111,11000.0,0.0
2055,2,122,0.0,320.38
2055,3,115,0.0,10679.61
2056,1,1352,1200.0,0.0
2056,2,123,0.0,34.96
2056,3,116,0.0,1165.05
2057,1,1352,526.0,0.0
2057,2,111,34000.0,0.0
2057,3,122,0.0,1005.62
2057,4,115,0.0,33520.39
1998,1,1352,9000.0,0.0
1998,2,111,51500.0,0.0
1998,3,122,0.0,1762.14
1998,4,115,0.0,58737.86
1997,1,1352,3500.0,0.0
1997,2,122,0.0,101.94
1997,3,115,0.0,3398.06
1999,1,1352,6000.0,0.0
1999,2,123,0.0,174.76
1999,3,116,0.0,5825.24
2000,1,1352,7000.0,0.0
2000,2,123,0.0,203.88
2000,3,116,0.0,6796.12
2001,1,1352,107000.0,0.0
2001,2,111,85800.0,0.0
2001,3,122,0.0,5615.54
2001,4,115,0.0,187184.47
2002,1,1352,22000.0,0.0
2002,2,122,0.0,640.78
2002,3,115,0.0,21359.22
1988,1,111,6500.0,0.0
1988,2,123,0.0,189.32
1988,3,116,0.0,6310.68
1987,1,1352,15000.0,0.0
1987,2,150,0.0,-0.01
1987,3,122,0.0,436.9
1987,4,115,0.0,14563.11
1996,1,1352,10000.0,0.0
1996,2,111,30000.0,0.0
1996,3,150,0.0,0.01
1996,4,122,0.0,1165.04
1996,5,115,0.0,38834.95
1985,1,1352,3000.0,0.0
1985,2,111,1500.0,0.0
1985,3,150,0.0,0.01
1985,4,123,0.0,131.06
1985,5,116,0.0,4368.93
1986,1,1352,6500.0,0.0
1986,2,122,0.0,131.06
1986,3,123,0.0,58.26
1986,4,115,0.0,4368.93
1986,5,116,0.0,1941.75
2019,1,1352,50000.0,0.0
2019,2,111,15000.0,0.0
2019,3,107,110000.0,0.0
1982,1,1352,4000.0,0.0
1982,2,111,43000.0,0.0
1982,3,150,0.0,-0.01
1982,4,122,0.0,1368.94
1982,5,115,0.0,45631.07
1981,1,1352,2500.0,0.0
1981,2,111,4100.0,0.0
1981,3,150,0.0,-0.01
1981,4,122,0.0,192.24
1981,5,115,0.0,6407.77
1977,1,1352,5000.0,0.0
1977,2,111,18000.0,0.0
1977,3,122,0.0,669.9
1977,4,115,0.0,22330.1
2019,4,150,0.0,0.28
2019,5,122,0.0,4223.3
2019,6,122,0.0,873.78
2019,7,115,0.0,140776.42
2019,8,115,0.0,29126.21
2020,1,1352,900.0,0.0
2020,2,123,0.0,26.22
2020,3,116,0.0,873.79
2021,1,111,19501.0,0.0
2021,2,150,0.0,0.28
2021,3,122,0.0,284.0
2021,4,122,0.0,284.0
2021,5,115,0.0,9466.37
2021,6,115,0.0,9466.37
2022,1,111,1500.0,0.0
2022,2,123,0.0,43.68
2022,3,116,0.0,1456.31
2023,1,111,3500.0,0.0
2023,2,122,0.0,101.94
2023,3,115,0.0,3398.06
2041,2,122,0.0,1029.62
2058,1,129,114761.0,0.0
2058,2,114,0.0,114761.0
2059,1,113,445.0,0.0
2059,2,150,0.0,0.11
2059,3,114,114761.0,0.0
2059,4,122,0.0,2912.62
2059,5,115,0.0,97087.38
2059,6,126,0.0,442.88
2059,7,119,0.0,14763.0
2060,1,111,13366.0,0.0
2060,2,113,402.0,0.0
2060,3,150,0.0,-0.01
2060,4,126,0.0,194.52
2060,5,126,0.0,206.48
2060,6,119,0.0,6484.0
2060,7,119,0.0,6883.0
2061,1,1352,8900.0,0.0
2061,2,122,0.0,259.22
2061,3,115,0.0,8640.78
2062,1,111,2900.0,0.0
2062,2,122,0.0,84.46
2062,3,115,0.0,2815.53
2063,1,1352,15800.0,0.0
2063,2,122,0.0,460.2
2063,3,115,0.0,15339.81
2064,1,1352,7500.0,0.0
2064,3,115,0.0,7281.55
2065,1,111,46800.0,0.0
2065,2,122,0.0,850.48
2065,3,122,0.0,512.62
2065,4,115,0.0,28349.51
2065,5,115,0.0,17087.38
2066,1,1352,17650.0,0.0
2066,2,122,0.0,514.08
2066,3,115,0.0,17135.92
2067,1,111,18500.0,0.0
2067,2,150,0.0,-0.01
2067,3,122,0.0,538.84
2067,4,115,0.0,17961.17
2068,1,1352,5000.0,0.0
2068,2,122,0.0,93.2
2068,3,123,0.0,52.42
2068,4,115,0.0,3106.8
2068,5,116,0.0,1747.57
2069,1,1352,2000.0,0.0
2069,2,111,3600.0,0.0
2069,3,122,0.0,163.1
2069,4,115,0.0,5436.89
2070,1,111,22000.0,0.0
2070,2,122,0.0,640.78
2070,3,115,0.0,21359.22
2071,1,1352,16000.0,0.0
2071,3,122,0.0,1077.66
2071,4,115,0.0,35922.33
2072,1,111,24000.0,0.0
2072,2,122,0.0,699.02
2072,3,115,0.0,23300.97
2073,1,1352,6000.0,0.0
2073,2,122,0.0,174.76
2073,3,115,0.0,5825.24
2074,1,111,56500.0,0.0
2074,2,122,0.0,1063.1
2074,3,122,0.0,582.52
2074,4,115,0.0,35436.89
2074,5,115,0.0,19417.48
2075,1,1352,7500.0,0.0
2075,2,122,0.0,218.44
2075,3,115,0.0,7281.55
2076,1,111,2900.0,0.0
2076,2,122,0.0,84.46
2076,3,115,0.0,2815.53
2077,1,1352,9000.0,0.0
2077,2,111,5000.0,0.0
2077,3,122,0.0,189.32
2077,4,122,0.0,218.44
2077,5,115,0.0,6310.68
2077,6,115,0.0,7281.55
2078,1,111,800.0,0.0
2078,2,123,0.0,23.3
2078,3,116,0.0,776.7
2079,1,1352,6900.0,0.0
2079,2,122,0.0,200.98
2079,3,115,0.0,6699.03
2080,1,1352,5800.0,0.0
2080,2,113,87.0,0.0
2080,3,150,0.0,-0.48
2080,4,126,0.0,171.48
2080,5,119,0.0,5716.0
2081,1,1352,13801.0,0.0
2081,2,113,306.0,0.0
2081,3,150,0.0,0.12
2081,4,126,0.0,205.44
2081,5,126,0.0,205.44
2081,6,119,0.0,6848.0
2081,7,119,0.0,6848.0
2082,1,111,7300.0,0.0
2082,2,122,0.0,212.62
2082,3,115,0.0,7087.38
2083,1,1352,11500.0,0.0
2009,3,116,0.0,2621.36
2010,1,1352,750.0,0.0
2010,2,123,0.0,21.84
2010,3,116,0.0,728.16
2040,1,1352,5000.0,0.0
2040,2,113,17.0,0.0
2040,3,150,0.0,-0.13
2040,4,126,0.0,146.12
2040,5,119,0.0,4871.0
2051,1,1352,9000.0,0.0
2051,2,122,0.0,262.14
2051,3,115,0.0,8737.86
2064,2,122,0.0,218.44
2071,2,111,21000.0,0.0
2083,2,122,0.0,334.96
2083,3,115,0.0,11165.05
2084,1,111,19100.0,0.0
2084,2,122,0.0,556.32
2084,3,115,0.0,18543.69
2085,1,111,12000.0,0.0
2085,2,122,0.0,349.52
2085,3,115,0.0,11650.49
2086,1,111,24000.0,0.0
2086,2,122,0.0,699.02
2086,3,115,0.0,23300.97
2129,1,1352,18700.0,0.0
2129,2,122,0.0,544.66
2129,3,115,0.0,18155.34
2130,1,1352,63500.0,0.0
2088,1,111,30300.0,0.0
2088,2,122,0.0,882.52
2088,3,115,0.0,29417.48
2089,1,111,58000.0,0.0
2089,2,122,0.0,1689.32
2089,3,115,0.0,56310.68
2090,1,129,22815.0,0.0
2090,2,114,0.0,22815.0
2091,1,1352,8000.0,0.0
2091,2,111,80000.0,0.0
2091,3,113,500.0,0.0
2091,4,150,0.0,0.4
2091,5,122,0.0,2577.66
2091,6,115,0.0,85921.94
2092,1,111,4700.0,0.0
2092,2,122,0.0,136.9
2092,3,115,0.0,4563.11
2093,1,111,34600.0,0.0
2093,2,122,0.0,567.96
2103,1,1352,13800.0,0.0
2103,2,111,1700.0,0.0
2103,3,122,0.0,451.46
2110,1,1352,2800.0,0.0
2110,2,111,900.0,0.0
2110,3,123,0.0,107.76
2110,4,116,0.0,3592.23
2108,1,111,48000.0,0.0
2108,2,114,20000.0,0.0
2108,3,122,0.0,1165.04
2108,4,122,0.0,815.54
2108,5,115,0.0,38834.95
2108,6,115,0.0,27184.47
2111,1,111,272000.0,0.0
2111,2,150,0.0,0.24
2111,3,122,0.0,3757.28
2111,4,122,0.0,3160.18
2111,5,122,0.0,1004.86
2111,6,115,0.0,125242.85
2111,7,115,0.0,105339.44
2111,8,115,0.0,33495.15
2112,1,1352,25000.0,0.0
2112,2,122,0.0,728.16
2112,3,115,0.0,24271.84
2113,1,1352,15000.0,0.0
2113,2,111,26000.0,0.0
2113,3,150,0.0,-0.01
2113,4,122,0.0,1194.18
2113,5,115,0.0,39805.83
2119,1,1352,31000.0,0.0
2119,2,122,0.0,902.92
2119,3,115,0.0,30097.09
2120,1,111,20400.0,0.0
2120,2,122,0.0,594.18
2120,3,115,0.0,19805.83
2121,1,111,6500.0,0.0
2121,2,122,0.0,189.32
2121,3,115,0.0,6310.68
2103,4,115,0.0,15048.54
2122,1,129,8000.0,0.0
2122,2,114,0.0,8000.0
2123,1,114,8000.0,0.0
2123,2,122,0.0,233.0
2123,3,115,0.0,7766.99
2124,1,111,5500.0,0.0
2124,2,123,0.0,160.2
2124,3,116,0.0,5339.81
2125,1,1352,16000.0,0.0
2125,2,113,56.0,0.0
2125,3,150,0.0,0.36
2125,4,126,0.0,467.64
2125,5,119,0.0,15588.0
2126,1,111,8001.0,0.0
2126,2,113,27.0,0.0
2126,3,150,0.0,0.18
2126,4,126,0.0,233.82
2126,5,119,0.0,7794.0
2130,2,122,0.0,1849.52
2130,3,115,0.0,61650.49
2131,1,1352,22000.0,0.0
2132,1,111,10500.0,0.0
2132,2,122,0.0,305.82
2132,3,115,0.0,10194.17
2133,1,111,28500.0,0.0
2133,2,122,0.0,830.1
2133,3,115,0.0,27669.9
2147,1,1352,2100.0,0.0
2147,2,150,0.0,0.01
2147,3,122,0.0,61.16
2138,1,129,5000.0,0.0
2138,2,114,0.0,5000.0
2139,1,111,9000.0,0.0
2139,2,114,5000.0,0.0
2139,3,122,0.0,407.76
2139,4,115,0.0,13592.23
2140,1,130,1000.0,0.0
2140,2,114,0.0,1000.0
2141,1,111,1100.0,0.0
2141,2,114,1000.0,0.0
2141,3,123,0.0,52.42
2141,4,123,0.0,8.74
2141,5,116,0.0,1747.57
2141,6,116,0.0,291.26
2142,1,129,20000.0,0.0
2142,2,114,0.0,20000.0
2143,1,1352,40000.0,0.0
2143,2,150,0.0,-0.14
2143,3,114,20000.0,0.0
2143,4,122,0.0,589.64
2143,5,122,0.0,636.58
2143,6,122,0.0,521.36
2143,7,115,0.0,19654.5
2143,8,115,0.0,21219.42
2143,9,115,0.0,17378.64
2147,4,115,0.0,2038.83
2148,1,129,21500.0,0.0
2148,2,114,0.0,21500.0
2149,1,114,21500.0,0.0
2149,2,122,0.0,626.22
2149,3,115,0.0,20873.79
2150,1,1352,12000.0,0.0
2150,2,122,0.0,349.52
2150,3,115,0.0,11650.49
2151,1,1352,10500.0,0.0
2151,2,122,0.0,305.82
2151,3,115,0.0,10194.17
2152,1,111,29500.0,0.0
2152,2,122,0.0,859.22
2152,3,115,0.0,28640.78
2153,1,1352,2600.0,0.0
2153,2,122,0.0,75.72
2153,3,115,0.0,2524.27
2154,3,115,0.0,7281.55
2156,1,111,8100.0,0.0
2156,2,123,0.0,235.92
2156,3,116,0.0,7864.08
2157,1,1352,1200.0,0.0
2157,2,123,0.0,34.96
2157,3,116,0.0,1165.05
2158,1,111,1550.0,0.0
2158,2,123,0.0,45.14
2158,3,116,0.0,1504.85
2159,1,129,17000.0,0.0
2159,2,114,0.0,17000.0
2160,1,1352,48000.0,0.0
2160,2,114,17000.0,0.0
2160,3,122,0.0,1893.2
2160,4,115,0.0,63106.8
2161,1,111,1500.0,0.0
2161,2,123,0.0,43.68
2161,3,116,0.0,1456.31
2093,3,122,0.0,393.2
2093,4,123,0.0,46.6
2093,5,115,0.0,18932.04
2093,6,115,0.0,13106.8
2093,7,116,0.0,1553.4
2094,1,129,48000.0,0.0
2094,2,114,0.0,48000.0
2095,1,1352,5000.0,0.0
2095,2,114,48000.0,0.0
2095,3,122,0.0,1543.68
2095,4,115,0.0,51456.31
2096,1,111,16800.0,0.0
2096,2,122,0.0,489.32
2096,3,115,0.0,16310.68
2097,1,129,18000.0,0.0
2097,2,114,0.0,18000.0
2098,1,111,44000.0,0.0
2098,2,114,18000.0,0.0
2098,3,122,0.0,1805.82
2098,4,115,0.0,60194.17
2099,1,129,11600.0,0.0
2099,2,114,0.0,11600.0
2100,1,1352,11700.0,0.0
2100,2,113,100.0,0.0
2100,3,114,11600.0,0.0
2100,4,122,0.0,681.56
2100,5,115,0.0,22718.45
2101,1,129,13000.0,0.0
2101,2,114,0.0,13000.0
2102,1,111,7000.0,0.0
2102,2,114,13000.0,0.0
2102,3,122,0.0,582.52
2102,4,115,0.0,19417.48
2104,1,111,24800.0,0.0
2104,2,122,0.0,722.34
2104,3,115,0.0,24077.67
2105,1,129,22500.0,0.0
2105,2,114,0.0,22500.0
2106,1,1352,12000.0,0.0
2106,2,111,54000.0,0.0
2106,3,150,0.0,0.45
2106,4,114,22500.0,0.0
2106,5,122,0.0,1019.4
2106,6,122,0.0,1558.26
2106,7,115,0.0,33980.15
2106,8,115,0.0,51941.75
2107,1,129,20000.0,0.0
2107,2,114,0.0,20000.0
2114,1,111,8000.0,0.0
2114,2,113,9.0,0.0
2114,3,150,0.0,-0.28
2114,4,126,0.0,233.28
2114,5,119,0.0,7776.0
2115,1,111,11000.0,0.0
2109,1,111,19000.0,0.0
2109,2,122,0.0,553.4
2109,3,115,0.0,18446.6
2115,2,113,61.0,0.0
2115,3,150,0.0,-0.17
2115,4,126,0.0,322.16
2115,5,119,0.0,10739.0
2116,1,1352,4900.0,0.0
2116,2,122,0.0,142.72
2116,3,115,0.0,4757.28
2117,1,1352,18000.0,0.0
2117,2,122,0.0,524.28
2117,3,115,0.0,17475.73
2118,1,1352,37000.0,0.0
2118,2,111,11000.0,0.0
2118,3,150,0.0,0.3
2118,4,122,0.0,451.46
2118,5,122,0.0,495.14
2118,6,122,0.0,451.46
2118,7,115,0.0,15048.54
2118,8,115,0.0,16504.56
2118,9,115,0.0,15048.54
2087,1,1352,20000.0,0.0
2087,2,111,2000.0,0.0
2087,3,122,0.0,640.78
2087,4,115,0.0,21359.22
2127,1,129,12000.0,0.0
2127,2,114,0.0,12000.0
2128,1,111,21000.0,0.0
2128,2,150,0.0,0.01
2128,3,114,12000.0,0.0
2128,4,122,0.0,961.16
2128,5,115,0.0,32038.83
2131,2,111,90000.0,0.0
2154,1,111,7500.0,0.0
2154,2,122,0.0,218.44
2169,1,1352,17500.0,0.0
2169,2,122,0.0,509.7
2169,3,115,0.0,16990.29
2170,1,111,15700.0,0.0
2170,2,122,0.0,457.28
2170,3,115,0.0,15242.72
2171,1,1352,96000.0,0.0
2171,2,111,100000.0,0.0
2171,3,122,0.0,5708.74
2171,4,115,0.0,190291.26
2172,1,1352,30500.0,0.0
2172,2,122,0.0,888.34
2172,3,115,0.0,29611.65
2173,1,129,87500.0,0.0
2173,2,114,0.0,87500.0
2174,1,129,87500.0,0.0
2174,2,114,0.0,87500.0
2175,1,1352,150000.0,0.0
2175,2,107,40000.0,0.0
2175,3,114,87500.0,0.0
2175,4,122,0.0,5737.86
2175,5,122,0.0,757.28
2175,6,122,0.0,640.78
2175,7,122,0.0,946.6
2175,8,115,0.0,191262.14
2175,9,115,0.0,25242.72
2175,10,115,0.0,21359.22
2175,11,115,0.0,31553.4
2176,1,111,65000.0,0.0
2176,2,122,0.0,946.6
2176,3,122,0.0,946.6
2176,4,115,0.0,31553.4
2176,5,115,0.0,31553.4
2177,1,1352,20400.0,0.0
2177,2,122,0.0,594.18
2177,3,115,0.0,19805.83
2178,1,1352,2000.0,0.0
2178,2,123,0.0,32.04
2178,3,123,0.0,26.22
2178,4,116,0.0,1067.96
2178,5,116,0.0,873.79
2179,1,111,185000.0,0.0
2179,2,122,0.0,5388.34
2179,3,115,0.0,179611.65
2180,1,111,31000.0,0.0
2180,2,122,0.0,902.92
2180,3,115,0.0,30097.09
2181,1,111,25800.0,0.0
2181,2,122,0.0,751.46
2181,3,115,0.0,25048.54
2182,1,111,145000.0,0.0
2182,2,150,0.0,-0.01
2182,3,122,0.0,3203.88
2182,4,122,0.0,1019.42
2182,5,115,0.0,106796.13
2182,6,115,0.0,33980.58
2183,1,1352,30000.0,0.0
2183,2,111,26500.0,0.0
2183,3,122,0.0,830.1
2183,4,122,0.0,815.54
2183,5,115,0.0,27669.9
2183,6,115,0.0,27184.47
2184,1,129,16300.0,0.0
2184,2,114,0.0,16300.0
2185,1,111,33700.0,0.0
2185,2,114,16300.0,0.0
2185,3,122,0.0,1456.32
2185,4,115,0.0,48543.69
2186,1,111,11500.0,0.0
2186,2,122,0.0,334.96
2186,3,115,0.0,11165.05
2188,1,129,7200.0,0.0
2188,2,114,0.0,7200.0
2189,1,111,9400.0,0.0
2189,2,113,100.0,0.0
2189,3,114,7200.0,0.0
2189,4,122,0.0,486.4
2189,5,115,0.0,16213.59
2191,1,111,116000.0,0.0
2191,2,122,0.0,2912.62
2191,3,122,0.0,466.02
2191,4,115,0.0,97087.38
2191,5,115,0.0,15533.98
2192,1,1352,19000.0,0.0
2192,2,111,2500.0,0.0
2192,3,122,0.0,626.22
2192,4,115,0.0,20873.79
2194,1,129,17800.0,0.0
2194,2,114,0.0,17800.0
2131,3,122,0.0,3262.14
2131,4,115,0.0,108737.86
2135,1,1352,1300.0,0.0
2135,2,123,0.0,37.86
2135,3,116,0.0,1262.14
2136,1,1352,18880.0,0.0
2136,2,111,12000.0,0.0
2136,3,122,0.0,899.42
2136,4,115,0.0,29980.58
2137,1,111,5050.0,0.0
2137,2,122,0.0,147.08
2137,3,115,0.0,4902.91
2134,1,1352,17000.0,0.0
2134,2,111,75000.0,0.0
2134,3,150,0.0,-0.01
2134,4,122,0.0,2679.62
2134,5,115,0.0,89320.39
2144,1,111,26500.0,0.0
2144,2,150,0.0,-0.32
2144,3,122,0.0,378.66
2144,4,122,0.0,393.2
2144,5,115,0.0,12621.67
2144,6,115,0.0,13106.8
2145,1,111,51000.0,0.0
2145,2,122,0.0,1485.44
2145,3,115,0.0,49514.56
2146,1,1352,10250.0,0.0
2146,2,122,0.0,298.54
2146,3,115,0.0,9951.46
2167,1,129,4000.0,0.0
2167,2,114,0.0,4000.0
2168,1,111,5500.0,0.0
2168,2,114,4000.0,0.0
2168,3,122,0.0,276.7
2168,4,115,0.0,9223.3
2187,1,111,33500.0,0.0
2187,2,122,0.0,975.72
2195,1,1352,1400.0,0.0
2195,2,114,17800.0,0.0
2195,3,122,0.0,559.22
2195,4,115,0.0,18640.78
2196,1,111,21901.0,0.0
2196,2,150,0.0,0.11
2196,3,126,0.0,637.88
2196,4,119,0.0,21263.0
2197,1,129,86000.0,0.0
2197,2,114,0.0,86000.0
2198,1,1352,7000.0,0.0
2198,2,111,58000.0,0.0
2198,3,114,86000.0,0.0
2198,4,122,0.0,4398.06
2198,5,115,0.0,146601.94
2201,1,129,41000.0,0.0
2201,2,114,0.0,41000.0
2202,1,1352,5500.0,0.0
2202,2,113,103.0,0.0
2202,3,150,0.0,-0.38
2202,4,114,41000.0,0.0
2202,5,122,0.0,734.08
2202,6,122,0.0,623.3
2202,7,115,0.0,24469.3
2202,8,115,0.0,20776.7
2203,1,111,7800.0,0.0
2203,2,122,0.0,177.66
2203,3,123,0.0,49.52
2203,4,115,0.0,5922.33
2203,5,116,0.0,1650.49
2207,1,111,17500.0,0.0
2207,2,122,0.0,509.7
2207,3,115,0.0,16990.29
2208,1,129,11100.0,0.0
2208,2,114,0.0,11100.0
2209,1,1352,20000.0,0.0
2209,2,114,11100.0,0.0
2209,3,122,0.0,905.82
2209,4,115,0.0,30194.17
2210,1,111,10800.0,0.0
2210,2,122,0.0,314.56
2210,3,115,0.0,10485.44
2211,1,1352,8900.0,0.0
2211,2,122,0.0,509.7
2211,3,122,0.0,655.34
2211,4,122,0.0,-905.82
2211,5,115,0.0,16990.29
2211,6,115,0.0,21844.66
2211,7,115,0.0,-30194.17
2213,1,129,10000.0,0.0
2213,2,114,0.0,10000.0
2214,1,1352,6000.0,0.0
2214,2,114,10000.0,0.0
2214,3,122,0.0,466.02
2214,4,115,0.0,15533.98
2215,1,111,180000.0,0.0
2215,2,150,0.0,-0.1
2215,3,122,0.0,5242.72
2215,4,115,0.0,174757.38
2216,1,1352,60000.0,0.0
2216,2,111,8000.0,0.0
2216,3,122,0.0,1004.86
2216,4,122,0.0,975.72
2216,5,115,0.0,33495.15
2216,6,115,0.0,32524.27
2217,1,111,13400.0,0.0
2217,2,122,0.0,390.3
2217,3,115,0.0,13009.71
2220,1,1352,50000.0,0.0
2220,2,111,115000.0,0.0
2220,3,113,500.0,0.0
2220,4,150,0.0,0.12
2220,5,122,0.0,2839.8
2220,6,122,0.0,1427.18
2220,7,122,0.0,553.4
2220,8,115,0.0,94660.22
2220,9,115,0.0,47572.67
2220,10,115,0.0,18446.6
2221,1,1352,3500.0,0.0
2221,2,122,0.0,101.94
2221,3,115,0.0,3398.06
2222,1,1352,18500.0,0.0
2222,2,150,0.0,-0.01
2222,3,122,0.0,538.84
2222,4,115,0.0,17961.17
2223,1,1352,1500.0,0.0
2223,2,123,0.0,43.68
2223,3,116,0.0,1456.31
2224,1,129,62000.0,0.0
2224,2,114,0.0,62000.0
2247,1,1352,480.0,0.0
2247,2,123,0.0,13.98
2247,3,116,0.0,466.02
2248,1,1352,650.0,0.0
2248,2,123,0.0,18.94
2248,3,116,0.0,631.07
2249,1,1352,9000.0,0.0
2249,2,123,0.0,174.76
2249,3,123,0.0,87.38
2249,4,116,0.0,5825.24
2249,5,116,0.0,2912.62
2250,1,111,226000.0,0.0
2250,2,122,0.0,2417.48
2250,3,122,0.0,1936.9
2250,4,122,0.0,2228.16
2250,5,115,0.0,80582.52
2250,6,115,0.0,64563.11
2250,7,115,0.0,74271.84
2251,1,111,15000.0,0.0
2251,2,123,0.0,436.9
2251,3,116,0.0,14563.11
2252,1,111,46700.0,0.0
2252,3,123,0.0,93.2
2252,4,115,0.0,42233.01
2252,5,116,0.0,3106.8
2256,1,1352,18000.0,0.0
2256,2,122,0.0,524.28
2256,3,115,0.0,17475.73
2257,1,1352,2000.0,0.0
2257,2,123,0.0,58.26
2257,3,116,0.0,1941.75
2258,1,111,14000.0,0.0
2258,2,122,0.0,407.76
2258,3,115,0.0,13592.23
2259,1,111,9000.0,0.0
2259,2,122,0.0,262.14
2259,3,115,0.0,8737.86
2260,1,111,24300.0,0.0
2260,2,122,0.0,707.76
2260,3,115,0.0,23592.23
2273,1,111,4000.0,0.0
2273,2,1353,0.0,4000.0
2274,1,1352,3200.0,0.0
2274,2,111,10000.0,0.0
2274,3,1353,4000.0,0.0
2274,4,122,0.0,500.98
2274,5,115,0.0,16699.03
2275,1,1352,1800.0,0.0
2275,2,123,0.0,52.42
2275,3,116,0.0,1747.57
2276,3,122,0.0,1689.32
2276,4,115,0.0,56310.68
2155,1,1352,2400.0,0.0
2155,2,123,0.0,69.9
2155,3,116,0.0,2330.1
2193,1,1352,3400.0,0.0
2193,2,122,0.0,99.02
2193,3,115,0.0,3300.97
2225,1,1352,3000.0,0.0
2252,2,122,0.0,1267.0
2276,1,1352,49000.0,0.0
2276,2,111,9000.0,0.0
2277,1,1352,32000.0,0.0
2277,2,122,0.0,932.04
2277,3,115,0.0,31067.96
2278,1,1352,2900.0,0.0
2278,2,113,50.0,0.0
2278,3,150,0.0,0.01
2278,4,123,0.0,61.16
2278,5,123,0.0,24.76
2278,6,116,0.0,2038.83
2278,7,116,0.0,825.24
2279,1,111,13500.0,0.0
2279,2,113,1.0,0.0
2279,3,150,0.0,-0.24
2279,4,126,0.0,393.24
2279,5,119,0.0,13108.0
2280,1,111,10000.0,0.0
2280,2,122,0.0,291.26
2280,3,115,0.0,9708.74
2281,1,1352,17500.0,0.0
2281,2,122,0.0,509.7
2281,3,115,0.0,16990.29
2282,1,1352,53500.0,0.0
2282,2,122,0.0,1558.26
2282,3,115,0.0,51941.75
2283,1,111,26500.0,0.0
2283,2,150,0.0,-0.08
2283,3,122,0.0,463.1
2283,4,122,0.0,308.76
2283,5,115,0.0,15436.52
2283,6,115,0.0,10291.71
2284,1,1352,78500.0,0.0
2284,2,111,5000.0,0.0
2284,3,122,0.0,2432.04
2284,4,115,0.0,81067.96
2285,1,1352,9850.0,0.0
2285,2,122,0.0,286.9
2285,3,115,0.0,9563.11
2286,1,1352,16400.0,0.0
2286,2,122,0.0,477.66
2286,3,115,0.0,15922.33
2287,1,111,27500.0,0.0
2287,2,122,0.0,800.98
2287,3,115,0.0,26699.03
2288,1,1352,33000.0,0.0
2288,2,150,0.0,-0.2
2288,3,122,0.0,145.64
2288,4,122,0.0,815.54
2288,5,115,0.0,4854.56
2288,6,115,0.0,27184.47
2289,1,111,62500.0,0.0
2289,2,150,0.0,0.21
2289,3,122,0.0,757.28
2289,4,122,0.0,902.92
2289,5,123,0.0,160.2
2289,6,115,0.0,25242.38
2289,7,115,0.0,30097.22
2289,8,116,0.0,5339.81
2290,1,111,35500.0,0.0
2290,2,122,0.0,1033.98
2290,3,115,0.0,34466.02
2291,1,1352,2100.0,0.0
2291,2,111,2500.0,0.0
2291,3,123,0.0,133.98
2291,4,116,0.0,4466.02
2292,1,111,19000.0,0.0
2292,2,122,0.0,262.14
2292,3,122,0.0,291.26
2292,4,115,0.0,8737.86
2292,5,115,0.0,9708.74
2293,1,1352,500.0,0.0
2293,2,111,1000.0,0.0
2293,3,122,0.0,43.68
2293,4,115,0.0,1456.31
2294,1,1352,20500.0,0.0
2294,2,122,0.0,597.08
2294,3,115,0.0,19902.91
2295,1,111,13700.0,0.0
2295,2,122,0.0,399.02
2295,3,115,0.0,13300.97
2300,1,1352,5500.0,0.0
2300,2,111,50000.0,0.0
2300,3,150,0.0,-0.27
2300,4,122,0.0,873.78
2300,5,122,0.0,742.72
2300,6,115,0.0,29126.21
2300,7,115,0.0,24757.54
2301,1,111,60000.0,0.0
2301,2,1354,0.0,60000.0
2302,1,111,15500.0,0.0
2302,2,1354,60000.0,0.0
2302,3,122,0.0,2199.02
2302,4,115,0.0,73300.97
2307,1,1352,18000.0,0.0
2307,2,122,0.0,524.28
2307,3,115,0.0,17475.73
2308,1,1352,16500.0,0.0
2308,2,113,6.0,0.0
2308,3,150,0.0,0.44
2308,4,122,0.0,177.84
2308,5,122,0.0,302.9
2308,6,115,0.0,5928.1
2308,7,115,0.0,10096.72
2309,1,1352,1550.0,0.0
2309,2,123,0.0,30.58
2309,3,123,0.0,14.56
2309,4,116,0.0,1019.42
2309,5,116,0.0,485.44
2310,1,1352,2000.0,0.0
2310,2,111,42500.0,0.0
2310,3,122,0.0,1296.12
2310,4,115,0.0,43203.88
2312,1,1352,7150.0,0.0
2312,2,122,0.0,171.84
2312,3,123,0.0,36.4
2312,4,115,0.0,5728.16
2312,5,116,0.0,1213.59
2313,1,1352,30000.0,0.0
2313,2,122,0.0,873.78
2313,3,115,0.0,29126.21
2314,1,1352,134000.0,0.0
2314,3,150,0.0,0.25
2314,4,122,0.0,1834.96
2314,5,122,0.0,2970.86
2314,6,115,0.0,61165.05
2314,7,115,0.0,99028.88
2315,1,1352,28900.0,0.0
2315,2,150,0.0,0.05
2315,3,122,0.0,739.8
2315,4,123,0.0,101.94
2315,5,115,0.0,24660.15
2315,6,116,0.0,3398.06
2316,1,111,20499.0,0.0
2316,2,150,0.0,0.45
2316,3,122,0.0,116.5
2316,4,115,0.0,3883.5
2316,5,126,0.0,480.54
2316,6,119,0.0,16018.0
2317,1,1352,45700.0,0.0
2318,1,1352,2100.0,0.0
2318,2,150,0.0,0.01
2318,3,123,0.0,61.16
2318,4,116,0.0,2038.83
2319,1,1352,39500.0,0.0
2319,2,122,0.0,637.86
2319,3,122,0.0,512.62
2319,4,115,0.0,21262.14
2319,5,115,0.0,17087.38
2320,1,129,5000.0,0.0
2320,2,114,0.0,5000.0
2321,1,1352,22550.0,0.0
2321,2,113,26.0,0.0
2321,3,150,0.0,-0.29
2321,4,114,5000.0,0.0
2321,5,122,0.0,519.9
2321,6,115,0.0,17330.1
2321,7,126,0.0,283.28
2321,8,119,0.0,9443.0
2322,1,1352,29500.0,0.0
2322,2,111,100006.0,0.0
2322,3,122,0.0,2336.1
2322,4,122,0.0,1435.92
2322,5,115,0.0,77869.9
2322,6,115,0.0,47864.08
2323,1,1352,2000.0,0.0
2323,2,111,10500.0,0.0
2323,3,122,0.0,364.08
2323,4,115,0.0,12135.92
2324,3,116,0.0,9708.74
2344,1,1352,28500.0,0.0
2162,1,1352,9700.0,0.0
2162,2,150,0.0,0.18
2162,3,122,0.0,166.02
2162,4,122,0.0,116.5
2162,5,115,0.0,5533.8
2162,6,115,0.0,3883.5
2163,1,1352,11400.0,0.0
2163,2,122,0.0,332.04
2163,3,115,0.0,11067.96
2164,1,1352,16000.0,0.0
2164,2,111,18500.0,0.0
2164,3,122,0.0,757.28
2164,4,122,0.0,247.58
2164,5,115,0.0,25242.72
2164,6,115,0.0,8252.43
2165,1,111,78000.0,0.0
2165,2,122,0.0,2271.84
2165,3,115,0.0,75728.16
2166,1,111,57000.0,0.0
2166,2,122,0.0,1660.2
2166,3,115,0.0,55339.81
2218,1,1352,1400.0,0.0
2218,2,123,0.0,40.78
2218,3,116,0.0,1359.22
2219,1,1352,200000.0,0.0
2219,2,111,138000.0,0.0
2219,3,150,0.0,-0.01
2219,4,122,0.0,3203.88
2219,5,122,0.0,2370.88
2219,6,122,0.0,1738.84
2219,7,122,0.0,707.76
2219,8,122,0.0,803.88
2219,9,122,0.0,1019.42
2219,10,115,0.0,106796.12
2219,11,115,0.0,79029.13
2219,12,115,0.0,57961.17
2219,13,115,0.0,23592.23
2219,14,115,0.0,26796.12
2219,15,115,0.0,33980.58
2314,2,111,31000.0,0.0
2317,2,150,0.0,-0.49
2324,1,1352,10000.0,0.0
2324,2,123,0.0,291.26
2326,1,1352,51000.0,0.0
2326,2,122,0.0,1485.44
2326,3,115,0.0,49514.56
2330,1,1352,5000.0,0.0
2330,2,111,2400.0,0.0
2330,3,122,0.0,215.54
2330,4,115,0.0,7184.47
2331,1,111,14000.0,0.0
2331,2,113,15.0,0.0
2331,3,150,0.0,-0.21
2331,4,126,0.0,408.2
2331,5,119,0.0,13607.0
2332,1,1352,80000.0,0.0
2332,2,111,44000.0,0.0
2332,3,150,0.0,0.12
2332,4,122,0.0,844.66
2332,5,122,0.0,2767.0
2332,6,115,0.0,28155.22
2332,7,115,0.0,92233.01
2333,1,1352,11500.0,0.0
2333,2,122,0.0,334.96
2333,3,115,0.0,11165.05
2334,1,111,7500.0,0.0
2334,2,122,0.0,218.44
2334,3,115,0.0,7281.55
2335,1,1352,3600.0,0.0
2335,2,111,1.0,0.0
2335,3,113,23.0,0.0
2335,4,150,0.0,0.46
2335,5,126,0.0,105.54
2335,6,119,0.0,3518.0
2344,2,122,0.0,830.1
2344,3,115,0.0,27669.9
2317,3,122,0.0,445.64
2317,5,122,0.0,367.0
2317,6,115,0.0,14854.37
2317,7,115,0.0,17281.55
2317,8,115,0.0,12233.49
2345,1,111,74199.0,0.0
2345,2,150,0.0,-0.42
2345,3,122,0.0,495.14
2345,4,122,0.0,224.28
2345,5,122,0.0,509.7
2345,6,122,0.0,422.32
2345,7,122,0.0,509.7
2345,8,115,0.0,16504.5
2345,9,115,0.0,7475.88
2345,10,115,0.0,16990.26
2345,11,115,0.0,14077.57
2345,12,115,0.0,16990.05
2413,1,1352,20000.0,0.0
2413,2,111,400000.0,0.0
2413,3,150,0.0,-0.01
2347,1,1352,800.0,0.0
2347,2,111,20.0,0.0
2347,3,123,0.0,23.88
2347,4,116,0.0,796.12
2349,1,111,21500.0,0.0
2349,2,122,0.0,626.22
2349,3,115,0.0,20873.79
2350,1,141,13900.0,0.0
2350,2,122,0.0,404.86
2350,3,115,0.0,13495.15
2351,1,1352,25000.0,0.0
2351,2,111,18800.0,0.0
2351,3,113,42.0,0.0
2351,4,150,0.0,0.39
2351,5,122,0.0,722.34
2351,6,115,0.0,24077.67
2351,7,126,0.0,554.6
2351,8,119,0.0,18487.0
2352,1,1352,6300.0,0.0
2352,3,115,0.0,6116.5
2353,1,1352,120000.0,0.0
2353,2,111,73000.0,0.0
2353,3,150,0.0,0.16
2353,4,122,0.0,815.54
2353,5,122,0.0,757.28
2353,6,122,0.0,3029.12
2353,7,123,0.0,101.94
2353,8,122,0.0,917.48
2353,9,115,0.0,27184.47
2353,10,115,0.0,25242.56
2353,11,115,0.0,100970.87
2353,12,116,0.0,3398.06
2353,13,115,0.0,30582.52
2354,1,1352,13000.0,0.0
2354,2,111,6000.0,0.0
2354,3,122,0.0,553.4
2354,4,115,0.0,18446.6
2355,1,111,34000.0,0.0
2355,2,150,0.0,-0.28
2355,3,122,0.0,436.9
2355,4,122,0.0,145.62
2355,5,122,0.0,407.78
2355,6,115,0.0,14563.03
2355,7,115,0.0,4854.23
2355,8,115,0.0,13592.72
2356,1,1352,2100.0,0.0
2356,2,150,0.0,0.01
2356,3,123,0.0,61.16
2356,4,116,0.0,2038.83
2357,1,111,9000.0,0.0
2357,2,123,0.0,262.14
2357,3,116,0.0,8737.86
2358,1,1352,3000.0,0.0
2358,2,123,0.0,87.38
2358,3,116,0.0,2912.62
2359,1,1352,4900.0,0.0
2359,2,123,0.0,142.72
2359,3,116,0.0,4757.28
2360,1,111,17500.0,0.0
2360,2,122,0.0,247.58
2360,3,122,0.0,262.14
2360,4,115,0.0,8252.43
2360,5,115,0.0,8737.86
2361,1,1352,12800.0,0.0
2361,2,122,0.0,233.0
2361,3,122,0.0,139.8
2361,4,115,0.0,7766.99
2361,5,115,0.0,4660.19
2362,1,1352,2600.0,0.0
2362,2,123,0.0,75.72
2362,3,116,0.0,2524.27
2363,1,111,6200.0,0.0
2363,2,123,0.0,180.58
2363,3,116,0.0,6019.42
2364,1,1352,2500.0,0.0
2364,2,123,0.0,72.82
2364,3,116,0.0,2427.18
2365,1,111,21600.0,0.0
2365,2,122,0.0,629.12
2365,3,115,0.0,20970.87
2366,1,1352,6100.0,0.0
2366,2,123,0.0,177.66
2366,3,116,0.0,5922.33
2187,3,115,0.0,32524.27
2190,1,1352,6700.0,0.0
2190,2,122,0.0,195.14
2190,3,115,0.0,6504.85
2199,1,129,42000.0,0.0
2199,2,114,0.0,42000.0
2200,1,1352,10000.0,0.0
2200,2,114,42000.0,0.0
2200,3,122,0.0,1514.56
2200,4,115,0.0,50485.44
2206,1,1352,1900.0,0.0
2206,2,122,0.0,55.34
2206,3,115,0.0,1844.66
2336,1,1352,1270.0,0.0
2336,2,150,0.0,-0.01
2336,3,123,0.0,37.0
2336,4,116,0.0,1233.01
2337,1,111,66000.0,0.0
2337,2,150,0.0,0.35
2337,3,122,0.0,1601.94
2337,4,122,0.0,320.38
2337,5,115,0.0,53397.98
2337,6,115,0.0,10679.35
2338,1,111,17000.0,0.0
2338,2,122,0.0,495.14
2338,3,115,0.0,16504.85
2339,1,111,40000.0,0.0
2339,2,122,0.0,1165.04
2339,3,115,0.0,38834.95
2340,1,111,19500.0,0.0
2340,2,122,0.0,567.96
2340,3,115,0.0,18932.04
2341,1,1352,21000.0,0.0
2341,2,111,1500.0,0.0
2341,3,122,0.0,655.34
2341,4,115,0.0,21844.66
2342,1,111,34000.0,0.0
2342,2,113,53.0,0.0
2342,3,150,0.0,-0.37
2342,4,122,0.0,399.02
2342,5,123,0.0,133.98
2342,6,115,0.0,13300.5
2342,7,116,0.0,4466.02
2342,8,126,0.0,458.84
2342,9,119,0.0,15295.0
2352,2,122,0.0,183.5
2367,1,1352,1400.0,0.0
2367,2,123,0.0,40.78
2367,3,116,0.0,1359.22
2368,1,1352,3500.0,0.0
2368,2,111,21500.0,0.0
2368,3,122,0.0,728.16
2368,4,115,0.0,24271.84
2369,1,1352,50000.0,0.0
2369,2,111,14000.0,0.0
2369,3,122,0.0,1864.08
2369,4,115,0.0,62135.92
2370,1,111,83000.0,0.0
2370,2,122,0.0,2417.48
2370,3,115,0.0,80582.52
2371,1,1352,16000.0,0.0
2371,2,111,53000.0,0.0
2371,3,122,0.0,2009.7
2371,4,115,0.0,66990.29
2372,1,1352,2700.0,0.0
2372,2,123,0.0,78.64
2372,3,116,0.0,2621.36
2373,1,111,2300.0,0.0
2373,2,123,0.0,67.0
2373,3,116,0.0,2233.01
2374,1,1352,3000.0,0.0
2374,2,123,0.0,87.38
2374,3,116,0.0,2912.62
2375,1,111,29000.0,0.0
2375,2,122,0.0,844.66
2375,3,115,0.0,28155.34
2376,1,1352,3300.0,0.0
2376,2,123,0.0,96.12
2376,3,116,0.0,3203.88
2377,1,1352,850.0,0.0
2377,2,122,0.0,24.76
2377,3,115,0.0,825.24
2378,1,111,3000.0,0.0
2378,2,123,0.0,87.38
2378,3,116,0.0,2912.62
2379,1,111,2200.0,0.0
2379,2,122,0.0,64.08
2379,3,115,0.0,2135.92
2380,1,111,70000.0,0.0
2380,2,150,0.0,-0.01
2380,3,122,0.0,2038.84
2380,4,115,0.0,67961.17
2381,1,1352,5200.0,0.0
2381,2,111,18000.0,0.0
2381,3,122,0.0,675.72
2381,4,115,0.0,22524.27
2382,1,1352,26500.0,0.0
2382,2,111,10000.0,0.0
2382,3,113,39.0,0.0
2382,4,150,0.0,-0.43
2382,5,122,0.0,800.98
2382,6,115,0.0,26699.17
2382,7,126,0.0,263.28
2382,8,119,0.0,8776.0
2383,1,111,3500.0,0.0
2383,2,123,0.0,101.94
2383,3,116,0.0,3398.06
2384,1,111,36500.0,0.0
2384,2,122,0.0,1063.1
2384,3,115,0.0,35436.89
2385,1,1352,830.0,0.0
2385,2,123,0.0,24.18
2385,3,116,0.0,805.83
2386,1,1352,46800.0,0.0
2386,2,122,0.0,1363.1
2386,3,115,0.0,45436.89
2387,1,1352,18500.0,0.0
2387,2,150,0.0,-0.01
2387,3,122,0.0,538.84
2387,4,115,0.0,17961.17
2388,1,1352,23500.0,0.0
2388,2,150,0.0,-0.36
2388,3,114,22200.0,0.0
2388,4,122,0.0,550.5
2388,5,122,0.0,550.5
2388,6,122,0.0,230.1
2388,7,115,0.0,18349.68
2388,8,115,0.0,18349.68
2388,9,115,0.0,7669.9
2389,1,129,22200.0,0.0
2389,2,114,0.0,22200.0
2390,1,111,15000.0,0.0
2390,2,122,0.0,436.9
2390,3,115,0.0,14563.11
2391,1,1352,10000.0,0.0
2391,2,113,93.0,0.0
2391,3,150,0.0,0.21
2391,4,122,0.0,-538.84
2391,5,115,0.0,-17961.17
2391,6,126,0.0,832.8
2391,7,119,0.0,27760.0
2392,1,1352,3600.0,0.0
2392,2,123,0.0,104.86
2392,3,116,0.0,3495.15
2393,1,1352,1300.0,0.0
2393,2,123,0.0,37.86
2393,3,116,0.0,1262.14
2394,1,1352,3000.0,0.0
2394,2,123,0.0,87.38
2394,3,116,0.0,2912.62
2395,1,1352,26600.0,0.0
2395,2,122,0.0,774.76
2395,3,115,0.0,25825.24
2396,1,1352,3800.0,0.0
2396,2,123,0.0,110.68
2396,3,116,0.0,3689.32
2397,1,1352,2900.0,0.0
2397,2,123,0.0,84.46
2397,3,116,0.0,2815.53
2398,1,1352,8900.0,0.0
2398,2,123,0.0,259.22
2398,3,116,0.0,8640.78
2399,1,111,16500.0,0.0
2399,2,122,0.0,480.58
2399,3,115,0.0,16019.42
2400,1,1352,3000.0,0.0
2400,2,111,11000.0,0.0
2400,3,122,0.0,393.2
2400,4,123,0.0,14.56
2400,5,115,0.0,13106.8
2400,6,116,0.0,485.44
2401,1,1352,16000.0,0.0
2401,2,122,0.0,466.02
2401,3,115,0.0,15533.98
2402,1,1352,2380.0,0.0
2402,2,123,0.0,69.32
2402,3,116,0.0,2310.68
2403,1,111,5900.0,0.0
2403,2,122,0.0,171.84
2204,1,1352,42000.0,0.0
2204,2,111,20000.0,0.0
2204,3,122,0.0,655.34
2204,4,122,0.0,474.76
2204,5,122,0.0,675.72
2204,6,115,0.0,21844.66
2204,7,115,0.0,15825.24
2204,8,115,0.0,22524.27
2205,1,111,41500.0,0.0
2205,2,122,0.0,771.84
2205,3,122,0.0,436.9
2205,4,115,0.0,25728.16
2205,5,115,0.0,14563.11
2212,1,111,2600.0,0.0
2212,2,113,50.0,0.0
2212,3,123,0.0,77.18
2212,4,116,0.0,2572.82
2403,3,115,0.0,5728.16
2404,1,1352,4500.0,0.0
2404,2,150,0.0,0.01
2404,3,123,0.0,69.9
2404,4,123,0.0,61.16
2404,5,116,0.0,2330.1
2404,6,116,0.0,2038.83
2405,1,111,5000.0,0.0
2405,2,123,0.0,145.64
2405,3,116,0.0,4854.37
2406,1,111,4100.0,0.0
2406,2,122,0.0,119.42
2406,3,115,0.0,3980.58
2407,1,1352,700.0,0.0
2407,2,111,15000.0,0.0
2407,3,122,0.0,457.28
2407,4,115,0.0,15242.72
2411,1,1352,21000.0,0.0
2411,2,122,0.0,611.66
2411,3,115,0.0,20388.35
2412,1,1352,4400.0,0.0
2412,2,123,0.0,128.16
2412,3,116,0.0,4271.84
2346,1,111,38200.0,0.0
2346,2,150,0.0,0.1
2346,3,122,0.0,1112.62
2346,4,115,0.0,37087.28
2413,4,122,0.0,4019.42
2413,5,122,0.0,1368.94
2419,1,1352,14000.0,0.0
2419,2,122,0.0,407.76
2419,3,115,0.0,13592.23
2420,1,1352,58300.0,0.0
2420,2,122,0.0,1698.06
2420,3,115,0.0,56601.94
2421,1,1352,21500.0,0.0
2421,2,111,15800.0,0.0
2421,3,122,0.0,803.88
2421,4,122,0.0,87.38
2421,5,123,0.0,195.14
2421,6,115,0.0,26796.12
2421,7,115,0.0,2912.62
2421,8,116,0.0,6504.85
2422,1,1352,105000.0,0.0
2422,2,113,33.0,0.0
2422,3,122,0.0,407.76
2422,4,122,0.0,873.78
2422,5,122,0.0,844.66
2422,6,115,0.0,13592.23
2422,7,115,0.0,29126.21
2422,8,115,0.0,28155.34
2422,9,126,0.0,933.0
2422,10,119,0.0,31100.0
2423,1,111,127500.0,0.0
2423,2,122,0.0,1456.32
2423,3,122,0.0,699.02
2423,4,122,0.0,1106.8
2423,5,122,0.0,451.46
2423,6,115,0.0,48543.69
2423,7,115,0.0,23300.97
2423,8,115,0.0,36893.2
2423,9,115,0.0,15048.54
2424,1,111,185500.0,0.0
2424,2,113,418.0,0.0
2424,3,150,0.0,-0.03
2424,4,122,0.0,4368.94
2424,5,122,0.0,26.22
2424,6,123,0.0,87.38
2424,7,115,0.0,145631.53
2424,8,115,0.0,873.79
2424,9,116,0.0,2912.62
2424,10,126,0.0,932.56
2424,11,119,0.0,31085.0
2425,1,111,21000.0,0.0
2425,2,122,0.0,611.66
2425,3,115,0.0,20388.35
2426,1,1352,2300.0,0.0
2426,2,111,2100.0,0.0
2426,3,123,0.0,128.16
2426,4,116,0.0,4271.84
2427,1,1352,4700.0,0.0
2427,2,111,770.0,0.0
2427,3,123,0.0,159.32
2427,4,116,0.0,5310.68
2428,1,111,4900.0,0.0
2428,2,123,0.0,142.72
2428,3,116,0.0,4757.28
2429,1,111,2800.0,0.0
2429,2,123,0.0,81.56
2429,3,116,0.0,2718.45
2430,1,1352,2000.0,0.0
2430,2,111,8300.0,0.0
2430,3,122,0.0,300.0
2430,4,115,0.0,10000.0
2431,1,111,9000.0,0.0
2431,2,123,0.0,262.14
2431,3,116,0.0,8737.86
2432,1,1352,1700.0,0.0
2432,2,123,0.0,49.52
2432,3,116,0.0,1650.49
2433,1,111,17000.0,0.0
2433,2,122,0.0,495.14
2433,3,115,0.0,16504.85
2434,1,1352,26350.0,0.0
2434,2,122,0.0,767.48
2434,3,115,0.0,25582.52
2435,1,1352,25000.0,0.0
2435,2,122,0.0,728.16
2435,3,115,0.0,24271.84
2436,1,111,21500.0,0.0
2436,2,122,0.0,626.22
2436,3,115,0.0,20873.79
2437,1,1352,73500.0,0.0
2437,2,122,0.0,2140.78
2437,3,115,0.0,71359.22
2438,1,1352,134600.0,0.0
2438,2,122,0.0,1855.34
2438,3,122,0.0,932.04
2438,4,122,0.0,518.44
2438,5,122,0.0,209.7
2438,6,122,0.0,200.98
2438,7,122,0.0,203.88
2438,8,115,0.0,61844.66
2438,9,115,0.0,31067.96
2438,10,115,0.0,17281.55
2438,11,115,0.0,6990.29
2438,12,115,0.0,6699.03
2438,13,115,0.0,6796.12
2439,1,111,44000.0,0.0
2439,2,122,0.0,1281.56
2439,3,115,0.0,42718.45
2440,1,1352,24500.0,0.0
2440,2,111,71000.0,0.0
2440,3,113,10.0,0.0
2440,4,150,0.0,-0.34
2440,5,122,0.0,1849.52
2440,6,115,0.0,61650.49
2440,7,126,0.0,932.34
2440,8,119,0.0,31078.0
2441,1,1352,2500.0,0.0
2441,2,123,0.0,72.82
2441,3,116,0.0,2427.18
2442,1,129,17000.0,0.0
2442,2,114,0.0,17000.0
2443,1,1352,14000.0,0.0
2443,2,114,17000.0,0.0
2443,3,122,0.0,524.28
2443,4,122,0.0,378.64
2443,5,115,0.0,17475.73
2443,6,115,0.0,12621.36
2444,1,111,22000.0,0.0
2444,2,122,0.0,640.78
2444,3,115,0.0,21359.22
2445,1,111,14500.0,0.0
2445,2,123,0.0,422.34
2445,3,116,0.0,14077.67
2446,1,107,32750.0,0.0
2446,2,122,0.0,953.88
2446,3,115,0.0,31796.12
2447,1,1352,66000.0,0.0
2447,2,122,0.0,1922.34
2447,3,115,0.0,64077.67
2225,2,150,0.0,-0.06
2225,3,114,62000.0,0.0
2225,4,122,0.0,349.52
2225,5,122,0.0,1543.7
2225,6,115,0.0,11650.49
2225,7,115,0.0,51456.37
2226,1,1352,33900.0,0.0
2226,2,122,0.0,1275.72
2226,3,122,0.0,591.26
2226,4,123,0.0,128.16
2226,5,122,0.0,-1007.76
2226,6,115,0.0,42524.27
2226,7,115,0.0,19708.74
2226,8,116,0.0,4271.84
2226,9,115,0.0,-33592.23
2246,1,111,52000.0,0.0
2246,2,122,0.0,902.92
2246,3,122,0.0,611.66
2246,4,115,0.0,30097.09
2246,5,115,0.0,20388.35
2261,1,111,25250.0,0.0
2261,2,122,0.0,735.44
2261,3,115,0.0,24514.56
2262,1,129,2400.0,0.0
2262,2,114,0.0,2400.0
2263,1,111,5000.0,0.0
2263,2,114,2400.0,0.0
2263,3,122,0.0,215.54
2263,4,115,0.0,7184.47
2264,1,129,20000.0,0.0
2264,2,114,0.0,20000.0
2265,1,111,26700.0,0.0
2265,2,114,20000.0,0.0
2265,3,122,0.0,611.66
2265,4,122,0.0,748.54
2265,5,115,0.0,20388.35
2265,6,115,0.0,24951.46
2266,1,111,16480.0,0.0
2266,2,123,0.0,480.0
2266,3,116,0.0,16000.0
2267,1,129,32000.0,0.0
2267,2,114,0.0,32000.0
2268,1,114,32000.0,0.0
2268,2,122,0.0,932.04
2268,3,115,0.0,31067.96
2269,1,1352,69400.0,0.0
2269,2,122,0.0,445.64
2269,3,122,0.0,553.4
2269,4,122,0.0,629.12
2269,5,123,0.0,393.2
2269,6,115,0.0,14854.37
2269,7,115,0.0,18446.6
2269,8,115,0.0,20970.87
2269,9,116,0.0,13106.8
2270,1,111,8900.0,0.0
2270,2,122,0.0,259.22
2270,3,115,0.0,8640.78
2271,1,111,108000.0,0.0
2271,2,122,0.0,2155.34
2271,3,122,0.0,990.3
2271,4,115,0.0,71844.66
2271,5,115,0.0,33009.71
2409,1,111,64700.0,0.0
2409,2,122,0.0,428.16
2409,3,122,0.0,1456.32
2409,4,115,0.0,14271.84
2409,5,115,0.0,48543.69
2410,1,1352,47500.0,0.0
2410,2,122,0.0,581.94
2410,3,122,0.0,483.5
2410,4,123,0.0,110.68
2410,5,123,0.0,81.56
2410,6,123,0.0,125.82
2410,7,115,0.0,19398.06
2410,8,115,0.0,16116.5
2410,9,116,0.0,3689.32
2410,10,116,0.0,2718.45
2410,11,116,0.0,4194.17
2448,1,1352,66000.0,0.0
2448,2,122,0.0,1922.34
2448,3,115,0.0,64077.67
2450,1,1352,900.0,0.0
2450,2,123,0.0,26.22
2450,3,116,0.0,873.79
2451,1,1352,6600.0,0.0
2451,2,122,0.0,192.24
2451,3,115,0.0,6407.77
2452,1,111,13100.0,0.0
2452,2,122,0.0,381.56
2452,3,115,0.0,12718.45
2453,1,1352,6700.0,0.0
2453,2,123,0.0,195.14
2453,3,116,0.0,6504.85
2454,1,1352,8800.0,0.0
2454,2,150,0.0,-0.01
2454,3,122,0.0,256.32
2454,4,115,0.0,8543.69
2455,1,1352,23000.0,0.0
2455,2,111,8000.0,0.0
2455,3,150,0.0,-0.01
2456,1,1352,800.0,0.0
2456,2,123,0.0,23.3
2456,3,116,0.0,776.7
2457,1,1352,450.0,0.0
2457,2,123,0.0,13.1
2457,3,116,0.0,436.89
2458,1,1352,850.0,0.0
2458,2,123,0.0,24.76
2458,3,116,0.0,825.24
2459,1,1352,21000.0,0.0
2459,2,111,61000.0,0.0
2459,3,122,0.0,1165.04
2459,4,122,0.0,1223.3
2459,5,115,0.0,38834.95
2459,6,115,0.0,40776.7
2460,1,1352,22800.0,0.0
2460,2,123,0.0,664.08
2460,3,116,0.0,22135.92
2461,1,111,400.0,0.0
2461,2,123,0.0,11.66
2461,3,116,0.0,388.35
2462,1,1352,800.0,0.0
2462,3,116,0.0,776.7
2463,1,1352,1100.0,0.0
2463,2,123,0.0,32.04
2463,3,116,0.0,1067.96
2464,1,1352,520.0,0.0
2464,2,123,0.0,15.14
2464,3,116,0.0,504.85
2465,1,1352,3600.0,0.0
2465,2,123,0.0,104.86
2465,3,116,0.0,3495.15
2466,1,1352,800.0,0.0
2466,2,123,0.0,23.3
2466,3,116,0.0,776.7
2467,1,1352,780.0,0.0
2467,2,111,20.0,0.0
2467,3,123,0.0,23.3
2467,4,116,0.0,776.7
2468,1,1352,31000.0,0.0
2468,2,150,0.0,0.35
2468,3,122,0.0,320.38
2468,4,122,0.0,582.52
2468,5,115,0.0,10679.12
2468,6,115,0.0,19417.63
2469,1,1352,12000.0,0.0
2469,2,122,0.0,262.14
2469,3,123,0.0,87.38
2469,4,115,0.0,8737.86
2469,5,116,0.0,2912.62
2470,1,1352,4000.0,0.0
2470,2,150,0.0,-0.01
2470,3,123,0.0,116.5
2470,4,116,0.0,3883.5
2471,1,1352,1001.0,0.0
2471,2,123,0.0,29.16
2471,3,116,0.0,971.84
2472,1,1352,800.0,0.0
2472,2,123,0.0,23.3
2472,3,116,0.0,776.7
2473,1,1352,29000.0,0.0
2473,2,111,4000.0,0.0
2473,3,150,0.0,0.01
2473,4,122,0.0,961.16
2473,5,115,0.0,32038.83
2474,1,1352,17000.0,0.0
2474,2,122,0.0,495.14
2474,3,115,0.0,16504.85
2475,1,1352,450.0,0.0
2475,2,123,0.0,13.1
2475,3,116,0.0,436.89
2476,1,1352,850.0,0.0
2476,2,123,0.0,24.76
2476,3,116,0.0,825.24
2477,1,1352,1850.0,0.0
2477,2,123,0.0,53.88
2477,3,116,0.0,1796.12
2478,1,1352,8000.0,0.0
2478,2,122,0.0,233.0
2227,1,1352,17700.0,0.0
2227,2,122,0.0,515.54
2227,3,115,0.0,17184.47
2228,1,1352,49000.0,0.0
2228,2,122,0.0,247.58
2228,3,122,0.0,1179.62
2228,4,115,0.0,8252.43
2228,5,115,0.0,39320.39
2229,1,129,12000.0,0.0
2229,2,114,0.0,12000.0
2230,1,111,142500.0,0.0
2230,2,114,12000.0,0.0
2230,3,122,0.0,946.6
2230,4,122,0.0,3553.4
2230,5,115,0.0,31553.4
2230,6,115,0.0,118446.6
2231,1,1352,45500.0,0.0
2231,2,122,0.0,1296.12
2231,3,123,0.0,29.12
2231,4,115,0.0,43203.88
2231,5,116,0.0,970.87
2232,1,129,14500.0,0.0
2232,2,114,0.0,14500.0
2233,1,1352,7500.0,0.0
2233,2,150,0.0,0.37
2233,3,114,14500.0,0.0
2233,4,122,0.0,640.76
2233,5,115,0.0,21358.86
2234,1,111,118000.0,0.0
2234,2,150,0.0,-0.4
2234,3,122,0.0,2737.86
2234,4,122,0.0,699.04
2234,5,115,0.0,91262.13
2234,6,115,0.0,23301.37
2235,1,129,38000.0,0.0
2235,2,114,0.0,38000.0
2236,1,1352,6000.0,0.0
2236,2,114,38000.0,0.0
2236,3,122,0.0,1281.56
2236,4,115,0.0,42718.45
2237,1,1352,52000.0,0.0
2237,2,122,0.0,742.72
2237,3,122,0.0,771.84
2237,4,115,0.0,24757.28
2237,5,115,0.0,25728.16
2238,1,129,8000.0,0.0
2238,2,114,0.0,8000.0
2239,1,1352,10700.0,0.0
2239,2,114,8000.0,0.0
2239,3,122,0.0,544.66
2239,4,115,0.0,18155.34
2240,1,111,7500.0,0.0
2240,2,122,0.0,218.44
2240,3,115,0.0,7281.55
2241,1,1352,3160.0,0.0
2241,2,111,1500.0,0.0
2241,3,123,0.0,135.72
2241,4,116,0.0,4524.27
2242,1,1352,88000.0,0.0
2242,2,113,26.0,0.0
2242,3,150,0.0,-0.02
2242,4,122,0.0,2271.84
2242,5,115,0.0,75728.16
2242,6,126,0.0,292.02
2242,7,119,0.0,9734.0
2243,1,1352,28000.0,0.0
2243,2,111,1.0,0.0
2243,3,113,43.0,0.0
2243,4,150,0.0,0.19
2243,5,126,0.0,816.8
2243,6,119,0.0,27227.0
2244,1,1352,3500.0,0.0
2244,2,111,701.0,0.0
2244,3,113,78.0,0.0
2244,4,150,0.0,0.38
2244,5,126,0.0,124.62
2244,6,119,0.0,4154.0
2245,1,111,12000.0,0.0
2245,2,107,134000.0,0.0
2245,3,122,0.0,4252.42
2245,4,115,0.0,141747.57
2296,1,1352,2900.0,0.0
2296,2,122,0.0,84.46
2296,3,115,0.0,2815.53
2297,1,1352,5000.0,0.0
2297,2,123,0.0,145.64
2297,3,116,0.0,4854.37
2298,1,111,14500.0,0.0
2298,2,122,0.0,422.34
2298,3,115,0.0,14077.67
2299,1,1352,10500.0,0.0
2299,2,122,0.0,305.82
2299,3,115,0.0,10194.17
2303,1,111,41500.0,0.0
2303,2,122,0.0,1208.74
2303,3,115,0.0,40291.26
2304,1,129,24000.0,0.0
2304,2,114,0.0,24000.0
2305,1,111,23500.0,0.0
2305,2,114,24000.0,0.0
2305,3,122,0.0,2985.44
2305,4,122,0.0,597.08
2305,5,122,0.0,-2199.02
2305,6,115,0.0,99514.56
2305,7,115,0.0,19902.91
2305,8,115,0.0,-73300.97
2306,1,111,29500.0,0.0
2306,2,122,0.0,859.22
2306,3,115,0.0,28640.78
2311,1,1352,78700.0,0.0
2311,2,150,0.0,0.13
2311,3,122,0.0,2102.9
2311,4,122,0.0,189.32
2311,5,115,0.0,70096.96
2311,6,115,0.0,6310.68
2449,1,1352,79000.0,0.0
2449,2,122,0.0,2300.98
2449,3,115,0.0,76699.03
2478,3,115,0.0,7766.99
2479,1,1352,500.0,0.0
2479,2,123,0.0,14.56
2479,3,116,0.0,485.44
2480,1,1352,13000.0,0.0
2480,2,122,0.0,378.64
2480,3,115,0.0,12621.36
2481,1,1352,6000.0,0.0
2481,2,123,0.0,174.76
2481,3,116,0.0,5825.24
2482,1,1352,400.0,0.0
2482,2,123,0.0,11.66
2482,3,116,0.0,388.35
2483,1,1352,900.0,0.0
2483,2,123,0.0,26.22
2483,3,116,0.0,873.79
2484,1,1352,1835.0,0.0
2484,2,123,0.0,53.44
2484,3,116,0.0,1781.55
2485,1,1352,1650.0,0.0
2485,2,123,0.0,48.06
2485,3,116,0.0,1601.94
2486,1,1352,21700.0,0.0
2486,2,122,0.0,632.04
2486,3,115,0.0,21067.96
2487,1,1352,9350.0,0.0
2487,2,122,0.0,272.34
2487,3,115,0.0,9077.67
2488,1,1352,1000.0,0.0
2488,2,123,0.0,29.12
2488,3,116,0.0,970.87
2489,1,1352,6000.0,0.0
2489,2,123,0.0,174.76
2489,3,116,0.0,5825.24
2490,1,1352,800.0,0.0
2490,2,123,0.0,23.3
2490,3,116,0.0,776.7
2491,1,1352,14000.0,0.0
2491,2,122,0.0,349.52
2491,3,123,0.0,58.26
2491,4,115,0.0,11650.49
2491,5,116,0.0,1941.75
2492,1,1352,3600.0,0.0
2492,2,123,0.0,104.86
2492,3,116,0.0,3495.15
2493,1,1352,1100.0,0.0
2493,2,123,0.0,32.04
2493,3,116,0.0,1067.96
2494,1,1352,2700.0,0.0
2494,2,123,0.0,78.64
2494,3,116,0.0,2621.36
2495,1,1352,900.0,0.0
2495,2,123,0.0,26.22
2495,3,116,0.0,873.79
2496,1,1352,900.0,0.0
2496,2,123,0.0,26.22
2496,3,116,0.0,873.79
2497,1,1352,950.0,0.0
2497,2,123,0.0,27.66
2497,3,116,0.0,922.33
2498,1,111,1850.0,0.0
2253,1,129,13700.0,0.0
2253,2,114,0.0,13700.0
2254,1,1352,14500.0,0.0
2254,2,114,13700.0,0.0
2254,3,122,0.0,821.36
2254,4,115,0.0,27378.64
2255,1,111,20502.0,0.0
2255,2,150,0.0,-0.15
2255,3,126,0.0,597.16
2255,4,119,0.0,19905.0
2272,1,111,13000.0,0.0
2272,2,122,0.0,378.64
2272,3,115,0.0,12621.36
2462,2,123,0.0,23.3
2498,2,123,0.0,53.88
2498,3,116,0.0,1796.12
2499,1,111,29500.0,0.0
2499,2,150,0.0,-0.01
2499,3,122,0.0,538.84
2499,4,122,0.0,262.14
2499,5,123,0.0,58.26
2499,6,115,0.0,17961.17
2499,7,115,0.0,8737.86
2499,8,116,0.0,1941.75
2500,1,1352,99500.0,0.0
2500,2,122,0.0,2898.06
2500,3,115,0.0,96601.94
2501,1,1352,1400.0,0.0
2501,2,123,0.0,40.78
2501,3,116,0.0,1359.22
2502,1,1352,1700.0,0.0
2502,2,123,0.0,49.52
2502,3,116,0.0,1650.49
2503,1,1352,400.0,0.0
2503,2,123,0.0,11.66
2503,3,116,0.0,388.35
2504,1,1352,3900.0,0.0
2504,2,150,0.0,-0.01
2504,3,123,0.0,113.6
2504,4,116,0.0,3786.41
2505,1,1352,26300.0,0.0
2505,2,111,10700.0,0.0
2505,3,122,0.0,1077.66
2505,4,115,0.0,35922.33
2506,1,1352,1500.0,0.0
2506,2,123,0.0,43.68
2506,3,116,0.0,1456.31
2507,1,1352,10000.0,0.0
2507,2,123,0.0,218.44
2507,3,123,0.0,72.82
2507,4,116,0.0,7281.55
2507,5,116,0.0,2427.18
2508,1,1352,1260.0,0.0
2508,2,123,0.0,36.7
2508,3,116,0.0,1223.3
2509,1,1352,4300.0,0.0
2509,2,123,0.0,125.24
2509,3,116,0.0,4174.76
2510,1,1352,1800.0,0.0
2510,2,123,0.0,52.42
2510,3,116,0.0,1747.57
2511,1,1352,29500.0,0.0
2511,2,123,0.0,859.22
2511,3,116,0.0,28640.78
2512,1,1352,5000.0,0.0
2512,2,123,0.0,145.64
2512,3,116,0.0,4854.37
2513,1,1352,8500.0,0.0
2513,2,122,0.0,247.58
2513,3,115,0.0,8252.43
2514,1,1352,16000.0,0.0
2514,2,122,0.0,233.0
2514,3,122,0.0,145.64
2514,4,123,0.0,87.38
2514,5,115,0.0,7766.99
2514,6,115,0.0,4854.37
2514,7,116,0.0,2912.62
2515,1,1352,800.0,0.0
2515,2,123,0.0,23.3
2515,3,116,0.0,776.7
2516,1,1352,2500.0,0.0
2516,2,123,0.0,72.82
2516,3,116,0.0,2427.18
2517,1,1352,500.0,0.0
2517,2,123,0.0,14.56
2517,3,116,0.0,485.44
2518,1,1352,120000.0,0.0
2518,2,150,0.0,-0.36
2518,3,122,0.0,2475.74
2518,4,122,0.0,1019.42
2518,5,115,0.0,82524.62
2518,6,115,0.0,33980.58
2519,1,1352,900.0,0.0
2519,2,123,0.0,26.22
2519,3,116,0.0,873.79
2520,1,1352,4250.0,0.0
2520,2,123,0.0,123.78
2520,3,116,0.0,4126.21
2521,1,1352,14900.0,0.0
2521,2,123,0.0,247.58
2521,3,123,0.0,186.4
2521,4,116,0.0,8252.43
2521,5,116,0.0,6213.59
2522,1,1352,8500.0,0.0
2522,2,123,0.0,247.58
2522,3,116,0.0,8252.43
2523,1,111,14500.0,0.0
2523,2,150,0.0,-0.01
2523,3,122,0.0,422.34
2523,4,115,0.0,14077.67
2524,1,111,3000.0,0.0
2524,2,123,0.0,87.38
2524,3,116,0.0,2912.62
2525,1,111,9000.0,0.0
2525,2,123,0.0,262.14
2525,3,116,0.0,8737.86
2526,1,111,1500.0,0.0
2526,2,123,0.0,43.68
2526,3,116,0.0,1456.31
2527,1,111,6800.0,0.0
2527,2,123,0.0,198.06
2527,3,116,0.0,6601.94
2528,1,141,1800.0,0.0
2528,2,123,0.0,52.42
2528,3,116,0.0,1747.57
2529,1,141,900.0,0.0
2529,2,123,0.0,26.22
2529,3,116,0.0,873.79
2530,1,1352,6000.0,0.0
2530,2,111,12000.0,0.0
2530,3,113,43.0,0.0
2530,4,150,0.0,0.49
2530,5,126,0.0,525.52
2530,6,119,0.0,17517.0
2531,1,1352,74000.0,0.0
2531,2,111,56000.0,0.0
2531,3,150,0.0,-0.02
2531,4,122,0.0,1470.88
2531,5,122,0.0,2315.54
2531,6,115,0.0,49029.13
2531,7,115,0.0,77184.47
2532,1,1352,45000.0,0.0
2532,2,122,0.0,1310.68
2532,3,115,0.0,43689.32
2533,1,111,19500.0,0.0
2533,2,122,0.0,567.96
2533,3,115,0.0,18932.04
2534,1,111,37000.0,0.0
2534,2,150,0.0,0.01
2534,3,122,0.0,1077.66
2534,4,115,0.0,35922.33
2535,1,111,21500.0,0.0
2535,2,150,0.0,-0.01
2535,3,122,0.0,626.22
2536,1,1352,1500.0,0.0
2536,2,111,1000.0,0.0
2536,3,123,0.0,72.82
2536,4,116,0.0,2427.18
2537,1,1352,3000.0,0.0
2537,2,123,0.0,87.38
2537,3,116,0.0,2912.62
2538,1,111,55500.0,0.0
2538,2,113,28.0,0.0
2538,3,150,0.0,-0.33
2538,4,126,0.0,301.84
2538,5,126,0.0,1315.5
2538,6,119,0.0,10061.0
2538,7,119,0.0,43850.0
2539,1,111,12000.0,0.0
2539,2,122,0.0,247.58
2539,3,123,0.0,101.94
2539,4,115,0.0,8252.43
2539,5,116,0.0,3398.06
2540,1,1352,7000.0,0.0
2540,2,111,75000.0,0.0
2540,3,122,0.0,2388.34
2540,4,115,0.0,79611.65
2541,1,1352,21866.0,0.0
2541,2,122,0.0,636.88
2317,4,122,0.0,518.44
2348,1,1352,19500.0,0.0
2348,2,113,200.0,0.0
2348,3,122,0.0,300.0
2348,4,122,0.0,273.78
2348,5,115,0.0,10000.0
2348,6,115,0.0,9126.21
2541,3,115,0.0,21229.13
2542,1,111,70000.0,0.0
2542,2,150,0.0,-0.01
2542,3,122,0.0,2038.84
2542,4,115,0.0,67961.17
2543,1,1352,6500.0,0.0
2543,2,122,0.0,189.32
2543,3,115,0.0,6310.68
2544,1,1352,3500.0,0.0
2544,2,111,1000.0,0.0
2544,3,122,0.0,131.06
2544,4,115,0.0,4368.93
2545,1,1352,3500.0,0.0
2545,2,123,0.0,101.94
2545,3,116,0.0,3398.06
2546,1,111,3500.0,0.0
2546,2,123,0.0,101.94
2546,3,116,0.0,3398.06
2535,4,115,0.0,20873.79
2547,1,1352,40000.0,0.0
2547,2,111,116100.0,0.0
2547,3,122,0.0,3946.6
2547,4,122,0.0,600.0
2547,5,115,0.0,131553.4
2547,6,115,0.0,20000.0
2548,1,1352,4300.0,0.0
2548,2,111,3500.0,0.0
2548,3,122,0.0,227.18
2548,4,115,0.0,7572.82
2549,1,1352,1450.0,0.0
2549,2,123,0.0,42.24
2549,3,116,0.0,1407.77
2550,1,111,90000.0,0.0
2550,2,113,227.0,0.0
2550,3,150,0.0,-0.14
2550,4,122,0.0,1252.44
2550,5,123,0.0,160.2
2550,6,122,0.0,349.52
2550,7,115,0.0,41747.87
2550,8,116,0.0,5339.81
2550,9,115,0.0,11650.49
2550,10,126,0.0,865.84
2550,11,119,0.0,28861.0
2551,1,111,4000.0,0.0
2551,2,150,0.0,-0.01
2551,3,123,0.0,116.5
2551,4,116,0.0,3883.5
2552,1,111,1500.0,0.0
2552,2,150,0.0,0.01
2552,3,123,0.0,43.68
2552,4,116,0.0,1456.31
2553,1,1352,15100.0,0.0
2553,2,111,9000.0,0.0
2553,3,123,0.0,75.72
2553,4,122,0.0,626.22
2553,5,116,0.0,2524.27
2553,6,115,0.0,20873.79
2554,1,111,26800.0,0.0
2554,2,122,0.0,780.58
2554,3,115,0.0,26019.42
2555,1,1352,14600.0,0.0
2555,2,111,23350.0,0.0
2555,3,122,0.0,531.56
2555,4,122,0.0,484.96
2555,5,123,0.0,77.18
2555,6,123,0.0,11.66
2555,7,115,0.0,17718.45
2555,8,115,0.0,16165.05
2555,9,116,0.0,2572.82
2555,10,116,0.0,388.35
2556,1,1352,6000.0,0.0
2556,2,150,0.0,0.01
2556,3,123,0.0,43.68
2556,4,123,0.0,69.9
2556,5,123,0.0,61.16
2556,6,116,0.0,1456.31
2556,7,116,0.0,2330.1
2556,8,116,0.0,2038.83
2557,1,1352,1750.0,0.0
2557,2,123,0.0,50.98
2557,3,116,0.0,1699.03
2558,1,1352,5500.0,0.0
2558,2,111,9000.0,0.0
2558,3,150,0.0,-0.37
2558,4,122,0.0,422.34
2558,5,115,0.0,14078.03
2559,1,111,800.0,0.0
2559,2,123,0.0,23.3
2559,3,116,0.0,776.7
2560,1,1352,2200.0,0.0
2560,2,123,0.0,64.08
2560,3,116,0.0,2135.92
2561,1,1352,400.0,0.0
2561,2,150,0.0,-0.01
2561,3,123,0.0,11.66
2561,4,116,0.0,388.36
2562,1,1352,11500.0,0.0
2562,2,150,0.0,0.14
2562,3,122,0.0,334.94
2562,4,115,0.0,11164.91
2563,1,1352,2000.0,0.0
2563,2,122,0.0,58.26
2563,3,115,0.0,1941.75
2564,1,1352,4800.0,0.0
2564,2,123,0.0,93.2
2564,3,123,0.0,46.6
2564,4,116,0.0,3106.8
2564,5,116,0.0,1553.4
2565,1,111,60000.0,0.0
2565,2,122,0.0,1747.58
2565,3,115,0.0,58252.43
2566,1,111,5300.0,0.0
2566,2,123,0.0,154.36
2566,3,116,0.0,5145.63
2567,1,1352,3800.0,0.0
2567,2,123,0.0,84.46
2567,3,123,0.0,26.22
2567,4,116,0.0,2815.53
2567,5,116,0.0,873.79
2568,1,111,26000.0,0.0
2568,2,122,0.0,757.28
2568,3,115,0.0,25242.72
2569,1,111,2700.0,0.0
2569,2,123,0.0,78.64
2569,3,116,0.0,2621.36
2570,1,111,1800.0,0.0
2570,3,123,0.0,11.66
2570,4,115,0.0,1359.22
2570,5,116,0.0,388.35
2455,4,122,0.0,902.92
2455,5,115,0.0,30097.09
2571,1,1352,1200.0,0.0
2571,2,111,1200.0,0.0
2571,3,123,0.0,69.9
2571,4,116,0.0,2330.1
2572,1,111,80000.0,0.0
2572,2,113,31.0,0.0
2572,3,126,0.0,2331.0
2572,4,119,0.0,77700.0
2573,1,111,11300.0,0.0
2573,2,122,0.0,329.12
2573,3,115,0.0,10970.87
2574,1,111,0.0,32018.0
2574,2,150,0.0,-0.45
2574,3,126,0.0,932.56
2574,4,119,0.0,31085.0
2575,1,1352,5800.0,0.0
2575,2,122,0.0,168.94
2575,3,115,0.0,5631.07
2576,1,1352,5800.0,0.0
2576,2,122,0.0,168.94
2576,3,115,0.0,5631.07
2577,1,111,0.0,5800.0
2577,2,122,0.0,-168.94
2577,3,115,0.0,-5631.07
2578,1,111,115000.0,0.0
2578,2,122,0.0,3349.52
2578,3,115,0.0,111650.49
2579,3,116,0.0,1825.24
2580,1,1352,10000.0,0.0
2580,2,122,0.0,291.26
2580,3,115,0.0,9708.74
2581,1,111,3100.0,0.0
2581,2,123,0.0,90.3
2581,3,116,0.0,3009.71
2582,1,1352,30000.0,0.0
2582,2,111,23000.0,0.0
2582,3,122,0.0,1543.68
2582,4,115,0.0,51456.31
2583,1,111,21000.0,0.0
2583,2,122,0.0,611.66
2583,3,115,0.0,20388.35
2325,1,1352,53000.0,0.0
2325,2,111,8000.0,0.0
2325,3,122,0.0,1776.7
2325,4,115,0.0,59223.3
2343,1,1352,3400.0,0.0
2343,2,123,0.0,99.02
2343,3,116,0.0,3300.97
2327,1,111,42000.0,0.0
2327,2,122,0.0,1223.3
2327,3,115,0.0,40776.7
2328,1,111,38500.0,0.0
2328,2,150,0.0,-0.3
2328,3,122,0.0,873.8
2328,4,122,0.0,247.56
2328,5,115,0.0,29126.62
2328,6,115,0.0,8252.31
2329,1,1352,16000.0,0.0
2329,2,123,0.0,466.02
2329,3,116,0.0,15533.98
2570,2,122,0.0,40.78
2579,1,111,1880.0,0.0
2579,2,123,0.0,54.76
2584,1,1352,3000.0,0.0
2584,2,123,0.0,58.26
2584,3,123,0.0,29.12
2584,4,116,0.0,1941.75
2584,5,116,0.0,970.87
2585,1,1352,1000.0,0.0
2585,2,123,0.0,29.12
2585,3,116,0.0,970.87
2587,1,1352,33500.0,0.0
2587,2,150,0.0,-0.33
2587,3,122,0.0,495.14
2587,4,122,0.0,288.34
2587,5,123,0.0,192.24
2587,6,115,0.0,16504.85
2587,7,115,0.0,9611.65
2587,8,116,0.0,6408.09
2588,1,1352,169100.0,0.0
2588,2,122,0.0,4689.32
2588,3,123,0.0,235.92
2588,4,115,0.0,156310.68
2588,5,116,0.0,7864.08
2589,1,1352,5500.0,0.0
2589,2,122,0.0,160.2
2589,3,115,0.0,5339.81
2590,1,111,3800.0,0.0
2590,2,123,0.0,110.68
2590,3,116,0.0,3689.32
2591,1,111,8000.0,0.0
2591,2,122,0.0,233.0
2591,3,115,0.0,7766.99
2593,1,1352,3500.0,0.0
2593,2,123,0.0,101.94
2593,3,116,0.0,3398.06
2594,1,1352,1900.0,0.0
2594,2,123,0.0,55.34
2594,3,116,0.0,1844.66
2595,1,111,1600.0,0.0
2595,2,123,0.0,46.6
2595,3,116,0.0,1553.4
2596,1,1352,12000.0,0.0
2596,2,122,0.0,247.58
2596,3,123,0.0,101.94
2596,4,115,0.0,8252.43
2596,5,116,0.0,3398.06
2597,1,1352,16000.0,0.0
2597,2,111,70499.0,0.0
2597,3,150,0.0,-0.26
2597,4,122,0.0,509.7
2597,5,122,0.0,567.96
2597,6,122,0.0,1441.74
2597,7,115,0.0,16989.96
2597,8,115,0.0,18932.04
2597,9,115,0.0,48057.86
2601,1,1352,17400.0,0.0
2601,2,150,0.0,-0.11
2601,3,122,0.0,506.8
2602,1,1352,26000.0,0.0
2602,2,111,10000.0,0.0
2602,3,122,0.0,1048.54
2602,4,115,0.0,34951.46
2601,4,115,0.0,16893.31
2603,1,1352,2900.0,0.0
2603,2,123,0.0,40.78
2603,3,123,0.0,43.68
2603,4,116,0.0,1359.22
2603,5,116,0.0,1456.31
2604,1,1352,6900.0,0.0
2604,2,123,0.0,113.6
2604,3,123,0.0,87.38
2604,4,116,0.0,3786.41
2604,5,116,0.0,2912.62
2605,1,111,12000.0,0.0
2605,2,122,0.0,349.52
2605,3,115,0.0,11650.49
2606,1,129,13730.0,0.0
2606,2,114,0.0,13730.0
2607,1,111,15800.0,0.0
2607,2,114,13730.0,0.0
2607,3,122,0.0,860.1
2607,4,115,0.0,28669.9
2608,1,111,1400.0,0.0
2608,2,123,0.0,40.78
2608,3,116,0.0,1359.22
2609,1,1352,3100.0,0.0
2615,1,1352,55000.0,0.0
2615,2,122,0.0,1601.94
2615,3,115,0.0,53398.06
2616,1,111,89000.0,0.0
2616,3,122,0.0,2231.08
2616,4,122,0.0,361.16
2616,5,115,0.0,74369.39
2616,6,115,0.0,12038.47
2617,1,111,7700.0,0.0
2617,2,123,0.0,110.68
2617,3,123,0.0,34.96
2617,4,123,0.0,78.64
2617,5,116,0.0,3689.32
2617,6,116,0.0,1165.05
2617,7,116,0.0,2621.36
2624,1,1352,12300.0,0.0
2624,2,111,4100.0,0.0
2624,3,122,0.0,477.66
2624,4,115,0.0,15922.33
2625,1,1352,16600.0,0.0
2625,2,122,0.0,483.5
2625,3,115,0.0,16116.5
2626,1,111,4900.0,0.0
2626,2,123,0.0,142.72
2626,3,116,0.0,4757.28
2627,1,1352,6000.0,0.0
2627,2,123,0.0,174.76
2627,3,116,0.0,5825.24
2628,1,111,32600.0,0.0
2628,2,123,0.0,104.86
2628,3,122,0.0,713.6
2628,4,122,0.0,131.06
2628,5,116,0.0,3495.15
2628,6,115,0.0,23786.41
2628,7,115,0.0,4368.93
2629,1,111,3500.0,0.0
2629,2,150,0.0,0.01
2629,3,123,0.0,61.16
2629,4,123,0.0,40.78
2629,5,116,0.0,2038.83
2629,6,116,0.0,1359.22
2630,1,1352,19800.0,0.0
2630,2,113,1.0,0.0
2630,3,150,0.0,-0.11
2630,4,122,0.0,145.64
2630,5,115,0.0,4854.37
2630,6,126,0.0,431.1
2631,1,1352,700.0,0.0
2631,2,150,0.0,0.01
2631,3,123,0.0,20.38
2632,1,1352,8300.0,0.0
2632,2,150,0.0,0.01
2632,3,122,0.0,241.74
2630,7,119,0.0,14370.0
2631,4,116,0.0,679.61
2632,4,115,0.0,8058.25
2633,1,111,91000.0,0.0
2633,2,122,0.0,2650.48
2633,3,115,0.0,88349.51
2634,1,111,18000.0,0.0
2634,2,122,0.0,524.28
2634,3,115,0.0,17475.73
2635,1,111,16000.0,0.0
2635,2,122,0.0,466.02
2635,3,115,0.0,15533.98
2645,1,111,32700.0,0.0
2645,2,150,0.0,-0.01
2637,1,1352,12000.0,0.0
2637,2,123,0.0,145.64
2637,3,123,0.0,203.88
2637,4,116,0.0,4854.37
2637,5,116,0.0,6796.12
2638,1,111,4000.0,0.0
2408,1,1352,9700.0,0.0
2408,2,111,36000.0,0.0
2408,3,122,0.0,1331.06
2408,4,115,0.0,44368.93
2609,2,123,0.0,67.0
2616,2,150,0.0,-0.09
2645,3,122,0.0,486.4
2645,4,122,0.0,466.02
2638,2,150,0.0,-0.01
2638,3,122,0.0,116.5
2638,4,115,0.0,3883.5
2639,1,111,4000.0,0.0
2639,2,150,0.0,-0.01
2639,3,123,0.0,116.5
2639,4,116,0.0,3883.5
2640,1,111,2300.0,0.0
2640,2,123,0.0,67.0
2640,3,116,0.0,2233.01
2645,5,115,0.0,16213.46
2645,6,115,0.0,15534.13
2646,1,111,3000.0,0.0
2646,2,123,0.0,87.38
2646,3,116,0.0,2912.62
2649,1,1352,500.0,0.0
2649,2,111,1100.0,0.0
2649,3,123,0.0,46.6
2649,4,116,0.0,1553.4
2650,1,1352,1500.0,0.0
2650,2,111,1500.0,0.0
2650,3,123,0.0,87.38
2650,4,116,0.0,2912.62
2651,1,1352,1750.0,0.0
2651,2,123,0.0,50.98
2651,3,116,0.0,1699.03
2659,1,1352,11900.0,0.0
2659,2,111,4100.0,0.0
2659,3,122,0.0,466.02
2659,4,115,0.0,15533.98
2660,1,1352,4300.0,0.0
2660,2,122,0.0,125.24
2660,3,115,0.0,4174.76
2661,1,111,115000.0,0.0
2661,2,113,201.0,0.0
2661,3,150,0.0,0.02
2661,4,122,0.0,2155.34
2661,5,122,0.0,297.08
2661,6,122,0.0,591.26
2661,7,122,0.0,311.68
2661,8,115,0.0,71844.66
2661,9,115,0.0,9902.91
2661,10,115,0.0,19708.74
2661,11,115,0.0,10389.3
2662,1,111,5500.0,0.0
2662,2,123,0.0,160.2
2662,3,116,0.0,5339.81
2663,1,1352,4000.0,0.0
2663,2,111,6300.0,0.0
2663,3,122,0.0,300.0
2663,4,115,0.0,10000.0
2664,1,1352,11300.0,0.0
2664,2,122,0.0,329.12
2664,3,115,0.0,10970.87
2665,1,1352,18700.0,0.0
2665,2,122,0.0,544.66
2665,3,115,0.0,18155.34
2666,1,1352,17200.0,0.0
2666,2,113,1.0,0.0
2666,3,126,0.0,501.0
2666,4,119,0.0,16700.0
2667,1,1352,3100.0,0.0
2667,2,123,0.0,50.1
2667,3,123,0.0,23.6
2667,4,123,0.0,16.6
2667,5,116,0.0,1669.9
2667,6,116,0.0,786.41
2667,7,116,0.0,553.4
2668,1,1352,133000.0,0.0
2668,2,122,0.0,3873.78
2668,3,115,0.0,129126.21
2674,1,1352,4000.0,0.0
2674,2,150,0.0,-0.01
2674,3,122,0.0,116.5
2674,4,115,0.0,3883.5
2675,1,1352,12500.0,0.0
2675,2,150,0.0,-0.01
2675,3,123,0.0,116.5
2675,4,123,0.0,87.38
2675,5,123,0.0,160.2
2675,6,116,0.0,3883.5
2675,7,116,0.0,2912.62
2675,8,116,0.0,5339.81
2676,1,111,57000.0,0.0
2676,2,113,330.0,0.0
2676,3,122,0.0,1669.8
2676,4,115,0.0,55660.19
2677,1,1352,33000.0,0.0
2677,2,111,1000.0,0.0
2677,3,150,0.0,-0.3
2677,4,126,0.0,990.3
2677,5,119,0.0,33010.0
2678,1,130,300.0,0.0
2678,2,114,0.0,300.0
2679,1,111,2200.0,0.0
2679,2,114,300.0,0.0
2679,3,123,0.0,72.82
2679,4,116,0.0,2427.18
2685,1,111,7000.0,0.0
2685,3,115,0.0,6796.12
2688,1,129,5200.0,0.0
2688,2,114,0.0,5200.0
2689,1,1352,6200.0,0.0
2689,2,114,5200.0,0.0
2689,3,122,0.0,332.04
2689,4,115,0.0,11067.96
2690,1,1352,14000.0,0.0
2690,2,111,16000.0,0.0
2690,3,122,0.0,355.34
2690,4,122,0.0,518.44
2690,5,115,0.0,11844.66
2690,6,115,0.0,17281.55
2691,1,1352,11600.0,0.0
2691,2,122,0.0,337.86
2691,3,115,0.0,11262.14
2692,1,1352,11800.0,0.0
2692,2,111,10000.0,0.0
2692,3,122,0.0,634.96
2692,4,115,0.0,21165.05
2693,1,1352,17000.0,0.0
2693,2,150,0.0,0.17
2693,3,122,0.0,235.92
2693,4,122,0.0,259.22
2693,5,115,0.0,7863.91
2693,6,115,0.0,8640.78
2694,1,1352,825.0,0.0
2694,2,111,3500.0,0.0
2694,3,122,0.0,125.98
2694,4,115,0.0,4199.03
2695,1,111,13000.0,0.0
2695,2,122,0.0,378.64
2695,3,115,0.0,12621.36
2696,1,111,5300.0,0.0
2696,2,123,0.0,154.36
2696,3,116,0.0,5145.63
2697,1,111,31800.0,0.0
2697,2,122,0.0,926.22
2697,3,115,0.0,30873.79
2699,1,111,72000.0,0.0
2699,2,122,0.0,2097.08
2699,3,115,0.0,69902.91
2700,1,111,27000.0,0.0
2701,1,111,22300.0,0.0
2701,2,122,0.0,649.52
2701,3,115,0.0,21650.49
2702,1,1352,721.0,0.0
2702,2,123,0.0,21.0
2702,3,116,0.0,700.0
2703,1,111,199900.0,0.0
2703,2,150,0.0,-0.17
2703,3,122,0.0,2432.04
2703,4,122,0.0,716.5
2703,5,122,0.0,1057.28
2703,6,122,0.0,632.04
2703,7,122,0.0,984.46
2703,8,115,0.0,81067.96
2703,9,115,0.0,23883.5
2703,10,115,0.0,35242.96
2703,11,115,0.0,21067.87
2703,12,115,0.0,32815.53
2704,1,1352,48000.0,0.0
2704,2,122,0.0,1398.06
2704,3,115,0.0,46601.94
2705,1,1352,800.0,0.0
2705,2,111,5000.0,0.0
2705,3,122,0.0,168.94
2705,4,115,0.0,5631.07
2710,1,111,137000.0,0.0
2710,2,122,0.0,553.4
2710,3,122,0.0,2330.1
2710,4,122,0.0,815.54
2413,6,122,0.0,422.34
2413,7,122,0.0,867.96
2413,8,122,0.0,926.22
2413,9,122,0.0,227.18
2413,10,122,0.0,2254.36
2413,11,122,0.0,830.1
2413,12,122,0.0,1316.5
2413,13,115,0.0,133980.58
2413,14,115,0.0,45631.07
2413,15,115,0.0,14077.67
2413,16,115,0.0,28932.04
2413,17,115,0.0,30873.79
2413,18,115,0.0,7572.82
2413,19,115,0.0,75145.63
2413,20,115,0.0,27669.9
2413,21,115,0.0,43883.5
2414,1,1352,5900.0,0.0
2414,2,122,0.0,171.84
2414,3,115,0.0,5728.16
2415,1,1352,75000.0,0.0
2415,2,150,0.0,0.24
2415,3,122,0.0,873.78
2415,4,122,0.0,1310.68
2415,5,115,0.0,29126.21
2415,6,115,0.0,43689.09
2416,1,1352,71000.0,0.0
2416,2,122,0.0,946.6
2416,3,122,0.0,1121.36
2416,4,115,0.0,31553.4
2416,5,115,0.0,37378.64
2417,1,1352,37000.0,0.0
2417,2,122,0.0,1077.66
2417,3,115,0.0,35922.33
2418,1,1352,15900.0,0.0
2418,2,111,46000.0,0.0
2418,3,122,0.0,1802.92
2418,4,115,0.0,60097.09
2592,1,111,15500.0,0.0
2592,2,122,0.0,451.46
2592,3,115,0.0,15048.54
2598,1,111,4000.0,0.0
2598,2,113,22.0,0.0
2598,3,150,0.0,-0.15
2598,4,126,0.0,117.16
2598,5,119,0.0,3905.0
2599,1,141,16900.0,0.0
2599,2,122,0.0,492.24
2599,3,115,0.0,16407.77
2600,1,111,13000.0,0.0
2600,2,122,0.0,378.64
2600,3,115,0.0,12621.36
2647,1,1352,25000.0,0.0
2647,2,111,11000.0,0.0
2647,3,122,0.0,1048.54
2647,4,115,0.0,34951.46
2648,1,1352,3000.0,0.0
2648,2,123,0.0,87.38
2648,3,116,0.0,2912.62
2685,2,122,0.0,203.88
2686,1,1352,11850.0,0.0
2686,2,122,0.0,177.66
2686,3,122,0.0,167.48
2686,4,115,0.0,5922.33
2686,5,115,0.0,5582.52
2687,1,1352,8500.0,0.0
2687,2,122,0.0,247.58
2687,3,115,0.0,8252.43
2700,2,122,0.0,786.4
2710,5,122,0.0,291.26
2710,6,115,0.0,18446.6
2710,7,115,0.0,77669.9
2710,8,115,0.0,27184.47
2710,9,115,0.0,9708.74
2711,1,111,14300.0,0.0
2711,2,150,0.0,-0.01
2711,3,122,0.0,416.5
2711,4,115,0.0,13883.5
2712,1,1352,14000.0,0.0
2712,2,111,63200.0,0.0
2712,3,122,0.0,2248.54
2712,4,115,0.0,74951.46
2713,1,1352,1150.0,0.0
2713,2,123,0.0,33.5
2713,3,116,0.0,1116.5
2714,1,111,10090.0,0.0
2714,2,122,0.0,293.88
2714,3,115,0.0,9796.12
2715,1,111,12500.0,0.0
2715,2,122,0.0,364.08
2715,3,115,0.0,12135.92
2716,1,1352,2100.0,0.0
2716,2,150,0.0,0.01
2716,3,123,0.0,61.16
2716,4,116,0.0,2038.83
2717,1,1352,2000.0,0.0
2717,2,111,6000.0,0.0
2717,3,123,0.0,233.0
2717,4,116,0.0,7766.99
2718,1,111,15500.0,0.0
2718,2,122,0.0,451.46
2718,3,115,0.0,15048.54
2719,1,1352,3000.0,0.0
2719,2,123,0.0,87.38
2719,3,116,0.0,2912.62
2720,1,111,7400.0,0.0
2720,2,123,0.0,40.78
2720,3,123,0.0,174.76
2720,4,116,0.0,1359.22
2720,5,116,0.0,5825.24
2721,1,111,53500.0,0.0
2727,1,1352,16000.0,0.0
2727,2,111,2000.0,0.0
2727,3,122,0.0,524.28
2727,4,115,0.0,17475.73
2728,1,111,8500.0,0.0
2728,2,122,0.0,247.58
2728,3,115,0.0,8252.43
2729,1,1352,10000.0,0.0
2729,2,111,22500.0,0.0
2729,3,122,0.0,364.08
2729,4,122,0.0,582.52
2729,5,115,0.0,12135.92
2729,6,115,0.0,19417.48
2730,1,1352,140300.0,0.0
2730,2,122,0.0,4086.4
2730,3,115,0.0,136213.59
2731,1,1352,34000.0,0.0
2731,2,122,0.0,990.3
2731,3,115,0.0,33009.71
2732,1,111,25000.0,0.0
2732,3,115,0.0,24271.84
2733,1,111,35000.0,0.0
2733,2,122,0.0,1019.42
2733,3,115,0.0,33980.58
2734,1,111,16000.0,0.0
2734,2,122,0.0,466.02
2734,3,115,0.0,15533.98
2735,1,1352,750.0,0.0
2735,2,111,1500.0,0.0
2735,3,123,0.0,65.54
2735,4,116,0.0,2184.47
2736,1,1352,18100.0,0.0
2736,2,150,0.0,0.41
2736,3,122,0.0,527.18
2736,4,115,0.0,17572.42
2737,1,111,6800.0,0.0
2737,2,122,0.0,198.06
2737,3,115,0.0,6601.94
2738,1,1352,30000.0,0.0
2738,2,111,3500.0,0.0
2738,3,122,0.0,975.72
2738,4,115,0.0,32524.27
2740,1,1352,3400.0,0.0
2740,2,123,0.0,70.78
2740,3,123,0.0,28.26
2740,4,116,0.0,2359.22
2740,5,116,0.0,941.75
2741,1,1352,7000.0,0.0
2741,2,111,2700.0,0.0
2741,3,122,0.0,203.88
2741,4,123,0.0,78.64
2741,5,115,0.0,6796.12
2741,6,116,0.0,2621.36
2742,1,1352,20000.0,0.0
2742,2,113,53.0,0.0
2742,3,150,0.0,0.15
2742,4,123,0.0,-273.78
2742,5,116,0.0,-9126.21
2742,6,126,0.0,857.84
2742,7,119,0.0,28595.0
2743,1,1352,4900.0,0.0
2743,2,111,15600.0,0.0
2743,3,122,0.0,597.08
2743,4,115,0.0,19902.91
2744,1,111,7300.0,0.0
2744,2,123,0.0,212.62
2744,3,116,0.0,7087.38
2745,1,1352,1750.0,0.0
2745,2,123,0.0,50.98
2586,1,111,60000.0,0.0
2586,2,122,0.0,1747.58
2586,3,115,0.0,58252.43
2652,1,1352,33000.0,0.0
2652,2,111,80000.0,0.0
2652,3,122,0.0,1025.24
2652,4,122,0.0,1735.92
2652,5,123,0.0,530.1
2652,6,115,0.0,34174.76
2652,7,115,0.0,57864.08
2652,8,116,0.0,17669.9
2653,1,111,14400.0,0.0
2653,2,122,0.0,419.42
2653,3,115,0.0,13980.58
2654,1,1352,3000.0,0.0
2654,2,123,0.0,87.38
2654,3,116,0.0,2912.62
2655,1,111,42900.0,0.0
2655,2,122,0.0,1249.52
2655,3,115,0.0,41650.49
2656,1,111,94800.0,0.0
2656,2,150,0.0,0.01
2656,3,122,0.0,2761.16
2656,4,115,0.0,92038.83
2657,1,111,18000.0,0.0
2657,2,122,0.0,524.28
2657,3,115,0.0,17475.73
2658,1,111,5000.0,0.0
2658,2,123,0.0,145.64
2658,3,116,0.0,4854.37
2669,1,111,10500.0,0.0
2669,2,122,0.0,305.82
2669,3,115,0.0,10194.17
2670,1,1352,17300.0,0.0
2670,2,111,36000.0,0.0
2670,3,122,0.0,1552.42
2670,4,115,0.0,51747.57
2671,1,1352,32900.0,0.0
2671,2,122,0.0,128.16
2671,3,122,0.0,830.1
2671,4,115,0.0,4271.84
2671,5,115,0.0,27669.9
2672,1,111,3000.0,0.0
2672,2,123,0.0,87.38
2672,3,116,0.0,2912.62
2673,1,1352,3700.0,0.0
2673,2,111,10100.0,0.0
2673,3,122,0.0,401.94
2673,4,115,0.0,13398.06
2721,2,122,0.0,1558.26
2732,2,122,0.0,728.16
2745,3,116,0.0,1699.03
2746,1,1352,9400.0,0.0
2746,2,122,0.0,273.78
2746,3,115,0.0,9126.21
2747,1,1352,2150.0,0.0
2747,2,123,0.0,62.62
2747,3,116,0.0,2087.38
2748,1,1352,36000.0,0.0
2748,2,111,15000.0,0.0
2748,3,122,0.0,1485.44
2748,4,115,0.0,49514.56
2749,1,111,17500.0,0.0
2749,2,122,0.0,509.7
2749,3,115,0.0,16990.29
2752,1,111,53000.0,0.0
2752,2,122,0.0,1348.54
2752,3,123,0.0,195.14
2752,4,115,0.0,44951.46
2752,5,116,0.0,6504.85
2753,1,1352,8000.0,0.0
2753,2,111,6000.0,0.0
2753,3,113,273.0,0.0
2753,4,150,0.0,0.29
2753,5,126,0.0,415.72
2753,6,119,0.0,13857.0
2754,1,1352,38500.0,0.0
2754,2,150,0.0,-0.22
2754,3,122,0.0,145.64
2754,4,122,0.0,728.16
2754,5,123,0.0,116.5
2754,6,123,0.0,58.26
2754,7,123,0.0,72.82
2754,8,115,0.0,4854.37
2754,9,115,0.0,24271.84
2754,10,116,0.0,3883.55
2754,11,116,0.0,1941.9
2754,12,116,0.0,2427.18
2755,1,1352,5000.0,0.0
2755,2,123,0.0,72.82
2755,3,123,0.0,72.82
2755,4,116,0.0,2427.18
2755,5,116,0.0,2427.18
2756,1,1352,9000.0,0.0
2756,2,111,4000.0,0.0
2756,3,122,0.0,378.64
2756,4,115,0.0,12621.36
2761,1,111,11000.0,0.0
2761,2,122,0.0,320.38
2761,3,115,0.0,10679.61
2763,1,111,24400.0,0.0
2763,3,115,0.0,23689.32
2768,1,1352,9200.0,0.0
2768,2,122,0.0,267.96
2768,3,115,0.0,8932.04
2769,1,1352,500000.0,0.0
2769,2,122,0.0,14563.1
2769,3,115,0.0,485436.89
2770,1,1352,22000.0,0.0
2770,2,122,0.0,640.78
2770,3,115,0.0,21359.22
2771,1,1352,10800.0,0.0
2771,2,122,0.0,314.56
2771,3,115,0.0,10485.44
2772,1,1352,9400.0,0.0
2772,2,123,0.0,273.78
2772,3,116,0.0,9126.21
2779,1,1352,40500.0,0.0
2779,2,111,20000.0,0.0
2779,3,122,0.0,1762.14
2779,4,115,0.0,58737.86
2780,1,1352,129000.0,0.0
2780,2,111,10000.0,0.0
2780,3,113,24.0,0.0
2780,4,122,0.0,2708.74
2780,5,122,0.0,382.26
2780,6,122,0.0,771.84
2780,7,122,0.0,186.4
2780,8,115,0.0,90291.26
2780,9,115,0.0,12741.75
2780,10,115,0.0,25728.16
2780,11,115,0.0,6213.59
2782,1,1352,15000.0,0.0
2782,2,122,0.0,436.9
2782,3,115,0.0,14563.11
2786,1,1352,26000.0,0.0
2786,3,113,6.0,0.0
2786,4,150,0.0,-0.49
2786,5,126,0.0,343.02
2786,6,126,0.0,880.48
2786,7,119,0.0,11434.0
2786,8,119,0.0,29349.0
2787,1,1352,34300.0,0.0
2787,2,150,0.0,0.01
2787,3,122,0.0,999.02
2787,4,115,0.0,33300.97
2788,1,1352,200.0,0.0
2788,2,111,10000.0,0.0
2788,3,150,0.0,0.01
2788,4,122,0.0,297.08
2788,5,115,0.0,9902.91
2789,1,1352,800.0,0.0
2789,2,123,0.0,23.3
2789,3,116,0.0,776.7
2790,1,1352,3400.0,0.0
2790,2,123,0.0,99.02
2790,3,116,0.0,3300.97
2791,1,1352,2600.0,0.0
2791,2,122,0.0,75.72
2791,3,115,0.0,2524.27
2792,1,111,217500.0,0.0
2792,2,122,0.0,6334.96
2792,3,115,0.0,211165.05
2793,1,111,11000.0,0.0
2793,2,122,0.0,320.38
2793,3,115,0.0,10679.61
2794,1,1352,30500.0,0.0
2794,2,122,0.0,888.34
2794,3,115,0.0,29611.65
2795,1,111,90380.0,0.0
2795,2,122,0.0,2632.42
2795,3,115,0.0,87747.57
2796,1,111,10000.0,0.0
2796,2,122,0.0,291.26
2796,3,115,0.0,9708.74
2797,1,111,4100.0,0.0
2797,2,123,0.0,119.42
2797,3,116,0.0,3980.58
2798,1,1352,1000.0,0.0
2609,3,123,0.0,29.12
2609,4,123,0.0,34.96
2609,5,123,0.0,-40.78
2609,6,116,0.0,2233.01
2609,7,116,0.0,970.87
2609,8,116,0.0,1165.05
2609,9,116,0.0,-1359.22
2610,1,1352,4000.0,0.0
2610,2,150,0.0,-0.01
2610,3,123,0.0,116.5
2610,4,116,0.0,3883.5
2611,1,111,600.0,0.0
2611,2,123,0.0,17.48
2611,3,116,0.0,582.52
2612,1,1352,5000.0,0.0
2612,2,111,7499.0,0.0
2612,3,150,0.0,-0.05
2612,4,126,0.0,364.04
2612,5,119,0.0,12135.0
2613,1,111,3200.0,0.0
2613,2,122,0.0,93.2
2613,3,115,0.0,3106.8
2614,1,1352,17700.0,0.0
2614,2,122,0.0,282.52
2614,3,122,0.0,233.0
2614,4,115,0.0,9417.48
2614,5,115,0.0,7766.99
2763,2,122,0.0,710.68
2786,2,111,16000.0,0.0
2798,2,123,0.0,29.12
2798,3,116,0.0,970.87
2799,1,111,1100.0,0.0
2799,2,123,0.0,32.04
2799,3,116,0.0,1067.96
2800,1,111,38000.0,0.0
2800,2,122,0.0,1106.8
2800,3,115,0.0,36893.2
2801,1,1352,4000.0,0.0
2801,2,150,0.0,-0.01
2801,3,123,0.0,116.5
2801,4,116,0.0,3883.5
2802,1,111,86500.0,0.0
2802,2,122,0.0,1820.38
2802,3,122,0.0,699.02
2802,4,115,0.0,60679.61
2802,5,115,0.0,23300.97
2803,1,1352,442000.0,0.0
2803,2,111,460000.0,0.0
2803,3,113,100.0,0.0
2803,4,122,0.0,12300.0
2803,5,122,0.0,13974.76
2803,6,115,0.0,410000.0
2803,7,115,0.0,465825.24
2804,1,111,49000.0,0.0
2804,2,122,0.0,256.32
2804,3,122,0.0,1170.88
2804,4,115,0.0,8543.69
2804,5,115,0.0,39029.13
2805,1,1352,4200.0,0.0
2805,2,123,0.0,122.34
2805,3,116,0.0,4077.67
2806,1,1352,6100.0,0.0
2806,2,122,0.0,177.66
2806,3,115,0.0,5922.33
2807,1,111,5000.0,0.0
2807,2,122,0.0,145.64
2807,3,115,0.0,4854.37
2808,1,111,26500.0,0.0
2808,2,122,0.0,771.84
2808,3,115,0.0,25728.16
2809,1,1352,230.0,0.0
2809,2,111,22800.0,0.0
2809,3,122,0.0,670.78
2809,4,115,0.0,22359.22
2810,1,1352,19950.0,0.0
2810,2,122,0.0,581.06
2810,3,115,0.0,19368.93
2811,1,111,163000.0,0.0
2811,2,122,0.0,4747.58
2811,3,115,0.0,158252.43
2812,1,1352,19000.0,0.0
2812,2,122,0.0,334.96
2812,3,122,0.0,218.44
2812,4,115,0.0,11165.05
2812,5,115,0.0,7281.55
2813,1,111,13300.0,0.0
2813,2,122,0.0,387.38
2813,3,115,0.0,12912.62
2814,1,1352,2650.0,0.0
2814,2,123,0.0,77.18
2814,3,116,0.0,2572.82
2815,1,111,59000.0,0.0
2815,2,122,0.0,1718.44
2815,3,115,0.0,57281.55
2816,1,1352,1000.0,0.0
2816,3,113,16.0,0.0
2816,4,150,0.0,-0.44
2816,5,122,0.0,218.44
2816,6,115,0.0,7281.55
2816,7,126,0.0,568.44
2816,8,119,0.0,18948.0
2817,1,111,10000.0,0.0
2817,2,122,0.0,291.26
2817,3,115,0.0,9708.74
2818,1,1352,57000.0,0.0
2818,2,122,0.0,1660.2
2818,3,115,0.0,55339.81
2819,1,1352,1850.0,0.0
2819,2,123,0.0,53.88
2819,3,116,0.0,1796.12
2820,1,1352,1100.0,0.0
2820,2,123,0.0,32.04
2820,3,116,0.0,1067.96
2821,1,111,2900.0,0.0
2821,2,123,0.0,84.46
2821,3,116,0.0,2815.53
2822,1,1352,24000.0,0.0
2822,2,113,5.0,0.0
2822,3,150,0.0,-0.18
2822,4,126,0.0,699.18
2822,5,119,0.0,23306.0
2823,1,1352,20700.0,0.0
2823,2,122,0.0,602.92
2823,3,115,0.0,20097.09
2824,1,1352,13000.0,0.0
2824,2,111,60000.0,0.0
2824,3,122,0.0,2126.22
2824,4,115,0.0,70873.79
2825,1,1352,4000.0,0.0
2825,2,150,0.0,-0.01
2825,3,122,0.0,116.5
2825,4,115,0.0,3883.5
2826,1,1352,18000.0,0.0
2826,2,122,0.0,524.28
2826,3,115,0.0,17475.73
2827,1,111,42000.0,0.0
2827,2,122,0.0,1188.34
2827,3,123,0.0,34.96
2827,4,115,0.0,39611.65
2827,5,116,0.0,1165.05
2828,1,1352,11400.0,0.0
2828,2,122,0.0,332.04
2828,3,115,0.0,11067.96
2829,1,111,34000.0,0.0
2829,2,122,0.0,495.14
2829,3,122,0.0,436.9
2829,4,123,0.0,58.26
2829,5,115,0.0,16504.85
2829,6,115,0.0,14563.11
2829,7,116,0.0,1941.75
2830,1,111,500.0,0.0
2830,2,123,0.0,14.56
2830,3,116,0.0,485.44
2831,1,1352,3000.0,0.0
2831,2,123,0.0,87.38
2831,3,116,0.0,2912.62
2832,1,1352,4300.0,0.0
2832,2,123,0.0,125.24
2832,3,116,0.0,4174.76
2833,1,1352,39000.0,0.0
2833,2,122,0.0,1135.92
2833,3,115,0.0,37864.08
2834,1,1352,30000.0,0.0
2834,2,111,10000.0,0.0
2834,3,122,0.0,567.96
2834,4,122,0.0,250.48
2834,5,122,0.0,192.24
2834,6,123,0.0,67.0
2834,7,123,0.0,87.38
2834,8,115,0.0,18932.04
2834,9,115,0.0,8349.51
2834,10,115,0.0,6407.77
2834,11,116,0.0,2233.01
2834,12,116,0.0,2912.62
2835,1,111,12500.0,0.0
2835,2,122,0.0,364.08
2835,3,115,0.0,12135.92
2836,1,1352,15500.0,0.0
2836,2,122,0.0,407.76
2618,1,1352,23200.0,0.0
2618,2,122,0.0,675.72
2618,3,115,0.0,22524.27
2619,1,1352,3000.0,0.0
2619,2,123,0.0,58.26
2619,3,123,0.0,29.12
2619,4,116,0.0,1941.75
2619,5,116,0.0,970.87
2620,1,1352,2450.0,0.0
2620,2,122,0.0,71.36
2620,3,115,0.0,2378.64
2621,1,111,35500.0,0.0
2621,2,122,0.0,1033.98
2621,3,115,0.0,34466.02
2622,1,1352,21400.0,0.0
2622,2,122,0.0,623.3
2622,3,115,0.0,20776.7
2623,1,1352,20500.0,0.0
2623,2,122,0.0,597.08
2623,3,115,0.0,19902.91
2764,1,1352,13000.0,0.0
2764,2,122,0.0,378.64
2764,3,115,0.0,12621.36
2773,1,1352,31500.0,0.0
2773,2,150,0.0,0.38
2773,3,122,0.0,474.76
2773,4,122,0.0,442.7
2773,5,115,0.0,15825.24
2773,6,115,0.0,14756.91
2774,1,1352,86800.0,0.0
2774,2,122,0.0,2528.16
2774,3,115,0.0,84271.84
2775,1,111,1000.0,0.0
2775,2,122,0.0,29.12
2775,3,115,0.0,970.87
2776,1,1352,85000.0,0.0
2776,2,111,18000.0,0.0
2776,3,122,0.0,1368.94
2776,4,122,0.0,1631.06
2776,5,115,0.0,45631.07
2776,6,115,0.0,54368.93
2777,1,1352,71000.0,0.0
2777,2,111,109000.0,0.0
2777,3,150,0.0,0.07
2777,4,122,0.0,4514.56
2777,5,122,0.0,728.16
2777,6,115,0.0,150485.37
2777,7,115,0.0,24271.84
2778,1,111,188000.0,0.0
2778,2,122,0.0,5475.72
2778,3,115,0.0,182524.27
2816,2,111,26000.0,0.0
2836,3,123,0.0,43.68
2836,4,115,0.0,13592.23
2836,5,116,0.0,1456.31
2837,1,1352,17000.0,0.0
2837,2,122,0.0,495.14
2837,3,115,0.0,16504.85
2838,1,1352,31000.0,0.0
2838,2,111,4000.0,0.0
2838,3,122,0.0,1019.42
2838,4,115,0.0,33980.58
2839,1,1352,3900.0,0.0
2839,2,123,0.0,69.9
2839,3,123,0.0,43.68
2839,4,116,0.0,2330.1
2839,5,116,0.0,1456.31
2841,1,1352,14000.0,0.0
2841,2,150,0.0,0.01
2841,3,122,0.0,407.76
2841,4,115,0.0,13592.23
2842,1,1352,21150.0,0.0
2842,2,111,1.0,0.0
2842,3,150,0.0,0.19
2842,4,122,0.0,349.52
2842,5,122,0.0,266.52
2842,6,115,0.0,11650.89
2842,7,115,0.0,8883.87
2843,1,1352,4000.0,0.0
2843,2,150,0.0,-0.01
2843,3,123,0.0,116.5
2843,4,116,0.0,3883.5
2844,1,1352,1300.0,0.0
2844,2,111,5500.0,0.0
2844,3,122,0.0,198.06
2844,4,115,0.0,6601.94
2845,1,1352,17300.0,0.0
2845,2,122,0.0,503.88
2845,3,115,0.0,16796.12
2846,1,111,23000.0,0.0
2846,2,122,0.0,669.9
2846,3,115,0.0,22330.1
2847,1,1352,13200.0,0.0
2847,2,111,199000.0,0.0
2847,3,150,0.0,0.15
2847,4,122,0.0,4497.08
2847,5,122,0.0,1683.5
2847,6,115,0.0,149902.91
2847,7,115,0.0,56116.36
2848,1,1352,33500.0,0.0
2848,2,122,0.0,975.72
2848,3,115,0.0,32524.27
2849,1,111,9000.0,0.0
2849,2,122,0.0,262.14
2849,3,115,0.0,8737.86
2850,1,1352,16500.0,0.0
2850,2,113,2.0,0.0
2850,3,150,0.0,0.37
2850,4,126,0.0,480.64
2850,5,119,0.0,16021.0
2851,1,1352,12000.0,0.0
2851,2,111,8800.0,0.0
2851,3,122,0.0,605.82
2851,4,115,0.0,20194.17
2852,1,1352,11500.0,0.0
2854,1,111,151500.0,0.0
2854,2,150,0.0,-0.07
2854,3,122,0.0,3436.9
2854,4,122,0.0,897.08
2854,5,123,0.0,78.64
2854,6,115,0.0,114563.11
2854,7,115,0.0,29902.91
2854,8,116,0.0,2621.43
2855,1,1352,34500.0,0.0
2855,2,122,0.0,1004.86
2855,3,115,0.0,33495.15
2856,1,111,24800.0,0.0
2856,2,122,0.0,722.34
2856,3,115,0.0,24077.67
2857,1,111,64500.0,0.0
2857,2,122,0.0,1878.64
2857,3,115,0.0,62621.36
2858,1,1352,19324.0,0.0
2858,2,150,0.0,-0.01
2858,3,122,0.0,562.84
2858,4,115,0.0,18761.17
2859,1,1352,20100.0,0.0
2859,2,122,0.0,585.44
2859,3,115,0.0,19514.56
2860,1,1352,10850.0,0.0
2860,2,122,0.0,316.02
2860,3,115,0.0,10533.98
2861,1,111,22300.0,0.0
2861,2,122,0.0,649.52
2861,3,115,0.0,21650.49
2862,1,111,10800.0,0.0
2862,2,122,0.0,314.56
2862,3,115,0.0,10485.44
2863,1,111,9600.0,0.0
2863,2,122,0.0,279.62
2863,3,115,0.0,9320.39
2864,1,111,2060.0,0.0
2864,2,123,0.0,60.0
2864,3,116,0.0,2000.0
2865,1,1352,1111.0,0.0
2865,2,111,389.0,0.0
2865,3,123,0.0,43.68
2865,4,116,0.0,1456.31
2866,1,111,16900.0,0.0
2866,2,122,0.0,492.24
2866,3,115,0.0,16407.77
2867,1,1352,7550.0,0.0
2867,2,122,0.0,219.9
2867,3,115,0.0,7330.1
2868,1,111,24000.0,0.0
2868,2,122,0.0,378.64
2868,3,122,0.0,320.38
2868,4,115,0.0,12621.36
2868,5,115,0.0,10679.61
2869,1,111,8300.0,0.0
2869,2,122,0.0,241.74
2869,3,115,0.0,8058.25
2870,1,111,86800.0,0.0
2870,2,122,0.0,722.34
2870,3,122,0.0,1805.82
2870,4,115,0.0,24077.67
2870,5,115,0.0,60194.17
2871,1,1352,2500.0,0.0
2871,2,111,10000.0,0.0
2641,1,111,35000.0,0.0
2641,2,122,0.0,1019.42
2641,3,115,0.0,33980.58
2642,1,111,180000.0,0.0
2642,2,150,0.0,-0.4
2642,3,122,0.0,2834.0
2642,4,122,0.0,1170.88
2642,5,122,0.0,1237.86
2642,6,115,0.0,94466.41
2642,7,115,0.0,39029.13
2642,8,115,0.0,41262.14
2643,1,1352,49000.0,0.0
2643,2,111,51000.0,0.0
2643,3,150,0.0,-0.29
2643,4,122,0.0,1849.52
2643,5,122,0.0,460.2
2643,6,122,0.0,602.92
2643,7,115,0.0,61650.49
2643,8,115,0.0,15340.09
2643,9,115,0.0,20097.09
2644,1,111,2350.0,0.0
2644,2,123,0.0,68.44
2644,3,116,0.0,2281.55
2636,1,111,1550.0,0.0
2636,2,122,0.0,528.64
2636,3,122,0.0,-483.5
2636,4,115,0.0,17621.36
2636,5,115,0.0,-16116.5
2852,2,113,7.0,0.0
2871,3,122,0.0,364.08
2871,4,115,0.0,12135.92
2872,1,1352,5300.0,0.0
2872,2,122,0.0,154.36
2872,3,115,0.0,5145.63
2873,1,1352,4600.0,0.0
2873,2,123,0.0,133.98
2873,3,116,0.0,4466.02
2874,1,1352,13500.0,0.0
2874,2,150,0.0,-0.27
2874,3,123,0.0,334.96
2874,4,123,0.0,58.26
2874,5,116,0.0,11165.31
2874,6,116,0.0,1941.75
2875,1,1352,1000.0,0.0
2875,2,123,0.0,29.12
2875,3,116,0.0,970.87
2876,1,1352,900.0,0.0
2876,2,123,0.0,26.22
2876,3,116,0.0,873.79
2877,1,111,24660.0,0.0
2877,2,122,0.0,718.26
2877,3,115,0.0,23941.75
2878,1,1352,1400.0,0.0
2878,2,122,0.0,40.78
2878,3,115,0.0,1359.22
2879,1,111,103000.0,0.0
2879,2,122,0.0,3000.0
2879,3,115,0.0,100000.0
2880,1,1352,22500.0,0.0
2880,2,122,0.0,655.34
2880,3,115,0.0,21844.66
2881,1,1352,2600.0,0.0
2881,2,123,0.0,75.72
2881,3,116,0.0,2524.27
2882,1,1352,10000.0,0.0
2882,2,122,0.0,291.26
2882,3,115,0.0,9708.74
2883,1,1352,9500.0,0.0
2883,2,122,0.0,276.7
2883,3,115,0.0,9223.3
2884,1,1352,135000.0,0.0
2884,2,111,32500.0,0.0
2884,3,122,0.0,4878.64
2884,4,115,0.0,162621.36
2885,1,1352,5500.0,0.0
2885,2,122,0.0,160.2
2885,3,115,0.0,5339.81
2886,1,1352,16000.0,0.0
2886,2,111,12000.0,0.0
2886,3,122,0.0,815.54
2886,4,115,0.0,27184.47
2887,1,111,23000.0,0.0
2887,2,107,75000.0,0.0
2887,3,113,1.0,0.0
2887,4,150,0.0,0.42
2887,5,122,0.0,1048.54
2887,6,122,0.0,1491.26
2887,7,115,0.0,34951.46
2887,8,115,0.0,49708.74
2887,9,126,0.0,314.58
2887,10,119,0.0,10486.0
2890,1,111,0.0,9500.0
2890,2,122,0.0,-276.7
2890,3,115,0.0,-9223.3
2891,1,1352,10400.0,0.0
2891,3,115,0.0,10097.09
2892,1,111,37750.0,0.0
2892,2,122,0.0,534.46
2892,3,122,0.0,565.04
2892,4,115,0.0,17815.53
2892,5,115,0.0,18834.95
2893,1,1352,13530.0,0.0
2893,3,115,0.0,13135.92
2894,1,1352,9452.0,0.0
2894,2,150,0.0,-0.31
2894,3,126,0.0,275.32
2894,4,119,0.0,9177.0
2895,1,1352,3800.0,0.0
2895,2,123,0.0,110.68
2895,3,116,0.0,3689.32
2896,1,111,13000.0,0.0
2896,2,122,0.0,378.64
2896,3,115,0.0,12621.36
2897,1,1352,10000.0,0.0
2897,2,122,0.0,291.26
2897,3,115,0.0,9708.74
2898,1,1352,21200.0,0.0
2898,2,122,0.0,617.48
2898,3,115,0.0,20582.52
2899,1,1352,50000.0,0.0
2899,2,111,22800.0,0.0
2899,3,122,0.0,2120.38
2899,4,115,0.0,70679.61
2900,1,1352,4200.0,0.0
2900,2,150,0.0,-0.04
2900,3,123,0.0,58.26
2900,4,123,0.0,64.08
2900,5,116,0.0,1941.82
2900,6,116,0.0,2135.89
2901,1,1352,12300.0,0.0
2901,2,122,0.0,358.26
2901,3,115,0.0,11941.75
2902,1,1352,54000.0,0.0
2902,2,111,14000.0,0.0
2902,3,150,0.0,0.28
2902,4,122,0.0,1179.62
2902,5,122,0.0,480.56
2902,6,122,0.0,320.38
2902,7,115,0.0,39320.56
2902,8,115,0.0,16018.97
2902,9,115,0.0,10679.61
2907,1,1352,14930.0,0.0
2907,2,122,0.0,434.86
2907,3,115,0.0,14495.15
2908,1,1352,4650.0,0.0
2908,2,111,1650.0,0.0
2908,3,123,0.0,183.5
2908,4,116,0.0,6116.5
2909,1,1352,82000.0,0.0
2909,2,111,62500.0,0.0
2909,3,122,0.0,2985.44
2909,4,122,0.0,1150.48
2909,5,123,0.0,72.82
2909,6,115,0.0,99514.56
2909,7,115,0.0,38349.51
2909,8,116,0.0,2427.18
2910,1,111,9500.0,0.0
2910,2,150,0.0,0.29
2910,3,122,0.0,151.44
2910,4,122,0.0,125.24
2910,5,115,0.0,5048.26
2910,6,115,0.0,4174.76
2911,1,111,5150.0,0.0
2911,2,122,0.0,150.0
2911,3,115,0.0,5000.0
2912,1,111,4000.0,0.0
2912,2,150,0.0,-0.01
2912,3,123,0.0,116.5
2912,4,116,0.0,3883.5
2913,1,111,129999.0,0.0
2913,2,150,0.0,-0.45
2913,3,122,0.0,905.82
2913,4,122,0.0,1211.66
2913,5,122,0.0,763.12
2913,6,122,0.0,629.12
2913,7,122,0.0,247.56
2913,8,123,0.0,29.12
2913,9,115,0.0,30194.1
2913,10,115,0.0,40388.39
2680,1,1352,570.0,0.0
2680,2,111,36500.0,0.0
2680,3,122,0.0,1079.7
2680,4,115,0.0,35990.29
2681,1,111,39500.0,0.0
2681,2,122,0.0,1150.48
2681,3,115,0.0,38349.51
2682,1,111,1900.0,0.0
2682,2,123,0.0,55.34
2682,3,116,0.0,1844.66
2683,1,1352,16900.0,0.0
2683,2,122,0.0,492.24
2683,3,115,0.0,16407.77
2684,1,111,70500.0,0.0
2684,2,122,0.0,1144.66
2684,3,122,0.0,672.82
2684,4,122,0.0,235.92
2684,5,115,0.0,38155.34
2684,6,115,0.0,22427.18
2684,7,115,0.0,7864.08
2698,1,111,59000.0,0.0
2698,2,122,0.0,1718.44
2698,3,115,0.0,57281.55
2840,1,111,83000.0,0.0
2840,2,122,0.0,2417.48
2840,3,115,0.0,80582.52
2891,2,122,0.0,302.92
2893,2,122,0.0,394.08
2913,11,115,0.0,25437.07
2913,12,115,0.0,20970.48
2913,13,115,0.0,8252.16
2913,14,116,0.0,970.87
2914,1,1352,42000.0,0.0
2914,2,111,42000.0,0.0
2914,3,150,0.0,-0.48
2914,4,122,0.0,1922.34
2914,5,122,0.0,524.28
2914,6,115,0.0,64078.14
2914,7,115,0.0,17475.73
2915,1,1352,13000.0,0.0
2915,2,122,0.0,378.64
2915,3,115,0.0,12621.36
2916,1,111,12300.0,0.0
2916,2,122,0.0,358.26
2916,3,115,0.0,11941.75
2917,1,1352,11800.0,0.0
2917,2,122,0.0,320.38
2917,3,123,0.0,23.3
2917,4,115,0.0,10679.61
2917,5,116,0.0,776.7
2918,1,1352,2100.0,0.0
2918,2,150,0.0,0.01
2918,3,122,0.0,61.16
2918,4,115,0.0,2038.83
2919,1,111,28000.0,0.0
2919,2,122,0.0,815.54
2919,3,115,0.0,27184.47
2920,1,111,153000.0,0.0
2920,2,122,0.0,4456.32
2920,3,115,0.0,148543.69
2921,1,1352,25000.0,0.0
2921,2,111,4000.0,0.0
2921,3,122,0.0,844.66
2921,4,115,0.0,28155.34
2922,1,1352,26500.0,0.0
2922,2,150,0.0,-0.46
2922,3,122,0.0,524.28
2922,4,122,0.0,247.58
2922,5,115,0.0,17475.73
2922,6,115,0.0,8252.87
2923,1,1352,1000.0,0.0
2923,2,111,18710.0,0.0
2923,3,122,0.0,574.08
2923,4,115,0.0,19135.92
2924,1,111,20000.0,0.0
2924,2,122,0.0,582.52
2924,3,115,0.0,19417.48
2925,1,1352,5000.0,0.0
2925,2,123,0.0,145.64
2925,3,116,0.0,4854.37
2926,1,1352,58100.0,0.0
2926,2,122,0.0,1692.24
2926,3,115,0.0,56407.77
2927,1,1352,23100.0,0.0
2927,2,113,78.0,0.0
2927,3,150,0.0,-0.09
2927,4,126,0.0,675.08
2927,5,119,0.0,22503.0
2928,1,111,27400.0,0.0
2928,2,122,0.0,798.06
2928,3,115,0.0,26601.94
2929,1,1352,15000.0,0.0
2929,2,111,9300.0,0.0
2929,3,122,0.0,707.76
2929,4,115,0.0,23592.23
2930,1,1352,47000.0,0.0
2930,2,111,144000.0,0.0
2930,3,150,0.0,-0.1
2930,4,122,0.0,4677.68
2930,5,122,0.0,885.44
2930,6,115,0.0,155922.52
2930,7,115,0.0,29514.47
2931,1,1352,64000.0,0.0
2931,2,122,0.0,1864.08
2931,3,115,0.0,62135.92
2933,1,1352,21500.0,0.0
2933,2,111,130000.0,0.0
2933,3,122,0.0,4412.62
2933,4,115,0.0,147087.38
2934,1,111,33000.0,0.0
2938,1,1352,42000.0,0.0
2938,2,111,14000.0,0.0
2938,3,150,0.0,-0.01
2938,4,122,0.0,990.3
2938,5,122,0.0,640.78
2938,6,115,0.0,33009.71
2938,7,115,0.0,21359.22
2939,1,1352,120000.0,0.0
2939,2,111,100700.0,0.0
2939,3,122,0.0,5184.46
2939,4,122,0.0,1115.54
2939,5,123,0.0,128.16
2939,6,115,0.0,172815.53
2939,7,115,0.0,37184.47
2939,8,116,0.0,4271.84
2941,1,1352,3200.0,0.0
2941,2,123,0.0,93.2
2941,3,116,0.0,3106.8
2942,1,141,4900.0,0.0
2942,2,123,0.0,142.72
2942,3,116,0.0,4757.28
2943,1,111,197000.0,0.0
2943,2,122,0.0,5737.86
2943,3,115,0.0,191262.14
2944,1,111,15500.0,0.0
2944,2,122,0.0,451.46
2944,3,115,0.0,15048.54
2945,1,1352,15000.0,0.0
2945,2,111,28600.0,0.0
2945,3,122,0.0,1269.9
2945,4,115,0.0,42330.1
2946,1,1352,22000.0,0.0
2946,2,122,0.0,640.78
2946,3,115,0.0,21359.22
72950,1,1352,67200.0,0.0
72950,2,111,25000.0,0.0
72950,3,122,0.0,2563.1
72950,4,123,0.0,122.34
2948,1,1352,20900.0,0.0
2948,2,111,2000.0,0.0
2948,3,122,0.0,667.0
2948,4,115,0.0,22233.01
2949,1,111,64000.0,0.0
2949,2,122,0.0,1864.08
2949,3,115,0.0,62135.92
2950,1,1352,5700.0,0.0
2950,2,111,13300.0,0.0
2950,3,122,0.0,553.4
2950,4,115,0.0,18446.6
2951,1,1352,7100.0,0.0
2951,2,122,0.0,206.8
2951,3,115,0.0,6893.2
2952,1,1352,400.0,0.0
2952,2,111,3100.0,0.0
2952,3,123,0.0,101.94
2952,4,116,0.0,3398.06
2953,1,1352,73500.0,0.0
2953,2,122,0.0,2140.78
2953,3,115,0.0,71359.22
2954,1,111,250000.0,0.0
2954,2,122,0.0,7281.56
2954,3,115,0.0,242718.45
2955,1,111,74000.0,0.0
2955,2,150,0.0,0.33
2955,3,122,0.0,1325.24
2955,4,122,0.0,830.1
2955,5,115,0.0,44174.44
2955,6,115,0.0,27669.9
2956,3,116,0.0,1048.54
2700,3,115,0.0,26213.59
2706,1,111,5700.0,0.0
2706,2,113,1.05,0.0
2706,3,126,0.0,166.04
2706,4,119,0.0,5535.0
2707,1,1352,15000.0,0.0
2707,2,111,9000.0,0.0
2707,3,122,0.0,407.76
2707,4,122,0.0,291.26
2707,5,115,0.0,13592.23
2707,6,115,0.0,9708.74
2708,1,111,8500.0,0.0
2708,2,122,0.0,247.58
2708,3,115,0.0,8252.43
2709,1,1352,2300.0,0.0
2709,2,123,0.0,67.0
2709,3,116,0.0,2233.01
2783,1,1352,48500.0,0.0
2783,2,122,0.0,1368.94
2783,3,123,0.0,43.68
2783,4,115,0.0,45631.07
2783,5,116,0.0,1456.31
2784,1,1352,2850.0,0.0
2784,2,123,0.0,83.0
2784,3,116,0.0,2766.99
2785,1,1352,15700.0,0.0
2785,2,111,4800.0,0.0
2785,3,150,0.0,-0.01
2785,4,123,0.0,203.88
2785,5,122,0.0,145.64
2785,6,122,0.0,131.06
2785,7,122,0.0,116.5
2785,8,116,0.0,6796.12
2785,9,115,0.0,4854.37
2785,10,115,0.0,4368.93
2785,11,115,0.0,3883.5
2934,2,150,0.0,0.01
2956,1,1352,1080.0,0.0
2956,2,123,0.0,31.46
12941,1,111,92000.0,0.0
12941,2,122,0.0,2679.62
12941,3,115,0.0,89320.39
12942,1,111,89500.0,0.0
12942,2,122,0.0,2359.22
12942,3,122,0.0,247.58
12942,4,115,0.0,78640.78
12942,5,115,0.0,8252.43
12943,1,1352,13000.0,0.0
12943,2,111,20000.0,0.0
12943,3,150,0.0,0.36
12943,4,122,0.0,320.38
12943,5,122,0.0,640.78
12943,6,115,0.0,10679.26
12943,7,115,0.0,21359.22
22941,1,1352,61000.0,0.0
22941,2,150,0.0,-0.43
22941,3,122,0.0,763.1
22941,4,122,0.0,1013.6
22941,5,115,0.0,25436.89
22941,6,115,0.0,33786.83
22942,1,1352,24000.0,0.0
22942,2,122,0.0,699.02
22942,3,115,0.0,23300.97
22943,1,111,11000.0,0.0
22943,2,122,0.0,3000.0
22943,3,122,0.0,-2679.62
22943,4,115,0.0,100000.0
22943,5,115,0.0,-89320.39
22944,1,111,202000.0,0.0
22944,2,122,0.0,5883.5
22944,3,115,0.0,196116.5
22945,1,111,84000.0,0.0
22945,2,122,0.0,2446.6
22945,3,115,0.0,81553.4
32941,1,111,10700.0,0.0
32941,2,113,396.19,0.0
32941,3,126,0.0,323.2
32941,4,119,0.0,10773.0
42941,1,111,4300.0,0.0
42941,2,122,0.0,125.24
42941,3,115,0.0,4174.76
42942,1,111,23000.0,0.0
42942,2,122,0.0,669.9
42942,3,115,0.0,22330.1
42943,1,111,25300.0,0.0
42943,2,122,0.0,736.9
42943,3,115,0.0,24563.11
52941,1,1352,1500.0,0.0
52941,2,123,0.0,43.68
52941,3,116,0.0,1456.31
62941,1,111,123500.0,0.0
62941,2,122,0.0,3597.08
62941,3,115,0.0,119902.91
62942,1,1352,11000.0,0.0
62942,2,123,0.0,320.38
62942,3,116,0.0,10679.61
62943,1,1352,8800.0,0.0
62943,2,123,0.0,256.32
62943,3,116,0.0,8543.69
62944,1,1352,14000.0,0.0
62944,2,111,60000.0,0.0
62944,3,122,0.0,2155.34
62944,4,115,0.0,71844.66
62945,1,1352,5500.0,0.0
62945,2,111,3000.0,0.0
62945,3,122,0.0,247.58
62945,4,115,0.0,8252.43
62946,1,1352,15000.0,0.0
62946,2,122,0.0,436.9
62946,3,115,0.0,14563.11
62948,1,1352,278000.0,0.0
62948,2,150,0.0,0.31
62948,3,122,0.0,433.98
62948,4,122,0.0,6393.2
62948,5,122,0.0,1269.9
62948,6,115,0.0,14466.09
62948,7,115,0.0,213106.44
62949,1,111,101500.0,0.0
62949,2,150,0.0,-0.35
62949,3,122,0.0,640.78
62949,4,122,0.0,2315.54
62949,5,115,0.0,21359.56
62949,6,115,0.0,77184.47
62948,8,115,0.0,42330.09
62950,1,1352,2300.0,0.0
62950,2,123,0.0,67.0
62950,3,116,0.0,2233.01
62951,1,1352,600.0,0.0
62951,2,123,0.0,17.48
62951,3,116,0.0,582.52
62952,1,1352,50000.0,0.0
62952,2,111,4400.0,0.0
62952,3,122,0.0,1584.46
62952,4,115,0.0,52815.53
62953,1,1352,1100.0,0.0
62953,2,123,0.0,32.04
62953,3,116,0.0,1067.96
62954,1,1352,17300.0,0.0
62954,2,123,0.0,503.88
62954,3,116,0.0,16796.12
62955,1,1352,6500.0,0.0
62955,2,123,0.0,189.32
62955,3,116,0.0,6310.68
62956,1,111,116200.0,0.0
62956,2,122,0.0,3384.46
62956,3,115,0.0,112815.53
62957,1,1352,190000.0,0.0
62957,2,111,37001.0,0.0
62957,3,150,0.0,0.11
62957,4,122,0.0,1208.74
62957,5,122,0.0,1826.2
62957,6,122,0.0,1057.28
62957,7,122,0.0,1383.5
62957,8,122,0.0,87.38
62957,9,122,0.0,1048.56
62957,10,115,0.0,40291.38
62957,11,115,0.0,60873.61
62957,12,115,0.0,35242.84
62957,13,115,0.0,46116.87
62957,14,115,0.0,2912.62
62957,15,115,0.0,34951.88
62958,1,111,73000.0,0.0
62958,2,150,0.0,-0.01
62958,3,122,0.0,1310.68
62958,4,122,0.0,815.54
62958,5,115,0.0,43689.32
62958,6,115,0.0,27184.47
82950,1,111,700.0,0.0
82950,2,123,0.0,20.38
82950,3,116,0.0,679.61
82951,1,111,55550.0,0.0
82951,2,122,0.0,831.56
82951,3,122,0.0,786.4
82951,4,115,0.0,27718.45
82951,5,115,0.0,26213.59
82952,1,1352,9300.0,0.0
82952,2,111,82900.0,0.0
82952,3,122,0.0,2327.18
82952,4,123,0.0,84.46
2721,3,115,0.0,51941.75
2722,1,111,140900.0,0.0
2722,2,122,0.0,2767.0
2722,3,122,0.0,1048.54
2722,4,123,0.0,288.34
2722,5,115,0.0,92233.01
2722,6,115,0.0,34951.46
2722,7,116,0.0,9611.65
2723,1,1352,23000.0,0.0
2723,2,111,55600.0,0.0
2723,3,122,0.0,2289.32
2723,4,115,0.0,76310.68
2724,1,111,14500.0,0.0
2724,2,122,0.0,422.34
2724,3,115,0.0,14077.67
2725,1,111,7300.0,0.0
2725,2,122,0.0,212.62
2725,3,115,0.0,7087.38
2726,1,1352,2450.0,0.0
2726,2,123,0.0,71.36
2726,3,116,0.0,2378.64
2739,1,111,21000.0,0.0
2739,2,122,0.0,1587.38
2739,3,122,0.0,-975.72
2739,4,115,0.0,52912.62
2739,5,115,0.0,-32524.27
2940,1,1352,3685.0,0.0
2940,2,122,0.0,815.1
2940,3,122,0.0,-707.76
2940,4,115,0.0,27169.9
2940,5,115,0.0,-23592.23
72950,5,115,0.0,85436.89
72950,6,116,0.0,4077.67
82952,5,123,0.0,136.9
82952,6,123,0.0,136.9
82952,7,115,0.0,77572.82
82952,8,116,0.0,2815.53
82952,9,116,0.0,4563.11
82952,10,116,0.0,4563.11
82953,1,111,2800.0,0.0
82953,2,123,0.0,81.56
82953,3,116,0.0,2718.45
82954,1,1352,20000.0,0.0
82954,2,122,0.0,582.52
82954,3,115,0.0,19417.48
82955,1,1352,26000.0,0.0
82955,2,150,0.0,0.47
82955,3,122,0.0,757.26
82955,4,115,0.0,25242.26
82956,1,1352,11090.0,0.0
82956,2,113,6.0,0.0
82956,3,150,0.0,-0.19
82956,4,126,0.0,323.2
82956,5,119,0.0,10773.0
82957,1,1352,105000.0,0.0
82957,2,122,0.0,1459.22
82957,3,122,0.0,1599.02
82957,4,115,0.0,48640.78
82957,5,115,0.0,53300.97
82958,1,1352,1500.0,0.0
82958,2,111,19000.0,0.0
82958,3,122,0.0,160.2
82958,4,122,0.0,436.9
82958,5,115,0.0,5339.81
82958,6,115,0.0,14563.11
82959,1,1352,24000.0,0.0
82959,2,111,14500.0,0.0
82959,3,122,0.0,1121.36
82959,4,115,0.0,37378.64
82960,1,111,98000.0,0.0
82960,2,150,0.0,0.08
82960,3,122,0.0,2184.46
82960,4,122,0.0,669.9
82960,5,115,0.0,72815.46
82960,6,115,0.0,22330.1
82961,1,1352,35000.0,0.0
82961,2,122,0.0,1019.42
82961,3,115,0.0,33980.58
82962,1,111,62000.0,0.0
82962,2,122,0.0,1456.32
82962,3,122,0.0,349.52
82962,4,115,0.0,48543.69
82962,5,115,0.0,11650.49
82963,1,111,15300.0,0.0
82963,2,122,0.0,445.64
82963,3,115,0.0,14854.37
82964,1,1352,22445.0,0.0
82964,2,122,0.0,653.74
82964,3,115,0.0,21791.26
82965,1,111,128000.0,0.0
82965,2,122,0.0,3728.16
82965,3,115,0.0,124271.84
82966,1,1352,3500.0,0.0
82966,2,111,10000.0,0.0
82966,3,122,0.0,393.2
82966,4,115,0.0,13106.8
82967,1,1352,8500.0,0.0
82967,2,123,0.0,247.58
82967,3,116,0.0,8252.43
82968,1,1352,4000.0,0.0
82968,2,150,0.0,-0.01
82968,3,123,0.0,116.5
82968,4,116,0.0,3883.5
82969,1,111,2500.0,0.0
82969,2,123,0.0,72.82
82969,3,116,0.0,2427.18
82970,1,1352,78000.0,0.0
82970,2,111,95390.0,0.0
82970,3,150,0.0,-0.04
82970,4,122,0.0,2393.88
82970,5,122,0.0,2656.3
82970,6,115,0.0,79796.24
82970,7,115,0.0,88543.6
82971,1,1352,19900.0,0.0
82971,2,122,0.0,579.62
82971,3,115,0.0,19320.39
82972,1,1352,35500.0,0.0
82972,2,122,0.0,1033.98
82972,3,115,0.0,34466.02
82973,1,111,8200.0,0.0
82973,2,122,0.0,238.84
82973,3,115,0.0,7961.17
82974,1,1352,21000.0,0.0
82974,2,122,0.0,611.66
82974,3,115,0.0,20388.35
82975,1,1352,14500.0,0.0
82975,2,111,21500.0,0.0
82975,3,122,0.0,1048.54
82975,4,115,0.0,34951.46
82977,1,111,5000.0,0.0
82977,2,150,0.0,-0.01
82977,3,122,0.0,538.84
82977,4,122,0.0,-393.2
82977,5,115,0.0,17961.17
82977,6,115,0.0,-13106.8
82978,1,1352,9900.0,0.0
82978,2,122,0.0,256.32
82978,3,123,0.0,32.04
82978,4,115,0.0,8543.69
82978,5,116,0.0,1067.96
82979,1,1352,110000.0,0.0
82979,2,111,500.0,0.0
82979,3,150,0.0,0.01
82979,4,122,0.0,3218.44
82980,1,1352,181600.0,0.0
82980,2,150,0.0,-0.32
82980,3,122,0.0,2533.98
82980,4,122,0.0,2432.04
82980,5,115,0.0,84466.02
82980,6,115,0.0,81067.96
82980,7,126,0.0,323.32
82980,8,119,0.0,10777.0
82981,1,1352,25550.0,0.0
82981,2,150,0.0,-0.01
82981,3,122,0.0,744.18
82981,4,115,0.0,24805.83
82982,1,1352,86100.0,0.0
82982,2,122,0.0,2507.76
82982,3,115,0.0,83592.23
82983,1,111,8900.0,0.0
82983,2,122,0.0,259.22
82983,3,115,0.0,8640.78
82984,1,111,46600.0,0.0
82984,2,122,0.0,1357.28
82984,3,115,0.0,45242.72
82985,1,1352,1700.0,0.0
82985,2,111,1300.0,0.0
82985,3,122,0.0,87.38
82985,4,115,0.0,2912.62
82986,1,1352,4100.0,0.0
82986,2,123,0.0,119.42
82986,3,116,0.0,3980.58
82987,1,1352,138000.0,0.0
82987,2,111,48000.0,0.0
82987,3,113,100.0,0.0
82987,4,122,0.0,4170.88
82987,5,122,0.0,728.16
82987,6,122,0.0,521.36
82987,7,115,0.0,139029.13
2750,1,1352,9000.0,0.0
2750,2,122,0.0,262.14
2750,3,115,0.0,8737.86
2751,1,1352,45000.0,0.0
2751,2,122,0.0,1310.68
2751,3,115,0.0,43689.32
2757,1,1352,16000.0,0.0
2757,2,122,0.0,466.02
2757,3,115,0.0,15533.98
2758,1,1352,20000.0,0.0
2758,2,111,15000.0,0.0
2758,3,122,0.0,699.02
2758,4,122,0.0,320.38
2758,5,115,0.0,23300.97
2758,6,115,0.0,10679.61
2759,1,1352,40000.0,0.0
2759,2,111,2500.0,0.0
2759,3,122,0.0,1237.86
2759,4,115,0.0,41262.14
2760,1,1352,4200.0,0.0
2760,2,122,0.0,122.34
2760,3,115,0.0,4077.67
2762,1,111,122001.0,0.0
2762,2,150,0.0,0.36
2762,3,122,0.0,1368.94
2762,4,122,0.0,2184.48
2762,5,115,0.0,45631.43
2762,6,115,0.0,72815.8
2765,1,1352,57600.0,0.0
2765,2,150,0.0,0.35
2765,3,122,0.0,533.02
2765,4,122,0.0,1144.64
2765,5,115,0.0,17767.08
2765,6,115,0.0,38154.91
2766,1,1352,45700.0,0.0
2766,2,122,0.0,1331.06
2766,3,115,0.0,44368.93
2767,1,1352,67300.0,0.0
2767,2,150,0.0,-0.01
2767,3,122,0.0,1960.2
2767,4,115,0.0,65339.81
2781,1,111,37500.0,0.0
2781,2,122,0.0,1092.24
2781,3,115,0.0,36407.77
82987,8,115,0.0,24271.84
82987,9,115,0.0,17378.64
82979,5,115,0.0,107281.55
92950,1,111,68500.0,0.0
92950,2,122,0.0,1718.44
92950,3,122,0.0,276.7
92950,4,115,0.0,57281.55
92950,5,115,0.0,9223.3
92951,1,1352,11000.0,0.0
92951,2,111,10000.0,0.0
92951,3,122,0.0,611.66
92951,4,115,0.0,20388.35
92952,1,111,8500.0,0.0
92952,2,122,0.0,247.58
92952,3,115,0.0,8252.43
92953,1,1352,25000.0,0.0
92953,2,122,0.0,728.16
92953,3,115,0.0,24271.84
92954,1,1352,13800.0,0.0
92954,2,111,18000.0,0.0
92954,3,122,0.0,926.22
92954,4,115,0.0,30873.79
92955,1,1352,60000.0,0.0
92955,2,111,14000.0,0.0
92955,3,122,0.0,2155.34
92955,4,115,0.0,71844.66
92957,1,1352,14000.0,0.0
92957,2,111,25000.0,0.0
92957,3,122,0.0,815.54
92957,4,123,0.0,320.38
92957,5,115,0.0,27184.47
92957,6,116,0.0,10679.61
92958,1,1352,7000.0,0.0
92958,2,111,74000.0,0.0
92958,3,122,0.0,2359.22
92958,4,115,0.0,78640.78
92959,1,1352,10000.0,0.0
92959,2,111,45000.0,0.0
92959,3,122,0.0,1601.94
92959,4,115,0.0,53398.06
92960,1,1352,103500.0,0.0
92960,2,150,0.0,-0.08
92960,3,122,0.0,754.36
92960,4,122,0.0,1281.56
92960,5,122,0.0,623.3
92960,6,122,0.0,355.34
92960,7,115,0.0,25145.63
92960,8,115,0.0,42718.45
92960,9,115,0.0,20776.7
92960,10,115,0.0,11844.74
92961,1,1352,25000.0,0.0
92961,2,122,0.0,728.16
92961,3,115,0.0,24271.84
92962,1,111,75000.0,0.0
92962,2,150,0.0,0.39
92962,3,122,0.0,1441.74
92962,4,122,0.0,742.72
92962,5,115,0.0,48057.87
92962,6,115,0.0,24757.28
92963,1,1352,13100.0,0.0
92963,2,122,0.0,381.56
92963,3,115,0.0,12718.45
92964,1,1352,13400.0,0.0
92964,2,122,0.0,390.3
92964,3,115,0.0,13009.71
92965,1,1352,8500.0,0.0
92965,2,122,0.0,247.58
92965,3,115,0.0,8252.43
92966,1,111,1300.0,0.0
92966,2,123,0.0,37.86
92966,3,116,0.0,1262.14
92967,1,1352,1500.0,0.0
92967,2,123,0.0,43.68
92967,3,116,0.0,1456.31
92968,1,1352,4000.0,0.0
92968,2,150,0.0,-0.01
92968,3,123,0.0,116.5
92968,4,116,0.0,3883.5
92969,1,1352,65000.0,0.0
92969,2,111,24700.0,0.0
92969,3,150,0.0,-0.38
92969,4,122,0.0,538.84
92969,5,122,0.0,538.84
92969,6,122,0.0,1229.12
92969,7,122,0.0,305.82
92969,8,115,0.0,17961.57
92969,9,115,0.0,17961.57
92969,10,115,0.0,40970.43
92969,11,115,0.0,10194.17
92970,1,111,3500.0,0.0
92970,2,123,0.0,101.94
92970,3,116,0.0,3398.06
92971,1,1352,1300.0,0.0
92971,2,123,0.0,37.86
92971,3,116,0.0,1262.14
92972,1,141,20600.0,0.0
92972,2,122,0.0,600.0
92972,3,115,0.0,20000.0
102968,1,1352,42500.0,0.0
102968,2,122,0.0,442.72
102968,3,122,0.0,795.14
102968,4,115,0.0,14757.28
102968,5,115,0.0,26504.85
102969,1,1352,14000.0,0.0
102969,2,122,0.0,407.76
102969,3,115,0.0,13592.23
112968,1,1352,39440.0,0.0
112968,2,122,0.0,1148.74
112968,3,115,0.0,38291.26
112969,1,111,18800.0,0.0
112969,2,122,0.0,547.58
112969,3,115,0.0,18252.43
112970,1,111,1200.0,0.0
112970,2,123,0.0,34.96
112970,3,116,0.0,1165.05
112971,1,111,55000.0,0.0
112971,2,122,0.0,1601.94
112971,3,115,0.0,53398.06
112972,1,111,9000.0,0.0
112972,2,122,0.0,262.14
112972,3,115,0.0,8737.86
112973,1,111,31201.0,0.0
112973,2,150,0.0,0.19
112973,3,123,0.0,34.96
112973,4,116,0.0,1165.05
112973,5,126,0.0,873.8
112973,6,119,0.0,29127.0
112974,1,1352,2180.0,0.0
112974,2,123,0.0,63.5
112974,3,116,0.0,2116.5
112975,1,111,107000.0,0.0
112975,2,113,217.0,0.0
112975,3,150,0.0,-0.14
112975,4,122,0.0,1296.12
112975,5,122,0.0,538.84
2852,3,150,0.0,-0.16
2852,4,126,0.0,335.16
2852,5,119,0.0,11172.0
2853,1,1352,32000.0,0.0
2853,2,150,0.0,-0.22
2853,3,122,0.0,500.98
2853,4,122,0.0,407.76
2853,5,123,0.0,23.3
2853,6,115,0.0,16699.03
2853,7,115,0.0,13592.23
2853,8,116,0.0,776.91
112975,6,122,0.0,541.74
112975,7,115,0.0,43203.88
112975,8,115,0.0,17961.17
112975,9,115,0.0,18058.25
112975,10,126,0.0,746.12
112975,11,119,0.0,24871.0
112976,1,111,24700.0,0.0
112976,2,113,780.0,0.0
112976,3,150,0.0,-0.14
112976,4,126,0.0,742.14
112976,5,119,0.0,24738.0
112977,1,1352,3000.0,0.0
112977,2,123,0.0,87.38
112977,3,116,0.0,2912.62
122968,1,1352,1720.0,0.0
122968,2,123,0.0,50.1
122968,3,116,0.0,1669.9
122969,1,111,18000.0,0.0
122969,2,113,12.0,0.0
122969,3,150,0.0,0.39
122969,4,126,0.0,524.6
122969,5,119,0.0,17487.0
122970,1,1352,13000.0,0.0
122970,2,122,0.0,378.64
122970,3,115,0.0,12621.36
122971,1,111,1400.0,0.0
122971,2,123,0.0,40.78
122971,3,116,0.0,1359.22
122972,1,1352,7800.0,0.0
122972,2,111,10700.0,0.0
122972,3,150,0.0,-0.01
122972,4,122,0.0,538.84
122972,5,115,0.0,17961.17
122973,1,111,20300.0,0.0
122973,2,122,0.0,591.26
122973,3,115,0.0,19708.74
122974,1,1352,6000.0,0.0
122974,2,123,0.0,174.76
122974,3,116,0.0,5825.24
122975,1,1352,9600.0,0.0
122975,2,123,0.0,279.62
122975,3,116,0.0,9320.39
122976,1,1352,19000.0,0.0
122976,2,122,0.0,553.4
122976,3,115,0.0,18446.6
122977,1,1352,800.0,0.0
122977,2,123,0.0,23.3
122977,3,116,0.0,776.7
122978,1,1352,31000.0,0.0
122978,2,111,43800.0,0.0
122978,3,122,0.0,2178.64
122978,4,115,0.0,72621.36
122979,1,1352,11400.0,0.0
122979,2,123,0.0,332.04
122979,3,116,0.0,11067.96
122980,1,1352,1700.0,0.0
122980,2,123,0.0,49.52
122980,3,116,0.0,1650.49
122981,1,111,26600.0,0.0
122981,2,122,0.0,291.26
122981,3,122,0.0,483.5
122981,4,115,0.0,9708.74
122981,5,115,0.0,16116.5
122982,1,1352,9600.0,0.0
122982,2,111,27100.0,0.0
122982,3,122,0.0,1068.94
122982,4,115,0.0,35631.07
122987,1,1352,11200.0,0.0
122987,2,122,0.0,326.22
122987,3,115,0.0,10873.79
132968,1,1352,105500.0,0.0
132968,2,122,0.0,3072.82
132968,3,115,0.0,102427.18
132969,1,1352,5900.0,0.0
132969,2,111,114000.0,0.0
132969,3,113,1.0,0.0
132969,4,150,0.0,0.49
132969,5,122,0.0,669.9
132969,6,122,0.0,291.26
132969,7,122,0.0,2531.08
132969,8,115,0.0,22330.1
132969,9,115,0.0,9708.74
132969,10,115,0.0,84369.43
132970,1,1352,107900.0,0.0
132970,3,122,0.0,308.74
132970,4,122,0.0,2749.52
132970,5,123,0.0,84.46
132970,6,115,0.0,10291.17
132970,7,115,0.0,91650.61
132970,8,116,0.0,2815.53
132971,1,1352,10000.0,0.0
132971,2,111,55700.0,0.0
132971,3,122,0.0,1913.6
132971,4,115,0.0,63786.41
132972,1,1352,47000.0,0.0
132972,2,111,6500.0,0.0
132972,3,113,19.0,0.0
132972,4,150,0.0,0.2
132972,5,122,0.0,672.82
132972,6,122,0.0,247.58
132972,7,115,0.0,22427.32
132972,8,115,0.0,8252.68
132972,9,126,0.0,638.4
132972,10,119,0.0,21280.0
132973,1,1352,1500.0,0.0
132973,2,111,8100.0,0.0
132973,3,122,0.0,279.62
132973,4,115,0.0,9320.39
132974,1,1352,20800.0,0.0
132974,2,122,0.0,605.82
132974,3,115,0.0,20194.17
132975,1,111,21000.0,0.0
132975,2,122,0.0,611.66
132975,3,115,0.0,20388.35
132976,1,1352,9200.0,0.0
132976,2,123,0.0,267.96
132976,3,116,0.0,8932.04
132977,1,1352,12700.0,0.0
132977,2,122,0.0,369.9
132977,3,115,0.0,12330.1
142968,1,111,16800.0,0.0
142968,2,122,0.0,489.32
142968,3,115,0.0,16310.68
142969,1,1352,47500.0,0.0
142969,2,122,0.0,1383.5
142969,3,115,0.0,46116.5
142970,1,1352,24000.0,0.0
142970,2,111,38500.0,0.0
142970,3,150,0.0,0.18
142970,4,122,0.0,1820.38
142970,5,115,0.0,60679.44
152968,1,1352,243000.0,0.0
152968,2,122,0.0,5286.4
152968,3,122,0.0,1791.26
152968,4,115,0.0,176213.59
152968,5,115,0.0,59708.74
152969,1,111,10000.0,0.0
152969,2,122,0.0,233.0
152969,3,123,0.0,58.26
152969,4,115,0.0,7766.99
152969,5,116,0.0,1941.75
162968,1,111,16300.0,0.0
162968,2,122,0.0,474.76
162968,3,115,0.0,15825.24
172968,1,1352,20500.0,0.0
172968,2,122,0.0,597.08
172968,3,115,0.0,19902.91
172969,1,1352,14000.0,0.0
172969,2,122,0.0,407.76
172969,3,115,0.0,13592.23
182968,1,1352,25200.0,0.0
182968,2,111,20500.0,0.0
182968,3,122,0.0,1331.06
182968,4,115,0.0,44368.93
182969,3,116,0.0,2524.27
192968,1,1352,42100.0,0.0
192968,2,122,0.0,699.02
192968,3,122,0.0,527.18
192968,4,115,0.0,23300.97
192968,5,115,0.0,17572.82
192969,1,111,24999.0,0.0
192969,2,150,0.0,-0.13
192969,3,126,0.0,728.12
192969,4,119,0.0,24271.0
192970,3,115,0.0,33786.41
192971,1,1352,72000.0,0.0
192971,2,150,0.0,0.03
192971,3,122,0.0,495.14
2888,1,111,30000.0,0.0
2888,2,122,0.0,873.78
2888,3,115,0.0,29126.21
2889,1,1352,20000.0,0.0
2889,2,111,6500.0,0.0
2889,3,122,0.0,771.84
2889,4,115,0.0,25728.16
2932,1,111,6000.0,0.0
2932,2,122,0.0,174.76
2932,3,115,0.0,5825.24
92956,1,1352,95500.0,0.0
92956,2,113,200.0,0.0
92956,3,150,0.0,0.1
92956,4,122,0.0,297.08
92956,5,122,0.0,2490.3
92956,6,115,0.0,9902.82
92956,7,115,0.0,83009.71
132970,2,150,0.0,-0.04
182969,1,141,2600.0,0.0
182969,2,123,0.0,75.72
192970,1,1352,34800.0,0.0
192970,2,122,0.0,1013.6
202969,1,1352,71500.0,0.0
202969,2,111,104500.0,0.0
202969,3,122,0.0,5126.22
202969,4,115,0.0,170873.79
202970,1,1352,48000.0,0.0
202970,2,113,55.0,0.0
202970,3,150,0.0,-0.39
202970,4,122,0.0,378.64
202970,5,122,0.0,378.64
202970,6,115,0.0,12621.36
202970,7,115,0.0,12621.36
202970,8,126,0.0,642.4
202970,9,119,0.0,21413.0
202971,1,1352,10100.0,0.0
202971,2,122,0.0,294.18
202971,3,115,0.0,9805.83
202972,1,111,20000.0,0.0
202972,2,122,0.0,582.52
202972,3,115,0.0,19417.48
202973,1,1352,21500.0,0.0
202973,2,122,0.0,626.22
202973,3,115,0.0,20873.79
202974,1,1352,13000.0,0.0
202974,2,122,0.0,378.64
202974,3,115,0.0,12621.36
202975,1,1352,27000.0,0.0
202975,2,111,27000.0,0.0
202975,3,122,0.0,1572.82
202975,4,115,0.0,52427.18
202976,1,1352,14500.0,0.0
202976,2,122,0.0,422.34
202976,3,115,0.0,14077.67
202977,1,1352,5500.0,0.0
202977,2,122,0.0,160.2
202977,3,115,0.0,5339.81
202978,1,1352,8250.0,0.0
202978,2,122,0.0,240.3
202978,3,115,0.0,8009.71
212970,1,111,500.0,0.0
212970,2,123,0.0,14.56
212970,3,116,0.0,485.44
212971,1,1352,25000.0,0.0
212971,2,122,0.0,320.38
212971,3,122,0.0,407.76
212971,4,115,0.0,10679.61
212971,5,115,0.0,13592.23
212972,1,111,8650.0,0.0
212972,2,122,0.0,251.94
212972,3,115,0.0,8398.06
212973,1,1352,24000.0,0.0
212973,2,123,0.0,291.26
212973,3,123,0.0,72.82
212973,4,123,0.0,160.2
212973,5,123,0.0,174.76
212973,6,116,0.0,9708.74
212973,7,116,0.0,2427.18
212973,8,116,0.0,5339.81
212973,9,116,0.0,5825.24
212974,1,111,10500.0,0.0
212974,2,123,0.0,305.82
212974,3,116,0.0,10194.17
212975,1,1352,20000.0,0.0
212975,2,111,9000.0,0.0
212975,3,122,0.0,844.66
212975,4,115,0.0,28155.34
212987,1,111,38000.0,0.0
212987,2,122,0.0,602.92
212987,3,122,0.0,503.88
212987,4,115,0.0,20097.09
212987,5,115,0.0,16796.12
212988,1,1352,24300.0,0.0
212988,2,122,0.0,707.76
212988,3,115,0.0,23592.23
212989,1,1352,50000.0,0.0
212989,2,111,52500.0,0.0
212989,3,122,0.0,2985.44
212989,4,115,0.0,99514.56
212990,1,111,9300.0,0.0
212990,2,123,0.0,203.88
212990,3,123,0.0,67.0
212990,4,116,0.0,6796.12
212990,5,116,0.0,2233.01
212991,1,111,33800.0,0.0
212991,2,122,0.0,422.34
212991,3,122,0.0,407.76
212991,4,123,0.0,154.36
212991,5,115,0.0,14077.67
212991,6,115,0.0,13592.23
212991,7,116,0.0,5145.63
212992,1,111,14000.0,0.0
212992,2,123,0.0,407.76
212992,3,116,0.0,13592.23
212993,1,1352,1500.0,0.0
212993,2,111,37500.0,0.0
212993,3,122,0.0,1135.92
212993,4,115,0.0,37864.08
212994,1,1352,10700.0,0.0
212994,2,111,9800.0,0.0
212994,3,122,0.0,597.08
212994,4,115,0.0,19902.91
212995,1,111,51500.0,0.0
212995,2,122,0.0,1500.0
212995,3,115,0.0,50000.0
212996,1,111,25000.0,0.0
212996,2,150,0.0,-0.02
212996,3,122,0.0,466.04
212996,4,123,0.0,262.12
212996,5,115,0.0,15534.44
212996,6,116,0.0,8737.43
212997,1,1352,218500.0,0.0
212997,2,122,0.0,6364.08
212997,3,115,0.0,212135.92
222970,1,111,65000.0,0.0
222970,2,122,0.0,1893.2
222970,3,115,0.0,63106.8
222971,1,1352,205000.0,0.0
222971,2,111,40000.0,0.0
222971,3,122,0.0,3605.82
222971,4,122,0.0,3530.1
222971,5,115,0.0,120194.17
222971,6,115,0.0,117669.9
232970,1,1352,12000.0,0.0
232970,2,111,5000.0,0.0
232970,3,122,0.0,495.14
232970,4,115,0.0,16504.85
232971,1,111,6000.0,0.0
232971,2,150,0.0,-0.01
232971,3,123,0.0,58.26
232971,4,123,0.0,116.5
232971,5,116,0.0,1941.75
232971,6,116,0.0,3883.5
232972,1,1352,40500.0,0.0
232972,2,111,80500.0,0.0
232972,3,150,0.0,0.47
232972,4,122,0.0,1980.58
232972,5,122,0.0,349.52
232972,6,122,0.0,1194.16
232972,7,115,0.0,66019.3
232972,8,115,0.0,11650.44
232972,9,115,0.0,39805.53
232973,1,1352,1350.0,0.0
232973,2,111,16950.0,0.0
232973,3,122,0.0,285.44
232973,4,122,0.0,247.58
232973,5,115,0.0,9514.56
232973,6,115,0.0,8252.43
232974,1,111,5900.0,0.0
232974,2,122,0.0,171.84
232974,3,115,0.0,5728.16
232975,3,115,0.0,28582.52
232976,1,1352,3200.0,0.0
232976,2,113,50.0,0.0
232976,3,123,0.0,94.66
232976,4,116,0.0,3155.34
232977,1,1352,810.0,0.0
232977,2,123,0.0,23.6
232977,3,116,0.0,786.41
2903,1,1352,63000.0,0.0
2903,2,122,0.0,1834.96
2903,3,115,0.0,61165.05
2904,1,1352,6700.0,0.0
2904,2,111,1000.0,0.0
2904,3,123,0.0,224.28
2904,4,116,0.0,7475.73
2905,1,111,29500.0,0.0
2905,2,122,0.0,859.22
2905,3,115,0.0,28640.78
2906,1,111,48200.0,0.0
2906,2,122,0.0,1403.88
2906,3,115,0.0,46796.12
232975,1,111,29440.0,0.0
232975,2,122,0.0,857.48
232978,1,1352,7400.0,0.0
232978,2,123,0.0,133.98
232978,3,123,0.0,81.56
232978,4,116,0.0,4466.02
232978,5,116,0.0,2718.45
232979,1,111,61800.0,0.0
232979,2,122,0.0,1194.18
232979,3,122,0.0,605.82
232979,4,115,0.0,39805.83
232979,5,115,0.0,20194.17
232980,1,129,19900.0,0.0
232980,2,114,0.0,19900.0
232981,1,1352,10601.0,0.0
232981,2,113,1281.0,0.0
232981,3,150,0.0,0.32
232981,4,114,19900.0,0.0
232981,5,126,0.0,925.68
232981,6,119,0.0,30856.0
232982,1,129,137500.0,0.0
232982,2,114,0.0,137500.0
232983,1,1352,38000.0,0.0
232983,2,114,137500.0,0.0
232983,3,122,0.0,3101.94
232983,4,122,0.0,1112.62
232983,5,122,0.0,897.08
232983,6,115,0.0,103398.06
232983,7,115,0.0,37087.38
232983,8,115,0.0,29902.91
232984,1,1352,30500.0,0.0
232984,2,122,0.0,888.34
232984,3,115,0.0,29611.65
242984,1,111,3100.0,0.0
242984,2,123,0.0,90.3
242984,3,116,0.0,3009.71
242985,1,1352,7150.0,0.0
242985,2,122,0.0,208.26
242985,3,115,0.0,6941.75
242986,1,1352,13000.0,0.0
242986,2,111,8060.0,0.0
242986,3,122,0.0,613.4
242986,4,115,0.0,20446.6
242987,1,111,8100.0,0.0
242987,2,122,0.0,235.92
242987,3,115,0.0,7864.08
242988,1,1352,7300.0,0.0
242988,2,123,0.0,212.62
242988,3,116,0.0,7087.38
242989,1,1352,6700.0,0.0
242989,2,111,6300.0,0.0
242989,3,122,0.0,183.5
242989,4,122,0.0,195.14
242989,5,115,0.0,6116.5
242989,6,115,0.0,6504.85
242990,1,111,206500.0,0.0
242990,2,113,2200.0,0.0
242990,3,122,0.0,1703.88
242990,4,122,0.0,792.24
242990,5,122,0.0,3000.0
242990,6,123,0.0,582.52
242990,7,115,0.0,56796.12
242990,8,115,0.0,26407.77
242990,9,115,0.0,100000.0
242990,10,116,0.0,19417.48
242991,1,1352,17500.0,0.0
242991,2,111,7000.0,0.0
242991,3,122,0.0,713.6
242991,4,115,0.0,23786.41
252984,1,111,19400.0,0.0
252984,2,122,0.0,565.04
252984,3,115,0.0,18834.95
262984,1,1352,14500.0,0.0
262984,2,122,0.0,422.34
262984,3,115,0.0,14077.67
262985,1,1352,22400.0,0.0
262985,2,122,0.0,652.42
262987,1,1352,72000.0,0.0
262987,2,122,0.0,2097.08
262987,3,115,0.0,69902.91
262988,1,111,103500.0,0.0
262988,2,122,0.0,524.28
262988,3,122,0.0,2330.1
262988,4,123,0.0,160.2
262988,5,115,0.0,17475.73
262988,6,115,0.0,77669.9
262988,7,116,0.0,5339.81
192972,1,1352,25500.0,0.0
192972,2,111,49999.0,0.0
192972,3,150,0.0,-0.05
192972,4,122,0.0,1063.1
192972,5,122,0.0,1135.9
192972,6,115,0.0,35436.43
192972,7,115,0.0,37863.62
272984,1,1352,100000.0,0.0
272984,2,111,197000.0,0.0
272984,3,150,0.0,-0.08
272984,4,122,0.0,640.78
272984,5,122,0.0,8009.72
272984,6,115,0.0,21359.22
272984,7,115,0.0,266990.37
272985,1,1352,61500.0,0.0
272985,3,122,0.0,1083.5
272985,4,122,0.0,707.76
272985,5,115,0.0,36116.5
272985,6,115,0.0,23592.32
272986,1,1352,180800.0,0.0
272986,2,150,0.0,-0.08
272986,3,122,0.0,4105.34
272986,4,122,0.0,432.52
272986,5,122,0.0,728.16
272986,6,115,0.0,136844.74
272986,7,115,0.0,14417.48
272986,8,115,0.0,24271.84
272987,1,1352,15000.0,0.0
272987,2,111,16500.0,0.0
272987,3,122,0.0,917.48
272987,4,115,0.0,30582.52
272992,1,1352,163500.0,0.0
272992,2,111,136000.0,0.0
272992,3,122,0.0,8723.3
272992,4,115,0.0,290776.7
272994,1,1352,117700.0,0.0
272994,2,122,0.0,3428.16
272994,3,115,0.0,114271.84
272995,1,111,2500.0,0.0
272995,3,116,0.0,2427.18
282995,1,1352,3500.0,0.0
282995,2,111,1000.0,0.0
282995,3,122,0.0,131.06
282995,4,115,0.0,4368.93
282996,1,111,50000.0,0.0
282996,2,122,0.0,1456.32
282996,3,115,0.0,48543.69
292995,1,111,79300.0,0.0
292995,2,150,0.0,-0.34
292995,3,122,0.0,2309.72
292995,4,115,0.0,76990.62
292996,1,1352,42000.0,0.0
292996,2,111,4000.0,0.0
292996,3,122,0.0,1339.8
292996,4,115,0.0,44660.19
302995,1,1352,30000.0,0.0
302995,2,122,0.0,873.78
302995,3,115,0.0,29126.21
302996,1,111,2300.0,0.0
302996,2,123,0.0,67.0
302996,3,116,0.0,2233.01
312996,1,1352,22000.0,0.0
312996,2,111,40000.0,0.0
312996,3,150,0.0,0.49
312996,4,122,0.0,961.16
312996,5,122,0.0,844.64
312996,6,115,0.0,32038.83
312996,7,115,0.0,28154.87
312997,1,111,2500.0,0.0
312997,2,123,0.0,72.82
312997,3,116,0.0,2427.18
312998,1,1352,87000.0,0.0
312998,2,111,38000.0,0.0
312998,3,150,0.0,0.15
312998,4,122,0.0,597.1
312998,5,122,0.0,713.58
312998,6,122,0.0,2330.1
312998,7,115,0.0,19903.04
312998,8,115,0.0,23786.14
2934,3,122,0.0,961.16
2934,4,115,0.0,32038.83
2935,1,111,57001.0,0.0
2935,2,150,0.0,0.45
2935,3,122,0.0,247.58
2935,4,122,0.0,436.9
2935,5,122,0.0,483.48
2935,6,122,0.0,157.3
2935,7,122,0.0,334.96
2935,8,115,0.0,8252.92
2935,9,115,0.0,14563.03
2935,10,115,0.0,16116.24
2935,11,115,0.0,5243.09
2935,12,115,0.0,11165.05
2936,1,1352,101000.0,0.0
2936,2,111,257500.0,0.0
2936,3,122,0.0,3064.08
2936,4,122,0.0,7243.68
2936,5,123,0.0,133.98
2936,6,115,0.0,102135.92
2936,7,115,0.0,241456.31
2936,8,116,0.0,4466.02
2937,1,111,12100.0,0.0
2937,2,122,0.0,352.42
2937,3,115,0.0,11747.57
272985,2,150,0.0,-0.09
272995,2,123,0.0,72.82
312998,9,115,0.0,77669.9
312999,1,1352,4500.0,0.0
312999,2,123,0.0,131.06
312999,3,116,0.0,4368.93
313000,1,1352,3700.0,0.0
313000,2,123,0.0,107.76
313000,3,116,0.0,3592.23
313001,1,1352,3000.0,0.0
313001,2,123,0.0,87.38
313001,3,116,0.0,2912.62
313002,1,111,5900.0,0.0
313002,2,123,0.0,171.84
313002,3,116,0.0,5728.16
313003,1,111,13500.0,0.0
313003,2,122,0.0,393.2
313003,3,115,0.0,13106.8
313004,1,1352,30000.0,0.0
313004,2,111,100000.0,0.0
313004,3,122,0.0,3786.4
313004,4,115,0.0,126213.59
313005,1,1352,25700.0,0.0
313005,2,122,0.0,748.54
313005,3,115,0.0,24951.46
322996,1,111,25200.0,0.0
322996,2,122,0.0,733.98
322996,3,115,0.0,24466.02
313009,1,111,60000.0,0.0
313009,2,150,0.0,-0.31
313009,3,122,0.0,1747.58
313009,4,115,0.0,58252.73
332996,1,111,58500.0,0.0
332996,2,122,0.0,1703.88
332996,3,115,0.0,56796.12
332997,1,1352,18000.0,0.0
332997,2,111,105000.0,0.0
332997,3,122,0.0,3582.52
332997,4,115,0.0,119417.48
332998,1,111,23800.0,0.0
332998,2,122,0.0,693.2
332998,3,115,0.0,23106.8
332999,1,1352,68000.0,0.0
332999,2,122,0.0,1980.58
332999,3,115,0.0,66019.42
342996,1,1352,6000.0,0.0
342996,2,123,0.0,174.76
342996,3,116,0.0,5825.24
342997,1,1352,13350.0,0.0
342997,2,150,0.0,-0.01
342997,3,122,0.0,388.84
342997,4,115,0.0,12961.17
352996,1,111,23500.0,0.0
352996,2,150,0.0,-0.2
352996,3,122,0.0,396.12
352996,4,122,0.0,288.34
352996,5,115,0.0,13204.08
352996,6,115,0.0,9611.65
362996,1,1352,3430.0,0.0
362996,2,123,0.0,99.9
362996,3,116,0.0,3330.1
372996,1,1352,19500.0,0.0
372996,2,122,0.0,567.96
372996,3,115,0.0,18932.04
372997,1,111,20870.0,0.0
372997,2,122,0.0,607.86
372997,3,115,0.0,20262.14
372998,1,1352,54650.0,0.0
372998,2,111,32000.0,0.0
372998,3,150,0.0,0.01
372998,4,122,0.0,2523.78
372998,5,115,0.0,84126.21
382996,1,111,60000.0,0.0
382996,2,122,0.0,1747.58
382996,3,115,0.0,58252.43
382997,1,111,208500.0,0.0
382997,2,113,211.0,0.0
382997,3,150,0.0,0.35
382997,4,122,0.0,701.96
382997,5,122,0.0,3838.84
382997,6,122,0.0,1538.14
382997,7,115,0.0,23398.56
382997,8,115,0.0,127961.57
382997,9,115,0.0,51271.56
382998,1,111,21000.0,0.0
382998,2,123,0.0,611.66
382998,3,116,0.0,20388.35
382999,1,1352,28000.0,0.0
382999,2,150,0.0,-0.01
382999,3,122,0.0,815.54
382999,4,115,0.0,27184.47
383000,1,1352,14000.0,0.0
383000,2,122,0.0,407.76
383000,3,115,0.0,13592.23
392996,1,111,29800.0,0.0
392996,2,150,0.0,0.47
392996,3,122,0.0,526.6
392996,4,122,0.0,341.36
392996,5,115,0.0,17553.04
392996,6,115,0.0,11378.53
402996,1,1352,51000.0,0.0
402996,2,111,70000.0,0.0
402996,3,122,0.0,3524.28
402996,4,115,0.0,117475.73
402997,1,1352,13000.0,0.0
402997,2,122,0.0,378.64
402997,3,115,0.0,12621.36
402998,1,1352,131500.0,0.0
402998,3,150,0.0,0.49
402998,4,122,0.0,3830.12
402998,5,115,0.0,127670.4
402999,1,1352,15900.0,0.0
402999,2,111,1.0,0.0
402999,3,150,0.0,-0.08
402999,4,123,0.0,97.58
402999,5,123,0.0,100.48
402999,6,116,0.0,3252.43
402999,7,116,0.0,3349.51
402999,8,126,0.0,265.08
402999,9,119,0.0,8836.0
403000,1,111,9000.0,0.0
403000,2,122,0.0,262.14
403000,3,115,0.0,8737.86
412996,1,1352,3400.0,0.0
412996,2,113,137.0,0.0
412996,3,123,0.0,18.2
412996,4,123,0.0,84.82
412996,5,116,0.0,606.8
412996,6,116,0.0,2827.18
412997,1,1352,36500.0,0.0
412997,2,122,0.0,1063.1
412997,3,115,0.0,35436.89
412998,1,1352,14000.0,0.0
412998,2,122,0.0,407.76
412998,3,115,0.0,13592.23
422996,1,1352,4500.0,0.0
422996,2,111,46500.0,0.0
422996,3,150,0.0,-0.43
422996,4,122,0.0,990.3
422996,5,122,0.0,495.14
422996,6,115,0.0,33010.13
422996,7,115,0.0,16504.85
422997,1,111,84000.0,0.0
422997,2,122,0.0,873.78
422997,3,122,0.0,1572.82
422997,4,115,0.0,29126.21
422997,5,115,0.0,52427.18
422998,1,111,57000.0,0.0
422998,2,122,0.0,1660.2
422998,3,115,0.0,55339.81
422999,1,111,33000.0,0.0
422999,2,150,0.0,0.01
422999,3,122,0.0,961.16
422999,4,115,0.0,32038.83
2957,1,111,39900.0,0.0
2957,2,122,0.0,530.1
2957,3,122,0.0,632.04
2957,4,115,0.0,17669.9
2957,5,115,0.0,21067.96
62947,1,111,1300.0,0.0
62947,2,123,0.0,37.86
62947,3,116,0.0,1262.14
62959,1,111,27500.0,0.0
62959,2,150,0.0,0.3
62959,3,122,0.0,800.96
62959,4,115,0.0,26698.74
2947,1,1352,33500.0,0.0
2947,2,111,5000.0,0.0
2947,3,122,0.0,1121.36
2947,4,115,0.0,37378.64
62960,1,111,7300.0,0.0
62960,2,122,0.0,212.62
62960,3,115,0.0,7087.38
402998,2,111,1.0,0.0
423000,1,111,3000.0,0.0
423000,2,123,0.0,40.78
423000,3,123,0.0,46.6
423000,4,116,0.0,1359.22
423000,5,116,0.0,1553.4
423001,1,111,131000.0,0.0
423001,2,122,0.0,3815.54
423001,3,115,0.0,127184.47
433001,1,1352,9800.0,0.0
433001,2,150,0.0,-0.12
433001,3,122,0.0,285.44
433001,4,115,0.0,9514.68
433002,1,111,52000.0,0.0
433002,2,122,0.0,1514.56
433002,3,115,0.0,50485.44
433003,1,111,122166.0,0.0
433003,2,122,0.0,3558.24
433003,3,115,0.0,118607.77
433004,1,1352,9000.0,0.0
433004,2,123,0.0,262.14
433004,3,116,0.0,8737.86
433005,1,1352,65000.0,0.0
433005,2,122,0.0,1194.18
433005,3,122,0.0,699.02
433005,4,115,0.0,39805.83
433005,5,115,0.0,23300.97
433006,1,111,20000.0,0.0
433006,2,122,0.0,582.52
433006,3,115,0.0,19417.48
433007,1,111,29000.0,0.0
433007,2,122,0.0,844.66
433007,3,115,0.0,28155.34
433008,1,1352,32000.0,0.0
433008,2,111,4500.0,0.0
433008,3,122,0.0,1063.1
433008,4,115,0.0,35436.89
433009,1,111,11500.0,0.0
433009,2,122,0.0,334.96
433009,3,115,0.0,11165.05
443009,1,1352,7000.0,0.0
443009,2,111,22500.0,0.0
443009,3,122,0.0,859.22
443009,4,115,0.0,28640.78
453009,1,1352,11800.0,0.0
453009,2,122,0.0,343.68
453009,3,115,0.0,11456.31
453010,1,1352,1700.0,0.0
453010,2,123,0.0,49.52
453010,3,116,0.0,1650.49
453011,1,1352,50000.0,0.0
453011,2,113,79.0,0.0
453011,3,150,0.0,0.4
453011,4,122,0.0,845.2
453011,5,122,0.0,613.4
453011,6,115,0.0,28173.0
453011,7,115,0.0,20447.0
463009,1,111,1668.0,0.0
463009,2,123,0.0,48.58
463009,3,116,0.0,1619.42
463010,1,111,59000.0,0.0
463010,2,150,0.0,0.13
463010,3,122,0.0,1718.44
463010,4,115,0.0,57281.43
473009,1,1352,48500.0,0.0
473009,2,122,0.0,1412.62
473009,3,115,0.0,47087.38
483009,1,111,162000.0,0.0
483009,2,113,14.0,0.0
483009,3,150,0.0,-0.4
483009,4,122,0.0,664.08
483009,5,122,0.0,477.0
483009,6,122,0.0,3237.0
483009,7,122,0.0,340.78
483009,8,115,0.0,22136.32
483009,9,115,0.0,15900.0
483009,10,115,0.0,107900.0
483010,1,1352,52600.0,0.0
483010,2,122,0.0,1532.04
483010,3,115,0.0,51067.96
483009,11,115,0.0,11359.22
493009,1,111,201000.0,0.0
493009,2,113,62.0,0.0
493009,3,150,0.0,0.01
493009,4,122,0.0,1819.28
493009,5,122,0.0,4036.88
493009,6,115,0.0,60643.0
493009,7,115,0.0,134562.83
493010,1,111,139000.0,0.0
493010,2,122,0.0,4048.54
493010,3,115,0.0,134951.46
493011,1,111,36000.0,0.0
493011,2,122,0.0,495.14
493011,3,122,0.0,553.4
493011,4,115,0.0,16504.85
493011,5,115,0.0,18446.6
493012,1,1352,126500.0,0.0
493012,2,122,0.0,1427.18
493012,3,122,0.0,2111.66
493012,4,123,0.0,145.64
493012,5,115,0.0,47572.82
493012,6,115,0.0,70388.35
493012,7,116,0.0,4854.37
503009,1,1352,19000.0,0.0
503009,2,122,0.0,553.4
503009,3,115,0.0,18446.6
513009,1,111,86370.0,0.0
513009,2,122,0.0,2460.3
513009,3,123,0.0,55.34
513009,4,115,0.0,82009.71
513009,5,116,0.0,1844.66
523009,1,1352,7000.0,0.0
523009,2,122,0.0,203.88
523009,3,115,0.0,6796.12
523010,1,122,0.0,553.4
523010,2,122,0.0,-553.4
523010,3,115,0.0,18446.6
523010,4,115,0.0,-18446.6
523011,1,1352,4100.0,0.0
523011,2,123,0.0,119.42
523011,3,116,0.0,3980.58
523012,1,1352,4500.0,0.0
523012,2,123,0.0,131.06
523012,3,116,0.0,4368.93
523013,1,1352,7500.0,0.0
523013,2,150,0.0,0.01
523013,3,123,0.0,218.44
533009,1,1352,16600.0,0.0
533009,2,122,0.0,483.5
533009,3,115,0.0,16116.5
533010,1,1352,17500.0,0.0
533010,2,122,0.0,509.7
533010,3,115,0.0,16990.29
543009,1,111,9500.0,0.0
543009,2,122,0.0,276.7
543009,3,115,0.0,9223.3
543010,1,111,212500.0,0.0
543010,2,122,0.0,6189.32
543010,3,115,0.0,206310.68
543011,1,1352,500.0,0.0
543011,2,111,3700.0,0.0
543011,3,123,0.0,122.34
543011,4,116,0.0,4077.67
553009,1,1352,4900.0,0.0
553009,2,123,0.0,142.72
553009,3,116,0.0,4757.28
553010,1,111,34265.0,0.0
553010,2,150,0.0,-0.01
553010,3,122,0.0,638.6
553010,4,122,0.0,359.42
553010,5,115,0.0,21286.41
553010,6,115,0.0,11980.58
553011,1,111,25902.0,0.0
553011,2,122,0.0,754.42
553011,3,115,0.0,25147.57
553013,1,111,27700.0,0.0
553013,2,122,0.0,806.8
553013,3,115,0.0,26893.2
553014,1,111,31000.0,0.0
553014,2,150,0.0,-0.21
82976,1,1352,11500.0,0.0
82976,2,122,0.0,946.6
82976,3,122,0.0,-611.66
82976,4,115,0.0,31553.4
82976,5,115,0.0,-20388.35
182970,1,1352,95000.0,0.0
182970,2,111,94000.0,0.0
182970,3,122,0.0,5504.86
182970,4,115,0.0,183495.15
182971,1,1352,3900.0,0.0
182971,2,123,0.0,113.6
182971,3,116,0.0,3786.41
182972,1,111,35000.0,0.0
182972,2,122,0.0,436.9
182972,3,122,0.0,582.52
182972,4,115,0.0,14563.11
182972,5,115,0.0,19417.48
553012,1,111,33400.0,0.0
553012,2,113,444.0,0.0
553014,3,122,0.0,902.92
553014,4,115,0.0,30097.29
563013,1,111,16790.0,0.0
563013,2,122,0.0,489.02
563013,3,115,0.0,16300.97
573013,1,111,20000.0,0.0
573013,2,1355,0.0,20000.0
573014,1,1352,14600.0,0.0
573014,2,113,20.0,0.0
573014,3,1355,20000.0,0.0
573014,4,122,0.0,1008.34
573014,5,115,0.0,33611.65
573015,1,1352,7800.0,0.0
573015,2,123,0.0,163.1
573015,3,123,0.0,64.08
573015,4,116,0.0,5436.89
573015,5,116,0.0,2135.92
583013,1,1352,34500.0,0.0
583013,2,122,0.0,1004.86
583013,3,115,0.0,33495.15
593013,1,1352,46500.0,0.0
593013,2,122,0.0,1354.36
593013,3,115,0.0,45145.63
593014,1,1352,34500.0,0.0
593014,2,122,0.0,1004.86
593014,3,115,0.0,33495.15
593015,1,1352,12200.0,0.0
593015,2,122,0.0,291.26
593015,3,123,0.0,64.08
593015,4,115,0.0,9708.74
593015,5,116,0.0,2135.92
603013,1,111,15000.0,0.0
603013,2,122,0.0,436.9
603013,3,115,0.0,14563.11
613013,1,1352,53100.0,0.0
613013,2,111,4000.0,0.0
613013,3,150,0.0,0.01
613013,4,122,0.0,1663.1
613013,5,115,0.0,55436.89
623013,1,111,32000.0,0.0
623013,2,113,1.18,0.0
623013,3,150,0.0,0.11
623013,4,126,0.0,495.18
623013,5,126,0.0,436.88
623013,6,119,0.0,16506.0
623013,7,119,0.0,14563.0
623014,1,1352,110000.0,0.0
623014,2,122,0.0,3203.88
623014,3,115,0.0,106796.12
633013,1,1352,8400.0,0.0
633013,2,122,0.0,244.66
633013,3,115,0.0,8155.34
633014,1,1352,9000.0,0.0
633014,2,111,27000.0,0.0
633014,3,122,0.0,1048.54
633014,4,115,0.0,34951.46
633015,1,1352,62000.0,0.0
633015,2,150,0.0,0.03
633015,3,122,0.0,1671.84
633015,4,122,0.0,133.98
633015,5,115,0.0,55728.13
633015,6,115,0.0,4466.02
643013,1,1352,10500.0,0.0
643013,2,122,0.0,305.82
643013,3,115,0.0,10194.17
643014,1,1352,7000.0,0.0
643014,2,111,13500.0,0.0
643014,3,122,0.0,597.08
643014,4,115,0.0,19902.91
643017,1,1352,15000.0,0.0
643017,2,111,2500.0,0.0
643017,3,122,0.0,509.7
643017,4,115,0.0,16990.29
653013,1,1352,58000.0,0.0
653013,2,111,50000.0,0.0
653013,3,122,0.0,3145.64
653013,4,115,0.0,104854.37
653014,1,1352,9500.0,0.0
653014,2,123,0.0,276.7
653014,3,116,0.0,9223.3
663013,1,1352,147000.0,0.0
663013,2,113,154.0,0.0
663013,3,122,0.0,304.28
663013,4,122,0.0,791.12
663013,5,122,0.0,1031.66
663013,6,122,0.0,579.58
663013,7,122,0.0,1579.4
663013,8,115,0.0,10142.72
663013,9,115,0.0,26370.87
663013,10,115,0.0,34388.35
663013,11,115,0.0,19319.42
663013,12,115,0.0,52646.6
663014,1,111,14100.0,0.0
663014,2,122,0.0,410.68
663014,3,115,0.0,13689.32
673013,1,111,61000.0,0.0
673013,2,113,288.0,0.0
673013,3,122,0.0,1405.98
673013,4,122,0.0,379.1
673013,5,115,0.0,46866.02
673013,6,115,0.0,12636.89
683013,1,111,2600.0,0.0
683013,2,123,0.0,75.72
683013,3,116,0.0,2524.27
683014,1,130,550.0,0.0
683014,2,114,0.0,550.0
683015,1,1352,1750.0,0.0
683015,2,114,550.0,0.0
683015,3,123,0.0,67.0
683015,4,116,0.0,2233.01
683016,1,1352,4000.0,0.0
683016,2,113,800.0,0.0
683016,3,123,0.0,139.8
683016,4,116,0.0,4660.19
683017,1,129,50000.0,0.0
683017,2,114,0.0,50000.0
683018,1,1352,42000.0,0.0
683018,2,122,0.0,1223.3
683018,3,115,0.0,40776.7
693014,1,1352,9000.0,0.0
693014,2,111,168000.0,0.0
693014,3,113,476.0,0.0
693014,4,150,0.0,0.35
693014,5,122,0.0,3262.14
693014,6,122,0.0,538.84
693014,7,122,0.0,480.58
693014,8,115,0.0,108737.86
693014,9,115,0.0,17961.17
693014,10,115,0.0,16019.42
693014,11,126,0.0,887.64
693014,12,119,0.0,29588.0
693015,1,111,39000.0,0.0
693015,2,113,23.0,0.0
693015,3,150,0.0,-0.26
693015,4,122,0.0,655.34
693015,5,115,0.0,21844.66
693015,6,126,0.0,481.26
693015,7,119,0.0,16042.0
693016,1,1352,35000.0,0.0
693016,2,111,26300.0,0.0
693016,3,122,0.0,1785.44
693016,4,115,0.0,59514.56
693017,1,1352,5000.0,0.0
693017,2,111,4000.0,0.0
693017,3,122,0.0,262.14
693017,4,115,0.0,8737.86
693018,1,1352,8000.0,0.0
693018,2,111,9000.0,0.0
693018,3,122,0.0,495.14
693018,4,115,0.0,16504.85
703014,1,1352,17500.0,0.0
703014,2,122,0.0,254.86
703014,3,122,0.0,254.86
703014,4,115,0.0,8495.15
703014,5,115,0.0,8495.15
713014,1,1352,3200.0,0.0
713014,2,111,800.0,0.0
713014,3,123,0.0,116.5
713014,4,116,0.0,3883.5
713015,1,1352,1500.0,0.0
122983,1,111,18000.0,0.0
122983,2,122,0.0,524.28
122983,3,115,0.0,17475.73
122984,1,1352,15300.0,0.0
122984,2,111,60800.0,0.0
122984,3,122,0.0,524.28
122984,4,122,0.0,349.52
122984,5,122,0.0,684.46
122984,6,123,0.0,407.76
122984,7,122,0.0,218.44
122984,8,123,0.0,32.04
122984,9,115,0.0,17475.73
122984,10,115,0.0,11650.49
122984,11,115,0.0,22815.53
122984,12,116,0.0,13592.23
122984,13,115,0.0,7281.55
122984,14,116,0.0,1067.96
122985,1,1352,4450.0,0.0
122985,2,122,0.0,129.62
122985,3,115,0.0,4320.39
122986,1,1352,32000.0,0.0
122986,2,122,0.0,393.2
122986,3,122,0.0,393.2
122986,4,123,0.0,145.64
122986,5,115,0.0,13106.8
122986,6,115,0.0,13106.8
122986,7,116,0.0,4854.37
212976,1,1352,8500.0,0.0
212976,2,150,0.0,-0.08
212976,3,126,0.0,247.58
212976,4,119,0.0,8252.5
212977,1,1352,29000.0,0.0
212977,2,111,10000.0,0.0
212977,3,122,0.0,1135.92
212977,4,115,0.0,37864.08
212978,1,111,2300.0,0.0
212978,2,123,0.0,67.0
212978,3,116,0.0,2233.01
212979,1,1352,15500.0,0.0
212979,2,122,0.0,451.46
212979,3,115,0.0,15048.54
212980,1,1352,20800.0,0.0
212980,2,122,0.0,605.82
212980,3,115,0.0,20194.17
212981,1,1352,17500.0,0.0
212981,2,122,0.0,509.7
212981,3,115,0.0,16990.29
212982,1,1352,13500.0,0.0
212982,2,122,0.0,393.2
212982,3,115,0.0,13106.8
212983,1,111,17899.0,0.0
212983,2,150,0.0,-0.34
212983,3,126,0.0,521.34
212983,4,119,0.0,17378.0
212984,1,1352,55000.0,0.0
212984,2,111,93000.0,0.0
212984,3,122,0.0,757.28
212984,4,122,0.0,3553.4
212984,5,115,0.0,25242.72
212984,6,115,0.0,118446.6
212985,1,1352,19150.0,0.0
212985,2,122,0.0,557.76
212985,3,115,0.0,18592.23
212986,1,1352,73000.0,0.0
212986,2,122,0.0,2126.22
212986,3,115,0.0,70873.79
713015,2,123,0.0,43.68
713015,3,116,0.0,1456.31
523013,4,116,0.0,7281.55
713016,1,111,28309.0,0.0
713016,2,122,0.0,824.54
713016,3,115,0.0,27484.47
723014,1,1352,35000.0,0.0
723014,2,111,17500.0,0.0
723014,3,122,0.0,1529.12
723014,4,115,0.0,50970.87
733014,1,1352,8500.0,0.0
733014,2,122,0.0,247.58
733014,3,115,0.0,8252.43
743014,1,111,32500.0,0.0
743014,2,122,0.0,946.6
743014,3,115,0.0,31553.4
753014,1,1352,4700.0,0.0
753014,2,123,0.0,136.9
753014,3,116,0.0,4563.11
753015,1,111,26000.0,0.0
753015,2,122,0.0,757.28
753015,3,115,0.0,25242.72
753016,1,111,1800.0,0.0
753016,2,123,0.0,52.42
753016,3,116,0.0,1747.57
763016,1,1352,6500.0,0.0
763016,2,122,0.0,189.32
763016,3,115,0.0,6310.68
763017,1,1352,8400.0,0.0
763017,2,113,210.0,0.0
763017,3,123,0.0,74.56
763017,4,123,0.0,43.68
763017,5,123,0.0,132.52
763017,6,116,0.0,2485.44
763017,7,116,0.0,1456.31
763017,8,116,0.0,4417.48
773016,1,1352,18300.0,0.0
773016,2,122,0.0,533.0
773016,3,115,0.0,17766.99
783016,1,111,7930.0,0.0
783016,2,122,0.0,230.98
783016,3,115,0.0,7699.03
783017,1,1352,44565.0,0.0
783017,2,122,0.0,1298.0
783017,3,115,0.0,43266.99
783018,1,1352,10000.0,0.0
783018,2,111,14500.0,0.0
783018,3,113,500.0,0.0
783018,4,122,0.0,728.16
783018,5,115,0.0,24271.84
783019,1,1352,31500.0,0.0
783019,2,111,56300.0,0.0
783019,3,122,0.0,2557.28
783019,4,115,0.0,85242.72
783020,1,111,16000.0,0.0
783020,2,113,70.0,0.0
783020,3,122,0.0,699.02
783020,4,122,0.0,-230.98
783020,5,115,0.0,23300.97
783020,6,115,0.0,-7699.03
783021,1,1352,28000.0,0.0
783021,2,122,0.0,815.54
783021,3,115,0.0,27184.47
783022,1,1352,129000.0,0.0
783022,2,122,0.0,3757.28
783022,3,115,0.0,125242.72
793016,1,111,3300.0,0.0
793016,2,150,0.0,0.08
793016,3,123,0.0,96.12
793016,4,116,0.0,3203.81
793017,1,111,36000.0,0.0
803016,1,1352,10500.0,0.0
803016,2,111,10000.0,0.0
803016,3,122,0.0,597.08
803016,4,115,0.0,19902.91
803017,1,111,18975.0,0.0
803017,2,122,0.0,552.66
803017,3,115,0.0,18422.33
813017,1,111,147713.0,0.0
813017,2,122,0.0,2273.28
813017,3,122,0.0,2029.04
813017,4,115,0.0,75775.73
813017,5,115,0.0,67634.95
813018,1,111,154541.0,0.0
813018,2,122,0.0,1821.62
813018,3,122,0.0,2679.58
813018,4,115,0.0,60720.39
813018,5,115,0.0,89319.42
813019,1,1352,6200.0,0.0
813019,2,123,0.0,180.58
813019,3,116,0.0,6019.42
813020,3,115,0.0,35242.72
823017,1,111,88549.0,0.0
823017,2,122,0.0,728.36
823017,3,122,0.0,537.32
823017,4,122,0.0,1313.42
823017,5,115,0.0,24278.64
823017,6,115,0.0,17910.68
823017,7,115,0.0,43780.58
823018,1,1352,33200.0,0.0
823018,2,122,0.0,967.0
823018,3,115,0.0,32233.01
833017,1,111,95934.0,0.0
833017,2,122,0.0,1582.58
833017,3,122,0.0,441.82
833017,4,122,0.0,769.8
833017,5,115,0.0,52752.43
833017,6,115,0.0,14727.18
833017,7,115,0.0,25660.19
833018,1,111,70312.0,0.0
833018,2,122,0.0,1020.96
833018,3,122,0.0,585.14
833018,4,122,0.0,441.82
192971,4,122,0.0,640.78
192971,5,122,0.0,538.84
192971,6,122,0.0,422.34
192971,7,115,0.0,16504.82
192971,8,115,0.0,21359.22
192971,9,115,0.0,17961.17
192971,10,115,0.0,14077.67
272988,1,1352,10300.0,0.0
272988,2,122,0.0,300.0
272988,3,115,0.0,10000.0
272989,1,111,23400.0,0.0
272989,2,150,0.0,-0.01
272989,3,122,0.0,681.56
272990,1,1352,18500.0,0.0
192973,1,1352,2600.0,0.0
192973,2,123,0.0,75.72
192973,3,116,0.0,2524.27
192974,1,1352,2650.0,0.0
192974,2,123,0.0,77.18
192974,3,116,0.0,2572.82
192975,1,1352,3500.0,0.0
192975,2,123,0.0,101.94
192975,3,116,0.0,3398.06
192976,1,1352,6400.0,0.0
192976,2,111,5000.0,0.0
192976,3,122,0.0,332.04
192976,4,115,0.0,11067.96
192977,1,111,49000.0,0.0
192977,2,122,0.0,1368.94
192977,3,123,0.0,58.26
192977,4,115,0.0,45631.07
192977,5,116,0.0,1941.75
192978,1,111,15000.0,0.0
192978,2,122,0.0,436.9
192978,3,115,0.0,14563.11
192979,1,1352,2500.0,0.0
192979,2,111,31800.0,0.0
192979,3,122,0.0,815.54
192979,4,123,0.0,183.5
192979,5,115,0.0,27184.47
192979,6,116,0.0,6116.5
272990,2,150,0.0,-0.01
272990,3,122,0.0,538.84
272990,4,115,0.0,17961.17
272991,1,1352,8500.0,0.0
272991,2,111,6100.0,0.0
272991,3,122,0.0,425.24
272991,4,115,0.0,14174.76
272989,4,115,0.0,22718.45
643015,1,1352,8500.0,0.0
643015,2,122,0.0,247.58
643015,3,115,0.0,8252.43
643016,1,1352,2500.0,0.0
643016,2,123,0.0,14.56
643016,3,123,0.0,58.26
643016,4,116,0.0,485.44
643016,5,116,0.0,1941.75
663015,1,1352,3000.0,0.0
663015,2,123,0.0,87.38
663015,3,116,0.0,2912.62
793017,2,113,1329.0,0.0
813020,1,1352,36300.0,0.0
813020,2,122,0.0,1057.28
833018,5,115,0.0,34032.04
833018,6,115,0.0,19504.85
833018,7,115,0.0,14727.18
843017,1,1352,8000.0,0.0
843017,2,111,5000.0,0.0
843017,3,150,0.0,0.5
843017,4,122,0.0,378.62
843017,5,115,0.0,12620.87
843018,1,1352,33000.0,0.0
843018,2,111,500.0,0.0
843018,3,122,0.0,364.08
843018,4,122,0.0,611.66
843018,5,115,0.0,12135.92
843018,6,115,0.0,20388.35
843019,1,1352,75000.0,0.0
843019,2,122,0.0,2184.46
843019,3,115,0.0,72815.53
843020,1,111,69953.0,0.0
843020,2,122,0.0,2037.46
843020,3,115,0.0,67915.53
853020,1,111,38295.0,0.0
853020,2,122,0.0,1115.38
853020,3,115,0.0,37179.61
853021,1,1352,142500.0,0.0
853021,2,113,26.0,0.0
853021,3,150,0.0,0.47
853021,4,122,0.0,3147.6
853021,5,122,0.0,387.38
853021,6,123,0.0,189.32
853021,7,115,0.0,104920.0
853021,8,115,0.0,12912.62
853021,9,116,0.0,6310.68
853021,10,126,0.0,426.92
853021,11,119,0.0,14231.0
853022,1,1352,13000.0,0.0
853022,2,111,240000.0,0.0
853022,3,113,57.0,0.0
853022,4,150,0.0,0.33
853022,5,122,0.0,6003.58
853022,6,115,0.0,200119.09
853022,7,126,0.0,1367.0
853022,8,119,0.0,45567.0
853023,1,1352,7000.0,0.0
853023,2,123,0.0,203.88
853023,3,116,0.0,6796.12
863023,1,1352,22000.0,0.0
863023,2,111,30000.0,0.0
863023,3,122,0.0,1514.56
863023,4,115,0.0,50485.44
863024,1,1352,30000.0,0.0
863024,2,111,51900.0,0.0
863024,3,122,0.0,2385.44
863024,4,115,0.0,79514.56
863025,1,111,16407.0,0.0
863025,2,122,0.0,477.88
863025,3,115,0.0,15929.13
873025,1,111,311000.0,0.0
873025,2,113,147.0,0.0
873025,3,122,0.0,7945.68
873025,4,122,0.0,581.88
873025,5,122,0.0,534.96
873025,6,115,0.0,264856.31
873025,7,115,0.0,19396.12
873025,8,115,0.0,17832.04
883025,1,111,385925.0,0.0
883025,2,122,0.0,11240.54
883025,3,115,0.0,374684.47
893025,1,1352,25000.0,0.0
893025,3,115,0.0,24271.84
903025,1,1352,13000.0,0.0
903025,2,111,1056.0,0.0
903025,3,122,0.0,409.4
903025,4,115,0.0,13646.6
903026,1,1352,3750.0,0.0
903026,2,123,0.0,109.22
903026,3,116,0.0,3640.78
913025,1,111,22669.0,0.0
913025,2,122,0.0,660.26
913025,3,115,0.0,22008.74
913026,1,111,63536.0,0.0
913026,2,122,0.0,278.38
913026,3,122,0.0,1572.18
913026,4,115,0.0,9279.61
913026,5,115,0.0,52405.83
913027,1,1352,20000.0,0.0
913027,2,111,46486.0,0.0
913027,3,122,0.0,1936.48
913027,4,115,0.0,64549.51
913028,1,1352,4000.0,0.0
913028,2,111,3000.0,0.0
913028,3,113,70.0,0.0
913028,4,123,0.0,138.64
913028,5,123,0.0,67.28
913028,6,116,0.0,4621.36
913028,7,116,0.0,2242.72
913029,1,1352,5200.0,0.0
913029,2,123,0.0,81.56
913029,3,123,0.0,69.9
913029,4,116,0.0,2718.45
913029,5,116,0.0,2330.1
923025,1,1352,5200.0,0.0
923025,2,123,0.0,151.46
923025,3,116,0.0,5048.54
923026,1,1352,2000.0,0.0
923026,2,123,0.0,58.26
923026,3,116,0.0,1941.75
923027,1,1352,13900.0,0.0
923027,2,150,0.0,-0.22
923027,3,122,0.0,349.52
923027,4,123,0.0,55.34
923027,5,115,0.0,11650.7
923027,6,116,0.0,1844.66
923028,1,1352,140000.0,0.0
923028,2,122,0.0,4077.66
923028,3,115,0.0,135922.33
923029,1,1352,116500.0,0.0
262985,3,115,0.0,21747.57
262986,1,111,14400.0,0.0
262986,2,122,0.0,419.42
262986,3,115,0.0,13980.58
893025,2,122,0.0,728.16
923029,2,111,49500.0,0.0
923029,3,122,0.0,4834.96
923029,4,115,0.0,161165.05
923030,1,111,3200.0,0.0
923030,2,123,0.0,93.2
923030,3,116,0.0,3106.8
923031,1,1352,41000.0,0.0
923031,2,111,40703.0,0.0
923031,3,122,0.0,2073.88
923031,4,122,0.0,305.82
923031,5,115,0.0,69129.13
923031,6,115,0.0,10194.17
923032,1,1352,6300.0,0.0
923032,2,123,0.0,183.5
923032,3,116,0.0,6116.5
923033,1,1352,184000.0,0.0
923033,2,111,4000.0,0.0
923033,3,150,0.0,0.33
923033,4,122,0.0,3597.1
923033,5,122,0.0,1296.1
923033,6,123,0.0,582.52
923033,7,115,0.0,119903.04
923033,8,115,0.0,43203.43
923033,9,116,0.0,19417.48
923034,1,1352,250800.0,0.0
923034,2,150,0.0,-0.01
923034,3,122,0.0,7304.86
923034,4,115,0.0,243495.15
933034,1,1352,6000.0,0.0
933034,2,111,5200.0,0.0
933034,3,123,0.0,326.22
933034,4,116,0.0,10873.79
933035,1,1352,23200.0,0.0
933035,2,122,0.0,646.6
933035,3,123,0.0,29.12
933035,4,115,0.0,21553.4
933035,5,116,0.0,970.87
933036,1,1352,11000.0,0.0
933036,2,122,0.0,320.38
933036,3,115,0.0,10679.61
933037,1,111,156850.0,0.0
933037,2,113,19.0,0.0
933037,3,122,0.0,4569.0
933037,4,115,0.0,152300.0
933038,1,111,156850.0,0.0
933038,2,113,19.0,0.0
933038,3,122,0.0,4569.0
933038,4,115,0.0,152300.0
933039,1,111,603140.0,0.0
933039,2,113,722.0,0.0
933039,3,122,0.0,9261.78
933039,4,122,0.0,4132.26
933039,5,122,0.0,4077.66
933039,6,123,0.0,116.5
933039,7,115,0.0,308726.21
933039,8,115,0.0,137741.75
933039,9,115,0.0,135922.33
933039,10,116,0.0,3883.5
953040,1,1352,57000.0,0.0
943039,1,1352,91000.0,0.0
943039,2,111,139000.0,0.0
943039,3,122,0.0,699.02
943039,4,122,0.0,3058.26
943039,5,122,0.0,1601.94
943039,6,122,0.0,466.02
943039,7,122,0.0,873.78
943039,8,115,0.0,23300.97
943039,9,115,0.0,101941.75
943039,10,115,0.0,53398.06
943039,11,115,0.0,15533.98
943039,12,115,0.0,29126.21
943040,1,111,20000.0,0.0
943040,2,122,0.0,582.52
943040,3,115,0.0,19417.48
953039,1,1352,66500.0,0.0
953039,2,122,0.0,1936.9
953039,3,115,0.0,64563.11
953040,2,113,130.0,0.0
953040,3,122,0.0,904.58
953040,4,122,0.0,759.4
953040,5,115,0.0,30152.43
953040,6,115,0.0,25313.59
1003105,1,1352,14700.0,0.0
1003105,2,122,0.0,428.16
1003105,3,115,0.0,14271.84
1003106,1,1352,35480.0,0.0
1003106,2,150,0.0,-0.41
1003106,3,126,0.0,1033.4
1003106,4,119,0.0,34447.0
1003107,1,111,51560.0,0.0
963042,1,111,118128.0,0.0
963042,2,150,0.0,0.24
963042,3,122,0.0,810.3
963042,4,122,0.0,1630.02
963042,5,122,0.0,505.54
963042,6,115,0.0,27009.71
963042,7,115,0.0,54333.98
963042,8,115,0.0,16851.46
963042,9,126,0.0,494.76
963042,10,119,0.0,16492.0
963046,1,111,65000.0,0.0
963046,2,150,0.0,-0.28
963046,3,122,0.0,463.1
963046,4,122,0.0,448.54
963046,5,122,0.0,445.64
963046,6,122,0.0,535.94
963046,7,115,0.0,15436.82
963046,8,115,0.0,14951.15
963046,9,115,0.0,14854.59
963046,10,115,0.0,17864.51
963047,1,1352,24000.0,0.0
963047,2,150,0.0,0.01
963047,3,122,0.0,699.02
963048,1,111,39800.0,0.0
963048,2,113,44.0,0.0
963048,3,150,0.0,-0.01
963048,4,122,0.0,1160.5
963048,5,115,0.0,38683.5
963049,1,1352,100000.0,0.0
963049,2,111,111500.0,0.0
963049,3,150,0.0,-0.01
963049,4,122,0.0,3270.88
963049,5,122,0.0,2423.3
963049,6,122,0.0,466.02
963049,7,115,0.0,109029.13
963049,8,115,0.0,80776.7
963050,1,111,23047.0,0.0
963050,2,122,0.0,671.28
963050,3,115,0.0,22375.73
963051,1,1352,12350.0,0.0
963051,2,111,10000.0,0.0
963051,3,123,0.0,650.98
963052,1,111,1000.0,0.0
963052,2,123,0.0,29.12
963052,3,116,0.0,970.87
963053,1,111,2000.0,0.0
963053,2,123,0.0,58.26
963053,3,116,0.0,1941.75
963054,1,111,1100.0,0.0
963054,2,123,0.0,32.04
963054,3,116,0.0,1067.96
963055,1,111,2000.0,0.0
963055,2,123,0.0,58.26
963055,3,116,0.0,1941.75
973046,1,1352,28300.0,0.0
973046,2,122,0.0,728.16
973046,3,123,0.0,96.12
973046,4,115,0.0,24271.84
973046,5,116,0.0,3203.88
973047,1,1352,2250.0,0.0
973047,2,123,0.0,65.54
973047,3,116,0.0,2184.47
983047,1,1352,40000.0,0.0
983047,2,113,79.0,0.0
983047,3,150,0.0,-0.36
983047,4,122,0.0,1167.36
983047,5,115,0.0,38912.0
983048,1,1352,297000.0,0.0
983048,2,122,0.0,8650.48
983048,3,115,0.0,288349.51
983049,1,1352,850.0,0.0
983049,2,123,0.0,24.76
983049,3,116,0.0,825.24
983050,1,111,1200.0,0.0
983050,2,123,0.0,34.96
983050,3,116,0.0,1165.05
983051,1,111,1200.0,0.0
983051,2,123,0.0,34.96
983051,3,116,0.0,1165.05
983052,1,1352,1200.0,0.0
983052,2,123,0.0,34.96
983052,3,116,0.0,1165.05
983053,1,1352,2100.0,0.0
983053,2,150,0.0,0.01
272993,1,1352,17300.0,0.0
272993,2,122,0.0,503.88
272993,3,115,0.0,16796.12
313006,1,1352,18900.0,0.0
313006,2,122,0.0,550.48
313006,3,115,0.0,18349.51
313007,1,111,29000.0,0.0
313007,2,122,0.0,553.4
313007,3,122,0.0,203.88
313007,4,123,0.0,87.38
313007,5,115,0.0,18446.6
313007,6,115,0.0,6796.12
313007,7,116,0.0,2912.62
313008,1,1352,12500.0,0.0
313008,2,111,8000.0,0.0
313008,3,122,0.0,597.08
313008,4,115,0.0,19902.91
983053,3,123,0.0,61.16
983053,4,116,0.0,2038.83
983054,1,1352,9500.0,0.0
983054,2,123,0.0,276.7
533011,1,1352,10600.0,0.0
533011,2,122,0.0,308.74
533011,3,115,0.0,10291.26
533012,1,1352,8000.0,0.0
533012,2,111,40500.0,0.0
533012,3,122,0.0,1412.62
533012,4,115,0.0,47087.38
533013,1,1352,4600.0,0.0
533013,2,113,1.0,0.0
533013,3,150,0.0,0.48
533013,4,122,0.0,134.0
533013,5,115,0.0,4466.52
533014,1,1352,3800.0,0.0
533014,2,122,0.0,110.68
533014,3,115,0.0,3689.32
533015,1,1352,3400.0,0.0
533015,2,123,0.0,99.02
533015,3,116,0.0,3300.97
533016,1,1352,2000.0,0.0
533016,2,122,0.0,58.26
533016,3,115,0.0,1941.75
533017,1,1352,4500.0,0.0
533017,2,122,0.0,131.06
533017,3,115,0.0,4368.93
983054,3,116,0.0,9223.3
983055,1,1352,2000.0,0.0
983055,2,123,0.0,58.26
983055,3,116,0.0,1941.75
983056,1,1352,3600.0,0.0
983056,2,150,0.0,0.01
983056,3,123,0.0,43.68
983056,4,123,0.0,61.16
983056,5,116,0.0,1456.31
983056,6,116,0.0,2038.83
983057,1,1352,800.0,0.0
983057,2,123,0.0,23.3
983057,3,116,0.0,776.7
983058,1,1352,1000.0,0.0
983058,2,123,0.0,29.12
983058,3,116,0.0,970.87
983059,1,1352,2000.0,0.0
983059,2,123,0.0,58.26
983059,3,116,0.0,1941.75
983060,1,1352,15000.0,0.0
983060,2,111,10900.0,0.0
983060,3,123,0.0,535.92
983060,4,122,0.0,218.44
983060,5,116,0.0,17864.08
983060,6,115,0.0,7281.55
983061,1,1352,2700.0,0.0
983061,2,123,0.0,78.64
983061,3,116,0.0,2621.36
983062,1,111,1200.0,0.0
983062,2,123,0.0,34.96
983062,3,116,0.0,1165.05
983063,1,111,1900.0,0.0
983063,2,123,0.0,55.34
983063,3,116,0.0,1844.66
983064,1,111,2220.0,0.0
983064,2,123,0.0,64.66
983064,3,116,0.0,2155.34
983065,1,1352,44500.0,0.0
983065,2,122,0.0,1296.12
983065,3,115,0.0,43203.88
963051,4,116,0.0,21699.03
983066,1,111,67000.0,0.0
983066,2,122,0.0,1951.46
983066,3,115,0.0,65048.54
983067,1,1352,53000.0,0.0
983067,2,122,0.0,1543.68
983067,3,115,0.0,51456.31
983068,1,1352,22800.0,0.0
983068,2,113,1036.26,0.0
983068,3,126,0.0,694.26
983068,4,119,0.0,23142.0
983069,1,111,41000.0,0.0
983069,2,122,0.0,1194.18
983069,3,115,0.0,39805.83
983070,1,1352,215000.0,0.0
983070,2,111,72001.0,0.0
983070,3,150,0.0,0.34
983070,4,122,0.0,6902.92
983070,5,122,0.0,1456.32
983070,6,115,0.0,230097.26
983070,7,115,0.0,48544.16
963047,4,115,0.0,23300.97
993068,1,1352,30000.0,0.0
993068,2,113,1919.0,0.0
993068,3,150,0.0,0.33
993068,4,126,0.0,263.34
993068,5,126,0.0,311.22
993068,6,126,0.0,355.12
993068,7,119,0.0,8778.0
993068,8,119,0.0,10374.0
993068,9,119,0.0,11837.0
993069,1,1352,85500.0,0.0
993069,2,150,0.0,-0.01
993069,3,122,0.0,2338.84
993069,4,123,0.0,151.46
993069,5,115,0.0,77961.17
993069,6,116,0.0,5048.54
993070,1,1352,11000.0,0.0
993070,2,122,0.0,320.38
993070,3,115,0.0,10679.61
993071,1,1352,135000.0,0.0
993071,2,122,0.0,3932.04
993071,3,115,0.0,131067.96
993072,1,111,30000.0,0.0
993072,2,2355,0.0,30000.0
993073,1,111,30000.0,0.0
993073,2,2356,0.0,30000.0
993074,1,111,30000.0,0.0
993074,2,2358,0.0,30000.0
993075,1,1352,74000.0,0.0
993075,2,111,18000.0,0.0
993075,3,2358,30000.0,0.0
993075,4,122,0.0,1507.28
993075,5,122,0.0,1856.8
993075,6,122,0.0,189.32
993075,7,115,0.0,50242.72
993075,8,115,0.0,61893.2
993075,9,115,0.0,6310.68
993076,1,111,190573.0,0.0
993076,2,150,0.0,0.02
993076,3,122,0.0,4510.16
993076,4,122,0.0,897.78
993076,5,123,0.0,142.72
993076,6,115,0.0,150338.83
993076,7,115,0.0,29926.21
993076,8,116,0.0,4757.28
993077,1,1352,26500.0,0.0
993077,2,150,0.0,-0.23
993077,3,122,0.0,771.86
993078,1,1352,9500.0,0.0
993078,2,123,0.0,276.7
993078,3,116,0.0,9223.3
993079,1,1352,19850.0,0.0
993079,2,123,0.0,349.52
993079,3,123,0.0,85.34
993079,4,123,0.0,70.48
993079,5,123,0.0,72.82
993079,6,116,0.0,11650.49
993079,7,116,0.0,2844.66
993079,8,116,0.0,2349.51
993079,9,116,0.0,2427.18
993080,1,1352,3000.0,0.0
993080,2,111,40000.0,0.0
993080,3,122,0.0,582.52
993080,4,122,0.0,669.9
993080,5,115,0.0,19417.48
993080,6,115,0.0,22330.1
993081,1,111,39300.0,0.0
993081,2,122,0.0,1144.66
993081,3,115,0.0,38155.34
993077,4,115,0.0,25728.38
993082,1,111,23500.0,0.0
993082,2,122,0.0,684.46
993082,3,115,0.0,22815.53
453012,1,1352,2900.0,0.0
453012,2,150,0.0,0.01
453012,3,123,0.0,84.46
453012,4,116,0.0,2815.53
963043,1,1352,98000.0,0.0
963043,2,113,360.0,0.0
963043,3,150,0.0,-0.01
963043,4,122,0.0,2180.04
963043,5,122,0.0,568.32
963043,6,123,0.0,116.5
963043,7,115,0.0,72667.96
963043,8,115,0.0,18943.69
963043,9,116,0.0,3883.5
963044,1,1352,11400.0,0.0
963044,2,122,0.0,332.04
963044,3,115,0.0,11067.96
963045,1,1352,10000.0,0.0
963045,2,111,53000.0,0.0
963045,3,150,0.0,-0.01
963045,4,122,0.0,1834.96
993083,1,111,30000.0,0.0
993083,2,2359,0.0,30000.0
993084,1,1352,380000.0,0.0
993084,2,113,285.0,0.0
993084,3,2359,30000.0,0.0
993084,4,122,0.0,5921.48
993084,5,122,0.0,6028.58
993084,6,115,0.0,197382.52
993084,7,115,0.0,200952.43
993085,1,111,98500.0,0.0
993085,2,122,0.0,2557.28
993085,3,122,0.0,311.66
993085,4,115,0.0,85242.72
993085,5,115,0.0,10388.35
993086,1,111,7500.0,0.0
993086,2,2360,0.0,7500.0
993087,1,1352,10500.0,0.0
993087,2,2360,7500.0,0.0
993087,3,122,0.0,524.28
993087,4,115,0.0,17475.73
993088,1,111,26500.0,0.0
993088,2,122,0.0,1543.68
993088,3,122,0.0,-771.84
993088,4,115,0.0,51456.31
993088,5,115,0.0,-25728.16
963040,1,111,219800.0,0.0
993089,1,1352,11000.0,0.0
993089,2,113,644.0,0.0
993089,3,150,0.0,-0.15
993089,4,126,0.0,339.16
993089,5,119,0.0,11305.0
993090,1,1352,38000.0,0.0
993090,2,113,1316.0,0.0
993090,3,150,0.0,-0.13
993090,4,126,0.0,578.56
993090,5,126,0.0,566.58
993090,6,119,0.0,19285.0
993090,7,119,0.0,18886.0
993091,1,111,179500.0,0.0
993091,2,122,0.0,5228.16
993091,3,115,0.0,174271.84
993092,1,111,107650.0,0.0
993092,2,122,0.0,1721.36
993092,3,122,0.0,1414.08
993092,4,115,0.0,57378.64
993092,5,115,0.0,47135.92
993093,1,1352,120000.0,0.0
993093,2,150,0.0,0.41
993093,3,122,0.0,1864.06
993093,4,122,0.0,1631.06
993093,5,115,0.0,62135.52
993093,6,115,0.0,54368.93
993094,1,111,2200.0,0.0
993094,2,2361,0.0,2200.0
993095,1,1352,3700.0,0.0
993095,2,2361,2200.0,0.0
993095,3,123,0.0,171.84
993095,4,116,0.0,5728.16
993096,1,1352,32000.0,0.0
993096,2,111,11000.0,0.0
993096,3,150,0.0,0.01
993096,4,122,0.0,1252.42
993096,5,115,0.0,41747.57
993097,1,111,399000.0,0.0
993097,2,122,0.0,11621.36
993097,3,115,0.0,387378.64
993098,1,111,22200.0,0.0
993098,2,122,0.0,646.6
993098,3,115,0.0,21553.4
993099,1,1352,34800.0,0.0
993099,2,122,0.0,1013.6
993099,3,115,0.0,33786.41
993100,1,1352,2100.0,0.0
993100,2,111,20500.0,0.0
993100,3,122,0.0,658.26
993100,4,115,0.0,21941.75
1003098,1,1352,25700.0,0.0
1003098,2,122,0.0,748.54
1003098,3,115,0.0,24951.46
1003099,1,1352,27250.0,0.0
1003099,2,122,0.0,793.68
1003099,3,115,0.0,26456.31
1003100,1,111,13000.0,0.0
1003100,2,113,562.0,0.0
1003100,3,150,0.0,-0.01
1003100,4,126,0.0,395.0
1003100,5,119,0.0,13167.0
1003101,1,111,552000.0,0.0
1003101,2,2363,0.0,552000.0
1003102,1,1352,116000.0,0.0
1003102,2,2363,552000.0,0.0
1003102,3,122,0.0,5694.18
1003102,4,122,0.0,13762.14
1003102,5,115,0.0,189805.83
1003102,6,115,0.0,458737.86
1003103,1,1352,15500.0,0.0
1003103,2,111,22400.0,0.0
1003103,3,122,0.0,1103.88
1003103,4,115,0.0,36796.12
963041,1,111,120800.0,0.0
963041,2,150,0.0,0.15
963041,3,122,0.0,3518.44
963041,4,115,0.0,117281.41
963040,2,150,0.0,0.27
963040,3,122,0.0,3745.64
963040,4,122,0.0,2656.3
963040,5,115,0.0,124854.46
963040,6,115,0.0,88543.34
1003104,1,111,82000.0,0.0
1003104,2,122,0.0,2388.34
1003104,3,115,0.0,79611.65
1003107,2,122,0.0,865.04
1003107,4,115,0.0,28834.95
1003107,5,115,0.0,21223.3
1003108,1,111,128440.0,0.0
1003108,2,122,0.0,3089.24
1003108,3,122,0.0,651.72
1003108,4,115,0.0,102974.76
1003108,5,115,0.0,21724.27
1003109,1,111,149309.0,0.0
1003109,2,122,0.0,614.56
1003109,3,122,0.0,3734.24
1003109,4,115,0.0,20485.44
1003109,5,115,0.0,124474.76
1003110,1,111,140619.0,0.0
1003110,2,122,0.0,441.72
1003110,3,122,0.0,1349.12
1003110,4,122,0.0,771.84
1003110,5,122,0.0,1533.0
1003110,6,115,0.0,14724.27
1003110,7,115,0.0,44970.87
1003110,8,115,0.0,25728.16
1003110,9,115,0.0,51100.0
963049,9,115,0.0,15533.98
1003111,1,1352,800.0,0.0
1003111,2,123,0.0,23.3
1003111,3,116,0.0,776.7
1003112,1,1352,10000.0,0.0
1003112,2,123,0.0,291.26
1003112,3,116,0.0,9708.74
1003113,1,1352,2650.0,0.0
1003113,2,123,0.0,77.18
1003113,3,116,0.0,2572.82
1003114,1,1352,1100.0,0.0
1003114,2,123,0.0,32.04
1003114,3,116,0.0,1067.96
1003115,1,1352,42700.0,0.0
1003115,2,122,0.0,1243.68
1003115,3,115,0.0,41456.31
1003116,1,1352,55800.0,0.0
1003116,2,122,0.0,1625.24
1003116,3,115,0.0,54174.76
1003117,1,1352,20000.0,0.0
1003117,2,122,0.0,582.52
1003117,3,115,0.0,19417.48
1003118,1,1352,15700.0,0.0
1003118,2,122,0.0,390.3
1003118,3,122,0.0,67.0
1003118,4,115,0.0,13009.71
553012,3,122,0.0,486.82
553012,4,122,0.0,498.94
553012,5,115,0.0,16227.18
553012,6,115,0.0,16631.07
1003107,3,122,0.0,636.7
1003118,5,115,0.0,2233.01
1003119,1,1352,15200.0,0.0
1003119,2,122,0.0,442.72
1003119,3,115,0.0,14757.28
1003120,1,1352,25300.0,0.0
1003120,2,150,0.0,-0.29
1003120,3,122,0.0,736.9
1003120,4,115,0.0,24563.39
1003121,1,1352,2800.0,0.0
1003121,2,123,0.0,81.56
1003121,3,116,0.0,2718.45
1003122,1,1352,42000.0,0.0
1003122,2,150,0.0,0.12
1003122,3,122,0.0,333.84
1003122,4,122,0.0,889.46
1003122,5,115,0.0,11128.16
1003122,6,115,0.0,29648.43
1003123,1,1352,1600.0,0.0
1003123,2,123,0.0,46.6
1003123,3,116,0.0,1553.4
1003124,1,111,108000.0,0.0
1003124,2,122,0.0,3145.64
1003124,3,115,0.0,104854.37
1003125,1,111,41000.0,0.0
1003125,2,122,0.0,1194.18
1003125,3,115,0.0,39805.83
1003126,1,1352,35500.0,0.0
1003126,2,122,0.0,1033.98
1003126,3,115,0.0,34466.02
1003127,1,1352,108000.0,0.0
1003127,2,122,0.0,3145.64
1003127,3,115,0.0,104854.37
1003128,1,111,53000.0,0.0
1003128,2,122,0.0,1543.68
1003128,3,115,0.0,51456.31
1003129,1,1352,6000.0,0.0
1003129,2,111,20000.0,0.0
1003129,3,122,0.0,757.28
1003129,4,115,0.0,25242.72
1003130,1,1352,5000.0,0.0
1003130,2,111,41200.0,0.0
1003130,3,122,0.0,1345.64
1003130,4,115,0.0,44854.37
1003131,1,1352,190000.0,0.0
1003131,2,111,20000.0,0.0
1003131,3,150,0.0,-0.01
1003131,4,122,0.0,6116.5
1003131,5,115,0.0,203883.5
1003132,1,1352,40000.0,0.0
1003132,2,111,100000.0,0.0
1003132,3,113,31.0,0.0
1003132,4,150,0.0,0.08
1003132,5,122,0.0,1090.2
1003132,6,122,0.0,419.44
1003132,7,122,0.0,1706.8
1003132,8,122,0.0,862.14
1003132,9,115,0.0,36340.09
1003132,10,115,0.0,13981.08
1003132,11,115,0.0,56893.11
1003132,12,115,0.0,28738.08
1003133,1,1352,15000.0,0.0
1003133,2,123,0.0,436.9
1003133,3,116,0.0,14563.11
1003134,1,1352,18800.0,0.0
1003134,2,111,80000.0,0.0
1003134,3,122,0.0,2877.66
1003134,4,115,0.0,95922.33
1003135,1,1352,23500.0,0.0
1003135,2,111,70000.0,0.0
1003135,3,113,20.0,0.0
1003135,4,122,0.0,897.08
1003135,5,122,0.0,782.62
1003135,6,122,0.0,825.72
1003135,7,122,0.0,218.44
1003135,8,115,0.0,29902.91
1003135,9,115,0.0,26087.38
1003135,10,115,0.0,27524.27
1003135,11,115,0.0,7281.55
1003136,1,1352,56600.0,0.0
1003136,2,111,1300.0,0.0
1003136,3,150,0.0,0.01
1003136,4,122,0.0,961.16
1003136,5,122,0.0,725.24
1003136,6,115,0.0,32038.83
1003136,7,115,0.0,24174.76
1003137,1,111,9000.0,0.0
1003137,2,122,0.0,262.14
1003137,3,115,0.0,8737.86
1003138,1,1352,12500.0,0.0
1003138,2,150,0.0,0.31
1003138,3,122,0.0,364.06
1003138,4,115,0.0,12135.62
1003139,1,1352,46000.0,0.0
1003139,2,122,0.0,1339.8
1003139,3,115,0.0,44660.19
1003140,1,1352,48905.0,0.0
1003140,2,150,0.0,-0.43
1003140,3,126,0.0,458.84
1003140,4,126,0.0,965.58
1003140,5,119,0.0,15295.0
1003140,6,119,0.0,32186.0
1003141,1,111,301230.0,0.0
1003141,2,122,0.0,5033.88
1003141,3,122,0.0,3739.8
1003141,4,115,0.0,167796.12
1003141,5,115,0.0,124660.19
1003142,1,1352,37050.0,0.0
1003142,2,122,0.0,1079.12
1003142,3,115,0.0,35970.87
1003143,1,1352,15000.0,0.0
1003143,2,111,17500.0,0.0
1003143,3,123,0.0,946.6
1003143,4,116,0.0,31553.4
1003144,1,111,75000.0,0.0
1003144,2,122,0.0,2184.46
1003144,3,115,0.0,72815.53
1003145,1,1352,17000.0,0.0
1003145,2,122,0.0,495.14
1003145,3,115,0.0,16504.85
1013145,1,111,34700.0,0.0
1013145,2,122,0.0,1010.68
1013145,3,115,0.0,33689.32
1013146,1,111,76000.0,0.0
1013146,2,113,160.0,0.0
1013146,3,122,0.0,802.14
1013146,4,122,0.0,1416.12
1013146,5,115,0.0,26737.86
1013146,6,115,0.0,47203.88
1013147,1,1352,9500.0,0.0
1013147,2,122,0.0,276.7
1013147,3,115,0.0,9223.3
1013148,1,111,135000.0,0.0
1013148,2,122,0.0,3932.04
1013148,3,115,0.0,131067.96
1013149,1,1352,17000.0,0.0
1013149,2,113,398.0,0.0
1013149,3,150,0.0,0.27
1013149,4,126,0.0,506.72
1013149,5,119,0.0,16891.0
1013150,1,1352,29000.0,0.0
1013150,2,113,1275.0,0.0
1013150,3,150,0.0,0.21
1013150,4,126,0.0,303.24
1013150,5,126,0.0,578.56
1013150,6,119,0.0,10108.0
1013150,7,119,0.0,19285.0
1013151,1,1352,1950.0,0.0
1013151,2,123,0.0,56.8
1013151,3,116,0.0,1893.2
1013152,1,111,1200.0,0.0
1013152,2,123,0.0,34.96
1013152,3,116,0.0,1165.05
1013153,1,111,347500.0,0.0
1013153,2,122,0.0,10121.36
1013153,3,115,0.0,337378.64
1023153,1,1352,31000.0,0.0
1023153,2,122,0.0,902.92
1023153,3,115,0.0,30097.09
1023154,1,111,155000.0,0.0
1023154,2,122,0.0,4514.56
1023154,3,115,0.0,150485.44
1023155,1,111,31500.0,0.0
1023155,2,122,0.0,917.48
1023155,3,115,0.0,30582.52
1023156,1,1352,8000.0,0.0
1023156,2,123,0.0,233.0
1023156,3,116,0.0,7766.99
1023157,1,111,27000.0,0.0
1023157,2,122,0.0,786.4
1023157,3,115,0.0,26213.59
1033157,1,111,43660.0,0.0
1033157,2,122,0.0,1271.66
1033157,3,115,0.0,42388.35
1033159,1,1352,93700.0,0.0
793017,3,150,0.0,-0.26
793017,4,126,0.0,1087.26
793017,5,119,0.0,36242.0
1033158,1,1352,15000.0,0.0
1033158,2,122,0.0,436.9
1033158,3,115,0.0,14563.11
1033159,2,111,84000.0,0.0
1033159,3,150,0.0,-0.35
1033159,4,122,0.0,5175.74
1033159,5,115,0.0,172524.61
1033160,1,1352,5250.0,0.0
1033160,2,123,0.0,152.92
1033160,3,116,0.0,5097.09
1033161,1,1352,92000.0,0.0
1033161,2,113,1500.0,0.0
1033161,3,122,0.0,2723.3
1033161,4,115,0.0,90776.7
1033162,1,1352,31000.0,0.0
1033162,2,111,66500.0,0.0
1033162,3,122,0.0,2839.8
1033162,4,115,0.0,94660.19
1033163,1,1352,56000.0,0.0
1033163,2,111,42900.0,0.0
1033163,3,122,0.0,2880.58
1033163,4,115,0.0,96019.42
1033164,1,1352,39000.0,0.0
1033164,2,113,800.0,0.0
1033164,3,122,0.0,1159.22
1033164,4,115,0.0,38640.78
1033165,1,1352,5000.0,0.0
1033165,2,123,0.0,145.64
1033165,3,116,0.0,4854.37
1043164,1,1352,83500.0,0.0
1043164,2,107,300000.0,0.0
1043164,3,113,53.0,0.0
1043164,4,150,0.0,-0.46
1043164,5,122,0.0,5489.36
1043164,6,122,0.0,5682.08
1043164,7,115,0.0,182979.0
1043164,8,115,0.0,189403.0
1043165,1,1352,16000.0,0.0
1043165,2,111,47000.0,0.0
1043165,3,122,0.0,1834.96
1043165,4,115,0.0,61165.05
1043166,1,111,43000.0,0.0
1043166,2,122,0.0,1252.42
1043166,3,115,0.0,41747.57
1043167,1,1352,12500.0,0.0
1043167,2,123,0.0,364.08
1043167,3,116,0.0,12135.92
1043168,1,1352,268300.0,0.0
1043168,2,122,0.0,7814.56
1043168,3,115,0.0,260485.44
1043169,1,1352,54000.0,0.0
1043169,2,122,0.0,1572.82
1043169,3,115,0.0,52427.18
1043170,1,1352,38000.0,0.0
1043170,2,113,12.0,0.0
1043170,3,150,0.0,-0.15
1043170,4,126,0.0,1107.16
1043170,5,119,0.0,36905.0
1043171,1,1352,350000.0,0.0
1043171,2,122,0.0,10194.18
1043171,3,115,0.0,339805.83
1043172,1,111,26000.0,0.0
1043172,2,122,0.0,757.28
1043172,3,115,0.0,25242.72
1043173,1,1352,3000.0,0.0
1043173,2,123,0.0,87.38
1043173,3,116,0.0,2912.62
1043174,1,1352,25000.0,0.0
1043174,2,111,9500.0,0.0
1043174,3,150,0.0,-0.43
1043174,4,122,0.0,546.12
1043174,5,122,0.0,458.74
1043174,6,115,0.0,18204.28
1043174,7,115,0.0,15291.28
1043175,1,1352,8200.0,0.0
1043175,2,150,0.0,-0.01
1043175,3,122,0.0,238.84
1043175,4,115,0.0,7961.17
1043176,1,1352,53500.0,0.0
1043176,2,111,50000.0,0.0
1043176,3,122,0.0,3014.56
1043176,4,115,0.0,100485.44
1043177,1,1352,179000.0,0.0
1043177,2,111,45000.0,0.0
1043177,3,122,0.0,5679.62
1043177,4,122,0.0,844.66
1043177,5,115,0.0,189320.39
1043177,6,115,0.0,28155.34
1043178,1,111,388000.0,0.0
1043178,2,122,0.0,11300.98
1043178,3,115,0.0,376699.03
1043179,1,1352,33000.0,0.0
1043179,2,107,300000.0,0.0
1043179,3,122,0.0,9699.02
1043179,4,115,0.0,323300.97
1043180,1,111,1082375.0,0.0
1043180,2,122,0.0,19734.84
1043180,3,122,0.0,6199.1
1043180,4,122,0.0,5591.54
1043180,5,115,0.0,657828.16
1043180,6,115,0.0,206636.89
1043180,7,115,0.0,186384.47
1043181,1,1352,11000.0,0.0
1043181,2,123,0.0,267.96
1043181,3,123,0.0,52.42
1043181,4,116,0.0,8932.04
1043181,5,116,0.0,1747.57
1043182,1,1352,15500.0,0.0
1043182,2,111,10000.0,0.0
1043182,3,150,0.0,-0.25
1043182,4,122,0.0,422.34
1043182,5,122,0.0,320.4
1043182,6,115,0.0,14077.82
1043182,7,115,0.0,10679.71
1043183,1,111,87200.0,0.0
1043183,2,122,0.0,1555.34
1043183,3,122,0.0,984.46
1043183,4,115,0.0,51844.66
1043183,5,115,0.0,32815.53
1043184,1,111,96237.0,0.0
1043184,2,122,0.0,2325.34
1043184,3,122,0.0,477.66
1043184,4,115,0.0,77511.65
1043184,5,115,0.0,15922.33
1043185,1,111,16200.0,0.0
1043185,2,122,0.0,471.84
1043185,3,115,0.0,15728.16
1043186,1,111,30600.0,0.0
1043186,2,122,0.0,891.26
1043186,3,115,0.0,29708.74
1043187,1,1352,18000.0,0.0
1043187,2,111,32700.0,0.0
1043187,3,122,0.0,1476.7
1043187,4,115,0.0,49223.3
1043188,1,111,6800.0,0.0
1043188,2,123,0.0,198.06
1043188,3,116,0.0,6601.94
1043189,1,1352,6100.0,0.0
1043189,2,111,11400.0,0.0
1043189,3,122,0.0,509.7
1043189,4,115,0.0,16990.29
1053189,1,2364,1983500.0,0.0
1053189,2,122,0.0,45145.64
1053189,3,122,0.0,4427.18
1053189,4,122,0.0,3946.6
1053189,5,122,0.0,4252.42
1053189,6,115,0.0,1504854.37
1053189,7,115,0.0,147572.82
1053189,8,115,0.0,131553.4
1053189,9,115,0.0,141747.57
1053190,1,1352,94500.0,0.0
1053190,2,122,0.0,2752.42
1053190,3,115,0.0,91747.57
1063189,1,1352,4000.0,0.0
1063189,2,111,300000.0,0.0
1063189,3,150,0.0,-0.22
1063189,4,122,0.0,3176.8
1063189,5,122,0.0,5244.76
1063189,6,123,0.0,251.36
1063189,7,123,0.0,181.46
1063189,8,115,0.0,105893.51
1063189,9,115,0.0,174825.15
1063189,10,116,0.0,8378.64
1063189,11,116,0.0,6048.54
1063190,1,1352,17500.0,0.0
1063190,2,111,14500.0,0.0
1063190,3,122,0.0,932.04
1063190,4,115,0.0,31067.96
1063191,1,1352,1200.0,0.0
1063191,2,123,0.0,34.96
1063191,3,116,0.0,1165.05
1063192,1,1352,10550.0,0.0
1063192,2,122,0.0,227.18
1063192,3,123,0.0,80.1
1063192,4,115,0.0,7572.82
1063192,5,116,0.0,2669.9
1063193,1,111,130000.0,0.0
1063193,2,150,0.0,0.35
1063193,3,122,0.0,3063.22
1063193,4,115,0.0,102107.25
1063193,5,126,0.0,723.18
1063193,6,119,0.0,24106.0
1063194,1,1352,13000.0,0.0
1063194,2,111,84320.0,0.0
1063194,3,122,0.0,2455.92
1063194,4,123,0.0,378.64
1063194,5,115,0.0,81864.08
1063194,6,116,0.0,12621.36
1063195,1,111,170000.0,0.0
1063195,2,122,0.0,4951.46
1063195,3,115,0.0,165048.54
1063196,1,1352,23000.0,0.0
1063196,2,111,50000.0,0.0
1063196,3,122,0.0,669.9
1063197,1,111,35000.0,0.0
1063197,2,122,0.0,320.38
1063197,3,123,0.0,699.02
1063197,4,115,0.0,10679.61
1063197,5,116,0.0,23300.97
1063198,1,1352,18000.0,0.0
1063198,2,150,0.0,-0.15
1063198,3,122,0.0,256.32
1063198,4,122,0.0,267.96
1063198,5,115,0.0,8543.69
1063198,6,115,0.0,8932.18
1063199,1,111,25000.0,0.0
1063199,2,122,0.0,728.16
1063199,3,115,0.0,24271.84
1063200,1,1352,82500.0,0.0
1063200,2,111,50000.0,0.0
1063200,3,122,0.0,1500.0
1063200,4,122,0.0,2359.22
1063200,5,115,0.0,50000.0
1063200,6,115,0.0,78640.78
1063201,1,1352,99100.0,0.0
1063201,2,122,0.0,1683.5
1063201,3,122,0.0,1202.92
1063201,4,115,0.0,56116.5
1063201,5,115,0.0,40097.09
1063202,1,111,1170000.0,0.0
1063202,2,122,0.0,28834.96
1063202,3,122,0.0,5242.72
1063202,4,115,0.0,961165.05
1063202,5,115,0.0,174757.28
1073202,1,1352,14000.0,0.0
1073202,2,113,210.0,0.0
1073202,3,122,0.0,160.2
1073202,4,122,0.0,132.24
1073202,5,123,0.0,121.46
1073202,6,115,0.0,5339.81
1073202,7,115,0.0,4407.77
1073202,8,116,0.0,4048.54
1063196,4,122,0.0,1456.32
1063196,5,115,0.0,22330.1
1063196,6,115,0.0,48543.69
1073203,1,111,147400.0,0.0
1073203,2,122,0.0,1762.14
1073203,3,122,0.0,2531.06
1073203,4,115,0.0,58737.86
1073203,5,115,0.0,84368.93
1073204,1,111,29500.0,0.0
1073204,2,122,0.0,859.22
1073204,3,115,0.0,28640.78
1073205,1,1352,27400.0,0.0
1073205,2,122,0.0,798.06
1073205,3,115,0.0,26601.94
1073206,1,111,199000.0,0.0
1073206,2,150,0.0,-0.38
1073206,3,122,0.0,5169.92
1073206,4,122,0.0,626.22
1073206,5,115,0.0,172330.47
1073206,6,115,0.0,20873.79
1073207,1,1352,164000.0,0.0
1073207,2,122,0.0,4776.7
1073207,3,115,0.0,159223.3
1073208,1,1352,1500.0,0.0
1073208,2,122,0.0,43.68
1073208,3,115,0.0,1456.31
1073209,1,1352,42800.0,0.0
1073209,2,122,0.0,1246.6
1073209,3,115,0.0,41553.4
1083208,1,1352,25000.0,0.0
1083208,2,111,139000.0,0.0
1083208,3,122,0.0,4048.54
1083208,4,122,0.0,728.16
1083208,5,115,0.0,134951.46
1083208,6,115,0.0,24271.84
1093208,1,1352,800.0,0.0
1093208,2,123,0.0,23.3
1093208,3,116,0.0,776.7
1093209,1,1352,20500.0,0.0
1093209,2,113,753.0,0.0
1093209,3,150,0.0,-0.02
1093209,4,126,0.0,619.02
1093209,5,119,0.0,20634.0
1093210,1,1352,2600.0,0.0
1093210,2,122,0.0,75.72
1093210,3,115,0.0,2524.27
1093211,1,1352,44000.0,0.0
1093211,2,122,0.0,1281.56
1093211,3,115,0.0,42718.45
1093212,1,1352,54720.0,0.0
1093212,2,122,0.0,1593.78
1093212,3,115,0.0,53126.21
1093213,1,1352,5000.0,0.0
1093213,2,111,3500.0,0.0
1093213,3,123,0.0,247.58
1093213,4,116,0.0,8252.43
1093214,1,1352,550.0,0.0
1093214,2,123,0.0,16.02
1093214,3,116,0.0,533.98
1093215,1,1352,850.0,0.0
1093215,2,123,0.0,24.76
1093215,3,116,0.0,825.24
1093216,1,1352,19000.0,0.0
1093216,2,111,22053.0,0.0
1093216,3,122,0.0,1195.72
1093216,4,115,0.0,39857.28
1093217,1,111,59500.0,0.0
1093217,2,122,0.0,1470.88
1093217,3,122,0.0,262.14
1093217,4,115,0.0,49029.13
1093217,5,115,0.0,8737.86
1103217,1,1352,16287.0,0.0
1103217,2,150,0.0,-0.39
1103217,3,126,0.0,474.4
1103217,4,119,0.0,15813.0
1103218,1,1352,33500.0,0.0
1103218,2,122,0.0,975.72
1103218,3,115,0.0,32524.27
1103219,1,111,49000.0,0.0
1103219,2,122,0.0,699.02
1103219,3,122,0.0,728.16
1103219,4,115,0.0,23300.97
1103219,5,115,0.0,24271.84
1103220,1,1352,32000.0,0.0
1103220,2,111,156000.0,0.0
1103220,3,150,0.0,-0.26
1103220,4,122,0.0,4175.26
1103220,5,122,0.0,1300.48
1103220,6,115,0.0,139175.04
1103220,7,115,0.0,43349.49
1103221,1,111,53000.0,0.0
1103221,2,122,0.0,771.84
1103221,3,122,0.0,771.84
1103221,4,115,0.0,25728.16
1103221,5,115,0.0,25728.16
1103222,1,1352,46700.0,0.0
1103222,2,113,1750.0,0.0
1103222,3,122,0.0,1009.22
1103222,4,122,0.0,401.94
1103222,5,115,0.0,33640.78
1103222,6,115,0.0,13398.06
1103223,1,1352,6000.0,0.0
1103223,2,111,28000.0,0.0
1103223,3,122,0.0,990.3
1103223,4,115,0.0,33009.71
1103224,1,111,12900.0,0.0
1103224,2,122,0.0,375.72
1103224,3,115,0.0,12524.27
1103225,1,1352,14200.0,0.0
1103225,2,150,0.0,0.11
1103225,3,122,0.0,413.58
1103226,1,1352,61000.0,0.0
1103226,2,150,0.0,0.35
1103226,3,122,0.0,320.38
1103226,4,122,0.0,334.94
1103226,5,122,0.0,859.22
1103226,6,122,0.0,262.14
1103226,7,115,0.0,10679.57
1103226,8,115,0.0,11164.75
1103226,9,115,0.0,28640.78
1103226,10,115,0.0,8737.86
1103227,1,1352,165000.0,0.0
1103227,2,122,0.0,4805.82
1103227,3,115,0.0,160194.17
963045,5,115,0.0,61165.05
1113226,1,111,32000.0,0.0
1113226,2,122,0.0,932.04
1113226,3,115,0.0,31067.96
1113227,1,1352,13500.0,0.0
1113227,2,122,0.0,393.2
1113227,3,115,0.0,13106.8
1113228,1,1352,7400.0,0.0
1113228,2,111,27600.0,0.0
1113228,3,122,0.0,1019.42
1113228,4,115,0.0,33980.58
1113230,1,1352,36000.0,0.0
1113230,2,122,0.0,1048.54
1113230,3,115,0.0,34951.46
1113231,1,111,60000.0,0.0
1113231,2,122,0.0,1456.32
1113231,3,122,0.0,291.26
1113231,4,115,0.0,48543.69
1113231,5,115,0.0,9708.74
1113232,1,1352,294580.0,0.0
1113232,2,122,0.0,8580.0
1113232,3,115,0.0,286000.0
1113233,1,1352,218590.0,0.0
1113233,2,150,0.0,-0.01
1113233,3,122,0.0,3233.0
1113233,4,122,0.0,1159.22
1113233,5,122,0.0,1019.12
1113233,6,122,0.0,576.7
1113233,7,123,0.0,262.14
1113233,8,123,0.0,116.5
1113233,9,115,0.0,107766.99
1113233,10,115,0.0,38640.78
1113233,11,115,0.0,33970.87
1113233,12,115,0.0,19223.3
1113233,13,116,0.0,8737.86
1113233,14,116,0.0,3883.5
1103225,4,115,0.0,13786.3
1113234,1,1352,8500.0,0.0
1113234,2,113,438.0,0.0
1113234,3,150,0.0,-0.34
1113234,4,126,0.0,260.34
1113234,5,119,0.0,8678.0
1113235,1,111,18500.0,0.0
1113235,2,150,0.0,-0.01
1113235,3,122,0.0,538.84
1113235,4,115,0.0,17961.17
1113236,1,1352,3000.0,0.0
1113236,2,111,200.0,0.0
1113236,3,113,81.0,0.0
1113236,4,150,0.0,0.45
1113236,5,126,0.0,346.88
1113236,6,126,0.0,251.34
1113236,7,119,0.0,11563.0
1113236,8,119,0.0,8378.0
1113237,1,1352,36500.0,0.0
1113237,2,150,0.0,0.01
1113237,3,122,0.0,1063.1
1123237,1,1352,159001.0,0.0
1123237,2,150,0.0,0.43
1123237,3,122,0.0,3757.3
1123237,4,122,0.0,873.8
1123237,5,115,0.0,125243.06
1123237,6,115,0.0,29126.43
1113237,4,115,0.0,35436.89
1123238,1,111,20000.0,0.0
1123238,2,122,0.0,582.52
1123239,1,111,147500.0,0.0
1123239,2,122,0.0,4296.12
1123239,3,115,0.0,143203.88
1123240,1,1352,83000.0,0.0
1123240,2,111,32499.0,0.0
1123240,3,150,0.0,-0.46
1123240,4,122,0.0,830.08
1123240,5,122,0.0,1310.68
1123240,6,122,0.0,524.28
1123240,7,122,0.0,699.02
1123240,8,115,0.0,27669.43
1123240,9,115,0.0,43689.27
1123240,10,115,0.0,17475.73
1123240,11,115,0.0,23300.97
1123241,1,111,48000.0,0.0
1123241,2,122,0.0,1398.06
1123241,3,115,0.0,46601.94
1123242,1,1352,10000.0,0.0
1123242,2,111,63000.0,0.0
1123242,3,122,0.0,2126.22
1123242,4,115,0.0,70873.79
1123243,1,1352,39000.0,0.0
1123243,2,122,0.0,655.34
1123243,3,122,0.0,480.58
1123243,4,115,0.0,21844.66
1123243,5,115,0.0,16019.42
1123244,1,1352,43000.0,0.0
1123244,2,111,31000.0,0.0
1123244,3,122,0.0,2155.34
1123244,4,115,0.0,71844.66
1123245,1,111,193800.0,0.0
1123245,2,122,0.0,5644.66
1123245,3,115,0.0,188155.34
1123246,1,1352,39000.0,0.0
1123246,2,122,0.0,1135.92
1123246,3,115,0.0,37864.08
1133245,1,1352,14000.0,0.0
1133245,2,111,38000.0,0.0
1133245,3,122,0.0,1447.58
1133245,4,123,0.0,67.0
1133245,5,115,0.0,48252.43
1133245,6,116,0.0,2233.01
1133246,1,1352,25000.0,0.0
1133246,2,150,0.0,-0.01
1133246,3,122,0.0,582.52
1133246,4,123,0.0,145.64
1133246,5,115,0.0,19417.49
1133246,6,116,0.0,4854.37
1133247,1,1352,25000.0,0.0
1133247,2,111,65000.0,0.0
1133247,3,122,0.0,2592.24
1133247,4,123,0.0,29.12
1133247,5,115,0.0,86407.77
1133247,6,116,0.0,970.87
1133248,1,111,33500.0,0.0
1133248,2,122,0.0,975.72
1133248,3,115,0.0,32524.27
1133249,1,1352,25000.0,0.0
1133249,2,111,19000.0,0.0
1133249,3,122,0.0,1281.56
1133249,4,115,0.0,42718.45
1133250,1,1352,20200.0,0.0
1133250,2,111,16800.0,0.0
1133250,3,122,0.0,1019.42
1133250,4,123,0.0,58.26
1133250,5,115,0.0,33980.58
1133250,6,116,0.0,1941.75
1133251,1,111,2500.0,0.0
1133251,2,123,0.0,72.82
1133251,3,116,0.0,2427.18
1143251,1,1352,27000.0,0.0
1143251,2,122,0.0,786.4
1143251,3,115,0.0,26213.59
1143252,1,111,272200.0,0.0
1143252,2,150,0.0,0.01
1143252,3,122,0.0,961.16
1143252,4,122,0.0,6500.98
1143252,5,122,0.0,466.02
1143252,6,115,0.0,32038.83
1143252,7,115,0.0,216699.03
1143252,8,115,0.0,15533.98
1143253,1,111,71400.0,0.0
1143253,2,122,0.0,2079.62
1143253,3,115,0.0,69320.39
1143254,1,111,8900.0,0.0
1143254,2,122,0.0,259.22
1143254,3,115,0.0,8640.78
1143255,1,111,24700.0,0.0
1143255,2,122,0.0,719.42
1143255,3,115,0.0,23980.58
1143256,1,111,38600.0,0.0
1143256,2,122,0.0,1124.28
1143256,3,115,0.0,37475.73
1143257,1,1352,47300.0,0.0
1143257,2,122,0.0,1377.66
1143257,3,115,0.0,45922.33
1143258,1,111,41800.0,0.0
1143258,2,122,0.0,1217.48
1143258,3,115,0.0,40582.52
1143259,1,111,88900.0,0.0
1143259,2,122,0.0,1249.52
1143259,3,122,0.0,1339.8
1143259,4,115,0.0,41650.49
1143259,5,115,0.0,44660.19
1143260,1,1352,900.0,0.0
1143260,2,123,0.0,26.22
1143260,3,116,0.0,873.79
1143261,1,111,53500.0,0.0
1143261,2,122,0.0,1558.26
1143261,3,115,0.0,51941.75
1153261,1,1352,23500.0,0.0
1153261,2,122,0.0,684.46
1113229,1,1352,1400.0,0.0
1113229,2,123,0.0,40.78
1113229,3,116,0.0,1359.22
1153261,3,115,0.0,22815.53
1153262,1,1352,24500.0,0.0
1153262,2,122,0.0,713.6
1153262,3,115,0.0,23786.41
1153263,1,111,19000.0,0.0
1153263,2,122,0.0,553.4
1153263,3,115,0.0,18446.6
1153264,1,1352,23400.0,0.0
1153264,2,122,0.0,681.56
1153264,3,115,0.0,22718.45
1153265,1,1352,34500.0,0.0
1153265,2,111,42250.0,0.0
1153265,3,122,0.0,2235.44
1153265,4,115,0.0,74514.56
1153266,1,111,161100.0,0.0
1153266,2,122,0.0,1473.78
1153266,3,122,0.0,655.34
1153266,4,122,0.0,2213.6
1153266,5,123,0.0,349.52
1153266,6,115,0.0,49126.21
1153266,7,115,0.0,21844.66
1153266,8,115,0.0,73786.41
1153266,9,116,0.0,11650.49
1153267,1,111,25500.0,0.0
1153267,2,122,0.0,742.72
1153267,3,115,0.0,24757.28
1153268,1,111,82000.0,0.0
1153268,2,122,0.0,2388.34
1153268,3,115,0.0,79611.65
1153269,1,111,30000.0,0.0
1153269,2,122,0.0,873.78
1153269,3,115,0.0,29126.21
1153270,1,1352,4900.0,0.0
1153270,2,111,30000.0,0.0
1153270,3,122,0.0,1016.5
1153270,4,115,0.0,33883.5
1153271,1,1352,7900.0,0.0
1153271,2,111,1000.0,0.0
1153271,3,123,0.0,259.22
1153271,4,116,0.0,8640.78
1153272,1,1352,85000.0,0.0
1153272,2,111,126100.0,0.0
1153272,3,122,0.0,1843.68
1153272,4,122,0.0,2723.3
1153272,5,122,0.0,1581.56
1153272,6,115,0.0,61456.31
1153272,7,115,0.0,90776.7
1153272,8,115,0.0,52718.45
1153273,1,1352,2000.0,0.0
1153273,2,111,200000.0,0.0
1153273,3,150,0.0,0.4
1153273,4,122,0.0,5059.22
1153273,5,122,0.0,824.28
1153273,6,115,0.0,168640.37
1153273,7,115,0.0,27475.73
1153274,1,1352,48500.0,0.0
1153274,2,122,0.0,1412.62
1153274,3,115,0.0,47087.38
1153275,1,111,24000.0,0.0
1153275,2,122,0.0,699.02
1153275,3,115,0.0,23300.97
1153276,1,1352,7650.0,0.0
1153276,2,111,11000.0,0.0
1153276,3,122,0.0,543.2
1153276,4,115,0.0,18106.8
1163276,1,1352,60000.0,0.0
1163276,2,122,0.0,1747.58
1163276,3,115,0.0,58252.43
1163277,1,111,0.0,500.0
1163277,2,122,0.0,1733.0
1163277,3,122,0.0,-1747.58
1163277,4,115,0.0,57766.99
1163277,5,115,0.0,-58252.43
1173277,1,111,25000.0,0.0
1173277,2,122,0.0,728.16
1173277,3,115,0.0,24271.84
1173278,1,111,13500.0,0.0
1173278,2,122,0.0,393.2
1173278,3,115,0.0,13106.8
1173279,1,111,16000.0,0.0
1173279,2,122,0.0,466.02
1173279,3,115,0.0,15533.98
1183278,1,1352,18000.0,0.0
1183278,2,111,20000.0,0.0
1183278,3,122,0.0,1106.8
1183278,4,115,0.0,36893.2
1183279,1,111,5000.0,0.0
1183279,2,122,0.0,611.66
1183279,3,122,0.0,-466.02
1183279,4,115,0.0,20388.35
1183279,5,115,0.0,-15533.98
1183280,1,111,58000.0,0.0
1183280,2,122,0.0,1135.92
1183280,3,122,0.0,553.4
1183280,4,115,0.0,37864.08
1183280,5,115,0.0,18446.6
1183281,1,1352,13500.0,0.0
1183281,2,111,10000.0,0.0
1183281,3,150,0.0,0.01
1183281,4,122,0.0,684.46
1183281,5,115,0.0,22815.53
1193281,1,111,14700.0,0.0
1193281,2,122,0.0,428.16
1193281,3,115,0.0,14271.84
1193282,1,1352,132540.0,0.0
1193282,2,122,0.0,3860.38
1193282,3,115,0.0,128679.61
1193283,1,1352,80100.0,0.0
1193283,2,122,0.0,2333.0
1193283,3,115,0.0,77766.99
1193284,1,1352,145000.0,0.0
1193284,2,111,55360.0,0.0
1193284,3,122,0.0,5835.72
1193284,4,115,0.0,194524.27
1203282,1,111,45000.0,0.0
1203282,2,122,0.0,1130.1
1203282,3,122,0.0,180.58
1203282,4,115,0.0,37669.9
1203282,5,115,0.0,6019.42
1203283,1,1352,92000.0,0.0
1203283,2,122,0.0,2679.62
1203283,3,115,0.0,89320.39
1203284,1,1352,118000.0,0.0
1203284,2,150,0.0,-0.01
1203284,3,122,0.0,3436.9
1213284,1,1352,50000.0,0.0
1213284,2,122,0.0,1456.32
1213284,3,115,0.0,48543.69
1213285,1,111,150000.0,0.0
1213285,2,122,0.0,4368.94
1213285,3,115,0.0,145631.07
1213286,1,1352,102000.0,0.0
1213286,2,122,0.0,2970.88
1213286,3,115,0.0,99029.13
1213289,1,111,33500.0,0.0
1213287,1,1352,13200.0,0.0
1213287,2,111,127000.0,0.0
1213287,3,150,0.0,-0.09
1213287,4,122,0.0,3495.14
1213287,5,122,0.0,588.36
1213287,6,115,0.0,116504.85
1213287,7,115,0.0,19611.74
1213288,1,1352,35700.0,0.0
1213288,2,122,0.0,1039.8
1213288,3,115,0.0,34660.19
1213289,2,122,0.0,975.72
1213289,3,115,0.0,32524.27
1213290,1,111,8700.0,0.0
1213290,2,122,0.0,253.4
1213290,3,115,0.0,8446.6
1213291,1,1352,690000.0,0.0
1213291,2,150,0.0,0.31
1213291,3,122,0.0,1508.72
1213291,4,122,0.0,1310.68
1213291,5,122,0.0,14233.98
1213291,6,122,0.0,3043.68
1213291,7,115,0.0,50290.95
1213291,8,115,0.0,43689.35
1213291,9,115,0.0,474466.02
1213291,10,115,0.0,101456.31
1213292,1,111,59200.0,0.0
1213292,2,122,0.0,1724.28
1213292,3,115,0.0,57475.73
1213293,1,1352,47900.0,0.0
1213293,2,122,0.0,1395.14
1213293,3,115,0.0,46504.85
1213294,1,1352,19500.0,0.0
1213294,2,122,0.0,567.96
1213294,3,115,0.0,18932.04
1213295,1,1352,149000.0,0.0
1213295,2,111,88499.0,0.0
1213295,3,150,0.0,-0.05
1213295,4,122,0.0,5344.64
1213295,5,122,0.0,1572.8
1213295,6,115,0.0,178154.91
1213295,7,115,0.0,52426.69
1123238,3,115,0.0,19417.48
1213296,1,1352,2200.0,0.0
1213296,2,111,41000.0,0.0
1213296,3,122,0.0,1258.26
1213296,4,115,0.0,41941.75
1213297,1,1352,10800.0,0.0
1213297,2,122,0.0,314.56
1213297,3,115,0.0,10485.44
1213298,1,1352,3900.0,0.0
1213298,2,123,0.0,113.6
1213298,3,116,0.0,3786.41
1203284,4,115,0.0,114563.11
1213299,1,1352,27000.0,0.0
1213299,2,122,0.0,786.4
1213299,3,115,0.0,26213.59
1213300,1,1352,17500.0,0.0
1213300,2,111,62300.0,0.0
1213300,3,122,0.0,1115.54
1213300,4,122,0.0,509.7
1213300,5,123,0.0,640.78
1213300,6,123,0.0,58.26
1213300,7,115,0.0,37184.47
1213300,8,115,0.0,16990.29
1213300,9,116,0.0,21359.22
1213300,10,116,0.0,1941.75
1213301,1,1352,19000.0,0.0
1213301,2,122,0.0,553.4
1213301,3,115,0.0,18446.6
1213302,1,1352,3300.0,0.0
1213302,2,123,0.0,96.12
1213302,3,116,0.0,3203.88
1223300,1,111,2450.0,0.0
1223300,2,123,0.0,49.52
1223300,3,123,0.0,21.84
1223300,4,116,0.0,1650.49
1223300,5,116,0.0,728.16
1223301,1,1352,29400.0,0.0
1223301,2,111,18200.0,0.0
1223301,3,122,0.0,1386.4
1223301,4,115,0.0,46213.59
1223302,1,1352,1500.0,0.0
1223302,2,111,17000.0,0.0
1223302,3,150,0.0,-0.01
1223302,4,122,0.0,538.84
1223302,5,115,0.0,17961.17
1233301,1,1352,25500.0,0.0
1233301,2,122,0.0,742.72
1233301,3,115,0.0,24757.28
1233302,1,1352,1000.0,0.0
1233302,2,150,0.0,0.01
1233302,3,123,0.0,29.12
1233303,1,1352,22000.0,0.0
1233303,2,111,74500.0,0.0
1233303,3,122,0.0,2810.68
1233303,4,115,0.0,93689.32
1233302,4,116,0.0,970.87
1233304,1,1352,55000.0,0.0
1233304,2,111,128000.0,0.0
1233304,3,122,0.0,3140.68
1233304,4,122,0.0,2189.42
1233304,5,115,0.0,104689.32
1233304,6,115,0.0,72980.58
1233305,1,1352,19000.0,0.0
1233305,2,111,11000.0,0.0
1233305,3,122,0.0,873.78
1233305,4,115,0.0,29126.21
1233306,1,1352,8100.0,0.0
1233306,2,123,0.0,235.92
1233306,3,116,0.0,7864.08
1233307,1,1352,400.0,0.0
1233307,2,111,2000.0,0.0
1233307,3,123,0.0,69.9
1233307,4,116,0.0,2330.1
1233308,1,1352,70000.0,0.0
1233308,2,111,238304.0,0.0
1233308,3,122,0.0,8979.72
1233308,4,115,0.0,299324.27
1233309,1,111,3860000.0,0.0
1233309,2,122,0.0,112427.18
1233309,3,115,0.0,3747572.82
1233310,1,1352,2800.0,0.0
1233310,2,123,0.0,81.56
1233310,3,116,0.0,2718.45
1233311,1,1352,21000.0,0.0
1233311,2,113,1510.0,0.0
1233311,3,150,0.0,0.07
1233311,4,123,0.0,43.68
1233311,5,116,0.0,1456.31
1233311,6,126,0.0,611.94
1233311,7,119,0.0,20398.0
1243311,1,1352,400.0,0.0
1243311,2,123,0.0,11.66
1243311,3,116,0.0,388.35
1243312,1,111,6500.0,0.0
1243312,2,123,0.0,101.94
1243312,3,123,0.0,87.38
1243312,4,116,0.0,3398.06
1243312,5,116,0.0,2912.62
1243313,1,111,40000.0,0.0
1243313,2,122,0.0,1165.04
1243313,3,115,0.0,38834.95
1243314,1,1352,98500.0,0.0
1243314,2,122,0.0,2868.94
1243314,3,115,0.0,95631.07
1243315,1,1352,3000.0,0.0
1243315,2,123,0.0,87.38
1243315,3,116,0.0,2912.62
1253312,1,111,93750.0,0.0
1253312,2,122,0.0,2730.58
1253312,3,115,0.0,91019.42
1253313,1,111,14000.0,0.0
1253313,2,150,0.0,0.01
1253313,3,123,0.0,233.0
1253313,4,123,0.0,174.76
1253313,5,116,0.0,7766.99
1253313,6,116,0.0,5825.24
1253314,1,1352,14700.0,0.0
1253314,2,123,0.0,428.16
1253314,3,116,0.0,14271.84
1253315,1,111,14900.0,0.0
1253315,2,123,0.0,433.98
1253315,3,116,0.0,14466.02
1253316,1,1352,51000.0,0.0
1253316,2,111,9500.0,0.0
1253316,3,150,0.0,0.01
1253316,4,122,0.0,1441.74
1253316,5,123,0.0,320.38
1253316,6,115,0.0,48058.25
1253316,7,116,0.0,10679.61
1253317,1,1352,3000.0,0.0
1253317,2,123,0.0,87.38
1253317,3,116,0.0,2912.62
1253318,1,1352,27000.0,0.0
1253318,2,122,0.0,786.4
1253318,3,115,0.0,26213.59
1253319,1,1352,19500.0,0.0
1253319,2,123,0.0,160.2
1253319,3,123,0.0,230.1
1253319,4,123,0.0,81.56
1253319,5,123,0.0,96.12
1253319,6,116,0.0,5339.81
1253319,7,116,0.0,7669.9
1253319,8,116,0.0,2718.45
1253319,9,116,0.0,3203.88
1253320,1,1352,35000.0,0.0
1253320,2,111,50000.0,0.0
1253320,3,150,0.0,0.5
1253320,4,122,0.0,1223.3
1253320,5,122,0.0,1252.42
1253320,6,115,0.0,40776.48
1253320,7,115,0.0,41747.31
1253321,1,1352,2720.0,0.0
1253321,2,123,0.0,79.22
1253321,3,116,0.0,2640.78
1253322,1,1352,6000.0,0.0
1253322,2,111,9700.0,0.0
1253322,3,122,0.0,457.28
1253322,4,115,0.0,15242.72
1253323,1,111,43500.0,0.0
1253323,2,122,0.0,1267.0
1253323,3,115,0.0,42233.01
1263323,1,1352,33500.0,0.0
1263323,2,150,0.0,0.01
1263323,3,123,0.0,975.72
1263323,4,116,0.0,32524.27
1273323,1,111,258630.0,0.0
1273323,2,122,0.0,3292.72
1273323,3,122,0.0,2454.18
1273323,4,122,0.0,1786.02
1273323,5,115,0.0,109757.28
1273323,6,115,0.0,81805.83
1273323,7,115,0.0,59533.98
1273324,1,111,147300.0,0.0
1273324,2,122,0.0,1048.54
1273324,3,122,0.0,1424.28
1273324,4,122,0.0,1817.48
1273324,5,115,0.0,34951.46
1273324,6,115,0.0,47475.73
1273324,7,115,0.0,60582.52
1273325,1,111,348440.0,0.0
1273325,2,122,0.0,1740.0
1273325,3,122,0.0,1834.96
1273325,4,122,0.0,3637.86
1273325,5,122,0.0,1712.62
1273325,6,122,0.0,1223.3
1273325,7,115,0.0,58000.0
1273325,8,115,0.0,61165.05
1273325,9,115,0.0,121262.14
1273325,10,115,0.0,57087.38
1273325,11,115,0.0,40776.7
1273326,1,111,201740.0,0.0
1273326,2,150,0.0,-0.01
1273326,3,122,0.0,1916.5
1273326,4,122,0.0,1421.36
1273326,5,122,0.0,1402.14
1273326,6,122,0.0,1135.92
1273326,7,115,0.0,63883.5
1273326,8,115,0.0,47378.64
1273326,9,115,0.0,46737.86
1273326,10,115,0.0,37864.08
1273327,1,111,136400.0,0.0
1273327,2,122,0.0,926.22
1273327,3,122,0.0,1543.68
1273327,4,122,0.0,1502.92
1273327,5,115,0.0,30873.79
1273327,6,115,0.0,51456.31
1273327,7,115,0.0,50097.09
1273328,1,111,100480.0,0.0
1273328,2,122,0.0,1463.3
1273328,3,122,0.0,1463.3
1273328,4,115,0.0,48776.7
1273328,5,115,0.0,48776.7
1273329,1,1352,1000.0,0.0
1273329,2,111,4000.0,0.0
1273329,3,123,0.0,145.64
1273329,4,116,0.0,4854.37
1283329,1,1352,9000.0,0.0
1283329,2,111,46000.0,0.0
1283329,3,122,0.0,1601.94
1283329,4,115,0.0,53398.06
1283330,1,1352,444160.0,0.0
1283330,2,111,70000.0,0.0
1283330,3,122,0.0,10289.12
1283330,4,122,0.0,4686.4
1283330,5,115,0.0,342970.87
1283330,6,115,0.0,156213.59
1283331,1,111,64400.0,0.0
1283331,2,150,0.0,-0.3
1283331,3,122,0.0,1057.28
1283331,4,122,0.0,166.02
1283331,5,122,0.0,419.42
1283331,6,123,0.0,233.0
1283331,7,115,0.0,35242.72
1283331,8,115,0.0,5534.27
1283331,9,115,0.0,13980.58
1283331,10,116,0.0,7766.99
1283332,1,111,190900.0,0.0
1283332,2,122,0.0,1881.56
1283332,3,122,0.0,1377.66
1283332,4,122,0.0,1456.32
1283332,5,122,0.0,844.66
1283332,6,115,0.0,62718.45
1283332,7,115,0.0,45922.33
1283332,8,115,0.0,48543.69
1283332,9,115,0.0,28155.34
1283333,1,111,128700.0,0.0
1283333,2,122,0.0,1185.44
1283333,3,122,0.0,1514.56
1283333,4,122,0.0,1048.54
1283333,5,115,0.0,39514.56
1283333,6,115,0.0,50485.44
1283333,7,115,0.0,34951.46
1283334,1,111,61700.0,0.0
1283334,2,122,0.0,952.42
1283334,3,122,0.0,844.66
1283334,4,115,0.0,31747.57
1283334,5,115,0.0,28155.34
1283335,1,1352,51300.0,0.0
1283335,2,122,0.0,1494.18
1283335,3,115,0.0,49805.83
1293335,1,111,60520.0,0.0
1293335,2,122,0.0,1024.66
1293335,3,122,0.0,738.06
1293335,4,115,0.0,34155.34
1293335,5,115,0.0,24601.94
1293336,1,111,37500.0,0.0
1293336,2,122,0.0,1092.24
1293336,3,115,0.0,36407.77
1293337,1,1352,8000.0,0.0
1293337,2,111,63000.0,0.0
1293337,3,150,0.0,0.15
1293337,4,122,0.0,1770.88
1293337,5,122,0.0,297.08
1293337,6,115,0.0,59029.13
1293337,7,115,0.0,9902.77
1293338,1,1352,3200.0,0.0
1293338,2,123,0.0,93.2
1293338,3,116,0.0,3106.8
1293339,1,1352,52900.0,0.0
1293339,2,150,0.0,-0.46
1293339,3,122,0.0,273.8
1293339,4,122,0.0,1266.98
1293339,5,115,0.0,9126.71
1293339,6,115,0.0,42232.96
