VHR_ID,VHR_NO,FYR_ID,CMP_ID,VHR_REF_ID,VHR_TYPE,VHR_DATE,VHR_CHQ_NO,VHR_CHQ_DT,VHR_NARR,VHR_STATUS,CNTR_ID
1,VH-01-101-1,1,101,1,RetailInvoice,2019-04-01 00:00:00,,2019-04-01 00:00:00,Retail Sale Voucher No.RSL/19-20/1,New,0
2,VH-01-101-1,1,101,2,RetailInvoice,2019-04-02 00:00:00,,2019-04-02 00:00:00,Retail Sale Voucher No.RSL/19-20/2,New,0
3,VH-01-101-1,1,101,3,RetailInvoice,2019-04-03 00:00:00,,2019-04-27 00:00:00,Retail Sale Voucher No.RSL/19-20/3,Modified,0
4,VH-01-101-1,1,101,4,RetailInvoice,2019-04-03 00:00:00,,2019-04-27 00:00:00,Retail Sale Voucher No.RSL/19-20/4,New,0
5,VH-01-101-1,1,101,5,RetailInvoice,2019-04-04 00:00:00,,2019-04-27 00:00:00,Retail Sale Voucher No.RSL/19-20/5,New,0
6,VH-01-101-1,1,101,6,RetailInvoice,2019-04-05 00:00:00,,2019-04-27 00:00:00,Retail Sale Voucher No.RSL/19-20/6,New,0
7,VH-01-101-1,1,101,7,RetailInvoice,2019-04-06 00:00:00,,2019-04-28 00:00:00,Retail Sale Voucher No.RSL/19-20/7,New,0
8,VH-01-101-1,1,101,8,RetailInvoice,2019-04-07 00:00:00,,2019-04-28 00:00:00,Retail Sale Voucher No.RSL/19-20/8,Modified,0
9,VH-01-101-2,1,101,9,RetailInvoice,2019-04-07 00:00:00,,2019-04-28 00:00:00,Retail Sale Voucher No.RSL/19-20/9,New,0
10,VH-01-101-1,1,101,10,RetailInvoice,2019-04-08 00:00:00,,2019-04-28 00:00:00,Retail Sale Voucher No.RSL/19-20/10,New,0
11,VH-01-101-1,1,101,11,RetailInvoice,2019-04-09 00:00:00,,2019-04-28 00:00:00,Retail Sale Voucher No.RSL/19-20/11,New,0
12,VH-01-101-2,1,101,12,RetailInvoice,2019-04-09 00:00:00,,2019-04-28 00:00:00,Retail Sale Voucher No.RSL/19-20/12,New,0
13,VH-01-101-1,1,101,13,RetailInvoice,2019-04-10 00:00:00,,2019-04-28 00:00:00,Retail Sale Voucher No.RSL/19-20/13,New,0
14,VH-01-101-1,1,101,14,RetailInvoice,2019-04-11 00:00:00,,2019-04-28 00:00:00,Retail Sale Voucher No.RSL/19-20/14,New,0
15,VH-01-101-1,1,101,15,RetailInvoice,2019-04-12 00:00:00,,2019-04-28 00:00:00,Retail Sale Voucher No.RSL/19-20/15,New,0
16,VH-01-101-2,1,101,16,RetailInvoice,2019-04-13 00:00:00,,2019-04-28 00:00:00,Retail Sale Voucher No.RSL/19-20/16,Modified,0
17,VH-01-101-1,1,101,17,RetailInvoice,2019-04-14 00:00:00,,2019-04-28 00:00:00,Retail Sale Voucher No.RSL/19-20/17,New,0
18,VH-01-101-1,1,101,18,RetailInvoice,2019-04-15 00:00:00,,2019-04-28 00:00:00,Retail Sale Voucher No.RSL/19-20/18,New,0
19,VH-01-101-2,1,101,19,RetailInvoice,2019-04-15 00:00:00,,2019-04-28 00:00:00,Retail Sale Voucher No.RSL/19-20/19,New,0
20,VH-01-101-3,1,101,20,RetailInvoice,2019-04-15 00:00:00,,2019-04-28 00:00:00,Retail Sale Voucher No.RSL/19-20/20,New,0
21,VH-01-101-1,1,101,21,RetailInvoice,2019-04-16 00:00:00,,2019-04-28 00:00:00,Retail Sale Voucher No.RSL/19-20/21,New,0
22,VH-01-101-2,1,101,22,RetailInvoice,2019-04-16 00:00:00,,2019-04-28 00:00:00,Retail Sale Voucher No.RSL/19-20/22,New,0
23,VH-01-101-1,1,101,23,RetailInvoice,2019-04-17 00:00:00,,2019-04-28 00:00:00,Retail Sale Voucher No.RSL/19-20/23,New,0
24,VH-01-101-1,1,101,24,RetailInvoice,2019-04-18 00:00:00,,2019-04-28 00:00:00,Retail Sale Voucher No.RSL/19-20/24,New,0
25,VH-01-101-2,1,101,25,RetailInvoice,2019-04-18 00:00:00,,2019-04-28 00:00:00,Retail Sale Voucher No.RSL/19-20/25,New,0
26,VH-01-101-1,1,101,26,RetailInvoice,2019-04-19 00:00:00,,2019-04-28 00:00:00,Retail Sale Voucher No.RSL/19-20/26,New,0
27,VH-01-101-1,1,101,27,RetailInvoice,2019-04-20 00:00:00,,2019-04-28 00:00:00,Retail Sale Voucher No.RSL/19-20/27,New,0
28,VH-01-101-1,1,101,28,RetailInvoice,2019-04-21 00:00:00,,2019-04-28 00:00:00,Retail Sale Voucher No.RSL/19-20/28,New,0
29,VH-01-101-2,1,101,29,RetailInvoice,2019-04-21 00:00:00,,2019-04-28 00:00:00,Retail Sale Voucher No.RSL/19-20/29,New,0
30,VH-01-101-3,1,101,30,RetailInvoice,2019-04-21 00:00:00,,2019-04-28 00:00:00,Retail Sale Voucher No.RSL/19-20/30,New,0
31,VH-01-101-1,1,101,31,RetailInvoice,2019-04-22 00:00:00,,2019-04-28 00:00:00,Retail Sale Voucher No.RSL/19-20/31,New,0
32,VH-01-101-2,1,101,32,RetailInvoice,2019-04-22 00:00:00,,2019-04-28 00:00:00,Retail Sale Voucher No.RSL/19-20/32,New,0
33,VH-01-101-1,1,101,33,RetailInvoice,2019-04-23 00:00:00,,2019-04-28 00:00:00,Retail Sale Voucher No.RSL/19-20/33,New,0
34,VH-01-101-1,1,101,34,RetailInvoice,2019-04-24 00:00:00,,2019-04-28 00:00:00,Retail Sale Voucher No.RSL/19-20/34,New,0
35,VH-01-101-1,1,101,35,RetailInvoice,2019-04-25 00:00:00,,2019-04-28 00:00:00,Retail Sale Voucher No.RSL/19-20/35,New,0
36,VH-01-101-1,1,101,36,RetailInvoice,2019-04-26 00:00:00,,2019-04-28 00:00:00,Retail Sale Voucher No.RSL/19-20/36,New,0
37,VH-01-101-2,1,101,37,RetailInvoice,2019-04-26 00:00:00,,2019-04-28 00:00:00,Retail Sale Voucher No.RSL/19-20/37,New,0
38,VH-01-101-1,1,101,38,RetailInvoice,2019-04-27 00:00:00,,2019-04-28 00:00:00,Retail Sale Voucher No.RSL/19-20/38,New,0
39,VH-01-101-2,1,101,39,RetailInvoice,2019-04-27 00:00:00,,2019-04-28 00:00:00,Retail Sale Voucher No.RSL/19-20/39,New,0
40,VH-01-101-3,1,101,40,RetailInvoice,2019-04-27 00:00:00,,2019-04-28 00:00:00,Retail Sale Voucher No.RSL/19-20/40,New,0
41,VH-01-101-1,1,101,41,RetailInvoice,2019-04-28 00:00:00,,2019-04-28 00:00:00,Retail Sale Voucher No.RSL/19-20/41,New,0
42,VH-01-101-2,1,101,42,RetailInvoice,2019-04-28 00:00:00,,2019-04-28 00:00:00,Retail Sale Voucher No.RSL/19-20/42,New,0
43,VH-01-101-1,1,101,1,OldMetalPurchase,2019-04-29 00:00:00,,2019-04-30 00:00:00,Old Purchase Voucher No - OLP/19-20/1,New,0
44,VH-01-101-2,1,101,43,RetailInvoice,2019-04-29 00:00:00,,2019-04-30 00:00:00,Retail Sale Voucher No.RSL/19-20/43,New,0
45,VH-01-101-1,1,101,44,RetailInvoice,2019-04-30 00:00:00,,2019-04-30 00:00:00,Retail Sale Voucher No.RSL/19-20/44,New,0
46,VH-01-101-2,1,101,45,RetailInvoice,2019-04-30 00:00:00,,2019-04-30 00:00:00,Retail Sale Voucher No.RSL/19-20/45,New,0
47,VH-01-101-3,1,101,46,RetailInvoice,2019-04-30 00:00:00,,2019-05-01 00:00:00,Retail Sale Voucher No.RSL/19-20/46,New,0
48,VH-01-101-1,1,101,47,RetailInvoice,2019-05-01 00:00:00,,2019-05-01 00:00:00,Retail Sale Voucher No.RSL/19-20/47,New,0
49,VH-01-101-2,1,101,48,RetailInvoice,2019-05-01 00:00:00,,2019-05-01 00:00:00,Retail Sale Voucher No.RSL/19-20/48,New,0
50,VH-01-101-1,1,101,49,RetailInvoice,2019-05-07 00:00:00,,2019-05-08 00:00:00,Retail Sale Voucher No.RSL/19-20/49,Modified,0
51,VH-01-101-2,1,101,50,RetailInvoice,2019-05-07 00:00:00,,2019-05-08 00:00:00,Retail Sale Voucher No.RSL/19-20/50,New,0
52,VH-01-101-3,1,101,51,RetailInvoice,2019-05-07 00:00:00,,2019-05-08 00:00:00,Retail Sale Voucher No.RSL/19-20/51,New,0
53,VH-01-101-4,1,101,52,RetailInvoice,2019-05-07 00:00:00,,2019-05-08 00:00:00,Retail Sale Voucher No.RSL/19-20/52,New,0
54,VH-01-101-5,1,101,53,RetailInvoice,2019-05-07 00:00:00,,2019-05-08 00:00:00,Retail Sale Voucher No.RSL/19-20/53,New,0
55,VH-01-101-1,1,101,54,RetailInvoice,2019-05-09 00:00:00,,2019-05-09 00:00:00,Retail Sale Voucher No.RSL/19-20/54,New,0
56,VH-01-101-2,1,101,55,RetailInvoice,2019-05-09 00:00:00,,2019-05-09 00:00:00,Retail Sale Voucher No.RSL/19-20/55,New,0
57,VH-01-101-3,1,101,56,RetailInvoice,2019-05-09 00:00:00,,2019-05-09 00:00:00,Retail Sale Voucher No.RSL/19-20/56,New,0
58,VH-01-101-1,1,101,57,RetailInvoice,2019-05-10 00:00:00,,2019-05-10 00:00:00,Retail Sale Voucher No.RSL/19-20/57,New,0
59,VH-01-101-2,1,101,58,RetailInvoice,2019-05-10 00:00:00,,2019-05-10 00:00:00,Retail Sale Voucher No.RSL/19-20/58,New,0
60,VH-01-101-1,1,101,59,RetailInvoice,2019-05-14 00:00:00,,2019-05-14 00:00:00,Retail Sale Voucher No.RSL/19-20/59,New,0
61,VH-01-101-2,1,101,60,RetailInvoice,2019-05-14 00:00:00,,2019-05-14 00:00:00,Retail Sale Voucher No.RSL/19-20/60,New,0
62,VH-01-101-3,1,101,61,RetailInvoice,2019-05-14 00:00:00,,2019-05-14 00:00:00,Retail Sale Voucher No.RSL/19-20/61,New,0
63,VH-01-101-4,1,101,62,RetailInvoice,2019-05-14 00:00:00,,2019-05-14 00:00:00,Retail Sale Voucher No.RSL/19-20/62,New,0
64,VH-01-101-5,1,101,63,RetailInvoice,2019-05-14 00:00:00,,2019-05-14 00:00:00,Retail Sale Voucher No.RSL/19-20/63,New,0
65,VH-01-101-6,1,101,64,RetailInvoice,2019-05-14 00:00:00,,2019-05-14 00:00:00,Retail Sale Voucher No.RSL/19-20/64,New,0
66,VH-01-101-1,1,101,65,RetailInvoice,2019-05-15 00:00:00,,2019-05-17 00:00:00,Retail Sale Voucher No.RSL/19-20/65,New,0
67,VH-01-101-2,1,101,66,RetailInvoice,2019-05-15 00:00:00,,2019-05-17 00:00:00,Retail Sale Voucher No.RSL/19-20/66,New,0
68,VH-01-101-1,1,101,67,RetailInvoice,2019-05-16 00:00:00,,2019-05-17 00:00:00,Retail Sale Voucher No.RSL/19-20/67,New,0
69,VH-01-101-2,1,101,68,RetailInvoice,2019-05-16 00:00:00,,2019-05-17 00:00:00,Retail Sale Voucher No.RSL/19-20/68,New,0
70,VH-01-101-3,1,101,69,RetailInvoice,2019-05-16 00:00:00,,2019-05-17 00:00:00,Retail Sale Voucher No.RSL/19-20/69,New,0
71,VH-01-101-1,1,101,70,RetailInvoice,2019-05-17 00:00:00,,2019-05-17 00:00:00,Retail Sale Voucher No.RSL/19-20/70,New,0
72,VH-01-101-2,1,101,71,RetailInvoice,2019-05-17 00:00:00,,2019-05-17 00:00:00,Retail Sale Voucher No.RSL/19-20/71,New,0
73,VH-01-101-1,1,101,72,RetailInvoice,2019-05-18 00:00:00,,2019-05-18 00:00:00,Retail Sale Voucher No.RSL/19-20/72,New,0
74,VH-01-101-1,1,101,1,AdvanceReceive,2019-05-19 00:00:00,,2019-07-29 00:00:00,Advance Receive Voucher No - APR/19-20/1,Modified,0
75,VH-01-101-1,1,101,73,RetailInvoice,2019-05-20 00:00:00,,2019-05-21 00:00:00,Retail Sale Voucher No.RSL/19-20/73,New,0
76,VH-01-101-1,1,101,74,RetailInvoice,2019-05-21 00:00:00,,2019-05-21 00:00:00,Retail Sale Voucher No.RSL/19-20/74,New,0
77,VH-01-101-2,1,101,75,RetailInvoice,2019-05-21 00:00:00,,2019-05-21 00:00:00,Retail Sale Voucher No.RSL/19-20/75,New,0
78,VH-01-101-1,1,101,76,RetailInvoice,2019-05-22 00:00:00,,2019-05-23 00:00:00,Retail Sale Voucher No.RSL/19-20/76,New,0
79,VH-01-101-2,1,101,77,RetailInvoice,2019-05-22 00:00:00,,2019-05-23 00:00:00,Retail Sale Voucher No.RSL/19-20/77,New,0
80,VH-01-101-3,1,101,78,RetailInvoice,2019-05-22 00:00:00,,2019-05-23 00:00:00,Retail Sale Voucher No.RSL/19-20/78,New,0
81,VH-01-101-4,1,101,79,RetailInvoice,2019-05-22 00:00:00,,2019-05-23 00:00:00,Retail Sale Voucher No.RSL/19-20/79,New,0
82,VH-01-101-5,1,101,80,RetailInvoice,2019-05-22 00:00:00,,2019-05-23 00:00:00,Retail Sale Voucher No.RSL/19-20/80,New,0
83,VH-01-101-1,1,101,81,RetailInvoice,2019-05-24 00:00:00,,2019-05-24 00:00:00,Retail Sale Voucher No.RSL/19-20/81,New,0
84,VH-01-101-1,1,101,82,RetailInvoice,2019-05-25 00:00:00,,2019-05-25 00:00:00,Retail Sale Voucher No.RSL/19-20/82,New,0
85,VH-01-101-1,1,101,83,RetailInvoice,2019-05-25 00:00:00,,2019-05-26 00:00:00,Retail Sale Voucher No.RSL/19-20/83,Modified,0
86,VH-01-101-1,1,101,84,RetailInvoice,2019-05-26 00:00:00,,2019-05-26 00:00:00,Retail Sale Voucher No.RSL/19-20/84,New,0
87,VH-01-101-1,1,101,85,RetailInvoice,2019-05-27 00:00:00,,2019-05-28 00:00:00,Retail Sale Voucher No.RSL/19-20/85,New,0
88,VH-01-101-1,1,101,86,RetailInvoice,2019-05-28 00:00:00,,2019-05-29 00:00:00,Retail Sale Voucher No.RSL/19-20/86,New,0
89,VH-01-101-2,1,101,87,RetailInvoice,2019-05-28 00:00:00,,2019-05-29 00:00:00,Retail Sale Voucher No.RSL/19-20/87,New,0
90,VH-01-101-1,1,101,88,RetailInvoice,2019-05-29 00:00:00,,2019-05-29 00:00:00,Retail Sale Voucher No.RSL/19-20/88,New,0
91,VH-01-101-2,1,101,89,RetailInvoice,2019-05-29 00:00:00,,2019-05-29 00:00:00,Retail Sale Voucher No.RSL/19-20/89,New,0
92,VH-01-101-3,1,101,90,RetailInvoice,2019-05-29 00:00:00,,2019-05-29 00:00:00,Retail Sale Voucher No.RSL/19-20/90,New,0
93,VH-01-101-1,1,101,91,RetailInvoice,2019-05-30 00:00:00,,2019-06-01 00:00:00,Retail Sale Voucher No.RSL/19-20/91,New,0
94,VH-01-101-2,1,101,92,RetailInvoice,2019-05-30 00:00:00,,2019-06-01 00:00:00,Retail Sale Voucher No.RSL/19-20/92,New,0
95,VH-01-101-1,1,101,93,RetailInvoice,2019-05-31 00:00:00,,2019-06-01 00:00:00,Retail Sale Voucher No.RSL/19-20/93,New,0
96,VH-01-101-2,1,101,94,RetailInvoice,2019-05-31 00:00:00,,2019-06-01 00:00:00,Retail Sale Voucher No.RSL/19-20/94,New,0
97,VH-01-101-1,1,101,95,RetailInvoice,2019-05-31 00:00:00,,2019-06-01 00:00:00,Retail Sale Voucher No.RSL/19-20/95,Modified,0
98,VH-01-101-2,1,101,96,RetailInvoice,2019-05-31 00:00:00,,2019-06-01 00:00:00,Retail Sale Voucher No.RSL/19-20/96,New,0
99,VH-01-101-1,1,101,97,RetailInvoice,2019-06-01 00:00:00,,2019-06-02 00:00:00,Retail Sale Voucher No.RSL/19-20/97,New,0
100,VH-01-101-1,1,101,98,RetailInvoice,2019-06-03 00:00:00,,2019-06-04 00:00:00,Retail Sale Voucher No.RSL/19-20/98,New,0
101,VH-01-101-2,1,101,99,RetailInvoice,2019-06-03 00:00:00,,2019-06-04 00:00:00,Retail Sale Voucher No.RSL/19-20/99,New,0
102,VH-01-101-1,1,101,100,RetailInvoice,2019-06-06 00:00:00,,2019-06-06 00:00:00,Retail Sale Voucher No.RSL/19-20/100,Modified,0
103,VH-01-101-2,1,101,101,RetailInvoice,2019-06-06 00:00:00,,2019-06-07 00:00:00,Retail Sale Voucher No.RSL/19-20/101,New,0
104,VH-01-101-1,1,101,102,RetailInvoice,2019-06-07 00:00:00,,2019-06-07 00:00:00,Retail Sale Voucher No.RSL/19-20/102,New,0
105,VH-01-101-2,1,101,103,RetailInvoice,2019-06-07 00:00:00,,2019-06-08 00:00:00,Retail Sale Voucher No.RSL/19-20/103,New,0
106,VH-01-101-3,1,101,104,RetailInvoice,2019-06-07 00:00:00,,2019-06-08 00:00:00,Retail Sale Voucher No.RSL/19-20/104,New,0
107,VH-01-101-1,1,101,105,RetailInvoice,2019-06-08 00:00:00,,2019-06-08 00:00:00,Retail Sale Voucher No.RSL/19-20/105,New,0
108,VH-01-101-2,1,101,106,RetailInvoice,2019-06-08 00:00:00,,2019-06-08 00:00:00,Retail Sale Voucher No.RSL/19-20/106,New,0
109,VH-01-101-1,1,101,107,RetailInvoice,2019-06-09 00:00:00,,2019-06-11 00:00:00,Retail Sale Voucher No.RSL/19-20/107,New,0
110,VH-01-101-2,1,101,108,RetailInvoice,2019-06-09 00:00:00,,2019-06-11 00:00:00,Retail Sale Voucher No.RSL/19-20/108,New,0
111,VH-01-101-1,1,101,109,RetailInvoice,2019-06-10 00:00:00,,2019-06-11 00:00:00,Retail Sale Voucher No.RSL/19-20/109,New,0
112,VH-01-101-2,1,101,110,RetailInvoice,2019-06-10 00:00:00,,2019-06-11 00:00:00,Retail Sale Voucher No.RSL/19-20/110,New,0
113,VH-01-101-1,1,101,111,RetailInvoice,2019-06-11 00:00:00,,2019-06-11 00:00:00,Retail Sale Voucher No.RSL/19-20/111,New,0
114,VH-01-101-2,1,101,112,RetailInvoice,2019-06-11 00:00:00,,2019-06-13 00:00:00,Retail Sale Voucher No.RSL/19-20/112,New,0
115,VH-01-101-1,1,101,113,RetailInvoice,2019-06-12 00:00:00,,2019-06-13 00:00:00,Retail Sale Voucher No.RSL/19-20/113,New,0
116,VH-01-101-1,1,101,2,OldMetalPurchase,2019-06-13 00:00:00,,2019-06-13 00:00:00,Old Purchase Voucher No - OLP/19-20/2,New,0
117,VH-01-101-2,1,101,114,RetailInvoice,2019-06-13 00:00:00,,2019-06-13 00:00:00,Retail Sale Voucher No.RSL/19-20/114,New,0
118,VH-01-101-3,1,101,115,RetailInvoice,2019-06-13 00:00:00,,2019-06-14 00:00:00,Retail Sale Voucher No.RSL/19-20/115,New,0
119,VH-01-101-1,1,101,116,RetailInvoice,2019-06-14 00:00:00,,2019-06-14 00:00:00,Retail Sale Voucher No.RSL/19-20/116,New,0
120,VH-01-101-2,1,101,117,RetailInvoice,2019-06-14 00:00:00,,2019-06-14 00:00:00,Retail Sale Voucher No.RSL/19-20/117,New,0
121,VH-01-101-1,1,101,118,RetailInvoice,2019-06-15 00:00:00,,2019-06-15 00:00:00,Retail Sale Voucher No.RSL/19-20/118,New,0
122,VH-01-101-2,1,101,119,RetailInvoice,2019-06-15 00:00:00,,2019-06-15 00:00:00,Retail Sale Voucher No.RSL/19-20/119,New,0
123,VH-01-101-1,1,101,120,RetailInvoice,2019-06-16 00:00:00,,2019-06-18 00:00:00,Retail Sale Voucher No.RSL/19-20/120,New,0
124,VH-01-101-1,1,101,121,RetailInvoice,2019-06-17 00:00:00,,2019-06-18 00:00:00,Retail Sale Voucher No.RSL/19-20/121,New,0
125,VH-01-101-2,1,101,122,RetailInvoice,2019-06-17 00:00:00,,2019-06-18 00:00:00,Retail Sale Voucher No.RSL/19-20/122,New,0
126,VH-01-101-1,1,101,123,RetailInvoice,2019-06-18 00:00:00,,2019-06-19 00:00:00,Retail Sale Voucher No.RSL/19-20/123,New,0
127,VH-01-101-2,1,101,124,RetailInvoice,2019-06-18 00:00:00,,2019-06-19 00:00:00,Retail Sale Voucher No.RSL/19-20/124,New,0
128,VH-01-101-1,1,101,125,RetailInvoice,2019-06-19 00:00:00,,2019-06-19 00:00:00,Retail Sale Voucher No.RSL/19-20/125,New,0
129,VH-01-101-1,1,101,126,RetailInvoice,2019-06-20 00:00:00,,2019-06-22 00:00:00,Retail Sale Voucher No.RSL/19-20/126,New,0
130,VH-01-101-2,1,101,127,RetailInvoice,2019-06-20 00:00:00,,2019-06-22 00:00:00,Retail Sale Voucher No.RSL/19-20/127,New,0
131,VH-01-101-1,1,101,128,RetailInvoice,2019-06-21 00:00:00,,2019-06-22 00:00:00,Retail Sale Voucher No.RSL/19-20/128,New,0
132,VH-01-101-2,1,101,129,RetailInvoice,2019-06-21 00:00:00,,2019-06-22 00:00:00,Retail Sale Voucher No.RSL/19-20/129,New,0
133,VH-01-101-3,1,101,130,RetailInvoice,2019-06-21 00:00:00,,2019-06-22 00:00:00,Retail Sale Voucher No.RSL/19-20/130,New,0
134,VH-01-101-4,1,101,131,RetailInvoice,2019-06-21 00:00:00,,2019-06-22 00:00:00,Retail Sale Voucher No.RSL/19-20/131,New,0
135,VH-01-101-5,1,101,132,RetailInvoice,2019-06-21 00:00:00,,2019-06-22 00:00:00,Retail Sale Voucher No.RSL/19-20/132,New,0
136,VH-01-101-1,1,101,133,RetailInvoice,2019-06-22 00:00:00,,2019-06-22 00:00:00,Retail Sale Voucher No.RSL/19-20/133,New,0
137,VH-01-101-2,1,101,134,RetailInvoice,2019-06-22 00:00:00,,2019-06-24 00:00:00,Retail Sale Voucher No.RSL/19-20/134,New,0
138,VH-01-101-3,1,101,135,RetailInvoice,2019-06-22 00:00:00,,2019-06-24 00:00:00,Retail Sale Voucher No.RSL/19-20/135,New,0
139,VH-01-101-1,1,101,136,RetailInvoice,2019-06-23 00:00:00,,2019-07-29 00:00:00,Retail Sale Voucher No.RSL/19-20/136,Modified,0
140,VH-01-101-2,1,101,137,RetailInvoice,2019-06-23 00:00:00,,2019-06-24 00:00:00,Retail Sale Voucher No.RSL/19-20/137,New,0
141,VH-01-101-3,1,101,138,RetailInvoice,2019-06-23 00:00:00,,2019-06-24 00:00:00,Retail Sale Voucher No.RSL/19-20/138,New,0
142,VH-01-101-4,1,101,139,RetailInvoice,2019-06-23 00:00:00,,2019-06-24 00:00:00,Retail Sale Voucher No.RSL/19-20/139,New,0
143,VH-01-101-5,1,101,140,RetailInvoice,2019-06-23 00:00:00,,2019-06-24 00:00:00,Retail Sale Voucher No.RSL/19-20/140,New,0
144,VH-01-101-1,1,101,141,RetailInvoice,2019-06-24 00:00:00,,2019-06-24 00:00:00,Retail Sale Voucher No.RSL/19-20/141,New,0
145,VH-01-101-2,1,101,142,RetailInvoice,2019-06-24 00:00:00,,2019-06-25 00:00:00,Retail Sale Voucher No.RSL/19-20/142,New,0
146,VH-01-101-3,1,101,143,RetailInvoice,2019-06-24 00:00:00,,2019-06-25 00:00:00,Retail Sale Voucher No.RSL/19-20/143,New,0
147,VH-01-101-1,1,101,144,RetailInvoice,2019-06-25 00:00:00,,2019-06-26 00:00:00,Retail Sale Voucher No.RSL/19-20/144,New,0
148,VH-01-101-2,1,101,145,RetailInvoice,2019-06-25 00:00:00,,2019-06-26 00:00:00,Retail Sale Voucher No.RSL/19-20/145,New,0
149,VH-01-101-1,1,101,146,RetailInvoice,2019-06-26 00:00:00,,2019-06-26 00:00:00,Retail Sale Voucher No.RSL/19-20/146,New,0
150,VH-01-101-2,1,101,147,RetailInvoice,2019-06-26 00:00:00,,2019-06-26 00:00:00,Retail Sale Voucher No.RSL/19-20/147,New,0
151,VH-01-101-1,1,101,148,RetailInvoice,2019-06-27 00:00:00,,2019-06-27 00:00:00,Retail Sale Voucher No.RSL/19-20/148,New,0
152,VH-01-101-2,1,101,149,RetailInvoice,2019-06-27 00:00:00,,2019-06-27 00:00:00,Retail Sale Voucher No.RSL/19-20/149,New,0
153,VH-01-101-3,1,101,150,RetailInvoice,2019-06-27 00:00:00,,2019-06-27 00:00:00,Retail Sale Voucher No.RSL/19-20/150,New,0
154,VH-01-101-4,1,101,151,RetailInvoice,2019-06-27 00:00:00,,2019-06-27 00:00:00,Retail Sale Voucher No.RSL/19-20/151,New,0
155,VH-01-101-1,1,101,152,RetailInvoice,2019-06-28 00:00:00,,2019-06-30 00:00:00,Retail Sale Voucher No.RSL/19-20/152,New,0
156,VH-01-101-2,1,101,153,RetailInvoice,2019-06-28 00:00:00,,2019-06-30 00:00:00,Retail Sale Voucher No.RSL/19-20/153,New,0
157,VH-01-101-3,1,101,154,RetailInvoice,2019-06-28 00:00:00,,2019-06-30 00:00:00,Retail Sale Voucher No.RSL/19-20/154,New,0
158,VH-01-101-1,1,101,155,RetailInvoice,2019-06-29 00:00:00,,2019-06-30 00:00:00,Retail Sale Voucher No.RSL/19-20/155,New,0
159,VH-01-101-2,1,101,156,RetailInvoice,2019-06-29 00:00:00,,2019-06-30 00:00:00,Retail Sale Voucher No.RSL/19-20/156,New,0
160,VH-01-101-1,1,101,157,RetailInvoice,2019-06-30 00:00:00,,2019-07-03 00:00:00,Retail Sale Voucher No.RSL/19-20/157,New,0
161,VH-01-101-1,1,101,158,RetailInvoice,2019-07-01 00:00:00,,2019-07-03 00:00:00,Retail Sale Voucher No.RSL/19-20/158,New,0
162,VH-01-101-1,1,101,159,RetailInvoice,2019-07-02 00:00:00,,2019-07-03 00:00:00,Retail Sale Voucher No.RSL/19-20/159,New,0
163,VH-01-101-2,1,101,160,RetailInvoice,2019-07-02 00:00:00,,2019-07-03 00:00:00,Retail Sale Voucher No.RSL/19-20/160,New,0
164,VH-01-101-1,1,101,161,RetailInvoice,2019-07-03 00:00:00,,2019-07-03 00:00:00,Retail Sale Voucher No.RSL/19-20/161,New,0
165,VH-01-101-2,1,101,2,AdvanceReceive,2019-07-03 00:00:00,,2019-07-24 00:00:00,Advance Receive Voucher No - APR/19-20/2,Modified,0
166,VH-01-101-1,1,101,162,RetailInvoice,2019-07-04 00:00:00,,2019-07-06 00:00:00,Retail Sale Voucher No.RSL/19-20/162,New,0
167,VH-01-101-2,1,101,163,RetailInvoice,2019-07-04 00:00:00,,2019-07-06 00:00:00,Retail Sale Voucher No.RSL/19-20/163,New,0
168,VH-01-101-1,1,101,164,RetailInvoice,2019-07-05 00:00:00,,2019-07-06 00:00:00,Retail Sale Voucher No.RSL/19-20/164,New,0
169,VH-01-101-2,1,101,165,RetailInvoice,2019-07-05 00:00:00,,2019-07-06 00:00:00,Retail Sale Voucher No.RSL/19-20/165,New,0
170,VH-01-101-3,1,101,166,RetailInvoice,2019-07-05 00:00:00,,2019-07-06 00:00:00,Retail Sale Voucher No.RSL/19-20/166,New,0
171,VH-01-101-4,1,101,167,RetailInvoice,2019-07-05 00:00:00,,2019-07-06 00:00:00,Retail Sale Voucher No.RSL/19-20/167,New,0
172,VH-01-101-1,1,101,168,RetailInvoice,2019-07-06 00:00:00,,2019-07-06 00:00:00,Retail Sale Voucher No.RSL/19-20/168,New,0
173,VH-01-101-2,1,101,169,RetailInvoice,2019-07-06 00:00:00,,2019-07-06 00:00:00,Retail Sale Voucher No.RSL/19-20/169,New,0
174,VH-01-101-1,1,101,170,RetailInvoice,2019-07-07 00:00:00,,2019-07-09 00:00:00,Retail Sale Voucher No.RSL/19-20/170,New,0
175,VH-01-101-2,1,101,171,RetailInvoice,2019-07-07 00:00:00,,2019-07-09 00:00:00,Retail Sale Voucher No.RSL/19-20/171,New,0
176,VH-01-101-3,1,101,172,RetailInvoice,2019-07-07 00:00:00,,2019-07-09 00:00:00,Retail Sale Voucher No.RSL/19-20/172,New,0
177,VH-01-101-1,1,101,173,RetailInvoice,2019-07-08 00:00:00,,2019-07-09 00:00:00,Retail Sale Voucher No.RSL/19-20/173,New,0
178,VH-01-101-1,1,101,174,RetailInvoice,2019-07-09 00:00:00,,2019-07-10 00:00:00,Retail Sale Voucher No.RSL/19-20/174,New,0
179,VH-01-101-1,1,101,175,RetailInvoice,2019-07-09 00:00:00,,2019-07-10 00:00:00,Retail Sale Voucher No.RSL/19-20/175,Modified,0
180,VH-01-101-2,1,101,176,RetailInvoice,2019-07-09 00:00:00,,2019-07-10 00:00:00,Retail Sale Voucher No.RSL/19-20/176,New,0
181,VH-01-101-3,1,101,177,RetailInvoice,2019-07-09 00:00:00,,2019-07-10 00:00:00,Retail Sale Voucher No.RSL/19-20/177,Modified,0
182,VH-01-101-4,1,101,178,RetailInvoice,2019-07-09 00:00:00,,2019-07-10 00:00:00,Retail Sale Voucher No.RSL/19-20/178,New,0
183,VH-01-101-5,1,101,179,RetailInvoice,2019-07-09 00:00:00,,2019-07-10 00:00:00,Retail Sale Voucher No.RSL/19-20/179,New,0
184,VH-01-101-1,1,101,180,RetailInvoice,2019-07-10 00:00:00,,2019-07-13 00:00:00,Retail Sale Voucher No.RSL/19-20/180,New,0
185,VH-01-101-2,1,101,181,RetailInvoice,2019-07-10 00:00:00,,2019-07-13 00:00:00,Retail Sale Voucher No.RSL/19-20/181,New,0
186,VH-01-101-1,1,101,182,RetailInvoice,2019-07-11 00:00:00,,2019-07-13 00:00:00,Retail Sale Voucher No.RSL/19-20/182,New,0
187,VH-01-101-1,1,101,183,RetailInvoice,2019-07-12 00:00:00,,2019-07-13 00:00:00,Retail Sale Voucher No.RSL/19-20/183,New,0
188,VH-01-101-1,1,101,184,RetailInvoice,2019-07-13 00:00:00,,2019-07-13 00:00:00,Retail Sale Voucher No.RSL/19-20/184,New,0
189,VH-01-101-2,1,101,185,RetailInvoice,2019-07-13 00:00:00,,2019-07-13 00:00:00,Retail Sale Voucher No.RSL/19-20/185,New,0
190,VH-01-101-3,1,101,186,RetailInvoice,2019-07-13 00:00:00,,2019-07-13 00:00:00,Retail Sale Voucher No.RSL/19-20/186,New,0
191,VH-01-101-1,1,101,187,RetailInvoice,2019-07-14 00:00:00,,2019-07-16 00:00:00,Retail Sale Voucher No.RSL/19-20/187,New,0
192,VH-01-101-1,1,101,188,RetailInvoice,2019-07-15 00:00:00,,2019-07-17 00:00:00,Retail Sale Voucher No.RSL/19-20/188,New,0
193,VH-01-101-2,1,101,189,RetailInvoice,2019-07-15 00:00:00,,2019-07-17 00:00:00,Retail Sale Voucher No.RSL/19-20/189,New,0
194,VH-01-101-1,1,101,190,RetailInvoice,2019-07-16 00:00:00,,2019-07-17 00:00:00,Retail Sale Voucher No.RSL/19-20/190,New,0
195,VH-01-101-1,1,101,191,RetailInvoice,2019-07-17 00:00:00,,2019-07-17 00:00:00,Retail Sale Voucher No.RSL/19-20/191,New,0
196,VH-01-101-2,1,101,192,RetailInvoice,2019-07-17 00:00:00,,2019-07-17 00:00:00,Retail Sale Voucher No.RSL/19-20/192,New,0
197,VH-01-101-1,1,101,193,RetailInvoice,2019-07-18 00:00:00,,2019-07-19 00:00:00,Retail Sale Voucher No.RSL/19-20/193,New,0
198,VH-01-101-1,1,101,194,RetailInvoice,2019-07-19 00:00:00,,2019-07-19 00:00:00,Retail Sale Voucher No.RSL/19-20/194,New,0
199,VH-01-101-1,1,101,195,RetailInvoice,2019-07-20 00:00:00,,2019-07-24 00:00:00,Retail Sale Voucher No.RSL/19-20/195,Modified,0
200,VH-01-101-1,1,101,196,RetailInvoice,2019-07-21 00:00:00,,2019-07-24 00:00:00,Retail Sale Voucher No.RSL/19-20/196,New,0
201,VH-01-101-1,1,101,197,RetailInvoice,2019-07-22 00:00:00,,2019-07-24 00:00:00,Retail Sale Voucher No.RSL/19-20/197,New,0
202,VH-01-101-1,1,101,198,RetailInvoice,2019-07-23 00:00:00,,2019-07-24 00:00:00,Retail Sale Voucher No.RSL/19-20/198,New,0
203,VH-01-101-2,1,101,199,RetailInvoice,2019-07-23 00:00:00,,2019-07-24 00:00:00,Retail Sale Voucher No.RSL/19-20/199,New,0
204,VH-01-101-1,1,101,200,RetailInvoice,2019-07-24 00:00:00,,2019-07-25 00:00:00,Retail Sale Voucher No.RSL/19-20/200,New,0
205,VH-01-101-1,1,101,201,RetailInvoice,2019-07-25 00:00:00,,2019-07-29 00:00:00,Retail Sale Voucher No.RSL/19-20/201,New,0
206,VH-01-101-1,1,101,202,RetailInvoice,2019-07-26 00:00:00,,2019-07-29 00:00:00,Retail Sale Voucher No.RSL/19-20/202,New,0
207,VH-01-101-1,1,101,203,RetailInvoice,2019-07-27 00:00:00,,2019-07-29 00:00:00,Retail Sale Voucher No.RSL/19-20/203,New,0
208,VH-01-101-2,1,101,204,RetailInvoice,2019-07-27 00:00:00,,2019-07-29 00:00:00,Retail Sale Voucher No.RSL/19-20/204,New,0
209,VH-01-101-3,1,101,205,RetailInvoice,2019-07-27 00:00:00,,2019-07-29 00:00:00,Retail Sale Voucher No.RSL/19-20/205,New,0
210,VH-01-101-1,1,101,206,RetailInvoice,2019-07-28 00:00:00,,2019-07-29 00:00:00,Retail Sale Voucher No.RSL/19-20/206,New,0
211,VH-01-101-1,1,101,207,RetailInvoice,2019-07-29 00:00:00,,2019-07-29 00:00:00,Retail Sale Voucher No.RSL/19-20/207,New,0
212,VH-01-101-2,1,101,208,RetailInvoice,2019-07-29 00:00:00,,2019-07-29 00:00:00,Retail Sale Voucher No.RSL/19-20/208,New,0
213,VH-01-101-1,1,101,209,RetailInvoice,2019-07-30 00:00:00,,2019-08-07 00:00:00,Retail Sale Voucher No.RSL/19-20/209,New,0
214,VH-01-101-1,1,101,210,RetailInvoice,2019-07-31 00:00:00,,2019-08-24 00:00:00,Retail Sale Voucher No.RSL/19-20/210,Modified,0
215,VH-01-101-1,1,101,211,RetailInvoice,2019-08-01 00:00:00,,2019-08-07 00:00:00,Retail Sale Voucher No.RSL/19-20/211,New,0
216,VH-01-101-1,1,101,3,OldMetalPurchase,2019-08-07 00:00:00,,2019-08-07 00:00:00,Old Purchase Voucher No - OLP/19-20/3,New,0
217,VH-01-101-1,1,101,212,RetailInvoice,2019-08-02 00:00:00,,2019-08-25 00:00:00,Retail Sale Voucher No.RSL/19-20/212,Modified,0
218,VH-01-101-2,1,101,213,RetailInvoice,2019-08-02 00:00:00,,2019-08-07 00:00:00,Retail Sale Voucher No.RSL/19-20/213,New,0
219,VH-01-101-3,1,101,214,RetailInvoice,2019-08-02 00:00:00,,2019-08-07 00:00:00,Retail Sale Voucher No.RSL/19-20/214,New,0
220,VH-01-101-2,1,101,4,OldMetalPurchase,2019-08-07 00:00:00,,2019-08-07 00:00:00,Old Purchase Voucher No - OLP/19-20/4,New,0
221,VH-01-101-1,1,101,215,RetailInvoice,2019-08-03 00:00:00,,2019-08-07 00:00:00,Retail Sale Voucher No.RSL/19-20/215,New,0
222,VH-01-101-1,1,101,216,RetailInvoice,2019-08-04 00:00:00,,2019-08-07 00:00:00,Retail Sale Voucher No.RSL/19-20/216,New,0
223,VH-01-101-1,1,101,217,RetailInvoice,2019-08-05 00:00:00,,2019-08-07 00:00:00,Retail Sale Voucher No.RSL/19-20/217,New,0
224,VH-01-101-1,1,101,218,RetailInvoice,2019-08-06 00:00:00,,2019-08-07 00:00:00,Retail Sale Voucher No.RSL/19-20/218,New,0
225,VH-01-101-3,1,101,219,RetailInvoice,2019-08-07 00:00:00,,2019-08-07 00:00:00,Retail Sale Voucher No.RSL/19-20/219,New,0
226,VH-01-101-4,1,101,220,RetailInvoice,2019-08-07 00:00:00,,2019-08-12 00:00:00,Retail Sale Voucher No.RSL/19-20/220,New,0
227,VH-01-101-5,1,101,221,RetailInvoice,2019-08-07 00:00:00,,2019-08-12 00:00:00,Retail Sale Voucher No.RSL/19-20/221,New,0
228,VH-01-101-1,1,101,222,RetailInvoice,2019-08-08 00:00:00,,2019-08-12 00:00:00,Retail Sale Voucher No.RSL/19-20/222,New,0
229,VH-01-101-1,1,101,223,RetailInvoice,2019-08-09 00:00:00,,2019-08-12 00:00:00,Retail Sale Voucher No.RSL/19-20/223,New,0
230,VH-01-101-1,1,101,224,RetailInvoice,2019-08-10 00:00:00,,2019-08-12 00:00:00,Retail Sale Voucher No.RSL/19-20/224,New,0
231,VH-01-101-1,1,101,225,RetailInvoice,2019-08-11 00:00:00,,2019-08-12 00:00:00,Retail Sale Voucher No.RSL/19-20/225,New,0
232,VH-01-101-1,1,101,226,RetailInvoice,2019-08-12 00:00:00,,2019-08-12 00:00:00,Retail Sale Voucher No.RSL/19-20/226,New,0
233,VH-01-101-2,1,101,227,RetailInvoice,2019-08-12 00:00:00,,2019-08-14 00:00:00,Retail Sale Voucher No.RSL/19-20/227,New,0
234,VH-01-101-1,1,101,228,RetailInvoice,2019-08-13 00:00:00,,2019-08-14 00:00:00,Retail Sale Voucher No.RSL/19-20/228,New,0
235,VH-01-101-1,1,101,229,RetailInvoice,2019-08-14 00:00:00,,2019-08-17 00:00:00,Retail Sale Voucher No.RSL/19-20/229,New,0
236,VH-01-101-1,1,101,230,RetailInvoice,2019-08-15 00:00:00,,2019-08-17 00:00:00,Retail Sale Voucher No.RSL/19-20/230,New,0
237,VH-01-101-1,1,101,231,RetailInvoice,2019-08-16 00:00:00,,2019-08-17 00:00:00,Retail Sale Voucher No.RSL/19-20/231,New,0
238,VH-01-101-1,1,101,232,RetailInvoice,2019-08-17 00:00:00,,2019-08-21 00:00:00,Retail Sale Voucher No.RSL/19-20/232,New,0
239,VH-01-101-1,1,101,233,RetailInvoice,2019-08-18 00:00:00,,2019-08-21 00:00:00,Retail Sale Voucher No.RSL/19-20/233,New,0
240,VH-01-101-1,1,101,234,RetailInvoice,2019-08-19 00:00:00,,2019-08-21 00:00:00,Retail Sale Voucher No.RSL/19-20/234,New,0
241,VH-01-101-1,1,101,235,RetailInvoice,2019-08-20 00:00:00,,2019-08-21 00:00:00,Retail Sale Voucher No.RSL/19-20/235,New,0
242,VH-01-101-1,1,101,236,RetailInvoice,2019-08-21 00:00:00,,2019-08-21 00:00:00,Retail Sale Voucher No.RSL/19-20/236,New,0
243,VH-01-101-2,1,101,237,RetailInvoice,2019-08-21 00:00:00,,2019-08-21 00:00:00,Retail Sale Voucher No.RSL/19-20/237,New,0
244,VH-01-101-1,1,101,238,RetailInvoice,2019-08-22 00:00:00,,2019-08-22 00:00:00,Retail Sale Voucher No.RSL/19-20/238,New,0
245,VH-01-101-2,1,101,239,RetailInvoice,2019-08-22 00:00:00,,2019-08-22 00:00:00,Retail Sale Voucher No.RSL/19-20/239,New,0
246,VH-01-101-1,1,101,240,RetailInvoice,2019-08-23 00:00:00,,2019-08-23 00:00:00,Retail Sale Voucher No.RSL/19-20/240,New,0
247,VH-01-101-1,1,101,241,RetailInvoice,2019-08-24 00:00:00,,2019-08-24 00:00:00,Retail Sale Voucher No.RSL/19-20/241,New,0
248,VH-01-101-2,1,101,242,RetailInvoice,2019-08-24 00:00:00,,2019-08-24 00:00:00,Retail Sale Voucher No.RSL/19-20/242,New,0
249,VH-01-101-1,1,101,243,RetailInvoice,2019-08-25 00:00:00,,2019-08-28 00:00:00,Retail Sale Voucher No.RSL/19-20/243,New,0
250,VH-01-101-1,1,101,244,RetailInvoice,2019-08-26 00:00:00,,2019-08-28 00:00:00,Retail Sale Voucher No.RSL/19-20/244,New,0
251,VH-01-101-1,1,101,245,RetailInvoice,2019-08-27 00:00:00,,2019-08-28 00:00:00,Retail Sale Voucher No.RSL/19-20/245,New,0
252,VH-01-101-2,1,101,246,RetailInvoice,2019-08-27 00:00:00,,2019-08-28 00:00:00,Retail Sale Voucher No.RSL/19-20/246,New,0
253,VH-01-101-1,1,101,247,RetailInvoice,2019-08-28 00:00:00,,2019-08-31 00:00:00,Retail Sale Voucher No.RSL/19-20/247,New,0
254,VH-01-101-1,1,101,248,RetailInvoice,2019-08-29 00:00:00,,2019-08-31 00:00:00,Retail Sale Voucher No.RSL/19-20/248,New,0
255,VH-01-101-2,1,101,249,RetailInvoice,2019-08-29 00:00:00,,2019-08-31 00:00:00,Retail Sale Voucher No.RSL/19-20/249,New,0
256,VH-01-101-1,1,101,250,RetailInvoice,2019-08-30 00:00:00,,2019-08-31 00:00:00,Retail Sale Voucher No.RSL/19-20/250,New,0
257,VH-01-101-2,1,101,251,RetailInvoice,2019-08-30 00:00:00,,2019-08-31 00:00:00,Retail Sale Voucher No.RSL/19-20/251,New,0
258,VH-01-101-1,1,101,252,RetailInvoice,2019-08-31 00:00:00,,2019-08-31 00:00:00,Retail Sale Voucher No.RSL/19-20/252,New,0
259,VH-01-101-1,1,101,253,RetailInvoice,2019-09-01 00:00:00,,2019-09-05 00:00:00,Retail Sale Voucher No.RSL/19-20/253,New,0
260,VH-01-101-1,1,101,254,RetailInvoice,2019-09-02 00:00:00,,2019-09-05 00:00:00,Retail Sale Voucher No.RSL/19-20/254,New,0
261,VH-01-101-1,1,101,255,RetailInvoice,2019-09-03 00:00:00,,2019-09-05 00:00:00,Retail Sale Voucher No.RSL/19-20/255,New,0
262,VH-01-101-1,1,101,256,RetailInvoice,2019-09-04 00:00:00,,2019-09-05 00:00:00,Retail Sale Voucher No.RSL/19-20/256,New,0
263,VH-01-101-1,1,101,257,RetailInvoice,2019-09-05 00:00:00,,2019-09-05 00:00:00,Retail Sale Voucher No.RSL/19-20/257,New,0
264,VH-01-101-1,1,101,258,RetailInvoice,2019-09-06 00:00:00,,2019-09-08 00:00:00,Retail Sale Voucher No.RSL/19-20/258,New,0
265,VH-01-101-1,1,101,259,RetailInvoice,2019-09-07 00:00:00,,2019-09-08 00:00:00,Retail Sale Voucher No.RSL/19-20/259,New,0
266,VH-01-101-1,1,101,260,RetailInvoice,2019-09-08 00:00:00,,2019-09-09 00:00:00,Retail Sale Voucher No.RSL/19-20/260,New,0
267,VH-01-101-2,1,101,261,RetailInvoice,2019-09-08 00:00:00,,2019-09-09 00:00:00,Retail Sale Voucher No.RSL/19-20/261,New,0
268,VH-01-101-1,1,101,262,RetailInvoice,2019-09-09 00:00:00,,2019-09-09 00:00:00,Retail Sale Voucher No.RSL/19-20/262,New,0
269,VH-01-101-2,1,101,263,RetailInvoice,2019-09-09 00:00:00,,2019-09-09 00:00:00,Retail Sale Voucher No.RSL/19-20/263,New,0
270,VH-01-101-3,1,101,264,RetailInvoice,2019-09-09 00:00:00,,2019-09-09 00:00:00,Retail Sale Voucher No.RSL/19-20/264,New,0
271,VH-01-101-4,1,101,265,RetailInvoice,2019-09-09 00:00:00,,2019-09-09 00:00:00,Retail Sale Voucher No.RSL/19-20/265,New,0
272,VH-01-101-1,1,101,266,RetailInvoice,2019-09-10 00:00:00,,2019-09-16 00:00:00,Retail Sale Voucher No.RSL/19-20/266,New,0
273,VH-01-101-1,1,101,267,RetailInvoice,2019-09-11 00:00:00,,2019-09-16 00:00:00,Retail Sale Voucher No.RSL/19-20/267,New,0
274,VH-01-101-1,1,101,268,RetailInvoice,2019-09-12 00:00:00,,2019-09-16 00:00:00,Retail Sale Voucher No.RSL/19-20/268,New,0
275,VH-01-101-2,1,101,269,RetailInvoice,2019-09-12 00:00:00,,2019-09-16 00:00:00,Retail Sale Voucher No.RSL/19-20/269,New,0
276,VH-01-101-1,1,101,270,RetailInvoice,2019-09-13 00:00:00,,2019-09-16 00:00:00,Retail Sale Voucher No.RSL/19-20/270,New,0
277,VH-01-101-1,1,101,271,RetailInvoice,2019-09-14 00:00:00,,2019-09-16 00:00:00,Retail Sale Voucher No.RSL/19-20/271,New,0
278,VH-01-101-2,1,101,272,RetailInvoice,2019-09-14 00:00:00,,2019-09-16 00:00:00,Retail Sale Voucher No.RSL/19-20/272,New,0
279,VH-01-101-1,1,101,273,RetailInvoice,2019-09-15 00:00:00,,2019-09-16 00:00:00,Retail Sale Voucher No.RSL/19-20/273,New,0
280,VH-01-101-1,1,101,274,RetailInvoice,2019-09-16 00:00:00,,2019-09-19 00:00:00,Retail Sale Voucher No.RSL/19-20/274,New,0
281,VH-01-101-1,1,101,275,RetailInvoice,2019-09-17 00:00:00,,2019-09-19 00:00:00,Retail Sale Voucher No.RSL/19-20/275,New,0
282,VH-01-101-1,1,101,276,RetailInvoice,2019-09-18 00:00:00,,2019-09-19 00:00:00,Retail Sale Voucher No.RSL/19-20/276,New,0
283,VH-01-101-1,1,101,277,RetailInvoice,2019-09-19 00:00:00,,2019-09-23 00:00:00,Retail Sale Voucher No.RSL/19-20/277,New,0
284,VH-01-101-1,1,101,278,RetailInvoice,2019-09-20 00:00:00,,2019-09-23 00:00:00,Retail Sale Voucher No.RSL/19-20/278,New,0
285,VH-01-101-1,1,101,279,RetailInvoice,2019-09-21 00:00:00,,2019-09-23 00:00:00,Retail Sale Voucher No.RSL/19-20/279,New,0
286,VH-01-101-1,1,101,280,RetailInvoice,2019-09-22 00:00:00,,2019-09-23 00:00:00,Retail Sale Voucher No.RSL/19-20/280,New,0
287,VH-01-101-1,1,101,281,RetailInvoice,2019-09-23 00:00:00,,2019-09-26 00:00:00,Retail Sale Voucher No.RSL/19-20/281,New,0
288,VH-01-101-1,1,101,282,RetailInvoice,2019-09-24 00:00:00,,2019-09-26 00:00:00,Retail Sale Voucher No.RSL/19-20/282,New,0
289,VH-01-101-1,1,101,283,RetailInvoice,2019-09-25 00:00:00,,2019-09-26 00:00:00,Retail Sale Voucher No.RSL/19-20/283,New,0
290,VH-01-101-2,1,101,284,RetailInvoice,2019-09-25 00:00:00,,2019-09-26 00:00:00,Retail Sale Voucher No.RSL/19-20/284,New,0
291,VH-01-101-1,1,101,285,RetailInvoice,2019-09-25 00:00:00,,2019-09-26 00:00:00,Retail Sale Voucher No.RSL/19-20/285,Modified,0
292,VH-01-101-1,1,101,286,RetailInvoice,2019-09-26 00:00:00,,2019-10-02 00:00:00,Retail Sale Voucher No.RSL/19-20/286,New,0
293,VH-01-101-1,1,101,287,RetailInvoice,2019-09-27 00:00:00,,2019-10-02 00:00:00,Retail Sale Voucher No.RSL/19-20/287,New,0
294,VH-01-101-1,1,101,288,RetailInvoice,2019-09-28 00:00:00,,2019-10-02 00:00:00,Retail Sale Voucher No.RSL/19-20/288,New,0
295,VH-01-101-2,1,101,289,RetailInvoice,2019-09-28 00:00:00,,2019-10-02 00:00:00,Retail Sale Voucher No.RSL/19-20/289,New,0
296,VH-01-101-1,1,101,290,RetailInvoice,2019-09-29 00:00:00,,2019-10-02 00:00:00,Retail Sale Voucher No.RSL/19-20/290,New,0
297,VH-01-101-1,1,101,291,RetailInvoice,2019-09-30 00:00:00,,2019-10-02 00:00:00,Retail Sale Voucher No.RSL/19-20/291,New,0
298,VH-01-101-2,1,101,292,RetailInvoice,2019-09-30 00:00:00,,2019-10-02 00:00:00,Retail Sale Voucher No.RSL/19-20/292,New,0
299,VH-01-101-1,1,101,293,RetailInvoice,2019-10-01 00:00:00,,2019-10-02 00:00:00,Retail Sale Voucher No.RSL/19-20/293,New,0
300,VH-01-101-1,1,101,294,RetailInvoice,2019-10-03 00:00:00,,2019-10-05 00:00:00,Retail Sale Voucher No.RSL/19-20/294,New,0
301,VH-01-101-1,1,101,5,OldMetalPurchase,2019-10-05 00:00:00,,2019-10-05 00:00:00,Old Purchase Voucher No - OLP/19-20/5,New,0
302,VH-01-101-1,1,101,295,RetailInvoice,2019-10-04 00:00:00,,2019-10-05 00:00:00,Retail Sale Voucher No.RSL/19-20/295,Modified,0
303,VH-01-101-2,1,101,296,RetailInvoice,2019-10-04 00:00:00,,2019-10-05 00:00:00,Retail Sale Voucher No.RSL/19-20/296,New,0
304,VH-01-101-3,1,101,297,RetailInvoice,2019-10-04 00:00:00,,2019-10-05 00:00:00,Retail Sale Voucher No.RSL/19-20/297,New,0
305,VH-01-101-2,1,101,298,RetailInvoice,2019-10-05 00:00:00,,2019-10-05 00:00:00,Retail Sale Voucher No.RSL/19-20/298,New,0
306,VH-01-101-3,1,101,299,RetailInvoice,2019-10-05 00:00:00,,2019-10-05 00:00:00,Retail Sale Voucher No.RSL/19-20/299,New,0
307,VH-01-101-4,1,101,300,RetailInvoice,2019-10-05 00:00:00,,2019-10-05 00:00:00,Retail Sale Voucher No.RSL/19-20/300,New,0
308,VH-01-101-5,1,101,301,RetailInvoice,2019-10-05 00:00:00,,2019-10-05 00:00:00,Retail Sale Voucher No.RSL/19-20/301,New,0
309,VH-01-101-1,1,101,302,RetailInvoice,2019-10-07 00:00:00,,2019-10-11 00:00:00,Retail Sale Voucher No.RSL/19-20/302,New,0
310,VH-01-101-1,1,101,303,RetailInvoice,2019-10-09 00:00:00,,2019-10-11 00:00:00,Retail Sale Voucher No.RSL/19-20/303,New,0
311,VH-01-101-1,1,101,304,RetailInvoice,2019-10-10 00:00:00,,2019-10-11 00:00:00,Retail Sale Voucher No.RSL/19-20/304,New,0
312,VH-01-101-2,1,101,305,RetailInvoice,2019-10-10 00:00:00,,2019-10-11 00:00:00,Retail Sale Voucher No.RSL/19-20/305,New,0
313,VH-01-101-3,1,101,306,RetailInvoice,2019-10-10 00:00:00,,2019-10-11 00:00:00,Retail Sale Voucher No.RSL/19-20/306,New,0
314,VH-01-101-1,1,101,307,RetailInvoice,2019-10-11 00:00:00,,2019-10-17 00:00:00,Retail Sale Voucher No.RSL/19-20/307,New,0
315,VH-01-101-1,1,101,308,RetailInvoice,2019-10-12 00:00:00,,2019-10-18 00:00:00,Retail Sale Voucher No.RSL/19-20/308,New,0
316,VH-01-101-1,1,101,309,RetailInvoice,2019-10-13 00:00:00,,2019-10-18 00:00:00,Retail Sale Voucher No.RSL/19-20/309,New,0
317,VH-01-101-1,1,101,310,RetailInvoice,2019-10-14 00:00:00,,2019-10-18 00:00:00,Retail Sale Voucher No.RSL/19-20/310,New,0
318,VH-01-101-1,1,101,311,RetailInvoice,2019-10-15 00:00:00,,2019-10-18 00:00:00,Retail Sale Voucher No.RSL/19-20/311,New,0
319,VH-01-101-1,1,101,312,RetailInvoice,2019-10-16 00:00:00,,2019-10-18 00:00:00,Retail Sale Voucher No.RSL/19-20/312,New,0
320,VH-01-101-1,1,101,313,RetailInvoice,2019-10-17 00:00:00,,2019-10-18 00:00:00,Retail Sale Voucher No.RSL/19-20/313,New,0
321,VH-01-101-1,1,101,314,RetailInvoice,2019-10-18 00:00:00,,2019-10-20 00:00:00,Retail Sale Voucher No.RSL/19-20/314,New,0
322,VH-01-101-1,1,101,315,RetailInvoice,2019-10-19 00:00:00,,2019-10-20 00:00:00,Retail Sale Voucher No.RSL/19-20/315,New,0
323,VH-01-101-2,1,101,316,RetailInvoice,2019-10-19 00:00:00,,2019-10-20 00:00:00,Retail Sale Voucher No.RSL/19-20/316,New,0
324,VH-01-101-1,1,101,317,RetailInvoice,2019-10-20 00:00:00,,2019-10-24 00:00:00,Retail Sale Voucher No.RSL/19-20/317,New,0
325,VH-01-101-1,1,101,318,RetailInvoice,2019-10-21 00:00:00,,2019-10-24 00:00:00,Retail Sale Voucher No.RSL/19-20/318,New,0
326,VH-01-101-2,1,101,319,RetailInvoice,2019-10-21 00:00:00,,2019-10-24 00:00:00,Retail Sale Voucher No.RSL/19-20/319,New,0
327,VH-01-101-1,1,101,320,RetailInvoice,2019-10-22 00:00:00,,2019-10-24 00:00:00,Retail Sale Voucher No.RSL/19-20/320,New,0
328,VH-01-101-1,1,101,321,RetailInvoice,2019-10-22 00:00:00,,2019-10-24 00:00:00,Retail Sale Voucher No.RSL/19-20/321,Modified,0
329,VH-01-101-2,1,101,322,RetailInvoice,2019-10-22 00:00:00,,2019-10-24 00:00:00,Retail Sale Voucher No.RSL/19-20/322,New,0
330,VH-01-101-1,1,101,323,RetailInvoice,2019-10-23 00:00:00,,2019-10-24 00:00:00,Retail Sale Voucher No.RSL/19-20/323,New,0
331,VH-01-101-2,1,101,324,RetailInvoice,2019-10-23 00:00:00,,2019-10-24 00:00:00,Retail Sale Voucher No.RSL/19-20/324,New,0
332,VH-01-101-1,1,101,325,RetailInvoice,2019-10-24 00:00:00,,2019-10-26 00:00:00,Retail Sale Voucher No.RSL/19-20/325,New,0
333,VH-01-101-1,1,101,326,RetailInvoice,2019-10-25 00:00:00,,2019-10-30 00:00:00,Retail Sale Voucher No.RSL/19-20/326,New,0
334,VH-01-101-2,1,101,327,RetailInvoice,2019-10-25 00:00:00,,2019-10-30 00:00:00,Retail Sale Voucher No.RSL/19-20/327,New,0
335,VH-01-101-1,1,101,328,RetailInvoice,2019-10-25 00:00:00,,2019-10-30 00:00:00,Retail Sale Voucher No.RSL/19-20/328,Modified,0
336,VH-01-101-2,1,101,329,RetailInvoice,2019-10-25 00:00:00,,2019-10-30 00:00:00,Retail Sale Voucher No.RSL/19-20/329,Modified,0
337,VH-01-101-3,1,101,330,RetailInvoice,2019-10-25 00:00:00,,2019-10-30 00:00:00,Retail Sale Voucher No.RSL/19-20/330,Modified,0
338,VH-01-101-4,1,101,331,RetailInvoice,2019-10-25 00:00:00,,2019-10-30 00:00:00,Retail Sale Voucher No.RSL/19-20/331,New,0
339,VH-01-101-5,1,101,332,RetailInvoice,2019-10-25 00:00:00,,2019-10-30 00:00:00,Retail Sale Voucher No.RSL/19-20/332,New,0
340,VH-01-101-6,1,101,333,RetailInvoice,2019-10-25 00:00:00,,2019-10-30 00:00:00,Retail Sale Voucher No.RSL/19-20/333,New,0
341,VH-01-101-7,1,101,334,RetailInvoice,2019-10-25 00:00:00,,2019-10-30 00:00:00,Retail Sale Voucher No.RSL/19-20/334,New,0
342,VH-01-101-8,1,101,335,RetailInvoice,2019-10-25 00:00:00,,2019-10-30 00:00:00,Retail Sale Voucher No.RSL/19-20/335,New,0
343,VH-01-101-9,1,101,336,RetailInvoice,2019-10-25 00:00:00,,2019-10-30 00:00:00,Retail Sale Voucher No.RSL/19-20/336,New,0
344,VH-01-101-10,1,101,337,RetailInvoice,2019-10-25 00:00:00,,2019-10-30 00:00:00,Retail Sale Voucher No.RSL/19-20/337,New,0
345,VH-01-101-11,1,101,338,RetailInvoice,2019-10-25 00:00:00,,2019-10-30 00:00:00,Retail Sale Voucher No.RSL/19-20/338,New,0
346,VH-01-101-12,1,101,339,RetailInvoice,2019-10-25 00:00:00,,2019-10-30 00:00:00,Retail Sale Voucher No.RSL/19-20/339,New,0
347,VH-01-101-13,1,101,340,RetailInvoice,2019-10-25 00:00:00,,2019-10-30 00:00:00,Retail Sale Voucher No.RSL/19-20/340,New,0
348,VH-01-101-14,1,101,341,RetailInvoice,2019-10-25 00:00:00,,2019-10-30 00:00:00,Retail Sale Voucher No.RSL/19-20/341,New,0
349,VH-01-101-15,1,101,342,RetailInvoice,2019-10-25 00:00:00,,2019-10-30 00:00:00,Retail Sale Voucher No.RSL/19-20/342,New,0
350,VH-01-101-16,1,101,343,RetailInvoice,2019-10-25 00:00:00,,2019-10-30 00:00:00,Retail Sale Voucher No.RSL/19-20/343,New,0
351,VH-01-101-17,1,101,344,RetailInvoice,2019-10-25 00:00:00,,2019-10-30 00:00:00,Retail Sale Voucher No.RSL/19-20/344,New,0
352,VH-01-101-18,1,101,345,RetailInvoice,2019-10-25 00:00:00,,2019-10-30 00:00:00,Retail Sale Voucher No.RSL/19-20/345,New,0
353,VH-01-101-19,1,101,346,RetailInvoice,2019-10-25 00:00:00,,2019-10-30 00:00:00,Retail Sale Voucher No.RSL/19-20/346,New,0
354,VH-01-101-20,1,101,347,RetailInvoice,2019-10-25 00:00:00,,2019-10-30 00:00:00,Retail Sale Voucher No.RSL/19-20/347,New,0
355,VH-01-101-21,1,101,348,RetailInvoice,2019-10-25 00:00:00,,2019-10-30 00:00:00,Retail Sale Voucher No.RSL/19-20/348,New,0
356,VH-01-101-22,1,101,349,RetailInvoice,2019-10-25 00:00:00,,2019-10-30 00:00:00,Retail Sale Voucher No.RSL/19-20/349,New,0
357,VH-01-101-23,1,101,350,RetailInvoice,2019-10-25 00:00:00,,2019-10-30 00:00:00,Retail Sale Voucher No.RSL/19-20/350,New,0
358,VH-01-101-24,1,101,351,RetailInvoice,2019-10-25 00:00:00,,2019-10-30 00:00:00,Retail Sale Voucher No.RSL/19-20/351,New,0
359,VH-01-101-25,1,101,352,RetailInvoice,2019-10-25 00:00:00,,2019-10-30 00:00:00,Retail Sale Voucher No.RSL/19-20/352,Modified,0
360,VH-01-101-26,1,101,353,RetailInvoice,2019-10-25 00:00:00,,2019-10-30 00:00:00,Retail Sale Voucher No.RSL/19-20/353,New,0
361,VH-01-101-27,1,101,354,RetailInvoice,2019-10-25 00:00:00,,2019-10-30 00:00:00,Retail Sale Voucher No.RSL/19-20/354,New,0
362,VH-01-101-28,1,101,355,RetailInvoice,2019-10-25 00:00:00,,2019-10-30 00:00:00,Retail Sale Voucher No.RSL/19-20/355,New,0
363,VH-01-101-29,1,101,356,RetailInvoice,2019-10-25 00:00:00,,2019-10-30 00:00:00,Retail Sale Voucher No.RSL/19-20/356,New,0
364,VH-01-101-1,1,101,357,RetailInvoice,2019-10-25 00:00:00,,2019-10-30 00:00:00,Retail Sale Voucher No.RSL/19-20/357,Modified,0
365,VH-01-101-1,1,101,358,RetailInvoice,2019-10-25 00:00:00,,2019-10-30 00:00:00,Retail Sale Voucher No.RSL/19-20/358,Modified,0
366,VH-01-101-2,1,101,359,RetailInvoice,2019-10-25 00:00:00,,2019-10-30 00:00:00,Retail Sale Voucher No.RSL/19-20/359,New,0
367,VH-01-101-3,1,101,360,RetailInvoice,2019-10-25 00:00:00,,2019-10-30 00:00:00,Retail Sale Voucher No.RSL/19-20/360,New,0
368,VH-01-101-4,1,101,361,RetailInvoice,2019-10-25 00:00:00,,2019-10-30 00:00:00,Retail Sale Voucher No.RSL/19-20/361,New,0
369,VH-01-101-1,1,101,362,RetailInvoice,2019-10-25 00:00:00,,2019-10-30 00:00:00,Retail Sale Voucher No.RSL/19-20/362,Modified,0
370,VH-01-101-2,1,101,363,RetailInvoice,2019-10-25 00:00:00,,2019-10-30 00:00:00,Retail Sale Voucher No.RSL/19-20/363,New,0
371,VH-01-101-3,1,101,364,RetailInvoice,2019-10-25 00:00:00,,2019-10-30 00:00:00,Retail Sale Voucher No.RSL/19-20/364,New,0
372,VH-01-101-4,1,101,365,RetailInvoice,2019-10-25 00:00:00,,2019-10-30 00:00:00,Retail Sale Voucher No.RSL/19-20/365,New,0
373,VH-01-101-5,1,101,366,RetailInvoice,2019-10-25 00:00:00,,2019-10-31 00:00:00,Retail Sale Voucher No.RSL/19-20/366,New,0
374,VH-01-101-6,1,101,367,RetailInvoice,2019-10-25 00:00:00,,2019-11-11 00:00:00,Retail Sale Voucher No.RSL/19-20/367,Modified,0
375,VH-01-101-1,1,101,368,RetailInvoice,2019-10-25 00:00:00,,2019-10-31 00:00:00,Retail Sale Voucher No.RSL/19-20/368,Modified,0
376,VH-01-101-2,1,101,369,RetailInvoice,2019-10-25 00:00:00,,2019-10-31 00:00:00,Retail Sale Voucher No.RSL/19-20/369,New,0
377,VH-01-101-3,1,101,370,RetailInvoice,2019-10-25 00:00:00,,2019-10-31 00:00:00,Retail Sale Voucher No.RSL/19-20/370,New,0
378,VH-01-101-4,1,101,371,RetailInvoice,2019-10-25 00:00:00,,2019-10-31 00:00:00,Retail Sale Voucher No.RSL/19-20/371,New,0
379,VH-01-101-5,1,101,372,RetailInvoice,2019-10-25 00:00:00,,2019-10-31 00:00:00,Retail Sale Voucher No.RSL/19-20/372,New,0
380,VH-01-101-1,1,101,373,RetailInvoice,2019-10-26 00:00:00,,2019-10-31 00:00:00,Retail Sale Voucher No.RSL/19-20/373,New,0
381,VH-01-101-2,1,101,374,RetailInvoice,2019-10-26 00:00:00,,2019-10-26 00:00:00,Retail Sale Voucher No.RSL/19-20/374,New,0
382,VH-01-101-3,1,101,375,RetailInvoice,2019-10-26 00:00:00,,2019-11-29 00:00:00,Retail Sale Voucher No.RSL/19-20/375,Modified,0
383,VH-01-101-4,1,101,376,RetailInvoice,2019-10-26 00:00:00,,2019-10-26 00:00:00,Retail Sale Voucher No.RSL/19-20/376,New,0
384,VH-01-101-5,1,101,377,RetailInvoice,2019-10-26 00:00:00,,2019-10-26 00:00:00,Retail Sale Voucher No.RSL/19-20/377,New,0
385,VH-01-101-6,1,101,378,RetailInvoice,2019-10-26 00:00:00,,2019-10-26 00:00:00,Retail Sale Voucher No.RSL/19-20/378,New,0
386,VH-01-101-7,1,101,379,RetailInvoice,2019-10-26 00:00:00,,2019-10-26 00:00:00,Retail Sale Voucher No.RSL/19-20/379,New,0
387,VH-01-101-8,1,101,380,RetailInvoice,2019-10-26 00:00:00,,2019-10-26 00:00:00,Retail Sale Voucher No.RSL/19-20/380,New,0
388,VH-01-101-9,1,101,381,RetailInvoice,2019-10-26 00:00:00,,2019-10-26 00:00:00,Retail Sale Voucher No.RSL/19-20/381,New,0
389,VH-01-101-10,1,101,382,RetailInvoice,2019-10-26 00:00:00,,2019-10-26 00:00:00,Retail Sale Voucher No.RSL/19-20/382,New,0
390,VH-01-101-11,1,101,383,RetailInvoice,2019-10-26 00:00:00,,2019-10-26 00:00:00,Retail Sale Voucher No.RSL/19-20/383,New,0
391,VH-01-101-12,1,101,384,RetailInvoice,2019-10-26 00:00:00,,2019-10-26 00:00:00,Retail Sale Voucher No.RSL/19-20/384,New,0
392,VH-01-101-13,1,101,385,RetailInvoice,2019-10-26 00:00:00,,2019-10-26 00:00:00,Retail Sale Voucher No.RSL/19-20/385,New,0
393,VH-01-101-14,1,101,386,RetailInvoice,2019-10-26 00:00:00,,2019-10-26 00:00:00,Retail Sale Voucher No.RSL/19-20/386,New,0
394,VH-01-101-15,1,101,387,RetailInvoice,2019-10-26 00:00:00,,2019-10-26 00:00:00,Retail Sale Voucher No.RSL/19-20/387,New,0
395,VH-01-101-16,1,101,388,RetailInvoice,2019-10-26 00:00:00,,2019-10-26 00:00:00,Retail Sale Voucher No.RSL/19-20/388,New,0
396,VH-01-101-17,1,101,389,RetailInvoice,2019-10-26 00:00:00,,2019-10-26 00:00:00,Retail Sale Voucher No.RSL/19-20/389,New,0
397,VH-01-101-18,1,101,390,RetailInvoice,2019-10-26 00:00:00,,2019-10-26 00:00:00,Retail Sale Voucher No.RSL/19-20/390,New,0
398,VH-01-101-19,1,101,391,RetailInvoice,2019-10-26 00:00:00,,2019-10-26 00:00:00,Retail Sale Voucher No.RSL/19-20/391,New,0
399,VH-01-101-20,1,101,392,RetailInvoice,2019-10-26 00:00:00,,2019-10-26 00:00:00,Retail Sale Voucher No.RSL/19-20/392,New,0
400,VH-01-101-21,1,101,393,RetailInvoice,2019-10-26 00:00:00,,2019-10-26 00:00:00,Retail Sale Voucher No.RSL/19-20/393,New,0
401,VH-01-101-22,1,101,394,RetailInvoice,2019-10-26 00:00:00,,2019-10-26 00:00:00,Retail Sale Voucher No.RSL/19-20/394,New,0
402,VH-01-101-23,1,101,395,RetailInvoice,2019-10-26 00:00:00,,2019-10-26 00:00:00,Retail Sale Voucher No.RSL/19-20/395,New,0
403,VH-01-101-24,1,101,396,RetailInvoice,2019-10-26 00:00:00,,2019-10-26 00:00:00,Retail Sale Voucher No.RSL/19-20/396,New,0
404,VH-01-101-25,1,101,397,RetailInvoice,2019-10-26 00:00:00,,2019-10-26 00:00:00,Retail Sale Voucher No.RSL/19-20/397,New,0
405,VH-01-101-1,1,101,398,RetailInvoice,2019-10-27 00:00:00,,2019-10-27 00:00:00,Retail Sale Voucher No.RSL/19-20/398,New,0
406,VH-01-101-2,1,101,399,RetailInvoice,2019-10-27 00:00:00,,2019-10-27 00:00:00,Retail Sale Voucher No.RSL/19-20/399,New,0
407,VH-01-101-3,1,101,400,RetailInvoice,2019-10-27 00:00:00,,2019-10-27 00:00:00,Retail Sale Voucher No.RSL/19-20/400,New,0
408,VH-01-101-4,1,101,401,RetailInvoice,2019-10-27 00:00:00,,2019-10-27 00:00:00,Retail Sale Voucher No.RSL/19-20/401,New,0
409,VH-01-101-5,1,101,402,RetailInvoice,2019-10-27 00:00:00,,2019-10-27 00:00:00,Retail Sale Voucher No.RSL/19-20/402,New,0
410,VH-01-101-6,1,101,403,RetailInvoice,2019-10-27 00:00:00,,2022-12-21 00:00:00,Retail Sale Voucher No.RSL/19-20/403,Modified,0
411,VH-01-101-7,1,101,404,RetailInvoice,2019-10-27 00:00:00,,2019-10-27 00:00:00,Retail Sale Voucher No.RSL/19-20/404,New,0
412,VH-01-101-8,1,101,405,RetailInvoice,2019-10-27 00:00:00,,2019-10-27 00:00:00,Retail Sale Voucher No.RSL/19-20/405,New,0
413,VH-01-101-1,1,101,406,RetailInvoice,2019-10-28 00:00:00,,2019-10-31 00:00:00,Retail Sale Voucher No.RSL/19-20/406,Modified,0
414,VH-01-101-1,1,101,407,RetailInvoice,2019-10-30 00:00:00,,2019-10-31 00:00:00,Retail Sale Voucher No.RSL/19-20/407,New,0
415,VH-01-101-1,1,101,408,RetailInvoice,2019-10-31 00:00:00,,2019-11-11 00:00:00,Retail Sale Voucher No.RSL/19-20/408,New,0
416,VH-01-101-1,1,101,409,RetailInvoice,2019-10-31 00:00:00,,2019-11-11 00:00:00,Retail Sale Voucher No.RSL/19-20/409,Modified,0
417,VH-01-101-2,1,101,410,RetailInvoice,2019-10-31 00:00:00,,2019-11-11 00:00:00,Retail Sale Voucher No.RSL/19-20/410,New,0
418,VH-01-101-3,1,101,411,RetailInvoice,2019-10-31 00:00:00,,2019-11-11 00:00:00,Retail Sale Voucher No.RSL/19-20/411,New,0
419,VH-01-101-1,1,101,412,RetailInvoice,2019-11-01 00:00:00,,2019-11-11 00:00:00,Retail Sale Voucher No.RSL/19-20/412,New,0
420,VH-01-101-2,1,101,413,RetailInvoice,2019-11-01 00:00:00,,2019-11-11 00:00:00,Retail Sale Voucher No.RSL/19-20/413,New,0
421,VH-01-101-1,1,101,414,RetailInvoice,2019-11-02 00:00:00,,2019-11-11 00:00:00,Retail Sale Voucher No.RSL/19-20/414,New,0
422,VH-01-101-1,1,101,415,RetailInvoice,2019-11-03 00:00:00,,2019-11-11 00:00:00,Retail Sale Voucher No.RSL/19-20/415,New,0
423,VH-01-101-1,1,101,416,RetailInvoice,2019-11-04 00:00:00,,2019-11-11 00:00:00,Retail Sale Voucher No.RSL/19-20/416,New,0
424,VH-01-101-1,1,101,417,RetailInvoice,2019-11-05 00:00:00,,2019-11-11 00:00:00,Retail Sale Voucher No.RSL/19-20/417,New,0
425,VH-01-101-1,1,101,418,RetailInvoice,2019-11-06 00:00:00,,2019-11-11 00:00:00,Retail Sale Voucher No.RSL/19-20/418,New,0
426,VH-01-101-2,1,101,419,RetailInvoice,2019-11-06 00:00:00,,2019-11-11 00:00:00,Retail Sale Voucher No.RSL/19-20/419,New,0
427,VH-01-101-1,1,101,420,RetailInvoice,2019-11-07 00:00:00,,2019-11-11 00:00:00,Retail Sale Voucher No.RSL/19-20/420,New,0
428,VH-01-101-1,1,101,421,RetailInvoice,2019-11-08 00:00:00,,2019-11-11 00:00:00,Retail Sale Voucher No.RSL/19-20/421,New,0
429,VH-01-101-1,1,101,422,RetailInvoice,2019-11-09 00:00:00,,2019-11-11 00:00:00,Retail Sale Voucher No.RSL/19-20/422,New,0
430,VH-01-101-1,1,101,423,RetailInvoice,2019-11-10 00:00:00,,2019-11-11 00:00:00,Retail Sale Voucher No.RSL/19-20/423,New,0
431,VH-01-101-1,1,101,424,RetailInvoice,2019-11-11 00:00:00,,2019-11-11 00:00:00,Retail Sale Voucher No.RSL/19-20/424,New,0
432,VH-01-101-2,1,101,425,RetailInvoice,2019-11-11 00:00:00,,2019-11-12 00:00:00,Retail Sale Voucher No.RSL/19-20/425,New,0
433,VH-01-101-3,1,101,426,RetailInvoice,2019-11-11 00:00:00,,2019-11-12 00:00:00,Retail Sale Voucher No.RSL/19-20/426,New,0
434,VH-01-101-4,1,101,427,RetailInvoice,2019-11-11 00:00:00,,2019-11-12 00:00:00,Retail Sale Voucher No.RSL/19-20/427,New,0
435,VH-01-101-1,1,101,428,RetailInvoice,2019-11-12 00:00:00,,2019-11-12 00:00:00,Retail Sale Voucher No.RSL/19-20/428,New,0
436,VH-01-101-2,1,101,429,RetailInvoice,2019-11-12 00:00:00,,2019-11-12 00:00:00,Retail Sale Voucher No.RSL/19-20/429,New,0
437,VH-01-101-3,1,101,430,RetailInvoice,2019-11-12 00:00:00,,2019-11-13 00:00:00,Retail Sale Voucher No.RSL/19-20/430,New,0
438,VH-01-101-4,1,101,431,RetailInvoice,2019-11-12 00:00:00,,2019-11-13 00:00:00,Retail Sale Voucher No.RSL/19-20/431,New,0
439,VH-01-101-1,1,101,432,RetailInvoice,2019-11-13 00:00:00,,2019-11-29 00:00:00,Retail Sale Voucher No.RSL/19-20/432,New,0
440,VH-01-101-2,1,101,433,RetailInvoice,2019-11-13 00:00:00,,2019-11-29 00:00:00,Retail Sale Voucher No.RSL/19-20/433,New,0
441,VH-01-101-1,1,101,434,RetailInvoice,2019-11-18 00:00:00,,2019-11-29 00:00:00,Retail Sale Voucher No.RSL/19-20/434,New,0
442,VH-01-101-2,1,101,435,RetailInvoice,2019-11-18 00:00:00,,2019-11-29 00:00:00,Retail Sale Voucher No.RSL/19-20/435,New,0
443,VH-01-101-3,1,101,436,RetailInvoice,2019-11-18 00:00:00,,2019-11-29 00:00:00,Retail Sale Voucher No.RSL/19-20/436,New,0
444,VH-01-101-1,1,101,437,RetailInvoice,2019-11-19 00:00:00,,2019-11-29 00:00:00,Retail Sale Voucher No.RSL/19-20/437,New,0
445,VH-01-101-2,1,101,438,RetailInvoice,2019-11-19 00:00:00,,2019-11-29 00:00:00,Retail Sale Voucher No.RSL/19-20/438,New,0
446,VH-01-101-1,1,101,439,RetailInvoice,2019-11-20 00:00:00,,2019-11-29 00:00:00,Retail Sale Voucher No.RSL/19-20/439,New,0
447,VH-01-101-2,1,101,440,RetailInvoice,2019-11-20 00:00:00,,2019-11-29 00:00:00,Retail Sale Voucher No.RSL/19-20/440,New,0
448,VH-01-101-1,1,101,441,RetailInvoice,2019-11-21 00:00:00,,2019-11-29 00:00:00,Retail Sale Voucher No.RSL/19-20/441,New,0
449,VH-01-101-1,1,101,442,RetailInvoice,2019-11-22 00:00:00,,2019-11-29 00:00:00,Retail Sale Voucher No.RSL/19-20/442,New,0
450,VH-01-101-1,1,101,443,RetailInvoice,2019-11-27 00:00:00,,2019-11-29 00:00:00,Retail Sale Voucher No.RSL/19-20/443,New,0
451,VH-01-101-2,1,101,444,RetailInvoice,2019-11-27 00:00:00,,2019-11-29 00:00:00,Retail Sale Voucher No.RSL/19-20/444,New,0
452,VH-01-101-1,1,101,445,RetailInvoice,2019-11-28 00:00:00,,2019-11-29 00:00:00,Retail Sale Voucher No.RSL/19-20/445,Modified,0
453,VH-01-101-2,1,101,446,RetailInvoice,2019-11-28 00:00:00,,2019-11-29 00:00:00,Retail Sale Voucher No.RSL/19-20/446,New,0
454,VH-01-101-1,1,101,447,RetailInvoice,2019-11-29 00:00:00,,2019-11-29 00:00:00,Retail Sale Voucher No.RSL/19-20/447,New,0
455,VH-01-101-2,1,101,448,RetailInvoice,2019-11-29 00:00:00,,2019-11-29 00:00:00,Retail Sale Voucher No.RSL/19-20/448,New,0
456,VH-01-101-1,1,101,6,OldMetalPurchase,2019-11-30 00:00:00,,2019-11-30 00:00:00,Old Purchase Voucher No - OLP/19-20/6,New,0
457,VH-01-101-3,1,101,449,RetailInvoice,2019-11-29 00:00:00,,2019-11-30 00:00:00,Retail Sale Voucher No.RSL/19-20/449,Modified,0
458,VH-01-101-2,1,101,450,RetailInvoice,2019-11-30 00:00:00,,2019-11-30 00:00:00,Retail Sale Voucher No.RSL/19-20/450,New,0
459,VH-01-101-1,1,101,451,RetailInvoice,2019-12-01 00:00:00,,2019-12-01 00:00:00,Retail Sale Voucher No.RSL/19-20/451,New,0
460,VH-01-101-2,1,101,452,RetailInvoice,2019-12-01 00:00:00,,2019-12-02 00:00:00,Retail Sale Voucher No.RSL/19-20/452,New,0
461,VH-01-101-3,1,101,453,RetailInvoice,2019-12-01 00:00:00,,2019-12-02 00:00:00,Retail Sale Voucher No.RSL/19-20/453,New,0
462,VH-01-101-1,1,101,454,RetailInvoice,2019-12-02 00:00:00,,2019-12-02 00:00:00,Retail Sale Voucher No.RSL/19-20/454,New,0
463,VH-01-101-2,1,101,455,RetailInvoice,2019-12-02 00:00:00,,2019-12-02 00:00:00,Retail Sale Voucher No.RSL/19-20/455,New,0
464,VH-01-101-1,1,101,456,RetailInvoice,2019-12-04 00:00:00,,2019-12-05 00:00:00,Retail Sale Voucher No.RSL/19-20/456,New,0
465,VH-01-101-2,1,101,457,RetailInvoice,2019-12-04 00:00:00,,2019-12-05 00:00:00,Retail Sale Voucher No.RSL/19-20/457,New,0
466,VH-01-101-3,1,101,458,RetailInvoice,2019-12-04 00:00:00,,2019-12-05 00:00:00,Retail Sale Voucher No.RSL/19-20/458,New,0
467,VH-01-101-1,1,101,459,RetailInvoice,2019-12-05 00:00:00,,2019-12-05 00:00:00,Retail Sale Voucher No.RSL/19-20/459,New,0
468,VH-01-101-2,1,101,460,RetailInvoice,2019-12-05 00:00:00,,2019-12-05 00:00:00,Retail Sale Voucher No.RSL/19-20/460,New,0
469,VH-01-101-3,1,101,461,RetailInvoice,2019-12-05 00:00:00,,2019-12-05 00:00:00,Retail Sale Voucher No.RSL/19-20/461,New,0
470,VH-01-101-1,1,101,462,RetailInvoice,2019-12-06 00:00:00,,2019-12-10 00:00:00,Retail Sale Voucher No.RSL/19-20/462,New,0
471,VH-01-101-1,1,101,463,RetailInvoice,2019-12-07 00:00:00,,2019-12-10 00:00:00,Retail Sale Voucher No.RSL/19-20/463,New,0
472,VH-01-101-2,1,101,464,RetailInvoice,2019-12-07 00:00:00,,2019-12-10 00:00:00,Retail Sale Voucher No.RSL/19-20/464,New,0
473,VH-01-101-1,1,101,465,RetailInvoice,2019-12-08 00:00:00,,2019-12-10 00:00:00,Retail Sale Voucher No.RSL/19-20/465,New,0
474,VH-01-101-1,1,101,466,RetailInvoice,2019-12-09 00:00:00,,2019-12-10 00:00:00,Retail Sale Voucher No.RSL/19-20/466,New,0
475,VH-01-101-2,1,101,467,RetailInvoice,2019-12-09 00:00:00,,2020-07-05 00:00:00,Retail Sale Voucher No.RSL/19-20/467,Modified,0
476,VH-01-101-1,1,101,468,RetailInvoice,2019-12-10 00:00:00,,2020-07-05 00:00:00,Retail Sale Voucher No.RSL/19-20/468,Modified,0
477,VH-01-101-1,1,101,469,RetailInvoice,2019-12-11 00:00:00,,2019-12-12 00:00:00,Retail Sale Voucher No.RSL/19-20/469,New,0
478,VH-01-101-1,1,101,470,RetailInvoice,2019-12-12 00:00:00,,2020-07-05 00:00:00,Retail Sale Voucher No.RSL/19-20/470,Modified,0
479,VH-01-101-1,1,101,471,RetailInvoice,2019-12-13 00:00:00,,2020-07-05 00:00:00,Retail Sale Voucher No.RSL/19-20/471,Modified,0
480,VH-01-101-1,1,101,472,RetailInvoice,2019-12-14 00:00:00,,2020-07-05 00:00:00,Retail Sale Voucher No.RSL/19-20/472,Modified,0
481,VH-01-101-1,1,101,473,RetailInvoice,2019-12-15 00:00:00,,2019-12-17 00:00:00,Retail Sale Voucher No.RSL/19-20/473,New,0
482,VH-01-101-1,1,101,474,RetailInvoice,2019-12-16 00:00:00,,2020-07-05 00:00:00,Retail Sale Voucher No.RSL/19-20/474,Modified,0
483,VH-01-101-1,1,101,475,RetailInvoice,2019-12-17 00:00:00,,2020-07-05 00:00:00,Retail Sale Voucher No.RSL/19-20/475,Modified,0
484,VH-01-101-1,1,101,476,RetailInvoice,2019-12-18 00:00:00,,2020-07-05 00:00:00,Retail Sale Voucher No.RSL/19-20/476,Modified,0
485,VH-01-101-1,1,101,477,RetailInvoice,2019-12-19 00:00:00,,2019-12-26 00:00:00,Retail Sale Voucher No.RSL/19-20/477,New,0
486,VH-01-101-1,1,101,478,RetailInvoice,2019-12-20 00:00:00,,2019-12-26 00:00:00,Retail Sale Voucher No.RSL/19-20/478,New,0
487,VH-01-101-1,1,101,479,RetailInvoice,2019-12-21 00:00:00,,2019-12-26 00:00:00,Retail Sale Voucher No.RSL/19-20/479,New,0
488,VH-01-101-1,1,101,480,RetailInvoice,2019-12-22 00:00:00,,2019-12-26 00:00:00,Retail Sale Voucher No.RSL/19-20/480,New,0
489,VH-01-101-1,1,101,481,RetailInvoice,2019-12-23 00:00:00,,2019-12-26 00:00:00,Retail Sale Voucher No.RSL/19-20/481,New,0
490,VH-01-101-1,1,101,482,RetailInvoice,2019-12-24 00:00:00,,2019-12-26 00:00:00,Retail Sale Voucher No.RSL/19-20/482,New,0
491,VH-01-101-2,1,101,483,RetailInvoice,2019-12-24 00:00:00,,2020-07-05 00:00:00,Retail Sale Voucher No.RSL/19-20/483,Modified,0
492,VH-01-101-1,1,101,484,RetailInvoice,2019-12-25 00:00:00,,2019-12-26 00:00:00,Retail Sale Voucher No.RSL/19-20/484,New,0
493,VH-01-101-2,1,101,485,RetailInvoice,2019-12-25 00:00:00,,2020-07-05 00:00:00,Retail Sale Voucher No.RSL/19-20/485,Modified,0
494,VH-01-101-1,1,101,486,RetailInvoice,2019-12-26 00:00:00,,2019-12-26 00:00:00,Retail Sale Voucher No.RSL/19-20/486,New,0
495,VH-01-101-1,1,101,487,RetailInvoice,2019-12-27 00:00:00,,2019-12-28 00:00:00,Retail Sale Voucher No.RSL/19-20/487,New,0
496,VH-01-101-1,1,101,488,RetailInvoice,2019-12-28 00:00:00,,2020-07-05 00:00:00,Retail Sale Voucher No.RSL/19-20/488,Modified,0
497,VH-01-101-1,1,101,489,RetailInvoice,2019-12-29 00:00:00,,2019-12-30 00:00:00,Retail Sale Voucher No.RSL/19-20/489,New,0
498,VH-01-101-1,1,101,490,RetailInvoice,2019-12-30 00:00:00,,2020-01-02 00:00:00,Retail Sale Voucher No.RSL/19-20/490,New,0
499,VH-01-101-1,1,101,491,RetailInvoice,2019-12-31 00:00:00,,2020-01-02 00:00:00,Retail Sale Voucher No.RSL/19-20/491,New,0
500,VH-01-101-2,1,101,492,RetailInvoice,2019-12-31 00:00:00,,2020-01-02 00:00:00,Retail Sale Voucher No.RSL/19-20/492,New,0
501,VH-01-101-1,1,101,493,RetailInvoice,2020-01-01 00:00:00,,2020-01-02 00:00:00,Retail Sale Voucher No.RSL/19-20/493,New,0
502,VH-01-101-1,1,101,494,RetailInvoice,2020-01-02 00:00:00,,2020-01-03 00:00:00,Retail Sale Voucher No.RSL/19-20/494,New,0
503,VH-01-101-1,1,101,495,RetailInvoice,2020-01-03 00:00:00,,2020-01-03 00:00:00,Retail Sale Voucher No.RSL/19-20/495,New,0
504,VH-01-101-2,1,101,496,RetailInvoice,2020-01-03 00:00:00,,2020-01-03 00:00:00,Retail Sale Voucher No.RSL/19-20/496,New,0
505,VH-01-101-3,1,101,497,RetailInvoice,2020-01-03 00:00:00,,2020-01-03 00:00:00,Retail Sale Voucher No.RSL/19-20/497,New,0
506,VH-01-101-1,1,101,498,RetailInvoice,2020-01-04 00:00:00,,2020-01-06 00:00:00,Retail Sale Voucher No.RSL/19-20/498,New,0
507,VH-01-101-1,1,101,499,RetailInvoice,2020-01-05 00:00:00,,2020-01-06 00:00:00,Retail Sale Voucher No.RSL/19-20/499,New,0
508,VH-01-101-1,1,101,500,RetailInvoice,2020-01-06 00:00:00,,2020-01-06 00:00:00,Retail Sale Voucher No.RSL/19-20/500,New,0
509,VH-01-101-2,1,101,501,RetailInvoice,2020-01-06 00:00:00,,2020-01-10 00:00:00,Retail Sale Voucher No.RSL/19-20/501,New,0
510,VH-01-101-3,1,101,502,RetailInvoice,2020-01-06 00:00:00,,2020-01-10 00:00:00,Retail Sale Voucher No.RSL/19-20/502,New,0
511,VH-01-101-4,1,101,503,RetailInvoice,2020-01-06 00:00:00,,2020-01-10 00:00:00,Retail Sale Voucher No.RSL/19-20/503,New,0
512,VH-01-101-1,1,101,504,RetailInvoice,2020-01-07 00:00:00,,2020-01-10 00:00:00,Retail Sale Voucher No.RSL/19-20/504,New,0
513,VH-01-101-2,1,101,505,RetailInvoice,2020-01-07 00:00:00,,2020-01-10 00:00:00,Retail Sale Voucher No.RSL/19-20/505,Modified,0
514,VH-01-101-1,1,101,506,RetailInvoice,2020-01-09 00:00:00,,2020-01-10 00:00:00,Retail Sale Voucher No.RSL/19-20/506,New,0
515,VH-01-101-1,1,101,507,RetailInvoice,2020-01-10 00:00:00,,2020-01-10 00:00:00,Retail Sale Voucher No.RSL/19-20/507,New,0
516,VH-01-101-2,1,101,508,RetailInvoice,2020-01-10 00:00:00,,2020-01-10 00:00:00,Retail Sale Voucher No.RSL/19-20/508,New,0
517,VH-01-101-1,1,101,509,RetailInvoice,2020-01-11 00:00:00,,2020-01-12 00:00:00,Retail Sale Voucher No.RSL/19-20/509,New,0
518,VH-01-101-2,1,101,510,RetailInvoice,2020-01-11 00:00:00,,2020-01-12 00:00:00,Retail Sale Voucher No.RSL/19-20/510,New,0
519,VH-01-101-1,1,101,511,RetailInvoice,2020-01-12 00:00:00,,2020-01-12 00:00:00,Retail Sale Voucher No.RSL/19-20/511,Modified,0
520,VH-01-101-2,1,101,512,RetailInvoice,2020-01-12 00:00:00,,2020-01-12 00:00:00,Retail Sale Voucher No.RSL/19-20/512,New,0
521,VH-01-101-3,1,101,513,RetailInvoice,2020-01-12 00:00:00,,2020-01-12 00:00:00,Retail Sale Voucher No.RSL/19-20/513,New,0
522,VH-01-101-4,1,101,514,RetailInvoice,2020-01-12 00:00:00,,2020-01-12 00:00:00,Retail Sale Voucher No.RSL/19-20/514,New,0
523,VH-01-101-5,1,101,515,RetailInvoice,2020-01-12 00:00:00,,2020-01-12 00:00:00,Retail Sale Voucher No.RSL/19-20/515,New,0
524,VH-01-101-6,1,101,516,RetailInvoice,2020-01-12 00:00:00,,2020-01-12 00:00:00,Retail Sale Voucher No.RSL/19-20/516,New,0
525,VH-01-101-1,1,101,517,RetailInvoice,2020-01-13 00:00:00,,2020-01-16 00:00:00,Retail Sale Voucher No.RSL/19-20/517,New,0
526,VH-01-101-1,1,101,518,RetailInvoice,2020-01-14 00:00:00,,2020-01-16 00:00:00,Retail Sale Voucher No.RSL/19-20/518,New,0
527,VH-01-101-2,1,101,519,RetailInvoice,2020-01-14 00:00:00,,2020-01-16 00:00:00,Retail Sale Voucher No.RSL/19-20/519,New,0
528,VH-01-101-1,1,101,520,RetailInvoice,2020-01-15 00:00:00,,2020-01-16 00:00:00,Retail Sale Voucher No.RSL/19-20/520,New,0
529,VH-01-101-1,1,101,521,RetailInvoice,2020-01-16 00:00:00,,2020-01-18 00:00:00,Retail Sale Voucher No.RSL/19-20/521,New,0
530,VH-01-101-2,1,101,522,RetailInvoice,2020-01-16 00:00:00,,2020-01-18 00:00:00,Retail Sale Voucher No.RSL/19-20/522,New,0
531,VH-01-101-1,1,101,523,RetailInvoice,2020-01-17 00:00:00,,2020-01-18 00:00:00,Retail Sale Voucher No.RSL/19-20/523,New,0
532,VH-01-101-2,1,101,524,RetailInvoice,2020-01-17 00:00:00,,2020-01-18 00:00:00,Retail Sale Voucher No.RSL/19-20/524,Modified,0
533,VH-01-101-3,1,101,525,RetailInvoice,2020-01-17 00:00:00,,2020-01-18 00:00:00,Retail Sale Voucher No.RSL/19-20/525,New,0
534,VH-01-101-1,1,101,526,RetailInvoice,2020-01-18 00:00:00,,2020-01-18 00:00:00,Retail Sale Voucher No.RSL/19-20/526,New,0
535,VH-01-101-2,1,101,527,RetailInvoice,2020-01-18 00:00:00,,2020-01-18 00:00:00,Retail Sale Voucher No.RSL/19-20/527,New,0
536,VH-01-101-3,1,101,528,RetailInvoice,2020-01-18 00:00:00,,2020-01-18 00:00:00,Retail Sale Voucher No.RSL/19-20/528,New,0
537,VH-01-101-1,1,101,529,RetailInvoice,2020-01-19 00:00:00,,2020-01-20 00:00:00,Retail Sale Voucher No.RSL/19-20/529,New,0
538,VH-01-101-2,1,101,530,RetailInvoice,2020-01-19 00:00:00,,2020-01-20 00:00:00,Retail Sale Voucher No.RSL/19-20/530,New,0
539,VH-01-101-3,1,101,531,RetailInvoice,2020-01-19 00:00:00,,2020-01-20 00:00:00,Retail Sale Voucher No.RSL/19-20/531,New,0
540,VH-01-101-1,1,101,532,RetailInvoice,2020-01-20 00:00:00,,2020-01-21 00:00:00,Retail Sale Voucher No.RSL/19-20/532,New,0
541,VH-01-101-1,1,101,533,RetailInvoice,2020-01-21 00:00:00,,2020-01-23 00:00:00,Retail Sale Voucher No.RSL/19-20/533,New,0
542,VH-01-101-2,1,101,534,RetailInvoice,2020-01-21 00:00:00,,2020-01-23 00:00:00,Retail Sale Voucher No.RSL/19-20/534,New,0
543,VH-01-101-1,1,101,535,RetailInvoice,2020-01-22 00:00:00,,2020-01-23 00:00:00,Retail Sale Voucher No.RSL/19-20/535,New,0
544,VH-01-101-2,1,101,536,RetailInvoice,2020-01-22 00:00:00,,2020-01-23 00:00:00,Retail Sale Voucher No.RSL/19-20/536,New,0
545,VH-01-101-3,1,101,537,RetailInvoice,2020-01-22 00:00:00,,2020-01-23 00:00:00,Retail Sale Voucher No.RSL/19-20/537,New,0
546,VH-01-101-1,1,101,538,RetailInvoice,2020-01-23 00:00:00,,2020-01-23 00:00:00,Retail Sale Voucher No.RSL/19-20/538,New,0
547,VH-01-101-2,1,101,539,RetailInvoice,2020-01-23 00:00:00,,2020-01-23 00:00:00,Retail Sale Voucher No.RSL/19-20/539,New,0
548,VH-01-101-3,1,101,540,RetailInvoice,2020-01-23 00:00:00,,2020-01-23 00:00:00,Retail Sale Voucher No.RSL/19-20/540,New,0
549,VH-01-101-4,1,101,541,RetailInvoice,2020-01-23 00:00:00,,2020-01-27 00:00:00,Retail Sale Voucher No.RSL/19-20/541,New,0
550,VH-01-101-1,1,101,542,RetailInvoice,2020-01-23 00:00:00,,2020-01-27 00:00:00,Retail Sale Voucher No.RSL/19-20/542,Modified,0
551,VH-01-101-1,1,101,543,RetailInvoice,2020-01-24 00:00:00,,2020-01-27 00:00:00,Retail Sale Voucher No.RSL/19-20/543,New,0
552,VH-01-101-2,1,101,544,RetailInvoice,2020-01-24 00:00:00,,2020-01-27 00:00:00,Retail Sale Voucher No.RSL/19-20/544,New,0
553,VH-01-101-3,1,101,545,RetailInvoice,2020-01-24 00:00:00,,2020-07-02 00:00:00,Retail Sale Voucher No.RSL/19-20/545,Modified,0
554,VH-01-101-4,1,101,546,RetailInvoice,2020-01-24 00:00:00,,2020-01-27 00:00:00,Retail Sale Voucher No.RSL/19-20/546,New,0
555,VH-01-101-5,1,101,547,RetailInvoice,2020-01-24 00:00:00,,2020-01-27 00:00:00,Retail Sale Voucher No.RSL/19-20/547,New,0
556,VH-01-101-1,1,101,548,RetailInvoice,2020-01-25 00:00:00,,2020-01-27 00:00:00,Retail Sale Voucher No.RSL/19-20/548,New,0
557,VH-01-101-2,1,101,549,RetailInvoice,2020-01-25 00:00:00,,2020-01-27 00:00:00,Retail Sale Voucher No.RSL/19-20/549,New,0
558,VH-01-101-1,1,101,550,RetailInvoice,2020-01-26 00:00:00,,2020-01-27 00:00:00,Retail Sale Voucher No.RSL/19-20/550,New,0
559,VH-01-101-1,1,101,551,RetailInvoice,2020-01-27 00:00:00,,2020-01-29 00:00:00,Retail Sale Voucher No.RSL/19-20/551,New,0
560,VH-01-101-2,1,101,552,RetailInvoice,2020-01-27 00:00:00,,2020-01-29 00:00:00,Retail Sale Voucher No.RSL/19-20/552,New,0
561,VH-01-101-3,1,101,553,RetailInvoice,2020-01-27 00:00:00,,2020-01-29 00:00:00,Retail Sale Voucher No.RSL/19-20/553,New,0
562,VH-01-101-1,1,101,554,RetailInvoice,2020-01-28 00:00:00,,2020-01-29 00:00:00,Retail Sale Voucher No.RSL/19-20/554,New,0
563,VH-01-101-1,1,101,555,RetailInvoice,2020-01-28 00:00:00,,2020-01-29 00:00:00,Retail Sale Voucher No.RSL/19-20/555,Modified,0
564,VH-01-101-2,1,101,556,RetailInvoice,2020-01-28 00:00:00,,2020-01-29 00:00:00,Retail Sale Voucher No.RSL/19-20/556,New,0
565,VH-01-101-3,1,101,557,RetailInvoice,2020-01-28 00:00:00,,2020-01-29 00:00:00,Retail Sale Voucher No.RSL/19-20/557,New,0
566,VH-01-101-1,1,101,558,RetailInvoice,2020-01-29 00:00:00,,2020-01-29 00:00:00,Retail Sale Voucher No.RSL/19-20/558,New,0
567,VH-01-101-2,1,101,559,RetailInvoice,2020-01-29 00:00:00,,2020-01-29 00:00:00,Retail Sale Voucher No.RSL/19-20/559,New,0
568,VH-01-101-1,1,101,560,RetailInvoice,2020-01-29 00:00:00,,2020-02-01 00:00:00,Retail Sale Voucher No.RSL/19-20/560,Modified,0
569,VH-01-101-2,1,101,561,RetailInvoice,2020-01-29 00:00:00,,2020-02-01 00:00:00,Retail Sale Voucher No.RSL/19-20/561,Modified,0
570,VH-01-101-1,1,101,562,RetailInvoice,2020-01-30 00:00:00,,2020-02-01 00:00:00,Retail Sale Voucher No.RSL/19-20/562,New,0
571,VH-01-101-1,1,101,563,RetailInvoice,2020-01-31 00:00:00,,2020-02-01 00:00:00,Retail Sale Voucher No.RSL/19-20/563,New,0
572,VH-01-101-2,1,101,564,RetailInvoice,2020-01-31 00:00:00,,2020-02-01 00:00:00,Retail Sale Voucher No.RSL/19-20/564,New,0
573,VH-01-101-1,1,101,565,RetailInvoice,2020-02-01 00:00:00,,2020-02-01 00:00:00,Retail Sale Voucher No.RSL/19-20/565,New,0
574,VH-01-101-2,1,101,566,RetailInvoice,2020-02-01 00:00:00,,2020-02-01 00:00:00,Retail Sale Voucher No.RSL/19-20/566,New,0
575,VH-01-101-3,1,101,567,RetailInvoice,2020-02-01 00:00:00,,2020-02-01 00:00:00,Retail Sale Voucher No.RSL/19-20/567,New,0
576,VH-01-101-4,1,101,568,RetailInvoice,2020-02-01 00:00:00,,2020-02-01 00:00:00,Retail Sale Voucher No.RSL/19-20/568,New,0
577,VH-01-101-1,1,101,569,RetailInvoice,2020-02-02 00:00:00,,2020-02-05 00:00:00,Retail Sale Voucher No.RSL/19-20/569,New,0
578,VH-01-101-2,1,101,570,RetailInvoice,2020-02-02 00:00:00,,2020-02-05 00:00:00,Retail Sale Voucher No.RSL/19-20/570,New,0
579,VH-01-101-1,1,101,571,RetailInvoice,2020-02-03 00:00:00,,2020-02-05 00:00:00,Retail Sale Voucher No.RSL/19-20/571,New,0
580,VH-01-101-2,1,101,572,RetailInvoice,2020-02-03 00:00:00,,2020-02-05 00:00:00,Retail Sale Voucher No.RSL/19-20/572,New,0
581,VH-01-101-1,1,101,573,RetailInvoice,2020-02-04 00:00:00,,2020-02-05 00:00:00,Retail Sale Voucher No.RSL/19-20/573,New,0
582,VH-01-101-2,1,101,574,RetailInvoice,2020-02-04 00:00:00,,2020-02-05 00:00:00,Retail Sale Voucher No.RSL/19-20/574,New,0
583,VH-01-101-3,1,101,575,RetailInvoice,2020-02-04 00:00:00,,2020-02-05 00:00:00,Retail Sale Voucher No.RSL/19-20/575,New,0
584,VH-01-101-1,1,101,576,RetailInvoice,2020-02-05 00:00:00,,2020-02-06 00:00:00,Retail Sale Voucher No.RSL/19-20/576,New,0
585,VH-01-101-2,1,101,577,RetailInvoice,2020-02-05 00:00:00,,2020-02-06 00:00:00,Retail Sale Voucher No.RSL/19-20/577,New,0
586,VH-01-101-3,1,101,578,RetailInvoice,2020-02-05 00:00:00,,2020-02-06 00:00:00,Retail Sale Voucher No.RSL/19-20/578,New,0
587,VH-01-101-4,1,101,579,RetailInvoice,2020-02-05 00:00:00,,2020-02-06 00:00:00,Retail Sale Voucher No.RSL/19-20/579,New,0
588,VH-01-101-5,1,101,580,RetailInvoice,2020-02-05 00:00:00,,2020-02-06 00:00:00,Retail Sale Voucher No.RSL/19-20/580,New,0
589,VH-01-101-6,1,101,581,RetailInvoice,2020-02-05 00:00:00,,2020-02-06 00:00:00,Retail Sale Voucher No.RSL/19-20/581,New,0
590,VH-01-101-1,1,101,582,RetailInvoice,2020-02-06 00:00:00,,2020-02-06 00:00:00,Retail Sale Voucher No.RSL/19-20/582,New,0
591,VH-01-101-2,1,101,583,RetailInvoice,2020-02-06 00:00:00,,2020-02-06 00:00:00,Retail Sale Voucher No.RSL/19-20/583,New,0
592,VH-01-101-3,1,101,584,RetailInvoice,2020-02-06 00:00:00,,2020-02-06 00:00:00,Retail Sale Voucher No.RSL/19-20/584,New,0
593,VH-01-101-1,1,101,585,RetailInvoice,2020-02-07 00:00:00,,2020-02-09 00:00:00,Retail Sale Voucher No.RSL/19-20/585,New,0
594,VH-01-101-2,1,101,586,RetailInvoice,2020-02-07 00:00:00,,2020-02-09 00:00:00,Retail Sale Voucher No.RSL/19-20/586,New,0
595,VH-01-101-3,1,101,587,RetailInvoice,2020-02-07 00:00:00,,2020-02-09 00:00:00,Retail Sale Voucher No.RSL/19-20/587,New,0
596,VH-01-101-1,1,101,588,RetailInvoice,2020-02-08 00:00:00,,2020-02-09 00:00:00,Retail Sale Voucher No.RSL/19-20/588,New,0
597,VH-01-101-2,1,101,589,RetailInvoice,2020-02-08 00:00:00,,2020-02-09 00:00:00,Retail Sale Voucher No.RSL/19-20/589,New,0
598,VH-01-101-1,1,101,590,RetailInvoice,2020-02-09 00:00:00,,2020-02-09 00:00:00,Retail Sale Voucher No.RSL/19-20/590,New,0
599,VH-01-101-1,1,101,591,RetailInvoice,2020-02-10 00:00:00,,2020-02-12 00:00:00,Retail Sale Voucher No.RSL/19-20/591,New,0
600,VH-01-101-2,1,101,592,RetailInvoice,2020-02-10 00:00:00,,2020-02-12 00:00:00,Retail Sale Voucher No.RSL/19-20/592,New,0
601,VH-01-101-3,1,101,593,RetailInvoice,2020-02-10 00:00:00,,2020-02-12 00:00:00,Retail Sale Voucher No.RSL/19-20/593,New,0
602,VH-01-101-1,1,101,594,RetailInvoice,2020-02-11 00:00:00,,2020-02-12 00:00:00,Retail Sale Voucher No.RSL/19-20/594,New,0
603,VH-01-101-1,1,101,595,RetailInvoice,2020-02-11 00:00:00,,2020-02-12 00:00:00,Retail Sale Voucher No.RSL/19-20/595,Modified,0
604,VH-01-101-2,1,101,596,RetailInvoice,2020-02-11 00:00:00,,2020-02-12 00:00:00,Retail Sale Voucher No.RSL/19-20/596,New,0
605,VH-01-101-3,1,101,597,RetailInvoice,2020-02-11 00:00:00,,2020-02-12 00:00:00,Retail Sale Voucher No.RSL/19-20/597,New,0
606,VH-01-101-1,1,101,598,RetailInvoice,2020-02-12 00:00:00,,2020-02-12 00:00:00,Retail Sale Voucher No.RSL/19-20/598,New,0
607,VH-01-101-2,1,101,599,RetailInvoice,2020-02-12 00:00:00,,2020-02-12 00:00:00,Retail Sale Voucher No.RSL/19-20/599,New,0
608,VH-01-101-1,1,101,600,RetailInvoice,2020-02-13 00:00:00,,2020-02-13 00:00:00,Retail Sale Voucher No.RSL/19-20/600,New,0
609,VH-01-101-2,1,101,601,RetailInvoice,2020-02-13 00:00:00,,2020-02-13 00:00:00,Retail Sale Voucher No.RSL/19-20/601,New,0
610,VH-01-101-3,1,101,602,RetailInvoice,2020-02-13 00:00:00,,2020-02-13 00:00:00,Retail Sale Voucher No.RSL/19-20/602,New,0
611,VH-01-101-1,1,101,603,RetailInvoice,2020-02-14 00:00:00,,2020-02-14 00:00:00,Retail Sale Voucher No.RSL/19-20/603,New,0
612,VH-01-101-2,1,101,604,RetailInvoice,2020-02-14 00:00:00,,2020-02-14 00:00:00,Retail Sale Voucher No.RSL/19-20/604,New,0
613,VH-01-101-3,1,101,605,RetailInvoice,2020-02-14 00:00:00,,2020-02-15 00:00:00,Retail Sale Voucher No.RSL/19-20/605,New,0
614,VH-01-101-4,1,101,606,RetailInvoice,2020-02-14 00:00:00,,2020-02-15 00:00:00,Retail Sale Voucher No.RSL/19-20/606,New,0
615,VH-01-101-5,1,101,607,RetailInvoice,2020-02-14 00:00:00,,2020-02-15 00:00:00,Retail Sale Voucher No.RSL/19-20/607,New,0
616,VH-01-101-1,1,101,608,RetailInvoice,2020-02-15 00:00:00,,2020-02-16 00:00:00,Retail Sale Voucher No.RSL/19-20/608,New,0
617,VH-01-101-1,1,101,609,RetailInvoice,2020-02-16 00:00:00,,2020-02-16 00:00:00,Retail Sale Voucher No.RSL/19-20/609,New,0
618,VH-01-101-1,1,101,610,RetailInvoice,2020-02-17 00:00:00,,2020-02-17 00:00:00,Retail Sale Voucher No.RSL/19-20/610,New,0
619,VH-01-101-1,1,101,611,RetailInvoice,2020-02-18 00:00:00,,2020-02-19 00:00:00,Retail Sale Voucher No.RSL/19-20/611,New,0
620,VH-01-101-2,1,101,612,RetailInvoice,2020-02-18 00:00:00,,2020-02-19 00:00:00,Retail Sale Voucher No.RSL/19-20/612,New,0
621,VH-01-101-3,1,101,613,RetailInvoice,2020-02-18 00:00:00,,2020-02-19 00:00:00,Retail Sale Voucher No.RSL/19-20/613,New,0
622,VH-01-101-1,1,101,614,RetailInvoice,2020-02-18 00:00:00,,2020-02-19 00:00:00,Retail Sale Voucher No.RSL/19-20/614,Modified,0
623,VH-01-101-1,1,101,615,RetailInvoice,2020-02-19 00:00:00,,2020-02-20 00:00:00,Retail Sale Voucher No.RSL/19-20/615,New,0
624,VH-01-101-2,1,101,616,RetailInvoice,2020-02-19 00:00:00,,2020-02-20 00:00:00,Retail Sale Voucher No.RSL/19-20/616,New,0
625,VH-01-101-1,1,101,617,RetailInvoice,2020-02-20 00:00:00,,2020-02-20 00:00:00,Retail Sale Voucher No.RSL/19-20/617,New,0
626,VH-01-101-1,1,101,618,RetailInvoice,2020-02-21 00:00:00,,2020-02-23 00:00:00,Retail Sale Voucher No.RSL/19-20/618,New,0
627,VH-01-101-2,1,101,619,RetailInvoice,2020-02-21 00:00:00,,2020-02-23 00:00:00,Retail Sale Voucher No.RSL/19-20/619,New,0
628,VH-01-101-3,1,101,620,RetailInvoice,2020-02-21 00:00:00,,2020-02-23 00:00:00,Retail Sale Voucher No.RSL/19-20/620,New,0
629,VH-01-101-1,1,101,621,RetailInvoice,2020-02-22 00:00:00,,2020-02-23 00:00:00,Retail Sale Voucher No.RSL/19-20/621,New,0
630,VH-01-101-2,1,101,622,RetailInvoice,2020-02-22 00:00:00,,2020-02-23 00:00:00,Retail Sale Voucher No.RSL/19-20/622,New,0
631,VH-01-101-3,1,101,623,RetailInvoice,2020-02-22 00:00:00,,2020-02-23 00:00:00,Retail Sale Voucher No.RSL/19-20/623,New,0
632,VH-01-101-4,1,101,624,RetailInvoice,2020-02-22 00:00:00,,2020-02-23 00:00:00,Retail Sale Voucher No.RSL/19-20/624,New,0
633,VH-01-101-5,1,101,625,RetailInvoice,2020-02-22 00:00:00,,2020-02-23 00:00:00,Retail Sale Voucher No.RSL/19-20/625,New,0
634,VH-01-101-6,1,101,626,RetailInvoice,2020-02-22 00:00:00,,2020-02-23 00:00:00,Retail Sale Voucher No.RSL/19-20/626,New,0
635,VH-01-101-1,1,101,627,RetailInvoice,2020-02-23 00:00:00,,2020-02-24 00:00:00,Retail Sale Voucher No.RSL/19-20/627,New,0
636,VH-01-101-2,1,101,628,RetailInvoice,2020-02-23 00:00:00,,2020-02-24 00:00:00,Retail Sale Voucher No.RSL/19-20/628,New,0
637,VH-01-101-3,1,101,629,RetailInvoice,2020-02-23 00:00:00,,2020-02-24 00:00:00,Retail Sale Voucher No.RSL/19-20/629,New,0
638,VH-01-101-1,1,101,630,RetailInvoice,2020-02-24 00:00:00,,2020-02-24 00:00:00,Retail Sale Voucher No.RSL/19-20/630,New,0
639,VH-01-101-2,1,101,631,RetailInvoice,2020-02-24 00:00:00,,2020-02-24 00:00:00,Retail Sale Voucher No.RSL/19-20/631,New,0
640,VH-01-101-3,1,101,632,RetailInvoice,2020-02-24 00:00:00,,2020-02-24 00:00:00,Retail Sale Voucher No.RSL/19-20/632,New,0
641,VH-01-101-4,1,101,633,RetailInvoice,2020-02-24 00:00:00,,2020-02-24 00:00:00,Retail Sale Voucher No.RSL/19-20/633,New,0
642,VH-01-101-5,1,101,634,RetailInvoice,2020-02-24 00:00:00,,2020-02-24 00:00:00,Retail Sale Voucher No.RSL/19-20/634,New,0
643,VH-01-101-6,1,101,635,RetailInvoice,2020-02-24 00:00:00,,2020-02-24 00:00:00,Retail Sale Voucher No.RSL/19-20/635,New,0
644,VH-01-101-1,1,101,636,RetailInvoice,2020-02-25 00:00:00,,2020-02-25 00:00:00,Retail Sale Voucher No.RSL/19-20/636,New,0
645,VH-01-101-2,1,101,637,RetailInvoice,2020-02-25 00:00:00,,2020-02-25 00:00:00,Retail Sale Voucher No.RSL/19-20/637,New,0
646,VH-01-101-1,1,101,638,RetailInvoice,2020-02-26 00:00:00,,2020-02-26 00:00:00,Retail Sale Voucher No.RSL/19-20/638,New,0
647,VH-01-101-2,1,101,639,RetailInvoice,2020-02-26 00:00:00,,2020-02-26 00:00:00,Retail Sale Voucher No.RSL/19-20/639,New,0
648,VH-01-101-3,1,101,640,RetailInvoice,2020-02-26 00:00:00,,2020-02-26 00:00:00,Retail Sale Voucher No.RSL/19-20/640,New,0
649,VH-01-101-4,1,101,641,RetailInvoice,2020-02-26 00:00:00,,2020-02-26 00:00:00,Retail Sale Voucher No.RSL/19-20/641,New,0
650,VH-01-101-5,1,101,642,RetailInvoice,2020-02-26 00:00:00,,2020-02-27 00:00:00,Retail Sale Voucher No.RSL/19-20/642,New,0
651,VH-01-101-1,1,101,643,RetailInvoice,2020-02-27 00:00:00,,2020-02-27 00:00:00,Retail Sale Voucher No.RSL/19-20/643,New,0
652,VH-01-101-1,1,101,644,RetailInvoice,2020-02-28 00:00:00,,2020-02-28 00:00:00,Retail Sale Voucher No.RSL/19-20/644,New,0
653,VH-01-101-2,1,101,645,RetailInvoice,2020-02-28 00:00:00,,2020-02-28 00:00:00,Retail Sale Voucher No.RSL/19-20/645,New,0
654,VH-01-101-1,1,101,646,RetailInvoice,2020-02-29 00:00:00,,2020-03-01 00:00:00,Retail Sale Voucher No.RSL/19-20/646,New,0
655,VH-01-101-1,1,101,647,RetailInvoice,2020-02-29 00:00:00,,2020-03-01 00:00:00,Retail Sale Voucher No.RSL/19-20/647,Modified,0
656,VH-01-101-2,1,101,648,RetailInvoice,2020-02-29 00:00:00,,2020-03-01 00:00:00,Retail Sale Voucher No.RSL/19-20/648,New,0
657,VH-01-101-3,1,101,649,RetailInvoice,2020-02-29 00:00:00,,2020-03-01 00:00:00,Retail Sale Voucher No.RSL/19-20/649,New,0
658,VH-01-101-1,1,101,650,RetailInvoice,2020-03-01 00:00:00,,2020-03-01 00:00:00,Retail Sale Voucher No.RSL/19-20/650,Modified,0
659,VH-01-101-2,1,101,651,RetailInvoice,2020-03-01 00:00:00,,2020-03-01 00:00:00,Retail Sale Voucher No.RSL/19-20/651,New,0
660,VH-01-101-3,1,101,652,RetailInvoice,2020-03-01 00:00:00,,2020-03-01 00:00:00,Retail Sale Voucher No.RSL/19-20/652,New,0
661,VH-01-101-4,1,101,653,RetailInvoice,2020-03-01 00:00:00,,2020-03-01 00:00:00,Retail Sale Voucher No.RSL/19-20/653,New,0
662,VH-01-101-1,1,101,654,RetailInvoice,2020-03-02 00:00:00,,2020-03-03 00:00:00,Retail Sale Voucher No.RSL/19-20/654,Modified,0
663,VH-01-101-1,1,101,655,RetailInvoice,2020-03-03 00:00:00,,2020-03-03 00:00:00,Retail Sale Voucher No.RSL/19-20/655,New,0
664,VH-01-101-2,1,101,656,RetailInvoice,2020-03-03 00:00:00,,2020-03-03 00:00:00,Retail Sale Voucher No.RSL/19-20/656,New,0
665,VH-01-101-3,1,101,657,RetailInvoice,2020-03-03 00:00:00,,2020-03-04 00:00:00,Retail Sale Voucher No.RSL/19-20/657,New,0
666,VH-01-101-1,1,101,658,RetailInvoice,2020-03-04 00:00:00,,2020-03-04 00:00:00,Retail Sale Voucher No.RSL/19-20/658,New,0
667,VH-01-101-2,1,101,659,RetailInvoice,2020-03-04 00:00:00,,2020-03-04 00:00:00,Retail Sale Voucher No.RSL/19-20/659,New,0
668,VH-01-101-1,1,101,660,RetailInvoice,2020-03-05 00:00:00,,2020-03-06 00:00:00,Retail Sale Voucher No.RSL/19-20/660,New,0
669,VH-01-101-2,1,101,661,RetailInvoice,2020-03-05 00:00:00,,2020-03-06 00:00:00,Retail Sale Voucher No.RSL/19-20/661,New,0
670,VH-01-101-3,1,101,662,RetailInvoice,2020-03-05 00:00:00,,2020-03-06 00:00:00,Retail Sale Voucher No.RSL/19-20/662,New,0
671,VH-01-101-1,1,101,663,RetailInvoice,2020-03-06 00:00:00,,2020-03-06 00:00:00,Retail Sale Voucher No.RSL/19-20/663,New,0
672,VH-01-101-2,1,101,664,RetailInvoice,2020-03-06 00:00:00,,2020-03-08 00:00:00,Retail Sale Voucher No.RSL/19-20/664,New,0
673,VH-01-101-3,1,101,665,RetailInvoice,2020-03-06 00:00:00,,2020-03-08 00:00:00,Retail Sale Voucher No.RSL/19-20/665,New,0
674,VH-01-101-1,1,101,666,RetailInvoice,2020-03-07 00:00:00,,2020-03-08 00:00:00,Retail Sale Voucher No.RSL/19-20/666,New,0
675,VH-01-101-2,1,101,667,RetailInvoice,2020-03-07 00:00:00,,2020-03-08 00:00:00,Retail Sale Voucher No.RSL/19-20/667,New,0
676,VH-01-101-1,1,101,668,RetailInvoice,2020-03-08 00:00:00,,2020-03-12 00:00:00,Retail Sale Voucher No.RSL/19-20/668,New,0
677,VH-01-101-1,1,101,669,RetailInvoice,2020-03-09 00:00:00,,2020-03-12 00:00:00,Retail Sale Voucher No.RSL/19-20/669,New,0
678,VH-01-101-2,1,101,670,RetailInvoice,2020-03-09 00:00:00,,2020-03-12 00:00:00,Retail Sale Voucher No.RSL/19-20/670,New,0
679,VH-01-101-3,1,101,671,RetailInvoice,2020-03-09 00:00:00,,2020-03-12 00:00:00,Retail Sale Voucher No.RSL/19-20/671,New,0
680,VH-01-101-1,1,101,672,RetailInvoice,2020-03-11 00:00:00,,2020-03-12 00:00:00,Retail Sale Voucher No.RSL/19-20/672,New,0
681,VH-01-101-1,1,101,673,RetailInvoice,2020-03-12 00:00:00,,2020-03-12 00:00:00,Retail Sale Voucher No.RSL/19-20/673,New,0
682,VH-01-101-1,1,101,674,RetailInvoice,2020-03-13 00:00:00,,2020-03-15 00:00:00,Retail Sale Voucher No.RSL/19-20/674,New,0
683,VH-01-101-1,1,101,675,RetailInvoice,2020-03-14 00:00:00,,2020-03-15 00:00:00,Retail Sale Voucher No.RSL/19-20/675,New,0
684,VH-01-101-1,1,101,676,RetailInvoice,2020-03-15 00:00:00,,2020-03-15 00:00:00,Retail Sale Voucher No.RSL/19-20/676,New,0
685,VH-01-101-1,1,101,677,RetailInvoice,2020-03-16 00:00:00,,2020-03-16 00:00:00,Retail Sale Voucher No.RSL/19-20/677,New,0
686,VH-01-101-2,1,101,678,RetailInvoice,2020-03-16 00:00:00,,2020-03-16 00:00:00,Retail Sale Voucher No.RSL/19-20/678,New,0
687,VH-01-101-3,1,101,679,RetailInvoice,2020-03-16 00:00:00,,2020-03-18 00:00:00,Retail Sale Voucher No.RSL/19-20/679,New,0
688,VH-01-101-1,1,101,680,RetailInvoice,2020-03-17 00:00:00,,2020-03-18 00:00:00,Retail Sale Voucher No.RSL/19-20/680,New,0
689,VH-01-101-2,1,101,681,RetailInvoice,2020-03-17 00:00:00,,2020-03-18 00:00:00,Retail Sale Voucher No.RSL/19-20/681,New,0
690,VH-01-101-3,1,101,682,RetailInvoice,2020-03-17 00:00:00,,2020-03-18 00:00:00,Retail Sale Voucher No.RSL/19-20/682,New,0
691,VH-01-101-1,1,101,683,RetailInvoice,2020-03-20 00:00:00,,2020-05-06 00:00:00,Retail Sale Voucher No.RSL/19-20/683,New,0
693,VH-02-101-1,2,101,685,RetailInvoice,2020-05-09 00:00:00,,2020-05-15 00:00:00,Retail Sale Voucher No.RSL/20-21/1,New,0
694,VH-02-101-1,2,101,686,RetailInvoice,2020-05-16 00:00:00,,2020-05-16 00:00:00,Retail Sale Voucher No.RSL/20-21/2,New,0
695,VH-02-101-1,2,101,687,RetailInvoice,2020-05-22 00:00:00,,2020-05-22 00:00:00,Retail Sale Voucher No.RSL/20-21/3,New,0
696,VH-02-101-2,2,101,688,RetailInvoice,2020-05-22 00:00:00,,2020-05-25 00:00:00,Retail Sale Voucher No.RSL/20-21/4,New,0
697,VH-02-101-1,2,101,689,RetailInvoice,2020-05-27 00:00:00,,2020-05-27 00:00:00,Retail Sale Voucher No.RSL/20-21/5,New,0
698,VH-02-101-1,2,101,690,RetailInvoice,2020-05-29 00:00:00,,2020-05-30 00:00:00,Retail Sale Voucher No.RSL/20-21/6,New,0
699,VH-02-101-1,2,101,691,RetailInvoice,2020-06-04 00:00:00,,2020-06-04 00:00:00,Retail Sale Voucher No.RSL/20-21/7,New,0
700,VH-02-101-1,2,101,692,RetailInvoice,2020-06-05 00:00:00,,2020-06-05 00:00:00,Retail Sale Voucher No.RSL/20-21/8,New,0
701,VH-02-101-2,2,101,693,RetailInvoice,2020-06-05 00:00:00,,2020-06-05 00:00:00,Retail Sale Voucher No.RSL/20-21/9,New,0
702,VH-02-101-3,2,101,694,RetailInvoice,2020-06-05 00:00:00,,2020-06-05 00:00:00,Retail Sale Voucher No.RSL/20-21/10,New,0
703,VH-02-101-1,2,101,695,RetailInvoice,2020-06-08 00:00:00,,2020-06-10 00:00:00,Retail Sale Voucher No.RSL/20-21/11,New,0
704,VH-02-101-1,2,101,696,RetailInvoice,2020-06-09 00:00:00,,2020-06-10 00:00:00,Retail Sale Voucher No.RSL/20-21/12,New,0
705,VH-02-101-1,2,101,697,RetailInvoice,2020-06-10 00:00:00,,2020-06-10 00:00:00,Retail Sale Voucher No.RSL/20-21/13,New,0
706,VH-02-101-1,2,101,698,RetailInvoice,2020-06-17 00:00:00,,2020-06-17 00:00:00,Retail Sale Voucher No.RSL/20-21/14,New,0
707,VH-02-101-2,2,101,699,RetailInvoice,2020-06-17 00:00:00,,2020-06-17 00:00:00,Retail Sale Voucher No.RSL/20-21/15,New,0
708,VH-02-101-1,2,101,700,RetailInvoice,2020-06-18 00:00:00,,2020-06-19 00:00:00,Retail Sale Voucher No.RSL/20-21/16,Modified,0
709,VH-02-101-2,2,101,701,RetailInvoice,2020-06-18 00:00:00,,2020-06-19 00:00:00,Retail Sale Voucher No.RSL/20-21/17,New,0
710,VH-02-101-3,2,101,702,RetailInvoice,2020-06-18 00:00:00,,2020-06-19 00:00:00,Retail Sale Voucher No.RSL/20-21/18,New,0
711,VH-02-101-1,2,101,703,RetailInvoice,2020-06-22 00:00:00,,2020-06-22 00:00:00,Retail Sale Voucher No.RSL/20-21/19,New,0
712,VH-02-101-2,2,101,704,RetailInvoice,2020-06-22 00:00:00,,2020-06-22 00:00:00,Retail Sale Voucher No.RSL/20-21/20,New,0
713,VH-02-101-1,2,101,705,RetailInvoice,2020-06-23 00:00:00,,2020-06-23 00:00:00,Retail Sale Voucher No.RSL/20-21/21,New,0
714,VH-02-101-1,2,101,706,RetailInvoice,2020-06-24 00:00:00,,2020-06-24 00:00:00,Retail Sale Voucher No.RSL/20-21/22,New,0
715,VH-02-101-2,2,101,707,RetailInvoice,2020-06-24 00:00:00,,2020-06-24 00:00:00,Retail Sale Voucher No.RSL/20-21/23,New,0
716,VH-02-101-1,2,101,708,RetailInvoice,2020-06-25 00:00:00,,2020-06-30 00:00:00,Retail Sale Voucher No.RSL/20-21/24,New,0
717,VH-02-101-2,2,101,709,RetailInvoice,2020-06-25 00:00:00,,2020-06-30 00:00:00,Retail Sale Voucher No.RSL/20-21/25,New,0
718,VH-02-101-1,2,101,710,RetailInvoice,2020-06-26 00:00:00,,2020-06-30 00:00:00,Retail Sale Voucher No.RSL/20-21/26,New,0
719,VH-02-101-1,2,101,711,RetailInvoice,2020-06-29 00:00:00,,2020-06-30 00:00:00,Retail Sale Voucher No.RSL/20-21/27,New,0
720,VH-02-101-2,2,101,712,RetailInvoice,2020-06-29 00:00:00,,2020-06-30 00:00:00,Retail Sale Voucher No.RSL/20-21/28,New,0
721,VH-02-101-1,2,101,713,RetailInvoice,2020-06-30 00:00:00,,2020-06-30 00:00:00,Retail Sale Voucher No.RSL/20-21/29,New,0
722,VH-02-101-2,2,101,714,RetailInvoice,2020-06-30 00:00:00,,2020-06-30 00:00:00,Retail Sale Voucher No.RSL/20-21/30,New,0
723,VH-02-101-1,2,101,715,RetailInvoice,2020-07-01 00:00:00,,2020-07-01 00:00:00,Retail Sale Voucher No.RSL/20-21/31,New,0
724,VH-02-101-1,2,101,716,RetailInvoice,2020-07-02 00:00:00,,2020-07-03 00:00:00,Retail Sale Voucher No.RSL/20-21/32,New,0
725,VH-02-101-1,2,101,717,RetailInvoice,2020-07-03 00:00:00,,2020-07-06 00:00:00,Retail Sale Voucher No.RSL/20-21/33,New,0
726,VH-02-101-1,2,101,718,RetailInvoice,2020-07-06 00:00:00,,2020-07-06 00:00:00,Retail Sale Voucher No.RSL/20-21/34,New,0
727,VH-02-101-1,2,101,719,RetailInvoice,2020-07-07 00:00:00,,2020-07-07 00:00:00,Retail Sale Voucher No.RSL/20-21/35,New,0
728,VH-02-101-2,2,101,720,RetailInvoice,2020-07-07 00:00:00,,2020-07-07 00:00:00,Retail Sale Voucher No.RSL/20-21/36,New,0
729,VH-02-101-1,2,101,721,RetailInvoice,2020-07-08 00:00:00,,2020-07-09 00:00:00,Retail Sale Voucher No.RSL/20-21/37,New,0
730,VH-02-101-1,2,101,722,RetailInvoice,2020-07-09 00:00:00,,2020-07-10 00:00:00,Retail Sale Voucher No.RSL/20-21/38,Modified,0
731,VH-02-101-2,2,101,723,RetailInvoice,2020-07-09 00:00:00,,2020-07-10 00:00:00,Retail Sale Voucher No.RSL/20-21/39,New,0
732,VH-02-101-3,2,101,724,RetailInvoice,2020-07-09 00:00:00,,2020-07-10 00:00:00,Retail Sale Voucher No.RSL/20-21/40,Modified,0
733,VH-02-101-1,2,101,725,RetailInvoice,2020-07-10 00:00:00,,2020-07-10 00:00:00,Retail Sale Voucher No.RSL/20-21/41,New,0
734,VH-02-101-2,2,101,726,RetailInvoice,2020-07-10 00:00:00,,2020-07-10 00:00:00,Retail Sale Voucher No.RSL/20-21/42,New,0
735,VH-02-101-1,2,101,727,RetailInvoice,2020-07-13 00:00:00,,2020-07-13 00:00:00,Retail Sale Voucher No.RSL/20-21/43,New,0
736,VH-02-101-2,2,101,728,RetailInvoice,2020-07-13 00:00:00,,2020-07-13 00:00:00,Retail Sale Voucher No.RSL/20-21/44,New,0
737,VH-02-101-3,2,101,729,RetailInvoice,2020-07-13 00:00:00,,2020-07-13 00:00:00,Retail Sale Voucher No.RSL/20-21/45,New,0
738,VH-02-101-4,2,101,730,RetailInvoice,2020-07-13 00:00:00,,2020-07-13 00:00:00,Retail Sale Voucher No.RSL/20-21/46,New,0
739,VH-02-101-1,2,101,731,RetailInvoice,2020-07-14 00:00:00,,2020-07-15 00:00:00,Retail Sale Voucher No.RSL/20-21/47,New,0
740,VH-02-101-2,2,101,732,RetailInvoice,2020-07-14 00:00:00,,2020-07-15 00:00:00,Retail Sale Voucher No.RSL/20-21/48,New,0
741,VH-02-101-3,2,101,733,RetailInvoice,2020-07-14 00:00:00,,2020-07-15 00:00:00,Retail Sale Voucher No.RSL/20-21/49,New,0
742,VH-02-101-1,2,101,734,RetailInvoice,2020-07-15 00:00:00,,2020-07-15 00:00:00,Retail Sale Voucher No.RSL/20-21/50,New,0
743,VH-02-101-2,2,101,735,RetailInvoice,2020-07-15 00:00:00,,2020-07-16 00:00:00,Retail Sale Voucher No.RSL/20-21/51,New,0
744,VH-02-101-1,2,101,736,RetailInvoice,2020-07-15 00:00:00,,2020-07-17 00:00:00,Retail Sale Voucher No.RSL/20-21/52,Modified,0
745,VH-02-101-1,2,101,737,RetailInvoice,2020-07-16 00:00:00,,2020-07-17 00:00:00,Retail Sale Voucher No.RSL/20-21/53,New,0
746,VH-02-101-2,2,101,738,RetailInvoice,2020-07-16 00:00:00,,2020-07-17 00:00:00,Retail Sale Voucher No.RSL/20-21/54,New,0
747,VH-02-101-1,2,101,739,RetailInvoice,2020-07-17 00:00:00,,2020-07-17 00:00:00,Retail Sale Voucher No.RSL/20-21/55,New,0
748,VH-02-101-2,2,101,740,RetailInvoice,2020-07-17 00:00:00,,2020-07-17 00:00:00,Retail Sale Voucher No.RSL/20-21/56,New,0
749,VH-02-101-3,2,101,741,RetailInvoice,2020-07-17 00:00:00,,2020-07-17 00:00:00,Retail Sale Voucher No.RSL/20-21/57,New,0
750,VH-02-101-4,2,101,742,RetailInvoice,2020-07-17 00:00:00,,2020-07-17 00:00:00,Retail Sale Voucher No.RSL/20-21/58,New,0
751,VH-02-101-5,2,101,743,RetailInvoice,2020-07-17 00:00:00,,2020-08-02 00:00:00,Retail Sale Voucher No.RSL/20-21/59,New,0
752,VH-02-101-1,2,101,744,RetailInvoice,2020-08-03 00:00:00,,2020-08-04 00:00:00,Retail Sale Voucher No.RSL/20-21/60,New,0
753,VH-02-101-1,2,101,745,RetailInvoice,2020-08-04 00:00:00,,2020-08-06 00:00:00,Retail Sale Voucher No.RSL/20-21/61,New,0
754,VH-02-101-1,2,101,746,RetailInvoice,2020-08-05 00:00:00,,2020-08-06 00:00:00,Retail Sale Voucher No.RSL/20-21/62,New,0
755,VH-02-101-1,2,101,747,RetailInvoice,2020-08-06 00:00:00,,2020-08-06 00:00:00,Retail Sale Voucher No.RSL/20-21/63,New,0
756,VH-02-101-2,2,101,748,RetailInvoice,2020-08-06 00:00:00,,2020-08-07 00:00:00,Retail Sale Voucher No.RSL/20-21/64,New,0
757,VH-02-101-1,2,101,749,RetailInvoice,2020-08-07 00:00:00,,2020-08-10 00:00:00,Retail Sale Voucher No.RSL/20-21/65,New,0
758,VH-02-101-1,2,101,750,RetailInvoice,2020-08-10 00:00:00,,2020-08-12 00:00:00,Retail Sale Voucher No.RSL/20-21/66,Modified,0
759,VH-02-101-2,2,101,751,RetailInvoice,2020-08-10 00:00:00,,2020-08-12 00:00:00,Retail Sale Voucher No.RSL/20-21/67,Modified,0
760,VH-02-101-1,2,101,752,RetailInvoice,2020-08-11 00:00:00,,2020-08-17 00:00:00,Retail Sale Voucher No.RSL/20-21/68,Modified,0
761,VH-02-101-1,2,101,753,RetailInvoice,2020-08-11 00:00:00,,2020-08-17 00:00:00,Retail Sale Voucher No.RSL/20-21/69,Modified,0
762,VH-02-101-1,2,101,754,RetailInvoice,2020-08-14 00:00:00,,2020-08-14 00:00:00,Retail Sale Voucher No.RSL/20-21/70,New,0
763,VH-02-101-2,2,101,755,RetailInvoice,2020-08-14 00:00:00,,2020-08-17 00:00:00,Retail Sale Voucher No.RSL/20-21/71,New,0
764,VH-02-101-1,2,101,756,RetailInvoice,2020-08-17 00:00:00,,2020-08-17 00:00:00,Retail Sale Voucher No.RSL/20-21/72,New,0
765,VH-02-101-1,2,101,757,RetailInvoice,2020-08-20 00:00:00,,2020-08-20 00:00:00,Retail Sale Voucher No.RSL/20-21/73,New,0
766,VH-02-101-2,2,101,758,RetailInvoice,2020-08-20 00:00:00,,2020-08-20 00:00:00,Retail Sale Voucher No.RSL/20-21/74,New,0
767,VH-02-101-1,2,101,759,RetailInvoice,2020-08-24 00:00:00,,2020-08-26 00:00:00,Retail Sale Voucher No.RSL/20-21/75,New,0
768,VH-02-101-1,2,101,760,RetailInvoice,2020-08-25 00:00:00,,2020-08-26 00:00:00,Retail Sale Voucher No.RSL/20-21/76,New,0
769,VH-02-101-1,2,101,761,RetailInvoice,2020-08-28 00:00:00,,2020-09-05 00:00:00,Retail Sale Voucher No.RSL/20-21/77,Modified,0
770,VH-02-101-1,2,101,762,RetailInvoice,2020-09-01 00:00:00,,2020-09-05 00:00:00,Retail Sale Voucher No.RSL/20-21/78,New,0
771,VH-02-101-1,2,101,763,RetailInvoice,2020-09-02 00:00:00,,2020-09-05 00:00:00,Retail Sale Voucher No.RSL/20-21/79,New,0
772,VH-02-101-1,2,101,764,RetailInvoice,2020-09-05 00:00:00,,2020-09-05 00:00:00,Retail Sale Voucher No.RSL/20-21/80,New,0
773,VH-02-101-1,2,101,765,RetailInvoice,2020-09-06 00:00:00,,2020-09-07 00:00:00,Retail Sale Voucher No.RSL/20-21/81,New,0
774,VH-02-101-2,2,101,766,RetailInvoice,2020-09-06 00:00:00,,2020-09-07 00:00:00,Retail Sale Voucher No.RSL/20-21/82,New,0
775,VH-02-101-1,2,101,767,RetailInvoice,2020-09-07 00:00:00,,2020-09-07 00:00:00,Retail Sale Voucher No.RSL/20-21/83,New,0
776,VH-02-101-2,2,101,768,RetailInvoice,2020-09-07 00:00:00,,2020-09-09 00:00:00,Retail Sale Voucher No.RSL/20-21/84,New,0
777,VH-02-101-1,2,101,769,RetailInvoice,2020-09-08 00:00:00,,2020-09-15 00:00:00,Retail Sale Voucher No.RSL/20-21/85,New,0
778,VH-02-101-1,2,101,770,RetailInvoice,2020-09-09 00:00:00,,2020-09-15 00:00:00,Retail Sale Voucher No.RSL/20-21/86,New,0
779,VH-02-101-1,2,101,771,RetailInvoice,2020-09-10 00:00:00,,2020-09-15 00:00:00,Retail Sale Voucher No.RSL/20-21/87,New,0
780,VH-02-101-1,2,101,772,RetailInvoice,2020-09-11 00:00:00,,2020-09-15 00:00:00,Retail Sale Voucher No.RSL/20-21/88,New,0
781,VH-02-101-1,2,101,773,RetailInvoice,2020-09-12 00:00:00,,2020-09-15 00:00:00,Retail Sale Voucher No.RSL/20-21/89,New,0
782,VH-02-101-1,2,101,774,RetailInvoice,2020-09-13 00:00:00,,2020-09-15 00:00:00,Retail Sale Voucher No.RSL/20-21/90,Modified,0
783,VH-02-101-1,2,101,775,RetailInvoice,2020-09-14 00:00:00,,2020-09-15 00:00:00,Retail Sale Voucher No.RSL/20-21/91,Modified,0
784,VH-02-101-2,2,101,776,RetailInvoice,2020-09-14 00:00:00,,2020-09-15 00:00:00,Retail Sale Voucher No.RSL/20-21/92,New,0
785,VH-02-101-1,2,101,777,RetailInvoice,2020-09-15 00:00:00,,2020-09-15 00:00:00,Retail Sale Voucher No.RSL/20-21/93,New,0
786,VH-02-101-1,2,101,778,RetailInvoice,2020-09-16 00:00:00,,2020-09-17 00:00:00,Retail Sale Voucher No.RSL/20-21/94,New,0
787,VH-02-101-1,2,101,779,RetailInvoice,2020-09-17 00:00:00,,2020-09-17 00:00:00,Retail Sale Voucher No.RSL/20-21/95,New,0
788,VH-02-101-1,2,101,780,RetailInvoice,2020-09-18 00:00:00,,2020-09-18 00:00:00,Retail Sale Voucher No.RSL/20-21/96,New,0
789,VH-02-101-1,2,101,781,RetailInvoice,2020-09-19 00:00:00,,2020-09-21 00:00:00,Retail Sale Voucher No.RSL/20-21/97,Modified,0
790,VH-02-101-1,2,101,782,RetailInvoice,2020-09-20 00:00:00,,2020-09-21 00:00:00,Retail Sale Voucher No.RSL/20-21/98,New,0
791,VH-02-101-1,2,101,783,RetailInvoice,2020-09-21 00:00:00,,2020-09-21 00:00:00,Retail Sale Voucher No.RSL/20-21/99,New,0
792,VH-02-101-1,2,101,784,RetailInvoice,2020-09-22 00:00:00,,2020-09-24 00:00:00,Retail Sale Voucher No.RSL/20-21/100,New,0
793,VH-02-101-1,2,101,785,RetailInvoice,2020-09-23 00:00:00,,2020-09-24 00:00:00,Retail Sale Voucher No.RSL/20-21/101,New,0
794,VH-02-101-1,2,101,786,RetailInvoice,2020-09-24 00:00:00,,2020-09-30 00:00:00,Retail Sale Voucher No.RSL/20-21/102,New,0
795,VH-02-101-1,2,101,787,RetailInvoice,2020-09-25 00:00:00,,2020-09-30 00:00:00,Retail Sale Voucher No.RSL/20-21/103,New,0
796,VH-02-101-1,2,101,788,RetailInvoice,2020-09-26 00:00:00,,2020-09-30 00:00:00,Retail Sale Voucher No.RSL/20-21/104,New,0
797,VH-02-101-1,2,101,789,RetailInvoice,2020-09-28 00:00:00,,2020-09-30 00:00:00,Retail Sale Voucher No.RSL/20-21/105,New,0
798,VH-02-101-1,2,101,790,RetailInvoice,2020-09-29 00:00:00,,2020-09-30 00:00:00,Retail Sale Voucher No.RSL/20-21/106,Modified,0
799,VH-02-101-2,2,101,791,RetailInvoice,2020-09-29 00:00:00,,2020-09-30 00:00:00,Retail Sale Voucher No.RSL/20-21/107,New,0
800,VH-02-101-3,2,101,792,RetailInvoice,2020-09-29 00:00:00,,2020-09-30 00:00:00,Retail Sale Voucher No.RSL/20-21/108,New,0
801,VH-02-101-1,2,101,793,RetailInvoice,2020-09-30 00:00:00,,2020-10-08 00:00:00,Retail Sale Voucher No.RSL/20-21/109,New,0
802,VH-02-101-1,2,101,794,RetailInvoice,2020-10-01 00:00:00,,2020-10-08 00:00:00,Retail Sale Voucher No.RSL/20-21/110,New,0
803,VH-02-101-1,2,101,795,RetailInvoice,2020-10-02 00:00:00,,2020-10-08 00:00:00,Retail Sale Voucher No.RSL/20-21/111,New,0
804,VH-02-101-1,2,101,796,RetailInvoice,2020-10-03 00:00:00,,2020-10-08 00:00:00,Retail Sale Voucher No.RSL/20-21/112,New,0
805,VH-02-101-1,2,101,797,RetailInvoice,2020-10-05 00:00:00,,2020-10-08 00:00:00,Retail Sale Voucher No.RSL/20-21/113,New,0
806,VH-02-101-1,2,101,798,RetailInvoice,2020-10-06 00:00:00,,2020-10-08 00:00:00,Retail Sale Voucher No.RSL/20-21/114,New,0
807,VH-02-101-1,2,101,799,RetailInvoice,2020-10-07 00:00:00,,2020-10-08 00:00:00,Retail Sale Voucher No.RSL/20-21/115,New,0
808,VH-02-101-1,2,101,800,RetailInvoice,2020-10-08 00:00:00,,2020-10-10 00:00:00,Retail Sale Voucher No.RSL/20-21/116,New,0
809,VH-02-101-1,2,101,801,RetailInvoice,2020-10-09 00:00:00,,2020-10-10 00:00:00,Retail Sale Voucher No.RSL/20-21/117,New,0
810,VH-02-101-1,2,101,802,RetailInvoice,2020-10-10 00:00:00,,2020-10-10 00:00:00,Retail Sale Voucher No.RSL/20-21/118,New,0
811,VH-02-101-1,2,101,803,RetailInvoice,2020-10-11 00:00:00,,2020-10-13 00:00:00,Retail Sale Voucher No.RSL/20-21/119,New,0
812,VH-02-101-1,2,101,804,RetailInvoice,2020-10-12 00:00:00,,2020-10-13 00:00:00,Retail Sale Voucher No.RSL/20-21/120,New,0
813,VH-02-101-1,2,101,805,RetailInvoice,2020-10-13 00:00:00,,2020-10-19 00:00:00,Retail Sale Voucher No.RSL/20-21/121,New,0
814,VH-02-101-1,2,101,806,RetailInvoice,2020-10-14 00:00:00,,2020-10-19 00:00:00,Retail Sale Voucher No.RSL/20-21/122,New,0
815,VH-02-101-1,2,101,807,RetailInvoice,2020-10-15 00:00:00,,2020-10-19 00:00:00,Retail Sale Voucher No.RSL/20-21/123,New,0
816,VH-02-101-1,2,101,808,RetailInvoice,2020-10-16 00:00:00,,2020-10-19 00:00:00,Retail Sale Voucher No.RSL/20-21/124,New,0
817,VH-02-101-1,2,101,809,RetailInvoice,2020-10-17 00:00:00,,2020-10-19 00:00:00,Retail Sale Voucher No.RSL/20-21/125,New,0
818,VH-02-101-1,2,101,810,RetailInvoice,2020-10-18 00:00:00,,2020-10-19 00:00:00,Retail Sale Voucher No.RSL/20-21/126,New,0
819,VH-02-101-1,2,101,811,RetailInvoice,2020-10-19 00:00:00,,2020-10-19 00:00:00,Retail Sale Voucher No.RSL/20-21/127,New,0
820,VH-02-101-2,2,101,812,RetailInvoice,2020-10-19 00:00:00,,2020-10-19 00:00:00,Retail Sale Voucher No.RSL/20-21/128,New,0
821,VH-02-101-1,2,101,813,RetailInvoice,2020-10-20 00:00:00,,2020-10-20 00:00:00,Retail Sale Voucher No.RSL/20-21/129,New,0
822,VH-02-101-2,2,101,814,RetailInvoice,2020-10-20 00:00:00,,2020-10-20 00:00:00,Retail Sale Voucher No.RSL/20-21/130,New,0
823,VH-02-101-3,2,101,815,RetailInvoice,2020-10-20 00:00:00,,2020-10-20 00:00:00,Retail Sale Voucher No.RSL/20-21/131,New,0
824,VH-02-101-1,2,101,816,RetailInvoice,2020-10-21 00:00:00,,2020-10-21 00:00:00,Retail Sale Voucher No.RSL/20-21/132,New,0
825,VH-02-101-2,2,101,817,RetailInvoice,2020-10-21 00:00:00,,2020-10-22 00:00:00,Retail Sale Voucher No.RSL/20-21/133,New,0
826,VH-02-101-1,2,101,818,RetailInvoice,2020-10-22 00:00:00,,2020-10-22 00:00:00,Retail Sale Voucher No.RSL/20-21/134,New,0
827,VH-02-101-2,2,101,819,RetailInvoice,2020-10-22 00:00:00,,2020-10-22 00:00:00,Retail Sale Voucher No.RSL/20-21/135,New,0
828,VH-02-101-1,2,101,820,RetailInvoice,2020-10-23 00:00:00,,2020-10-23 00:00:00,Retail Sale Voucher No.RSL/20-21/136,New,0
829,VH-02-101-2,2,101,821,RetailInvoice,2020-10-23 00:00:00,,2020-10-24 00:00:00,Retail Sale Voucher No.RSL/20-21/137,New,0
830,VH-02-101-3,2,101,822,RetailInvoice,2020-10-23 00:00:00,,2020-10-24 00:00:00,Retail Sale Voucher No.RSL/20-21/138,New,0
831,VH-02-101-1,2,101,823,RetailInvoice,2020-10-24 00:00:00,,2020-10-24 00:00:00,Retail Sale Voucher No.RSL/20-21/139,New,0
832,VH-02-101-2,2,101,824,RetailInvoice,2020-10-24 00:00:00,,2020-10-24 00:00:00,Retail Sale Voucher No.RSL/20-21/140,New,0
833,VH-02-101-3,2,101,825,RetailInvoice,2020-10-24 00:00:00,,2020-10-24 00:00:00,Retail Sale Voucher No.RSL/20-21/141,New,0
834,VH-02-101-4,2,101,826,RetailInvoice,2020-10-24 00:00:00,,2020-10-24 00:00:00,Retail Sale Voucher No.RSL/20-21/142,New,0
835,VH-02-101-5,2,101,827,RetailInvoice,2020-10-24 00:00:00,,2020-10-25 00:00:00,Retail Sale Voucher No.RSL/20-21/143,New,0
836,VH-02-101-1,2,101,828,RetailInvoice,2020-10-25 00:00:00,,2020-10-25 00:00:00,Retail Sale Voucher No.RSL/20-21/144,New,0
837,VH-02-101-1,2,101,829,RetailInvoice,2020-10-26 00:00:00,,2020-10-26 00:00:00,Retail Sale Voucher No.RSL/20-21/145,New,0
838,VH-02-101-1,2,101,830,RetailInvoice,2020-10-27 00:00:00,,2020-10-27 00:00:00,Retail Sale Voucher No.RSL/20-21/146,New,0
839,VH-02-101-2,2,101,831,RetailInvoice,2020-10-27 00:00:00,,2020-10-27 00:00:00,Retail Sale Voucher No.RSL/20-21/147,New,0
840,VH-02-101-1,2,101,832,RetailInvoice,2020-10-28 00:00:00,,2020-10-29 00:00:00,Retail Sale Voucher No.RSL/20-21/148,New,0
841,VH-02-101-1,2,101,833,RetailInvoice,2020-10-30 00:00:00,,2020-10-30 00:00:00,Retail Sale Voucher No.RSL/20-21/149,New,0
842,VH-02-101-2,2,101,834,RetailInvoice,2020-10-30 00:00:00,,2020-10-30 00:00:00,Retail Sale Voucher No.RSL/20-21/150,New,0
843,VH-02-101-3,2,101,835,RetailInvoice,2020-10-30 00:00:00,,2020-10-30 00:00:00,Retail Sale Voucher No.RSL/20-21/151,New,0
844,VH-02-101-1,2,101,836,RetailInvoice,2020-10-31 00:00:00,,2020-10-31 00:00:00,Retail Sale Voucher No.RSL/20-21/152,New,0
845,VH-02-101-2,2,101,837,RetailInvoice,2020-10-31 00:00:00,,2020-10-31 00:00:00,Retail Sale Voucher No.RSL/20-21/153,New,0
846,VH-02-101-3,2,101,838,RetailInvoice,2020-10-31 00:00:00,,2020-10-31 00:00:00,Retail Sale Voucher No.RSL/20-21/154,New,0
847,VH-02-101-4,2,101,839,RetailInvoice,2020-10-31 00:00:00,,2020-10-31 00:00:00,Retail Sale Voucher No.RSL/20-21/155,New,0
848,VH-02-101-5,2,101,840,RetailInvoice,2020-10-31 00:00:00,,2020-10-31 00:00:00,Retail Sale Voucher No.RSL/20-21/156,New,0
849,VH-02-101-1,2,101,841,RetailInvoice,2020-11-01 00:00:00,,2020-11-01 00:00:00,Retail Sale Voucher No.RSL/20-21/157,New,0
850,VH-02-101-2,2,101,842,RetailInvoice,2020-11-01 00:00:00,,2020-11-01 00:00:00,Retail Sale Voucher No.RSL/20-21/158,New,0
851,VH-02-101-1,2,101,843,RetailInvoice,2020-11-02 00:00:00,,2020-11-03 00:00:00,Retail Sale Voucher No.RSL/20-21/159,New,0
852,VH-02-101-1,2,101,844,RetailInvoice,2020-11-03 00:00:00,,2020-11-03 00:00:00,Retail Sale Voucher No.RSL/20-21/160,New,0
853,VH-02-101-2,2,101,845,RetailInvoice,2020-11-03 00:00:00,,2020-11-07 00:00:00,Retail Sale Voucher No.RSL/20-21/161,Modified,0
854,VH-02-101-3,2,101,846,RetailInvoice,2020-11-03 00:00:00,,2020-11-03 00:00:00,Retail Sale Voucher No.RSL/20-21/162,New,0
855,VH-02-101-1,2,101,847,RetailInvoice,2020-11-04 00:00:00,,2020-11-04 00:00:00,Retail Sale Voucher No.RSL/20-21/163,Modified,0
856,VH-02-101-2,2,101,848,RetailInvoice,2020-11-04 00:00:00,,2020-11-04 00:00:00,Retail Sale Voucher No.RSL/20-21/164,New,0
857,VH-02-101-1,2,101,849,RetailInvoice,2020-11-05 00:00:00,,2020-11-05 00:00:00,Retail Sale Voucher No.RSL/20-21/165,New,0
858,VH-02-101-1,2,101,850,RetailInvoice,2020-11-06 00:00:00,,2020-11-06 00:00:00,Retail Sale Voucher No.RSL/20-21/166,Modified,0
859,VH-02-101-2,2,101,851,RetailInvoice,2020-11-06 00:00:00,,2020-11-06 00:00:00,Retail Sale Voucher No.RSL/20-21/167,New,0
860,VH-02-101-4,2,101,852,RetailInvoice,2020-11-07 00:00:00,,2020-11-09 00:00:00,Retail Sale Voucher No.RSL/20-21/168,Modified,0
861,VH-02-101-1,2,101,853,RetailInvoice,2020-11-07 00:00:00,,2020-11-08 00:00:00,Retail Sale Voucher No.RSL/20-21/169,Modified,0
862,VH-02-101-1,2,101,854,RetailInvoice,2020-11-08 00:00:00,,2020-11-08 00:00:00,Retail Sale Voucher No.RSL/20-21/170,Modified,0
863,VH-02-101-2,2,101,855,RetailInvoice,2020-11-08 00:00:00,,2020-11-08 00:00:00,Retail Sale Voucher No.RSL/20-21/171,New,0
864,VH-02-101-1,2,101,856,RetailInvoice,2020-11-09 00:00:00,,2020-11-09 00:00:00,Retail Sale Voucher No.RSL/20-21/172,New,0
865,VH-02-101-2,2,101,857,RetailInvoice,2020-11-09 00:00:00,,2020-11-09 00:00:00,Retail Sale Voucher No.RSL/20-21/173,New,0
866,VH-02-101-3,2,101,858,RetailInvoice,2020-11-09 00:00:00,,2020-11-10 00:00:00,Retail Sale Voucher No.RSL/20-21/174,New,0
867,VH-02-101-1,2,101,859,RetailInvoice,2020-11-10 00:00:00,,2020-11-10 00:00:00,Retail Sale Voucher No.RSL/20-21/175,New,0
868,VH-02-101-1,2,101,860,RetailInvoice,2020-11-11 00:00:00,,2020-11-11 00:00:00,Retail Sale Voucher No.RSL/20-21/176,New,0
869,VH-02-101-2,2,101,861,RetailInvoice,2020-11-11 00:00:00,,2020-11-11 00:00:00,Retail Sale Voucher No.RSL/20-21/177,New,0
870,VH-02-101-3,2,101,862,RetailInvoice,2020-11-11 00:00:00,,2020-11-11 00:00:00,Retail Sale Voucher No.RSL/20-21/178,New,0
871,VH-02-101-1,2,101,863,RetailInvoice,2020-11-12 00:00:00,,2020-11-12 00:00:00,Retail Sale Voucher No.RSL/20-21/179,New,0
872,VH-02-101-2,2,101,864,RetailInvoice,2020-11-12 00:00:00,,2020-11-12 00:00:00,Retail Sale Voucher No.RSL/20-21/180,New,0
873,VH-02-101-3,2,101,865,RetailInvoice,2020-11-12 00:00:00,,2020-11-12 00:00:00,Retail Sale Voucher No.RSL/20-21/181,New,0
874,VH-02-101-4,2,101,866,RetailInvoice,2020-11-12 00:00:00,,2020-11-12 00:00:00,Retail Sale Voucher No.RSL/20-21/182,New,0
875,VH-02-101-5,2,101,867,RetailInvoice,2020-11-12 00:00:00,,2020-11-12 00:00:00,Retail Sale Voucher No.RSL/20-21/183,Modified,0
876,VH-02-101-6,2,101,868,RetailInvoice,2020-11-12 00:00:00,,2020-11-12 00:00:00,Retail Sale Voucher No.RSL/20-21/184,New,0
877,VH-02-101-7,2,101,869,RetailInvoice,2020-11-12 00:00:00,,2020-11-12 00:00:00,Retail Sale Voucher No.RSL/20-21/185,New,0
878,VH-02-101-8,2,101,870,RetailInvoice,2020-11-12 00:00:00,,2020-11-12 00:00:00,Retail Sale Voucher No.RSL/20-21/186,New,0
879,VH-02-101-9,2,101,871,RetailInvoice,2020-11-12 00:00:00,,2020-11-12 00:00:00,Retail Sale Voucher No.RSL/20-21/187,New,0
880,VH-02-101-10,2,101,872,RetailInvoice,2020-11-12 00:00:00,,2020-11-12 00:00:00,Retail Sale Voucher No.RSL/20-21/188,New,0
881,VH-02-101-11,2,101,873,RetailInvoice,2020-11-12 00:00:00,,2020-11-12 00:00:00,Retail Sale Voucher No.RSL/20-21/189,New,0
882,VH-02-101-12,2,101,874,RetailInvoice,2020-11-12 00:00:00,,2020-11-12 00:00:00,Retail Sale Voucher No.RSL/20-21/190,New,0
883,VH-02-101-13,2,101,875,RetailInvoice,2020-11-12 00:00:00,,2020-11-12 00:00:00,Retail Sale Voucher No.RSL/20-21/191,New,0
884,VH-02-101-14,2,101,876,RetailInvoice,2020-11-12 00:00:00,,2020-11-12 00:00:00,Retail Sale Voucher No.RSL/20-21/192,New,0
885,VH-02-101-15,2,101,877,RetailInvoice,2020-11-12 00:00:00,,2020-11-12 00:00:00,Retail Sale Voucher No.RSL/20-21/193,New,0
886,VH-02-101-16,2,101,878,RetailInvoice,2020-11-12 00:00:00,,2020-11-12 00:00:00,Retail Sale Voucher No.RSL/20-21/194,New,0
887,VH-02-101-17,2,101,879,RetailInvoice,2020-11-12 00:00:00,,2020-11-12 00:00:00,Retail Sale Voucher No.RSL/20-21/195,New,0
888,VH-02-101-18,2,101,880,RetailInvoice,2020-11-12 00:00:00,,2020-11-12 00:00:00,Retail Sale Voucher No.RSL/20-21/196,New,0
889,VH-02-101-19,2,101,881,RetailInvoice,2020-11-12 00:00:00,,2020-11-12 00:00:00,Retail Sale Voucher No.RSL/20-21/197,New,0
890,VH-02-101-20,2,101,882,RetailInvoice,2020-11-12 00:00:00,,2020-11-12 00:00:00,Retail Sale Voucher No.RSL/20-21/198,New,0
891,VH-02-101-21,2,101,883,RetailInvoice,2020-11-12 00:00:00,,2020-11-12 00:00:00,Retail Sale Voucher No.RSL/20-21/199,New,0
892,VH-02-101-1,2,101,884,RetailInvoice,2020-11-13 00:00:00,,2020-11-13 00:00:00,Retail Sale Voucher No.RSL/20-21/200,New,0
893,VH-02-101-2,2,101,885,RetailInvoice,2020-11-13 00:00:00,,2020-11-13 00:00:00,Retail Sale Voucher No.RSL/20-21/201,New,0
894,VH-02-101-3,2,101,886,RetailInvoice,2020-11-13 00:00:00,,2020-11-13 00:00:00,Retail Sale Voucher No.RSL/20-21/202,New,0
895,VH-02-101-4,2,101,887,RetailInvoice,2020-11-13 00:00:00,,2020-11-13 00:00:00,Retail Sale Voucher No.RSL/20-21/203,New,0
896,VH-02-101-5,2,101,888,RetailInvoice,2020-11-13 00:00:00,,2020-11-13 00:00:00,Retail Sale Voucher No.RSL/20-21/204,New,0
897,VH-02-101-6,2,101,889,RetailInvoice,2020-11-13 00:00:00,,2020-11-13 00:00:00,Retail Sale Voucher No.RSL/20-21/205,New,0
898,VH-02-101-7,2,101,890,RetailInvoice,2020-11-13 00:00:00,,2020-11-13 00:00:00,Retail Sale Voucher No.RSL/20-21/206,New,0
899,VH-02-101-8,2,101,891,RetailInvoice,2020-11-13 00:00:00,,2020-11-13 00:00:00,Retail Sale Voucher No.RSL/20-21/207,New,0
900,VH-02-101-9,2,101,892,RetailInvoice,2020-11-13 00:00:00,,2020-11-13 00:00:00,Retail Sale Voucher No.RSL/20-21/208,New,0
901,VH-02-101-10,2,101,893,RetailInvoice,2020-11-13 00:00:00,,2020-11-13 00:00:00,Retail Sale Voucher No.RSL/20-21/209,New,0
902,VH-02-101-11,2,101,894,RetailInvoice,2020-11-13 00:00:00,,2020-11-13 00:00:00,Retail Sale Voucher No.RSL/20-21/210,New,0
903,VH-02-101-12,2,101,895,RetailInvoice,2020-11-13 00:00:00,,2020-11-13 00:00:00,Retail Sale Voucher No.RSL/20-21/211,New,0
904,VH-02-101-13,2,101,896,RetailInvoice,2020-11-13 00:00:00,,2020-11-13 00:00:00,Retail Sale Voucher No.RSL/20-21/212,New,0
905,VH-02-101-14,2,101,897,RetailInvoice,2020-11-13 00:00:00,,2020-11-13 00:00:00,Retail Sale Voucher No.RSL/20-21/213,New,0
906,VH-02-101-15,2,101,898,RetailInvoice,2020-11-13 00:00:00,,2020-11-13 00:00:00,Retail Sale Voucher No.RSL/20-21/214,New,0
907,VH-02-101-16,2,101,899,RetailInvoice,2020-11-13 00:00:00,,2020-11-13 00:00:00,Retail Sale Voucher No.RSL/20-21/215,New,0
908,VH-02-101-17,2,101,900,RetailInvoice,2020-11-13 00:00:00,,2020-11-13 00:00:00,Retail Sale Voucher No.RSL/20-21/216,New,0
909,VH-02-101-18,2,101,901,RetailInvoice,2020-11-13 00:00:00,,2020-11-13 00:00:00,Retail Sale Voucher No.RSL/20-21/217,New,0
910,VH-02-101-19,2,101,902,RetailInvoice,2020-11-13 00:00:00,,2020-11-13 00:00:00,Retail Sale Voucher No.RSL/20-21/218,New,0
911,VH-02-101-20,2,101,903,RetailInvoice,2020-11-13 00:00:00,,2020-11-13 00:00:00,Retail Sale Voucher No.RSL/20-21/219,New,0
912,VH-02-101-21,2,101,904,RetailInvoice,2020-11-13 00:00:00,,2020-11-13 00:00:00,Retail Sale Voucher No.RSL/20-21/220,New,0
913,VH-02-101-1,2,101,905,RetailInvoice,2020-11-13 00:00:00,,2020-11-14 00:00:00,Retail Sale Voucher No.RSL/20-21/221,Modified,0
914,VH-02-101-2,2,101,906,RetailInvoice,2020-11-13 00:00:00,,2020-11-14 00:00:00,Retail Sale Voucher No.RSL/20-21/222,New,0
915,VH-02-101-3,2,101,907,RetailInvoice,2020-11-13 00:00:00,,2020-11-14 00:00:00,Retail Sale Voucher No.RSL/20-21/223,New,0
916,VH-02-101-4,2,101,908,RetailInvoice,2020-11-13 00:00:00,,2020-11-14 00:00:00,Retail Sale Voucher No.RSL/20-21/224,New,0
917,VH-02-101-1,2,101,909,RetailInvoice,2020-11-13 00:00:00,,2020-11-14 00:00:00,Retail Sale Voucher No.RSL/20-21/225,Modified,0
918,VH-02-101-2,2,101,910,RetailInvoice,2020-11-13 00:00:00,,2020-11-14 00:00:00,Retail Sale Voucher No.RSL/20-21/226,New,0
919,VH-02-101-1,2,101,911,RetailInvoice,2020-11-13 00:00:00,,2020-11-14 00:00:00,Retail Sale Voucher No.RSL/20-21/227,Modified,0
920,VH-02-101-1,2,101,912,RetailInvoice,2020-11-13 00:00:00,,2020-11-14 00:00:00,Retail Sale Voucher No.RSL/20-21/228,Modified,0
921,VH-02-101-2,2,101,913,RetailInvoice,2020-11-13 00:00:00,,2020-11-14 00:00:00,Retail Sale Voucher No.RSL/20-21/229,New,0
922,VH-02-101-3,2,101,914,RetailInvoice,2020-11-13 00:00:00,,2020-11-14 00:00:00,Retail Sale Voucher No.RSL/20-21/230,New,0
923,VH-02-101-4,2,101,915,RetailInvoice,2020-11-13 00:00:00,,2020-11-14 00:00:00,Retail Sale Voucher No.RSL/20-21/231,New,0
924,VH-02-101-5,2,101,916,RetailInvoice,2020-11-13 00:00:00,,2020-11-14 00:00:00,Retail Sale Voucher No.RSL/20-21/232,New,0
925,VH-02-101-6,2,101,917,RetailInvoice,2020-11-13 00:00:00,,2020-11-14 00:00:00,Retail Sale Voucher No.RSL/20-21/233,New,0
926,VH-02-101-7,2,101,918,RetailInvoice,2020-11-13 00:00:00,,2020-11-14 00:00:00,Retail Sale Voucher No.RSL/20-21/234,New,0
927,VH-02-101-8,2,101,919,RetailInvoice,2020-11-13 00:00:00,,2020-11-14 00:00:00,Retail Sale Voucher No.RSL/20-21/235,New,0
928,VH-02-101-9,2,101,920,RetailInvoice,2020-11-13 00:00:00,,2020-11-14 00:00:00,Retail Sale Voucher No.RSL/20-21/236,New,0
929,VH-02-101-1,2,101,921,RetailInvoice,2020-11-13 00:00:00,,2020-11-14 00:00:00,Retail Sale Voucher No.RSL/20-21/237,Modified,0
930,VH-02-101-1,2,101,922,RetailInvoice,2020-11-14 00:00:00,,2020-11-14 00:00:00,Retail Sale Voucher No.RSL/20-21/238,New,0
931,VH-02-101-2,2,101,923,RetailInvoice,2020-11-14 00:00:00,,2020-11-14 00:00:00,Retail Sale Voucher No.RSL/20-21/239,New,0
932,VH-02-101-3,2,101,924,RetailInvoice,2020-11-14 00:00:00,,2020-11-15 00:00:00,Retail Sale Voucher No.RSL/20-21/240,New,0
933,VH-02-101-1,2,101,925,RetailInvoice,2020-11-15 00:00:00,,2020-11-15 00:00:00,Retail Sale Voucher No.RSL/20-21/241,New,0
934,VH-02-101-1,2,101,926,RetailInvoice,2020-11-16 00:00:00,,2020-11-17 00:00:00,Retail Sale Voucher No.RSL/20-21/242,Modified,0
935,VH-02-101-1,2,101,927,RetailInvoice,2020-11-17 00:00:00,,2020-11-17 00:00:00,Retail Sale Voucher No.RSL/20-21/243,Modified,0
936,VH-02-101-2,2,101,928,RetailInvoice,2020-11-17 00:00:00,,2020-11-17 00:00:00,Retail Sale Voucher No.RSL/20-21/244,New,0
937,VH-02-101-3,2,101,929,RetailInvoice,2020-11-17 00:00:00,,2020-11-17 00:00:00,Retail Sale Voucher No.RSL/20-21/245,New,0
938,VH-02-101-1,2,101,930,RetailInvoice,2020-11-18 00:00:00,,2020-11-18 00:00:00,Retail Sale Voucher No.RSL/20-21/246,New,0
939,VH-02-101-2,2,101,931,RetailInvoice,2020-11-18 00:00:00,,2020-11-20 00:00:00,Retail Sale Voucher No.RSL/20-21/247,New,0
940,VH-02-101-1,2,101,932,RetailInvoice,2020-11-19 00:00:00,,2020-11-20 00:00:00,Retail Sale Voucher No.RSL/20-21/248,New,0
941,VH-02-101-1,2,101,933,RetailInvoice,2020-11-20 00:00:00,,2020-11-21 00:00:00,Retail Sale Voucher No.RSL/20-21/249,New,0
942,VH-02-101-1,2,101,934,RetailInvoice,2020-11-21 00:00:00,,2020-11-21 00:00:00,Retail Sale Voucher No.RSL/20-21/250,New,0
943,VH-02-101-1,2,101,935,RetailInvoice,2020-11-22 00:00:00,,2020-11-22 00:00:00,Retail Sale Voucher No.RSL/20-21/251,New,0
944,VH-02-101-2,2,101,936,RetailInvoice,2020-11-22 00:00:00,,2020-11-22 00:00:00,Retail Sale Voucher No.RSL/20-21/252,New,0
945,VH-02-101-3,2,101,937,RetailInvoice,2020-11-22 00:00:00,,2020-11-22 00:00:00,Retail Sale Voucher No.RSL/20-21/253,New,0
946,VH-02-101-4,2,101,938,RetailInvoice,2020-11-22 00:00:00,,2020-11-23 00:00:00,Retail Sale Voucher No.RSL/20-21/254,New,0
947,VH-02-101-1,2,101,939,RetailInvoice,2020-11-23 00:00:00,,2020-11-23 00:00:00,Retail Sale Voucher No.RSL/20-21/255,New,0
948,VH-02-101-1,2,101,940,RetailInvoice,2020-11-24 00:00:00,,2020-11-24 00:00:00,Retail Sale Voucher No.RSL/20-21/256,New,0
949,VH-02-101-1,2,101,941,RetailInvoice,2020-11-25 00:00:00,,2020-11-25 00:00:00,Retail Sale Voucher No.RSL/20-21/257,New,0
950,VH-02-101-1,2,101,942,RetailInvoice,2020-11-27 00:00:00,,2020-11-27 00:00:00,Retail Sale Voucher No.RSL/20-21/258,Modified,0
951,VH-02-101-1,2,101,943,RetailInvoice,2020-11-28 00:00:00,,2020-11-28 00:00:00,Retail Sale Voucher No.RSL/20-21/259,New,0
952,VH-02-101-1,2,101,944,RetailInvoice,2020-11-29 00:00:00,,2020-11-29 00:00:00,Retail Sale Voucher No.RSL/20-21/260,New,0
953,VH-02-101-2,2,101,945,RetailInvoice,2020-11-29 00:00:00,,2020-11-29 00:00:00,Retail Sale Voucher No.RSL/20-21/261,New,0
954,VH-02-101-1,2,101,946,RetailInvoice,2020-11-30 00:00:00,,2020-11-30 00:00:00,Retail Sale Voucher No.RSL/20-21/262,New,0
955,VH-02-101-2,2,101,947,RetailInvoice,2020-11-30 00:00:00,,2020-11-30 00:00:00,Retail Sale Voucher No.RSL/20-21/263,New,0
956,VH-02-101-3,2,101,948,RetailInvoice,2020-11-30 00:00:00,,2020-11-30 00:00:00,Retail Sale Voucher No.RSL/20-21/264,New,0
957,VH-02-101-4,2,101,949,RetailInvoice,2020-11-30 00:00:00,,2020-11-30 00:00:00,Retail Sale Voucher No.RSL/20-21/265,New,0
958,VH-02-101-5,2,101,950,RetailInvoice,2020-11-30 00:00:00,,2020-11-30 00:00:00,Retail Sale Voucher No.RSL/20-21/266,New,0
959,VH-02-101-1,2,101,951,RetailInvoice,2020-12-01 00:00:00,,2020-12-01 00:00:00,Retail Sale Voucher No.RSL/20-21/267,New,0
960,VH-02-101-2,2,101,952,RetailInvoice,2020-12-01 00:00:00,,2020-12-01 00:00:00,Retail Sale Voucher No.RSL/20-21/268,New,0
961,VH-02-101-3,2,101,953,RetailInvoice,2020-12-01 00:00:00,,2020-12-01 00:00:00,Retail Sale Voucher No.RSL/20-21/269,New,0
962,VH-02-101-4,2,101,954,RetailInvoice,2020-12-01 00:00:00,,2020-12-01 00:00:00,Retail Sale Voucher No.RSL/20-21/270,New,0
963,VH-02-101-1,2,101,955,RetailInvoice,2020-12-02 00:00:00,,2020-12-02 00:00:00,Retail Sale Voucher No.RSL/20-21/271,New,0
964,VH-02-101-1,2,101,956,RetailInvoice,2020-12-04 00:00:00,,2020-12-04 00:00:00,Retail Sale Voucher No.RSL/20-21/272,New,0
965,VH-02-101-1,2,101,957,RetailInvoice,2020-12-06 00:00:00,,2020-12-06 00:00:00,Retail Sale Voucher No.RSL/20-21/273,New,0
966,VH-02-101-2,2,101,958,RetailInvoice,2020-12-06 00:00:00,,2020-12-07 00:00:00,Retail Sale Voucher No.RSL/20-21/274,New,0
967,VH-02-101-3,2,101,959,RetailInvoice,2020-12-06 00:00:00,,2020-12-07 00:00:00,Retail Sale Voucher No.RSL/20-21/275,New,0
968,VH-02-101-1,2,101,960,RetailInvoice,2020-12-07 00:00:00,,2020-12-07 00:00:00,Retail Sale Voucher No.RSL/20-21/276,New,0
969,VH-02-101-2,2,101,961,RetailInvoice,2020-12-07 00:00:00,,2020-12-07 00:00:00,Retail Sale Voucher No.RSL/20-21/277,New,0
970,VH-02-101-3,2,101,962,RetailInvoice,2020-12-07 00:00:00,,2020-12-07 00:00:00,Retail Sale Voucher No.RSL/20-21/278,New,0
971,VH-02-101-1,2,101,963,RetailInvoice,2020-12-09 00:00:00,,2020-12-09 00:00:00,Retail Sale Voucher No.RSL/20-21/279,New,0
972,VH-02-101-2,2,101,964,RetailInvoice,2020-12-09 00:00:00,,2020-12-09 00:00:00,Retail Sale Voucher No.RSL/20-21/280,New,0
973,VH-02-101-1,2,101,965,RetailInvoice,2020-12-10 00:00:00,,2020-12-10 00:00:00,Retail Sale Voucher No.RSL/20-21/281,New,0
974,VH-02-101-2,2,101,966,RetailInvoice,2020-12-10 00:00:00,,2020-12-10 00:00:00,Retail Sale Voucher No.RSL/20-21/282,New,0
975,VH-02-101-1,2,101,967,RetailInvoice,2020-12-11 00:00:00,,2020-12-11 00:00:00,Retail Sale Voucher No.RSL/20-21/283,New,0
976,VH-02-101-2,2,101,968,RetailInvoice,2020-12-11 00:00:00,,2020-12-11 00:00:00,Retail Sale Voucher No.RSL/20-21/284,New,0
977,VH-02-101-3,2,101,969,RetailInvoice,2020-12-11 00:00:00,,2020-12-11 00:00:00,Retail Sale Voucher No.RSL/20-21/285,New,0
978,VH-02-101-4,2,101,970,RetailInvoice,2020-12-11 00:00:00,,2020-12-11 00:00:00,Retail Sale Voucher No.RSL/20-21/286,New,0
979,VH-02-101-5,2,101,971,RetailInvoice,2020-12-11 00:00:00,,2020-12-11 00:00:00,Retail Sale Voucher No.RSL/20-21/287,New,0
980,VH-02-101-6,2,101,972,RetailInvoice,2020-12-11 00:00:00,,2020-12-11 00:00:00,Retail Sale Voucher No.RSL/20-21/288,New,0
981,VH-02-101-1,2,101,973,RetailInvoice,2020-12-12 00:00:00,,2020-12-13 00:00:00,Retail Sale Voucher No.RSL/20-21/289,New,0
982,VH-02-101-1,2,101,974,RetailInvoice,2020-12-13 00:00:00,,2020-12-13 00:00:00,Retail Sale Voucher No.RSL/20-21/290,New,0
983,VH-02-101-2,2,101,975,RetailInvoice,2020-12-13 00:00:00,,2020-12-14 00:00:00,Retail Sale Voucher No.RSL/20-21/291,New,0
984,VH-02-101-1,2,101,976,RetailInvoice,2020-12-14 00:00:00,,2020-12-14 00:00:00,Retail Sale Voucher No.RSL/20-21/292,New,0
985,VH-02-101-1,2,101,977,RetailInvoice,2020-12-15 00:00:00,,2020-12-16 00:00:00,Retail Sale Voucher No.RSL/20-21/293,Modified,0
986,VH-02-101-1,2,101,978,RetailInvoice,2020-12-16 00:00:00,,2020-12-16 00:00:00,Retail Sale Voucher No.RSL/20-21/294,New,0
987,VH-02-101-2,2,101,979,RetailInvoice,2020-12-16 00:00:00,,2020-12-17 00:00:00,Retail Sale Voucher No.RSL/20-21/295,New,0
988,VH-02-101-1,2,101,980,RetailInvoice,2020-12-17 00:00:00,,2020-12-17 00:00:00,Retail Sale Voucher No.RSL/20-21/296,New,0
989,VH-02-101-2,2,101,981,RetailInvoice,2020-12-17 00:00:00,,2020-12-18 00:00:00,Retail Sale Voucher No.RSL/20-21/297,New,0
990,VH-02-101-1,2,101,982,RetailInvoice,2020-12-18 00:00:00,,2020-12-18 00:00:00,Retail Sale Voucher No.RSL/20-21/298,New,0
991,VH-02-101-2,2,101,983,RetailInvoice,2020-12-18 00:00:00,,2020-12-18 00:00:00,Retail Sale Voucher No.RSL/20-21/299,New,0
992,VH-02-101-1,2,101,984,RetailInvoice,2020-12-19 00:00:00,,2020-12-19 00:00:00,Retail Sale Voucher No.RSL/20-21/300,New,0
993,VH-02-101-2,2,101,985,RetailInvoice,2020-12-19 00:00:00,,2020-12-19 00:00:00,Retail Sale Voucher No.RSL/20-21/301,New,0
994,VH-02-101-3,2,101,986,RetailInvoice,2020-12-19 00:00:00,,2020-12-19 00:00:00,Retail Sale Voucher No.RSL/20-21/302,New,0
995,VH-02-101-1,2,101,987,RetailInvoice,2020-12-20 00:00:00,,2020-12-20 00:00:00,Retail Sale Voucher No.RSL/20-21/303,New,0
996,VH-02-101-2,2,101,988,RetailInvoice,2020-12-20 00:00:00,,2020-12-21 00:00:00,Retail Sale Voucher No.RSL/20-21/304,New,0
997,VH-02-101-1,2,101,989,RetailInvoice,2020-12-21 00:00:00,,2020-12-21 00:00:00,Retail Sale Voucher No.RSL/20-21/305,New,0
998,VH-02-101-2,2,101,990,RetailInvoice,2020-12-21 00:00:00,,2020-12-21 00:00:00,Retail Sale Voucher No.RSL/20-21/306,New,0
999,VH-02-101-1,2,101,991,RetailInvoice,2020-12-22 00:00:00,,2020-12-22 00:00:00,Retail Sale Voucher No.RSL/20-21/307,New,0
1000,VH-02-101-2,2,101,992,RetailInvoice,2020-12-22 00:00:00,,2020-12-22 00:00:00,Retail Sale Voucher No.RSL/20-21/308,New,0
1001,VH-02-101-3,2,101,993,RetailInvoice,2020-12-22 00:00:00,,2020-12-22 00:00:00,Retail Sale Voucher No.RSL/20-21/309,New,0
1002,VH-02-101-1,2,101,994,RetailInvoice,2020-12-23 00:00:00,,2020-12-24 00:00:00,Retail Sale Voucher No.RSL/20-21/310,New,0
1003,VH-02-101-1,2,101,995,RetailInvoice,2020-12-24 00:00:00,,2020-12-24 00:00:00,Retail Sale Voucher No.RSL/20-21/311,New,0
1004,VH-02-101-1,2,101,996,RetailInvoice,2020-12-25 00:00:00,,2020-12-25 00:00:00,Retail Sale Voucher No.RSL/20-21/312,New,0
1005,VH-02-101-1,2,101,997,RetailInvoice,2020-12-26 00:00:00,,2020-12-29 00:00:00,Retail Sale Voucher No.RSL/20-21/313,New,0
1006,VH-02-101-1,2,101,998,RetailInvoice,2020-12-27 00:00:00,,2020-12-29 00:00:00,Retail Sale Voucher No.RSL/20-21/314,New,0
1007,VH-02-101-1,2,101,999,RetailInvoice,2020-12-28 00:00:00,,2020-12-29 00:00:00,Retail Sale Voucher No.RSL/20-21/315,New,0
1008,VH-02-101-1,2,101,1000,RetailInvoice,2020-12-29 00:00:00,,2020-12-29 00:00:00,Retail Sale Voucher No.RSL/20-21/316,New,0
1009,VH-02-101-1,2,101,1001,RetailInvoice,2020-12-31 00:00:00,,2020-12-31 00:00:00,Retail Sale Voucher No.RSL/20-21/317,New,0
1010,VH-02-101-2,2,101,1002,RetailInvoice,2020-12-31 00:00:00,,2020-12-31 00:00:00,Retail Sale Voucher No.RSL/20-21/318,New,0
1011,VH-02-101-3,2,101,1003,RetailInvoice,2020-12-31 00:00:00,,2020-12-31 00:00:00,Retail Sale Voucher No.RSL/20-21/319,New,0
1012,VH-02-101-1,2,101,1004,RetailInvoice,2021-01-02 00:00:00,,2021-01-02 00:00:00,Retail Sale Voucher No.RSL/20-21/320,New,0
1013,VH-02-101-2,2,101,1005,RetailInvoice,2021-01-02 00:00:00,,2021-01-02 00:00:00,Retail Sale Voucher No.RSL/20-21/321,New,0
1014,VH-02-101-1,2,101,1006,RetailInvoice,2021-01-04 00:00:00,,2021-01-04 00:00:00,Retail Sale Voucher No.RSL/20-21/322,New,0
1015,VH-02-101-1,2,101,1007,RetailInvoice,2021-01-05 00:00:00,,2021-01-05 00:00:00,Retail Sale Voucher No.RSL/20-21/323,New,0
1016,VH-02-101-1,2,101,1008,RetailInvoice,2021-01-06 00:00:00,,2021-01-06 00:00:00,Retail Sale Voucher No.RSL/20-21/324,New,0
1017,VH-02-101-1,2,101,1009,RetailInvoice,2021-01-07 00:00:00,,2021-01-07 00:00:00,Retail Sale Voucher No.RSL/20-21/325,New,0
1018,VH-02-101-1,2,101,1010,RetailInvoice,2021-01-10 00:00:00,,2021-01-10 00:00:00,Retail Sale Voucher No.RSL/20-21/326,New,0
1019,VH-02-101-1,2,101,1011,RetailInvoice,2021-01-11 00:00:00,,2021-01-11 00:00:00,Retail Sale Voucher No.RSL/20-21/327,New,0
1020,VH-02-101-2,2,101,1012,RetailInvoice,2021-01-11 00:00:00,,2021-01-11 00:00:00,Retail Sale Voucher No.RSL/20-21/328,New,0
1021,VH-02-101-1,2,101,1013,RetailInvoice,2021-01-12 00:00:00,,2021-01-12 00:00:00,Retail Sale Voucher No.RSL/20-21/329,New,0
1022,VH-02-101-2,2,101,1014,RetailInvoice,2021-01-12 00:00:00,,2021-01-13 00:00:00,Retail Sale Voucher No.RSL/20-21/330,New,0
1023,VH-02-101-1,2,101,1015,RetailInvoice,2021-01-13 00:00:00,,2021-01-13 00:00:00,Retail Sale Voucher No.RSL/20-21/331,New,0
1024,VH-02-101-1,2,101,1016,RetailInvoice,2021-01-14 00:00:00,,2021-01-14 00:00:00,Retail Sale Voucher No.RSL/20-21/332,New,0
1025,VH-02-101-2,2,101,1017,RetailInvoice,2021-01-14 00:00:00,,2021-01-14 00:00:00,Retail Sale Voucher No.RSL/20-21/333,New,0
1026,VH-02-101-3,2,101,1018,RetailInvoice,2021-01-14 00:00:00,,2021-01-14 00:00:00,Retail Sale Voucher No.RSL/20-21/334,New,0
1027,VH-02-101-4,2,101,1019,RetailInvoice,2021-01-14 00:00:00,,2021-01-14 00:00:00,Retail Sale Voucher No.RSL/20-21/335,New,0
1028,VH-02-101-1,2,101,1020,RetailInvoice,2021-01-15 00:00:00,,2021-01-15 00:00:00,Retail Sale Voucher No.RSL/20-21/336,New,0
1029,VH-02-101-1,2,101,1021,RetailInvoice,2021-01-16 00:00:00,,2021-01-16 00:00:00,Retail Sale Voucher No.RSL/20-21/337,New,0
1030,VH-02-101-1,2,101,1022,RetailInvoice,2021-01-18 00:00:00,,2021-01-18 00:00:00,Retail Sale Voucher No.RSL/20-21/338,New,0
1031,VH-02-101-1,2,101,1023,RetailInvoice,2021-01-19 00:00:00,,2021-01-22 00:00:00,Retail Sale Voucher No.RSL/20-21/339,New,0
1032,VH-02-101-1,2,101,1024,RetailInvoice,2021-01-20 00:00:00,,2021-01-22 00:00:00,Retail Sale Voucher No.RSL/20-21/340,New,0
1033,VH-02-101-1,2,101,1025,RetailInvoice,2021-01-21 00:00:00,,2021-01-22 00:00:00,Retail Sale Voucher No.RSL/20-21/341,New,0
1034,VH-02-101-2,2,101,1026,RetailInvoice,2021-01-21 00:00:00,,2021-01-22 00:00:00,Retail Sale Voucher No.RSL/20-21/342,New,0
1035,VH-02-101-1,2,101,1027,RetailInvoice,2021-01-22 00:00:00,,2021-01-22 00:00:00,Retail Sale Voucher No.RSL/20-21/343,New,0
1036,VH-02-101-1,2,101,1028,RetailInvoice,2021-01-23 00:00:00,,2021-01-23 00:00:00,Retail Sale Voucher No.RSL/20-21/344,New,0
1037,VH-02-101-2,2,101,1029,RetailInvoice,2021-01-23 00:00:00,,2021-01-23 00:00:00,Retail Sale Voucher No.RSL/20-21/345,New,0
1038,VH-02-101-3,2,101,1030,RetailInvoice,2021-01-24 00:00:00,,2021-01-25 00:00:00,Retail Sale Voucher No.RSL/20-21/346,Modified,0
1039,VH-02-101-1,2,101,1031,RetailInvoice,2021-01-25 00:00:00,,2021-01-25 00:00:00,Retail Sale Voucher No.RSL/20-21/347,New,0
1040,VH-02-101-1,2,101,1032,RetailInvoice,2021-01-26 00:00:00,,2021-01-29 00:00:00,Retail Sale Voucher No.RSL/20-21/348,New,0
1041,VH-02-101-2,2,101,1033,RetailInvoice,2021-01-26 00:00:00,,2021-01-29 00:00:00,Retail Sale Voucher No.RSL/20-21/349,New,0
1042,VH-02-101-1,2,101,1034,RetailInvoice,2021-01-27 00:00:00,,2021-01-29 00:00:00,Retail Sale Voucher No.RSL/20-21/350,New,0
1043,VH-02-101-1,2,101,1035,RetailInvoice,2021-01-28 00:00:00,,2021-01-29 00:00:00,Retail Sale Voucher No.RSL/20-21/351,New,0
1044,VH-02-101-2,2,101,1036,RetailInvoice,2021-01-28 00:00:00,,2021-01-29 00:00:00,Retail Sale Voucher No.RSL/20-21/352,New,0
1045,VH-02-101-1,2,101,1037,RetailInvoice,2021-01-29 00:00:00,,2021-01-29 00:00:00,Retail Sale Voucher No.RSL/20-21/353,New,0
1046,VH-02-101-2,2,101,1038,RetailInvoice,2021-01-29 00:00:00,,2021-01-30 00:00:00,Retail Sale Voucher No.RSL/20-21/354,New,0
1047,VH-02-101-3,2,101,1039,RetailInvoice,2021-01-29 00:00:00,,2021-01-30 00:00:00,Retail Sale Voucher No.RSL/20-21/355,New,0
1048,VH-02-101-1,2,101,1040,RetailInvoice,2021-01-30 00:00:00,,2021-01-30 00:00:00,Retail Sale Voucher No.RSL/20-21/356,New,0
1049,VH-02-101-2,2,101,1041,RetailInvoice,2021-01-30 00:00:00,,2021-01-30 00:00:00,Retail Sale Voucher No.RSL/20-21/357,New,0
1050,VH-02-101-3,2,101,1042,RetailInvoice,2021-01-30 00:00:00,,2021-01-31 00:00:00,Retail Sale Voucher No.RSL/20-21/358,New,0
1051,VH-02-101-1,2,101,1043,RetailInvoice,2021-01-31 00:00:00,,2021-01-31 00:00:00,Retail Sale Voucher No.RSL/20-21/359,New,0
1052,VH-02-101-2,2,101,1044,RetailInvoice,2021-01-31 00:00:00,,2021-01-31 00:00:00,Retail Sale Voucher No.RSL/20-21/360,New,0
1053,VH-02-101-3,2,101,1045,RetailInvoice,2021-01-31 00:00:00,,2021-01-31 00:00:00,Retail Sale Voucher No.RSL/20-21/361,New,0
1054,VH-02-101-4,2,101,1046,RetailInvoice,2021-01-31 00:00:00,,2021-02-21 00:00:00,Retail Sale Voucher No.RSL/20-21/362,Modified,0
1055,VH-02-101-1,2,101,1047,RetailInvoice,2021-02-01 00:00:00,,2021-02-21 00:00:00,Retail Sale Voucher No.RSL/20-21/363,New,0
1056,VH-02-101-1,2,101,1048,RetailInvoice,2021-02-02 00:00:00,,2021-02-22 00:00:00,Retail Sale Voucher No.RSL/20-21/364,New,0
1057,VH-02-101-1,2,101,1049,RetailInvoice,2021-02-03 00:00:00,,2021-02-22 00:00:00,Retail Sale Voucher No.RSL/20-21/365,New,0
1058,VH-02-101-1,2,101,1050,RetailInvoice,2021-02-04 00:00:00,,2021-02-22 00:00:00,Retail Sale Voucher No.RSL/20-21/366,New,0
1059,VH-02-101-2,2,101,1051,RetailInvoice,2021-02-04 00:00:00,,2021-02-22 00:00:00,Retail Sale Voucher No.RSL/20-21/367,New,0
1060,VH-02-101-1,2,101,1052,RetailInvoice,2021-02-05 00:00:00,,2021-02-22 00:00:00,Retail Sale Voucher No.RSL/20-21/368,New,0
1061,VH-02-101-1,2,101,1053,RetailInvoice,2021-02-06 00:00:00,,2021-02-22 00:00:00,Retail Sale Voucher No.RSL/20-21/369,New,0
1062,VH-02-101-1,2,101,1054,RetailInvoice,2021-02-07 00:00:00,,2021-02-22 00:00:00,Retail Sale Voucher No.RSL/20-21/370,New,0
1063,VH-02-101-2,2,101,1055,RetailInvoice,2021-02-07 00:00:00,,2021-02-22 00:00:00,Retail Sale Voucher No.RSL/20-21/371,New,0
1064,VH-02-101-3,2,101,1056,RetailInvoice,2021-02-07 00:00:00,,2021-02-22 00:00:00,Retail Sale Voucher No.RSL/20-21/372,New,0
1065,VH-02-101-1,2,101,1057,RetailInvoice,2021-02-08 00:00:00,,2021-02-22 00:00:00,Retail Sale Voucher No.RSL/20-21/373,New,0
1066,VH-02-101-1,2,101,1058,RetailInvoice,2021-02-09 00:00:00,,2021-02-22 00:00:00,Retail Sale Voucher No.RSL/20-21/374,New,0
1067,VH-02-101-1,2,101,1059,RetailInvoice,2021-02-10 00:00:00,,2021-02-22 00:00:00,Retail Sale Voucher No.RSL/20-21/375,New,0
1068,VH-02-101-1,2,101,1060,RetailInvoice,2021-02-11 00:00:00,,2021-02-22 00:00:00,Retail Sale Voucher No.RSL/20-21/376,New,0
1069,VH-02-101-1,2,101,1061,RetailInvoice,2021-02-12 00:00:00,,2021-02-22 00:00:00,Retail Sale Voucher No.RSL/20-21/377,New,0
1070,VH-02-101-2,2,101,1062,RetailInvoice,2021-02-12 00:00:00,,2021-02-22 00:00:00,Retail Sale Voucher No.RSL/20-21/378,New,0
1071,VH-02-101-3,2,101,1063,RetailInvoice,2021-02-12 00:00:00,,2021-02-22 00:00:00,Retail Sale Voucher No.RSL/20-21/379,New,0
1072,VH-02-101-1,2,101,1064,RetailInvoice,2021-02-13 00:00:00,,2021-02-22 00:00:00,Retail Sale Voucher No.RSL/20-21/380,New,0
1073,VH-02-101-2,2,101,1065,RetailInvoice,2021-02-13 00:00:00,,2021-02-22 00:00:00,Retail Sale Voucher No.RSL/20-21/381,New,0
1074,VH-02-101-3,2,101,1066,RetailInvoice,2021-02-13 00:00:00,,2021-02-22 00:00:00,Retail Sale Voucher No.RSL/20-21/382,New,0
1075,VH-02-101-4,2,101,1067,RetailInvoice,2021-02-13 00:00:00,,2021-02-22 00:00:00,Retail Sale Voucher No.RSL/20-21/383,New,0
1076,VH-02-101-1,2,101,1068,RetailInvoice,2021-02-14 00:00:00,,2021-02-22 00:00:00,Retail Sale Voucher No.RSL/20-21/384,New,0
1077,VH-02-101-1,2,101,1069,RetailInvoice,2021-02-17 00:00:00,,2021-02-22 00:00:00,Retail Sale Voucher No.RSL/20-21/385,New,0
1078,VH-02-101-2,2,101,1070,RetailInvoice,2021-02-17 00:00:00,,2021-02-22 00:00:00,Retail Sale Voucher No.RSL/20-21/386,New,0
1079,VH-02-101-3,2,101,1071,RetailInvoice,2021-02-17 00:00:00,,2021-02-22 00:00:00,Retail Sale Voucher No.RSL/20-21/387,New,0
1080,VH-02-101-4,2,101,1072,RetailInvoice,2021-02-17 00:00:00,,2021-02-22 00:00:00,Retail Sale Voucher No.RSL/20-21/388,New,0
1081,VH-02-101-1,2,101,1073,RetailInvoice,2021-02-18 00:00:00,,2021-02-22 00:00:00,Retail Sale Voucher No.RSL/20-21/389,New,0
1082,VH-02-101-1,2,101,1074,RetailInvoice,2021-02-19 00:00:00,,2021-02-22 00:00:00,Retail Sale Voucher No.RSL/20-21/390,New,0
1083,VH-02-101-1,2,101,1075,RetailInvoice,2021-02-20 00:00:00,,2021-02-22 00:00:00,Retail Sale Voucher No.RSL/20-21/391,New,0
1084,VH-02-101-1,2,101,1076,RetailInvoice,2021-02-21 00:00:00,,2021-02-22 00:00:00,Retail Sale Voucher No.RSL/20-21/392,New,0
1085,VH-02-101-2,2,101,1077,RetailInvoice,2021-02-21 00:00:00,,2021-02-22 00:00:00,Retail Sale Voucher No.RSL/20-21/393,New,0
1086,VH-02-101-3,2,101,1078,RetailInvoice,2021-02-21 00:00:00,,2021-02-22 00:00:00,Retail Sale Voucher No.RSL/20-21/394,New,0
1087,VH-02-101-1,2,101,1079,RetailInvoice,2021-02-22 00:00:00,,2021-02-23 00:00:00,Retail Sale Voucher No.RSL/20-21/395,New,0
1088,VH-02-101-1,2,101,1080,RetailInvoice,2021-02-23 00:00:00,,2021-02-23 00:00:00,Retail Sale Voucher No.RSL/20-21/396,New,0
1089,VH-02-101-2,2,101,1081,RetailInvoice,2021-02-23 00:00:00,,2021-02-23 00:00:00,Retail Sale Voucher No.RSL/20-21/397,New,0
1090,VH-02-101-1,2,101,1082,RetailInvoice,2021-02-24 00:00:00,,2021-02-24 00:00:00,Retail Sale Voucher No.RSL/20-21/398,New,0
1091,VH-02-101-2,2,101,1083,RetailInvoice,2021-02-24 00:00:00,,2021-02-24 00:00:00,Retail Sale Voucher No.RSL/20-21/399,New,0
1092,VH-02-101-1,2,101,1084,RetailInvoice,2021-02-25 00:00:00,,2021-02-25 00:00:00,Retail Sale Voucher No.RSL/20-21/400,New,0
1093,VH-02-101-1,2,101,1085,RetailInvoice,2021-02-27 00:00:00,,2021-02-27 00:00:00,Retail Sale Voucher No.RSL/20-21/401,New,0
1094,VH-02-101-2,2,101,1086,RetailInvoice,2021-02-27 00:00:00,,2021-02-27 00:00:00,Retail Sale Voucher No.RSL/20-21/402,New,0
1095,VH-02-101-3,2,101,1087,RetailInvoice,2021-02-27 00:00:00,,2021-02-27 00:00:00,Retail Sale Voucher No.RSL/20-21/403,New,0
1096,VH-02-101-4,2,101,1088,RetailInvoice,2021-02-27 00:00:00,,2021-02-27 00:00:00,Retail Sale Voucher No.RSL/20-21/404,New,0
1097,VH-02-101-5,2,101,1089,RetailInvoice,2021-02-27 00:00:00,,2021-02-27 00:00:00,Retail Sale Voucher No.RSL/20-21/405,New,0
1098,VH-02-101-1,2,101,1090,RetailInvoice,2021-03-01 00:00:00,,2021-03-01 00:00:00,Retail Sale Voucher No.RSL/20-21/406,New,0
1099,VH-02-101-2,2,101,1091,RetailInvoice,2021-03-01 00:00:00,,2021-03-01 00:00:00,Retail Sale Voucher No.RSL/20-21/407,New,0
1100,VH-02-101-1,2,101,1092,RetailInvoice,2021-03-03 00:00:00,,2021-03-03 00:00:00,Retail Sale Voucher No.RSL/20-21/408,New,0
1101,VH-02-101-2,2,101,1093,RetailInvoice,2021-03-03 00:00:00,,2021-03-04 00:00:00,Retail Sale Voucher No.RSL/20-21/409,New,0
1102,VH-02-101-1,2,101,1094,RetailInvoice,2021-03-04 00:00:00,,2021-03-04 00:00:00,Retail Sale Voucher No.RSL/20-21/410,New,0
1103,VH-02-101-1,2,101,1095,RetailInvoice,2021-03-05 00:00:00,,2021-03-05 00:00:00,Retail Sale Voucher No.RSL/20-21/411,New,0
1104,VH-02-101-2,2,101,1096,RetailInvoice,2021-03-05 00:00:00,,2021-03-05 00:00:00,Retail Sale Voucher No.RSL/20-21/412,New,0
1105,VH-02-101-1,2,101,1097,RetailInvoice,2021-03-06 00:00:00,,2021-03-07 00:00:00,Retail Sale Voucher No.RSL/20-21/413,New,0
1106,VH-02-101-1,2,101,1098,RetailInvoice,2021-03-07 00:00:00,,2021-03-07 00:00:00,Retail Sale Voucher No.RSL/20-21/414,New,0
1107,VH-02-101-2,2,101,1099,RetailInvoice,2021-03-07 00:00:00,,2021-03-07 00:00:00,Retail Sale Voucher No.RSL/20-21/415,New,0
1108,VH-02-101-1,2,101,1100,RetailInvoice,2021-03-08 00:00:00,,2021-03-09 00:00:00,Retail Sale Voucher No.RSL/20-21/416,New,0
1109,VH-02-101-1,2,101,1101,RetailInvoice,2021-03-09 00:00:00,,2021-03-09 00:00:00,Retail Sale Voucher No.RSL/20-21/417,New,0
1110,VH-02-101-2,2,101,1102,RetailInvoice,2021-03-09 00:00:00,,2021-03-09 00:00:00,Retail Sale Voucher No.RSL/20-21/418,New,0
1111,VH-02-101-3,2,101,1103,RetailInvoice,2021-03-09 00:00:00,,2021-03-10 00:00:00,Retail Sale Voucher No.RSL/20-21/419,New,0
1112,VH-02-101-1,2,101,1104,RetailInvoice,2021-03-10 00:00:00,,2021-03-10 00:00:00,Retail Sale Voucher No.RSL/20-21/420,New,0
1113,VH-02-101-2,2,101,1105,RetailInvoice,2021-03-10 00:00:00,,2021-03-10 00:00:00,Retail Sale Voucher No.RSL/20-21/421,New,0
1114,VH-02-101-3,2,101,1106,RetailInvoice,2021-03-10 00:00:00,,2021-03-12 00:00:00,Retail Sale Voucher No.RSL/20-21/422,New,0
1115,VH-02-101-1,2,101,1107,RetailInvoice,2021-03-12 00:00:00,,2021-03-12 00:00:00,Retail Sale Voucher No.RSL/20-21/423,New,0
1116,VH-02-101-2,2,101,1108,RetailInvoice,2021-03-12 00:00:00,,2021-03-12 00:00:00,Retail Sale Voucher No.RSL/20-21/424,New,0
1117,VH-02-101-3,2,101,1109,RetailInvoice,2021-03-12 00:00:00,,2021-03-12 00:00:00,Retail Sale Voucher No.RSL/20-21/425,New,0
1118,VH-02-101-1,2,101,1110,RetailInvoice,2021-03-13 00:00:00,,2021-03-19 00:00:00,Retail Sale Voucher No.RSL/20-21/426,New,0
1119,VH-02-101-1,2,101,1111,RetailInvoice,2021-03-14 00:00:00,,2021-03-19 00:00:00,Retail Sale Voucher No.RSL/20-21/427,New,0
1120,VH-02-101-1,2,101,1112,RetailInvoice,2021-03-15 00:00:00,,2021-03-19 00:00:00,Retail Sale Voucher No.RSL/20-21/428,New,0
1121,VH-02-101-1,2,101,1113,RetailInvoice,2021-03-16 00:00:00,,2021-03-19 00:00:00,Retail Sale Voucher No.RSL/20-21/429,New,0
1122,VH-02-101-1,2,101,1114,RetailInvoice,2021-03-17 00:00:00,,2021-03-19 00:00:00,Retail Sale Voucher No.RSL/20-21/430,New,0
1123,VH-02-101-2,2,101,1115,RetailInvoice,2021-03-17 00:00:00,,2021-03-19 00:00:00,Retail Sale Voucher No.RSL/20-21/431,New,0
1124,VH-02-101-1,2,101,1116,RetailInvoice,2021-03-18 00:00:00,,2021-03-19 00:00:00,Retail Sale Voucher No.RSL/20-21/432,New,0
1125,VH-02-101-1,2,101,1117,RetailInvoice,2021-03-19 00:00:00,,2021-03-19 00:00:00,Retail Sale Voucher No.RSL/20-21/433,New,0
1126,VH-02-101-1,2,101,1118,RetailInvoice,2021-03-20 00:00:00,,2021-03-22 00:00:00,Retail Sale Voucher No.RSL/20-21/434,New,0
1127,VH-02-101-2,2,101,1119,RetailInvoice,2021-03-20 00:00:00,,2021-03-22 00:00:00,Retail Sale Voucher No.RSL/20-21/435,New,0
1128,VH-02-101-1,2,101,1120,RetailInvoice,2021-03-21 00:00:00,,2021-03-22 00:00:00,Retail Sale Voucher No.RSL/20-21/436,New,0
1129,VH-02-101-2,2,101,1121,RetailInvoice,2021-03-21 00:00:00,,2021-03-22 00:00:00,Retail Sale Voucher No.RSL/20-21/437,New,0
1130,VH-02-101-3,2,101,1122,RetailInvoice,2021-03-21 00:00:00,,2021-03-22 00:00:00,Retail Sale Voucher No.RSL/20-21/438,New,0
1131,VH-02-101-1,2,101,1123,RetailInvoice,2021-03-22 00:00:00,,2021-03-24 00:00:00,Retail Sale Voucher No.RSL/20-21/439,New,0
1132,VH-02-101-1,2,101,1124,RetailInvoice,2021-03-23 00:00:00,,2021-03-24 00:00:00,Retail Sale Voucher No.RSL/20-21/440,New,0
1133,VH-02-101-1,2,101,1125,RetailInvoice,2021-03-24 00:00:00,,2021-03-24 00:00:00,Retail Sale Voucher No.RSL/20-21/441,New,0
1134,VH-02-101-1,2,101,1126,RetailInvoice,2021-03-25 00:00:00,,2021-03-27 00:00:00,Retail Sale Voucher No.RSL/20-21/442,New,0
1135,VH-02-101-1,2,101,1127,RetailInvoice,2021-03-27 00:00:00,,2021-03-27 00:00:00,Retail Sale Voucher No.RSL/20-21/443,New,0
1136,VH-02-101-1,2,101,1128,RetailInvoice,2021-03-28 00:00:00,,2021-03-31 00:00:00,Retail Sale Voucher No.RSL/20-21/444,New,0
1137,VH-02-101-1,2,101,1129,RetailInvoice,2021-03-30 00:00:00,,2021-03-31 00:00:00,Retail Sale Voucher No.RSL/20-21/445,New,0
1138,VH-02-101-2,2,101,1130,RetailInvoice,2021-03-30 00:00:00,,2021-03-31 00:00:00,Retail Sale Voucher No.RSL/20-21/446,New,0
1139,VH-03-101-1,3,101,1131,RetailInvoice,2021-04-01 00:00:00,,2021-04-02 00:00:00,Retail Sale Voucher No.RSL/21-22/1,New,0
1140,VH-03-101-1,3,101,1132,RetailInvoice,2021-04-05 00:00:00,,2021-04-06 00:00:00,Retail Sale Voucher No.RSL/21-22/2,New,0
1141,VH-03-101-2,3,101,1133,RetailInvoice,2021-04-05 00:00:00,,2021-04-06 00:00:00,Retail Sale Voucher No.RSL/21-22/3,New,0
1142,VH-03-101-1,3,101,1134,RetailInvoice,2021-04-06 00:00:00,,2021-04-06 00:00:00,Retail Sale Voucher No.RSL/21-22/4,New,0
1143,VH-03-101-2,3,101,1135,RetailInvoice,2021-04-06 00:00:00,,2021-04-08 00:00:00,Retail Sale Voucher No.RSL/21-22/5,New,0
1144,VH-03-101-3,3,101,1136,RetailInvoice,2021-04-06 00:00:00,,2021-04-08 00:00:00,Retail Sale Voucher No.RSL/21-22/6,New,0
1145,VH-03-101-1,3,101,1137,RetailInvoice,2021-04-07 00:00:00,,2021-04-08 00:00:00,Retail Sale Voucher No.RSL/21-22/7,New,0
1146,VH-03-101-1,3,101,1138,RetailInvoice,2021-04-08 00:00:00,,2021-04-08 00:00:00,Retail Sale Voucher No.RSL/21-22/8,New,0
1147,VH-03-101-2,3,101,1139,RetailInvoice,2021-04-08 00:00:00,,2021-04-08 00:00:00,Retail Sale Voucher No.RSL/21-22/9,New,0
1148,VH-03-101-1,3,101,1140,RetailInvoice,2021-04-09 00:00:00,,2021-04-14 00:00:00,Retail Sale Voucher No.RSL/21-22/10,New,0
1149,VH-03-101-1,3,101,1141,RetailInvoice,2021-04-10 00:00:00,,2021-04-14 00:00:00,Retail Sale Voucher No.RSL/21-22/11,New,0
1150,VH-03-101-1,3,101,1142,RetailInvoice,2021-04-11 00:00:00,,2021-04-14 00:00:00,Retail Sale Voucher No.RSL/21-22/12,New,0
1151,VH-03-101-1,3,101,1143,RetailInvoice,2021-04-12 00:00:00,,2021-04-14 00:00:00,Retail Sale Voucher No.RSL/21-22/13,New,0
1152,VH-03-101-1,3,101,1144,RetailInvoice,2021-04-13 00:00:00,,2021-04-14 00:00:00,Retail Sale Voucher No.RSL/21-22/14,New,0
1153,VH-03-101-1,3,101,1145,RetailInvoice,2021-04-14 00:00:00,,2021-04-17 00:00:00,Retail Sale Voucher No.RSL/21-22/15,New,0
1154,VH-03-101-1,3,101,1146,RetailInvoice,2021-04-15 00:00:00,,2021-04-18 00:00:00,Retail Sale Voucher No.RSL/21-22/16,New,0
1155,VH-03-101-1,3,101,1147,RetailInvoice,2021-04-16 00:00:00,,2021-04-18 00:00:00,Retail Sale Voucher No.RSL/21-22/17,New,0
1156,VH-03-101-1,3,101,1148,RetailInvoice,2021-04-17 00:00:00,,2021-04-18 00:00:00,Retail Sale Voucher No.RSL/21-22/18,New,0
1157,VH-03-101-1,3,101,1149,RetailInvoice,2021-04-18 00:00:00,,2021-04-18 00:00:00,Retail Sale Voucher No.RSL/21-22/19,New,0
1158,VH-03-101-1,3,101,1150,RetailInvoice,2021-04-19 00:00:00,,2021-04-21 00:00:00,Retail Sale Voucher No.RSL/21-22/20,New,0
1159,VH-03-101-1,3,101,1151,RetailInvoice,2021-04-21 00:00:00,,2021-04-28 00:00:00,Retail Sale Voucher No.RSL/21-22/21,Modified,0
1160,VH-03-101-1,3,101,1152,RetailInvoice,2021-04-22 00:00:00,,2021-04-22 00:00:00,Retail Sale Voucher No.RSL/21-22/22,New,0
1161,VH-03-101-1,3,101,1153,RetailInvoice,2021-04-23 00:00:00,,2021-04-28 00:00:00,Retail Sale Voucher No.RSL/21-22/23,New,0
1162,VH-03-101-1,3,101,1154,RetailInvoice,2021-04-23 00:00:00,,2021-04-28 00:00:00,Retail Sale Voucher No.RSL/21-22/24,Modified,0
1163,VH-03-101-1,3,101,1155,RetailInvoice,2021-04-26 00:00:00,,2021-04-28 00:00:00,Retail Sale Voucher No.RSL/21-22/25,New,0
1164,VH-03-101-1,3,101,1156,RetailInvoice,2021-04-27 00:00:00,,2021-04-28 00:00:00,Retail Sale Voucher No.RSL/21-22/26,New,0
1165,VH-03-101-1,3,101,1157,RetailInvoice,2021-04-30 00:00:00,,2021-04-30 00:00:00,Retail Sale Voucher No.RSL/21-22/27,New,0
1166,VH-03-101-2,3,101,1158,RetailInvoice,2021-04-30 00:00:00,,2021-04-30 00:00:00,Retail Sale Voucher No.RSL/21-22/28,New,0
1167,VH-03-101-3,3,101,1159,RetailInvoice,2021-04-30 00:00:00,,2021-04-30 00:00:00,Retail Sale Voucher No.RSL/21-22/29,New,0
1168,VH-03-101-1,3,101,1160,RetailInvoice,2021-05-03 00:00:00,,2021-05-03 00:00:00,Retail Sale Voucher No.RSL/21-22/30,New,0
1169,VH-03-101-2,3,101,1161,RetailInvoice,2021-05-03 00:00:00,,2021-05-03 00:00:00,Retail Sale Voucher No.RSL/21-22/31,New,0
1170,VH-03-101-1,3,101,1162,RetailInvoice,2021-05-04 00:00:00,,2021-07-06 00:00:00,Retail Sale Voucher No.RSL/21-22/32,New,0
1171,VH-03-101-2,3,101,1163,RetailInvoice,2021-05-04 00:00:00,,2021-07-06 00:00:00,Retail Sale Voucher No.RSL/21-22/33,New,0
1172,VH-03-101-3,3,101,1164,RetailInvoice,2021-05-04 00:00:00,,2021-07-06 00:00:00,Retail Sale Voucher No.RSL/21-22/34,New,0
1173,VH-03-101-4,3,101,1165,RetailInvoice,2021-05-04 00:00:00,,2021-07-06 00:00:00,Retail Sale Voucher No.RSL/21-22/35,New,0
1174,VH-03-101-1,3,101,1166,RetailInvoice,2021-06-21 00:00:00,,2021-07-06 00:00:00,Retail Sale Voucher No.RSL/21-22/36,New,0
1175,VH-03-101-1,3,101,1167,RetailInvoice,2021-06-23 00:00:00,,2021-07-06 00:00:00,Retail Sale Voucher No.RSL/21-22/37,New,0
1176,VH-03-101-2,3,101,1168,RetailInvoice,2021-06-23 00:00:00,,2021-07-06 00:00:00,Retail Sale Voucher No.RSL/21-22/38,New,0
1177,VH-03-101-3,3,101,1169,RetailInvoice,2021-06-23 00:00:00,,2021-07-06 00:00:00,Retail Sale Voucher No.RSL/21-22/39,New,0
1178,VH-03-101-4,3,101,1170,RetailInvoice,2021-06-23 00:00:00,,2021-07-06 00:00:00,Retail Sale Voucher No.RSL/21-22/40,New,0
1179,VH-03-101-1,3,101,1171,RetailInvoice,2021-06-24 00:00:00,,2021-07-06 00:00:00,Retail Sale Voucher No.RSL/21-22/41,New,0
1180,VH-03-101-2,3,101,1172,RetailInvoice,2021-06-24 00:00:00,,2021-07-06 00:00:00,Retail Sale Voucher No.RSL/21-22/42,New,0
1181,VH-03-101-1,3,101,1173,RetailInvoice,2021-06-27 00:00:00,,2021-07-06 00:00:00,Retail Sale Voucher No.RSL/21-22/43,New,0
1182,VH-03-101-2,3,101,1174,RetailInvoice,2021-06-27 00:00:00,,2021-07-06 00:00:00,Retail Sale Voucher No.RSL/21-22/44,New,0
1183,VH-03-101-1,3,101,1175,RetailInvoice,2021-06-28 00:00:00,,2021-07-06 00:00:00,Retail Sale Voucher No.RSL/21-22/45,New,0
1184,VH-03-101-1,3,101,1176,RetailInvoice,2021-06-30 00:00:00,,2021-07-06 00:00:00,Retail Sale Voucher No.RSL/21-22/46,New,0
1185,VH-03-101-1,3,101,1177,RetailInvoice,2021-07-01 00:00:00,,2021-07-06 00:00:00,Retail Sale Voucher No.RSL/21-22/47,New,0
1186,VH-03-101-1,3,101,1178,RetailInvoice,2021-07-02 00:00:00,,2021-07-06 00:00:00,Retail Sale Voucher No.RSL/21-22/48,New,0
1187,VH-03-101-2,3,101,1179,RetailInvoice,2021-07-02 00:00:00,,2021-07-06 00:00:00,Retail Sale Voucher No.RSL/21-22/49,New,0
1188,VH-03-101-1,3,101,1180,RetailInvoice,2021-07-05 00:00:00,,2021-07-08 00:00:00,Retail Sale Voucher No.RSL/21-22/50,New,0
1189,VH-03-101-1,3,101,1181,RetailInvoice,2021-07-06 00:00:00,,2021-09-28 00:00:00,Retail Sale Voucher No.RSL/21-22/51,Modified,0
1190,VH-03-101-1,3,101,1182,RetailInvoice,2021-07-07 00:00:00,,2021-09-28 00:00:00,Retail Sale Voucher No.RSL/21-22/52,Modified,0
1191,VH-03-101-1,3,101,1183,RetailInvoice,2021-07-08 00:00:00,,2021-09-28 00:00:00,Retail Sale Voucher No.RSL/21-22/53,Modified,0
1192,VH-03-101-1,3,101,1184,RetailInvoice,2021-07-09 00:00:00,,2021-07-19 00:00:00,Retail Sale Voucher No.RSL/21-22/54,New,0
1193,VH-03-101-1,3,101,1185,RetailInvoice,2021-07-19 00:00:00,,2021-07-19 00:00:00,Retail Sale Voucher No.RSL/21-22/55,New,0
1194,VH-03-101-1,3,101,1186,RetailInvoice,2021-07-20 00:00:00,,2021-09-28 00:00:00,Retail Sale Voucher No.RSL/21-22/56,Modified,0
1195,VH-03-101-1,3,101,1187,RetailInvoice,2021-07-21 00:00:00,,2021-09-28 00:00:00,Retail Sale Voucher No.RSL/21-22/57,Modified,0
1196,VH-03-101-1,3,101,1188,RetailInvoice,2021-07-22 00:00:00,,2021-09-28 00:00:00,Retail Sale Voucher No.RSL/21-22/58,Modified,0
1197,VH-03-101-1,3,101,1189,RetailInvoice,2021-07-23 00:00:00,,2021-07-28 00:00:00,Retail Sale Voucher No.RSL/21-22/59,New,0
1198,VH-03-101-1,3,101,1190,RetailInvoice,2021-07-26 00:00:00,,2021-09-28 00:00:00,Retail Sale Voucher No.RSL/21-22/60,Modified,0
1199,VH-03-101-1,3,101,1191,RetailInvoice,2021-07-27 00:00:00,,2021-07-28 00:00:00,Retail Sale Voucher No.RSL/21-22/61,New,0
1200,VH-03-101-2,3,101,1192,RetailInvoice,2021-07-27 00:00:00,,2021-07-28 00:00:00,Retail Sale Voucher No.RSL/21-22/62,New,0
1201,VH-03-101-3,3,101,1193,RetailInvoice,2021-07-27 00:00:00,,2021-07-28 00:00:00,Retail Sale Voucher No.RSL/21-22/63,New,0
1202,VH-03-101-1,3,101,1194,RetailInvoice,2021-07-28 00:00:00,,2021-08-05 00:00:00,Retail Sale Voucher No.RSL/21-22/64,New,0
1203,VH-03-101-1,3,101,1195,RetailInvoice,2021-07-29 00:00:00,,2021-08-05 00:00:00,Retail Sale Voucher No.RSL/21-22/65,New,0
1204,VH-03-101-1,3,101,1196,RetailInvoice,2021-08-03 00:00:00,,2021-08-05 00:00:00,Retail Sale Voucher No.RSL/21-22/66,New,0
1205,VH-03-101-1,3,101,1197,RetailInvoice,2021-08-04 00:00:00,,2021-08-05 00:00:00,Retail Sale Voucher No.RSL/21-22/67,New,0
1206,VH-03-101-1,3,101,1198,RetailInvoice,2021-08-05 00:00:00,,2021-08-05 00:00:00,Retail Sale Voucher No.RSL/21-22/68,New,0
1207,VH-03-101-1,3,101,1199,RetailInvoice,2021-08-06 00:00:00,,2021-08-10 00:00:00,Retail Sale Voucher No.RSL/21-22/69,New,0
1208,VH-03-101-2,3,101,1200,RetailInvoice,2021-08-06 00:00:00,,2021-08-10 00:00:00,Retail Sale Voucher No.RSL/21-22/70,New,0
1209,VH-03-101-3,3,101,1201,RetailInvoice,2021-08-06 00:00:00,,2021-08-10 00:00:00,Retail Sale Voucher No.RSL/21-22/71,New,0
1210,VH-03-101-1,3,101,1202,RetailInvoice,2021-08-09 00:00:00,,2021-08-10 00:00:00,Retail Sale Voucher No.RSL/21-22/72,New,0
1211,VH-03-101-1,3,101,1203,RetailInvoice,2021-08-10 00:00:00,,2021-08-10 00:00:00,Retail Sale Voucher No.RSL/21-22/73,New,0
1212,VH-03-101-1,3,101,1204,RetailInvoice,2021-09-10 00:00:00,,2021-09-28 00:00:00,Retail Sale Voucher No.RSL/21-22/74,New,0
1213,VH-03-101-2,3,101,1205,RetailInvoice,2021-09-10 00:00:00,,2021-09-28 00:00:00,Retail Sale Voucher No.RSL/21-22/75,New,0
1214,VH-03-101-3,3,101,1206,RetailInvoice,2021-09-10 00:00:00,,2021-09-28 00:00:00,Retail Sale Voucher No.RSL/21-22/76,New,0
1215,VH-03-101-4,3,101,1207,RetailInvoice,2021-09-10 00:00:00,,2021-09-28 00:00:00,Retail Sale Voucher No.RSL/21-22/77,New,0
1216,VH-03-101-1,3,101,1208,RetailInvoice,2021-09-11 00:00:00,,2021-09-28 00:00:00,Retail Sale Voucher No.RSL/21-22/78,New,0
1217,VH-03-101-1,3,101,1209,RetailInvoice,2021-09-12 00:00:00,,2021-10-20 00:00:00,Retail Sale Voucher No.RSL/21-22/79,Modified,0
1218,VH-03-101-1,3,101,1210,RetailInvoice,2021-09-13 00:00:00,,2021-10-20 00:00:00,Retail Sale Voucher No.RSL/21-22/80,Modified,0
1219,VH-03-101-1,3,101,1211,RetailInvoice,2021-09-14 00:00:00,,2021-10-20 00:00:00,Retail Sale Voucher No.RSL/21-22/81,Modified,0
1220,VH-03-101-1,3,101,1212,RetailInvoice,2021-09-15 00:00:00,,2021-09-28 00:00:00,Retail Sale Voucher No.RSL/21-22/82,New,0
1221,VH-03-101-1,3,101,1213,RetailInvoice,2021-09-16 00:00:00,,2021-10-02 00:00:00,Retail Sale Voucher No.RSL/21-22/83,New,0
1222,VH-03-101-2,3,101,1214,RetailInvoice,2021-09-16 00:00:00,,2021-10-02 00:00:00,Retail Sale Voucher No.RSL/21-22/84,New,0
1223,VH-03-101-1,3,101,1215,RetailInvoice,2021-09-17 00:00:00,,2021-10-02 00:00:00,Retail Sale Voucher No.RSL/21-22/85,New,0
1224,VH-03-101-2,3,101,1216,RetailInvoice,2021-09-17 00:00:00,,2021-10-02 00:00:00,Retail Sale Voucher No.RSL/21-22/86,New,0
1225,VH-03-101-1,3,101,1217,RetailInvoice,2021-09-18 00:00:00,,2021-10-02 00:00:00,Retail Sale Voucher No.RSL/21-22/87,New,0
1226,VH-03-101-1,3,101,1218,RetailInvoice,2021-09-19 00:00:00,,2021-10-02 00:00:00,Retail Sale Voucher No.RSL/21-22/88,New,0
1227,VH-03-101-1,3,101,1219,RetailInvoice,2021-09-20 00:00:00,,2021-10-20 00:00:00,Retail Sale Voucher No.RSL/21-22/89,Modified,0
1228,VH-03-101-1,3,101,1220,RetailInvoice,2021-09-21 00:00:00,,2021-10-20 00:00:00,Retail Sale Voucher No.RSL/21-22/90,Modified,0
1229,VH-03-101-1,3,101,1221,RetailInvoice,2021-09-22 00:00:00,,2021-10-20 00:00:00,Retail Sale Voucher No.RSL/21-22/91,Modified,0
1230,VH-03-101-1,3,101,1222,RetailInvoice,2021-09-23 00:00:00,,2021-10-02 00:00:00,Retail Sale Voucher No.RSL/21-22/92,New,0
1231,VH-03-101-2,3,101,1223,RetailInvoice,2021-09-23 00:00:00,,2021-10-02 00:00:00,Retail Sale Voucher No.RSL/21-22/93,New,0
1232,VH-03-101-3,3,101,1224,RetailInvoice,2021-09-23 00:00:00,,2021-10-02 00:00:00,Retail Sale Voucher No.RSL/21-22/94,New,0
1233,VH-03-101-4,3,101,1225,RetailInvoice,2021-09-23 00:00:00,,2021-10-02 00:00:00,Retail Sale Voucher No.RSL/21-22/95,New,0
1234,VH-03-101-5,3,101,1226,RetailInvoice,2021-09-23 00:00:00,,2021-10-02 00:00:00,Retail Sale Voucher No.RSL/21-22/96,New,0
1235,VH-03-101-1,3,101,1227,RetailInvoice,2021-09-24 00:00:00,,2021-10-02 00:00:00,Retail Sale Voucher No.RSL/21-22/97,New,0
1236,VH-03-101-1,3,101,1228,RetailInvoice,2021-09-25 00:00:00,,2021-10-20 00:00:00,Retail Sale Voucher No.RSL/21-22/98,Modified,0
1237,VH-03-101-1,3,101,1229,RetailInvoice,2021-09-26 00:00:00,,2021-10-02 00:00:00,Retail Sale Voucher No.RSL/21-22/99,New,0
1238,VH-03-101-1,3,101,1230,RetailInvoice,2021-09-27 00:00:00,,2021-10-02 00:00:00,Retail Sale Voucher No.RSL/21-22/100,New,0
1239,VH-03-101-1,3,101,1231,RetailInvoice,2021-09-28 00:00:00,,2021-10-02 00:00:00,Retail Sale Voucher No.RSL/21-22/101,New,0
1240,VH-03-101-1,3,101,1232,RetailInvoice,2021-09-29 00:00:00,,2021-10-02 00:00:00,Retail Sale Voucher No.RSL/21-22/102,New,0
1241,VH-03-101-1,3,101,1233,RetailInvoice,2021-09-30 00:00:00,,2021-10-02 00:00:00,Retail Sale Voucher No.RSL/21-22/103,New,0
1242,VH-03-101-2,3,101,1234,RetailInvoice,2021-09-30 00:00:00,,2021-10-02 00:00:00,Retail Sale Voucher No.RSL/21-22/104,New,0
1243,VH-03-101-1,3,101,1235,RetailInvoice,2021-10-01 00:00:00,,2021-10-02 00:00:00,Retail Sale Voucher No.RSL/21-22/105,New,0
1244,VH-03-101-1,3,101,1236,RetailInvoice,2021-10-03 00:00:00,,2021-10-12 00:00:00,Retail Sale Voucher No.RSL/21-22/106,New,0
1245,VH-03-101-1,3,101,1237,RetailInvoice,2021-10-04 00:00:00,,2021-12-18 00:00:00,Retail Sale Voucher No.RSL/21-22/107,Modified,0
1246,VH-03-101-1,3,101,1238,RetailInvoice,2021-10-05 00:00:00,,2021-12-18 00:00:00,Retail Sale Voucher No.RSL/21-22/108,Modified,0
1247,VH-03-101-1,3,101,1239,RetailInvoice,2021-10-06 00:00:00,,2021-10-12 00:00:00,Retail Sale Voucher No.RSL/21-22/109,New,0
1248,VH-03-101-1,3,101,1240,RetailInvoice,2021-10-07 00:00:00,,2021-10-12 00:00:00,Retail Sale Voucher No.RSL/21-22/110,New,0
1249,VH-03-101-1,3,101,1241,RetailInvoice,2021-10-08 00:00:00,,2021-12-18 00:00:00,Retail Sale Voucher No.RSL/21-22/111,Modified,0
1250,VH-03-101-1,3,101,1242,RetailInvoice,2021-10-09 00:00:00,,2021-12-18 00:00:00,Retail Sale Voucher No.RSL/21-22/112,Modified,0
1251,VH-03-101-1,3,101,1243,RetailInvoice,2021-10-10 00:00:00,,2021-10-12 00:00:00,Retail Sale Voucher No.RSL/21-22/113,New,0
1252,VH-03-101-1,3,101,1244,RetailInvoice,2021-10-10 00:00:00,,2021-12-18 00:00:00,Retail Sale Voucher No.RSL/21-22/114,Modified,0
1253,VH-03-101-2,3,101,1245,RetailInvoice,2021-10-10 00:00:00,,2021-10-12 00:00:00,Retail Sale Voucher No.RSL/21-22/115,New,0
1254,VH-03-101-3,3,101,1246,RetailInvoice,2021-10-10 00:00:00,,2021-10-12 00:00:00,Retail Sale Voucher No.RSL/21-22/116,New,0
1255,VH-03-101-1,3,101,1247,RetailInvoice,2021-10-11 00:00:00,,2021-10-12 00:00:00,Retail Sale Voucher No.RSL/21-22/117,New,0
1256,VH-03-101-2,3,101,1248,RetailInvoice,2021-10-11 00:00:00,,2021-10-12 00:00:00,Retail Sale Voucher No.RSL/21-22/118,New,0
1257,VH-03-101-1,3,101,1249,RetailInvoice,2021-10-12 00:00:00,,2021-10-13 00:00:00,Retail Sale Voucher No.RSL/21-22/119,New,0
1258,VH-03-101-1,3,101,1250,RetailInvoice,2021-10-13 00:00:00,,2021-10-13 00:00:00,Retail Sale Voucher No.RSL/21-22/120,New,0
1259,VH-03-101-1,3,101,1251,RetailInvoice,2021-10-14 00:00:00,,2021-12-20 00:00:00,Retail Sale Voucher No.RSL/21-22/121,Modified,0
1260,VH-03-101-2,3,101,1252,RetailInvoice,2021-10-14 00:00:00,,2021-10-20 00:00:00,Retail Sale Voucher No.RSL/21-22/122,New,0
1261,VH-03-101-3,3,101,1253,RetailInvoice,2021-10-14 00:00:00,,2021-10-20 00:00:00,Retail Sale Voucher No.RSL/21-22/123,New,0
1262,VH-03-101-1,3,101,1254,RetailInvoice,2021-10-15 00:00:00,,2021-12-18 00:00:00,Retail Sale Voucher No.RSL/21-22/124,Modified,0
1263,VH-03-101-1,3,101,1255,RetailInvoice,2021-10-18 00:00:00,,2021-10-20 00:00:00,Retail Sale Voucher No.RSL/21-22/125,New,0
1264,VH-03-101-1,3,101,1256,RetailInvoice,2021-10-19 00:00:00,,2021-12-18 00:00:00,Retail Sale Voucher No.RSL/21-22/126,Modified,0
1265,VH-03-101-1,3,101,1257,RetailInvoice,2021-10-20 00:00:00,,2021-10-21 00:00:00,Retail Sale Voucher No.RSL/21-22/127,New,0
1266,VH-03-101-1,3,101,1258,RetailInvoice,2021-10-21 00:00:00,,2021-12-20 00:00:00,Retail Sale Voucher No.RSL/21-22/128,Modified,0
1267,VH-03-101-1,3,101,1259,RetailInvoice,2021-10-22 00:00:00,,2021-12-20 00:00:00,Retail Sale Voucher No.RSL/21-22/129,Modified,0
1268,VH-03-101-1,3,101,1260,RetailInvoice,2021-10-22 00:00:00,,2021-10-25 00:00:00,Retail Sale Voucher No.RSL/21-22/130,Modified,0
1269,VH-03-101-2,3,101,1261,RetailInvoice,2021-10-22 00:00:00,,2021-12-18 00:00:00,Retail Sale Voucher No.RSL/21-22/131,Modified,0
1270,VH-03-101-1,3,101,1262,RetailInvoice,2021-10-23 00:00:00,,2021-12-18 00:00:00,Retail Sale Voucher No.RSL/21-22/132,Modified,0
1271,VH-03-101-1,3,101,1263,RetailInvoice,2021-10-24 00:00:00,,2021-10-25 00:00:00,Retail Sale Voucher No.RSL/21-22/133,New,0
1272,VH-03-101-2,3,101,1264,RetailInvoice,2021-10-24 00:00:00,,2021-12-18 00:00:00,Retail Sale Voucher No.RSL/21-22/134,Modified,0
1273,VH-03-101-1,3,101,1265,RetailInvoice,2021-10-25 00:00:00,,2021-12-20 00:00:00,Retail Sale Voucher No.RSL/21-22/135,Modified,0
1274,VH-03-101-1,3,101,7,OldMetalPurchase,2021-10-26 00:00:00,,2021-10-26 00:00:00,Old Purchase Voucher No - OLP/21-22/1,New,0
1275,VH-03-101-2,3,101,1266,RetailInvoice,2021-10-26 00:00:00,,2021-10-26 00:00:00,Retail Sale Voucher No.RSL/21-22/136,New,0
1276,VH-03-101-3,3,101,1267,RetailInvoice,2021-10-26 00:00:00,,2021-12-20 00:00:00,Retail Sale Voucher No.RSL/21-22/137,Modified,0
1277,VH-03-101-1,3,101,1268,RetailInvoice,2021-10-27 00:00:00,,2021-12-18 00:00:00,Retail Sale Voucher No.RSL/21-22/138,Modified,0
1278,VH-03-101-1,3,101,1269,RetailInvoice,2021-10-28 00:00:00,,2021-10-28 00:00:00,Retail Sale Voucher No.RSL/21-22/139,New,0
1279,VH-03-101-1,3,101,1270,RetailInvoice,2021-10-29 00:00:00,,2021-10-30 00:00:00,Retail Sale Voucher No.RSL/21-22/140,Modified,0
1280,VH-03-101-1,3,101,1271,RetailInvoice,2021-10-29 00:00:00,,2021-10-30 00:00:00,Retail Sale Voucher No.RSL/21-22/141,Modified,0
1281,VH-03-101-2,3,101,1272,RetailInvoice,2021-10-29 00:00:00,,2021-12-20 00:00:00,Retail Sale Voucher No.RSL/21-22/142,Modified,0
1282,VH-03-101-1,3,101,1273,RetailInvoice,2021-10-30 00:00:00,,2021-10-30 00:00:00,Retail Sale Voucher No.RSL/21-22/143,New,0
1283,VH-03-101-1,3,101,1274,RetailInvoice,2021-10-31 00:00:00,,2021-12-20 00:00:00,Retail Sale Voucher No.RSL/21-22/144,Modified,0
1284,VH-03-101-1,3,101,1275,RetailInvoice,2021-11-01 00:00:00,,2021-11-03 00:00:00,Retail Sale Voucher No.RSL/21-22/145,New,0
1285,VH-03-101-2,3,101,1276,RetailInvoice,2021-11-01 00:00:00,,2021-11-03 00:00:00,Retail Sale Voucher No.RSL/21-22/146,New,0
1286,VH-03-101-1,3,101,1277,RetailInvoice,2021-11-02 00:00:00,,2021-11-03 00:00:00,Retail Sale Voucher No.RSL/21-22/147,New,0
1287,VH-03-101-2,3,101,1278,RetailInvoice,2021-11-02 00:00:00,,2021-11-03 00:00:00,Retail Sale Voucher No.RSL/21-22/148,New,0
1288,VH-03-101-3,3,101,1279,RetailInvoice,2021-11-02 00:00:00,,2021-11-03 00:00:00,Retail Sale Voucher No.RSL/21-22/149,New,0
1289,VH-03-101-4,3,101,1280,RetailInvoice,2021-11-02 00:00:00,,2021-11-03 00:00:00,Retail Sale Voucher No.RSL/21-22/150,New,0
1290,VH-03-101-5,3,101,1281,RetailInvoice,2021-11-02 00:00:00,,2021-11-03 00:00:00,Retail Sale Voucher No.RSL/21-22/151,New,0
1291,VH-03-101-6,3,101,1282,RetailInvoice,2021-11-02 00:00:00,,2021-11-03 00:00:00,Retail Sale Voucher No.RSL/21-22/152,New,0
1292,VH-03-101-7,3,101,1283,RetailInvoice,2021-11-02 00:00:00,,2021-11-03 00:00:00,Retail Sale Voucher No.RSL/21-22/153,New,0
1293,VH-03-101-8,3,101,1284,RetailInvoice,2021-11-02 00:00:00,,2021-11-03 00:00:00,Retail Sale Voucher No.RSL/21-22/154,New,0
1294,VH-03-101-9,3,101,1285,RetailInvoice,2021-11-02 00:00:00,,2021-11-07 00:00:00,Retail Sale Voucher No.RSL/21-22/155,New,0
1295,VH-03-101-10,3,101,1286,RetailInvoice,2021-11-02 00:00:00,,2021-11-07 00:00:00,Retail Sale Voucher No.RSL/21-22/156,New,0
1296,VH-03-101-11,3,101,1287,RetailInvoice,2021-11-02 00:00:00,,2021-11-07 00:00:00,Retail Sale Voucher No.RSL/21-22/157,New,0
1297,VH-03-101-12,3,101,1288,RetailInvoice,2021-11-02 00:00:00,,2021-11-07 00:00:00,Retail Sale Voucher No.RSL/21-22/158,New,0
1298,VH-03-101-13,3,101,1289,RetailInvoice,2021-11-02 00:00:00,,2021-11-07 00:00:00,Retail Sale Voucher No.RSL/21-22/159,New,0
1299,VH-03-101-14,3,101,1290,RetailInvoice,2021-11-02 00:00:00,,2021-11-07 00:00:00,Retail Sale Voucher No.RSL/21-22/160,New,0
1300,VH-03-101-15,3,101,1291,RetailInvoice,2021-11-02 00:00:00,,2021-11-07 00:00:00,Retail Sale Voucher No.RSL/21-22/161,New,0
1301,VH-03-101-16,3,101,1292,RetailInvoice,2021-11-02 00:00:00,,2021-11-07 00:00:00,Retail Sale Voucher No.RSL/21-22/162,New,0
1302,VH-03-101-17,3,101,1293,RetailInvoice,2021-11-02 00:00:00,,2021-11-07 00:00:00,Retail Sale Voucher No.RSL/21-22/163,Modified,0
1303,VH-03-101-1,3,101,1294,RetailInvoice,2021-11-02 00:00:00,,2021-11-07 00:00:00,Retail Sale Voucher No.RSL/21-22/164,Modified,0
1304,VH-03-101-2,3,101,1295,RetailInvoice,2021-11-02 00:00:00,,2021-11-07 00:00:00,Retail Sale Voucher No.RSL/21-22/165,New,0
1305,VH-03-101-3,3,101,1296,RetailInvoice,2021-11-02 00:00:00,,2021-11-07 00:00:00,Retail Sale Voucher No.RSL/21-22/166,New,0
1306,VH-03-101-4,3,101,1297,RetailInvoice,2021-11-02 00:00:00,,2021-11-07 00:00:00,Retail Sale Voucher No.RSL/21-22/167,New,0
1307,VH-03-101-5,3,101,1298,RetailInvoice,2021-11-02 00:00:00,,2021-11-07 00:00:00,Retail Sale Voucher No.RSL/21-22/168,New,0
1308,VH-03-101-6,3,101,1299,RetailInvoice,2021-11-02 00:00:00,,2021-11-07 00:00:00,Retail Sale Voucher No.RSL/21-22/169,New,0
1309,VH-03-101-7,3,101,1300,RetailInvoice,2021-11-02 00:00:00,,2021-11-07 00:00:00,Retail Sale Voucher No.RSL/21-22/170,Modified,0
1310,VH-03-101-8,3,101,1301,RetailInvoice,2021-11-02 00:00:00,,2021-11-07 00:00:00,Retail Sale Voucher No.RSL/21-22/171,New,0
1311,VH-03-101-9,3,101,1302,RetailInvoice,2021-11-02 00:00:00,,2021-11-07 00:00:00,Retail Sale Voucher No.RSL/21-22/172,New,0
1312,VH-03-101-10,3,101,1303,RetailInvoice,2021-11-02 00:00:00,,2021-11-07 00:00:00,Retail Sale Voucher No.RSL/21-22/173,New,0
1313,VH-03-101-11,3,101,1304,RetailInvoice,2021-11-02 00:00:00,,2021-11-07 00:00:00,Retail Sale Voucher No.RSL/21-22/174,New,0
1314,VH-03-101-1,3,101,1305,RetailInvoice,2021-11-02 00:00:00,,2021-11-07 00:00:00,Retail Sale Voucher No.RSL/21-22/175,Modified,0
1315,VH-03-101-2,3,101,1306,RetailInvoice,2021-11-02 00:00:00,,2021-12-20 00:00:00,Retail Sale Voucher No.RSL/21-22/176,Modified,0
1316,VH-03-101-3,3,101,1307,RetailInvoice,2021-11-02 00:00:00,,2021-11-07 00:00:00,Retail Sale Voucher No.RSL/21-22/177,New,0
1317,VH-03-101-4,3,101,1308,RetailInvoice,2021-11-02 00:00:00,,2021-11-07 00:00:00,Retail Sale Voucher No.RSL/21-22/178,New,0
1318,VH-03-101-1,3,101,1309,RetailInvoice,2021-11-03 00:00:00,,2021-11-07 00:00:00,Retail Sale Voucher No.RSL/21-22/179,New,0
1319,VH-03-101-1,3,101,1310,RetailInvoice,2021-11-03 00:00:00,,2021-11-07 00:00:00,Retail Sale Voucher No.RSL/21-22/180,Modified,0
1320,VH-03-101-2,3,101,1311,RetailInvoice,2021-11-03 00:00:00,,2021-11-07 00:00:00,Retail Sale Voucher No.RSL/21-22/181,New,0
1321,VH-03-101-3,3,101,1312,RetailInvoice,2021-11-03 00:00:00,,2021-11-07 00:00:00,Retail Sale Voucher No.RSL/21-22/182,New,0
1322,VH-03-101-4,3,101,1313,RetailInvoice,2021-11-03 00:00:00,,2021-11-07 00:00:00,Retail Sale Voucher No.RSL/21-22/183,New,0
1323,VH-03-101-1,3,101,1314,RetailInvoice,2021-11-03 00:00:00,,2021-11-07 00:00:00,Retail Sale Voucher No.RSL/21-22/184,Modified,0
1324,VH-03-101-2,3,101,1315,RetailInvoice,2021-11-03 00:00:00,,2021-11-07 00:00:00,Retail Sale Voucher No.RSL/21-22/185,New,0
1325,VH-03-101-1,3,101,1316,RetailInvoice,2021-11-03 00:00:00,,2021-11-09 00:00:00,Retail Sale Voucher No.RSL/21-22/186,Modified,0
1326,VH-03-101-2,3,101,1317,RetailInvoice,2021-11-03 00:00:00,,2021-11-09 00:00:00,Retail Sale Voucher No.RSL/21-22/187,New,0
1327,VH-03-101-3,3,101,1318,RetailInvoice,2021-11-03 00:00:00,,2021-11-09 00:00:00,Retail Sale Voucher No.RSL/21-22/188,New,0
1328,VH-03-101-4,3,101,1319,RetailInvoice,2021-11-03 00:00:00,,2021-11-09 00:00:00,Retail Sale Voucher No.RSL/21-22/189,New,0
1329,VH-03-101-5,3,101,1320,RetailInvoice,2021-11-03 00:00:00,,2021-11-09 00:00:00,Retail Sale Voucher No.RSL/21-22/190,New,0
1330,VH-03-101-6,3,101,1321,RetailInvoice,2021-11-03 00:00:00,,2021-11-09 00:00:00,Retail Sale Voucher No.RSL/21-22/191,New,0
1331,VH-03-101-7,3,101,1322,RetailInvoice,2021-11-03 00:00:00,,2021-11-09 00:00:00,Retail Sale Voucher No.RSL/21-22/192,New,0
1332,VH-03-101-8,3,101,1323,RetailInvoice,2021-11-03 00:00:00,,2021-11-09 00:00:00,Retail Sale Voucher No.RSL/21-22/193,New,0
1333,VH-03-101-1,3,101,1324,RetailInvoice,2021-11-04 00:00:00,,2021-11-09 00:00:00,Retail Sale Voucher No.RSL/21-22/194,New,0
1334,VH-03-101-2,3,101,1325,RetailInvoice,2021-11-04 00:00:00,,2021-11-09 00:00:00,Retail Sale Voucher No.RSL/21-22/195,New,0
1335,VH-03-101-3,3,101,1326,RetailInvoice,2021-11-04 00:00:00,,2021-11-09 00:00:00,Retail Sale Voucher No.RSL/21-22/196,New,0
1336,VH-03-101-4,3,101,1327,RetailInvoice,2021-11-04 00:00:00,,2021-11-09 00:00:00,Retail Sale Voucher No.RSL/21-22/197,New,0
1337,VH-03-101-1,3,101,1328,RetailInvoice,2021-11-05 00:00:00,,2021-12-20 00:00:00,Retail Sale Voucher No.RSL/21-22/198,Modified,0
1338,VH-03-101-1,3,101,1329,RetailInvoice,2021-11-06 00:00:00,,2021-11-09 00:00:00,Retail Sale Voucher No.RSL/21-22/199,New,0
1339,VH-03-101-1,3,101,1330,RetailInvoice,2021-11-07 00:00:00,,2021-11-09 00:00:00,Retail Sale Voucher No.RSL/21-22/200,New,0
1340,VH-03-101-2,3,101,1331,RetailInvoice,2021-11-07 00:00:00,,2021-11-09 00:00:00,Retail Sale Voucher No.RSL/21-22/201,New,0
1341,VH-03-101-1,3,101,1332,RetailInvoice,2021-11-08 00:00:00,,2021-11-09 00:00:00,Retail Sale Voucher No.RSL/21-22/202,New,0
1342,VH-03-101-2,3,101,1333,RetailInvoice,2021-11-08 00:00:00,,2021-12-20 00:00:00,Retail Sale Voucher No.RSL/21-22/203,Modified,0
1343,VH-03-101-3,3,101,1334,RetailInvoice,2021-11-08 00:00:00,,2021-11-09 00:00:00,Retail Sale Voucher No.RSL/21-22/204,New,0
1344,VH-03-101-1,3,101,1335,RetailInvoice,2021-11-09 00:00:00,,2021-12-20 00:00:00,Retail Sale Voucher No.RSL/21-22/205,Modified,0
1345,VH-03-101-1,3,101,1336,RetailInvoice,2021-11-10 00:00:00,,2021-12-20 00:00:00,Retail Sale Voucher No.RSL/21-22/206,Modified,0
1346,VH-03-101-1,3,101,1337,RetailInvoice,2021-11-11 00:00:00,,2021-11-19 00:00:00,Retail Sale Voucher No.RSL/21-22/207,New,0
1347,VH-03-101-1,3,101,1338,RetailInvoice,2021-11-12 00:00:00,,2021-11-19 00:00:00,Retail Sale Voucher No.RSL/21-22/208,New,0
1348,VH-03-101-1,3,101,1339,RetailInvoice,2021-11-13 00:00:00,,2021-11-19 00:00:00,Retail Sale Voucher No.RSL/21-22/209,New,0
1349,VH-03-101-1,3,101,1340,RetailInvoice,2021-11-14 00:00:00,,2021-11-19 00:00:00,Retail Sale Voucher No.RSL/21-22/210,New,0
1350,VH-03-101-1,3,101,1341,RetailInvoice,2021-11-15 00:00:00,,2021-11-19 00:00:00,Retail Sale Voucher No.RSL/21-22/211,New,0
1351,VH-03-101-1,3,101,1342,RetailInvoice,2021-11-16 00:00:00,,2021-11-19 00:00:00,Retail Sale Voucher No.RSL/21-22/212,New,0
1352,VH-03-101-2,3,101,1343,RetailInvoice,2021-11-16 00:00:00,,2021-11-19 00:00:00,Retail Sale Voucher No.RSL/21-22/213,New,0
1353,VH-03-101-1,3,101,1344,RetailInvoice,2021-11-17 00:00:00,,2021-11-19 00:00:00,Retail Sale Voucher No.RSL/21-22/214,New,0
1354,VH-03-101-2,3,101,1345,RetailInvoice,2021-11-17 00:00:00,,2021-12-20 00:00:00,Retail Sale Voucher No.RSL/21-22/215,Modified,0
1355,VH-03-101-1,3,101,1346,RetailInvoice,2021-11-18 00:00:00,,2021-12-20 00:00:00,Retail Sale Voucher No.RSL/21-22/216,Modified,0
1356,VH-03-101-1,3,101,1347,RetailInvoice,2021-11-19 00:00:00,,2021-11-19 00:00:00,Retail Sale Voucher No.RSL/21-22/217,New,0
1357,VH-03-101-1,3,101,1348,RetailInvoice,2021-11-20 00:00:00,,2021-11-24 00:00:00,Retail Sale Voucher No.RSL/21-22/218,Modified,0
1358,VH-03-101-2,3,101,1349,RetailInvoice,2021-11-20 00:00:00,,2021-11-24 00:00:00,Retail Sale Voucher No.RSL/21-22/219,New,0
1359,VH-03-101-1,3,101,1350,RetailInvoice,2021-11-21 00:00:00,,2021-11-24 00:00:00,Retail Sale Voucher No.RSL/21-22/220,New,0
1360,VH-03-101-1,3,101,1351,RetailInvoice,2021-11-22 00:00:00,,2021-11-24 00:00:00,Retail Sale Voucher No.RSL/21-22/221,New,0
1361,VH-03-101-1,3,101,1352,RetailInvoice,2021-11-23 00:00:00,,2021-12-20 00:00:00,Retail Sale Voucher No.RSL/21-22/222,Modified,0
1362,VH-03-101-2,3,101,1353,RetailInvoice,2021-11-23 00:00:00,,2021-11-24 00:00:00,Retail Sale Voucher No.RSL/21-22/223,New,0
1363,VH-03-101-3,3,101,1354,RetailInvoice,2021-11-23 00:00:00,,2021-11-24 00:00:00,Retail Sale Voucher No.RSL/21-22/224,New,0
1364,VH-03-101-1,3,101,1355,RetailInvoice,2021-11-24 00:00:00,,2021-11-26 00:00:00,Retail Sale Voucher No.RSL/21-22/225,New,0
1365,VH-03-101-1,3,101,1356,RetailInvoice,2021-11-25 00:00:00,,2021-12-20 00:00:00,Retail Sale Voucher No.RSL/21-22/226,Modified,0
1366,VH-03-101-1,3,101,1357,RetailInvoice,2021-11-26 00:00:00,,2021-11-29 00:00:00,Retail Sale Voucher No.RSL/21-22/227,Modified,0
1367,VH-03-101-1,3,101,1358,RetailInvoice,2021-11-27 00:00:00,,2021-11-29 00:00:00,Retail Sale Voucher No.RSL/21-22/228,New,0
1368,VH-03-101-1,3,101,1359,RetailInvoice,2021-11-28 00:00:00,,2021-11-29 00:00:00,Retail Sale Voucher No.RSL/21-22/229,New,0
1369,VH-03-101-1,3,101,1360,RetailInvoice,2021-11-28 00:00:00,,2021-12-20 00:00:00,Retail Sale Voucher No.RSL/21-22/230,Modified,0
1370,VH-03-101-1,3,101,1361,RetailInvoice,2021-11-29 00:00:00,,2021-11-29 00:00:00,Retail Sale Voucher No.RSL/21-22/231,New,0
1371,VH-03-101-1,3,101,1362,RetailInvoice,2021-11-30 00:00:00,,2021-12-06 00:00:00,Retail Sale Voucher No.RSL/21-22/232,New,0
1372,VH-03-101-2,3,101,1363,RetailInvoice,2021-11-30 00:00:00,,2021-12-06 00:00:00,Retail Sale Voucher No.RSL/21-22/233,New,0
1373,VH-03-101-3,3,101,1364,RetailInvoice,2021-11-30 00:00:00,,2021-12-20 00:00:00,Retail Sale Voucher No.RSL/21-22/234,Modified,0
1374,VH-03-101-1,3,101,1365,RetailInvoice,2021-12-01 00:00:00,,2022-01-25 00:00:00,Retail Sale Voucher No.RSL/21-22/235,Modified,0
1375,VH-03-101-1,3,101,1366,RetailInvoice,2021-12-02 00:00:00,,2021-12-06 00:00:00,Retail Sale Voucher No.RSL/21-22/236,New,0
1376,VH-03-101-1,3,101,1367,RetailInvoice,2021-12-03 00:00:00,,2021-12-06 00:00:00,Retail Sale Voucher No.RSL/21-22/237,New,0
1377,VH-03-101-1,3,101,1368,RetailInvoice,2021-12-04 00:00:00,,2021-12-06 00:00:00,Retail Sale Voucher No.RSL/21-22/238,New,0
1378,VH-03-101-1,3,101,1369,RetailInvoice,2021-12-05 00:00:00,,2021-12-06 00:00:00,Retail Sale Voucher No.RSL/21-22/239,New,0
1379,VH-03-101-1,3,101,1370,RetailInvoice,2021-12-06 00:00:00,,2021-12-06 00:00:00,Retail Sale Voucher No.RSL/21-22/240,New,0
1380,VH-03-101-2,3,101,1371,RetailInvoice,2021-12-06 00:00:00,,2021-12-06 00:00:00,Retail Sale Voucher No.RSL/21-22/241,New,0
1381,VH-03-101-1,3,101,1372,RetailInvoice,2021-12-07 00:00:00,,2021-12-11 00:00:00,Retail Sale Voucher No.RSL/21-22/242,New,0
1382,VH-03-101-2,3,101,1373,RetailInvoice,2021-12-07 00:00:00,,2021-12-11 00:00:00,Retail Sale Voucher No.RSL/21-22/243,New,0
1383,VH-03-101-3,3,101,1374,RetailInvoice,2021-12-07 00:00:00,,2021-12-11 00:00:00,Retail Sale Voucher No.RSL/21-22/244,New,0
1384,VH-03-101-4,3,101,1375,RetailInvoice,2021-12-07 00:00:00,,2021-12-11 00:00:00,Retail Sale Voucher No.RSL/21-22/245,New,0
1385,VH-03-101-1,3,101,1376,RetailInvoice,2021-12-08 00:00:00,,2021-12-11 00:00:00,Retail Sale Voucher No.RSL/21-22/246,New,0
1386,VH-03-101-2,3,101,1377,RetailInvoice,2021-12-08 00:00:00,,2021-12-11 00:00:00,Retail Sale Voucher No.RSL/21-22/247,New,0
1387,VH-03-101-1,3,101,1378,RetailInvoice,2021-12-09 00:00:00,,2022-01-25 00:00:00,Retail Sale Voucher No.RSL/21-22/248,Modified,0
1388,VH-03-101-1,3,101,1379,RetailInvoice,2021-12-10 00:00:00,,2021-12-11 00:00:00,Retail Sale Voucher No.RSL/21-22/249,Modified,0
1389,VH-03-101-2,3,101,1380,RetailInvoice,2021-12-10 00:00:00,,2022-01-25 00:00:00,Retail Sale Voucher No.RSL/21-22/250,Modified,0
1390,VH-03-101-3,3,101,1381,RetailInvoice,2021-12-10 00:00:00,,2021-12-11 00:00:00,Retail Sale Voucher No.RSL/21-22/251,New,0
1391,VH-03-101-1,3,101,1382,RetailInvoice,2021-12-11 00:00:00,,2021-12-14 00:00:00,Retail Sale Voucher No.RSL/21-22/252,New,0
1392,VH-03-101-2,3,101,1383,RetailInvoice,2021-12-11 00:00:00,,2021-12-14 00:00:00,Retail Sale Voucher No.RSL/21-22/253,New,0
1393,VH-03-101-1,3,101,1384,RetailInvoice,2021-12-12 00:00:00,,2021-12-14 00:00:00,Retail Sale Voucher No.RSL/21-22/254,New,0
1394,VH-03-101-2,3,101,1385,RetailInvoice,2021-12-12 00:00:00,,2021-12-14 00:00:00,Retail Sale Voucher No.RSL/21-22/255,New,0
1395,VH-03-101-1,3,101,1386,RetailInvoice,2021-12-13 00:00:00,,2021-12-14 00:00:00,Retail Sale Voucher No.RSL/21-22/256,New,0
1396,VH-03-101-2,3,101,1387,RetailInvoice,2021-12-13 00:00:00,,2021-12-14 00:00:00,Retail Sale Voucher No.RSL/21-22/257,New,0
1397,VH-03-101-1,3,101,1388,RetailInvoice,2021-12-14 00:00:00,,2021-12-20 00:00:00,Retail Sale Voucher No.RSL/21-22/258,Modified,0
1398,VH-03-101-2,3,101,1389,RetailInvoice,2021-12-14 00:00:00,,2021-12-20 00:00:00,Retail Sale Voucher No.RSL/21-22/259,New,0
1399,VH-03-101-3,3,101,1390,RetailInvoice,2021-12-14 00:00:00,,2021-12-20 00:00:00,Retail Sale Voucher No.RSL/21-22/260,New,0
1400,VH-03-101-4,3,101,1391,RetailInvoice,2021-12-14 00:00:00,,2021-12-20 00:00:00,Retail Sale Voucher No.RSL/21-22/261,New,0
1401,VH-03-101-1,3,101,1392,RetailInvoice,2021-12-15 00:00:00,,2021-12-20 00:00:00,Retail Sale Voucher No.RSL/21-22/262,New,0
1402,VH-03-101-1,3,101,1393,RetailInvoice,2021-12-16 00:00:00,,2021-12-20 00:00:00,Retail Sale Voucher No.RSL/21-22/263,New,0
1403,VH-03-101-1,3,101,1394,RetailInvoice,2021-12-17 00:00:00,,2021-12-20 00:00:00,Retail Sale Voucher No.RSL/21-22/264,New,0
1404,VH-03-101-1,3,101,1395,RetailInvoice,2021-12-18 00:00:00,,2022-01-25 00:00:00,Retail Sale Voucher No.RSL/21-22/265,Modified,0
1405,VH-03-101-1,3,101,1396,RetailInvoice,2021-12-19 00:00:00,,2021-12-20 00:00:00,Retail Sale Voucher No.RSL/21-22/266,New,0
1406,VH-03-101-1,3,101,1397,RetailInvoice,2021-12-20 00:00:00,,2021-12-20 00:00:00,Retail Sale Voucher No.RSL/21-22/267,New,0
1407,VH-03-101-2,3,101,1398,RetailInvoice,2021-12-20 00:00:00,,2021-12-28 00:00:00,Retail Sale Voucher No.RSL/21-22/268,New,0
1408,VH-03-101-1,3,101,1399,RetailInvoice,2021-12-21 00:00:00,,2021-12-28 00:00:00,Retail Sale Voucher No.RSL/21-22/269,New,0
1409,VH-03-101-2,3,101,1400,RetailInvoice,2021-12-21 00:00:00,,2021-12-28 00:00:00,Retail Sale Voucher No.RSL/21-22/270,New,0
1410,VH-03-101-1,3,101,1401,RetailInvoice,2021-12-22 00:00:00,,2021-12-28 00:00:00,Retail Sale Voucher No.RSL/21-22/271,New,0
1411,VH-03-101-1,3,101,1402,RetailInvoice,2021-12-23 00:00:00,,2022-01-25 00:00:00,Retail Sale Voucher No.RSL/21-22/272,Modified,0
1412,VH-03-101-2,3,101,1403,RetailInvoice,2021-12-23 00:00:00,,2021-12-28 00:00:00,Retail Sale Voucher No.RSL/21-22/273,New,0
1413,VH-03-101-1,3,101,1404,RetailInvoice,2021-12-24 00:00:00,,2022-08-27 00:00:00,Retail Sale Voucher No.RSL/21-22/274,Modified,0
1414,VH-03-101-1,3,101,1405,RetailInvoice,2021-12-25 00:00:00,,2022-08-27 00:00:00,Retail Sale Voucher No.RSL/21-22/275,Modified,0
1415,VH-03-101-1,3,101,1406,RetailInvoice,2021-12-26 00:00:00,,2022-08-27 00:00:00,Retail Sale Voucher No.RSL/21-22/276,Modified,0
1416,VH-03-101-1,3,101,1407,RetailInvoice,2021-12-27 00:00:00,,2021-12-28 00:00:00,Retail Sale Voucher No.RSL/21-22/277,New,0
1417,VH-03-101-1,3,101,1408,RetailInvoice,2022-01-27 00:00:00,,2022-01-08 00:00:00,Retail Sale Voucher No.RSL/21-22/278,New,0
1418,VH-03-101-1,3,101,1409,RetailInvoice,2021-12-28 00:00:00,,2022-01-08 00:00:00,Retail Sale Voucher No.RSL/21-22/279,New,0
1419,VH-03-101-1,3,101,1410,RetailInvoice,2021-12-29 00:00:00,,2022-01-08 00:00:00,Retail Sale Voucher No.RSL/21-22/280,New,0
1420,VH-03-101-1,3,101,1411,RetailInvoice,2021-12-30 00:00:00,,2022-01-25 00:00:00,Retail Sale Voucher No.RSL/21-22/281,Modified,0
1421,VH-03-101-1,3,101,1412,RetailInvoice,2021-12-31 00:00:00,,2022-01-25 00:00:00,Retail Sale Voucher No.RSL/21-22/282,Modified,0
1422,VH-03-101-1,3,101,1413,RetailInvoice,2022-01-01 00:00:00,,2022-01-08 00:00:00,Retail Sale Voucher No.RSL/21-22/283,New,0
1423,VH-03-101-1,3,101,1414,RetailInvoice,2022-01-02 00:00:00,,2022-01-08 00:00:00,Retail Sale Voucher No.RSL/21-22/284,New,0
1424,VH-03-101-1,3,101,1415,RetailInvoice,2022-01-03 00:00:00,,2022-01-08 00:00:00,Retail Sale Voucher No.RSL/21-22/285,New,0
1425,VH-03-101-2,3,101,1416,RetailInvoice,2022-01-03 00:00:00,,2022-01-08 00:00:00,Retail Sale Voucher No.RSL/21-22/286,New,0
1426,VH-03-101-1,3,101,1417,RetailInvoice,2022-01-04 00:00:00,,2022-01-08 00:00:00,Retail Sale Voucher No.RSL/21-22/287,New,0
1427,VH-03-101-1,3,101,1418,RetailInvoice,2022-01-05 00:00:00,,2022-01-08 00:00:00,Retail Sale Voucher No.RSL/21-22/288,New,0
1428,VH-03-101-1,3,101,1419,RetailInvoice,2022-01-06 00:00:00,,2022-01-08 00:00:00,Retail Sale Voucher No.RSL/21-22/289,New,0
1429,VH-03-101-1,3,101,1420,RetailInvoice,2022-01-06 00:00:00,,2022-08-27 00:00:00,Retail Sale Voucher No.RSL/21-22/290,Modified,0
1430,VH-03-101-1,3,101,1421,RetailInvoice,2022-01-07 00:00:00,,2022-08-27 00:00:00,Retail Sale Voucher No.RSL/21-22/291,Modified,0
1431,VH-03-101-1,3,101,1422,RetailInvoice,2022-01-09 00:00:00,,2022-01-09 00:00:00,Retail Sale Voucher No.RSL/21-22/292,New,0
1432,VH-03-101-2,3,101,1423,RetailInvoice,2022-01-09 00:00:00,,2022-01-09 00:00:00,Retail Sale Voucher No.RSL/21-22/293,New,0
1433,VH-03-101-1,3,101,1424,RetailInvoice,2022-01-08 00:00:00,,2022-01-09 00:00:00,Retail Sale Voucher No.RSL/21-22/292,New,0
1434,VH-03-101-3,3,101,1425,RetailInvoice,2022-01-09 00:00:00,,2022-04-20 00:00:00,Retail Sale Voucher No.RSL/21-22/293,Modified,0
1435,VH-03-101-1,3,101,1426,RetailInvoice,2022-01-10 00:00:00,,2022-01-18 00:00:00,Retail Sale Voucher No.RSL/21-22/294,New,0
1436,VH-03-101-2,3,101,1427,RetailInvoice,2022-01-10 00:00:00,,2022-01-18 00:00:00,Retail Sale Voucher No.RSL/21-22/295,New,0
1437,VH-03-101-1,3,101,1428,RetailInvoice,2022-01-11 00:00:00,,2022-01-18 00:00:00,Retail Sale Voucher No.RSL/21-22/296,New,0
1438,VH-03-101-1,3,101,1429,RetailInvoice,2022-01-12 00:00:00,,2022-01-18 00:00:00,Retail Sale Voucher No.RSL/21-22/297,New,0
1439,VH-03-101-1,3,101,1430,RetailInvoice,2022-01-13 00:00:00,,2022-04-20 00:00:00,Retail Sale Voucher No.RSL/21-22/298,Modified,0
1440,VH-03-101-1,3,101,1431,RetailInvoice,2022-01-14 00:00:00,,2022-01-18 00:00:00,Retail Sale Voucher No.RSL/21-22/299,New,0
1441,VH-03-101-1,3,101,1432,RetailInvoice,2022-01-15 00:00:00,,2022-01-18 00:00:00,Retail Sale Voucher No.RSL/21-22/300,New,0
1442,VH-03-101-2,3,101,1433,RetailInvoice,2022-01-15 00:00:00,,2022-01-18 00:00:00,Retail Sale Voucher No.RSL/21-22/301,New,0
1443,VH-03-101-1,3,101,1434,RetailInvoice,2022-01-16 00:00:00,,2022-01-18 00:00:00,Retail Sale Voucher No.RSL/21-22/302,New,0
1444,VH-03-101-2,3,101,1435,RetailInvoice,2022-01-16 00:00:00,,2022-01-18 00:00:00,Retail Sale Voucher No.RSL/21-22/303,New,0
1445,VH-03-101-1,3,101,1436,RetailInvoice,2022-01-17 00:00:00,,2022-01-18 00:00:00,Retail Sale Voucher No.RSL/21-22/304,New,0
1446,VH-03-101-2,3,101,1437,RetailInvoice,2022-01-17 00:00:00,,2022-01-18 00:00:00,Retail Sale Voucher No.RSL/21-22/305,New,0
1447,VH-03-101-1,3,101,1438,RetailInvoice,2022-01-18 00:00:00,,2022-01-18 00:00:00,Retail Sale Voucher No.RSL/21-22/306,New,0
1448,VH-03-101-1,3,101,1439,RetailInvoice,2022-01-19 00:00:00,,2022-01-25 00:00:00,Retail Sale Voucher No.RSL/21-22/307,New,0
1449,VH-03-101-2,3,101,1440,RetailInvoice,2022-01-19 00:00:00,,2022-01-25 00:00:00,Retail Sale Voucher No.RSL/21-22/308,New,0
1450,VH-03-101-3,3,101,1441,RetailInvoice,2022-01-19 00:00:00,,2022-01-25 00:00:00,Retail Sale Voucher No.RSL/21-22/309,New,0
1451,VH-03-101-1,3,101,1442,RetailInvoice,2022-01-20 00:00:00,,2022-01-25 00:00:00,Retail Sale Voucher No.RSL/21-22/310,New,0
1452,VH-03-101-1,3,101,1443,RetailInvoice,2022-01-21 00:00:00,,2022-01-25 00:00:00,Retail Sale Voucher No.RSL/21-22/311,New,0
1453,VH-03-101-1,3,101,1444,RetailInvoice,2022-01-22 00:00:00,,2022-01-25 00:00:00,Retail Sale Voucher No.RSL/21-22/312,New,0
1454,VH-03-101-2,3,101,1445,RetailInvoice,2022-01-22 00:00:00,,2022-01-25 00:00:00,Retail Sale Voucher No.RSL/21-22/313,New,0
1455,VH-03-101-1,3,101,1446,RetailInvoice,2022-01-23 00:00:00,,2022-01-25 00:00:00,Retail Sale Voucher No.RSL/21-22/314,New,0
1456,VH-03-101-2,3,101,1447,RetailInvoice,2022-01-23 00:00:00,,2022-04-20 00:00:00,Retail Sale Voucher No.RSL/21-22/315,Modified,0
1457,VH-03-101-1,3,101,1448,RetailInvoice,2022-01-24 00:00:00,,2022-01-25 00:00:00,Retail Sale Voucher No.RSL/21-22/316,New,0
1458,VH-03-101-1,3,101,1449,RetailInvoice,2022-01-25 00:00:00,,2022-04-20 00:00:00,Retail Sale Voucher No.RSL/21-22/317,Modified,0
1459,VH-03-101-2,3,101,1450,RetailInvoice,2022-01-25 00:00:00,,2022-01-31 00:00:00,Retail Sale Voucher No.RSL/21-22/318,New,0
1460,VH-03-101-3,3,101,1451,RetailInvoice,2022-01-25 00:00:00,,2022-01-31 00:00:00,Retail Sale Voucher No.RSL/21-22/319,New,0
1461,VH-03-101-4,3,101,1452,RetailInvoice,2022-01-25 00:00:00,,2022-01-31 00:00:00,Retail Sale Voucher No.RSL/21-22/320,New,0
1462,VH-03-101-1,3,101,1453,RetailInvoice,2022-01-26 00:00:00,,2022-01-31 00:00:00,Retail Sale Voucher No.RSL/21-22/321,New,0
1463,VH-03-101-2,3,101,1454,RetailInvoice,2022-01-26 00:00:00,,2022-01-31 00:00:00,Retail Sale Voucher No.RSL/21-22/322,New,0
1464,VH-03-101-2,3,101,1455,RetailInvoice,2022-01-27 00:00:00,,2022-01-31 00:00:00,Retail Sale Voucher No.RSL/21-22/323,New,0
1465,VH-03-101-1,3,101,1456,RetailInvoice,2022-01-28 00:00:00,,2022-01-31 00:00:00,Retail Sale Voucher No.RSL/21-22/324,New,0
1466,VH-03-101-2,3,101,1457,RetailInvoice,2022-01-28 00:00:00,,2022-01-31 00:00:00,Retail Sale Voucher No.RSL/21-22/325,New,0
1467,VH-03-101-1,3,101,1458,RetailInvoice,2022-01-29 00:00:00,,2022-01-31 00:00:00,Retail Sale Voucher No.RSL/21-22/326,New,0
1468,VH-03-101-2,3,101,1459,RetailInvoice,2022-01-29 00:00:00,,2022-01-31 00:00:00,Retail Sale Voucher No.RSL/21-22/327,New,0
1469,VH-03-101-3,3,101,1460,RetailInvoice,2022-01-29 00:00:00,,2022-02-03 00:00:00,Retail Sale Voucher No.RSL/21-22/328,Modified,0
1470,VH-03-101-1,3,101,1461,RetailInvoice,2022-01-30 00:00:00,,2022-01-31 00:00:00,Retail Sale Voucher No.RSL/21-22/329,New,0
1471,VH-03-101-2,3,101,1462,RetailInvoice,2022-01-30 00:00:00,,2022-01-31 00:00:00,Retail Sale Voucher No.RSL/21-22/330,New,0
1472,VH-03-101-1,3,101,1463,RetailInvoice,2022-01-31 00:00:00,,2022-02-03 00:00:00,Retail Sale Voucher No.RSL/21-22/331,New,0
1473,VH-03-101-2,3,101,1464,RetailInvoice,2022-01-31 00:00:00,,2022-02-03 00:00:00,Retail Sale Voucher No.RSL/21-22/332,New,0
1474,VH-03-101-1,3,101,1465,RetailInvoice,2022-02-01 00:00:00,,2022-02-03 00:00:00,Retail Sale Voucher No.RSL/21-22/333,New,0
1475,VH-03-101-2,3,101,1466,RetailInvoice,2022-02-01 00:00:00,,2022-04-20 00:00:00,Retail Sale Voucher No.RSL/21-22/334,Modified,0
1476,VH-03-101-3,3,101,1467,RetailInvoice,2022-02-01 00:00:00,,2022-04-20 00:00:00,Retail Sale Voucher No.RSL/21-22/335,Modified,0
1477,VH-03-101-1,3,101,1468,RetailInvoice,2022-02-02 00:00:00,,2022-02-03 00:00:00,Retail Sale Voucher No.RSL/21-22/336,New,0
1478,VH-03-101-2,3,101,1469,RetailInvoice,2022-02-02 00:00:00,,2022-02-03 00:00:00,Retail Sale Voucher No.RSL/21-22/337,New,0
1479,VH-03-101-3,3,101,1470,RetailInvoice,2022-02-02 00:00:00,,2022-04-20 00:00:00,Retail Sale Voucher No.RSL/21-22/338,Modified,0
1480,VH-03-101-1,3,101,1471,RetailInvoice,2022-02-03 00:00:00,,2022-02-08 00:00:00,Retail Sale Voucher No.RSL/21-22/339,New,0
1481,VH-03-101-2,3,101,1472,RetailInvoice,2022-02-03 00:00:00,,2022-08-27 00:00:00,Retail Sale Voucher No.RSL/21-22/340,Modified,0
1482,VH-03-101-1,3,101,1473,RetailInvoice,2022-02-04 00:00:00,,2022-02-08 00:00:00,Retail Sale Voucher No.RSL/21-22/341,New,0
1483,VH-03-101-1,3,101,1474,RetailInvoice,2022-02-05 00:00:00,,2022-02-08 00:00:00,Retail Sale Voucher No.RSL/21-22/342,New,0
1484,VH-03-101-2,3,101,1475,RetailInvoice,2022-02-05 00:00:00,,2022-02-08 00:00:00,Retail Sale Voucher No.RSL/21-22/343,New,0
1485,VH-03-101-3,3,101,1476,RetailInvoice,2022-02-05 00:00:00,,2022-02-08 00:00:00,Retail Sale Voucher No.RSL/21-22/344,New,0
1486,VH-03-101-1,3,101,1477,RetailInvoice,2022-02-06 00:00:00,,2022-08-27 00:00:00,Retail Sale Voucher No.RSL/21-22/345,Modified,0
1487,VH-03-101-2,3,101,1478,RetailInvoice,2022-02-06 00:00:00,,2022-02-08 00:00:00,Retail Sale Voucher No.RSL/21-22/346,New,0
1488,VH-03-101-1,3,101,1479,RetailInvoice,2022-02-07 00:00:00,,2022-02-08 00:00:00,Retail Sale Voucher No.RSL/21-22/347,New,0
1489,VH-03-101-2,3,101,1480,RetailInvoice,2022-02-07 00:00:00,,2022-02-08 00:00:00,Retail Sale Voucher No.RSL/21-22/348,New,0
1490,VH-03-101-3,3,101,1481,RetailInvoice,2022-02-07 00:00:00,,2022-02-08 00:00:00,Retail Sale Voucher No.RSL/21-22/349,New,0
1491,VH-03-101-1,3,101,1482,RetailInvoice,2022-02-08 00:00:00,,2022-02-08 00:00:00,Retail Sale Voucher No.RSL/21-22/350,New,0
1492,VH-03-101-2,3,101,1483,RetailInvoice,2022-02-08 00:00:00,,2022-02-08 00:00:00,Retail Sale Voucher No.RSL/21-22/351,New,0
1493,VH-03-101-1,3,101,1484,RetailInvoice,2022-02-09 00:00:00,,2022-02-13 00:00:00,Retail Sale Voucher No.RSL/21-22/352,New,0
1494,VH-03-101-2,3,101,1485,RetailInvoice,2022-02-09 00:00:00,,2022-02-13 00:00:00,Retail Sale Voucher No.RSL/21-22/353,New,0
1495,VH-03-101-3,3,101,1486,RetailInvoice,2022-02-09 00:00:00,,2022-02-13 00:00:00,Retail Sale Voucher No.RSL/21-22/354,New,0
1496,VH-03-101-1,3,101,1487,RetailInvoice,2022-02-09 00:00:00,,2022-02-13 00:00:00,Retail Sale Voucher No.RSL/21-22/355,Modified,0
1497,VH-03-101-1,3,101,1488,RetailInvoice,2022-02-10 00:00:00,,2022-02-13 00:00:00,Retail Sale Voucher No.RSL/21-22/356,New,0
1498,VH-03-101-1,3,101,1489,RetailInvoice,2022-02-10 00:00:00,,2022-04-20 00:00:00,Retail Sale Voucher No.RSL/21-22/357,Modified,0
1499,VH-03-101-2,3,101,1490,RetailInvoice,2022-02-10 00:00:00,,2022-02-13 00:00:00,Retail Sale Voucher No.RSL/21-22/358,New,0
1500,VH-03-101-1,3,101,1491,RetailInvoice,2022-02-11 00:00:00,,2022-08-27 00:00:00,Retail Sale Voucher No.RSL/21-22/359,Modified,0
1501,VH-03-101-1,3,101,1492,RetailInvoice,2022-02-12 00:00:00,,2022-02-13 00:00:00,Retail Sale Voucher No.RSL/21-22/360,New,0
1502,VH-03-101-2,3,101,1493,RetailInvoice,2022-02-12 00:00:00,,2022-02-13 00:00:00,Retail Sale Voucher No.RSL/21-22/361,New,0
1503,VH-03-101-3,3,101,1494,RetailInvoice,2022-02-12 00:00:00,,2022-02-13 00:00:00,Retail Sale Voucher No.RSL/21-22/362,New,0
1504,VH-03-101-1,3,101,1495,RetailInvoice,2022-02-12 00:00:00,,2022-02-13 00:00:00,Retail Sale Voucher No.RSL/21-22/363,Modified,0
1505,VH-03-101-1,3,101,1496,RetailInvoice,2022-02-13 00:00:00,,2022-02-13 00:00:00,Retail Sale Voucher No.RSL/21-22/364,New,0
1506,VH-03-101-2,3,101,1497,RetailInvoice,2022-02-13 00:00:00,,2022-02-13 00:00:00,Retail Sale Voucher No.RSL/21-22/365,New,0
1507,VH-03-101-1,3,101,1498,RetailInvoice,2022-02-14 00:00:00,,2022-02-16 00:00:00,Retail Sale Voucher No.RSL/21-22/366,New,0
1508,VH-03-101-1,3,101,1499,RetailInvoice,2022-02-15 00:00:00,,2022-02-16 00:00:00,Retail Sale Voucher No.RSL/21-22/367,New,0
1509,VH-03-101-1,3,101,1500,RetailInvoice,2022-02-16 00:00:00,,2022-02-16 00:00:00,Retail Sale Voucher No.RSL/21-22/368,New,0
1510,VH-03-101-2,3,101,1501,RetailInvoice,2022-02-16 00:00:00,,2022-02-21 00:00:00,Retail Sale Voucher No.RSL/21-22/369,New,0
1511,VH-03-101-1,3,101,1502,RetailInvoice,2022-02-17 00:00:00,,2022-04-20 00:00:00,Retail Sale Voucher No.RSL/21-22/370,Modified,0
1512,VH-03-101-1,3,101,1503,RetailInvoice,2022-02-18 00:00:00,,2022-04-20 00:00:00,Retail Sale Voucher No.RSL/21-22/371,Modified,0
1513,VH-03-101-2,3,101,1504,RetailInvoice,2022-02-18 00:00:00,,2022-02-21 00:00:00,Retail Sale Voucher No.RSL/21-22/372,New,0
1514,VH-03-101-1,3,101,1505,RetailInvoice,2022-02-19 00:00:00,,2022-04-20 00:00:00,Retail Sale Voucher No.RSL/21-22/373,Modified,0
1515,VH-03-101-1,3,101,1506,RetailInvoice,2022-02-20 00:00:00,,2022-02-21 00:00:00,Retail Sale Voucher No.RSL/21-22/374,New,0
1516,VH-03-101-1,3,101,1507,RetailInvoice,2022-02-21 00:00:00,,2022-02-22 00:00:00,Retail Sale Voucher No.RSL/21-22/375,New,0
1517,VH-03-101-2,3,101,1508,RetailInvoice,2022-02-21 00:00:00,,2022-02-22 00:00:00,Retail Sale Voucher No.RSL/21-22/376,New,0
1518,VH-03-101-3,3,101,1509,RetailInvoice,2022-02-21 00:00:00,,2022-02-22 00:00:00,Retail Sale Voucher No.RSL/21-22/377,New,0
1519,VH-03-101-1,3,101,1510,RetailInvoice,2022-02-22 00:00:00,,2022-02-23 00:00:00,Retail Sale Voucher No.RSL/21-22/378,New,0
1520,VH-03-101-1,3,101,1511,RetailInvoice,2022-02-22 00:00:00,,2022-02-23 00:00:00,Retail Sale Voucher No.RSL/21-22/379,Modified,0
1521,VH-03-101-1,3,101,1512,RetailInvoice,2022-02-23 00:00:00,,2022-02-26 00:00:00,Retail Sale Voucher No.RSL/21-22/380,New,0
1522,VH-03-101-1,3,101,1513,RetailInvoice,2022-02-24 00:00:00,,2022-02-26 00:00:00,Retail Sale Voucher No.RSL/21-22/381,Modified,0
1523,VH-03-101-1,3,101,1514,RetailInvoice,2022-02-25 00:00:00,,2022-04-20 00:00:00,Retail Sale Voucher No.RSL/21-22/382,Modified,0
1524,VH-03-101-2,3,101,1515,RetailInvoice,2022-02-25 00:00:00,,2022-04-20 00:00:00,Retail Sale Voucher No.RSL/21-22/383,Modified,0
1525,VH-03-101-3,3,101,1516,RetailInvoice,2022-02-25 00:00:00,,2022-04-20 00:00:00,Retail Sale Voucher No.RSL/21-22/384,Modified,0
1526,VH-03-101-1,3,101,1517,RetailInvoice,2022-02-26 00:00:00,,2022-03-02 00:00:00,Retail Sale Voucher No.RSL/21-22/385,New,0
1527,VH-03-101-1,3,101,1518,RetailInvoice,2022-02-27 00:00:00,,2022-03-02 00:00:00,Retail Sale Voucher No.RSL/21-22/386,New,0
1528,VH-03-101-1,3,101,1519,RetailInvoice,2022-02-28 00:00:00,,2022-03-02 00:00:00,Retail Sale Voucher No.RSL/21-22/387,New,0
1529,VH-03-101-2,3,101,1520,RetailInvoice,2022-02-28 00:00:00,,2022-03-02 00:00:00,Retail Sale Voucher No.RSL/21-22/388,New,0
1530,VH-03-101-1,3,101,1521,RetailInvoice,2022-03-01 00:00:00,,2022-03-02 00:00:00,Retail Sale Voucher No.RSL/21-22/389,New,0
1531,VH-03-101-2,3,101,1522,RetailInvoice,2022-03-01 00:00:00,,2022-03-02 00:00:00,Retail Sale Voucher No.RSL/21-22/390,New,0
1532,VH-03-101-1,3,101,1523,RetailInvoice,2022-03-02 00:00:00,,2022-03-02 00:00:00,Retail Sale Voucher No.RSL/21-22/391,New,0
1533,VH-03-101-2,3,101,1524,RetailInvoice,2022-03-02 00:00:00,,2022-08-27 00:00:00,Retail Sale Voucher No.RSL/21-22/392,Modified,0
1534,VH-03-101-3,3,101,1525,RetailInvoice,2022-03-02 00:00:00,,2022-03-02 00:00:00,Retail Sale Voucher No.RSL/21-22/393,New,0
1535,VH-03-101-1,3,101,1526,RetailInvoice,2022-03-03 00:00:00,,2022-03-04 00:00:00,Retail Sale Voucher No.RSL/21-22/394,New,0
1536,VH-03-101-1,3,101,1527,RetailInvoice,2022-03-05 00:00:00,,2022-03-05 00:00:00,Retail Sale Voucher No.RSL/21-22/395,New,0
1537,VH-03-101-1,3,101,1528,RetailInvoice,2022-03-05 00:00:00,,2022-03-06 00:00:00,Retail Sale Voucher No.RSL/21-22/396,Modified,0
1538,VH-03-101-1,3,101,1529,RetailInvoice,2022-03-06 00:00:00,,2022-03-08 00:00:00,Retail Sale Voucher No.RSL/21-22/397,New,0
1539,VH-03-101-1,3,101,1530,RetailInvoice,2022-03-07 00:00:00,,2022-08-27 00:00:00,Retail Sale Voucher No.RSL/21-22/398,Modified,0
1540,VH-03-101-1,3,101,1531,RetailInvoice,2022-03-08 00:00:00,,2022-03-08 00:00:00,Retail Sale Voucher No.RSL/21-22/399,New,0
1541,VH-03-101-2,3,101,1532,RetailInvoice,2022-03-08 00:00:00,,2022-03-08 00:00:00,Retail Sale Voucher No.RSL/21-22/400,New,0
1542,VH-03-101-3,3,101,1533,RetailInvoice,2022-03-08 00:00:00,,2022-08-27 00:00:00,Retail Sale Voucher No.RSL/21-22/401,Modified,0
1543,VH-03-101-4,3,101,1534,RetailInvoice,2022-03-08 00:00:00,,2022-03-12 00:00:00,Retail Sale Voucher No.RSL/21-22/402,New,0
1544,VH-03-101-5,3,101,1535,RetailInvoice,2022-03-08 00:00:00,,2022-03-12 00:00:00,Retail Sale Voucher No.RSL/21-22/403,New,0
1545,VH-03-101-1,3,101,1536,RetailInvoice,2022-03-09 00:00:00,,2022-03-12 00:00:00,Retail Sale Voucher No.RSL/21-22/404,New,0
1546,VH-03-101-2,3,101,1537,RetailInvoice,2022-03-09 00:00:00,,2022-08-27 00:00:00,Retail Sale Voucher No.RSL/21-22/405,Modified,0
1547,VH-03-101-3,3,101,1538,RetailInvoice,2022-03-09 00:00:00,,2022-03-12 00:00:00,Retail Sale Voucher No.RSL/21-22/406,New,0
1548,VH-03-101-1,3,101,1539,RetailInvoice,2022-03-10 00:00:00,,2022-03-12 00:00:00,Retail Sale Voucher No.RSL/21-22/407,New,0
1549,VH-03-101-1,3,101,1540,RetailInvoice,2022-03-11 00:00:00,,2022-03-12 00:00:00,Retail Sale Voucher No.RSL/21-22/408,New,0
1550,VH-03-101-2,3,101,1541,RetailInvoice,2022-03-11 00:00:00,,2022-03-12 00:00:00,Retail Sale Voucher No.RSL/21-22/409,New,0
1551,VH-03-101-3,3,101,1542,RetailInvoice,2022-03-11 00:00:00,,2022-03-12 00:00:00,Retail Sale Voucher No.RSL/21-22/410,New,0
1552,VH-03-101-4,3,101,1543,RetailInvoice,2022-03-11 00:00:00,,2022-03-12 00:00:00,Retail Sale Voucher No.RSL/21-22/411,New,0
1553,VH-03-101-5,3,101,1544,RetailInvoice,2022-03-11 00:00:00,,2022-03-12 00:00:00,Retail Sale Voucher No.RSL/21-22/412,New,0
1554,VH-03-101-1,3,101,1545,RetailInvoice,2022-03-12 00:00:00,,2022-03-12 00:00:00,Retail Sale Voucher No.RSL/21-22/413,New,0
1555,VH-03-101-1,3,101,1546,RetailInvoice,2022-03-13 00:00:00,,2022-03-15 00:00:00,Retail Sale Voucher No.RSL/21-22/414,New,0
1556,VH-03-101-1,3,101,1547,RetailInvoice,2022-03-14 00:00:00,,2022-03-15 00:00:00,Retail Sale Voucher No.RSL/21-22/415,New,0
1557,VH-03-101-1,3,101,1548,RetailInvoice,2022-03-15 00:00:00,,2022-03-22 00:00:00,Retail Sale Voucher No.RSL/21-22/416,New,0
1558,VH-03-101-1,3,101,1549,RetailInvoice,2022-03-16 00:00:00,,2022-03-22 00:00:00,Retail Sale Voucher No.RSL/21-22/417,New,0
1559,VH-03-101-1,3,101,1550,RetailInvoice,2022-03-17 00:00:00,,2022-03-22 00:00:00,Retail Sale Voucher No.RSL/21-22/418,New,0
1560,VH-03-101-2,3,101,1551,RetailInvoice,2022-03-17 00:00:00,,2022-03-22 00:00:00,Retail Sale Voucher No.RSL/21-22/419,New,0
1561,VH-03-101-1,3,101,1552,RetailInvoice,2022-03-18 00:00:00,,2022-03-22 00:00:00,Retail Sale Voucher No.RSL/21-22/420,New,0
1562,VH-03-101-1,3,101,1553,RetailInvoice,2022-03-20 00:00:00,,2022-03-22 00:00:00,Retail Sale Voucher No.RSL/21-22/421,New,0
1563,VH-03-101-1,3,101,1554,RetailInvoice,2022-03-21 00:00:00,,2022-03-22 00:00:00,Retail Sale Voucher No.RSL/21-22/422,New,0
1564,VH-03-101-1,3,101,1555,RetailInvoice,2022-03-22 00:00:00,,2022-08-27 00:00:00,Retail Sale Voucher No.RSL/21-22/423,Modified,0
1565,VH-03-101-1,3,101,1556,RetailInvoice,2022-03-23 00:00:00,,2022-03-28 00:00:00,Retail Sale Voucher No.RSL/21-22/424,New,0
1566,VH-03-101-2,3,101,1557,RetailInvoice,2022-03-23 00:00:00,,2022-03-28 00:00:00,Retail Sale Voucher No.RSL/21-22/425,New,0
1567,VH-03-101-1,3,101,1558,RetailInvoice,2022-03-24 00:00:00,,2022-03-28 00:00:00,Retail Sale Voucher No.RSL/21-22/426,New,0
1568,VH-03-101-1,3,101,1559,RetailInvoice,2022-03-25 00:00:00,,2022-03-28 00:00:00,Retail Sale Voucher No.RSL/21-22/427,New,0
1569,VH-03-101-1,3,101,1560,RetailInvoice,2022-03-26 00:00:00,,2022-08-27 00:00:00,Retail Sale Voucher No.RSL/21-22/428,Modified,0
1570,VH-03-101-1,3,101,1561,RetailInvoice,2022-03-27 00:00:00,,2022-03-28 00:00:00,Retail Sale Voucher No.RSL/21-22/429,New,0
1571,VH-03-101-1,3,101,1562,RetailInvoice,2022-03-28 00:00:00,,2022-03-28 00:00:00,Retail Sale Voucher No.RSL/21-22/430,New,0
1572,VH-03-101-1,3,101,1563,RetailInvoice,2022-03-29 00:00:00,,2022-04-06 00:00:00,Retail Sale Voucher No.RSL/21-22/431,New,0
1573,VH-03-101-1,3,101,1564,RetailInvoice,2022-03-30 00:00:00,,2022-04-06 00:00:00,Retail Sale Voucher No.RSL/21-22/432,New,0
1574,VH-03-101-1,3,101,1565,RetailInvoice,2022-03-31 00:00:00,,2022-04-06 00:00:00,Retail Sale Voucher No.RSL/21-22/433,New,0
1575,VH-03-101-2,3,101,1566,RetailInvoice,2022-03-31 00:00:00,,2022-08-27 00:00:00,Retail Sale Voucher No.RSL/21-22/434,Modified,0
1576,VH-03-101-3,3,101,1567,RetailInvoice,2022-03-31 00:00:00,,2022-08-27 00:00:00,Retail Sale Voucher No.RSL/21-22/435,Modified,0
1577,VH-04-101-1,4,101,1568,RetailInvoice,2022-04-01 00:00:00,,2022-04-06 00:00:00,Retail Sale Voucher No.RSL/22-23/1,New,0
1578,VH-04-101-1,4,101,1569,RetailInvoice,2022-04-02 00:00:00,,2022-04-06 00:00:00,Retail Sale Voucher No.RSL/22-23/2,New,0
1579,VH-04-101-2,4,101,1570,RetailInvoice,2022-04-02 00:00:00,,2022-04-06 00:00:00,Retail Sale Voucher No.RSL/22-23/3,New,0
1580,VH-04-101-1,4,101,1571,RetailInvoice,2022-04-03 00:00:00,,2022-04-06 00:00:00,Retail Sale Voucher No.RSL/22-23/4,New,0
1581,VH-04-101-1,4,101,1572,RetailInvoice,2022-04-04 00:00:00,,2022-04-06 00:00:00,Retail Sale Voucher No.RSL/22-23/5,New,0
1582,VH-04-101-2,4,101,1573,RetailInvoice,2022-04-04 00:00:00,,2022-04-06 00:00:00,Retail Sale Voucher No.RSL/22-23/6,New,0
1583,VH-04-101-1,4,101,1574,RetailInvoice,2022-04-05 00:00:00,,2022-04-06 00:00:00,Retail Sale Voucher No.RSL/22-23/7,New,0
1584,VH-04-101-2,4,101,1575,RetailInvoice,2022-04-05 00:00:00,,2022-04-11 00:00:00,Retail Sale Voucher No.RSL/22-23/8,New,0
1585,VH-04-101-1,4,101,1576,RetailInvoice,2022-04-06 00:00:00,,2022-04-11 00:00:00,Retail Sale Voucher No.RSL/22-23/9,New,0
1586,VH-04-101-1,4,101,1577,RetailInvoice,2022-04-07 00:00:00,,2022-04-11 00:00:00,Retail Sale Voucher No.RSL/22-23/10,New,0
1587,VH-04-101-1,4,101,1578,RetailInvoice,2022-04-08 00:00:00,,2022-04-11 00:00:00,Retail Sale Voucher No.RSL/22-23/11,New,0
1588,VH-04-101-1,4,101,1579,RetailInvoice,2022-04-09 00:00:00,,2022-04-11 00:00:00,Retail Sale Voucher No.RSL/22-23/12,New,0
1589,VH-04-101-1,4,101,1580,RetailInvoice,2022-04-10 00:00:00,,2022-04-11 00:00:00,Retail Sale Voucher No.RSL/22-23/13,New,0
1590,VH-04-101-1,4,101,1581,RetailInvoice,2022-04-11 00:00:00,,2022-04-11 00:00:00,Retail Sale Voucher No.RSL/22-23/14,New,0
1591,VH-04-101-2,4,101,1582,RetailInvoice,2022-04-11 00:00:00,,2022-04-15 00:00:00,Retail Sale Voucher No.RSL/22-23/15,New,0
1592,VH-04-101-1,4,101,1583,RetailInvoice,2022-04-12 00:00:00,,2022-04-15 00:00:00,Retail Sale Voucher No.RSL/22-23/16,New,0
1593,VH-04-101-1,4,101,1584,RetailInvoice,2022-04-13 00:00:00,,2022-04-15 00:00:00,Retail Sale Voucher No.RSL/22-23/17,New,0
1594,VH-04-101-1,4,101,1585,RetailInvoice,2022-04-14 00:00:00,,2022-04-16 00:00:00,Retail Sale Voucher No.RSL/22-23/18,New,0
1595,VH-04-101-1,4,101,1586,RetailInvoice,2022-04-15 00:00:00,,2022-04-16 00:00:00,Retail Sale Voucher No.RSL/22-23/19,New,0
1596,VH-04-101-1,4,101,1587,RetailInvoice,2022-04-16 00:00:00,,2022-04-18 00:00:00,Retail Sale Voucher No.RSL/22-23/20,New,0
1597,VH-04-101-2,4,101,1588,RetailInvoice,2022-04-16 00:00:00,,2022-04-18 00:00:00,Retail Sale Voucher No.RSL/22-23/21,New,0
1598,VH-04-101-1,4,101,1589,RetailInvoice,2022-04-17 00:00:00,,2022-04-18 00:00:00,Retail Sale Voucher No.RSL/22-23/22,New,0
1599,VH-04-101-2,4,101,1590,RetailInvoice,2022-04-17 00:00:00,,2022-04-18 00:00:00,Retail Sale Voucher No.RSL/22-23/23,New,0
1600,VH-04-101-3,4,101,1591,RetailInvoice,2022-04-17 00:00:00,,2022-04-18 00:00:00,Retail Sale Voucher No.RSL/22-23/24,New,0
1601,VH-04-101-1,4,101,1592,RetailInvoice,2022-04-18 00:00:00,,2022-04-18 00:00:00,Retail Sale Voucher No.RSL/22-23/25,New,0
1602,VH-04-101-1,4,101,1593,RetailInvoice,2022-04-19 00:00:00,,2022-04-22 00:00:00,Retail Sale Voucher No.RSL/22-23/26,New,0
1603,VH-04-101-1,4,101,1594,RetailInvoice,2022-04-20 00:00:00,,2022-04-22 00:00:00,Retail Sale Voucher No.RSL/22-23/27,New,0
1604,VH-04-101-1,4,101,1595,RetailInvoice,2022-04-21 00:00:00,,2022-04-22 00:00:00,Retail Sale Voucher No.RSL/22-23/28,New,0
1605,VH-04-101-2,4,101,1596,RetailInvoice,2022-04-21 00:00:00,,2022-04-22 00:00:00,Retail Sale Voucher No.RSL/22-23/29,New,0
1606,VH-04-101-1,4,101,1597,RetailInvoice,2022-04-22 00:00:00,,2022-04-22 00:00:00,Retail Sale Voucher No.RSL/22-23/30,New,0
1607,VH-04-101-2,4,101,1598,RetailInvoice,2022-04-22 00:00:00,,2022-04-27 00:00:00,Retail Sale Voucher No.RSL/22-23/31,New,0
1608,VH-04-101-1,4,101,1599,RetailInvoice,2022-04-23 00:00:00,,2022-04-27 00:00:00,Retail Sale Voucher No.RSL/22-23/32,New,0
1609,VH-04-101-1,4,101,1600,RetailInvoice,2022-04-24 00:00:00,,2022-04-27 00:00:00,Retail Sale Voucher No.RSL/22-23/33,New,0
1610,VH-04-101-1,4,101,1601,RetailInvoice,2022-04-25 00:00:00,,2022-04-27 00:00:00,Retail Sale Voucher No.RSL/22-23/34,New,0
1611,VH-04-101-1,4,101,1602,RetailInvoice,2022-04-26 00:00:00,,2022-04-27 00:00:00,Retail Sale Voucher No.RSL/22-23/35,New,0
1612,VH-04-101-1,4,101,1603,RetailInvoice,2022-04-27 00:00:00,,2022-04-29 00:00:00,Retail Sale Voucher No.RSL/22-23/36,New,0
1613,VH-04-101-1,4,101,1604,RetailInvoice,2022-04-28 00:00:00,,2022-04-29 00:00:00,Retail Sale Voucher No.RSL/22-23/37,New,0
1614,VH-04-101-1,4,101,1605,RetailInvoice,2022-04-29 00:00:00,,2022-04-29 00:00:00,Retail Sale Voucher No.RSL/22-23/38,New,0
1615,VH-04-101-2,4,101,1606,RetailInvoice,2022-04-29 00:00:00,,2022-04-29 00:00:00,Retail Sale Voucher No.RSL/22-23/39,New,0
1616,VH-04-101-1,4,101,1607,RetailInvoice,2022-04-30 00:00:00,,2022-05-03 00:00:00,Retail Sale Voucher No.RSL/22-23/40,New,0
1617,VH-04-101-1,4,101,1608,RetailInvoice,2022-05-01 00:00:00,,2022-05-03 00:00:00,Retail Sale Voucher No.RSL/22-23/41,New,0
1618,VH-04-101-1,4,101,1609,RetailInvoice,2022-05-02 00:00:00,,2022-05-03 00:00:00,Retail Sale Voucher No.RSL/22-23/42,New,0
1619,VH-04-101-2,4,101,1610,RetailInvoice,2022-05-02 00:00:00,,2022-05-03 00:00:00,Retail Sale Voucher No.RSL/22-23/43,New,0
1620,VH-04-101-1,4,101,1611,RetailInvoice,2022-05-03 00:00:00,,2022-05-03 00:00:00,Retail Sale Voucher No.RSL/22-23/44,New,0
1621,VH-04-101-2,4,101,1612,RetailInvoice,2022-05-03 00:00:00,,2022-05-08 00:00:00,Retail Sale Voucher No.RSL/22-23/45,New,0
1622,VH-04-101-3,4,101,1613,RetailInvoice,2022-05-03 00:00:00,,2022-05-08 00:00:00,Retail Sale Voucher No.RSL/22-23/46,New,0
1623,VH-04-101-4,4,101,1614,RetailInvoice,2022-05-03 00:00:00,,2022-05-08 00:00:00,Retail Sale Voucher No.RSL/22-23/47,New,0
1624,VH-04-101-5,4,101,1615,RetailInvoice,2022-05-03 00:00:00,,2022-05-08 00:00:00,Retail Sale Voucher No.RSL/22-23/48,New,0
1625,VH-04-101-6,4,101,1616,RetailInvoice,2022-05-03 00:00:00,,2022-05-08 00:00:00,Retail Sale Voucher No.RSL/22-23/49,New,0
1626,VH-04-101-7,4,101,1617,RetailInvoice,2022-05-03 00:00:00,,2022-05-08 00:00:00,Retail Sale Voucher No.RSL/22-23/50,New,0
1627,VH-04-101-8,4,101,1618,RetailInvoice,2022-05-03 00:00:00,,2022-05-08 00:00:00,Retail Sale Voucher No.RSL/22-23/51,New,0
1628,VH-04-101-9,4,101,1619,RetailInvoice,2022-05-03 00:00:00,,2022-05-08 00:00:00,Retail Sale Voucher No.RSL/22-23/52,New,0
1629,VH-04-101-1,4,101,1620,RetailInvoice,2022-05-03 00:00:00,,2022-05-08 00:00:00,Retail Sale Voucher No.RSL/22-23/53,Modified,0
1630,VH-04-101-1,4,101,1621,RetailInvoice,2022-05-04 00:00:00,,2022-05-08 00:00:00,Retail Sale Voucher No.RSL/22-23/54,New,0
1631,VH-04-101-1,4,101,1622,RetailInvoice,2022-05-05 00:00:00,,2022-05-08 00:00:00,Retail Sale Voucher No.RSL/22-23/55,New,0
1632,VH-04-101-2,4,101,1623,RetailInvoice,2022-05-05 00:00:00,,2022-05-08 00:00:00,Retail Sale Voucher No.RSL/22-23/56,New,0
1633,VH-04-101-1,4,101,1624,RetailInvoice,2022-05-06 00:00:00,,2022-05-08 00:00:00,Retail Sale Voucher No.RSL/22-23/57,New,0
1634,VH-04-101-1,4,101,1625,RetailInvoice,2022-05-07 00:00:00,,2022-05-08 00:00:00,Retail Sale Voucher No.RSL/22-23/58,Modified,0
1635,VH-04-101-2,4,101,1626,RetailInvoice,2022-05-07 00:00:00,,2022-05-08 00:00:00,Retail Sale Voucher No.RSL/22-23/59,New,0
1636,VH-04-101-1,4,101,1627,RetailInvoice,2022-05-08 00:00:00,,2022-05-08 00:00:00,Retail Sale Voucher No.RSL/22-23/60,New,0
1637,VH-04-101-2,4,101,1628,RetailInvoice,2022-05-08 00:00:00,,2022-05-08 00:00:00,Retail Sale Voucher No.RSL/22-23/61,New,0
1638,VH-04-101-3,4,101,1629,RetailInvoice,2022-05-08 00:00:00,,2022-05-12 00:00:00,Retail Sale Voucher No.RSL/22-23/62,New,0
1639,VH-04-101-1,4,101,1630,RetailInvoice,2022-05-10 00:00:00,,2022-05-12 00:00:00,Retail Sale Voucher No.RSL/22-23/63,New,0
1640,VH-04-101-1,4,101,1631,RetailInvoice,2022-05-10 00:00:00,,2022-05-12 00:00:00,Retail Sale Voucher No.RSL/22-23/64,Modified,0
1641,VH-04-101-1,4,101,1632,RetailInvoice,2022-05-11 00:00:00,,2022-05-12 00:00:00,Retail Sale Voucher No.RSL/22-23/65,New,0
1642,VH-04-101-1,4,101,1633,RetailInvoice,2022-05-12 00:00:00,,2022-05-26 00:00:00,Retail Sale Voucher No.RSL/22-23/66,New,0
1643,VH-04-101-1,4,101,1634,RetailInvoice,2022-05-13 00:00:00,,2022-05-26 00:00:00,Retail Sale Voucher No.RSL/22-23/67,New,0
1644,VH-04-101-1,4,101,1635,RetailInvoice,2022-05-14 00:00:00,,2022-05-26 00:00:00,Retail Sale Voucher No.RSL/22-23/68,New,0
1645,VH-04-101-1,4,101,1636,RetailInvoice,2022-05-15 00:00:00,,2022-05-26 00:00:00,Retail Sale Voucher No.RSL/22-23/69,New,0
1646,VH-04-101-1,4,101,1637,RetailInvoice,2022-05-16 00:00:00,,2022-05-26 00:00:00,Retail Sale Voucher No.RSL/22-23/70,New,0
1647,VH-04-101-1,4,101,1638,RetailInvoice,2022-05-17 00:00:00,,2022-05-26 00:00:00,Retail Sale Voucher No.RSL/22-23/71,New,0
1648,VH-04-101-1,4,101,1639,RetailInvoice,2022-05-18 00:00:00,,2022-05-26 00:00:00,Retail Sale Voucher No.RSL/22-23/72,New,0
1649,VH-04-101-1,4,101,1640,RetailInvoice,2022-05-19 00:00:00,,2022-05-26 00:00:00,Retail Sale Voucher No.RSL/22-23/73,New,0
1650,VH-04-101-1,4,101,1641,RetailInvoice,2022-05-20 00:00:00,,2022-05-26 00:00:00,Retail Sale Voucher No.RSL/22-23/74,New,0
1651,VH-04-101-2,4,101,1642,RetailInvoice,2022-05-20 00:00:00,,2022-05-26 00:00:00,Retail Sale Voucher No.RSL/22-23/75,New,0
1652,VH-04-101-3,4,101,1643,RetailInvoice,2022-05-20 00:00:00,,2022-05-26 00:00:00,Retail Sale Voucher No.RSL/22-23/76,New,0
1653,VH-04-101-4,4,101,1644,RetailInvoice,2022-05-20 00:00:00,,2022-05-26 00:00:00,Retail Sale Voucher No.RSL/22-23/77,New,0
1654,VH-04-101-1,4,101,1645,RetailInvoice,2022-05-21 00:00:00,,2022-05-26 00:00:00,Retail Sale Voucher No.RSL/22-23/78,New,0
1655,VH-04-101-1,4,101,1646,RetailInvoice,2022-05-22 00:00:00,,2022-05-26 00:00:00,Retail Sale Voucher No.RSL/22-23/79,New,0
1656,VH-04-101-2,4,101,1647,RetailInvoice,2022-05-22 00:00:00,,2022-05-26 00:00:00,Retail Sale Voucher No.RSL/22-23/80,New,0
1657,VH-04-101-1,4,101,1648,RetailInvoice,2022-05-23 00:00:00,,2022-05-26 00:00:00,Retail Sale Voucher No.RSL/22-23/81,New,0
1658,VH-04-101-1,4,101,1649,RetailInvoice,2022-05-24 00:00:00,,2022-05-26 00:00:00,Retail Sale Voucher No.RSL/22-23/82,New,0
1659,VH-04-101-2,4,101,1650,RetailInvoice,2022-05-24 00:00:00,,2022-05-26 00:00:00,Retail Sale Voucher No.RSL/22-23/83,New,0
1660,VH-04-101-1,4,101,1651,RetailInvoice,2022-05-25 00:00:00,,2022-05-26 00:00:00,Retail Sale Voucher No.RSL/22-23/84,New,0
1661,VH-04-101-1,4,101,1652,RetailInvoice,2022-05-26 00:00:00,,2022-06-01 00:00:00,Retail Sale Voucher No.RSL/22-23/85,Modified,0
1662,VH-04-101-1,4,101,1653,RetailInvoice,2022-05-27 00:00:00,,2022-06-05 00:00:00,Retail Sale Voucher No.RSL/22-23/86,Modified,0
1663,VH-04-101-5,4,101,1654,RetailInvoice,2022-05-27 00:00:00,,2022-06-10 00:00:00,Retail Sale Voucher No.RSL/22-23/87,Modified,0
1664,VH-04-101-1,4,101,1655,RetailInvoice,2022-05-28 00:00:00,,2022-06-10 00:00:00,Retail Sale Voucher No.RSL/22-23/88,New,0
1665,VH-04-101-1,4,101,1656,RetailInvoice,2022-05-29 00:00:00,,2022-06-10 00:00:00,Retail Sale Voucher No.RSL/22-23/89,New,0
1666,VH-04-101-2,4,101,1657,RetailInvoice,2022-05-29 00:00:00,,2022-06-10 00:00:00,Retail Sale Voucher No.RSL/22-23/90,New,0
1667,VH-04-101-3,4,101,1658,RetailInvoice,2022-05-29 00:00:00,,2022-06-10 00:00:00,Retail Sale Voucher No.RSL/22-23/91,New,0
1668,VH-04-101-1,4,101,1659,RetailInvoice,2022-05-30 00:00:00,,2022-06-10 00:00:00,Retail Sale Voucher No.RSL/22-23/92,New,0
1669,VH-04-101-2,4,101,1660,RetailInvoice,2022-05-30 00:00:00,,2022-06-10 00:00:00,Retail Sale Voucher No.RSL/22-23/93,New,0
1670,VH-04-101-3,4,101,1661,RetailInvoice,2022-05-30 00:00:00,,2022-06-10 00:00:00,Retail Sale Voucher No.RSL/22-23/94,New,0
1671,VH-04-101-1,4,101,1662,RetailInvoice,2022-05-31 00:00:00,,2022-06-10 00:00:00,Retail Sale Voucher No.RSL/22-23/95,New,0
1672,VH-04-101-2,4,101,1663,RetailInvoice,2022-05-31 00:00:00,,2022-06-10 00:00:00,Retail Sale Voucher No.RSL/22-23/96,New,0
1673,VH-04-101-1,4,101,1664,RetailInvoice,2022-06-01 00:00:00,,2022-06-10 00:00:00,Retail Sale Voucher No.RSL/22-23/97,New,0
1674,VH-04-101-1,4,101,1665,RetailInvoice,2022-06-02 00:00:00,,2022-06-10 00:00:00,Retail Sale Voucher No.RSL/22-23/98,New,0
1675,VH-04-101-2,4,101,1666,RetailInvoice,2022-06-02 00:00:00,,2022-06-10 00:00:00,Retail Sale Voucher No.RSL/22-23/99,New,0
1676,VH-04-101-1,4,101,1667,RetailInvoice,2022-06-03 00:00:00,,2022-06-10 00:00:00,Retail Sale Voucher No.RSL/22-23/100,New,0
1677,VH-04-101-1,4,101,1668,RetailInvoice,2022-06-03 00:00:00,,2022-06-10 00:00:00,Retail Sale Voucher No.RSL/22-23/101,Modified,0
1678,VH-04-101-1,4,101,1669,RetailInvoice,2022-06-04 00:00:00,,2022-06-10 00:00:00,Retail Sale Voucher No.RSL/22-23/102,New,0
1679,VH-04-101-1,4,101,1670,RetailInvoice,2022-06-05 00:00:00,,2022-06-10 00:00:00,Retail Sale Voucher No.RSL/22-23/103,New,0
1680,VH-04-101-1,4,101,1671,RetailInvoice,2022-06-06 00:00:00,,2022-06-10 00:00:00,Retail Sale Voucher No.RSL/22-23/104,New,0
1681,VH-04-101-1,4,101,1672,RetailInvoice,2022-06-07 00:00:00,,2022-06-10 00:00:00,Retail Sale Voucher No.RSL/22-23/105,New,0
1682,VH-04-101-1,4,101,1673,RetailInvoice,2022-06-08 00:00:00,,2022-06-10 00:00:00,Retail Sale Voucher No.RSL/22-23/106,New,0
1683,VH-04-101-1,4,101,1674,RetailInvoice,2022-06-09 00:00:00,,2022-06-10 00:00:00,Retail Sale Voucher No.RSL/22-23/107,New,0
1684,VH-04-101-1,4,101,1675,RetailInvoice,2022-06-10 00:00:00,,2022-06-20 00:00:00,Retail Sale Voucher No.RSL/22-23/108,New,0
1685,VH-04-101-1,4,101,1676,RetailInvoice,2022-06-11 00:00:00,,2022-06-20 00:00:00,Retail Sale Voucher No.RSL/22-23/109,New,0
1686,VH-04-101-1,4,101,1677,RetailInvoice,2022-06-12 00:00:00,,2022-06-20 00:00:00,Retail Sale Voucher No.RSL/22-23/110,New,0
1687,VH-04-101-1,4,101,1678,RetailInvoice,2022-06-13 00:00:00,,2022-06-20 00:00:00,Retail Sale Voucher No.RSL/22-23/111,New,0
1688,VH-04-101-1,4,101,1679,RetailInvoice,2022-06-13 00:00:00,,2022-06-20 00:00:00,Retail Sale Voucher No.RSL/22-23/112,Modified,0
1689,VH-04-101-1,4,101,1680,RetailInvoice,2022-06-14 00:00:00,,2022-06-20 00:00:00,Retail Sale Voucher No.RSL/22-23/113,Modified,0
1690,VH-04-101-2,4,101,1681,RetailInvoice,2022-06-14 00:00:00,,2022-06-20 00:00:00,Retail Sale Voucher No.RSL/22-23/114,Modified,0
1691,VH-04-101-3,4,101,1682,RetailInvoice,2022-06-14 00:00:00,,2022-06-20 00:00:00,Retail Sale Voucher No.RSL/22-23/115,New,0
1692,VH-04-101-4,4,101,1683,RetailInvoice,2022-06-14 00:00:00,,2022-06-20 00:00:00,Retail Sale Voucher No.RSL/22-23/116,New,0
1693,VH-04-101-5,4,101,1684,RetailInvoice,2022-06-14 00:00:00,,2022-12-21 00:00:00,Retail Sale Voucher No.RSL/22-23/117,Modified,0
1694,VH-04-101-1,4,101,1685,RetailInvoice,2022-06-16 00:00:00,,2022-06-20 00:00:00,Retail Sale Voucher No.RSL/22-23/118,Modified,0
1695,VH-04-101-1,4,101,1686,RetailInvoice,2022-06-17 00:00:00,,2022-06-20 00:00:00,Retail Sale Voucher No.RSL/22-23/119,New,0
1696,VH-04-101-2,4,101,1687,RetailInvoice,2022-06-17 00:00:00,,2022-06-20 00:00:00,Retail Sale Voucher No.RSL/22-23/120,New,0
1697,VH-04-101-1,4,101,1688,RetailInvoice,2022-06-18 00:00:00,,2022-06-20 00:00:00,Retail Sale Voucher No.RSL/22-23/121,New,0
1698,VH-04-101-1,4,101,1689,RetailInvoice,2022-06-18 00:00:00,,2022-06-20 00:00:00,Retail Sale Voucher No.RSL/22-23/122,Modified,0
1699,VH-04-101-1,4,101,1690,RetailInvoice,2022-06-18 00:00:00,,2022-06-20 00:00:00,Retail Sale Voucher No.RSL/22-23/123,Modified,0
1700,VH-04-101-1,4,101,1691,RetailInvoice,2022-06-19 00:00:00,,2022-06-20 00:00:00,Retail Sale Voucher No.RSL/22-23/124,New,0
1701,VH-04-101-1,4,101,1692,RetailInvoice,2022-06-20 00:00:00,,2022-06-20 00:00:00,Retail Sale Voucher No.RSL/22-23/125,New,0
1702,VH-04-101-1,4,101,1693,RetailInvoice,2022-06-21 00:00:00,,2022-06-26 00:00:00,Retail Sale Voucher No.RSL/22-23/126,New,0
1703,VH-04-101-2,4,101,1694,RetailInvoice,2022-06-21 00:00:00,,2022-06-26 00:00:00,Retail Sale Voucher No.RSL/22-23/127,New,0
1704,VH-04-101-1,4,101,1695,RetailInvoice,2022-06-22 00:00:00,,2022-06-26 00:00:00,Retail Sale Voucher No.RSL/22-23/128,New,0
1705,VH-04-101-1,4,101,1696,RetailInvoice,2022-06-23 00:00:00,,2022-06-26 00:00:00,Retail Sale Voucher No.RSL/22-23/129,New,0
1706,VH-04-101-1,4,101,1697,RetailInvoice,2022-06-24 00:00:00,,2022-06-26 00:00:00,Retail Sale Voucher No.RSL/22-23/130,New,0
1707,VH-04-101-2,4,101,1698,RetailInvoice,2022-06-24 00:00:00,,2022-06-26 00:00:00,Retail Sale Voucher No.RSL/22-23/131,New,0
1708,VH-04-101-3,4,101,1699,RetailInvoice,2022-06-24 00:00:00,,2022-06-26 00:00:00,Retail Sale Voucher No.RSL/22-23/132,New,0
1709,VH-04-101-1,4,101,1700,RetailInvoice,2022-06-25 00:00:00,,2022-06-26 00:00:00,Retail Sale Voucher No.RSL/22-23/133,New,0
1710,VH-04-101-1,4,101,1701,RetailInvoice,2022-06-25 00:00:00,,2022-06-26 00:00:00,Retail Sale Voucher No.RSL/22-23/134,Modified,0
1711,VH-04-101-2,4,101,1702,RetailInvoice,2022-06-25 00:00:00,,2022-06-26 00:00:00,Retail Sale Voucher No.RSL/22-23/135,New,0
1712,VH-04-101-1,4,101,1703,RetailInvoice,2022-06-26 00:00:00,,2022-06-27 00:00:00,Retail Sale Voucher No.RSL/22-23/136,New,0
1713,VH-04-101-2,4,101,1704,RetailInvoice,2022-06-26 00:00:00,,2022-06-27 00:00:00,Retail Sale Voucher No.RSL/22-23/137,New,0
1714,VH-04-101-1,4,101,1705,RetailInvoice,2022-06-26 00:00:00,,2022-06-27 00:00:00,Retail Sale Voucher No.RSL/22-23/138,Modified,0
1715,VH-04-101-1,4,101,1706,RetailInvoice,2022-06-27 00:00:00,,2022-06-27 00:00:00,Retail Sale Voucher No.RSL/22-23/139,New,0
1716,VH-04-101-1,4,101,1707,RetailInvoice,2022-06-28 00:00:00,,2022-07-03 00:00:00,Retail Sale Voucher No.RSL/22-23/140,New,0
1717,VH-04-101-2,4,101,1708,RetailInvoice,2022-06-28 00:00:00,,2022-07-03 00:00:00,Retail Sale Voucher No.RSL/22-23/141,New,0
1718,VH-04-101-1,4,101,1709,RetailInvoice,2022-06-29 00:00:00,,2022-07-03 00:00:00,Retail Sale Voucher No.RSL/22-23/142,New,0
1719,VH-04-101-1,4,101,1710,RetailInvoice,2022-06-30 00:00:00,,2022-07-03 00:00:00,Retail Sale Voucher No.RSL/22-23/143,New,0
1720,VH-04-101-1,4,101,1711,RetailInvoice,2022-07-01 00:00:00,,2022-07-03 00:00:00,Retail Sale Voucher No.RSL/22-23/144,New,0
1721,VH-04-101-1,4,101,1712,RetailInvoice,2022-07-02 00:00:00,,2022-07-03 00:00:00,Retail Sale Voucher No.RSL/22-23/145,New,0
1722,VH-04-101-2,4,101,1713,RetailInvoice,2022-07-02 00:00:00,,2022-07-04 00:00:00,Retail Sale Voucher No.RSL/22-23/146,Modified,0
1723,VH-04-101-1,4,101,1714,RetailInvoice,2022-07-03 00:00:00,,2022-07-03 00:00:00,Retail Sale Voucher No.RSL/22-23/147,New,0
1724,VH-04-101-2,4,101,1715,RetailInvoice,2022-07-03 00:00:00,,2022-07-03 00:00:00,Retail Sale Voucher No.RSL/22-23/148,New,0
1725,VH-04-101-3,4,101,1716,RetailInvoice,2022-07-03 00:00:00,,2022-07-03 00:00:00,Retail Sale Voucher No.RSL/22-23/149,New,0
1726,VH-04-101-4,4,101,1717,RetailInvoice,2022-07-03 00:00:00,,2022-07-03 00:00:00,Retail Sale Voucher No.RSL/22-23/150,New,0
1727,VH-04-101-1,4,101,1718,RetailInvoice,2022-07-04 00:00:00,,2022-07-18 00:00:00,Retail Sale Voucher No.RSL/22-23/151,New,0
1728,VH-04-101-2,4,101,1719,RetailInvoice,2022-07-04 00:00:00,,2022-07-18 00:00:00,Retail Sale Voucher No.RSL/22-23/152,New,0
1729,VH-04-101-1,4,101,1720,RetailInvoice,2022-07-05 00:00:00,,2022-07-18 00:00:00,Retail Sale Voucher No.RSL/22-23/153,New,0
1730,VH-04-101-1,4,101,1721,RetailInvoice,2022-07-06 00:00:00,,2022-07-18 00:00:00,Retail Sale Voucher No.RSL/22-23/154,New,0
1731,VH-04-101-1,4,101,1722,RetailInvoice,2022-07-07 00:00:00,,2022-07-18 00:00:00,Retail Sale Voucher No.RSL/22-23/155,New,0
1732,VH-04-101-2,4,101,1723,RetailInvoice,2022-07-07 00:00:00,,2022-07-18 00:00:00,Retail Sale Voucher No.RSL/22-23/156,New,0
1733,VH-04-101-3,4,101,1724,RetailInvoice,2022-07-07 00:00:00,,2022-07-18 00:00:00,Retail Sale Voucher No.RSL/22-23/157,New,0
1734,VH-04-101-1,4,101,1725,RetailInvoice,2022-07-08 00:00:00,,2022-07-18 00:00:00,Retail Sale Voucher No.RSL/22-23/158,New,0
1735,VH-04-101-2,4,101,1726,RetailInvoice,2022-07-08 00:00:00,,2022-07-18 00:00:00,Retail Sale Voucher No.RSL/22-23/159,New,0
1736,VH-04-101-1,4,101,1727,RetailInvoice,2022-07-09 00:00:00,,2022-07-18 00:00:00,Retail Sale Voucher No.RSL/22-23/160,New,0
1737,VH-04-101-2,4,101,1728,RetailInvoice,2022-07-09 00:00:00,,2022-07-18 00:00:00,Retail Sale Voucher No.RSL/22-23/161,New,0
1738,VH-04-101-3,4,101,1729,RetailInvoice,2022-07-09 00:00:00,,2022-07-18 00:00:00,Retail Sale Voucher No.RSL/22-23/162,New,0
1739,VH-04-101-1,4,101,1730,RetailInvoice,2022-07-10 00:00:00,,2022-07-18 00:00:00,Retail Sale Voucher No.RSL/22-23/163,New,0
1740,VH-04-101-1,4,101,1731,RetailInvoice,2022-07-11 00:00:00,,2022-07-18 00:00:00,Retail Sale Voucher No.RSL/22-23/164,New,0
1741,VH-04-101-2,4,101,1732,RetailInvoice,2022-07-11 00:00:00,,2022-07-18 00:00:00,Retail Sale Voucher No.RSL/22-23/165,New,0
1742,VH-04-101-1,4,101,1733,RetailInvoice,2022-07-12 00:00:00,,2022-07-18 00:00:00,Retail Sale Voucher No.RSL/22-23/166,New,0
1743,VH-04-101-1,4,101,1734,RetailInvoice,2022-07-13 00:00:00,,2022-07-18 00:00:00,Retail Sale Voucher No.RSL/22-23/167,New,0
1744,VH-04-101-1,4,101,1735,RetailInvoice,2022-07-14 00:00:00,,2022-07-18 00:00:00,Retail Sale Voucher No.RSL/22-23/168,New,0
1745,VH-04-101-1,4,101,1736,RetailInvoice,2022-07-15 00:00:00,,2022-07-18 00:00:00,Retail Sale Voucher No.RSL/22-23/169,New,0
1746,VH-04-101-1,4,101,1737,RetailInvoice,2022-07-16 00:00:00,,2022-07-18 00:00:00,Retail Sale Voucher No.RSL/22-23/170,New,0
1747,VH-04-101-1,4,101,1738,RetailInvoice,2022-07-17 00:00:00,,2022-07-18 00:00:00,Retail Sale Voucher No.RSL/22-23/171,New,0
1748,VH-04-101-1,4,101,1739,RetailInvoice,2022-07-18 00:00:00,,2022-07-18 00:00:00,Retail Sale Voucher No.RSL/22-23/172,New,0
1749,VH-04-101-2,4,101,1740,RetailInvoice,2022-07-18 00:00:00,,2022-07-18 00:00:00,Retail Sale Voucher No.RSL/22-23/173,New,0
1750,VH-04-101-3,4,101,1741,RetailInvoice,2022-07-18 00:00:00,,2022-07-18 00:00:00,Retail Sale Voucher No.RSL/22-23/174,New,0
1751,VH-04-101-1,4,101,1742,RetailInvoice,2022-07-20 00:00:00,,2022-08-02 00:00:00,Retail Sale Voucher No.RSL/22-23/175,New,0
1752,VH-04-101-1,4,101,1743,RetailInvoice,2022-07-21 00:00:00,,2022-08-02 00:00:00,Retail Sale Voucher No.RSL/22-23/176,Modified,0
1753,VH-04-101-1,4,101,1744,RetailInvoice,2022-07-22 00:00:00,,2022-08-02 00:00:00,Retail Sale Voucher No.RSL/22-23/177,New,0
1754,VH-04-101-1,4,101,1745,RetailInvoice,2022-07-23 00:00:00,,2022-08-02 00:00:00,Retail Sale Voucher No.RSL/22-23/178,New,0
1755,VH-04-101-1,4,101,1746,RetailInvoice,2022-07-24 00:00:00,,2022-08-02 00:00:00,Retail Sale Voucher No.RSL/22-23/179,New,0
1756,VH-04-101-1,4,101,1747,RetailInvoice,2022-07-24 00:00:00,,2022-08-02 00:00:00,Retail Sale Voucher No.RSL/22-23/180,Modified,0
1757,VH-04-101-1,4,101,1748,RetailInvoice,2022-07-25 00:00:00,,2022-08-02 00:00:00,Retail Sale Voucher No.RSL/22-23/181,New,0
1758,VH-04-101-1,4,101,1749,RetailInvoice,2022-07-26 00:00:00,,2022-08-02 00:00:00,Retail Sale Voucher No.RSL/22-23/182,New,0
1759,VH-04-101-1,4,101,1750,RetailInvoice,2022-07-27 00:00:00,,2022-08-02 00:00:00,Retail Sale Voucher No.RSL/22-23/183,New,0
1760,VH-04-101-1,4,101,1751,RetailInvoice,2022-07-28 00:00:00,,2022-08-02 00:00:00,Retail Sale Voucher No.RSL/22-23/184,New,0
1761,VH-04-101-1,4,101,1752,RetailInvoice,2022-07-29 00:00:00,,2022-08-02 00:00:00,Retail Sale Voucher No.RSL/22-23/185,New,0
1762,VH-04-101-2,4,101,1753,RetailInvoice,2022-07-29 00:00:00,,2022-08-02 00:00:00,Retail Sale Voucher No.RSL/22-23/186,New,0
1763,VH-04-101-1,4,101,1754,RetailInvoice,2022-07-30 00:00:00,,2022-08-02 00:00:00,Retail Sale Voucher No.RSL/22-23/187,New,0
1764,VH-04-101-1,4,101,1755,RetailInvoice,2022-07-31 00:00:00,,2022-08-02 00:00:00,Retail Sale Voucher No.RSL/22-23/188,New,0
1765,VH-04-101-1,4,101,1756,RetailInvoice,2022-08-01 00:00:00,,2022-08-02 00:00:00,Retail Sale Voucher No.RSL/22-23/189,New,0
1766,VH-04-101-2,4,101,1757,RetailInvoice,2022-08-01 00:00:00,,2022-08-02 00:00:00,Retail Sale Voucher No.RSL/22-23/190,New,0
1767,VH-04-101-1,4,101,1758,RetailInvoice,2022-08-02 00:00:00,,2022-08-02 00:00:00,Retail Sale Voucher No.RSL/22-23/191,New,0
1768,VH-04-101-3,4,101,1759,RetailInvoice,2022-08-02 00:00:00,,2022-08-03 00:00:00,Retail Sale Voucher No.RSL/22-23/192,Modified,0
1769,VH-04-101-1,4,101,1760,RetailInvoice,2022-08-03 00:00:00,,2022-08-03 00:00:00,Retail Sale Voucher No.RSL/22-23/193,New,0
1770,VH-04-101-1,4,101,1761,RetailInvoice,2022-08-04 00:00:00,,2022-08-08 00:00:00,Retail Sale Voucher No.RSL/22-23/194,New,0
1771,VH-04-101-2,4,101,1762,RetailInvoice,2022-08-04 00:00:00,,2022-08-08 00:00:00,Retail Sale Voucher No.RSL/22-23/195,New,0
1772,VH-04-101-1,4,101,1763,RetailInvoice,2022-08-05 00:00:00,,2022-08-08 00:00:00,Retail Sale Voucher No.RSL/22-23/196,New,0
1773,VH-04-101-1,4,101,1764,RetailInvoice,2022-08-06 00:00:00,,2022-08-08 00:00:00,Retail Sale Voucher No.RSL/22-23/197,New,0
1774,VH-04-101-2,4,101,1765,RetailInvoice,2022-08-06 00:00:00,,2022-08-24 00:00:00,Retail Sale Voucher No.RSL/22-23/198,New,0
1775,VH-04-101-1,4,101,1766,RetailInvoice,2022-08-07 00:00:00,,2022-08-24 00:00:00,Retail Sale Voucher No.RSL/22-23/199,New,0
1776,VH-04-101-1,4,101,1767,RetailInvoice,2022-08-08 00:00:00,,2022-08-24 00:00:00,Retail Sale Voucher No.RSL/22-23/200,New,0
1777,VH-04-101-1,4,101,1768,RetailInvoice,2022-08-09 00:00:00,,2022-08-24 00:00:00,Retail Sale Voucher No.RSL/22-23/201,Modified,0
1778,VH-04-101-1,4,101,1769,RetailInvoice,2022-08-10 00:00:00,,2022-08-24 00:00:00,Retail Sale Voucher No.RSL/22-23/202,New,0
1779,VH-04-101-2,4,101,1770,RetailInvoice,2022-08-10 00:00:00,,2022-08-24 00:00:00,Retail Sale Voucher No.RSL/22-23/203,New,0
1780,VH-04-101-3,4,101,1771,RetailInvoice,2022-08-10 00:00:00,,2022-08-24 00:00:00,Retail Sale Voucher No.RSL/22-23/204,New,0
1781,VH-04-101-1,4,101,1772,RetailInvoice,2022-08-11 00:00:00,,2022-08-24 00:00:00,Retail Sale Voucher No.RSL/22-23/205,New,0
1782,VH-04-101-2,4,101,1773,RetailInvoice,2022-08-11 00:00:00,,2022-08-24 00:00:00,Retail Sale Voucher No.RSL/22-23/206,New,0
1783,VH-04-101-3,4,101,1774,RetailInvoice,2022-08-11 00:00:00,,2022-08-24 00:00:00,Retail Sale Voucher No.RSL/22-23/207,New,0
1784,VH-04-101-1,4,101,1775,RetailInvoice,2022-08-12 00:00:00,,2022-08-24 00:00:00,Retail Sale Voucher No.RSL/22-23/208,New,0
1785,VH-04-101-1,4,101,1776,RetailInvoice,2022-08-13 00:00:00,,2022-08-24 00:00:00,Retail Sale Voucher No.RSL/22-23/209,New,0
1786,VH-04-101-2,4,101,1777,RetailInvoice,2022-08-13 00:00:00,,2022-08-24 00:00:00,Retail Sale Voucher No.RSL/22-23/210,New,0
1787,VH-04-101-1,4,101,1778,RetailInvoice,2022-08-14 00:00:00,,2022-08-24 00:00:00,Retail Sale Voucher No.RSL/22-23/211,New,0
1788,VH-04-101-1,4,101,1779,RetailInvoice,2022-08-15 00:00:00,,2022-08-24 00:00:00,Retail Sale Voucher No.RSL/22-23/212,New,0
1789,VH-04-101-1,4,101,1780,RetailInvoice,2022-08-16 00:00:00,,2022-08-24 00:00:00,Retail Sale Voucher No.RSL/22-23/213,New,0
1790,VH-04-101-1,4,101,1781,RetailInvoice,2022-08-17 00:00:00,,2022-08-24 00:00:00,Retail Sale Voucher No.RSL/22-23/214,New,0
1791,VH-04-101-1,4,101,1782,RetailInvoice,2022-08-18 00:00:00,,2022-08-24 00:00:00,Retail Sale Voucher No.RSL/22-23/215,New,0
1792,VH-04-101-1,4,101,1783,RetailInvoice,2022-08-19 00:00:00,,2022-08-24 00:00:00,Retail Sale Voucher No.RSL/22-23/216,New,0
1793,VH-04-101-1,4,101,1784,RetailInvoice,2022-08-20 00:00:00,,2022-08-24 00:00:00,Retail Sale Voucher No.RSL/22-23/217,New,0
1794,VH-04-101-1,4,101,1785,RetailInvoice,2022-08-21 00:00:00,,2022-08-24 00:00:00,Retail Sale Voucher No.RSL/22-23/218,New,0
1795,VH-04-101-2,4,101,1786,RetailInvoice,2022-08-21 00:00:00,,2022-08-24 00:00:00,Retail Sale Voucher No.RSL/22-23/219,New,0
1796,VH-04-101-1,4,101,1787,RetailInvoice,2022-08-22 00:00:00,,2022-08-24 00:00:00,Retail Sale Voucher No.RSL/22-23/220,New,0
1797,VH-04-101-2,4,101,1788,RetailInvoice,2022-08-22 00:00:00,,2022-08-24 00:00:00,Retail Sale Voucher No.RSL/22-23/221,New,0
1798,VH-04-101-1,4,101,1789,RetailInvoice,2022-08-23 00:00:00,,2022-08-24 00:00:00,Retail Sale Voucher No.RSL/22-23/222,New,0
1799,VH-04-101-2,4,101,1790,RetailInvoice,2022-08-23 00:00:00,,2022-08-24 00:00:00,Retail Sale Voucher No.RSL/22-23/223,New,0
1800,VH-04-101-1,4,101,1791,RetailInvoice,2022-08-24 00:00:00,,2022-09-10 00:00:00,Retail Sale Voucher No.RSL/22-23/224,Modified,0
1801,VH-04-101-1,4,101,1792,RetailInvoice,2022-08-25 00:00:00,,2022-09-10 00:00:00,Retail Sale Voucher No.RSL/22-23/225,New,0
1802,VH-04-101-1,4,101,1793,RetailInvoice,2022-08-26 00:00:00,,2022-09-10 00:00:00,Retail Sale Voucher No.RSL/22-23/226,New,0
1803,VH-04-101-1,4,101,1794,RetailInvoice,2022-08-27 00:00:00,,2022-09-10 00:00:00,Retail Sale Voucher No.RSL/22-23/227,New,0
1804,VH-04-101-1,4,101,1795,RetailInvoice,2022-08-28 00:00:00,,2022-09-10 00:00:00,Retail Sale Voucher No.RSL/22-23/228,New,0
1805,VH-04-101-1,4,101,1796,RetailInvoice,2022-08-29 00:00:00,,2022-09-10 00:00:00,Retail Sale Voucher No.RSL/22-23/229,New,0
1806,VH-04-101-1,4,101,1797,RetailInvoice,2022-08-30 00:00:00,,2022-09-10 00:00:00,Retail Sale Voucher No.RSL/22-23/230,New,0
1807,VH-04-101-1,4,101,1798,RetailInvoice,2022-08-31 00:00:00,,2022-09-10 00:00:00,Retail Sale Voucher No.RSL/22-23/231,New,0
1808,VH-04-101-1,4,101,1799,RetailInvoice,2022-09-01 00:00:00,,2022-09-10 00:00:00,Retail Sale Voucher No.RSL/22-23/232,New,0
1809,VH-04-101-1,4,101,1800,RetailInvoice,2022-09-02 00:00:00,,2022-09-10 00:00:00,Retail Sale Voucher No.RSL/22-23/233,New,0
1810,VH-04-101-1,4,101,1801,RetailInvoice,2022-09-03 00:00:00,,2022-09-10 00:00:00,Retail Sale Voucher No.RSL/22-23/234,New,0
1811,VH-04-101-1,4,101,1802,RetailInvoice,2022-09-05 00:00:00,,2022-09-10 00:00:00,Retail Sale Voucher No.RSL/22-23/235,New,0
1812,VH-04-101-2,4,101,1803,RetailInvoice,2022-09-05 00:00:00,,2022-09-10 00:00:00,Retail Sale Voucher No.RSL/22-23/236,New,0
1813,VH-04-101-1,4,101,1804,RetailInvoice,2022-09-06 00:00:00,,2022-09-10 00:00:00,Retail Sale Voucher No.RSL/22-23/237,New,0
1814,VH-04-101-1,4,101,1805,RetailInvoice,2022-09-07 00:00:00,,2022-09-10 00:00:00,Retail Sale Voucher No.RSL/22-23/238,New,0
1815,VH-04-101-1,4,101,1806,RetailInvoice,2022-09-08 00:00:00,,2022-09-10 00:00:00,Retail Sale Voucher No.RSL/22-23/239,Modified,0
1816,VH-04-101-1,4,101,1807,RetailInvoice,2022-09-09 00:00:00,,2022-09-10 00:00:00,Retail Sale Voucher No.RSL/22-23/240,New,0
1817,VH-04-101-1,4,101,1808,RetailInvoice,2022-09-10 00:00:00,,2022-09-10 00:00:00,Retail Sale Voucher No.RSL/22-23/241,New,0
1818,VH-04-101-1,4,101,1809,RetailInvoice,2022-09-11 00:00:00,,2022-09-24 00:00:00,Retail Sale Voucher No.RSL/22-23/242,New,0
1819,VH-04-101-1,4,101,1810,RetailInvoice,2022-09-12 00:00:00,,2022-09-24 00:00:00,Retail Sale Voucher No.RSL/22-23/243,New,0
1820,VH-04-101-1,4,101,1811,RetailInvoice,2022-09-13 00:00:00,,2022-09-24 00:00:00,Retail Sale Voucher No.RSL/22-23/244,New,0
1821,VH-04-101-1,4,101,1812,RetailInvoice,2022-09-14 00:00:00,,2022-09-24 00:00:00,Retail Sale Voucher No.RSL/22-23/245,New,0
1822,VH-04-101-1,4,101,1813,RetailInvoice,2022-09-15 00:00:00,,2022-09-24 00:00:00,Retail Sale Voucher No.RSL/22-23/246,New,0
1823,VH-04-101-2,4,101,1814,RetailInvoice,2022-09-15 00:00:00,,2022-09-24 00:00:00,Retail Sale Voucher No.RSL/22-23/247,New,0
1824,VH-04-101-1,4,101,1815,RetailInvoice,2022-09-16 00:00:00,,2022-09-24 00:00:00,Retail Sale Voucher No.RSL/22-23/248,New,0
1825,VH-04-101-1,4,101,1816,RetailInvoice,2022-09-17 00:00:00,,2022-09-24 00:00:00,Retail Sale Voucher No.RSL/22-23/249,New,0
1826,VH-04-101-1,4,101,1817,RetailInvoice,2022-09-18 00:00:00,,2022-09-24 00:00:00,Retail Sale Voucher No.RSL/22-23/250,New,0
1827,VH-04-101-1,4,101,1818,RetailInvoice,2022-09-19 00:00:00,,2022-09-24 00:00:00,Retail Sale Voucher No.RSL/22-23/251,New,0
1828,VH-04-101-1,4,101,1819,RetailInvoice,2022-09-20 00:00:00,,2022-09-24 00:00:00,Retail Sale Voucher No.RSL/22-23/252,New,0
1829,VH-04-101-1,4,101,1820,RetailInvoice,2022-09-21 00:00:00,,2022-09-24 00:00:00,Retail Sale Voucher No.RSL/22-23/253,New,0
1830,VH-04-101-1,4,101,1821,RetailInvoice,2022-09-22 00:00:00,,2022-09-24 00:00:00,Retail Sale Voucher No.RSL/22-23/254,New,0
1831,VH-04-101-1,4,101,1822,RetailInvoice,2022-09-23 00:00:00,,2022-09-24 00:00:00,Retail Sale Voucher No.RSL/22-23/255,New,0
1832,VH-04-101-1,4,101,1823,RetailInvoice,2022-09-24 00:00:00,,2022-09-28 00:00:00,Retail Sale Voucher No.RSL/22-23/256,Modified,0
1833,VH-04-101-1,4,101,1824,RetailInvoice,2022-09-25 00:00:00,,2022-09-28 00:00:00,Retail Sale Voucher No.RSL/22-23/257,New,0
1834,VH-04-101-1,4,101,1825,RetailInvoice,2022-09-26 00:00:00,,2022-09-28 00:00:00,Retail Sale Voucher No.RSL/22-23/258,New,0
1835,VH-04-101-1,4,101,1826,RetailInvoice,2022-09-27 00:00:00,,2022-09-28 00:00:00,Retail Sale Voucher No.RSL/22-23/259,New,0
1836,VH-04-101-1,4,101,1827,RetailInvoice,2022-09-28 00:00:00,,2022-09-28 00:00:00,Retail Sale Voucher No.RSL/22-23/260,Modified,0
1837,VH-04-101-1,4,101,1828,RetailInvoice,2022-09-29 00:00:00,,2022-10-07 00:00:00,Retail Sale Voucher No.RSL/22-23/261,New,0
1838,VH-04-101-1,4,101,1829,RetailInvoice,2022-09-30 00:00:00,,2022-10-07 00:00:00,Retail Sale Voucher No.RSL/22-23/262,New,0
1839,VH-04-101-1,4,101,1830,RetailInvoice,2022-10-01 00:00:00,,2022-10-07 00:00:00,Retail Sale Voucher No.RSL/22-23/263,Modified,0
1840,VH-04-101-2,4,101,1831,RetailInvoice,2022-10-01 00:00:00,,2022-10-07 00:00:00,Retail Sale Voucher No.RSL/22-23/264,New,0
1841,VH-04-101-1,4,101,1832,RetailInvoice,2022-10-02 00:00:00,,2022-10-07 00:00:00,Retail Sale Voucher No.RSL/22-23/265,New,0
1842,VH-04-101-2,4,101,1833,RetailInvoice,2022-10-02 00:00:00,,2022-10-07 00:00:00,Retail Sale Voucher No.RSL/22-23/266,New,0
1843,VH-04-101-1,4,101,1834,RetailInvoice,2022-10-02 00:00:00,,2022-10-07 00:00:00,Retail Sale Voucher No.RSL/22-23/267,Modified,0
1844,VH-04-101-1,4,101,1835,RetailInvoice,2022-10-03 00:00:00,,2022-10-07 00:00:00,Retail Sale Voucher No.RSL/22-23/268,New,0
1845,VH-04-101-1,4,101,1836,RetailInvoice,2022-10-04 00:00:00,,2022-10-07 00:00:00,Retail Sale Voucher No.RSL/22-23/269,New,0
1846,VH-04-101-2,4,101,1837,RetailInvoice,2022-10-04 00:00:00,,2022-10-07 00:00:00,Retail Sale Voucher No.RSL/22-23/270,New,0
1847,VH-04-101-1,4,101,1838,RetailInvoice,2022-10-05 00:00:00,,2022-10-07 00:00:00,Retail Sale Voucher No.RSL/22-23/271,New,0
1848,VH-04-101-2,4,101,1839,RetailInvoice,2022-10-05 00:00:00,,2022-10-07 00:00:00,Retail Sale Voucher No.RSL/22-23/272,New,0
1849,VH-04-101-1,4,101,1840,RetailInvoice,2022-10-07 00:00:00,,2022-10-07 00:00:00,Retail Sale Voucher No.RSL/22-23/273,New,0
1850,VH-04-101-2,4,101,1841,RetailInvoice,2022-10-07 00:00:00,,2022-10-07 00:00:00,Retail Sale Voucher No.RSL/22-23/274,New,0
1851,VH-04-101-1,4,101,1842,RetailInvoice,2022-10-08 00:00:00,,2022-10-21 00:00:00,Retail Sale Voucher No.RSL/22-23/275,New,0
1852,VH-04-101-1,4,101,1843,RetailInvoice,2022-10-10 00:00:00,,2022-10-21 00:00:00,Retail Sale Voucher No.RSL/22-23/276,Modified,0
1853,VH-04-101-1,4,101,1844,RetailInvoice,2022-10-11 00:00:00,,2022-10-21 00:00:00,Retail Sale Voucher No.RSL/22-23/277,New,0
1854,VH-04-101-1,4,101,1845,RetailInvoice,2022-10-12 00:00:00,,2022-10-21 00:00:00,Retail Sale Voucher No.RSL/22-23/278,New,0
1855,VH-04-101-2,4,101,1846,RetailInvoice,2022-10-12 00:00:00,,2022-10-21 00:00:00,Retail Sale Voucher No.RSL/22-23/279,New,0
1856,VH-04-101-3,4,101,1847,RetailInvoice,2022-10-12 00:00:00,,2022-10-21 00:00:00,Retail Sale Voucher No.RSL/22-23/280,New,0
1857,VH-04-101-1,4,101,1848,RetailInvoice,2022-10-13 00:00:00,,2022-10-21 00:00:00,Retail Sale Voucher No.RSL/22-23/281,New,0
1858,VH-04-101-1,4,101,1849,RetailInvoice,2022-10-14 00:00:00,,2022-10-21 00:00:00,Retail Sale Voucher No.RSL/22-23/282,New,0
1859,VH-04-101-1,4,101,1850,RetailInvoice,2022-10-16 00:00:00,,2022-10-21 00:00:00,Retail Sale Voucher No.RSL/22-23/283,New,0
1860,VH-04-101-1,4,101,1851,RetailInvoice,2022-10-17 00:00:00,,2022-10-21 00:00:00,Retail Sale Voucher No.RSL/22-23/284,New,0
1861,VH-04-101-1,4,101,1852,RetailInvoice,2022-10-18 00:00:00,,2022-10-21 00:00:00,Retail Sale Voucher No.RSL/22-23/285,New,0
1862,VH-04-101-2,4,101,1853,RetailInvoice,2022-10-18 00:00:00,,2022-10-21 00:00:00,Retail Sale Voucher No.RSL/22-23/286,New,0
1863,VH-04-101-1,4,101,1854,RetailInvoice,2022-10-19 00:00:00,,2022-10-21 00:00:00,Retail Sale Voucher No.RSL/22-23/287,New,0
1864,VH-04-101-2,4,101,1855,RetailInvoice,2022-10-19 00:00:00,,2022-10-21 00:00:00,Retail Sale Voucher No.RSL/22-23/288,New,0
1865,VH-04-101-1,4,101,1856,RetailInvoice,2022-10-20 00:00:00,,2022-10-21 00:00:00,Retail Sale Voucher No.RSL/22-23/289,New,0
1866,VH-04-101-1,4,101,1857,RetailInvoice,2022-10-20 00:00:00,,2022-10-21 00:00:00,Retail Sale Voucher No.RSL/22-23/290,Modified,0
1867,VH-04-101-1,4,101,1858,RetailInvoice,2022-10-21 00:00:00,,2022-10-22 00:00:00,Retail Sale Voucher No.RSL/22-23/291,New,0
1868,VH-04-101-2,4,101,1859,RetailInvoice,2022-10-21 00:00:00,,2022-10-22 00:00:00,Retail Sale Voucher No.RSL/22-23/292,New,0
1869,VH-04-101-3,4,101,1860,RetailInvoice,2022-10-21 00:00:00,,2022-10-26 00:00:00,Retail Sale Voucher No.RSL/22-23/293,New,0
1870,VH-04-101-1,4,101,1861,RetailInvoice,2022-10-22 00:00:00,,2022-10-26 00:00:00,Retail Sale Voucher No.RSL/22-23/294,New,0
1871,VH-04-101-2,4,101,1862,RetailInvoice,2022-10-22 00:00:00,,2022-10-26 00:00:00,Retail Sale Voucher No.RSL/22-23/295,New,0
1872,VH-04-101-3,4,101,1863,RetailInvoice,2022-10-22 00:00:00,,2022-10-26 00:00:00,Retail Sale Voucher No.RSL/22-23/296,New,0
1873,VH-04-101-4,4,101,1864,RetailInvoice,2022-10-22 00:00:00,,2022-10-26 00:00:00,Retail Sale Voucher No.RSL/22-23/297,New,0
1874,VH-04-101-5,4,101,1865,RetailInvoice,2022-10-22 00:00:00,,2022-10-26 00:00:00,Retail Sale Voucher No.RSL/22-23/298,New,0
1875,VH-04-101-6,4,101,1866,RetailInvoice,2022-10-22 00:00:00,,2022-10-26 00:00:00,Retail Sale Voucher No.RSL/22-23/299,New,0
1876,VH-04-101-7,4,101,1867,RetailInvoice,2022-10-22 00:00:00,,2022-10-26 00:00:00,Retail Sale Voucher No.RSL/22-23/300,New,0
1877,VH-04-101-8,4,101,1868,RetailInvoice,2022-10-22 00:00:00,,2022-10-26 00:00:00,Retail Sale Voucher No.RSL/22-23/301,New,0
1878,VH-04-101-9,4,101,1869,RetailInvoice,2022-10-22 00:00:00,,2022-11-01 00:00:00,Retail Sale Voucher No.RSL/22-23/302,Modified,0
1879,VH-04-101-10,4,101,1870,RetailInvoice,2022-10-22 00:00:00,,2022-10-26 00:00:00,Retail Sale Voucher No.RSL/22-23/303,New,0
1880,VH-04-101-11,4,101,1871,RetailInvoice,2022-10-22 00:00:00,,2022-10-28 00:00:00,Retail Sale Voucher No.RSL/22-23/304,New,0
1881,VH-04-101-12,4,101,1872,RetailInvoice,2022-10-22 00:00:00,,2022-10-28 00:00:00,Retail Sale Voucher No.RSL/22-23/305,New,0
1882,VH-04-101-13,4,101,1873,RetailInvoice,2022-10-22 00:00:00,,2022-10-28 00:00:00,Retail Sale Voucher No.RSL/22-23/306,New,0
1883,VH-04-101-14,4,101,1874,RetailInvoice,2022-10-22 00:00:00,,2022-10-28 00:00:00,Retail Sale Voucher No.RSL/22-23/307,New,0
1884,VH-04-101-15,4,101,1875,RetailInvoice,2022-10-22 00:00:00,,2022-10-28 00:00:00,Retail Sale Voucher No.RSL/22-23/308,New,0
1885,VH-04-101-16,4,101,1876,RetailInvoice,2022-10-22 00:00:00,,2022-10-28 00:00:00,Retail Sale Voucher No.RSL/22-23/309,New,0
1886,VH-04-101-17,4,101,1877,RetailInvoice,2022-10-22 00:00:00,,2022-10-28 00:00:00,Retail Sale Voucher No.RSL/22-23/310,New,0
1887,VH-04-101-1,4,101,1878,RetailInvoice,2022-10-23 00:00:00,,2022-10-28 00:00:00,Retail Sale Voucher No.RSL/22-23/311,New,0
1888,VH-04-101-2,4,101,1879,RetailInvoice,2022-10-23 00:00:00,,2022-10-28 00:00:00,Retail Sale Voucher No.RSL/22-23/312,New,0
1889,VH-04-101-3,4,101,1880,RetailInvoice,2022-10-23 00:00:00,,2022-10-28 00:00:00,Retail Sale Voucher No.RSL/22-23/313,New,0
1890,VH-04-101-4,4,101,1881,RetailInvoice,2022-10-23 00:00:00,,2022-10-28 00:00:00,Retail Sale Voucher No.RSL/22-23/314,New,0
1891,VH-04-101-5,4,101,1882,RetailInvoice,2022-10-23 00:00:00,,2022-10-28 00:00:00,Retail Sale Voucher No.RSL/22-23/315,New,0
1892,VH-04-101-6,4,101,1883,RetailInvoice,2022-10-23 00:00:00,,2022-10-28 00:00:00,Retail Sale Voucher No.RSL/22-23/316,New,0
1893,VH-04-101-7,4,101,1884,RetailInvoice,2022-10-23 00:00:00,,2022-10-28 00:00:00,Retail Sale Voucher No.RSL/22-23/317,New,0
1894,VH-04-101-8,4,101,1885,RetailInvoice,2022-10-23 00:00:00,,2022-10-28 00:00:00,Retail Sale Voucher No.RSL/22-23/318,New,0
1895,VH-04-101-9,4,101,1886,RetailInvoice,2022-10-23 00:00:00,,2022-10-28 00:00:00,Retail Sale Voucher No.RSL/22-23/319,New,0
1896,VH-04-101-10,4,101,1887,RetailInvoice,2022-10-23 00:00:00,,2022-10-28 00:00:00,Retail Sale Voucher No.RSL/22-23/320,New,0
1897,VH-04-101-11,4,101,1888,RetailInvoice,2022-10-23 00:00:00,,2022-10-28 00:00:00,Retail Sale Voucher No.RSL/22-23/321,New,0
1898,VH-04-101-12,4,101,1889,RetailInvoice,2022-10-23 00:00:00,,2022-10-28 00:00:00,Retail Sale Voucher No.RSL/22-23/322,New,0
1899,VH-04-101-13,4,101,1890,RetailInvoice,2022-10-23 00:00:00,,2022-10-28 00:00:00,Retail Sale Voucher No.RSL/22-23/323,New,0
1900,VH-04-101-14,4,101,1891,RetailInvoice,2022-10-23 00:00:00,,2022-10-28 00:00:00,Retail Sale Voucher No.RSL/22-23/324,New,0
1901,VH-04-101-15,4,101,1892,RetailInvoice,2022-10-23 00:00:00,,2022-10-28 00:00:00,Retail Sale Voucher No.RSL/22-23/325,New,0
1902,VH-04-101-16,4,101,1893,RetailInvoice,2022-10-23 00:00:00,,2022-10-28 00:00:00,Retail Sale Voucher No.RSL/22-23/326,New,0
1903,VH-04-101-17,4,101,1894,RetailInvoice,2022-10-23 00:00:00,,2022-10-28 00:00:00,Retail Sale Voucher No.RSL/22-23/327,New,0
1904,VH-04-101-18,4,101,1895,RetailInvoice,2022-10-23 00:00:00,,2022-10-28 00:00:00,Retail Sale Voucher No.RSL/22-23/328,New,0
1905,VH-04-101-19,4,101,1896,RetailInvoice,2022-10-23 00:00:00,,2022-10-28 00:00:00,Retail Sale Voucher No.RSL/22-23/329,New,0
1906,VH-04-101-20,4,101,1897,RetailInvoice,2022-10-23 00:00:00,,2022-10-28 00:00:00,Retail Sale Voucher No.RSL/22-23/330,New,0
1907,VH-04-101-21,4,101,1898,RetailInvoice,2022-10-23 00:00:00,,2022-10-28 00:00:00,Retail Sale Voucher No.RSL/22-23/331,New,0
1908,VH-04-101-22,4,101,1899,RetailInvoice,2022-10-23 00:00:00,,2022-10-28 00:00:00,Retail Sale Voucher No.RSL/22-23/332,New,0
1909,VH-04-101-23,4,101,1900,RetailInvoice,2022-10-23 00:00:00,,2022-10-28 00:00:00,Retail Sale Voucher No.RSL/22-23/333,New,0
1910,VH-04-101-24,4,101,1901,RetailInvoice,2022-10-23 00:00:00,,2022-10-28 00:00:00,Retail Sale Voucher No.RSL/22-23/334,New,0
1911,VH-04-101-25,4,101,1902,RetailInvoice,2022-10-23 00:00:00,,2022-10-28 00:00:00,Retail Sale Voucher No.RSL/22-23/335,New,0
1912,VH-04-101-26,4,101,1903,RetailInvoice,2022-10-23 00:00:00,,2022-10-28 00:00:00,Retail Sale Voucher No.RSL/22-23/336,New,0
1913,VH-04-101-27,4,101,1904,RetailInvoice,2022-10-23 00:00:00,,2022-10-28 00:00:00,Retail Sale Voucher No.RSL/22-23/337,New,0
1914,VH-04-101-28,4,101,1905,RetailInvoice,2022-10-23 00:00:00,,2022-10-28 00:00:00,Retail Sale Voucher No.RSL/22-23/338,New,0
1915,VH-04-101-29,4,101,1906,RetailInvoice,2022-10-23 00:00:00,,2022-10-28 00:00:00,Retail Sale Voucher No.RSL/22-23/339,New,0
1916,VH-04-101-30,4,101,1907,RetailInvoice,2022-10-23 00:00:00,,2022-10-28 00:00:00,Retail Sale Voucher No.RSL/22-23/340,New,0
1917,VH-04-101-31,4,101,1908,RetailInvoice,2022-10-23 00:00:00,,2022-10-28 00:00:00,Retail Sale Voucher No.RSL/22-23/341,New,0
1918,VH-04-101-32,4,101,1909,RetailInvoice,2022-10-23 00:00:00,,2022-10-28 00:00:00,Retail Sale Voucher No.RSL/22-23/342,New,0
1919,VH-04-101-33,4,101,1910,RetailInvoice,2022-10-23 00:00:00,,2022-10-28 00:00:00,Retail Sale Voucher No.RSL/22-23/343,New,0
1920,VH-04-101-34,4,101,1911,RetailInvoice,2022-10-23 00:00:00,,2022-10-28 00:00:00,Retail Sale Voucher No.RSL/22-23/344,New,0
1921,VH-04-101-35,4,101,1912,RetailInvoice,2022-10-23 00:00:00,,2022-10-28 00:00:00,Retail Sale Voucher No.RSL/22-23/345,New,0
1922,VH-04-101-36,4,101,1913,RetailInvoice,2022-10-23 00:00:00,,2022-10-28 00:00:00,Retail Sale Voucher No.RSL/22-23/346,New,0
1923,VH-04-101-1,4,101,1914,RetailInvoice,2022-10-23 00:00:00,,2022-10-28 00:00:00,Retail Sale Voucher No.RSL/22-23/347,Modified,0
1924,VH-04-101-2,4,101,1915,RetailInvoice,2022-10-23 00:00:00,,2022-10-28 00:00:00,Retail Sale Voucher No.RSL/22-23/348,Modified,0
1925,VH-04-101-3,4,101,1916,RetailInvoice,2022-10-23 00:00:00,,2022-10-28 00:00:00,Retail Sale Voucher No.RSL/22-23/349,Modified,0
1926,VH-04-101-1,4,101,1917,RetailInvoice,2022-10-24 00:00:00,,2022-10-28 00:00:00,Retail Sale Voucher No.RSL/22-23/350,New,0
1927,VH-04-101-1,4,101,1918,RetailInvoice,2022-10-24 00:00:00,,2022-10-28 00:00:00,Retail Sale Voucher No.RSL/22-23/351,Modified,0
1928,VH-04-101-2,4,101,1919,RetailInvoice,2022-10-26 00:00:00,,2022-10-28 00:00:00,Retail Sale Voucher No.RSL/22-23/352,Modified,0
1929,VH-04-101-1,4,101,1920,RetailInvoice,2022-10-26 00:00:00,,2022-10-28 00:00:00,Retail Sale Voucher No.RSL/22-23/353,New,0
1930,VH-04-101-2,4,101,1921,RetailInvoice,2022-10-26 00:00:00,,2022-10-28 00:00:00,Retail Sale Voucher No.RSL/22-23/354,New,0
1931,VH-04-101-3,4,101,1922,RetailInvoice,2022-10-26 00:00:00,,2022-10-28 00:00:00,Retail Sale Voucher No.RSL/22-23/355,New,0
1932,VH-04-101-1,4,101,1923,RetailInvoice,2022-10-27 00:00:00,,2022-10-28 00:00:00,Retail Sale Voucher No.RSL/22-23/356,New,0
1933,VH-04-101-2,4,101,1924,RetailInvoice,2022-10-27 00:00:00,,2022-10-28 00:00:00,Retail Sale Voucher No.RSL/22-23/357,New,0
1934,VH-04-101-1,4,101,1925,RetailInvoice,2022-10-28 00:00:00,,2022-11-09 00:00:00,Retail Sale Voucher No.RSL/22-23/358,New,0
1935,VH-04-101-1,4,101,1926,RetailInvoice,2022-10-29 00:00:00,,2022-11-09 00:00:00,Retail Sale Voucher No.RSL/22-23/359,New,0
1936,VH-04-101-1,4,101,1927,RetailInvoice,2022-10-30 00:00:00,,2022-11-09 00:00:00,Retail Sale Voucher No.RSL/22-23/360,New,0
1937,VH-04-101-1,4,101,1928,RetailInvoice,2022-10-31 00:00:00,,2022-11-09 00:00:00,Retail Sale Voucher No.RSL/22-23/361,New,0
1938,VH-04-101-1,4,101,1929,RetailInvoice,2022-11-01 00:00:00,,2022-11-14 00:00:00,Retail Sale Voucher No.RSL/22-23/362,New,0
1939,VH-04-101-2,4,101,1930,RetailInvoice,2022-11-01 00:00:00,,2022-11-14 00:00:00,Retail Sale Voucher No.RSL/22-23/363,New,0
1940,VH-04-101-1,4,101,1931,RetailInvoice,2022-11-02 00:00:00,,2022-11-14 00:00:00,Retail Sale Voucher No.RSL/22-23/364,New,0
1941,VH-04-101-1,4,101,1932,RetailInvoice,2022-11-03 00:00:00,,2022-11-14 00:00:00,Retail Sale Voucher No.RSL/22-23/365,New,0
1942,VH-04-101-1,4,101,1933,RetailInvoice,2022-11-04 00:00:00,,2022-11-14 00:00:00,Retail Sale Voucher No.RSL/22-23/366,New,0
1943,VH-04-101-1,4,101,1934,RetailInvoice,2022-11-05 00:00:00,,2022-11-14 00:00:00,Retail Sale Voucher No.RSL/22-23/367,New,0
1944,VH-04-101-1,4,101,1935,RetailInvoice,2022-11-06 00:00:00,,2022-11-14 00:00:00,Retail Sale Voucher No.RSL/22-23/368,New,0
1945,VH-04-101-2,4,101,1936,RetailInvoice,2022-11-06 00:00:00,,2022-11-14 00:00:00,Retail Sale Voucher No.RSL/22-23/369,New,0
1946,VH-04-101-3,4,101,1937,RetailInvoice,2022-11-06 00:00:00,,2022-11-14 00:00:00,Retail Sale Voucher No.RSL/22-23/370,New,0
1947,VH-04-101-4,4,101,1938,RetailInvoice,2022-11-06 00:00:00,,2022-11-14 00:00:00,Retail Sale Voucher No.RSL/22-23/371,New,0
1948,VH-04-101-1,4,101,1939,RetailInvoice,2022-11-07 00:00:00,,2022-11-14 00:00:00,Retail Sale Voucher No.RSL/22-23/372,New,0
1949,VH-04-101-1,4,101,1940,RetailInvoice,2022-11-08 00:00:00,,2022-11-14 00:00:00,Retail Sale Voucher No.RSL/22-23/373,New,0
1950,VH-04-101-1,4,101,1941,RetailInvoice,2022-11-09 00:00:00,,2022-11-14 00:00:00,Retail Sale Voucher No.RSL/22-23/374,New,0
1951,VH-04-101-1,4,101,1942,RetailInvoice,2022-11-10 00:00:00,,2022-11-14 00:00:00,Retail Sale Voucher No.RSL/22-23/375,New,0
1952,VH-04-101-1,4,101,1943,RetailInvoice,2022-11-11 00:00:00,,2022-11-14 00:00:00,Retail Sale Voucher No.RSL/22-23/376,New,0
1953,VH-04-101-1,4,101,1944,RetailInvoice,2022-11-12 00:00:00,,2022-11-14 00:00:00,Retail Sale Voucher No.RSL/22-23/377,New,0
1954,VH-04-101-2,4,101,1945,RetailInvoice,2022-11-12 00:00:00,,2022-11-14 00:00:00,Retail Sale Voucher No.RSL/22-23/378,New,0
1955,VH-04-101-1,4,101,1946,RetailInvoice,2022-11-13 00:00:00,,2022-12-20 00:00:00,Retail Sale Voucher No.RSL/22-23/379,Modified,0
1956,VH-04-101-2,4,101,1947,RetailInvoice,2022-11-13 00:00:00,,2022-11-14 00:00:00,Retail Sale Voucher No.RSL/22-23/380,New,0
1957,VH-04-101-1,4,101,1948,RetailInvoice,2022-11-14 00:00:00,,2022-12-20 00:00:00,Retail Sale Voucher No.RSL/22-23/381,Modified,0
1958,VH-04-101-1,4,101,1949,RetailInvoice,2022-11-15 00:00:00,,2022-11-22 00:00:00,Retail Sale Voucher No.RSL/22-23/382,New,0
1959,VH-04-101-1,4,101,1950,RetailInvoice,2022-11-16 00:00:00,,2022-11-22 00:00:00,Retail Sale Voucher No.RSL/22-23/383,New,0
1960,VH-04-101-1,4,101,1951,RetailInvoice,2022-11-17 00:00:00,,2022-11-22 00:00:00,Retail Sale Voucher No.RSL/22-23/384,New,0
1961,VH-04-101-1,4,101,1952,RetailInvoice,2022-11-18 00:00:00,,2022-12-20 00:00:00,Retail Sale Voucher No.RSL/22-23/385,Modified,0
1962,VH-04-101-1,4,101,1953,RetailInvoice,2022-11-19 00:00:00,,2022-12-20 00:00:00,Retail Sale Voucher No.RSL/22-23/386,Modified,0
1963,VH-04-101-1,4,101,1954,RetailInvoice,2022-11-20 00:00:00,,2022-11-22 00:00:00,Retail Sale Voucher No.RSL/22-23/387,New,0
1964,VH-04-101-2,4,101,1955,RetailInvoice,2022-11-20 00:00:00,,2022-12-20 00:00:00,Retail Sale Voucher No.RSL/22-23/388,Modified,0
1965,VH-04-101-1,4,101,1956,RetailInvoice,2022-11-21 00:00:00,,2022-11-22 00:00:00,Retail Sale Voucher No.RSL/22-23/389,Modified,0
1966,VH-04-101-1,4,101,1957,RetailInvoice,2022-11-22 00:00:00,,2022-11-22 00:00:00,Retail Sale Voucher No.RSL/22-23/390,New,0
1967,VH-04-101-1,4,101,1958,RetailInvoice,2022-11-23 00:00:00,,2022-12-20 00:00:00,Retail Sale Voucher No.RSL/22-23/391,Modified,0
1968,VH-04-101-1,4,101,1959,RetailInvoice,2022-11-24 00:00:00,,2022-11-30 00:00:00,Retail Sale Voucher No.RSL/22-23/392,New,0
1969,VH-04-101-1,4,101,1960,RetailInvoice,2022-11-25 00:00:00,,2022-11-30 00:00:00,Retail Sale Voucher No.RSL/22-23/393,New,0
1970,VH-04-101-2,4,101,1961,RetailInvoice,2022-11-25 00:00:00,,2022-11-30 00:00:00,Retail Sale Voucher No.RSL/22-23/394,New,0
1971,VH-04-101-1,4,101,1962,RetailInvoice,2022-11-26 00:00:00,,2022-12-20 00:00:00,Retail Sale Voucher No.RSL/22-23/395,Modified,0
1972,VH-04-101-2,4,101,1963,RetailInvoice,2022-11-26 00:00:00,,2022-11-30 00:00:00,Retail Sale Voucher No.RSL/22-23/396,New,0
1973,VH-04-101-1,4,101,1964,RetailInvoice,2022-11-27 00:00:00,,2022-12-20 00:00:00,Retail Sale Voucher No.RSL/22-23/397,Modified,0
1974,VH-04-101-2,4,101,1965,RetailInvoice,2022-11-27 00:00:00,,2022-11-30 00:00:00,Retail Sale Voucher No.RSL/22-23/398,New,0
1975,VH-04-101-1,4,101,1966,RetailInvoice,2022-11-28 00:00:00,,2022-11-30 00:00:00,Retail Sale Voucher No.RSL/22-23/399,New,0
1976,VH-04-101-1,4,101,1967,RetailInvoice,2022-11-29 00:00:00,,2022-11-30 00:00:00,Retail Sale Voucher No.RSL/22-23/400,New,0
1977,VH-04-101-1,4,101,1968,RetailInvoice,2022-11-30 00:00:00,,2022-12-17 00:00:00,Retail Sale Voucher No.RSL/22-23/401,Modified,0
1978,VH-04-101-1,4,101,1969,RetailInvoice,2022-12-01 00:00:00,,2022-12-14 00:00:00,Retail Sale Voucher No.RSL/22-23/402,New,0
1979,VH-04-101-2,4,101,1970,RetailInvoice,2022-12-01 00:00:00,,2022-12-14 00:00:00,Retail Sale Voucher No.RSL/22-23/403,New,0
1980,VH-04-101-1,4,101,1971,RetailInvoice,2022-12-02 00:00:00,,2022-12-14 00:00:00,Retail Sale Voucher No.RSL/22-23/404,New,0
1981,VH-04-101-2,4,101,1972,RetailInvoice,2022-12-02 00:00:00,,2022-12-17 00:00:00,Retail Sale Voucher No.RSL/22-23/405,Modified,0
1982,VH-04-101-1,4,101,1973,RetailInvoice,2022-12-03 00:00:00,,2022-12-17 00:00:00,Retail Sale Voucher No.RSL/22-23/406,Modified,0
1983,VH-04-101-1,4,101,1974,RetailInvoice,2022-12-04 00:00:00,,2022-12-14 00:00:00,Retail Sale Voucher No.RSL/22-23/407,New,0
1984,VH-04-101-1,4,101,1975,RetailInvoice,2022-12-05 00:00:00,,2022-12-14 00:00:00,Retail Sale Voucher No.RSL/22-23/408,New,0
1985,VH-04-101-1,4,101,1976,RetailInvoice,2022-12-06 00:00:00,,2022-12-17 00:00:00,Retail Sale Voucher No.RSL/22-23/409,Modified,0
1986,VH-04-101-1,4,101,1977,RetailInvoice,2022-12-07 00:00:00,,2022-12-17 00:00:00,Retail Sale Voucher No.RSL/22-23/410,Modified,0
1987,VH-04-101-2,4,101,1978,RetailInvoice,2022-12-07 00:00:00,,2022-12-17 00:00:00,Retail Sale Voucher No.RSL/22-23/411,Modified,0
1988,VH-04-101-1,4,101,1979,RetailInvoice,2022-12-08 00:00:00,,2022-12-17 00:00:00,Retail Sale Voucher No.RSL/22-23/412,Modified,0
1989,VH-04-101-1,4,101,1980,RetailInvoice,2022-12-09 00:00:00,,2022-12-14 00:00:00,Retail Sale Voucher No.RSL/22-23/413,Modified,0
1990,VH-04-101-1,4,101,1981,RetailInvoice,2022-12-10 00:00:00,,2022-12-14 00:00:00,Retail Sale Voucher No.RSL/22-23/414,New,0
1991,VH-04-101-1,4,101,1982,RetailInvoice,2022-12-11 00:00:00,,2022-12-14 00:00:00,Retail Sale Voucher No.RSL/22-23/415,New,0
1992,VH-04-101-2,4,101,1983,RetailInvoice,2022-12-11 00:00:00,,2022-12-21 00:00:00,Retail Sale Voucher No.RSL/22-23/416,Modified,0
1993,VH-04-101-1,4,101,1984,RetailInvoice,2022-12-12 00:00:00,,2022-12-14 00:00:00,Retail Sale Voucher No.RSL/22-23/417,New,0
1994,VH-04-101-2,4,101,1985,RetailInvoice,2022-12-12 00:00:00,,2022-12-14 00:00:00,Retail Sale Voucher No.RSL/22-23/418,New,0
1995,VH-04-101-3,4,101,1986,RetailInvoice,2022-12-12 00:00:00,,2022-12-14 00:00:00,Retail Sale Voucher No.RSL/22-23/419,New,0
1996,VH-04-101-1,4,101,1987,RetailInvoice,2022-12-13 00:00:00,,2022-12-17 00:00:00,Retail Sale Voucher No.RSL/22-23/420,Modified,0
1997,VH-04-101-1,4,101,1988,RetailInvoice,2022-12-14 00:00:00,,2022-12-17 00:00:00,Retail Sale Voucher No.RSL/22-23/421,Modified,0
1998,VH-04-101-2,4,101,1989,RetailInvoice,2022-12-14 00:00:00,,2022-12-17 00:00:00,Retail Sale Voucher No.RSL/22-23/422,Modified,0
1999,VH-04-101-3,4,101,1990,RetailInvoice,2022-12-14 00:00:00,,2022-12-17 00:00:00,Retail Sale Voucher No.RSL/22-23/423,New,0
2000,VH-04-101-1,4,101,1991,RetailInvoice,2022-12-15 00:00:00,,2022-12-17 00:00:00,Retail Sale Voucher No.RSL/22-23/424,New,0
2001,VH-04-101-2,4,101,1992,RetailInvoice,2022-12-15 00:00:00,,2022-12-17 00:00:00,Retail Sale Voucher No.RSL/22-23/425,New,0
2002,VH-04-101-3,4,101,1993,RetailInvoice,2022-12-15 00:00:00,,2022-12-17 00:00:00,Retail Sale Voucher No.RSL/22-23/426,New,0
2003,VH-04-101-1,4,101,1994,RetailInvoice,2022-12-18 00:00:00,,2022-12-18 00:00:00,Retail Sale Voucher No.RSL/22-23/427,New,0
2004,VH-04-101-2,4,101,1995,RetailInvoice,2022-12-18 00:00:00,,2022-12-18 00:00:00,Retail Sale Voucher No.RSL/22-23/428,New,0
2005,VH-04-101-1,4,101,1996,RetailInvoice,2022-12-19 00:00:00,,2022-12-19 00:00:00,Retail Sale Voucher No.RSL/22-23/429,New,0
2006,VH-04-101-2,4,101,1997,RetailInvoice,2022-12-19 00:00:00,,2022-12-19 00:00:00,Retail Sale Voucher No.RSL/22-23/430,New,0
2007,VH-04-101-1,4,101,1998,RetailInvoice,2022-12-20 00:00:00,,2022-12-20 00:00:00,Retail Sale Voucher No.RSL/22-23/431,New,0
2008,VH-04-101-1,4,101,1999,RetailInvoice,2022-12-22 00:00:00,,2022-12-22 00:00:00,Retail Sale Voucher No.RSL/22-23/432,New,0
2009,VH-04-101-1,4,101,2000,RetailInvoice,2022-12-23 00:00:00,,2022-12-23 00:00:00,Retail Sale Voucher No.RSL/22-23/433,New,0
2010,VH-04-101-2,4,101,2001,RetailInvoice,2022-12-23 00:00:00,,2022-12-23 00:00:00,Retail Sale Voucher No.RSL/22-23/434,New,0
2011,VH-04-101-1,4,101,2002,RetailInvoice,2022-12-24 00:00:00,,2022-12-24 00:00:00,Retail Sale Voucher No.RSL/22-23/435,New,0
2012,VH-04-101-1,4,101,2003,RetailInvoice,2022-12-26 00:00:00,,2022-12-26 00:00:00,Retail Sale Voucher No.RSL/22-23/436,New,0
2013,VH-04-101-2,4,101,2004,RetailInvoice,2022-12-26 00:00:00,,2022-12-26 00:00:00,Retail Sale Voucher No.RSL/22-23/437,New,0
2014,VH-04-101-1,4,101,2005,RetailInvoice,2022-12-27 00:00:00,,2022-12-27 00:00:00,Retail Sale Voucher No.RSL/22-23/438,New,0
2015,VH-04-101-2,4,101,2006,RetailInvoice,2022-12-27 00:00:00,,2022-12-27 00:00:00,Retail Sale Voucher No.RSL/22-23/439,New,0
2016,VH-04-101-3,4,101,2007,RetailInvoice,2022-12-27 00:00:00,,2022-12-27 00:00:00,Retail Sale Voucher No.RSL/22-23/440,New,0
2017,VH-04-101-1,4,101,2008,RetailInvoice,2022-12-28 00:00:00,,2022-12-28 00:00:00,Retail Sale Voucher No.RSL/22-23/441,New,0
2018,VH-04-101-2,4,101,2009,RetailInvoice,2022-12-28 00:00:00,,2022-12-28 00:00:00,Retail Sale Voucher No.RSL/22-23/442,New,0
2019,VH-04-101-1,4,101,2010,RetailInvoice,2022-12-29 00:00:00,,2022-12-29 00:00:00,Retail Sale Voucher No.RSL/22-23/443,Modified,0
2020,VH-04-101-2,4,101,2011,RetailInvoice,2022-12-29 00:00:00,,2022-12-29 00:00:00,Retail Sale Voucher No.RSL/22-23/444,New,0
2021,VH-04-101-3,4,101,2012,RetailInvoice,2022-12-29 00:00:00,,2022-12-29 00:00:00,Retail Sale Voucher No.RSL/22-23/445,New,0
2022,VH-04-101-4,4,101,2013,RetailInvoice,2022-12-29 00:00:00,,2022-12-29 00:00:00,Retail Sale Voucher No.RSL/22-23/446,New,0
2023,VH-04-101-5,4,101,2014,RetailInvoice,2022-12-29 00:00:00,,2022-12-29 00:00:00,Retail Sale Voucher No.RSL/22-23/447,New,0
2024,VH-04-101-1,4,101,2015,RetailInvoice,2022-12-30 00:00:00,,2022-12-31 00:00:00,Retail Sale Voucher No.RSL/22-23/448,New,0
2025,VH-04-101-2,4,101,2016,RetailInvoice,2022-12-30 00:00:00,,2022-12-31 00:00:00,Retail Sale Voucher No.RSL/22-23/449,New,0
2026,VH-04-101-1,4,101,2017,RetailInvoice,2022-12-31 00:00:00,,2022-12-31 00:00:00,Retail Sale Voucher No.RSL/22-23/450,New,0
2027,VH-04-101-2,4,101,2018,RetailInvoice,2022-12-31 00:00:00,,2022-12-31 00:00:00,Retail Sale Voucher No.RSL/22-23/451,New,0
2028,VH-04-101-1,4,101,2019,RetailInvoice,2023-01-02 00:00:00,,2023-01-02 00:00:00,Retail Sale Voucher No.RSL/22-23/452,New,0
2029,VH-04-101-2,4,101,2020,RetailInvoice,2023-01-02 00:00:00,,2023-01-02 00:00:00,Retail Sale Voucher No.RSL/22-23/453,New,0
2030,VH-04-101-3,4,101,2021,RetailInvoice,2023-01-02 00:00:00,,2023-01-03 00:00:00,Retail Sale Voucher No.RSL/22-23/454,Modified,0
2031,VH-04-101-1,4,101,2022,RetailInvoice,2023-01-04 00:00:00,,2023-01-04 00:00:00,Retail Sale Voucher No.RSL/22-23/455,New,0
2032,VH-04-101-2,4,101,2023,RetailInvoice,2023-01-04 00:00:00,,2023-01-04 00:00:00,Retail Sale Voucher No.RSL/22-23/456,New,0
2033,VH-04-101-1,4,101,2024,RetailInvoice,2023-01-05 00:00:00,,2023-01-05 00:00:00,Retail Sale Voucher No.RSL/22-23/457,New,0
2034,VH-04-101-1,4,101,2025,RetailInvoice,2023-01-06 00:00:00,,2023-01-06 00:00:00,Retail Sale Voucher No.RSL/22-23/458,New,0
2035,VH-04-101-2,4,101,2026,RetailInvoice,2023-01-06 00:00:00,,2023-01-06 00:00:00,Retail Sale Voucher No.RSL/22-23/459,New,0
2036,VH-04-101-1,4,101,2027,RetailInvoice,2023-01-07 00:00:00,,2023-01-07 00:00:00,Retail Sale Voucher No.RSL/22-23/460,New,0
2037,VH-04-101-2,4,101,2028,RetailInvoice,2023-01-07 00:00:00,,2023-01-07 00:00:00,Retail Sale Voucher No.RSL/22-23/461,New,0
2038,VH-04-101-3,4,101,2029,RetailInvoice,2023-01-07 00:00:00,,2023-01-07 00:00:00,Retail Sale Voucher No.RSL/22-23/462,New,0
2039,VH-04-101-4,4,101,2030,RetailInvoice,2023-01-07 00:00:00,,2023-01-07 00:00:00,Retail Sale Voucher No.RSL/22-23/463,New,0
2040,VH-04-101-5,4,101,2031,RetailInvoice,2023-01-07 00:00:00,,2023-01-08 00:00:00,Retail Sale Voucher No.RSL/22-23/464,New,0
2041,VH-04-101-1,4,101,2032,RetailInvoice,2023-01-11 00:00:00,,2023-01-11 00:00:00,Retail Sale Voucher No.RSL/22-23/465,New,0
2042,VH-04-101-1,4,101,2033,RetailInvoice,2023-01-12 00:00:00,,2023-01-12 00:00:00,Retail Sale Voucher No.RSL/22-23/466,New,0
2043,VH-04-101-2,4,101,2034,RetailInvoice,2023-01-12 00:00:00,,2023-01-12 00:00:00,Retail Sale Voucher No.RSL/22-23/467,New,0
2044,VH-04-101-1,4,101,2035,RetailInvoice,2023-01-13 00:00:00,,2023-01-13 00:00:00,Retail Sale Voucher No.RSL/22-23/468,Modified,0
2045,VH-04-101-2,4,101,2036,RetailInvoice,2023-01-13 00:00:00,,2023-01-13 00:00:00,Retail Sale Voucher No.RSL/22-23/469,Modified,0
2046,VH-04-101-3,4,101,2037,RetailInvoice,2023-01-13 00:00:00,,2023-01-13 00:00:00,Retail Sale Voucher No.RSL/22-23/470,New,0
2047,VH-04-101-4,4,101,2038,RetailInvoice,2023-01-13 00:00:00,,2023-01-13 00:00:00,Retail Sale Voucher No.RSL/22-23/471,New,0
2048,VH-04-101-5,4,101,2039,RetailInvoice,2023-01-13 00:00:00,,2023-01-13 00:00:00,Retail Sale Voucher No.RSL/22-23/472,New,0
2049,VH-04-101-1,4,101,2040,RetailInvoice,2023-01-14 00:00:00,,2023-01-14 00:00:00,Retail Sale Voucher No.RSL/22-23/473,New,0
2050,VH-04-101-2,4,101,2041,RetailInvoice,2023-01-14 00:00:00,,2023-01-14 00:00:00,Retail Sale Voucher No.RSL/22-23/474,New,0
2051,VH-04-101-1,4,101,2042,RetailInvoice,2023-01-15 00:00:00,,2023-01-15 00:00:00,Retail Sale Voucher No.RSL/22-23/475,New,0
2052,VH-04-101-1,4,101,2043,RetailInvoice,2023-01-16 00:00:00,,2023-01-16 00:00:00,Retail Sale Voucher No.RSL/22-23/476,New,0
2053,VH-04-101-2,4,101,2044,RetailInvoice,2023-01-16 00:00:00,,2023-01-16 00:00:00,Retail Sale Voucher No.RSL/22-23/477,New,0
2054,VH-04-101-3,4,101,2045,RetailInvoice,2023-01-16 00:00:00,,2023-01-16 00:00:00,Retail Sale Voucher No.RSL/22-23/478,New,0
2055,VH-04-101-1,4,101,2046,RetailInvoice,2023-01-18 00:00:00,,2023-01-18 00:00:00,Retail Sale Voucher No.RSL/22-23/479,New,0
2056,VH-04-101-2,4,101,2047,RetailInvoice,2023-01-18 00:00:00,,2023-01-18 00:00:00,Retail Sale Voucher No.RSL/22-23/480,New,0
2057,VH-04-101-3,4,101,2048,RetailInvoice,2023-01-18 00:00:00,,2023-01-18 00:00:00,Retail Sale Voucher No.RSL/22-23/481,New,0
2058,VH-04-101-4,4,101,8,OldMetalPurchase,2023-01-18 00:00:00,,2023-01-18 00:00:00,Old Purchase Voucher No - OLP/22-23/1,New,0
2059,VH-04-101-5,4,101,2049,RetailInvoice,2023-01-18 00:00:00,,2023-01-18 00:00:00,Retail Sale Voucher No.RSL/22-23/482,New,0
2060,VH-04-101-6,4,101,2050,RetailInvoice,2023-01-18 00:00:00,,2023-01-18 00:00:00,Retail Sale Voucher No.RSL/22-23/483,New,0
2061,VH-04-101-1,4,101,2051,RetailInvoice,2023-01-20 00:00:00,,2023-01-20 00:00:00,Retail Sale Voucher No.RSL/22-23/484,New,0
2062,VH-04-101-2,4,101,2052,RetailInvoice,2023-01-20 00:00:00,,2023-01-20 00:00:00,Retail Sale Voucher No.RSL/22-23/485,New,0
2063,VH-04-101-3,4,101,2053,RetailInvoice,2023-01-20 00:00:00,,2023-01-20 00:00:00,Retail Sale Voucher No.RSL/22-23/486,New,0
2064,VH-04-101-1,4,101,2054,RetailInvoice,2023-01-21 00:00:00,,2023-01-21 00:00:00,Retail Sale Voucher No.RSL/22-23/487,New,0
2065,VH-04-101-1,4,101,2055,RetailInvoice,2023-01-22 00:00:00,,2023-01-22 00:00:00,Retail Sale Voucher No.RSL/22-23/488,New,0
2066,VH-04-101-2,4,101,2056,RetailInvoice,2023-01-22 00:00:00,,2023-01-23 00:00:00,Retail Sale Voucher No.RSL/22-23/489,New,0
2067,VH-04-101-1,4,101,2057,RetailInvoice,2023-01-23 00:00:00,,2023-01-23 00:00:00,Retail Sale Voucher No.RSL/22-23/490,New,0
2068,VH-04-101-1,4,101,2058,RetailInvoice,2023-01-24 00:00:00,,2023-01-24 00:00:00,Retail Sale Voucher No.RSL/22-23/491,New,0
2069,VH-04-101-2,4,101,2059,RetailInvoice,2023-01-24 00:00:00,,2023-01-24 00:00:00,Retail Sale Voucher No.RSL/22-23/492,New,0
2070,VH-04-101-3,4,101,2060,RetailInvoice,2023-01-24 00:00:00,,2023-01-24 00:00:00,Retail Sale Voucher No.RSL/22-23/493,New,0
2071,VH-04-101-1,4,101,2061,RetailInvoice,2023-01-25 00:00:00,,2023-01-25 00:00:00,Retail Sale Voucher No.RSL/22-23/494,New,0
2072,VH-04-101-2,4,101,2062,RetailInvoice,2023-01-25 00:00:00,,2023-01-25 00:00:00,Retail Sale Voucher No.RSL/22-23/495,New,0
2073,VH-04-101-3,4,101,2063,RetailInvoice,2023-01-25 00:00:00,,2023-01-25 00:00:00,Retail Sale Voucher No.RSL/22-23/496,New,0
2074,VH-04-101-4,4,101,2064,RetailInvoice,2023-01-25 00:00:00,,2023-01-25 00:00:00,Retail Sale Voucher No.RSL/22-23/497,New,0
2075,VH-04-101-5,4,101,2065,RetailInvoice,2023-01-25 00:00:00,,2023-01-25 00:00:00,Retail Sale Voucher No.RSL/22-23/498,New,0
2076,VH-04-101-6,4,101,2066,RetailInvoice,2023-01-25 00:00:00,,2023-01-25 00:00:00,Retail Sale Voucher No.RSL/22-23/499,New,0
2077,VH-04-101-1,4,101,2067,RetailInvoice,2023-01-26 00:00:00,,2023-01-26 00:00:00,Retail Sale Voucher No.RSL/22-23/500,New,0
2078,VH-04-101-2,4,101,2068,RetailInvoice,2023-01-26 00:00:00,,2023-01-26 00:00:00,Retail Sale Voucher No.RSL/22-23/501,New,0
2079,VH-04-101-1,4,101,2069,RetailInvoice,2023-01-27 00:00:00,,2023-01-27 00:00:00,Retail Sale Voucher No.RSL/22-23/502,New,0
2080,VH-04-101-2,4,101,2070,RetailInvoice,2023-01-27 00:00:00,,2023-01-27 00:00:00,Retail Sale Voucher No.RSL/22-23/503,New,0
2081,VH-04-101-1,4,101,2071,RetailInvoice,2023-01-28 00:00:00,,2023-01-29 00:00:00,Retail Sale Voucher No.RSL/22-23/504,New,0
2082,VH-04-101-2,4,101,2072,RetailInvoice,2023-01-28 00:00:00,,2023-01-29 00:00:00,Retail Sale Voucher No.RSL/22-23/505,New,0
2083,VH-04-101-1,4,101,2073,RetailInvoice,2023-01-29 00:00:00,,2023-01-29 00:00:00,Retail Sale Voucher No.RSL/22-23/506,New,0
2084,VH-04-101-2,4,101,2074,RetailInvoice,2023-01-29 00:00:00,,2023-01-29 00:00:00,Retail Sale Voucher No.RSL/22-23/507,New,0
2085,VH-04-101-3,4,101,2075,RetailInvoice,2023-01-29 00:00:00,,2023-01-29 00:00:00,Retail Sale Voucher No.RSL/22-23/508,New,0
2086,VH-04-101-4,4,101,2076,RetailInvoice,2023-01-29 00:00:00,,2023-02-01 00:00:00,Retail Sale Voucher No.RSL/22-23/509,New,0
2087,VH-04-101-1,4,101,2077,RetailInvoice,2023-01-30 00:00:00,,2023-02-21 00:00:00,Retail Sale Voucher No.RSL/22-23/510,Modified,0
2088,VH-04-101-1,4,101,2078,RetailInvoice,2023-01-31 00:00:00,,2023-02-01 00:00:00,Retail Sale Voucher No.RSL/22-23/511,New,0
2089,VH-04-101-2,4,101,2079,RetailInvoice,2023-01-31 00:00:00,,2023-02-01 00:00:00,Retail Sale Voucher No.RSL/22-23/512,New,0
2090,VH-04-101-1,4,101,9,OldMetalPurchase,2023-02-01 00:00:00,,2023-02-01 00:00:00,Old Purchase Voucher No - OLP/22-23/2,New,0
2091,VH-04-101-1,4,101,2080,RetailInvoice,2023-02-02 00:00:00,,2023-02-02 00:00:00,Retail Sale Voucher No.RSL/22-23/513,New,0
2092,VH-04-101-1,4,101,2081,RetailInvoice,2023-02-03 00:00:00,,2023-02-03 00:00:00,Retail Sale Voucher No.RSL/22-23/514,New,0
2093,VH-04-101-1,4,101,2082,RetailInvoice,2023-02-04 00:00:00,,2023-02-04 00:00:00,Retail Sale Voucher No.RSL/22-23/515,New,0
2094,VH-04-101-2,4,101,10,OldMetalPurchase,2023-02-04 00:00:00,,2023-02-04 00:00:00,Old Purchase Voucher No - OLP/22-23/3,New,0
2095,VH-04-101-3,4,101,2083,RetailInvoice,2023-02-04 00:00:00,,2023-02-04 00:00:00,Retail Sale Voucher No.RSL/22-23/516,New,0
2096,VH-04-101-4,4,101,2084,RetailInvoice,2023-02-04 00:00:00,,2023-02-04 00:00:00,Retail Sale Voucher No.RSL/22-23/517,New,0
2097,VH-04-101-1,4,101,11,OldMetalPurchase,2023-02-06 00:00:00,,2023-02-06 00:00:00,Old Purchase Voucher No - OLP/22-23/4,New,0
2098,VH-04-101-1,4,101,2085,RetailInvoice,2023-02-05 00:00:00,,2023-02-06 00:00:00,Retail Sale Voucher No.RSL/22-23/518,New,0
2099,VH-04-101-2,4,101,12,OldMetalPurchase,2023-02-06 00:00:00,,2023-02-06 00:00:00,Old Purchase Voucher No - OLP/22-23/5,New,0
2100,VH-04-101-3,4,101,2086,RetailInvoice,2023-02-06 00:00:00,,2023-02-06 00:00:00,Retail Sale Voucher No.RSL/22-23/519,New,0
2101,VH-04-101-1,4,101,13,OldMetalPurchase,2023-02-07 00:00:00,,2023-02-07 00:00:00,Old Purchase Voucher No - OLP/22-23/6,New,0
2102,VH-04-101-2,4,101,2087,RetailInvoice,2023-02-07 00:00:00,,2023-02-07 00:00:00,Retail Sale Voucher No.RSL/22-23/520,New,0
2103,VH-04-101-1,4,101,2088,RetailInvoice,2023-02-09 00:00:00,,2023-02-16 00:00:00,Retail Sale Voucher No.RSL/22-23/521,Modified,0
2104,VH-04-101-2,4,101,2089,RetailInvoice,2023-02-09 00:00:00,,2023-02-10 00:00:00,Retail Sale Voucher No.RSL/22-23/522,New,0
2105,VH-04-101-1,4,101,14,OldMetalPurchase,2023-02-10 00:00:00,,2023-02-10 00:00:00,Old Purchase Voucher No - OLP/22-23/7,New,0
2106,VH-04-101-3,4,101,2090,RetailInvoice,2023-02-09 00:00:00,,2023-02-10 00:00:00,Retail Sale Voucher No.RSL/22-23/523,New,0
2107,VH-04-101-2,4,101,15,OldMetalPurchase,2023-02-10 00:00:00,,2023-02-10 00:00:00,Old Purchase Voucher No - OLP/22-23/8,New,0
2108,VH-04-101-4,4,101,2091,RetailInvoice,2023-02-09 00:00:00,,2023-02-11 00:00:00,Retail Sale Voucher No.RSL/22-23/524,Modified,0
2109,VH-04-101-3,4,101,2092,RetailInvoice,2023-02-10 00:00:00,,2023-02-10 00:00:00,Retail Sale Voucher No.RSL/22-23/525,New,0
2110,VH-04-101-1,4,101,2093,RetailInvoice,2023-02-11 00:00:00,,2023-02-11 00:00:00,Retail Sale Voucher No.RSL/22-23/526,New,0
2111,VH-04-101-1,4,101,2094,RetailInvoice,2023-02-12 00:00:00,,2023-02-12 00:00:00,Retail Sale Voucher No.RSL/22-23/527,Modified,0
2112,VH-04-101-2,4,101,2095,RetailInvoice,2023-02-12 00:00:00,,2023-02-12 00:00:00,Retail Sale Voucher No.RSL/22-23/528,New,0
2113,VH-04-101-3,4,101,2096,RetailInvoice,2023-02-12 00:00:00,,2023-02-12 00:00:00,Retail Sale Voucher No.RSL/22-23/529,Modified,0
2114,VH-04-101-1,4,101,2097,RetailInvoice,2023-02-13 00:00:00,,2023-02-13 00:00:00,Retail Sale Voucher No.RSL/22-23/530,New,0
2115,VH-04-101-1,4,101,2098,RetailInvoice,2023-02-14 00:00:00,,2023-02-14 00:00:00,Retail Sale Voucher No.RSL/22-23/531,New,0
2116,VH-04-101-2,4,101,2099,RetailInvoice,2023-02-14 00:00:00,,2023-02-14 00:00:00,Retail Sale Voucher No.RSL/22-23/532,New,0
2117,VH-04-101-3,4,101,2100,RetailInvoice,2023-02-14 00:00:00,,2023-02-15 00:00:00,Retail Sale Voucher No.RSL/22-23/533,New,0
2118,VH-04-101-1,4,101,2101,RetailInvoice,2023-02-15 00:00:00,,2023-02-15 00:00:00,Retail Sale Voucher No.RSL/22-23/534,Modified,0
2119,VH-04-101-2,4,101,2102,RetailInvoice,2023-02-15 00:00:00,,2023-02-15 00:00:00,Retail Sale Voucher No.RSL/22-23/535,New,0
2120,VH-04-101-3,4,101,2103,RetailInvoice,2023-02-15 00:00:00,,2023-02-15 00:00:00,Retail Sale Voucher No.RSL/22-23/536,New,0
2121,VH-04-101-4,4,101,2104,RetailInvoice,2023-02-15 00:00:00,,2023-02-15 00:00:00,Retail Sale Voucher No.RSL/22-23/537,New,0
2122,VH-04-101-1,4,101,16,OldMetalPurchase,2023-02-16 00:00:00,,2023-02-16 00:00:00,Old Purchase Voucher No - OLP/22-23/9,New,0
2123,VH-04-101-2,4,101,2105,RetailInvoice,2023-02-16 00:00:00,,2023-02-16 00:00:00,Retail Sale Voucher No.RSL/22-23/538,New,0
2124,VH-04-101-3,4,101,2106,RetailInvoice,2023-02-16 00:00:00,,2023-02-16 00:00:00,Retail Sale Voucher No.RSL/22-23/539,New,0
2125,VH-04-101-4,4,101,2107,RetailInvoice,2023-02-16 00:00:00,,2023-02-16 00:00:00,Retail Sale Voucher No.RSL/22-23/540,New,0
2126,VH-04-101-5,4,101,2108,RetailInvoice,2023-02-16 00:00:00,,2023-02-16 00:00:00,Retail Sale Voucher No.RSL/22-23/541,New,0
2127,VH-04-101-1,4,101,17,OldMetalPurchase,2023-02-21 00:00:00,,2023-02-21 00:00:00,Old Purchase Voucher No - OLP/22-23/10,New,0
2128,VH-04-101-2,4,101,2109,RetailInvoice,2023-02-21 00:00:00,,2023-02-21 00:00:00,Retail Sale Voucher No.RSL/22-23/542,New,0
2129,VH-04-101-3,4,101,2110,RetailInvoice,2023-02-21 00:00:00,,2023-02-21 00:00:00,Retail Sale Voucher No.RSL/22-23/543,New,0
2130,VH-04-101-4,4,101,2111,RetailInvoice,2023-02-21 00:00:00,,2023-02-21 00:00:00,Retail Sale Voucher No.RSL/22-23/544,New,0
2131,VH-04-101-1,4,101,2112,RetailInvoice,2023-02-22 00:00:00,,2023-02-22 00:00:00,Retail Sale Voucher No.RSL/22-23/545,New,0
2132,VH-04-101-1,4,101,2113,RetailInvoice,2023-02-23 00:00:00,,2023-02-23 00:00:00,Retail Sale Voucher No.RSL/22-23/546,New,0
2133,VH-04-101-2,4,101,2114,RetailInvoice,2023-02-23 00:00:00,,2023-02-25 00:00:00,Retail Sale Voucher No.RSL/22-23/547,New,0
2134,VH-04-101-1,4,101,2115,RetailInvoice,2023-02-25 00:00:00,,2023-03-02 00:00:00,Retail Sale Voucher No.RSL/22-23/548,Modified,0
2135,VH-04-101-1,4,101,2116,RetailInvoice,2023-02-26 00:00:00,,2023-02-26 00:00:00,Retail Sale Voucher No.RSL/22-23/549,New,0
2136,VH-04-101-1,4,101,2117,RetailInvoice,2023-02-27 00:00:00,,2023-02-27 00:00:00,Retail Sale Voucher No.RSL/22-23/550,New,0
2137,VH-04-101-2,4,101,2118,RetailInvoice,2023-02-27 00:00:00,,2023-02-27 00:00:00,Retail Sale Voucher No.RSL/22-23/551,New,0
2138,VH-04-101-1,4,101,18,OldMetalPurchase,2023-02-28 00:00:00,,2023-02-28 00:00:00,Old Purchase Voucher No - OLP/22-23/11,New,0
2139,VH-04-101-2,4,101,2119,RetailInvoice,2023-02-28 00:00:00,,2023-02-28 00:00:00,Retail Sale Voucher No.RSL/22-23/552,New,0
2140,VH-04-101-3,4,101,19,OldMetalPurchase,2023-02-28 00:00:00,,2023-02-28 00:00:00,Old Purchase Voucher No - OLP/22-23/12,New,0
2141,VH-04-101-4,4,101,2120,RetailInvoice,2023-02-28 00:00:00,,2023-02-28 00:00:00,Retail Sale Voucher No.RSL/22-23/553,New,0
2142,VH-04-101-5,4,101,20,OldMetalPurchase,2023-02-28 00:00:00,,2023-02-28 00:00:00,Old Purchase Voucher No - OLP/22-23/13,New,0
2143,VH-04-101-6,4,101,2121,RetailInvoice,2023-02-28 00:00:00,,2023-02-28 00:00:00,Retail Sale Voucher No.RSL/22-23/554,New,0
2144,VH-04-101-1,4,101,2122,RetailInvoice,2023-03-01 00:00:00,,2023-03-02 00:00:00,Retail Sale Voucher No.RSL/22-23/555,New,0
2145,VH-04-101-2,4,101,2123,RetailInvoice,2023-03-01 00:00:00,,2023-03-02 00:00:00,Retail Sale Voucher No.RSL/22-23/556,New,0
2146,VH-04-101-1,4,101,2124,RetailInvoice,2023-03-02 00:00:00,,2023-03-02 00:00:00,Retail Sale Voucher No.RSL/22-23/557,New,0
2147,VH-04-101-1,4,101,2125,RetailInvoice,2023-03-03 00:00:00,,2023-03-03 00:00:00,Retail Sale Voucher No.RSL/22-23/558,New,0
2148,VH-04-101-2,4,101,21,OldMetalPurchase,2023-03-03 00:00:00,,2023-03-03 00:00:00,Old Purchase Voucher No - OLP/22-23/14,New,0
2149,VH-04-101-3,4,101,2126,RetailInvoice,2023-03-03 00:00:00,,2023-03-03 00:00:00,Retail Sale Voucher No.RSL/22-23/559,New,0
2150,VH-04-101-1,4,101,2127,RetailInvoice,2023-03-05 00:00:00,,2023-03-05 00:00:00,Retail Sale Voucher No.RSL/22-23/560,New,0
2151,VH-04-101-1,4,101,2128,RetailInvoice,2023-03-06 00:00:00,,2023-03-06 00:00:00,Retail Sale Voucher No.RSL/22-23/561,New,0
2152,VH-04-101-1,4,101,2129,RetailInvoice,2023-03-11 00:00:00,,2023-03-11 00:00:00,Retail Sale Voucher No.RSL/22-23/562,New,0
2153,VH-04-101-2,4,101,2130,RetailInvoice,2023-03-11 00:00:00,,2023-03-11 00:00:00,Retail Sale Voucher No.RSL/22-23/563,New,0
2154,VH-04-101-3,4,101,2131,RetailInvoice,2023-03-11 00:00:00,,2023-03-12 00:00:00,Retail Sale Voucher No.RSL/22-23/564,New,0
2155,VH-04-101-1,4,101,2132,RetailInvoice,2023-03-13 00:00:00,,2023-03-13 00:00:00,Retail Sale Voucher No.RSL/22-23/565,New,0
2156,VH-04-101-1,4,101,2133,RetailInvoice,2023-03-15 00:00:00,,2023-03-15 00:00:00,Retail Sale Voucher No.RSL/22-23/566,New,0
2157,VH-04-101-2,4,101,2134,RetailInvoice,2023-03-15 00:00:00,,2023-03-15 00:00:00,Retail Sale Voucher No.RSL/22-23/567,New,0
2158,VH-04-101-1,4,101,2135,RetailInvoice,2023-03-16 00:00:00,,2023-03-16 00:00:00,Retail Sale Voucher No.RSL/22-23/568,New,0
2159,VH-04-101-2,4,101,22,OldMetalPurchase,2023-03-16 00:00:00,,2023-03-16 00:00:00,Old Purchase Voucher No - OLP/22-23/15,New,0
2160,VH-04-101-3,4,101,2136,RetailInvoice,2023-03-16 00:00:00,,2023-03-16 00:00:00,Retail Sale Voucher No.RSL/22-23/569,New,0
2161,VH-04-101-4,4,101,2137,RetailInvoice,2023-03-16 00:00:00,,2023-03-17 00:00:00,Retail Sale Voucher No.RSL/22-23/570,New,0
2162,VH-04-101-1,4,101,2138,RetailInvoice,2023-03-17 00:00:00,,2023-03-17 00:00:00,Retail Sale Voucher No.RSL/22-23/571,New,0
2163,VH-04-101-2,4,101,2139,RetailInvoice,2023-03-17 00:00:00,,2023-03-17 00:00:00,Retail Sale Voucher No.RSL/22-23/572,New,0
2164,VH-04-101-1,4,101,2140,RetailInvoice,2023-03-18 00:00:00,,2023-03-18 00:00:00,Retail Sale Voucher No.RSL/22-23/573,New,0
2165,VH-04-101-2,4,101,2141,RetailInvoice,2023-03-18 00:00:00,,2023-03-18 00:00:00,Retail Sale Voucher No.RSL/22-23/574,New,0
2166,VH-04-101-3,4,101,2142,RetailInvoice,2023-03-18 00:00:00,,2023-03-18 00:00:00,Retail Sale Voucher No.RSL/22-23/575,New,0
2167,VH-04-101-4,4,101,23,OldMetalPurchase,2023-03-18 00:00:00,,2023-03-18 00:00:00,Old Purchase Voucher No - OLP/22-23/16,New,0
2168,VH-04-101-5,4,101,2143,RetailInvoice,2023-03-18 00:00:00,,2023-03-18 00:00:00,Retail Sale Voucher No.RSL/22-23/576,New,0
2169,VH-04-101-1,4,101,2144,RetailInvoice,2023-03-19 00:00:00,,2023-03-21 00:00:00,Retail Sale Voucher No.RSL/22-23/577,New,0
2170,VH-04-101-2,4,101,2145,RetailInvoice,2023-03-19 00:00:00,,2023-03-21 00:00:00,Retail Sale Voucher No.RSL/22-23/578,New,0
2171,VH-04-101-1,4,101,2146,RetailInvoice,2023-03-21 00:00:00,,2023-03-21 00:00:00,Retail Sale Voucher No.RSL/22-23/579,New,0
2172,VH-04-101-2,4,101,2147,RetailInvoice,2023-03-21 00:00:00,,2023-03-21 00:00:00,Retail Sale Voucher No.RSL/22-23/580,New,0
2173,VH-04-101-3,4,101,24,OldMetalPurchase,2023-03-21 00:00:00,,2023-03-21 00:00:00,Old Purchase Voucher No - OLP/22-23/17,New,0
2174,VH-04-101-4,4,101,25,OldMetalPurchase,2023-03-21 00:00:00,,2023-03-21 00:00:00,Old Purchase Voucher No - OLP/22-23/18,New,0
2175,VH-04-101-5,4,101,2148,RetailInvoice,2023-03-21 00:00:00,,2023-03-21 00:00:00,Retail Sale Voucher No.RSL/22-23/581,New,0
2176,VH-04-101-1,4,101,2149,RetailInvoice,2023-03-22 00:00:00,,2023-03-22 00:00:00,Retail Sale Voucher No.RSL/22-23/582,New,0
2177,VH-04-101-2,4,101,2150,RetailInvoice,2023-03-22 00:00:00,,2023-03-22 00:00:00,Retail Sale Voucher No.RSL/22-23/583,New,0
2178,VH-04-101-3,4,101,2151,RetailInvoice,2023-03-22 00:00:00,,2023-03-22 00:00:00,Retail Sale Voucher No.RSL/22-23/584,New,0
2179,VH-04-101-4,4,101,2152,RetailInvoice,2023-03-22 00:00:00,,2023-03-26 00:00:00,Retail Sale Voucher No.RSL/22-23/585,New,0
2180,VH-04-101-1,4,101,2153,RetailInvoice,2023-03-23 00:00:00,,2023-03-26 00:00:00,Retail Sale Voucher No.RSL/22-23/586,New,0
2181,VH-04-101-2,4,101,2154,RetailInvoice,2023-03-23 00:00:00,,2023-03-26 00:00:00,Retail Sale Voucher No.RSL/22-23/587,New,0
2182,VH-04-101-1,4,101,2155,RetailInvoice,2023-03-24 00:00:00,,2023-03-26 00:00:00,Retail Sale Voucher No.RSL/22-23/588,New,0
2183,VH-04-101-1,4,101,2156,RetailInvoice,2023-03-25 00:00:00,,2023-03-26 00:00:00,Retail Sale Voucher No.RSL/22-23/589,New,0
2184,VH-04-101-1,4,101,26,OldMetalPurchase,2023-03-26 00:00:00,,2023-03-26 00:00:00,Old Purchase Voucher No - OLP/22-23/19,New,0
2185,VH-04-101-2,4,101,2157,RetailInvoice,2023-03-25 00:00:00,,2023-03-26 00:00:00,Retail Sale Voucher No.RSL/22-23/590,New,0
2186,VH-04-101-2,4,101,2158,RetailInvoice,2023-03-26 00:00:00,,2023-03-26 00:00:00,Retail Sale Voucher No.RSL/22-23/591,New,0
2187,VH-04-101-1,4,101,2159,RetailInvoice,2023-03-28 00:00:00,,2023-03-28 00:00:00,Retail Sale Voucher No.RSL/22-23/592,New,0
2188,VH-04-101-1,4,101,27,OldMetalPurchase,2023-03-29 00:00:00,,2023-03-29 00:00:00,Old Purchase Voucher No - OLP/22-23/20,New,0
2189,VH-04-101-2,4,101,2160,RetailInvoice,2023-03-29 00:00:00,,2023-03-29 00:00:00,Retail Sale Voucher No.RSL/22-23/593,New,0
2190,VH-04-101-1,4,101,2161,RetailInvoice,2023-03-31 00:00:00,,2023-03-31 00:00:00,Retail Sale Voucher No.RSL/22-23/594,New,0
2191,VH-05-101-1,5,101,2162,RetailInvoice,2023-04-01 00:00:00,,2023-04-01 00:00:00,Retail Sale Voucher No.RSL/23-24/1,New,0
2192,VH-05-101-2,5,101,2163,RetailInvoice,2023-04-01 00:00:00,,2023-04-01 00:00:00,Retail Sale Voucher No.RSL/23-24/2,New,0
2193,VH-05-101-1,5,101,2164,RetailInvoice,2023-04-04 00:00:00,,2023-04-04 00:00:00,Retail Sale Voucher No.RSL/23-24/3,New,0
2194,VH-05-101-1,5,101,28,OldMetalPurchase,2023-04-06 00:00:00,,2023-04-06 00:00:00,Old Purchase Voucher No - OLP/23-24/1,New,0
2195,VH-05-101-2,5,101,2165,RetailInvoice,2023-04-06 00:00:00,,2023-04-06 00:00:00,Retail Sale Voucher No.RSL/23-24/4,New,0
2196,VH-05-101-1,5,101,2166,RetailInvoice,2023-04-08 00:00:00,,2023-04-08 00:00:00,Retail Sale Voucher No.RSL/23-24/5,New,0
2197,VH-05-101-2,5,101,29,OldMetalPurchase,2023-04-08 00:00:00,,2023-04-08 00:00:00,Old Purchase Voucher No - OLP/23-24/2,New,0
2198,VH-05-101-3,5,101,2167,RetailInvoice,2023-04-08 00:00:00,,2023-04-08 00:00:00,Retail Sale Voucher No.RSL/23-24/6,New,0
2199,VH-05-101-1,5,101,30,OldMetalPurchase,2023-04-09 00:00:00,,2023-04-09 00:00:00,Old Purchase Voucher No - OLP/23-24/3,New,0
2200,VH-05-101-2,5,101,2168,RetailInvoice,2023-04-09 00:00:00,,2023-04-09 00:00:00,Retail Sale Voucher No.RSL/23-24/7,New,0
2201,VH-05-101-1,5,101,31,OldMetalPurchase,2023-04-10 00:00:00,,2023-04-10 00:00:00,Old Purchase Voucher No - OLP/23-24/4,New,0
2202,VH-05-101-2,5,101,2169,RetailInvoice,2023-04-10 00:00:00,,2023-04-10 00:00:00,Retail Sale Voucher No.RSL/23-24/8,New,0
2203,VH-05-101-3,5,101,2170,RetailInvoice,2023-04-10 00:00:00,,2023-04-10 00:00:00,Retail Sale Voucher No.RSL/23-24/9,New,0
2204,VH-05-101-1,5,101,2171,RetailInvoice,2023-04-11 00:00:00,,2023-04-11 00:00:00,Retail Sale Voucher No.RSL/23-24/10,New,0
2205,VH-05-101-2,5,101,2172,RetailInvoice,2023-04-11 00:00:00,,2023-04-11 00:00:00,Retail Sale Voucher No.RSL/23-24/11,New,0
2206,VH-05-101-1,5,101,2173,RetailInvoice,2023-04-12 00:00:00,,2023-04-12 00:00:00,Retail Sale Voucher No.RSL/23-24/12,New,0
2207,VH-05-101-1,5,101,2174,RetailInvoice,2023-04-13 00:00:00,,2023-04-13 00:00:00,Retail Sale Voucher No.RSL/23-24/13,New,0
2208,VH-05-101-1,5,101,32,OldMetalPurchase,2023-04-14 00:00:00,,2023-04-14 00:00:00,Old Purchase Voucher No - OLP/23-24/5,New,0
2209,VH-05-101-2,5,101,2175,RetailInvoice,2023-04-14 00:00:00,,2023-04-14 00:00:00,Retail Sale Voucher No.RSL/23-24/14,New,0
2210,VH-05-101-3,5,101,2176,RetailInvoice,2023-04-14 00:00:00,,2023-04-14 00:00:00,Retail Sale Voucher No.RSL/23-24/15,New,0
2211,VH-05-101-4,5,101,2177,RetailInvoice,2023-04-14 00:00:00,,2023-04-15 00:00:00,Retail Sale Voucher No.RSL/23-24/16,New,0
2212,VH-05-101-1,5,101,2178,RetailInvoice,2023-04-16 00:00:00,,2023-04-16 00:00:00,Retail Sale Voucher No.RSL/23-24/17,Modified,0
2213,VH-05-101-1,5,101,33,OldMetalPurchase,2023-04-19 00:00:00,,2023-04-19 00:00:00,Old Purchase Voucher No - OLP/23-24/6,New,0
2214,VH-05-101-1,5,101,2179,RetailInvoice,2023-04-17 00:00:00,,2023-04-19 00:00:00,Retail Sale Voucher No.RSL/23-24/18,New,0
2215,VH-05-101-1,5,101,2180,RetailInvoice,2023-04-18 00:00:00,,2023-04-19 00:00:00,Retail Sale Voucher No.RSL/23-24/19,Modified,0
2216,VH-05-101-2,5,101,2181,RetailInvoice,2023-04-18 00:00:00,,2023-04-19 00:00:00,Retail Sale Voucher No.RSL/23-24/20,New,0
2217,VH-05-101-2,5,101,2182,RetailInvoice,2023-04-19 00:00:00,,2023-04-19 00:00:00,Retail Sale Voucher No.RSL/23-24/21,New,0
2218,VH-05-101-1,5,101,2183,RetailInvoice,2023-04-20 00:00:00,,2023-04-20 00:00:00,Retail Sale Voucher No.RSL/23-24/22,New,0
2219,VH-05-101-2,5,101,2184,RetailInvoice,2023-04-20 00:00:00,,2023-04-20 00:00:00,Retail Sale Voucher No.RSL/23-24/23,New,0
2220,VH-05-101-1,5,101,2185,RetailInvoice,2023-04-21 00:00:00,,2023-04-21 00:00:00,Retail Sale Voucher No.RSL/23-24/24,New,0
2221,VH-05-101-2,5,101,2186,RetailInvoice,2023-04-21 00:00:00,,2023-04-21 00:00:00,Retail Sale Voucher No.RSL/23-24/25,New,0
2222,VH-05-101-3,5,101,2187,RetailInvoice,2023-04-21 00:00:00,,2023-04-21 00:00:00,Retail Sale Voucher No.RSL/23-24/26,New,0
2223,VH-05-101-4,5,101,2188,RetailInvoice,2023-04-21 00:00:00,,2023-04-21 00:00:00,Retail Sale Voucher No.RSL/23-24/27,New,0
2224,VH-05-101-1,5,101,34,OldMetalPurchase,2023-04-22 00:00:00,,2023-04-22 00:00:00,Old Purchase Voucher No - OLP/23-24/7,New,0
2225,VH-05-101-2,5,101,2189,RetailInvoice,2023-04-22 00:00:00,,2023-04-22 00:00:00,Retail Sale Voucher No.RSL/23-24/28,New,0
2226,VH-05-101-3,5,101,2190,RetailInvoice,2023-04-22 00:00:00,,2023-04-22 00:00:00,Retail Sale Voucher No.RSL/23-24/29,New,0
2227,VH-05-101-1,5,101,2191,RetailInvoice,2023-04-23 00:00:00,,2023-04-23 00:00:00,Retail Sale Voucher No.RSL/23-24/30,New,0
2228,VH-05-101-2,5,101,2192,RetailInvoice,2023-04-23 00:00:00,,2023-04-23 00:00:00,Retail Sale Voucher No.RSL/23-24/31,New,0
2229,VH-05-101-3,5,101,35,OldMetalPurchase,2023-04-23 00:00:00,,2023-04-23 00:00:00,Old Purchase Voucher No - OLP/23-24/8,New,0
2230,VH-05-101-4,5,101,2193,RetailInvoice,2023-04-23 00:00:00,,2023-04-23 00:00:00,Retail Sale Voucher No.RSL/23-24/32,New,0
2231,VH-05-101-5,5,101,2194,RetailInvoice,2023-04-23 00:00:00,,2023-04-23 00:00:00,Retail Sale Voucher No.RSL/23-24/33,New,0
2232,VH-05-101-6,5,101,36,OldMetalPurchase,2023-04-23 00:00:00,,2023-04-23 00:00:00,Old Purchase Voucher No - OLP/23-24/9,New,0
2233,VH-05-101-7,5,101,2195,RetailInvoice,2023-04-23 00:00:00,,2023-04-23 00:00:00,Retail Sale Voucher No.RSL/23-24/34,New,0
2234,VH-05-101-8,5,101,2196,RetailInvoice,2023-04-23 00:00:00,,2023-04-23 00:00:00,Retail Sale Voucher No.RSL/23-24/35,New,0
2235,VH-05-101-9,5,101,37,OldMetalPurchase,2023-04-23 00:00:00,,2023-04-23 00:00:00,Old Purchase Voucher No - OLP/23-24/10,New,0
2236,VH-05-101-10,5,101,2197,RetailInvoice,2023-04-23 00:00:00,,2023-04-23 00:00:00,Retail Sale Voucher No.RSL/23-24/36,New,0
2237,VH-05-101-11,5,101,2198,RetailInvoice,2023-04-23 00:00:00,,2023-04-23 00:00:00,Retail Sale Voucher No.RSL/23-24/37,New,0
2238,VH-05-101-12,5,101,38,OldMetalPurchase,2023-04-23 00:00:00,,2023-04-23 00:00:00,Old Purchase Voucher No - OLP/23-24/11,New,0
2239,VH-05-101-13,5,101,2199,RetailInvoice,2023-04-23 00:00:00,,2023-04-23 00:00:00,Retail Sale Voucher No.RSL/23-24/38,New,0
2240,VH-05-101-14,5,101,2200,RetailInvoice,2023-04-23 00:00:00,,2023-04-23 00:00:00,Retail Sale Voucher No.RSL/23-24/39,New,0
2241,VH-05-101-15,5,101,2201,RetailInvoice,2023-04-23 00:00:00,,2023-04-23 00:00:00,Retail Sale Voucher No.RSL/23-24/40,New,0
2242,VH-05-101-16,5,101,2202,RetailInvoice,2023-04-23 00:00:00,,2023-04-23 00:00:00,Retail Sale Voucher No.RSL/23-24/41,New,0
2243,VH-05-101-17,5,101,2203,RetailInvoice,2023-04-23 00:00:00,,2023-04-23 00:00:00,Retail Sale Voucher No.RSL/23-24/42,New,0
2244,VH-05-101-18,5,101,2204,RetailInvoice,2023-04-23 00:00:00,,2023-04-23 00:00:00,Retail Sale Voucher No.RSL/23-24/43,New,0
2245,VH-05-101-19,5,101,2205,RetailInvoice,2023-04-23 00:00:00,,2023-04-23 00:00:00,Retail Sale Voucher No.RSL/23-24/44,New,0
2246,VH-05-101-1,5,101,2206,RetailInvoice,2023-04-25 00:00:00,,2023-04-25 00:00:00,Retail Sale Voucher No.RSL/23-24/45,New,0
2247,VH-05-101-2,5,101,2207,RetailInvoice,2023-04-25 00:00:00,,2023-04-25 00:00:00,Retail Sale Voucher No.RSL/23-24/46,New,0
2248,VH-05-101-3,5,101,2208,RetailInvoice,2023-04-25 00:00:00,,2023-04-25 00:00:00,Retail Sale Voucher No.RSL/23-24/47,New,0
2249,VH-05-101-1,5,101,2209,RetailInvoice,2023-04-28 00:00:00,,2023-04-28 00:00:00,Retail Sale Voucher No.RSL/23-24/48,New,0
2250,VH-05-101-2,5,101,2210,RetailInvoice,2023-04-28 00:00:00,,2023-04-28 00:00:00,Retail Sale Voucher No.RSL/23-24/49,New,0
2251,VH-05-101-3,5,101,2211,RetailInvoice,2023-04-28 00:00:00,,2023-04-28 00:00:00,Retail Sale Voucher No.RSL/23-24/50,New,0
2252,VH-05-101-1,5,101,2212,RetailInvoice,2023-04-29 00:00:00,,2023-04-29 00:00:00,Retail Sale Voucher No.RSL/23-24/51,New,0
2253,VH-05-101-1,5,101,39,OldMetalPurchase,2023-04-30 00:00:00,,2023-04-30 00:00:00,Old Purchase Voucher No - OLP/23-24/12,New,0
2254,VH-05-101-2,5,101,2213,RetailInvoice,2023-04-30 00:00:00,,2023-04-30 00:00:00,Retail Sale Voucher No.RSL/23-24/52,New,0
2255,VH-05-101-3,5,101,2214,RetailInvoice,2023-04-30 00:00:00,,2023-05-01 00:00:00,Retail Sale Voucher No.RSL/23-24/53,New,0
2256,VH-05-101-1,5,101,2215,RetailInvoice,2023-05-03 00:00:00,,2023-05-03 00:00:00,Retail Sale Voucher No.RSL/23-24/54,New,0
2257,VH-05-101-1,5,101,2216,RetailInvoice,2023-05-05 00:00:00,,2023-05-05 00:00:00,Retail Sale Voucher No.RSL/23-24/55,New,0
2258,VH-05-101-2,5,101,2217,RetailInvoice,2023-05-05 00:00:00,,2023-05-07 00:00:00,Retail Sale Voucher No.RSL/23-24/56,New,0
2259,VH-05-101-1,5,101,2218,RetailInvoice,2023-05-06 00:00:00,,2023-05-07 00:00:00,Retail Sale Voucher No.RSL/23-24/57,New,0
2260,VH-05-101-1,5,101,2219,RetailInvoice,2023-05-07 00:00:00,,2023-05-07 00:00:00,Retail Sale Voucher No.RSL/23-24/58,New,0
2261,VH-05-101-1,5,101,2220,RetailInvoice,2023-05-08 00:00:00,,2023-05-09 00:00:00,Retail Sale Voucher No.RSL/23-24/59,New,0
2262,VH-05-101-1,5,101,40,OldMetalPurchase,2023-05-09 00:00:00,,2023-05-09 00:00:00,Old Purchase Voucher No - OLP/23-24/13,New,0
2263,VH-05-101-2,5,101,2221,RetailInvoice,2023-05-09 00:00:00,,2023-05-09 00:00:00,Retail Sale Voucher No.RSL/23-24/60,New,0
2264,VH-05-101-3,5,101,41,OldMetalPurchase,2023-05-09 00:00:00,,2023-05-09 00:00:00,Old Purchase Voucher No - OLP/23-24/14,New,0
2265,VH-05-101-4,5,101,2222,RetailInvoice,2023-05-09 00:00:00,,2023-05-09 00:00:00,Retail Sale Voucher No.RSL/23-24/61,New,0
2266,VH-05-101-5,5,101,2223,RetailInvoice,2023-05-09 00:00:00,,2023-05-09 00:00:00,Retail Sale Voucher No.RSL/23-24/62,New,0
2267,VH-05-101-1,5,101,42,OldMetalPurchase,2023-05-10 00:00:00,,2023-05-10 00:00:00,Old Purchase Voucher No - OLP/23-24/15,New,0
2268,VH-05-101-2,5,101,2224,RetailInvoice,2023-05-10 00:00:00,,2023-05-10 00:00:00,Retail Sale Voucher No.RSL/23-24/63,New,0
2269,VH-05-101-1,5,101,2225,RetailInvoice,2023-05-11 00:00:00,,2023-05-11 00:00:00,Retail Sale Voucher No.RSL/23-24/64,New,0
2270,VH-05-101-1,5,101,2226,RetailInvoice,2023-05-12 00:00:00,,2023-05-12 00:00:00,Retail Sale Voucher No.RSL/23-24/65,New,0
2271,VH-05-101-2,5,101,2227,RetailInvoice,2023-05-12 00:00:00,,2023-05-12 00:00:00,Retail Sale Voucher No.RSL/23-24/66,New,0
2272,VH-05-101-1,5,101,2228,RetailInvoice,2023-05-13 00:00:00,,2023-05-13 00:00:00,Retail Sale Voucher No.RSL/23-24/67,New,0
2273,VH-05-101-1,5,101,3,AdvanceReceive,2023-05-14 00:00:00,,2023-05-14 00:00:00,Advance Receive Voucher No - APR/23-24/1,New,0
2274,VH-05-101-2,5,101,2229,RetailInvoice,2023-05-14 00:00:00,,2023-05-14 00:00:00,Retail Sale Voucher No.RSL/23-24/68,New,0
2275,VH-05-101-3,5,101,2230,RetailInvoice,2023-05-14 00:00:00,,2023-05-14 00:00:00,Retail Sale Voucher No.RSL/23-24/69,New,0
2276,VH-05-101-1,5,101,2231,RetailInvoice,2023-05-16 00:00:00,,2023-05-16 00:00:00,Retail Sale Voucher No.RSL/23-24/70,New,0
2277,VH-05-101-2,5,101,2232,RetailInvoice,2023-05-16 00:00:00,,2023-05-16 00:00:00,Retail Sale Voucher No.RSL/23-24/71,New,0
2278,VH-05-101-3,5,101,2233,RetailInvoice,2023-05-16 00:00:00,,2023-05-16 00:00:00,Retail Sale Voucher No.RSL/23-24/72,New,0
2279,VH-05-101-1,5,101,2234,RetailInvoice,2023-05-17 00:00:00,,2023-05-17 00:00:00,Retail Sale Voucher No.RSL/23-24/73,New,0
2280,VH-05-101-2,5,101,2235,RetailInvoice,2023-05-17 00:00:00,,2023-05-17 00:00:00,Retail Sale Voucher No.RSL/23-24/74,New,0
2281,VH-05-101-1,5,101,2236,RetailInvoice,2023-05-19 00:00:00,,2023-05-20 00:00:00,Retail Sale Voucher No.RSL/23-24/75,New,0
2282,VH-05-101-1,5,101,2237,RetailInvoice,2023-05-20 00:00:00,,2023-05-20 00:00:00,Retail Sale Voucher No.RSL/23-24/76,New,0
2283,VH-05-101-1,5,101,2238,RetailInvoice,2023-05-21 00:00:00,,2023-05-21 00:00:00,Retail Sale Voucher No.RSL/23-24/77,New,0
2284,VH-05-101-1,5,101,2239,RetailInvoice,2023-05-23 00:00:00,,2023-05-23 00:00:00,Retail Sale Voucher No.RSL/23-24/78,New,0
2285,VH-05-101-1,5,101,2240,RetailInvoice,2023-05-24 00:00:00,,2023-05-24 00:00:00,Retail Sale Voucher No.RSL/23-24/79,Modified,0
2286,VH-05-101-1,5,101,2241,RetailInvoice,2023-05-25 00:00:00,,2023-05-25 00:00:00,Retail Sale Voucher No.RSL/23-24/80,New,0
2287,VH-05-101-2,5,101,2242,RetailInvoice,2023-05-25 00:00:00,,2023-05-25 00:00:00,Retail Sale Voucher No.RSL/23-24/81,New,0
2288,VH-05-101-3,5,101,2243,RetailInvoice,2023-05-25 00:00:00,,2023-05-25 00:00:00,Retail Sale Voucher No.RSL/23-24/82,New,0
2289,VH-05-101-4,5,101,2244,RetailInvoice,2023-05-25 00:00:00,,2023-05-25 00:00:00,Retail Sale Voucher No.RSL/23-24/83,New,0
2290,VH-05-101-1,5,101,2245,RetailInvoice,2023-05-28 00:00:00,,2023-05-28 00:00:00,Retail Sale Voucher No.RSL/23-24/84,New,0
2291,VH-05-101-2,5,101,2246,RetailInvoice,2023-05-28 00:00:00,,2023-05-28 00:00:00,Retail Sale Voucher No.RSL/23-24/85,New,0
2292,VH-05-101-3,5,101,2247,RetailInvoice,2023-05-28 00:00:00,,2023-05-28 00:00:00,Retail Sale Voucher No.RSL/23-24/86,New,0
2293,VH-05-101-4,5,101,2248,RetailInvoice,2023-05-28 00:00:00,,2023-05-28 00:00:00,Retail Sale Voucher No.RSL/23-24/87,New,0
2294,VH-05-101-1,5,101,2249,RetailInvoice,2023-05-29 00:00:00,,2023-05-29 00:00:00,Retail Sale Voucher No.RSL/23-24/88,New,0
2295,VH-05-101-1,5,101,2250,RetailInvoice,2023-06-01 00:00:00,,2023-06-01 00:00:00,Retail Sale Voucher No.RSL/23-24/89,New,0
2296,VH-05-101-1,5,101,2251,RetailInvoice,2023-06-02 00:00:00,,2023-06-02 00:00:00,Retail Sale Voucher No.RSL/23-24/90,New,0
2297,VH-05-101-1,5,101,2252,RetailInvoice,2023-06-03 00:00:00,,2023-06-03 00:00:00,Retail Sale Voucher No.RSL/23-24/91,New,0
2298,VH-05-101-2,5,101,2253,RetailInvoice,2023-06-03 00:00:00,,2023-06-03 00:00:00,Retail Sale Voucher No.RSL/23-24/92,New,0
2299,VH-05-101-3,5,101,2254,RetailInvoice,2023-06-03 00:00:00,,2023-06-03 00:00:00,Retail Sale Voucher No.RSL/23-24/93,New,0
2300,VH-05-101-1,5,101,2255,RetailInvoice,2023-06-04 00:00:00,,2023-06-04 00:00:00,Retail Sale Voucher No.RSL/23-24/94,New,0
2301,VH-05-101-2,5,101,4,AdvanceReceive,2023-06-04 00:00:00,,2023-06-04 00:00:00,Advance Receive Voucher No - APR/23-24/2,New,0
2302,VH-05-101-3,5,101,2256,RetailInvoice,2023-06-04 00:00:00,,2023-06-04 00:00:00,Retail Sale Voucher No.RSL/23-24/95,New,0
2303,VH-05-101-1,5,101,2257,RetailInvoice,2023-06-05 00:00:00,,2023-06-05 00:00:00,Retail Sale Voucher No.RSL/23-24/96,Modified,0
2304,VH-05-101-2,5,101,43,OldMetalPurchase,2023-06-05 00:00:00,,2023-06-05 00:00:00,Old Purchase Voucher No - OLP/23-24/16,New,0
2305,VH-05-101-3,5,101,2258,RetailInvoice,2023-06-05 00:00:00,,2023-06-05 00:00:00,Retail Sale Voucher No.RSL/23-24/97,New,0
2306,VH-05-101-4,5,101,2259,RetailInvoice,2023-06-05 00:00:00,,2023-06-05 00:00:00,Retail Sale Voucher No.RSL/23-24/98,New,0
2307,VH-05-101-1,5,101,2260,RetailInvoice,2023-06-06 00:00:00,,2023-06-06 00:00:00,Retail Sale Voucher No.RSL/23-24/99,New,0
2308,VH-05-101-2,5,101,2261,RetailInvoice,2023-06-06 00:00:00,,2023-06-17 00:00:00,Retail Sale Voucher No.RSL/23-24/100,Modified,0
2309,VH-05-101-1,5,101,2262,RetailInvoice,2023-06-08 00:00:00,,2023-06-08 00:00:00,Retail Sale Voucher No.RSL/23-24/101,New,0
2310,VH-05-101-1,5,101,2263,RetailInvoice,2023-06-09 00:00:00,,2023-06-09 00:00:00,Retail Sale Voucher No.RSL/23-24/102,New,0
2311,VH-05-101-1,5,101,2264,RetailInvoice,2023-06-10 00:00:00,,2023-06-10 00:00:00,Retail Sale Voucher No.RSL/23-24/103,New,0
2312,VH-05-101-1,5,101,2265,RetailInvoice,2023-06-11 00:00:00,,2023-06-11 00:00:00,Retail Sale Voucher No.RSL/23-24/104,New,0
2313,VH-05-101-1,5,101,2266,RetailInvoice,2023-06-13 00:00:00,,2023-06-13 00:00:00,Retail Sale Voucher No.RSL/23-24/105,New,0
2314,VH-05-101-2,5,101,2267,RetailInvoice,2023-06-13 00:00:00,,2023-06-14 00:00:00,Retail Sale Voucher No.RSL/23-24/106,New,0
2315,VH-05-101-1,5,101,2268,RetailInvoice,2023-06-15 00:00:00,,2023-06-15 00:00:00,Retail Sale Voucher No.RSL/23-24/107,New,0
2316,VH-05-101-2,5,101,2269,RetailInvoice,2023-06-15 00:00:00,,2023-06-17 00:00:00,Retail Sale Voucher No.RSL/23-24/108,New,0
2317,VH-05-101-1,5,101,2270,RetailInvoice,2023-06-17 00:00:00,,2023-07-01 00:00:00,Retail Sale Voucher No.RSL/23-24/109,Modified,0
2318,VH-05-101-1,5,101,2271,RetailInvoice,2023-06-18 00:00:00,,2023-06-18 00:00:00,Retail Sale Voucher No.RSL/23-24/110,New,0
2319,VH-05-101-1,5,101,2272,RetailInvoice,2023-06-19 00:00:00,,2023-06-19 00:00:00,Retail Sale Voucher No.RSL/23-24/111,New,0
2320,VH-05-101-1,5,101,44,OldMetalPurchase,2023-06-21 00:00:00,,2023-06-21 00:00:00,Old Purchase Voucher No - OLP/23-24/17,New,0
2321,VH-05-101-2,5,101,2273,RetailInvoice,2023-06-21 00:00:00,,2023-06-21 00:00:00,Retail Sale Voucher No.RSL/23-24/112,New,0
2322,VH-05-101-1,5,101,2274,RetailInvoice,2023-06-21 00:00:00,,2023-06-22 00:00:00,Retail Sale Voucher No.RSL/23-24/113,Modified,0
2323,VH-05-101-2,5,101,2275,RetailInvoice,2023-06-21 00:00:00,,2023-06-22 00:00:00,Retail Sale Voucher No.RSL/23-24/114,New,0
2324,VH-05-101-1,5,101,2276,RetailInvoice,2023-06-23 00:00:00,,2023-06-23 00:00:00,Retail Sale Voucher No.RSL/23-24/115,New,0
2325,VH-05-101-2,5,101,2277,RetailInvoice,2023-06-23 00:00:00,,2023-06-23 00:00:00,Retail Sale Voucher No.RSL/23-24/116,Modified,0
2326,VH-05-101-3,5,101,2278,RetailInvoice,2023-06-23 00:00:00,,2023-06-25 00:00:00,Retail Sale Voucher No.RSL/23-24/117,Modified,0
2327,VH-05-101-4,5,101,2279,RetailInvoice,2023-06-23 00:00:00,,2023-06-23 00:00:00,Retail Sale Voucher No.RSL/23-24/118,New,0
2328,VH-05-101-5,5,101,2280,RetailInvoice,2023-06-23 00:00:00,,2023-06-23 00:00:00,Retail Sale Voucher No.RSL/23-24/119,New,0
2329,VH-05-101-6,5,101,2281,RetailInvoice,2023-06-23 00:00:00,,2023-06-23 00:00:00,Retail Sale Voucher No.RSL/23-24/120,New,0
2330,VH-05-101-7,5,101,2282,RetailInvoice,2023-06-23 00:00:00,,2023-06-25 00:00:00,Retail Sale Voucher No.RSL/23-24/121,New,0
2331,VH-05-101-8,5,101,2283,RetailInvoice,2023-06-23 00:00:00,,2023-06-25 00:00:00,Retail Sale Voucher No.RSL/23-24/122,New,0
2332,VH-05-101-1,5,101,2284,RetailInvoice,2023-06-25 00:00:00,,2023-06-25 00:00:00,Retail Sale Voucher No.RSL/23-24/123,New,0
2333,VH-05-101-2,5,101,2285,RetailInvoice,2023-06-25 00:00:00,,2023-06-25 00:00:00,Retail Sale Voucher No.RSL/23-24/124,New,0
2334,VH-05-101-3,5,101,2286,RetailInvoice,2023-06-25 00:00:00,,2023-06-25 00:00:00,Retail Sale Voucher No.RSL/23-24/125,New,0
2335,VH-05-101-4,5,101,2287,RetailInvoice,2023-06-25 00:00:00,,2023-06-25 00:00:00,Retail Sale Voucher No.RSL/23-24/126,New,0
2336,VH-05-101-1,5,101,2288,RetailInvoice,2023-06-26 00:00:00,,2023-06-28 00:00:00,Retail Sale Voucher No.RSL/23-24/127,Modified,0
2337,VH-05-101-1,5,101,2289,RetailInvoice,2023-06-27 00:00:00,,2023-06-28 00:00:00,Retail Sale Voucher No.RSL/23-24/128,New,0
2338,VH-05-101-2,5,101,2290,RetailInvoice,2023-06-27 00:00:00,,2023-06-28 00:00:00,Retail Sale Voucher No.RSL/23-24/129,New,0
2339,VH-05-101-3,5,101,2291,RetailInvoice,2023-06-27 00:00:00,,2023-06-28 00:00:00,Retail Sale Voucher No.RSL/23-24/130,New,0
2340,VH-05-101-4,5,101,2292,RetailInvoice,2023-06-27 00:00:00,,2023-06-28 00:00:00,Retail Sale Voucher No.RSL/23-24/131,New,0
2341,VH-05-101-1,5,101,2293,RetailInvoice,2023-06-27 00:00:00,,2023-06-28 00:00:00,Retail Sale Voucher No.RSL/23-24/132,Modified,0
2342,VH-05-101-1,5,101,2294,RetailInvoice,2023-06-28 00:00:00,,2023-06-28 00:00:00,Retail Sale Voucher No.RSL/23-24/133,New,0
2343,VH-05-101-2,5,101,2295,RetailInvoice,2023-06-28 00:00:00,,2023-06-28 00:00:00,Retail Sale Voucher No.RSL/23-24/134,New,0
2344,VH-05-101-1,5,101,2296,RetailInvoice,2023-06-30 00:00:00,,2023-06-30 00:00:00,Retail Sale Voucher No.RSL/23-24/135,New,0
2345,VH-05-101-2,5,101,2297,RetailInvoice,2023-06-30 00:00:00,,2023-07-02 00:00:00,Retail Sale Voucher No.RSL/23-24/136,New,0
2346,VH-05-101-1,5,101,2298,RetailInvoice,2023-07-01 00:00:00,,2023-10-05 00:00:00,Retail Sale Voucher No.RSL/23-24/137,Modified,0
2347,VH-05-101-1,5,101,2299,RetailInvoice,2023-07-02 00:00:00,,2023-07-02 00:00:00,Retail Sale Voucher No.RSL/23-24/138,New,0
2348,VH-05-101-1,5,101,2300,RetailInvoice,2023-07-03 00:00:00,,2023-07-03 00:00:00,Retail Sale Voucher No.RSL/23-24/139,New,0
2349,VH-05-101-1,5,101,2301,RetailInvoice,2023-07-04 00:00:00,,2023-07-04 00:00:00,Retail Sale Voucher No.RSL/23-24/140,New,0
2350,VH-05-101-2,5,101,2302,RetailInvoice,2023-07-04 00:00:00,,2023-07-04 00:00:00,Retail Sale Voucher No.RSL/23-24/141,New,0
2351,VH-05-101-1,5,101,2303,RetailInvoice,2023-07-05 00:00:00,,2023-07-05 00:00:00,Retail Sale Voucher No.RSL/23-24/142,New,0
2352,VH-05-101-1,5,101,2304,RetailInvoice,2023-07-08 00:00:00,,2023-07-08 00:00:00,Retail Sale Voucher No.RSL/23-24/143,New,0
2353,VH-05-101-1,5,101,2305,RetailInvoice,2023-07-09 00:00:00,,2023-07-10 00:00:00,Retail Sale Voucher No.RSL/23-24/144,Modified,0
2354,VH-05-101-1,5,101,2306,RetailInvoice,2023-07-10 00:00:00,,2023-08-05 00:00:00,Retail Sale Voucher No.RSL/23-24/145,New,0
2355,VH-05-101-1,5,101,2307,RetailInvoice,2023-07-11 00:00:00,,2023-08-05 00:00:00,Retail Sale Voucher No.RSL/23-24/146,New,0
2356,VH-05-101-2,5,101,2308,RetailInvoice,2023-07-11 00:00:00,,2023-08-05 00:00:00,Retail Sale Voucher No.RSL/23-24/147,New,0
2357,VH-05-101-1,5,101,2309,RetailInvoice,2023-07-12 00:00:00,,2023-08-05 00:00:00,Retail Sale Voucher No.RSL/23-24/148,New,0
2358,VH-05-101-2,5,101,2310,RetailInvoice,2023-07-12 00:00:00,,2023-08-05 00:00:00,Retail Sale Voucher No.RSL/23-24/149,New,0
2359,VH-05-101-1,5,101,2311,RetailInvoice,2023-07-13 00:00:00,,2023-08-05 00:00:00,Retail Sale Voucher No.RSL/23-24/150,New,0
2360,VH-05-101-2,5,101,2312,RetailInvoice,2023-07-13 00:00:00,,2023-08-05 00:00:00,Retail Sale Voucher No.RSL/23-24/151,New,0
2361,VH-05-101-1,5,101,2313,RetailInvoice,2023-07-14 00:00:00,,2023-08-05 00:00:00,Retail Sale Voucher No.RSL/23-24/152,New,0
2362,VH-05-101-1,5,101,2314,RetailInvoice,2023-07-15 00:00:00,,2023-08-05 00:00:00,Retail Sale Voucher No.RSL/23-24/153,New,0
2363,VH-05-101-1,5,101,2315,RetailInvoice,2023-07-16 00:00:00,,2023-08-05 00:00:00,Retail Sale Voucher No.RSL/23-24/154,New,0
2364,VH-05-101-1,5,101,2316,RetailInvoice,2023-07-21 00:00:00,,2023-08-05 00:00:00,Retail Sale Voucher No.RSL/23-24/155,New,0
2365,VH-05-101-1,5,101,2317,RetailInvoice,2023-07-22 00:00:00,,2023-08-05 00:00:00,Retail Sale Voucher No.RSL/23-24/156,New,0
2366,VH-05-101-1,5,101,2318,RetailInvoice,2023-07-29 00:00:00,,2023-08-05 00:00:00,Retail Sale Voucher No.RSL/23-24/157,New,0
2367,VH-05-101-1,5,101,2319,RetailInvoice,2023-07-29 00:00:00,,2023-08-05 00:00:00,Retail Sale Voucher No.RSL/23-24/158,Modified,0
2368,VH-05-101-1,5,101,2320,RetailInvoice,2023-07-31 00:00:00,,2023-08-05 00:00:00,Retail Sale Voucher No.RSL/23-24/159,Modified,0
2369,VH-05-101-1,5,101,2321,RetailInvoice,2023-08-30 00:00:00,,2023-08-30 00:00:00,Retail Sale Voucher No.RSL/23-24/160,New,0
2370,VH-05-101-1,5,101,2322,RetailInvoice,2023-08-31 00:00:00,,2023-09-07 00:00:00,Retail Sale Voucher No.RSL/23-24/161,New,0
2371,VH-05-101-1,5,101,2323,RetailInvoice,2023-09-01 00:00:00,,2023-09-07 00:00:00,Retail Sale Voucher No.RSL/23-24/162,New,0
2372,VH-05-101-1,5,101,2324,RetailInvoice,2023-09-02 00:00:00,,2023-09-07 00:00:00,Retail Sale Voucher No.RSL/23-24/163,New,0
2373,VH-05-101-1,5,101,2325,RetailInvoice,2023-09-03 00:00:00,,2023-09-07 00:00:00,Retail Sale Voucher No.RSL/23-24/164,New,0
2374,VH-05-101-1,5,101,2326,RetailInvoice,2023-09-04 00:00:00,,2023-09-07 00:00:00,Retail Sale Voucher No.RSL/23-24/165,New,0
2375,VH-05-101-1,5,101,2327,RetailInvoice,2023-09-06 00:00:00,,2023-09-07 00:00:00,Retail Sale Voucher No.RSL/23-24/166,New,0
2376,VH-05-101-1,5,101,2328,RetailInvoice,2023-09-08 00:00:00,,2023-09-19 00:00:00,Retail Sale Voucher No.RSL/23-24/167,Modified,0
2377,VH-05-101-2,5,101,2329,RetailInvoice,2023-09-08 00:00:00,,2023-09-19 00:00:00,Retail Sale Voucher No.RSL/23-24/168,New,0
2378,VH-05-101-3,5,101,2330,RetailInvoice,2023-09-08 00:00:00,,2023-09-19 00:00:00,Retail Sale Voucher No.RSL/23-24/169,New,0
2379,VH-05-101-1,5,101,2331,RetailInvoice,2023-09-10 00:00:00,,2023-09-19 00:00:00,Retail Sale Voucher No.RSL/23-24/170,New,0
2380,VH-05-101-1,5,101,2332,RetailInvoice,2023-09-11 00:00:00,,2023-09-19 00:00:00,Retail Sale Voucher No.RSL/23-24/171,New,0
2381,VH-05-101-2,5,101,2333,RetailInvoice,2023-09-11 00:00:00,,2023-09-19 00:00:00,Retail Sale Voucher No.RSL/23-24/172,New,0
2382,VH-05-101-1,5,101,2334,RetailInvoice,2023-09-12 00:00:00,,2023-09-19 00:00:00,Retail Sale Voucher No.RSL/23-24/173,New,0
2383,VH-05-101-1,5,101,2335,RetailInvoice,2023-09-13 00:00:00,,2023-09-19 00:00:00,Retail Sale Voucher No.RSL/23-24/174,New,0
2384,VH-05-101-1,5,101,2336,RetailInvoice,2023-09-14 00:00:00,,2023-09-19 00:00:00,Retail Sale Voucher No.RSL/23-24/175,New,0
2385,VH-05-101-1,5,101,2337,RetailInvoice,2023-09-16 00:00:00,,2023-09-19 00:00:00,Retail Sale Voucher No.RSL/23-24/176,New,0
2386,VH-05-101-1,5,101,2338,RetailInvoice,2023-09-17 00:00:00,,2023-09-19 00:00:00,Retail Sale Voucher No.RSL/23-24/177,New,0
2387,VH-05-101-1,5,101,2339,RetailInvoice,2023-09-17 00:00:00,,2023-09-19 00:00:00,Retail Sale Voucher No.RSL/23-24/178,Modified,0
2388,VH-05-101-1,5,101,2340,RetailInvoice,2023-09-17 00:00:00,,2023-09-27 00:00:00,Retail Sale Voucher No.RSL/23-24/179,Modified,0
2389,VH-05-101-1,5,101,45,OldMetalPurchase,2023-09-27 00:00:00,,2023-09-27 00:00:00,Old Purchase Voucher No - OLP/23-24/18,New,0
2390,VH-05-101-1,5,101,2341,RetailInvoice,2023-09-18 00:00:00,,2023-09-27 00:00:00,Retail Sale Voucher No.RSL/23-24/180,New,0
2391,VH-05-101-1,5,101,2342,RetailInvoice,2023-09-19 00:00:00,,2023-09-27 00:00:00,Retail Sale Voucher No.RSL/23-24/181,New,0
2392,VH-05-101-2,5,101,2343,RetailInvoice,2023-09-19 00:00:00,,2023-09-27 00:00:00,Retail Sale Voucher No.RSL/23-24/182,New,0
2393,VH-05-101-3,5,101,2344,RetailInvoice,2023-09-19 00:00:00,,2023-09-27 00:00:00,Retail Sale Voucher No.RSL/23-24/183,New,0
2394,VH-05-101-4,5,101,2345,RetailInvoice,2023-09-19 00:00:00,,2023-09-27 00:00:00,Retail Sale Voucher No.RSL/23-24/184,New,0
2395,VH-05-101-5,5,101,2346,RetailInvoice,2023-09-19 00:00:00,,2023-09-27 00:00:00,Retail Sale Voucher No.RSL/23-24/185,New,0
2396,VH-05-101-6,5,101,2347,RetailInvoice,2023-09-19 00:00:00,,2023-09-27 00:00:00,Retail Sale Voucher No.RSL/23-24/186,New,0
2397,VH-05-101-1,5,101,2348,RetailInvoice,2023-09-21 00:00:00,,2023-09-27 00:00:00,Retail Sale Voucher No.RSL/23-24/187,New,0
2398,VH-05-101-2,5,101,2349,RetailInvoice,2023-09-21 00:00:00,,2023-09-27 00:00:00,Retail Sale Voucher No.RSL/23-24/188,New,0
2399,VH-05-101-1,5,101,2350,RetailInvoice,2023-09-22 00:00:00,,2023-09-27 00:00:00,Retail Sale Voucher No.RSL/23-24/189,New,0
2400,VH-05-101-1,5,101,2351,RetailInvoice,2023-09-23 00:00:00,,2023-09-27 00:00:00,Retail Sale Voucher No.RSL/23-24/190,New,0
2401,VH-05-101-1,5,101,2352,RetailInvoice,2023-09-24 00:00:00,,2023-09-27 00:00:00,Retail Sale Voucher No.RSL/23-24/191,New,0
2402,VH-05-101-2,5,101,2353,RetailInvoice,2023-09-24 00:00:00,,2023-09-27 00:00:00,Retail Sale Voucher No.RSL/23-24/192,New,0
2403,VH-05-101-1,5,101,2354,RetailInvoice,2023-09-25 00:00:00,,2023-09-27 00:00:00,Retail Sale Voucher No.RSL/23-24/193,New,0
2404,VH-05-101-2,5,101,2355,RetailInvoice,2023-09-25 00:00:00,,2023-09-27 00:00:00,Retail Sale Voucher No.RSL/23-24/194,New,0
2405,VH-05-101-3,5,101,2356,RetailInvoice,2023-09-25 00:00:00,,2023-09-27 00:00:00,Retail Sale Voucher No.RSL/23-24/195,New,0
2406,VH-05-101-1,5,101,2357,RetailInvoice,2023-09-26 00:00:00,,2023-09-27 00:00:00,Retail Sale Voucher No.RSL/23-24/196,New,0
2407,VH-05-101-2,5,101,2358,RetailInvoice,2023-09-27 00:00:00,,2023-09-27 00:00:00,Retail Sale Voucher No.RSL/23-24/197,New,0
2408,VH-05-101-1,5,101,2359,RetailInvoice,2023-09-29 00:00:00,,2023-09-29 00:00:00,Retail Sale Voucher No.RSL/23-24/198,New,0
2409,VH-05-101-1,5,101,2360,RetailInvoice,2023-09-30 00:00:00,,2023-09-30 00:00:00,Retail Sale Voucher No.RSL/23-24/199,New,0
2410,VH-05-101-2,5,101,2361,RetailInvoice,2023-09-30 00:00:00,,2023-09-30 00:00:00,Retail Sale Voucher No.RSL/23-24/200,New,0
2411,VH-05-101-1,5,101,2362,RetailInvoice,2023-10-01 00:00:00,,2023-10-02 00:00:00,Retail Sale Voucher No.RSL/23-24/201,New,0
2412,VH-05-101-1,5,101,2363,RetailInvoice,2023-10-02 00:00:00,,2023-10-02 00:00:00,Retail Sale Voucher No.RSL/23-24/202,New,0
2413,VH-05-101-1,5,101,2364,RetailInvoice,2023-10-12 00:00:00,,2023-10-12 00:00:00,Retail Sale Voucher No.RSL/23-24/203,New,0
2414,VH-05-101-2,5,101,2365,RetailInvoice,2023-10-12 00:00:00,,2023-10-12 00:00:00,Retail Sale Voucher No.RSL/23-24/204,New,0
2415,VH-05-101-3,5,101,2366,RetailInvoice,2023-10-12 00:00:00,,2023-10-12 00:00:00,Retail Sale Voucher No.RSL/23-24/205,New,0
2416,VH-05-101-4,5,101,2367,RetailInvoice,2023-10-12 00:00:00,,2023-10-12 00:00:00,Retail Sale Voucher No.RSL/23-24/206,New,0
2417,VH-05-101-5,5,101,2368,RetailInvoice,2023-10-12 00:00:00,,2023-10-12 00:00:00,Retail Sale Voucher No.RSL/23-24/207,New,0
2418,VH-05-101-6,5,101,2369,RetailInvoice,2023-10-12 00:00:00,,2023-10-12 00:00:00,Retail Sale Voucher No.RSL/23-24/208,New,0
2419,VH-05-101-1,5,101,2370,RetailInvoice,2023-10-14 00:00:00,,2023-10-14 00:00:00,Retail Sale Voucher No.RSL/23-24/209,New,0
2420,VH-05-101-1,5,101,2371,RetailInvoice,2023-10-15 00:00:00,,2023-10-16 00:00:00,Retail Sale Voucher No.RSL/23-24/210,New,0
2421,VH-05-101-2,5,101,2372,RetailInvoice,2023-10-15 00:00:00,,2023-10-20 00:00:00,Retail Sale Voucher No.RSL/23-24/211,New,0
2422,VH-05-101-3,5,101,2373,RetailInvoice,2023-10-15 00:00:00,,2023-10-20 00:00:00,Retail Sale Voucher No.RSL/23-24/212,New,0
2423,VH-05-101-4,5,101,2374,RetailInvoice,2023-10-15 00:00:00,,2023-10-20 00:00:00,Retail Sale Voucher No.RSL/23-24/213,New,0
2424,VH-05-101-1,5,101,2375,RetailInvoice,2023-10-16 00:00:00,,2023-10-20 00:00:00,Retail Sale Voucher No.RSL/23-24/214,New,0
2425,VH-05-101-2,5,101,2376,RetailInvoice,2023-10-16 00:00:00,,2023-10-20 00:00:00,Retail Sale Voucher No.RSL/23-24/215,New,0
2426,VH-05-101-3,5,101,2377,RetailInvoice,2023-10-16 00:00:00,,2023-10-20 00:00:00,Retail Sale Voucher No.RSL/23-24/216,New,0
2427,VH-05-101-4,5,101,2378,RetailInvoice,2023-10-16 00:00:00,,2023-10-20 00:00:00,Retail Sale Voucher No.RSL/23-24/217,New,0
2428,VH-05-101-5,5,101,2379,RetailInvoice,2023-10-16 00:00:00,,2023-10-20 00:00:00,Retail Sale Voucher No.RSL/23-24/218,New,0
2429,VH-05-101-1,5,101,2380,RetailInvoice,2023-10-17 00:00:00,,2023-10-20 00:00:00,Retail Sale Voucher No.RSL/23-24/219,New,0
2430,VH-05-101-1,5,101,2381,RetailInvoice,2023-10-18 00:00:00,,2023-10-20 00:00:00,Retail Sale Voucher No.RSL/23-24/220,New,0
2431,VH-05-101-1,5,101,2382,RetailInvoice,2023-10-19 00:00:00,,2023-10-20 00:00:00,Retail Sale Voucher No.RSL/23-24/221,New,0
2432,VH-05-101-2,5,101,2383,RetailInvoice,2023-10-19 00:00:00,,2023-10-20 00:00:00,Retail Sale Voucher No.RSL/23-24/222,New,0
2433,VH-05-101-1,5,101,2384,RetailInvoice,2023-10-20 00:00:00,,2023-10-20 00:00:00,Retail Sale Voucher No.RSL/23-24/223,New,0
2434,VH-05-101-1,5,101,2385,RetailInvoice,2023-10-26 00:00:00,,2023-10-26 00:00:00,Retail Sale Voucher No.RSL/23-24/224,New,0
2435,VH-05-101-2,5,101,2386,RetailInvoice,2023-10-26 00:00:00,,2023-10-26 00:00:00,Retail Sale Voucher No.RSL/23-24/225,New,0
2436,VH-05-101-1,5,101,2387,RetailInvoice,2023-10-29 00:00:00,,2023-10-29 00:00:00,Retail Sale Voucher No.RSL/23-24/226,New,0
2437,VH-05-101-1,5,101,2388,RetailInvoice,2023-10-31 00:00:00,,2023-10-31 00:00:00,Retail Sale Voucher No.RSL/23-24/227,New,0
2438,VH-05-101-2,5,101,2389,RetailInvoice,2023-10-31 00:00:00,,2023-10-31 00:00:00,Retail Sale Voucher No.RSL/23-24/228,New,0
2439,VH-05-101-1,5,101,2390,RetailInvoice,2023-11-03 00:00:00,,2023-11-03 00:00:00,Retail Sale Voucher No.RSL/23-24/229,New,0
2440,VH-05-101-1,5,101,2391,RetailInvoice,2023-11-05 00:00:00,,2023-11-05 00:00:00,Retail Sale Voucher No.RSL/23-24/230,New,0
2441,VH-05-101-2,5,101,2392,RetailInvoice,2023-11-05 00:00:00,,2023-11-05 00:00:00,Retail Sale Voucher No.RSL/23-24/231,New,0
2442,VH-05-101-1,5,101,46,OldMetalPurchase,2023-11-07 00:00:00,,2023-11-07 00:00:00,Old Purchase Voucher No - OLP/23-24/19,New,0
2443,VH-05-101-1,5,101,2393,RetailInvoice,2023-11-06 00:00:00,,2023-11-07 00:00:00,Retail Sale Voucher No.RSL/23-24/232,New,0
2444,VH-05-101-2,5,101,2394,RetailInvoice,2023-11-07 00:00:00,,2023-11-17 00:00:00,Retail Sale Voucher No.RSL/23-24/233,Modified,0
2445,VH-05-101-3,5,101,2395,RetailInvoice,2023-11-07 00:00:00,,2023-11-07 00:00:00,Retail Sale Voucher No.RSL/23-24/234,New,0
2446,VH-05-101-1,5,101,2396,RetailInvoice,2023-11-09 00:00:00,,2023-11-09 00:00:00,Retail Sale Voucher No.RSL/23-24/235,New,0
2447,VH-05-101-1,5,101,2397,RetailInvoice,2023-11-10 00:00:00,,2023-11-10 00:00:00,Retail Sale Voucher No.RSL/23-24/236,New,0
2448,VH-05-101-2,5,101,2398,RetailInvoice,2023-11-10 00:00:00,,2023-11-10 00:00:00,Retail Sale Voucher No.RSL/23-24/237,New,0
2449,VH-05-101-3,5,101,2399,RetailInvoice,2023-11-10 00:00:00,,2023-11-12 00:00:00,Retail Sale Voucher No.RSL/23-24/238,New,0
2450,VH-05-101-4,5,101,2400,RetailInvoice,2023-11-10 00:00:00,,2023-11-13 00:00:00,Retail Sale Voucher No.RSL/23-24/239,New,0
2451,VH-05-101-5,5,101,2401,RetailInvoice,2023-11-10 00:00:00,,2023-11-14 00:00:00,Retail Sale Voucher No.RSL/23-24/240,New,0
2452,VH-05-101-6,5,101,2402,RetailInvoice,2023-11-10 00:00:00,,2023-11-14 00:00:00,Retail Sale Voucher No.RSL/23-24/241,New,0
2453,VH-05-101-7,5,101,2403,RetailInvoice,2023-11-10 00:00:00,,2023-11-14 00:00:00,Retail Sale Voucher No.RSL/23-24/242,New,0
2454,VH-05-101-1,5,101,2404,RetailInvoice,2023-11-10 00:00:00,,2023-11-14 00:00:00,Retail Sale Voucher No.RSL/23-24/243,Modified,0
2455,VH-05-101-2,5,101,2405,RetailInvoice,2023-11-10 00:00:00,,2023-11-25 00:00:00,Retail Sale Voucher No.RSL/23-24/244,Modified,0
2456,VH-05-101-3,5,101,2406,RetailInvoice,2023-11-10 00:00:00,,2023-11-14 00:00:00,Retail Sale Voucher No.RSL/23-24/245,New,0
2457,VH-05-101-4,5,101,2407,RetailInvoice,2023-11-10 00:00:00,,2023-11-14 00:00:00,Retail Sale Voucher No.RSL/23-24/246,New,0
2458,VH-05-101-1,5,101,2408,RetailInvoice,2023-11-10 00:00:00,,2023-11-14 00:00:00,Retail Sale Voucher No.RSL/23-24/247,Modified,0
2459,VH-05-101-2,5,101,2409,RetailInvoice,2023-11-10 00:00:00,,2023-11-14 00:00:00,Retail Sale Voucher No.RSL/23-24/248,New,0
2460,VH-05-101-3,5,101,2410,RetailInvoice,2023-11-10 00:00:00,,2023-11-14 00:00:00,Retail Sale Voucher No.RSL/23-24/249,New,0
2461,VH-05-101-4,5,101,2411,RetailInvoice,2023-11-10 00:00:00,,2023-11-14 00:00:00,Retail Sale Voucher No.RSL/23-24/250,New,0
2462,VH-05-101-5,5,101,2412,RetailInvoice,2023-11-10 00:00:00,,2023-11-15 00:00:00,Retail Sale Voucher No.RSL/23-24/251,New,0
2463,VH-05-101-6,5,101,2413,RetailInvoice,2023-11-10 00:00:00,,2023-11-15 00:00:00,Retail Sale Voucher No.RSL/23-24/252,New,0
2464,VH-05-101-7,5,101,2414,RetailInvoice,2023-11-10 00:00:00,,2023-11-15 00:00:00,Retail Sale Voucher No.RSL/23-24/253,New,0
2465,VH-05-101-8,5,101,2415,RetailInvoice,2023-11-10 00:00:00,,2023-11-15 00:00:00,Retail Sale Voucher No.RSL/23-24/254,New,0
2466,VH-05-101-9,5,101,2416,RetailInvoice,2023-11-10 00:00:00,,2023-11-15 00:00:00,Retail Sale Voucher No.RSL/23-24/255,New,0
2467,VH-05-101-10,5,101,2417,RetailInvoice,2023-11-10 00:00:00,,2023-11-15 00:00:00,Retail Sale Voucher No.RSL/23-24/256,New,0
2468,VH-05-101-11,5,101,2418,RetailInvoice,2023-11-10 00:00:00,,2023-11-15 00:00:00,Retail Sale Voucher No.RSL/23-24/257,New,0
2469,VH-05-101-12,5,101,2419,RetailInvoice,2023-11-10 00:00:00,,2023-11-15 00:00:00,Retail Sale Voucher No.RSL/23-24/258,New,0
2470,VH-05-101-13,5,101,2420,RetailInvoice,2023-11-10 00:00:00,,2023-11-15 00:00:00,Retail Sale Voucher No.RSL/23-24/259,New,0
2471,VH-05-101-14,5,101,2421,RetailInvoice,2023-11-10 00:00:00,,2023-11-15 00:00:00,Retail Sale Voucher No.RSL/23-24/260,New,0
2472,VH-05-101-15,5,101,2422,RetailInvoice,2023-11-10 00:00:00,,2023-11-15 00:00:00,Retail Sale Voucher No.RSL/23-24/261,New,0
2473,VH-05-101-16,5,101,2423,RetailInvoice,2023-11-10 00:00:00,,2023-11-15 00:00:00,Retail Sale Voucher No.RSL/23-24/262,New,0
2474,VH-05-101-17,5,101,2424,RetailInvoice,2023-11-10 00:00:00,,2023-11-15 00:00:00,Retail Sale Voucher No.RSL/23-24/263,New,0
2475,VH-05-101-18,5,101,2425,RetailInvoice,2023-11-10 00:00:00,,2023-11-15 00:00:00,Retail Sale Voucher No.RSL/23-24/264,New,0
2476,VH-05-101-19,5,101,2426,RetailInvoice,2023-11-10 00:00:00,,2023-11-15 00:00:00,Retail Sale Voucher No.RSL/23-24/265,New,0
2477,VH-05-101-20,5,101,2427,RetailInvoice,2023-11-10 00:00:00,,2023-11-15 00:00:00,Retail Sale Voucher No.RSL/23-24/266,New,0
2478,VH-05-101-21,5,101,2428,RetailInvoice,2023-11-10 00:00:00,,2023-11-15 00:00:00,Retail Sale Voucher No.RSL/23-24/267,New,0
2479,VH-05-101-22,5,101,2429,RetailInvoice,2023-11-10 00:00:00,,2023-11-15 00:00:00,Retail Sale Voucher No.RSL/23-24/268,New,0
2480,VH-05-101-23,5,101,2430,RetailInvoice,2023-11-10 00:00:00,,2023-11-15 00:00:00,Retail Sale Voucher No.RSL/23-24/269,New,0
2481,VH-05-101-24,5,101,2431,RetailInvoice,2023-11-10 00:00:00,,2023-11-15 00:00:00,Retail Sale Voucher No.RSL/23-24/270,New,0
2482,VH-05-101-25,5,101,2432,RetailInvoice,2023-11-10 00:00:00,,2023-11-15 00:00:00,Retail Sale Voucher No.RSL/23-24/271,New,0
2483,VH-05-101-26,5,101,2433,RetailInvoice,2023-11-10 00:00:00,,2023-11-15 00:00:00,Retail Sale Voucher No.RSL/23-24/272,New,0
2484,VH-05-101-27,5,101,2434,RetailInvoice,2023-11-10 00:00:00,,2023-11-15 00:00:00,Retail Sale Voucher No.RSL/23-24/273,New,0
2485,VH-05-101-28,5,101,2435,RetailInvoice,2023-11-10 00:00:00,,2023-11-15 00:00:00,Retail Sale Voucher No.RSL/23-24/274,New,0
2486,VH-05-101-29,5,101,2436,RetailInvoice,2023-11-10 00:00:00,,2023-11-15 00:00:00,Retail Sale Voucher No.RSL/23-24/275,New,0
2487,VH-05-101-30,5,101,2437,RetailInvoice,2023-11-10 00:00:00,,2023-11-15 00:00:00,Retail Sale Voucher No.RSL/23-24/276,New,0
2488,VH-05-101-31,5,101,2438,RetailInvoice,2023-11-10 00:00:00,,2023-11-15 00:00:00,Retail Sale Voucher No.RSL/23-24/277,New,0
2489,VH-05-101-32,5,101,2439,RetailInvoice,2023-11-10 00:00:00,,2023-11-15 00:00:00,Retail Sale Voucher No.RSL/23-24/278,New,0
2490,VH-05-101-33,5,101,2440,RetailInvoice,2023-11-10 00:00:00,,2023-11-15 00:00:00,Retail Sale Voucher No.RSL/23-24/279,New,0
2491,VH-05-101-34,5,101,2441,RetailInvoice,2023-11-10 00:00:00,,2023-11-15 00:00:00,Retail Sale Voucher No.RSL/23-24/280,New,0
2492,VH-05-101-35,5,101,2442,RetailInvoice,2023-11-10 00:00:00,,2023-11-15 00:00:00,Retail Sale Voucher No.RSL/23-24/281,New,0
2493,VH-05-101-36,5,101,2443,RetailInvoice,2023-11-10 00:00:00,,2023-11-15 00:00:00,Retail Sale Voucher No.RSL/23-24/282,New,0
2494,VH-05-101-37,5,101,2444,RetailInvoice,2023-11-10 00:00:00,,2023-11-15 00:00:00,Retail Sale Voucher No.RSL/23-24/283,New,0
2495,VH-05-101-38,5,101,2445,RetailInvoice,2023-11-10 00:00:00,,2023-11-15 00:00:00,Retail Sale Voucher No.RSL/23-24/284,New,0
2496,VH-05-101-39,5,101,2446,RetailInvoice,2023-11-10 00:00:00,,2023-11-15 00:00:00,Retail Sale Voucher No.RSL/23-24/285,New,0
2497,VH-05-101-40,5,101,2447,RetailInvoice,2023-11-10 00:00:00,,2023-11-15 00:00:00,Retail Sale Voucher No.RSL/23-24/286,New,0
2498,VH-05-101-41,5,101,2448,RetailInvoice,2023-11-10 00:00:00,,2023-11-15 00:00:00,Retail Sale Voucher No.RSL/23-24/287,New,0
2499,VH-05-101-42,5,101,2449,RetailInvoice,2023-11-10 00:00:00,,2023-11-15 00:00:00,Retail Sale Voucher No.RSL/23-24/288,New,0
2500,VH-05-101-43,5,101,2450,RetailInvoice,2023-11-10 00:00:00,,2023-11-16 00:00:00,Retail Sale Voucher No.RSL/23-24/289,New,0
2501,VH-05-101-44,5,101,2451,RetailInvoice,2023-11-10 00:00:00,,2023-11-16 00:00:00,Retail Sale Voucher No.RSL/23-24/290,New,0
2502,VH-05-101-45,5,101,2452,RetailInvoice,2023-11-10 00:00:00,,2023-11-16 00:00:00,Retail Sale Voucher No.RSL/23-24/291,New,0
2503,VH-05-101-46,5,101,2453,RetailInvoice,2023-11-10 00:00:00,,2023-11-16 00:00:00,Retail Sale Voucher No.RSL/23-24/292,New,0
2504,VH-05-101-1,5,101,2454,RetailInvoice,2023-11-10 00:00:00,,2023-11-16 00:00:00,Retail Sale Voucher No.RSL/23-24/293,Modified,0
2505,VH-05-101-2,5,101,2455,RetailInvoice,2023-11-10 00:00:00,,2023-11-16 00:00:00,Retail Sale Voucher No.RSL/23-24/294,New,0
2506,VH-05-101-3,5,101,2456,RetailInvoice,2023-11-10 00:00:00,,2023-11-16 00:00:00,Retail Sale Voucher No.RSL/23-24/295,New,0
2507,VH-05-101-4,5,101,2457,RetailInvoice,2023-11-10 00:00:00,,2023-11-16 00:00:00,Retail Sale Voucher No.RSL/23-24/296,New,0
2508,VH-05-101-5,5,101,2458,RetailInvoice,2023-11-10 00:00:00,,2023-11-16 00:00:00,Retail Sale Voucher No.RSL/23-24/297,New,0
2509,VH-05-101-6,5,101,2459,RetailInvoice,2023-11-10 00:00:00,,2023-11-16 00:00:00,Retail Sale Voucher No.RSL/23-24/298,New,0
2510,VH-05-101-7,5,101,2460,RetailInvoice,2023-11-10 00:00:00,,2023-11-16 00:00:00,Retail Sale Voucher No.RSL/23-24/299,New,0
2511,VH-05-101-8,5,101,2461,RetailInvoice,2023-11-10 00:00:00,,2023-11-16 00:00:00,Retail Sale Voucher No.RSL/23-24/300,New,0
2512,VH-05-101-9,5,101,2462,RetailInvoice,2023-11-10 00:00:00,,2023-11-16 00:00:00,Retail Sale Voucher No.RSL/23-24/301,New,0
2513,VH-05-101-10,5,101,2463,RetailInvoice,2023-11-10 00:00:00,,2023-11-16 00:00:00,Retail Sale Voucher No.RSL/23-24/302,New,0
2514,VH-05-101-11,5,101,2464,RetailInvoice,2023-11-10 00:00:00,,2023-11-16 00:00:00,Retail Sale Voucher No.RSL/23-24/303,New,0
2515,VH-05-101-12,5,101,2465,RetailInvoice,2023-11-10 00:00:00,,2023-11-16 00:00:00,Retail Sale Voucher No.RSL/23-24/304,New,0
2516,VH-05-101-1,5,101,2466,RetailInvoice,2023-11-10 00:00:00,,2023-11-16 00:00:00,Retail Sale Voucher No.RSL/23-24/305,Modified,0
2517,VH-05-101-2,5,101,2467,RetailInvoice,2023-11-10 00:00:00,,2023-11-16 00:00:00,Retail Sale Voucher No.RSL/23-24/306,New,0
2518,VH-05-101-3,5,101,2468,RetailInvoice,2023-11-10 00:00:00,,2023-11-16 00:00:00,Retail Sale Voucher No.RSL/23-24/307,New,0
2519,VH-05-101-4,5,101,2469,RetailInvoice,2023-11-10 00:00:00,,2023-11-16 00:00:00,Retail Sale Voucher No.RSL/23-24/308,New,0
2520,VH-05-101-5,5,101,2470,RetailInvoice,2023-11-10 00:00:00,,2023-11-16 00:00:00,Retail Sale Voucher No.RSL/23-24/309,New,0
2521,VH-05-101-6,5,101,2471,RetailInvoice,2023-11-10 00:00:00,,2023-11-16 00:00:00,Retail Sale Voucher No.RSL/23-24/310,New,0
2522,VH-05-101-7,5,101,2472,RetailInvoice,2023-11-10 00:00:00,,2023-11-16 00:00:00,Retail Sale Voucher No.RSL/23-24/311,New,0
2523,VH-05-101-1,5,101,2473,RetailInvoice,2023-11-10 00:00:00,,2023-11-16 00:00:00,Retail Sale Voucher No.RSL/23-24/312,Modified,0
2524,VH-05-101-2,5,101,2474,RetailInvoice,2023-11-10 00:00:00,,2023-11-16 00:00:00,Retail Sale Voucher No.RSL/23-24/313,New,0
2525,VH-05-101-3,5,101,2475,RetailInvoice,2023-11-10 00:00:00,,2023-11-16 00:00:00,Retail Sale Voucher No.RSL/23-24/314,New,0
2526,VH-05-101-4,5,101,2476,RetailInvoice,2023-11-10 00:00:00,,2023-11-16 00:00:00,Retail Sale Voucher No.RSL/23-24/315,New,0
2527,VH-05-101-5,5,101,2477,RetailInvoice,2023-11-10 00:00:00,,2023-11-16 00:00:00,Retail Sale Voucher No.RSL/23-24/316,New,0
2528,VH-05-101-1,5,101,2478,RetailInvoice,2023-11-11 00:00:00,,2023-11-16 00:00:00,Retail Sale Voucher No.RSL/23-24/317,New,0
2529,VH-05-101-2,5,101,2479,RetailInvoice,2023-11-11 00:00:00,,2023-11-16 00:00:00,Retail Sale Voucher No.RSL/23-24/318,New,0
2530,VH-05-101-3,5,101,2480,RetailInvoice,2023-11-11 00:00:00,,2023-11-16 00:00:00,Retail Sale Voucher No.RSL/23-24/319,New,0
2531,VH-05-101-1,5,101,2481,RetailInvoice,2023-11-11 00:00:00,,2023-11-16 00:00:00,Retail Sale Voucher No.RSL/23-24/320,Modified,0
2532,VH-05-101-2,5,101,2482,RetailInvoice,2023-11-11 00:00:00,,2023-11-16 00:00:00,Retail Sale Voucher No.RSL/23-24/321,New,0
2533,VH-05-101-6,5,101,2483,RetailInvoice,2023-11-11 00:00:00,,2023-11-16 00:00:00,Retail Sale Voucher No.RSL/23-24/322,Modified,0
2534,VH-05-101-1,5,101,2484,RetailInvoice,2023-11-11 00:00:00,,2023-11-16 00:00:00,Retail Sale Voucher No.RSL/23-24/323,Modified,0
2535,VH-05-101-1,5,101,2485,RetailInvoice,2023-11-11 00:00:00,,2023-11-17 00:00:00,Retail Sale Voucher No.RSL/23-24/324,Modified,0
2536,VH-05-101-2,5,101,2486,RetailInvoice,2023-11-11 00:00:00,,2023-11-16 00:00:00,Retail Sale Voucher No.RSL/23-24/325,New,0
2537,VH-05-101-3,5,101,2487,RetailInvoice,2023-11-11 00:00:00,,2023-11-16 00:00:00,Retail Sale Voucher No.RSL/23-24/326,New,0
2538,VH-05-101-4,5,101,2488,RetailInvoice,2023-11-11 00:00:00,,2023-11-16 00:00:00,Retail Sale Voucher No.RSL/23-24/327,New,0
2539,VH-05-101-5,5,101,2489,RetailInvoice,2023-11-11 00:00:00,,2023-11-16 00:00:00,Retail Sale Voucher No.RSL/23-24/328,New,0
2540,VH-05-101-1,5,101,2490,RetailInvoice,2023-11-12 00:00:00,,2023-11-16 00:00:00,Retail Sale Voucher No.RSL/23-24/329,New,0
2541,VH-05-101-2,5,101,2491,RetailInvoice,2023-11-12 00:00:00,,2023-11-16 00:00:00,Retail Sale Voucher No.RSL/23-24/330,New,0
2542,VH-05-101-3,5,101,2492,RetailInvoice,2023-11-12 00:00:00,,2023-11-16 00:00:00,Retail Sale Voucher No.RSL/23-24/331,New,0
2543,VH-05-101-1,5,101,2493,RetailInvoice,2023-11-13 00:00:00,,2023-11-16 00:00:00,Retail Sale Voucher No.RSL/23-24/332,New,0
2544,VH-05-101-2,5,101,2494,RetailInvoice,2023-11-13 00:00:00,,2023-11-16 00:00:00,Retail Sale Voucher No.RSL/23-24/333,New,0
2545,VH-05-101-3,5,101,2495,RetailInvoice,2023-11-13 00:00:00,,2023-11-16 00:00:00,Retail Sale Voucher No.RSL/23-24/334,New,0
2546,VH-05-101-1,5,101,2496,RetailInvoice,2023-11-14 00:00:00,,2023-11-16 00:00:00,Retail Sale Voucher No.RSL/23-24/335,New,0
2547,VH-05-101-1,5,101,2497,RetailInvoice,2023-11-15 00:00:00,,2023-11-17 00:00:00,Retail Sale Voucher No.RSL/23-24/336,New,0
2548,VH-05-101-2,5,101,2498,RetailInvoice,2023-11-15 00:00:00,,2023-11-17 00:00:00,Retail Sale Voucher No.RSL/23-24/337,New,0
2549,VH-05-101-3,5,101,2499,RetailInvoice,2023-11-15 00:00:00,,2023-11-17 00:00:00,Retail Sale Voucher No.RSL/23-24/338,New,0
2550,VH-05-101-4,5,101,2500,RetailInvoice,2023-11-15 00:00:00,,2023-11-17 00:00:00,Retail Sale Voucher No.RSL/23-24/339,New,0
2551,VH-05-101-1,5,101,2501,RetailInvoice,2023-11-16 00:00:00,,2023-11-17 00:00:00,Retail Sale Voucher No.RSL/23-24/340,New,0
2552,VH-05-101-1,5,101,2502,RetailInvoice,2023-11-16 00:00:00,,2023-11-17 00:00:00,Retail Sale Voucher No.RSL/23-24/341,Modified,0
2553,VH-05-101-1,5,101,2503,RetailInvoice,2023-11-17 00:00:00,,2023-11-17 00:00:00,Retail Sale Voucher No.RSL/23-24/342,New,0
2554,VH-05-101-2,5,101,2504,RetailInvoice,2023-11-17 00:00:00,,2023-11-18 00:00:00,Retail Sale Voucher No.RSL/23-24/343,New,0
2555,VH-05-101-1,5,101,2505,RetailInvoice,2023-11-18 00:00:00,,2023-11-18 00:00:00,Retail Sale Voucher No.RSL/23-24/344,New,0
2556,VH-05-101-2,5,101,2506,RetailInvoice,2023-11-18 00:00:00,,2023-11-18 00:00:00,Retail Sale Voucher No.RSL/23-24/345,New,0
2557,VH-05-101-3,5,101,2507,RetailInvoice,2023-11-18 00:00:00,,2023-11-18 00:00:00,Retail Sale Voucher No.RSL/23-24/346,New,0
2558,VH-05-101-1,5,101,2508,RetailInvoice,2023-11-19 00:00:00,,2023-11-19 00:00:00,Retail Sale Voucher No.RSL/23-24/347,New,0
2559,VH-05-101-1,5,101,2509,RetailInvoice,2023-11-20 00:00:00,,2023-11-20 00:00:00,Retail Sale Voucher No.RSL/23-24/348,New,0
2560,VH-05-101-2,5,101,2510,RetailInvoice,2023-11-20 00:00:00,,2023-11-20 00:00:00,Retail Sale Voucher No.RSL/23-24/349,New,0
2561,VH-05-101-3,5,101,2511,RetailInvoice,2023-11-20 00:00:00,,2023-11-20 00:00:00,Retail Sale Voucher No.RSL/23-24/350,New,0
2562,VH-05-101-1,5,101,2512,RetailInvoice,2023-11-21 00:00:00,,2023-11-21 00:00:00,Retail Sale Voucher No.RSL/23-24/351,New,0
2563,VH-05-101-2,5,101,2513,RetailInvoice,2023-11-21 00:00:00,,2023-11-21 00:00:00,Retail Sale Voucher No.RSL/23-24/352,New,0
2564,VH-05-101-3,5,101,2514,RetailInvoice,2023-11-21 00:00:00,,2023-11-21 00:00:00,Retail Sale Voucher No.RSL/23-24/353,New,0
2565,VH-05-101-4,5,101,2515,RetailInvoice,2023-11-21 00:00:00,,2023-11-21 00:00:00,Retail Sale Voucher No.RSL/23-24/354,New,0
2566,VH-05-101-1,5,101,2516,RetailInvoice,2023-11-22 00:00:00,,2023-11-22 00:00:00,Retail Sale Voucher No.RSL/23-24/355,New,0
2567,VH-05-101-2,5,101,2517,RetailInvoice,2023-11-22 00:00:00,,2023-11-22 00:00:00,Retail Sale Voucher No.RSL/23-24/356,New,0
2568,VH-05-101-1,5,101,2518,RetailInvoice,2023-11-24 00:00:00,,2023-11-24 00:00:00,Retail Sale Voucher No.RSL/23-24/357,New,0
2569,VH-05-101-2,5,101,2519,RetailInvoice,2023-11-24 00:00:00,,2023-11-24 00:00:00,Retail Sale Voucher No.RSL/23-24/358,New,0
2570,VH-05-101-1,5,101,2520,RetailInvoice,2023-11-25 00:00:00,,2023-11-25 00:00:00,Retail Sale Voucher No.RSL/23-24/359,New,0
2571,VH-05-101-2,5,101,2521,RetailInvoice,2023-11-25 00:00:00,,2023-11-25 00:00:00,Retail Sale Voucher No.RSL/23-24/360,New,0
2572,VH-05-101-3,5,101,2522,RetailInvoice,2023-11-25 00:00:00,,2023-11-26 00:00:00,Retail Sale Voucher No.RSL/23-24/361,New,0
2573,VH-05-101-1,5,101,2523,RetailInvoice,2023-11-26 00:00:00,,2023-11-26 00:00:00,Retail Sale Voucher No.RSL/23-24/362,New,0
2574,VH-05-101-2,5,101,2524,RetailInvoice,2023-11-26 00:00:00,,2023-11-26 00:00:00,Retail Sale Voucher No.RSL/23-24/363,New,0
2575,VH-05-101-3,5,101,2525,RetailInvoice,2023-11-26 00:00:00,,2023-11-26 00:00:00,Retail Sale Voucher No.RSL/23-24/364,New,0
2576,VH-05-101-4,5,101,2526,RetailInvoice,2023-11-26 00:00:00,,2023-11-27 00:00:00,Retail Sale Voucher No.RSL/23-24/365,New,0
2577,VH-05-101-1,5,101,2527,RetailInvoice,2023-11-27 00:00:00,,2023-11-27 00:00:00,Retail Sale Voucher No.RSL/23-24/366,New,0
2578,VH-05-101-2,5,101,2528,RetailInvoice,2023-11-27 00:00:00,,2023-11-29 00:00:00,Retail Sale Voucher No.RSL/23-24/367,New,0
2579,VH-05-101-1,5,101,2529,RetailInvoice,2023-11-30 00:00:00,,2023-12-03 00:00:00,Retail Sale Voucher No.RSL/23-24/368,Modified,0
2580,VH-05-101-2,5,101,2530,RetailInvoice,2023-11-30 00:00:00,,2023-12-03 00:00:00,Retail Sale Voucher No.RSL/23-24/369,New,0
2581,VH-05-101-3,5,101,2531,RetailInvoice,2023-11-30 00:00:00,,2023-12-03 00:00:00,Retail Sale Voucher No.RSL/23-24/370,New,0
2582,VH-05-101-1,5,101,2532,RetailInvoice,2023-12-01 00:00:00,,2023-12-03 00:00:00,Retail Sale Voucher No.RSL/23-24/371,New,0
2583,VH-05-101-1,5,101,2533,RetailInvoice,2023-12-02 00:00:00,,2023-12-03 00:00:00,Retail Sale Voucher No.RSL/23-24/372,New,0
2584,VH-05-101-1,5,101,2534,RetailInvoice,2023-12-03 00:00:00,,2023-12-03 00:00:00,Retail Sale Voucher No.RSL/23-24/373,New,0
2585,VH-05-101-2,5,101,2535,RetailInvoice,2023-12-03 00:00:00,,2023-12-03 00:00:00,Retail Sale Voucher No.RSL/23-24/374,New,0
2586,VH-05-101-1,5,101,2536,RetailInvoice,2023-12-04 00:00:00,,2023-12-04 00:00:00,Retail Sale Voucher No.RSL/23-24/375,New,0
2587,VH-05-101-1,5,101,2537,RetailInvoice,2023-12-05 00:00:00,,2023-12-06 00:00:00,Retail Sale Voucher No.RSL/23-24/376,New,0
2588,VH-05-101-2,5,101,2538,RetailInvoice,2023-12-05 00:00:00,,2023-12-06 00:00:00,Retail Sale Voucher No.RSL/23-24/377,New,0
2589,VH-05-101-1,5,101,2539,RetailInvoice,2023-12-07 00:00:00,,2023-12-07 00:00:00,Retail Sale Voucher No.RSL/23-24/378,New,0
2590,VH-05-101-2,5,101,2540,RetailInvoice,2023-12-07 00:00:00,,2023-12-07 00:00:00,Retail Sale Voucher No.RSL/23-24/379,New,0
2591,VH-05-101-1,5,101,2541,RetailInvoice,2023-12-08 00:00:00,,2023-12-08 00:00:00,Retail Sale Voucher No.RSL/23-24/380,New,0
2592,VH-05-101-1,5,101,2542,RetailInvoice,2023-12-09 00:00:00,,2023-12-09 00:00:00,Retail Sale Voucher No.RSL/23-24/381,New,0
2593,VH-05-101-1,5,101,2543,RetailInvoice,2023-12-10 00:00:00,,2023-12-10 00:00:00,Retail Sale Voucher No.RSL/23-24/382,New,0
2594,VH-05-101-2,5,101,2544,RetailInvoice,2023-12-10 00:00:00,,2023-12-10 00:00:00,Retail Sale Voucher No.RSL/23-24/383,Modified,0
2595,VH-05-101-2,5,101,2545,RetailInvoice,2023-12-10 00:00:00,,2023-12-10 00:00:00,Retail Sale Voucher No.RSL/23-24/384,New,0
2596,VH-05-101-3,5,101,2546,RetailInvoice,2023-12-10 00:00:00,,2023-12-10 00:00:00,Retail Sale Voucher No.RSL/23-24/385,New,0
2597,VH-05-101-4,5,101,2547,RetailInvoice,2023-12-10 00:00:00,,2023-12-10 00:00:00,Retail Sale Voucher No.RSL/23-24/386,New,0
2598,VH-05-101-1,5,101,2548,RetailInvoice,2023-12-11 00:00:00,,2023-12-11 00:00:00,Retail Sale Voucher No.RSL/23-24/387,New,0
2599,VH-05-101-2,5,101,2549,RetailInvoice,2023-12-11 00:00:00,,2023-12-11 00:00:00,Retail Sale Voucher No.RSL/23-24/388,New,0
2600,VH-05-101-3,5,101,2550,RetailInvoice,2023-12-11 00:00:00,,2023-12-11 00:00:00,Retail Sale Voucher No.RSL/23-24/389,New,0
2601,VH-05-101-4,5,101,2551,RetailInvoice,2023-12-11 00:00:00,,2023-12-12 00:00:00,Retail Sale Voucher No.RSL/23-24/390,Modified,0
2602,VH-05-101-1,5,101,2552,RetailInvoice,2023-12-12 00:00:00,,2023-12-12 00:00:00,Retail Sale Voucher No.RSL/23-24/391,New,0
2603,VH-05-101-1,5,101,2553,RetailInvoice,2023-12-14 00:00:00,,2023-12-15 00:00:00,Retail Sale Voucher No.RSL/23-24/392,New,0
2604,VH-05-101-1,5,101,2554,RetailInvoice,2023-12-15 00:00:00,,2023-12-15 00:00:00,Retail Sale Voucher No.RSL/23-24/393,New,0
2605,VH-05-101-1,5,101,2555,RetailInvoice,2023-12-17 00:00:00,,2023-12-17 00:00:00,Retail Sale Voucher No.RSL/23-24/394,New,0
2606,VH-05-101-2,5,101,47,OldMetalPurchase,2023-12-17 00:00:00,,2023-12-17 00:00:00,Old Purchase Voucher No - OLP/23-24/20,New,0
2607,VH-05-101-3,5,101,2556,RetailInvoice,2023-12-17 00:00:00,,2023-12-17 00:00:00,Retail Sale Voucher No.RSL/23-24/395,New,0
2608,VH-05-101-4,5,101,2557,RetailInvoice,2023-12-17 00:00:00,,2023-12-17 00:00:00,Retail Sale Voucher No.RSL/23-24/396,New,0
2609,VH-05-101-1,5,101,2558,RetailInvoice,2023-12-18 00:00:00,,2023-12-22 00:00:00,Retail Sale Voucher No.RSL/23-24/397,New,0
2610,VH-05-101-2,5,101,2559,RetailInvoice,2023-12-18 00:00:00,,2023-12-22 00:00:00,Retail Sale Voucher No.RSL/23-24/398,New,0
2611,VH-05-101-1,5,101,2560,RetailInvoice,2023-12-19 00:00:00,,2023-12-22 00:00:00,Retail Sale Voucher No.RSL/23-24/399,New,0
2612,VH-05-101-1,5,101,2561,RetailInvoice,2023-12-20 00:00:00,,2023-12-22 00:00:00,Retail Sale Voucher No.RSL/23-24/400,New,0
2613,VH-05-101-1,5,101,2562,RetailInvoice,2023-12-21 00:00:00,,2023-12-22 00:00:00,Retail Sale Voucher No.RSL/23-24/401,New,0
2614,VH-05-101-1,5,101,2563,RetailInvoice,2023-12-22 00:00:00,,2023-12-22 00:00:00,Retail Sale Voucher No.RSL/23-24/402,New,0
2615,VH-05-101-1,5,101,2564,RetailInvoice,2023-12-24 00:00:00,,2023-12-24 00:00:00,Retail Sale Voucher No.RSL/23-24/403,New,0
2616,VH-05-101-1,5,101,2565,RetailInvoice,2023-12-25 00:00:00,,2023-12-26 00:00:00,Retail Sale Voucher No.RSL/23-24/404,New,0
2617,VH-05-101-1,5,101,2566,RetailInvoice,2023-12-26 00:00:00,,2023-12-26 00:00:00,Retail Sale Voucher No.RSL/23-24/405,New,0
2618,VH-05-101-1,5,101,2567,RetailInvoice,2023-12-27 00:00:00,,2023-12-27 00:00:00,Retail Sale Voucher No.RSL/23-24/406,New,0
2619,VH-05-101-2,5,101,2568,RetailInvoice,2023-12-27 00:00:00,,2023-12-27 00:00:00,Retail Sale Voucher No.RSL/23-24/407,New,0
2620,VH-05-101-3,5,101,2569,RetailInvoice,2023-12-27 00:00:00,,2023-12-27 00:00:00,Retail Sale Voucher No.RSL/23-24/408,New,0
2621,VH-05-101-4,5,101,2570,RetailInvoice,2023-12-27 00:00:00,,2023-12-28 00:00:00,Retail Sale Voucher No.RSL/23-24/409,New,0
2622,VH-05-101-1,5,101,2571,RetailInvoice,2023-12-29 00:00:00,,2023-12-29 00:00:00,Retail Sale Voucher No.RSL/23-24/410,New,0
2623,VH-05-101-2,5,101,2572,RetailInvoice,2023-12-29 00:00:00,,2023-12-29 00:00:00,Retail Sale Voucher No.RSL/23-24/411,New,0
2624,VH-05-101-1,5,101,2573,RetailInvoice,2023-12-31 00:00:00,,2024-01-02 00:00:00,Retail Sale Voucher No.RSL/23-24/412,New,0
2625,VH-05-101-1,5,101,2574,RetailInvoice,2024-01-01 00:00:00,,2024-01-02 00:00:00,Retail Sale Voucher No.RSL/23-24/413,New,0
2626,VH-05-101-2,5,101,2575,RetailInvoice,2024-01-01 00:00:00,,2024-01-02 00:00:00,Retail Sale Voucher No.RSL/23-24/414,New,0
2627,VH-05-101-3,5,101,2576,RetailInvoice,2024-01-01 00:00:00,,2024-01-02 00:00:00,Retail Sale Voucher No.RSL/23-24/415,New,0
2628,VH-05-101-1,5,101,2577,RetailInvoice,2024-01-02 00:00:00,,2024-01-02 00:00:00,Retail Sale Voucher No.RSL/23-24/416,New,0
2629,VH-05-101-1,5,101,2578,RetailInvoice,2024-01-05 00:00:00,,2024-01-05 00:00:00,Retail Sale Voucher No.RSL/23-24/417,New,0
2630,VH-05-101-1,5,101,2579,RetailInvoice,2024-01-05 00:00:00,,2024-01-07 00:00:00,Retail Sale Voucher No.RSL/23-24/418,Modified,0
2631,VH-05-101-2,5,101,2580,RetailInvoice,2024-01-06 00:00:00,,2024-01-07 00:00:00,Retail Sale Voucher No.RSL/23-24/419,Modified,0
2632,VH-05-101-3,5,101,2581,RetailInvoice,2024-01-06 00:00:00,,2024-01-07 00:00:00,Retail Sale Voucher No.RSL/23-24/420,Modified,0
2633,VH-05-101-1,5,101,2582,RetailInvoice,2024-01-08 00:00:00,,2024-01-09 00:00:00,Retail Sale Voucher No.RSL/23-24/421,New,0
2634,VH-05-101-1,5,101,2583,RetailInvoice,2024-01-10 00:00:00,,2024-02-01 00:00:00,Retail Sale Voucher No.RSL/23-24/422,Modified,0
2635,VH-05-101-2,5,101,2584,RetailInvoice,2024-01-10 00:00:00,,2024-01-10 00:00:00,Retail Sale Voucher No.RSL/23-24/423,New,0
2636,VH-05-101-1,5,101,2585,RetailInvoice,2024-01-12 00:00:00,,2024-01-14 00:00:00,Retail Sale Voucher No.RSL/23-24/424,Modified,0
2637,VH-05-101-2,5,101,2586,RetailInvoice,2024-01-12 00:00:00,,2024-01-13 00:00:00,Retail Sale Voucher No.RSL/23-24/425,New,0
2638,VH-05-101-3,5,101,2587,RetailInvoice,2024-01-12 00:00:00,,2024-01-13 00:00:00,Retail Sale Voucher No.RSL/23-24/426,New,0
2639,VH-05-101-1,5,101,2588,RetailInvoice,2024-01-13 00:00:00,,2024-01-13 00:00:00,Retail Sale Voucher No.RSL/23-24/427,New,0
2640,VH-05-101-2,5,101,2589,RetailInvoice,2024-01-13 00:00:00,,2024-01-13 00:00:00,Retail Sale Voucher No.RSL/23-24/428,New,0
2641,VH-05-101-1,5,101,2590,RetailInvoice,2024-01-14 00:00:00,,2024-01-14 00:00:00,Retail Sale Voucher No.RSL/23-24/429,New,0
2642,VH-05-101-2,5,101,2591,RetailInvoice,2024-01-14 00:00:00,,2024-01-14 00:00:00,Retail Sale Voucher No.RSL/23-24/430,New,0
2643,VH-05-101-3,5,101,2592,RetailInvoice,2024-01-14 00:00:00,,2024-01-14 00:00:00,Retail Sale Voucher No.RSL/23-24/431,New,0
2644,VH-05-101-4,5,101,2593,RetailInvoice,2024-01-14 00:00:00,,2024-01-14 00:00:00,Retail Sale Voucher No.RSL/23-24/432,New,0
2645,VH-05-101-1,5,101,2594,RetailInvoice,2024-01-15 00:00:00,,2024-01-16 00:00:00,Retail Sale Voucher No.RSL/23-24/433,New,0
2646,VH-05-101-1,5,101,2595,RetailInvoice,2024-01-16 00:00:00,,2024-01-16 00:00:00,Retail Sale Voucher No.RSL/23-24/434,New,0
2647,VH-05-101-2,5,101,2596,RetailInvoice,2024-01-16 00:00:00,,2024-01-17 00:00:00,Retail Sale Voucher No.RSL/23-24/435,New,0
2648,VH-05-101-3,5,101,2597,RetailInvoice,2024-01-16 00:00:00,,2024-01-17 00:00:00,Retail Sale Voucher No.RSL/23-24/436,New,0
2649,VH-05-101-1,5,101,2598,RetailInvoice,2024-01-17 00:00:00,,2024-01-18 00:00:00,Retail Sale Voucher No.RSL/23-24/437,New,0
2650,VH-05-101-1,5,101,2599,RetailInvoice,2024-01-18 00:00:00,,2024-01-18 00:00:00,Retail Sale Voucher No.RSL/23-24/438,New,0
2651,VH-05-101-2,5,101,2600,RetailInvoice,2024-01-18 00:00:00,,2024-01-18 00:00:00,Retail Sale Voucher No.RSL/23-24/439,New,0
2652,VH-05-101-1,5,101,2601,RetailInvoice,2024-01-19 00:00:00,,2024-01-19 00:00:00,Retail Sale Voucher No.RSL/23-24/440,New,0
2653,VH-05-101-2,5,101,2602,RetailInvoice,2024-01-19 00:00:00,,2024-01-19 00:00:00,Retail Sale Voucher No.RSL/23-24/441,New,0
2654,VH-05-101-3,5,101,2603,RetailInvoice,2024-01-19 00:00:00,,2024-01-19 00:00:00,Retail Sale Voucher No.RSL/23-24/442,New,0
2655,VH-05-101-4,5,101,2604,RetailInvoice,2024-01-19 00:00:00,,2024-01-19 00:00:00,Retail Sale Voucher No.RSL/23-24/443,New,0
2656,VH-05-101-5,5,101,2605,RetailInvoice,2024-01-19 00:00:00,,2024-01-19 00:00:00,Retail Sale Voucher No.RSL/23-24/444,New,0
2657,VH-05-101-6,5,101,2606,RetailInvoice,2024-01-19 00:00:00,,2024-01-19 00:00:00,Retail Sale Voucher No.RSL/23-24/445,New,0
2658,VH-05-101-7,5,101,2607,RetailInvoice,2024-01-19 00:00:00,,2024-01-19 00:00:00,Retail Sale Voucher No.RSL/23-24/446,New,0
2659,VH-05-101-1,5,101,2608,RetailInvoice,2024-01-21 00:00:00,,2024-01-21 00:00:00,Retail Sale Voucher No.RSL/23-24/447,New,0
2660,VH-05-101-2,5,101,2609,RetailInvoice,2024-01-21 00:00:00,,2024-01-21 00:00:00,Retail Sale Voucher No.RSL/23-24/448,New,0
2661,VH-05-101-3,5,101,2610,RetailInvoice,2024-01-21 00:00:00,,2024-01-21 00:00:00,Retail Sale Voucher No.RSL/23-24/449,New,0
2662,VH-05-101-4,5,101,2611,RetailInvoice,2024-01-21 00:00:00,,2024-01-21 00:00:00,Retail Sale Voucher No.RSL/23-24/450,New,0
2663,VH-05-101-5,5,101,2612,RetailInvoice,2024-01-21 00:00:00,,2024-01-21 00:00:00,Retail Sale Voucher No.RSL/23-24/451,New,0
2664,VH-05-101-1,5,101,2613,RetailInvoice,2024-01-22 00:00:00,,2024-01-22 00:00:00,Retail Sale Voucher No.RSL/23-24/452,New,0
2665,VH-05-101-2,5,101,2614,RetailInvoice,2024-01-22 00:00:00,,2024-01-22 00:00:00,Retail Sale Voucher No.RSL/23-24/453,New,0
2666,VH-05-101-3,5,101,2615,RetailInvoice,2024-01-22 00:00:00,,2024-01-22 00:00:00,Retail Sale Voucher No.RSL/23-24/454,New,0
2667,VH-05-101-1,5,101,2616,RetailInvoice,2024-01-23 00:00:00,,2024-01-23 00:00:00,Retail Sale Voucher No.RSL/23-24/455,New,0
2668,VH-05-101-2,5,101,2617,RetailInvoice,2024-01-23 00:00:00,,2024-01-23 00:00:00,Retail Sale Voucher No.RSL/23-24/456,New,0
2669,VH-05-101-3,5,101,2618,RetailInvoice,2024-01-23 00:00:00,,2024-01-25 00:00:00,Retail Sale Voucher No.RSL/23-24/457,New,0
2670,VH-05-101-1,5,101,2619,RetailInvoice,2024-01-24 00:00:00,,2024-01-25 00:00:00,Retail Sale Voucher No.RSL/23-24/458,New,0
2671,VH-05-101-2,5,101,2620,RetailInvoice,2024-01-24 00:00:00,,2024-01-25 00:00:00,Retail Sale Voucher No.RSL/23-24/459,New,0
2672,VH-05-101-1,5,101,2621,RetailInvoice,2024-01-25 00:00:00,,2024-01-25 00:00:00,Retail Sale Voucher No.RSL/23-24/460,New,0
2673,VH-05-101-1,5,101,2622,RetailInvoice,2024-01-27 00:00:00,,2024-01-27 00:00:00,Retail Sale Voucher No.RSL/23-24/461,New,0
2674,VH-05-101-1,5,101,2623,RetailInvoice,2024-01-28 00:00:00,,2024-01-28 00:00:00,Retail Sale Voucher No.RSL/23-24/462,New,0
2675,VH-05-101-2,5,101,2624,RetailInvoice,2024-01-28 00:00:00,,2024-01-28 00:00:00,Retail Sale Voucher No.RSL/23-24/463,New,0
2676,VH-05-101-1,5,101,2625,RetailInvoice,2024-01-29 00:00:00,,2024-01-29 00:00:00,Retail Sale Voucher No.RSL/23-24/464,New,0
2677,VH-05-101-2,5,101,2626,RetailInvoice,2024-01-29 00:00:00,,2024-01-29 00:00:00,Retail Sale Voucher No.RSL/23-24/465,Modified,0
2678,VH-05-101-3,5,101,48,OldMetalPurchase,2024-01-29 00:00:00,,2024-01-29 00:00:00,Old Purchase Voucher No - OLP/23-24/21,New,0
2679,VH-05-101-4,5,101,2627,RetailInvoice,2024-01-29 00:00:00,,2024-01-29 00:00:00,Retail Sale Voucher No.RSL/23-24/466,New,0
2680,VH-05-101-5,5,101,2628,RetailInvoice,2024-01-29 00:00:00,,2024-01-30 00:00:00,Retail Sale Voucher No.RSL/23-24/467,New,0
2681,VH-05-101-6,5,101,2629,RetailInvoice,2024-01-29 00:00:00,,2024-01-30 00:00:00,Retail Sale Voucher No.RSL/23-24/468,New,0
2682,VH-05-101-1,5,101,2630,RetailInvoice,2024-01-30 00:00:00,,2024-01-30 00:00:00,Retail Sale Voucher No.RSL/23-24/469,New,0
2683,VH-05-101-2,5,101,2631,RetailInvoice,2024-01-30 00:00:00,,2024-01-30 00:00:00,Retail Sale Voucher No.RSL/23-24/470,New,0
2684,VH-05-101-1,5,101,2632,RetailInvoice,2024-01-31 00:00:00,,2024-01-31 00:00:00,Retail Sale Voucher No.RSL/23-24/471,New,0
2685,VH-05-101-1,5,101,2633,RetailInvoice,2024-02-01 00:00:00,,2024-02-01 00:00:00,Retail Sale Voucher No.RSL/23-24/472,New,0
2686,VH-05-101-1,5,101,2634,RetailInvoice,2024-02-03 00:00:00,,2024-02-03 00:00:00,Retail Sale Voucher No.RSL/23-24/473,New,0
2687,VH-05-101-2,5,101,2635,RetailInvoice,2024-02-03 00:00:00,,2024-02-03 00:00:00,Retail Sale Voucher No.RSL/23-24/474,New,0
2688,VH-05-101-1,5,101,49,OldMetalPurchase,2024-02-04 00:00:00,,2024-02-04 00:00:00,Old Purchase Voucher No - OLP/23-24/22,New,0
2689,VH-05-101-2,5,101,2636,RetailInvoice,2024-02-04 00:00:00,,2024-02-04 00:00:00,Retail Sale Voucher No.RSL/23-24/475,New,0
2690,VH-05-101-1,5,101,2637,RetailInvoice,2024-02-05 00:00:00,,2024-02-05 00:00:00,Retail Sale Voucher No.RSL/23-24/476,New,0
2691,VH-05-101-2,5,101,2638,RetailInvoice,2024-02-05 00:00:00,,2024-02-05 00:00:00,Retail Sale Voucher No.RSL/23-24/477,New,0
2692,VH-05-101-1,5,101,2639,RetailInvoice,2024-02-06 00:00:00,,2024-02-07 00:00:00,Retail Sale Voucher No.RSL/23-24/478,New,0
2693,VH-05-101-1,5,101,2640,RetailInvoice,2024-02-07 00:00:00,,2024-02-07 00:00:00,Retail Sale Voucher No.RSL/23-24/479,New,0
2694,VH-05-101-2,5,101,2641,RetailInvoice,2024-02-07 00:00:00,,2024-02-07 00:00:00,Retail Sale Voucher No.RSL/23-24/480,New,0
2695,VH-05-101-3,5,101,2642,RetailInvoice,2024-02-07 00:00:00,,2024-02-07 00:00:00,Retail Sale Voucher No.RSL/23-24/481,New,0
2696,VH-05-101-4,5,101,2643,RetailInvoice,2024-02-07 00:00:00,,2024-02-07 00:00:00,Retail Sale Voucher No.RSL/23-24/482,New,0
2697,VH-05-101-5,5,101,2644,RetailInvoice,2024-02-07 00:00:00,,2024-02-07 00:00:00,Retail Sale Voucher No.RSL/23-24/483,New,0
2698,VH-05-101-1,5,101,2645,RetailInvoice,2024-02-08 00:00:00,,2024-02-08 00:00:00,Retail Sale Voucher No.RSL/23-24/484,New,0
2699,VH-05-101-2,5,101,2646,RetailInvoice,2024-02-08 00:00:00,,2024-02-09 00:00:00,Retail Sale Voucher No.RSL/23-24/485,New,0
2700,VH-05-101-1,5,101,2647,RetailInvoice,2024-02-09 00:00:00,,2024-02-09 00:00:00,Retail Sale Voucher No.RSL/23-24/486,New,0
2701,VH-05-101-1,5,101,2648,RetailInvoice,2024-02-11 00:00:00,,2024-02-11 00:00:00,Retail Sale Voucher No.RSL/23-24/487,New,0
2702,VH-05-101-1,5,101,2649,RetailInvoice,2024-02-12 00:00:00,,2024-02-12 00:00:00,Retail Sale Voucher No.RSL/23-24/488,New,0
2703,VH-05-101-1,5,101,2650,RetailInvoice,2024-02-13 00:00:00,,2024-02-13 00:00:00,Retail Sale Voucher No.RSL/23-24/489,New,0
2704,VH-05-101-2,5,101,2651,RetailInvoice,2024-02-13 00:00:00,,2024-02-13 00:00:00,Retail Sale Voucher No.RSL/23-24/490,New,0
2705,VH-05-101-3,5,101,2652,RetailInvoice,2024-02-13 00:00:00,,2024-02-13 00:00:00,Retail Sale Voucher No.RSL/23-24/491,New,0
2706,VH-05-101-1,5,101,2653,RetailInvoice,2024-02-14 00:00:00,,2024-02-14 00:00:00,Retail Sale Voucher No.RSL/23-24/492,New,0
2707,VH-05-101-2,5,101,2654,RetailInvoice,2024-02-14 00:00:00,,2024-02-14 00:00:00,Retail Sale Voucher No.RSL/23-24/493,New,0
2708,VH-05-101-3,5,101,2655,RetailInvoice,2024-02-14 00:00:00,,2024-02-14 00:00:00,Retail Sale Voucher No.RSL/23-24/494,New,0
2709,VH-05-101-4,5,101,2656,RetailInvoice,2024-02-14 00:00:00,,2024-02-14 00:00:00,Retail Sale Voucher No.RSL/23-24/495,New,0
2710,VH-05-101-1,5,101,2657,RetailInvoice,2024-02-16 00:00:00,,2024-02-16 00:00:00,Retail Sale Voucher No.RSL/23-24/496,New,0
2711,VH-05-101-2,5,101,2658,RetailInvoice,2024-02-16 00:00:00,,2024-02-16 00:00:00,Retail Sale Voucher No.RSL/23-24/497,New,0
2712,VH-05-101-3,5,101,2659,RetailInvoice,2024-02-16 00:00:00,,2024-02-20 00:00:00,Retail Sale Voucher No.RSL/23-24/498,New,0
2713,VH-05-101-1,5,101,2660,RetailInvoice,2024-02-17 00:00:00,,2024-02-20 00:00:00,Retail Sale Voucher No.RSL/23-24/499,New,0
2714,VH-05-101-1,5,101,2661,RetailInvoice,2024-02-18 00:00:00,,2024-02-20 00:00:00,Retail Sale Voucher No.RSL/23-24/500,New,0
2715,VH-05-101-2,5,101,2662,RetailInvoice,2024-02-18 00:00:00,,2024-02-20 00:00:00,Retail Sale Voucher No.RSL/23-24/501,New,0
2716,VH-05-101-3,5,101,2663,RetailInvoice,2024-02-18 00:00:00,,2024-02-20 00:00:00,Retail Sale Voucher No.RSL/23-24/502,New,0
2717,VH-05-101-1,5,101,2664,RetailInvoice,2024-02-19 00:00:00,,2024-02-20 00:00:00,Retail Sale Voucher No.RSL/23-24/503,New,0
2718,VH-05-101-1,5,101,2665,RetailInvoice,2024-02-19 00:00:00,,2024-02-20 00:00:00,Retail Sale Voucher No.RSL/23-24/504,Modified,0
2719,VH-05-101-2,5,101,2666,RetailInvoice,2024-02-19 00:00:00,,2024-02-20 00:00:00,Retail Sale Voucher No.RSL/23-24/505,New,0
2720,VH-05-101-1,5,101,2667,RetailInvoice,2024-02-20 00:00:00,,2024-02-20 00:00:00,Retail Sale Voucher No.RSL/23-24/506,New,0
2721,VH-05-101-1,5,101,2668,RetailInvoice,2024-02-22 00:00:00,,2024-02-22 00:00:00,Retail Sale Voucher No.RSL/23-24/507,New,0
2722,VH-05-101-2,5,101,2669,RetailInvoice,2024-02-22 00:00:00,,2024-02-22 00:00:00,Retail Sale Voucher No.RSL/23-24/508,New,0
2723,VH-05-101-3,5,101,2670,RetailInvoice,2024-02-22 00:00:00,,2024-02-22 00:00:00,Retail Sale Voucher No.RSL/23-24/509,New,0
2724,VH-05-101-4,5,101,2671,RetailInvoice,2024-02-22 00:00:00,,2024-02-22 00:00:00,Retail Sale Voucher No.RSL/23-24/510,New,0
2725,VH-05-101-5,5,101,2672,RetailInvoice,2024-02-22 00:00:00,,2024-02-22 00:00:00,Retail Sale Voucher No.RSL/23-24/511,New,0
2726,VH-05-101-1,5,101,2673,RetailInvoice,2024-02-23 00:00:00,,2024-02-23 00:00:00,Retail Sale Voucher No.RSL/23-24/512,New,0
2727,VH-05-101-1,5,101,2674,RetailInvoice,2024-02-24 00:00:00,,2024-02-24 00:00:00,Retail Sale Voucher No.RSL/23-24/513,New,0
2728,VH-05-101-1,5,101,2675,RetailInvoice,2024-02-25 00:00:00,,2024-02-25 00:00:00,Retail Sale Voucher No.RSL/23-24/514,New,0
2729,VH-05-101-2,5,101,2676,RetailInvoice,2024-02-25 00:00:00,,2024-02-25 00:00:00,Retail Sale Voucher No.RSL/23-24/515,New,0
2730,VH-05-101-3,5,101,2677,RetailInvoice,2024-02-25 00:00:00,,2024-02-25 00:00:00,Retail Sale Voucher No.RSL/23-24/516,New,0
2731,VH-05-101-1,5,101,2678,RetailInvoice,2024-02-26 00:00:00,,2024-02-26 00:00:00,Retail Sale Voucher No.RSL/23-24/517,New,0
2732,VH-05-101-1,5,101,2679,RetailInvoice,2024-02-29 00:00:00,,2024-02-29 00:00:00,Retail Sale Voucher No.RSL/23-24/518,New,0
2733,VH-05-101-2,5,101,2680,RetailInvoice,2024-02-29 00:00:00,,2024-02-29 00:00:00,Retail Sale Voucher No.RSL/23-24/519,New,0
2734,VH-05-101-3,5,101,2681,RetailInvoice,2024-02-29 00:00:00,,2024-03-01 00:00:00,Retail Sale Voucher No.RSL/23-24/520,New,0
2735,VH-05-101-4,5,101,2682,RetailInvoice,2024-02-29 00:00:00,,2024-03-01 00:00:00,Retail Sale Voucher No.RSL/23-24/521,New,0
2736,VH-05-101-1,5,101,2683,RetailInvoice,2024-03-01 00:00:00,,2024-03-01 00:00:00,Retail Sale Voucher No.RSL/23-24/522,New,0
2737,VH-05-101-1,5,101,2684,RetailInvoice,2024-03-01 00:00:00,,2024-03-02 00:00:00,Retail Sale Voucher No.RSL/23-24/523,Modified,0
2738,VH-05-101-1,5,101,2685,RetailInvoice,2024-03-02 00:00:00,,2024-03-02 00:00:00,Retail Sale Voucher No.RSL/23-24/524,New,0
2739,VH-05-101-1,5,101,2686,RetailInvoice,2024-03-03 00:00:00,,2024-03-03 00:00:00,Retail Sale Voucher No.RSL/23-24/525,New,0
2740,VH-05-101-1,5,101,2687,RetailInvoice,2024-03-04 00:00:00,,2024-03-04 00:00:00,Retail Sale Voucher No.RSL/23-24/526,New,0
2741,VH-05-101-2,5,101,2688,RetailInvoice,2024-03-04 00:00:00,,2024-03-04 00:00:00,Retail Sale Voucher No.RSL/23-24/527,New,0
2742,VH-05-101-3,5,101,2689,RetailInvoice,2024-03-04 00:00:00,,2024-03-04 00:00:00,Retail Sale Voucher No.RSL/23-24/528,New,0
2743,VH-05-101-1,5,101,2690,RetailInvoice,2024-03-05 00:00:00,,2024-03-05 00:00:00,Retail Sale Voucher No.RSL/23-24/529,New,0
2744,VH-05-101-1,5,101,2691,RetailInvoice,2024-03-08 00:00:00,,2024-03-08 00:00:00,Retail Sale Voucher No.RSL/23-24/530,New,0
2745,VH-05-101-2,5,101,2692,RetailInvoice,2024-03-08 00:00:00,,2024-03-08 00:00:00,Retail Sale Voucher No.RSL/23-24/531,New,0
2746,VH-05-101-1,5,101,2693,RetailInvoice,2024-03-10 00:00:00,,2024-03-10 00:00:00,Retail Sale Voucher No.RSL/23-24/532,New,0
2747,VH-05-101-2,5,101,2694,RetailInvoice,2024-03-10 00:00:00,,2024-03-10 00:00:00,Retail Sale Voucher No.RSL/23-24/533,New,0
2748,VH-05-101-3,5,101,2695,RetailInvoice,2024-03-10 00:00:00,,2024-03-10 00:00:00,Retail Sale Voucher No.RSL/23-24/534,New,0
2749,VH-05-101-4,5,101,2696,RetailInvoice,2024-03-10 00:00:00,,2024-03-10 00:00:00,Retail Sale Voucher No.RSL/23-24/535,New,0
2750,VH-05-101-1,5,101,2697,RetailInvoice,2024-03-11 00:00:00,,2024-03-11 00:00:00,Retail Sale Voucher No.RSL/23-24/536,New,0
2751,VH-05-101-1,5,101,2698,RetailInvoice,2024-03-12 00:00:00,,2024-03-12 00:00:00,Retail Sale Voucher No.RSL/23-24/537,New,0
2752,VH-05-101-1,5,101,2699,RetailInvoice,2024-03-16 00:00:00,,2024-03-16 00:00:00,Retail Sale Voucher No.RSL/23-24/538,New,0
2753,VH-05-101-2,5,101,2700,RetailInvoice,2024-03-16 00:00:00,,2024-03-17 00:00:00,Retail Sale Voucher No.RSL/23-24/539,New,0
2754,VH-05-101-3,5,101,2701,RetailInvoice,2024-03-16 00:00:00,,2024-03-17 00:00:00,Retail Sale Voucher No.RSL/23-24/540,New,0
2755,VH-05-101-4,5,101,2702,RetailInvoice,2024-03-16 00:00:00,,2024-03-17 00:00:00,Retail Sale Voucher No.RSL/23-24/541,New,0
2756,VH-05-101-1,5,101,2703,RetailInvoice,2024-03-20 00:00:00,,2024-03-20 00:00:00,Retail Sale Voucher No.RSL/23-24/542,New,0
2757,VH-05-101-1,5,101,2704,RetailInvoice,2024-03-21 00:00:00,,2024-03-21 00:00:00,Retail Sale Voucher No.RSL/23-24/543,New,0
2758,VH-05-101-2,5,101,2705,RetailInvoice,2024-03-21 00:00:00,,2024-03-21 00:00:00,Retail Sale Voucher No.RSL/23-24/544,New,0
2759,VH-05-101-3,5,101,2706,RetailInvoice,2024-03-21 00:00:00,,2024-03-21 00:00:00,Retail Sale Voucher No.RSL/23-24/545,New,0
2760,VH-05-101-1,5,101,2707,RetailInvoice,2024-03-22 00:00:00,,2024-03-22 00:00:00,Retail Sale Voucher No.RSL/23-24/546,New,0
2761,VH-05-101-1,5,101,2708,RetailInvoice,2024-03-23 00:00:00,,2024-03-24 00:00:00,Retail Sale Voucher No.RSL/23-24/547,New,0
2762,VH-05-101-1,5,101,2709,RetailInvoice,2024-03-29 00:00:00,,2024-03-29 00:00:00,Retail Sale Voucher No.RSL/23-24/548,New,0
2763,VH-05-101-1,5,101,2710,RetailInvoice,2024-03-30 00:00:00,,2024-03-30 00:00:00,Retail Sale Voucher No.RSL/23-24/549,New,0
2764,VH-06-101-1,6,101,2711,RetailInvoice,2024-04-01 00:00:00,,2024-04-01 00:00:00,Retail Sale Voucher No.RSL/24-25/1,New,0
2765,VH-06-101-1,6,101,2712,RetailInvoice,2024-04-02 00:00:00,,2024-04-02 00:00:00,Retail Sale Voucher No.RSL/24-25/2,New,0
2766,VH-06-101-2,6,101,2713,RetailInvoice,2024-04-02 00:00:00,,2024-04-02 00:00:00,Retail Sale Voucher No.RSL/24-25/3,New,0
2767,VH-06-101-3,6,101,2714,RetailInvoice,2024-04-02 00:00:00,,2024-04-02 00:00:00,Retail Sale Voucher No.RSL/24-25/4,Modified,0
2768,VH-06-101-1,6,101,2715,RetailInvoice,2024-04-04 00:00:00,,2024-04-04 00:00:00,Retail Sale Voucher No.RSL/24-25/5,New,0
2769,VH-06-101-2,6,101,2716,RetailInvoice,2024-04-04 00:00:00,,2024-04-04 00:00:00,Retail Sale Voucher No.RSL/24-25/6,New,0
2770,VH-06-101-1,6,101,2717,RetailInvoice,2024-04-05 00:00:00,,2024-04-05 00:00:00,Retail Sale Voucher No.RSL/24-25/7,New,0
2771,VH-06-101-2,6,101,2718,RetailInvoice,2024-04-05 00:00:00,,2024-04-05 00:00:00,Retail Sale Voucher No.RSL/24-25/8,New,0
2772,VH-06-101-3,6,101,2719,RetailInvoice,2024-04-05 00:00:00,,2024-04-05 00:00:00,Retail Sale Voucher No.RSL/24-25/9,New,0
2773,VH-06-101-1,6,101,2720,RetailInvoice,2024-04-06 00:00:00,,2024-04-06 00:00:00,Retail Sale Voucher No.RSL/24-25/10,New,0
2774,VH-06-101-2,6,101,2721,RetailInvoice,2024-04-06 00:00:00,,2024-04-06 00:00:00,Retail Sale Voucher No.RSL/24-25/11,New,0
2775,VH-06-101-3,6,101,2722,RetailInvoice,2024-04-06 00:00:00,,2024-04-07 00:00:00,Retail Sale Voucher No.RSL/24-25/12,Modified,0
2776,VH-06-101-1,6,101,2723,RetailInvoice,2024-04-07 00:00:00,,2024-04-07 00:00:00,Retail Sale Voucher No.RSL/24-25/13,New,0
2777,VH-06-101-2,6,101,2724,RetailInvoice,2024-04-07 00:00:00,,2024-04-07 00:00:00,Retail Sale Voucher No.RSL/24-25/14,New,0
2778,VH-06-101-3,6,101,2725,RetailInvoice,2024-04-07 00:00:00,,2024-04-07 00:00:00,Retail Sale Voucher No.RSL/24-25/15,New,0
2779,VH-06-101-1,6,101,2726,RetailInvoice,2024-04-08 00:00:00,,2024-04-08 00:00:00,Retail Sale Voucher No.RSL/24-25/16,New,0
2780,VH-06-101-2,6,101,2727,RetailInvoice,2024-04-08 00:00:00,,2024-04-08 00:00:00,Retail Sale Voucher No.RSL/24-25/17,Modified,0
2781,VH-06-101-1,6,101,2728,RetailInvoice,2024-04-10 00:00:00,,2024-04-10 00:00:00,Retail Sale Voucher No.RSL/24-25/18,New,0
2782,VH-06-101-1,6,101,2729,RetailInvoice,2024-04-12 00:00:00,,2024-04-12 00:00:00,Retail Sale Voucher No.RSL/24-25/19,New,0
2783,VH-06-101-2,6,101,2730,RetailInvoice,2024-04-12 00:00:00,,2024-04-13 00:00:00,Retail Sale Voucher No.RSL/24-25/20,New,0
2784,VH-06-101-1,6,101,2731,RetailInvoice,2024-04-13 00:00:00,,2024-04-13 00:00:00,Retail Sale Voucher No.RSL/24-25/21,New,0
2785,VH-06-101-2,6,101,2732,RetailInvoice,2024-04-13 00:00:00,,2024-04-13 00:00:00,Retail Sale Voucher No.RSL/24-25/22,New,0
2786,VH-06-101-1,6,101,2733,RetailInvoice,2024-04-14 00:00:00,,2024-04-14 00:00:00,Retail Sale Voucher No.RSL/24-25/23,New,0
2787,VH-06-101-1,6,101,2734,RetailInvoice,2024-04-15 00:00:00,,2024-04-15 00:00:00,Retail Sale Voucher No.RSL/24-25/24,Modified,0
2788,VH-06-101-1,6,101,2735,RetailInvoice,2024-04-15 00:00:00,,2024-04-29 00:00:00,Retail Sale Voucher No.RSL/24-25/25,Modified,0
2789,VH-06-101-1,6,101,2736,RetailInvoice,2024-04-16 00:00:00,,2024-04-29 00:00:00,Retail Sale Voucher No.RSL/24-25/26,New,0
2790,VH-06-101-1,6,101,2737,RetailInvoice,2024-04-18 00:00:00,,2024-04-29 00:00:00,Retail Sale Voucher No.RSL/24-25/27,New,0
2791,VH-06-101-1,6,101,2738,RetailInvoice,2024-04-19 00:00:00,,2024-04-29 00:00:00,Retail Sale Voucher No.RSL/24-25/28,New,0
2792,VH-06-101-1,6,101,2739,RetailInvoice,2024-04-20 00:00:00,,2024-04-29 00:00:00,Retail Sale Voucher No.RSL/24-25/29,New,0
2793,VH-06-101-2,6,101,2740,RetailInvoice,2024-04-20 00:00:00,,2024-04-29 00:00:00,Retail Sale Voucher No.RSL/24-25/30,New,0
2794,VH-06-101-1,6,101,2741,RetailInvoice,2024-04-21 00:00:00,,2024-04-29 00:00:00,Retail Sale Voucher No.RSL/24-25/31,New,0
2795,VH-06-101-1,6,101,2742,RetailInvoice,2024-04-22 00:00:00,,2024-04-29 00:00:00,Retail Sale Voucher No.RSL/24-25/32,New,0
2796,VH-06-101-1,6,101,2743,RetailInvoice,2024-04-23 00:00:00,,2024-04-29 00:00:00,Retail Sale Voucher No.RSL/24-25/33,New,0
2797,VH-06-101-1,6,101,2744,RetailInvoice,2024-04-24 00:00:00,,2024-04-29 00:00:00,Retail Sale Voucher No.RSL/24-25/34,New,0
2798,VH-06-101-1,6,101,2745,RetailInvoice,2024-04-25 00:00:00,,2024-04-29 00:00:00,Retail Sale Voucher No.RSL/24-25/35,New,0
2799,VH-06-101-1,6,101,2746,RetailInvoice,2024-04-26 00:00:00,,2024-04-29 00:00:00,Retail Sale Voucher No.RSL/24-25/36,New,0
2800,VH-06-101-1,6,101,2747,RetailInvoice,2024-04-28 00:00:00,,2024-04-29 00:00:00,Retail Sale Voucher No.RSL/24-25/37,New,0
2801,VH-06-101-2,6,101,2748,RetailInvoice,2024-04-28 00:00:00,,2024-04-29 00:00:00,Retail Sale Voucher No.RSL/24-25/38,New,0
2802,VH-06-101-1,6,101,2749,RetailInvoice,2024-04-29 00:00:00,,2024-04-29 00:00:00,Retail Sale Voucher No.RSL/24-25/39,New,0
2803,VH-06-101-2,6,101,2750,RetailInvoice,2024-04-29 00:00:00,,2024-04-29 00:00:00,Retail Sale Voucher No.RSL/24-25/40,New,0
2804,VH-06-101-3,6,101,2751,RetailInvoice,2024-04-29 00:00:00,,2024-04-29 00:00:00,Retail Sale Voucher No.RSL/24-25/41,New,0
2805,VH-06-101-1,6,101,2752,RetailInvoice,2024-04-30 00:00:00,,2024-04-30 00:00:00,Retail Sale Voucher No.RSL/24-25/42,New,0
2806,VH-06-101-1,6,101,2753,RetailInvoice,2024-05-01 00:00:00,,2024-05-07 00:00:00,Retail Sale Voucher No.RSL/24-25/43,New,0
2807,VH-06-101-1,6,101,2754,RetailInvoice,2024-05-02 00:00:00,,2024-05-07 00:00:00,Retail Sale Voucher No.RSL/24-25/44,New,0
2808,VH-06-101-1,6,101,2755,RetailInvoice,2024-05-03 00:00:00,,2024-05-07 00:00:00,Retail Sale Voucher No.RSL/24-25/45,New,0
2809,VH-06-101-1,6,101,2756,RetailInvoice,2024-05-05 00:00:00,,2024-05-07 00:00:00,Retail Sale Voucher No.RSL/24-25/46,New,0
2810,VH-06-101-2,6,101,2757,RetailInvoice,2024-05-05 00:00:00,,2024-05-07 00:00:00,Retail Sale Voucher No.RSL/24-25/47,New,0
2811,VH-06-101-1,6,101,2758,RetailInvoice,2024-05-07 00:00:00,,2024-05-09 00:00:00,Retail Sale Voucher No.RSL/24-25/48,New,0
2812,VH-06-101-1,6,101,2759,RetailInvoice,2024-05-08 00:00:00,,2024-05-09 00:00:00,Retail Sale Voucher No.RSL/24-25/49,New,0
2813,VH-06-101-2,6,101,2760,RetailInvoice,2024-05-08 00:00:00,,2024-05-09 00:00:00,Retail Sale Voucher No.RSL/24-25/50,New,0
2814,VH-06-101-1,6,101,2761,RetailInvoice,2024-05-10 00:00:00,,2024-05-10 00:00:00,Retail Sale Voucher No.RSL/24-25/51,New,0
2815,VH-06-101-2,6,101,2762,RetailInvoice,2024-05-10 00:00:00,,2024-05-10 00:00:00,Retail Sale Voucher No.RSL/24-25/52,New,0
2816,VH-06-101-3,6,101,2763,RetailInvoice,2024-05-10 00:00:00,,2024-05-10 00:00:00,Retail Sale Voucher No.RSL/24-25/53,New,0
2817,VH-06-101-4,6,101,2764,RetailInvoice,2024-05-10 00:00:00,,2024-05-10 00:00:00,Retail Sale Voucher No.RSL/24-25/54,New,0
2818,VH-06-101-5,6,101,2765,RetailInvoice,2024-05-10 00:00:00,,2024-05-10 00:00:00,Retail Sale Voucher No.RSL/24-25/55,New,0
2819,VH-06-101-6,6,101,2766,RetailInvoice,2024-05-10 00:00:00,,2024-05-10 00:00:00,Retail Sale Voucher No.RSL/24-25/56,New,0
2820,VH-06-101-7,6,101,2767,RetailInvoice,2024-05-10 00:00:00,,2024-05-10 00:00:00,Retail Sale Voucher No.RSL/24-25/57,New,0
2821,VH-06-101-8,6,101,2768,RetailInvoice,2024-05-10 00:00:00,,2024-05-10 00:00:00,Retail Sale Voucher No.RSL/24-25/58,New,0
2822,VH-06-101-9,6,101,2769,RetailInvoice,2024-05-10 00:00:00,,2024-05-10 00:00:00,Retail Sale Voucher No.RSL/24-25/59,New,0
2823,VH-06-101-10,6,101,2770,RetailInvoice,2024-05-10 00:00:00,,2024-05-10 00:00:00,Retail Sale Voucher No.RSL/24-25/60,New,0
2824,VH-06-101-11,6,101,2771,RetailInvoice,2024-05-10 00:00:00,,2024-05-10 00:00:00,Retail Sale Voucher No.RSL/24-25/61,New,0
2825,VH-06-101-12,6,101,2772,RetailInvoice,2024-05-10 00:00:00,,2024-05-10 00:00:00,Retail Sale Voucher No.RSL/24-25/62,New,0
2826,VH-06-101-13,6,101,2773,RetailInvoice,2024-05-10 00:00:00,,2024-05-10 00:00:00,Retail Sale Voucher No.RSL/24-25/63,New,0
2827,VH-06-101-14,6,101,2774,RetailInvoice,2024-05-10 00:00:00,,2024-05-10 00:00:00,Retail Sale Voucher No.RSL/24-25/64,New,0
2828,VH-06-101-15,6,101,2775,RetailInvoice,2024-05-10 00:00:00,,2024-05-10 00:00:00,Retail Sale Voucher No.RSL/24-25/65,New,0
2829,VH-06-101-16,6,101,2776,RetailInvoice,2024-05-10 00:00:00,,2024-05-10 00:00:00,Retail Sale Voucher No.RSL/24-25/66,New,0
2830,VH-06-101-17,6,101,2777,RetailInvoice,2024-05-10 00:00:00,,2024-05-10 00:00:00,Retail Sale Voucher No.RSL/24-25/67,New,0
2831,VH-06-101-18,6,101,2778,RetailInvoice,2024-05-10 00:00:00,,2024-05-10 00:00:00,Retail Sale Voucher No.RSL/24-25/68,New,0
2832,VH-06-101-1,6,101,2779,RetailInvoice,2024-05-11 00:00:00,,2024-05-11 00:00:00,Retail Sale Voucher No.RSL/24-25/69,New,0
2833,VH-06-101-2,6,101,2780,RetailInvoice,2024-05-11 00:00:00,,2024-05-13 00:00:00,Retail Sale Voucher No.RSL/24-25/70,New,0
2834,VH-06-101-1,6,101,2781,RetailInvoice,2024-05-12 00:00:00,,2024-05-18 00:00:00,Retail Sale Voucher No.RSL/24-25/71,New,0
2835,VH-06-101-1,6,101,2782,RetailInvoice,2024-05-16 00:00:00,,2024-05-18 00:00:00,Retail Sale Voucher No.RSL/24-25/72,New,0
2836,VH-06-101-1,6,101,2783,RetailInvoice,2024-05-17 00:00:00,,2024-05-18 00:00:00,Retail Sale Voucher No.RSL/24-25/73,New,0
2837,VH-06-101-1,6,101,2784,RetailInvoice,2024-05-22 00:00:00,,2024-05-23 00:00:00,Retail Sale Voucher No.RSL/24-25/74,New,0
2838,VH-06-101-1,6,101,2785,RetailInvoice,2024-05-23 00:00:00,,2024-05-23 00:00:00,Retail Sale Voucher No.RSL/24-25/75,New,0
2839,VH-06-101-2,6,101,2786,RetailInvoice,2024-05-23 00:00:00,,2024-05-23 00:00:00,Retail Sale Voucher No.RSL/24-25/76,New,0
2840,VH-06-101-3,6,101,2787,RetailInvoice,2024-05-23 00:00:00,,2024-05-24 00:00:00,Retail Sale Voucher No.RSL/24-25/77,New,0
2841,VH-06-101-1,6,101,2788,RetailInvoice,2024-05-24 00:00:00,,2024-05-29 00:00:00,Retail Sale Voucher No.RSL/24-25/78,Modified,0
2842,VH-06-101-1,6,101,2789,RetailInvoice,2024-05-25 00:00:00,,2024-05-29 00:00:00,Retail Sale Voucher No.RSL/24-25/79,New,0
2843,VH-06-101-1,6,101,2790,RetailInvoice,2024-05-26 00:00:00,,2024-05-29 00:00:00,Retail Sale Voucher No.RSL/24-25/80,New,0
2844,VH-06-101-1,6,101,2791,RetailInvoice,2024-05-27 00:00:00,,2024-05-29 00:00:00,Retail Sale Voucher No.RSL/24-25/81,New,0
2845,VH-06-101-1,6,101,2792,RetailInvoice,2024-05-28 00:00:00,,2024-05-29 00:00:00,Retail Sale Voucher No.RSL/24-25/82,New,0
2846,VH-06-101-2,6,101,2793,RetailInvoice,2024-05-28 00:00:00,,2024-05-29 00:00:00,Retail Sale Voucher No.RSL/24-25/83,New,0
2847,VH-06-101-3,6,101,2794,RetailInvoice,2024-05-28 00:00:00,,2024-05-29 00:00:00,Retail Sale Voucher No.RSL/24-25/84,New,0
2848,VH-06-101-1,6,101,2795,RetailInvoice,2024-05-29 00:00:00,,2024-05-29 00:00:00,Retail Sale Voucher No.RSL/24-25/85,New,0
2849,VH-06-101-2,6,101,2796,RetailInvoice,2024-05-29 00:00:00,,2024-05-29 00:00:00,Retail Sale Voucher No.RSL/24-25/86,New,0
2850,VH-06-101-1,6,101,2797,RetailInvoice,2024-06-08 00:00:00,,2024-06-08 00:00:00,Retail Sale Voucher No.RSL/24-25/87,New,0
2851,VH-06-101-2,6,101,2798,RetailInvoice,2024-06-08 00:00:00,,2024-06-08 00:00:00,Retail Sale Voucher No.RSL/24-25/88,New,0
2852,VH-06-101-1,6,101,2799,RetailInvoice,2024-06-11 00:00:00,,2024-06-11 00:00:00,Retail Sale Voucher No.RSL/24-25/89,New,0
2853,VH-06-101-2,6,101,2800,RetailInvoice,2024-06-11 00:00:00,,2024-06-11 00:00:00,Retail Sale Voucher No.RSL/24-25/90,New,0
2854,VH-06-101-1,6,101,2801,RetailInvoice,2024-06-11 00:00:00,,2024-06-12 00:00:00,Retail Sale Voucher No.RSL/24-25/91,Modified,0
2855,VH-06-101-1,6,101,2802,RetailInvoice,2024-06-15 00:00:00,,2024-06-15 00:00:00,Retail Sale Voucher No.RSL/24-25/92,New,0
2856,VH-06-101-2,6,101,2803,RetailInvoice,2024-06-15 00:00:00,,2024-06-15 00:00:00,Retail Sale Voucher No.RSL/24-25/93,New,0
2857,VH-06-101-3,6,101,2804,RetailInvoice,2024-06-15 00:00:00,,2024-06-22 00:00:00,Retail Sale Voucher No.RSL/24-25/94,New,0
2858,VH-06-101-1,6,101,2805,RetailInvoice,2024-06-16 00:00:00,,2024-06-22 00:00:00,Retail Sale Voucher No.RSL/24-25/95,New,0
2859,VH-06-101-2,6,101,2806,RetailInvoice,2024-06-16 00:00:00,,2024-06-22 00:00:00,Retail Sale Voucher No.RSL/24-25/96,New,0
2860,VH-06-101-3,6,101,2807,RetailInvoice,2024-06-16 00:00:00,,2024-06-22 00:00:00,Retail Sale Voucher No.RSL/24-25/97,New,0
2861,VH-06-101-1,6,101,2808,RetailInvoice,2024-06-21 00:00:00,,2024-06-22 00:00:00,Retail Sale Voucher No.RSL/24-25/98,New,0
2862,VH-06-101-1,6,101,2809,RetailInvoice,2024-06-22 00:00:00,,2024-06-22 00:00:00,Retail Sale Voucher No.RSL/24-25/99,New,0
2863,VH-06-101-2,6,101,2810,RetailInvoice,2024-06-22 00:00:00,,2024-06-22 00:00:00,Retail Sale Voucher No.RSL/24-25/100,New,0
2864,VH-06-101-1,6,101,2811,RetailInvoice,2024-06-23 00:00:00,,2024-06-25 00:00:00,Retail Sale Voucher No.RSL/24-25/101,New,0
2865,VH-06-101-1,6,101,2812,RetailInvoice,2024-06-26 00:00:00,,2024-07-06 00:00:00,Retail Sale Voucher No.RSL/24-25/102,New,0
2866,VH-06-101-1,6,101,2813,RetailInvoice,2024-06-27 00:00:00,,2024-07-06 00:00:00,Retail Sale Voucher No.RSL/24-25/103,New,0
2867,VH-06-101-1,6,101,2814,RetailInvoice,2024-06-28 00:00:00,,2024-07-06 00:00:00,Retail Sale Voucher No.RSL/24-25/104,New,0
2868,VH-06-101-1,6,101,2815,RetailInvoice,2024-06-29 00:00:00,,2024-07-06 00:00:00,Retail Sale Voucher No.RSL/24-25/105,New,0
2869,VH-06-101-1,6,101,2816,RetailInvoice,2024-06-30 00:00:00,,2024-07-06 00:00:00,Retail Sale Voucher No.RSL/24-25/106,New,0
2870,VH-06-101-1,6,101,2817,RetailInvoice,2024-07-01 00:00:00,,2024-07-06 00:00:00,Retail Sale Voucher No.RSL/24-25/107,New,0
2871,VH-06-101-2,6,101,2818,RetailInvoice,2024-07-01 00:00:00,,2024-07-06 00:00:00,Retail Sale Voucher No.RSL/24-25/108,New,0
2872,VH-06-101-1,6,101,2819,RetailInvoice,2024-07-02 00:00:00,,2024-07-06 00:00:00,Retail Sale Voucher No.RSL/24-25/109,New,0
2873,VH-06-101-2,6,101,2820,RetailInvoice,2024-07-02 00:00:00,,2024-07-06 00:00:00,Retail Sale Voucher No.RSL/24-25/110,New,0
2874,VH-06-101-3,6,101,2821,RetailInvoice,2024-07-02 00:00:00,,2024-07-06 00:00:00,Retail Sale Voucher No.RSL/24-25/111,New,0
2875,VH-06-101-1,6,101,2822,RetailInvoice,2024-07-03 00:00:00,,2024-07-06 00:00:00,Retail Sale Voucher No.RSL/24-25/112,New,0
2876,VH-06-101-1,6,101,2823,RetailInvoice,2024-07-04 00:00:00,,2024-07-06 00:00:00,Retail Sale Voucher No.RSL/24-25/113,New,0
2877,VH-06-101-1,6,101,2824,RetailInvoice,2024-07-05 00:00:00,,2024-07-06 00:00:00,Retail Sale Voucher No.RSL/24-25/114,New,0
2878,VH-06-101-2,6,101,2825,RetailInvoice,2024-07-05 00:00:00,,2024-07-06 00:00:00,Retail Sale Voucher No.RSL/24-25/115,New,0
2879,VH-06-101-1,6,101,2826,RetailInvoice,2024-07-06 00:00:00,,2024-07-16 00:00:00,Retail Sale Voucher No.RSL/24-25/116,Modified,0
2880,VH-06-101-2,6,101,2827,RetailInvoice,2024-07-06 00:00:00,,2024-07-06 00:00:00,Retail Sale Voucher No.RSL/24-25/117,New,0
2881,VH-06-101-1,6,101,2828,RetailInvoice,2024-07-08 00:00:00,,2024-07-08 00:00:00,Retail Sale Voucher No.RSL/24-25/118,New,0
2882,VH-06-101-2,6,101,2829,RetailInvoice,2024-07-08 00:00:00,,2024-07-08 00:00:00,Retail Sale Voucher No.RSL/24-25/119,New,0
2883,VH-06-101-3,6,101,2830,RetailInvoice,2024-07-08 00:00:00,,2024-07-08 00:00:00,Retail Sale Voucher No.RSL/24-25/120,Modified,0
2884,VH-06-101-1,6,101,2831,RetailInvoice,2024-07-10 00:00:00,,2024-07-10 00:00:00,Retail Sale Voucher No.RSL/24-25/121,New,0
2885,VH-06-101-2,6,101,2832,RetailInvoice,2024-07-10 00:00:00,,2024-07-10 00:00:00,Retail Sale Voucher No.RSL/24-25/122,New,0
2886,VH-06-101-3,6,101,2833,RetailInvoice,2024-07-10 00:00:00,,2024-07-10 00:00:00,Retail Sale Voucher No.RSL/24-25/123,New,0
2887,VH-06-101-4,6,101,2834,RetailInvoice,2024-07-10 00:00:00,,2024-07-10 00:00:00,Retail Sale Voucher No.RSL/24-25/124,New,0
2888,VH-06-101-1,6,101,2835,RetailInvoice,2024-07-11 00:00:00,,2024-07-11 00:00:00,Retail Sale Voucher No.RSL/24-25/125,Modified,0
2889,VH-06-101-2,6,101,2836,RetailInvoice,2024-07-11 00:00:00,,2024-07-11 00:00:00,Retail Sale Voucher No.RSL/24-25/126,New,0
2890,VH-06-101-1,6,101,2837,RetailInvoice,2024-07-12 00:00:00,,2024-07-12 00:00:00,Retail Sale Voucher No.RSL/24-25/127,New,0
2891,VH-06-101-2,6,101,2838,RetailInvoice,2024-07-12 00:00:00,,2024-07-12 00:00:00,Retail Sale Voucher No.RSL/24-25/128,New,0
2892,VH-06-101-1,6,101,2839,RetailInvoice,2024-07-15 00:00:00,,2024-07-15 00:00:00,Retail Sale Voucher No.RSL/24-25/129,New,0
2893,VH-06-101-1,6,101,2840,RetailInvoice,2024-07-16 00:00:00,,2024-07-16 00:00:00,Retail Sale Voucher No.RSL/24-25/130,New,0
2894,VH-06-101-2,6,101,2841,RetailInvoice,2024-07-16 00:00:00,,2024-07-20 00:00:00,Retail Sale Voucher No.RSL/24-25/131,New,0
2895,VH-06-101-1,6,101,2842,RetailInvoice,2024-07-18 00:00:00,,2024-07-25 00:00:00,Retail Sale Voucher No.RSL/24-25/132,New,0
2896,VH-06-101-1,6,101,2843,RetailInvoice,2024-07-21 00:00:00,,2024-07-25 00:00:00,Retail Sale Voucher No.RSL/24-25/133,New,0
2897,VH-06-101-1,6,101,2844,RetailInvoice,2024-07-22 00:00:00,,2024-07-25 00:00:00,Retail Sale Voucher No.RSL/24-25/134,New,0
2898,VH-06-101-1,6,101,2845,RetailInvoice,2024-07-23 00:00:00,,2024-07-25 00:00:00,Retail Sale Voucher No.RSL/24-25/135,New,0
2899,VH-06-101-2,6,101,2846,RetailInvoice,2024-07-23 00:00:00,,2024-07-25 00:00:00,Retail Sale Voucher No.RSL/24-25/136,New,0
2900,VH-06-101-3,6,101,2847,RetailInvoice,2024-07-23 00:00:00,,2024-07-25 00:00:00,Retail Sale Voucher No.RSL/24-25/137,New,0
2901,VH-06-101-1,6,101,2848,RetailInvoice,2024-07-25 00:00:00,,2024-07-25 00:00:00,Retail Sale Voucher No.RSL/24-25/138,New,0
2902,VH-06-101-2,6,101,2849,RetailInvoice,2024-07-25 00:00:00,,2024-07-25 00:00:00,Retail Sale Voucher No.RSL/24-25/139,New,0
2903,VH-06-101-1,6,101,2850,RetailInvoice,2024-07-26 00:00:00,,2024-07-27 00:00:00,Retail Sale Voucher No.RSL/24-25/140,New,0
2904,VH-06-101-2,6,101,2851,RetailInvoice,2024-07-26 00:00:00,,2024-07-27 00:00:00,Retail Sale Voucher No.RSL/24-25/141,New,0
2905,VH-06-101-1,6,101,2852,RetailInvoice,2024-07-27 00:00:00,,2024-07-27 00:00:00,Retail Sale Voucher No.RSL/24-25/142,New,0
2906,VH-06-101-2,6,101,2853,RetailInvoice,2024-07-27 00:00:00,,2024-07-27 00:00:00,Retail Sale Voucher No.RSL/24-25/143,New,0
2907,VH-06-101-1,6,101,2854,RetailInvoice,2024-08-29 00:00:00,,2024-08-03 00:00:00,Retail Sale Voucher No.RSL/24-25/144,New,0
2908,VH-06-101-1,6,101,2855,RetailInvoice,2024-08-02 00:00:00,,2024-08-03 00:00:00,Retail Sale Voucher No.RSL/24-25/145,New,0
2909,VH-06-101-2,6,101,2856,RetailInvoice,2024-08-02 00:00:00,,2024-08-03 00:00:00,Retail Sale Voucher No.RSL/24-25/146,New,0
2910,VH-06-101-1,6,101,2857,RetailInvoice,2024-08-04 00:00:00,,2024-08-04 00:00:00,Retail Sale Voucher No.RSL/24-25/147,New,0
2911,VH-06-101-2,6,101,2858,RetailInvoice,2024-08-04 00:00:00,,2024-08-04 00:00:00,Retail Sale Voucher No.RSL/24-25/148,New,0
2912,VH-06-101-3,6,101,2859,RetailInvoice,2024-08-04 00:00:00,,2024-08-04 00:00:00,Retail Sale Voucher No.RSL/24-25/149,New,0
2913,VH-06-101-1,6,101,2860,RetailInvoice,2024-08-06 00:00:00,,2024-08-08 00:00:00,Retail Sale Voucher No.RSL/24-25/150,New,0
2914,VH-06-101-1,6,101,2861,RetailInvoice,2024-08-08 00:00:00,,2024-08-12 00:00:00,Retail Sale Voucher No.RSL/24-25/151,Modified,0
2915,VH-06-101-2,6,101,2862,RetailInvoice,2024-08-08 00:00:00,,2024-08-08 00:00:00,Retail Sale Voucher No.RSL/24-25/152,New,0
2916,VH-06-101-3,6,101,2863,RetailInvoice,2024-08-08 00:00:00,,2024-08-08 00:00:00,Retail Sale Voucher No.RSL/24-25/153,New,0
2917,VH-06-101-4,6,101,2864,RetailInvoice,2024-08-08 00:00:00,,2024-08-08 00:00:00,Retail Sale Voucher No.RSL/24-25/154,New,0
2918,VH-06-101-5,6,101,2865,RetailInvoice,2024-08-08 00:00:00,,2024-08-11 00:00:00,Retail Sale Voucher No.RSL/24-25/155,New,0
2919,VH-06-101-1,6,101,2866,RetailInvoice,2024-08-12 00:00:00,,2024-08-12 00:00:00,Retail Sale Voucher No.RSL/24-25/156,New,0
2920,VH-06-101-2,6,101,2867,RetailInvoice,2024-08-12 00:00:00,,2024-08-12 00:00:00,Retail Sale Voucher No.RSL/24-25/157,New,0
2921,VH-06-101-3,6,101,2868,RetailInvoice,2024-08-12 00:00:00,,2024-08-12 00:00:00,Retail Sale Voucher No.RSL/24-25/158,New,0
2922,VH-06-101-4,6,101,2869,RetailInvoice,2024-08-12 00:00:00,,2024-08-12 00:00:00,Retail Sale Voucher No.RSL/24-25/159,New,0
2923,VH-06-101-1,6,101,2870,RetailInvoice,2024-08-14 00:00:00,,2024-08-16 00:00:00,Retail Sale Voucher No.RSL/24-25/160,New,0
2924,VH-06-101-1,6,101,2871,RetailInvoice,2024-08-15 00:00:00,,2024-08-16 00:00:00,Retail Sale Voucher No.RSL/24-25/161,New,0
2925,VH-06-101-1,6,101,2872,RetailInvoice,2024-08-16 00:00:00,,2024-08-16 00:00:00,Retail Sale Voucher No.RSL/24-25/162,New,0
2926,VH-06-101-2,6,101,2873,RetailInvoice,2024-08-16 00:00:00,,2024-08-16 00:00:00,Retail Sale Voucher No.RSL/24-25/163,New,0
2927,VH-06-101-1,6,101,2874,RetailInvoice,2024-08-17 00:00:00,,2024-08-22 00:00:00,Retail Sale Voucher No.RSL/24-25/164,New,0
2928,VH-06-101-1,6,101,2875,RetailInvoice,2024-08-18 00:00:00,,2024-08-22 00:00:00,Retail Sale Voucher No.RSL/24-25/165,New,0
2929,VH-06-101-1,6,101,2876,RetailInvoice,2024-08-20 00:00:00,,2024-08-22 00:00:00,Retail Sale Voucher No.RSL/24-25/166,New,0
2930,VH-06-101-1,6,101,2877,RetailInvoice,2024-08-21 00:00:00,,2024-08-22 00:00:00,Retail Sale Voucher No.RSL/24-25/167,New,0
2931,VH-06-101-1,6,101,2878,RetailInvoice,2024-08-23 00:00:00,,2024-08-23 00:00:00,Retail Sale Voucher No.RSL/24-25/168,New,0
2932,VH-06-101-1,6,101,2879,RetailInvoice,2024-08-25 00:00:00,,2024-08-25 00:00:00,Retail Sale Voucher No.RSL/24-25/169,New,0
2933,VH-06-101-1,6,101,2880,RetailInvoice,2024-08-28 00:00:00,,2024-08-28 00:00:00,Retail Sale Voucher No.RSL/24-25/170,New,0
2934,VH-06-101-2,6,101,2881,RetailInvoice,2024-08-29 00:00:00,,2024-08-29 00:00:00,Retail Sale Voucher No.RSL/24-25/171,New,0
2935,VH-06-101-1,6,101,2882,RetailInvoice,2024-08-30 00:00:00,,2024-08-30 00:00:00,Retail Sale Voucher No.RSL/24-25/172,Modified,0
2936,VH-06-101-2,6,101,2883,RetailInvoice,2024-08-30 00:00:00,,2024-08-30 00:00:00,Retail Sale Voucher No.RSL/24-25/173,New,0
2937,VH-06-101-3,6,101,2884,RetailInvoice,2024-08-30 00:00:00,,2024-08-30 00:00:00,Retail Sale Voucher No.RSL/24-25/174,New,0
2938,VH-06-101-1,6,101,2885,RetailInvoice,2024-09-03 00:00:00,,2024-09-03 00:00:00,Retail Sale Voucher No.RSL/24-25/175,Modified,0
2939,VH-06-101-1,6,101,2886,RetailInvoice,2024-09-06 00:00:00,,2024-09-07 00:00:00,Retail Sale Voucher No.RSL/24-25/176,New,0
2940,VH-06-101-2,6,101,2887,RetailInvoice,2024-09-06 00:00:00,,2024-09-08 00:00:00,Retail Sale Voucher No.RSL/24-25/177,New,0
2941,VH-06-101-1,6,101,2888,RetailInvoice,2024-09-07 00:00:00,,2024-09-20 00:00:00,Retail Sale Voucher No.RSL/24-25/178,New,0
2942,VH-06-101-1,6,101,2889,RetailInvoice,2024-09-11 00:00:00,,2024-09-20 00:00:00,Retail Sale Voucher No.RSL/24-25/179,New,0
2943,VH-06-101-1,6,101,2890,RetailInvoice,2024-09-12 00:00:00,,2024-09-20 00:00:00,Retail Sale Voucher No.RSL/24-25/180,New,0
2944,VH-06-101-2,6,101,2891,RetailInvoice,2024-09-12 00:00:00,,2024-09-20 00:00:00,Retail Sale Voucher No.RSL/24-25/181,New,0
2945,VH-06-101-3,6,101,2892,RetailInvoice,2024-09-12 00:00:00,,2024-09-20 00:00:00,Retail Sale Voucher No.RSL/24-25/182,New,0
2946,VH-06-101-4,6,101,2893,RetailInvoice,2024-09-12 00:00:00,,2024-09-20 00:00:00,Retail Sale Voucher No.RSL/24-25/183,New,0
2947,VH-06-101-1,6,101,2894,RetailInvoice,2024-09-13 00:00:00,,2024-10-21 00:00:00,Retail Sale Voucher No.RSL/24-25/184,Modified,0
2948,VH-06-101-1,6,101,2895,RetailInvoice,2024-09-14 00:00:00,,2024-09-20 00:00:00,Retail Sale Voucher No.RSL/24-25/185,New,0
2949,VH-06-101-2,6,101,2896,RetailInvoice,2024-09-14 00:00:00,,2024-09-20 00:00:00,Retail Sale Voucher No.RSL/24-25/186,New,0
2950,VH-06-101-1,6,101,2897,RetailInvoice,2024-09-15 00:00:00,,2024-09-20 00:00:00,Retail Sale Voucher No.RSL/24-25/187,New,0
2951,VH-06-101-1,6,101,2898,RetailInvoice,2024-09-18 00:00:00,,2024-09-20 00:00:00,Retail Sale Voucher No.RSL/24-25/188,New,0
2952,VH-06-101-2,6,101,2899,RetailInvoice,2024-09-18 00:00:00,,2024-09-20 00:00:00,Retail Sale Voucher No.RSL/24-25/189,New,0
2953,VH-06-101-1,6,101,2900,RetailInvoice,2024-09-19 00:00:00,,2024-09-20 00:00:00,Retail Sale Voucher No.RSL/24-25/190,New,0
2954,VH-06-101-1,6,101,2901,RetailInvoice,2024-09-20 00:00:00,,2024-09-20 00:00:00,Retail Sale Voucher No.RSL/24-25/191,New,0
2955,VH-06-101-2,6,101,2902,RetailInvoice,2024-09-20 00:00:00,,2024-09-20 00:00:00,Retail Sale Voucher No.RSL/24-25/192,New,0
2956,VH-06-101-1,6,101,2903,RetailInvoice,2024-09-21 00:00:00,,2024-09-21 00:00:00,Retail Sale Voucher No.RSL/24-25/193,New,0
2957,VH-06-101-1,6,101,2904,RetailInvoice,2024-09-22 00:00:00,,2024-09-22 00:00:00,Retail Sale Voucher No.RSL/24-25/194,New,0
12941,VH-06-101-1,6,101,3888,RetailInvoice,2024-09-27 00:00:00,,2024-09-27 00:00:00,Retail Sale Voucher No.RSL/24-25/195,New,0
12942,VH-06-101-2,6,101,3889,RetailInvoice,2024-09-27 00:00:00,,2024-09-27 00:00:00,Retail Sale Voucher No.RSL/24-25/196,New,0
12943,VH-06-101-3,6,101,3890,RetailInvoice,2024-09-27 00:00:00,,2024-09-27 00:00:00,Retail Sale Voucher No.RSL/24-25/197,New,0
22941,VH-06-101-1,6,101,4888,RetailInvoice,2024-09-28 00:00:00,,2024-09-30 00:00:00,Retail Sale Voucher No.RSL/24-25/198,New,0
22942,VH-06-101-2,6,101,4889,RetailInvoice,2024-09-28 00:00:00,,2024-09-30 00:00:00,Retail Sale Voucher No.RSL/24-25/199,New,0
22943,VH-06-101-1,6,101,4890,RetailInvoice,2024-09-29 00:00:00,,2024-09-30 00:00:00,Retail Sale Voucher No.RSL/24-25/200,Modified,0
22944,VH-06-101-2,6,101,4891,RetailInvoice,2024-09-29 00:00:00,,2025-05-23 00:00:00,Retail Sale Voucher No.RSL/24-25/201,Modified,0
22945,VH-06-101-1,6,101,4892,RetailInvoice,2024-09-30 00:00:00,,2024-09-30 00:00:00,Retail Sale Voucher No.RSL/24-25/202,New,0
32941,VH-06-101-1,6,101,5888,RetailInvoice,2024-10-01 00:00:00,,2024-10-01 00:00:00,Retail Sale Voucher No.RSL/24-25/203,New,0
42941,VH-06-101-1,6,101,6888,RetailInvoice,2024-10-02 00:00:00,,2024-10-03 00:00:00,Retail Sale Voucher No.RSL/24-25/204,New,0
42942,VH-06-101-1,6,101,6889,RetailInvoice,2024-10-03 00:00:00,,2024-10-03 00:00:00,Retail Sale Voucher No.RSL/24-25/205,New,0
42943,VH-06-101-1,6,101,6890,RetailInvoice,2024-10-04 00:00:00,,2024-10-04 00:00:00,Retail Sale Voucher No.RSL/24-25/206,New,0
52941,VH-06-101-1,6,101,7888,RetailInvoice,2024-10-06 00:00:00,,2024-10-06 00:00:00,Retail Sale Voucher No.RSL/24-25/207,New,0
62941,VH-06-101-2,6,101,8888,RetailInvoice,2024-10-06 00:00:00,,2024-10-08 00:00:00,Retail Sale Voucher No.RSL/24-25/208,New,0
62942,VH-06-101-3,6,101,8889,RetailInvoice,2024-10-06 00:00:00,,2024-10-08 00:00:00,Retail Sale Voucher No.RSL/24-25/209,New,0
62943,VH-06-101-1,6,101,8890,RetailInvoice,2024-10-07 00:00:00,,2024-10-08 00:00:00,Retail Sale Voucher No.RSL/24-25/210,New,0
62944,VH-06-101-2,6,101,8891,RetailInvoice,2024-10-07 00:00:00,,2024-10-08 00:00:00,Retail Sale Voucher No.RSL/24-25/211,New,0
62945,VH-06-101-3,6,101,8892,RetailInvoice,2024-10-07 00:00:00,,2024-10-08 00:00:00,Retail Sale Voucher No.RSL/24-25/212,New,0
62946,VH-06-101-1,6,101,8893,RetailInvoice,2024-10-08 00:00:00,,2024-10-08 00:00:00,Retail Sale Voucher No.RSL/24-25/213,New,0
62947,VH-06-101-1,6,101,8894,RetailInvoice,2024-10-09 00:00:00,,2024-10-09 00:00:00,Retail Sale Voucher No.RSL/24-25/214,New,0
62948,VH-06-101-1,6,101,8895,RetailInvoice,2024-10-10 00:00:00,,2024-10-11 00:00:00,Retail Sale Voucher No.RSL/24-25/215,Modified,0
62949,VH-06-101-2,6,101,8896,RetailInvoice,2024-10-10 00:00:00,,2024-10-10 00:00:00,Retail Sale Voucher No.RSL/24-25/216,New,0
62950,VH-06-101-1,6,101,8897,RetailInvoice,2024-10-12 00:00:00,,2024-10-21 00:00:00,Retail Sale Voucher No.RSL/24-25/217,New,0
62951,VH-06-101-1,6,101,8898,RetailInvoice,2024-10-16 00:00:00,,2024-10-21 00:00:00,Retail Sale Voucher No.RSL/24-25/218,New,0
62952,VH-06-101-2,6,101,8899,RetailInvoice,2024-10-16 00:00:00,,2024-10-21 00:00:00,Retail Sale Voucher No.RSL/24-25/219,New,0
62953,VH-06-101-1,6,101,8900,RetailInvoice,2024-10-17 00:00:00,,2024-10-21 00:00:00,Retail Sale Voucher No.RSL/24-25/220,New,0
62954,VH-06-101-1,6,101,8901,RetailInvoice,2024-10-18 00:00:00,,2024-10-21 00:00:00,Retail Sale Voucher No.RSL/24-25/221,New,0
62955,VH-06-101-2,6,101,8902,RetailInvoice,2024-10-18 00:00:00,,2024-10-21 00:00:00,Retail Sale Voucher No.RSL/24-25/222,New,0
62956,VH-06-101-3,6,101,8903,RetailInvoice,2024-10-18 00:00:00,,2024-10-21 00:00:00,Retail Sale Voucher No.RSL/24-25/223,New,0
62957,VH-06-101-1,6,101,8904,RetailInvoice,2024-10-20 00:00:00,,2024-10-21 00:00:00,Retail Sale Voucher No.RSL/24-25/224,New,0
62958,VH-06-101-2,6,101,8905,RetailInvoice,2024-10-20 00:00:00,,2024-10-21 00:00:00,Retail Sale Voucher No.RSL/24-25/225,Modified,0
62959,VH-06-101-1,6,101,8906,RetailInvoice,2024-10-21 00:00:00,,2024-10-21 00:00:00,Retail Sale Voucher No.RSL/24-25/226,New,0
62960,VH-06-101-2,6,101,8907,RetailInvoice,2024-10-21 00:00:00,,2024-10-21 00:00:00,Retail Sale Voucher No.RSL/24-25/227,New,0
72950,VH-06-101-1,6,101,9897,RetailInvoice,2024-10-22 00:00:00,,2024-10-22 00:00:00,Retail Sale Voucher No.RSL/24-25/228,New,0
82950,VH-06-101-1,6,101,10897,RetailInvoice,2024-10-29 00:00:00,,2024-10-29 00:00:00,Retail Sale Voucher No.RSL/24-25/229,New,0
82951,VH-06-101-2,6,101,10898,RetailInvoice,2024-10-29 00:00:00,,2024-10-29 00:00:00,Retail Sale Voucher No.RSL/24-25/230,New,0
82952,VH-06-101-3,6,101,10899,RetailInvoice,2024-10-29 00:00:00,,2024-10-29 00:00:00,Retail Sale Voucher No.RSL/24-25/231,New,0
82953,VH-06-101-4,6,101,10900,RetailInvoice,2024-10-29 00:00:00,,2024-10-29 00:00:00,Retail Sale Voucher No.RSL/24-25/232,New,0
82954,VH-06-101-5,6,101,10901,RetailInvoice,2024-10-29 00:00:00,,2024-10-29 00:00:00,Retail Sale Voucher No.RSL/24-25/233,New,0
82955,VH-06-101-6,6,101,10902,RetailInvoice,2024-10-29 00:00:00,,2024-10-29 00:00:00,Retail Sale Voucher No.RSL/24-25/234,New,0
82956,VH-06-101-7,6,101,10903,RetailInvoice,2024-10-29 00:00:00,,2024-10-29 00:00:00,Retail Sale Voucher No.RSL/24-25/235,New,0
82957,VH-06-101-8,6,101,10904,RetailInvoice,2024-10-29 00:00:00,,2024-10-29 00:00:00,Retail Sale Voucher No.RSL/24-25/236,New,0
82958,VH-06-101-9,6,101,10905,RetailInvoice,2024-10-29 00:00:00,,2024-10-29 00:00:00,Retail Sale Voucher No.RSL/24-25/237,New,0
82959,VH-06-101-10,6,101,10906,RetailInvoice,2024-10-29 00:00:00,,2024-10-29 00:00:00,Retail Sale Voucher No.RSL/24-25/238,New,0
82960,VH-06-101-11,6,101,10907,RetailInvoice,2024-10-29 00:00:00,,2024-10-29 00:00:00,Retail Sale Voucher No.RSL/24-25/239,New,0
82961,VH-06-101-12,6,101,10908,RetailInvoice,2024-10-29 00:00:00,,2024-10-29 00:00:00,Retail Sale Voucher No.RSL/24-25/240,New,0
82962,VH-06-101-13,6,101,10909,RetailInvoice,2024-10-29 00:00:00,,2024-10-29 00:00:00,Retail Sale Voucher No.RSL/24-25/241,New,0
82963,VH-06-101-14,6,101,10910,RetailInvoice,2024-10-29 00:00:00,,2024-10-29 00:00:00,Retail Sale Voucher No.RSL/24-25/242,New,0
82964,VH-06-101-15,6,101,10911,RetailInvoice,2024-10-29 00:00:00,,2024-10-29 00:00:00,Retail Sale Voucher No.RSL/24-25/243,New,0
82965,VH-06-101-16,6,101,10912,RetailInvoice,2024-10-29 00:00:00,,2024-10-29 00:00:00,Retail Sale Voucher No.RSL/24-25/244,New,0
82966,VH-06-101-17,6,101,10913,RetailInvoice,2024-10-29 00:00:00,,2024-10-29 00:00:00,Retail Sale Voucher No.RSL/24-25/245,New,0
82967,VH-06-101-18,6,101,10914,RetailInvoice,2024-10-29 00:00:00,,2024-10-29 00:00:00,Retail Sale Voucher No.RSL/24-25/246,New,0
82968,VH-06-101-19,6,101,10915,RetailInvoice,2024-10-29 00:00:00,,2024-10-29 00:00:00,Retail Sale Voucher No.RSL/24-25/247,New,0
82969,VH-06-101-20,6,101,10916,RetailInvoice,2024-10-29 00:00:00,,2024-10-30 00:00:00,Retail Sale Voucher No.RSL/24-25/248,New,0
82970,VH-06-101-1,6,101,10917,RetailInvoice,2024-10-30 00:00:00,,2024-11-05 00:00:00,Retail Sale Voucher No.RSL/24-25/249,Modified,0
82971,VH-06-101-2,6,101,10918,RetailInvoice,2024-10-30 00:00:00,,2024-10-30 00:00:00,Retail Sale Voucher No.RSL/24-25/250,New,0
82972,VH-06-101-3,6,101,10919,RetailInvoice,2024-10-30 00:00:00,,2024-10-30 00:00:00,Retail Sale Voucher No.RSL/24-25/251,New,0
82973,VH-06-101-4,6,101,10920,RetailInvoice,2024-10-30 00:00:00,,2024-10-30 00:00:00,Retail Sale Voucher No.RSL/24-25/252,New,0
82974,VH-06-101-5,6,101,10921,RetailInvoice,2024-10-30 00:00:00,,2024-10-30 00:00:00,Retail Sale Voucher No.RSL/24-25/253,New,0
82975,VH-06-101-6,6,101,10922,RetailInvoice,2024-10-30 00:00:00,,2024-10-30 00:00:00,Retail Sale Voucher No.RSL/24-25/254,New,0
82976,VH-06-101-1,6,101,10923,RetailInvoice,2024-10-31 00:00:00,,2024-10-31 00:00:00,Retail Sale Voucher No.RSL/24-25/255,New,0
82977,VH-06-101-1,6,101,10924,RetailInvoice,2024-10-31 00:00:00,,2024-11-05 00:00:00,Retail Sale Voucher No.RSL/24-25/256,Modified,0
82978,VH-06-101-2,6,101,10925,RetailInvoice,2024-10-31 00:00:00,,2024-11-05 00:00:00,Retail Sale Voucher No.RSL/24-25/257,New,0
82979,VH-06-101-3,6,101,10926,RetailInvoice,2024-10-31 00:00:00,,2024-11-06 00:00:00,Retail Sale Voucher No.RSL/24-25/258,Modified,0
82980,VH-06-101-1,6,101,10927,RetailInvoice,2024-10-31 00:00:00,,2024-11-05 00:00:00,Retail Sale Voucher No.RSL/24-25/259,Modified,0
82981,VH-06-101-1,6,101,10928,RetailInvoice,2024-10-31 00:00:00,,2024-11-05 00:00:00,Retail Sale Voucher No.RSL/24-25/260,Modified,0
82982,VH-06-101-2,6,101,10929,RetailInvoice,2024-10-31 00:00:00,,2024-11-05 00:00:00,Retail Sale Voucher No.RSL/24-25/261,New,0
82983,VH-06-101-1,6,101,10930,RetailInvoice,2024-11-05 00:00:00,,2024-11-05 00:00:00,Retail Sale Voucher No.RSL/24-25/262,New,0
82984,VH-06-101-1,6,101,10931,RetailInvoice,2024-11-06 00:00:00,,2024-11-06 00:00:00,Retail Sale Voucher No.RSL/24-25/263,New,0
82985,VH-06-101-2,6,101,10932,RetailInvoice,2024-11-06 00:00:00,,2024-11-06 00:00:00,Retail Sale Voucher No.RSL/24-25/264,New,0
82986,VH-06-101-3,6,101,10933,RetailInvoice,2024-11-06 00:00:00,,2024-11-06 00:00:00,Retail Sale Voucher No.RSL/24-25/265,New,0
82987,VH-06-101-4,6,101,10934,RetailInvoice,2024-11-06 00:00:00,,2024-11-06 00:00:00,Retail Sale Voucher No.RSL/24-25/266,New,0
92950,VH-06-101-1,6,101,11897,RetailInvoice,2024-11-09 00:00:00,,2024-11-10 00:00:00,Retail Sale Voucher No.RSL/24-25/267,New,0
92951,VH-06-101-1,6,101,11898,RetailInvoice,2024-11-10 00:00:00,,2024-11-10 00:00:00,Retail Sale Voucher No.RSL/24-25/268,New,0
92952,VH-06-101-2,6,101,11899,RetailInvoice,2024-11-10 00:00:00,,2024-11-10 00:00:00,Retail Sale Voucher No.RSL/24-25/269,New,0
92953,VH-06-101-3,6,101,11900,RetailInvoice,2024-11-10 00:00:00,,2024-11-10 00:00:00,Retail Sale Voucher No.RSL/24-25/270,New,0
92954,VH-06-101-4,6,101,11901,RetailInvoice,2024-11-10 00:00:00,,2024-11-10 00:00:00,Retail Sale Voucher No.RSL/24-25/271,New,0
92955,VH-06-101-1,6,101,11902,RetailInvoice,2024-11-11 00:00:00,,2024-11-11 00:00:00,Retail Sale Voucher No.RSL/24-25/272,New,0
92956,VH-06-101-1,6,101,11903,RetailInvoice,2024-11-15 00:00:00,,2024-11-15 00:00:00,Retail Sale Voucher No.RSL/24-25/273,New,0
92957,VH-06-101-2,6,101,11904,RetailInvoice,2024-11-15 00:00:00,,2024-11-17 00:00:00,Retail Sale Voucher No.RSL/24-25/274,New,0
92958,VH-06-101-3,6,101,11905,RetailInvoice,2024-11-15 00:00:00,,2024-11-17 00:00:00,Retail Sale Voucher No.RSL/24-25/275,New,0
92959,VH-06-101-4,6,101,11906,RetailInvoice,2024-11-15 00:00:00,,2024-11-17 00:00:00,Retail Sale Voucher No.RSL/24-25/276,New,0
92960,VH-06-101-1,6,101,11907,RetailInvoice,2024-11-16 00:00:00,,2024-11-17 00:00:00,Retail Sale Voucher No.RSL/24-25/277,New,0
92961,VH-06-101-2,6,101,11908,RetailInvoice,2024-11-16 00:00:00,,2024-11-17 00:00:00,Retail Sale Voucher No.RSL/24-25/278,New,0
92962,VH-06-101-3,6,101,11909,RetailInvoice,2024-11-16 00:00:00,,2024-11-17 00:00:00,Retail Sale Voucher No.RSL/24-25/279,New,0
92963,VH-06-101-1,6,101,11910,RetailInvoice,2024-11-17 00:00:00,,2024-11-17 00:00:00,Retail Sale Voucher No.RSL/24-25/280,New,0
92964,VH-06-101-2,6,101,11911,RetailInvoice,2024-11-17 00:00:00,,2024-11-17 00:00:00,Retail Sale Voucher No.RSL/24-25/281,New,0
92965,VH-06-101-3,6,101,11912,RetailInvoice,2024-11-17 00:00:00,,2024-11-17 00:00:00,Retail Sale Voucher No.RSL/24-25/282,New,0
92966,VH-06-101-4,6,101,11913,RetailInvoice,2024-11-17 00:00:00,,2024-11-17 00:00:00,Retail Sale Voucher No.RSL/24-25/283,New,0
92967,VH-06-101-5,6,101,11914,RetailInvoice,2024-11-17 00:00:00,,2024-11-17 00:00:00,Retail Sale Voucher No.RSL/24-25/284,New,0
92968,VH-06-101-1,6,101,11915,RetailInvoice,2024-11-18 00:00:00,,2024-11-20 00:00:00,Retail Sale Voucher No.RSL/24-25/285,New,0
92969,VH-06-101-2,6,101,11916,RetailInvoice,2024-11-18 00:00:00,,2024-11-20 00:00:00,Retail Sale Voucher No.RSL/24-25/286,New,0
92970,VH-06-101-1,6,101,11917,RetailInvoice,2024-11-19 00:00:00,,2024-11-20 00:00:00,Retail Sale Voucher No.RSL/24-25/287,New,0
92971,VH-06-101-2,6,101,11918,RetailInvoice,2024-11-19 00:00:00,,2024-11-20 00:00:00,Retail Sale Voucher No.RSL/24-25/288,New,0
92972,VH-06-101-1,6,101,11919,RetailInvoice,2024-11-20 00:00:00,,2024-11-20 00:00:00,Retail Sale Voucher No.RSL/24-25/289,New,0
102968,VH-06-101-1,6,101,12915,RetailInvoice,2024-11-21 00:00:00,,2024-11-21 00:00:00,Retail Sale Voucher No.RSL/24-25/290,New,0
102969,VH-06-101-2,6,101,12916,RetailInvoice,2024-11-21 00:00:00,,2024-11-21 00:00:00,Retail Sale Voucher No.RSL/24-25/291,New,0
112968,VH-06-101-1,6,101,13915,RetailInvoice,2024-11-22 00:00:00,,2024-11-25 00:00:00,Retail Sale Voucher No.RSL/24-25/292,New,0
112969,VH-06-101-1,6,101,13916,RetailInvoice,2024-11-23 00:00:00,,2024-11-25 00:00:00,Retail Sale Voucher No.RSL/24-25/293,New,0
112970,VH-06-101-2,6,101,13917,RetailInvoice,2024-11-23 00:00:00,,2024-11-25 00:00:00,Retail Sale Voucher No.RSL/24-25/294,New,0
112971,VH-06-101-3,6,101,13918,RetailInvoice,2024-11-23 00:00:00,,2024-11-25 00:00:00,Retail Sale Voucher No.RSL/24-25/295,New,0
112972,VH-06-101-1,6,101,13919,RetailInvoice,2024-11-24 00:00:00,,2024-11-25 00:00:00,Retail Sale Voucher No.RSL/24-25/296,New,0
112973,VH-06-101-2,6,101,13920,RetailInvoice,2024-11-24 00:00:00,,2024-11-25 00:00:00,Retail Sale Voucher No.RSL/24-25/297,New,0
112974,VH-06-101-3,6,101,13921,RetailInvoice,2024-11-24 00:00:00,,2024-11-25 00:00:00,Retail Sale Voucher No.RSL/24-25/298,New,0
112975,VH-06-101-4,6,101,13922,RetailInvoice,2024-11-24 00:00:00,,2024-11-25 00:00:00,Retail Sale Voucher No.RSL/24-25/299,New,0
112976,VH-06-101-1,6,101,13923,RetailInvoice,2024-11-25 00:00:00,,2024-11-25 00:00:00,Retail Sale Voucher No.RSL/24-25/300,New,0
112977,VH-06-101-2,6,101,13924,RetailInvoice,2024-11-25 00:00:00,,2024-11-25 00:00:00,Retail Sale Voucher No.RSL/24-25/301,New,0
122968,VH-06-101-1,6,101,14915,RetailInvoice,2024-11-26 00:00:00,,2024-11-29 00:00:00,Retail Sale Voucher No.RSL/24-25/302,New,0
122969,VH-06-101-1,6,101,14916,RetailInvoice,2024-11-27 00:00:00,,2024-11-29 00:00:00,Retail Sale Voucher No.RSL/24-25/303,New,0
122970,VH-06-101-2,6,101,14917,RetailInvoice,2024-11-27 00:00:00,,2024-11-29 00:00:00,Retail Sale Voucher No.RSL/24-25/304,New,0
122971,VH-06-101-3,6,101,14918,RetailInvoice,2024-11-27 00:00:00,,2024-11-29 00:00:00,Retail Sale Voucher No.RSL/24-25/305,New,0
122972,VH-06-101-1,6,101,14919,RetailInvoice,2024-11-28 00:00:00,,2024-11-29 00:00:00,Retail Sale Voucher No.RSL/24-25/306,New,0
122973,VH-06-101-1,6,101,14920,RetailInvoice,2024-11-29 00:00:00,,2024-11-29 00:00:00,Retail Sale Voucher No.RSL/24-25/307,New,0
122974,VH-06-101-1,6,101,14921,RetailInvoice,2024-11-30 00:00:00,,2024-12-04 00:00:00,Retail Sale Voucher No.RSL/24-25/308,New,0
122975,VH-06-101-1,6,101,14922,RetailInvoice,2024-12-01 00:00:00,,2024-12-04 00:00:00,Retail Sale Voucher No.RSL/24-25/309,New,0
122976,VH-06-101-1,6,101,14923,RetailInvoice,2024-12-02 00:00:00,,2024-12-04 00:00:00,Retail Sale Voucher No.RSL/24-25/310,New,0
122977,VH-06-101-2,6,101,14924,RetailInvoice,2024-12-02 00:00:00,,2024-12-04 00:00:00,Retail Sale Voucher No.RSL/24-25/311,New,0
122978,VH-06-101-1,6,101,14925,RetailInvoice,2024-12-03 00:00:00,,2024-12-04 00:00:00,Retail Sale Voucher No.RSL/24-25/312,New,0
122979,VH-06-101-1,6,101,14926,RetailInvoice,2024-12-04 00:00:00,,2024-12-04 00:00:00,Retail Sale Voucher No.RSL/24-25/313,New,0
122980,VH-06-101-1,6,101,14927,RetailInvoice,2024-12-06 00:00:00,,2024-12-08 00:00:00,Retail Sale Voucher No.RSL/24-25/314,New,0
122981,VH-06-101-1,6,101,14928,RetailInvoice,2024-12-07 00:00:00,,2024-12-08 00:00:00,Retail Sale Voucher No.RSL/24-25/315,New,0
122982,VH-06-101-1,6,101,14929,RetailInvoice,2024-12-08 00:00:00,,2024-12-08 00:00:00,Retail Sale Voucher No.RSL/24-25/316,New,0
122983,VH-06-101-2,6,101,14930,RetailInvoice,2024-12-08 00:00:00,,2024-12-09 00:00:00,Retail Sale Voucher No.RSL/24-25/317,New,0
122984,VH-06-101-3,6,101,14931,RetailInvoice,2024-12-08 00:00:00,,2024-12-09 00:00:00,Retail Sale Voucher No.RSL/24-25/318,New,0
122985,VH-06-101-4,6,101,14932,RetailInvoice,2024-12-08 00:00:00,,2024-12-09 00:00:00,Retail Sale Voucher No.RSL/24-25/319,New,0
122986,VH-06-101-1,6,101,14933,RetailInvoice,2024-12-09 00:00:00,,2024-12-09 00:00:00,Retail Sale Voucher No.RSL/24-25/320,New,0
122987,VH-06-101-1,6,101,14934,RetailInvoice,2024-12-11 00:00:00,,2024-12-11 00:00:00,Retail Sale Voucher No.RSL/24-25/321,New,0
132968,VH-06-101-2,6,101,15915,RetailInvoice,2024-12-11 00:00:00,,2024-12-12 00:00:00,Retail Sale Voucher No.RSL/24-25/322,New,0
132969,VH-06-101-1,6,101,15916,RetailInvoice,2024-12-12 00:00:00,,2024-12-12 00:00:00,Retail Sale Voucher No.RSL/24-25/323,New,0
132970,VH-06-101-1,6,101,15917,RetailInvoice,2024-12-13 00:00:00,,2024-12-13 00:00:00,Retail Sale Voucher No.RSL/24-25/324,New,0
132971,VH-06-101-1,6,101,15918,RetailInvoice,2024-12-15 00:00:00,,2024-12-15 00:00:00,Retail Sale Voucher No.RSL/24-25/325,New,0
132972,VH-06-101-2,6,101,15919,RetailInvoice,2024-12-15 00:00:00,,2024-12-15 00:00:00,Retail Sale Voucher No.RSL/24-25/326,New,0
132973,VH-06-101-1,6,101,15920,RetailInvoice,2024-12-17 00:00:00,,2024-12-17 00:00:00,Retail Sale Voucher No.RSL/24-25/327,New,0
132974,VH-06-101-2,6,101,15921,RetailInvoice,2024-12-17 00:00:00,,2024-12-17 00:00:00,Retail Sale Voucher No.RSL/24-25/328,New,0
132975,VH-06-101-1,6,101,15922,RetailInvoice,2024-12-18 00:00:00,,2024-12-21 00:00:00,Retail Sale Voucher No.RSL/24-25/329,New,0
132976,VH-06-101-2,6,101,15923,RetailInvoice,2024-12-18 00:00:00,,2024-12-21 00:00:00,Retail Sale Voucher No.RSL/24-25/330,New,0
132977,VH-06-101-1,6,101,15924,RetailInvoice,2024-12-19 00:00:00,,2024-12-21 00:00:00,Retail Sale Voucher No.RSL/24-25/331,New,0
142968,VH-06-101-1,6,101,16915,RetailInvoice,2024-12-22 00:00:00,,2024-12-22 00:00:00,Retail Sale Voucher No.RSL/24-25/332,New,0
142969,VH-06-101-2,6,101,16916,RetailInvoice,2024-12-22 00:00:00,,2024-12-22 00:00:00,Retail Sale Voucher No.RSL/24-25/333,New,0
142970,VH-06-101-3,6,101,16917,RetailInvoice,2024-12-22 00:00:00,,2024-12-22 00:00:00,Retail Sale Voucher No.RSL/24-25/334,New,0
152968,VH-06-101-4,6,101,17915,RetailInvoice,2024-12-22 00:00:00,,2024-12-22 00:00:00,Retail Sale Voucher No.RSL/24-25/335,New,0
152969,VH-06-101-1,6,101,17916,RetailInvoice,2024-12-23 00:00:00,,2024-12-23 00:00:00,Retail Sale Voucher No.RSL/24-25/336,New,0
162968,VH-06-101-1,6,101,18915,RetailInvoice,2024-12-24 00:00:00,,2024-12-24 00:00:00,Retail Sale Voucher No.RSL/24-25/337,New,0
172968,VH-06-101-1,6,101,19915,RetailInvoice,2024-12-25 00:00:00,,2024-12-26 00:00:00,Retail Sale Voucher No.RSL/24-25/338,New,0
172969,VH-06-101-1,6,101,19916,RetailInvoice,2024-12-26 00:00:00,,2024-12-26 00:00:00,Retail Sale Voucher No.RSL/24-25/339,New,0
182968,VH-06-101-1,6,101,20915,RetailInvoice,2024-12-28 00:00:00,,2024-12-28 00:00:00,Retail Sale Voucher No.RSL/24-25/340,New,0
182969,VH-06-101-1,6,101,20916,RetailInvoice,2024-12-31 00:00:00,,2024-12-31 00:00:00,Retail Sale Voucher No.RSL/24-25/341,New,0
182970,VH-06-101-2,6,101,20917,RetailInvoice,2024-12-31 00:00:00,,2025-01-02 00:00:00,Retail Sale Voucher No.RSL/24-25/342,New,0
182971,VH-06-101-1,6,101,20918,RetailInvoice,2025-01-01 00:00:00,,2025-01-02 00:00:00,Retail Sale Voucher No.RSL/24-25/343,New,0
182972,VH-06-101-1,6,101,20919,RetailInvoice,2025-01-02 00:00:00,,2025-01-02 00:00:00,Retail Sale Voucher No.RSL/24-25/344,New,0
192968,VH-06-101-1,6,101,21915,RetailInvoice,2025-01-05 00:00:00,,2025-01-07 00:00:00,Retail Sale Voucher No.RSL/24-25/345,New,0
192969,VH-06-101-2,6,101,21916,RetailInvoice,2025-01-05 00:00:00,,2025-01-10 00:00:00,Retail Sale Voucher No.RSL/24-25/346,New,0
192970,VH-06-101-1,6,101,21917,RetailInvoice,2025-01-06 00:00:00,,2025-01-11 00:00:00,Retail Sale Voucher No.RSL/24-25/347,New,0
192971,VH-06-101-2,6,101,21918,RetailInvoice,2025-01-06 00:00:00,,2025-01-13 00:00:00,Retail Sale Voucher No.RSL/24-25/348,New,0
192972,VH-06-101-1,6,101,21919,RetailInvoice,2025-01-07 00:00:00,,2025-02-25 00:00:00,Retail Sale Voucher No.RSL/24-25/349,Modified,0
192973,VH-06-101-1,6,101,21920,RetailInvoice,2025-01-08 00:00:00,,2025-01-13 00:00:00,Retail Sale Voucher No.RSL/24-25/350,New,0
192974,VH-06-101-2,6,101,21921,RetailInvoice,2025-01-08 00:00:00,,2025-01-13 00:00:00,Retail Sale Voucher No.RSL/24-25/351,New,0
192975,VH-06-101-1,6,101,21922,RetailInvoice,2025-01-10 00:00:00,,2025-01-13 00:00:00,Retail Sale Voucher No.RSL/24-25/352,New,0
192976,VH-06-101-1,6,101,21923,RetailInvoice,2025-01-11 00:00:00,,2025-01-13 00:00:00,Retail Sale Voucher No.RSL/24-25/353,New,0
192977,VH-06-101-1,6,101,21924,RetailInvoice,2025-01-12 00:00:00,,2025-01-13 00:00:00,Retail Sale Voucher No.RSL/24-25/354,New,0
192978,VH-06-101-2,6,101,21925,RetailInvoice,2025-01-12 00:00:00,,2025-01-13 00:00:00,Retail Sale Voucher No.RSL/24-25/355,New,0
192979,VH-06-101-1,6,101,21926,RetailInvoice,2025-01-13 00:00:00,,2025-01-13 00:00:00,Retail Sale Voucher No.RSL/24-25/356,New,0
202969,VH-06-101-1,6,101,22916,RetailInvoice,2025-01-14 00:00:00,,2025-01-17 00:00:00,Retail Sale Voucher No.RSL/24-25/357,Modified,0
202970,VH-06-101-2,6,101,22917,RetailInvoice,2025-01-14 00:00:00,,2025-01-17 00:00:00,Retail Sale Voucher No.RSL/24-25/358,New,0
202971,VH-06-101-1,6,101,22918,RetailInvoice,2025-01-15 00:00:00,,2025-01-17 00:00:00,Retail Sale Voucher No.RSL/24-25/359,New,0
202972,VH-06-101-2,6,101,22919,RetailInvoice,2025-01-15 00:00:00,,2025-01-17 00:00:00,Retail Sale Voucher No.RSL/24-25/360,New,0
202973,VH-06-101-3,6,101,22920,RetailInvoice,2025-01-15 00:00:00,,2025-01-17 00:00:00,Retail Sale Voucher No.RSL/24-25/361,New,0
202974,VH-06-101-4,6,101,22921,RetailInvoice,2025-01-15 00:00:00,,2025-01-17 00:00:00,Retail Sale Voucher No.RSL/24-25/362,New,0
202975,VH-06-101-5,6,101,22922,RetailInvoice,2025-01-15 00:00:00,,2025-01-17 00:00:00,Retail Sale Voucher No.RSL/24-25/363,New,0
202976,VH-06-101-1,6,101,22923,RetailInvoice,2025-01-16 00:00:00,,2025-01-17 00:00:00,Retail Sale Voucher No.RSL/24-25/364,New,0
202977,VH-06-101-2,6,101,22924,RetailInvoice,2025-01-16 00:00:00,,2025-01-17 00:00:00,Retail Sale Voucher No.RSL/24-25/365,New,0
202978,VH-06-101-1,6,101,22925,RetailInvoice,2025-01-17 00:00:00,,2025-01-17 00:00:00,Retail Sale Voucher No.RSL/24-25/366,New,0
212970,VH-06-101-1,6,101,23917,RetailInvoice,2025-01-18 00:00:00,,2025-01-22 00:00:00,Retail Sale Voucher No.RSL/24-25/367,New,0
212971,VH-06-101-2,6,101,23918,RetailInvoice,2025-01-18 00:00:00,,2025-01-22 00:00:00,Retail Sale Voucher No.RSL/24-25/368,New,0
212972,VH-06-101-1,6,101,23919,RetailInvoice,2025-01-19 00:00:00,,2025-01-22 00:00:00,Retail Sale Voucher No.RSL/24-25/369,New,0
212973,VH-06-101-1,6,101,23920,RetailInvoice,2025-01-21 00:00:00,,2025-01-22 00:00:00,Retail Sale Voucher No.RSL/24-25/370,New,0
212974,VH-06-101-1,6,101,23921,RetailInvoice,2025-01-22 00:00:00,,2025-01-22 00:00:00,Retail Sale Voucher No.RSL/24-25/371,New,0
212975,VH-06-101-1,6,101,23922,RetailInvoice,2025-01-23 00:00:00,,2025-01-24 00:00:00,Retail Sale Voucher No.RSL/24-25/372,New,0
212976,VH-06-101-1,6,101,23923,RetailInvoice,2025-01-24 00:00:00,,2025-01-25 00:00:00,Retail Sale Voucher No.RSL/24-25/373,Modified,0
212977,VH-06-101-2,6,101,23924,RetailInvoice,2025-01-24 00:00:00,,2025-01-25 00:00:00,Retail Sale Voucher No.RSL/24-25/374,New,0
212978,VH-06-101-3,6,101,23925,RetailInvoice,2025-01-24 00:00:00,,2025-01-25 00:00:00,Retail Sale Voucher No.RSL/24-25/375,New,0
212979,VH-06-101-1,6,101,23926,RetailInvoice,2025-01-25 00:00:00,,2025-01-25 00:00:00,Retail Sale Voucher No.RSL/24-25/376,New,0
212980,VH-06-101-2,6,101,23927,RetailInvoice,2025-01-25 00:00:00,,2025-01-25 00:00:00,Retail Sale Voucher No.RSL/24-25/377,New,0
212981,VH-06-101-1,6,101,23928,RetailInvoice,2025-01-26 00:00:00,,2025-01-26 00:00:00,Retail Sale Voucher No.RSL/24-25/378,New,0
212982,VH-06-101-2,6,101,23929,RetailInvoice,2025-01-26 00:00:00,,2025-01-26 00:00:00,Retail Sale Voucher No.RSL/24-25/379,New,0
212983,VH-06-101-3,6,101,23930,RetailInvoice,2025-01-26 00:00:00,,2025-01-26 00:00:00,Retail Sale Voucher No.RSL/24-25/380,New,0
212984,VH-06-101-1,6,101,23931,RetailInvoice,2025-01-27 00:00:00,,2025-01-27 00:00:00,Retail Sale Voucher No.RSL/24-25/381,New,0
212985,VH-06-101-2,6,101,23932,RetailInvoice,2025-01-27 00:00:00,,2025-01-27 00:00:00,Retail Sale Voucher No.RSL/24-25/382,New,0
212986,VH-06-101-3,6,101,23933,RetailInvoice,2025-01-27 00:00:00,,2025-01-27 00:00:00,Retail Sale Voucher No.RSL/24-25/383,New,0
212987,VH-06-101-4,6,101,23934,RetailInvoice,2025-01-27 00:00:00,,2025-02-02 00:00:00,Retail Sale Voucher No.RSL/24-25/384,New,0
212988,VH-06-101-1,6,101,23935,RetailInvoice,2025-01-28 00:00:00,,2025-02-02 00:00:00,Retail Sale Voucher No.RSL/24-25/385,New,0
212989,VH-06-101-2,6,101,23936,RetailInvoice,2025-01-28 00:00:00,,2025-02-02 00:00:00,Retail Sale Voucher No.RSL/24-25/386,New,0
212990,VH-06-101-3,6,101,23937,RetailInvoice,2025-01-28 00:00:00,,2025-02-02 00:00:00,Retail Sale Voucher No.RSL/24-25/387,New,0
212991,VH-06-101-1,6,101,23938,RetailInvoice,2025-01-29 00:00:00,,2025-02-02 00:00:00,Retail Sale Voucher No.RSL/24-25/388,New,0
212992,VH-06-101-2,6,101,23939,RetailInvoice,2025-01-29 00:00:00,,2025-02-02 00:00:00,Retail Sale Voucher No.RSL/24-25/389,New,0
212993,VH-06-101-1,6,101,23940,RetailInvoice,2025-01-31 00:00:00,,2025-02-02 00:00:00,Retail Sale Voucher No.RSL/24-25/390,New,0
212994,VH-06-101-2,6,101,23941,RetailInvoice,2025-01-31 00:00:00,,2025-02-02 00:00:00,Retail Sale Voucher No.RSL/24-25/391,New,0
212995,VH-06-101-3,6,101,23942,RetailInvoice,2025-01-31 00:00:00,,2025-02-02 00:00:00,Retail Sale Voucher No.RSL/24-25/392,New,0
212996,VH-06-101-1,6,101,23943,RetailInvoice,2025-02-01 00:00:00,,2025-02-02 00:00:00,Retail Sale Voucher No.RSL/24-25/393,New,0
212997,VH-06-101-1,6,101,23944,RetailInvoice,2025-02-02 00:00:00,,2025-02-02 00:00:00,Retail Sale Voucher No.RSL/24-25/394,New,0
222970,VH-06-101-1,6,101,24917,RetailInvoice,2025-02-03 00:00:00,,2025-02-04 00:00:00,Retail Sale Voucher No.RSL/24-25/395,New,0
222971,VH-06-101-1,6,101,24918,RetailInvoice,2025-02-04 00:00:00,,2025-02-04 00:00:00,Retail Sale Voucher No.RSL/24-25/396,New,0
232970,VH-06-101-1,6,101,25917,RetailInvoice,2025-02-05 00:00:00,,2025-02-08 00:00:00,Retail Sale Voucher No.RSL/24-25/397,New,0
232971,VH-06-101-2,6,101,25918,RetailInvoice,2025-02-05 00:00:00,,2025-02-08 00:00:00,Retail Sale Voucher No.RSL/24-25/398,New,0
232972,VH-06-101-1,6,101,25919,RetailInvoice,2025-02-06 00:00:00,,2025-02-08 00:00:00,Retail Sale Voucher No.RSL/24-25/399,New,0
232973,VH-06-101-1,6,101,25920,RetailInvoice,2025-02-07 00:00:00,,2025-02-08 00:00:00,Retail Sale Voucher No.RSL/24-25/400,New,0
232974,VH-06-101-1,6,101,25921,RetailInvoice,2025-02-08 00:00:00,,2025-02-08 00:00:00,Retail Sale Voucher No.RSL/24-25/401,New,0
232975,VH-06-101-1,6,101,25922,RetailInvoice,2025-02-10 00:00:00,,2025-02-10 00:00:00,Retail Sale Voucher No.RSL/24-25/402,New,0
232976,VH-06-101-2,6,101,25923,RetailInvoice,2025-02-10 00:00:00,,2025-02-10 00:00:00,Retail Sale Voucher No.RSL/24-25/403,New,0
232977,VH-06-101-1,6,101,25924,RetailInvoice,2025-02-09 00:00:00,,2025-02-11 00:00:00,Retail Sale Voucher No.RSL/24-25/404,New,0
232978,VH-06-101-3,6,101,25925,RetailInvoice,2025-02-10 00:00:00,,2025-02-11 00:00:00,Retail Sale Voucher No.RSL/24-25/405,New,0
232979,VH-06-101-4,6,101,25926,RetailInvoice,2025-02-10 00:00:00,,2025-02-11 00:00:00,Retail Sale Voucher No.RSL/24-25/406,New,0
232980,VH-06-101-1,6,101,50,OldMetalPurchase,2025-02-11 00:00:00,,2025-02-11 00:00:00,Old Purchase Voucher No - OLP/24-25/1,New,0
232981,VH-06-101-5,6,101,25927,RetailInvoice,2025-02-10 00:00:00,,2025-02-11 00:00:00,Retail Sale Voucher No.RSL/24-25/407,New,0
232982,VH-06-101-2,6,101,51,OldMetalPurchase,2025-02-11 00:00:00,,2025-02-11 00:00:00,Old Purchase Voucher No - OLP/24-25/2,New,0
232983,VH-06-101-6,6,101,25928,RetailInvoice,2025-02-10 00:00:00,,2025-02-11 00:00:00,Retail Sale Voucher No.RSL/24-25/408,New,0
232984,VH-06-101-1,6,101,25929,RetailInvoice,2025-02-13 00:00:00,,2025-02-13 00:00:00,Retail Sale Voucher No.RSL/24-25/409,New,0
242984,VH-06-101-2,6,101,26929,RetailInvoice,2025-02-13 00:00:00,,2025-02-17 00:00:00,Retail Sale Voucher No.RSL/24-25/410,New,0
242985,VH-06-101-1,6,101,26930,RetailInvoice,2025-02-14 00:00:00,,2025-02-17 00:00:00,Retail Sale Voucher No.RSL/24-25/411,New,0
242986,VH-06-101-2,6,101,26931,RetailInvoice,2025-02-14 00:00:00,,2025-02-17 00:00:00,Retail Sale Voucher No.RSL/24-25/412,New,0
242987,VH-06-101-1,6,101,26932,RetailInvoice,2025-02-15 00:00:00,,2025-02-17 00:00:00,Retail Sale Voucher No.RSL/24-25/413,New,0
242988,VH-06-101-2,6,101,26933,RetailInvoice,2025-02-15 00:00:00,,2025-02-17 00:00:00,Retail Sale Voucher No.RSL/24-25/414,New,0
242989,VH-06-101-1,6,101,26934,RetailInvoice,2025-02-16 00:00:00,,2025-02-17 00:00:00,Retail Sale Voucher No.RSL/24-25/415,New,0
242990,VH-06-101-2,6,101,26935,RetailInvoice,2025-02-16 00:00:00,,2025-02-17 00:00:00,Retail Sale Voucher No.RSL/24-25/416,New,0
242991,VH-06-101-1,6,101,26936,RetailInvoice,2025-02-17 00:00:00,,2025-02-17 00:00:00,Retail Sale Voucher No.RSL/24-25/417,New,0
252984,VH-06-101-1,6,101,27929,RetailInvoice,2025-02-18 00:00:00,,2025-02-18 00:00:00,Retail Sale Voucher No.RSL/24-25/418,New,0
262984,VH-06-101-1,6,101,28929,RetailInvoice,2025-02-21 00:00:00,,2025-02-21 00:00:00,Retail Sale Voucher No.RSL/24-25/419,New,0
262985,VH-06-101-2,6,101,28930,RetailInvoice,2025-02-21 00:00:00,,2025-02-22 00:00:00,Retail Sale Voucher No.RSL/24-25/420,New,0
262986,VH-06-101-3,6,101,28931,RetailInvoice,2025-02-21 00:00:00,,2025-02-22 00:00:00,Retail Sale Voucher No.RSL/24-25/421,New,0
262987,VH-06-101-1,6,101,28932,RetailInvoice,2025-02-23 00:00:00,,2025-02-23 00:00:00,Retail Sale Voucher No.RSL/24-25/422,New,0
262988,VH-06-101-2,6,101,28933,RetailInvoice,2025-02-23 00:00:00,,2025-02-23 00:00:00,Retail Sale Voucher No.RSL/24-25/423,New,0
272984,VH-06-101-1,6,101,29929,RetailInvoice,2025-02-25 00:00:00,,2025-02-27 00:00:00,Retail Sale Voucher No.RSL/24-25/424,New,0
272985,VH-06-101-1,6,101,29930,RetailInvoice,2025-02-28 00:00:00,,2025-03-01 00:00:00,Retail Sale Voucher No.RSL/24-25/425,New,0
272986,VH-06-101-1,6,101,29931,RetailInvoice,2025-03-01 00:00:00,,2025-03-01 00:00:00,Retail Sale Voucher No.RSL/24-25/426,New,0
272987,VH-06-101-2,6,101,29932,RetailInvoice,2025-03-01 00:00:00,,2025-03-01 00:00:00,Retail Sale Voucher No.RSL/24-25/427,New,0
272988,VH-06-101-1,6,101,29933,RetailInvoice,2025-03-02 00:00:00,,2025-03-03 00:00:00,Retail Sale Voucher No.RSL/24-25/428,New,0
272989,VH-06-101-2,6,101,29934,RetailInvoice,2025-03-02 00:00:00,,2025-03-03 00:00:00,Retail Sale Voucher No.RSL/24-25/429,Modified,0
272990,VH-06-101-1,6,101,29935,RetailInvoice,2025-03-03 00:00:00,,2025-03-03 00:00:00,Retail Sale Voucher No.RSL/24-25/430,New,0
272991,VH-06-101-2,6,101,29936,RetailInvoice,2025-03-03 00:00:00,,2025-03-03 00:00:00,Retail Sale Voucher No.RSL/24-25/431,New,0
272992,VH-06-101-1,6,101,29937,RetailInvoice,2025-03-05 00:00:00,,2025-03-20 00:00:00,Retail Sale Voucher No.RSL/24-25/432,Modified,0
272993,VH-06-101-1,6,101,29938,RetailInvoice,2025-03-06 00:00:00,,2025-03-06 00:00:00,Retail Sale Voucher No.RSL/24-25/433,New,0
272994,VH-06-101-1,6,101,29939,RetailInvoice,2025-03-14 00:00:00,,2025-03-14 00:00:00,Retail Sale Voucher No.RSL/24-25/434,New,0
272995,VH-06-101-1,6,101,29940,RetailInvoice,2025-03-21 00:00:00,,2025-03-21 00:00:00,Retail Sale Voucher No.RSL/24-25/435,New,0
282995,VH-06-101-1,6,101,30940,RetailInvoice,2025-03-25 00:00:00,,2025-03-25 00:00:00,Retail Sale Voucher No.RSL/24-25/436,New,0
282996,VH-06-101-2,6,101,30941,RetailInvoice,2025-03-25 00:00:00,,2025-03-25 00:00:00,Retail Sale Voucher No.RSL/24-25/437,New,0
292995,VH-06-101-1,6,101,31940,RetailInvoice,2025-03-26 00:00:00,,2025-03-26 00:00:00,Retail Sale Voucher No.RSL/24-25/438,New,0
292996,VH-06-101-2,6,101,31941,RetailInvoice,2025-03-26 00:00:00,,2025-03-26 00:00:00,Retail Sale Voucher No.RSL/24-25/439,New,0
302995,VH-06-101-1,6,101,32940,RetailInvoice,2025-03-29 00:00:00,,2025-03-30 00:00:00,Retail Sale Voucher No.RSL/24-25/440,New,0
302996,VH-07-101-1,7,101,32941,RetailInvoice,2025-04-01 00:00:00,,2025-04-08 00:00:00,Retail Sale Voucher No.RSL/25-26/1,New,0
312996,VH-07-101-2,7,101,33941,RetailInvoice,2025-04-01 00:00:00,,2025-04-11 00:00:00,Retail Sale Voucher No.RSL/25-26/2,New,0
312997,VH-07-101-1,7,101,33942,RetailInvoice,2025-04-02 00:00:00,,2025-04-11 00:00:00,Retail Sale Voucher No.RSL/25-26/3,New,0
312998,VH-07-101-1,7,101,33943,RetailInvoice,2025-04-03 00:00:00,,2025-04-11 00:00:00,Retail Sale Voucher No.RSL/25-26/4,New,0
312999,VH-07-101-2,7,101,33944,RetailInvoice,2025-04-03 00:00:00,,2025-04-11 00:00:00,Retail Sale Voucher No.RSL/25-26/5,New,0
313000,VH-07-101-1,7,101,33945,RetailInvoice,2025-04-05 00:00:00,,2025-04-11 00:00:00,Retail Sale Voucher No.RSL/25-26/6,New,0
313001,VH-07-101-1,7,101,33946,RetailInvoice,2025-04-06 00:00:00,,2025-04-11 00:00:00,Retail Sale Voucher No.RSL/25-26/7,New,0
313002,VH-07-101-2,7,101,33947,RetailInvoice,2025-04-06 00:00:00,,2025-04-11 00:00:00,Retail Sale Voucher No.RSL/25-26/8,New,0
313003,VH-07-101-1,7,101,33948,RetailInvoice,2025-04-07 00:00:00,,2025-04-11 00:00:00,Retail Sale Voucher No.RSL/25-26/9,New,0
313004,VH-07-101-1,7,101,33949,RetailInvoice,2025-04-08 00:00:00,,2025-04-11 00:00:00,Retail Sale Voucher No.RSL/25-26/10,New,0
313005,VH-07-101-1,7,101,33950,RetailInvoice,2025-04-10 00:00:00,,2025-04-11 00:00:00,Retail Sale Voucher No.RSL/25-26/11,New,0
313006,VH-07-101-1,7,101,33951,RetailInvoice,2025-04-12 00:00:00,,2025-04-12 00:00:00,Retail Sale Voucher No.RSL/25-26/12,New,0
313007,VH-07-101-2,7,101,33952,RetailInvoice,2025-04-12 00:00:00,,2025-04-13 00:00:00,Retail Sale Voucher No.RSL/25-26/13,New,0
313008,VH-07-101-3,7,101,33953,RetailInvoice,2025-04-12 00:00:00,,2025-04-13 00:00:00,Retail Sale Voucher No.RSL/25-26/14,New,0
313009,VH-07-101-4,7,101,33954,RetailInvoice,2025-04-12 00:00:00,,2025-04-14 00:00:00,Retail Sale Voucher No.RSL/25-26/15,Modified,0
322996,VH-07-101-1,7,101,34941,RetailInvoice,2025-04-13 00:00:00,,2025-04-14 00:00:00,Retail Sale Voucher No.RSL/25-26/16,New,0
332996,VH-07-101-1,7,101,35941,RetailInvoice,2025-04-16 00:00:00,,2025-04-16 00:00:00,Retail Sale Voucher No.RSL/25-26/17,Modified,0
332997,VH-07-101-2,7,101,35942,RetailInvoice,2025-04-16 00:00:00,,2025-04-16 00:00:00,Retail Sale Voucher No.RSL/25-26/18,New,0
332998,VH-07-101-1,7,101,35943,RetailInvoice,2025-04-17 00:00:00,,2025-04-17 00:00:00,Retail Sale Voucher No.RSL/25-26/19,New,0
332999,VH-07-101-2,7,101,35944,RetailInvoice,2025-04-17 00:00:00,,2025-04-17 00:00:00,Retail Sale Voucher No.RSL/25-26/20,New,0
342996,VH-07-101-1,7,101,36941,RetailInvoice,2025-04-20 00:00:00,,2025-04-20 00:00:00,Retail Sale Voucher No.RSL/25-26/21,New,0
342997,VH-07-101-2,7,101,36942,RetailInvoice,2025-04-20 00:00:00,,2025-04-21 00:00:00,Retail Sale Voucher No.RSL/25-26/22,Modified,0
352996,VH-07-101-1,7,101,37941,RetailInvoice,2025-04-22 00:00:00,,2025-04-22 00:00:00,Retail Sale Voucher No.RSL/25-26/23,New,0
362996,VH-07-101-1,7,101,38941,RetailInvoice,2025-04-25 00:00:00,,2025-04-25 00:00:00,Retail Sale Voucher No.RSL/25-26/24,New,0
372996,VH-07-101-1,7,101,39941,RetailInvoice,2025-04-28 00:00:00,,2025-04-28 00:00:00,Retail Sale Voucher No.RSL/25-26/25,New,0
372997,VH-07-101-2,7,101,39942,RetailInvoice,2025-04-28 00:00:00,,2025-04-28 00:00:00,Retail Sale Voucher No.RSL/25-26/26,New,0
372998,VH-07-101-3,7,101,39943,RetailInvoice,2025-04-28 00:00:00,,2025-04-28 00:00:00,Retail Sale Voucher No.RSL/25-26/27,Modified,0
382996,VH-07-101-1,7,101,40941,RetailInvoice,2025-04-30 00:00:00,,2025-04-30 00:00:00,Retail Sale Voucher No.RSL/25-26/28,New,0
382997,VH-07-101-2,7,101,40942,RetailInvoice,2025-04-30 00:00:00,,2025-04-30 00:00:00,Retail Sale Voucher No.RSL/25-26/29,New,0
382998,VH-07-101-3,7,101,40943,RetailInvoice,2025-04-30 00:00:00,,2025-04-30 00:00:00,Retail Sale Voucher No.RSL/25-26/30,New,0
382999,VH-07-101-4,7,101,40944,RetailInvoice,2025-04-30 00:00:00,,2025-05-01 00:00:00,Retail Sale Voucher No.RSL/25-26/31,Modified,0
383000,VH-07-101-5,7,101,40945,RetailInvoice,2025-04-30 00:00:00,,2025-04-30 00:00:00,Retail Sale Voucher No.RSL/25-26/32,New,0
392996,VH-07-101-1,7,101,41941,RetailInvoice,2025-05-01 00:00:00,,2025-05-11 00:00:00,Retail Sale Voucher No.RSL/25-26/33,Modified,0
402996,VH-07-101-1,7,101,42941,RetailInvoice,2025-05-07 00:00:00,,2025-05-07 00:00:00,Retail Sale Voucher No.RSL/25-26/34,New,0
402997,VH-07-101-2,7,101,42942,RetailInvoice,2025-05-07 00:00:00,,2025-05-07 00:00:00,Retail Sale Voucher No.RSL/25-26/35,Modified,0
402998,VH-07-101-1,7,101,42943,RetailInvoice,2025-05-08 00:00:00,,2025-05-08 00:00:00,Retail Sale Voucher No.RSL/25-26/36,New,0
402999,VH-07-101-2,7,101,42944,RetailInvoice,2025-05-08 00:00:00,,2025-05-08 00:00:00,Retail Sale Voucher No.RSL/25-26/37,New,0
403000,VH-07-101-1,7,101,42945,RetailInvoice,2025-05-09 00:00:00,,2025-05-09 00:00:00,Retail Sale Voucher No.RSL/25-26/38,New,0
412996,VH-07-101-1,7,101,43941,RetailInvoice,2025-05-11 00:00:00,,2025-05-11 00:00:00,Retail Sale Voucher No.RSL/25-26/39,New,0
412997,VH-07-101-2,7,101,43942,RetailInvoice,2025-05-11 00:00:00,,2025-05-11 00:00:00,Retail Sale Voucher No.RSL/25-26/40,New,0
412998,VH-07-101-3,7,101,43943,RetailInvoice,2025-05-11 00:00:00,,2025-05-11 00:00:00,Retail Sale Voucher No.RSL/25-26/41,New,0
422996,VH-07-101-1,7,101,44941,RetailInvoice,2025-05-14 00:00:00,,2025-05-15 00:00:00,Retail Sale Voucher No.RSL/25-26/42,New,0
422997,VH-07-101-2,7,101,44942,RetailInvoice,2025-05-14 00:00:00,,2025-05-15 00:00:00,Retail Sale Voucher No.RSL/25-26/43,New,0
422998,VH-07-101-1,7,101,44943,RetailInvoice,2025-05-15 00:00:00,,2025-05-15 00:00:00,Retail Sale Voucher No.RSL/25-26/44,New,0
422999,VH-07-101-2,7,101,44944,RetailInvoice,2025-05-15 00:00:00,,2025-05-15 00:00:00,Retail Sale Voucher No.RSL/25-26/45,New,0
423000,VH-07-101-3,7,101,44945,RetailInvoice,2025-05-15 00:00:00,,2025-05-15 00:00:00,Retail Sale Voucher No.RSL/25-26/46,New,0
423001,VH-07-101-4,7,101,44946,RetailInvoice,2025-05-15 00:00:00,,2025-05-16 00:00:00,Retail Sale Voucher No.RSL/25-26/47,New,0
433001,VH-07-101-1,7,101,45946,RetailInvoice,2025-05-18 00:00:00,,2025-05-18 00:00:00,Retail Sale Voucher No.RSL/25-26/48,New,0
433002,VH-07-101-1,7,101,45947,RetailInvoice,2025-05-19 00:00:00,,2025-05-20 00:00:00,Retail Sale Voucher No.RSL/25-26/49,New,0
433003,VH-07-101-1,7,101,45948,RetailInvoice,2025-05-20 00:00:00,,2025-05-20 00:00:00,Retail Sale Voucher No.RSL/25-26/50,New,0
433004,VH-07-101-2,7,101,45949,RetailInvoice,2025-05-20 00:00:00,,2025-05-20 00:00:00,Retail Sale Voucher No.RSL/25-26/51,New,0
433005,VH-07-101-3,7,101,45950,RetailInvoice,2025-05-20 00:00:00,,2025-05-20 00:00:00,Retail Sale Voucher No.RSL/25-26/52,New,0
433006,VH-07-101-4,7,101,45951,RetailInvoice,2025-05-20 00:00:00,,2025-05-20 00:00:00,Retail Sale Voucher No.RSL/25-26/53,New,0
433007,VH-07-101-5,7,101,45952,RetailInvoice,2025-05-20 00:00:00,,2025-05-20 00:00:00,Retail Sale Voucher No.RSL/25-26/54,New,0
433008,VH-07-101-6,7,101,45953,RetailInvoice,2025-05-20 00:00:00,,2025-05-20 00:00:00,Retail Sale Voucher No.RSL/25-26/55,New,0
433009,VH-07-101-1,7,101,45954,RetailInvoice,2025-05-21 00:00:00,,2025-05-21 00:00:00,Retail Sale Voucher No.RSL/25-26/56,New,0
443009,VH-07-101-1,7,101,46954,RetailInvoice,2025-05-23 00:00:00,,2025-05-23 00:00:00,Retail Sale Voucher No.RSL/25-26/57,New,0
453009,VH-07-101-1,7,101,47954,RetailInvoice,2025-05-25 00:00:00,,2025-05-25 00:00:00,Retail Sale Voucher No.RSL/25-26/58,New,0
453010,VH-07-101-2,7,101,47955,RetailInvoice,2025-05-25 00:00:00,,2025-05-25 00:00:00,Retail Sale Voucher No.RSL/25-26/59,New,0
453011,VH-07-101-3,7,101,47956,RetailInvoice,2025-05-25 00:00:00,,2025-05-25 00:00:00,Retail Sale Voucher No.RSL/25-26/60,New,0
453012,VH-07-101-1,7,101,47957,RetailInvoice,2025-05-26 00:00:00,,2025-05-26 00:00:00,Retail Sale Voucher No.RSL/25-26/61,Modified,0
463009,VH-07-101-1,7,101,48954,RetailInvoice,2025-05-28 00:00:00,,2025-05-28 00:00:00,Retail Sale Voucher No.RSL/25-26/62,New,0
463010,VH-07-101-2,7,101,48955,RetailInvoice,2025-05-28 00:00:00,,2025-05-28 00:00:00,Retail Sale Voucher No.RSL/25-26/63,New,0
473009,VH-07-101-3,7,101,49954,RetailInvoice,2025-05-28 00:00:00,,2025-05-29 00:00:00,Retail Sale Voucher No.RSL/25-26/64,New,0
483009,VH-07-101-1,7,101,50954,RetailInvoice,2025-05-30 00:00:00,,2025-05-30 00:00:00,Retail Sale Voucher No.RSL/25-26/65,Modified,0
483010,VH-07-101-2,7,101,50955,RetailInvoice,2025-05-30 00:00:00,,2025-05-30 00:00:00,Retail Sale Voucher No.RSL/25-26/66,New,0
493009,VH-07-101-1,7,101,51954,RetailInvoice,2025-05-30 00:00:00,,2025-06-02 00:00:00,Retail Sale Voucher No.RSL/25-26/67,Modified,0
493010,VH-07-101-1,7,101,51955,RetailInvoice,2025-05-31 00:00:00,,2025-06-02 00:00:00,Retail Sale Voucher No.RSL/25-26/68,New,0
493011,VH-07-101-1,7,101,51956,RetailInvoice,2025-06-02 00:00:00,,2025-06-02 00:00:00,Retail Sale Voucher No.RSL/25-26/69,New,0
493012,VH-07-101-2,7,101,51957,RetailInvoice,2025-06-02 00:00:00,,2025-06-02 00:00:00,Retail Sale Voucher No.RSL/25-26/70,New,0
503009,VH-07-101-1,7,101,52954,RetailInvoice,2025-06-03 00:00:00,,2025-06-03 00:00:00,Retail Sale Voucher No.RSL/25-26/71,New,0
513009,VH-07-101-1,7,101,53954,RetailInvoice,2025-06-04 00:00:00,,2025-06-04 00:00:00,Retail Sale Voucher No.RSL/25-26/72,New,0
523009,VH-07-101-2,7,101,54954,RetailInvoice,2025-06-04 00:00:00,,2025-06-06 00:00:00,Retail Sale Voucher No.RSL/25-26/73,New,0
523010,VH-07-101-1,7,101,54955,RetailInvoice,2025-06-05 00:00:00,,2025-06-06 00:00:00,Retail Sale Voucher No.RSL/25-26/74,New,0
523011,VH-07-101-1,7,101,54956,RetailInvoice,2025-06-06 00:00:00,,2025-06-06 00:00:00,Retail Sale Voucher No.RSL/25-26/75,New,0
523012,VH-07-101-2,7,101,54957,RetailInvoice,2025-06-05 00:00:00,,2025-06-06 00:00:00,Retail Sale Voucher No.RSL/25-26/76,New,0
523013,VH-07-101-2,7,101,54958,RetailInvoice,2025-06-06 00:00:00,,2025-07-19 00:00:00,Retail Sale Voucher No.RSL/25-26/77,Modified,0
533009,VH-07-101-3,7,101,55954,RetailInvoice,2025-06-06 00:00:00,,2025-06-06 00:00:00,Retail Sale Voucher No.RSL/25-26/78,New,0
533010,VH-07-101-1,7,101,55955,RetailInvoice,2025-06-07 00:00:00,,2025-06-09 00:00:00,Retail Sale Voucher No.RSL/25-26/79,Modified,0
533011,VH-07-101-2,7,101,55956,RetailInvoice,2025-06-07 00:00:00,,2025-06-07 00:00:00,Retail Sale Voucher No.RSL/25-26/80,New,0
533012,VH-07-101-3,7,101,55957,RetailInvoice,2025-06-07 00:00:00,,2025-06-07 00:00:00,Retail Sale Voucher No.RSL/25-26/81,New,0
533013,VH-07-101-4,7,101,55958,RetailInvoice,2025-06-07 00:00:00,,2025-06-07 00:00:00,Retail Sale Voucher No.RSL/25-26/82,New,0
533014,VH-07-101-5,7,101,55959,RetailInvoice,2025-06-07 00:00:00,,2025-06-07 00:00:00,Retail Sale Voucher No.RSL/25-26/83,New,0
533015,VH-07-101-6,7,101,55960,RetailInvoice,2025-06-07 00:00:00,,2025-06-07 00:00:00,Retail Sale Voucher No.RSL/25-26/84,New,0
533016,VH-07-101-7,7,101,55961,RetailInvoice,2025-06-07 00:00:00,,2025-06-07 00:00:00,Retail Sale Voucher No.RSL/25-26/85,New,0
533017,VH-07-101-8,7,101,55962,RetailInvoice,2025-06-07 00:00:00,,2025-06-07 00:00:00,Retail Sale Voucher No.RSL/25-26/86,New,0
543009,VH-07-101-1,7,101,56954,RetailInvoice,2025-06-09 00:00:00,,2025-06-09 00:00:00,Retail Sale Voucher No.RSL/25-26/87,New,0
543010,VH-07-101-2,7,101,56955,RetailInvoice,2025-06-09 00:00:00,,2025-06-09 00:00:00,Retail Sale Voucher No.RSL/25-26/88,New,0
543011,VH-07-101-1,7,101,56956,RetailInvoice,2025-06-08 00:00:00,,2025-06-09 00:00:00,Retail Sale Voucher No.RSL/25-26/89,New,0
553009,VH-07-101-1,7,101,57954,RetailInvoice,2025-06-11 00:00:00,,2025-06-11 00:00:00,Retail Sale Voucher No.RSL/25-26/90,New,0
553010,VH-07-101-1,7,101,57955,RetailInvoice,2025-06-12 00:00:00,,2025-06-12 00:00:00,Retail Sale Voucher No.RSL/25-26/91,Modified,0
553011,VH-07-101-2,7,101,57956,RetailInvoice,2025-06-12 00:00:00,,2025-06-12 00:00:00,Retail Sale Voucher No.RSL/25-26/92,New,0
553012,VH-07-101-1,7,101,57957,RetailInvoice,2025-06-13 00:00:00,,2025-06-13 00:00:00,Retail Sale Voucher No.RSL/25-26/93,New,0
553013,VH-07-101-1,7,101,57958,RetailInvoice,2025-06-17 00:00:00,,2025-06-17 00:00:00,Retail Sale Voucher No.RSL/25-26/94,New,0
553014,VH-07-101-2,7,101,57959,RetailInvoice,2025-06-17 00:00:00,,2025-06-17 00:00:00,Retail Sale Voucher No.RSL/25-26/95,New,0
563013,VH-07-101-1,7,101,58958,RetailInvoice,2025-06-18 00:00:00,,2025-06-18 00:00:00,Retail Sale Voucher No.RSL/25-26/96,New,0
573013,VH-07-101-1,7,101,5,AdvanceReceive,2025-06-22 00:00:00,,2025-06-22 00:00:00,Advance Receive Voucher No - APR/25-26/1,New,0
573014,VH-07-101-2,7,101,59958,RetailInvoice,2025-06-22 00:00:00,,2025-06-22 00:00:00,Retail Sale Voucher No.RSL/25-26/97,New,0
573015,VH-07-101-3,7,101,59959,RetailInvoice,2025-06-22 00:00:00,,2025-06-22 00:00:00,Retail Sale Voucher No.RSL/25-26/98,New,0
583013,VH-07-101-1,7,101,60958,RetailInvoice,2025-06-23 00:00:00,,2025-06-23 00:00:00,Retail Sale Voucher No.RSL/25-26/99,New,0
593013,VH-07-101-1,7,101,61958,RetailInvoice,2025-06-24 00:00:00,,2025-06-24 00:00:00,Retail Sale Voucher No.RSL/25-26/100,New,0
593014,VH-07-101-2,7,101,61959,RetailInvoice,2025-06-24 00:00:00,,2025-06-24 00:00:00,Retail Sale Voucher No.RSL/25-26/101,New,0
593015,VH-07-101-3,7,101,61960,RetailInvoice,2025-06-24 00:00:00,,2025-06-24 00:00:00,Retail Sale Voucher No.RSL/25-26/102,New,0
603013,VH-07-101-4,7,101,62958,RetailInvoice,2025-06-24 00:00:00,,2025-06-25 00:00:00,Retail Sale Voucher No.RSL/25-26/103,New,0
613013,VH-07-101-1,7,101,63958,RetailInvoice,2025-06-26 00:00:00,,2025-06-26 00:00:00,Retail Sale Voucher No.RSL/25-26/104,Modified,0
623013,VH-07-101-2,7,101,64958,RetailInvoice,2025-06-26 00:00:00,,2025-06-27 00:00:00,Retail Sale Voucher No.RSL/25-26/105,New,0
623014,VH-07-101-3,7,101,64959,RetailInvoice,2025-06-26 00:00:00,,2025-06-27 00:00:00,Retail Sale Voucher No.RSL/25-26/106,New,0
633013,VH-07-101-1,7,101,65958,RetailInvoice,2025-06-27 00:00:00,,2025-06-28 00:00:00,Retail Sale Voucher No.RSL/25-26/107,New,0
633014,VH-07-101-1,7,101,65959,RetailInvoice,2025-06-28 00:00:00,,2025-06-28 00:00:00,Retail Sale Voucher No.RSL/25-26/108,New,0
633015,VH-07-101-2,7,101,65960,RetailInvoice,2025-06-28 00:00:00,,2025-06-28 00:00:00,Retail Sale Voucher No.RSL/25-26/109,New,0
643013,VH-07-101-1,7,101,66958,RetailInvoice,2025-06-30 00:00:00,,2025-06-30 00:00:00,Retail Sale Voucher No.RSL/25-26/110,New,0
643014,VH-07-101-2,7,101,66959,RetailInvoice,2025-06-30 00:00:00,,2025-06-30 00:00:00,Retail Sale Voucher No.RSL/25-26/111,New,0
643015,VH-07-101-1,7,101,66960,RetailInvoice,2025-07-01 00:00:00,,2025-07-01 00:00:00,Retail Sale Voucher No.RSL/25-26/112,New,0
643016,VH-07-101-2,7,101,66961,RetailInvoice,2025-07-01 00:00:00,,2025-07-01 00:00:00,Retail Sale Voucher No.RSL/25-26/113,New,0
643017,VH-07-101-1,7,101,66962,RetailInvoice,2025-07-02 00:00:00,,2025-07-02 00:00:00,Retail Sale Voucher No.RSL/25-26/114,New,0
653013,VH-07-101-1,7,101,67958,RetailInvoice,2025-07-04 00:00:00,,2025-07-04 00:00:00,Retail Sale Voucher No.RSL/25-26/115,New,0
653014,VH-07-101-2,7,101,67959,RetailInvoice,2025-07-04 00:00:00,,2025-07-04 00:00:00,Retail Sale Voucher No.RSL/25-26/116,New,0
663013,VH-07-101-1,7,101,68958,RetailInvoice,2025-07-05 00:00:00,,2025-07-05 00:00:00,Retail Sale Voucher No.RSL/25-26/117,New,0
663014,VH-07-101-2,7,101,68959,RetailInvoice,2025-07-05 00:00:00,,2025-07-05 00:00:00,Retail Sale Voucher No.RSL/25-26/118,New,0
663015,VH-07-101-1,7,101,68960,RetailInvoice,2025-07-06 00:00:00,,2025-07-06 00:00:00,Retail Sale Voucher No.RSL/25-26/119,New,0
673013,VH-07-101-1,7,101,69958,RetailInvoice,2025-07-08 00:00:00,,2025-07-08 00:00:00,Retail Sale Voucher No.RSL/25-26/120,New,0
683013,VH-07-101-1,7,101,70958,RetailInvoice,2025-07-09 00:00:00,,2025-07-09 00:00:00,Retail Sale Voucher No.RSL/25-26/121,New,0
683014,VH-07-101-1,7,101,52,OldMetalPurchase,2025-07-12 00:00:00,,2025-07-12 00:00:00,Old Purchase Voucher No - OLP/25-26/1,New,0
683015,VH-07-101-2,7,101,70959,RetailInvoice,2025-07-12 00:00:00,,2025-07-12 00:00:00,Retail Sale Voucher No.RSL/25-26/122,New,0
683016,VH-07-101-3,7,101,70960,RetailInvoice,2025-07-12 00:00:00,,2025-07-12 00:00:00,Retail Sale Voucher No.RSL/25-26/123,New,0
683017,VH-07-101-4,7,101,53,OldMetalPurchase,2025-07-12 00:00:00,,2025-07-12 00:00:00,Old Purchase Voucher No - OLP/25-26/2,New,0
683018,VH-07-101-1,7,101,70961,RetailInvoice,2025-07-13 00:00:00,,2025-07-13 00:00:00,Retail Sale Voucher No.RSL/25-26/124,New,0
693014,VH-07-101-1,7,101,71959,RetailInvoice,2025-07-14 00:00:00,,2025-07-15 00:00:00,Retail Sale Voucher No.RSL/25-26/125,New,0
693015,VH-07-101-1,7,101,71960,RetailInvoice,2025-07-15 00:00:00,,2025-07-15 00:00:00,Retail Sale Voucher No.RSL/25-26/126,New,0
693016,VH-07-101-2,7,101,71961,RetailInvoice,2025-07-15 00:00:00,,2025-07-15 00:00:00,Retail Sale Voucher No.RSL/25-26/127,New,0
693017,VH-07-101-3,7,101,71962,RetailInvoice,2025-07-15 00:00:00,,2025-07-15 00:00:00,Retail Sale Voucher No.RSL/25-26/128,New,0
693018,VH-07-101-4,7,101,71963,RetailInvoice,2025-07-15 00:00:00,,2025-07-15 00:00:00,Retail Sale Voucher No.RSL/25-26/129,New,0
703014,VH-07-101-1,7,101,72959,RetailInvoice,2025-07-18 00:00:00,,2025-07-18 00:00:00,Retail Sale Voucher No.RSL/25-26/130,New,0
713014,VH-07-101-1,7,101,73959,RetailInvoice,2025-07-19 00:00:00,,2025-07-19 00:00:00,Retail Sale Voucher No.RSL/25-26/131,New,0
713015,VH-07-101-2,7,101,73960,RetailInvoice,2025-07-19 00:00:00,,2025-07-19 00:00:00,Retail Sale Voucher No.RSL/25-26/132,New,0
713016,VH-07-101-1,7,101,73961,RetailInvoice,2025-07-20 00:00:00,,2025-07-20 00:00:00,Retail Sale Voucher No.RSL/25-26/133,New,0
723014,VH-07-101-1,7,101,74959,RetailInvoice,2025-07-22 00:00:00,,2025-07-22 00:00:00,Retail Sale Voucher No.RSL/25-26/134,New,0
733014,VH-07-101-1,7,101,75959,RetailInvoice,2025-07-24 00:00:00,,2025-07-24 00:00:00,Retail Sale Voucher No.RSL/25-26/135,New,0
743014,VH-07-101-1,7,101,76959,RetailInvoice,2025-07-29 00:00:00,,2025-09-24 00:00:00,Retail Sale Voucher No.RSL/25-26/136,Modified,0
753014,VH-07-101-1,7,101,77959,RetailInvoice,2025-07-30 00:00:00,,2025-07-30 00:00:00,Retail Sale Voucher No.RSL/25-26/137,New,0
753015,VH-07-101-2,7,101,77960,RetailInvoice,2025-07-30 00:00:00,,2025-07-30 00:00:00,Retail Sale Voucher No.RSL/25-26/138,New,0
753016,VH-07-101-1,7,101,77961,RetailInvoice,2025-08-07 00:00:00,,2025-08-07 00:00:00,Retail Sale Voucher No.RSL/25-26/139,New,0
763016,VH-07-101-1,7,101,78961,RetailInvoice,2025-08-08 00:00:00,,2025-08-08 00:00:00,Retail Sale Voucher No.RSL/25-26/140,New,0
763017,VH-07-101-2,7,101,78962,RetailInvoice,2025-08-08 00:00:00,,2025-08-08 00:00:00,Retail Sale Voucher No.RSL/25-26/141,New,0
773016,VH-07-101-3,7,101,79961,RetailInvoice,2025-08-08 00:00:00,,2025-08-09 00:00:00,Retail Sale Voucher No.RSL/25-26/142,New,0
783016,VH-07-101-1,7,101,80961,RetailInvoice,2025-08-11 00:00:00,,2025-08-12 00:00:00,Retail Sale Voucher No.RSL/25-26/143,New,0
783017,VH-07-101-2,7,101,80962,RetailInvoice,2025-08-11 00:00:00,,2025-08-12 00:00:00,Retail Sale Voucher No.RSL/25-26/144,New,0
783018,VH-07-101-1,7,101,80963,RetailInvoice,2025-08-12 00:00:00,,2025-08-12 00:00:00,Retail Sale Voucher No.RSL/25-26/145,New,0
783019,VH-07-101-2,7,101,80964,RetailInvoice,2025-08-12 00:00:00,,2025-08-12 00:00:00,Retail Sale Voucher No.RSL/25-26/146,New,0
783020,VH-07-101-3,7,101,80965,RetailInvoice,2025-08-12 00:00:00,,2025-08-12 00:00:00,Retail Sale Voucher No.RSL/25-26/147,New,0
783021,VH-07-101-4,7,101,80966,RetailInvoice,2025-08-12 00:00:00,,2025-08-12 00:00:00,Retail Sale Voucher No.RSL/25-26/148,New,0
783022,VH-07-101-5,7,101,80967,RetailInvoice,2025-08-12 00:00:00,,2025-08-12 00:00:00,Retail Sale Voucher No.RSL/25-26/149,New,0
793016,VH-07-101-1,7,101,81961,RetailInvoice,2025-08-14 00:00:00,,2025-08-15 00:00:00,Retail Sale Voucher No.RSL/25-26/150,New,0
793017,VH-07-101-1,7,101,81962,RetailInvoice,2025-08-16 00:00:00,,2025-08-16 00:00:00,Retail Sale Voucher No.RSL/25-26/151,New,0
803016,VH-07-101-1,7,101,82961,RetailInvoice,2025-08-20 00:00:00,,2025-08-21 00:00:00,Retail Sale Voucher No.RSL/25-26/152,New,0
803017,VH-07-101-1,7,101,82962,RetailInvoice,2025-08-21 00:00:00,,2025-08-22 00:00:00,Retail Sale Voucher No.RSL/25-26/153,New,0
813017,VH-07-101-1,7,101,83962,RetailInvoice,2025-08-22 00:00:00,,2025-08-26 00:00:00,Retail Sale Voucher No.RSL/25-26/154,New,0
813018,VH-07-101-1,7,101,83963,RetailInvoice,2025-08-26 00:00:00,,2025-08-26 00:00:00,Retail Sale Voucher No.RSL/25-26/155,New,0
813019,VH-07-101-1,7,101,83964,RetailInvoice,2025-08-25 00:00:00,,2025-08-26 00:00:00,Retail Sale Voucher No.RSL/25-26/156,New,0
813020,VH-07-101-1,7,101,83965,RetailInvoice,2025-08-28 00:00:00,,2025-08-28 00:00:00,Retail Sale Voucher No.RSL/25-26/157,New,0
823017,VH-07-101-1,7,101,84962,RetailInvoice,2025-08-29 00:00:00,,2025-09-01 00:00:00,Retail Sale Voucher No.RSL/25-26/158,Modified,0
823018,VH-07-101-1,7,101,84963,RetailInvoice,2025-08-30 00:00:00,,2025-08-30 00:00:00,Retail Sale Voucher No.RSL/25-26/159,New,0
833017,VH-07-101-1,7,101,85962,RetailInvoice,2025-09-01 00:00:00,,2025-09-01 00:00:00,Retail Sale Voucher No.RSL/25-26/160,New,0
833018,VH-07-101-1,7,101,85963,RetailInvoice,2025-08-31 00:00:00,,2025-09-01 00:00:00,Retail Sale Voucher No.RSL/25-26/161,New,0
843017,VH-07-101-1,7,101,86962,RetailInvoice,2025-09-02 00:00:00,,2025-09-03 00:00:00,Retail Sale Voucher No.RSL/25-26/162,New,0
843018,VH-07-101-1,7,101,86963,RetailInvoice,2025-09-05 00:00:00,,2025-09-05 00:00:00,Retail Sale Voucher No.RSL/25-26/163,New,0
843019,VH-07-101-2,7,101,86964,RetailInvoice,2025-09-05 00:00:00,,2025-09-05 00:00:00,Retail Sale Voucher No.RSL/25-26/164,New,0
843020,VH-07-101-1,7,101,86965,RetailInvoice,2025-09-06 00:00:00,,2025-09-07 00:00:00,Retail Sale Voucher No.RSL/25-26/165,New,0
853020,VH-07-101-1,7,101,87965,RetailInvoice,2025-09-09 00:00:00,,2025-09-09 00:00:00,Retail Sale Voucher No.RSL/25-26/166,New,0
853021,VH-07-101-1,7,101,87966,RetailInvoice,2025-09-11 00:00:00,,2025-09-11 00:00:00,Retail Sale Voucher No.RSL/25-26/167,New,0
853022,VH-07-101-1,7,101,87967,RetailInvoice,2025-09-12 00:00:00,,2025-09-12 00:00:00,Retail Sale Voucher No.RSL/25-26/168,New,0
853023,VH-07-101-1,7,101,87968,RetailInvoice,2025-09-14 00:00:00,,2025-09-14 00:00:00,Retail Sale Voucher No.RSL/25-26/169,New,0
863023,VH-07-101-1,7,101,88968,RetailInvoice,2025-09-16 00:00:00,,2025-09-16 00:00:00,Retail Sale Voucher No.RSL/25-26/170,New,0
863024,VH-07-101-1,7,101,88969,RetailInvoice,2025-09-15 00:00:00,,2025-09-16 00:00:00,Retail Sale Voucher No.RSL/25-26/171,New,0
863025,VH-07-101-1,7,101,88970,RetailInvoice,2025-09-19 00:00:00,,2025-09-20 00:00:00,Retail Sale Voucher No.RSL/25-26/172,New,0
873025,VH-07-101-1,7,101,89970,RetailInvoice,2025-09-21 00:00:00,,2025-09-21 00:00:00,Retail Sale Voucher No.RSL/25-26/173,New,0
883025,VH-07-101-1,7,101,90970,RetailInvoice,2025-09-22 00:00:00,,2025-09-23 00:00:00,Retail Sale Voucher No.RSL/25-26/174,New,0
893025,VH-07-101-1,7,101,91970,RetailInvoice,2025-09-24 00:00:00,,2025-09-24 00:00:00,Retail Sale Voucher No.RSL/25-26/175,New,0
903025,VH-07-101-2,7,101,92970,RetailInvoice,2025-09-24 00:00:00,,2025-09-25 00:00:00,Retail Sale Voucher No.RSL/25-26/176,New,0
903026,VH-07-101-1,7,101,92971,RetailInvoice,2025-09-25 00:00:00,,2025-09-25 00:00:00,Retail Sale Voucher No.RSL/25-26/177,New,0
913025,VH-07-101-1,7,101,93970,RetailInvoice,2025-09-26 00:00:00,,2025-09-26 00:00:00,Retail Sale Voucher No.RSL/25-26/178,New,0
913026,VH-07-101-2,7,101,93971,RetailInvoice,2025-09-26 00:00:00,,2025-09-26 00:00:00,Retail Sale Voucher No.RSL/25-26/179,New,0
913027,VH-07-101-3,7,101,93972,RetailInvoice,2025-09-26 00:00:00,,2025-09-26 00:00:00,Retail Sale Voucher No.RSL/25-26/180,New,0
913028,VH-07-101-4,7,101,93973,RetailInvoice,2025-09-26 00:00:00,,2025-09-26 00:00:00,Retail Sale Voucher No.RSL/25-26/181,New,0
913029,VH-07-101-5,7,101,93974,RetailInvoice,2025-09-26 00:00:00,,2025-09-26 00:00:00,Retail Sale Voucher No.RSL/25-26/182,New,0
923025,VH-07-101-1,7,101,94970,RetailInvoice,2025-09-29 00:00:00,,2025-09-29 00:00:00,Retail Sale Voucher No.RSL/25-26/183,New,0
923026,VH-07-101-1,7,101,94971,RetailInvoice,2025-09-28 00:00:00,,2025-09-29 00:00:00,Retail Sale Voucher No.RSL/25-26/184,New,0
923027,VH-07-101-1,7,101,94972,RetailInvoice,2025-10-04 00:00:00,,2025-10-05 00:00:00,Retail Sale Voucher No.RSL/25-26/185,New,0
923028,VH-07-101-2,7,101,94973,RetailInvoice,2025-10-04 00:00:00,,2025-10-05 00:00:00,Retail Sale Voucher No.RSL/25-26/186,New,0
923029,VH-07-101-1,7,101,94974,RetailInvoice,2025-10-08 00:00:00,,2025-10-08 00:00:00,Retail Sale Voucher No.RSL/25-26/187,New,0
923030,VH-07-101-2,7,101,94975,RetailInvoice,2025-10-08 00:00:00,,2025-10-08 00:00:00,Retail Sale Voucher No.RSL/25-26/188,New,0
923031,VH-07-101-3,7,101,94976,RetailInvoice,2025-10-08 00:00:00,,2025-10-08 00:00:00,Retail Sale Voucher No.RSL/25-26/189,New,0
923032,VH-07-101-1,7,101,94977,RetailInvoice,2025-10-09 00:00:00,,2025-10-09 00:00:00,Retail Sale Voucher No.RSL/25-26/190,New,0
923033,VH-07-101-2,7,101,94978,RetailInvoice,2025-10-09 00:00:00,,2025-10-10 00:00:00,Retail Sale Voucher No.RSL/25-26/191,Modified,0
923034,VH-07-101-1,7,101,94979,RetailInvoice,2025-10-10 00:00:00,,2025-10-12 00:00:00,Retail Sale Voucher No.RSL/25-26/192,Modified,0
933034,VH-07-101-1,7,101,95979,RetailInvoice,2025-10-11 00:00:00,,2025-10-12 00:00:00,Retail Sale Voucher No.RSL/25-26/193,New,0
933035,VH-07-101-1,7,101,95980,RetailInvoice,2025-10-12 00:00:00,,2025-10-12 00:00:00,Retail Sale Voucher No.RSL/25-26/194,New,0
933036,VH-07-101-2,7,101,95981,RetailInvoice,2025-10-12 00:00:00,,2025-10-12 00:00:00,Retail Sale Voucher No.RSL/25-26/195,New,0
933037,VH-07-101-1,7,101,95982,RetailInvoice,2025-10-14 00:00:00,,2025-10-14 00:00:00,Retail Sale Voucher No.RSL/25-26/196,New,0
933038,VH-07-101-1,7,101,95983,RetailInvoice,2025-10-13 00:00:00,,2025-10-14 00:00:00,Retail Sale Voucher No.RSL/25-26/197,New,0
933039,VH-07-101-1,7,101,95984,RetailInvoice,2025-10-16 00:00:00,,2025-10-18 00:00:00,Retail Sale Voucher No.RSL/25-26/198,Modified,0
943039,VH-07-101-2,7,101,96984,RetailInvoice,2025-10-16 00:00:00,,2025-10-17 00:00:00,Retail Sale Voucher No.RSL/25-26/199,New,0
943040,VH-07-101-3,7,101,96985,RetailInvoice,2025-10-16 00:00:00,,2025-10-17 00:00:00,Retail Sale Voucher No.RSL/25-26/200,New,0
953039,VH-07-101-1,7,101,97984,RetailInvoice,2025-10-17 00:00:00,,2025-10-17 00:00:00,Retail Sale Voucher No.RSL/25-26/201,New,0
953040,VH-07-101-1,7,101,97985,RetailInvoice,2025-10-18 00:00:00,,2025-10-18 00:00:00,Retail Sale Voucher No.RSL/25-26/202,New,0
963040,VH-07-101-1,7,101,98985,RetailInvoice,2025-10-19 00:00:00,,2025-11-25 00:00:00,Retail Sale Voucher No.RSL/25-26/203,Modified,0
963041,VH-07-101-2,7,101,98986,RetailInvoice,2025-10-18 00:00:00,,2025-11-25 00:00:00,Retail Sale Voucher No.RSL/25-26/204,Modified,0
963042,VH-07-101-2,7,101,98987,RetailInvoice,2025-10-19 00:00:00,,2025-10-19 00:00:00,Retail Sale Voucher No.RSL/25-26/205,New,0
963043,VH-07-101-3,7,101,98988,RetailInvoice,2025-10-18 00:00:00,,2025-10-19 00:00:00,Retail Sale Voucher No.RSL/25-26/206,New,0
963044,VH-07-101-3,7,101,98989,RetailInvoice,2025-10-19 00:00:00,,2025-10-19 00:00:00,Retail Sale Voucher No.RSL/25-26/207,New,0
963045,VH-07-101-4,7,101,98990,RetailInvoice,2025-10-18 00:00:00,,2026-03-28 00:00:00,Retail Sale Voucher No.RSL/25-26/208,Modified,0
963046,VH-07-101-5,7,101,98991,RetailInvoice,2025-10-18 00:00:00,,2025-10-20 00:00:00,Retail Sale Voucher No.RSL/25-26/209,New,0
963047,VH-07-101-6,7,101,98992,RetailInvoice,2025-10-18 00:00:00,,2025-10-26 00:00:00,Retail Sale Voucher No.RSL/25-26/210,Modified,0
963048,VH-07-101-7,7,101,98993,RetailInvoice,2025-10-18 00:00:00,,2025-10-20 00:00:00,Retail Sale Voucher No.RSL/25-26/211,New,0
963049,VH-07-101-8,7,101,98994,RetailInvoice,2025-10-18 00:00:00,,2025-11-28 00:00:00,Retail Sale Voucher No.RSL/25-26/212,Modified,0
963050,VH-07-101-1,7,101,98995,RetailInvoice,2025-10-20 00:00:00,,2025-10-20 00:00:00,Retail Sale Voucher No.RSL/25-26/213,New,0
963051,VH-07-101-2,7,101,98996,RetailInvoice,2025-10-18 00:00:00,,2025-10-24 00:00:00,Retail Sale Voucher No.RSL/25-26/214,Modified,0
963052,VH-07-101-9,7,101,98997,RetailInvoice,2025-10-18 00:00:00,,2025-10-20 00:00:00,Retail Sale Voucher No.RSL/25-26/215,New,0
963053,VH-07-101-10,7,101,98998,RetailInvoice,2025-10-18 00:00:00,,2025-10-20 00:00:00,Retail Sale Voucher No.RSL/25-26/216,New,0
963054,VH-07-101-11,7,101,98999,RetailInvoice,2025-10-18 00:00:00,,2025-10-20 00:00:00,Retail Sale Voucher No.RSL/25-26/217,New,0
963055,VH-07-101-12,7,101,99000,RetailInvoice,2025-10-18 00:00:00,,2025-10-20 00:00:00,Retail Sale Voucher No.RSL/25-26/218,New,0
973046,VH-07-101-4,7,101,99991,RetailInvoice,2025-10-19 00:00:00,,2025-10-21 00:00:00,Retail Sale Voucher No.RSL/25-26/219,New,0
973047,VH-07-101-13,7,101,99992,RetailInvoice,2025-10-18 00:00:00,,2025-10-23 00:00:00,Retail Sale Voucher No.RSL/25-26/220,New,0
983047,VH-07-101-14,7,101,100992,RetailInvoice,2025-10-18 00:00:00,,2025-10-24 00:00:00,Retail Sale Voucher No.RSL/25-26/221,New,0
983048,VH-07-101-15,7,101,100993,RetailInvoice,2025-10-18 00:00:00,,2025-10-24 00:00:00,Retail Sale Voucher No.RSL/25-26/222,New,0
983049,VH-07-101-16,7,101,100994,RetailInvoice,2025-10-18 00:00:00,,2025-10-24 00:00:00,Retail Sale Voucher No.RSL/25-26/223,New,0
983050,VH-07-101-17,7,101,100995,RetailInvoice,2025-10-18 00:00:00,,2025-10-24 00:00:00,Retail Sale Voucher No.RSL/25-26/224,New,0
983051,VH-07-101-18,7,101,100996,RetailInvoice,2025-10-18 00:00:00,,2025-10-24 00:00:00,Retail Sale Voucher No.RSL/25-26/225,New,0
983052,VH-07-101-19,7,101,100997,RetailInvoice,2025-10-18 00:00:00,,2025-10-24 00:00:00,Retail Sale Voucher No.RSL/25-26/226,New,0
983053,VH-07-101-20,7,101,100998,RetailInvoice,2025-10-18 00:00:00,,2025-10-24 00:00:00,Retail Sale Voucher No.RSL/25-26/227,New,0
983054,VH-07-101-21,7,101,100999,RetailInvoice,2025-10-18 00:00:00,,2025-10-24 00:00:00,Retail Sale Voucher No.RSL/25-26/228,New,0
983055,VH-07-101-22,7,101,101000,RetailInvoice,2025-10-18 00:00:00,,2025-10-24 00:00:00,Retail Sale Voucher No.RSL/25-26/229,New,0
983056,VH-07-101-23,7,101,101001,RetailInvoice,2025-10-18 00:00:00,,2025-10-24 00:00:00,Retail Sale Voucher No.RSL/25-26/230,New,0
983057,VH-07-101-24,7,101,101002,RetailInvoice,2025-10-18 00:00:00,,2025-10-24 00:00:00,Retail Sale Voucher No.RSL/25-26/231,New,0
983058,VH-07-101-25,7,101,101003,RetailInvoice,2025-10-18 00:00:00,,2025-10-24 00:00:00,Retail Sale Voucher No.RSL/25-26/232,New,0
983059,VH-07-101-26,7,101,101004,RetailInvoice,2025-10-18 00:00:00,,2025-10-24 00:00:00,Retail Sale Voucher No.RSL/25-26/233,New,0
983060,VH-07-101-27,7,101,101005,RetailInvoice,2025-10-18 00:00:00,,2025-10-24 00:00:00,Retail Sale Voucher No.RSL/25-26/234,New,0
983061,VH-07-101-28,7,101,101006,RetailInvoice,2025-10-18 00:00:00,,2025-10-24 00:00:00,Retail Sale Voucher No.RSL/25-26/235,New,0
983062,VH-07-101-5,7,101,101007,RetailInvoice,2025-10-19 00:00:00,,2025-10-24 00:00:00,Retail Sale Voucher No.RSL/25-26/236,New,0
983063,VH-07-101-6,7,101,101008,RetailInvoice,2025-10-19 00:00:00,,2025-10-24 00:00:00,Retail Sale Voucher No.RSL/25-26/237,New,0
983064,VH-07-101-3,7,101,101009,RetailInvoice,2025-10-20 00:00:00,,2025-10-24 00:00:00,Retail Sale Voucher No.RSL/25-26/238,New,0
983065,VH-07-101-1,7,101,101010,RetailInvoice,2025-10-24 00:00:00,,2025-10-24 00:00:00,Retail Sale Voucher No.RSL/25-26/239,New,0
983066,VH-07-101-1,7,101,101011,RetailInvoice,2025-10-25 00:00:00,,2025-10-25 00:00:00,Retail Sale Voucher No.RSL/25-26/240,New,0
983067,VH-07-101-2,7,101,101012,RetailInvoice,2025-10-25 00:00:00,,2025-10-25 00:00:00,Retail Sale Voucher No.RSL/25-26/241,New,0
983068,VH-07-101-1,7,101,101013,RetailInvoice,2025-10-26 00:00:00,,2025-10-26 00:00:00,Retail Sale Voucher No.RSL/25-26/242,New,0
983069,VH-07-101-2,7,101,101014,RetailInvoice,2025-10-26 00:00:00,,2025-10-26 00:00:00,Retail Sale Voucher No.RSL/25-26/243,New,0
983070,VH-07-101-3,7,101,101015,RetailInvoice,2025-10-26 00:00:00,,2025-10-26 00:00:00,Retail Sale Voucher No.RSL/25-26/244,New,0
993068,VH-07-101-1,7,101,102013,RetailInvoice,2025-10-29 00:00:00,,2025-10-29 00:00:00,Retail Sale Voucher No.RSL/25-26/245,New,0
993069,VH-07-101-1,7,101,102014,RetailInvoice,2025-10-28 00:00:00,,2025-10-29 00:00:00,Retail Sale Voucher No.RSL/25-26/246,New,0
993070,VH-07-101-2,7,101,102015,RetailInvoice,2025-10-29 00:00:00,,2025-10-29 00:00:00,Retail Sale Voucher No.RSL/25-26/247,New,0
993071,VH-07-101-3,7,101,102016,RetailInvoice,2025-10-29 00:00:00,,2025-10-29 00:00:00,Retail Sale Voucher No.RSL/25-26/248,New,0
993072,VH-07-101-1,7,101,1005,AdvanceReceive,2025-10-30 00:00:00,,2025-10-30 00:00:00,Advance Receive Voucher No - APR/25-26/2,New,0
993073,VH-07-101-2,7,101,1006,AdvanceReceive,2025-10-30 00:00:00,,2025-10-30 00:00:00,Advance Receive Voucher No - APR/25-26/3,New,0
993074,VH-07-101-3,7,101,1007,AdvanceReceive,2025-10-29 00:00:00,,2025-10-30 00:00:00,Advance Receive Voucher No - APR/25-26/4,Modified,0
993075,VH-07-101-4,7,101,102017,RetailInvoice,2025-10-29 00:00:00,,2025-11-02 00:00:00,Retail Sale Voucher No.RSL/25-26/249,Modified,0
993076,VH-07-101-1,7,101,102018,RetailInvoice,2025-10-31 00:00:00,,2025-11-04 00:00:00,Retail Sale Voucher No.RSL/25-26/250,Modified,0
993077,VH-07-101-2,7,101,102019,RetailInvoice,2025-10-31 00:00:00,,2025-11-04 00:00:00,Retail Sale Voucher No.RSL/25-26/251,Modified,0
993078,VH-07-101-1,7,101,102020,RetailInvoice,2025-11-30 00:00:00,,2025-11-02 00:00:00,Retail Sale Voucher No.RSL/25-26/252,New,0
993079,VH-07-101-1,7,101,102021,RetailInvoice,2025-11-18 00:00:00,,2025-11-02 00:00:00,Retail Sale Voucher No.RSL/25-26/253,New,0
993080,VH-07-101-1,7,101,102022,RetailInvoice,2025-11-02 00:00:00,,2025-11-02 00:00:00,Retail Sale Voucher No.RSL/25-26/254,New,0
993081,VH-07-101-1,7,101,102023,RetailInvoice,2025-11-03 00:00:00,,2025-11-04 00:00:00,Retail Sale Voucher No.RSL/25-26/255,New,0
993082,VH-07-101-1,7,101,102024,RetailInvoice,2025-11-04 00:00:00,,2025-11-04 00:00:00,Retail Sale Voucher No.RSL/25-26/256,New,0
993083,VH-07-101-1,7,101,1008,AdvanceReceive,2025-11-01 00:00:00,,2025-11-05 00:00:00,Advance Receive Voucher No - APR/25-26/5,New,0
993084,VH-07-101-1,7,101,102025,RetailInvoice,2025-11-05 00:00:00,,2025-11-05 00:00:00,Retail Sale Voucher No.RSL/25-26/257,New,0
993085,VH-07-101-2,7,101,102026,RetailInvoice,2025-11-05 00:00:00,,2025-11-05 00:00:00,Retail Sale Voucher No.RSL/25-26/258,New,0
993086,VH-07-101-3,7,101,1009,AdvanceReceive,2025-11-05 00:00:00,,2025-11-05 00:00:00,Advance Receive Voucher No - APR/25-26/6,New,0
993087,VH-07-101-4,7,101,102027,RetailInvoice,2025-11-05 00:00:00,,2025-11-05 00:00:00,Retail Sale Voucher No.RSL/25-26/259,New,0
993088,VH-07-101-5,7,101,102028,RetailInvoice,2025-11-05 00:00:00,,2025-11-06 00:00:00,Retail Sale Voucher No.RSL/25-26/260,New,0
993089,VH-07-101-1,7,101,102029,RetailInvoice,2025-11-08 00:00:00,,2025-11-08 00:00:00,Retail Sale Voucher No.RSL/25-26/261,New,0
993090,VH-07-101-2,7,101,102030,RetailInvoice,2025-11-08 00:00:00,,2025-11-08 00:00:00,Retail Sale Voucher No.RSL/25-26/262,New,0
993091,VH-07-101-3,7,101,102031,RetailInvoice,2025-11-08 00:00:00,,2025-11-08 00:00:00,Retail Sale Voucher No.RSL/25-26/263,New,0
993092,VH-07-101-1,7,101,102032,RetailInvoice,2025-11-09 00:00:00,,2025-11-09 00:00:00,Retail Sale Voucher No.RSL/25-26/264,New,0
993093,VH-07-101-1,7,101,102033,RetailInvoice,2025-11-10 00:00:00,,2025-11-10 00:00:00,Retail Sale Voucher No.RSL/25-26/265,New,0
993094,VH-07-101-1,7,101,1010,AdvanceReceive,2025-11-11 00:00:00,,2025-11-11 00:00:00,Advance Receive Voucher No - APR/25-26/7,New,0
993095,VH-07-101-2,7,101,102034,RetailInvoice,2025-11-11 00:00:00,,2025-11-11 00:00:00,Retail Sale Voucher No.RSL/25-26/266,New,0
993096,VH-07-101-1,7,101,102035,RetailInvoice,2025-11-12 00:00:00,,2025-11-12 00:00:00,Retail Sale Voucher No.RSL/25-26/267,Modified,0
993097,VH-07-101-1,7,101,102036,RetailInvoice,2025-11-13 00:00:00,,2025-11-14 00:00:00,Retail Sale Voucher No.RSL/25-26/268,New,0
993098,VH-07-101-1,7,101,102037,RetailInvoice,2025-11-20 00:00:00,,2025-11-21 00:00:00,Retail Sale Voucher No.RSL/25-26/269,New,0
993099,VH-07-101-1,7,101,102038,RetailInvoice,2025-11-21 00:00:00,,2025-11-21 00:00:00,Retail Sale Voucher No.RSL/25-26/270,New,0
993100,VH-07-101-2,7,101,102039,RetailInvoice,2025-11-21 00:00:00,,2025-11-21 00:00:00,Retail Sale Voucher No.RSL/25-26/271,New,0
1003098,VH-07-101-1,7,101,103037,RetailInvoice,2025-11-22 00:00:00,,2025-11-22 00:00:00,Retail Sale Voucher No.RSL/25-26/272,New,0
1003099,VH-07-101-2,7,101,103038,RetailInvoice,2025-11-22 00:00:00,,2025-11-22 00:00:00,Retail Sale Voucher No.RSL/25-26/273,New,0
1003100,VH-07-101-3,7,101,103039,RetailInvoice,2025-11-22 00:00:00,,2025-11-22 00:00:00,Retail Sale Voucher No.RSL/25-26/274,New,0
1003101,VH-07-101-4,7,101,1011,AdvanceReceive,2025-10-29 00:00:00,,2025-11-22 00:00:00,Advance Receive Voucher No - APR/25-26/8,Modified,0
1003102,VH-07-101-4,7,101,103040,RetailInvoice,2025-11-22 00:00:00,,2025-11-22 00:00:00,Retail Sale Voucher No.RSL/25-26/275,New,0
1003103,VH-07-101-1,7,101,103041,RetailInvoice,2025-11-25 00:00:00,,2025-11-25 00:00:00,Retail Sale Voucher No.RSL/25-26/276,New,0
1003104,VH-07-101-2,7,101,103042,RetailInvoice,2025-11-25 00:00:00,,2025-11-25 00:00:00,Retail Sale Voucher No.RSL/25-26/277,New,0
1003105,VH-07-101-1,7,101,103043,RetailInvoice,2025-11-26 00:00:00,,2025-11-26 00:00:00,Retail Sale Voucher No.RSL/25-26/278,New,0
1003106,VH-07-101-1,7,101,103044,RetailInvoice,2025-11-27 00:00:00,,2025-11-27 00:00:00,Retail Sale Voucher No.RSL/25-26/279,New,0
1003107,VH-07-101-2,7,101,103045,RetailInvoice,2025-11-26 00:00:00,,2025-11-28 00:00:00,Retail Sale Voucher No.RSL/25-26/280,New,0
1003108,VH-07-101-2,7,101,103046,RetailInvoice,2025-11-27 00:00:00,,2025-11-28 00:00:00,Retail Sale Voucher No.RSL/25-26/281,New,0
1003109,VH-07-101-3,7,101,103047,RetailInvoice,2025-11-27 00:00:00,,2025-11-28 00:00:00,Retail Sale Voucher No.RSL/25-26/282,New,0
1003110,VH-07-101-4,7,101,103048,RetailInvoice,2025-11-27 00:00:00,,2025-11-28 00:00:00,Retail Sale Voucher No.RSL/25-26/283,New,0
1003111,VH-07-101-5,7,101,103049,RetailInvoice,2025-11-27 00:00:00,,2025-11-28 00:00:00,Retail Sale Voucher No.RSL/25-26/284,New,0
1003112,VH-07-101-3,7,101,103050,RetailInvoice,2025-11-26 00:00:00,,2025-11-28 00:00:00,Retail Sale Voucher No.RSL/25-26/285,New,0
1003113,VH-07-101-4,7,101,103051,RetailInvoice,2025-11-26 00:00:00,,2025-11-28 00:00:00,Retail Sale Voucher No.RSL/25-26/286,New,0
1003114,VH-07-101-5,7,101,103052,RetailInvoice,2025-11-26 00:00:00,,2025-11-28 00:00:00,Retail Sale Voucher No.RSL/25-26/287,New,0
1003115,VH-07-101-1,7,101,103053,RetailInvoice,2025-11-29 00:00:00,,2025-11-29 00:00:00,Retail Sale Voucher No.RSL/25-26/288,New,0
1003116,VH-07-101-2,7,101,103054,RetailInvoice,2025-11-29 00:00:00,,2025-11-29 00:00:00,Retail Sale Voucher No.RSL/25-26/289,New,0
1003117,VH-07-101-3,7,101,103055,RetailInvoice,2025-11-29 00:00:00,,2025-11-29 00:00:00,Retail Sale Voucher No.RSL/25-26/290,New,0
1003118,VH-07-101-2,7,101,103056,RetailInvoice,2025-11-30 00:00:00,,2025-11-30 00:00:00,Retail Sale Voucher No.RSL/25-26/291,New,0
1003119,VH-07-101-3,7,101,103057,RetailInvoice,2025-11-30 00:00:00,,2025-11-30 00:00:00,Retail Sale Voucher No.RSL/25-26/292,New,0
1003120,VH-07-101-1,7,101,103058,RetailInvoice,2025-12-02 00:00:00,,2025-12-02 00:00:00,Retail Sale Voucher No.RSL/25-26/293,New,0
1003121,VH-07-101-2,7,101,103059,RetailInvoice,2025-12-02 00:00:00,,2025-12-02 00:00:00,Retail Sale Voucher No.RSL/25-26/294,New,0
1003122,VH-07-101-1,7,101,103060,RetailInvoice,2025-12-03 00:00:00,,2025-12-03 00:00:00,Retail Sale Voucher No.RSL/25-26/295,New,0
1003123,VH-07-101-1,7,101,103061,RetailInvoice,2025-12-05 00:00:00,,2025-12-05 00:00:00,Retail Sale Voucher No.RSL/25-26/296,New,0
1003124,VH-07-101-1,7,101,103062,RetailInvoice,2025-12-10 00:00:00,,2025-12-11 00:00:00,Retail Sale Voucher No.RSL/25-26/297,New,0
1003125,VH-07-101-2,7,101,103063,RetailInvoice,2025-12-10 00:00:00,,2025-12-11 00:00:00,Retail Sale Voucher No.RSL/25-26/298,New,0
1003126,VH-07-101-1,7,101,103064,RetailInvoice,2025-12-13 00:00:00,,2025-12-13 00:00:00,Retail Sale Voucher No.RSL/25-26/299,New,0
1003127,VH-07-101-1,7,101,103065,RetailInvoice,2025-12-14 00:00:00,,2025-12-14 00:00:00,Retail Sale Voucher No.RSL/25-26/300,New,0
1003128,VH-07-101-2,7,101,103066,RetailInvoice,2025-12-14 00:00:00,,2025-12-14 00:00:00,Retail Sale Voucher No.RSL/25-26/301,New,0
1003129,VH-07-101-1,7,101,103067,RetailInvoice,2025-12-16 00:00:00,,2025-12-16 00:00:00,Retail Sale Voucher No.RSL/25-26/302,New,0
1003130,VH-07-101-1,7,101,103068,RetailInvoice,2025-12-15 00:00:00,,2025-12-16 00:00:00,Retail Sale Voucher No.RSL/25-26/303,New,0
1003131,VH-07-101-1,7,101,103069,RetailInvoice,2025-12-17 00:00:00,,2025-12-17 00:00:00,Retail Sale Voucher No.RSL/25-26/304,New,0
1003132,VH-07-101-1,7,101,103070,RetailInvoice,2025-12-20 00:00:00,,2025-12-23 00:00:00,Retail Sale Voucher No.RSL/25-26/305,New,0
1003133,VH-07-101-1,7,101,103071,RetailInvoice,2025-12-22 00:00:00,,2025-12-23 00:00:00,Retail Sale Voucher No.RSL/25-26/306,New,0
1003134,VH-07-101-1,7,101,103072,RetailInvoice,2025-12-24 00:00:00,,2025-12-24 00:00:00,Retail Sale Voucher No.RSL/25-26/307,New,0
1003135,VH-07-101-1,7,101,103073,RetailInvoice,2025-12-25 00:00:00,,2025-12-25 00:00:00,Retail Sale Voucher No.RSL/25-26/308,New,0
1003136,VH-07-101-1,7,101,103074,RetailInvoice,2025-12-27 00:00:00,,2025-12-27 00:00:00,Retail Sale Voucher No.RSL/25-26/309,New,0
1003137,VH-07-101-1,7,101,103075,RetailInvoice,2025-12-26 00:00:00,,2025-12-27 00:00:00,Retail Sale Voucher No.RSL/25-26/310,New,0
1003138,VH-07-101-2,7,101,103076,RetailInvoice,2025-12-27 00:00:00,,2025-12-27 00:00:00,Retail Sale Voucher No.RSL/25-26/311,New,0
1003139,VH-07-101-1,7,101,103077,RetailInvoice,2025-12-28 00:00:00,,2025-12-28 00:00:00,Retail Sale Voucher No.RSL/25-26/312,New,0
1003140,VH-07-101-1,7,101,103078,RetailInvoice,2025-12-29 00:00:00,,2026-01-02 00:00:00,Retail Sale Voucher No.RSL/25-26/313,New,0
1003141,VH-07-101-1,7,101,103079,RetailInvoice,2025-12-30 00:00:00,,2026-01-02 00:00:00,Retail Sale Voucher No.RSL/25-26/314,New,0
1003142,VH-07-101-1,7,101,103080,RetailInvoice,2026-01-03 00:00:00,,2026-01-03 00:00:00,Retail Sale Voucher No.RSL/25-26/315,New,0
1003143,VH-07-101-1,7,101,103081,RetailInvoice,2026-01-04 00:00:00,,2026-01-06 00:00:00,Retail Sale Voucher No.RSL/25-26/316,Modified,0
1003144,VH-07-101-1,7,101,103082,RetailInvoice,2026-01-10 00:00:00,,2026-01-11 00:00:00,Retail Sale Voucher No.RSL/25-26/317,New,0
1003145,VH-07-101-1,7,101,103083,RetailInvoice,2026-01-12 00:00:00,,2026-01-12 00:00:00,Retail Sale Voucher No.RSL/25-26/318,New,0
1013145,VH-07-101-1,7,101,104083,RetailInvoice,2026-01-14 00:00:00,,2026-01-15 00:00:00,Retail Sale Voucher No.RSL/25-26/319,New,0
1013146,VH-07-101-1,7,101,104084,RetailInvoice,2026-01-15 00:00:00,,2026-01-16 00:00:00,Retail Sale Voucher No.RSL/25-26/320,New,0
1013147,VH-07-101-1,7,101,104085,RetailInvoice,2026-01-17 00:00:00,,2026-01-17 00:00:00,Retail Sale Voucher No.RSL/25-26/321,New,0
1013148,VH-07-101-1,7,101,104086,RetailInvoice,2026-01-18 00:00:00,,2026-01-18 00:00:00,Retail Sale Voucher No.RSL/25-26/322,New,0
1013149,VH-07-101-2,7,101,104087,RetailInvoice,2026-01-18 00:00:00,,2026-01-18 00:00:00,Retail Sale Voucher No.RSL/25-26/323,New,0
1013150,VH-07-101-3,7,101,104088,RetailInvoice,2026-01-18 00:00:00,,2026-01-18 00:00:00,Retail Sale Voucher No.RSL/25-26/324,New,0
1013151,VH-07-101-4,7,101,104089,RetailInvoice,2026-01-18 00:00:00,,2026-01-18 00:00:00,Retail Sale Voucher No.RSL/25-26/325,New,0
1013152,VH-07-101-5,7,101,104090,RetailInvoice,2026-01-18 00:00:00,,2026-01-18 00:00:00,Retail Sale Voucher No.RSL/25-26/326,New,0
1013153,VH-07-101-1,7,101,104091,RetailInvoice,2026-01-19 00:00:00,,2026-01-19 00:00:00,Retail Sale Voucher No.RSL/25-26/327,New,0
1023153,VH-07-101-2,7,101,105091,RetailInvoice,2026-01-19 00:00:00,,2026-01-20 00:00:00,Retail Sale Voucher No.RSL/25-26/328,New,0
1023154,VH-07-101-1,7,101,105092,RetailInvoice,2026-01-20 00:00:00,,2026-01-24 00:00:00,Retail Sale Voucher No.RSL/25-26/329,Modified,0
1023155,VH-07-101-1,7,101,105093,RetailInvoice,2026-01-21 00:00:00,,2026-01-21 00:00:00,Retail Sale Voucher No.RSL/25-26/330,New,0
1023156,VH-07-101-2,7,101,105094,RetailInvoice,2026-01-21 00:00:00,,2026-01-21 00:00:00,Retail Sale Voucher No.RSL/25-26/331,New,0
1023157,VH-07-101-1,7,101,105095,RetailInvoice,2026-01-23 00:00:00,,2026-01-24 00:00:00,Retail Sale Voucher No.RSL/25-26/332,New,0
1033157,VH-07-101-1,7,101,106095,RetailInvoice,2026-01-26 00:00:00,,2026-01-27 00:00:00,Retail Sale Voucher No.RSL/25-26/333,Modified,0
1033158,VH-07-101-2,7,101,106096,RetailInvoice,2026-01-26 00:00:00,,2026-01-26 00:00:00,Retail Sale Voucher No.RSL/25-26/334,New,0
1033159,VH-07-101-1,7,101,106097,RetailInvoice,2026-01-27 00:00:00,,2026-01-27 00:00:00,Retail Sale Voucher No.RSL/25-26/335,New,0
1033160,VH-07-101-2,7,101,106098,RetailInvoice,2026-01-27 00:00:00,,2026-01-27 00:00:00,Retail Sale Voucher No.RSL/25-26/336,New,0
1033161,VH-07-101-1,7,101,106099,RetailInvoice,2026-01-30 00:00:00,,2026-01-30 00:00:00,Retail Sale Voucher No.RSL/25-26/337,New,0
1033162,VH-07-101-1,7,101,106100,RetailInvoice,2026-01-31 00:00:00,,2026-01-31 00:00:00,Retail Sale Voucher No.RSL/25-26/338,New,0
1033163,VH-07-101-1,7,101,106101,RetailInvoice,2026-02-01 00:00:00,,2026-02-01 00:00:00,Retail Sale Voucher No.RSL/25-26/339,New,0
1033164,VH-07-101-1,7,101,106102,RetailInvoice,2026-02-02 00:00:00,,2026-02-02 00:00:00,Retail Sale Voucher No.RSL/25-26/340,New,0
1033165,VH-07-101-2,7,101,106103,RetailInvoice,2026-02-02 00:00:00,,2026-02-02 00:00:00,Retail Sale Voucher No.RSL/25-26/341,New,0
1043164,VH-07-101-1,7,101,107102,RetailInvoice,2026-02-03 00:00:00,,2026-02-03 00:00:00,Retail Sale Voucher No.RSL/25-26/342,New,0
1043165,VH-07-101-2,7,101,107103,RetailInvoice,2026-02-03 00:00:00,,2026-02-06 00:00:00,Retail Sale Voucher No.RSL/25-26/343,New,0
1043166,VH-07-101-3,7,101,107104,RetailInvoice,2026-02-03 00:00:00,,2026-02-06 00:00:00,Retail Sale Voucher No.RSL/25-26/344,New,0
1043167,VH-07-101-1,7,101,107105,RetailInvoice,2026-02-06 00:00:00,,2026-02-06 00:00:00,Retail Sale Voucher No.RSL/25-26/345,New,0
1043168,VH-07-101-4,7,101,107106,RetailInvoice,2026-02-03 00:00:00,,2026-02-06 00:00:00,Retail Sale Voucher No.RSL/25-26/346,New,0
1043169,VH-07-101-5,7,101,107107,RetailInvoice,2026-02-03 00:00:00,,2026-02-06 00:00:00,Retail Sale Voucher No.RSL/25-26/347,New,0
1043170,VH-07-101-6,7,101,107108,RetailInvoice,2026-02-03 00:00:00,,2026-02-06 00:00:00,Retail Sale Voucher No.RSL/25-26/348,New,0
1043171,VH-07-101-1,7,101,107109,RetailInvoice,2026-02-04 00:00:00,,2026-02-06 00:00:00,Retail Sale Voucher No.RSL/25-26/349,New,0
1043172,VH-07-101-1,7,101,107110,RetailInvoice,2026-02-05 00:00:00,,2026-02-06 00:00:00,Retail Sale Voucher No.RSL/25-26/350,New,0
1043173,VH-07-101-2,7,101,107111,RetailInvoice,2026-02-05 00:00:00,,2026-02-06 00:00:00,Retail Sale Voucher No.RSL/25-26/351,New,0
1043174,VH-07-101-2,7,101,107112,RetailInvoice,2026-02-06 00:00:00,,2026-02-06 00:00:00,Retail Sale Voucher No.RSL/25-26/352,New,0
1043175,VH-07-101-1,7,101,107113,RetailInvoice,2026-02-07 00:00:00,,2026-02-07 00:00:00,Retail Sale Voucher No.RSL/25-26/353,New,0
1043176,VH-07-101-2,7,101,107114,RetailInvoice,2026-02-07 00:00:00,,2026-02-07 00:00:00,Retail Sale Voucher No.RSL/25-26/354,New,0
1043177,VH-07-101-1,7,101,107115,RetailInvoice,2026-02-08 00:00:00,,2026-02-08 00:00:00,Retail Sale Voucher No.RSL/25-26/355,New,0
1043178,VH-07-101-2,7,101,107116,RetailInvoice,2026-02-08 00:00:00,,2026-02-08 00:00:00,Retail Sale Voucher No.RSL/25-26/356,New,0
1043179,VH-07-101-1,7,101,107117,RetailInvoice,2026-02-09 00:00:00,,2026-02-09 00:00:00,Retail Sale Voucher No.RSL/25-26/357,New,0
1043180,VH-07-101-2,7,101,107118,RetailInvoice,2026-02-09 00:00:00,,2026-02-09 00:00:00,Retail Sale Voucher No.RSL/25-26/358,New,0
1043181,VH-07-101-1,7,101,107119,RetailInvoice,2026-02-10 00:00:00,,2026-02-10 00:00:00,Retail Sale Voucher No.RSL/25-26/359,New,0
1043182,VH-07-101-1,7,101,107120,RetailInvoice,2026-02-11 00:00:00,,2026-02-13 00:00:00,Retail Sale Voucher No.RSL/25-26/360,New,0
1043183,VH-07-101-1,7,101,107121,RetailInvoice,2026-02-13 00:00:00,,2026-02-13 00:00:00,Retail Sale Voucher No.RSL/25-26/361,New,0
1043184,VH-07-101-2,7,101,107122,RetailInvoice,2026-02-13 00:00:00,,2026-02-13 00:00:00,Retail Sale Voucher No.RSL/25-26/362,New,0
1043185,VH-07-101-3,7,101,107123,RetailInvoice,2026-02-13 00:00:00,,2026-02-13 00:00:00,Retail Sale Voucher No.RSL/25-26/363,New,0
1043186,VH-07-101-4,7,101,107124,RetailInvoice,2026-02-13 00:00:00,,2026-02-13 00:00:00,Retail Sale Voucher No.RSL/25-26/364,New,0
1043187,VH-07-101-5,7,101,107125,RetailInvoice,2026-02-13 00:00:00,,2026-02-13 00:00:00,Retail Sale Voucher No.RSL/25-26/365,New,0
1043188,VH-07-101-1,7,101,107126,RetailInvoice,2026-02-16 00:00:00,,2026-02-16 00:00:00,Retail Sale Voucher No.RSL/25-26/366,New,0
1043189,VH-07-101-1,7,101,107127,RetailInvoice,2026-02-18 00:00:00,,2026-02-18 00:00:00,Retail Sale Voucher No.RSL/25-26/367,New,0
1053189,VH-07-101-1,7,101,108127,RetailInvoice,2026-02-19 00:00:00,,2026-02-19 00:00:00,Retail Sale Voucher No.RSL/25-26/368,New,0
1053190,VH-07-101-2,7,101,108128,RetailInvoice,2026-02-19 00:00:00,,2026-02-19 00:00:00,Retail Sale Voucher No.RSL/25-26/369,New,0
1063189,VH-07-101-1,7,101,109127,RetailInvoice,2026-02-20 00:00:00,,2026-02-20 00:00:00,Retail Sale Voucher No.RSL/25-26/370,New,0
1063190,VH-07-101-2,7,101,109128,RetailInvoice,2026-02-20 00:00:00,,2026-02-20 00:00:00,Retail Sale Voucher No.RSL/25-26/371,New,0
1063191,VH-07-101-1,7,101,109129,RetailInvoice,2026-02-21 00:00:00,,2026-02-21 00:00:00,Retail Sale Voucher No.RSL/25-26/372,New,0
1063192,VH-07-101-1,7,101,109130,RetailInvoice,2026-02-22 00:00:00,,2026-02-22 00:00:00,Retail Sale Voucher No.RSL/25-26/373,Modified,0
1063193,VH-07-101-2,7,101,109131,RetailInvoice,2026-02-22 00:00:00,,2026-02-22 00:00:00,Retail Sale Voucher No.RSL/25-26/374,New,0
1063194,VH-07-101-1,7,101,109132,RetailInvoice,2026-02-23 00:00:00,,2026-02-23 00:00:00,Retail Sale Voucher No.RSL/25-26/375,Modified,0
1063195,VH-07-101-2,7,101,109133,RetailInvoice,2026-02-23 00:00:00,,2026-02-23 00:00:00,Retail Sale Voucher No.RSL/25-26/376,New,0
1063196,VH-07-101-3,7,101,109134,RetailInvoice,2026-02-23 00:00:00,,2026-02-28 00:00:00,Retail Sale Voucher No.RSL/25-26/377,Modified,0
1063197,VH-07-101-4,7,101,109135,RetailInvoice,2026-02-23 00:00:00,,2026-02-23 00:00:00,Retail Sale Voucher No.RSL/25-26/378,New,0
1063198,VH-07-101-1,7,101,109136,RetailInvoice,2026-02-24 00:00:00,,2026-02-25 00:00:00,Retail Sale Voucher No.RSL/25-26/379,New,0
1063199,VH-07-101-2,7,101,109137,RetailInvoice,2026-02-24 00:00:00,,2026-02-25 00:00:00,Retail Sale Voucher No.RSL/25-26/380,New,0
1063200,VH-07-101-1,7,101,109138,RetailInvoice,2026-02-25 00:00:00,,2026-02-26 00:00:00,Retail Sale Voucher No.RSL/25-26/381,New,0
1063201,VH-07-101-2,7,101,109139,RetailInvoice,2026-02-25 00:00:00,,2026-02-26 00:00:00,Retail Sale Voucher No.RSL/25-26/382,New,0
1063202,VH-07-101-1,7,101,109140,RetailInvoice,2026-02-27 00:00:00,,2026-02-27 00:00:00,Retail Sale Voucher No.RSL/25-26/383,New,0
1073202,VH-07-101-2,7,101,110140,RetailInvoice,2026-02-27 00:00:00,,2026-02-28 00:00:00,Retail Sale Voucher No.RSL/25-26/384,New,0
1073203,VH-07-101-3,7,101,110141,RetailInvoice,2026-02-27 00:00:00,,2026-02-28 00:00:00,Retail Sale Voucher No.RSL/25-26/385,New,0
1073204,VH-07-101-4,7,101,110142,RetailInvoice,2026-02-27 00:00:00,,2026-02-28 00:00:00,Retail Sale Voucher No.RSL/25-26/386,New,0
1073205,VH-07-101-1,7,101,110143,RetailInvoice,2026-02-28 00:00:00,,2026-02-28 00:00:00,Retail Sale Voucher No.RSL/25-26/387,New,0
1073206,VH-07-101-1,7,101,110144,RetailInvoice,2026-03-02 00:00:00,,2026-03-03 00:00:00,Retail Sale Voucher No.RSL/25-26/388,Modified,0
1073207,VH-07-101-1,7,101,110145,RetailInvoice,2026-03-05 00:00:00,,2026-03-05 00:00:00,Retail Sale Voucher No.RSL/25-26/389,New,0
1073208,VH-07-101-1,7,101,110146,RetailInvoice,2026-03-06 00:00:00,,2026-03-06 00:00:00,Retail Sale Voucher No.RSL/25-26/390,New,0
1073209,VH-07-101-2,7,101,110147,RetailInvoice,2026-03-06 00:00:00,,2026-03-06 00:00:00,Retail Sale Voucher No.RSL/25-26/391,New,0
1083208,VH-07-101-3,7,101,111146,RetailInvoice,2026-03-06 00:00:00,,2026-03-07 00:00:00,Retail Sale Voucher No.RSL/25-26/392,New,0
1093208,VH-07-101-1,7,101,112146,RetailInvoice,2026-03-09 00:00:00,,2026-03-11 00:00:00,Retail Sale Voucher No.RSL/25-26/393,New,0
1093209,VH-07-101-1,7,101,112147,RetailInvoice,2026-03-11 00:00:00,,2026-03-11 00:00:00,Retail Sale Voucher No.RSL/25-26/394,New,0
1093210,VH-07-101-1,7,101,112148,RetailInvoice,2026-03-12 00:00:00,,2026-03-12 00:00:00,Retail Sale Voucher No.RSL/25-26/395,New,0
1093211,VH-07-101-2,7,101,112149,RetailInvoice,2026-03-12 00:00:00,,2026-03-12 00:00:00,Retail Sale Voucher No.RSL/25-26/396,New,0
1093212,VH-07-101-1,7,101,112150,RetailInvoice,2026-03-13 00:00:00,,2026-03-13 00:00:00,Retail Sale Voucher No.RSL/25-26/397,New,0
1093213,VH-07-101-1,7,101,112151,RetailInvoice,2026-03-14 00:00:00,,2026-03-14 00:00:00,Retail Sale Voucher No.RSL/25-26/398,New,0
1093214,VH-07-101-1,7,101,112152,RetailInvoice,2026-03-15 00:00:00,,2026-03-15 00:00:00,Retail Sale Voucher No.RSL/25-26/399,New,0
1093215,VH-07-101-2,7,101,112153,RetailInvoice,2026-03-15 00:00:00,,2026-03-15 00:00:00,Retail Sale Voucher No.RSL/25-26/400,New,0
1093216,VH-07-101-1,7,101,112154,RetailInvoice,2026-03-18 00:00:00,,2026-03-19 00:00:00,Retail Sale Voucher No.RSL/25-26/401,New,0
1093217,VH-07-101-1,7,101,112155,RetailInvoice,2026-03-19 00:00:00,,2026-03-20 00:00:00,Retail Sale Voucher No.RSL/25-26/402,New,0
1103217,VH-07-101-1,7,101,113155,RetailInvoice,2026-03-21 00:00:00,,2026-03-22 00:00:00,Retail Sale Voucher No.RSL/25-26/403,New,0
1103218,VH-07-101-1,7,101,113156,RetailInvoice,2026-03-23 00:00:00,,2026-03-23 00:00:00,Retail Sale Voucher No.RSL/25-26/404,New,0
1103219,VH-07-101-2,7,101,113157,RetailInvoice,2026-03-23 00:00:00,,2026-03-23 00:00:00,Retail Sale Voucher No.RSL/25-26/405,New,0
1103220,VH-07-101-1,7,101,113158,RetailInvoice,2026-03-24 00:00:00,,2026-03-24 00:00:00,Retail Sale Voucher No.RSL/25-26/406,New,0
1103221,VH-07-101-3,7,101,113159,RetailInvoice,2026-03-23 00:00:00,,2026-03-24 00:00:00,Retail Sale Voucher No.RSL/25-26/407,New,0
1103222,VH-07-101-2,7,101,113160,RetailInvoice,2026-03-24 00:00:00,,2026-03-24 00:00:00,Retail Sale Voucher No.RSL/25-26/408,New,0
1103223,VH-07-101-1,7,101,113161,RetailInvoice,2026-03-25 00:00:00,,2026-03-25 00:00:00,Retail Sale Voucher No.RSL/25-26/409,New,0
1103224,VH-07-101-2,7,101,113162,RetailInvoice,2026-03-25 00:00:00,,2026-03-25 00:00:00,Retail Sale Voucher No.RSL/25-26/410,New,0
1103225,VH-07-101-3,7,101,113163,RetailInvoice,2026-03-25 00:00:00,,2026-04-02 00:00:00,Retail Sale Voucher No.RSL/25-26/411,Modified,0
1103226,VH-07-101-4,7,101,113164,RetailInvoice,2026-03-25 00:00:00,,2026-03-26 00:00:00,Retail Sale Voucher No.RSL/25-26/412,New,0
1103227,VH-07-101-1,7,101,113165,RetailInvoice,2026-03-26 00:00:00,,2026-03-26 00:00:00,Retail Sale Voucher No.RSL/25-26/413,New,0
1113226,VH-07-101-1,7,101,114164,RetailInvoice,2026-03-28 00:00:00,,2026-03-28 00:00:00,Retail Sale Voucher No.RSL/25-26/414,New,0
1113227,VH-07-101-1,7,101,114165,RetailInvoice,2026-03-29 00:00:00,,2026-03-29 00:00:00,Retail Sale Voucher No.RSL/25-26/415,New,0
1113228,VH-07-101-2,7,101,114166,RetailInvoice,2026-03-29 00:00:00,,2026-03-29 00:00:00,Retail Sale Voucher No.RSL/25-26/416,New,0
1113229,VH-07-101-3,7,101,114167,RetailInvoice,2026-03-29 00:00:00,,2026-03-29 00:00:00,Retail Sale Voucher No.RSL/25-26/417,Modified,0
1113230,VH-07-101-1,7,101,114168,RetailInvoice,2026-03-30 00:00:00,,2026-03-30 00:00:00,Retail Sale Voucher No.RSL/25-26/418,New,0
1113231,VH-07-101-2,7,101,114169,RetailInvoice,2026-03-30 00:00:00,,2026-03-30 00:00:00,Retail Sale Voucher No.RSL/25-26/419,New,0
1113232,VH-07-101-3,7,101,114170,RetailInvoice,2026-03-30 00:00:00,,2026-03-30 00:00:00,Retail Sale Voucher No.RSL/25-26/420,New,0
1113233,VH-07-101-1,7,101,114171,RetailInvoice,2026-03-31 00:00:00,,2026-03-31 00:00:00,Retail Sale Voucher No.RSL/25-26/421,New,0
1113234,VH-08-101-1,8,101,114172,RetailInvoice,2026-04-01 00:00:00,,2026-04-03 00:00:00,Retail Sale Voucher No.RSL/26-27/1,New,0
1113235,VH-08-101-1,8,101,114173,RetailInvoice,2026-04-02 00:00:00,,2026-04-03 00:00:00,Retail Sale Voucher No.RSL/26-27/2,New,0
1113236,VH-08-101-1,8,101,114174,RetailInvoice,2026-04-04 00:00:00,,2026-04-05 00:00:00,Retail Sale Voucher No.RSL/26-27/3,New,0
1113237,VH-08-101-1,8,101,114175,RetailInvoice,2026-04-07 00:00:00,,2026-04-12 00:00:00,Retail Sale Voucher No.RSL/26-27/4,Modified,0
1123237,VH-08-101-1,8,101,115175,RetailInvoice,2026-04-08 00:00:00,,2026-04-08 00:00:00,Retail Sale Voucher No.RSL/26-27/5,New,0
1123238,VH-08-101-1,8,101,116181,RetailInvoice,2026-04-13 00:00:00,,2026-04-13 00:00:00,Retail Sale Voucher No.RSL/26-27/6,New,0
1123239,VH-08-101-1,8,101,116182,RetailInvoice,2026-04-09 00:00:00,,2026-04-14 00:00:00,Retail Sale Voucher No.RSL/26-27/6,New,0
1123240,VH-08-101-1,8,101,116183,RetailInvoice,2026-04-10 00:00:00,,2026-04-14 00:00:00,Retail Sale Voucher No.RSL/26-27/7,New,0
1123241,VH-08-101-2,8,101,116184,RetailInvoice,2026-04-10 00:00:00,,2026-04-14 00:00:00,Retail Sale Voucher No.RSL/26-27/8,New,0
1123242,VH-08-101-1,8,101,116185,RetailInvoice,2026-04-11 00:00:00,,2026-04-14 00:00:00,Retail Sale Voucher No.RSL/26-27/9,New,0
1123243,VH-08-101-1,8,101,116186,RetailInvoice,2026-04-12 00:00:00,,2026-04-14 00:00:00,Retail Sale Voucher No.RSL/26-27/10,New,0
1123244,VH-08-101-1,8,101,116187,RetailInvoice,2026-04-16 00:00:00,,2026-04-16 00:00:00,Retail Sale Voucher No.RSL/26-27/11,Modified,0
1123245,VH-08-101-1,8,101,116188,RetailInvoice,2026-04-18 00:00:00,,2026-04-18 00:00:00,Retail Sale Voucher No.RSL/26-27/12,New,0
1123246,VH-08-101-2,8,101,116189,RetailInvoice,2026-04-18 00:00:00,,2026-04-18 00:00:00,Retail Sale Voucher No.RSL/26-27/13,New,0
1133245,VH-08-101-1,8,101,117188,RetailInvoice,2026-04-19 00:00:00,,2026-04-19 00:00:00,Retail Sale Voucher No.RSL/26-27/14,New,0
1133246,VH-08-101-2,8,101,117189,RetailInvoice,2026-04-19 00:00:00,,2026-04-19 00:00:00,Retail Sale Voucher No.RSL/26-27/15,New,0
1133247,VH-08-101-3,8,101,117190,RetailInvoice,2026-04-19 00:00:00,,2026-04-19 00:00:00,Retail Sale Voucher No.RSL/26-27/16,New,0
1133248,VH-08-101-4,8,101,117191,RetailInvoice,2026-04-19 00:00:00,,2026-04-19 00:00:00,Retail Sale Voucher No.RSL/26-27/17,New,0
1133249,VH-08-101-5,8,101,117192,RetailInvoice,2026-04-19 00:00:00,,2026-04-19 00:00:00,Retail Sale Voucher No.RSL/26-27/18,New,0
1133250,VH-08-101-6,8,101,117193,RetailInvoice,2026-04-19 00:00:00,,2026-04-19 00:00:00,Retail Sale Voucher No.RSL/26-27/19,New,0
1133251,VH-08-101-1,8,101,117194,RetailInvoice,2026-04-20 00:00:00,,2026-04-20 00:00:00,Retail Sale Voucher No.RSL/26-27/20,Modified,0
1143251,VH-08-101-2,8,101,118194,RetailInvoice,2026-04-20 00:00:00,,2026-04-20 00:00:00,Retail Sale Voucher No.RSL/26-27/21,New,0
1143252,VH-08-101-3,8,101,118195,RetailInvoice,2026-04-20 00:00:00,,2026-04-23 00:00:00,Retail Sale Voucher No.RSL/26-27/22,New,0
1143253,VH-08-101-4,8,101,118196,RetailInvoice,2026-04-20 00:00:00,,2026-04-23 00:00:00,Retail Sale Voucher No.RSL/26-27/23,New,0
1143254,VH-08-101-1,8,101,118197,RetailInvoice,2026-04-20 00:00:00,,2026-04-23 00:00:00,Retail Sale Voucher No.RSL/26-27/24,Modified,0
1143255,VH-08-101-1,8,101,118198,RetailInvoice,2026-04-23 00:00:00,,2026-04-23 00:00:00,Retail Sale Voucher No.RSL/26-27/25,New,0
1143256,VH-08-101-2,8,101,118199,RetailInvoice,2026-04-20 00:00:00,,2026-04-23 00:00:00,Retail Sale Voucher No.RSL/26-27/26,New,0
1143257,VH-08-101-3,8,101,118200,RetailInvoice,2026-04-20 00:00:00,,2026-04-23 00:00:00,Retail Sale Voucher No.RSL/26-27/27,New,0
1143258,VH-08-101-4,8,101,118201,RetailInvoice,2026-04-20 00:00:00,,2026-04-23 00:00:00,Retail Sale Voucher No.RSL/26-27/28,New,0
1143259,VH-08-101-5,8,101,118202,RetailInvoice,2026-04-20 00:00:00,,2026-04-23 00:00:00,Retail Sale Voucher No.RSL/26-27/29,New,0
1143260,VH-08-101-1,8,101,118203,RetailInvoice,2026-04-25 00:00:00,,2026-04-25 00:00:00,Retail Sale Voucher No.RSL/26-27/30,New,0
1143261,VH-08-101-1,8,101,118204,RetailInvoice,2026-04-26 00:00:00,,2026-04-30 00:00:00,Retail Sale Voucher No.RSL/26-27/31,New,0
1153261,VH-08-101-1,8,101,119204,RetailInvoice,2026-05-01 00:00:00,,2026-05-01 00:00:00,Retail Sale Voucher No.RSL/26-27/32,New,0
1153262,VH-08-101-2,8,101,119205,RetailInvoice,2026-05-01 00:00:00,,2026-05-01 00:00:00,Retail Sale Voucher No.RSL/26-27/33,New,0
1153263,VH-08-101-3,8,101,119206,RetailInvoice,2026-05-01 00:00:00,,2026-05-01 00:00:00,Retail Sale Voucher No.RSL/26-27/34,New,0
1153264,VH-08-101-4,8,101,119207,RetailInvoice,2026-05-01 00:00:00,,2026-05-01 00:00:00,Retail Sale Voucher No.RSL/26-27/35,New,0
1153265,VH-08-101-1,8,101,119208,RetailInvoice,2026-05-04 00:00:00,,2026-05-05 00:00:00,Retail Sale Voucher No.RSL/26-27/36,New,0
1153266,VH-08-101-2,8,101,119209,RetailInvoice,2026-05-04 00:00:00,,2026-05-05 00:00:00,Retail Sale Voucher No.RSL/26-27/37,New,0
1153267,VH-08-101-1,8,101,119210,RetailInvoice,2026-05-06 00:00:00,,2026-05-07 00:00:00,Retail Sale Voucher No.RSL/26-27/38,New,0
1153268,VH-08-101-2,8,101,119211,RetailInvoice,2026-05-06 00:00:00,,2026-05-07 00:00:00,Retail Sale Voucher No.RSL/26-27/39,New,0
1153269,VH-08-101-1,8,101,119212,RetailInvoice,2026-05-08 00:00:00,,2026-05-08 00:00:00,Retail Sale Voucher No.RSL/26-27/40,New,0
1153270,VH-08-101-1,8,101,119213,RetailInvoice,2026-05-09 00:00:00,,2026-05-09 00:00:00,Retail Sale Voucher No.RSL/26-27/41,Modified,0
1153271,VH-08-101-2,8,101,119214,RetailInvoice,2026-05-09 00:00:00,,2026-05-10 00:00:00,Retail Sale Voucher No.RSL/26-27/42,New,0
1153272,VH-08-101-1,8,101,119215,RetailInvoice,2026-05-10 00:00:00,,2026-05-12 00:00:00,Retail Sale Voucher No.RSL/26-27/43,Modified,0
1153273,VH-08-101-1,8,101,119216,RetailInvoice,2026-05-11 00:00:00,,2026-05-12 00:00:00,Retail Sale Voucher No.RSL/26-27/44,Modified,0
1153274,VH-08-101-1,8,101,119217,RetailInvoice,2026-05-12 00:00:00,,2026-05-12 00:00:00,Retail Sale Voucher No.RSL/26-27/45,New,0
1153275,VH-08-101-1,8,101,119218,RetailInvoice,2026-05-13 00:00:00,,2026-05-13 00:00:00,Retail Sale Voucher No.RSL/26-27/46,New,0
1153276,VH-08-101-1,8,101,119219,RetailInvoice,2026-05-14 00:00:00,,2026-05-14 00:00:00,Retail Sale Voucher No.RSL/26-27/47,New,0
1163276,VH-08-101-1,8,101,120219,RetailInvoice,2026-05-17 00:00:00,,2026-05-17 00:00:00,Retail Sale Voucher No.RSL/26-27/48,New,0
1163277,VH-08-101-1,8,101,120220,RetailInvoice,2026-05-18 00:00:00,,2026-05-18 00:00:00,Retail Sale Voucher No.RSL/26-27/49,New,0
1173277,VH-08-101-1,8,101,121220,RetailInvoice,2026-05-21 00:00:00,,2026-05-21 00:00:00,Retail Sale Voucher No.RSL/26-27/50,New,0
1173278,VH-08-101-1,8,101,121221,RetailInvoice,2026-05-25 00:00:00,,2026-05-26 00:00:00,Retail Sale Voucher No.RSL/26-27/51,Modified,0
1173279,VH-08-101-2,8,101,121222,RetailInvoice,2026-05-25 00:00:00,,2026-05-26 00:00:00,Retail Sale Voucher No.RSL/26-27/52,New,0
1183278,VH-08-101-1,8,101,122221,RetailInvoice,2026-05-30 00:00:00,,2026-05-30 00:00:00,Retail Sale Voucher No.RSL/26-27/53,New,0
1183279,VH-08-101-2,8,101,122222,RetailInvoice,2026-05-30 00:00:00,,2026-05-30 00:00:00,Retail Sale Voucher No.RSL/26-27/54,New,0
1183280,VH-08-101-1,8,101,122223,RetailInvoice,2026-06-08 00:00:00,,2026-06-08 00:00:00,Retail Sale Voucher No.RSL/26-27/55,New,0
1183281,VH-08-101-1,8,101,122224,RetailInvoice,2026-06-10 00:00:00,,2026-06-10 00:00:00,Retail Sale Voucher No.RSL/26-27/56,Modified,0
1193281,VH-08-101-1,8,101,123224,RetailInvoice,2026-06-13 00:00:00,,2026-06-13 00:00:00,Retail Sale Voucher No.RSL/26-27/57,New,0
1193282,VH-08-101-1,8,101,123225,RetailInvoice,2026-06-15 00:00:00,,2026-06-15 00:00:00,Retail Sale Voucher No.RSL/26-27/58,New,0
1193283,VH-08-101-2,8,101,123226,RetailInvoice,2026-06-15 00:00:00,,2026-06-15 00:00:00,Retail Sale Voucher No.RSL/26-27/59,New,0
1193284,VH-08-101-3,8,101,123227,RetailInvoice,2026-06-15 00:00:00,,2026-06-15 00:00:00,Retail Sale Voucher No.RSL/26-27/60,New,0
1203282,VH-08-101-1,8,101,124225,RetailInvoice,2026-06-18 00:00:00,,2026-06-18 00:00:00,Retail Sale Voucher No.RSL/26-27/61,New,0
1203283,VH-08-101-1,8,101,124226,RetailInvoice,2026-06-20 00:00:00,,2026-06-20 00:00:00,Retail Sale Voucher No.RSL/26-27/62,New,0
1203284,VH-08-101-1,8,101,124227,RetailInvoice,2026-06-22 00:00:00,,2026-07-14 00:00:00,Retail Sale Voucher No.RSL/26-27/63,Modified,0
1213284,VH-08-101-2,8,101,125227,RetailInvoice,2026-06-20 00:00:00,,2026-06-25 00:00:00,Retail Sale Voucher No.RSL/26-27/64,Modified,0
1213285,VH-08-101-1,8,101,125228,RetailInvoice,2026-06-24 00:00:00,,2026-06-25 00:00:00,Retail Sale Voucher No.RSL/26-27/65,Modified,0
1213286,VH-08-101-1,8,101,125229,RetailInvoice,2026-06-25 00:00:00,,2026-06-25 00:00:00,Retail Sale Voucher No.RSL/26-27/66,Modified,0
1213287,VH-08-101-2,8,101,125230,RetailInvoice,2026-06-25 00:00:00,,2026-06-25 00:00:00,Retail Sale Voucher No.RSL/26-27/67,New,0
1213288,VH-08-101-3,8,101,125231,RetailInvoice,2026-06-25 00:00:00,,2026-06-25 00:00:00,Retail Sale Voucher No.RSL/26-27/68,New,0
1213289,VH-08-101-1,8,101,125232,RetailInvoice,2026-06-26 00:00:00,,2026-06-27 00:00:00,Retail Sale Voucher No.RSL/26-27/69,New,0
1213290,VH-08-101-1,8,101,125233,RetailInvoice,2026-06-27 00:00:00,,2026-06-27 00:00:00,Retail Sale Voucher No.RSL/26-27/70,New,0
1213291,VH-08-101-2,8,101,125234,RetailInvoice,2026-06-26 00:00:00,,2026-07-22 00:00:00,Retail Sale Voucher No.RSL/26-27/71,Modified,0
1213292,VH-08-101-2,8,101,125235,RetailInvoice,2026-06-27 00:00:00,,2026-06-27 00:00:00,Retail Sale Voucher No.RSL/26-27/72,New,0
1213293,VH-08-101-1,8,101,125236,RetailInvoice,2026-06-29 00:00:00,,2026-06-30 00:00:00,Retail Sale Voucher No.RSL/26-27/73,New,0
1213294,VH-08-101-1,8,101,125237,RetailInvoice,2026-06-30 00:00:00,,2026-07-01 00:00:00,Retail Sale Voucher No.RSL/26-27/74,New,0
1213295,VH-08-101-2,8,101,125238,RetailInvoice,2026-06-30 00:00:00,,2026-07-01 00:00:00,Retail Sale Voucher No.RSL/26-27/75,New,0
1213296,VH-08-101-3,8,101,125239,RetailInvoice,2026-06-30 00:00:00,,2026-07-04 00:00:00,Retail Sale Voucher No.RSL/26-27/76,Modified,0
1213297,VH-08-101-1,8,101,125240,RetailInvoice,2026-07-07 00:00:00,,2026-07-09 00:00:00,Retail Sale Voucher No.RSL/26-27/77,New,0
1213298,VH-08-101-1,8,101,125241,RetailInvoice,2026-07-11 00:00:00,,2026-07-11 00:00:00,Retail Sale Voucher No.RSL/26-27/78,New,0
1213299,VH-08-101-1,8,101,125242,RetailInvoice,2026-07-15 00:00:00,,2026-07-15 00:00:00,Retail Sale Voucher No.RSL/26-27/79,Modified,0
1213300,VH-08-101-1,8,101,125243,RetailInvoice,2026-07-20 00:00:00,,2026-07-21 00:00:00,Retail Sale Voucher No.RSL/26-27/80,New,0
1213301,VH-08-101-1,8,101,125244,RetailInvoice,2026-07-21 00:00:00,,2026-07-22 00:00:00,Retail Sale Voucher No.RSL/26-27/81,New,0
1213302,VH-08-101-2,8,101,125245,RetailInvoice,2026-07-21 00:00:00,,2026-07-22 00:00:00,Retail Sale Voucher No.RSL/26-27/82,New,0
1223300,VH-08-101-1,8,101,126243,RetailInvoice,2026-07-24 00:00:00,,2026-07-24 00:00:00,Retail Sale Voucher No.RSL/26-27/83,New,0
1223301,VH-08-101-1,8,101,126244,RetailInvoice,2026-07-25 00:00:00,,2026-07-27 00:00:00,Retail Sale Voucher No.RSL/26-27/84,New,0
1223302,VH-08-101-1,8,101,126245,RetailInvoice,2026-07-28 00:00:00,,2026-07-28 00:00:00,Retail Sale Voucher No.RSL/26-27/85,New,0
1233301,VH-08-101-1,8,101,127244,RetailInvoice,2026-07-29 00:00:00,,2026-08-04 00:00:00,Retail Sale Voucher No.RSL/26-27/86,Modified,0
1233302,VH-08-101-2,8,101,127245,RetailInvoice,2026-07-29 00:00:00,,2026-08-04 00:00:00,Retail Sale Voucher No.RSL/26-27/87,Modified,0
1233303,VH-08-101-1,8,101,127246,RetailInvoice,2026-07-29 00:00:00,,2026-08-04 00:00:00,Retail Sale Voucher No.RSL/26-27/88,Modified,0
1233304,VH-08-101-2,8,101,127247,RetailInvoice,2026-07-29 00:00:00,,2026-08-04 00:00:00,Retail Sale Voucher No.RSL/26-27/89,New,0
1233305,VH-08-101-1,8,101,127248,RetailInvoice,2026-07-30 00:00:00,,2026-08-04 00:00:00,Retail Sale Voucher No.RSL/26-27/90,New,0
1233306,VH-08-101-2,8,101,127249,RetailInvoice,2026-07-30 00:00:00,,2026-08-04 00:00:00,Retail Sale Voucher No.RSL/26-27/91,New,0
1233307,VH-08-101-1,8,101,127250,RetailInvoice,2026-07-31 00:00:00,,2026-08-04 00:00:00,Retail Sale Voucher No.RSL/26-27/92,New,0
1233308,VH-08-101-2,8,101,127251,RetailInvoice,2026-07-31 00:00:00,,2026-08-04 00:00:00,Retail Sale Voucher No.RSL/26-27/93,New,0
1233309,VH-08-101-1,8,101,127252,RetailInvoice,2026-08-04 00:00:00,,2026-08-26 00:00:00,Retail Sale Voucher No.RSL/26-27/94,Modified,0
1233310,VH-08-101-1,8,101,127253,RetailInvoice,2026-08-08 00:00:00,,2026-08-08 00:00:00,Retail Sale Voucher No.RSL/26-27/95,Modified,0
1233311,VH-08-101-1,8,101,127254,RetailInvoice,2026-08-14 00:00:00,,2026-08-15 00:00:00,Retail Sale Voucher No.RSL/26-27/96,Modified,0
1243311,VH-08-101-1,8,101,128254,RetailInvoice,2026-08-16 00:00:00,,2026-08-17 00:00:00,Retail Sale Voucher No.RSL/26-27/97,New,0
1243312,VH-08-101-2,8,101,128255,RetailInvoice,2026-08-16 00:00:00,,2026-08-19 00:00:00,Retail Sale Voucher No.RSL/26-27/98,New,0
1243313,VH-08-101-1,8,101,128256,RetailInvoice,2026-08-19 00:00:00,,2026-08-19 00:00:00,Retail Sale Voucher No.RSL/26-27/99,New,0
1243314,VH-08-101-2,8,101,128257,RetailInvoice,2026-08-19 00:00:00,,2026-08-19 00:00:00,Retail Sale Voucher No.RSL/26-27/100,New,0
1243315,VH-08-101-3,8,101,128258,RetailInvoice,2026-08-19 00:00:00,,2026-08-19 00:00:00,Retail Sale Voucher No.RSL/26-27/101,New,0
1253312,VH-08-101-1,8,101,129255,RetailInvoice,2026-08-20 00:00:00,,2026-08-20 00:00:00,Retail Sale Voucher No.RSL/26-27/102,New,0
1253313,VH-08-101-1,8,101,129256,RetailInvoice,2026-08-21 00:00:00,,2026-08-21 00:00:00,Retail Sale Voucher No.RSL/26-27/103,Modified,0
1253314,VH-08-101-1,8,101,129257,RetailInvoice,2026-08-24 00:00:00,,2026-08-24 00:00:00,Retail Sale Voucher No.RSL/26-27/104,New,0
1253315,VH-08-101-2,8,101,129258,RetailInvoice,2026-08-24 00:00:00,,2026-08-24 00:00:00,Retail Sale Voucher No.RSL/26-27/105,New,0
1253316,VH-08-101-3,8,101,129259,RetailInvoice,2026-08-24 00:00:00,,2026-08-24 00:00:00,Retail Sale Voucher No.RSL/26-27/106,Modified,0
1253317,VH-08-101-1,8,101,129260,RetailInvoice,2026-08-27 00:00:00,,2026-08-27 00:00:00,Retail Sale Voucher No.RSL/26-27/107,New,0
1253318,VH-08-101-2,8,101,129261,RetailInvoice,2026-08-27 00:00:00,,2026-08-27 00:00:00,Retail Sale Voucher No.RSL/26-27/108,Modified,0
1253319,VH-08-101-3,8,101,129262,RetailInvoice,2026-08-27 00:00:00,,2026-08-28 00:00:00,Retail Sale Voucher No.RSL/26-27/109,New,0
1253320,VH-08-101-1,8,101,129263,RetailInvoice,2026-08-28 00:00:00,,2026-08-28 00:00:00,Retail Sale Voucher No.RSL/26-27/110,New,0
1253321,VH-08-101-1,8,101,129264,RetailInvoice,2026-09-03 00:00:00,,2026-09-03 00:00:00,Retail Sale Voucher No.RSL/26-27/111,New,0
1253322,VH-08-101-1,8,101,129265,RetailInvoice,2026-09-04 00:00:00,,2026-09-04 00:00:00,Retail Sale Voucher No.RSL/26-27/112,New,0
1253323,VH-08-101-2,8,101,129266,RetailInvoice,2026-09-04 00:00:00,,2026-09-05 00:00:00,Retail Sale Voucher No.RSL/26-27/113,New,0
1263323,VH-08-101-1,8,101,130266,RetailInvoice,2026-09-04 00:00:00,,2026-09-12 00:00:00,Retail Sale Voucher No.RSL/26-27/114,Modified,0
1273323,VH-08-101-2,8,101,131266,RetailInvoice,2026-09-04 00:00:00,,2026-09-12 00:00:00,Retail Sale Voucher No.RSL/26-27/115,New,0
1273324,VH-08-101-1,8,101,131267,RetailInvoice,2026-09-05 00:00:00,,2026-09-12 00:00:00,Retail Sale Voucher No.RSL/26-27/116,New,0
1273325,VH-08-101-1,8,101,131268,RetailInvoice,2026-09-06 00:00:00,,2026-09-12 00:00:00,Retail Sale Voucher No.RSL/26-27/117,New,0
1273326,VH-08-101-2,8,101,131269,RetailInvoice,2026-09-06 00:00:00,,2026-09-12 00:00:00,Retail Sale Voucher No.RSL/26-27/118,New,0
1273327,VH-08-101-1,8,101,131270,RetailInvoice,2026-09-07 00:00:00,,2026-09-12 00:00:00,Retail Sale Voucher No.RSL/26-27/119,New,0
1273328,VH-08-101-1,8,101,131271,RetailInvoice,2026-09-08 00:00:00,,2026-09-12 00:00:00,Retail Sale Voucher No.RSL/26-27/120,New,0
1273329,VH-08-101-1,8,101,131272,RetailInvoice,2026-09-13 00:00:00,,2026-09-13 00:00:00,Retail Sale Voucher No.RSL/26-27/121,New,0
1283329,VH-08-101-1,8,101,132272,RetailInvoice,2026-09-09 00:00:00,,2026-09-14 00:00:00,Retail Sale Voucher No.RSL/26-27/122,New,0
1283330,VH-08-101-1,8,101,132273,RetailInvoice,2026-09-11 00:00:00,,2026-09-14 00:00:00,Retail Sale Voucher No.RSL/26-27/123,New,0
1283331,VH-08-101-2,8,101,132274,RetailInvoice,2026-09-13 00:00:00,,2026-09-14 00:00:00,Retail Sale Voucher No.RSL/26-27/124,New,0
1283332,VH-08-101-2,8,101,132275,RetailInvoice,2026-09-09 00:00:00,,2026-09-14 00:00:00,Retail Sale Voucher No.RSL/26-27/125,New,0
1283333,VH-08-101-3,8,101,132276,RetailInvoice,2026-09-09 00:00:00,,2026-09-14 00:00:00,Retail Sale Voucher No.RSL/26-27/126,New,0
1283334,VH-08-101-4,8,101,132277,RetailInvoice,2026-09-09 00:00:00,,2026-09-14 00:00:00,Retail Sale Voucher No.RSL/26-27/127,New,0
1283335,VH-08-101-1,8,101,132278,RetailInvoice,2026-09-16 00:00:00,,2026-09-18 00:00:00,Retail Sale Voucher No.RSL/26-27/128,Modified,0
1293335,VH-08-101-1,8,101,133278,RetailInvoice,2026-09-10 00:00:00,,2026-09-18 00:00:00,Retail Sale Voucher No.RSL/26-27/129,New,0
1293336,VH-08-101-1,8,101,133279,RetailInvoice,2026-09-18 00:00:00,,2026-09-18 00:00:00,Retail Sale Voucher No.RSL/26-27/130,New,0
1293337,VH-08-101-2,8,101,133280,RetailInvoice,2026-09-18 00:00:00,,2026-09-18 00:00:00,Retail Sale Voucher No.RSL/26-27/131,New,0
1293338,VH-08-101-1,8,101,133281,RetailInvoice,2026-09-19 00:00:00,,2026-09-19 00:00:00,Retail Sale Voucher No.RSL/26-27/132,New,0
1293339,VH-08-101-1,8,101,133282,RetailInvoice,2026-09-20 00:00:00,,2026-09-21 00:00:00,Retail Sale Voucher No.RSL/26-27/133,New,0
