BCM_ID,ITB_ID,CTG_ID,PRDT_ID,ITM_ID,CMP_ID,FYR_ID,BCM_BAR_CODE,BCM_PKT_CODE,BCM_DT_CREATION,BCM_IMAGE,USER_ID,CNTR_ID,BCM_STATUS
1023,0,102,103,116,101,1,E20103000862,2010300291,,,2,104,
1024,0,102,103,115,101,1,E20103000863,2010300292,,,2,104,
1027,0,102,103,108,101,1,E20103000864,2010300293,,,2,104,
1030,0,102,103,116,101,1,E20103000865,2010300294,,,2,104,
1041,0,102,103,112,101,1,E20103000866,2010300295,,,2,104,
1047,0,102,103,116,101,1,E20103000867,2010300296,,,2,104,
1048,0,102,103,101,101,1,E20103000868,2010300297,,,2,104,
1050,0,102,103,101,101,1,E20103000869,2010300298,,,2,104,
1053,0,102,103,110,101,1,E20103000870,2010300299,,,2,104,
1056,0,102,103,116,101,1,E20103000871,2010300300,,,2,104,
1019,0,102,104,122,101,1,E20104000158,2010400158,,,2,112,
1020,0,102,104,119,101,1,E20104000159,2010400159,,,2,112,
1021,0,102,104,123,101,1,E20104000160,2010400160,,,2,112,
1022,0,102,104,119,101,1,E20104000161,2010400161,,,2,112,
1025,0,102,104,119,101,1,E20104000162,2010400162,,,2,112,
1026,0,102,104,119,101,1,E20104000163,2010400163,,,2,112,
1028,0,102,104,122,101,1,E20104000164,2010400164,,,2,112,
1029,0,102,104,119,101,1,E20104000165,2010400165,,,2,112,
1031,0,102,104,119,101,1,E20104000166,2010400166,,,2,112,
1032,0,102,104,125,101,1,E20104000167,2010400167,,,2,112,
1033,0,102,104,119,101,1,E20104000168,2010400168,,,2,112,
1034,0,102,104,119,101,1,E20104000169,2010400169,,,2,112,
1035,0,102,104,119,101,1,E20104000170,2010400170,,,2,112,
1036,0,102,104,123,101,1,E20104000171,2010400171,,,2,112,
1037,0,102,104,119,101,1,E20104000172,2010400172,,,2,112,
1038,0,102,104,119,101,1,E20104000173,2010400173,,,2,112,
1039,0,102,104,119,101,1,E20104000174,2010400174,,,2,112,
1040,0,102,104,120,101,1,E20104000175,2010400175,,,2,112,
1042,0,102,104,122,101,1,E20104000176,2010400176,,,2,112,
1043,0,102,104,119,101,1,E20104000177,2010400177,,,2,112,
1044,0,102,104,119,101,1,E20104000178,2010400178,,,2,112,
1045,0,102,104,119,101,1,E20104000179,2010400179,,,2,112,
1046,0,102,104,123,101,1,E20104000180,2010400180,,,2,112,
1049,0,102,104,123,101,1,E20104000181,2010400181,,,2,112,
1051,0,102,104,139,101,1,E20104000182,2010400182,,,2,112,
1052,0,102,104,132,101,1,E20104000183,2010400183,,,2,112,
1054,0,102,104,124,101,1,E20104000184,2010400184,,,2,112,
1055,0,102,104,123,101,1,E20104000185,2010400185,,,2,112,
1057,0,102,104,119,101,1,E20104000186,2010400186,,,2,112,
1752,0,102,103,101,101,2,E21103001394,2110300456,,,2,104,
1753,0,102,103,235,101,2,E21103001395,2110300457,,,2,104,
1754,0,102,103,113,101,2,E21103001396,2110300458,,,2,104,
1755,0,102,103,406,101,2,E21103001397,2110300459,,,2,104,
1757,0,102,103,103,101,2,E21103001398,2110300460,,,2,104,
1762,0,102,103,116,101,2,E21103001399,2110300461,,,2,104,
1763,0,102,103,116,101,2,E21103001400,2110300462,,,2,104,
1773,0,102,103,110,101,2,E21103001401,2110300463,,,2,104,
1775,0,102,103,103,101,2,E21103001402,2110300464,,,2,104,
1776,0,102,103,407,101,2,E21103001403,2110300465,,,2,104,
1778,0,102,103,102,101,2,E21103001404,2110300466,,,2,104,
1756,0,102,104,119,101,2,E21104000359,2110400359,,,2,112,
1758,0,102,104,119,101,2,E21104000360,2110400360,,,2,112,
1759,0,102,104,119,101,2,E21104000361,2110400361,,,2,112,
1760,0,102,104,440,101,2,E21104000362,2110400362,,,2,112,
1761,0,102,104,354,101,2,E21104000363,2110400363,,,2,112,
1764,0,102,104,119,101,2,E21104000364,2110400364,,,2,112,
1765,0,102,104,120,101,2,E21104000365,2110400365,,,2,112,
1766,0,102,104,119,101,2,E21104000366,2110400366,,,2,112,
1767,0,102,104,119,101,2,E21104000367,2110400367,,,2,112,
1768,0,102,104,123,101,2,E21104000368,2110400368,,,2,112,
1769,0,102,104,351,101,2,E21104000369,2110400369,,,2,112,
1770,0,102,104,132,101,2,E21104000370,2110400370,,,2,112,
1771,0,102,104,440,101,2,E21104000371,2110400371,,,2,112,
1772,0,102,104,440,101,2,E21104000372,2110400372,,,2,112,
1774,0,102,104,119,101,2,E21104000373,2110400373,,,2,112,
1777,0,102,104,119,101,2,E21104000374,2110400374,,,2,112,
2416,0,102,103,112,101,3,E22103001885,2210300575,,,2,104,
2418,0,102,103,108,101,3,E22103001886,2210300576,,,2,104,
2419,0,102,103,107,101,3,E22103001887,2210300577,,,2,104,
2422,0,102,103,116,101,3,E22103001888,2210300578,,,2,104,
2424,0,102,103,116,101,3,E22103001889,2210300579,,,2,104,
2427,0,102,103,116,101,3,E22103001890,2210300580,,,2,104,
2464,0,102,103,113,101,3,E22103001891,2210300581,,,2,104,
2467,0,102,103,169,101,3,E22103001892,2210300582,,,2,104,
2469,0,102,103,110,101,3,E22103001893,2210300583,,,2,104,
2475,0,102,103,101,101,3,E22103001894,2210300584,,,2,104,
2476,0,102,103,115,101,3,E22103001895,2210300585,,,2,104,
2415,0,102,104,119,101,3,E22104000531,2210400531,,,2,112,
2417,0,102,104,119,101,3,E22104000532,2210400532,,,2,112,
2420,0,102,104,131,101,3,E22104000533,2210400533,,,2,112,
2421,0,102,104,351,101,3,E22104000534,2210400534,,,2,112,
2423,0,102,104,119,101,3,E22104000535,2210400535,,,2,112,
2425,0,102,104,136,101,3,E22104000536,2210400536,,,2,112,
2426,0,102,104,132,101,3,E22104000537,2210400537,,,2,112,
2428,0,102,104,119,101,3,E22104000538,2210400538,,,2,112,
2431,0,102,104,119,101,3,E22104000539,2210400539,,,2,112,
2465,0,102,104,119,101,3,E22104000540,2210400540,,,2,112,
2466,0,102,104,119,101,3,E22104000541,2210400541,,,2,112,
2468,0,102,104,123,101,3,E22104000542,2210400542,,,2,112,
2470,0,102,104,119,101,3,E22104000543,2210400543,,,2,112,
2471,0,102,104,119,101,3,E22104000544,2210400544,,,2,112,
2472,0,102,104,119,101,3,E22104000545,2210400545,,,2,112,
2473,0,102,104,119,101,3,E22104000546,2210400546,,,2,112,
2474,0,102,104,367,101,3,E22104000547,2210400547,,,2,112,
2477,0,102,104,119,101,3,E22104000548,2210400548,,,2,112,
2429,0,105,107,273,101,3,E22107000001,2210700001,,,1,113,
2430,0,105,107,273,101,3,E22107000002,2210700002,,,1,113,
2432,0,105,107,273,101,3,E22107000003,2210700003,,,2,113,
2433,0,105,107,273,101,3,E22107000004,2210700003,,,2,113,
2434,0,105,107,273,101,3,E22107000005,2210700003,,,2,113,
2435,0,105,107,273,101,3,E22107000006,2210700003,,,2,113,
2436,0,105,107,273,101,3,E22107000007,2210700003,,,2,113,
2437,0,105,107,273,101,3,E22107000008,2210700003,,,2,113,
2438,0,105,107,273,101,3,E22107000009,2210700003,,,2,113,
2439,0,105,107,273,101,3,E22107000010,2210700003,,,2,113,
2440,0,105,107,273,101,3,E22107000011,2210700003,,,2,113,
2441,0,105,107,273,101,3,E22107000012,2210700003,,,2,113,
2442,0,105,107,273,101,3,E22107000013,2210700004,,,2,113,
2443,0,105,107,273,101,3,E22107000014,2210700004,,,2,113,
2444,0,105,107,273,101,3,E22107000015,2210700004,,,2,113,
2445,0,105,107,273,101,3,E22107000016,2210700004,,,2,113,
2446,0,105,107,273,101,3,E22107000017,2210700004,,,2,113,
2447,0,105,107,273,101,3,E22107000018,2210700005,,,2,113,
2448,0,105,107,273,101,3,E22107000019,2210700005,,,2,113,
2449,0,105,107,273,101,3,E22107000020,2210700005,,,2,113,
2450,0,105,107,273,101,3,E22107000021,2210700005,,,2,113,
2451,0,105,107,273,101,3,E22107000022,2210700005,,,2,113,
2452,0,105,107,273,101,3,E22107000023,2210700005,,,2,113,
2453,0,105,107,273,101,3,E22107000024,2210700005,,,2,113,
2454,0,105,107,273,101,3,E22107000025,2210700005,,,2,113,
2455,0,105,107,273,101,3,E22107000026,2210700005,,,2,113,
2456,0,105,107,273,101,3,E22107000027,2210700005,,,2,113,
2457,0,105,107,273,101,3,E22107000028,2210700005,,,2,113,
2458,0,105,107,273,101,3,E22107000029,2210700005,,,2,113,
2459,0,105,107,273,101,3,E22107000030,2210700006,,,2,113,
2460,0,105,107,273,101,3,E22107000031,2210700006,,,2,113,
2461,0,105,107,273,101,3,E22107000032,2210700006,,,2,113,
2462,0,105,107,273,101,3,E22107000033,2210700006,,,2,113,
2463,0,105,107,273,101,3,E22107000034,2210700007,,,2,113,
3564,0,102,103,113,101,4,E23103002505,2310300712,,,2,104,
3567,0,102,103,235,101,4,E23103002506,2310300713,,,2,104,
3568,0,102,103,101,101,4,E23103002507,2310300714,,,2,104,
3569,0,102,103,411,101,4,E23103002508,2310300715,,,2,104,
3570,0,102,103,102,101,4,E23103002509,2310300716,,,2,104,
3576,0,102,103,239,101,4,E23103002510,2310300717,,,2,104,
3577,0,102,103,331,101,4,E23103002511,2310300718,,,2,104,
3579,0,102,103,402,101,4,E23103002512,2310300719,,,2,104,
3580,0,102,103,400,101,4,E23103002513,2310300720,,,2,104,
3582,0,102,103,116,101,4,E23103002514,2310300721,,,2,104,
3583,0,102,103,102,101,4,E23103002515,2310300722,,,2,104,
3584,0,102,103,400,101,4,E23103002516,2310300723,,,2,104,
3585,0,102,103,331,101,4,E23103002517,2310300724,,,2,104,
3586,0,102,103,402,101,4,E23103002518,2310300725,,,2,104,
3588,0,102,103,404,101,4,E23103002519,2310300726,,,2,104,
3562,0,102,104,151,101,4,E23104000778,2310400778,,,2,112,
3563,0,102,104,346,101,4,E23104000779,2310400779,,,2,112,
3565,0,102,104,289,101,4,E23104000780,2310400780,,,2,112,
3566,0,102,104,119,101,4,E23104000781,2310400781,,,2,112,
3571,0,102,104,440,101,4,E23104000782,2310400782,,,2,112,
3572,0,102,104,440,101,4,E23104000783,2310400783,,,2,112,
3573,0,102,104,351,101,4,E23104000784,2310400784,,,2,112,
3574,0,102,104,351,101,4,E23104000785,2310400785,,,2,112,
3575,0,102,104,119,101,4,E23104000786,2310400786,,,2,112,
3578,0,102,104,123,101,4,E23104000787,2310400787,,,2,112,
3581,0,102,104,119,101,4,E23104000788,2310400788,,,2,112,
3587,0,102,104,353,101,4,E23104000789,2310400789,,,2,112,
4787,0,102,103,112,101,5,E24103003158,2410300862,,,2,104,
4788,0,102,103,235,101,5,E24103003159,2410300863,,,2,104,
4789,0,102,103,235,101,5,E24103003160,2410300863,,,2,104,
4790,0,102,103,112,101,5,E24103003161,2410300863,,,2,104,
4791,0,102,103,112,101,5,E24103003162,2410300863,,,2,104,
4792,0,102,103,112,101,5,E24103003163,2410300863,,,2,104,
4793,0,102,103,445,101,5,E24103003164,2410300863,,,2,104,
4794,0,102,103,406,101,5,E24103003165,2410300864,,,2,104,
4796,0,102,103,112,101,5,E24103003166,2410300865,,,2,104,
4797,0,102,103,112,101,5,E24103003167,2410300865,,,2,104,
4798,0,102,103,112,101,5,E24103003168,2410300865,,,2,104,
4799,0,102,103,112,101,5,E24103003169,2410300865,,,2,104,
4800,0,102,103,112,101,5,E24103003170,2410300865,,,2,104,
4801,0,102,103,112,101,5,E24103003171,2410300865,,,2,104,
4802,0,102,103,374,101,5,E24103003172,2410300865,,,2,104,
4803,0,102,103,374,101,5,E24103003173,2410300865,,,2,104,
4804,0,102,103,374,101,5,E24103003174,2410300865,,,2,104,
4805,0,102,103,374,101,5,E24103003175,2410300865,,,2,104,
4806,0,102,103,374,101,5,E24103003176,2410300865,,,2,104,
4807,0,102,103,374,101,5,E24103003177,2410300865,,,2,104,
4808,0,102,103,374,101,5,E24103003178,2410300865,,,2,104,
4809,0,102,103,118,101,5,E24103003179,2410300865,,,2,104,
4810,0,102,103,118,101,5,E24103003180,2410300865,,,2,104,
4811,0,102,103,118,101,5,E24103003181,2410300865,,,2,104,
4812,0,102,103,102,101,5,E24103003182,2410300865,,,2,104,
4813,0,102,103,102,101,5,E24103003183,2410300865,,,2,104,
4814,0,102,103,102,101,5,E24103003184,2410300865,,,2,104,
4815,0,102,103,331,101,5,E24103003185,2410300865,,,2,104,
4816,0,102,103,331,101,5,E24103003186,2410300865,,,2,104,
4817,0,102,103,331,101,5,E24103003187,2410300865,,,2,104,
4818,0,102,103,331,101,5,E24103003188,2410300865,,,2,104,
4819,0,102,103,331,101,5,E24103003189,2410300865,,,2,104,
4820,0,102,103,107,101,5,E24103003190,2410300865,,,2,104,
4821,0,102,103,107,101,5,E24103003191,2410300865,,,2,104,
4822,0,102,103,107,101,5,E24103003192,2410300865,,,2,104,
4823,0,102,103,116,101,5,E24103003193,2410300865,,,2,104,
4824,0,102,103,116,101,5,E24103003194,2410300865,,,2,104,
4825,0,102,103,101,101,5,E24103003195,2410300865,,,2,104,
4826,0,102,103,241,101,5,E24103003196,2410300866,,,2,104,
4827,0,102,103,241,101,5,E24103003197,2410300866,,,2,104,
4828,0,102,103,113,101,5,E24103003198,2410300867,,,2,104,
4831,0,102,103,116,101,5,E24103003199,2410300868,,,2,104,
4832,0,102,103,102,101,5,E24103003200,2410300869,,,2,104,
4833,0,102,103,114,101,5,E24103003201,2410300870,,,2,104,
4834,0,102,103,114,101,5,E24103003202,2410300870,,,2,104,
4835,0,102,103,331,101,5,E24103003203,2410300870,,,2,104,
4836,0,102,103,331,101,5,E24103003204,2410300870,,,2,104,
4837,0,102,103,331,101,5,E24103003205,2410300870,,,2,104,
4838,0,102,103,331,101,5,E24103003206,2410300870,,,2,104,
4839,0,102,103,331,101,5,E24103003207,2410300870,,,2,104,
4840,0,102,103,331,101,5,E24103003208,2410300870,,,2,104,
4841,0,102,103,331,101,5,E24103003209,2410300870,,,2,104,
4842,0,102,103,331,101,5,E24103003210,2410300870,,,2,104,
4843,0,102,103,102,101,5,E24103003211,2410300870,,,2,104,
4844,0,102,103,102,101,5,E24103003212,2410300870,,,2,104,
4845,0,102,103,235,101,5,E24103003213,2410300870,,,2,104,
4846,0,102,103,235,101,5,E24103003214,2410300870,,,2,104,
4847,0,102,103,112,101,5,E24103003215,2410300870,,,2,104,
4848,0,102,103,101,101,5,E24103003216,2410300870,,,2,104,
4849,0,102,103,101,101,5,E24103003217,2410300870,,,2,104,
4850,0,102,103,331,101,5,E24103003218,2410300871,,,2,104,
4854,0,102,103,428,101,5,E24103003219,2410300872,,,2,104,
4856,0,102,103,102,101,5,E24103003220,2410300873,,,2,104,
4858,0,102,103,407,101,5,E24103003221,2410300874,,,2,104,
4785,0,102,104,353,101,5,E24104001331,2410400999,,,2,112,
4786,0,102,104,163,101,5,E24104001332,2410401000,,,2,112,
4795,0,102,104,151,101,5,E24104001333,2410401001,,,2,112,
4829,0,102,104,119,101,5,E24104001334,2410401002,,,2,112,
4830,0,102,104,440,101,5,E24104001335,2410401003,,,2,112,
4851,0,102,104,351,101,5,E24104001336,2410401004,,,2,112,
4852,0,102,104,157,101,5,E24104001337,2410401005,,,2,112,
4853,0,102,104,134,101,5,E24104001338,2410401006,,,2,112,
4855,0,102,104,125,101,5,E24104001339,2410401007,,,2,112,
4857,0,102,104,151,101,5,E24104001340,2410401008,,,2,112,
20259,0,102,103,104,101,6,E25103003756,2510300999,,,2,104,
20260,0,102,103,102,101,6,E25103003757,2510301000,,,2,104,
20261,0,102,103,400,101,6,E25103003758,2510301001,,,2,104,
20262,0,102,103,102,101,6,E25103003759,2510301002,,,2,104,
20263,0,102,103,102,101,6,E25103003760,2510301002,,,2,104,
20264,0,102,103,102,101,6,E25103003761,2510301002,,,2,104,
20265,0,102,103,102,101,6,E25103003762,2510301002,,,2,104,
20266,0,102,103,102,101,6,E25103003763,2510301002,,,2,104,
20267,0,102,103,331,101,6,E25103003764,2510301002,,,2,104,
20268,0,102,103,331,101,6,E25103003765,2510301002,,,2,104,
20269,0,102,103,331,101,6,E25103003766,2510301002,,,2,104,
20270,0,102,103,331,101,6,E25103003767,2510301002,,,2,104,
20271,0,102,103,331,101,6,E25103003768,2510301002,,,2,104,
20272,0,102,103,331,101,6,E25103003769,2510301002,,,2,104,
20273,0,102,103,331,101,6,E25103003770,2510301002,,,2,104,
20274,0,102,103,235,101,6,E25103003771,2510301002,,,2,104,
20275,0,102,103,235,101,6,E25103003772,2510301002,,,2,104,
20276,0,102,103,235,101,6,E25103003773,2510301002,,,2,104,
20277,0,102,103,235,101,6,E25103003774,2510301002,,,2,104,
20278,0,102,103,235,101,6,E25103003775,2510301002,,,2,104,
20279,0,102,103,235,101,6,E25103003776,2510301002,,,2,104,
20280,0,102,103,235,101,6,E25103003777,2510301002,,,2,104,
21261,0,102,103,102,101,6,E25103003778,2510301003,,,2,104,
21265,0,102,103,107,101,6,E25103003779,2510301004,,,2,104,
21266,0,102,103,107,101,6,E25103003780,2510301005,,,2,104,
21267,0,102,103,107,101,6,E25103003781,2510301005,,,2,104,
21268,0,102,103,107,101,6,E25103003782,2510301005,,,2,104,
21269,0,102,103,235,101,6,E25103003783,2510301005,,,2,104,
21270,0,102,103,235,101,6,E25103003784,2510301005,,,2,104,
21271,0,102,103,235,101,6,E25103003785,2510301005,,,2,104,
21272,0,102,103,235,101,6,E25103003786,2510301005,,,2,104,
21273,0,102,103,331,101,6,E25103003787,2510301005,,,2,104,
21274,0,102,103,331,101,6,E25103003788,2510301005,,,2,104,
21275,0,102,103,331,101,6,E25103003789,2510301005,,,2,104,
21276,0,102,103,331,101,6,E25103003790,2510301005,,,2,104,
21277,0,102,103,331,101,6,E25103003791,2510301005,,,2,104,
21278,0,102,103,331,101,6,E25103003792,2510301005,,,2,104,
21279,0,102,103,331,101,6,E25103003793,2510301005,,,2,104,
21280,0,102,103,102,101,6,E25103003794,2510301005,,,2,104,
21282,0,102,103,110,101,6,E25103003795,2510301006,,,2,104,
21283,0,102,103,331,101,6,E25103003796,2510301007,,,2,104,
21284,0,102,103,103,101,6,E25103003797,2510301008,,,2,104,
21285,0,102,103,108,101,6,E25103003798,2510301009,,,2,104,
19259,0,102,104,119,101,6,E25104001429,2510401097,,,2,112,
19260,0,102,104,353,101,6,E25104001430,2510401098,,,2,112,
19261,0,102,104,352,101,6,E25104001431,2510401099,,,2,112,
19262,0,102,104,151,101,6,E25104001432,2510401100,,,2,112,
19263,0,102,104,119,101,6,E25104001433,2510401101,,,2,112,
21260,0,102,104,151,101,6,E25104001434,2510401102,,,2,112,
21262,0,102,104,125,101,6,E25104001435,2510401103,,,2,112,
21263,0,102,104,354,101,6,E25104001436,2510401104,,,2,112,
21264,0,102,104,119,101,6,E25104001437,2510401105,,,2,112,
21281,0,102,104,120,101,6,E25104001438,2510401106,,,2,112,
75675,0,102,103,103,101,7,E26103004547,2610301120,,,2,104,
75679,0,102,103,116,101,7,E26103004548,2610301121,,,2,104,
75680,0,102,103,116,101,7,E26103004549,2610301121,,,2,104,
75681,0,102,103,116,101,7,E26103004550,2610301121,,,2,104,
75682,0,102,103,116,101,7,E26103004551,2610301121,,,2,104,
75683,0,102,103,116,101,7,E26103004552,2610301121,,,2,104,
75684,0,102,103,116,101,7,E26103004553,2610301121,,,2,104,
75685,0,102,103,116,101,7,E26103004554,2610301121,,,2,104,
75686,0,102,103,102,101,7,E26103004555,2610301121,,,2,104,
75687,0,102,103,102,101,7,E26103004556,2610301121,,,2,104,
75688,0,102,103,102,101,7,E26103004557,2610301121,,,2,104,
75689,0,102,103,102,101,7,E26103004558,2610301121,,,2,104,
75690,0,102,103,102,101,7,E26103004559,2610301121,,,2,104,
75691,0,102,103,331,101,7,E26103004560,2610301121,,,2,104,
75692,0,102,103,331,101,7,E26103004561,2610301121,,,2,104,
75693,0,102,103,331,101,7,E26103004562,2610301121,,,2,104,
75694,0,102,103,331,101,7,E26103004563,2610301121,,,2,104,
75695,0,102,103,331,101,7,E26103004564,2610301121,,,2,104,
75696,0,102,103,331,101,7,E26103004565,2610301121,,,2,104,
75697,0,102,103,331,101,7,E26103004566,2610301121,,,2,104,
75698,0,102,103,235,101,7,E26103004567,2610301122,,,2,104,
75699,0,102,103,235,101,7,E26103004568,2610301122,,,2,104,
75700,0,102,103,235,101,7,E26103004569,2610301122,,,2,104,
75701,0,102,103,235,101,7,E26103004570,2610301122,,,2,104,
75702,0,102,103,235,101,7,E26103004571,2610301122,,,2,104,
75703,0,102,103,235,101,7,E26103004572,2610301122,,,2,104,
75704,0,102,103,235,101,7,E26103004573,2610301122,,,2,104,
75705,0,102,103,235,101,7,E26103004574,2610301122,,,2,104,
75706,0,102,103,235,101,7,E26103004575,2610301122,,,2,104,
75707,0,102,103,235,101,7,E26103004576,2610301122,,,2,104,
75708,0,102,103,235,101,7,E26103004577,2610301122,,,2,104,
75709,0,102,103,235,101,7,E26103004578,2610301122,,,2,104,
75710,0,102,103,235,101,7,E26103004579,2610301122,,,2,104,
75711,0,102,103,235,101,7,E26103004580,2610301122,,,2,104,
75712,0,102,103,235,101,7,E26103004581,2610301122,,,2,104,
75713,0,102,103,235,101,7,E26103004582,2610301122,,,2,104,
75714,0,102,103,235,101,7,E26103004583,2610301122,,,2,104,
75715,0,102,103,235,101,7,E26103004584,2610301122,,,2,104,
75716,0,102,103,116,101,7,E26103004585,2610301122,,,2,104,
75717,0,102,103,114,101,7,E26103004586,2610301123,,,2,104,
75718,0,102,103,114,101,7,E26103004587,2610301123,,,2,104,
75719,0,102,103,114,101,7,E26103004588,2610301123,,,2,104,
75674,0,102,104,127,101,7,E26104001541,2610401209,,,2,112,
75676,0,102,104,440,101,7,E26104001542,2610401210,,,2,112,
75677,0,102,104,151,101,7,E26104001543,2610401211,,,2,112,
75678,0,102,104,149,101,7,E26104001544,2610401212,,,2,112,
75720,0,105,107,273,101,7,E26107000303,2610700042,,,2,113,
75721,0,105,107,273,101,7,E26107000304,2610700042,,,2,113,
75722,0,105,107,273,101,7,E26107000305,2610700042,,,2,113,
75723,0,105,107,273,101,7,E26107000306,2610700042,,,2,113,
75724,0,105,107,273,101,7,E26107000307,2610700042,,,2,113,
75725,0,105,107,273,101,7,E26107000308,2610700042,,,2,113,
75726,0,105,107,273,101,7,E26107000309,2610700042,,,2,113,
75727,0,105,107,273,101,7,E26107000310,2610700042,,,2,113,
75728,0,105,107,273,101,7,E26107000311,2610700042,,,2,113,
75729,0,105,107,273,101,7,E26107000312,2610700042,,,2,113,
75730,0,105,107,273,101,7,E26107000313,2610700042,,,2,113,
75731,0,105,107,273,101,7,E26107000314,2610700042,,,2,113,
75732,0,105,107,399,101,7,E26107000315,2610700043,,,2,113,
75733,0,105,107,399,101,7,E26107000316,2610700043,,,2,113,
75734,0,105,107,399,101,7,E26107000317,2610700043,,,2,113,
75735,0,105,107,399,101,7,E26107000318,2610700043,,,2,113,
75736,0,105,107,399,101,7,E26107000319,2610700043,,,2,113,
75737,0,105,107,399,101,7,E26107000320,2610700043,,,2,113,
75738,0,105,107,399,101,7,E26107000321,2610700043,,,2,113,
75739,0,105,107,399,101,7,E26107000322,2610700043,,,2,113,
75740,0,105,107,399,101,7,E26107000323,2610700043,,,2,113,
75741,0,105,107,273,101,7,E26107000324,2610700044,,,2,113,
75742,0,105,107,273,101,7,E26107000325,2610700044,,,2,113,
75743,0,105,107,273,101,7,E26107000326,2610700044,,,2,113,
75744,0,105,107,273,101,7,E26107000327,2610700044,,,2,113,
75745,0,105,107,273,101,7,E26107000328,2610700044,,,2,113,
75746,0,105,107,273,101,7,E26107000329,2610700044,,,2,113,
75747,0,105,107,273,101,7,E26107000330,2610700044,,,2,113,
75748,0,105,107,427,101,7,E26107000331,2610700045,,,2,113,
75749,0,105,107,427,101,7,E26107000332,2610700045,,,2,113,
75750,0,105,107,427,101,7,E26107000333,2610700045,,,2,113,
75751,0,105,107,427,101,7,E26107000334,2610700045,,,2,113,
75752,0,105,107,427,101,7,E26107000335,2610700045,,,2,113,
75753,0,105,107,427,101,7,E26107000336,2610700045,,,2,113,
75754,0,105,107,427,101,7,E26107000337,2610700045,,,2,113,
75755,0,105,107,427,101,7,E26107000338,2610700046,,,2,113,
75756,0,105,107,427,101,7,E26107000339,2610700046,,,2,113,
75757,0,105,107,427,101,7,E26107000340,2610700046,,,2,113,
75758,0,105,107,427,101,7,E26107000341,2610700046,,,2,113,
75759,0,105,107,271,101,7,E26107000342,2610700047,,,2,113,
75760,0,105,107,271,101,7,E26107000343,2610700047,,,2,113,
75761,0,105,107,271,101,7,E26107000344,2610700047,,,2,113,
75762,0,105,107,271,101,7,E26107000345,2610700047,,,2,113,
75763,0,105,107,271,101,7,E26107000346,2610700047,,,2,113,
75764,0,105,107,271,101,7,E26107000347,2610700047,,,2,113,
75765,0,105,107,271,101,7,E26107000348,2610700048,,,2,113,
75766,0,105,107,271,101,7,E26107000349,2610700048,,,2,113,
75767,0,105,107,271,101,7,E26107000350,2610700048,,,2,113,
75768,0,105,107,271,101,7,E26107000351,2610700048,,,2,113,
75769,0,105,107,271,101,7,E26107000352,2610700048,,,2,113,
75770,0,105,107,271,101,7,E26107000353,2610700048,,,2,113,
75771,0,105,107,271,101,7,E26107000354,2610700048,,,2,113,
75772,0,105,107,271,101,7,E26107000355,2610700048,,,2,113,
75773,0,105,107,271,101,7,E26107000356,2610700048,,,2,113,
75774,0,105,107,271,101,7,E26107000357,2610700048,,,2,113,
75775,0,105,107,271,101,7,E26107000358,2610700048,,,2,113,
75776,0,105,107,271,101,7,E26107000359,2610700048,,,2,113,
75777,0,105,107,271,101,7,E26107000360,2610700048,,,2,113,
75778,0,105,107,271,101,7,E26107000361,2610700048,,,2,113,
75779,0,105,107,271,101,7,E26107000362,2610700048,,,2,113,
75780,0,105,107,271,101,7,E26107000363,2610700048,,,2,113,
75781,0,105,107,271,101,7,E26107000364,2610700048,,,2,113,
75782,0,105,107,271,101,7,E26107000365,2610700048,,,2,113,
75783,0,105,107,271,101,7,E26107000366,2610700048,,,2,113,
75784,0,105,107,271,101,7,E26107000367,2610700048,,,2,113,
75785,0,105,107,399,101,7,E26107000368,2610700049,,,2,113,
75786,0,105,107,399,101,7,E26107000369,2610700049,,,2,113,
75787,0,105,107,273,101,7,E26107000370,2610700050,,,2,113,
75788,0,105,107,273,101,7,E26107000371,2610700050,,,2,113,
75789,0,105,107,273,101,7,E26107000372,2610700050,,,2,113,
75790,0,105,107,273,101,7,E26107000373,2610700050,,,2,113,
75791,0,105,107,273,101,7,E26107000374,2610700050,,,2,113,
75792,0,105,107,273,101,7,E26107000375,2610700050,,,2,113,
75793,0,105,107,273,101,7,E26107000376,2610700050,,,2,113,
75794,0,105,107,273,101,7,E26107000377,2610700050,,,2,113,
75795,0,105,107,273,101,7,E26107000378,2610700050,,,2,113,
75796,0,105,107,273,101,7,E26107000379,2610700050,,,2,113,
75797,0,105,107,273,101,7,E26107000380,2610700050,,,2,113,
75798,0,105,107,273,101,7,E26107000381,2610700050,,,2,113,
75799,0,105,107,273,101,7,E26107000382,2610700050,,,2,113,
75800,0,105,107,273,101,7,E26107000383,2610700050,,,2,113,
75801,0,105,107,427,101,7,E26107000384,2610700051,,,2,113,
1060,0,102,103,116,101,1,F20103000872,2010300301,,,2,104,
1061,0,102,103,112,101,1,F20103000873,2010300302,,,2,104,
1062,0,102,103,112,101,1,F20103000874,2010300302,,,2,104,
1063,0,102,103,112,101,1,F20103000875,2010300302,,,2,104,
1064,0,102,103,112,101,1,F20103000876,2010300302,,,2,104,
1065,0,102,103,112,101,1,F20103000877,2010300302,,,2,104,
1066,0,102,103,338,101,1,F20103000878,2010300302,,,2,104,
1067,0,102,103,114,101,1,F20103000879,2010300303,,,2,104,
1068,0,102,103,114,101,1,F20103000880,2010300303,,,2,104,
1069,0,102,103,114,101,1,F20103000881,2010300303,,,2,104,
1070,0,102,103,114,101,1,F20103000882,2010300303,,,2,104,
1071,0,102,103,114,101,1,F20103000883,2010300303,,,2,104,
1072,0,102,103,338,101,1,F20103000884,2010300304,,,2,104,
1073,0,102,103,338,101,1,F20103000885,2010300304,,,2,104,
1074,0,102,103,112,101,1,F20103000886,2010300305,,,2,104,
1075,0,102,103,112,101,1,F20103000887,2010300305,,,2,104,
1076,0,102,103,112,101,1,F20103000888,2010300305,,,2,104,
1077,0,102,103,112,101,1,F20103000889,2010300306,,,2,104,
1078,0,102,103,112,101,1,F20103000890,2010300306,,,2,104,
1079,0,102,103,112,101,1,F20103000891,2010300307,,,2,104,
1080,0,102,103,338,101,1,F20103000892,2010300307,,,2,104,
1082,0,102,103,102,101,1,F20103000893,2010300308,,,2,104,
1085,0,102,103,116,101,1,F20103000894,2010300309,,,2,104,
1089,0,102,103,331,101,1,F20103000895,2010300310,,,2,104,
1090,0,102,103,116,101,1,F20103000896,2010300311,,,2,104,
1091,0,102,103,110,101,1,F20103000897,2010300312,,,2,104,
1094,0,102,103,102,101,1,F20103000898,2010300313,,,2,104,
1096,0,102,103,103,101,1,F20103000899,2010300314,,,2,104,
1097,0,102,103,331,101,1,F20103000900,2010300315,,,2,104,
1098,0,102,103,331,101,1,F20103000901,2010300316,,,2,104,
1099,0,102,103,102,101,1,F20103000902,2010300317,,,2,104,
1100,0,102,103,102,101,1,F20103000903,2010300317,,,2,104,
1101,0,102,103,331,101,1,F20103000904,2010300318,,,2,104,
1102,0,102,103,331,101,1,F20103000905,2010300318,,,2,104,
1103,0,102,103,331,101,1,F20103000906,2010300318,,,2,104,
1104,0,102,103,331,101,1,F20103000907,2010300318,,,2,104,
1105,0,102,103,331,101,1,F20103000908,2010300318,,,2,104,
1106,0,102,103,331,101,1,F20103000909,2010300318,,,2,104,
1107,0,102,103,331,101,1,F20103000910,2010300319,,,2,104,
1108,0,102,103,331,101,1,F20103000911,2010300319,,,2,104,
1109,0,102,103,331,101,1,F20103000912,2010300319,,,2,104,
1110,0,102,103,419,101,1,F20103000913,2010300320,,,2,104,
1111,0,102,103,419,101,1,F20103000914,2010300320,,,2,104,
1112,0,102,103,419,101,1,F20103000915,2010300320,,,2,104,
1113,0,102,103,419,101,1,F20103000916,2010300320,,,2,104,
1114,0,102,103,407,101,1,F20103000917,2010300321,,,2,104,
1115,0,102,103,407,101,1,F20103000918,2010300321,,,2,104,
1116,0,102,103,407,101,1,F20103000919,2010300321,,,2,104,
1117,0,102,103,407,101,1,F20103000920,2010300321,,,2,104,
1118,0,102,103,407,101,1,F20103000921,2010300321,,,2,104,
1119,0,102,103,407,101,1,F20103000922,2010300321,,,2,104,
1120,0,102,103,407,101,1,F20103000923,2010300321,,,2,104,
1121,0,102,103,407,101,1,F20103000924,2010300321,,,2,104,
1122,0,102,103,407,101,1,F20103000925,2010300321,,,2,104,
1123,0,102,103,407,101,1,F20103000926,2010300321,,,2,104,
1124,0,102,103,411,101,1,F20103000927,2010300322,,,2,104,
1125,0,102,103,411,101,1,F20103000928,2010300322,,,2,104,
1126,0,102,103,411,101,1,F20103000929,2010300322,,,2,104,
1127,0,102,103,411,101,1,F20103000930,2010300322,,,2,104,
1128,0,102,103,411,101,1,F20103000931,2010300322,,,2,104,
1129,0,102,103,411,101,1,F20103000932,2010300322,,,2,104,
1130,0,102,103,411,101,1,F20103000933,2010300322,,,2,104,
1131,0,102,103,411,101,1,F20103000934,2010300322,,,2,104,
1132,0,102,103,411,101,1,F20103000935,2010300322,,,2,104,
1133,0,102,103,411,101,1,F20103000936,2010300322,,,2,104,
1134,0,102,103,411,101,1,F20103000937,2010300322,,,2,104,
1135,0,102,103,411,101,1,F20103000938,2010300322,,,2,104,
1136,0,102,103,331,101,1,F20103000939,2010300323,,,2,104,
1137,0,102,103,331,101,1,F20103000940,2010300323,,,2,104,
1138,0,102,103,331,101,1,F20103000941,2010300323,,,2,104,
1139,0,102,103,331,101,1,F20103000942,2010300323,,,2,104,
1140,0,102,103,331,101,1,F20103000943,2010300323,,,2,104,
1141,0,102,103,331,101,1,F20103000944,2010300323,,,2,104,
1142,0,102,103,331,101,1,F20103000945,2010300323,,,2,104,
1143,0,102,103,331,101,1,F20103000946,2010300323,,,2,104,
1144,0,102,103,331,101,1,F20103000947,2010300323,,,2,104,
1145,0,102,103,331,101,1,F20103000948,2010300323,,,2,104,
1146,0,102,103,331,101,1,F20103000949,2010300323,,,2,104,
1147,0,102,103,331,101,1,F20103000950,2010300323,,,2,104,
1148,0,102,103,235,101,1,F20103000951,2010300324,,,2,104,
1149,0,102,103,235,101,1,F20103000952,2010300324,,,2,104,
1150,0,102,103,235,101,1,F20103000953,2010300324,,,2,104,
1151,0,102,103,235,101,1,F20103000954,2010300324,,,2,104,
1152,0,102,103,235,101,1,F20103000955,2010300324,,,2,104,
1153,0,102,103,235,101,1,F20103000956,2010300324,,,2,104,
1154,0,102,103,235,101,1,F20103000957,2010300324,,,2,104,
1155,0,102,103,235,101,1,F20103000958,2010300325,,,2,104,
1156,0,102,103,235,101,1,F20103000959,2010300325,,,2,104,
1157,0,102,103,235,101,1,F20103000960,2010300325,,,2,104,
1158,0,102,103,235,101,1,F20103000961,2010300326,,,2,104,
1159,0,102,103,235,101,1,F20103000962,2010300326,,,2,104,
1160,0,102,103,235,101,1,F20103000963,2010300326,,,2,104,
1161,0,102,103,235,101,1,F20103000964,2010300326,,,2,104,
1162,0,102,103,235,101,1,F20103000965,2010300326,,,2,104,
1163,0,102,103,235,101,1,F20103000966,2010300326,,,2,104,
1164,0,102,103,235,101,1,F20103000967,2010300326,,,2,104,
1165,0,102,103,235,101,1,F20103000968,2010300326,,,2,104,
1166,0,102,103,235,101,1,F20103000969,2010300327,,,2,104,
1167,0,102,103,235,101,1,F20103000970,2010300327,,,2,104,
1168,0,102,103,103,101,1,F20103000971,2010300328,,,2,104,
1169,0,102,103,101,101,1,F20103000972,2010300329,,,2,104,
1170,0,102,103,235,101,1,F20103000973,2010300329,,,2,104,
1171,0,102,103,235,101,1,F20103000974,2010300330,,,2,104,
1172,0,102,103,235,101,1,F20103000975,2010300330,,,2,104,
1173,0,102,103,235,101,1,F20103000976,2010300330,,,2,104,
1174,0,102,103,235,101,1,F20103000977,2010300330,,,2,104,
1175,0,102,103,235,101,1,F20103000978,2010300330,,,2,104,
1176,0,102,103,235,101,1,F20103000979,2010300330,,,2,104,
1177,0,102,103,235,101,1,F20103000980,2010300330,,,2,104,
1178,0,102,103,235,101,1,F20103000981,2010300330,,,2,104,
1179,0,102,103,110,101,1,F20103000982,2010300331,,,2,104,
1180,0,102,103,110,101,1,F20103000983,2010300331,,,2,104,
1181,0,102,103,110,101,1,F20103000984,2010300331,,,2,104,
1182,0,102,103,110,101,1,F20103000985,2010300331,,,2,104,
1183,0,102,103,110,101,1,F20103000986,2010300331,,,2,104,
1184,0,102,103,110,101,1,F20103000987,2010300331,,,2,104,
1185,0,102,103,110,101,1,F20103000988,2010300331,,,2,104,
1186,0,102,103,110,101,1,F20103000989,2010300332,,,2,104,
1187,0,102,103,110,101,1,F20103000990,2010300332,,,2,104,
1188,0,102,103,110,101,1,F20103000991,2010300332,,,2,104,
1189,0,102,103,110,101,1,F20103000992,2010300332,,,2,104,
1190,0,102,103,110,101,1,F20103000993,2010300332,,,2,104,
1191,0,102,103,110,101,1,F20103000994,2010300332,,,2,104,
1192,0,102,103,110,101,1,F20103000995,2010300333,,,2,104,
1193,0,102,103,110,101,1,F20103000996,2010300333,,,2,104,
1194,0,102,103,110,101,1,F20103000997,2010300333,,,2,104,
1195,0,102,103,110,101,1,F20103000998,2010300333,,,2,104,
1196,0,102,103,110,101,1,F20103000999,2010300333,,,2,104,
1197,0,102,103,110,101,1,F20103001000,2010300333,,,2,104,
1198,0,102,103,110,101,1,F20103001001,2010300333,,,2,104,
1199,0,102,103,110,101,1,F20103001002,2010300333,,,2,104,
1200,0,102,103,110,101,1,F20103001003,2010300333,,,2,104,
1201,0,102,103,110,101,1,F20103001004,2010300333,,,2,104,
1202,0,102,103,110,101,1,F20103001005,2010300333,,,2,104,
1203,0,102,103,110,101,1,F20103001006,2010300334,,,2,104,
1204,0,102,103,110,101,1,F20103001007,2010300334,,,2,104,
1205,0,102,103,110,101,1,F20103001008,2010300334,,,2,104,
1206,0,102,103,110,101,1,F20103001009,2010300334,,,2,104,
1207,0,102,103,110,101,1,F20103001010,2010300334,,,2,104,
1208,0,102,103,110,101,1,F20103001011,2010300334,,,2,104,
1209,0,102,103,110,101,1,F20103001012,2010300334,,,2,104,
1210,0,102,103,110,101,1,F20103001013,2010300334,,,2,104,
1211,0,102,103,110,101,1,F20103001014,2010300334,,,2,104,
1212,0,102,103,110,101,1,F20103001015,2010300334,,,2,104,
1213,0,102,103,110,101,1,F20103001016,2010300335,,,2,104,
1214,0,102,103,110,101,1,F20103001017,2010300335,,,2,104,
1215,0,102,103,110,101,1,F20103001018,2010300335,,,2,104,
1216,0,102,103,110,101,1,F20103001019,2010300335,,,2,104,
1217,0,102,103,110,101,1,F20103001020,2010300335,,,2,104,
1218,0,102,103,110,101,1,F20103001021,2010300335,,,2,104,
1219,0,102,103,110,101,1,F20103001022,2010300335,,,2,104,
1220,0,102,103,110,101,1,F20103001023,2010300335,,,2,104,
1221,0,102,103,110,101,1,F20103001024,2010300335,,,2,104,
1222,0,102,103,110,101,1,F20103001025,2010300335,,,2,104,
1227,0,102,103,404,101,1,F20103001026,2010300336,,,2,104,
1228,0,102,103,110,101,1,F20103001027,2010300337,,,2,104,
1229,0,102,103,110,101,1,F20103001028,2010300337,,,2,104,
1230,0,102,103,110,101,1,F20103001029,2010300337,,,2,104,
1231,0,102,103,110,101,1,F20103001030,2010300337,,,2,104,
1232,0,102,103,110,101,1,F20103001031,2010300337,,,2,104,
1233,0,102,103,110,101,1,F20103001032,2010300337,,,2,104,
1234,0,102,103,110,101,1,F20103001033,2010300337,,,2,104,
1235,0,102,103,110,101,1,F20103001034,2010300337,,,2,104,
1236,0,102,103,110,101,1,F20103001035,2010300337,,,2,104,
1237,0,102,103,110,101,1,F20103001036,2010300337,,,2,104,
1238,0,102,103,110,101,1,F20103001037,2010300337,,,2,104,
1239,0,102,103,110,101,1,F20103001038,2010300337,,,2,104,
1240,0,102,103,107,101,1,F20103001039,2010300338,,,2,104,
1241,0,102,103,107,101,1,F20103001040,2010300338,,,2,104,
1242,0,102,103,107,101,1,F20103001041,2010300338,,,2,104,
1243,0,102,103,107,101,1,F20103001042,2010300338,,,2,104,
1244,0,102,103,107,101,1,F20103001043,2010300338,,,2,104,
1245,0,102,103,107,101,1,F20103001044,2010300338,,,2,104,
1246,0,102,103,107,101,1,F20103001045,2010300338,,,2,104,
1247,0,102,103,107,101,1,F20103001046,2010300338,,,2,104,
1248,0,102,103,107,101,1,F20103001047,2010300338,,,2,104,
1249,0,102,103,241,101,1,F20103001048,2010300339,,,2,104,
1250,0,102,103,241,101,1,F20103001049,2010300339,,,2,104,
1251,0,102,103,241,101,1,F20103001050,2010300339,,,2,104,
1252,0,102,103,241,101,1,F20103001051,2010300339,,,2,104,
1253,0,102,103,114,101,1,F20103001052,2010300340,,,2,104,
1254,0,102,103,114,101,1,F20103001053,2010300340,,,2,104,
1255,0,102,103,114,101,1,F20103001054,2010300341,,,2,104,
1257,0,102,103,104,101,1,F20103001055,2010300342,,,2,104,
1258,0,102,103,109,101,1,F20103001056,2010300343,,,2,104,
1058,0,102,104,119,101,1,F20104000187,2010400187,,,2,112,
1059,0,102,104,120,101,1,F20104000188,2010400188,,,2,112,
1081,0,102,104,120,101,1,F20104000189,2010400189,,,2,112,
1083,0,102,104,119,101,1,F20104000190,2010400190,,,2,112,
1084,0,102,104,123,101,1,F20104000191,2010400191,,,2,112,
1086,0,102,104,119,101,1,F20104000192,2010400192,,,2,112,
1087,0,102,104,119,101,1,F20104000193,2010400193,,,2,112,
1088,0,102,104,119,101,1,F20104000194,2010400194,,,2,112,
1092,0,102,104,119,101,1,F20104000195,2010400195,,,2,112,
1093,0,102,104,128,101,1,F20104000196,2010400196,,,2,112,
1095,0,102,104,119,101,1,F20104000197,2010400197,,,2,112,
1223,0,102,104,123,101,1,F20104000198,2010400198,,,2,112,
1224,0,102,104,119,101,1,F20104000199,2010400199,,,2,112,
1225,0,102,104,119,101,1,F20104000200,2010400200,,,2,112,
1226,0,102,104,122,101,1,F20104000201,2010400201,,,2,112,
1256,0,102,104,119,101,1,F20104000202,2010400202,,,2,112,
1779,0,102,103,102,101,2,F21103001405,2110300467,,,2,104,
1784,0,102,103,102,101,2,F21103001406,2110300468,,,2,104,
1796,0,102,103,169,101,2,F21103001407,2110300469,,,2,104,
1797,0,102,103,238,101,2,F21103001408,2110300470,,,2,104,
1798,0,102,103,404,101,2,F21103001409,2110300471,,,2,104,
1799,0,102,103,113,101,2,F21103001410,2110300472,,,2,104,
1800,0,102,103,115,101,2,F21103001411,2110300473,,,2,104,
1802,0,102,103,102,101,2,F21103001412,2110300474,,,2,104,
1803,0,102,103,236,101,2,F21103001413,2110300475,,,2,104,
1804,0,102,103,236,101,2,F21103001414,2110300475,,,2,104,
1805,0,102,103,236,101,2,F21103001415,2110300475,,,2,104,
1806,0,102,103,236,101,2,F21103001416,2110300475,,,2,104,
1807,0,102,103,103,101,2,F21103001417,2110300476,,,2,104,
1808,0,102,103,103,101,2,F21103001418,2110300476,,,2,104,
1809,0,102,103,103,101,2,F21103001419,2110300476,,,2,104,
1810,0,102,103,103,101,2,F21103001420,2110300476,,,2,104,
1811,0,102,103,103,101,2,F21103001421,2110300476,,,2,104,
1812,0,102,103,103,101,2,F21103001422,2110300476,,,2,104,
1813,0,102,103,103,101,2,F21103001423,2110300476,,,2,104,
1814,0,102,103,103,101,2,F21103001424,2110300476,,,2,104,
1815,0,102,103,103,101,2,F21103001425,2110300476,,,2,104,
1816,0,102,103,103,101,2,F21103001426,2110300476,,,2,104,
1817,0,102,103,103,101,2,F21103001427,2110300476,,,2,104,
1818,0,102,103,103,101,2,F21103001428,2110300476,,,2,104,
1819,0,102,103,103,101,2,F21103001429,2110300476,,,2,104,
1820,0,102,103,103,101,2,F21103001430,2110300476,,,2,104,
1821,0,102,103,103,101,2,F21103001431,2110300476,,,2,104,
1822,0,102,103,235,101,2,F21103001432,2110300477,,,2,104,
1823,0,102,103,235,101,2,F21103001433,2110300477,,,2,104,
1824,0,102,103,235,101,2,F21103001434,2110300477,,,2,104,
1825,0,102,103,235,101,2,F21103001435,2110300477,,,2,104,
1826,0,102,103,235,101,2,F21103001436,2110300477,,,2,104,
1827,0,102,103,235,101,2,F21103001437,2110300477,,,2,104,
1828,0,102,103,235,101,2,F21103001438,2110300477,,,2,104,
1829,0,102,103,235,101,2,F21103001439,2110300477,,,2,104,
1830,0,102,103,235,101,2,F21103001440,2110300477,,,2,104,
1831,0,102,103,235,101,2,F21103001441,2110300477,,,2,104,
1832,0,102,103,235,101,2,F21103001442,2110300477,,,2,104,
1833,0,102,103,235,101,2,F21103001443,2110300477,,,2,104,
1834,0,102,103,235,101,2,F21103001444,2110300477,,,2,104,
1835,0,102,103,235,101,2,F21103001445,2110300477,,,2,104,
1836,0,102,103,235,101,2,F21103001446,2110300477,,,2,104,
1837,0,102,103,235,101,2,F21103001447,2110300477,,,2,104,
1838,0,102,103,331,101,2,F21103001448,2110300478,,,2,104,
1839,0,102,103,331,101,2,F21103001449,2110300478,,,2,104,
1840,0,102,103,331,101,2,F21103001450,2110300478,,,2,104,
1841,0,102,103,331,101,2,F21103001451,2110300478,,,2,104,
1842,0,102,103,331,101,2,F21103001452,2110300478,,,2,104,
1843,0,102,103,331,101,2,F21103001453,2110300478,,,2,104,
1844,0,102,103,331,101,2,F21103001454,2110300478,,,2,104,
1845,0,102,103,331,101,2,F21103001455,2110300478,,,2,104,
1846,0,102,103,331,101,2,F21103001456,2110300478,,,2,104,
1847,0,102,103,331,101,2,F21103001457,2110300478,,,2,104,
1848,0,102,103,331,101,2,F21103001458,2110300478,,,2,104,
1849,0,102,103,331,101,2,F21103001459,2110300478,,,2,104,
1850,0,102,103,331,101,2,F21103001460,2110300478,,,2,104,
1851,0,102,103,331,101,2,F21103001461,2110300478,,,2,104,
1852,0,102,103,331,101,2,F21103001462,2110300478,,,2,104,
1853,0,102,103,331,101,2,F21103001463,2110300478,,,2,104,
1854,0,102,103,331,101,2,F21103001464,2110300478,,,2,104,
1855,0,102,103,331,101,2,F21103001465,2110300478,,,2,104,
1856,0,102,103,331,101,2,F21103001466,2110300478,,,2,104,
1857,0,102,103,331,101,2,F21103001467,2110300478,,,2,104,
1858,0,102,103,331,101,2,F21103001468,2110300478,,,2,104,
1859,0,102,103,331,101,2,F21103001469,2110300478,,,2,104,
1860,0,102,103,331,101,2,F21103001470,2110300478,,,2,104,
1861,0,102,103,331,101,2,F21103001471,2110300478,,,2,104,
1862,0,102,103,331,101,2,F21103001472,2110300478,,,2,104,
1863,0,102,103,331,101,2,F21103001473,2110300478,,,2,104,
1864,0,102,103,331,101,2,F21103001474,2110300478,,,2,104,
1865,0,102,103,331,101,2,F21103001475,2110300478,,,2,104,
1866,0,102,103,331,101,2,F21103001476,2110300478,,,2,104,
1867,0,102,103,331,101,2,F21103001477,2110300478,,,2,104,
1868,0,102,103,331,101,2,F21103001478,2110300478,,,2,104,
1869,0,102,103,331,101,2,F21103001479,2110300478,,,2,104,
1780,0,102,104,119,101,2,F21104000375,2110400375,,,2,112,
1781,0,102,104,119,101,2,F21104000376,2110400376,,,2,112,
1782,0,102,104,119,101,2,F21104000377,2110400377,,,2,112,
1783,0,102,104,119,101,2,F21104000378,2110400378,,,2,112,
1785,0,102,104,127,101,2,F21104000379,2110400379,,,2,112,
1786,0,102,104,129,101,2,F21104000380,2110400380,,,2,112,
1787,0,102,104,120,101,2,F21104000381,2110400381,,,2,112,
1788,0,102,104,128,101,2,F21104000382,2110400382,,,2,112,
1789,0,102,104,289,101,2,F21104000383,2110400383,,,2,112,
1790,0,102,104,119,101,2,F21104000384,2110400384,,,2,112,
1791,0,102,104,119,101,2,F21104000385,2110400385,,,2,112,
1792,0,102,104,128,101,2,F21104000386,2110400386,,,2,112,
1793,0,102,104,119,101,2,F21104000387,2110400387,,,2,112,
1794,0,102,104,120,101,2,F21104000388,2110400388,,,2,112,
1795,0,102,104,119,101,2,F21104000389,2110400389,,,2,112,
1801,0,102,104,128,101,2,F21104000390,2110400390,,,2,112,
2513,0,102,103,238,101,3,F22103001896,2210300586,,,2,104,
2516,0,102,103,235,101,3,F22103001897,2210300587,,,2,104,
2520,0,102,103,102,101,3,F22103001898,2210300588,,,2,104,
2522,0,102,103,331,101,3,F22103001899,2210300589,,,2,104,
2527,0,102,103,113,101,3,F22103001900,2210300590,,,2,104,
2528,0,102,103,112,101,3,F22103001901,2210300591,,,2,104,
2529,0,102,103,110,101,3,F22103001902,2210300592,,,2,104,
2531,0,102,103,102,101,3,F22103001903,2210300593,,,2,104,
2532,0,102,103,404,101,3,F22103001904,2210300594,,,2,104,
2533,0,102,103,404,101,3,F22103001905,2210300595,,,2,104,
2510,0,102,104,139,101,3,F22104000549,2210400549,,,2,112,
2511,0,102,104,119,101,3,F22104000550,2210400550,,,2,112,
2512,0,102,104,138,101,3,F22104000551,2210400551,,,2,112,
2514,0,102,104,119,101,3,F22104000552,2210400552,,,2,112,
2515,0,102,104,353,101,3,F22104000553,2210400553,,,2,112,
2517,0,102,104,119,101,3,F22104000554,2210400554,,,2,112,
2518,0,102,104,119,101,3,F22104000555,2210400555,,,2,112,
2519,0,102,104,119,101,3,F22104000556,2210400556,,,2,112,
2521,0,102,104,119,101,3,F22104000557,2210400557,,,2,112,
2523,0,102,104,131,101,3,F22104000558,2210400558,,,2,112,
2524,0,102,104,440,101,3,F22104000559,2210400559,,,2,112,
2525,0,102,104,119,101,3,F22104000560,2210400560,,,2,112,
2526,0,102,104,351,101,3,F22104000561,2210400561,,,2,112,
2530,0,102,104,119,101,3,F22104000562,2210400562,,,2,112,
2534,0,102,104,119,101,3,F22104000563,2210400563,,,2,112,
2535,0,102,104,351,101,3,F22104000564,2210400564,,,2,112,
2478,0,105,107,272,101,3,F22107000035,2210700008,,,2,113,
2479,0,105,107,272,101,3,F22107000036,2210700008,,,2,113,
2480,0,105,107,272,101,3,F22107000037,2210700008,,,2,113,
2481,0,105,107,272,101,3,F22107000038,2210700008,,,2,113,
2482,0,105,107,272,101,3,F22107000039,2210700008,,,2,113,
2483,0,105,107,272,101,3,F22107000040,2210700008,,,2,113,
2484,0,105,107,272,101,3,F22107000041,2210700008,,,2,113,
2485,0,105,107,272,101,3,F22107000042,2210700008,,,2,113,
2486,0,105,107,272,101,3,F22107000043,2210700008,,,2,113,
2487,0,105,107,272,101,3,F22107000044,2210700008,,,2,113,
2488,0,105,107,272,101,3,F22107000045,2210700008,,,2,113,
2489,0,105,107,272,101,3,F22107000046,2210700008,,,2,113,
2490,0,105,107,272,101,3,F22107000047,2210700009,,,2,113,
2491,0,105,107,272,101,3,F22107000048,2210700009,,,2,113,
2492,0,105,107,272,101,3,F22107000049,2210700009,,,2,113,
2493,0,105,107,272,101,3,F22107000050,2210700010,,,2,113,
2494,0,105,107,427,101,3,F22107000051,2210700011,,,2,113,
2495,0,105,107,427,101,3,F22107000052,2210700011,,,2,113,
2496,0,105,107,427,101,3,F22107000053,2210700011,,,2,113,
2497,0,105,107,427,101,3,F22107000054,2210700011,,,2,113,
2498,0,105,107,427,101,3,F22107000055,2210700011,,,2,113,
2499,0,105,107,427,101,3,F22107000056,2210700011,,,2,113,
2500,0,105,107,427,101,3,F22107000057,2210700011,,,2,113,
2501,0,105,107,427,101,3,F22107000058,2210700011,,,2,113,
2502,0,105,107,427,101,3,F22107000059,2210700011,,,2,113,
2503,0,105,107,427,101,3,F22107000060,2210700011,,,2,113,
2504,0,105,107,427,101,3,F22107000061,2210700011,,,2,113,
2505,0,105,107,427,101,3,F22107000062,2210700011,,,2,113,
2506,0,105,107,275,101,3,F22107000063,2210700012,,,2,113,
2507,0,105,107,275,101,3,F22107000064,2210700012,,,2,113,
2508,0,105,107,275,101,3,F22107000065,2210700012,,,2,113,
2509,0,105,107,272,101,3,F22107000066,2210700012,,,2,113,
3589,0,102,103,113,101,4,F23103002520,2310300727,,,2,104,
3590,0,102,103,116,101,4,F23103002521,2310300728,,,2,104,
3591,0,102,103,412,101,4,F23103002522,2310300729,,,2,104,
3592,0,102,103,110,101,4,F23103002523,2310300730,,,2,104,
3593,0,102,103,102,101,4,F23103002524,2310300731,,,2,104,
3594,0,102,103,102,101,4,F23103002525,2310300731,,,2,104,
3595,0,102,103,102,101,4,F23103002526,2310300731,,,2,104,
3596,0,102,103,102,101,4,F23103002527,2310300731,,,2,104,
3597,0,102,103,102,101,4,F23103002528,2310300731,,,2,104,
3598,0,102,103,102,101,4,F23103002529,2310300731,,,2,104,
3599,0,102,103,102,101,4,F23103002530,2310300731,,,2,104,
3600,0,102,103,102,101,4,F23103002531,2310300731,,,2,104,
3601,0,102,103,102,101,4,F23103002532,2310300731,,,2,104,
3602,0,102,103,102,101,4,F23103002533,2310300731,,,2,104,
3603,0,102,103,102,101,4,F23103002534,2310300731,,,2,104,
3604,0,102,103,102,101,4,F23103002535,2310300731,,,2,104,
3605,0,102,103,102,101,4,F23103002536,2310300731,,,2,104,
3606,0,102,103,102,101,4,F23103002537,2310300731,,,2,104,
3607,0,102,103,102,101,4,F23103002538,2310300731,,,2,104,
3608,0,102,103,102,101,4,F23103002539,2310300731,,,2,104,
3609,0,102,103,102,101,4,F23103002540,2310300731,,,2,104,
3610,0,102,103,102,101,4,F23103002541,2310300731,,,2,104,
3611,0,102,103,102,101,4,F23103002542,2310300731,,,2,104,
3612,0,102,103,331,101,4,F23103002543,2310300731,,,2,104,
3613,0,102,103,331,101,4,F23103002544,2310300731,,,2,104,
3614,0,102,103,331,101,4,F23103002545,2310300731,,,2,104,
3615,0,102,103,331,101,4,F23103002546,2310300731,,,2,104,
3616,0,102,103,331,101,4,F23103002547,2310300731,,,2,104,
3617,0,102,103,331,101,4,F23103002548,2310300731,,,2,104,
3618,0,102,103,331,101,4,F23103002549,2310300731,,,2,104,
3619,0,102,103,331,101,4,F23103002550,2310300731,,,2,104,
3620,0,102,103,331,101,4,F23103002551,2310300731,,,2,104,
3621,0,102,103,331,101,4,F23103002552,2310300731,,,2,104,
3622,0,102,103,331,101,4,F23103002553,2310300731,,,2,104,
3623,0,102,103,331,101,4,F23103002554,2310300731,,,2,104,
3624,0,102,103,331,101,4,F23103002555,2310300731,,,2,104,
3625,0,102,103,331,101,4,F23103002556,2310300731,,,2,104,
3626,0,102,103,331,101,4,F23103002557,2310300731,,,2,104,
3627,0,102,103,331,101,4,F23103002558,2310300731,,,2,104,
3628,0,102,103,331,101,4,F23103002559,2310300731,,,2,104,
3629,0,102,103,331,101,4,F23103002560,2310300731,,,2,104,
3630,0,102,103,331,101,4,F23103002561,2310300731,,,2,104,
3631,0,102,103,102,101,4,F23103002562,2310300732,,,2,104,
3632,0,102,103,103,101,4,F23103002563,2310300733,,,2,104,
3633,0,102,103,103,101,4,F23103002564,2310300733,,,2,104,
3634,0,102,103,103,101,4,F23103002565,2310300733,,,2,104,
3635,0,102,103,103,101,4,F23103002566,2310300733,,,2,104,
3636,0,102,103,103,101,4,F23103002567,2310300733,,,2,104,
3637,0,102,103,103,101,4,F23103002568,2310300733,,,2,104,
3638,0,102,103,103,101,4,F23103002569,2310300733,,,2,104,
3639,0,102,103,103,101,4,F23103002570,2310300733,,,2,104,
3640,0,102,103,103,101,4,F23103002571,2310300733,,,2,104,
3641,0,102,103,103,101,4,F23103002572,2310300733,,,2,104,
3642,0,102,103,103,101,4,F23103002573,2310300733,,,2,104,
3643,0,102,103,103,101,4,F23103002574,2310300733,,,2,104,
3644,0,102,103,103,101,4,F23103002575,2310300733,,,2,104,
3645,0,102,103,103,101,4,F23103002576,2310300733,,,2,104,
3646,0,102,103,103,101,4,F23103002577,2310300733,,,2,104,
3647,0,102,103,103,101,4,F23103002578,2310300733,,,2,104,
3648,0,102,103,103,101,4,F23103002579,2310300733,,,2,104,
3649,0,102,103,103,101,4,F23103002580,2310300733,,,2,104,
3650,0,102,103,103,101,4,F23103002581,2310300733,,,2,104,
3651,0,102,103,103,101,4,F23103002582,2310300733,,,2,104,
3652,0,102,103,103,101,4,F23103002583,2310300733,,,2,104,
3653,0,102,103,103,101,4,F23103002584,2310300733,,,2,104,
3654,0,102,103,103,101,4,F23103002585,2310300733,,,2,104,
3655,0,102,103,103,101,4,F23103002586,2310300733,,,2,104,
3656,0,102,103,236,101,4,F23103002587,2310300733,,,2,104,
3657,0,102,103,236,101,4,F23103002588,2310300733,,,2,104,
3658,0,102,103,103,101,4,F23103002589,2310300733,,,2,104,
3659,0,102,103,235,101,4,F23103002590,2310300733,,,2,104,
3660,0,102,103,235,101,4,F23103002591,2310300733,,,2,104,
3661,0,102,103,235,101,4,F23103002592,2310300733,,,2,104,
3662,0,102,103,235,101,4,F23103002593,2310300733,,,2,104,
3663,0,102,103,235,101,4,F23103002594,2310300733,,,2,104,
3665,0,102,103,101,101,4,F23103002595,2310300734,,,2,104,
3667,0,102,103,113,101,4,F23103002596,2310300735,,,2,104,
3668,0,102,103,102,101,4,F23103002597,2310300736,,,2,104,
3669,0,102,103,235,101,4,F23103002598,2310300737,,,2,104,
3670,0,102,103,235,101,4,F23103002599,2310300737,,,2,104,
3671,0,102,103,235,101,4,F23103002600,2310300737,,,2,104,
3672,0,102,103,235,101,4,F23103002601,2310300737,,,2,104,
3673,0,102,103,235,101,4,F23103002602,2310300737,,,2,104,
3674,0,102,103,235,101,4,F23103002603,2310300737,,,2,104,
3675,0,102,103,235,101,4,F23103002604,2310300737,,,2,104,
3676,0,102,103,235,101,4,F23103002605,2310300737,,,2,104,
3677,0,102,103,235,101,4,F23103002606,2310300737,,,2,104,
3678,0,102,103,338,101,4,F23103002607,2310300737,,,2,104,
3679,0,102,103,338,101,4,F23103002608,2310300737,,,2,104,
3680,0,102,103,338,101,4,F23103002609,2310300737,,,2,104,
3681,0,102,103,112,101,4,F23103002610,2310300737,,,2,104,
3682,0,102,103,112,101,4,F23103002611,2310300737,,,2,104,
3683,0,102,103,112,101,4,F23103002612,2310300737,,,2,104,
3684,0,102,103,112,101,4,F23103002613,2310300737,,,2,104,
3685,0,102,103,112,101,4,F23103002614,2310300737,,,2,104,
3686,0,102,103,331,101,4,F23103002615,2310300737,,,2,104,
3687,0,102,103,331,101,4,F23103002616,2310300737,,,2,104,
3688,0,102,103,331,101,4,F23103002617,2310300737,,,2,104,
3689,0,102,103,327,101,4,F23103002618,2310300737,,,2,104,
3690,0,102,103,327,101,4,F23103002619,2310300737,,,2,104,
3691,0,102,103,114,101,4,F23103002620,2310300737,,,2,104,
3692,0,102,103,114,101,4,F23103002621,2310300737,,,2,104,
3693,0,102,103,101,101,4,F23103002622,2310300737,,,2,104,
3694,0,102,103,101,101,4,F23103002623,2310300737,,,2,104,
3695,0,102,103,101,101,4,F23103002624,2310300737,,,2,104,
3696,0,102,103,101,101,4,F23103002625,2310300737,,,2,104,
3697,0,102,103,101,101,4,F23103002626,2310300737,,,2,104,
3698,0,102,103,101,101,4,F23103002627,2310300737,,,2,104,
3699,0,102,103,101,101,4,F23103002628,2310300737,,,2,104,
3700,0,102,103,102,101,4,F23103002629,2310300738,,,2,104,
3701,0,102,103,102,101,4,F23103002630,2310300739,,,2,104,
3703,0,102,103,235,101,4,F23103002631,2310300740,,,2,104,
3704,0,102,103,235,101,4,F23103002632,2310300740,,,2,104,
3705,0,102,103,235,101,4,F23103002633,2310300740,,,2,104,
3706,0,102,103,331,101,4,F23103002634,2310300740,,,2,104,
3707,0,102,103,102,101,4,F23103002635,2310300740,,,2,104,
3708,0,102,103,116,101,4,F23103002636,2310300741,,,2,104,
3709,0,102,103,110,101,4,F23103002637,2310300742,,,2,104,
3710,0,102,103,110,101,4,F23103002638,2310300742,,,2,104,
3711,0,102,103,110,101,4,F23103002639,2310300742,,,2,104,
3712,0,102,103,110,101,4,F23103002640,2310300742,,,2,104,
3713,0,102,103,110,101,4,F23103002641,2310300742,,,2,104,
3714,0,102,103,110,101,4,F23103002642,2310300742,,,2,104,
3715,0,102,103,110,101,4,F23103002643,2310300742,,,2,104,
3716,0,102,103,110,101,4,F23103002644,2310300742,,,2,104,
3717,0,102,103,110,101,4,F23103002645,2310300742,,,2,104,
3718,0,102,103,110,101,4,F23103002646,2310300742,,,2,104,
3719,0,102,103,110,101,4,F23103002647,2310300742,,,2,104,
3720,0,102,103,110,101,4,F23103002648,2310300742,,,2,104,
3721,0,102,103,110,101,4,F23103002649,2310300742,,,2,104,
3722,0,102,103,110,101,4,F23103002650,2310300742,,,2,104,
3723,0,102,103,110,101,4,F23103002651,2310300742,,,2,104,
3724,0,102,103,110,101,4,F23103002652,2310300742,,,2,104,
3725,0,102,103,110,101,4,F23103002653,2310300742,,,2,104,
3726,0,102,103,110,101,4,F23103002654,2310300742,,,2,104,
3727,0,102,103,110,101,4,F23103002655,2310300742,,,2,104,
3728,0,102,103,110,101,4,F23103002656,2310300743,,,2,104,
3730,0,102,103,101,101,4,F23103002657,2310300744,,,2,104,
3731,0,102,103,101,101,4,F23103002658,2310300744,,,2,104,
3732,0,102,103,101,101,4,F23103002659,2310300744,,,2,104,
3733,0,102,103,101,101,4,F23103002660,2310300744,,,2,104,
3734,0,102,103,101,101,4,F23103002661,2310300744,,,2,104,
3735,0,102,103,101,101,4,F23103002662,2310300744,,,2,104,
3736,0,102,103,101,101,4,F23103002663,2310300744,,,2,104,
3737,0,102,103,101,101,4,F23103002664,2310300744,,,2,104,
3738,0,102,103,101,101,4,F23103002665,2310300744,,,2,104,
3739,0,102,103,235,101,4,F23103002666,2310300744,,,2,104,
3740,0,102,103,235,101,4,F23103002667,2310300744,,,2,104,
3741,0,102,103,102,101,4,F23103002668,2310300744,,,2,104,
3742,0,102,103,102,101,4,F23103002669,2310300744,,,2,104,
3743,0,102,103,102,101,4,F23103002670,2310300744,,,2,104,
3744,0,102,103,102,101,4,F23103002671,2310300745,,,2,104,
3664,0,102,104,353,101,4,F23104000790,2310400790,,,2,112,
3666,0,102,104,119,101,4,F23104000791,2310400791,,,2,112,
3702,0,102,104,122,101,4,F23104000792,2310400792,,,2,112,
3729,0,102,104,142,101,4,F23104000793,2310400793,,,2,112,
3745,0,102,104,346,101,4,F23104000794,2310400794,,,2,112,
3746,0,102,104,151,101,4,F23104000795,2310400795,,,2,112,
4859,0,102,103,102,101,5,F24103003222,2410300875,,,2,104,
4860,0,102,103,338,101,5,F24103003223,2410300876,,,2,104,
4861,0,102,103,235,101,5,F24103003224,2410300877,,,2,104,
4862,0,102,103,235,101,5,F24103003225,2410300878,,,2,104,
4864,0,102,103,113,101,5,F24103003226,2410300879,,,2,104,
4865,0,102,103,102,101,5,F24103003227,2410300880,,,2,104,
4867,0,102,103,102,101,5,F24103003228,2410300881,,,2,104,
4868,0,102,103,102,101,5,F24103003229,2410300882,,,2,104,
4872,0,102,103,113,101,5,F24103003230,2410300883,,,2,104,
4875,0,102,103,176,101,5,F24103003231,2410300884,,,2,104,
4876,0,102,103,402,101,5,F24103003232,2410300885,,,2,104,
4877,0,102,103,103,101,5,F24103003233,2410300886,,,2,104,
4863,0,102,104,151,101,5,F24104001341,2410401009,,,2,112,
4866,0,102,104,151,101,5,F24104001342,2410401010,,,2,112,
4869,0,102,104,119,101,5,F24104001343,2410401011,,,2,112,
4870,0,102,104,352,101,5,F24104001344,2410401012,,,2,112,
4871,0,102,104,354,101,5,F24104001345,2410401013,,,2,112,
4873,0,102,104,140,101,5,F24104001346,2410401014,,,2,112,
4874,0,102,104,122,101,5,F24104001347,2410401015,,,2,112,
22260,0,102,103,112,101,6,F25103003799,2510301010,,,2,104,
23260,0,102,103,235,101,6,F25103003800,2510301011,,,2,104,
23261,0,102,103,235,101,6,F25103003801,2510301011,,,2,104,
23262,0,102,103,235,101,6,F25103003802,2510301011,,,2,104,
23263,0,102,103,235,101,6,F25103003803,2510301011,,,2,104,
23264,0,102,103,235,101,6,F25103003804,2510301011,,,2,104,
23265,0,102,103,235,101,6,F25103003805,2510301011,,,2,104,
23266,0,102,103,235,101,6,F25103003806,2510301011,,,2,104,
23267,0,102,103,235,101,6,F25103003807,2510301011,,,2,104,
23268,0,102,103,102,101,6,F25103003808,2510301011,,,2,104,
23269,0,102,103,102,101,6,F25103003809,2510301011,,,2,104,
23270,0,102,103,102,101,6,F25103003810,2510301011,,,2,104,
23271,0,102,103,102,101,6,F25103003811,2510301011,,,2,104,
23272,0,102,103,102,101,6,F25103003812,2510301011,,,2,104,
23273,0,102,103,102,101,6,F25103003813,2510301011,,,2,104,
23274,0,102,103,102,101,6,F25103003814,2510301011,,,2,104,
23275,0,102,103,102,101,6,F25103003815,2510301011,,,2,104,
23276,0,102,103,102,101,6,F25103003816,2510301011,,,2,104,
23277,0,102,103,112,101,6,F25103003817,2510301011,,,2,104,
23278,0,102,103,112,101,6,F25103003818,2510301011,,,2,104,
23279,0,102,103,112,101,6,F25103003819,2510301011,,,2,104,
23280,0,102,103,112,101,6,F25103003820,2510301011,,,2,104,
23281,0,102,103,112,101,6,F25103003821,2510301011,,,2,104,
23282,0,102,103,338,101,6,F25103003822,2510301011,,,2,104,
23283,0,102,103,338,101,6,F25103003823,2510301011,,,2,104,
23284,0,102,103,338,101,6,F25103003824,2510301011,,,2,104,
23286,0,102,103,107,101,6,F25103003825,2510301012,,,2,104,
23287,0,102,103,107,101,6,F25103003826,2510301012,,,2,104,
23288,0,102,103,107,101,6,F25103003827,2510301012,,,2,104,
23289,0,102,103,420,101,6,F25103003828,2510301012,,,2,104,
23290,0,102,103,420,101,6,F25103003829,2510301012,,,2,104,
23291,0,102,103,420,101,6,F25103003830,2510301012,,,2,104,
23292,0,102,103,420,101,6,F25103003831,2510301012,,,2,104,
23293,0,102,103,420,101,6,F25103003832,2510301012,,,2,104,
23294,0,102,103,420,101,6,F25103003833,2510301012,,,2,104,
23295,0,102,103,420,101,6,F25103003834,2510301012,,,2,104,
23296,0,102,103,420,101,6,F25103003835,2510301012,,,2,104,
23297,0,102,103,420,101,6,F25103003836,2510301012,,,2,104,
23298,0,102,103,420,101,6,F25103003837,2510301012,,,2,104,
23299,0,102,103,420,101,6,F25103003838,2510301012,,,2,104,
23300,0,102,103,420,101,6,F25103003839,2510301012,,,2,104,
23301,0,102,103,420,101,6,F25103003840,2510301012,,,2,104,
23302,0,102,103,420,101,6,F25103003841,2510301012,,,2,104,
23303,0,102,103,420,101,6,F25103003842,2510301012,,,2,104,
23304,0,102,103,420,101,6,F25103003843,2510301012,,,2,104,
23305,0,102,103,420,101,6,F25103003844,2510301012,,,2,104,
23306,0,102,103,420,101,6,F25103003845,2510301012,,,2,104,
23307,0,102,103,420,101,6,F25103003846,2510301012,,,2,104,
23308,0,102,103,420,101,6,F25103003847,2510301012,,,2,104,
23309,0,102,103,444,101,6,F25103003848,2510301012,,,2,104,
23310,0,102,103,444,101,6,F25103003849,2510301012,,,2,104,
23311,0,102,103,444,101,6,F25103003850,2510301012,,,2,104,
23312,0,102,103,444,101,6,F25103003851,2510301012,,,2,104,
23313,0,102,103,444,101,6,F25103003852,2510301012,,,2,104,
23314,0,102,103,444,101,6,F25103003853,2510301012,,,2,104,
23315,0,102,103,444,101,6,F25103003854,2510301012,,,2,104,
23316,0,102,103,444,101,6,F25103003855,2510301012,,,2,104,
23317,0,102,103,444,101,6,F25103003856,2510301012,,,2,104,
23318,0,102,103,444,101,6,F25103003857,2510301012,,,2,104,
23319,0,102,103,444,101,6,F25103003858,2510301012,,,2,104,
23320,0,102,103,444,101,6,F25103003859,2510301012,,,2,104,
23321,0,102,103,444,101,6,F25103003860,2510301012,,,2,104,
23322,0,102,103,444,101,6,F25103003861,2510301012,,,2,104,
23323,0,102,103,444,101,6,F25103003862,2510301012,,,2,104,
23324,0,102,103,444,101,6,F25103003863,2510301012,,,2,104,
23328,0,102,103,113,101,6,F25103003864,2510301013,,,2,104,
23329,0,102,103,420,101,6,F25103003865,2510301014,,,2,104,
23330,0,102,103,103,101,6,F25103003866,2510301015,,,2,104,
23331,0,102,103,103,101,6,F25103003867,2510301015,,,2,104,
23332,0,102,103,103,101,6,F25103003868,2510301015,,,2,104,
23333,0,102,103,103,101,6,F25103003869,2510301015,,,2,104,
23334,0,102,103,103,101,6,F25103003870,2510301015,,,2,104,
23335,0,102,103,103,101,6,F25103003871,2510301015,,,2,104,
23336,0,102,103,103,101,6,F25103003872,2510301015,,,2,104,
23337,0,102,103,103,101,6,F25103003873,2510301015,,,2,104,
23338,0,102,103,103,101,6,F25103003874,2510301015,,,2,104,
23339,0,102,103,103,101,6,F25103003875,2510301015,,,2,104,
23340,0,102,103,103,101,6,F25103003876,2510301015,,,2,104,
23341,0,102,103,103,101,6,F25103003877,2510301015,,,2,104,
23342,0,102,103,103,101,6,F25103003878,2510301015,,,2,104,
23343,0,102,103,103,101,6,F25103003879,2510301015,,,2,104,
23344,0,102,103,103,101,6,F25103003880,2510301015,,,2,104,
23345,0,102,103,103,101,6,F25103003881,2510301015,,,2,104,
23347,0,102,103,238,101,6,F25103003882,2510301016,,,2,104,
24346,0,102,103,103,101,6,F25103003883,2510301017,,,2,104,
25346,0,102,103,110,101,6,F25103003884,2510301018,,,2,104,
25347,0,102,103,110,101,6,F25103003885,2510301019,,,2,104,
25348,0,102,103,110,101,6,F25103003886,2510301019,,,2,104,
25349,0,102,103,110,101,6,F25103003887,2510301019,,,2,104,
25350,0,102,103,110,101,6,F25103003888,2510301019,,,2,104,
25351,0,102,103,110,101,6,F25103003889,2510301019,,,2,104,
25352,0,102,103,110,101,6,F25103003890,2510301019,,,2,104,
25353,0,102,103,112,101,6,F25103003891,2510301019,,,2,104,
25354,0,102,103,112,101,6,F25103003892,2510301019,,,2,104,
25355,0,102,103,112,101,6,F25103003893,2510301019,,,2,104,
25356,0,102,103,112,101,6,F25103003894,2510301019,,,2,104,
25357,0,102,103,112,101,6,F25103003895,2510301019,,,2,104,
25358,0,102,103,235,101,6,F25103003896,2510301019,,,2,104,
25359,0,102,103,235,101,6,F25103003897,2510301019,,,2,104,
25360,0,102,103,235,101,6,F25103003898,2510301019,,,2,104,
25361,0,102,103,235,101,6,F25103003899,2510301019,,,2,104,
21286,0,102,104,136,101,6,F25104001439,2510401107,,,2,112,
21287,0,102,104,119,101,6,F25104001440,2510401108,,,2,112,
21288,0,102,104,119,101,6,F25104001441,2510401109,,,2,112,
23285,0,102,104,346,101,6,F25104001442,2510401110,,,2,112,
23325,0,102,104,139,101,6,F25104001443,2510401111,,,2,112,
23326,0,102,104,346,101,6,F25104001444,2510401112,,,2,112,
23327,0,102,104,351,101,6,F25104001445,2510401113,,,2,112,
23346,0,102,104,119,101,6,F25104001446,2510401114,,,2,112,
23348,0,102,104,119,101,6,F25104001447,2510401115,,,2,112,
23349,0,102,104,119,101,6,F25104001448,2510401116,,,2,112,
25362,0,102,104,119,101,6,F25104001449,2510401117,,,2,112,
76803,0,102,103,102,101,7,F26103004589,2610301124,,,2,104,
76804,0,102,103,101,101,7,F26103004590,2610301125,,,2,104,
76806,0,102,103,102,101,7,F26103004591,2610301126,,,2,104,
76807,0,102,103,102,101,7,F26103004592,2610301126,,,2,104,
76808,0,102,103,102,101,7,F26103004593,2610301126,,,2,104,
76809,0,102,103,102,101,7,F26103004594,2610301126,,,2,104,
76810,0,102,103,102,101,7,F26103004595,2610301126,,,2,104,
76811,0,102,103,102,101,7,F26103004596,2610301126,,,2,104,
76812,0,102,103,102,101,7,F26103004597,2610301126,,,2,104,
76813,0,102,103,102,101,7,F26103004598,2610301126,,,2,104,
76814,0,102,103,102,101,7,F26103004599,2610301126,,,2,104,
76815,0,102,103,102,101,7,F26103004600,2610301126,,,2,104,
76816,0,102,103,102,101,7,F26103004601,2610301126,,,2,104,
76817,0,102,103,331,101,7,F26103004602,2610301126,,,2,104,
76818,0,102,103,331,101,7,F26103004603,2610301126,,,2,104,
76819,0,102,103,331,101,7,F26103004604,2610301126,,,2,104,
76820,0,102,103,331,101,7,F26103004605,2610301126,,,2,104,
76821,0,102,103,331,101,7,F26103004606,2610301126,,,2,104,
76822,0,102,103,331,101,7,F26103004607,2610301126,,,2,104,
76823,0,102,103,331,101,7,F26103004608,2610301126,,,2,104,
76824,0,102,103,331,101,7,F26103004609,2610301126,,,2,104,
76825,0,102,103,331,101,7,F26103004610,2610301126,,,2,104,
76826,0,102,103,331,101,7,F26103004611,2610301126,,,2,104,
76827,0,102,103,331,101,7,F26103004612,2610301126,,,2,104,
76828,0,102,103,331,101,7,F26103004613,2610301126,,,2,104,
76829,0,102,103,331,101,7,F26103004614,2610301126,,,2,104,
76830,0,102,103,116,101,7,F26103004615,2610301126,,,2,104,
76831,0,102,103,116,101,7,F26103004616,2610301126,,,2,104,
76832,0,102,103,116,101,7,F26103004617,2610301126,,,2,104,
76833,0,102,103,235,101,7,F26103004618,2610301126,,,2,104,
76834,0,102,103,420,101,7,F26103004619,2610301127,,,2,104,
76835,0,102,103,420,101,7,F26103004620,2610301127,,,2,104,
76836,0,102,103,420,101,7,F26103004621,2610301127,,,2,104,
76837,0,102,103,420,101,7,F26103004622,2610301127,,,2,104,
76838,0,102,103,235,101,7,F26103004623,2610301127,,,2,104,
76839,0,102,103,116,101,7,F26103004624,2610301127,,,2,104,
76840,0,102,103,101,101,7,F26103004625,2610301127,,,2,104,
76841,0,102,103,101,101,7,F26103004626,2610301128,,,2,104,
76842,0,102,103,101,101,7,F26103004627,2610301128,,,2,104,
76843,0,102,103,235,101,7,F26103004628,2610301128,,,2,104,
76844,0,102,103,235,101,7,F26103004629,2610301128,,,2,104,
76845,0,102,103,114,101,7,F26103004630,2610301129,,,2,104,
76846,0,102,103,114,101,7,F26103004631,2610301129,,,2,104,
76847,0,102,103,114,101,7,F26103004632,2610301129,,,2,104,
76848,0,102,103,101,101,7,F26103004633,2610301129,,,2,104,
76849,0,102,103,112,101,7,F26103004634,2610301129,,,2,104,
76850,0,102,103,112,101,7,F26103004635,2610301129,,,2,104,
76851,0,102,103,112,101,7,F26103004636,2610301129,,,2,104,
76852,0,102,103,112,101,7,F26103004637,2610301129,,,2,104,
76853,0,102,103,112,101,7,F26103004638,2610301129,,,2,104,
76854,0,102,103,102,101,7,F26103004639,2610301129,,,2,104,
76855,0,102,103,102,101,7,F26103004640,2610301129,,,2,104,
76856,0,102,103,102,101,7,F26103004641,2610301129,,,2,104,
76857,0,102,103,235,101,7,F26103004642,2610301129,,,2,104,
76858,0,102,103,235,101,7,F26103004643,2610301129,,,2,104,
76859,0,102,103,235,101,7,F26103004644,2610301129,,,2,104,
76860,0,102,103,235,101,7,F26103004645,2610301129,,,2,104,
76861,0,102,103,235,101,7,F26103004646,2610301129,,,2,104,
76862,0,102,103,235,101,7,F26103004647,2610301129,,,2,104,
76863,0,102,103,235,101,7,F26103004648,2610301129,,,2,104,
76864,0,102,103,235,101,7,F26103004649,2610301129,,,2,104,
76865,0,102,103,235,101,7,F26103004650,2610301129,,,2,104,
76866,0,102,103,235,101,7,F26103004651,2610301129,,,2,104,
76867,0,102,103,235,101,7,F26103004652,2610301129,,,2,104,
76868,0,102,103,101,101,7,F26103004653,2610301130,,,2,104,
76869,0,102,103,101,101,7,F26103004654,2610301130,,,2,104,
76870,0,102,103,101,101,7,F26103004655,2610301130,,,2,104,
76871,0,102,103,101,101,7,F26103004656,2610301130,,,2,104,
76872,0,102,103,114,101,7,F26103004657,2610301131,,,2,104,
76873,0,102,103,331,101,7,F26103004658,2610301131,,,2,104,
76874,0,102,103,331,101,7,F26103004659,2610301131,,,2,104,
76875,0,102,103,331,101,7,F26103004660,2610301131,,,2,104,
76876,0,102,103,331,101,7,F26103004661,2610301131,,,2,104,
76877,0,102,103,331,101,7,F26103004662,2610301131,,,2,104,
76878,0,102,103,102,101,7,F26103004663,2610301131,,,2,104,
76879,0,102,103,102,101,7,F26103004664,2610301131,,,2,104,
76880,0,102,103,102,101,7,F26103004665,2610301131,,,2,104,
76881,0,102,103,102,101,7,F26103004666,2610301131,,,2,104,
76882,0,102,103,104,101,7,F26103004667,2610301131,,,2,104,
76883,0,102,103,114,101,7,F26103004668,2610301132,,,2,104,
76884,0,102,103,104,101,7,F26103004669,2610301133,,,2,104,
76885,0,102,103,109,101,7,F26103004670,2610301134,,,2,104,
76886,0,102,103,112,101,7,F26103004671,2610301135,,,2,104,
76889,0,102,103,101,101,7,F26103004672,2610301136,,,2,104,
76890,0,102,103,101,101,7,F26103004673,2610301136,,,2,104,
76891,0,102,103,101,101,7,F26103004674,2610301136,,,2,104,
76892,0,102,103,101,101,7,F26103004675,2610301136,,,2,104,
76893,0,102,103,101,101,7,F26103004676,2610301136,,,2,104,
76894,0,102,103,101,101,7,F26103004677,2610301136,,,2,104,
76895,0,102,103,101,101,7,F26103004678,2610301136,,,2,104,
76896,0,102,103,101,101,7,F26103004679,2610301136,,,2,104,
76897,0,102,103,101,101,7,F26103004680,2610301137,,,2,104,
76898,0,102,103,235,101,7,F26103004681,2610301138,,,2,104,
76899,0,102,103,235,101,7,F26103004682,2610301138,,,2,104,
76900,0,102,103,235,101,7,F26103004683,2610301138,,,2,104,
76901,0,102,103,235,101,7,F26103004684,2610301138,,,2,104,
76902,0,102,103,235,101,7,F26103004685,2610301138,,,2,104,
76903,0,102,103,235,101,7,F26103004686,2610301138,,,2,104,
76904,0,102,103,118,101,7,F26103004687,2610301138,,,2,104,
76905,0,102,103,118,101,7,F26103004688,2610301138,,,2,104,
76907,0,102,103,104,101,7,F26103004689,2610301139,,,2,104,
76908,0,102,103,101,101,7,F26103004690,2610301140,,,2,104,
76909,0,102,103,101,101,7,F26103004691,2610301141,,,2,104,
76910,0,102,103,101,101,7,F26103004692,2610301142,,,2,104,
77910,0,102,103,443,101,7,F26103004693,2610301143,,,2,104,
77913,0,102,103,101,101,7,F26103004694,2610301144,,,2,104,
77914,0,102,103,443,101,7,F26103004695,2610301145,,,2,104,
77916,0,102,103,118,101,7,F26103004696,2610301146,,,2,104,
77917,0,102,103,102,101,7,F26103004697,2610301147,,,2,104,
77918,0,102,103,101,101,7,F26103004698,2610301148,,,2,104,
78917,0,102,103,169,101,7,F26103004699,2610301149,,,2,104,
78918,0,102,103,169,101,7,F26103004700,2610301150,,,2,104,
75802,0,102,104,351,101,7,F26104001545,2610401213,,,2,112,
76802,0,102,104,289,101,7,F26104001546,2610401214,,,2,112,
76805,0,102,104,440,101,7,F26104001547,2610401215,,,2,112,
76887,0,102,104,353,101,7,F26104001548,2610401216,,,2,112,
76888,0,102,104,440,101,7,F26104001549,2610401217,,,2,112,
76906,0,102,104,119,101,7,F26104001550,2610401218,,,2,112,
77907,0,102,104,119,101,7,F26104001551,2610401219,,,2,112,
77908,0,102,104,289,101,7,F26104001552,2610401220,,,2,112,
77909,0,102,104,134,101,7,F26104001553,2610401221,,,2,112,
77911,0,102,104,440,101,7,F26104001554,2610401222,,,2,112,
77912,0,102,104,353,101,7,F26104001555,2610401223,,,2,112,
77915,0,102,104,119,101,7,F26104001556,2610401224,,,2,112,
78919,0,102,104,151,101,7,F26104001557,2610401225,,,2,112,
1259,0,102,103,419,101,1,G20103001057,2010300344,,,2,104,
1260,0,102,103,419,101,1,G20103001058,2010300344,,,2,104,
1261,0,102,103,419,101,1,G20103001059,2010300344,,,2,104,
1262,0,102,103,419,101,1,G20103001060,2010300344,,,2,104,
1263,0,102,103,419,101,1,G20103001061,2010300344,,,2,104,
1264,0,102,103,419,101,1,G20103001062,2010300344,,,2,104,
1265,0,102,103,419,101,1,G20103001063,2010300344,,,2,104,
1266,0,102,103,419,101,1,G20103001064,2010300344,,,2,104,
1267,0,102,103,419,101,1,G20103001065,2010300344,,,2,104,
1268,0,102,103,419,101,1,G20103001066,2010300344,,,2,104,
1269,0,102,103,419,101,1,G20103001067,2010300344,,,2,104,
1270,0,102,103,419,101,1,G20103001068,2010300344,,,2,104,
1271,0,102,103,331,101,1,G20103001069,2010300345,,,2,104,
1272,0,102,103,407,101,1,G20103001070,2010300345,,,2,104,
1273,0,102,103,407,101,1,G20103001071,2010300345,,,2,104,
1274,0,102,103,407,101,1,G20103001072,2010300345,,,2,104,
1275,0,102,103,407,101,1,G20103001073,2010300345,,,2,104,
1276,0,102,103,407,101,1,G20103001074,2010300345,,,2,104,
1277,0,102,103,118,101,1,G20103001075,2010300346,,,2,104,
1278,0,102,103,118,101,1,G20103001076,2010300346,,,2,104,
1279,0,102,103,118,101,1,G20103001077,2010300346,,,2,104,
1280,0,102,103,118,101,1,G20103001078,2010300346,,,2,104,
1281,0,102,103,118,101,1,G20103001079,2010300346,,,2,104,
1282,0,102,103,118,101,1,G20103001080,2010300346,,,2,104,
1283,0,102,103,115,101,1,G20103001081,2010300347,,,2,104,
1284,0,102,103,115,101,1,G20103001082,2010300347,,,2,104,
1285,0,102,103,115,101,1,G20103001083,2010300347,,,2,104,
1286,0,102,103,115,101,1,G20103001084,2010300347,,,2,104,
1287,0,102,103,115,101,1,G20103001085,2010300347,,,2,104,
1288,0,102,103,115,101,1,G20103001086,2010300347,,,2,104,
1289,0,102,103,115,101,1,G20103001087,2010300347,,,2,104,
1290,0,102,103,115,101,1,G20103001088,2010300347,,,2,104,
1291,0,102,103,115,101,1,G20103001089,2010300347,,,2,104,
1292,0,102,103,115,101,1,G20103001090,2010300347,,,2,104,
1293,0,102,103,115,101,1,G20103001091,2010300347,,,2,104,
1294,0,102,103,115,101,1,G20103001092,2010300347,,,2,104,
1295,0,102,103,115,101,1,G20103001093,2010300347,,,2,104,
1296,0,102,103,115,101,1,G20103001094,2010300347,,,2,104,
1297,0,102,103,115,101,1,G20103001095,2010300347,,,2,104,
1298,0,102,103,115,101,1,G20103001096,2010300347,,,2,104,
1299,0,102,103,115,101,1,G20103001097,2010300347,,,2,104,
1300,0,102,103,115,101,1,G20103001098,2010300347,,,2,104,
1301,0,102,103,115,101,1,G20103001099,2010300347,,,2,104,
1302,0,102,103,115,101,1,G20103001100,2010300347,,,2,104,
1303,0,102,103,115,101,1,G20103001101,2010300347,,,2,104,
1304,0,102,103,115,101,1,G20103001102,2010300347,,,2,104,
1305,0,102,103,115,101,1,G20103001103,2010300347,,,2,104,
1306,0,102,103,115,101,1,G20103001104,2010300347,,,2,104,
1307,0,102,103,115,101,1,G20103001105,2010300347,,,2,104,
1308,0,102,103,115,101,1,G20103001106,2010300347,,,2,104,
1309,0,102,103,115,101,1,G20103001107,2010300347,,,2,104,
1310,0,102,103,115,101,1,G20103001108,2010300347,,,2,104,
1311,0,102,103,115,101,1,G20103001109,2010300347,,,2,104,
1315,0,102,103,101,101,1,G20103001110,2010300348,,,2,104,
1316,0,102,103,102,101,1,G20103001111,2010300349,,,2,104,
1320,0,102,103,102,101,1,G20103001112,2010300350,,,2,104,
1322,0,102,103,105,101,1,G20103001113,2010300351,,,2,104,
1325,0,102,103,102,101,1,G20103001114,2010300352,,,2,104,
1312,0,102,104,119,101,1,G20104000203,2010400203,,,2,112,
1313,0,102,104,133,101,1,G20104000204,2010400204,,,2,112,
1314,0,102,104,119,101,1,G20104000205,2010400205,,,2,112,
1317,0,102,104,122,101,1,G20104000206,2010400206,,,2,112,
1318,0,102,104,119,101,1,G20104000207,2010400207,,,2,112,
1319,0,102,104,119,101,1,G20104000208,2010400208,,,2,112,
1321,0,102,104,119,101,1,G20104000209,2010400209,,,2,112,
1323,0,102,104,119,101,1,G20104000210,2010400210,,,2,112,
1324,0,102,104,119,101,1,G20104000211,2010400211,,,2,112,
1870,0,102,103,113,101,2,G21103001480,2110300479,,,2,104,
1871,0,102,103,407,101,2,G21103001481,2110300480,,,2,104,
1878,0,102,103,406,101,2,G21103001482,2110300481,,,2,104,
1885,0,102,103,115,101,2,G21103001483,2110300482,,,2,104,
1889,0,102,103,115,101,2,G21103001484,2110300483,,,2,104,
1890,0,102,103,115,101,2,G21103001485,2110300484,,,2,104,
1872,0,102,104,151,101,2,G21104000391,2110400391,,,2,112,
1873,0,102,104,353,101,2,G21104000392,2110400392,,,2,112,
1874,0,102,104,119,101,2,G21104000393,2110400393,,,2,112,
1875,0,102,104,119,101,2,G21104000394,2110400394,,,2,112,
1876,0,102,104,119,101,2,G21104000395,2110400395,,,2,112,
1877,0,102,104,119,101,2,G21104000396,2110400396,,,2,112,
1879,0,102,104,119,101,2,G21104000397,2110400397,,,2,112,
1880,0,102,104,119,101,2,G21104000398,2110400398,,,2,112,
1881,0,102,104,119,101,2,G21104000399,2110400399,,,2,112,
1882,0,102,104,119,101,2,G21104000400,2110400400,,,2,112,
1883,0,102,104,119,101,2,G21104000401,2110400401,,,2,112,
1884,0,102,104,353,101,2,G21104000402,2110400402,,,2,112,
1886,0,102,104,119,101,2,G21104000403,2110400403,,,2,112,
1887,0,102,104,119,101,2,G21104000404,2110400404,,,2,112,
1888,0,102,104,119,101,2,G21104000405,2110400405,,,2,112,
2538,0,102,103,103,101,3,G22103001906,2210300596,,,2,104,
2542,0,102,103,110,101,3,G22103001907,2210300597,,,2,104,
2543,0,102,103,113,101,3,G22103001908,2210300598,,,2,104,
2545,0,102,103,113,101,3,G22103001909,2210300599,,,2,104,
2550,0,102,103,113,101,3,G22103001910,2210300600,,,2,104,
2552,0,102,103,327,101,3,G22103001911,2210300601,,,2,104,
2554,0,102,103,327,101,3,G22103001912,2210300602,,,2,104,
2557,0,102,103,102,101,3,G22103001913,2210300603,,,2,104,
2558,0,102,103,115,101,3,G22103001914,2210300604,,,2,104,
2559,0,102,103,102,101,3,G22103001915,2210300605,,,2,104,
2563,0,102,103,103,101,3,G22103001916,2210300606,,,2,104,
2566,0,102,103,113,101,3,G22103001917,2210300607,,,2,104,
2536,0,102,104,119,101,3,G22104000565,2210400565,,,2,112,
2537,0,102,104,122,101,3,G22104000566,2210400566,,,2,112,
2539,0,102,104,119,101,3,G22104000567,2210400567,,,2,112,
2540,0,102,104,119,101,3,G22104000568,2210400568,,,2,112,
2541,0,102,104,119,101,3,G22104000569,2210400569,,,2,112,
2544,0,102,104,351,101,3,G22104000570,2210400570,,,2,112,
2546,0,102,104,119,101,3,G22104000571,2210400571,,,2,112,
2547,0,102,104,119,101,3,G22104000572,2210400572,,,2,112,
2548,0,102,104,346,101,3,G22104000573,2210400573,,,2,112,
2549,0,102,104,119,101,3,G22104000574,2210400574,,,2,112,
2551,0,102,104,151,101,3,G22104000575,2210400575,,,2,112,
2553,0,102,104,119,101,3,G22104000576,2210400576,,,2,112,
2555,0,102,104,119,101,3,G22104000577,2210400577,,,2,112,
2556,0,102,104,128,101,3,G22104000578,2210400578,,,2,112,
2560,0,102,104,128,101,3,G22104000579,2210400579,,,2,112,
2561,0,102,104,119,101,3,G22104000580,2210400580,,,2,112,
2562,0,102,104,120,101,3,G22104000581,2210400581,,,2,112,
2564,0,102,104,119,101,3,G22104000582,2210400582,,,2,112,
2565,0,102,104,119,101,3,G22104000583,2210400583,,,2,112,
3747,0,102,103,115,101,4,G23103002672,2310300746,,,2,104,
3748,0,102,103,169,101,4,G23103002673,2310300747,,,2,104,
3754,0,102,103,116,101,4,G23103002674,2310300748,,,2,104,
3755,0,102,103,101,101,4,G23103002675,2310300749,,,2,104,
3756,0,102,103,101,101,4,G23103002676,2310300750,,,2,104,
3757,0,102,103,103,101,4,G23103002677,2310300751,,,2,104,
3758,0,102,103,114,101,4,G23103002678,2310300752,,,2,104,
3761,0,102,103,428,101,4,G23103002679,2310300753,,,2,104,
3749,0,102,104,140,101,4,G23104000796,2310400796,,,2,112,
3750,0,102,104,119,101,4,G23104000797,2310400797,,,2,112,
3751,0,102,104,351,101,4,G23104000798,2310400798,,,2,112,
3752,0,102,104,120,101,4,G23104000799,2310400799,,,2,112,
3753,0,102,104,119,101,4,G23104000800,2310400800,,,2,112,
3759,0,102,104,120,101,4,G23104000801,2310400801,,,2,112,
3760,0,102,104,351,101,4,G23104000802,2310400802,,,2,112,
4878,0,102,103,113,101,5,G24103003234,2410300887,,,2,104,
4879,0,102,103,113,101,5,G24103003235,2410300888,,,2,104,
4881,0,102,103,112,101,5,G24103003236,2410300889,,,2,104,
4882,0,102,103,112,101,5,G24103003237,2410300889,,,2,104,
4883,0,102,103,112,101,5,G24103003238,2410300889,,,2,104,
4884,0,102,103,235,101,5,G24103003239,2410300889,,,2,104,
4885,0,102,103,235,101,5,G24103003240,2410300889,,,2,104,
4886,0,102,103,235,101,5,G24103003241,2410300889,,,2,104,
4887,0,102,103,235,101,5,G24103003242,2410300889,,,2,104,
4888,0,102,103,235,101,5,G24103003243,2410300889,,,2,104,
4889,0,102,103,235,101,5,G24103003244,2410300889,,,2,104,
4890,0,102,103,235,101,5,G24103003245,2410300889,,,2,104,
4891,0,102,103,235,101,5,G24103003246,2410300889,,,2,104,
4892,0,102,103,331,101,5,G24103003247,2410300889,,,2,104,
4893,0,102,103,331,101,5,G24103003248,2410300889,,,2,104,
4894,0,102,103,102,101,5,G24103003249,2410300889,,,2,104,
4895,0,102,103,102,101,5,G24103003250,2410300889,,,2,104,
4896,0,102,103,102,101,5,G24103003251,2410300889,,,2,104,
4897,0,102,103,102,101,5,G24103003252,2410300889,,,2,104,
4898,0,102,103,102,101,5,G24103003253,2410300889,,,2,104,
4899,0,102,103,407,101,5,G24103003254,2410300889,,,2,104,
4900,0,102,103,407,101,5,G24103003255,2410300889,,,2,104,
4901,0,102,103,407,101,5,G24103003256,2410300889,,,2,104,
4902,0,102,103,420,101,5,G24103003257,2410300889,,,2,104,
4903,0,102,103,420,101,5,G24103003258,2410300889,,,2,104,
4904,0,102,103,420,101,5,G24103003259,2410300889,,,2,104,
4905,0,102,103,420,101,5,G24103003260,2410300889,,,2,104,
4906,0,102,103,420,101,5,G24103003261,2410300889,,,2,104,
4907,0,102,103,420,101,5,G24103003262,2410300889,,,2,104,
4908,0,102,103,420,101,5,G24103003263,2410300889,,,2,104,
4909,0,102,103,420,101,5,G24103003264,2410300889,,,2,104,
4910,0,102,103,406,101,5,G24103003265,2410300889,,,2,104,
4911,0,102,103,406,101,5,G24103003266,2410300889,,,2,104,
4912,0,102,103,406,101,5,G24103003267,2410300889,,,2,104,
4913,0,102,103,406,101,5,G24103003268,2410300889,,,2,104,
4914,0,102,103,407,101,5,G24103003269,2410300889,,,2,104,
4915,0,102,103,407,101,5,G24103003270,2410300889,,,2,104,
4916,0,102,103,407,101,5,G24103003271,2410300889,,,2,104,
4917,0,102,103,407,101,5,G24103003272,2410300889,,,2,104,
4918,0,102,103,374,101,5,G24103003273,2410300890,,,2,104,
4919,0,102,103,113,101,5,G24103003274,2410300891,,,2,104,
4922,0,102,103,400,101,5,G24103003275,2410300892,,,2,104,
4880,0,102,104,151,101,5,G24104001348,2410401016,,,2,112,
4920,0,102,104,289,101,5,G24104001349,2410401017,,,2,112,
4921,0,102,104,157,101,5,G24104001350,2410401018,,,2,112,
26346,0,102,103,235,101,6,G25103003900,2510301020,,,2,104,
26347,0,102,103,235,101,6,G25103003901,2510301020,,,2,104,
26348,0,102,103,235,101,6,G25103003902,2510301020,,,2,104,
26349,0,102,103,235,101,6,G25103003903,2510301020,,,2,104,
26350,0,102,103,235,101,6,G25103003904,2510301020,,,2,104,
26351,0,102,103,235,101,6,G25103003905,2510301020,,,2,104,
26352,0,102,103,235,101,6,G25103003906,2510301020,,,2,104,
26353,0,102,103,235,101,6,G25103003907,2510301020,,,2,104,
26354,0,102,103,235,101,6,G25103003908,2510301020,,,2,104,
26355,0,102,103,235,101,6,G25103003909,2510301020,,,2,104,
26356,0,102,103,331,101,6,G25103003910,2510301020,,,2,104,
26357,0,102,103,331,101,6,G25103003911,2510301020,,,2,104,
26358,0,102,103,331,101,6,G25103003912,2510301020,,,2,104,
26359,0,102,103,102,101,6,G25103003913,2510301020,,,2,104,
26360,0,102,103,102,101,6,G25103003914,2510301020,,,2,104,
26361,0,102,103,101,101,6,G25103003915,2510301020,,,2,104,
26362,0,102,103,101,101,6,G25103003916,2510301021,,,2,104,
26363,0,102,103,101,101,6,G25103003917,2510301021,,,2,104,
26364,0,102,103,101,101,6,G25103003918,2510301021,,,2,104,
26365,0,102,103,101,101,6,G25103003919,2510301021,,,2,104,
26366,0,102,103,101,101,6,G25103003920,2510301021,,,2,104,
26367,0,102,103,331,101,6,G25103003921,2510301021,,,2,104,
26368,0,102,103,331,101,6,G25103003922,2510301021,,,2,104,
26369,0,102,103,331,101,6,G25103003923,2510301021,,,2,104,
26370,0,102,103,331,101,6,G25103003924,2510301021,,,2,104,
26371,0,102,103,331,101,6,G25103003925,2510301021,,,2,104,
26372,0,102,103,331,101,6,G25103003926,2510301021,,,2,104,
26373,0,102,103,331,101,6,G25103003927,2510301021,,,2,104,
26374,0,102,103,102,101,6,G25103003928,2510301021,,,2,104,
26375,0,102,103,102,101,6,G25103003929,2510301021,,,2,104,
26376,0,102,103,102,101,6,G25103003930,2510301021,,,2,104,
26377,0,102,103,102,101,6,G25103003931,2510301021,,,2,104,
26378,0,102,103,102,101,6,G25103003932,2510301021,,,2,104,
26379,0,102,103,331,101,6,G25103003933,2510301021,,,2,104,
26380,0,102,103,102,101,6,G25103003934,2510301022,,,2,104,
27381,0,102,103,400,101,6,G25103003935,2510301023,,,2,104,
28381,0,102,103,113,101,6,G25103003936,2510301024,,,2,104,
26381,0,102,104,119,101,6,G25104001450,2510401118,,,2,112,
78920,0,102,103,102,101,7,G26103004701,2610301151,,,2,104,
78921,0,102,103,400,101,7,G26103004702,2610301152,,,2,104,
79922,0,102,103,443,101,7,G26103004703,2610301153,,,2,104,
79923,0,102,103,116,101,7,G26103004704,2610301154,,,2,104,
79924,0,102,103,112,101,7,G26103004705,2610301154,,,2,104,
79925,0,102,103,112,101,7,G26103004706,2610301154,,,2,104,
79926,0,102,103,420,101,7,G26103004707,2610301154,,,2,104,
79927,0,102,103,420,101,7,G26103004708,2610301154,,,2,104,
79928,0,102,103,101,101,7,G26103004709,2610301155,,,2,104,
79929,0,102,103,101,101,7,G26103004710,2610301155,,,2,104,
79933,0,102,103,101,101,7,G26103004711,2610301156,,,2,104,
79934,0,102,103,101,101,7,G26103004712,2610301156,,,2,104,
79935,0,102,103,420,101,7,G26103004713,2610301156,,,2,104,
79936,0,102,103,420,101,7,G26103004714,2610301156,,,2,104,
79937,0,102,103,443,101,7,G26103004715,2610301157,,,2,104,
80937,0,102,103,235,101,7,G26103004716,2610301158,,,2,104,
80938,0,102,103,235,101,7,G26103004717,2610301159,,,2,104,
80939,0,102,103,235,101,7,G26103004718,2610301160,,,2,104,
80940,0,102,103,110,101,7,G26103004719,2610301161,,,2,104,
80941,0,102,103,110,101,7,G26103004720,2610301161,,,2,104,
80942,0,102,103,110,101,7,G26103004721,2610301161,,,2,104,
80943,0,102,103,110,101,7,G26103004722,2610301161,,,2,104,
80944,0,102,103,110,101,7,G26103004723,2610301161,,,2,104,
80945,0,102,103,110,101,7,G26103004724,2610301161,,,2,104,
80946,0,102,103,110,101,7,G26103004725,2610301161,,,2,104,
80947,0,102,103,110,101,7,G26103004726,2610301161,,,2,104,
80948,0,102,103,110,101,7,G26103004727,2610301161,,,2,104,
80949,0,102,103,110,101,7,G26103004728,2610301161,,,2,104,
80950,0,102,103,110,101,7,G26103004729,2610301161,,,2,104,
80951,0,102,103,110,101,7,G26103004730,2610301161,,,2,104,
80952,0,102,103,115,101,7,G26103004731,2610301162,,,2,104,
80953,0,102,103,115,101,7,G26103004732,2610301162,,,2,104,
80954,0,102,103,115,101,7,G26103004733,2610301162,,,2,104,
80955,0,102,103,115,101,7,G26103004734,2610301162,,,2,104,
80956,0,102,103,115,101,7,G26103004735,2610301162,,,2,104,
80957,0,102,103,115,101,7,G26103004736,2610301162,,,2,104,
80958,0,102,103,115,101,7,G26103004737,2610301162,,,2,104,
80959,0,102,103,115,101,7,G26103004738,2610301162,,,2,104,
80960,0,102,103,115,101,7,G26103004739,2610301162,,,2,104,
80961,0,102,103,115,101,7,G26103004740,2610301162,,,2,104,
80962,0,102,103,118,101,7,G26103004741,2610301162,,,2,104,
80963,0,102,103,235,101,7,G26103004742,2610301163,,,2,104,
80964,0,102,103,235,101,7,G26103004743,2610301163,,,2,104,
80965,0,102,103,400,101,7,G26103004744,2610301164,,,2,104,
81966,0,102,103,116,101,7,G26103004745,2610301165,,,2,104,
81967,0,102,103,101,101,7,G26103004746,2610301166,,,2,104,
81968,0,102,103,235,101,7,G26103004747,2610301166,,,2,104,
81969,0,102,103,112,101,7,G26103004748,2610301166,,,2,104,
81970,0,102,103,101,101,7,G26103004749,2610301167,,,2,104,
81971,0,102,103,420,101,7,G26103004750,2610301167,,,2,104,
81972,0,102,103,176,101,7,G26103004751,2610301168,,,2,104,
81973,0,102,103,113,101,7,G26103004752,2610301169,,,2,104,
81976,0,102,103,331,101,7,G26103004753,2610301170,,,2,104,
81977,0,102,103,331,101,7,G26103004754,2610301170,,,2,104,
81978,0,102,103,102,101,7,G26103004755,2610301170,,,2,104,
81979,0,102,103,116,101,7,G26103004756,2610301170,,,2,104,
79921,0,102,104,127,101,7,G26104001558,2610401226,,,2,112,
79930,0,102,104,119,101,7,G26104001559,2610401227,,,2,112,
79931,0,102,104,151,101,7,G26104001560,2610401228,,,2,112,
79932,0,102,104,134,101,7,G26104001561,2610401229,,,2,112,
81965,0,102,104,124,101,7,G26104001562,2610401230,,,2,112,
81974,0,102,104,353,101,7,G26104001563,2610401231,,,2,112,
81975,0,102,104,440,101,7,G26104001564,2610401232,,,2,112,
1,0,102,103,102,101,1,H19103000001,1910300001,,,2,104,
2,0,102,103,102,101,1,H19103000002,1910300002,,,2,104,
3,0,102,103,102,101,1,H19103000003,1910300002,,,2,104,
4,0,102,103,102,101,1,H19103000004,1910300002,,,2,104,
5,0,102,103,102,101,1,H19103000005,1910300003,,,2,104,
6,0,102,103,102,101,1,H19103000006,1910300004,,,2,104,
7,0,102,103,102,101,1,H19103000007,1910300004,,,2,104,
8,0,102,103,102,101,1,H19103000008,1910300004,,,2,104,
9,0,102,103,102,101,1,H19103000009,1910300004,,,2,104,
10,0,102,103,102,101,1,H19103000010,1910300005,,,2,104,
11,0,102,103,102,101,1,H19103000011,1910300005,,,2,104,
12,0,102,103,102,101,1,H19103000012,1910300005,,,2,104,
13,0,102,103,102,101,1,H19103000013,1910300005,,,2,104,
14,0,102,103,102,101,1,H19103000014,1910300005,,,2,104,
15,0,102,103,102,101,1,H19103000015,1910300005,,,2,104,
16,0,102,103,102,101,1,H19103000016,1910300005,,,2,104,
17,0,102,103,102,101,1,H19103000017,1910300006,,,2,104,
18,0,102,103,331,101,1,H19103000018,1910300007,,,2,104,
19,0,102,103,331,101,1,H19103000019,1910300007,,,2,104,
20,0,102,103,331,101,1,H19103000020,1910300007,,,2,104,
21,0,102,103,331,101,1,H19103000021,1910300007,,,2,104,
22,0,102,103,331,101,1,H19103000022,1910300007,,,2,104,
23,0,102,103,331,101,1,H19103000023,1910300007,,,2,104,
24,0,102,103,331,101,1,H19103000024,1910300007,,,2,104,
25,0,102,103,331,101,1,H19103000025,1910300007,,,2,104,
26,0,102,103,331,101,1,H19103000026,1910300007,,,2,104,
27,0,102,103,331,101,1,H19103000027,1910300007,,,2,104,
28,0,102,103,331,101,1,H19103000028,1910300007,,,2,104,
29,0,102,103,331,101,1,H19103000029,1910300007,,,2,104,
30,0,102,103,331,101,1,H19103000030,1910300007,,,2,104,
31,0,102,103,331,101,1,H19103000031,1910300007,,,2,104,
32,0,102,103,331,101,1,H19103000032,1910300007,,,2,104,
33,0,102,103,331,101,1,H19103000033,1910300007,,,2,104,
34,0,102,103,331,101,1,H19103000034,1910300008,,,2,104,
35,0,102,103,331,101,1,H19103000035,1910300008,,,2,104,
36,0,102,103,331,101,1,H19103000036,1910300008,,,2,104,
37,0,102,103,331,101,1,H19103000037,1910300008,,,2,104,
38,0,102,103,331,101,1,H19103000038,1910300008,,,2,104,
39,0,102,103,331,101,1,H19103000039,1910300008,,,2,104,
40,0,102,103,331,101,1,H19103000040,1910300008,,,2,104,
41,0,102,103,331,101,1,H19103000041,1910300008,,,2,104,
42,0,102,103,331,101,1,H19103000042,1910300008,,,2,104,
43,0,102,103,331,101,1,H19103000043,1910300008,,,2,104,
44,0,102,103,331,101,1,H19103000044,1910300008,,,2,104,
45,0,102,103,331,101,1,H19103000045,1910300008,,,2,104,
46,0,102,103,331,101,1,H19103000046,1910300008,,,2,104,
47,0,102,103,331,101,1,H19103000047,1910300008,,,2,104,
48,0,102,103,331,101,1,H19103000048,1910300008,,,2,104,
49,0,102,103,102,101,1,H19103000049,1910300009,,,2,104,
50,0,102,103,102,101,1,H19103000050,1910300010,,,2,104,
51,0,102,103,102,101,1,H19103000051,1910300010,,,2,104,
52,0,102,103,102,101,1,H19103000052,1910300010,,,2,104,
53,0,102,103,102,101,1,H19103000053,1910300010,,,2,104,
54,0,102,103,102,101,1,H19103000054,1910300010,,,2,104,
55,0,102,103,102,101,1,H19103000055,1910300010,,,2,104,
56,0,102,103,102,101,1,H19103000056,1910300010,,,2,104,
57,0,102,103,102,101,1,H19103000057,1910300010,,,2,104,
58,0,102,103,102,101,1,H19103000058,1910300010,,,2,104,
59,0,102,103,102,101,1,H19103000059,1910300010,,,2,104,
60,0,102,103,102,101,1,H19103000060,1910300010,,,2,104,
61,0,102,103,102,101,1,H19103000061,1910300010,,,2,104,
62,0,102,103,102,101,1,H19103000062,1910300010,,,2,104,
63,0,102,103,102,101,1,H19103000063,1910300010,,,2,104,
64,0,102,103,102,101,1,H19103000064,1910300010,,,2,104,
65,0,102,103,331,101,1,H19103000065,1910300011,,,2,104,
66,0,102,103,331,101,1,H19103000066,1910300011,,,2,104,
67,0,102,103,331,101,1,H19103000067,1910300011,,,2,104,
68,0,102,103,331,101,1,H19103000068,1910300011,,,2,104,
69,0,102,103,331,101,1,H19103000069,1910300011,,,2,104,
70,0,102,103,331,101,1,H19103000070,1910300011,,,2,104,
71,0,102,103,331,101,1,H19103000071,1910300011,,,2,104,
72,0,102,103,331,101,1,H19103000072,1910300011,,,2,104,
73,0,102,103,331,101,1,H19103000073,1910300011,,,2,104,
74,0,102,103,331,101,1,H19103000074,1910300011,,,2,104,
75,0,102,103,331,101,1,H19103000075,1910300011,,,2,104,
76,0,102,103,331,101,1,H19103000076,1910300011,,,2,104,
77,0,102,103,331,101,1,H19103000077,1910300011,,,2,104,
78,0,102,103,331,101,1,H19103000078,1910300011,,,2,104,
79,0,102,103,331,101,1,H19103000079,1910300011,,,2,104,
80,0,102,103,331,101,1,H19103000080,1910300012,,,2,104,
81,0,102,103,331,101,1,H19103000081,1910300012,,,2,104,
82,0,102,103,331,101,1,H19103000082,1910300012,,,2,104,
83,0,102,103,331,101,1,H19103000083,1910300012,,,2,104,
84,0,102,103,331,101,1,H19103000084,1910300012,,,2,104,
85,0,102,103,331,101,1,H19103000085,1910300012,,,2,104,
86,0,102,103,331,101,1,H19103000086,1910300012,,,2,104,
87,0,102,103,331,101,1,H19103000087,1910300012,,,2,104,
88,0,102,103,331,101,1,H19103000088,1910300012,,,2,104,
89,0,102,103,331,101,1,H19103000089,1910300012,,,2,104,
90,0,102,103,331,101,1,H19103000090,1910300012,,,2,104,
91,0,102,103,102,101,1,H19103000091,1910300013,,,2,104,
92,0,102,103,102,101,1,H19103000092,1910300013,,,2,104,
93,0,102,103,102,101,1,H19103000093,1910300013,,,2,104,
94,0,102,103,102,101,1,H19103000094,1910300013,,,2,104,
95,0,102,103,102,101,1,H19103000095,1910300013,,,2,104,
96,0,102,103,102,101,1,H19103000096,1910300013,,,2,104,
97,0,102,103,102,101,1,H19103000097,1910300013,,,2,104,
98,0,102,103,102,101,1,H19103000098,1910300013,,,2,104,
99,0,102,103,102,101,1,H19103000099,1910300013,,,2,104,
100,0,102,103,102,101,1,H19103000100,1910300013,,,2,104,
101,0,102,103,102,101,1,H19103000101,1910300013,,,2,104,
102,0,102,103,102,101,1,H19103000102,1910300013,,,2,104,
103,0,102,103,102,101,1,H19103000103,1910300013,,,2,104,
104,0,102,103,102,101,1,H19103000104,1910300013,,,2,104,
105,0,102,103,102,101,1,H19103000105,1910300013,,,2,104,
106,0,102,103,331,101,1,H19103000106,1910300014,,,2,104,
107,0,102,103,331,101,1,H19103000107,1910300014,,,2,104,
108,0,102,103,331,101,1,H19103000108,1910300014,,,2,104,
109,0,102,103,331,101,1,H19103000109,1910300014,,,2,104,
110,0,102,103,102,101,1,H19103000110,1910300015,,,2,104,
111,0,102,103,102,101,1,H19103000111,1910300015,,,2,104,
112,0,102,103,102,101,1,H19103000112,1910300015,,,2,104,
113,0,102,103,102,101,1,H19103000113,1910300015,,,2,104,
114,0,102,103,102,101,1,H19103000114,1910300015,,,2,104,
115,0,102,103,102,101,1,H19103000115,1910300015,,,2,104,
116,0,102,103,102,101,1,H19103000116,1910300015,,,2,104,
117,0,102,103,102,101,1,H19103000117,1910300015,,,2,104,
118,0,102,103,102,101,1,H19103000118,1910300015,,,2,104,
119,0,102,103,102,101,1,H19103000119,1910300015,,,2,104,
120,0,102,103,102,101,1,H19103000120,1910300015,,,2,104,
121,0,102,103,112,101,1,H19103000121,1910300016,,,2,104,
122,0,102,103,112,101,1,H19103000122,1910300016,,,2,104,
123,0,102,103,112,101,1,H19103000123,1910300016,,,2,104,
124,0,102,103,112,101,1,H19103000124,1910300016,,,2,104,
125,0,102,103,112,101,1,H19103000125,1910300016,,,2,104,
126,0,102,103,112,101,1,H19103000126,1910300016,,,2,104,
127,0,102,103,112,101,1,H19103000127,1910300017,,,2,104,
128,0,102,103,112,101,1,H19103000128,1910300017,,,2,104,
129,0,102,103,112,101,1,H19103000129,1910300017,,,2,104,
130,0,102,103,112,101,1,H19103000130,1910300017,,,2,104,
131,0,102,103,112,101,1,H19103000131,1910300017,,,2,104,
132,0,102,103,112,101,1,H19103000132,1910300018,,,2,104,
133,0,102,103,112,101,1,H19103000133,1910300018,,,2,104,
134,0,102,103,114,101,1,H19103000134,1910300019,,,2,104,
135,0,102,103,114,101,1,H19103000135,1910300019,,,2,104,
136,0,102,103,114,101,1,H19103000136,1910300019,,,2,104,
137,0,102,103,102,101,1,H19103000137,1910300020,,,2,104,
138,0,102,103,103,101,1,H19103000138,1910300021,,,2,104,
139,0,102,103,102,101,1,H19103000139,1910300022,,,2,104,
140,0,102,103,110,101,1,H19103000140,1910300023,,,2,104,
141,0,102,103,110,101,1,H19103000141,1910300024,,,2,104,
142,0,102,103,239,101,1,H19103000142,1910300025,,,2,104,
143,0,102,103,102,101,1,H19103000143,1910300026,,,2,104,
144,0,102,103,331,101,1,H19103000144,1910300027,,,2,104,
145,0,102,103,420,101,1,H19103000145,1910300028,,,2,104,
146,0,102,103,113,101,1,H19103000146,1910300029,,,2,104,
147,0,102,103,239,101,1,H19103000147,1910300030,,,2,104,
148,0,102,103,107,101,1,H19103000148,1910300031,,,2,104,
149,0,102,103,338,101,1,H19103000149,1910300032,,,2,104,
151,0,102,103,105,101,1,H19103000150,1910300033,,,2,104,
152,0,102,103,115,101,1,H19103000151,1910300034,,,2,104,
153,0,102,103,238,101,1,H19103000152,1910300035,,,2,104,
156,0,102,103,238,101,1,H19103000153,1910300036,,,2,104,
158,0,102,103,338,101,1,H19103000154,1910300037,,,2,104,
159,0,102,103,331,101,1,H19103000155,1910300038,,,2,104,
160,0,102,103,331,101,1,H19103000156,1910300039,,,2,104,
161,0,102,103,118,101,1,H19103000157,1910300040,,,2,104,
162,0,102,103,103,101,1,H19103000158,1910300041,,,2,104,
163,0,102,103,116,101,1,H19103000159,1910300042,,,2,104,
164,0,102,103,238,101,1,H19103000160,1910300043,,,2,104,
165,0,102,103,102,101,1,H19103000161,1910300044,,,2,104,
166,0,102,103,115,101,1,H19103000162,1910300045,,,2,104,
167,0,102,103,116,101,1,H19103000163,1910300046,,,2,104,
168,0,102,103,110,101,1,H19103000164,1910300047,,,2,104,
169,0,102,103,102,101,1,H19103000165,1910300048,,,2,104,
170,0,102,103,338,101,1,H19103000166,1910300049,,,2,104,
172,0,102,103,112,101,1,H19103000167,1910300050,,,2,104,
173,0,102,103,110,101,1,H19103000168,1910300051,,,2,104,
174,0,102,103,102,101,1,H19103000169,1910300052,,,2,104,
176,0,102,103,101,101,1,H19103000170,1910300053,,,2,104,
177,0,102,103,102,101,1,H19103000171,1910300054,,,2,104,
178,0,102,103,238,101,1,H19103000172,1910300055,,,2,104,
180,0,102,103,102,101,1,H19103000173,1910300056,,,2,104,
181,0,102,103,110,101,1,H19103000174,1910300057,,,2,104,
182,0,102,103,331,101,1,H19103000175,1910300058,,,2,104,
183,0,102,103,116,101,1,H19103000176,1910300059,,,2,104,
184,0,102,103,374,101,1,H19103000177,1910300060,,,2,104,
186,0,102,103,112,101,1,H19103000178,1910300061,,,2,104,
150,0,102,104,125,101,1,H19104000001,1910400001,,,2,112,
154,0,102,104,119,101,1,H19104000002,1910400002,,,2,112,
155,0,102,104,122,101,1,H19104000003,1910400003,,,2,112,
157,0,102,104,128,101,1,H19104000004,1910400004,,,2,112,
171,0,102,104,119,101,1,H19104000005,1910400005,,,2,112,
175,0,102,104,119,101,1,H19104000006,1910400006,,,2,112,
179,0,102,104,119,101,1,H19104000007,1910400007,,,2,112,
185,0,102,104,119,101,1,H19104000008,1910400008,,,2,112,
1891,0,102,103,331,101,3,H21103001486,2110300485,,,2,104,
1892,0,102,103,102,101,3,H21103001487,2110300486,,,2,104,
1897,0,102,103,101,101,3,H21103001488,2110300487,,,2,104,
1899,0,102,103,116,101,3,H21103001489,2110300488,,,2,104,
1900,0,102,103,113,101,3,H21103001490,2110300489,,,2,104,
1902,0,102,103,235,101,3,H21103001491,2110300490,,,2,104,
1903,0,102,103,235,101,3,H21103001492,2110300490,,,2,104,
1904,0,102,103,235,101,3,H21103001493,2110300490,,,2,104,
1905,0,102,103,235,101,3,H21103001494,2110300491,,,2,104,
1906,0,102,103,102,101,3,H21103001495,2110300492,,,2,104,
1907,0,102,103,102,101,3,H21103001496,2110300492,,,2,104,
1908,0,102,103,102,101,3,H21103001497,2110300492,,,2,104,
1909,0,102,103,102,101,3,H21103001498,2110300492,,,2,104,
1910,0,102,103,102,101,3,H21103001499,2110300492,,,2,104,
1911,0,102,103,102,101,3,H21103001500,2110300492,,,2,104,
1912,0,102,103,102,101,3,H21103001501,2110300492,,,2,104,
1913,0,102,103,102,101,3,H21103001502,2110300492,,,2,104,
1914,0,102,103,102,101,3,H21103001503,2110300492,,,2,104,
1915,0,102,103,102,101,3,H21103001504,2110300492,,,2,104,
1916,0,102,103,102,101,3,H21103001505,2110300492,,,2,104,
1917,0,102,103,102,101,3,H21103001506,2110300492,,,2,104,
1918,0,102,103,102,101,3,H21103001507,2110300492,,,2,104,
1919,0,102,103,102,101,3,H21103001508,2110300492,,,2,104,
1920,0,102,103,102,101,3,H21103001509,2110300492,,,2,104,
1921,0,102,103,102,101,3,H21103001510,2110300492,,,2,104,
1922,0,102,103,102,101,3,H21103001511,2110300492,,,2,104,
1923,0,102,103,102,101,3,H21103001512,2110300492,,,2,104,
1924,0,102,103,102,101,3,H21103001513,2110300492,,,2,104,
1925,0,102,103,102,101,3,H21103001514,2110300492,,,2,104,
1926,0,102,103,331,101,3,H21103001515,2110300493,,,2,104,
1927,0,102,103,331,101,3,H21103001516,2110300493,,,2,104,
1928,0,102,103,331,101,3,H21103001517,2110300493,,,2,104,
1929,0,102,103,331,101,3,H21103001518,2110300493,,,2,104,
1930,0,102,103,331,101,3,H21103001519,2110300493,,,2,104,
1931,0,102,103,331,101,3,H21103001520,2110300493,,,2,104,
1932,0,102,103,331,101,3,H21103001521,2110300493,,,2,104,
1933,0,102,103,331,101,3,H21103001522,2110300493,,,2,104,
1934,0,102,103,331,101,3,H21103001523,2110300493,,,2,104,
1935,0,102,103,331,101,3,H21103001524,2110300493,,,2,104,
1936,0,102,103,331,101,3,H21103001525,2110300493,,,2,104,
1937,0,102,103,331,101,3,H21103001526,2110300493,,,2,104,
1938,0,102,103,331,101,3,H21103001527,2110300493,,,2,104,
1939,0,102,103,331,101,3,H21103001528,2110300493,,,2,104,
1940,0,102,103,331,101,3,H21103001529,2110300493,,,2,104,
1941,0,102,103,331,101,3,H21103001530,2110300493,,,2,104,
1942,0,102,103,331,101,3,H21103001531,2110300493,,,2,104,
1943,0,102,103,331,101,3,H21103001532,2110300493,,,2,104,
1944,0,102,103,331,101,3,H21103001533,2110300493,,,2,104,
1945,0,102,103,331,101,3,H21103001534,2110300493,,,2,104,
1946,0,102,103,331,101,3,H21103001535,2110300493,,,2,104,
1947,0,102,103,331,101,3,H21103001536,2110300493,,,2,104,
1948,0,102,103,331,101,3,H21103001537,2110300493,,,2,104,
1949,0,102,103,331,101,3,H21103001538,2110300493,,,2,104,
1950,0,102,103,331,101,3,H21103001539,2110300493,,,2,104,
1951,0,102,103,331,101,3,H21103001540,2110300493,,,2,104,
1952,0,102,103,331,101,3,H21103001541,2110300493,,,2,104,
1953,0,102,103,331,101,3,H21103001542,2110300493,,,2,104,
1954,0,102,103,331,101,3,H21103001543,2110300493,,,2,104,
1955,0,102,103,102,101,3,H21103001544,2110300493,,,2,104,
1956,0,102,103,102,101,3,H21103001545,2110300493,,,2,104,
1957,0,102,103,102,101,3,H21103001546,2110300493,,,2,104,
1958,0,102,103,102,101,3,H21103001547,2110300493,,,2,104,
1959,0,102,103,102,101,3,H21103001548,2110300493,,,2,104,
1960,0,102,103,102,101,3,H21103001549,2110300493,,,2,104,
1961,0,102,103,102,101,3,H21103001550,2110300493,,,2,104,
1962,0,102,103,102,101,3,H21103001551,2110300493,,,2,104,
1963,0,102,103,102,101,3,H21103001552,2110300493,,,2,104,
1964,0,102,103,374,101,3,H21103001553,2110300494,,,2,104,
1966,0,102,103,113,101,3,H21103001554,2110300495,,,2,104,
1893,0,102,104,119,101,3,H21104000406,2110400406,,,2,112,
1894,0,102,104,119,101,3,H21104000407,2110400407,,,2,112,
1895,0,102,104,119,101,3,H21104000408,2110400408,,,2,112,
1896,0,102,104,119,101,3,H21104000409,2110400409,,,2,112,
1898,0,102,104,119,101,3,H21104000410,2110400410,,,2,112,
1901,0,102,104,119,101,3,H21104000411,2110400411,,,2,112,
1965,0,102,104,352,101,3,H21104000412,2110400412,,,2,112,
1967,0,102,104,119,101,3,H21104000413,2110400413,,,2,112,
2571,0,102,103,112,101,3,H22103001918,2210300608,,,2,104,
2572,0,102,103,169,101,4,H22103001919,2210300609,,,2,104,
2577,0,102,103,102,101,4,H22103001920,2210300610,,,2,104,
2582,0,102,103,105,101,4,H22103001921,2210300611,,,2,104,
2590,0,102,103,102,101,4,H22103001922,2210300612,,,2,104,
2591,0,102,103,102,101,4,H22103001923,2210300613,,,2,104,
2592,0,102,103,110,101,4,H22103001924,2210300614,,,2,104,
2593,0,102,103,103,101,4,H22103001925,2210300615,,,2,104,
2594,0,102,103,110,101,4,H22103001926,2210300616,,,2,104,
2595,0,102,103,103,101,4,H22103001927,2210300617,,,2,104,
2596,0,102,103,110,101,4,H22103001928,2210300618,,,2,104,
2599,0,102,103,116,101,4,H22103001929,2210300619,,,2,104,
2600,0,102,103,102,101,4,H22103001930,2210300620,,,2,104,
2567,0,102,104,125,101,3,H22104000584,2210400584,,,2,112,
2568,0,102,104,151,101,3,H22104000585,2210400585,,,2,112,
2569,0,102,104,119,101,3,H22104000586,2210400586,,,2,112,
2570,0,102,104,119,101,3,H22104000587,2210400587,,,2,112,
2573,0,102,104,127,101,4,H22104000588,2210400588,,,2,112,
2574,0,102,104,119,101,4,H22104000589,2210400589,,,2,112,
2575,0,102,104,289,101,4,H22104000590,2210400590,,,2,112,
2576,0,102,104,120,101,4,H22104000591,2210400591,,,2,112,
2578,0,102,104,119,101,4,H22104000592,2210400592,,,2,112,
2579,0,102,104,119,101,4,H22104000593,2210400593,,,2,112,
2580,0,102,104,122,101,4,H22104000594,2210400594,,,2,112,
2581,0,102,104,119,101,4,H22104000595,2210400595,,,2,112,
2583,0,102,104,119,101,4,H22104000596,2210400596,,,2,112,
2584,0,102,104,120,101,4,H22104000597,2210400597,,,2,112,
2585,0,102,104,119,101,4,H22104000598,2210400598,,,2,112,
2588,0,102,104,119,101,4,H22104000599,2210400599,,,2,112,
2589,0,102,104,139,101,4,H22104000600,2210400600,,,2,112,
2597,0,102,104,119,101,4,H22104000601,2210400601,,,2,112,
2598,0,102,104,119,101,4,H22104000602,2210400602,,,2,112,
2601,0,102,104,119,101,4,H22104000603,2210400603,,,2,112,
2586,0,105,107,271,101,4,H22107000067,2210700013,,,2,113,
2587,0,105,107,271,101,4,H22107000068,2210700013,,,2,113,
3762,0,102,103,235,101,5,H23103002680,2310300754,,,2,104,
3763,0,102,103,235,101,5,H23103002681,2310300754,,,2,104,
3764,0,102,103,235,101,5,H23103002682,2310300754,,,2,104,
3765,0,102,103,235,101,5,H23103002683,2310300754,,,2,104,
3766,0,102,103,235,101,5,H23103002684,2310300754,,,2,104,
3767,0,102,103,235,101,5,H23103002685,2310300754,,,2,104,
3768,0,102,103,235,101,5,H23103002686,2310300754,,,2,104,
3769,0,102,103,235,101,5,H23103002687,2310300754,,,2,104,
3770,0,102,103,235,101,5,H23103002688,2310300754,,,2,104,
3771,0,102,103,235,101,5,H23103002689,2310300754,,,2,104,
3772,0,102,103,235,101,5,H23103002690,2310300754,,,2,104,
3773,0,102,103,235,101,5,H23103002691,2310300754,,,2,104,
3774,0,102,103,235,101,5,H23103002692,2310300754,,,2,104,
3775,0,102,103,235,101,5,H23103002693,2310300754,,,2,104,
3776,0,102,103,235,101,5,H23103002694,2310300754,,,2,104,
3777,0,102,103,235,101,5,H23103002695,2310300754,,,2,104,
3778,0,102,103,410,101,5,H23103002696,2310300754,,,2,104,
3779,0,102,103,107,101,5,H23103002697,2310300754,,,2,104,
3780,0,102,103,406,101,5,H23103002698,2310300755,,,2,104,
3781,0,102,103,116,101,5,H23103002699,2310300756,,,2,104,
3783,0,102,103,169,101,5,H23103002700,2310300757,,,2,104,
3785,0,102,103,112,101,5,H23103002701,2310300758,,,2,104,
3786,0,102,103,112,101,5,H23103002702,2310300758,,,2,104,
3787,0,102,103,112,101,5,H23103002703,2310300758,,,2,104,
3788,0,102,103,112,101,5,H23103002704,2310300758,,,2,104,
3789,0,102,103,112,101,5,H23103002705,2310300758,,,2,104,
3790,0,102,103,112,101,5,H23103002706,2310300758,,,2,104,
3791,0,102,103,112,101,5,H23103002707,2310300758,,,2,104,
3792,0,102,103,112,101,5,H23103002708,2310300758,,,2,104,
3793,0,102,103,112,101,5,H23103002709,2310300758,,,2,104,
3794,0,102,103,112,101,5,H23103002710,2310300758,,,2,104,
3795,0,102,103,112,101,5,H23103002711,2310300758,,,2,104,
3796,0,102,103,338,101,5,H23103002712,2310300758,,,2,104,
3797,0,102,103,338,101,5,H23103002713,2310300758,,,2,104,
3798,0,102,103,101,101,5,H23103002714,2310300759,,,2,104,
3799,0,102,103,101,101,5,H23103002715,2310300759,,,2,104,
3800,0,102,103,101,101,5,H23103002716,2310300759,,,2,104,
3801,0,102,103,101,101,5,H23103002717,2310300759,,,2,104,
3802,0,102,103,101,101,5,H23103002718,2310300759,,,2,104,
3803,0,102,103,101,101,5,H23103002719,2310300759,,,2,104,
3804,0,102,103,101,101,5,H23103002720,2310300759,,,2,104,
3805,0,102,103,101,101,5,H23103002721,2310300759,,,2,104,
3806,0,102,103,114,101,5,H23103002722,2310300759,,,2,104,
3807,0,102,103,342,101,5,H23103002723,2310300760,,,2,104,
3808,0,102,103,342,101,5,H23103002724,2310300760,,,2,104,
3809,0,102,103,342,101,5,H23103002725,2310300760,,,2,104,
3810,0,102,103,342,101,5,H23103002726,2310300760,,,2,104,
3811,0,102,103,102,101,5,H23103002727,2310300761,,,2,104,
3812,0,102,103,102,101,5,H23103002728,2310300761,,,2,104,
3813,0,102,103,102,101,5,H23103002729,2310300761,,,2,104,
3814,0,102,103,102,101,5,H23103002730,2310300761,,,2,104,
3815,0,102,103,102,101,5,H23103002731,2310300761,,,2,104,
3816,0,102,103,102,101,5,H23103002732,2310300761,,,2,104,
3817,0,102,103,102,101,5,H23103002733,2310300761,,,2,104,
3818,0,102,103,102,101,5,H23103002734,2310300761,,,2,104,
3819,0,102,103,102,101,5,H23103002735,2310300761,,,2,104,
3820,0,102,103,102,101,5,H23103002736,2310300761,,,2,104,
3821,0,102,103,102,101,5,H23103002737,2310300761,,,2,104,
3822,0,102,103,102,101,5,H23103002738,2310300761,,,2,104,
3823,0,102,103,102,101,5,H23103002739,2310300761,,,2,104,
3824,0,102,103,102,101,5,H23103002740,2310300761,,,2,104,
3825,0,102,103,102,101,5,H23103002741,2310300761,,,2,104,
3826,0,102,103,102,101,5,H23103002742,2310300761,,,2,104,
3827,0,102,103,102,101,5,H23103002743,2310300761,,,2,104,
3828,0,102,103,102,101,5,H23103002744,2310300761,,,2,104,
3829,0,102,103,102,101,5,H23103002745,2310300761,,,2,104,
3830,0,102,103,331,101,5,H23103002746,2310300761,,,2,104,
3831,0,102,103,331,101,5,H23103002747,2310300761,,,2,104,
3832,0,102,103,331,101,5,H23103002748,2310300761,,,2,104,
3833,0,102,103,331,101,5,H23103002749,2310300761,,,2,104,
3834,0,102,103,331,101,5,H23103002750,2310300761,,,2,104,
3835,0,102,103,331,101,5,H23103002751,2310300761,,,2,104,
3836,0,102,103,331,101,5,H23103002752,2310300761,,,2,104,
3837,0,102,103,331,101,5,H23103002753,2310300761,,,2,104,
3838,0,102,103,331,101,5,H23103002754,2310300761,,,2,104,
3839,0,102,103,331,101,5,H23103002755,2310300761,,,2,104,
3840,0,102,103,331,101,5,H23103002756,2310300761,,,2,104,
3841,0,102,103,331,101,5,H23103002757,2310300761,,,2,104,
3842,0,102,103,331,101,5,H23103002758,2310300761,,,2,104,
3843,0,102,103,331,101,5,H23103002759,2310300761,,,2,104,
3844,0,102,103,331,101,5,H23103002760,2310300761,,,2,104,
3845,0,102,103,331,101,5,H23103002761,2310300761,,,2,104,
3846,0,102,103,331,101,5,H23103002762,2310300761,,,2,104,
3847,0,102,103,331,101,5,H23103002763,2310300761,,,2,104,
3848,0,102,103,331,101,5,H23103002764,2310300761,,,2,104,
3849,0,102,103,331,101,5,H23103002765,2310300761,,,2,104,
3850,0,102,103,331,101,5,H23103002766,2310300761,,,2,104,
3851,0,102,103,331,101,5,H23103002767,2310300761,,,2,104,
3852,0,102,103,102,101,5,H23103002768,2310300762,,,2,104,
3853,0,102,103,116,101,5,H23103002769,2310300763,,,2,104,
3854,0,102,103,110,101,5,H23103002770,2310300764,,,2,104,
3855,0,102,103,110,101,5,H23103002771,2310300764,,,2,104,
3856,0,102,103,110,101,5,H23103002772,2310300764,,,2,104,
3857,0,102,103,110,101,5,H23103002773,2310300764,,,2,104,
3858,0,102,103,110,101,5,H23103002774,2310300764,,,2,104,
3859,0,102,103,110,101,5,H23103002775,2310300764,,,2,104,
3860,0,102,103,235,101,5,H23103002776,2310300765,,,2,104,
3861,0,102,103,235,101,5,H23103002777,2310300765,,,2,104,
3862,0,102,103,235,101,5,H23103002778,2310300765,,,2,104,
3863,0,102,103,235,101,5,H23103002779,2310300765,,,2,104,
3864,0,102,103,235,101,5,H23103002780,2310300765,,,2,104,
3865,0,102,103,235,101,5,H23103002781,2310300765,,,2,104,
3866,0,102,103,235,101,5,H23103002782,2310300765,,,2,104,
3867,0,102,103,235,101,5,H23103002783,2310300766,,,2,104,
3868,0,102,103,235,101,5,H23103002784,2310300766,,,2,104,
3869,0,102,103,235,101,5,H23103002785,2310300766,,,2,104,
3870,0,102,103,235,101,5,H23103002786,2310300766,,,2,104,
3871,0,102,103,235,101,5,H23103002787,2310300766,,,2,104,
3872,0,102,103,235,101,5,H23103002788,2310300766,,,2,104,
3873,0,102,103,235,101,5,H23103002789,2310300766,,,2,104,
3874,0,102,103,374,101,5,H23103002790,2310300766,,,2,104,
3875,0,102,103,374,101,5,H23103002791,2310300766,,,2,104,
3876,0,102,103,374,101,5,H23103002792,2310300766,,,2,104,
3877,0,102,103,374,101,5,H23103002793,2310300766,,,2,104,
3878,0,102,103,107,101,5,H23103002794,2310300767,,,2,104,
3879,0,102,103,107,101,5,H23103002795,2310300767,,,2,104,
3880,0,102,103,107,101,5,H23103002796,2310300767,,,2,104,
3881,0,102,103,107,101,5,H23103002797,2310300767,,,2,104,
3882,0,102,103,116,101,5,H23103002798,2310300767,,,2,104,
3883,0,102,103,116,101,5,H23103002799,2310300767,,,2,104,
3884,0,102,103,331,101,5,H23103002800,2310300767,,,2,104,
3885,0,102,103,238,101,5,H23103002801,2310300767,,,2,104,
3886,0,102,103,238,101,5,H23103002802,2310300767,,,2,104,
3887,0,102,103,238,101,5,H23103002803,2310300767,,,2,104,
3888,0,102,103,115,101,5,H23103002804,2310300767,,,2,104,
3889,0,102,103,115,101,5,H23103002805,2310300767,,,2,104,
3890,0,102,103,115,101,5,H23103002806,2310300767,,,2,104,
3891,0,102,103,115,101,5,H23103002807,2310300767,,,2,104,
3892,0,102,103,115,101,5,H23103002808,2310300767,,,2,104,
3893,0,102,103,115,101,5,H23103002809,2310300767,,,2,104,
3894,0,102,103,115,101,5,H23103002810,2310300767,,,2,104,
3896,0,102,103,112,101,5,H23103002811,2310300768,,,2,104,
3897,0,102,103,112,101,5,H23103002812,2310300769,,,2,104,
3898,0,102,103,101,101,5,H23103002813,2310300770,,,2,104,
3899,0,102,103,113,101,5,H23103002814,2310300771,,,2,104,
3900,0,102,103,113,101,5,H23103002815,2310300772,,,2,104,
3901,0,102,103,101,101,5,H23103002816,2310300773,,,2,104,
3902,0,102,103,101,101,5,H23103002817,2310300774,,,2,104,
3903,0,102,103,101,101,5,H23103002818,2310300774,,,2,104,
3904,0,102,103,101,101,5,H23103002819,2310300775,,,2,104,
3905,0,102,103,112,101,5,H23103002820,2310300776,,,2,104,
3906,0,102,103,235,101,5,H23103002821,2310300776,,,2,104,
3907,0,102,103,327,101,5,H23103002822,2310300777,,,2,104,
3908,0,102,103,106,101,5,H23103002823,2310300778,,,2,104,
3909,0,102,103,342,101,3,H23103002824,2310300779,,,2,104,
3910,0,102,103,342,101,3,H23103002825,2310300779,,,2,104,
3911,0,102,103,103,101,5,H23103002826,2310300780,,,2,104,
3912,0,102,103,103,101,5,H23103002827,2310300780,,,2,104,
3913,0,102,103,103,101,5,H23103002828,2310300780,,,2,104,
3914,0,102,103,103,101,5,H23103002829,2310300780,,,2,104,
3915,0,102,103,103,101,5,H23103002830,2310300780,,,2,104,
3916,0,102,103,374,101,5,H23103002831,2310300781,,,2,104,
3917,0,102,103,407,101,5,H23103002832,2310300782,,,2,104,
3918,0,102,103,103,101,5,H23103002833,2310300783,,,2,104,
3919,0,102,103,115,101,5,H23103002834,2310300784,,,2,104,
3921,0,102,103,101,101,5,H23103002835,2310300785,,,2,104,
3922,0,102,103,101,101,5,H23103002836,2310300785,,,2,104,
3923,0,102,103,101,101,5,H23103002837,2310300785,,,2,104,
3924,0,102,103,101,101,5,H23103002838,2310300785,,,2,104,
3925,0,102,103,102,101,5,H23103002839,2310300785,,,2,104,
3926,0,102,103,102,101,5,H23103002840,2310300785,,,2,104,
3927,0,102,103,102,101,5,H23103002841,2310300785,,,2,104,
3928,0,102,103,331,101,5,H23103002842,2310300785,,,2,104,
3929,0,102,103,331,101,5,H23103002843,2310300785,,,2,104,
3930,0,102,103,331,101,5,H23103002844,2310300785,,,2,104,
3931,0,102,103,101,101,5,H23103002845,2310300786,,,2,104,
3932,0,102,103,101,101,5,H23103002846,2310300786,,,2,104,
3933,0,102,103,101,101,5,H23103002847,2310300786,,,2,104,
3934,0,102,103,101,101,5,H23103002848,2310300786,,,2,104,
3935,0,102,103,101,101,5,H23103002849,2310300786,,,2,104,
3938,0,102,103,113,101,5,H23103002850,2310300787,,,2,104,
3939,0,102,103,113,101,5,H23103002851,2310300788,,,2,104,
3941,0,102,103,112,101,5,H23103002852,2310300789,,,2,104,
3942,0,102,103,112,101,5,H23103002853,2310300789,,,2,104,
3943,0,102,103,112,101,5,H23103002854,2310300789,,,2,104,
3944,0,102,103,112,101,5,H23103002855,2310300789,,,2,104,
3945,0,102,103,329,101,5,H23103002856,2310300790,,,2,104,
3946,0,102,103,329,101,5,H23103002857,2310300790,,,2,104,
3947,0,102,103,329,101,5,H23103002858,2310300790,,,2,104,
3948,0,102,103,329,101,5,H23103002859,2310300790,,,2,104,
3949,0,102,103,329,101,5,H23103002860,2310300790,,,2,104,
3782,0,102,104,351,101,5,H23104000803,2310400803,,,2,112,
3784,0,102,104,119,101,5,H23104000804,2310400804,,,2,112,
3895,0,102,104,351,101,5,H23104000805,2310400805,,,2,112,
3920,0,102,104,351,101,5,H23104000806,2310400806,,,2,112,
3936,0,102,104,119,101,5,H23104000807,2310400807,,,2,112,
3937,0,102,104,440,101,5,H23104000808,2310400808,,,2,112,
3940,0,102,104,119,101,5,H23104000809,2310400809,,,2,112,
3950,0,102,104,329,101,5,H23104000810,2310400810,,,2,112,
3951,0,102,104,329,101,5,H23104000811,2310400811,,,2,112,
3952,0,102,104,124,101,5,H23104000812,2310400812,,,2,112,
3953,0,102,104,351,101,5,H23104000813,2310400813,,,2,112,
3954,0,102,104,119,101,5,H23104000814,2310400814,,,2,112,
3955,0,102,104,119,101,5,H23104000815,2310400815,,,2,112,
4923,0,102,103,446,101,6,H24103003276,2410300893,,,2,104,
4924,0,102,103,112,101,6,H24103003277,2410300894,,,2,104,
4925,0,102,103,112,101,6,H24103003278,2410300895,,,2,104,
4926,0,102,103,113,101,6,H24103003279,2410300896,,,2,104,
4929,0,102,103,400,101,6,H24103003280,2410300897,,,2,104,
4930,0,102,103,169,101,6,H24103003281,2410300898,,,2,104,
4931,0,102,103,102,101,6,H24103003282,2410300899,,,2,104,
4932,0,102,103,102,101,6,H24103003283,2410300899,,,2,104,
4933,0,102,103,102,101,6,H24103003284,2410300899,,,2,104,
4934,0,102,103,102,101,6,H24103003285,2410300899,,,2,104,
4935,0,102,103,102,101,6,H24103003286,2410300899,,,2,104,
4936,0,102,103,102,101,6,H24103003287,2410300899,,,2,104,
4937,0,102,103,102,101,6,H24103003288,2410300899,,,2,104,
4938,0,102,103,102,101,6,H24103003289,2410300899,,,2,104,
4939,0,102,103,102,101,6,H24103003290,2410300899,,,2,104,
4940,0,102,103,102,101,6,H24103003291,2410300899,,,2,104,
4941,0,102,103,331,101,6,H24103003292,2410300899,,,2,104,
4942,0,102,103,331,101,6,H24103003293,2410300899,,,2,104,
4943,0,102,103,331,101,6,H24103003294,2410300899,,,2,104,
4944,0,102,103,238,101,6,H24103003295,2410300899,,,2,104,
4945,0,102,103,238,101,6,H24103003296,2410300899,,,2,104,
4946,0,102,103,238,101,6,H24103003297,2410300899,,,2,104,
4947,0,102,103,235,101,6,H24103003298,2410300899,,,2,104,
4948,0,102,103,235,101,6,H24103003299,2410300899,,,2,104,
4949,0,102,103,235,101,6,H24103003300,2410300899,,,2,104,
4950,0,102,103,235,101,6,H24103003301,2410300899,,,2,104,
4951,0,102,103,235,101,6,H24103003302,2410300899,,,2,104,
4952,0,102,103,235,101,6,H24103003303,2410300899,,,2,104,
4953,0,102,103,112,101,6,H24103003304,2410300899,,,2,104,
4954,0,102,103,112,101,6,H24103003305,2410300899,,,2,104,
4955,0,102,103,112,101,6,H24103003306,2410300899,,,2,104,
4956,0,102,103,112,101,6,H24103003307,2410300899,,,2,104,
4957,0,102,103,338,101,6,H24103003308,2410300899,,,2,104,
4958,0,102,103,114,101,6,H24103003309,2410300899,,,2,104,
4959,0,102,103,114,101,6,H24103003310,2410300899,,,2,104,
4960,0,102,103,114,101,6,H24103003311,2410300899,,,2,104,
4961,0,102,103,101,101,6,H24103003312,2410300899,,,2,104,
4962,0,102,103,101,101,6,H24103003313,2410300899,,,2,104,
4963,0,102,103,101,101,6,H24103003314,2410300899,,,2,104,
4964,0,102,103,327,101,6,H24103003315,2410300900,,,2,104,
4965,0,102,103,327,101,6,H24103003316,2410300900,,,2,104,
4966,0,102,103,327,101,6,H24103003317,2410300900,,,2,104,
4969,0,102,103,169,101,6,H24103003318,2410300901,,,2,104,
4970,0,102,103,115,101,6,H24103003319,2410300902,,,2,104,
4975,0,102,103,101,101,6,H24103003320,2410300903,,,2,104,
4976,0,102,103,104,101,6,H24103003321,2410300904,,,2,104,
4927,0,102,104,289,101,6,H24104001351,2410401019,,,2,112,
4928,0,102,104,353,101,6,H24104001352,2410401020,,,2,112,
4967,0,102,104,119,101,6,H24104001353,2410401021,,,2,112,
4968,0,102,104,119,101,6,H24104001354,2410401022,,,2,112,
4971,0,102,104,119,101,6,H24104001355,2410401023,,,2,112,
4972,0,102,104,351,101,6,H24104001356,2410401024,,,2,112,
4973,0,102,104,151,101,6,H24104001357,2410401025,,,2,112,
4974,0,102,104,119,101,6,H24104001358,2410401026,,,2,112,
4977,0,102,104,138,101,6,H24104001359,2410401027,,,2,112,
30382,0,102,103,113,101,7,H25103003937,2510301025,,,2,104,
30387,0,102,103,112,101,6,H25103003938,2510301026,,,2,104,
30388,0,102,103,112,101,6,H25103003939,2510301026,,,2,104,
30389,0,102,103,112,101,6,H25103003940,2510301026,,,2,104,
30390,0,102,103,112,101,6,H25103003941,2510301026,,,2,104,
30391,0,102,103,112,101,6,H25103003942,2510301026,,,2,104,
30392,0,102,103,112,101,6,H25103003943,2510301026,,,2,104,
30393,0,102,103,112,101,6,H25103003944,2510301026,,,2,104,
30394,0,102,103,112,101,6,H25103003945,2510301026,,,2,104,
30395,0,102,103,112,101,6,H25103003946,2510301026,,,2,104,
30396,0,102,103,112,101,6,H25103003947,2510301026,,,2,104,
30397,0,102,103,112,101,6,H25103003948,2510301026,,,2,104,
30398,0,102,103,112,101,6,H25103003949,2510301026,,,2,104,
30399,0,102,103,112,101,6,H25103003950,2510301026,,,2,104,
30400,0,102,103,112,101,6,H25103003951,2510301026,,,2,104,
30401,0,102,103,112,101,6,H25103003952,2510301026,,,2,104,
30402,0,102,103,114,101,6,H25103003953,2510301026,,,2,104,
30403,0,102,103,114,101,6,H25103003954,2510301026,,,2,104,
30404,0,102,103,114,101,6,H25103003955,2510301026,,,2,104,
30405,0,102,103,101,101,6,H25103003956,2510301026,,,2,104,
30406,0,102,103,110,101,6,H25103003957,2510301027,,,2,104,
30407,0,102,103,110,101,6,H25103003958,2510301027,,,2,104,
30408,0,102,103,110,101,6,H25103003959,2510301027,,,2,104,
30409,0,102,103,110,101,6,H25103003960,2510301027,,,2,104,
30410,0,102,103,235,101,6,H25103003961,2510301027,,,2,104,
30411,0,102,103,235,101,6,H25103003962,2510301027,,,2,104,
30412,0,102,103,235,101,6,H25103003963,2510301027,,,2,104,
30413,0,102,103,235,101,6,H25103003964,2510301027,,,2,104,
30414,0,102,103,235,101,6,H25103003965,2510301027,,,2,104,
30415,0,102,103,331,101,6,H25103003966,2510301027,,,2,104,
30416,0,102,103,331,101,6,H25103003967,2510301027,,,2,104,
30417,0,102,103,331,101,6,H25103003968,2510301027,,,2,104,
30418,0,102,103,331,101,6,H25103003969,2510301027,,,2,104,
30419,0,102,103,331,101,6,H25103003970,2510301027,,,2,104,
30420,0,102,103,331,101,6,H25103003971,2510301027,,,2,104,
30421,0,102,103,331,101,6,H25103003972,2510301027,,,2,104,
30422,0,102,103,331,101,6,H25103003973,2510301027,,,2,104,
30423,0,102,103,331,101,6,H25103003974,2510301027,,,2,104,
30424,0,102,103,331,101,6,H25103003975,2510301027,,,2,104,
30425,0,102,103,331,101,6,H25103003976,2510301027,,,2,104,
30426,0,102,103,331,101,6,H25103003977,2510301027,,,2,104,
30427,0,102,103,331,101,6,H25103003978,2510301027,,,2,104,
30428,0,102,103,331,101,6,H25103003979,2510301027,,,2,104,
30429,0,102,103,102,101,6,H25103003980,2510301027,,,2,104,
30430,0,102,103,102,101,6,H25103003981,2510301027,,,2,104,
30431,0,102,103,116,101,6,H25103003982,2510301027,,,2,104,
30432,0,102,103,116,101,6,H25103003983,2510301027,,,2,104,
30433,0,102,103,238,101,6,H25103003984,2510301027,,,2,104,
30434,0,102,103,104,101,6,H25103003985,2510301027,,,2,104,
30435,0,102,103,114,101,6,H25103003986,2510301027,,,2,104,
30436,0,102,103,112,101,6,H25103003987,2510301027,,,2,104,
30437,0,102,103,109,101,6,H25103003988,2510301027,,,2,104,
30438,0,102,103,112,101,7,H25103003989,2510301028,,,2,104,
30439,0,102,103,235,101,7,H25103003990,2510301028,,,2,104,
30440,0,102,103,112,101,7,H25103003991,2510301029,,,2,104,
30441,0,102,103,116,101,7,H25103003992,2510301030,,,2,104,
32381,0,102,103,404,101,7,H25103003993,2510301031,,,2,104,
33381,0,102,103,112,101,7,H25103003994,2510301032,,,2,104,
33382,0,102,103,114,101,7,H25103003995,2510301032,,,2,104,
35381,0,102,103,114,101,7,H25103003996,2510301033,,,2,104,
35382,0,102,103,112,101,7,H25103003997,2510301034,,,2,104,
35383,0,102,103,112,101,7,H25103003998,2510301034,,,2,104,
35384,0,102,103,112,101,7,H25103003999,2510301034,,,2,104,
35385,0,102,103,112,101,7,H25103004000,2510301034,,,2,104,
35386,0,102,103,112,101,7,H25103004001,2510301034,,,2,104,
35387,0,102,103,112,101,7,H25103004002,2510301034,,,2,104,
35388,0,102,103,112,101,7,H25103004003,2510301034,,,2,104,
35389,0,102,103,331,101,7,H25103004004,2510301034,,,2,104,
35390,0,102,103,331,101,7,H25103004005,2510301034,,,2,104,
35391,0,102,103,331,101,7,H25103004006,2510301034,,,2,104,
35392,0,102,103,331,101,7,H25103004007,2510301034,,,2,104,
35393,0,102,103,331,101,7,H25103004008,2510301034,,,2,104,
35394,0,102,103,331,101,7,H25103004009,2510301034,,,2,104,
35395,0,102,103,331,101,7,H25103004010,2510301034,,,2,104,
35396,0,102,103,331,101,7,H25103004011,2510301034,,,2,104,
35397,0,102,103,331,101,7,H25103004012,2510301034,,,2,104,
35398,0,102,103,327,101,7,H25103004013,2510301035,,,2,104,
35399,0,102,103,327,101,7,H25103004014,2510301035,,,2,104,
35400,0,102,103,101,101,7,H25103004015,2510301036,,,2,104,
35401,0,102,103,101,101,7,H25103004016,2510301036,,,2,104,
35402,0,102,103,235,101,7,H25103004017,2510301036,,,2,104,
35403,0,102,103,235,101,7,H25103004018,2510301036,,,2,104,
35404,0,102,103,235,101,7,H25103004019,2510301036,,,2,104,
35405,0,102,103,235,101,7,H25103004020,2510301036,,,2,104,
35406,0,102,103,235,101,7,H25103004021,2510301036,,,2,104,
35407,0,102,103,235,101,7,H25103004022,2510301036,,,2,104,
35408,0,102,103,112,101,7,H25103004023,2510301036,,,2,104,
35409,0,102,103,112,101,7,H25103004024,2510301036,,,2,104,
35410,0,102,103,112,101,7,H25103004025,2510301036,,,2,104,
35411,0,102,103,112,101,7,H25103004026,2510301036,,,2,104,
35412,0,102,103,331,101,7,H25103004027,2510301036,,,2,104,
35413,0,102,103,331,101,7,H25103004028,2510301036,,,2,104,
35414,0,102,103,331,101,7,H25103004029,2510301036,,,2,104,
35415,0,102,103,116,101,7,H25103004030,2510301036,,,2,104,
35416,0,102,103,116,101,7,H25103004031,2510301036,,,2,104,
35417,0,102,103,116,101,7,H25103004032,2510301036,,,2,104,
35418,0,102,103,116,101,7,H25103004033,2510301036,,,2,104,
35419,0,102,103,116,101,7,H25103004034,2510301036,,,2,104,
35420,0,102,103,116,101,7,H25103004035,2510301036,,,2,104,
35421,0,102,103,116,101,7,H25103004036,2510301036,,,2,104,
35422,0,102,103,116,101,7,H25103004037,2510301036,,,2,104,
35423,0,102,103,116,101,7,H25103004038,2510301036,,,2,104,
35424,0,102,103,116,101,7,H25103004039,2510301036,,,2,104,
35425,0,102,103,116,101,7,H25103004040,2510301036,,,2,104,
35426,0,102,103,116,101,7,H25103004041,2510301036,,,2,104,
35427,0,102,103,116,101,7,H25103004042,2510301036,,,2,104,
35428,0,102,103,116,101,7,H25103004043,2510301036,,,2,104,
35429,0,102,103,407,101,7,H25103004044,2510301037,,,2,104,
35430,0,102,103,407,101,7,H25103004045,2510301037,,,2,104,
35431,0,102,103,407,101,7,H25103004046,2510301037,,,2,104,
35432,0,102,103,407,101,7,H25103004047,2510301037,,,2,104,
35433,0,102,103,407,101,7,H25103004048,2510301037,,,2,104,
35434,0,102,103,407,101,7,H25103004049,2510301037,,,2,104,
35435,0,102,103,407,101,7,H25103004050,2510301037,,,2,104,
35436,0,102,103,407,101,7,H25103004051,2510301037,,,2,104,
35437,0,102,103,407,101,7,H25103004052,2510301037,,,2,104,
35438,0,102,103,420,101,7,H25103004053,2510301037,,,2,104,
35439,0,102,103,420,101,7,H25103004054,2510301037,,,2,104,
35440,0,102,103,420,101,7,H25103004055,2510301037,,,2,104,
35441,0,102,103,420,101,7,H25103004056,2510301037,,,2,104,
35442,0,102,103,420,101,7,H25103004057,2510301037,,,2,104,
35443,0,102,103,420,101,7,H25103004058,2510301037,,,2,104,
35444,0,102,103,420,101,7,H25103004059,2510301037,,,2,104,
35445,0,102,103,420,101,7,H25103004060,2510301037,,,2,104,
35446,0,102,103,420,101,7,H25103004061,2510301037,,,2,104,
35447,0,102,103,420,101,7,H25103004062,2510301037,,,2,104,
35448,0,102,103,420,101,7,H25103004063,2510301037,,,2,104,
35449,0,102,103,420,101,7,H25103004064,2510301037,,,2,104,
35450,0,102,103,420,101,7,H25103004065,2510301037,,,2,104,
35451,0,102,103,420,101,7,H25103004066,2510301037,,,2,104,
35452,0,102,103,420,101,7,H25103004067,2510301037,,,2,104,
35453,0,102,103,420,101,7,H25103004068,2510301037,,,2,104,
35454,0,102,103,420,101,7,H25103004069,2510301037,,,2,104,
35455,0,102,103,420,101,7,H25103004070,2510301037,,,2,104,
35456,0,102,103,420,101,7,H25103004071,2510301037,,,2,104,
35457,0,102,103,420,101,7,H25103004072,2510301037,,,2,104,
35458,0,102,103,420,101,7,H25103004073,2510301037,,,2,104,
35459,0,102,103,420,101,7,H25103004074,2510301037,,,2,104,
35460,0,102,103,115,101,7,H25103004075,2510301038,,,2,104,
35461,0,102,103,115,101,7,H25103004076,2510301038,,,2,104,
35462,0,102,103,115,101,7,H25103004077,2510301038,,,2,104,
35463,0,102,103,115,101,7,H25103004078,2510301038,,,2,104,
35464,0,102,103,115,101,7,H25103004079,2510301038,,,2,104,
35465,0,102,103,115,101,7,H25103004080,2510301038,,,2,104,
35466,0,102,103,115,101,7,H25103004081,2510301038,,,2,104,
35467,0,102,103,115,101,7,H25103004082,2510301038,,,2,104,
35468,0,102,103,115,101,7,H25103004083,2510301038,,,2,104,
35469,0,102,103,115,101,7,H25103004084,2510301038,,,2,104,
35470,0,102,103,115,101,7,H25103004085,2510301038,,,2,104,
35471,0,102,103,115,101,7,H25103004086,2510301038,,,2,104,
35472,0,102,103,115,101,7,H25103004087,2510301038,,,2,104,
36381,0,102,103,446,101,7,H25103004088,2510301039,,,2,104,
29381,0,102,104,119,101,7,H25104001451,2510401119,,,2,112,
30381,0,102,104,119,101,7,H25104001452,2510401120,,,2,112,
30383,0,102,104,120,101,7,H25104001453,2510401121,,,2,112,
30384,0,102,104,289,101,7,H25104001454,2510401122,,,2,112,
30385,0,102,104,119,101,7,H25104001455,2510401123,,,2,112,
30386,0,102,104,351,101,7,H25104001456,2510401124,,,2,112,
30442,0,102,104,151,101,7,H25104001457,2510401125,,,2,112,
31381,0,102,104,346,101,7,H25104001458,2510401126,,,2,112,
34381,0,102,104,346,101,7,H25104001459,2510401127,,,2,112,
81980,0,102,103,331,101,8,H26103004757,2610301171,,,2,104,
82984,0,102,103,101,101,8,H26103004758,2610301172,,,2,104,
82985,0,102,103,101,101,8,H26103004759,2610301172,,,2,104,
82986,0,102,103,420,101,8,H26103004760,2610301172,,,2,104,
82987,0,102,103,235,101,8,H26103004761,2610301172,,,2,104,
82988,0,102,103,235,101,8,H26103004762,2610301172,,,2,104,
82989,0,102,103,420,101,8,H26103004763,2610301172,,,2,104,
82990,0,102,103,420,101,8,H26103004764,2610301172,,,2,104,
82991,0,102,103,420,101,8,H26103004765,2610301172,,,2,104,
82992,0,102,103,419,101,8,H26103004766,2610301172,,,2,104,
82993,0,102,103,406,101,8,H26103004767,2610301172,,,2,104,
82994,0,102,103,406,101,8,H26103004768,2610301172,,,2,104,
82995,0,102,103,406,101,8,H26103004769,2610301172,,,2,104,
83984,0,102,103,169,101,8,H26103004770,2610301173,,,2,104,
83985,0,102,103,404,101,8,H26103004771,2610301174,,,2,104,
83986,0,102,103,114,101,8,H26103004772,2610301175,,,2,104,
83987,0,102,103,114,101,8,H26103004773,2610301175,,,2,104,
83988,0,102,103,114,101,8,H26103004774,2610301175,,,2,104,
83989,0,102,103,114,101,8,H26103004775,2610301175,,,2,104,
83990,0,102,103,114,101,8,H26103004776,2610301175,,,2,104,
83991,0,102,103,114,101,8,H26103004777,2610301175,,,2,104,
83992,0,102,103,114,101,8,H26103004778,2610301175,,,2,104,
83993,0,102,103,114,101,8,H26103004779,2610301175,,,2,104,
83994,0,102,103,114,101,8,H26103004780,2610301175,,,2,104,
83995,0,102,103,114,101,8,H26103004781,2610301175,,,2,104,
83996,0,102,103,101,101,8,H26103004782,2610301175,,,2,104,
83997,0,102,103,420,101,8,H26103004783,2610301175,,,2,104,
83998,0,102,103,406,101,8,H26103004784,2610301175,,,2,104,
83999,0,102,103,420,101,8,H26103004785,2610301175,,,2,104,
84000,0,102,103,419,101,8,H26103004786,2610301175,,,2,104,
84001,0,102,103,419,101,8,H26103004787,2610301175,,,2,104,
84002,0,102,103,419,101,8,H26103004788,2610301175,,,2,104,
84003,0,102,103,419,101,8,H26103004789,2610301175,,,2,104,
84004,0,102,103,419,101,8,H26103004790,2610301175,,,2,104,
84005,0,102,103,419,101,8,H26103004791,2610301175,,,2,104,
84006,0,102,103,419,101,8,H26103004792,2610301175,,,2,104,
84007,0,102,103,419,101,8,H26103004793,2610301175,,,2,104,
84008,0,102,103,419,101,8,H26103004794,2610301175,,,2,104,
84009,0,102,103,419,101,8,H26103004795,2610301175,,,2,104,
84010,0,102,103,419,101,8,H26103004796,2610301175,,,2,104,
84011,0,102,103,419,101,8,H26103004797,2610301175,,,2,104,
84012,0,102,103,419,101,8,H26103004798,2610301175,,,2,104,
84013,0,102,103,419,101,8,H26103004799,2610301175,,,2,104,
84014,0,102,103,419,101,8,H26103004800,2610301175,,,2,104,
84015,0,102,103,419,101,8,H26103004801,2610301175,,,2,104,
84016,0,102,103,419,101,8,H26103004802,2610301175,,,2,104,
84017,0,102,103,331,101,8,H26103004803,2610301176,,,2,104,
84018,0,102,103,331,101,8,H26103004804,2610301176,,,2,104,
84019,0,102,103,331,101,8,H26103004805,2610301176,,,2,104,
84020,0,102,103,331,101,8,H26103004806,2610301176,,,2,104,
84021,0,102,103,331,101,8,H26103004807,2610301176,,,2,104,
84022,0,102,103,331,101,8,H26103004808,2610301176,,,2,104,
84023,0,102,103,331,101,8,H26103004809,2610301176,,,2,104,
84024,0,102,103,331,101,8,H26103004810,2610301176,,,2,104,
84025,0,102,103,331,101,8,H26103004811,2610301176,,,2,104,
84026,0,102,103,331,101,8,H26103004812,2610301176,,,2,104,
84027,0,102,103,331,101,8,H26103004813,2610301176,,,2,104,
84028,0,102,103,331,101,8,H26103004814,2610301176,,,2,104,
84029,0,102,103,331,101,8,H26103004815,2610301176,,,2,104,
84030,0,102,103,331,101,8,H26103004816,2610301176,,,2,104,
84031,0,102,103,331,101,8,H26103004817,2610301176,,,2,104,
84032,0,102,103,331,101,8,H26103004818,2610301176,,,2,104,
84033,0,102,103,331,101,8,H26103004819,2610301176,,,2,104,
84034,0,102,103,331,101,8,H26103004820,2610301176,,,2,104,
84035,0,102,103,331,101,8,H26103004821,2610301176,,,2,104,
84036,0,102,103,331,101,8,H26103004822,2610301176,,,2,104,
84037,0,102,103,331,101,8,H26103004823,2610301176,,,2,104,
84038,0,102,103,331,101,8,H26103004824,2610301176,,,2,104,
84039,0,102,103,331,101,8,H26103004825,2610301176,,,2,104,
84040,0,102,103,331,101,8,H26103004826,2610301176,,,2,104,
84041,0,102,103,102,101,8,H26103004827,2610301177,,,2,104,
84042,0,102,103,102,101,8,H26103004828,2610301177,,,2,104,
84043,0,102,103,102,101,8,H26103004829,2610301177,,,2,104,
84044,0,102,103,102,101,8,H26103004830,2610301177,,,2,104,
84045,0,102,103,102,101,8,H26103004831,2610301177,,,2,104,
84046,0,102,103,102,101,8,H26103004832,2610301177,,,2,104,
84047,0,102,103,102,101,8,H26103004833,2610301177,,,2,104,
84048,0,102,103,102,101,8,H26103004834,2610301177,,,2,104,
84049,0,102,103,102,101,8,H26103004835,2610301177,,,2,104,
84050,0,102,103,102,101,8,H26103004836,2610301177,,,2,104,
84051,0,102,103,102,101,8,H26103004837,2610301177,,,2,104,
84052,0,102,103,102,101,8,H26103004838,2610301177,,,2,104,
84053,0,102,103,102,101,8,H26103004839,2610301177,,,2,104,
84054,0,102,103,102,101,8,H26103004840,2610301177,,,2,104,
84055,0,102,103,102,101,8,H26103004841,2610301177,,,2,104,
84056,0,102,103,102,101,8,H26103004842,2610301177,,,2,104,
84057,0,102,103,102,101,8,H26103004843,2610301177,,,2,104,
84058,0,102,103,102,101,8,H26103004844,2610301177,,,2,104,
84059,0,102,103,102,101,8,H26103004845,2610301177,,,2,104,
84060,0,102,103,102,101,8,H26103004846,2610301177,,,2,104,
84061,0,102,103,102,101,8,H26103004847,2610301177,,,2,104,
84062,0,102,103,102,101,8,H26103004848,2610301177,,,2,104,
84063,0,102,103,102,101,8,H26103004849,2610301177,,,2,104,
84064,0,102,103,102,101,8,H26103004850,2610301177,,,2,104,
84065,0,102,103,331,101,8,H26103004851,2610301177,,,2,104,
84066,0,102,103,114,101,8,H26103004852,2610301177,,,2,104,
84067,0,102,103,114,101,8,H26103004853,2610301177,,,2,104,
84068,0,102,103,114,101,8,H26103004854,2610301177,,,2,104,
84069,0,102,103,114,101,8,H26103004855,2610301177,,,2,104,
84070,0,102,103,114,101,8,H26103004856,2610301177,,,2,104,
84071,0,102,103,114,101,8,H26103004857,2610301177,,,2,104,
84072,0,102,103,116,101,8,H26103004858,2610301177,,,2,104,
84073,0,102,103,116,101,8,H26103004859,2610301177,,,2,104,
84074,0,102,103,116,101,8,H26103004860,2610301177,,,2,104,
84075,0,102,103,116,101,8,H26103004861,2610301177,,,2,104,
84076,0,102,103,116,101,8,H26103004862,2610301177,,,2,104,
84077,0,102,103,116,101,8,H26103004863,2610301177,,,2,104,
84078,0,102,103,116,101,8,H26103004864,2610301177,,,2,104,
84079,0,102,103,103,101,8,H26103004865,2610301177,,,2,104,
84080,0,102,103,103,101,8,H26103004866,2610301177,,,2,104,
85085,0,102,103,406,101,8,H26103004867,2610301178,,,2,104,
85086,0,102,103,420,101,8,H26103004868,2610301178,,,2,104,
85087,0,102,103,235,101,8,H26103004869,2610301178,,,2,104,
85088,0,102,103,235,101,8,H26103004870,2610301178,,,2,104,
85089,0,102,103,235,101,8,H26103004871,2610301178,,,2,104,
85090,0,102,103,235,101,8,H26103004872,2610301178,,,2,104,
85091,0,102,103,235,101,8,H26103004873,2610301178,,,2,104,
85092,0,102,103,420,101,8,H26103004874,2610301178,,,2,104,
85094,0,102,103,101,101,8,H26103004875,2610301179,,,2,104,
84081,0,102,104,351,101,8,H26104001565,2610401233,,,2,112,
84082,0,102,104,440,101,8,H26104001566,2610401234,,,2,112,
84083,0,102,104,151,101,8,H26104001567,2610401235,,,2,112,
84084,0,102,104,151,101,8,H26104001568,2610401236,,,2,112,
84085,0,102,104,130,101,8,H26104001569,2610401237,,,2,112,
85093,0,102,104,324,101,8,H26104001570,2610401238,,,2,112,
187,0,102,103,102,101,1,I19103000179,1910300062,,,2,104,
188,0,102,103,112,101,1,I19103000180,1910300063,,,2,104,
189,0,102,103,444,101,1,I19103000181,1910300064,,,2,104,
190,0,102,103,444,101,1,I19103000182,1910300064,,,2,104,
191,0,102,103,444,101,1,I19103000183,1910300064,,,2,104,
192,0,102,103,444,101,1,I19103000184,1910300064,,,2,104,
193,0,102,103,444,101,1,I19103000185,1910300064,,,2,104,
194,0,102,103,444,101,1,I19103000186,1910300064,,,2,104,
195,0,102,103,444,101,1,I19103000187,1910300064,,,2,104,
196,0,102,103,444,101,1,I19103000188,1910300064,,,2,104,
197,0,102,103,444,101,1,I19103000189,1910300064,,,2,104,
198,0,102,103,444,101,1,I19103000190,1910300064,,,2,104,
199,0,102,103,444,101,1,I19103000191,1910300064,,,2,104,
200,0,102,103,444,101,1,I19103000192,1910300064,,,2,104,
201,0,102,103,444,101,1,I19103000193,1910300064,,,2,104,
202,0,102,103,444,101,1,I19103000194,1910300064,,,2,104,
203,0,102,103,444,101,1,I19103000195,1910300064,,,2,104,
204,0,102,103,444,101,1,I19103000196,1910300064,,,2,104,
205,0,102,103,112,101,1,I19103000197,1910300065,,,2,104,
206,0,102,103,112,101,1,I19103000198,1910300065,,,2,104,
207,0,102,103,112,101,1,I19103000199,1910300065,,,2,104,
208,0,102,103,112,101,1,I19103000200,1910300065,,,2,104,
209,0,102,103,112,101,1,I19103000201,1910300065,,,2,104,
210,0,102,103,112,101,1,I19103000202,1910300065,,,2,104,
211,0,102,103,445,101,1,I19103000203,1910300066,,,2,104,
212,0,102,103,112,101,1,I19103000204,1910300067,,,2,104,
213,0,102,103,112,101,1,I19103000205,1910300067,,,2,104,
214,0,102,103,112,101,1,I19103000206,1910300067,,,2,104,
215,0,102,103,112,101,1,I19103000207,1910300067,,,2,104,
216,0,102,103,112,101,1,I19103000208,1910300067,,,2,104,
217,0,102,103,112,101,1,I19103000209,1910300067,,,2,104,
218,0,102,103,110,101,1,I19103000210,1910300068,,,2,104,
219,0,102,103,115,101,1,I19103000211,1910300069,,,2,104,
220,0,102,103,101,101,1,I19103000212,1910300070,,,2,104,
221,0,102,103,103,101,1,I19103000213,1910300071,,,2,104,
223,0,102,103,103,101,1,I19103000214,1910300072,,,2,104,
224,0,102,103,110,101,1,I19103000215,1910300073,,,2,104,
225,0,102,103,110,101,1,I19103000216,1910300074,,,2,104,
226,0,102,103,110,101,1,I19103000217,1910300075,,,2,104,
227,0,102,103,101,101,1,I19103000218,1910300076,,,2,104,
228,0,102,103,101,101,1,I19103000219,1910300076,,,2,104,
229,0,102,103,101,101,1,I19103000220,1910300076,,,2,104,
230,0,102,103,101,101,1,I19103000221,1910300076,,,2,104,
231,0,102,103,101,101,1,I19103000222,1910300076,,,2,104,
232,0,102,103,101,101,1,I19103000223,1910300076,,,2,104,
233,0,102,103,101,101,1,I19103000224,1910300076,,,2,104,
234,0,102,103,101,101,1,I19103000225,1910300076,,,2,104,
235,0,102,103,101,101,1,I19103000226,1910300076,,,2,104,
236,0,102,103,101,101,1,I19103000227,1910300076,,,2,104,
237,0,102,103,101,101,1,I19103000228,1910300076,,,2,104,
238,0,102,103,101,101,1,I19103000229,1910300076,,,2,104,
239,0,102,103,101,101,1,I19103000230,1910300077,,,2,104,
240,0,102,103,101,101,1,I19103000231,1910300077,,,2,104,
241,0,102,103,101,101,1,I19103000232,1910300077,,,2,104,
242,0,102,103,101,101,1,I19103000233,1910300077,,,2,104,
243,0,102,103,101,101,1,I19103000234,1910300077,,,2,104,
244,0,102,103,101,101,1,I19103000235,1910300077,,,2,104,
245,0,102,103,101,101,1,I19103000236,1910300077,,,2,104,
246,0,102,103,101,101,1,I19103000237,1910300077,,,2,104,
247,0,102,103,101,101,1,I19103000238,1910300077,,,2,104,
248,0,102,103,331,101,1,I19103000239,1910300078,,,2,104,
249,0,102,103,103,101,1,I19103000240,1910300079,,,2,104,
250,0,102,103,102,101,1,I19103000241,1910300080,,,2,104,
251,0,102,103,110,101,1,I19103000242,1910300081,,,2,104,
252,0,102,103,331,101,1,I19103000243,1910300082,,,2,104,
253,0,102,103,103,101,1,I19103000244,1910300083,,,2,104,
254,0,102,103,331,101,1,I19103000245,1910300084,,,2,104,
255,0,102,103,102,101,1,I19103000246,1910300085,,,2,104,
256,0,102,103,102,101,1,I19103000247,1910300085,,,2,104,
257,0,102,103,102,101,1,I19103000248,1910300085,,,2,104,
258,0,102,103,102,101,1,I19103000249,1910300085,,,2,104,
259,0,102,103,331,101,1,I19103000250,1910300086,,,2,104,
260,0,102,103,331,101,1,I19103000251,1910300087,,,2,104,
261,0,102,103,114,101,1,I19103000252,1910300088,,,2,104,
262,0,102,103,114,101,1,I19103000253,1910300088,,,2,104,
263,0,102,103,114,101,1,I19103000254,1910300088,,,2,104,
264,0,102,103,114,101,1,I19103000255,1910300088,,,2,104,
265,0,102,103,112,101,1,I19103000256,1910300089,,,2,104,
266,0,102,103,112,101,1,I19103000257,1910300089,,,2,104,
267,0,102,103,112,101,1,I19103000258,1910300089,,,2,104,
268,0,102,103,112,101,1,I19103000259,1910300089,,,2,104,
269,0,102,103,112,101,1,I19103000260,1910300089,,,2,104,
270,0,102,103,338,101,1,I19103000261,1910300090,,,2,104,
271,0,102,103,338,101,1,I19103000262,1910300090,,,2,104,
272,0,102,103,338,101,1,I19103000263,1910300090,,,2,104,
273,0,102,103,338,101,1,I19103000264,1910300091,,,2,104,
274,0,102,103,338,101,1,I19103000265,1910300091,,,2,104,
275,0,102,103,338,101,1,I19103000266,1910300091,,,2,104,
276,0,102,103,338,101,1,I19103000267,1910300091,,,2,104,
277,0,102,103,338,101,1,I19103000268,1910300091,,,2,104,
278,0,102,103,112,101,1,I19103000269,1910300092,,,2,104,
279,0,102,103,331,101,1,I19103000270,1910300093,,,2,104,
222,0,102,104,119,101,1,I19104000009,1910400009,,,2,112,
280,0,102,104,133,101,1,I19104000010,1910400010,,,2,112,
1329,0,102,103,443,101,2,I20103001115,2010300353,,,2,104,
1330,0,102,103,116,101,2,I20103001116,2010300354,,,2,104,
1326,0,102,104,119,101,2,I20104000212,2010400212,,,1,112,
1327,0,102,104,151,101,2,I20104000213,2010400213,,,2,112,
1328,0,102,104,119,101,2,I20104000214,2010400214,,,2,112,
1968,0,102,103,112,101,3,I21103001555,2110300496,,,2,104,
1969,0,102,103,107,101,3,I21103001556,2110300497,,,2,104,
1970,0,102,103,106,101,3,I21103001557,2110300498,,,2,104,
2602,0,102,103,102,101,4,I22103001931,2210300621,,,2,104,
2603,0,102,103,102,101,4,I22103001932,2210300621,,,2,104,
2604,0,102,103,102,101,4,I22103001933,2210300621,,,2,104,
2605,0,102,103,102,101,4,I22103001934,2210300621,,,2,104,
2606,0,102,103,102,101,4,I22103001935,2210300621,,,2,104,
2607,0,102,103,331,101,4,I22103001936,2210300621,,,2,104,
2608,0,102,103,331,101,4,I22103001937,2210300621,,,2,104,
2609,0,102,103,331,101,4,I22103001938,2210300621,,,2,104,
2610,0,102,103,331,101,4,I22103001939,2210300621,,,2,104,
2611,0,102,103,331,101,4,I22103001940,2210300621,,,2,104,
2612,0,102,103,331,101,4,I22103001941,2210300621,,,2,104,
2613,0,102,103,331,101,4,I22103001942,2210300621,,,2,104,
2614,0,102,103,331,101,4,I22103001943,2210300621,,,2,104,
2615,0,102,103,331,101,4,I22103001944,2210300621,,,2,104,
2616,0,102,103,331,101,4,I22103001945,2210300621,,,2,104,
2617,0,102,103,374,101,4,I22103001946,2210300622,,,2,104,
2618,0,102,103,374,101,4,I22103001947,2210300622,,,2,104,
2619,0,102,103,374,101,4,I22103001948,2210300622,,,2,104,
2620,0,102,103,374,101,4,I22103001949,2210300622,,,2,104,
2621,0,102,103,235,101,4,I22103001950,2210300622,,,2,104,
2622,0,102,103,235,101,4,I22103001951,2210300622,,,2,104,
2623,0,102,103,235,101,4,I22103001952,2210300622,,,2,104,
2624,0,102,103,235,101,4,I22103001953,2210300622,,,2,104,
2625,0,102,103,235,101,4,I22103001954,2210300622,,,2,104,
2626,0,102,103,235,101,4,I22103001955,2210300622,,,2,104,
2627,0,102,103,235,101,4,I22103001956,2210300622,,,2,104,
2628,0,102,103,411,101,4,I22103001957,2210300623,,,2,104,
2629,0,102,103,411,101,4,I22103001958,2210300623,,,2,104,
2630,0,102,103,411,101,4,I22103001959,2210300623,,,2,104,
2631,0,102,103,411,101,4,I22103001960,2210300623,,,2,104,
2632,0,102,103,411,101,4,I22103001961,2210300623,,,2,104,
2633,0,102,103,411,101,4,I22103001962,2210300623,,,2,104,
2634,0,102,103,331,101,4,I22103001963,2210300623,,,2,104,
2635,0,102,103,331,101,4,I22103001964,2210300623,,,2,104,
2636,0,102,103,331,101,4,I22103001965,2210300623,,,2,104,
2637,0,102,103,331,101,4,I22103001966,2210300623,,,2,104,
2638,0,102,103,331,101,4,I22103001967,2210300623,,,2,104,
2639,0,102,103,331,101,4,I22103001968,2210300623,,,2,104,
2640,0,102,103,331,101,4,I22103001969,2210300623,,,2,104,
2641,0,102,103,331,101,4,I22103001970,2210300623,,,2,104,
2642,0,102,103,331,101,4,I22103001971,2210300623,,,2,104,
2643,0,102,103,331,101,4,I22103001972,2210300623,,,2,104,
2644,0,102,103,102,101,4,I22103001973,2210300623,,,2,104,
2645,0,102,103,102,101,4,I22103001974,2210300623,,,2,104,
2646,0,102,103,102,101,4,I22103001975,2210300623,,,2,104,
2647,0,102,103,102,101,4,I22103001976,2210300623,,,2,104,
2648,0,102,103,102,101,4,I22103001977,2210300623,,,2,104,
2649,0,102,103,102,101,4,I22103001978,2210300623,,,2,104,
2650,0,102,103,102,101,4,I22103001979,2210300623,,,2,104,
2651,0,102,103,102,101,4,I22103001980,2210300623,,,2,104,
2652,0,102,103,331,101,4,I22103001981,2210300624,,,2,104,
2653,0,102,103,331,101,4,I22103001982,2210300624,,,2,104,
2654,0,102,103,331,101,4,I22103001983,2210300624,,,2,104,
2655,0,102,103,331,101,4,I22103001984,2210300624,,,2,104,
2656,0,102,103,331,101,4,I22103001985,2210300624,,,2,104,
2657,0,102,103,331,101,4,I22103001986,2210300624,,,2,104,
2658,0,102,103,331,101,4,I22103001987,2210300624,,,2,104,
2659,0,102,103,331,101,4,I22103001988,2210300624,,,2,104,
2660,0,102,103,331,101,4,I22103001989,2210300624,,,2,104,
2661,0,102,103,331,101,4,I22103001990,2210300624,,,2,104,
2662,0,102,103,331,101,4,I22103001991,2210300624,,,2,104,
2663,0,102,103,331,101,4,I22103001992,2210300624,,,2,104,
2664,0,102,103,331,101,4,I22103001993,2210300624,,,2,104,
2665,0,102,103,331,101,4,I22103001994,2210300624,,,2,104,
2666,0,102,103,331,101,4,I22103001995,2210300624,,,2,104,
2667,0,102,103,331,101,4,I22103001996,2210300624,,,2,104,
2668,0,102,103,331,101,4,I22103001997,2210300624,,,2,104,
2669,0,102,103,331,101,4,I22103001998,2210300624,,,2,104,
2670,0,102,103,331,101,4,I22103001999,2210300625,,,2,104,
2671,0,102,103,331,101,4,I22103002000,2210300625,,,2,104,
2672,0,102,103,331,101,4,I22103002001,2210300625,,,2,104,
2673,0,102,103,102,101,4,I22103002002,2210300626,,,2,104,
2674,0,102,103,102,101,4,I22103002003,2210300626,,,2,104,
2675,0,102,103,102,101,4,I22103002004,2210300626,,,2,104,
2676,0,102,103,102,101,4,I22103002005,2210300626,,,2,104,
2677,0,102,103,102,101,4,I22103002006,2210300626,,,2,104,
2678,0,102,103,102,101,4,I22103002007,2210300626,,,2,104,
2679,0,102,103,102,101,4,I22103002008,2210300626,,,2,104,
2680,0,102,103,112,101,4,I22103002009,2210300627,,,2,104,
2681,0,102,103,112,101,4,I22103002010,2210300627,,,2,104,
2682,0,102,103,112,101,4,I22103002011,2210300627,,,2,104,
2683,0,102,103,112,101,4,I22103002012,2210300627,,,2,104,
2684,0,102,103,338,101,4,I22103002013,2210300627,,,2,104,
2685,0,102,103,338,101,4,I22103002014,2210300627,,,2,104,
2686,0,102,103,338,101,4,I22103002015,2210300627,,,2,104,
2687,0,102,103,338,101,4,I22103002016,2210300627,,,2,104,
2688,0,102,103,338,101,4,I22103002017,2210300627,,,2,104,
2689,0,102,103,112,101,4,I22103002018,2210300628,,,2,104,
2690,0,102,103,112,101,4,I22103002019,2210300629,,,2,104,
2691,0,102,103,327,101,4,I22103002020,2210300630,,,2,104,
2692,0,102,103,327,101,4,I22103002021,2210300630,,,2,104,
2693,0,102,103,327,101,4,I22103002022,2210300630,,,2,104,
2694,0,102,103,327,101,4,I22103002023,2210300630,,,2,104,
2695,0,102,103,327,101,4,I22103002024,2210300630,,,2,104,
2696,0,102,103,374,101,4,I22103002025,2210300631,,,2,104,
2697,0,102,103,374,101,4,I22103002026,2210300631,,,2,104,
2698,0,102,103,374,101,4,I22103002027,2210300631,,,2,104,
2699,0,102,103,374,101,4,I22103002028,2210300631,,,2,104,
2700,0,102,103,374,101,4,I22103002029,2210300631,,,2,104,
2701,0,102,103,374,101,4,I22103002030,2210300631,,,2,104,
2702,0,102,103,374,101,4,I22103002031,2210300631,,,2,104,
2703,0,102,103,374,101,4,I22103002032,2210300631,,,2,104,
2704,0,102,103,374,101,4,I22103002033,2210300631,,,2,104,
2705,0,102,103,374,101,4,I22103002034,2210300631,,,2,104,
2706,0,102,103,374,101,4,I22103002035,2210300631,,,2,104,
2707,0,102,103,374,101,4,I22103002036,2210300631,,,2,104,
2708,0,102,103,374,101,4,I22103002037,2210300631,,,2,104,
2709,0,102,103,374,101,4,I22103002038,2210300631,,,2,104,
2710,0,102,103,374,101,4,I22103002039,2210300631,,,2,104,
2711,0,102,103,374,101,4,I22103002040,2210300631,,,2,104,
2712,0,102,103,374,101,4,I22103002041,2210300631,,,2,104,
2713,0,102,103,374,101,4,I22103002042,2210300631,,,2,104,
2714,0,102,103,374,101,4,I22103002043,2210300631,,,2,104,
2715,0,102,103,235,101,4,I22103002044,2210300631,,,2,104,
2716,0,102,103,235,101,4,I22103002045,2210300631,,,2,104,
2717,0,102,103,235,101,4,I22103002046,2210300631,,,2,104,
2718,0,102,103,107,101,4,I22103002047,2210300632,,,2,104,
2719,0,102,103,107,101,4,I22103002048,2210300632,,,2,104,
2720,0,102,103,107,101,4,I22103002049,2210300632,,,2,104,
2721,0,102,103,107,101,4,I22103002050,2210300632,,,2,104,
2722,0,102,103,107,101,4,I22103002051,2210300632,,,2,104,
2723,0,102,103,107,101,4,I22103002052,2210300632,,,2,104,
2724,0,102,103,107,101,4,I22103002053,2210300632,,,2,104,
2725,0,102,103,107,101,4,I22103002054,2210300632,,,2,104,
2726,0,102,103,107,101,4,I22103002055,2210300632,,,2,104,
2727,0,102,103,107,101,4,I22103002056,2210300632,,,2,104,
2728,0,102,103,107,101,4,I22103002057,2210300632,,,2,104,
2729,0,102,103,107,101,4,I22103002058,2210300632,,,2,104,
2730,0,102,103,107,101,4,I22103002059,2210300632,,,2,104,
2731,0,102,103,107,101,4,I22103002060,2210300632,,,2,104,
2732,0,102,103,107,101,4,I22103002061,2210300632,,,2,104,
2733,0,102,103,107,101,4,I22103002062,2210300632,,,2,104,
2734,0,102,103,107,101,4,I22103002063,2210300632,,,2,104,
2735,0,102,103,114,101,4,I22103002064,2210300632,,,2,104,
2736,0,102,103,114,101,4,I22103002065,2210300632,,,2,104,
2737,0,102,103,101,101,4,I22103002066,2210300633,,,2,104,
2738,0,102,103,101,101,4,I22103002067,2210300633,,,2,104,
2739,0,102,103,101,101,4,I22103002068,2210300633,,,2,104,
2740,0,102,103,101,101,4,I22103002069,2210300633,,,2,104,
2741,0,102,103,101,101,4,I22103002070,2210300633,,,2,104,
2742,0,102,103,101,101,4,I22103002071,2210300633,,,2,104,
2743,0,102,103,101,101,4,I22103002072,2210300633,,,2,104,
2744,0,102,103,101,101,4,I22103002073,2210300633,,,2,104,
2745,0,102,103,101,101,4,I22103002074,2210300633,,,2,104,
2746,0,102,103,101,101,4,I22103002075,2210300633,,,2,104,
2747,0,102,103,101,101,4,I22103002076,2210300633,,,2,104,
2748,0,102,103,101,101,4,I22103002077,2210300633,,,2,104,
2749,0,102,103,101,101,4,I22103002078,2210300633,,,2,104,
2750,0,102,103,101,101,4,I22103002079,2210300633,,,2,104,
2751,0,102,103,101,101,4,I22103002080,2210300633,,,2,104,
2801,0,102,103,110,101,4,I22103002081,2210300634,,,2,104,
2802,0,102,103,110,101,4,I22103002082,2210300634,,,2,104,
2803,0,102,103,110,101,4,I22103002083,2210300634,,,2,104,
2804,0,102,103,110,101,4,I22103002084,2210300634,,,2,104,
2805,0,102,103,110,101,4,I22103002085,2210300634,,,2,104,
2806,0,102,103,110,101,4,I22103002086,2210300634,,,2,104,
2807,0,102,103,110,101,4,I22103002087,2210300634,,,2,104,
2808,0,102,103,110,101,4,I22103002088,2210300634,,,2,104,
2809,0,102,103,110,101,4,I22103002089,2210300634,,,2,104,
2810,0,102,103,110,101,4,I22103002090,2210300634,,,2,104,
2811,0,102,103,110,101,4,I22103002091,2210300634,,,2,104,
2812,0,102,103,110,101,4,I22103002092,2210300634,,,2,104,
2813,0,102,103,110,101,4,I22103002093,2210300634,,,2,104,
2814,0,102,103,110,101,4,I22103002094,2210300634,,,2,104,
2815,0,102,103,110,101,4,I22103002095,2210300634,,,2,104,
2816,0,102,103,110,101,4,I22103002096,2210300634,,,2,104,
2817,0,102,103,110,101,4,I22103002097,2210300634,,,2,104,
2818,0,102,103,110,101,4,I22103002098,2210300634,,,2,104,
2819,0,102,103,110,101,4,I22103002099,2210300635,,,2,104,
2820,0,102,103,235,101,4,I22103002100,2210300636,,,2,104,
2821,0,102,103,331,101,4,I22103002101,2210300636,,,2,104,
2823,0,102,103,113,101,4,I22103002102,2210300637,,,2,104,
2830,0,102,103,101,101,4,I22103002103,2210300638,,,2,104,
2833,0,102,103,102,101,4,I22103002104,2210300639,,,2,104,
2837,0,102,103,113,101,4,I22103002105,2210300640,,,2,104,
2839,0,102,103,102,101,4,I22103002106,2210300641,,,2,104,
2843,0,102,103,331,101,4,I22103002107,2210300642,,,2,104,
2844,0,102,103,331,101,4,I22103002108,2210300643,,,2,104,
2845,0,102,103,102,101,4,I22103002109,2210300644,,,2,104,
2783,0,102,104,119,101,4,I22104000604,2210400604,,,2,112,
2784,0,102,104,119,101,4,I22104000605,2210400605,,,2,112,
2822,0,102,104,123,101,4,I22104000606,2210400606,,,2,112,
2824,0,102,104,127,101,4,I22104000607,2210400607,,,2,112,
2825,0,102,104,120,101,4,I22104000608,2210400608,,,2,112,
2826,0,102,104,119,101,4,I22104000609,2210400609,,,2,112,
2827,0,102,104,119,101,4,I22104000610,2210400610,,,2,112,
2828,0,102,104,119,101,4,I22104000611,2210400611,,,2,112,
2829,0,102,104,119,101,4,I22104000612,2210400612,,,2,112,
2831,0,102,104,119,101,4,I22104000613,2210400613,,,2,112,
2832,0,102,104,139,101,4,I22104000614,2210400614,,,2,112,
2834,0,102,104,132,101,4,I22104000615,2210400615,,,2,112,
2835,0,102,104,123,101,4,I22104000616,2210400616,,,2,112,
2836,0,102,104,119,101,4,I22104000617,2210400617,,,2,112,
2838,0,102,104,119,101,4,I22104000618,2210400618,,,2,112,
2840,0,102,104,122,101,4,I22104000619,2210400619,,,2,112,
2841,0,102,104,119,101,4,I22104000620,2210400620,,,2,112,
2842,0,102,104,119,101,4,I22104000621,2210400621,,,2,112,
2752,0,105,107,273,101,4,I22107000069,2210700014,,,2,113,
2753,0,105,107,273,101,4,I22107000070,2210700014,,,2,113,
2754,0,105,107,273,101,4,I22107000071,2210700014,,,2,113,
2755,0,105,107,273,101,4,I22107000072,2210700015,,,2,113,
2756,0,105,107,273,101,4,I22107000073,2210700015,,,2,113,
2757,0,105,107,273,101,4,I22107000074,2210700015,,,2,113,
2758,0,105,107,273,101,4,I22107000075,2210700016,,,2,113,
2759,0,105,107,273,101,4,I22107000076,2210700016,,,2,113,
2760,0,105,107,273,101,4,I22107000077,2210700016,,,2,113,
2761,0,105,107,273,101,4,I22107000078,2210700017,,,2,113,
2762,0,105,107,273,101,4,I22107000079,2210700017,,,2,113,
2763,0,105,107,273,101,4,I22107000080,2210700017,,,2,113,
2764,0,105,107,273,101,4,I22107000081,2210700017,,,2,113,
2765,0,105,107,273,101,4,I22107000082,2210700017,,,2,113,
2766,0,105,107,273,101,4,I22107000083,2210700017,,,2,113,
2767,0,105,107,273,101,4,I22107000084,2210700018,,,2,113,
2768,0,105,107,273,101,4,I22107000085,2210700019,,,2,113,
2769,0,105,107,273,101,4,I22107000086,2210700019,,,2,113,
2770,0,105,107,273,101,4,I22107000087,2210700019,,,2,113,
2771,0,105,107,273,101,4,I22107000088,2210700019,,,2,113,
2772,0,105,107,273,101,4,I22107000089,2210700019,,,2,113,
2773,0,105,107,273,101,4,I22107000090,2210700019,,,2,113,
2774,0,105,107,273,101,4,I22107000091,2210700019,,,2,113,
2775,0,105,107,273,101,4,I22107000092,2210700019,,,2,113,
2776,0,105,107,273,101,4,I22107000093,2210700019,,,2,113,
2777,0,105,107,273,101,4,I22107000094,2210700019,,,2,113,
2778,0,105,107,273,101,4,I22107000095,2210700019,,,2,113,
2779,0,105,107,273,101,4,I22107000096,2210700019,,,2,113,
2780,0,105,107,273,101,4,I22107000097,2210700019,,,2,113,
2781,0,105,107,273,101,4,I22107000098,2210700019,,,2,113,
2782,0,105,107,273,101,4,I22107000099,2210700019,,,2,113,
2785,0,105,107,427,101,4,I22107000100,2210700020,,,2,113,
2786,0,105,107,427,101,4,I22107000101,2210700020,,,2,113,
2787,0,105,107,427,101,4,I22107000102,2210700020,,,2,113,
2788,0,105,107,427,101,4,I22107000103,2210700020,,,2,113,
2789,0,105,107,427,101,4,I22107000104,2210700020,,,2,113,
2790,0,105,107,427,101,4,I22107000105,2210700020,,,2,113,
2791,0,105,107,427,101,4,I22107000106,2210700020,,,2,113,
2792,0,105,107,427,101,4,I22107000107,2210700020,,,2,113,
2793,0,105,107,427,101,4,I22107000108,2210700020,,,2,113,
2794,0,105,107,427,101,4,I22107000109,2210700020,,,2,113,
2795,0,105,107,427,101,4,I22107000110,2210700020,,,2,113,
2796,0,105,107,427,101,4,I22107000111,2210700020,,,2,113,
2797,0,105,107,427,101,4,I22107000112,2210700020,,,2,113,
2798,0,105,107,427,101,4,I22107000113,2210700020,,,2,113,
2799,0,105,107,427,101,4,I22107000114,2210700020,,,2,113,
2800,0,105,107,427,101,4,I22107000115,2210700020,,,2,113,
3957,0,102,103,407,101,5,I23103002861,2310300791,,,2,104,
3959,0,102,103,235,101,5,I23103002862,2310300792,,,2,104,
3960,0,102,103,235,101,5,I23103002863,2310300792,,,2,104,
3961,0,102,103,101,101,5,I23103002864,2310300793,,,2,104,
3962,0,102,103,101,101,5,I23103002865,2310300793,,,2,104,
3963,0,102,103,101,101,5,I23103002866,2310300793,,,2,104,
3964,0,102,103,101,101,5,I23103002867,2310300793,,,2,104,
3965,0,102,103,101,101,5,I23103002868,2310300793,,,2,104,
3966,0,102,103,103,101,5,I23103002869,2310300793,,,2,104,
3967,0,102,103,103,101,5,I23103002870,2310300793,,,2,104,
3968,0,102,103,103,101,5,I23103002871,2310300793,,,2,104,
3969,0,102,103,407,101,5,I23103002872,2310300794,,,2,104,
3970,0,102,103,407,101,5,I23103002873,2310300794,,,2,104,
3971,0,102,103,407,101,5,I23103002874,2310300794,,,2,104,
3972,0,102,103,407,101,5,I23103002875,2310300794,,,2,104,
3973,0,102,103,407,101,5,I23103002876,2310300794,,,2,104,
3974,0,102,103,407,101,5,I23103002877,2310300794,,,2,104,
3975,0,102,103,407,101,5,I23103002878,2310300794,,,2,104,
3976,0,102,103,407,101,5,I23103002879,2310300794,,,2,104,
3977,0,102,103,407,101,5,I23103002880,2310300794,,,2,104,
3978,0,102,103,115,101,5,I23103002881,2310300794,,,2,104,
3979,0,102,103,115,101,5,I23103002882,2310300794,,,2,104,
3980,0,102,103,115,101,5,I23103002883,2310300794,,,2,104,
3981,0,102,103,115,101,5,I23103002884,2310300794,,,2,104,
3982,0,102,103,115,101,5,I23103002885,2310300794,,,2,104,
3983,0,102,103,115,101,5,I23103002886,2310300794,,,2,104,
3984,0,102,103,115,101,5,I23103002887,2310300794,,,2,104,
3985,0,102,103,115,101,5,I23103002888,2310300794,,,2,104,
3986,0,102,103,115,101,5,I23103002889,2310300794,,,2,104,
3987,0,102,103,115,101,5,I23103002890,2310300794,,,2,104,
3988,0,102,103,115,101,5,I23103002891,2310300794,,,2,104,
3989,0,102,103,115,101,5,I23103002892,2310300794,,,2,104,
3990,0,102,103,115,101,5,I23103002893,2310300794,,,2,104,
3991,0,102,103,115,101,5,I23103002894,2310300794,,,2,104,
3992,0,102,103,115,101,5,I23103002895,2310300794,,,2,104,
3993,0,102,103,115,101,5,I23103002896,2310300794,,,2,104,
3994,0,102,103,115,101,5,I23103002897,2310300794,,,2,104,
3995,0,102,103,115,101,5,I23103002898,2310300794,,,2,104,
3996,0,102,103,115,101,5,I23103002899,2310300794,,,2,104,
3997,0,102,103,406,101,5,I23103002900,2310300794,,,2,104,
3998,0,102,103,406,101,5,I23103002901,2310300794,,,2,104,
3999,0,102,103,420,101,5,I23103002902,2310300794,,,2,104,
4000,0,102,103,420,101,5,I23103002903,2310300794,,,2,104,
4001,0,102,103,402,101,5,I23103002904,2310300794,,,2,104,
4002,0,102,103,402,101,5,I23103002905,2310300794,,,2,104,
4003,0,102,103,402,101,5,I23103002906,2310300794,,,2,104,
4004,0,102,103,103,101,5,I23103002907,2310300794,,,2,104,
4005,0,102,103,103,101,5,I23103002908,2310300794,,,2,104,
4006,0,102,103,103,101,5,I23103002909,2310300794,,,2,104,
4007,0,102,103,103,101,5,I23103002910,2310300794,,,2,104,
4014,0,102,103,169,101,5,I23103002911,2310300795,,,2,104,
3956,0,102,104,140,101,5,I23104000816,2310400816,,,2,112,
3958,0,102,104,119,101,5,I23104000817,2310400817,,,2,112,
4008,0,102,104,119,101,5,I23104000818,2310400818,,,2,112,
4009,0,102,104,289,101,5,I23104000819,2310400819,,,2,112,
4010,0,102,104,119,101,5,I23104000820,2310400820,,,2,112,
4011,0,102,104,151,101,5,I23104000821,2310400821,,,2,112,
4012,0,102,104,119,101,5,I23104000822,2310400822,,,2,112,
4013,0,102,104,346,101,5,I23104000823,2310400823,,,2,112,
4978,0,102,103,101,101,6,I24103003322,2410300905,,,2,104,
4979,0,102,103,112,101,6,I24103003323,2410300906,,,2,104,
4980,0,102,103,112,101,6,I24103003324,2410300906,,,2,104,
4981,0,102,103,112,101,6,I24103003325,2410300906,,,2,104,
4982,0,102,103,112,101,6,I24103003326,2410300906,,,2,104,
4983,0,102,103,112,101,6,I24103003327,2410300906,,,2,104,
4984,0,102,103,112,101,6,I24103003328,2410300906,,,2,104,
4985,0,102,103,112,101,6,I24103003329,2410300906,,,2,104,
4986,0,102,103,112,101,6,I24103003330,2410300906,,,2,104,
4987,0,102,103,338,101,6,I24103003331,2410300906,,,2,104,
4988,0,102,103,338,101,6,I24103003332,2410300906,,,2,104,
4989,0,102,103,338,101,6,I24103003333,2410300906,,,2,104,
4990,0,102,103,338,101,6,I24103003334,2410300906,,,2,104,
4991,0,102,103,235,101,6,I24103003335,2410300906,,,2,104,
4992,0,102,103,235,101,6,I24103003336,2410300906,,,2,104,
4993,0,102,103,235,101,6,I24103003337,2410300906,,,2,104,
4994,0,102,103,235,101,6,I24103003338,2410300906,,,2,104,
4995,0,102,103,235,101,6,I24103003339,2410300906,,,2,104,
4996,0,102,103,235,101,6,I24103003340,2410300906,,,2,104,
4997,0,102,103,235,101,6,I24103003341,2410300906,,,2,104,
4998,0,102,103,235,101,6,I24103003342,2410300906,,,2,104,
4999,0,102,103,235,101,6,I24103003343,2410300906,,,2,104,
5000,0,102,103,235,101,6,I24103003344,2410300906,,,2,104,
5001,0,102,103,235,101,6,I24103003345,2410300906,,,2,104,
5002,0,102,103,235,101,6,I24103003346,2410300906,,,2,104,
5003,0,102,103,235,101,6,I24103003347,2410300906,,,2,104,
5004,0,102,103,235,101,6,I24103003348,2410300906,,,2,104,
5005,0,102,103,235,101,6,I24103003349,2410300906,,,2,104,
5006,0,102,103,235,101,6,I24103003350,2410300906,,,2,104,
5007,0,102,103,235,101,6,I24103003351,2410300906,,,2,104,
5008,0,102,103,235,101,6,I24103003352,2410300906,,,2,104,
5009,0,102,103,235,101,6,I24103003353,2410300906,,,2,104,
5010,0,102,103,235,101,6,I24103003354,2410300906,,,2,104,
5011,0,102,103,235,101,6,I24103003355,2410300906,,,2,104,
5012,0,102,103,235,101,6,I24103003356,2410300906,,,2,104,
5013,0,102,103,235,101,6,I24103003357,2410300906,,,2,104,
5014,0,102,103,235,101,6,I24103003358,2410300906,,,2,104,
5015,0,102,103,235,101,6,I24103003359,2410300906,,,2,104,
5016,0,102,103,235,101,6,I24103003360,2410300906,,,2,104,
5017,0,102,103,235,101,6,I24103003361,2410300906,,,2,104,
5018,0,102,103,235,101,6,I24103003362,2410300906,,,2,104,
5019,0,102,103,235,101,6,I24103003363,2410300906,,,2,104,
5020,0,102,103,101,101,6,I24103003364,2410300907,,,2,104,
5021,0,102,103,101,101,6,I24103003365,2410300907,,,2,104,
5022,0,102,103,101,101,6,I24103003366,2410300907,,,2,104,
5023,0,102,103,102,101,6,I24103003367,2410300907,,,2,104,
5024,0,102,103,102,101,6,I24103003368,2410300907,,,2,104,
5025,0,102,103,331,101,6,I24103003369,2410300907,,,2,104,
5026,0,102,103,331,101,6,I24103003370,2410300907,,,2,104,
5027,0,102,103,331,101,6,I24103003371,2410300907,,,2,104,
5028,0,102,103,331,101,6,I24103003372,2410300907,,,2,104,
5029,0,102,103,331,101,6,I24103003373,2410300907,,,2,104,
5030,0,102,103,331,101,6,I24103003374,2410300907,,,2,104,
5031,0,102,103,331,101,6,I24103003375,2410300907,,,2,104,
5032,0,102,103,331,101,6,I24103003376,2410300907,,,2,104,
5033,0,102,103,331,101,6,I24103003377,2410300907,,,2,104,
5034,0,102,103,327,101,6,I24103003378,2410300908,,,2,104,
5035,0,102,103,327,101,6,I24103003379,2410300908,,,2,104,
5036,0,102,103,101,101,6,I24103003380,2410300908,,,2,104,
5037,0,102,103,101,101,6,I24103003381,2410300908,,,2,104,
5038,0,102,103,101,101,6,I24103003382,2410300908,,,2,104,
5039,0,102,103,110,101,6,I24103003383,2410300909,,,2,104,
5040,0,102,103,110,101,6,I24103003384,2410300909,,,2,104,
5041,0,102,103,110,101,6,I24103003385,2410300909,,,2,104,
5042,0,102,103,110,101,6,I24103003386,2410300909,,,2,104,
5043,0,102,103,102,101,6,I24103003387,2410300910,,,2,104,
5044,0,102,103,102,101,6,I24103003388,2410300910,,,2,104,
5045,0,102,103,112,101,6,I24103003389,2410300911,,,2,104,
5046,0,102,103,112,101,6,I24103003390,2410300911,,,2,104,
5047,0,102,103,331,101,6,I24103003391,2410300911,,,2,104,
5048,0,102,103,374,101,6,I24103003392,2410300912,,,2,104,
5049,0,102,103,110,101,6,I24103003393,2410300913,,,2,104,
5050,0,102,103,331,101,6,I24103003394,2410300914,,,2,104,
5053,0,102,103,116,101,6,I24103003395,2410300915,,,2,104,
5054,0,102,103,113,101,6,I24103003396,2410300916,,,2,104,
5057,0,102,103,176,101,6,I24103003397,2410300917,,,2,104,
5058,0,102,103,235,101,6,I24103003398,2410300918,,,2,104,
5059,0,102,103,110,101,6,I24103003399,2410300918,,,2,104,
5060,0,102,103,110,101,6,I24103003400,2410300918,,,2,104,
5061,0,102,103,235,101,6,I24103003401,2410300919,,,2,104,
5062,0,102,103,110,101,6,I24103003402,2410300919,,,2,104,
5063,0,102,103,110,101,6,I24103003403,2410300919,,,2,104,
5064,0,102,103,327,101,6,I24103003404,2410300920,,,2,104,
5065,0,102,103,331,101,6,I24103003405,2410300921,,,2,104,
5066,0,102,103,116,101,6,I24103003406,2410300922,,,2,104,
5067,0,102,103,116,101,6,I24103003407,2410300923,,,2,104,
5070,0,102,103,113,101,6,I24103003408,2410300924,,,2,104,
5071,0,102,103,116,101,6,I24103003409,2410300925,,,2,104,
5051,0,102,104,440,101,6,I24104001360,2410401028,,,2,112,
5052,0,102,104,120,101,6,I24104001361,2410401029,,,2,112,
5055,0,102,104,127,101,6,I24104001362,2410401030,,,2,112,
5056,0,102,104,120,101,6,I24104001363,2410401031,,,2,112,
5068,0,102,104,351,101,6,I24104001364,2410401032,,,2,112,
5069,0,102,104,351,101,6,I24104001365,2410401033,,,2,112,
5072,0,102,104,351,101,6,I24104001366,2410401034,,,2,112,
5073,0,102,104,440,101,6,I24104001367,2410401035,,,2,112,
5074,0,102,104,151,101,6,I24104001368,2410401036,,,2,112,
5075,0,102,104,119,101,6,I24104001369,2410401037,,,2,112,
37381,0,102,103,102,101,7,I25103004089,2510301040,,,2,104,
37382,0,102,103,102,101,7,I25103004090,2510301040,,,2,104,
37383,0,102,103,102,101,7,I25103004091,2510301040,,,2,104,
37384,0,102,103,102,101,7,I25103004092,2510301040,,,2,104,
37385,0,102,103,102,101,7,I25103004093,2510301040,,,2,104,
37386,0,102,103,102,101,7,I25103004094,2510301040,,,2,104,
37387,0,102,103,102,101,7,I25103004095,2510301040,,,2,104,
37388,0,102,103,102,101,7,I25103004096,2510301040,,,2,104,
37389,0,102,103,102,101,7,I25103004097,2510301040,,,2,104,
37390,0,102,103,331,101,7,I25103004098,2510301040,,,2,104,
37391,0,102,103,331,101,7,I25103004099,2510301040,,,2,104,
37392,0,102,103,331,101,7,I25103004100,2510301040,,,2,104,
37393,0,102,103,331,101,7,I25103004101,2510301040,,,2,104,
37394,0,102,103,331,101,7,I25103004102,2510301040,,,2,104,
37395,0,102,103,331,101,7,I25103004103,2510301040,,,2,104,
37396,0,102,103,331,101,7,I25103004104,2510301040,,,2,104,
37397,0,102,103,331,101,7,I25103004105,2510301040,,,2,104,
37398,0,102,103,331,101,7,I25103004106,2510301040,,,2,104,
37399,0,102,103,331,101,7,I25103004107,2510301040,,,2,104,
37400,0,102,103,331,101,7,I25103004108,2510301040,,,2,104,
37401,0,102,103,116,101,7,I25103004109,2510301040,,,2,104,
37402,0,102,103,116,101,7,I25103004110,2510301040,,,2,104,
37403,0,102,103,116,101,7,I25103004111,2510301040,,,2,104,
37404,0,102,103,235,101,7,I25103004112,2510301040,,,2,104,
37405,0,102,103,235,101,7,I25103004113,2510301040,,,2,104,
37406,0,102,103,235,101,7,I25103004114,2510301040,,,2,104,
37407,0,102,103,331,101,7,I25103004115,2510301041,,,2,104,
37408,0,102,103,115,101,7,I25103004116,2510301041,,,2,104,
39381,0,102,103,331,101,7,I25103004117,2510301042,,,2,104,
40382,0,102,103,113,101,7,I25103004118,2510301043,,,2,104,
41382,0,102,103,115,101,7,I25103004119,2510301044,,,2,104,
41383,0,102,103,107,101,7,I25103004120,2510301045,,,2,104,
37409,0,102,104,139,101,7,I25104001460,2510401128,,,2,112,
37410,0,102,104,119,101,7,I25104001461,2510401129,,,2,112,
38381,0,102,104,151,101,7,I25104001462,2510401130,,,2,112,
38382,0,102,104,289,101,7,I25104001463,2510401131,,,2,112,
39382,0,102,104,151,101,7,I25104001464,2510401132,,,2,112,
39383,0,102,104,353,101,7,I25104001465,2510401133,,,2,112,
86095,0,102,103,101,101,8,I26103004876,2610301180,,,2,104,
86096,0,102,103,101,101,8,I26103004877,2610301180,,,2,104,
86097,0,102,103,101,101,8,I26103004878,2610301180,,,2,104,
86098,0,102,103,235,101,8,I26103004879,2610301180,,,2,104,
86099,0,102,103,235,101,8,I26103004880,2610301180,,,2,104,
86100,0,102,103,235,101,8,I26103004881,2610301180,,,2,104,
86101,0,102,103,235,101,8,I26103004882,2610301180,,,2,104,
86103,0,102,103,101,101,8,I26103004883,2610301181,,,2,104,
86104,0,102,103,420,101,8,I26103004884,2610301181,,,2,104,
87103,0,102,103,406,101,8,I26103004885,2610301182,,,2,104,
86094,0,102,104,353,101,8,I26104001571,2610401239,,,2,112,
86102,0,102,104,351,101,8,I26104001572,2610401240,,,2,112,
281,0,102,103,102,101,1,J19103000271,1910300094,,,2,104,
282,0,102,103,101,101,1,J19103000272,1910300095,,,2,104,
283,0,102,103,238,101,1,J19103000273,1910300096,,,2,104,
285,0,102,103,115,101,1,J19103000274,1910300097,,,2,104,
286,0,102,103,101,101,1,J19103000275,1910300098,,,2,104,
287,0,102,103,101,101,1,J19103000276,1910300098,,,2,104,
288,0,102,103,101,101,1,J19103000277,1910300098,,,2,104,
289,0,102,103,101,101,1,J19103000278,1910300098,,,2,104,
290,0,102,103,101,101,1,J19103000279,1910300098,,,2,104,
291,0,102,103,101,101,1,J19103000280,1910300099,,,2,104,
292,0,102,103,101,101,1,J19103000281,1910300099,,,2,104,
293,0,102,103,114,101,1,J19103000282,1910300100,,,2,104,
294,0,102,103,114,101,1,J19103000283,1910300100,,,2,104,
295,0,102,103,103,101,1,J19103000284,1910300101,,,2,104,
296,0,102,103,103,101,1,J19103000285,1910300101,,,2,104,
297,0,102,103,103,101,1,J19103000286,1910300101,,,2,104,
298,0,102,103,103,101,1,J19103000287,1910300101,,,2,104,
299,0,102,103,103,101,1,J19103000288,1910300101,,,2,104,
300,0,102,103,103,101,1,J19103000289,1910300101,,,2,104,
301,0,102,103,103,101,1,J19103000290,1910300101,,,2,104,
302,0,102,103,103,101,1,J19103000291,1910300101,,,2,104,
303,0,102,103,103,101,1,J19103000292,1910300101,,,2,104,
304,0,102,103,103,101,1,J19103000293,1910300101,,,2,104,
305,0,102,103,103,101,1,J19103000294,1910300101,,,2,104,
306,0,102,103,103,101,1,J19103000295,1910300101,,,2,104,
307,0,102,103,103,101,1,J19103000296,1910300102,,,2,104,
308,0,102,103,103,101,1,J19103000297,1910300102,,,2,104,
309,0,102,103,103,101,1,J19103000298,1910300102,,,2,104,
310,0,102,103,103,101,1,J19103000299,1910300102,,,2,104,
311,0,102,103,103,101,1,J19103000300,1910300102,,,2,104,
312,0,102,103,103,101,1,J19103000301,1910300102,,,2,104,
313,0,102,103,235,101,1,J19103000302,1910300103,,,2,104,
314,0,102,103,235,101,1,J19103000303,1910300103,,,2,104,
315,0,102,103,235,101,1,J19103000304,1910300103,,,2,104,
316,0,102,103,103,101,1,J19103000305,1910300104,,,2,104,
317,0,102,103,103,101,1,J19103000306,1910300104,,,2,104,
318,0,102,103,103,101,1,J19103000307,1910300104,,,2,104,
319,0,102,103,103,101,1,J19103000308,1910300104,,,2,104,
320,0,102,103,103,101,1,J19103000309,1910300104,,,2,104,
321,0,102,103,103,101,1,J19103000310,1910300104,,,2,104,
322,0,102,103,103,101,1,J19103000311,1910300104,,,2,104,
323,0,102,103,103,101,1,J19103000312,1910300104,,,2,104,
324,0,102,103,103,101,1,J19103000313,1910300104,,,2,104,
325,0,102,103,103,101,1,J19103000314,1910300104,,,2,104,
326,0,102,103,103,101,1,J19103000315,1910300104,,,2,104,
327,0,102,103,103,101,1,J19103000316,1910300104,,,2,104,
329,0,102,103,102,101,1,J19103000317,1910300105,,,2,104,
330,0,102,103,107,101,1,J19103000318,1910300106,,,2,104,
331,0,102,103,107,101,1,J19103000319,1910300106,,,2,104,
332,0,102,103,107,101,1,J19103000320,1910300106,,,2,104,
333,0,102,103,107,101,1,J19103000321,1910300106,,,2,104,
334,0,102,103,107,101,1,J19103000322,1910300106,,,2,104,
335,0,102,103,107,101,1,J19103000323,1910300106,,,2,104,
336,0,102,103,107,101,1,J19103000324,1910300106,,,2,104,
337,0,102,103,107,101,1,J19103000325,1910300106,,,2,104,
338,0,102,103,107,101,1,J19103000326,1910300106,,,2,104,
339,0,102,103,107,101,1,J19103000327,1910300106,,,2,104,
340,0,102,103,107,101,1,J19103000328,1910300106,,,2,104,
341,0,102,103,107,101,1,J19103000329,1910300106,,,2,104,
342,0,102,103,107,101,1,J19103000330,1910300106,,,2,104,
343,0,102,103,107,101,1,J19103000331,1910300106,,,2,104,
344,0,102,103,107,101,1,J19103000332,1910300106,,,2,104,
345,0,102,103,107,101,1,J19103000333,1910300107,,,2,104,
346,0,102,103,107,101,1,J19103000334,1910300107,,,2,104,
347,0,102,103,107,101,1,J19103000335,1910300107,,,2,104,
348,0,102,103,107,101,1,J19103000336,1910300107,,,2,104,
349,0,102,103,107,101,1,J19103000337,1910300107,,,2,104,
350,0,102,103,107,101,1,J19103000338,1910300107,,,2,104,
351,0,102,103,107,101,1,J19103000339,1910300107,,,2,104,
352,0,102,103,107,101,1,J19103000340,1910300107,,,2,104,
353,0,102,103,112,101,1,J19103000341,1910300108,,,2,104,
354,0,102,103,112,101,1,J19103000342,1910300108,,,2,104,
355,0,102,103,112,101,1,J19103000343,1910300108,,,2,104,
356,0,102,103,102,101,1,J19103000344,1910300109,,,2,104,
358,0,102,103,103,101,1,J19103000345,1910300110,,,2,104,
360,0,102,103,112,101,1,J19103000346,1910300111,,,2,104,
361,0,102,103,112,101,1,J19103000347,1910300111,,,2,104,
362,0,102,103,112,101,1,J19103000348,1910300112,,,2,104,
363,0,102,103,112,101,1,J19103000349,1910300113,,,2,104,
364,0,102,103,112,101,1,J19103000350,1910300114,,,2,104,
365,0,102,103,338,101,1,J19103000351,1910300115,,,2,104,
366,0,102,103,338,101,1,J19103000352,1910300115,,,2,104,
367,0,102,103,338,101,1,J19103000353,1910300115,,,2,104,
368,0,102,103,338,101,1,J19103000354,1910300115,,,2,104,
369,0,102,103,338,101,1,J19103000355,1910300115,,,2,104,
370,0,102,103,108,101,1,J19103000356,1910300116,,,2,104,
371,0,102,103,108,101,1,J19103000357,1910300116,,,2,104,
372,0,102,103,108,101,1,J19103000358,1910300116,,,2,104,
373,0,102,103,108,101,1,J19103000359,1910300116,,,2,104,
374,0,102,103,108,101,1,J19103000360,1910300117,,,2,104,
375,0,102,103,108,101,1,J19103000361,1910300117,,,2,104,
376,0,102,103,108,101,1,J19103000362,1910300117,,,2,104,
377,0,102,103,107,101,1,J19103000363,1910300118,,,2,104,
378,0,102,103,107,101,1,J19103000364,1910300118,,,2,104,
379,0,102,103,101,101,1,J19103000365,1910300119,,,2,104,
380,0,102,103,101,101,1,J19103000366,1910300119,,,2,104,
381,0,102,103,103,101,1,J19103000367,1910300120,,,2,104,
382,0,102,103,103,101,1,J19103000368,1910300120,,,2,104,
383,0,102,103,103,101,1,J19103000369,1910300120,,,2,104,
384,0,102,103,103,101,1,J19103000370,1910300120,,,2,104,
385,0,102,103,235,101,1,J19103000371,1910300121,,,2,104,
386,0,102,103,235,101,1,J19103000372,1910300121,,,2,104,
387,0,102,103,235,101,1,J19103000373,1910300121,,,2,104,
388,0,102,103,235,101,1,J19103000374,1910300121,,,2,104,
389,0,102,103,235,101,1,J19103000375,1910300121,,,2,104,
390,0,102,103,235,101,1,J19103000376,1910300121,,,2,104,
391,0,102,103,110,101,1,J19103000377,1910300122,,,2,104,
396,0,102,103,331,101,1,J19103000378,1910300123,,,2,104,
397,0,102,103,331,101,1,J19103000379,1910300123,,,2,104,
398,0,102,103,331,101,1,J19103000380,1910300124,,,2,104,
399,0,102,103,331,101,1,J19103000381,1910300124,,,2,104,
400,0,102,103,331,101,1,J19103000382,1910300124,,,2,104,
401,0,102,103,331,101,1,J19103000383,1910300124,,,2,104,
402,0,102,103,331,101,1,J19103000384,1910300124,,,2,104,
403,0,102,103,331,101,1,J19103000385,1910300124,,,2,104,
404,0,102,103,331,101,1,J19103000386,1910300124,,,2,104,
405,0,102,103,331,101,1,J19103000387,1910300124,,,2,104,
406,0,102,103,331,101,1,J19103000388,1910300124,,,2,104,
407,0,102,103,102,101,1,J19103000389,1910300125,,,2,104,
408,0,102,103,102,101,1,J19103000390,1910300125,,,2,104,
409,0,102,103,102,101,1,J19103000391,1910300125,,,2,104,
410,0,102,103,102,101,1,J19103000392,1910300125,,,2,104,
411,0,102,103,102,101,1,J19103000393,1910300125,,,2,104,
412,0,102,103,102,101,1,J19103000394,1910300125,,,2,104,
413,0,102,103,102,101,1,J19103000395,1910300125,,,2,104,
414,0,102,103,102,101,1,J19103000396,1910300125,,,2,104,
415,0,102,103,102,101,1,J19103000397,1910300125,,,2,104,
416,0,102,103,102,101,1,J19103000398,1910300125,,,2,104,
417,0,102,103,102,101,1,J19103000399,1910300125,,,2,104,
418,0,102,103,102,101,1,J19103000400,1910300125,,,2,104,
419,0,102,103,102,101,1,J19103000401,1910300125,,,2,104,
420,0,102,103,235,101,1,J19103000402,1910300126,,,2,104,
421,0,102,103,102,101,1,J19103000403,1910300127,,,2,104,
422,0,102,103,102,101,1,J19103000404,1910300127,,,2,104,
423,0,102,103,102,101,1,J19103000405,1910300127,,,2,104,
424,0,102,103,102,101,1,J19103000406,1910300127,,,2,104,
425,0,102,103,102,101,1,J19103000407,1910300127,,,2,104,
426,0,102,103,102,101,1,J19103000408,1910300127,,,2,104,
427,0,102,103,102,101,1,J19103000409,1910300127,,,2,104,
428,0,102,103,102,101,1,J19103000410,1910300127,,,2,104,
429,0,102,103,102,101,1,J19103000411,1910300127,,,2,104,
430,0,102,103,102,101,1,J19103000412,1910300127,,,2,104,
431,0,102,103,102,101,1,J19103000413,1910300127,,,2,104,
432,0,102,103,238,101,1,J19103000414,1910300128,,,2,104,
433,0,102,103,238,101,1,J19103000415,1910300128,,,2,104,
434,0,102,103,238,101,1,J19103000416,1910300128,,,2,104,
435,0,102,103,238,101,1,J19103000417,1910300128,,,2,104,
436,0,102,103,238,101,1,J19103000418,1910300128,,,2,104,
437,0,102,103,238,101,1,J19103000419,1910300128,,,2,104,
438,0,102,103,238,101,1,J19103000420,1910300128,,,2,104,
439,0,102,103,238,101,1,J19103000421,1910300128,,,2,104,
440,0,102,103,238,101,1,J19103000422,1910300128,,,2,104,
441,0,102,103,102,101,1,J19103000423,1910300129,,,2,104,
442,0,102,103,106,101,1,J19103000424,1910300130,,,2,104,
444,0,102,103,110,101,1,J19103000425,1910300131,,,2,104,
445,0,102,103,331,101,1,J19103000426,1910300132,,,2,104,
446,0,102,103,331,101,1,J19103000427,1910300132,,,2,104,
447,0,102,103,331,101,1,J19103000428,1910300132,,,2,104,
448,0,102,103,331,101,1,J19103000429,1910300132,,,2,104,
449,0,102,103,331,101,1,J19103000430,1910300132,,,2,104,
450,0,102,103,331,101,1,J19103000431,1910300132,,,2,104,
451,0,102,103,331,101,1,J19103000432,1910300132,,,2,104,
452,0,102,103,331,101,1,J19103000433,1910300132,,,2,104,
453,0,102,103,331,101,1,J19103000434,1910300132,,,2,104,
454,0,102,103,331,101,1,J19103000435,1910300132,,,2,104,
455,0,102,103,331,101,1,J19103000436,1910300133,,,2,104,
456,0,102,103,102,101,1,J19103000437,1910300134,,,2,104,
457,0,102,103,102,101,1,J19103000438,1910300134,,,2,104,
458,0,102,103,102,101,1,J19103000439,1910300134,,,2,104,
459,0,102,103,102,101,1,J19103000440,1910300134,,,2,104,
460,0,102,103,102,101,1,J19103000441,1910300134,,,2,104,
461,0,102,103,102,101,1,J19103000442,1910300134,,,2,104,
462,0,102,103,102,101,1,J19103000443,1910300134,,,2,104,
463,0,102,103,102,101,1,J19103000444,1910300134,,,2,104,
464,0,102,103,102,101,1,J19103000445,1910300134,,,2,104,
465,0,102,103,102,101,1,J19103000446,1910300134,,,2,104,
466,0,102,103,102,101,1,J19103000447,1910300134,,,2,104,
467,0,102,103,102,101,1,J19103000448,1910300134,,,2,104,
468,0,102,103,114,101,1,J19103000449,1910300135,,,2,104,
469,0,102,103,235,101,1,J19103000450,1910300136,,,2,104,
470,0,102,103,235,101,1,J19103000451,1910300136,,,2,104,
471,0,102,103,103,101,1,J19103000452,1910300137,,,2,104,
472,0,102,103,103,101,1,J19103000453,1910300137,,,2,104,
473,0,102,103,103,101,1,J19103000454,1910300137,,,2,104,
474,0,102,103,103,101,1,J19103000455,1910300137,,,2,104,
475,0,102,103,103,101,1,J19103000456,1910300137,,,2,104,
476,0,102,103,103,101,1,J19103000457,1910300137,,,2,104,
477,0,102,103,103,101,1,J19103000458,1910300137,,,2,104,
478,0,102,103,103,101,1,J19103000459,1910300137,,,2,104,
479,0,102,103,103,101,1,J19103000460,1910300137,,,2,104,
480,0,102,103,103,101,1,J19103000461,1910300137,,,2,104,
481,0,102,103,103,101,1,J19103000462,1910300137,,,2,104,
482,0,102,103,103,101,1,J19103000463,1910300137,,,2,104,
483,0,102,103,103,101,1,J19103000464,1910300137,,,2,104,
484,0,102,103,103,101,1,J19103000465,1910300137,,,2,104,
485,0,102,103,103,101,1,J19103000466,1910300137,,,2,104,
486,0,102,103,103,101,1,J19103000467,1910300137,,,2,104,
487,0,102,103,103,101,1,J19103000468,1910300137,,,2,104,
488,0,102,103,103,101,1,J19103000469,1910300137,,,2,104,
489,0,102,103,103,101,1,J19103000470,1910300137,,,2,104,
490,0,102,103,103,101,1,J19103000471,1910300137,,,2,104,
491,0,102,103,103,101,1,J19103000472,1910300137,,,2,104,
492,0,102,103,103,101,1,J19103000473,1910300137,,,2,104,
493,0,102,103,103,101,1,J19103000474,1910300137,,,2,104,
494,0,102,103,103,101,1,J19103000475,1910300137,,,2,104,
495,0,102,103,236,101,1,J19103000476,1910300138,,,2,104,
496,0,102,103,236,101,1,J19103000477,1910300138,,,2,104,
497,0,102,103,236,101,1,J19103000478,1910300138,,,2,104,
498,0,102,103,110,101,1,J19103000479,1910300139,,,2,104,
504,0,102,103,109,101,1,J19103000480,1910300140,,,2,104,
505,0,102,103,101,101,1,J19103000481,1910300141,,,2,104,
506,0,102,103,101,101,1,J19103000482,1910300141,,,2,104,
507,0,102,103,101,101,1,J19103000483,1910300141,,,2,104,
508,0,102,103,101,101,1,J19103000484,1910300141,,,2,104,
509,0,102,103,101,101,1,J19103000485,1910300141,,,2,104,
510,0,102,103,101,101,1,J19103000486,1910300142,,,2,104,
511,0,102,103,101,101,1,J19103000487,1910300142,,,2,104,
512,0,102,103,101,101,1,J19103000488,1910300142,,,2,104,
513,0,102,103,101,101,1,J19103000489,1910300142,,,2,104,
514,0,102,103,102,101,1,J19103000490,1910300143,,,2,104,
515,0,102,103,102,101,1,J19103000491,1910300143,,,2,104,
516,0,102,103,102,101,1,J19103000492,1910300143,,,2,104,
517,0,102,103,102,101,1,J19103000493,1910300143,,,2,104,
518,0,102,103,102,101,1,J19103000494,1910300143,,,2,104,
519,0,102,103,102,101,1,J19103000495,1910300143,,,2,104,
520,0,102,103,102,101,1,J19103000496,1910300143,,,2,104,
521,0,102,103,102,101,1,J19103000497,1910300144,,,2,104,
522,0,102,103,102,101,1,J19103000498,1910300144,,,2,104,
523,0,102,103,102,101,1,J19103000499,1910300144,,,2,104,
524,0,102,103,102,101,1,J19103000500,1910300144,,,2,104,
525,0,102,103,102,101,1,J19103000501,1910300144,,,2,104,
526,0,102,103,102,101,1,J19103000502,1910300144,,,2,104,
527,0,102,103,102,101,1,J19103000503,1910300144,,,2,104,
528,0,102,103,102,101,1,J19103000504,1910300144,,,2,104,
529,0,102,103,102,101,1,J19103000505,1910300144,,,2,104,
530,0,102,103,102,101,1,J19103000506,1910300144,,,2,104,
531,0,102,103,102,101,1,J19103000507,1910300144,,,2,104,
532,0,102,103,110,101,1,J19103000508,1910300145,,,2,104,
533,0,102,103,110,101,1,J19103000509,1910300146,,,2,104,
535,0,102,103,342,101,1,J19103000510,1910300147,,,2,104,
536,0,102,103,342,101,1,J19103000511,1910300147,,,2,104,
537,0,102,103,342,101,1,J19103000512,1910300147,,,2,104,
538,0,102,103,342,101,1,J19103000513,1910300147,,,2,104,
539,0,102,103,342,101,1,J19103000514,1910300147,,,2,104,
540,0,102,103,342,101,1,J19103000515,1910300147,,,2,104,
541,0,102,103,342,101,1,J19103000516,1910300147,,,2,104,
542,0,102,103,342,101,1,J19103000517,1910300147,,,2,104,
543,0,102,103,342,101,1,J19103000518,1910300147,,,2,104,
544,0,102,103,342,101,1,J19103000519,1910300147,,,2,104,
545,0,102,103,342,101,1,J19103000520,1910300147,,,2,104,
546,0,102,103,106,101,1,J19103000521,1910300148,,,2,104,
284,0,102,104,353,101,1,J19104000011,1910400011,,,2,112,
328,0,102,104,122,101,1,J19104000012,1910400012,,,2,112,
357,0,102,104,119,101,1,J19104000013,1910400013,,,2,112,
359,0,102,104,119,101,1,J19104000014,1910400014,,,2,112,
392,0,102,104,119,101,1,J19104000015,1910400015,,,2,112,
393,0,102,104,119,101,1,J19104000016,1910400016,,,2,112,
394,0,102,104,119,101,1,J19104000017,1910400017,,,2,112,
395,0,102,104,119,101,1,J19104000018,1910400018,,,2,112,
443,0,102,104,119,101,1,J19104000019,1910400019,,,2,112,
499,0,102,104,119,101,1,J19104000020,1910400020,,,2,112,
500,0,102,104,119,101,1,J19104000021,1910400021,,,2,112,
501,0,102,104,119,101,1,J19104000022,1910400022,,,2,112,
502,0,102,104,119,101,1,J19104000023,1910400023,,,2,112,
503,0,102,104,125,101,1,J19104000024,1910400024,,,2,112,
534,0,102,104,123,101,1,J19104000025,1910400025,,,2,112,
547,0,102,104,119,101,1,J19104000026,1910400026,,,2,112,
1331,0,102,103,404,101,2,J20103001117,2010300355,,,2,104,
1333,0,102,103,101,101,2,J20103001118,2010300356,,,2,104,
1334,0,102,103,113,101,2,J20103001119,2010300357,,,2,104,
1335,0,102,103,103,101,2,J20103001120,2010300358,,,2,104,
1336,0,102,103,110,101,2,J20103001121,2010300359,,,2,104,
1337,0,102,103,103,101,2,J20103001122,2010300360,,,2,104,
1338,0,102,103,110,101,2,J20103001123,2010300361,,,2,104,
1332,0,102,104,119,101,2,J20104000215,2010400215,,,2,112,
1339,0,102,104,119,101,2,J20104000216,2010400216,,,2,112,
1340,0,102,104,119,101,2,J20104000217,2010400217,,,2,112,
1341,0,102,104,119,101,2,J20104000218,2010400218,,,2,112,
1342,0,102,104,119,101,2,J20104000219,2010400219,,,2,112,
2851,0,102,103,101,101,4,J22103002110,2210300645,,,2,104,
2852,0,102,103,331,101,4,J22103002111,2210300646,,,2,104,
2853,0,102,103,331,101,4,J22103002112,2210300646,,,2,104,
2854,0,102,103,331,101,4,J22103002113,2210300646,,,2,104,
2855,0,102,103,331,101,4,J22103002114,2210300646,,,2,104,
2856,0,102,103,331,101,4,J22103002115,2210300646,,,2,104,
2857,0,102,103,331,101,4,J22103002116,2210300646,,,2,104,
2858,0,102,103,331,101,4,J22103002117,2210300646,,,2,104,
2859,0,102,103,331,101,4,J22103002118,2210300646,,,2,104,
2860,0,102,103,331,101,4,J22103002119,2210300646,,,2,104,
2861,0,102,103,331,101,4,J22103002120,2210300646,,,2,104,
2862,0,102,103,331,101,4,J22103002121,2210300646,,,2,104,
2863,0,102,103,331,101,4,J22103002122,2210300646,,,2,104,
2864,0,102,103,331,101,4,J22103002123,2210300646,,,2,104,
2865,0,102,103,331,101,4,J22103002124,2210300646,,,2,104,
2866,0,102,103,102,101,4,J22103002125,2210300646,,,2,104,
2867,0,102,103,102,101,4,J22103002126,2210300646,,,2,104,
2868,0,102,103,102,101,4,J22103002127,2210300646,,,2,104,
2869,0,102,103,102,101,4,J22103002128,2210300646,,,2,104,
2870,0,102,103,102,101,4,J22103002129,2210300646,,,2,104,
2871,0,102,103,102,101,4,J22103002130,2210300646,,,2,104,
2872,0,102,103,102,101,4,J22103002131,2210300646,,,2,104,
2873,0,102,103,102,101,4,J22103002132,2210300646,,,2,104,
2874,0,102,103,102,101,4,J22103002133,2210300646,,,2,104,
2875,0,102,103,235,101,4,J22103002134,2210300647,,,2,104,
2876,0,102,103,235,101,4,J22103002135,2210300647,,,2,104,
2877,0,102,103,235,101,4,J22103002136,2210300647,,,2,104,
2878,0,102,103,235,101,4,J22103002137,2210300647,,,2,104,
2879,0,102,103,235,101,4,J22103002138,2210300647,,,2,104,
2880,0,102,103,114,101,4,J22103002139,2210300648,,,2,104,
2881,0,102,103,112,101,4,J22103002140,2210300648,,,2,104,
2882,0,102,103,112,101,4,J22103002141,2210300648,,,2,104,
2883,0,102,103,112,101,4,J22103002142,2210300648,,,2,104,
2884,0,102,103,445,101,4,J22103002143,2210300649,,,2,104,
2885,0,102,103,445,101,4,J22103002144,2210300649,,,2,104,
2886,0,102,103,445,101,4,J22103002145,2210300649,,,2,104,
2887,0,102,103,445,101,4,J22103002146,2210300649,,,2,104,
2888,0,102,103,114,101,4,J22103002147,2210300649,,,2,104,
2889,0,102,103,114,101,4,J22103002148,2210300649,,,2,104,
2890,0,102,103,114,101,4,J22103002149,2210300649,,,2,104,
2891,0,102,103,112,101,4,J22103002150,2210300649,,,2,104,
2892,0,102,103,112,101,4,J22103002151,2210300649,,,2,104,
2893,0,102,103,112,101,4,J22103002152,2210300649,,,2,104,
2894,0,102,103,112,101,4,J22103002153,2210300649,,,2,104,
2895,0,102,103,112,101,4,J22103002154,2210300649,,,2,104,
2896,0,102,103,112,101,4,J22103002155,2210300649,,,2,104,
2897,0,102,103,112,101,4,J22103002156,2210300649,,,2,104,
2898,0,102,103,112,101,4,J22103002157,2210300649,,,2,104,
2899,0,102,103,112,101,4,J22103002158,2210300649,,,2,104,
2900,0,102,103,112,101,4,J22103002159,2210300649,,,2,104,
2901,0,102,103,102,101,4,J22103002160,2210300650,,,2,104,
2902,0,102,103,102,101,4,J22103002161,2210300650,,,2,104,
2903,0,102,103,102,101,4,J22103002162,2210300650,,,2,104,
2904,0,102,103,102,101,4,J22103002163,2210300650,,,2,104,
2905,0,102,103,102,101,4,J22103002164,2210300650,,,2,104,
2906,0,102,103,102,101,4,J22103002165,2210300650,,,2,104,
2907,0,102,103,331,101,4,J22103002166,2210300650,,,2,104,
2908,0,102,103,331,101,4,J22103002167,2210300650,,,2,104,
2909,0,102,103,331,101,4,J22103002168,2210300650,,,2,104,
2910,0,102,103,331,101,4,J22103002169,2210300650,,,2,104,
2911,0,102,103,331,101,4,J22103002170,2210300650,,,2,104,
2912,0,102,103,331,101,4,J22103002171,2210300650,,,2,104,
2913,0,102,103,331,101,4,J22103002172,2210300650,,,2,104,
2914,0,102,103,331,101,4,J22103002173,2210300650,,,2,104,
2915,0,102,103,235,101,4,J22103002174,2210300651,,,2,104,
2916,0,102,103,235,101,4,J22103002175,2210300651,,,2,104,
2917,0,102,103,235,101,4,J22103002176,2210300651,,,2,104,
2918,0,102,103,235,101,4,J22103002177,2210300651,,,2,104,
2919,0,102,103,235,101,4,J22103002178,2210300651,,,2,104,
2920,0,102,103,235,101,4,J22103002179,2210300651,,,2,104,
2921,0,102,103,235,101,4,J22103002180,2210300651,,,2,104,
2922,0,102,103,235,101,4,J22103002181,2210300651,,,2,104,
2923,0,102,103,235,101,4,J22103002182,2210300651,,,2,104,
2924,0,102,103,235,101,4,J22103002183,2210300651,,,2,104,
2925,0,102,103,235,101,4,J22103002184,2210300651,,,2,104,
2926,0,102,103,235,101,4,J22103002185,2210300651,,,2,104,
2927,0,102,103,235,101,4,J22103002186,2210300651,,,2,104,
2928,0,102,103,235,101,4,J22103002187,2210300651,,,2,104,
2929,0,102,103,235,101,4,J22103002188,2210300651,,,2,104,
2930,0,102,103,235,101,4,J22103002189,2210300651,,,2,104,
2931,0,102,103,235,101,4,J22103002190,2210300651,,,2,104,
2932,0,102,103,235,101,4,J22103002191,2210300651,,,2,104,
2933,0,102,103,235,101,4,J22103002192,2210300651,,,2,104,
2934,0,102,103,235,101,4,J22103002193,2210300651,,,2,104,
2939,0,102,103,116,101,4,J22103002194,2210300652,,,2,104,
2943,0,102,103,103,101,4,J22103002195,2210300653,,,2,104,
2945,0,102,103,103,101,4,J22103002196,2210300654,,,2,104,
2946,0,102,103,110,101,4,J22103002197,2210300655,,,2,104,
2947,0,102,103,110,101,4,J22103002198,2210300655,,,2,104,
2948,0,102,103,110,101,4,J22103002199,2210300655,,,2,104,
2949,0,102,103,110,101,4,J22103002200,2210300655,,,2,104,
2950,0,102,103,110,101,4,J22103002201,2210300655,,,2,104,
2951,0,102,103,110,101,4,J22103002202,2210300655,,,2,104,
2952,0,102,103,110,101,4,J22103002203,2210300656,,,2,104,
2953,0,102,103,110,101,4,J22103002204,2210300656,,,2,104,
2954,0,102,103,110,101,4,J22103002205,2210300656,,,2,104,
2955,0,102,103,110,101,4,J22103002206,2210300657,,,2,104,
2956,0,102,103,110,101,4,J22103002207,2210300657,,,2,104,
2957,0,102,103,110,101,4,J22103002208,2210300657,,,2,104,
2958,0,102,103,110,101,4,J22103002209,2210300657,,,2,104,
2959,0,102,103,116,101,4,J22103002210,2210300658,,,2,104,
2960,0,102,103,116,101,4,J22103002211,2210300658,,,2,104,
2961,0,102,103,116,101,4,J22103002212,2210300658,,,2,104,
2962,0,102,103,116,101,4,J22103002213,2210300658,,,2,104,
2963,0,102,103,116,101,4,J22103002214,2210300658,,,2,104,
2964,0,102,103,116,101,4,J22103002215,2210300658,,,2,104,
2965,0,102,103,116,101,4,J22103002216,2210300658,,,2,104,
2966,0,102,103,116,101,4,J22103002217,2210300658,,,2,104,
2967,0,102,103,116,101,4,J22103002218,2210300658,,,2,104,
2968,0,102,103,116,101,4,J22103002219,2210300658,,,2,104,
2969,0,102,103,116,101,4,J22103002220,2210300658,,,2,104,
2970,0,102,103,116,101,4,J22103002221,2210300658,,,2,104,
2971,0,102,103,116,101,4,J22103002222,2210300658,,,2,104,
2972,0,102,103,116,101,4,J22103002223,2210300658,,,2,104,
2973,0,102,103,116,101,4,J22103002224,2210300658,,,2,104,
2974,0,102,103,116,101,4,J22103002225,2210300658,,,2,104,
2975,0,102,103,116,101,4,J22103002226,2210300658,,,2,104,
2976,0,102,103,116,101,4,J22103002227,2210300658,,,2,104,
2977,0,102,103,116,101,4,J22103002228,2210300658,,,2,104,
2978,0,102,103,116,101,4,J22103002229,2210300658,,,2,104,
2979,0,102,103,116,101,4,J22103002230,2210300658,,,2,104,
2980,0,102,103,116,101,4,J22103002231,2210300658,,,2,104,
2981,0,102,103,116,101,4,J22103002232,2210300658,,,2,104,
2982,0,102,103,116,101,4,J22103002233,2210300658,,,2,104,
2983,0,102,103,116,101,4,J22103002234,2210300658,,,2,104,
2984,0,102,103,116,101,4,J22103002235,2210300658,,,2,104,
2985,0,102,103,116,101,4,J22103002236,2210300658,,,2,104,
2986,0,102,103,116,101,4,J22103002237,2210300658,,,2,104,
2987,0,102,103,116,101,4,J22103002238,2210300658,,,2,104,
2988,0,102,103,116,101,4,J22103002239,2210300658,,,2,104,
2989,0,102,103,116,101,4,J22103002240,2210300658,,,2,104,
2990,0,102,103,116,101,4,J22103002241,2210300658,,,2,104,
2991,0,102,103,169,101,4,J22103002242,2210300659,,,2,104,
2992,0,102,103,402,101,4,J22103002243,2210300660,,,2,104,
2846,0,102,104,119,101,4,J22104000622,2210400622,,,2,112,
2847,0,102,104,119,101,4,J22104000623,2210400623,,,2,112,
2848,0,102,104,119,101,4,J22104000624,2210400624,,,2,112,
2849,0,102,104,120,101,4,J22104000625,2210400625,,,2,112,
2850,0,102,104,127,101,4,J22104000626,2210400626,,,2,112,
2935,0,102,104,351,101,4,J22104000627,2210400627,,,2,112,
2936,0,102,104,119,101,4,J22104000628,2210400628,,,2,112,
2937,0,102,104,351,101,4,J22104000629,2210400629,,,2,112,
2938,0,102,104,119,101,4,J22104000630,2210400630,,,2,112,
2940,0,102,104,119,101,4,J22104000631,2210400631,,,2,112,
2941,0,102,104,119,101,4,J22104000632,2210400632,,,2,112,
2942,0,102,104,119,101,4,J22104000633,2210400633,,,2,112,
2944,0,102,104,119,101,4,J22104000634,2210400634,,,2,112,
2993,0,102,104,123,101,4,J22104000635,2210400635,,,2,112,
2994,0,102,104,128,101,4,J22104000636,2210400636,,,2,112,
2995,0,102,104,119,101,4,J22104000637,2210400637,,,2,112,
2996,0,102,104,119,101,4,J22104000638,2210400638,,,2,112,
4015,0,102,103,169,101,5,J23103002912,2310300796,,,2,104,
4017,0,102,103,105,101,5,J23103002913,2310300797,,,2,104,
4018,0,102,103,331,101,5,J23103002914,2310300798,,,2,104,
4019,0,102,103,331,101,5,J23103002915,2310300798,,,2,104,
4020,0,102,103,102,101,5,J23103002916,2310300798,,,2,104,
4021,0,102,103,102,101,5,J23103002917,2310300798,,,2,104,
4022,0,102,103,102,101,5,J23103002918,2310300798,,,2,104,
4023,0,102,103,102,101,5,J23103002919,2310300798,,,2,104,
4024,0,102,103,102,101,5,J23103002920,2310300798,,,2,104,
4025,0,102,103,102,101,5,J23103002921,2310300798,,,2,104,
4026,0,102,103,102,101,5,J23103002922,2310300798,,,2,104,
4027,0,102,103,102,101,5,J23103002923,2310300798,,,2,104,
4028,0,102,103,107,101,5,J23103002924,2310300799,,,2,104,
4029,0,102,103,107,101,5,J23103002925,2310300799,,,2,104,
4030,0,102,103,107,101,5,J23103002926,2310300799,,,2,104,
4031,0,102,103,107,101,5,J23103002927,2310300799,,,2,104,
4032,0,102,103,107,101,5,J23103002928,2310300799,,,2,104,
4033,0,102,103,107,101,5,J23103002929,2310300799,,,2,104,
4034,0,102,103,107,101,5,J23103002930,2310300799,,,2,104,
4035,0,102,103,107,101,5,J23103002931,2310300799,,,2,104,
4036,0,102,103,107,101,5,J23103002932,2310300799,,,2,104,
4037,0,102,103,235,101,5,J23103002933,2310300799,,,2,104,
4038,0,102,103,235,101,5,J23103002934,2310300799,,,2,104,
4039,0,102,103,235,101,5,J23103002935,2310300799,,,2,104,
4040,0,102,103,235,101,5,J23103002936,2310300799,,,2,104,
4041,0,102,103,235,101,5,J23103002937,2310300799,,,2,104,
4042,0,102,103,235,101,5,J23103002938,2310300799,,,2,104,
4043,0,102,103,235,101,5,J23103002939,2310300799,,,2,104,
4044,0,102,103,114,101,5,J23103002940,2310300799,,,2,104,
4045,0,102,103,114,101,5,J23103002941,2310300799,,,2,104,
4046,0,102,103,101,101,5,J23103002942,2310300799,,,2,104,
4047,0,102,103,101,101,5,J23103002943,2310300799,,,2,104,
4048,0,102,103,101,101,5,J23103002944,2310300799,,,2,104,
4049,0,102,103,101,101,5,J23103002945,2310300799,,,2,104,
4050,0,102,103,115,101,5,J23103002946,2310300799,,,2,104,
4051,0,102,103,115,101,5,J23103002947,2310300799,,,2,104,
4052,0,102,103,115,101,5,J23103002948,2310300799,,,2,104,
4053,0,102,103,115,101,5,J23103002949,2310300799,,,2,104,
4054,0,102,103,116,101,5,J23103002950,2310300799,,,2,104,
4055,0,102,103,116,101,5,J23103002951,2310300799,,,2,104,
4056,0,102,103,116,101,5,J23103002952,2310300799,,,2,104,
4057,0,102,103,116,101,5,J23103002953,2310300799,,,2,104,
4058,0,102,103,116,101,5,J23103002954,2310300799,,,2,104,
4059,0,102,103,116,101,5,J23103002955,2310300799,,,2,104,
4060,0,102,103,116,101,5,J23103002956,2310300799,,,2,104,
4061,0,102,103,116,101,5,J23103002957,2310300799,,,2,104,
4062,0,102,103,116,101,5,J23103002958,2310300799,,,2,104,
4063,0,102,103,116,101,5,J23103002959,2310300799,,,2,104,
4064,0,102,103,116,101,5,J23103002960,2310300799,,,2,104,
4065,0,102,103,116,101,5,J23103002961,2310300799,,,2,104,
4066,0,102,103,116,101,5,J23103002962,2310300799,,,2,104,
4067,0,102,103,116,101,5,J23103002963,2310300799,,,2,104,
4068,0,102,103,116,101,5,J23103002964,2310300799,,,2,104,
4069,0,102,103,327,101,5,J23103002965,2310300799,,,2,104,
4072,0,102,103,103,101,5,J23103002966,2310300800,,,2,104,
4073,0,102,103,103,101,5,J23103002967,2310300800,,,2,104,
4074,0,102,103,103,101,5,J23103002968,2310300801,,,2,104,
4075,0,102,103,406,101,5,J23103002969,2310300802,,,2,104,
4078,0,102,103,106,101,5,J23103002970,2310300803,,,2,104,
4080,0,102,103,235,101,5,J23103002971,2310300804,,,2,104,
4081,0,102,103,331,101,5,J23103002972,2310300805,,,2,104,
4082,0,102,103,327,101,5,J23103002973,2310300806,,,2,104,
4086,0,102,103,428,101,5,J23103002974,2310300807,,,2,104,
4016,0,102,104,346,101,5,J23104000824,2310400824,,,2,112,
4070,0,102,104,142,101,5,J23104000825,2310400825,,,2,112,
4071,0,102,104,132,101,5,J23104000826,2310400826,,,2,112,
4076,0,102,104,351,101,5,J23104000827,2310400827,,,2,112,
4077,0,102,104,119,101,5,J23104000828,2310400828,,,2,112,
4079,0,102,104,351,101,5,J23104000829,2310400829,,,2,112,
4083,0,102,104,346,101,5,J23104000830,2310400830,,,2,112,
4084,0,102,104,119,101,5,J23104000831,2310400831,,,2,112,
4085,0,102,104,351,101,5,J23104000832,2310400832,,,2,112,
4087,0,102,104,119,101,5,J23104000833,2310400833,,,2,112,
4088,0,102,104,346,101,5,J23104000834,2310400834,,,2,112,
5076,0,102,103,369,101,6,J24103003410,2410300926,,,2,104,
5077,0,102,103,113,101,6,J24103003411,2410300927,,,2,104,
5079,0,102,103,102,101,6,J24103003412,2410300928,,,2,104,
5081,0,102,103,331,101,6,J24103003413,2410300929,,,2,104,
5082,0,102,103,331,101,6,J24103003414,2410300929,,,2,104,
5083,0,102,103,331,101,6,J24103003415,2410300929,,,2,104,
5084,0,102,103,331,101,6,J24103003416,2410300929,,,2,104,
5085,0,102,103,331,101,6,J24103003417,2410300929,,,2,104,
5086,0,102,103,331,101,6,J24103003418,2410300929,,,2,104,
5087,0,102,103,331,101,6,J24103003419,2410300929,,,2,104,
5088,0,102,103,331,101,6,J24103003420,2410300929,,,2,104,
5089,0,102,103,331,101,6,J24103003421,2410300929,,,2,104,
5090,0,102,103,331,101,6,J24103003422,2410300929,,,2,104,
5091,0,102,103,102,101,6,J24103003423,2410300929,,,2,104,
5092,0,102,103,102,101,6,J24103003424,2410300929,,,2,104,
5093,0,102,103,102,101,6,J24103003425,2410300929,,,2,104,
5094,0,102,103,102,101,6,J24103003426,2410300929,,,2,104,
5095,0,102,103,102,101,6,J24103003427,2410300929,,,2,104,
5096,0,102,103,102,101,6,J24103003428,2410300929,,,2,104,
5097,0,102,103,102,101,6,J24103003429,2410300929,,,2,104,
5098,0,102,103,102,101,6,J24103003430,2410300929,,,2,104,
5099,0,102,103,112,101,6,J24103003431,2410300929,,,2,104,
5080,0,102,104,127,101,6,J24104001370,2410401038,,,2,112,
5078,0,105,107,273,101,6,J24107000297,2410700039,,,2,113,
44382,0,102,103,115,101,7,J25103004121,2510301046,,,2,104,
44383,0,102,103,169,101,7,J25103004122,2510301047,,,2,104,
44385,0,102,103,169,101,7,J25103004123,2510301048,,,2,104,
44386,0,102,103,169,101,7,J25103004124,2510301049,,,2,104,
45382,0,102,103,102,101,7,J25103004125,2510301050,,,2,104,
46382,0,102,103,102,101,7,J25103004126,2510301051,,,2,104,
46383,0,102,103,102,101,7,J25103004127,2510301051,,,2,104,
46384,0,102,103,102,101,7,J25103004128,2510301051,,,2,104,
46385,0,102,103,102,101,7,J25103004129,2510301051,,,2,104,
46386,0,102,103,331,101,7,J25103004130,2510301051,,,2,104,
46387,0,102,103,235,101,7,J25103004131,2510301051,,,2,104,
46388,0,102,103,235,101,7,J25103004132,2510301051,,,2,104,
46389,0,102,103,235,101,7,J25103004133,2510301051,,,2,104,
46390,0,102,103,235,101,7,J25103004134,2510301051,,,2,104,
46391,0,102,103,235,101,7,J25103004135,2510301051,,,2,104,
46392,0,102,103,235,101,7,J25103004136,2510301051,,,2,104,
46393,0,102,103,235,101,7,J25103004137,2510301051,,,2,104,
46394,0,102,103,235,101,7,J25103004138,2510301051,,,2,104,
46395,0,102,103,235,101,7,J25103004139,2510301051,,,2,104,
46396,0,102,103,235,101,7,J25103004140,2510301051,,,2,104,
46397,0,102,103,235,101,7,J25103004141,2510301051,,,2,104,
46398,0,102,103,235,101,7,J25103004142,2510301051,,,2,104,
46399,0,102,103,235,101,7,J25103004143,2510301051,,,2,104,
46400,0,102,103,419,101,7,J25103004144,2510301051,,,2,104,
46401,0,102,103,419,101,7,J25103004145,2510301051,,,2,104,
46402,0,102,103,419,101,7,J25103004146,2510301051,,,2,104,
46403,0,102,103,419,101,7,J25103004147,2510301051,,,2,104,
46405,0,102,103,107,101,7,J25103004148,2510301052,,,2,104,
46406,0,102,103,107,101,7,J25103004149,2510301052,,,2,104,
46407,0,102,103,107,101,7,J25103004150,2510301052,,,2,104,
46408,0,102,103,331,101,7,J25103004151,2510301052,,,2,104,
47405,0,102,103,349,101,7,J25103004152,2510301053,,,2,104,
48405,0,102,103,432,101,7,J25103004153,2510301054,,,2,104,
50405,0,102,103,102,101,7,J25103004154,2510301055,,,2,104,
50406,0,102,103,235,101,7,J25103004155,2510301056,,,2,104,
50407,0,102,103,235,101,7,J25103004156,2510301056,,,2,104,
50408,0,102,103,235,101,7,J25103004157,2510301056,,,2,104,
50409,0,102,103,108,101,7,J25103004158,2510301056,,,2,104,
50410,0,102,103,115,101,7,J25103004159,2510301056,,,2,104,
50411,0,102,103,107,101,7,J25103004160,2510301057,,,2,104,
51405,0,102,103,410,101,7,J25103004161,2510301058,,,2,104,
52405,0,102,103,402,101,7,J25103004162,2510301059,,,2,104,
42382,0,102,104,151,101,7,J25104001466,2510401134,,,2,112,
43382,0,102,104,353,101,7,J25104001467,2510401135,,,2,112,
43383,0,102,104,440,101,7,J25104001468,2510401136,,,2,112,
43384,0,102,104,119,101,7,J25104001469,2510401137,,,2,112,
44384,0,102,104,134,101,7,J25104001470,2510401138,,,2,112,
45383,0,102,104,289,101,7,J25104001471,2510401139,,,2,112,
46404,0,102,104,351,101,7,J25104001472,2510401140,,,2,112,
47406,0,102,104,289,101,7,J25104001473,2510401141,,,2,112,
47407,0,102,104,134,101,7,J25104001474,2510401142,,,2,112,
49405,0,102,104,329,101,7,J25104001475,2510401143,,,2,112,
87104,0,102,103,101,101,8,J26103004886,2610301183,,,2,104,
88104,0,102,103,112,101,8,J26103004887,2610301184,,,2,104,
89104,0,102,103,106,101,8,J26103004888,2610301185,,,2,104,
89105,0,102,103,101,101,8,J26103004889,2610301186,,,2,104,
89106,0,102,103,241,101,8,J26103004890,2610301187,,,2,104,
89107,0,102,103,235,101,7,J26103004891,2610301188,,,2,104,
89108,0,102,103,235,101,7,J26103004892,2610301188,,,2,104,
89109,0,102,103,241,101,7,J26103004893,2610301188,,,2,104,
89110,0,102,103,110,101,7,J26103004894,2610301188,,,2,104,
89111,0,102,103,235,101,7,J26103004895,2610301189,,,2,104,
549,0,102,103,110,101,1,K19103000522,1910300149,,,2,104,
553,0,102,103,110,101,1,K19103000523,1910300150,,,2,104,
554,0,102,103,102,101,1,K19103000524,1910300151,,,2,104,
557,0,102,103,102,101,1,K19103000525,1910300152,,,2,104,
560,0,102,103,347,101,1,K19103000526,1910300153,,,2,104,
561,0,102,103,116,101,1,K19103000527,1910300154,,,2,104,
562,0,102,103,331,101,1,K19103000528,1910300155,,,2,104,
565,0,102,103,110,101,1,K19103000529,1910300156,,,2,104,
566,0,102,103,115,101,1,K19103000530,1910300157,,,2,104,
568,0,102,103,110,101,1,K19103000531,1910300158,,,2,104,
570,0,102,103,112,101,1,K19103000532,1910300159,,,2,104,
571,0,102,103,112,101,1,K19103000533,1910300159,,,2,104,
572,0,102,103,114,101,1,K19103000534,1910300159,,,2,104,
573,0,102,103,331,101,1,K19103000535,1910300160,,,2,104,
574,0,102,103,331,101,1,K19103000536,1910300160,,,2,104,
575,0,102,103,331,101,1,K19103000537,1910300160,,,2,104,
576,0,102,103,331,101,1,K19103000538,1910300160,,,2,104,
577,0,102,103,331,101,1,K19103000539,1910300160,,,2,104,
578,0,102,103,331,101,1,K19103000540,1910300160,,,2,104,
579,0,102,103,331,101,1,K19103000541,1910300160,,,2,104,
580,0,102,103,331,101,1,K19103000542,1910300160,,,2,104,
581,0,102,103,331,101,1,K19103000543,1910300160,,,2,104,
582,0,102,103,331,101,1,K19103000544,1910300160,,,2,104,
583,0,102,103,331,101,1,K19103000545,1910300160,,,2,104,
584,0,102,103,331,101,1,K19103000546,1910300160,,,2,104,
585,0,102,103,331,101,1,K19103000547,1910300160,,,2,104,
586,0,102,103,331,101,1,K19103000548,1910300160,,,2,104,
587,0,102,103,331,101,1,K19103000549,1910300160,,,2,104,
588,0,102,103,331,101,1,K19103000550,1910300161,,,2,104,
589,0,102,103,331,101,1,K19103000551,1910300161,,,2,104,
590,0,102,103,102,101,1,K19103000552,1910300161,,,2,104,
591,0,102,103,235,101,1,K19103000553,1910300162,,,2,104,
592,0,102,103,235,101,1,K19103000554,1910300162,,,2,104,
593,0,102,103,103,101,1,K19103000555,1910300163,,,2,104,
594,0,102,103,103,101,1,K19103000556,1910300163,,,2,104,
595,0,102,103,103,101,1,K19103000557,1910300163,,,2,104,
596,0,102,103,103,101,1,K19103000558,1910300163,,,2,104,
597,0,102,103,103,101,1,K19103000559,1910300163,,,2,104,
598,0,102,103,103,101,1,K19103000560,1910300163,,,2,104,
599,0,102,103,103,101,1,K19103000561,1910300163,,,2,104,
600,0,102,103,103,101,1,K19103000562,1910300163,,,2,104,
602,0,102,103,102,101,1,K19103000563,1910300164,,,2,104,
604,0,102,103,116,101,1,K19103000564,1910300165,,,2,104,
609,0,102,103,110,101,1,K19103000565,1910300166,,,2,104,
548,0,102,104,119,101,1,K19104000027,1910400027,,,2,112,
550,0,102,104,129,101,1,K19104000028,1910400028,,,2,112,
551,0,102,104,119,101,1,K19104000029,1910400029,,,2,112,
552,0,102,104,119,101,1,K19104000030,1910400030,,,2,112,
555,0,102,104,119,101,1,K19104000031,1910400031,,,2,112,
556,0,102,104,119,101,1,K19104000032,1910400032,,,2,112,
558,0,102,104,119,101,1,K19104000033,1910400033,,,2,112,
559,0,102,104,119,101,1,K19104000034,1910400034,,,2,112,
563,0,102,104,119,101,1,K19104000035,1910400035,,,2,112,
564,0,102,104,119,101,1,K19104000036,1910400036,,,2,112,
567,0,102,104,119,101,1,K19104000037,1910400037,,,2,112,
569,0,102,104,131,101,1,K19104000038,1910400038,,,2,112,
601,0,102,104,119,101,1,K19104000039,1910400039,,,2,112,
603,0,102,104,119,101,1,K19104000040,1910400040,,,2,112,
605,0,102,104,119,101,1,K19104000041,1910400041,,,2,112,
606,0,102,104,328,101,1,K19104000042,1910400042,,,2,112,
607,0,102,104,119,101,1,K19104000043,1910400043,,,2,112,
608,0,102,104,119,101,1,K19104000044,1910400044,,,2,112,
1343,0,102,103,116,101,2,K20103001124,2010300362,,,2,104,
1344,0,102,103,102,101,2,K20103001125,2010300363,,,2,104,
1345,0,102,103,103,101,2,K20103001126,2010300364,,,2,104,
1346,0,102,103,116,101,2,K20103001127,2010300365,,,2,104,
1348,0,102,103,102,101,2,K20103001128,2010300366,,,2,104,
1350,0,102,103,235,101,2,K20103001129,2010300367,,,2,104,
1351,0,102,103,235,101,2,K20103001130,2010300367,,,2,104,
1352,0,102,103,235,101,2,K20103001131,2010300367,,,2,104,
1353,0,102,103,235,101,2,K20103001132,2010300367,,,2,104,
1354,0,102,103,235,101,2,K20103001133,2010300367,,,2,104,
1355,0,102,103,235,101,2,K20103001134,2010300367,,,2,104,
1356,0,102,103,235,101,2,K20103001135,2010300367,,,2,104,
1357,0,102,103,235,101,2,K20103001136,2010300367,,,2,104,
1358,0,102,103,235,101,2,K20103001137,2010300367,,,2,104,
1359,0,102,103,235,101,2,K20103001138,2010300367,,,2,104,
1360,0,102,103,235,101,2,K20103001139,2010300367,,,2,104,
1361,0,102,103,103,101,2,K20103001140,2010300368,,,2,104,
1362,0,102,103,103,101,2,K20103001141,2010300368,,,2,104,
1363,0,102,103,103,101,2,K20103001142,2010300368,,,2,104,
1364,0,102,103,103,101,2,K20103001143,2010300368,,,2,104,
1365,0,102,103,103,101,2,K20103001144,2010300368,,,2,104,
1366,0,102,103,103,101,2,K20103001145,2010300368,,,2,104,
1367,0,102,103,103,101,2,K20103001146,2010300368,,,2,104,
1368,0,102,103,103,101,2,K20103001147,2010300368,,,2,104,
1369,0,102,103,103,101,2,K20103001148,2010300369,,,2,104,
1370,0,102,103,235,101,2,K20103001149,2010300370,,,2,104,
1371,0,102,103,235,101,2,K20103001150,2010300370,,,2,104,
1372,0,102,103,235,101,2,K20103001151,2010300370,,,2,104,
1373,0,102,103,235,101,2,K20103001152,2010300370,,,2,104,
1374,0,102,103,235,101,2,K20103001153,2010300370,,,2,104,
1375,0,102,103,235,101,2,K20103001154,2010300370,,,2,104,
1376,0,102,103,235,101,2,K20103001155,2010300370,,,2,104,
1377,0,102,103,235,101,2,K20103001156,2010300370,,,2,104,
1378,0,102,103,235,101,2,K20103001157,2010300370,,,2,104,
1379,0,102,103,236,101,2,K20103001158,2010300371,,,2,104,
1380,0,102,103,236,101,2,K20103001159,2010300371,,,2,104,
1381,0,102,103,236,101,2,K20103001160,2010300371,,,2,104,
1382,0,102,103,236,101,2,K20103001161,2010300371,,,2,104,
1383,0,102,103,236,101,2,K20103001162,2010300371,,,2,104,
1384,0,102,103,236,101,2,K20103001163,2010300371,,,2,104,
1385,0,102,103,331,101,2,K20103001164,2010300372,,,2,104,
1386,0,102,103,331,101,2,K20103001165,2010300372,,,2,104,
1387,0,102,103,331,101,2,K20103001166,2010300372,,,2,104,
1388,0,102,103,331,101,2,K20103001167,2010300372,,,2,104,
1389,0,102,103,331,101,2,K20103001168,2010300372,,,2,104,
1390,0,102,103,331,101,2,K20103001169,2010300372,,,2,104,
1391,0,102,103,331,101,2,K20103001170,2010300372,,,2,104,
1392,0,102,103,331,101,2,K20103001171,2010300372,,,2,104,
1393,0,102,103,331,101,2,K20103001172,2010300372,,,2,104,
1394,0,102,103,331,101,2,K20103001173,2010300372,,,2,104,
1395,0,102,103,331,101,2,K20103001174,2010300372,,,2,104,
1396,0,102,103,331,101,2,K20103001175,2010300372,,,2,104,
1397,0,102,103,331,101,2,K20103001176,2010300372,,,2,104,
1398,0,102,103,331,101,2,K20103001177,2010300372,,,2,104,
1399,0,102,103,331,101,2,K20103001178,2010300372,,,2,104,
1400,0,102,103,331,101,2,K20103001179,2010300372,,,2,104,
1401,0,102,103,331,101,2,K20103001180,2010300372,,,2,104,
1402,0,102,103,331,101,2,K20103001181,2010300372,,,2,104,
1403,0,102,103,331,101,2,K20103001182,2010300372,,,2,104,
1404,0,102,103,102,101,2,K20103001183,2010300373,,,2,104,
1405,0,102,103,102,101,2,K20103001184,2010300373,,,2,104,
1406,0,102,103,102,101,2,K20103001185,2010300373,,,2,104,
1407,0,102,103,102,101,2,K20103001186,2010300373,,,2,104,
1408,0,102,103,102,101,2,K20103001187,2010300373,,,2,104,
1409,0,102,103,102,101,2,K20103001188,2010300373,,,2,104,
1410,0,102,103,102,101,2,K20103001189,2010300373,,,2,104,
1411,0,102,103,102,101,2,K20103001190,2010300373,,,2,104,
1412,0,102,103,102,101,2,K20103001191,2010300373,,,2,104,
1413,0,102,103,102,101,2,K20103001192,2010300373,,,2,104,
1414,0,102,103,102,101,2,K20103001193,2010300373,,,2,104,
1415,0,102,103,102,101,2,K20103001194,2010300373,,,2,104,
1347,0,102,104,119,101,2,K20104000220,2010400220,,,2,112,
1349,0,102,104,120,101,2,K20104000221,2010400221,,,2,112,
1416,0,102,104,119,101,2,K20104000222,2010400222,,,2,112,
1977,0,102,103,110,101,3,K21103001558,2110300499,,,2,104,
1978,0,102,103,112,101,3,K21103001559,2110300500,,,2,104,
1980,0,102,103,110,101,3,K21103001560,2110300501,,,2,104,
1986,0,102,103,113,101,3,K21103001561,2110300502,,,2,104,
1987,0,102,103,102,101,3,K21103001562,2110300503,,,2,104,
1989,0,102,103,103,101,3,K21103001563,2110300504,,,2,104,
1971,0,102,104,119,101,3,K21104000414,2110400414,,,2,112,
1972,0,102,104,119,101,3,K21104000415,2110400415,,,2,112,
1973,0,102,104,122,101,3,K21104000416,2110400416,,,2,112,
1974,0,102,104,119,101,3,K21104000417,2110400417,,,2,112,
1975,0,102,104,119,101,3,K21104000418,2110400418,,,2,112,
1976,0,102,104,124,101,3,K21104000419,2110400419,,,2,112,
1979,0,102,104,119,101,3,K21104000420,2110400420,,,2,112,
1981,0,102,104,151,101,3,K21104000421,2110400421,,,2,112,
1982,0,102,104,119,101,3,K21104000422,2110400422,,,2,112,
1983,0,102,104,120,101,3,K21104000423,2110400423,,,2,112,
1984,0,102,104,119,101,3,K21104000424,2110400424,,,2,112,
1985,0,102,104,119,101,3,K21104000425,2110400425,,,2,112,
1988,0,102,104,127,101,3,K21104000426,2110400426,,,2,112,
1990,0,102,104,119,101,3,K21104000427,2110400427,,,2,112,
1991,0,102,104,120,101,3,K21104000428,2110400428,,,2,112,
2997,0,102,103,113,101,4,K22103002244,2210300661,,,2,104,
2998,0,102,104,119,101,4,K22104000639,2210400639,,,2,112,
2999,0,102,104,119,101,4,K22104000640,2210400640,,,2,112,
3000,0,102,104,119,101,4,K22104000641,2210400641,,,2,112,
3001,0,102,104,119,101,4,K22104000642,2210400642,,,2,112,
3002,0,102,104,119,101,4,K22104000643,2210400643,,,2,112,
3003,0,102,104,128,101,4,K22104000644,2210400644,,,2,112,
3004,0,102,104,119,101,4,K22104000645,2210400645,,,2,112,
3005,0,102,104,128,101,4,K22104000646,2210400646,,,2,112,
3006,0,102,104,119,101,4,K22104000647,2210400647,,,2,112,
3007,0,102,104,119,101,4,K22104000648,2210400648,,,2,112,
3008,0,102,104,119,101,4,K22104000649,2210400649,,,2,112,
3009,0,102,104,119,101,4,K22104000650,2210400650,,,2,112,
3010,0,102,104,119,101,4,K22104000651,2210400651,,,2,112,
4089,0,102,104,351,101,5,K23104000835,2310400835,,,2,112,
4090,0,102,104,351,101,5,K23104000836,2310400836,,,2,112,
5101,0,102,103,116,101,6,K24103003432,2410300930,,,2,104,
5102,0,102,103,115,101,6,K24103003433,2410300931,,,2,104,
5103,0,102,103,112,101,6,K24103003434,2410300932,,,2,104,
5104,0,102,103,113,101,6,K24103003435,2410300933,,,2,104,
5105,0,102,103,116,101,6,K24103003436,2410300934,,,2,104,
5109,0,102,103,169,101,6,K24103003437,2410300935,,,2,104,
5111,0,102,103,113,101,6,K24103003438,2410300936,,,2,104,
5112,0,102,103,101,101,6,K24103003439,2410300937,,,2,104,
5113,0,102,103,101,101,6,K24103003440,2410300937,,,2,104,
5114,0,102,103,107,101,6,K24103003441,2410300937,,,2,104,
5115,0,102,103,107,101,6,K24103003442,2410300937,,,2,104,
5116,0,102,103,107,101,6,K24103003443,2410300937,,,2,104,
5117,0,102,103,107,101,6,K24103003444,2410300937,,,2,104,
5118,0,102,103,115,101,6,K24103003445,2410300937,,,2,104,
5119,0,102,103,115,101,6,K24103003446,2410300937,,,2,104,
5120,0,102,103,115,101,6,K24103003447,2410300937,,,2,104,
5121,0,102,103,115,101,6,K24103003448,2410300937,,,2,104,
5122,0,102,103,115,101,6,K24103003449,2410300937,,,2,104,
5123,0,102,103,115,101,6,K24103003450,2410300937,,,2,104,
5124,0,102,103,116,101,6,K24103003451,2410300937,,,2,104,
5125,0,102,103,116,101,6,K24103003452,2410300937,,,2,104,
5126,0,102,103,116,101,6,K24103003453,2410300937,,,2,104,
5127,0,102,103,116,101,6,K24103003454,2410300937,,,2,104,
5128,0,102,103,116,101,6,K24103003455,2410300937,,,2,104,
5129,0,102,103,116,101,6,K24103003456,2410300937,,,2,104,
5130,0,102,103,116,101,6,K24103003457,2410300937,,,2,104,
5131,0,102,103,116,101,6,K24103003458,2410300937,,,2,104,
5132,0,102,103,116,101,6,K24103003459,2410300937,,,2,104,
5133,0,102,103,112,101,6,K24103003460,2410300938,,,2,104,
5134,0,102,103,103,101,6,K24103003461,2410300938,,,2,104,
5135,0,102,103,110,101,6,K24103003462,2410300939,,,2,104,
5136,0,102,103,404,101,6,K24103003463,2410300940,,,2,104,
5137,0,102,103,374,101,6,K24103003464,2410300941,,,2,104,
5139,0,102,103,115,101,6,K24103003465,2410300942,,,2,104,
5141,0,102,103,112,101,6,K24103003466,2410300943,,,2,104,
5142,0,102,103,235,101,6,K24103003467,2410300943,,,2,104,
5143,0,102,103,235,101,6,K24103003468,2410300943,,,2,104,
5144,0,102,103,235,101,6,K24103003469,2410300943,,,2,104,
5145,0,102,103,235,101,6,K24103003470,2410300943,,,2,104,
5146,0,102,103,235,101,6,K24103003471,2410300943,,,2,104,
5147,0,102,103,235,101,6,K24103003472,2410300943,,,2,104,
5148,0,102,103,238,101,6,K24103003473,2410300943,,,2,104,
5149,0,102,103,110,101,6,K24103003474,2410300944,,,2,104,
5100,0,102,104,119,101,6,K24104001371,2410401039,,,2,112,
5106,0,102,104,119,101,6,K24104001372,2410401040,,,2,112,
5107,0,102,104,138,101,6,K24104001373,2410401041,,,2,112,
5108,0,102,104,151,101,6,K24104001374,2410401042,,,2,112,
5138,0,102,104,119,101,6,K24104001375,2410401043,,,2,112,
5140,0,102,104,119,101,6,K24104001376,2410401044,,,2,112,
5110,0,105,107,427,101,6,K24107000298,2410700040,,,2,113,
53407,0,102,103,235,101,7,K25103004163,2510301060,,,2,104,
55408,0,102,103,106,101,7,K25103004164,2510301061,,,2,104,
56406,0,102,103,406,101,7,K25103004165,2510301062,,,2,104,
56407,0,102,103,406,101,7,K25103004166,2510301062,,,2,104,
56408,0,102,103,116,101,7,K25103004167,2510301062,,,2,104,
56409,0,102,103,116,101,7,K25103004168,2510301062,,,2,104,
56410,0,102,103,116,101,7,K25103004169,2510301062,,,2,104,
57406,0,102,103,115,101,7,K25103004170,2510301063,,,2,104,
57407,0,102,103,115,101,7,K25103004171,2510301063,,,2,104,
57408,0,102,103,115,101,7,K25103004172,2510301063,,,2,104,
57409,0,102,103,115,101,7,K25103004173,2510301064,,,2,104,
57410,0,102,103,115,101,7,K25103004174,2510301065,,,2,104,
57411,0,102,103,402,101,7,K25103004175,2510301066,,,2,104,
59406,0,102,103,110,101,7,K25103004176,2510301067,,,2,104,
59407,0,102,103,110,101,7,K25103004177,2510301067,,,2,104,
59408,0,102,103,110,101,7,K25103004178,2510301067,,,2,104,
59409,0,102,103,110,101,7,K25103004179,2510301067,,,2,104,
59410,0,102,103,110,101,7,K25103004180,2510301067,,,2,104,
59411,0,102,103,110,101,7,K25103004181,2510301067,,,2,104,
59412,0,102,103,110,101,7,K25103004182,2510301067,,,2,104,
59413,0,102,103,110,101,7,K25103004183,2510301067,,,2,104,
59414,0,102,103,419,101,7,K25103004184,2510301067,,,2,104,
59415,0,102,103,419,101,7,K25103004185,2510301067,,,2,104,
59416,0,102,103,419,101,7,K25103004186,2510301067,,,2,104,
59417,0,102,103,419,101,7,K25103004187,2510301067,,,2,104,
60406,0,102,103,420,101,7,K25103004188,2510301068,,,2,104,
53405,0,102,104,351,101,7,K25104001476,2510401144,,,2,112,
53406,0,102,104,352,101,7,K25104001477,2510401145,,,2,112,
54405,0,102,104,120,101,7,K25104001478,2510401146,,,2,112,
55405,0,102,104,289,101,7,K25104001479,2510401147,,,2,112,
55406,0,102,104,346,101,7,K25104001480,2510401148,,,2,112,
55407,0,102,104,289,101,7,K25104001481,2510401149,,,2,112,
58406,0,102,104,142,101,7,K25104001482,2510401150,,,2,112,
58407,0,102,104,351,101,7,K25104001483,2510401151,,,2,112,
61406,0,102,104,119,101,7,K25104001484,2510401152,,,2,112,
57412,0,105,107,273,101,7,K25107000299,2510700041,,,2,113,
57413,0,105,107,273,101,7,K25107000300,2510700041,,,2,113,
57414,0,105,107,273,101,7,K25107000301,2510700041,,,2,113,
57415,0,105,107,273,101,7,K25107000302,2510700041,,,2,113,
89113,0,102,103,101,101,8,K26103004896,2610301190,,,2,104,
89114,0,102,103,101,101,8,K26103004897,2610301190,,,2,104,
89115,0,102,103,235,101,8,K26103004898,2610301190,,,2,104,
89116,0,102,103,102,101,8,K26103004899,2610301190,,,2,104,
89117,0,102,103,110,101,8,K26103004900,2610301191,,,2,104,
89118,0,102,103,110,101,8,K26103004901,2610301191,,,2,104,
89119,0,102,103,110,101,8,K26103004902,2610301191,,,2,104,
89120,0,102,103,110,101,8,K26103004903,2610301191,,,2,104,
89121,0,102,103,115,101,8,K26103004904,2610301191,,,2,104,
89122,0,102,103,115,101,8,K26103004905,2610301191,,,2,104,
89123,0,102,103,115,101,8,K26103004906,2610301191,,,2,104,
89124,0,102,103,115,101,8,K26103004907,2610301191,,,2,104,
89126,0,102,103,176,101,8,K26103004908,2610301192,,,2,104,
90127,0,102,103,112,101,8,K26103004909,2610301193,,,2,104,
90128,0,102,103,112,101,8,K26103004910,2610301193,,,2,104,
90129,0,102,103,112,101,8,K26103004911,2610301193,,,2,104,
90130,0,102,103,112,101,8,K26103004912,2610301193,,,2,104,
90131,0,102,103,112,101,8,K26103004913,2610301193,,,2,104,
90132,0,102,103,410,101,8,K26103004914,2610301193,,,2,104,
90133,0,102,103,410,101,8,K26103004915,2610301193,,,2,104,
90134,0,102,103,410,101,8,K26103004916,2610301193,,,2,104,
90135,0,102,103,101,101,8,K26103004917,2610301193,,,2,104,
90136,0,102,103,235,101,8,K26103004918,2610301193,,,2,104,
90137,0,102,103,235,101,8,K26103004919,2610301193,,,2,104,
90138,0,102,103,331,101,8,K26103004920,2610301193,,,2,104,
90139,0,102,103,331,101,8,K26103004921,2610301193,,,2,104,
90140,0,102,103,331,101,8,K26103004922,2610301193,,,2,104,
90141,0,102,103,331,101,8,K26103004923,2610301193,,,2,104,
90142,0,102,103,331,101,8,K26103004924,2610301193,,,2,104,
90143,0,102,103,331,101,8,K26103004925,2610301193,,,2,104,
90144,0,102,103,331,101,8,K26103004926,2610301193,,,2,104,
90145,0,102,103,331,101,8,K26103004927,2610301193,,,2,104,
90146,0,102,103,331,101,8,K26103004928,2610301193,,,2,104,
90147,0,102,103,331,101,8,K26103004929,2610301193,,,2,104,
90148,0,102,103,331,101,8,K26103004930,2610301193,,,2,104,
90149,0,102,103,331,101,8,K26103004931,2610301193,,,2,104,
90150,0,102,103,331,101,8,K26103004932,2610301193,,,2,104,
90151,0,102,103,331,101,8,K26103004933,2610301193,,,2,104,
90152,0,102,103,331,101,8,K26103004934,2610301193,,,2,104,
90153,0,102,103,331,101,8,K26103004935,2610301193,,,2,104,
90154,0,102,103,331,101,8,K26103004936,2610301193,,,2,104,
90155,0,102,103,331,101,8,K26103004937,2610301193,,,2,104,
90156,0,102,103,331,101,8,K26103004938,2610301193,,,2,104,
90157,0,102,103,102,101,8,K26103004939,2610301193,,,2,104,
90158,0,102,103,102,101,8,K26103004940,2610301193,,,2,104,
90159,0,102,103,102,101,8,K26103004941,2610301193,,,2,104,
90160,0,102,103,102,101,8,K26103004942,2610301193,,,2,104,
90161,0,102,103,102,101,8,K26103004943,2610301193,,,2,104,
90162,0,102,103,102,101,8,K26103004944,2610301193,,,2,104,
90163,0,102,103,102,101,8,K26103004945,2610301193,,,2,104,
90164,0,102,103,102,101,8,K26103004946,2610301193,,,2,104,
90165,0,102,103,102,101,8,K26103004947,2610301193,,,2,104,
89112,0,102,104,351,101,8,K26104001573,2610401241,,,2,112,
89125,0,102,104,151,101,8,K26104001574,2610401242,,,2,112,
89127,0,102,104,119,101,8,K26104001575,2610401243,,,2,112,
90125,0,102,104,151,101,8,K26104001576,2610401244,,,2,112,
90126,0,102,104,134,101,8,K26104001577,2610401245,,,2,112,
613,0,102,103,102,101,1,L19103000566,1910300167,,,2,104,
614,0,102,103,102,101,1,L19103000567,1910300168,,,2,104,
615,0,102,103,102,101,1,L19103000568,1910300169,,,2,104,
617,0,102,103,110,101,1,L19103000569,1910300170,,,2,104,
619,0,102,103,331,101,1,L19103000570,1910300171,,,2,104,
622,0,102,103,115,101,1,L19103000571,1910300172,,,2,104,
628,0,102,103,331,101,1,L19103000572,1910300173,,,2,104,
631,0,102,103,102,101,1,L19103000573,1910300174,,,2,104,
632,0,102,103,102,101,1,L19103000574,1910300174,,,2,104,
633,0,102,103,102,101,1,L19103000575,1910300174,,,2,104,
634,0,102,103,102,101,1,L19103000576,1910300174,,,2,104,
635,0,102,103,102,101,1,L19103000577,1910300174,,,2,104,
636,0,102,103,102,101,1,L19103000578,1910300174,,,2,104,
637,0,102,103,331,101,1,L19103000579,1910300175,,,2,104,
638,0,102,103,331,101,1,L19103000580,1910300175,,,2,104,
639,0,102,103,374,101,1,L19103000581,1910300176,,,2,104,
640,0,102,103,102,101,1,L19103000582,1910300177,,,2,104,
641,0,102,103,107,101,1,L19103000583,1910300178,,,2,104,
642,0,102,103,107,101,1,L19103000584,1910300178,,,2,104,
643,0,102,103,107,101,1,L19103000585,1910300178,,,2,104,
644,0,102,103,107,101,1,L19103000586,1910300178,,,2,104,
645,0,102,103,116,101,1,L19103000587,1910300179,,,2,104,
648,0,102,103,116,101,1,L19103000588,1910300180,,,2,104,
649,0,102,103,102,101,1,L19103000589,1910300181,,,2,104,
655,0,102,103,110,101,1,L19103000590,1910300182,,,2,104,
656,0,102,103,238,101,1,L19103000591,1910300183,,,2,104,
610,0,102,104,119,101,1,L19104000045,1910400045,,,2,112,
611,0,102,104,119,101,1,L19104000046,1910400046,,,2,112,
612,0,102,104,128,101,1,L19104000047,1910400047,,,2,112,
616,0,102,104,119,101,1,L19104000048,1910400048,,,2,112,
618,0,102,104,119,101,1,L19104000049,1910400049,,,2,112,
620,0,102,104,128,101,1,L19104000050,1910400050,,,2,112,
621,0,102,104,119,101,1,L19104000051,1910400051,,,2,112,
623,0,102,104,119,101,1,L19104000052,1910400052,,,2,112,
624,0,102,104,127,101,1,L19104000053,1910400053,,,2,112,
625,0,102,104,119,101,1,L19104000054,1910400054,,,2,112,
626,0,102,104,119,101,1,L19104000055,1910400055,,,2,112,
627,0,102,104,119,101,1,L19104000056,1910400056,,,2,112,
629,0,102,104,289,101,1,L19104000057,1910400057,,,2,112,
630,0,102,104,119,101,1,L19104000058,1910400058,,,2,112,
646,0,102,104,119,101,1,L19104000059,1910400059,,,2,112,
647,0,102,104,119,101,1,L19104000060,1910400060,,,2,112,
650,0,102,104,134,101,1,L19104000061,1910400061,,,2,112,
651,0,102,104,136,101,1,L19104000062,1910400062,,,2,112,
652,0,102,104,120,101,1,L19104000063,1910400063,,,2,112,
653,0,102,104,123,101,1,L19104000064,1910400064,,,2,112,
654,0,102,104,125,101,1,L19104000065,1910400065,,,2,112,
657,0,102,104,119,101,1,L19104000066,1910400066,,,2,112,
658,0,102,104,119,101,1,L19104000067,1910400067,,,2,112,
1417,0,102,103,112,101,2,L20103001195,2010300374,,,2,104,
1423,0,102,103,101,101,2,L20103001196,2010300375,,,2,104,
1424,0,102,103,235,101,2,L20103001197,2010300376,,,2,104,
1425,0,102,103,113,101,2,L20103001198,2010300377,,,2,104,
1426,0,102,103,103,101,2,L20103001199,2010300378,,,2,104,
1427,0,102,103,101,101,2,L20103001200,2010300379,,,2,104,
1429,0,102,103,101,101,2,L20103001201,2010300380,,,2,104,
1418,0,102,104,119,101,2,L20104000223,2010400223,,,2,112,
1419,0,102,104,119,101,2,L20104000224,2010400224,,,2,112,
1420,0,102,104,119,101,2,L20104000225,2010400225,,,2,112,
1421,0,102,104,125,101,2,L20104000226,2010400226,,,2,112,
1422,0,102,104,249,101,2,L20104000227,2010400227,,,2,112,
1428,0,102,104,120,101,2,L20104000228,2010400228,,,2,112,
1430,0,102,104,119,101,2,L20104000229,2010400229,,,2,112,
1431,0,102,104,122,101,2,L20104000230,2010400230,,,2,112,
1992,0,102,103,103,101,3,L21103001564,2110300505,,,2,104,
1993,0,102,103,331,101,3,L21103001565,2110300506,,,2,104,
1994,0,102,103,331,101,3,L21103001566,2110300507,,,2,104,
1998,0,102,103,103,101,3,L21103001567,2110300508,,,2,104,
1995,0,102,104,128,101,3,L21104000429,2110400429,,,2,112,
1996,0,102,104,120,101,3,L21104000430,2110400430,,,2,112,
1997,0,102,104,119,101,3,L21104000431,2110400431,,,2,112,
3019,0,102,103,112,101,4,L22103002245,2210300662,,,2,104,
3020,0,102,103,103,101,4,L22103002246,2210300663,,,2,104,
3023,0,102,103,112,101,4,L22103002247,2210300664,,,2,104,
3027,0,102,103,113,101,4,L22103002248,2210300665,,,2,104,
3034,0,102,103,103,101,4,L22103002249,2210300666,,,2,104,
3011,0,102,104,123,101,4,L22104000652,2210400652,,,2,112,
3012,0,102,104,128,101,4,L22104000653,2210400653,,,2,112,
3013,0,102,104,119,101,4,L22104000654,2210400654,,,2,112,
3014,0,102,104,119,101,4,L22104000655,2210400655,,,2,112,
3015,0,102,104,119,101,4,L22104000656,2210400656,,,2,112,
3016,0,102,104,119,101,4,L22104000657,2210400657,,,2,112,
3017,0,102,104,119,101,4,L22104000658,2210400658,,,2,112,
3018,0,102,104,119,101,4,L22104000659,2210400659,,,2,112,
3021,0,102,104,127,101,4,L22104000660,2210400660,,,2,112,
3022,0,102,104,119,101,4,L22104000661,2210400661,,,2,112,
3024,0,102,104,128,101,4,L22104000662,2210400662,,,2,112,
3025,0,102,104,119,101,4,L22104000663,2210400663,,,2,112,
3026,0,102,104,119,101,4,L22104000664,2210400664,,,2,112,
3028,0,102,104,316,101,4,L22104000665,2210400665,,,2,112,
3029,0,102,104,119,101,4,L22104000666,2210400666,,,2,112,
3030,0,102,104,119,101,4,L22104000667,2210400667,,,2,112,
3031,0,102,104,120,101,4,L22104000668,2210400668,,,2,112,
3032,0,102,104,122,101,4,L22104000669,2210400669,,,2,112,
3033,0,102,104,119,101,4,L22104000670,2210400670,,,2,112,
3035,0,102,104,119,101,4,L22104000671,2210400671,,,2,112,
3036,0,102,104,119,101,4,L22104000672,2210400672,,,2,112,
3037,0,102,104,123,101,4,L22104000673,2210400673,,,2,112,
3038,0,102,104,124,101,4,L22104000674,2210400674,,,2,112,
3039,0,102,104,119,101,4,L22104000675,2210400675,,,2,112,
3040,0,102,104,128,101,4,L22104000676,2210400676,,,2,112,
3041,0,102,104,122,101,4,L22104000677,2210400677,,,2,112,
3042,0,102,104,119,101,4,L22104000678,2210400678,,,2,112,
4100,0,102,103,113,101,5,L23103002975,2310300808,,,2,104,
4101,0,102,103,112,101,5,L23103002976,2310300809,,,2,104,
4091,0,102,104,119,101,5,L23104000837,2310400837,,,2,112,
4092,0,102,104,119,101,5,L23104000838,2310400838,,,2,112,
4093,0,102,104,119,101,5,L23104000839,2310400839,,,2,112,
4094,0,102,104,122,101,5,L23104000840,2310400840,,,2,112,
4095,0,102,104,353,101,5,L23104000841,2310400841,,,2,112,
4096,0,102,104,289,101,5,L23104000842,2310400842,,,2,112,
4097,0,102,104,119,101,5,L23104000843,2310400843,,,2,112,
4098,0,102,104,353,101,5,L23104000844,2310400844,,,2,112,
4099,0,102,104,353,101,5,L23104000845,2310400845,,,2,112,
5150,0,102,103,444,101,6,L24103003475,2410300945,,,2,104,
5151,0,102,103,444,101,6,L24103003476,2410300945,,,2,104,
5152,0,102,103,444,101,6,L24103003477,2410300945,,,2,104,
5153,0,102,103,444,101,6,L24103003478,2410300945,,,2,104,
5154,0,102,103,444,101,6,L24103003479,2410300945,,,2,104,
5155,0,102,103,444,101,6,L24103003480,2410300945,,,2,104,
5156,0,102,103,444,101,6,L24103003481,2410300945,,,2,104,
5157,0,102,103,444,101,6,L24103003482,2410300945,,,2,104,
5158,0,102,103,444,101,6,L24103003483,2410300945,,,2,104,
5159,0,102,103,444,101,6,L24103003484,2410300945,,,2,104,
5160,0,102,103,444,101,6,L24103003485,2410300945,,,2,104,
5161,0,102,103,444,101,6,L24103003486,2410300945,,,2,104,
5162,0,102,103,444,101,6,L24103003487,2410300945,,,2,104,
5163,0,102,103,420,101,6,L24103003488,2410300946,,,2,104,
5164,0,102,103,420,101,6,L24103003489,2410300946,,,2,104,
5165,0,102,103,420,101,6,L24103003490,2410300946,,,2,104,
5166,0,102,103,420,101,6,L24103003491,2410300946,,,2,104,
5167,0,102,103,420,101,6,L24103003492,2410300946,,,2,104,
5168,0,102,103,420,101,6,L24103003493,2410300946,,,2,104,
5169,0,102,103,420,101,6,L24103003494,2410300946,,,2,104,
5170,0,102,103,420,101,6,L24103003495,2410300946,,,2,104,
5171,0,102,103,420,101,6,L24103003496,2410300946,,,2,104,
5172,0,102,103,420,101,6,L24103003497,2410300946,,,2,104,
5173,0,102,103,420,101,6,L24103003498,2410300946,,,2,104,
5174,0,102,103,420,101,6,L24103003499,2410300946,,,2,104,
5175,0,102,103,420,101,6,L24103003500,2410300946,,,2,104,
5176,0,102,103,420,101,6,L24103003501,2410300946,,,2,104,
5177,0,102,103,115,101,6,L24103003502,2410300946,,,2,104,
5178,0,102,103,115,101,6,L24103003503,2410300946,,,2,104,
5179,0,102,103,115,101,6,L24103003504,2410300946,,,2,104,
5180,0,102,103,115,101,6,L24103003505,2410300946,,,2,104,
5181,0,102,103,115,101,6,L24103003506,2410300946,,,2,104,
5182,0,102,103,115,101,6,L24103003507,2410300946,,,2,104,
5183,0,102,103,115,101,6,L24103003508,2410300946,,,2,104,
5184,0,102,103,115,101,6,L24103003509,2410300946,,,2,104,
5185,0,102,103,115,101,6,L24103003510,2410300946,,,2,104,
5186,0,102,103,115,101,6,L24103003511,2410300946,,,2,104,
5187,0,102,103,115,101,6,L24103003512,2410300946,,,2,104,
5188,0,102,103,115,101,6,L24103003513,2410300946,,,2,104,
5189,0,102,103,115,101,6,L24103003514,2410300946,,,2,104,
5190,0,102,103,115,101,6,L24103003515,2410300946,,,2,104,
5191,0,102,103,406,101,6,L24103003516,2410300946,,,2,104,
5192,0,102,103,406,101,6,L24103003517,2410300946,,,2,104,
5193,0,102,103,406,101,6,L24103003518,2410300946,,,2,104,
5194,0,102,103,406,101,6,L24103003519,2410300946,,,2,104,
5195,0,102,103,406,101,6,L24103003520,2410300946,,,2,104,
5196,0,102,103,107,101,6,L24103003521,2410300946,,,2,104,
5197,0,102,103,107,101,6,L24103003522,2410300946,,,2,104,
5198,0,102,103,107,101,6,L24103003523,2410300946,,,2,104,
5199,0,102,103,176,101,6,L24103003524,2410300947,,,2,104,
5201,0,102,103,113,101,6,L24103003525,2410300948,,,2,104,
5205,0,102,103,169,101,6,L24103003526,2410300949,,,2,104,
5206,0,102,103,114,101,6,L24103003527,2410300950,,,2,104,
5208,0,102,103,113,101,6,L24103003528,2410300951,,,2,104,
5209,0,102,103,369,101,6,L24103003529,2410300952,,,2,104,
5210,0,102,103,112,101,6,L24103003530,2410300953,,,2,104,
5211,0,102,103,112,101,6,L24103003531,2410300953,,,2,104,
5212,0,102,103,112,101,6,L24103003532,2410300953,,,2,104,
5213,0,102,103,112,101,6,L24103003533,2410300953,,,2,104,
5214,0,102,103,112,101,6,L24103003534,2410300953,,,2,104,
5215,0,102,103,101,101,6,L24103003535,2410300953,,,2,104,
5216,0,102,103,101,101,6,L24103003536,2410300953,,,2,104,
5217,0,102,103,101,101,6,L24103003537,2410300953,,,2,104,
5200,0,102,104,353,101,6,L24104001377,2410401045,,,2,112,
5202,0,102,104,123,101,6,L24104001378,2410401046,,,2,112,
5203,0,102,104,119,101,6,L24104001379,2410401047,,,2,112,
5204,0,102,104,351,101,6,L24104001380,2410401048,,,2,112,
5207,0,102,104,119,101,6,L24104001381,2410401049,,,2,112,
5218,0,102,104,119,101,6,L24104001382,2410401050,,,2,112,
63407,0,102,103,112,101,7,L25103004189,2510301069,,,2,104,
63408,0,102,103,331,101,7,L25103004190,2510301070,,,2,104,
63409,0,102,103,102,101,7,L25103004191,2510301071,,,2,104,
63410,0,102,103,102,101,7,L25103004192,2510301071,,,2,104,
63411,0,102,103,102,101,7,L25103004193,2510301071,,,2,104,
63412,0,102,103,102,101,7,L25103004194,2510301071,,,2,104,
63413,0,102,103,102,101,7,L25103004195,2510301071,,,2,104,
63414,0,102,103,102,101,7,L25103004196,2510301071,,,2,104,
63415,0,102,103,102,101,7,L25103004197,2510301071,,,2,104,
63416,0,102,103,102,101,7,L25103004198,2510301071,,,2,104,
63417,0,102,103,102,101,7,L25103004199,2510301071,,,2,104,
63418,0,102,103,102,101,7,L25103004200,2510301071,,,2,104,
63419,0,102,103,102,101,7,L25103004201,2510301071,,,2,104,
63420,0,102,103,102,101,7,L25103004202,2510301071,,,2,104,
63421,0,102,103,102,101,7,L25103004203,2510301071,,,2,104,
63422,0,102,103,102,101,7,L25103004204,2510301071,,,2,104,
63423,0,102,103,102,101,7,L25103004205,2510301071,,,2,104,
63424,0,102,103,102,101,7,L25103004206,2510301071,,,2,104,
63425,0,102,103,102,101,7,L25103004207,2510301071,,,2,104,
63426,0,102,103,102,101,7,L25103004208,2510301071,,,2,104,
63427,0,102,103,102,101,7,L25103004209,2510301071,,,2,104,
63428,0,102,103,102,101,7,L25103004210,2510301071,,,2,104,
63429,0,102,103,235,101,7,L25103004211,2510301071,,,2,104,
63430,0,102,103,331,101,7,L25103004212,2510301072,,,2,104,
63431,0,102,103,331,101,7,L25103004213,2510301072,,,2,104,
63432,0,102,103,331,101,7,L25103004214,2510301072,,,2,104,
63433,0,102,103,331,101,7,L25103004215,2510301072,,,2,104,
63434,0,102,103,331,101,7,L25103004216,2510301072,,,2,104,
63435,0,102,103,331,101,7,L25103004217,2510301072,,,2,104,
63436,0,102,103,331,101,7,L25103004218,2510301072,,,2,104,
63437,0,102,103,331,101,7,L25103004219,2510301072,,,2,104,
63438,0,102,103,331,101,7,L25103004220,2510301072,,,2,104,
63439,0,102,103,331,101,7,L25103004221,2510301072,,,2,104,
63440,0,102,103,331,101,7,L25103004222,2510301072,,,2,104,
63441,0,102,103,331,101,7,L25103004223,2510301072,,,2,104,
63442,0,102,103,331,101,7,L25103004224,2510301072,,,2,104,
63443,0,102,103,331,101,7,L25103004225,2510301072,,,2,104,
63444,0,102,103,116,101,7,L25103004226,2510301072,,,2,104,
63445,0,102,103,235,101,7,L25103004227,2510301072,,,2,104,
63446,0,102,103,112,101,7,L25103004228,2510301072,,,2,104,
63447,0,102,103,112,101,7,L25103004229,2510301072,,,2,104,
63448,0,102,103,112,101,7,L25103004230,2510301072,,,2,104,
63449,0,102,103,338,101,7,L25103004231,2510301072,,,2,104,
63450,0,102,103,406,101,7,L25103004232,2510301073,,,2,104,
63451,0,102,103,406,101,7,L25103004233,2510301073,,,2,104,
63452,0,102,103,406,101,7,L25103004234,2510301073,,,2,104,
63453,0,102,103,406,101,7,L25103004235,2510301073,,,2,104,
63454,0,102,103,406,101,7,L25103004236,2510301073,,,2,104,
63455,0,102,103,406,101,7,L25103004237,2510301073,,,2,104,
63456,0,102,103,406,101,7,L25103004238,2510301073,,,2,104,
63457,0,102,103,406,101,7,L25103004239,2510301073,,,2,104,
63458,0,102,103,420,101,7,L25103004240,2510301073,,,2,104,
63459,0,102,103,420,101,7,L25103004241,2510301073,,,2,104,
63460,0,102,103,420,101,7,L25103004242,2510301073,,,2,104,
63461,0,102,103,420,101,7,L25103004243,2510301073,,,2,104,
63462,0,102,103,420,101,7,L25103004244,2510301073,,,2,104,
63463,0,102,103,420,101,7,L25103004245,2510301073,,,2,104,
63464,0,102,103,420,101,7,L25103004246,2510301073,,,2,104,
63465,0,102,103,420,101,7,L25103004247,2510301073,,,2,104,
63466,0,102,103,420,101,7,L25103004248,2510301073,,,2,104,
63467,0,102,103,420,101,7,L25103004249,2510301073,,,2,104,
63468,0,102,103,420,101,7,L25103004250,2510301073,,,2,104,
63469,0,102,103,420,101,7,L25103004251,2510301073,,,2,104,
64407,0,102,103,102,101,7,L25103004252,2510301074,,,2,104,
64408,0,102,103,102,101,7,L25103004253,2510301074,,,2,104,
64409,0,102,103,102,101,7,L25103004254,2510301074,,,2,104,
64410,0,102,103,102,101,7,L25103004255,2510301074,,,2,104,
64411,0,102,103,102,101,7,L25103004256,2510301074,,,2,104,
64412,0,102,103,103,101,7,L25103004257,2510301075,,,2,104,
61407,0,102,104,289,101,7,L25104001485,2510401153,,,2,112,
62407,0,102,104,353,101,7,L25104001486,2510401154,,,2,112,
62408,0,102,104,353,101,7,L25104001487,2510401155,,,2,112,
62409,0,102,104,120,101,7,L25104001488,2510401156,,,2,112,
91172,0,102,103,112,101,8,L26103004948,2610301194,,,2,104,
91173,0,102,103,112,101,8,L26103004949,2610301194,,,2,104,
91174,0,102,103,112,101,8,L26103004950,2610301194,,,2,104,
91175,0,102,103,112,101,8,L26103004951,2610301194,,,2,104,
91176,0,102,103,112,101,8,L26103004952,2610301194,,,2,104,
91177,0,102,103,112,101,8,L26103004953,2610301194,,,2,104,
91178,0,102,103,112,101,8,L26103004954,2610301194,,,2,104,
91179,0,102,103,112,101,8,L26103004955,2610301194,,,2,104,
91180,0,102,103,112,101,8,L26103004956,2610301194,,,2,104,
91181,0,102,103,112,101,8,L26103004957,2610301194,,,2,104,
91182,0,102,103,112,101,8,L26103004958,2610301194,,,2,104,
91183,0,102,103,112,101,8,L26103004959,2610301194,,,2,104,
91184,0,102,103,112,101,8,L26103004960,2610301194,,,2,104,
91185,0,102,103,112,101,8,L26103004961,2610301194,,,2,104,
91186,0,102,103,338,101,8,L26103004962,2610301194,,,2,104,
91187,0,102,103,338,101,8,L26103004963,2610301194,,,2,104,
91280,0,102,103,331,101,8,L26103004964,2610301195,,,2,104,
91281,0,102,103,113,101,8,L26103004965,2610301196,,,2,104,
91285,0,102,103,101,101,8,L26103004966,2610301197,,,2,104,
91286,0,102,103,101,101,8,L26103004967,2610301197,,,2,104,
91287,0,102,103,101,101,8,L26103004968,2610301197,,,2,104,
91288,0,102,103,235,101,8,L26103004969,2610301197,,,2,104,
91289,0,102,103,235,101,8,L26103004970,2610301197,,,2,104,
91290,0,102,103,235,101,8,L26103004971,2610301197,,,2,104,
92294,0,102,103,233,101,8,L26103004972,2610301198,,,2,104,
93292,0,102,103,115,101,8,L26103004973,2610301199,,,2,104,
93293,0,102,103,115,101,8,L26103004974,2610301199,,,2,104,
93294,0,102,103,115,101,8,L26103004975,2610301199,,,2,104,
93295,0,102,103,115,101,8,L26103004976,2610301199,,,2,104,
93296,0,102,103,115,101,8,L26103004977,2610301199,,,2,104,
93297,0,102,103,115,101,8,L26103004978,2610301199,,,2,104,
93298,0,102,103,115,101,8,L26103004979,2610301199,,,2,104,
93299,0,102,103,115,101,8,L26103004980,2610301199,,,2,104,
93300,0,102,103,115,101,8,L26103004981,2610301199,,,2,104,
93301,0,102,103,115,101,8,L26103004982,2610301199,,,2,104,
93302,0,102,103,115,101,8,L26103004983,2610301199,,,2,104,
93303,0,102,103,235,101,8,L26103004984,2610301199,,,2,104,
93304,0,102,103,235,101,8,L26103004985,2610301199,,,2,104,
93305,0,102,103,235,101,8,L26103004986,2610301199,,,2,104,
93306,0,102,103,235,101,8,L26103004987,2610301199,,,2,104,
93307,0,102,103,235,101,8,L26103004988,2610301199,,,2,104,
93308,0,102,103,112,101,8,L26103004989,2610301200,,,2,104,
93309,0,102,103,112,101,8,L26103004990,2610301200,,,2,104,
93310,0,102,103,112,101,8,L26103004991,2610301200,,,2,104,
93311,0,102,103,112,101,8,L26103004992,2610301200,,,2,104,
93312,0,102,103,112,101,8,L26103004993,2610301200,,,2,104,
93313,0,102,103,112,101,8,L26103004994,2610301200,,,2,104,
93314,0,102,103,112,101,8,L26103004995,2610301200,,,2,104,
93315,0,102,103,112,101,8,L26103004996,2610301200,,,2,104,
93316,0,102,103,112,101,8,L26103004997,2610301200,,,2,104,
93317,0,102,103,112,101,8,L26103004998,2610301200,,,2,104,
93318,0,102,103,112,101,8,L26103004999,2610301200,,,2,104,
93319,0,102,103,112,101,8,L26103005000,2610301200,,,2,104,
93320,0,102,103,112,101,8,L26103005001,2610301200,,,2,104,
93321,0,102,103,112,101,8,L26103005002,2610301200,,,2,104,
93322,0,102,103,112,101,8,L26103005003,2610301200,,,2,104,
93323,0,102,103,112,101,8,L26103005004,2610301200,,,2,104,
93324,0,102,103,112,101,8,L26103005005,2610301200,,,2,104,
93325,0,102,103,445,101,8,L26103005006,2610301200,,,2,104,
93326,0,102,103,445,101,8,L26103005007,2610301200,,,2,104,
93327,0,102,103,112,101,8,L26103005008,2610301201,,,2,104,
93328,0,102,103,112,101,8,L26103005009,2610301201,,,2,104,
93329,0,102,103,112,101,8,L26103005010,2610301201,,,2,104,
93330,0,102,103,112,101,8,L26103005011,2610301201,,,2,104,
93331,0,102,103,112,101,8,L26103005012,2610301201,,,2,104,
93332,0,102,103,112,101,8,L26103005013,2610301201,,,2,104,
93333,0,102,103,112,101,8,L26103005014,2610301201,,,2,104,
93334,0,102,103,327,101,8,L26103005015,2610301201,,,2,104,
93335,0,102,103,327,101,8,L26103005016,2610301201,,,2,104,
93336,0,102,103,327,101,8,L26103005017,2610301201,,,2,104,
93337,0,102,103,327,101,8,L26103005018,2610301201,,,2,104,
93338,0,102,103,327,101,8,L26103005019,2610301201,,,2,104,
93339,0,102,103,327,101,8,L26103005020,2610301201,,,2,104,
93340,0,102,103,327,101,8,L26103005021,2610301201,,,2,104,
93346,0,102,103,116,101,8,L26103005022,2610301202,,,2,104,
93347,0,102,103,116,101,8,L26103005023,2610301202,,,2,104,
93348,0,102,103,116,101,8,L26103005024,2610301202,,,2,104,
93349,0,102,103,407,101,8,L26103005025,2610301202,,,2,104,
93350,0,102,103,407,101,8,L26103005026,2610301202,,,2,104,
93351,0,102,103,407,101,8,L26103005027,2610301202,,,2,104,
91171,0,102,104,151,101,8,L26104001578,2610401246,,,2,112,
91282,0,102,104,121,101,8,L26104001579,2610401247,,,2,112,
91283,0,102,104,351,101,8,L26104001580,2610401248,,,2,112,
91284,0,102,104,129,101,8,L26104001581,2610401249,,,2,112,
91291,0,102,104,142,101,8,L26104001582,2610401250,,,2,112,
92291,0,102,104,127,101,8,L26104001583,2610401251,,,2,112,
92292,0,102,104,142,101,8,L26104001584,2610401252,,,2,112,
92293,0,102,104,138,101,8,L26104001585,2610401253,,,2,112,
92295,0,102,104,316,101,8,L26104001586,2610401254,,,2,112,
93341,0,102,104,119,101,8,L26104001587,2610401255,,,2,112,
93342,0,102,104,119,101,8,L26104001588,2610401256,,,2,112,
93343,0,102,104,127,101,8,L26104001589,2610401257,,,2,112,
93344,0,102,104,127,101,8,L26104001590,2610401258,,,2,112,
93345,0,102,104,119,101,8,L26104001591,2610401259,,,2,112,
93352,0,102,104,353,101,8,L26104001592,2610401260,,,2,112,
93353,0,102,104,293,101,8,L26104001593,2610401261,,,2,112,
93354,0,102,104,151,101,8,L26104001594,2610401262,,,2,112,
93355,0,102,104,440,101,8,L26104001595,2610401263,,,2,112,
93356,0,102,104,440,101,8,L26104001596,2610401264,,,2,112,
91127,0,105,107,273,101,8,L26107000385,2610700052,,,2,113,
91128,0,105,107,273,101,8,L26107000386,2610700052,,,2,113,
91129,0,105,107,273,101,8,L26107000387,2610700052,,,2,113,
91130,0,105,107,273,101,8,L26107000388,2610700052,,,2,113,
91131,0,105,107,273,101,8,L26107000389,2610700052,,,2,113,
91132,0,105,107,273,101,8,L26107000390,2610700052,,,2,113,
91133,0,105,107,273,101,8,L26107000391,2610700052,,,2,113,
91134,0,105,107,273,101,8,L26107000392,2610700052,,,2,113,
91135,0,105,107,273,101,8,L26107000393,2610700052,,,2,113,
91136,0,105,107,273,101,8,L26107000394,2610700052,,,2,113,
91137,0,105,107,273,101,8,L26107000395,2610700052,,,2,113,
91138,0,105,107,273,101,8,L26107000396,2610700052,,,2,113,
91139,0,105,107,273,101,8,L26107000397,2610700052,,,2,113,
91140,0,105,107,273,101,8,L26107000398,2610700052,,,2,113,
91141,0,105,107,273,101,8,L26107000399,2610700052,,,2,113,
91142,0,105,107,273,101,8,L26107000400,2610700052,,,2,113,
91143,0,105,107,273,101,8,L26107000401,2610700052,,,2,113,
91144,0,105,107,273,101,8,L26107000402,2610700052,,,2,113,
91145,0,105,107,273,101,8,L26107000403,2610700053,,,2,113,
91146,0,105,107,273,101,8,L26107000404,2610700053,,,2,113,
91147,0,105,107,273,101,8,L26107000405,2610700053,,,2,113,
91148,0,105,107,273,101,8,L26107000406,2610700053,,,2,113,
91149,0,105,107,273,101,8,L26107000407,2610700053,,,2,113,
91150,0,105,107,273,101,8,L26107000408,2610700053,,,2,113,
91151,0,105,107,273,101,8,L26107000409,2610700053,,,2,113,
91152,0,105,107,273,101,8,L26107000410,2610700053,,,2,113,
91153,0,105,107,273,101,8,L26107000411,2610700053,,,2,113,
91154,0,105,107,273,101,8,L26107000412,2610700054,,,2,113,
91155,0,105,107,273,101,8,L26107000413,2610700054,,,2,113,
91156,0,105,107,273,101,8,L26107000414,2610700054,,,2,113,
91157,0,105,107,273,101,8,L26107000415,2610700054,,,2,113,
91158,0,105,107,273,101,8,L26107000416,2610700054,,,2,113,
91159,0,105,107,273,101,8,L26107000417,2610700054,,,2,113,
91160,0,105,107,273,101,8,L26107000418,2610700054,,,2,113,
91161,0,105,107,273,101,8,L26107000419,2610700054,,,2,113,
91162,0,105,107,273,101,8,L26107000420,2610700054,,,2,113,
91163,0,105,107,272,101,8,L26107000421,2610700055,,,2,113,
91164,0,105,107,272,101,8,L26107000422,2610700055,,,2,113,
91165,0,105,107,272,101,8,L26107000423,2610700055,,,2,113,
91166,0,105,107,272,101,8,L26107000424,2610700055,,,2,113,
91167,0,105,107,272,101,8,L26107000425,2610700055,,,2,113,
91168,0,105,107,272,101,8,L26107000426,2610700055,,,2,113,
91169,0,105,107,271,101,8,L26107000427,2610700055,,,2,113,
91170,0,105,107,271,101,8,L26107000428,2610700055,,,2,113,
91188,0,105,107,273,101,8,L26107000429,2610700056,,,2,113,
91189,0,105,107,273,101,8,L26107000430,2610700056,,,2,113,
91190,0,105,107,273,101,8,L26107000431,2610700056,,,2,113,
91191,0,105,107,273,101,8,L26107000432,2610700057,,,2,113,
91192,0,105,107,273,101,8,L26107000433,2610700057,,,2,113,
91193,0,105,107,273,101,8,L26107000434,2610700057,,,2,113,
91194,0,105,107,273,101,8,L26107000435,2610700057,,,2,113,
91195,0,105,107,273,101,8,L26107000436,2610700057,,,2,113,
91196,0,105,107,273,101,8,L26107000437,2610700057,,,2,113,
91197,0,105,107,273,101,8,L26107000438,2610700057,,,2,113,
91198,0,105,107,273,101,8,L26107000439,2610700057,,,2,113,
91199,0,105,107,273,101,8,L26107000440,2610700057,,,2,113,
91200,0,105,107,273,101,8,L26107000441,2610700057,,,2,113,
91201,0,105,107,273,101,8,L26107000442,2610700057,,,2,113,
91202,0,105,107,273,101,8,L26107000443,2610700057,,,2,113,
91203,0,105,107,273,101,8,L26107000444,2610700057,,,2,113,
91204,0,105,107,273,101,8,L26107000445,2610700057,,,2,113,
91205,0,105,107,273,101,8,L26107000446,2610700057,,,2,113,
91206,0,105,107,273,101,8,L26107000447,2610700057,,,2,113,
91207,0,105,107,273,101,8,L26107000448,2610700057,,,2,113,
91208,0,105,107,273,101,8,L26107000449,2610700057,,,2,113,
91209,0,105,107,273,101,8,L26107000450,2610700057,,,2,113,
91210,0,105,107,273,101,8,L26107000451,2610700057,,,2,113,
91211,0,105,107,273,101,8,L26107000452,2610700057,,,2,113,
91212,0,105,107,273,101,8,L26107000453,2610700057,,,2,113,
91213,0,105,107,273,101,8,L26107000454,2610700057,,,2,113,
91214,0,105,107,273,101,8,L26107000455,2610700057,,,2,113,
91215,0,105,107,273,101,8,L26107000456,2610700057,,,2,113,
91216,0,105,107,273,101,8,L26107000457,2610700057,,,2,113,
91217,0,105,107,273,101,8,L26107000458,2610700057,,,2,113,
91218,0,105,107,273,101,8,L26107000459,2610700057,,,2,113,
91219,0,105,107,413,101,8,L26107000460,2610700058,,,2,113,
91220,0,105,107,413,101,8,L26107000461,2610700058,,,2,113,
91221,0,105,107,413,101,8,L26107000462,2610700058,,,2,113,
91222,0,105,107,413,101,8,L26107000463,2610700058,,,2,113,
91223,0,105,107,413,101,8,L26107000464,2610700058,,,2,113,
91224,0,105,107,413,101,8,L26107000465,2610700058,,,2,113,
91225,0,105,107,413,101,8,L26107000466,2610700058,,,2,113,
91226,0,105,107,413,101,8,L26107000467,2610700058,,,2,113,
91227,0,105,107,413,101,8,L26107000468,2610700058,,,2,113,
91228,0,105,107,413,101,8,L26107000469,2610700058,,,2,113,
91229,0,105,107,413,101,8,L26107000470,2610700058,,,2,113,
91230,0,105,107,413,101,8,L26107000471,2610700058,,,2,113,
91231,0,105,107,413,101,8,L26107000472,2610700058,,,2,113,
91232,0,105,107,272,101,8,L26107000473,2610700058,,,2,113,
91233,0,105,107,272,101,8,L26107000474,2610700058,,,2,113,
91234,0,105,107,273,101,8,L26107000475,2610700058,,,2,113,
91235,0,105,107,273,101,8,L26107000476,2610700058,,,2,113,
91236,0,105,107,413,101,8,L26107000477,2610700058,,,2,113,
91237,0,105,107,413,101,8,L26107000478,2610700058,,,2,113,
91238,0,105,107,415,101,8,L26107000479,2610700059,,,2,113,
91239,0,105,107,415,101,8,L26107000480,2610700059,,,2,113,
91240,0,105,107,415,101,8,L26107000481,2610700059,,,2,113,
91241,0,105,107,415,101,8,L26107000482,2610700059,,,2,113,
91242,0,105,107,415,101,8,L26107000483,2610700059,,,2,113,
91243,0,105,107,415,101,8,L26107000484,2610700059,,,2,113,
91244,0,105,107,415,101,8,L26107000485,2610700059,,,2,113,
91245,0,105,107,415,101,8,L26107000486,2610700059,,,2,113,
91246,0,105,107,272,101,8,L26107000487,2610700059,,,2,113,
91247,0,105,107,272,101,8,L26107000488,2610700059,,,2,113,
91248,0,105,107,272,101,8,L26107000489,2610700059,,,2,113,
91249,0,105,107,272,101,8,L26107000490,2610700059,,,2,113,
91250,0,105,107,272,101,8,L26107000491,2610700059,,,2,113,
91251,0,105,107,272,101,8,L26107000492,2610700059,,,2,113,
91252,0,105,107,272,101,8,L26107000493,2610700059,,,2,113,
91253,0,105,107,272,101,8,L26107000494,2610700059,,,2,113,
91254,0,105,107,272,101,8,L26107000495,2610700060,,,2,113,
91255,0,105,107,272,101,8,L26107000496,2610700060,,,2,113,
91256,0,105,107,271,101,8,L26107000497,2610700060,,,2,113,
91257,0,105,107,271,101,8,L26107000498,2610700060,,,2,113,
91258,0,105,107,271,101,8,L26107000499,2610700060,,,2,113,
91259,0,105,107,271,101,8,L26107000500,2610700060,,,2,113,
91260,0,105,107,271,101,8,L26107000501,2610700060,,,2,113,
91261,0,105,107,271,101,8,L26107000502,2610700060,,,2,113,
91262,0,105,107,271,101,8,L26107000503,2610700060,,,2,113,
91263,0,105,107,271,101,8,L26107000504,2610700060,,,2,113,
91264,0,105,107,271,101,8,L26107000505,2610700060,,,2,113,
91265,0,105,107,271,101,8,L26107000506,2610700060,,,2,113,
91266,0,105,107,271,101,8,L26107000507,2610700060,,,2,113,
91267,0,105,107,271,101,8,L26107000508,2610700060,,,2,113,
91268,0,105,107,271,101,8,L26107000509,2610700061,,,2,113,
91269,0,105,107,271,101,8,L26107000510,2610700061,,,2,113,
91270,0,105,107,271,101,8,L26107000511,2610700061,,,2,113,
91271,0,105,107,271,101,8,L26107000512,2610700061,,,2,113,
91272,0,105,107,271,101,8,L26107000513,2610700061,,,2,113,
91273,0,105,107,271,101,8,L26107000514,2610700061,,,2,113,
91274,0,105,107,271,101,8,L26107000515,2610700061,,,2,113,
91275,0,105,107,271,101,8,L26107000516,2610700061,,,2,113,
91276,0,105,107,271,101,8,L26107000517,2610700061,,,2,113,
91277,0,105,107,271,101,8,L26107000518,2610700061,,,2,113,
91278,0,105,107,271,101,8,L26107000519,2610700061,,,2,113,
91279,0,105,107,271,101,8,L26107000520,2610700061,,,2,113,
661,0,102,103,116,101,1,M19103000592,1910300184,,,2,104,
662,0,102,103,331,101,1,M19103000593,1910300185,,,2,104,
672,0,102,103,116,101,1,M19103000594,1910300186,,,2,104,
676,0,102,103,103,101,1,M19103000595,1910300187,,,2,104,
659,0,102,104,119,101,1,M19104000068,1910400068,,,2,112,
660,0,102,104,119,101,1,M19104000069,1910400069,,,2,112,
663,0,102,104,119,101,1,M19104000070,1910400070,,,2,112,
664,0,102,104,125,101,1,M19104000071,1910400071,,,2,112,
665,0,102,104,127,101,1,M19104000072,1910400072,,,2,112,
666,0,102,104,119,101,1,M19104000073,1910400073,,,2,112,
667,0,102,104,119,101,1,M19104000074,1910400074,,,2,112,
668,0,102,104,119,101,1,M19104000075,1910400075,,,2,112,
669,0,102,104,126,101,1,M19104000076,1910400076,,,2,112,
670,0,102,104,132,101,1,M19104000077,1910400077,,,2,112,
671,0,102,104,126,101,1,M19104000078,1910400078,,,2,112,
673,0,102,104,119,101,1,M19104000079,1910400079,,,2,112,
674,0,102,104,119,101,1,M19104000080,1910400080,,,2,112,
675,0,102,104,119,101,1,M19104000081,1910400081,,,2,112,
677,0,102,104,119,101,1,M19104000082,1910400082,,,2,112,
1437,0,102,103,238,101,2,M20103001202,2010300381,,,2,104,
1442,0,102,103,404,101,2,M20103001203,2010300382,,,2,104,
1445,0,102,103,407,101,2,M20103001204,2010300383,,,2,104,
1449,0,102,103,113,101,2,M20103001205,2010300384,,,2,104,
1452,0,102,103,338,101,2,M20103001206,2010300385,,,2,104,
1432,0,102,104,119,101,2,M20104000231,2010400231,,,2,112,
1433,0,102,104,119,101,2,M20104000232,2010400232,,,2,112,
1434,0,102,104,119,101,2,M20104000233,2010400233,,,2,112,
1435,0,102,104,119,101,2,M20104000234,2010400234,,,2,112,
1436,0,102,104,119,101,2,M20104000235,2010400235,,,2,112,
1438,0,102,104,119,101,2,M20104000236,2010400236,,,2,112,
1439,0,102,104,119,101,2,M20104000237,2010400237,,,2,112,
1440,0,102,104,353,101,2,M20104000238,2010400238,,,2,112,
1441,0,102,104,119,101,2,M20104000239,2010400239,,,2,112,
1443,0,102,104,119,101,2,M20104000240,2010400240,,,2,112,
1444,0,102,104,120,101,2,M20104000241,2010400241,,,2,112,
1446,0,102,104,128,101,2,M20104000242,2010400242,,,2,112,
1447,0,102,104,119,101,2,M20104000243,2010400243,,,2,112,
1448,0,102,104,119,101,2,M20104000244,2010400244,,,2,112,
1450,0,102,104,119,101,2,M20104000245,2010400245,,,2,112,
1451,0,102,104,352,101,2,M20104000246,2010400246,,,2,112,
1453,0,102,104,351,101,2,M20104000247,2010400247,,,2,112,
1999,0,102,103,235,101,3,M21103001568,2110300509,,,2,104,
2000,0,102,103,235,101,3,M21103001569,2110300509,,,2,104,
2001,0,102,103,235,101,3,M21103001570,2110300509,,,2,104,
2002,0,102,103,235,101,3,M21103001571,2110300509,,,2,104,
2003,0,102,103,235,101,3,M21103001572,2110300509,,,2,104,
2004,0,102,103,235,101,3,M21103001573,2110300509,,,2,104,
2005,0,102,103,235,101,3,M21103001574,2110300509,,,2,104,
2006,0,102,103,235,101,3,M21103001575,2110300509,,,2,104,
2007,0,102,103,235,101,3,M21103001576,2110300509,,,2,104,
2008,0,102,103,235,101,3,M21103001577,2110300509,,,2,104,
2009,0,102,103,235,101,3,M21103001578,2110300509,,,2,104,
2010,0,102,103,235,101,3,M21103001579,2110300509,,,2,104,
2011,0,102,103,235,101,3,M21103001580,2110300510,,,2,104,
2012,0,102,103,235,101,3,M21103001581,2110300510,,,2,104,
2013,0,102,103,235,101,3,M21103001582,2110300510,,,2,104,
2014,0,102,103,235,101,3,M21103001583,2110300510,,,2,104,
2015,0,102,103,235,101,3,M21103001584,2110300510,,,2,104,
2016,0,102,103,235,101,3,M21103001585,2110300510,,,2,104,
2017,0,102,103,235,101,3,M21103001586,2110300510,,,2,104,
2022,0,102,103,102,101,3,M21103001587,2110300511,,,2,104,
2024,0,102,103,103,101,3,M21103001588,2110300512,,,2,104,
2018,0,102,104,119,101,3,M21104000432,2110400432,,,2,112,
2019,0,102,104,119,101,3,M21104000433,2110400433,,,2,112,
2020,0,102,104,120,101,3,M21104000434,2110400434,,,2,112,
2021,0,102,104,119,101,3,M21104000435,2110400435,,,2,112,
2023,0,102,104,122,101,3,M21104000436,2110400436,,,2,112,
3043,0,102,103,338,101,4,M22103002250,2210300667,,,2,104,
3044,0,102,103,338,101,4,M22103002251,2210300667,,,2,104,
3045,0,102,103,338,101,4,M22103002252,2210300667,,,2,104,
3046,0,102,103,338,101,4,M22103002253,2210300667,,,2,104,
3047,0,102,103,338,101,4,M22103002254,2210300667,,,2,104,
3048,0,102,103,338,101,4,M22103002255,2210300667,,,2,104,
3049,0,102,103,338,101,4,M22103002256,2210300667,,,2,104,
3050,0,102,103,338,101,4,M22103002257,2210300667,,,2,104,
3051,0,102,103,338,101,4,M22103002258,2210300667,,,2,104,
3052,0,102,103,338,101,4,M22103002259,2210300667,,,2,104,
3053,0,102,103,331,101,4,M22103002260,2210300668,,,2,104,
3054,0,102,103,331,101,4,M22103002261,2210300668,,,2,104,
3055,0,102,103,238,101,4,M22103002262,2210300668,,,2,104,
3056,0,102,103,101,101,4,M22103002263,2210300668,,,2,104,
3057,0,102,103,101,101,4,M22103002264,2210300668,,,2,104,
3058,0,102,103,235,101,4,M22103002265,2210300669,,,2,104,
3059,0,102,103,235,101,4,M22103002266,2210300669,,,2,104,
3060,0,102,103,235,101,4,M22103002267,2210300669,,,2,104,
3061,0,102,103,235,101,4,M22103002268,2210300669,,,2,104,
3062,0,102,103,235,101,4,M22103002269,2210300669,,,2,104,
3063,0,102,103,235,101,4,M22103002270,2210300669,,,2,104,
3064,0,102,103,235,101,4,M22103002271,2210300669,,,2,104,
3065,0,102,103,235,101,4,M22103002272,2210300669,,,2,104,
3066,0,102,103,235,101,4,M22103002273,2210300669,,,2,104,
3067,0,102,103,235,101,4,M22103002274,2210300669,,,2,104,
3068,0,102,103,235,101,4,M22103002275,2210300669,,,2,104,
3069,0,102,103,235,101,4,M22103002276,2210300669,,,2,104,
3070,0,102,103,235,101,4,M22103002277,2210300669,,,2,104,
3072,0,102,103,102,101,4,M22103002278,2210300670,,,2,104,
3073,0,102,103,338,101,4,M22103002279,2210300671,,,2,104,
3078,0,102,103,115,101,4,M22103002280,2210300672,,,2,104,
3091,0,102,103,115,101,4,M22103002281,2210300673,,,2,104,
3093,0,102,103,103,101,4,M22103002282,2210300674,,,2,104,
3071,0,102,104,119,101,4,M22104000679,2210400679,,,2,112,
3074,0,102,104,119,101,4,M22104000680,2210400680,,,2,112,
3075,0,102,104,119,101,4,M22104000681,2210400681,,,2,112,
3076,0,102,104,119,101,4,M22104000682,2210400682,,,2,112,
3077,0,102,104,119,101,4,M22104000683,2210400683,,,2,112,
3079,0,102,104,119,101,4,M22104000684,2210400684,,,2,112,
3080,0,102,104,119,101,4,M22104000685,2210400685,,,2,112,
3081,0,102,104,119,101,4,M22104000686,2210400686,,,2,112,
3082,0,102,104,119,101,4,M22104000687,2210400687,,,2,112,
3083,0,102,104,119,101,4,M22104000688,2210400688,,,2,112,
3084,0,102,104,119,101,4,M22104000689,2210400689,,,2,112,
3085,0,102,104,119,101,4,M22104000690,2210400690,,,2,112,
3086,0,102,104,120,101,4,M22104000691,2210400691,,,2,112,
3087,0,102,104,119,101,4,M22104000692,2210400692,,,2,112,
3088,0,102,104,130,101,4,M22104000693,2210400693,,,2,112,
3089,0,102,104,119,101,4,M22104000694,2210400694,,,2,112,
3090,0,102,104,132,101,4,M22104000695,2210400695,,,2,112,
3092,0,102,104,119,101,4,M22104000696,2210400696,,,2,112,
4106,0,102,103,169,101,5,M23103002977,2310300810,,,2,104,
4108,0,102,103,169,101,5,M23103002978,2310300811,,,2,104,
4111,0,102,103,112,101,5,M23103002979,2310300812,,,2,104,
4112,0,102,103,102,101,5,M23103002980,2310300813,,,2,104,
4113,0,102,103,235,101,5,M23103002981,2310300814,,,2,104,
4117,0,102,103,113,101,5,M23103002982,2310300815,,,2,104,
4121,0,102,103,235,101,5,M23103002983,2310300816,,,2,104,
4124,0,102,103,116,101,5,M23103002984,2310300817,,,2,104,
4128,0,102,103,101,101,5,M23103002985,2310300818,,,2,104,
4129,0,102,103,110,101,5,M23103002986,2310300819,,,2,104,
4102,0,102,104,119,101,5,M23104000846,2310400846,,,2,112,
4103,0,102,104,119,101,5,M23104000847,2310400847,,,2,112,
4104,0,102,104,119,101,5,M23104000848,2310400848,,,2,112,
4105,0,102,104,119,101,5,M23104000849,2310400849,,,2,112,
4107,0,102,104,119,101,5,M23104000850,2310400850,,,2,112,
4109,0,102,104,119,101,5,M23104000851,2310400851,,,2,112,
4110,0,102,104,351,101,5,M23104000852,2310400852,,,2,112,
4114,0,102,104,122,101,5,M23104000853,2310400853,,,2,112,
4115,0,102,104,120,101,5,M23104000854,2310400854,,,2,112,
4116,0,102,104,119,101,5,M23104000855,2310400855,,,2,112,
4118,0,102,104,119,101,5,M23104000856,2310400856,,,2,112,
4119,0,102,104,119,101,5,M23104000857,2310400857,,,2,112,
4120,0,102,104,119,101,5,M23104000858,2310400858,,,2,112,
4122,0,102,104,351,101,5,M23104000859,2310400859,,,2,112,
4123,0,102,104,119,101,5,M23104000860,2310400860,,,2,112,
4125,0,102,104,289,101,5,M23104000861,2310400861,,,2,112,
4126,0,102,104,351,101,5,M23104000862,2310400862,,,2,112,
4127,0,102,104,353,101,5,M23104000863,2310400863,,,2,112,
4130,0,102,104,119,101,5,M23104000864,2310400864,,,2,112,
4131,0,102,104,119,101,5,M23104000865,2310400865,,,2,112,
4132,0,102,104,119,101,5,M23104000866,2310400866,,,2,112,
5219,0,102,103,110,101,6,M24103003538,2410300954,,,2,104,
5220,0,102,103,110,101,6,M24103003539,2410300955,,,2,104,
5221,0,102,103,113,101,6,M24103003540,2410300956,,,2,104,
5223,0,102,103,113,101,6,M24103003541,2410300957,,,2,104,
5226,0,102,103,113,101,6,M24103003542,2410300958,,,2,104,
5227,0,102,103,113,101,6,M24103003543,2410300959,,,2,104,
5228,0,102,103,116,101,6,M24103003544,2410300960,,,2,104,
5229,0,102,103,116,101,6,M24103003545,2410300961,,,2,104,
5230,0,102,103,342,101,6,M24103003546,2410300962,,,2,104,
5232,0,102,103,235,101,6,M24103003547,2410300963,,,2,104,
6224,0,102,103,116,101,6,M24103003548,2410300964,,,2,104,
5222,0,102,104,119,101,6,M24104001383,2410401051,,,2,112,
5224,0,102,104,119,101,6,M24104001384,2410401052,,,2,112,
5225,0,102,104,353,101,6,M24104001385,2410401053,,,2,112,
5231,0,102,104,151,101,6,M24104001386,2410401054,,,2,112,
65407,0,102,103,102,101,7,M25103004258,2510301076,,,2,104,
65408,0,102,103,235,101,7,M25103004259,2510301077,,,2,104,
65409,0,102,103,235,101,7,M25103004260,2510301077,,,2,104,
66411,0,102,103,108,101,7,M25103004261,2510301078,,,2,104,
66412,0,102,103,108,101,7,M25103004262,2510301078,,,2,104,
66413,0,102,103,108,101,7,M25103004263,2510301078,,,2,104,
66414,0,102,103,108,101,7,M25103004264,2510301078,,,2,104,
66415,0,102,103,108,101,7,M25103004265,2510301078,,,2,104,
66416,0,102,103,108,101,7,M25103004266,2510301078,,,2,104,
66417,0,102,103,108,101,7,M25103004267,2510301078,,,2,104,
66418,0,102,103,108,101,7,M25103004268,2510301078,,,2,104,
66419,0,102,103,108,101,7,M25103004269,2510301078,,,2,104,
66420,0,102,103,108,101,7,M25103004270,2510301078,,,2,104,
66421,0,102,103,108,101,7,M25103004271,2510301078,,,2,104,
66422,0,102,103,108,101,7,M25103004272,2510301078,,,2,104,
66423,0,102,103,108,101,7,M25103004273,2510301078,,,2,104,
66424,0,102,103,108,101,7,M25103004274,2510301078,,,2,104,
66425,0,102,103,112,101,7,M25103004275,2510301078,,,2,104,
66426,0,102,103,112,101,7,M25103004276,2510301078,,,2,104,
66427,0,102,103,374,101,7,M25103004277,2510301078,,,2,104,
66428,0,102,103,102,101,7,M25103004278,2510301078,,,2,104,
66429,0,102,103,331,101,7,M25103004279,2510301078,,,2,104,
66430,0,102,103,116,101,7,M25103004280,2510301078,,,2,104,
66431,0,102,103,107,101,7,M25103004281,2510301079,,,2,104,
66432,0,102,103,107,101,7,M25103004282,2510301079,,,2,104,
66433,0,102,103,107,101,7,M25103004283,2510301079,,,2,104,
66434,0,102,103,107,101,7,M25103004284,2510301079,,,2,104,
66435,0,102,103,107,101,7,M25103004285,2510301079,,,2,104,
66436,0,102,103,107,101,7,M25103004286,2510301079,,,2,104,
66437,0,102,103,107,101,7,M25103004287,2510301079,,,2,104,
66438,0,102,103,107,101,7,M25103004288,2510301079,,,2,104,
66439,0,102,103,107,101,7,M25103004289,2510301079,,,2,104,
66440,0,102,103,107,101,7,M25103004290,2510301079,,,2,104,
66441,0,102,103,107,101,7,M25103004291,2510301079,,,2,104,
66442,0,102,103,107,101,7,M25103004292,2510301079,,,2,104,
66443,0,102,103,107,101,7,M25103004293,2510301079,,,2,104,
66444,0,102,103,107,101,7,M25103004294,2510301079,,,2,104,
66445,0,102,103,112,101,7,M25103004295,2510301079,,,2,104,
66446,0,102,103,112,101,7,M25103004296,2510301079,,,2,104,
66447,0,102,103,374,101,7,M25103004297,2510301079,,,2,104,
66448,0,102,103,116,101,7,M25103004298,2510301079,,,2,104,
66449,0,102,103,331,101,7,M25103004299,2510301079,,,2,104,
66450,0,102,103,102,101,7,M25103004300,2510301079,,,2,104,
69411,0,102,103,114,101,7,M25103004301,2510301080,,,2,104,
69412,0,102,103,114,101,7,M25103004302,2510301080,,,2,104,
69413,0,102,103,114,101,7,M25103004303,2510301080,,,2,104,
69414,0,102,103,114,101,7,M25103004304,2510301080,,,2,104,
69415,0,102,103,114,101,7,M25103004305,2510301080,,,2,104,
69416,0,102,103,112,101,7,M25103004306,2510301080,,,2,104,
69417,0,102,103,419,101,7,M25103004307,2510301081,,,2,104,
69418,0,102,103,419,101,7,M25103004308,2510301081,,,2,104,
69419,0,102,103,419,101,7,M25103004309,2510301081,,,2,104,
69420,0,102,103,419,101,7,M25103004310,2510301081,,,2,104,
69421,0,102,103,419,101,7,M25103004311,2510301081,,,2,104,
69422,0,102,103,419,101,7,M25103004312,2510301081,,,2,104,
69423,0,102,103,419,101,7,M25103004313,2510301081,,,2,104,
69424,0,102,103,407,101,7,M25103004314,2510301081,,,2,104,
69425,0,102,103,407,101,7,M25103004315,2510301081,,,2,104,
69426,0,102,103,407,101,7,M25103004316,2510301081,,,2,104,
69427,0,102,103,407,101,7,M25103004317,2510301081,,,2,104,
69428,0,102,103,407,101,7,M25103004318,2510301081,,,2,104,
69429,0,102,103,407,101,7,M25103004319,2510301081,,,2,104,
69430,0,102,103,407,101,7,M25103004320,2510301081,,,2,104,
69431,0,102,103,115,101,7,M25103004321,2510301081,,,2,104,
69432,0,102,103,115,101,7,M25103004322,2510301081,,,2,104,
69433,0,102,103,115,101,7,M25103004323,2510301081,,,2,104,
69434,0,102,103,235,101,7,M25103004324,2510301081,,,2,104,
69435,0,102,103,101,101,7,M25103004325,2510301081,,,2,104,
65410,0,102,104,119,101,7,M25104001489,2510401157,,,2,112,
65411,0,102,104,353,101,7,M25104001490,2510401158,,,2,112,
67411,0,102,104,119,101,7,M25104001491,2510401159,,,2,112,
68411,0,102,104,119,101,7,M25104001492,2510401160,,,2,112,
68412,0,102,104,440,101,7,M25104001493,2510401161,,,2,112,
68413,0,102,104,289,101,7,M25104001494,2510401162,,,2,112,
68414,0,102,104,289,101,7,M25104001495,2510401163,,,2,112,
70417,0,102,104,119,101,7,M25104001496,2510401164,,,2,112,
70418,0,102,104,119,101,7,M25104001497,2510401165,,,2,112,
95358,0,102,103,404,101,8,M26103005028,2610301203,,,2,104,
95361,0,102,103,407,101,8,M26103005029,2610301204,,,2,101,
95362,0,102,103,407,101,8,M26103005030,2610301204,,,2,101,
95363,0,102,103,407,101,8,M26103005031,2610301204,,,2,101,
95364,0,102,103,407,101,8,M26103005032,2610301204,,,2,101,
95365,0,102,103,407,101,8,M26103005033,2610301204,,,2,101,
95366,0,102,103,407,101,8,M26103005034,2610301204,,,2,101,
95367,0,102,103,407,101,8,M26103005035,2610301205,,,2,101,
95368,0,102,103,407,101,8,M26103005036,2610301205,,,2,101,
95369,0,102,103,407,101,8,M26103005037,2610301205,,,2,101,
95370,0,102,103,431,101,8,M26103005038,2610301205,,,2,101,
95371,0,102,103,431,101,8,M26103005039,2610301205,,,2,101,
95372,0,102,103,431,101,8,M26103005040,2610301205,,,2,101,
95373,0,102,103,431,101,8,M26103005041,2610301205,,,2,101,
95374,0,102,103,431,101,8,M26103005042,2610301205,,,2,101,
95375,0,102,103,431,101,8,M26103005043,2610301205,,,2,101,
95376,0,102,103,431,101,8,M26103005044,2610301205,,,2,101,
95377,0,102,103,107,101,8,M26103005045,2610301205,,,2,101,
95378,0,102,103,107,101,8,M26103005046,2610301205,,,2,101,
95379,0,102,103,107,101,8,M26103005047,2610301205,,,2,101,
95380,0,102,103,107,101,8,M26103005048,2610301205,,,2,101,
95381,0,102,103,107,101,8,M26103005049,2610301205,,,2,101,
95382,0,102,103,420,101,8,M26103005050,2610301205,,,2,101,
95383,0,102,103,420,101,8,M26103005051,2610301205,,,2,101,
93357,0,102,104,127,101,8,M26104001597,2610401265,,,2,112,
93358,0,102,104,268,101,8,M26104001598,2610401266,,,2,112,
94358,0,102,104,351,101,8,M26104001599,2610401267,,,2,112,
95359,0,102,104,119,101,8,M26104001600,2610401268,,,2,112,
95360,0,102,104,120,101,8,M26104001601,2610401269,,,2,112,
679,0,102,103,116,101,1,N19103000596,1910300188,,,2,104,
680,0,102,103,102,101,1,N19103000597,1910300189,,,2,104,
681,0,102,103,113,101,1,N19103000598,1910300190,,,2,104,
686,0,102,103,342,101,1,N19103000599,1910300191,,,2,104,
687,0,102,103,104,101,1,N19103000600,1910300192,,,2,104,
689,0,102,103,112,101,1,N19103000601,1910300193,,,2,104,
693,0,102,103,331,101,1,N19103000602,1910300194,,,2,104,
694,0,102,103,331,101,1,N19103000603,1910300194,,,2,104,
695,0,102,103,331,101,1,N19103000604,1910300194,,,2,104,
696,0,102,103,331,101,1,N19103000605,1910300194,,,2,104,
697,0,102,103,331,101,1,N19103000606,1910300194,,,2,104,
698,0,102,103,331,101,1,N19103000607,1910300194,,,2,104,
699,0,102,103,331,101,1,N19103000608,1910300194,,,2,104,
700,0,102,103,331,101,1,N19103000609,1910300194,,,2,104,
701,0,102,103,331,101,1,N19103000610,1910300194,,,2,104,
702,0,102,103,102,101,1,N19103000611,1910300195,,,2,104,
703,0,102,103,102,101,1,N19103000612,1910300196,,,2,104,
704,0,102,103,102,101,1,N19103000613,1910300196,,,2,104,
705,0,102,103,102,101,1,N19103000614,1910300196,,,2,104,
706,0,102,103,102,101,1,N19103000615,1910300196,,,2,104,
707,0,102,103,102,101,1,N19103000616,1910300197,,,2,104,
708,0,102,103,238,101,1,N19103000617,1910300198,,,2,104,
709,0,102,103,238,101,1,N19103000618,1910300198,,,2,104,
710,0,102,103,238,101,1,N19103000619,1910300198,,,2,104,
711,0,102,103,238,101,1,N19103000620,1910300198,,,2,104,
712,0,102,103,238,101,1,N19103000621,1910300198,,,2,104,
713,0,102,103,238,101,1,N19103000622,1910300198,,,2,104,
714,0,102,103,238,101,1,N19103000623,1910300198,,,2,104,
715,0,102,103,238,101,1,N19103000624,1910300198,,,2,104,
716,0,102,103,238,101,1,N19103000625,1910300198,,,2,104,
717,0,102,103,238,101,1,N19103000626,1910300198,,,2,104,
718,0,102,103,238,101,1,N19103000627,1910300198,,,2,104,
719,0,102,103,112,101,1,N19103000628,1910300199,,,2,104,
720,0,102,103,112,101,1,N19103000629,1910300199,,,2,104,
721,0,102,103,112,101,1,N19103000630,1910300199,,,2,104,
722,0,102,103,112,101,1,N19103000631,1910300199,,,2,104,
723,0,102,103,112,101,1,N19103000632,1910300200,,,2,104,
724,0,102,103,338,101,1,N19103000633,1910300201,,,2,104,
725,0,102,103,112,101,1,N19103000634,1910300202,,,2,104,
726,0,102,103,112,101,1,N19103000635,1910300202,,,2,104,
727,0,102,103,112,101,1,N19103000636,1910300203,,,2,104,
728,0,102,103,112,101,1,N19103000637,1910300203,,,2,104,
729,0,102,103,112,101,1,N19103000638,1910300204,,,2,104,
730,0,102,103,112,101,1,N19103000639,1910300204,,,2,104,
731,0,102,103,112,101,1,N19103000640,1910300205,,,2,104,
732,0,102,103,114,101,1,N19103000641,1910300206,,,2,104,
733,0,102,103,101,101,1,N19103000642,1910300207,,,2,104,
734,0,102,103,101,101,1,N19103000643,1910300207,,,2,104,
735,0,102,103,101,101,1,N19103000644,1910300207,,,2,104,
736,0,102,103,101,101,1,N19103000645,1910300207,,,2,104,
737,0,102,103,101,101,1,N19103000646,1910300207,,,2,104,
738,0,102,103,101,101,1,N19103000647,1910300207,,,2,104,
739,0,102,103,101,101,1,N19103000648,1910300208,,,2,104,
740,0,102,103,101,101,1,N19103000649,1910300208,,,2,104,
741,0,102,103,101,101,1,N19103000650,1910300208,,,2,104,
742,0,102,103,101,101,1,N19103000651,1910300208,,,2,104,
743,0,102,103,338,101,1,N19103000652,1910300209,,,2,104,
744,0,102,103,342,101,1,N19103000653,1910300210,,,2,104,
745,0,102,103,342,101,1,N19103000654,1910300210,,,2,104,
746,0,102,103,236,101,1,N19103000655,1910300211,,,2,104,
747,0,102,103,236,101,1,N19103000656,1910300211,,,2,104,
748,0,102,103,236,101,1,N19103000657,1910300211,,,2,104,
749,0,102,103,374,101,1,N19103000658,1910300212,,,2,104,
750,0,102,103,374,101,1,N19103000659,1910300212,,,2,104,
751,0,102,103,374,101,1,N19103000660,1910300212,,,2,104,
752,0,102,103,102,101,1,N19103000661,1910300213,,,2,104,
753,0,102,103,331,101,1,N19103000662,1910300214,,,2,104,
754,0,102,103,331,101,1,N19103000663,1910300214,,,2,104,
755,0,102,103,235,101,1,N19103000664,1910300215,,,2,104,
756,0,102,103,235,101,1,N19103000665,1910300215,,,2,104,
757,0,102,103,235,101,1,N19103000666,1910300215,,,2,104,
758,0,102,103,235,101,1,N19103000667,1910300215,,,2,104,
759,0,102,103,235,101,1,N19103000668,1910300215,,,2,104,
760,0,102,103,235,101,1,N19103000669,1910300215,,,2,104,
761,0,102,103,235,101,1,N19103000670,1910300215,,,2,104,
762,0,102,103,235,101,1,N19103000671,1910300215,,,2,104,
763,0,102,103,235,101,1,N19103000672,1910300215,,,2,104,
764,0,102,103,235,101,1,N19103000673,1910300216,,,2,104,
765,0,102,103,235,101,1,N19103000674,1910300216,,,2,104,
766,0,102,103,235,101,1,N19103000675,1910300216,,,2,104,
767,0,102,103,235,101,1,N19103000676,1910300216,,,2,104,
768,0,102,103,235,101,1,N19103000677,1910300216,,,2,104,
769,0,102,103,235,101,1,N19103000678,1910300216,,,2,104,
770,0,102,103,235,101,1,N19103000679,1910300216,,,2,104,
771,0,102,103,235,101,1,N19103000680,1910300216,,,2,104,
772,0,102,103,235,101,1,N19103000681,1910300216,,,2,104,
778,0,102,103,236,101,1,N19103000682,1910300217,,,2,104,
779,0,102,103,235,101,1,N19103000683,1910300218,,,2,104,
780,0,102,103,235,101,1,N19103000684,1910300218,,,2,104,
781,0,102,103,236,101,1,N19103000685,1910300219,,,2,104,
782,0,102,103,236,101,1,N19103000686,1910300219,,,2,104,
783,0,102,103,374,101,1,N19103000687,1910300220,,,2,104,
784,0,102,103,374,101,1,N19103000688,1910300220,,,2,104,
785,0,102,103,374,101,1,N19103000689,1910300220,,,2,104,
786,0,102,103,374,101,1,N19103000690,1910300221,,,2,104,
787,0,102,103,236,101,1,N19103000691,1910300222,,,2,104,
788,0,102,103,236,101,1,N19103000692,1910300222,,,2,104,
789,0,102,103,374,101,1,N19103000693,1910300223,,,2,104,
790,0,102,103,374,101,1,N19103000694,1910300223,,,2,104,
791,0,102,103,235,101,1,N19103000695,1910300224,,,2,104,
792,0,102,103,235,101,1,N19103000696,1910300224,,,2,104,
793,0,102,103,235,101,1,N19103000697,1910300224,,,2,104,
794,0,102,103,374,101,1,N19103000698,1910300225,,,2,104,
795,0,102,103,374,101,1,N19103000699,1910300225,,,2,104,
796,0,102,103,374,101,1,N19103000700,1910300225,,,2,104,
797,0,102,103,374,101,1,N19103000701,1910300225,,,2,104,
798,0,102,103,374,101,1,N19103000702,1910300225,,,2,104,
799,0,102,103,374,101,1,N19103000703,1910300225,,,2,104,
800,0,102,103,374,101,1,N19103000704,1910300225,,,2,104,
801,0,102,103,374,101,1,N19103000705,1910300225,,,2,104,
802,0,102,103,374,101,1,N19103000706,1910300225,,,2,104,
803,0,102,103,235,101,1,N19103000707,1910300226,,,2,104,
804,0,102,103,235,101,1,N19103000708,1910300226,,,2,104,
805,0,102,103,235,101,1,N19103000709,1910300226,,,2,104,
806,0,102,103,235,101,1,N19103000710,1910300226,,,2,104,
807,0,102,103,235,101,1,N19103000711,1910300226,,,2,104,
808,0,102,103,235,101,1,N19103000712,1910300226,,,2,104,
809,0,102,103,235,101,1,N19103000713,1910300227,,,2,104,
810,0,102,103,235,101,1,N19103000714,1910300227,,,2,104,
811,0,102,103,374,101,1,N19103000715,1910300228,,,2,104,
812,0,102,103,374,101,1,N19103000716,1910300228,,,2,104,
813,0,102,103,235,101,1,N19103000717,1910300229,,,2,104,
814,0,102,103,235,101,1,N19103000718,1910300229,,,2,104,
815,0,102,103,235,101,1,N19103000719,1910300229,,,2,104,
816,0,102,103,374,101,1,N19103000720,1910300230,,,2,104,
817,0,102,103,374,101,1,N19103000721,1910300231,,,2,104,
818,0,102,103,374,101,1,N19103000722,1910300231,,,2,104,
819,0,102,103,374,101,1,N19103000723,1910300231,,,2,104,
820,0,102,103,374,101,1,N19103000724,1910300231,,,2,104,
821,0,102,103,374,101,1,N19103000725,1910300231,,,2,104,
822,0,102,103,374,101,1,N19103000726,1910300231,,,2,104,
823,0,102,103,374,101,1,N19103000727,1910300231,,,2,104,
824,0,102,103,374,101,1,N19103000728,1910300231,,,2,104,
825,0,102,103,374,101,1,N19103000729,1910300231,,,2,104,
826,0,102,103,374,101,1,N19103000730,1910300231,,,2,104,
827,0,102,103,374,101,1,N19103000731,1910300231,,,2,104,
828,0,102,103,374,101,1,N19103000732,1910300231,,,2,104,
829,0,102,103,374,101,1,N19103000733,1910300231,,,2,104,
830,0,102,103,374,101,1,N19103000734,1910300231,,,2,104,
831,0,102,103,102,101,1,N19103000735,1910300232,,,2,104,
832,0,102,103,105,101,1,N19103000736,1910300233,,,2,104,
839,0,102,103,101,101,1,N19103000737,1910300234,,,2,104,
849,0,102,103,102,101,1,N19103000738,1910300235,,,2,104,
860,0,102,103,103,101,1,N19103000739,1910300236,,,2,104,
865,0,102,103,446,101,1,N19103000740,1910300237,,,2,104,
866,0,102,103,102,101,1,N19103000741,1910300238,,,2,104,
867,0,102,103,103,101,1,N19103000742,1910300239,,,2,104,
868,0,102,103,102,101,1,N19103000743,1910300240,,,2,104,
871,0,102,103,103,101,1,N19103000744,1910300241,,,2,104,
872,0,102,103,103,101,1,N19103000745,1910300242,,,2,104,
873,0,102,103,103,101,1,N19103000746,1910300243,,,2,104,
876,0,102,103,102,101,1,N19103000747,1910300244,,,2,104,
877,0,102,103,110,101,1,N19103000748,1910300245,,,2,104,
878,0,102,103,238,101,1,N19103000749,1910300246,,,2,104,
880,0,102,103,101,101,1,N19103000750,1910300247,,,2,104,
884,0,102,103,331,101,1,N19103000751,1910300248,,,2,104,
678,0,102,104,119,101,1,N19104000083,1910400083,,,2,112,
682,0,102,104,127,101,1,N19104000084,1910400084,,,2,112,
683,0,102,104,125,101,1,N19104000085,1910400085,,,2,112,
684,0,102,104,124,101,1,N19104000086,1910400086,,,2,112,
685,0,102,104,119,101,1,N19104000087,1910400087,,,2,112,
688,0,102,104,353,101,1,N19104000088,1910400088,,,2,112,
690,0,102,104,119,101,1,N19104000089,1910400089,,,2,112,
691,0,102,104,119,101,1,N19104000090,1910400090,,,2,112,
692,0,102,104,119,101,1,N19104000091,1910400091,,,2,112,
773,0,102,104,119,101,1,N19104000092,1910400092,,,2,112,
774,0,102,104,133,101,1,N19104000093,1910400093,,,2,112,
775,0,102,104,119,101,1,N19104000094,1910400094,,,2,112,
776,0,102,104,119,101,1,N19104000095,1910400095,,,2,112,
777,0,102,104,119,101,1,N19104000096,1910400096,,,2,112,
833,0,102,104,122,101,1,N19104000097,1910400097,,,2,112,
834,0,102,104,119,101,1,N19104000098,1910400098,,,2,112,
835,0,102,104,123,101,1,N19104000099,1910400099,,,2,112,
836,0,102,104,123,101,1,N19104000100,1910400100,,,2,112,
837,0,102,104,285,101,1,N19104000101,1910400101,,,2,112,
838,0,102,104,120,101,1,N19104000102,1910400102,,,2,112,
840,0,102,104,122,101,1,N19104000103,1910400103,,,2,112,
841,0,102,104,119,101,1,N19104000104,1910400104,,,2,112,
842,0,102,104,124,101,1,N19104000105,1910400105,,,2,112,
843,0,102,104,119,101,1,N19104000106,1910400106,,,2,112,
844,0,102,104,119,101,1,N19104000107,1910400107,,,2,112,
845,0,102,104,123,101,1,N19104000108,1910400108,,,2,112,
846,0,102,104,119,101,1,N19104000109,1910400109,,,2,112,
847,0,102,104,120,101,1,N19104000110,1910400110,,,2,112,
848,0,102,104,120,101,1,N19104000111,1910400111,,,2,112,
850,0,102,104,122,101,1,N19104000112,1910400112,,,2,112,
851,0,102,104,122,101,1,N19104000113,1910400113,,,2,112,
852,0,102,104,122,101,1,N19104000114,1910400114,,,2,112,
853,0,102,104,119,101,1,N19104000115,1910400115,,,2,112,
854,0,102,104,119,101,1,N19104000116,1910400116,,,2,112,
855,0,102,104,122,101,1,N19104000117,1910400117,,,2,112,
856,0,102,104,122,101,1,N19104000118,1910400118,,,2,112,
857,0,102,104,125,101,1,N19104000119,1910400119,,,2,112,
858,0,102,104,126,101,1,N19104000120,1910400120,,,2,112,
859,0,102,104,127,101,1,N19104000121,1910400121,,,2,112,
861,0,102,104,127,101,1,N19104000122,1910400122,,,2,112,
862,0,102,104,119,101,1,N19104000123,1910400123,,,2,112,
863,0,102,104,119,101,1,N19104000124,1910400124,,,2,112,
864,0,102,104,126,101,1,N19104000125,1910400125,,,2,112,
869,0,102,104,127,101,1,N19104000126,1910400126,,,2,112,
870,0,102,104,119,101,1,N19104000127,1910400127,,,2,112,
874,0,102,104,127,101,1,N19104000128,1910400128,,,2,112,
875,0,102,104,128,101,1,N19104000129,1910400129,,,2,112,
879,0,102,104,129,101,1,N19104000130,1910400130,,,2,112,
881,0,102,104,120,101,1,N19104000131,1910400131,,,2,112,
882,0,102,104,119,101,1,N19104000132,1910400132,,,2,112,
883,0,102,104,120,101,1,N19104000133,1910400133,,,2,112,
885,0,102,104,120,101,1,N19104000134,1910400134,,,2,112,
886,0,102,104,120,101,1,N19104000135,1910400135,,,2,112,
1459,0,102,103,102,101,2,N20103001207,2010300386,,,2,104,
1464,0,102,103,110,101,2,N20103001208,2010300387,,,2,104,
1468,0,102,103,116,101,2,N20103001209,2010300388,,,2,104,
1471,0,102,103,116,101,2,N20103001210,2010300389,,,2,104,
1473,0,102,103,106,101,2,N20103001211,2010300390,,,2,104,
1477,0,102,103,116,101,2,N20103001212,2010300391,,,2,104,
1479,0,102,103,102,101,2,N20103001213,2010300392,,,2,104,
1480,0,102,103,102,101,2,N20103001214,2010300392,,,2,104,
1481,0,102,103,102,101,2,N20103001215,2010300392,,,2,104,
1482,0,102,103,102,101,2,N20103001216,2010300392,,,2,104,
1483,0,102,103,102,101,2,N20103001217,2010300392,,,2,104,
1484,0,102,103,102,101,2,N20103001218,2010300392,,,2,104,
1485,0,102,103,102,101,2,N20103001219,2010300392,,,2,104,
1486,0,102,103,102,101,2,N20103001220,2010300392,,,2,104,
1487,0,102,103,102,101,2,N20103001221,2010300392,,,2,104,
1488,0,102,103,331,101,2,N20103001222,2010300393,,,2,104,
1489,0,102,103,331,101,2,N20103001223,2010300393,,,2,104,
1490,0,102,103,331,101,2,N20103001224,2010300393,,,2,104,
1491,0,102,103,331,101,2,N20103001225,2010300393,,,2,104,
1492,0,102,103,331,101,2,N20103001226,2010300393,,,2,104,
1493,0,102,103,331,101,2,N20103001227,2010300393,,,2,104,
1494,0,102,103,331,101,2,N20103001228,2010300393,,,2,104,
1495,0,102,103,331,101,2,N20103001229,2010300393,,,2,104,
1496,0,102,103,331,101,2,N20103001230,2010300393,,,2,104,
1497,0,102,103,331,101,2,N20103001231,2010300393,,,2,104,
1498,0,102,103,331,101,2,N20103001232,2010300393,,,2,104,
1499,0,102,103,331,101,2,N20103001233,2010300393,,,2,104,
1500,0,102,103,331,101,2,N20103001234,2010300393,,,2,104,
1501,0,102,103,331,101,2,N20103001235,2010300393,,,2,104,
1502,0,102,103,331,101,2,N20103001236,2010300394,,,2,104,
1503,0,102,103,331,101,2,N20103001237,2010300394,,,2,104,
1504,0,102,103,331,101,2,N20103001238,2010300394,,,2,104,
1505,0,102,103,112,101,2,N20103001239,2010300395,,,2,104,
1506,0,102,103,112,101,2,N20103001240,2010300395,,,2,104,
1507,0,102,103,112,101,2,N20103001241,2010300395,,,2,104,
1508,0,102,103,112,101,2,N20103001242,2010300395,,,2,104,
1509,0,102,103,338,101,2,N20103001243,2010300396,,,2,104,
1510,0,102,103,338,101,2,N20103001244,2010300396,,,2,104,
1511,0,102,103,338,101,2,N20103001245,2010300396,,,2,104,
1512,0,102,103,112,101,2,N20103001246,2010300397,,,2,104,
1513,0,102,103,338,101,2,N20103001247,2010300397,,,2,104,
1514,0,102,103,112,101,2,N20103001248,2010300398,,,2,104,
1515,0,102,103,112,101,2,N20103001249,2010300398,,,2,104,
1516,0,102,103,112,101,2,N20103001250,2010300398,,,2,104,
1517,0,102,103,112,101,2,N20103001251,2010300398,,,2,104,
1518,0,102,103,112,101,2,N20103001252,2010300398,,,2,104,
1519,0,102,103,112,101,2,N20103001253,2010300399,,,2,104,
1520,0,102,103,112,101,2,N20103001254,2010300399,,,2,104,
1521,0,102,103,112,101,2,N20103001255,2010300400,,,2,104,
1522,0,102,103,112,101,2,N20103001256,2010300400,,,2,104,
1523,0,102,103,112,101,2,N20103001257,2010300401,,,2,104,
1524,0,102,103,112,101,2,N20103001258,2010300401,,,2,104,
1525,0,102,103,241,101,2,N20103001259,2010300402,,,2,104,
1526,0,102,103,241,101,2,N20103001260,2010300402,,,2,104,
1527,0,102,103,241,101,2,N20103001261,2010300402,,,2,104,
1528,0,102,103,241,101,2,N20103001262,2010300402,,,2,104,
1529,0,102,103,114,101,2,N20103001263,2010300403,,,2,104,
1530,0,102,103,114,101,2,N20103001264,2010300403,,,2,104,
1531,0,102,103,114,101,2,N20103001265,2010300403,,,2,104,
1532,0,102,103,338,101,2,N20103001266,2010300403,,,2,104,
1533,0,102,103,338,101,2,N20103001267,2010300404,,,2,104,
1534,0,102,103,107,101,2,N20103001268,2010300405,,,2,104,
1535,0,102,103,107,101,2,N20103001269,2010300405,,,2,104,
1536,0,102,103,107,101,2,N20103001270,2010300405,,,2,104,
1537,0,102,103,107,101,2,N20103001271,2010300405,,,2,104,
1538,0,102,103,107,101,2,N20103001272,2010300405,,,2,104,
1539,0,102,103,107,101,2,N20103001273,2010300405,,,2,104,
1540,0,102,103,107,101,2,N20103001274,2010300405,,,2,104,
1541,0,102,103,107,101,2,N20103001275,2010300405,,,2,104,
1542,0,102,103,107,101,2,N20103001276,2010300405,,,2,104,
1543,0,102,103,107,101,2,N20103001277,2010300405,,,2,104,
1548,0,102,103,400,101,2,N20103001278,2010300406,,,2,104,
1454,0,102,104,119,101,2,N20104000248,2010400248,,,2,112,
1455,0,102,104,119,101,2,N20104000249,2010400249,,,2,112,
1456,0,102,104,119,101,2,N20104000250,2010400250,,,2,112,
1457,0,102,104,136,101,2,N20104000251,2010400251,,,2,112,
1458,0,102,104,119,101,2,N20104000252,2010400252,,,2,112,
1460,0,102,104,119,101,2,N20104000253,2010400253,,,2,112,
1461,0,102,104,119,101,2,N20104000254,2010400254,,,2,112,
1462,0,102,104,353,101,2,N20104000255,2010400255,,,2,112,
1463,0,102,104,119,101,2,N20104000256,2010400256,,,2,112,
1465,0,102,104,119,101,2,N20104000257,2010400257,,,2,112,
1466,0,102,104,119,101,2,N20104000258,2010400258,,,2,112,
1467,0,102,104,128,101,2,N20104000259,2010400259,,,2,112,
1469,0,102,104,138,101,2,N20104000260,2010400260,,,2,112,
1470,0,102,104,120,101,2,N20104000261,2010400261,,,2,112,
1472,0,102,104,119,101,2,N20104000262,2010400262,,,2,112,
1474,0,102,104,119,101,2,N20104000263,2010400263,,,2,112,
1475,0,102,104,120,101,2,N20104000264,2010400264,,,2,112,
1476,0,102,104,119,101,2,N20104000265,2010400265,,,2,112,
1478,0,102,104,119,101,2,N20104000266,2010400266,,,2,112,
1544,0,102,104,120,101,2,N20104000267,2010400267,,,2,112,
1545,0,102,104,119,101,2,N20104000268,2010400268,,,2,112,
1546,0,102,104,119,101,2,N20104000269,2010400269,,,2,112,
1547,0,102,104,164,101,2,N20104000270,2010400270,,,2,112,
2027,0,102,103,103,101,3,N21103001589,2110300513,,,2,104,
2028,0,102,103,115,101,3,N21103001590,2110300514,,,2,104,
2029,0,102,103,116,101,3,N21103001591,2110300515,,,2,104,
2034,0,102,103,114,101,3,N21103001592,2110300516,,,2,104,
2036,0,102,103,102,101,3,N21103001593,2110300517,,,2,104,
2038,0,102,103,107,101,3,N21103001594,2110300518,,,2,104,
2040,0,102,103,116,101,3,N21103001595,2110300519,,,2,104,
2042,0,102,103,331,101,3,N21103001596,2110300520,,,2,104,
2044,0,102,103,103,101,3,N21103001597,2110300521,,,2,104,
2045,0,102,103,116,101,3,N21103001598,2110300522,,,2,104,
2046,0,102,103,103,101,3,N21103001599,2110300523,,,2,104,
2048,0,102,103,102,101,3,N21103001600,2110300524,,,2,104,
2052,0,102,103,116,101,3,N21103001601,2110300525,,,2,104,
2053,0,102,103,113,101,3,N21103001602,2110300526,,,2,104,
2059,0,102,103,331,101,3,N21103001603,2110300527,,,2,104,
2060,0,102,103,169,101,3,N21103001604,2110300528,,,2,104,
2063,0,102,103,112,101,3,N21103001605,2110300529,,,2,104,
2065,0,102,103,116,101,3,N21103001606,2110300530,,,2,104,
2066,0,102,103,113,101,3,N21103001607,2110300531,,,2,104,
2072,0,102,103,116,101,3,N21103001608,2110300532,,,2,104,
2073,0,102,103,102,101,3,N21103001609,2110300533,,,2,104,
2074,0,102,103,102,101,3,N21103001610,2110300533,,,2,104,
2075,0,102,103,102,101,3,N21103001611,2110300533,,,2,104,
2076,0,102,103,102,101,3,N21103001612,2110300533,,,2,104,
2077,0,102,103,102,101,3,N21103001613,2110300533,,,2,104,
2078,0,102,103,102,101,3,N21103001614,2110300533,,,2,104,
2079,0,102,103,102,101,3,N21103001615,2110300533,,,2,104,
2080,0,102,103,102,101,3,N21103001616,2110300533,,,2,104,
2081,0,102,103,102,101,3,N21103001617,2110300533,,,2,104,
2082,0,102,103,102,101,3,N21103001618,2110300533,,,2,104,
2083,0,102,103,102,101,3,N21103001619,2110300533,,,2,104,
2084,0,102,103,331,101,3,N21103001620,2110300534,,,2,104,
2085,0,102,103,331,101,3,N21103001621,2110300534,,,2,104,
2086,0,102,103,331,101,3,N21103001622,2110300534,,,2,104,
2087,0,102,103,331,101,3,N21103001623,2110300534,,,2,104,
2088,0,102,103,331,101,3,N21103001624,2110300534,,,2,104,
2089,0,102,103,331,101,3,N21103001625,2110300534,,,2,104,
2090,0,102,103,331,101,3,N21103001626,2110300534,,,2,104,
2091,0,102,103,331,101,3,N21103001627,2110300534,,,2,104,
2092,0,102,103,331,101,3,N21103001628,2110300534,,,2,104,
2093,0,102,103,331,101,3,N21103001629,2110300534,,,2,104,
2094,0,102,103,331,101,3,N21103001630,2110300534,,,2,104,
2095,0,102,103,331,101,3,N21103001631,2110300534,,,2,104,
2096,0,102,103,331,101,3,N21103001632,2110300534,,,2,104,
2097,0,102,103,331,101,3,N21103001633,2110300534,,,2,104,
2098,0,102,103,112,101,3,N21103001634,2110300535,,,2,104,
2099,0,102,103,112,101,3,N21103001635,2110300535,,,2,104,
2100,0,102,103,112,101,3,N21103001636,2110300535,,,2,104,
2101,0,102,103,112,101,3,N21103001637,2110300535,,,2,104,
2102,0,102,103,112,101,3,N21103001638,2110300535,,,2,104,
2103,0,102,103,112,101,3,N21103001639,2110300535,,,2,104,
2104,0,102,103,112,101,3,N21103001640,2110300535,,,2,104,
2105,0,102,103,112,101,3,N21103001641,2110300535,,,2,104,
2106,0,102,103,112,101,3,N21103001642,2110300535,,,2,104,
2107,0,102,103,112,101,3,N21103001643,2110300535,,,2,104,
2108,0,102,103,112,101,3,N21103001644,2110300535,,,2,104,
2109,0,102,103,112,101,3,N21103001645,2110300535,,,2,104,
2110,0,102,103,112,101,3,N21103001646,2110300535,,,2,104,
2111,0,102,103,112,101,3,N21103001647,2110300535,,,2,104,
2112,0,102,103,112,101,3,N21103001648,2110300535,,,2,104,
2113,0,102,103,112,101,3,N21103001649,2110300535,,,2,104,
2114,0,102,103,112,101,3,N21103001650,2110300535,,,2,104,
2115,0,102,103,112,101,3,N21103001651,2110300535,,,2,104,
2116,0,102,103,112,101,3,N21103001652,2110300535,,,2,104,
2117,0,102,103,112,101,3,N21103001653,2110300535,,,2,104,
2118,0,102,103,112,101,3,N21103001654,2110300535,,,2,104,
2119,0,102,103,112,101,3,N21103001655,2110300535,,,2,104,
2120,0,102,103,338,101,3,N21103001656,2110300535,,,2,104,
2121,0,102,103,338,101,3,N21103001657,2110300535,,,2,104,
2122,0,102,103,338,101,3,N21103001658,2110300535,,,2,104,
2123,0,102,103,338,101,3,N21103001659,2110300535,,,2,104,
2124,0,102,103,338,101,3,N21103001660,2110300535,,,2,104,
2125,0,102,103,338,101,3,N21103001661,2110300535,,,2,104,
2126,0,102,103,338,101,3,N21103001662,2110300535,,,2,104,
2131,0,102,103,403,101,3,N21103001663,2110300536,,,2,104,
2132,0,102,103,403,101,3,N21103001664,2110300536,,,2,104,
2133,0,102,103,403,101,3,N21103001665,2110300536,,,2,104,
2134,0,102,103,403,101,3,N21103001666,2110300536,,,2,104,
2135,0,102,103,403,101,3,N21103001667,2110300536,,,2,104,
2136,0,102,103,403,101,3,N21103001668,2110300536,,,2,104,
2137,0,102,103,403,101,3,N21103001669,2110300536,,,2,104,
2138,0,102,103,403,101,3,N21103001670,2110300536,,,2,104,
2139,0,102,103,403,101,3,N21103001671,2110300536,,,2,104,
2140,0,102,103,403,101,3,N21103001672,2110300536,,,2,104,
2141,0,102,103,235,101,3,N21103001673,2110300537,,,2,104,
2142,0,102,103,235,101,3,N21103001674,2110300537,,,2,104,
2143,0,102,103,235,101,3,N21103001675,2110300537,,,2,104,
2144,0,102,103,235,101,3,N21103001676,2110300537,,,2,104,
2145,0,102,103,235,101,3,N21103001677,2110300537,,,2,104,
2146,0,102,103,235,101,3,N21103001678,2110300537,,,2,104,
2147,0,102,103,235,101,3,N21103001679,2110300537,,,2,104,
2148,0,102,103,235,101,3,N21103001680,2110300537,,,2,104,
2149,0,102,103,235,101,3,N21103001681,2110300537,,,2,104,
2150,0,102,103,235,101,3,N21103001682,2110300537,,,2,104,
2151,0,102,103,235,101,3,N21103001683,2110300537,,,2,104,
2152,0,102,103,235,101,3,N21103001684,2110300537,,,2,104,
2153,0,102,103,235,101,3,N21103001685,2110300537,,,2,104,
2154,0,102,103,235,101,3,N21103001686,2110300537,,,2,104,
2155,0,102,103,102,101,3,N21103001687,2110300538,,,2,104,
2156,0,102,103,331,101,3,N21103001688,2110300538,,,2,104,
2157,0,102,103,331,101,3,N21103001689,2110300538,,,2,104,
2158,0,102,103,411,101,3,N21103001690,2110300539,,,2,104,
2159,0,102,103,238,101,3,N21103001691,2110300540,,,2,104,
2160,0,102,103,238,101,3,N21103001692,2110300540,,,2,104,
2161,0,102,103,238,101,3,N21103001693,2110300540,,,2,104,
2162,0,102,103,238,101,3,N21103001694,2110300540,,,2,104,
2163,0,102,103,101,101,3,N21103001695,2110300541,,,2,104,
2164,0,102,103,101,101,3,N21103001696,2110300541,,,2,104,
2165,0,102,103,101,101,3,N21103001697,2110300541,,,2,104,
2166,0,102,103,101,101,3,N21103001698,2110300541,,,2,104,
2167,0,102,103,101,101,3,N21103001699,2110300541,,,2,104,
2168,0,102,103,101,101,3,N21103001700,2110300541,,,2,104,
2169,0,102,103,101,101,3,N21103001701,2110300541,,,2,104,
2170,0,102,103,101,101,3,N21103001702,2110300541,,,2,104,
2171,0,102,103,101,101,3,N21103001703,2110300541,,,2,104,
2172,0,102,103,342,101,3,N21103001704,2110300542,,,2,104,
2173,0,102,103,342,101,3,N21103001705,2110300542,,,2,104,
2174,0,102,103,342,101,3,N21103001706,2110300542,,,2,104,
2025,0,102,104,351,101,3,N21104000437,2110400437,,,2,112,
2026,0,102,104,128,101,3,N21104000438,2110400438,,,2,112,
2030,0,102,104,128,101,3,N21104000439,2110400439,,,2,112,
2031,0,102,104,119,101,3,N21104000440,2110400440,,,2,112,
2032,0,102,104,119,101,3,N21104000441,2110400441,,,2,112,
2033,0,102,104,119,101,3,N21104000442,2110400442,,,2,112,
2035,0,102,104,119,101,3,N21104000443,2110400443,,,2,112,
2037,0,102,104,119,101,3,N21104000444,2110400444,,,2,112,
2039,0,102,104,120,101,3,N21104000445,2110400445,,,2,112,
2041,0,102,104,120,101,3,N21104000446,2110400446,,,2,112,
2043,0,102,104,119,101,3,N21104000447,2110400447,,,2,112,
2047,0,102,104,119,101,3,N21104000448,2110400448,,,2,112,
2049,0,102,104,119,101,3,N21104000449,2110400449,,,2,112,
2050,0,102,104,119,101,3,N21104000450,2110400450,,,2,112,
2051,0,102,104,119,101,3,N21104000451,2110400451,,,2,112,
2054,0,102,104,119,101,3,N21104000452,2110400452,,,2,112,
2055,0,102,104,119,101,3,N21104000453,2110400453,,,2,112,
2056,0,102,104,119,101,3,N21104000454,2110400454,,,2,112,
2057,0,102,104,119,101,3,N21104000455,2110400455,,,2,112,
2058,0,102,104,119,101,3,N21104000456,2110400456,,,2,112,
2061,0,102,104,119,101,3,N21104000457,2110400457,,,2,112,
2062,0,102,104,351,101,3,N21104000458,2110400458,,,2,112,
2064,0,102,104,125,101,3,N21104000459,2110400459,,,2,112,
2067,0,102,104,119,101,3,N21104000460,2110400460,,,2,112,
2068,0,102,104,119,101,3,N21104000461,2110400461,,,2,112,
2069,0,102,104,119,101,3,N21104000462,2110400462,,,2,112,
2070,0,102,104,126,101,3,N21104000463,2110400463,,,2,112,
2071,0,102,104,119,101,3,N21104000464,2110400464,,,2,112,
2127,0,102,104,122,101,3,N21104000465,2110400465,,,2,112,
2128,0,102,104,160,101,3,N21104000466,2110400466,,,2,112,
2129,0,102,104,119,101,3,N21104000467,2110400467,,,2,112,
2130,0,102,104,119,101,3,N21104000468,2110400468,,,2,112,
2175,0,102,104,119,101,3,N21104000469,2110400469,,,2,112,
2176,0,102,104,128,101,3,N21104000470,2110400470,,,2,112,
3099,0,102,103,110,101,4,N22103002283,2210300675,,,2,104,
3100,0,102,103,132,101,4,N22103002284,2210300676,,,2,104,
3102,0,102,103,331,101,4,N22103002285,2210300677,,,2,104,
3103,0,102,103,331,101,4,N22103002286,2210300677,,,2,104,
3104,0,102,103,331,101,4,N22103002287,2210300677,,,2,104,
3105,0,102,103,331,101,4,N22103002288,2210300677,,,2,104,
3106,0,102,103,331,101,4,N22103002289,2210300677,,,2,104,
3107,0,102,103,331,101,4,N22103002290,2210300677,,,2,104,
3108,0,102,103,331,101,4,N22103002291,2210300677,,,2,104,
3109,0,102,103,102,101,4,N22103002292,2210300677,,,2,104,
3110,0,102,103,102,101,4,N22103002293,2210300677,,,2,104,
3111,0,102,103,102,101,4,N22103002294,2210300677,,,2,104,
3112,0,102,103,102,101,4,N22103002295,2210300677,,,2,104,
3113,0,102,103,102,101,4,N22103002296,2210300677,,,2,104,
3114,0,102,103,101,101,4,N22103002297,2210300678,,,2,104,
3115,0,102,103,101,101,4,N22103002298,2210300678,,,2,104,
3116,0,102,103,101,101,4,N22103002299,2210300678,,,2,104,
3117,0,102,103,112,101,4,N22103002300,2210300678,,,2,104,
3118,0,102,103,112,101,4,N22103002301,2210300678,,,2,104,
3119,0,102,103,112,101,4,N22103002302,2210300678,,,2,104,
3120,0,102,103,112,101,4,N22103002303,2210300678,,,2,104,
3121,0,102,103,235,101,4,N22103002304,2210300679,,,2,104,
3122,0,102,103,235,101,4,N22103002305,2210300679,,,2,104,
3123,0,102,103,235,101,4,N22103002306,2210300679,,,2,104,
3124,0,102,103,235,101,4,N22103002307,2210300679,,,2,104,
3125,0,102,103,235,101,4,N22103002308,2210300679,,,2,104,
3126,0,102,103,235,101,4,N22103002309,2210300679,,,2,104,
3127,0,102,103,374,101,4,N22103002310,2210300679,,,2,104,
3128,0,102,103,374,101,4,N22103002311,2210300679,,,2,104,
3129,0,102,103,374,101,4,N22103002312,2210300679,,,2,104,
3130,0,102,103,374,101,4,N22103002313,2210300679,,,2,104,
3131,0,102,103,374,101,4,N22103002314,2210300679,,,2,104,
3132,0,102,103,374,101,4,N22103002315,2210300679,,,2,104,
3133,0,102,103,374,101,4,N22103002316,2210300679,,,2,104,
3134,0,102,103,374,101,4,N22103002317,2210300679,,,2,104,
3135,0,102,103,374,101,4,N22103002318,2210300679,,,2,104,
3136,0,102,103,374,101,4,N22103002319,2210300679,,,2,104,
3137,0,102,103,374,101,4,N22103002320,2210300679,,,2,104,
3138,0,102,103,116,101,4,N22103002321,2210300680,,,2,104,
3139,0,102,103,116,101,4,N22103002322,2210300680,,,2,104,
3140,0,102,103,116,101,4,N22103002323,2210300680,,,2,104,
3141,0,102,103,116,101,4,N22103002324,2210300680,,,2,104,
3147,0,102,103,115,101,4,N22103002325,2210300681,,,2,104,
3148,0,102,103,103,101,4,N22103002326,2210300682,,,2,104,
3149,0,102,103,101,101,4,N22103002327,2210300683,,,2,104,
3151,0,102,103,102,101,4,N22103002328,2210300684,,,2,104,
3153,0,102,103,102,101,4,N22103002329,2210300685,,,2,104,
3154,0,102,103,103,101,4,N22103002330,2210300686,,,2,104,
3155,0,102,103,103,101,4,N22103002331,2210300686,,,2,104,
3156,0,102,103,103,101,4,N22103002332,2210300686,,,2,104,
3157,0,102,103,103,101,4,N22103002333,2210300686,,,2,104,
3158,0,102,103,103,101,4,N22103002334,2210300686,,,2,104,
3159,0,102,103,103,101,4,N22103002335,2210300686,,,2,104,
3160,0,102,103,103,101,4,N22103002336,2210300686,,,2,104,
3161,0,102,103,103,101,4,N22103002337,2210300686,,,2,104,
3162,0,102,103,103,101,4,N22103002338,2210300686,,,2,104,
3163,0,102,103,103,101,4,N22103002339,2210300686,,,2,104,
3164,0,102,103,103,101,4,N22103002340,2210300686,,,2,104,
3165,0,102,103,103,101,4,N22103002341,2210300686,,,2,104,
3166,0,102,103,103,101,4,N22103002342,2210300687,,,2,104,
3167,0,102,103,103,101,4,N22103002343,2210300687,,,2,104,
3168,0,102,103,103,101,4,N22103002344,2210300687,,,2,104,
3169,0,102,103,103,101,4,N22103002345,2210300687,,,2,104,
3170,0,102,103,103,101,4,N22103002346,2210300687,,,2,104,
3171,0,102,103,103,101,4,N22103002347,2210300687,,,2,104,
3172,0,102,103,103,101,4,N22103002348,2210300687,,,2,104,
3173,0,102,103,103,101,4,N22103002349,2210300687,,,2,104,
3174,0,102,103,103,101,4,N22103002350,2210300687,,,2,104,
3175,0,102,103,103,101,4,N22103002351,2210300687,,,2,104,
3176,0,102,103,103,101,4,N22103002352,2210300687,,,2,104,
3177,0,102,103,103,101,4,N22103002353,2210300687,,,2,104,
3178,0,102,103,419,101,4,N22103002354,2210300688,,,2,104,
3179,0,102,103,419,101,4,N22103002355,2210300688,,,2,104,
3180,0,102,103,419,101,4,N22103002356,2210300688,,,2,104,
3181,0,102,103,407,101,4,N22103002357,2210300688,,,2,104,
3182,0,102,103,407,101,4,N22103002358,2210300688,,,2,104,
3183,0,102,103,407,101,4,N22103002359,2210300688,,,2,104,
3184,0,102,103,407,101,4,N22103002360,2210300688,,,2,104,
3185,0,102,103,407,101,4,N22103002361,2210300688,,,2,104,
3186,0,102,103,407,101,4,N22103002362,2210300688,,,2,104,
3187,0,102,103,407,101,4,N22103002363,2210300688,,,2,104,
3188,0,102,103,407,101,4,N22103002364,2210300688,,,2,104,
3189,0,102,103,407,101,4,N22103002365,2210300688,,,2,104,
3190,0,102,103,407,101,4,N22103002366,2210300688,,,2,104,
3191,0,102,103,407,101,4,N22103002367,2210300688,,,2,104,
3192,0,102,103,407,101,4,N22103002368,2210300688,,,2,104,
3193,0,102,103,407,101,4,N22103002369,2210300688,,,2,104,
3194,0,102,103,374,101,4,N22103002370,2210300689,,,2,104,
3094,0,102,104,119,101,4,N22104000697,2210400697,,,2,112,
3095,0,102,104,120,101,4,N22104000698,2210400698,,,2,112,
3096,0,102,104,119,101,4,N22104000699,2210400699,,,2,112,
3097,0,102,104,119,101,4,N22104000700,2210400700,,,2,112,
3098,0,102,104,119,101,4,N22104000701,2210400701,,,2,112,
3142,0,102,104,151,101,4,N22104000702,2210400702,,,2,112,
3143,0,102,104,119,101,4,N22104000703,2210400703,,,2,112,
3144,0,102,104,119,101,4,N22104000704,2210400704,,,2,112,
3145,0,102,104,119,101,4,N22104000705,2210400705,,,2,112,
3146,0,102,104,119,101,4,N22104000706,2210400706,,,2,112,
3150,0,102,104,119,101,4,N22104000707,2210400707,,,2,112,
3152,0,102,104,119,101,4,N22104000708,2210400708,,,2,112,
3195,0,102,104,119,101,4,N22104000709,2210400709,,,2,112,
3196,0,102,104,119,101,4,N22104000710,2210400710,,,2,112,
3197,0,102,104,127,101,4,N22104000711,2210400711,,,2,112,
3198,0,102,104,126,101,4,N22104000712,2210400712,,,2,112,
3199,0,102,104,119,101,4,N22104000713,2210400713,,,2,112,
3200,0,102,104,127,101,4,N22104000714,2210400714,,,2,112,
3201,0,102,104,127,101,4,N22104000715,2210400715,,,2,112,
3202,0,102,104,127,101,4,N22104000716,2210400716,,,2,112,
3203,0,102,104,127,101,4,N22104000717,2210400717,,,2,112,
3204,0,102,104,127,101,4,N22104000718,2210400718,,,2,112,
3205,0,102,104,128,101,4,N22104000719,2210400719,,,2,112,
3206,0,102,104,119,101,4,N22104000720,2210400720,,,2,112,
3207,0,102,104,127,101,4,N22104000721,2210400721,,,2,112,
3208,0,102,104,127,101,4,N22104000722,2210400722,,,2,112,
3209,0,102,104,119,101,4,N22104000723,2210400723,,,2,112,
3210,0,102,104,127,101,4,N22104000724,2210400724,,,2,112,
3211,0,102,104,127,101,4,N22104000725,2210400725,,,2,112,
3212,0,102,104,127,101,4,N22104000726,2210400726,,,2,112,
3213,0,102,104,127,101,4,N22104000727,2210400727,,,2,112,
3214,0,102,104,119,101,4,N22104000728,2210400728,,,2,112,
3215,0,102,104,127,101,4,N22104000729,2210400729,,,2,112,
3216,0,102,104,119,101,4,N22104000730,2210400730,,,2,112,
3217,0,102,104,119,101,4,N22104000731,2210400731,,,2,112,
3218,0,102,104,119,101,4,N22104000732,2210400732,,,2,112,
3219,0,102,104,127,101,4,N22104000733,2210400733,,,2,112,
3220,0,102,104,119,101,4,N22104000734,2210400734,,,2,112,
3221,0,102,104,127,101,4,N22104000735,2210400735,,,2,112,
3222,0,102,104,131,101,4,N22104000736,2210400736,,,2,112,
3223,0,102,104,127,101,4,N22104000737,2210400737,,,2,112,
3224,0,102,104,119,101,4,N22104000738,2210400738,,,2,112,
3225,0,102,104,119,101,4,N22104000739,2210400739,,,2,112,
3226,0,102,104,119,101,4,N22104000740,2210400740,,,2,112,
3227,0,102,104,119,101,4,N22104000741,2210400741,,,2,112,
3101,0,107,114,350,101,4,N22114000001,2211400001,,,2,101,
4134,0,102,103,102,101,5,N23103002987,2310300820,,,2,104,
4135,0,102,103,102,101,5,N23103002988,2310300820,,,2,104,
4136,0,102,103,102,101,5,N23103002989,2310300820,,,2,104,
4137,0,102,103,102,101,5,N23103002990,2310300820,,,2,104,
4138,0,102,103,102,101,5,N23103002991,2310300820,,,2,104,
4139,0,102,103,102,101,5,N23103002992,2310300820,,,2,104,
4140,0,102,103,331,101,5,N23103002993,2310300820,,,2,104,
4141,0,102,103,331,101,5,N23103002994,2310300820,,,2,104,
4142,0,102,103,331,101,5,N23103002995,2310300820,,,2,104,
4143,0,102,103,331,101,5,N23103002996,2310300820,,,2,104,
4144,0,102,103,331,101,5,N23103002997,2310300820,,,2,104,
4145,0,102,103,331,101,5,N23103002998,2310300820,,,2,104,
4146,0,102,103,331,101,5,N23103002999,2310300820,,,2,104,
4147,0,102,103,331,101,5,N23103003000,2310300820,,,2,104,
4148,0,102,103,114,101,5,N23103003001,2310300820,,,2,104,
4149,0,102,103,114,101,5,N23103003002,2310300820,,,2,104,
4150,0,102,103,114,101,5,N23103003003,2310300820,,,2,104,
4151,0,102,103,114,101,5,N23103003004,2310300820,,,2,104,
4152,0,102,103,114,101,5,N23103003005,2310300820,,,2,104,
4153,0,102,103,114,101,5,N23103003006,2310300820,,,2,104,
4154,0,102,103,114,101,5,N23103003007,2310300820,,,2,104,
4155,0,102,103,112,101,5,N23103003008,2310300820,,,2,104,
4156,0,102,103,112,101,5,N23103003009,2310300820,,,2,104,
4157,0,102,103,112,101,5,N23103003010,2310300820,,,2,104,
4158,0,102,103,112,101,5,N23103003011,2310300820,,,2,104,
4159,0,102,103,112,101,5,N23103003012,2310300820,,,2,104,
4160,0,102,103,235,101,5,N23103003013,2310300821,,,2,104,
4161,0,102,103,235,101,5,N23103003014,2310300821,,,2,104,
4162,0,102,103,235,101,5,N23103003015,2310300821,,,2,104,
4163,0,102,103,235,101,5,N23103003016,2310300821,,,2,104,
4164,0,102,103,235,101,5,N23103003017,2310300821,,,2,104,
4165,0,102,103,235,101,5,N23103003018,2310300821,,,2,104,
4166,0,102,103,235,101,5,N23103003019,2310300821,,,2,104,
4167,0,102,103,235,101,5,N23103003020,2310300821,,,2,104,
4168,0,102,103,235,101,5,N23103003021,2310300821,,,2,104,
4169,0,102,103,235,101,5,N23103003022,2310300821,,,2,104,
4170,0,102,103,235,101,5,N23103003023,2310300821,,,2,104,
4171,0,102,103,235,101,5,N23103003024,2310300821,,,2,104,
4172,0,102,103,235,101,5,N23103003025,2310300821,,,2,104,
4173,0,102,103,235,101,5,N23103003026,2310300821,,,2,104,
4174,0,102,103,235,101,5,N23103003027,2310300821,,,2,104,
4175,0,102,103,331,101,5,N23103003028,2310300822,,,2,104,
4176,0,102,103,444,101,5,N23103003029,2310300823,,,2,104,
4177,0,102,103,444,101,5,N23103003030,2310300823,,,2,104,
4178,0,102,103,444,101,5,N23103003031,2310300823,,,2,104,
4179,0,102,103,444,101,5,N23103003032,2310300823,,,2,104,
4180,0,102,103,444,101,5,N23103003033,2310300823,,,2,104,
4181,0,102,103,444,101,5,N23103003034,2310300823,,,2,104,
4182,0,102,103,444,101,5,N23103003035,2310300823,,,2,104,
4183,0,102,103,444,101,5,N23103003036,2310300823,,,2,104,
4184,0,102,103,444,101,5,N23103003037,2310300823,,,2,104,
4185,0,102,103,444,101,5,N23103003038,2310300823,,,2,104,
4186,0,102,103,420,101,5,N23103003039,2310300823,,,2,104,
4187,0,102,103,420,101,5,N23103003040,2310300823,,,2,104,
4188,0,102,103,420,101,5,N23103003041,2310300823,,,2,104,
4189,0,102,103,420,101,5,N23103003042,2310300823,,,2,104,
4190,0,102,103,420,101,5,N23103003043,2310300823,,,2,104,
4191,0,102,103,420,101,5,N23103003044,2310300823,,,2,104,
4192,0,102,103,115,101,5,N23103003045,2310300823,,,2,104,
4193,0,102,103,115,101,5,N23103003046,2310300823,,,2,104,
4194,0,102,103,115,101,5,N23103003047,2310300823,,,2,104,
4195,0,102,103,115,101,5,N23103003048,2310300823,,,2,104,
4196,0,102,103,115,101,5,N23103003049,2310300823,,,2,104,
4197,0,102,103,113,101,5,N23103003050,2310300824,,,2,104,
4198,0,102,103,112,101,5,N23103003051,2310300825,,,2,104,
4199,0,102,103,338,101,5,N23103003052,2310300826,,,2,104,
4200,0,102,103,169,101,5,N23103003053,2310300827,,,2,104,
4202,0,102,103,113,101,5,N23103003054,2310300828,,,2,104,
4203,0,102,103,109,101,5,N23103003055,2310300829,,,2,104,
4204,0,102,103,169,101,5,N23103003056,2310300830,,,2,104,
4206,0,102,103,113,101,5,N23103003057,2310300831,,,2,104,
4213,0,102,103,113,101,5,N23103003058,2310300832,,,2,104,
4214,0,102,103,113,101,5,N23103003059,2310300833,,,2,104,
4215,0,102,103,102,101,5,N23103003060,2310300834,,,2,104,
4133,0,102,104,351,101,5,N23104000867,2310400867,,,2,112,
4201,0,102,104,119,101,5,N23104000868,2310400868,,,2,112,
4205,0,102,104,119,101,5,N23104000869,2310400869,,,2,112,
4207,0,102,104,119,101,5,N23104000870,2310400870,,,2,112,
4208,0,102,104,119,101,5,N23104000871,2310400871,,,2,112,
4209,0,102,104,119,101,5,N23104000872,2310400872,,,2,112,
4210,0,102,104,119,101,5,N23104000873,2310400873,,,2,112,
4211,0,102,104,127,101,5,N23104000874,2310400874,,,2,112,
4212,0,102,104,119,101,5,N23104000875,2310400875,,,2,112,
7224,0,102,103,112,101,6,N24103003549,2410300965,,,2,104,
7225,0,102,103,112,101,6,N24103003550,2410300965,,,2,104,
7226,0,102,103,112,101,6,N24103003551,2410300965,,,2,104,
7227,0,102,103,112,101,6,N24103003552,2410300965,,,2,104,
7228,0,102,103,112,101,6,N24103003553,2410300965,,,2,104,
7229,0,102,103,112,101,6,N24103003554,2410300965,,,2,104,
7230,0,102,103,112,101,6,N24103003555,2410300965,,,2,104,
7231,0,102,103,112,101,6,N24103003556,2410300965,,,2,104,
7232,0,102,103,338,101,6,N24103003557,2410300965,,,2,104,
7233,0,102,103,338,101,6,N24103003558,2410300965,,,2,104,
7234,0,102,103,338,101,6,N24103003559,2410300965,,,2,104,
7235,0,102,103,338,101,6,N24103003560,2410300965,,,2,104,
7236,0,102,103,338,101,6,N24103003561,2410300965,,,2,104,
7237,0,102,103,114,101,6,N24103003562,2410300965,,,2,104,
7238,0,102,103,241,101,6,N24103003563,2410300965,,,2,104,
7239,0,102,103,107,101,6,N24103003564,2410300965,,,2,104,
7240,0,102,103,107,101,6,N24103003565,2410300965,,,2,104,
7241,0,102,103,107,101,6,N24103003566,2410300965,,,2,104,
7242,0,102,103,331,101,6,N24103003567,2410300965,,,2,104,
7243,0,102,103,331,101,6,N24103003568,2410300965,,,2,104,
7244,0,102,103,331,101,6,N24103003569,2410300965,,,2,104,
7245,0,102,103,331,101,6,N24103003570,2410300965,,,2,104,
7246,0,102,103,331,101,6,N24103003571,2410300965,,,2,104,
7247,0,102,103,331,101,6,N24103003572,2410300965,,,2,104,
7248,0,102,103,331,101,6,N24103003573,2410300965,,,2,104,
7249,0,102,103,331,101,6,N24103003574,2410300965,,,2,104,
7250,0,102,103,331,101,6,N24103003575,2410300965,,,2,104,
7251,0,102,103,331,101,6,N24103003576,2410300965,,,2,104,
7252,0,102,103,102,101,6,N24103003577,2410300965,,,2,104,
7253,0,102,103,102,101,6,N24103003578,2410300965,,,2,104,
7254,0,102,103,102,101,6,N24103003579,2410300965,,,2,104,
7255,0,102,103,102,101,6,N24103003580,2410300965,,,2,104,
7256,0,102,103,102,101,6,N24103003581,2410300965,,,2,104,
7257,0,102,103,102,101,6,N24103003582,2410300965,,,2,104,
7258,0,102,103,102,101,6,N24103003583,2410300965,,,2,104,
7259,0,102,103,102,101,6,N24103003584,2410300965,,,2,104,
7260,0,102,103,116,101,6,N24103003585,2410300966,,,2,104,
9227,0,102,103,342,101,6,N24103003586,2410300967,,,2,104,
9228,0,102,103,113,101,6,N24103003587,2410300968,,,2,104,
9231,0,102,103,176,101,6,N24103003588,2410300969,,,2,104,
11229,0,102,103,112,101,6,N24103003589,2410300970,,,2,104,
11230,0,102,103,112,101,6,N24103003590,2410300970,,,2,104,
11231,0,102,103,112,101,6,N24103003591,2410300970,,,2,104,
11232,0,102,103,112,101,6,N24103003592,2410300970,,,2,104,
11233,0,102,103,112,101,6,N24103003593,2410300970,,,2,104,
11234,0,102,103,412,101,6,N24103003594,2410300970,,,2,104,
11235,0,102,103,412,101,6,N24103003595,2410300970,,,2,104,
11236,0,102,103,114,101,6,N24103003596,2410300970,,,2,104,
11237,0,102,103,114,101,6,N24103003597,2410300970,,,2,104,
11238,0,102,103,420,101,6,N24103003598,2410300970,,,2,104,
11239,0,102,103,420,101,6,N24103003599,2410300970,,,2,104,
11240,0,102,103,420,101,6,N24103003600,2410300970,,,2,104,
11241,0,102,103,420,101,6,N24103003601,2410300970,,,2,104,
11242,0,102,103,420,101,6,N24103003602,2410300970,,,2,104,
11243,0,102,103,420,101,6,N24103003603,2410300970,,,2,104,
11244,0,102,103,420,101,6,N24103003604,2410300970,,,2,104,
11245,0,102,103,420,101,6,N24103003605,2410300970,,,2,104,
11246,0,102,103,420,101,6,N24103003606,2410300970,,,2,104,
11247,0,102,103,420,101,6,N24103003607,2410300970,,,2,104,
11248,0,102,103,420,101,6,N24103003608,2410300970,,,2,104,
11249,0,102,103,420,101,6,N24103003609,2410300970,,,2,104,
11250,0,102,103,420,101,6,N24103003610,2410300970,,,2,104,
11251,0,102,103,420,101,6,N24103003611,2410300970,,,2,104,
11252,0,102,103,420,101,6,N24103003612,2410300970,,,2,104,
11253,0,102,103,444,101,6,N24103003613,2410300970,,,2,104,
11254,0,102,103,444,101,6,N24103003614,2410300970,,,2,104,
11255,0,102,103,444,101,6,N24103003615,2410300970,,,2,104,
11256,0,102,103,444,101,6,N24103003616,2410300970,,,2,104,
11257,0,102,103,444,101,6,N24103003617,2410300970,,,2,104,
11258,0,102,103,107,101,6,N24103003618,2410300970,,,2,104,
11259,0,102,103,107,101,6,N24103003619,2410300970,,,2,104,
11260,0,102,103,107,101,6,N24103003620,2410300970,,,2,104,
11261,0,102,103,107,101,6,N24103003621,2410300970,,,2,104,
11262,0,102,103,107,101,6,N24103003622,2410300970,,,2,104,
11263,0,102,103,107,101,6,N24103003623,2410300970,,,2,104,
12229,0,102,103,107,101,6,N24103003624,2410300971,,,2,104,
12230,0,102,103,235,101,6,N24103003625,2410300972,,,2,104,
12231,0,102,103,235,101,6,N24103003626,2410300972,,,2,104,
12232,0,102,103,235,101,6,N24103003627,2410300972,,,2,104,
12233,0,102,103,235,101,6,N24103003628,2410300972,,,2,104,
12234,0,102,103,235,101,6,N24103003629,2410300972,,,2,104,
12235,0,102,103,235,101,6,N24103003630,2410300972,,,2,104,
12236,0,102,103,235,101,6,N24103003631,2410300972,,,2,104,
12237,0,102,103,235,101,6,N24103003632,2410300972,,,2,104,
12238,0,102,103,235,101,6,N24103003633,2410300972,,,2,104,
12239,0,102,103,235,101,6,N24103003634,2410300972,,,2,104,
12240,0,102,103,115,101,6,N24103003635,2410300972,,,2,104,
12241,0,102,103,115,101,6,N24103003636,2410300972,,,2,104,
12242,0,102,103,115,101,6,N24103003637,2410300972,,,2,104,
12243,0,102,103,115,101,6,N24103003638,2410300972,,,2,104,
12244,0,102,103,115,101,6,N24103003639,2410300972,,,2,104,
12245,0,102,103,115,101,6,N24103003640,2410300972,,,2,104,
12246,0,102,103,101,101,6,N24103003641,2410300972,,,2,104,
12247,0,102,103,101,101,6,N24103003642,2410300972,,,2,104,
12248,0,102,103,101,101,6,N24103003643,2410300972,,,2,104,
12249,0,102,103,241,101,6,N24103003644,2410300972,,,2,104,
12250,0,102,103,102,101,6,N24103003645,2410300973,,,2,104,
12251,0,102,103,102,101,6,N24103003646,2410300973,,,2,104,
12252,0,102,103,102,101,6,N24103003647,2410300973,,,2,104,
12253,0,102,103,102,101,6,N24103003648,2410300973,,,2,104,
12254,0,102,103,102,101,6,N24103003649,2410300973,,,2,104,
12255,0,102,103,102,101,6,N24103003650,2410300973,,,2,104,
12256,0,102,103,102,101,6,N24103003651,2410300973,,,2,104,
12257,0,102,103,102,101,6,N24103003652,2410300973,,,2,104,
12258,0,102,103,102,101,6,N24103003653,2410300973,,,2,104,
12259,0,102,103,102,101,6,N24103003654,2410300973,,,2,104,
12260,0,102,103,102,101,6,N24103003655,2410300973,,,2,104,
12261,0,102,103,102,101,6,N24103003656,2410300973,,,2,104,
12262,0,102,103,102,101,6,N24103003657,2410300973,,,2,104,
12263,0,102,103,102,101,6,N24103003658,2410300973,,,2,104,
12264,0,102,103,102,101,6,N24103003659,2410300973,,,2,104,
12265,0,102,103,331,101,6,N24103003660,2410300973,,,2,104,
12266,0,102,103,331,101,6,N24103003661,2410300973,,,2,104,
12267,0,102,103,331,101,6,N24103003662,2410300973,,,2,104,
12268,0,102,103,331,101,6,N24103003663,2410300973,,,2,104,
12269,0,102,103,331,101,6,N24103003664,2410300973,,,2,104,
12270,0,102,103,235,101,6,N24103003665,2410300973,,,2,104,
12271,0,102,103,235,101,6,N24103003666,2410300973,,,2,104,
12272,0,102,103,235,101,6,N24103003667,2410300973,,,2,104,
12273,0,102,103,235,101,6,N24103003668,2410300973,,,2,104,
12274,0,102,103,235,101,6,N24103003669,2410300973,,,2,104,
12275,0,102,103,235,101,6,N24103003670,2410300973,,,2,104,
12276,0,102,103,235,101,6,N24103003671,2410300973,,,2,104,
12277,0,102,103,235,101,6,N24103003672,2410300973,,,2,104,
12278,0,102,103,235,101,6,N24103003673,2410300973,,,2,104,
12279,0,102,103,235,101,6,N24103003674,2410300973,,,2,104,
12280,0,102,103,235,101,6,N24103003675,2410300973,,,2,104,
12281,0,102,103,114,101,6,N24103003676,2410300973,,,2,104,
12282,0,102,103,114,101,6,N24103003677,2410300973,,,2,104,
12283,0,102,103,114,101,6,N24103003678,2410300973,,,2,104,
12284,0,102,103,116,101,6,N24103003679,2410300973,,,2,104,
12285,0,102,103,116,101,6,N24103003680,2410300973,,,2,104,
12286,0,102,103,116,101,6,N24103003681,2410300973,,,2,104,
12287,0,102,103,116,101,6,N24103003682,2410300973,,,2,104,
12288,0,102,103,116,101,6,N24103003683,2410300973,,,2,104,
12289,0,102,103,114,101,6,N24103003684,2410300974,,,2,104,
12295,0,102,103,113,101,6,N24103003685,2410300975,,,2,104,
12296,0,102,103,116,101,6,N24103003686,2410300976,,,2,104,
12300,0,102,103,103,101,6,N24103003687,2410300977,,,2,104,
8224,0,102,104,289,101,6,N24104001387,2410401055,,,2,112,
9224,0,102,104,353,101,6,N24104001388,2410401056,,,2,112,
9225,0,102,104,353,101,6,N24104001389,2410401057,,,2,112,
9226,0,102,104,127,101,6,N24104001390,2410401058,,,2,112,
9229,0,102,104,119,101,6,N24104001391,2410401059,,,2,112,
9230,0,102,104,127,101,6,N24104001392,2410401060,,,2,112,
9232,0,102,104,134,101,6,N24104001393,2410401061,,,2,112,
9233,0,102,104,119,101,6,N24104001394,2410401062,,,2,112,
9234,0,102,104,119,101,6,N24104001395,2410401063,,,2,112,
10229,0,102,104,353,101,6,N24104001396,2410401064,,,2,112,
12290,0,102,104,127,101,6,N24104001397,2410401065,,,2,112,
12291,0,102,104,119,101,6,N24104001398,2410401066,,,2,112,
12292,0,102,104,351,101,6,N24104001399,2410401067,,,2,112,
12293,0,102,104,249,101,6,N24104001400,2410401068,,,2,112,
12294,0,102,104,119,101,6,N24104001401,2410401069,,,2,112,
12297,0,102,104,119,101,6,N24104001402,2410401070,,,2,112,
12298,0,102,104,119,101,6,N24104001403,2410401071,,,2,112,
12299,0,102,104,127,101,6,N24104001404,2410401072,,,2,112,
70420,0,102,103,101,101,7,N25103004326,2510301082,,,2,104,
70422,0,102,103,101,101,7,N25103004327,2510301083,,,2,104,
70423,0,102,103,101,101,7,N25103004328,2510301083,,,2,104,
70424,0,102,103,101,101,7,N25103004329,2510301083,,,2,104,
70425,0,102,103,101,101,7,N25103004330,2510301083,,,2,104,
70426,0,102,103,101,101,7,N25103004331,2510301083,,,2,104,
70427,0,102,103,112,101,7,N25103004332,2510301083,,,2,104,
70428,0,102,103,331,101,7,N25103004333,2510301083,,,2,104,
70429,0,102,103,235,101,7,N25103004334,2510301083,,,2,104,
70430,0,102,103,235,101,7,N25103004335,2510301083,,,2,104,
70431,0,102,103,235,101,7,N25103004336,2510301083,,,2,104,
70432,0,102,103,235,101,7,N25103004337,2510301083,,,2,104,
70433,0,102,103,235,101,7,N25103004338,2510301083,,,2,104,
70434,0,102,103,102,101,7,N25103004339,2510301084,,,2,104,
70435,0,102,103,102,101,7,N25103004340,2510301084,,,2,104,
70436,0,102,103,102,101,7,N25103004341,2510301084,,,2,104,
70437,0,102,103,102,101,7,N25103004342,2510301084,,,2,104,
70438,0,102,103,331,101,7,N25103004343,2510301084,,,2,104,
70439,0,102,103,331,101,7,N25103004344,2510301084,,,2,104,
70440,0,102,103,331,101,7,N25103004345,2510301084,,,2,104,
70441,0,102,103,331,101,7,N25103004346,2510301084,,,2,104,
70442,0,102,103,331,101,7,N25103004347,2510301084,,,2,104,
70443,0,102,103,331,101,7,N25103004348,2510301084,,,2,104,
70444,0,102,103,331,101,7,N25103004349,2510301084,,,2,104,
70445,0,102,103,331,101,7,N25103004350,2510301084,,,2,104,
70446,0,102,103,104,101,7,N25103004351,2510301085,,,2,104,
71447,0,102,103,104,101,7,N25103004352,2510301086,,,2,104,
71448,0,102,103,104,101,7,N25103004353,2510301087,,,2,104,
71449,0,102,103,176,101,7,N25103004354,2510301088,,,2,104,
72449,0,102,103,112,101,7,N25103004355,2510301089,,,2,104,
72450,0,102,103,331,101,7,N25103004356,2510301089,,,2,104,
72451,0,102,103,331,101,7,N25103004357,2510301089,,,2,104,
72452,0,102,103,331,101,7,N25103004358,2510301089,,,2,104,
72453,0,102,103,331,101,7,N25103004359,2510301089,,,2,104,
72454,0,102,103,331,101,7,N25103004360,2510301089,,,2,104,
72455,0,102,103,102,101,7,N25103004361,2510301089,,,2,104,
72456,0,102,103,102,101,7,N25103004362,2510301089,,,2,104,
72457,0,102,103,102,101,7,N25103004363,2510301089,,,2,104,
72458,0,102,103,235,101,7,N25103004364,2510301089,,,2,104,
72459,0,102,103,235,101,7,N25103004365,2510301089,,,2,104,
72460,0,102,103,235,101,7,N25103004366,2510301089,,,2,104,
72461,0,102,103,235,101,7,N25103004367,2510301089,,,2,104,
72462,0,102,103,235,101,7,N25103004368,2510301089,,,2,104,
72463,0,102,103,116,101,7,N25103004369,2510301089,,,2,104,
72464,0,102,103,116,101,7,N25103004370,2510301089,,,2,104,
72465,0,102,103,116,101,7,N25103004371,2510301089,,,2,104,
72466,0,102,103,116,101,7,N25103004372,2510301089,,,2,104,
72467,0,102,103,110,101,7,N25103004373,2510301090,,,2,104,
73467,0,102,103,235,101,7,N25103004374,2510301091,,,2,104,
73468,0,102,103,235,101,7,N25103004375,2510301091,,,2,104,
73469,0,102,103,235,101,7,N25103004376,2510301091,,,2,104,
73470,0,102,103,235,101,7,N25103004377,2510301091,,,2,104,
73471,0,102,103,235,101,7,N25103004378,2510301091,,,2,104,
73472,0,102,103,235,101,7,N25103004379,2510301091,,,2,104,
73473,0,102,103,235,101,7,N25103004380,2510301091,,,2,104,
73474,0,102,103,235,101,7,N25103004381,2510301091,,,2,104,
73475,0,102,103,235,101,7,N25103004382,2510301091,,,2,104,
73476,0,102,103,235,101,7,N25103004383,2510301091,,,2,104,
73477,0,102,103,235,101,7,N25103004384,2510301091,,,2,104,
73478,0,102,103,235,101,7,N25103004385,2510301091,,,2,104,
73479,0,102,103,235,101,7,N25103004386,2510301091,,,2,104,
73480,0,102,103,235,101,7,N25103004387,2510301091,,,2,104,
73481,0,102,103,235,101,7,N25103004388,2510301091,,,2,104,
73482,0,102,103,235,101,7,N25103004389,2510301091,,,2,104,
73483,0,102,103,235,101,7,N25103004390,2510301091,,,2,104,
73484,0,102,103,235,101,7,N25103004391,2510301091,,,2,104,
73485,0,102,103,235,101,7,N25103004392,2510301091,,,2,104,
73486,0,102,103,102,101,7,N25103004393,2510301091,,,2,104,
73487,0,102,103,116,101,7,N25103004394,2510301091,,,2,104,
73488,0,102,103,116,101,7,N25103004395,2510301091,,,2,104,
73489,0,102,103,116,101,7,N25103004396,2510301091,,,2,104,
73490,0,102,103,114,101,7,N25103004397,2510301091,,,2,104,
73491,0,102,103,114,101,7,N25103004398,2510301091,,,2,104,
73492,0,102,103,102,101,7,N25103004399,2510301092,,,2,104,
73493,0,102,103,102,101,7,N25103004400,2510301092,,,2,104,
73494,0,102,103,102,101,7,N25103004401,2510301092,,,2,104,
73495,0,102,103,102,101,7,N25103004402,2510301092,,,2,104,
73496,0,102,103,102,101,7,N25103004403,2510301092,,,2,104,
73497,0,102,103,102,101,7,N25103004404,2510301092,,,2,104,
73498,0,102,103,102,101,7,N25103004405,2510301092,,,2,104,
73499,0,102,103,331,101,7,N25103004406,2510301092,,,2,104,
73500,0,102,103,114,101,7,N25103004407,2510301092,,,2,104,
73501,0,102,103,235,101,7,N25103004408,2510301092,,,2,104,
73502,0,102,103,235,101,7,N25103004409,2510301092,,,2,104,
73503,0,102,103,235,101,7,N25103004410,2510301092,,,2,104,
73504,0,102,103,235,101,7,N25103004411,2510301092,,,2,104,
73505,0,102,103,235,101,7,N25103004412,2510301092,,,2,104,
73506,0,102,103,235,101,7,N25103004413,2510301092,,,2,104,
73507,0,102,103,235,101,7,N25103004414,2510301092,,,2,104,
73508,0,102,103,235,101,7,N25103004415,2510301092,,,2,104,
73509,0,102,103,235,101,7,N25103004416,2510301092,,,2,104,
73510,0,102,103,235,101,7,N25103004417,2510301092,,,2,104,
73511,0,102,103,331,101,7,N25103004418,2510301092,,,2,104,
73512,0,102,103,116,101,7,N25103004419,2510301092,,,2,104,
73513,0,102,103,116,101,7,N25103004420,2510301092,,,2,104,
73514,0,102,103,116,101,7,N25103004421,2510301092,,,2,104,
73515,0,102,103,116,101,7,N25103004422,2510301092,,,2,104,
73517,0,102,103,112,101,7,N25103004423,2510301093,,,2,104,
73518,0,102,103,112,101,7,N25103004424,2510301093,,,2,104,
73519,0,102,103,112,101,7,N25103004425,2510301093,,,2,104,
73520,0,102,103,112,101,7,N25103004426,2510301093,,,2,104,
73521,0,102,103,112,101,7,N25103004427,2510301093,,,2,104,
73522,0,102,103,112,101,7,N25103004428,2510301093,,,2,104,
73523,0,102,103,114,101,7,N25103004429,2510301093,,,2,104,
73524,0,102,103,108,101,7,N25103004430,2510301094,,,2,104,
73525,0,102,103,108,101,7,N25103004431,2510301094,,,2,104,
73526,0,102,103,108,101,7,N25103004432,2510301094,,,2,104,
73527,0,102,103,108,101,7,N25103004433,2510301094,,,2,104,
75542,0,102,103,115,101,7,N25103004434,2510301095,,,2,104,
75547,0,102,103,114,101,7,N25103004435,2510301096,,,2,104,
75548,0,102,103,112,101,7,N25103004436,2510301096,,,2,104,
75549,0,102,103,112,101,7,N25103004437,2510301096,,,2,104,
75551,0,102,103,115,101,7,N25103004438,2510301097,,,2,104,
70419,0,102,104,351,101,7,N25104001498,2510401166,,,2,112,
70421,0,102,104,440,101,7,N25104001499,2510401167,,,2,112,
71446,0,102,104,151,101,7,N25104001500,2510401168,,,2,112,
71450,0,102,104,127,101,7,N25104001501,2510401169,,,2,112,
73516,0,102,104,127,101,7,N25104001502,2510401170,,,2,112,
73528,0,102,104,127,101,7,N25104001503,2510401171,,,2,112,
73529,0,102,104,127,101,7,N25104001504,2510401172,,,2,112,
73530,0,102,104,127,101,7,N25104001505,2510401173,,,2,112,
73531,0,102,104,127,101,7,N25104001506,2510401174,,,2,112,
74528,0,102,104,119,101,7,N25104001507,2510401175,,,2,112,
74529,0,102,104,127,101,7,N25104001508,2510401176,,,2,112,
75529,0,102,104,151,101,7,N25104001509,2510401177,,,2,112,
75530,0,102,104,127,101,7,N25104001510,2510401178,,,2,112,
75531,0,102,104,127,101,7,N25104001511,2510401179,,,2,112,
75532,0,102,104,151,101,7,N25104001512,2510401180,,,2,112,
75533,0,102,104,127,101,7,N25104001513,2510401181,,,2,112,
75534,0,102,104,119,101,7,N25104001514,2510401182,,,2,112,
75535,0,102,104,151,101,7,N25104001515,2510401183,,,2,112,
75536,0,102,104,151,101,7,N25104001516,2510401184,,,2,112,
75537,0,102,104,127,101,7,N25104001517,2510401185,,,2,112,
75538,0,102,104,151,101,7,N25104001518,2510401186,,,2,112,
75539,0,102,104,151,101,7,N25104001519,2510401187,,,2,112,
75540,0,102,104,127,101,7,N25104001520,2510401188,,,2,112,
75541,0,102,104,119,101,7,N25104001521,2510401189,,,2,112,
75543,0,102,104,151,101,7,N25104001522,2510401190,,,2,112,
75544,0,102,104,127,101,7,N25104001523,2510401191,,,2,112,
75545,0,102,104,127,101,7,N25104001524,2510401192,,,2,112,
75546,0,102,104,353,101,7,N25104001525,2510401193,,,2,112,
75550,0,102,104,120,101,7,N25104001526,2510401194,,,2,112,
75552,0,102,104,351,101,7,N25104001527,2510401195,,,2,112,
889,0,102,103,110,101,1,O19103000752,1910300249,,,2,104,
892,0,102,103,103,101,1,O19103000753,1910300250,,,2,104,
893,0,102,103,116,101,1,O19103000754,1910300251,,,2,104,
894,0,102,103,115,101,1,O19103000755,1910300252,,,2,104,
895,0,102,103,116,101,1,O19103000756,1910300253,,,2,104,
896,0,102,103,102,101,1,O19103000757,1910300254,,,2,104,
898,0,102,103,118,101,1,O19103000758,1910300255,,,2,104,
899,0,102,103,331,101,1,O19103000759,1910300256,,,2,104,
900,0,102,103,110,101,1,O19103000760,1910300257,,,2,104,
901,0,102,103,112,101,1,O19103000761,1910300258,,,2,104,
904,0,102,103,238,101,1,O19103000762,1910300259,,,2,104,
905,0,102,103,116,101,1,O19103000763,1910300260,,,2,104,
906,0,102,103,110,101,1,O19103000764,1910300261,,,2,104,
908,0,102,103,102,101,1,O19103000765,1910300262,,,2,104,
911,0,102,103,336,101,1,O19103000766,1910300263,,,2,104,
912,0,102,103,110,101,1,O19103000767,1910300264,,,2,104,
887,0,102,104,119,101,1,O19104000136,1910400136,,,2,112,
888,0,102,104,125,101,1,O19104000137,1910400137,,,2,112,
890,0,102,104,119,101,1,O19104000138,1910400138,,,2,112,
891,0,102,104,119,101,1,O19104000139,1910400139,,,2,112,
897,0,102,104,119,101,1,O19104000140,1910400140,,,2,112,
902,0,102,104,122,101,1,O19104000141,1910400141,,,2,112,
903,0,102,104,126,101,1,O19104000142,1910400142,,,2,112,
907,0,102,104,119,101,1,O19104000143,1910400143,,,2,112,
909,0,102,104,119,101,1,O19104000144,1910400144,,,2,112,
910,0,102,104,119,101,1,O19104000145,1910400145,,,2,112,
1549,0,102,103,374,101,2,O20103001279,2010300407,,,2,104,
1550,0,102,103,102,101,2,O20103001280,2010300408,,,2,104,
1552,0,102,103,371,101,2,O20103001281,2010300409,,,2,104,
1554,0,102,103,102,101,2,O20103001282,2010300410,,,2,104,
1555,0,102,103,103,101,2,O20103001283,2010300411,,,2,104,
1556,0,102,103,102,101,2,O20103001284,2010300412,,,2,104,
1557,0,102,103,331,101,2,O20103001285,2010300413,,,2,104,
1558,0,102,103,331,101,2,O20103001286,2010300414,,,2,104,
1559,0,102,103,331,101,2,O20103001287,2010300415,,,2,104,
1560,0,102,103,107,101,2,O20103001288,2010300416,,,2,104,
1561,0,102,103,102,101,2,O20103001289,2010300417,,,2,104,
1562,0,102,103,102,101,2,O20103001290,2010300417,,,2,104,
1563,0,102,103,102,101,2,O20103001291,2010300417,,,2,104,
1564,0,102,103,102,101,2,O20103001292,2010300417,,,2,104,
1565,0,102,103,102,101,2,O20103001293,2010300417,,,2,104,
1566,0,102,103,331,101,2,O20103001294,2010300418,,,2,104,
1567,0,102,103,331,101,2,O20103001295,2010300418,,,2,104,
1568,0,102,103,331,101,2,O20103001296,2010300418,,,2,104,
1569,0,102,103,331,101,2,O20103001297,2010300418,,,2,104,
1570,0,102,103,331,101,2,O20103001298,2010300418,,,2,104,
1571,0,102,103,331,101,2,O20103001299,2010300418,,,2,104,
1572,0,102,103,331,101,2,O20103001300,2010300418,,,2,104,
1573,0,102,103,331,101,2,O20103001301,2010300418,,,2,104,
1574,0,102,103,331,101,2,O20103001302,2010300418,,,2,104,
1575,0,102,103,331,101,2,O20103001303,2010300418,,,2,104,
1576,0,102,103,331,101,2,O20103001304,2010300418,,,2,104,
1577,0,102,103,331,101,2,O20103001305,2010300418,,,2,104,
1578,0,102,103,331,101,2,O20103001306,2010300418,,,2,104,
1579,0,102,103,235,101,2,O20103001307,2010300419,,,2,104,
1580,0,102,103,235,101,2,O20103001308,2010300419,,,2,104,
1581,0,102,103,235,101,2,O20103001309,2010300419,,,2,104,
1582,0,102,103,235,101,2,O20103001310,2010300419,,,2,104,
1583,0,102,103,235,101,2,O20103001311,2010300419,,,2,104,
1584,0,102,103,235,101,2,O20103001312,2010300419,,,2,104,
1585,0,102,103,235,101,2,O20103001313,2010300419,,,2,104,
1586,0,102,103,235,101,2,O20103001314,2010300419,,,2,104,
1587,0,102,103,235,101,2,O20103001315,2010300420,,,2,104,
1588,0,102,103,235,101,2,O20103001316,2010300420,,,2,104,
1589,0,102,103,235,101,2,O20103001317,2010300420,,,2,104,
1590,0,102,103,235,101,2,O20103001318,2010300420,,,2,104,
1591,0,102,103,235,101,2,O20103001319,2010300420,,,2,104,
1592,0,102,103,235,101,2,O20103001320,2010300420,,,2,104,
1593,0,102,103,235,101,2,O20103001321,2010300420,,,2,104,
1594,0,102,103,235,101,2,O20103001322,2010300420,,,2,104,
1595,0,102,103,235,101,2,O20103001323,2010300420,,,2,104,
1596,0,102,103,235,101,2,O20103001324,2010300420,,,2,104,
1597,0,102,103,235,101,2,O20103001325,2010300420,,,2,104,
1598,0,102,103,235,101,2,O20103001326,2010300420,,,2,104,
1599,0,102,103,235,101,2,O20103001327,2010300420,,,2,104,
1600,0,102,103,235,101,2,O20103001328,2010300420,,,2,104,
1601,0,102,103,235,101,2,O20103001329,2010300420,,,2,104,
1602,0,102,103,235,101,2,O20103001330,2010300420,,,2,104,
1603,0,102,103,235,101,2,O20103001331,2010300420,,,2,104,
1604,0,102,103,235,101,2,O20103001332,2010300420,,,2,104,
1605,0,102,103,235,101,2,O20103001333,2010300420,,,2,104,
1606,0,102,103,235,101,2,O20103001334,2010300420,,,2,104,
1607,0,102,103,101,101,2,O20103001335,2010300421,,,2,104,
1608,0,102,103,101,101,2,O20103001336,2010300421,,,2,104,
1609,0,102,103,101,101,2,O20103001337,2010300421,,,2,104,
1610,0,102,103,101,101,2,O20103001338,2010300421,,,2,104,
1611,0,102,103,101,101,2,O20103001339,2010300421,,,2,104,
1612,0,102,103,101,101,2,O20103001340,2010300421,,,2,104,
1613,0,102,103,101,101,2,O20103001341,2010300421,,,2,104,
1614,0,102,103,101,101,2,O20103001342,2010300421,,,2,104,
1615,0,102,103,101,101,2,O20103001343,2010300421,,,2,104,
1616,0,102,103,101,101,2,O20103001344,2010300421,,,2,104,
1617,0,102,103,101,101,2,O20103001345,2010300421,,,2,104,
1618,0,102,103,101,101,2,O20103001346,2010300421,,,2,104,
1619,0,102,103,101,101,2,O20103001347,2010300421,,,2,104,
1620,0,102,103,101,101,2,O20103001348,2010300421,,,2,104,
1621,0,102,103,101,101,2,O20103001349,2010300421,,,2,104,
1622,0,102,103,101,101,2,O20103001350,2010300421,,,2,104,
1624,0,102,103,103,101,2,O20103001351,2010300422,,,2,104,
1625,0,102,103,101,101,2,O20103001352,2010300423,,,2,104,
1626,0,102,103,101,101,2,O20103001353,2010300423,,,2,104,
1627,0,102,103,101,101,2,O20103001354,2010300423,,,2,104,
1628,0,102,103,101,101,2,O20103001355,2010300423,,,2,104,
1629,0,102,103,101,101,2,O20103001356,2010300423,,,2,104,
1630,0,102,103,112,101,2,O20103001357,2010300424,,,2,104,
1631,0,102,103,112,101,2,O20103001358,2010300424,,,2,104,
1632,0,102,103,112,101,2,O20103001359,2010300424,,,2,104,
1633,0,102,103,112,101,2,O20103001360,2010300424,,,2,104,
1634,0,102,103,112,101,2,O20103001361,2010300424,,,2,104,
1635,0,102,103,114,101,2,O20103001362,2010300425,,,2,104,
1636,0,102,103,342,101,2,O20103001363,2010300426,,,2,104,
1637,0,102,103,342,101,2,O20103001364,2010300426,,,2,104,
1638,0,102,103,114,101,2,O20103001365,2010300427,,,2,104,
1641,0,102,103,113,101,2,O20103001366,2010300428,,,2,104,
1648,0,102,103,400,101,2,O20103001367,2010300429,,,2,104,
1649,0,102,103,106,101,2,O20103001368,2010300430,,,2,104,
1662,0,102,103,402,101,2,O20103001369,2010300431,,,2,104,
1663,0,102,103,102,101,2,O20103001370,2010300432,,,2,104,
1666,0,102,103,406,101,2,O20103001371,2010300433,,,2,104,
1678,0,102,103,110,101,2,O20103001372,2010300434,,,2,104,
1688,0,102,103,113,101,2,O20103001373,2010300435,,,2,104,
1699,0,102,103,406,101,2,O20103001374,2010300436,,,2,104,
1701,0,102,103,406,101,2,O20103001375,2010300437,,,2,104,
1706,0,102,103,102,101,2,O20103001376,2010300438,,,2,104,
1707,0,102,103,404,101,2,O20103001377,2010300439,,,2,104,
1708,0,102,103,406,101,2,O20103001378,2010300440,,,2,104,
1710,0,102,103,106,101,2,O20103001379,2010300441,,,2,104,
1712,0,102,103,113,101,2,O20103001380,2010300442,,,2,104,
1551,0,102,104,120,101,2,O20104000271,2010400271,,,2,112,
1553,0,102,104,132,101,2,O20104000272,2010400272,,,2,112,
1623,0,102,104,119,101,2,O20104000273,2010400273,,,2,112,
1639,0,102,104,119,101,2,O20104000274,2010400274,,,2,112,
1640,0,102,104,151,101,2,O20104000275,2010400275,,,2,112,
1642,0,102,104,127,101,2,O20104000276,2010400276,,,2,112,
1643,0,102,104,127,101,2,O20104000277,2010400277,,,2,112,
1644,0,102,104,127,101,2,O20104000278,2010400278,,,2,112,
1645,0,102,104,127,101,2,O20104000279,2010400279,,,2,112,
1646,0,102,104,119,101,2,O20104000280,2010400280,,,2,112,
1647,0,102,104,151,101,2,O20104000281,2010400281,,,2,112,
1650,0,102,104,125,101,2,O20104000282,2010400282,,,2,112,
1651,0,102,104,139,101,2,O20104000283,2010400283,,,2,112,
1652,0,102,104,127,101,2,O20104000284,2010400284,,,2,112,
1653,0,102,104,151,101,2,O20104000285,2010400285,,,2,112,
1654,0,102,104,127,101,2,O20104000286,2010400286,,,2,112,
1655,0,102,104,127,101,2,O20104000287,2010400287,,,2,112,
1656,0,102,104,127,101,2,O20104000288,2010400288,,,2,112,
1657,0,102,104,119,101,2,O20104000289,2010400289,,,2,112,
1658,0,102,104,127,101,2,O20104000290,2010400290,,,2,112,
1659,0,102,104,127,101,2,O20104000291,2010400291,,,2,112,
1660,0,102,104,119,101,2,O20104000292,2010400292,,,2,112,
1661,0,102,104,127,101,2,O20104000293,2010400293,,,2,112,
1664,0,102,104,119,101,2,O20104000294,2010400294,,,2,112,
1665,0,102,104,127,101,2,O20104000295,2010400295,,,2,112,
1667,0,102,104,151,101,2,O20104000296,2010400296,,,2,112,
1668,0,102,104,127,101,2,O20104000297,2010400297,,,2,112,
1669,0,102,104,151,101,2,O20104000298,2010400298,,,2,112,
1670,0,102,104,119,101,2,O20104000299,2010400299,,,2,112,
1671,0,102,104,139,101,2,O20104000300,2010400300,,,2,112,
1672,0,102,104,127,101,2,O20104000301,2010400301,,,2,112,
1673,0,102,104,127,101,2,O20104000302,2010400302,,,2,112,
1674,0,102,104,127,101,2,O20104000303,2010400303,,,2,112,
1675,0,102,104,127,101,2,O20104000304,2010400304,,,2,112,
1676,0,102,104,284,101,2,O20104000305,2010400305,,,2,112,
1677,0,102,104,426,101,2,O20104000306,2010400306,,,2,112,
1679,0,102,104,127,101,2,O20104000307,2010400307,,,2,112,
1680,0,102,104,127,101,2,O20104000308,2010400308,,,2,112,
1681,0,102,104,119,101,2,O20104000309,2010400309,,,2,112,
1682,0,102,104,119,101,2,O20104000310,2010400310,,,2,112,
1683,0,102,104,127,101,2,O20104000311,2010400311,,,2,112,
1684,0,102,104,127,101,2,O20104000312,2010400312,,,2,112,
1685,0,102,104,127,101,2,O20104000313,2010400313,,,2,112,
1686,0,102,104,120,101,2,O20104000314,2010400314,,,2,112,
1687,0,102,104,127,101,2,O20104000315,2010400315,,,2,112,
1689,0,102,104,120,101,2,O20104000316,2010400316,,,2,112,
1690,0,102,104,127,101,2,O20104000317,2010400317,,,2,112,
1691,0,102,104,122,101,2,O20104000318,2010400318,,,2,112,
1692,0,102,104,127,101,2,O20104000319,2010400319,,,2,112,
1693,0,102,104,119,101,2,O20104000320,2010400320,,,2,112,
1694,0,102,104,127,101,2,O20104000321,2010400321,,,2,112,
1695,0,102,104,127,101,2,O20104000322,2010400322,,,2,112,
1696,0,102,104,127,101,2,O20104000323,2010400323,,,2,112,
1697,0,102,104,289,101,2,O20104000324,2010400324,,,2,112,
1698,0,102,104,128,101,2,O20104000325,2010400325,,,2,112,
1700,0,102,104,151,101,2,O20104000326,2010400326,,,2,112,
1702,0,102,104,119,101,2,O20104000327,2010400327,,,2,112,
1703,0,102,104,151,101,2,O20104000328,2010400328,,,2,112,
1704,0,102,104,119,101,2,O20104000329,2010400329,,,2,112,
1705,0,102,104,123,101,2,O20104000330,2010400330,,,2,112,
1709,0,102,104,128,101,2,O20104000331,2010400331,,,2,112,
1711,0,102,104,139,101,2,O20104000332,2010400332,,,2,112,
1713,0,102,104,119,101,2,O20104000333,2010400333,,,2,112,
1714,0,102,104,351,101,2,O20104000334,2010400334,,,2,112,
1715,0,102,104,351,101,2,O20104000335,2010400335,,,2,112,
1716,0,102,104,351,101,2,O20104000336,2010400336,,,2,112,
2177,0,102,103,101,101,3,O21103001707,2110300543,,,2,104,
2178,0,102,103,101,101,3,O21103001708,2110300543,,,2,104,
2179,0,102,103,101,101,3,O21103001709,2110300543,,,2,104,
2180,0,102,103,101,101,3,O21103001710,2110300543,,,2,104,
2181,0,102,103,101,101,3,O21103001711,2110300543,,,2,104,
2182,0,102,103,101,101,3,O21103001712,2110300543,,,2,104,
2183,0,102,103,101,101,3,O21103001713,2110300543,,,2,104,
2184,0,102,103,102,101,3,O21103001714,2110300544,,,2,104,
2185,0,102,103,102,101,3,O21103001715,2110300544,,,2,104,
2186,0,102,103,102,101,3,O21103001716,2110300544,,,2,104,
2187,0,102,103,102,101,3,O21103001717,2110300544,,,2,104,
2188,0,102,103,102,101,3,O21103001718,2110300544,,,2,104,
2189,0,102,103,102,101,3,O21103001719,2110300544,,,2,104,
2190,0,102,103,102,101,3,O21103001720,2110300544,,,2,104,
2191,0,102,103,107,101,3,O21103001721,2110300544,,,2,104,
2192,0,102,103,107,101,3,O21103001722,2110300544,,,2,104,
2193,0,102,103,107,101,3,O21103001723,2110300544,,,2,104,
2194,0,102,103,107,101,3,O21103001724,2110300544,,,2,104,
2195,0,102,103,107,101,3,O21103001725,2110300544,,,2,104,
2196,0,102,103,107,101,3,O21103001726,2110300544,,,2,104,
2197,0,102,103,107,101,3,O21103001727,2110300544,,,2,104,
2198,0,102,103,235,101,3,O21103001728,2110300545,,,2,104,
2199,0,102,103,235,101,3,O21103001729,2110300545,,,2,104,
2200,0,102,103,235,101,3,O21103001730,2110300545,,,2,104,
2201,0,102,103,235,101,3,O21103001731,2110300545,,,2,104,
2202,0,102,103,235,101,3,O21103001732,2110300545,,,2,104,
2203,0,102,103,235,101,3,O21103001733,2110300545,,,2,104,
2204,0,102,103,235,101,3,O21103001734,2110300545,,,2,104,
2205,0,102,103,235,101,3,O21103001735,2110300545,,,2,104,
2206,0,102,103,235,101,3,O21103001736,2110300545,,,2,104,
2207,0,102,103,235,101,3,O21103001737,2110300545,,,2,104,
2208,0,102,103,235,101,3,O21103001738,2110300545,,,2,104,
2209,0,102,103,235,101,3,O21103001739,2110300545,,,2,104,
2210,0,102,103,235,101,3,O21103001740,2110300545,,,2,104,
2211,0,102,103,235,101,3,O21103001741,2110300545,,,2,104,
2212,0,102,103,235,101,3,O21103001742,2110300545,,,2,104,
2213,0,102,103,235,101,3,O21103001743,2110300545,,,2,104,
2214,0,102,103,235,101,3,O21103001744,2110300545,,,2,104,
2215,0,102,103,235,101,3,O21103001745,2110300545,,,2,104,
2216,0,102,103,235,101,3,O21103001746,2110300545,,,2,104,
2217,0,102,103,235,101,3,O21103001747,2110300545,,,2,104,
2218,0,102,103,374,101,3,O21103001748,2110300545,,,2,104,
2219,0,102,103,374,101,3,O21103001749,2110300546,,,2,104,
2220,0,102,103,114,101,3,O21103001750,2110300547,,,2,104,
2221,0,102,103,114,101,3,O21103001751,2110300547,,,2,104,
2222,0,102,103,114,101,3,O21103001752,2110300547,,,2,104,
2223,0,102,103,114,101,3,O21103001753,2110300547,,,2,104,
2224,0,102,103,114,101,3,O21103001754,2110300547,,,2,104,
2225,0,102,103,114,101,3,O21103001755,2110300547,,,2,104,
2226,0,102,103,114,101,3,O21103001756,2110300547,,,2,104,
2227,0,102,103,114,101,3,O21103001757,2110300547,,,2,104,
2228,0,102,103,115,101,3,O21103001758,2110300548,,,2,104,
2229,0,102,103,115,101,3,O21103001759,2110300548,,,2,104,
2230,0,102,103,115,101,3,O21103001760,2110300548,,,2,104,
2231,0,102,103,115,101,3,O21103001761,2110300548,,,2,104,
2232,0,102,103,115,101,3,O21103001762,2110300548,,,2,104,
2233,0,102,103,115,101,3,O21103001763,2110300548,,,2,104,
2234,0,102,103,115,101,3,O21103001764,2110300548,,,2,104,
2235,0,102,103,115,101,3,O21103001765,2110300548,,,2,104,
2236,0,102,103,115,101,3,O21103001766,2110300548,,,2,104,
2237,0,102,103,115,101,3,O21103001767,2110300548,,,2,104,
2238,0,102,103,115,101,3,O21103001768,2110300548,,,2,104,
2239,0,102,103,115,101,3,O21103001769,2110300548,,,2,104,
2240,0,102,103,115,101,3,O21103001770,2110300548,,,2,104,
2241,0,102,103,115,101,3,O21103001771,2110300548,,,2,104,
2242,0,102,103,115,101,3,O21103001772,2110300548,,,2,104,
2243,0,102,103,115,101,3,O21103001773,2110300548,,,2,104,
2244,0,102,103,115,101,3,O21103001774,2110300548,,,2,104,
2245,0,102,103,115,101,3,O21103001775,2110300548,,,2,104,
2246,0,102,103,115,101,3,O21103001776,2110300548,,,2,104,
2247,0,102,103,115,101,3,O21103001777,2110300548,,,2,104,
2248,0,102,103,115,101,3,O21103001778,2110300548,,,2,104,
2249,0,102,103,115,101,3,O21103001779,2110300548,,,2,104,
2250,0,102,103,115,101,3,O21103001780,2110300548,,,2,104,
2251,0,102,103,115,101,3,O21103001781,2110300548,,,2,104,
2252,0,102,103,116,101,3,O21103001782,2110300549,,,2,104,
2253,0,102,103,116,101,3,O21103001783,2110300549,,,2,104,
2254,0,102,103,116,101,3,O21103001784,2110300549,,,2,104,
2255,0,102,103,116,101,3,O21103001785,2110300549,,,2,104,
2256,0,102,103,116,101,3,O21103001786,2110300549,,,2,104,
2257,0,102,103,116,101,3,O21103001787,2110300549,,,2,104,
2258,0,102,103,116,101,3,O21103001788,2110300549,,,2,104,
2259,0,102,103,116,101,3,O21103001789,2110300549,,,2,104,
2260,0,102,103,116,101,3,O21103001790,2110300549,,,2,104,
2261,0,102,103,116,101,3,O21103001791,2110300549,,,2,104,
2262,0,102,103,116,101,3,O21103001792,2110300549,,,2,104,
2263,0,102,103,116,101,3,O21103001793,2110300549,,,2,104,
2264,0,102,103,116,101,3,O21103001794,2110300549,,,2,104,
2265,0,102,103,116,101,3,O21103001795,2110300549,,,2,104,
2266,0,102,103,116,101,3,O21103001796,2110300549,,,2,104,
2267,0,102,103,116,101,3,O21103001797,2110300549,,,2,104,
2268,0,102,103,116,101,3,O21103001798,2110300549,,,2,104,
2269,0,102,103,116,101,3,O21103001799,2110300549,,,2,104,
2270,0,102,103,116,101,3,O21103001800,2110300549,,,2,104,
2271,0,102,103,116,101,3,O21103001801,2110300549,,,2,104,
2272,0,102,103,116,101,3,O21103001802,2110300549,,,2,104,
2273,0,102,103,116,101,3,O21103001803,2110300549,,,2,104,
2274,0,102,103,116,101,3,O21103001804,2110300549,,,2,104,
2275,0,102,103,116,101,3,O21103001805,2110300549,,,2,104,
2276,0,102,103,116,101,3,O21103001806,2110300549,,,2,104,
2277,0,102,103,116,101,3,O21103001807,2110300549,,,2,104,
2278,0,102,103,116,101,3,O21103001808,2110300549,,,2,104,
2279,0,102,103,116,101,3,O21103001809,2110300549,,,2,104,
2280,0,102,103,116,101,3,O21103001810,2110300549,,,2,104,
2281,0,102,103,116,101,3,O21103001811,2110300549,,,2,104,
2282,0,102,103,116,101,3,O21103001812,2110300549,,,2,104,
2283,0,102,103,116,101,3,O21103001813,2110300549,,,2,104,
2284,0,102,103,116,101,3,O21103001814,2110300549,,,2,104,
2285,0,102,103,116,101,3,O21103001815,2110300549,,,2,104,
2286,0,102,103,116,101,3,O21103001816,2110300549,,,2,104,
2287,0,102,103,116,101,3,O21103001817,2110300549,,,2,104,
2288,0,102,103,116,101,3,O21103001818,2110300549,,,2,104,
2289,0,102,103,116,101,3,O21103001819,2110300549,,,2,104,
2290,0,102,103,116,101,3,O21103001820,2110300549,,,2,104,
2291,0,102,103,116,101,3,O21103001821,2110300549,,,2,104,
2292,0,102,103,116,101,3,O21103001822,2110300549,,,2,104,
2293,0,102,103,116,101,3,O21103001823,2110300549,,,2,104,
2294,0,102,103,116,101,3,O21103001824,2110300549,,,2,104,
2295,0,102,103,116,101,3,O21103001825,2110300549,,,2,104,
2296,0,102,103,116,101,3,O21103001826,2110300549,,,2,104,
2297,0,102,103,116,101,3,O21103001827,2110300549,,,2,104,
2298,0,102,103,116,101,3,O21103001828,2110300549,,,2,104,
2299,0,102,103,116,101,3,O21103001829,2110300549,,,2,104,
2300,0,102,103,116,101,3,O21103001830,2110300549,,,2,104,
2301,0,102,103,116,101,3,O21103001831,2110300549,,,2,104,
2302,0,102,103,116,101,3,O21103001832,2110300549,,,2,104,
2303,0,102,103,116,101,3,O21103001833,2110300549,,,2,104,
2304,0,102,103,116,101,3,O21103001834,2110300549,,,2,104,
2305,0,102,103,116,101,3,O21103001835,2110300549,,,2,104,
2306,0,102,103,116,101,3,O21103001836,2110300549,,,2,104,
2307,0,102,103,116,101,3,O21103001837,2110300549,,,2,104,
2308,0,102,103,116,101,3,O21103001838,2110300549,,,2,104,
2309,0,102,103,116,101,3,O21103001839,2110300549,,,2,104,
2310,0,102,103,116,101,3,O21103001840,2110300549,,,2,104,
2311,0,102,103,116,101,3,O21103001841,2110300549,,,2,104,
2312,0,102,103,116,101,3,O21103001842,2110300549,,,2,104,
2313,0,102,103,101,101,3,O21103001843,2110300550,,,2,104,
2314,0,102,103,112,101,3,O21103001844,2110300551,,,2,104,
2315,0,102,103,235,101,3,O21103001845,2110300552,,,2,104,
2316,0,102,103,235,101,3,O21103001846,2110300552,,,2,104,
2317,0,102,103,235,101,3,O21103001847,2110300552,,,2,104,
2318,0,102,103,235,101,3,O21103001848,2110300552,,,2,104,
2319,0,102,103,235,101,3,O21103001849,2110300552,,,2,104,
2320,0,102,103,235,101,3,O21103001850,2110300552,,,2,104,
2321,0,102,103,118,101,3,O21103001851,2110300553,,,2,104,
2322,0,102,103,118,101,3,O21103001852,2110300553,,,2,104,
2323,0,102,103,118,101,3,O21103001853,2110300553,,,2,104,
2324,0,102,103,101,101,3,O21103001854,2110300554,,,2,104,
2325,0,102,103,112,101,3,O21103001855,2110300554,,,2,104,
2326,0,102,103,112,101,3,O21103001856,2110300554,,,2,104,
2327,0,102,103,112,101,3,O21103001857,2110300554,,,2,104,
2328,0,102,103,107,101,3,O21103001858,2110300555,,,2,104,
2329,0,102,103,107,101,3,O21103001859,2110300555,,,2,104,
2330,0,102,103,107,101,3,O21103001860,2110300555,,,2,104,
2331,0,102,103,107,101,3,O21103001861,2110300555,,,2,104,
2332,0,102,103,107,101,3,O21103001862,2110300555,,,2,104,
2333,0,102,103,107,101,3,O21103001863,2110300555,,,2,104,
2334,0,102,103,107,101,3,O21103001864,2110300555,,,2,104,
2335,0,102,103,241,101,3,O21103001865,2110300556,,,2,104,
2336,0,102,103,241,101,3,O21103001866,2110300556,,,2,104,
2338,0,102,103,406,101,3,O21103001867,2110300557,,,2,104,
2352,0,102,103,102,101,3,O21103001868,2110300558,,,2,104,
2359,0,102,103,102,101,3,O21103001869,2110300559,,,2,104,
2360,0,102,103,103,101,3,O21103001870,2110300560,,,2,104,
2364,0,102,103,103,101,3,O21103001871,2110300561,,,2,104,
2372,0,102,103,239,101,3,O21103001872,2110300562,,,2,104,
2377,0,102,103,113,101,3,O21103001873,2110300563,,,2,104,
2388,0,102,103,115,101,3,O21103001874,2110300564,,,2,104,
2390,0,102,103,112,101,3,O21103001875,2110300565,,,2,104,
2391,0,102,103,110,101,3,O21103001876,2110300566,,,2,104,
2337,0,102,104,119,101,3,O21104000471,2110400471,,,2,112,
2339,0,102,104,119,101,3,O21104000472,2110400472,,,2,112,
2340,0,102,104,127,101,3,O21104000473,2110400473,,,2,112,
2341,0,102,104,127,101,3,O21104000474,2110400474,,,2,112,
2342,0,102,104,127,101,3,O21104000475,2110400475,,,2,112,
2343,0,102,104,127,101,3,O21104000476,2110400476,,,2,112,
2344,0,102,104,119,101,3,O21104000477,2110400477,,,2,112,
2345,0,102,104,127,101,3,O21104000478,2110400478,,,2,112,
2346,0,102,104,127,101,3,O21104000479,2110400479,,,2,112,
2347,0,102,104,127,101,3,O21104000480,2110400480,,,2,112,
2348,0,102,104,127,101,3,O21104000481,2110400481,,,2,112,
2349,0,102,104,127,101,3,O21104000482,2110400482,,,2,112,
2350,0,102,104,127,101,3,O21104000483,2110400483,,,2,112,
2351,0,102,104,127,101,3,O21104000484,2110400484,,,2,112,
2353,0,102,104,127,101,3,O21104000485,2110400485,,,2,112,
2354,0,102,104,119,101,3,O21104000486,2110400486,,,2,112,
2355,0,102,104,127,101,3,O21104000487,2110400487,,,2,112,
2356,0,102,104,127,101,3,O21104000488,2110400488,,,2,112,
2357,0,102,104,119,101,3,O21104000489,2110400489,,,2,112,
2358,0,102,104,119,101,3,O21104000490,2110400490,,,2,112,
2361,0,102,104,119,101,3,O21104000491,2110400491,,,2,112,
2362,0,102,104,131,101,3,O21104000492,2110400492,,,2,112,
2363,0,102,104,119,101,3,O21104000493,2110400493,,,2,112,
2365,0,102,104,127,101,3,O21104000494,2110400494,,,2,112,
2366,0,102,104,127,101,3,O21104000495,2110400495,,,2,112,
2367,0,102,104,119,101,3,O21104000496,2110400496,,,2,112,
2368,0,102,104,127,101,3,O21104000497,2110400497,,,2,112,
2369,0,102,104,119,101,3,O21104000498,2110400498,,,2,112,
2370,0,102,104,119,101,3,O21104000499,2110400499,,,2,112,
2371,0,102,104,127,101,3,O21104000500,2110400500,,,2,112,
2373,0,102,104,127,101,3,O21104000501,2110400501,,,2,112,
2374,0,102,104,127,101,3,O21104000502,2110400502,,,2,112,
2375,0,102,104,119,101,3,O21104000503,2110400503,,,2,112,
2376,0,102,104,119,101,3,O21104000504,2110400504,,,2,112,
2378,0,102,104,127,101,3,O21104000505,2110400505,,,2,112,
2379,0,102,104,119,101,3,O21104000506,2110400506,,,2,112,
2380,0,102,104,119,101,3,O21104000507,2110400507,,,2,112,
2381,0,102,104,119,101,3,O21104000508,2110400508,,,2,112,
2382,0,102,104,119,101,3,O21104000509,2110400509,,,2,112,
2383,0,102,104,119,101,3,O21104000510,2110400510,,,2,112,
2384,0,102,104,120,101,3,O21104000511,2110400511,,,2,112,
2385,0,102,104,440,101,3,O21104000512,2110400512,,,2,112,
2386,0,102,104,128,101,3,O21104000513,2110400513,,,2,112,
2387,0,102,104,119,101,3,O21104000514,2110400514,,,2,112,
2389,0,102,104,119,101,3,O21104000515,2110400515,,,2,112,
3237,0,102,103,112,101,4,O22103002371,2210300690,,,2,104,
3238,0,102,103,112,101,4,O22103002372,2210300690,,,2,104,
3239,0,102,103,112,101,4,O22103002373,2210300690,,,2,104,
3240,0,102,103,112,101,4,O22103002374,2210300690,,,2,104,
3241,0,102,103,112,101,4,O22103002375,2210300690,,,2,104,
3242,0,102,103,112,101,4,O22103002376,2210300690,,,2,104,
3243,0,102,103,112,101,4,O22103002377,2210300690,,,2,104,
3244,0,102,103,112,101,4,O22103002378,2210300690,,,2,104,
3245,0,102,103,112,101,4,O22103002379,2210300690,,,2,104,
3246,0,102,103,112,101,4,O22103002380,2210300690,,,2,104,
3247,0,102,103,112,101,4,O22103002381,2210300690,,,2,104,
3248,0,102,103,112,101,4,O22103002382,2210300690,,,2,104,
3249,0,102,103,112,101,4,O22103002383,2210300690,,,2,104,
3250,0,102,103,112,101,4,O22103002384,2210300690,,,2,104,
3251,0,102,103,102,101,4,O22103002385,2210300691,,,2,104,
3252,0,102,103,102,101,4,O22103002386,2210300691,,,2,104,
3253,0,102,103,331,101,4,O22103002387,2210300691,,,2,104,
3254,0,102,103,331,101,4,O22103002388,2210300691,,,2,104,
3255,0,102,103,331,101,4,O22103002389,2210300691,,,2,104,
3256,0,102,103,102,101,4,O22103002390,2210300691,,,2,104,
3257,0,102,103,102,101,4,O22103002391,2210300691,,,2,104,
3258,0,102,103,102,101,4,O22103002392,2210300691,,,2,104,
3259,0,102,103,102,101,4,O22103002393,2210300691,,,2,104,
3260,0,102,103,102,101,4,O22103002394,2210300691,,,2,104,
3261,0,102,103,102,101,4,O22103002395,2210300691,,,2,104,
3262,0,102,103,102,101,4,O22103002396,2210300691,,,2,104,
3263,0,102,103,102,101,4,O22103002397,2210300691,,,2,104,
3264,0,102,103,102,101,4,O22103002398,2210300691,,,2,104,
3265,0,102,103,102,101,4,O22103002399,2210300691,,,2,104,
3266,0,102,103,102,101,4,O22103002400,2210300691,,,2,104,
3267,0,102,103,102,101,4,O22103002401,2210300691,,,2,104,
3268,0,102,103,102,101,4,O22103002402,2210300691,,,2,104,
3269,0,102,103,102,101,4,O22103002403,2210300692,,,2,104,
3270,0,102,103,102,101,4,O22103002404,2210300692,,,2,104,
3271,0,102,103,235,101,4,O22103002405,2210300692,,,2,104,
3272,0,102,103,235,101,4,O22103002406,2210300692,,,2,104,
3273,0,102,103,235,101,4,O22103002407,2210300692,,,2,104,
3274,0,102,103,235,101,4,O22103002408,2210300692,,,2,104,
3275,0,102,103,235,101,4,O22103002409,2210300692,,,2,104,
3276,0,102,103,235,101,4,O22103002410,2210300692,,,2,104,
3277,0,102,103,235,101,4,O22103002411,2210300692,,,2,104,
3278,0,102,103,235,101,4,O22103002412,2210300692,,,2,104,
3279,0,102,103,115,101,4,O22103002413,2210300692,,,2,104,
3280,0,102,103,115,101,4,O22103002414,2210300692,,,2,104,
3281,0,102,103,115,101,4,O22103002415,2210300692,,,2,104,
3282,0,102,103,115,101,4,O22103002416,2210300692,,,2,104,
3283,0,102,103,115,101,4,O22103002417,2210300692,,,2,104,
3284,0,102,103,115,101,4,O22103002418,2210300692,,,2,104,
3285,0,102,103,115,101,4,O22103002419,2210300692,,,2,104,
3286,0,102,103,115,101,4,O22103002420,2210300692,,,2,104,
3287,0,102,103,115,101,4,O22103002421,2210300692,,,2,104,
3288,0,102,103,115,101,4,O22103002422,2210300692,,,2,104,
3289,0,102,103,115,101,4,O22103002423,2210300692,,,2,104,
3290,0,102,103,107,101,4,O22103002424,2210300693,,,2,104,
3291,0,102,103,107,101,4,O22103002425,2210300693,,,2,104,
3292,0,102,103,107,101,4,O22103002426,2210300693,,,2,104,
3293,0,102,103,107,101,4,O22103002427,2210300693,,,2,104,
3294,0,102,103,107,101,4,O22103002428,2210300693,,,2,104,
3295,0,102,103,107,101,4,O22103002429,2210300693,,,2,104,
3296,0,102,103,107,101,4,O22103002430,2210300693,,,2,104,
3297,0,102,103,107,101,4,O22103002431,2210300693,,,2,104,
3298,0,102,103,107,101,4,O22103002432,2210300693,,,2,104,
3299,0,102,103,107,101,4,O22103002433,2210300693,,,2,104,
3300,0,102,103,445,101,4,O22103002434,2210300694,,,2,104,
3301,0,102,103,445,101,4,O22103002435,2210300694,,,2,104,
3302,0,102,103,118,101,4,O22103002436,2210300694,,,2,104,
3303,0,102,103,101,101,4,O22103002437,2210300695,,,2,104,
3304,0,102,103,101,101,4,O22103002438,2210300695,,,2,104,
3305,0,102,103,101,101,4,O22103002439,2210300695,,,2,104,
3309,0,102,103,116,101,4,O22103002440,2210300696,,,2,104,
3310,0,102,103,103,101,4,O22103002441,2210300697,,,2,104,
3312,0,102,103,331,101,4,O22103002442,2210300698,,,2,104,
3228,0,102,104,119,101,4,O22104000742,2210400742,,,2,112,
3229,0,102,104,119,101,4,O22104000743,2210400743,,,2,112,
3230,0,102,104,132,101,4,O22104000744,2210400744,,,2,112,
3231,0,102,104,119,101,4,O22104000745,2210400745,,,2,112,
3232,0,102,104,120,101,4,O22104000746,2210400746,,,2,112,
3233,0,102,104,119,101,4,O22104000747,2210400747,,,2,112,
3234,0,102,104,127,101,4,O22104000748,2210400748,,,2,112,
3235,0,102,104,119,101,4,O22104000749,2210400749,,,2,112,
3236,0,102,104,119,101,4,O22104000750,2210400750,,,2,112,
3306,0,102,104,119,101,4,O22104000751,2210400751,,,2,112,
3307,0,102,104,119,101,4,O22104000752,2210400752,,,2,112,
3308,0,102,104,119,101,4,O22104000753,2210400753,,,2,112,
3311,0,102,104,119,101,4,O22104000754,2210400754,,,2,112,
3313,0,102,104,119,101,4,O22104000755,2210400755,,,2,112,
4217,0,102,103,101,101,5,O23103003061,2310300835,,,2,104,
4218,0,102,103,101,101,5,O23103003062,2310300835,,,2,104,
4219,0,102,103,112,101,5,O23103003063,2310300835,,,2,104,
4220,0,102,103,338,101,5,O23103003064,2310300835,,,2,104,
4221,0,102,103,338,101,5,O23103003065,2310300835,,,2,104,
4222,0,102,103,331,101,5,O23103003066,2310300835,,,2,104,
4223,0,102,103,331,101,5,O23103003067,2310300835,,,2,104,
4224,0,102,103,102,101,5,O23103003068,2310300835,,,2,104,
4225,0,102,103,235,101,5,O23103003069,2310300835,,,2,104,
4226,0,102,103,235,101,5,O23103003070,2310300835,,,2,104,
4227,0,102,103,116,101,5,O23103003071,2310300835,,,2,104,
4228,0,102,103,102,101,5,O23103003072,2310300836,,,2,104,
4229,0,102,103,102,101,5,O23103003073,2310300836,,,2,104,
4230,0,102,103,102,101,5,O23103003074,2310300836,,,2,104,
4231,0,102,103,102,101,5,O23103003075,2310300836,,,2,104,
4232,0,102,103,102,101,5,O23103003076,2310300836,,,2,104,
4233,0,102,103,102,101,5,O23103003077,2310300836,,,2,104,
4234,0,102,103,102,101,5,O23103003078,2310300836,,,2,104,
4235,0,102,103,102,101,5,O23103003079,2310300836,,,2,104,
4236,0,102,103,102,101,5,O23103003080,2310300836,,,2,104,
4237,0,102,103,102,101,5,O23103003081,2310300836,,,2,104,
4238,0,102,103,102,101,5,O23103003082,2310300836,,,2,104,
4239,0,102,103,102,101,5,O23103003083,2310300836,,,2,104,
4240,0,102,103,102,101,5,O23103003084,2310300836,,,2,104,
4241,0,102,103,102,101,5,O23103003085,2310300836,,,2,104,
4242,0,102,103,235,101,5,O23103003086,2310300836,,,2,104,
4243,0,102,103,235,101,5,O23103003087,2310300836,,,2,104,
4244,0,102,103,235,101,5,O23103003088,2310300836,,,2,104,
4245,0,102,103,235,101,5,O23103003089,2310300836,,,2,104,
4246,0,102,103,235,101,5,O23103003090,2310300836,,,2,104,
4247,0,102,103,235,101,5,O23103003091,2310300836,,,2,104,
4248,0,102,103,112,101,5,O23103003092,2310300836,,,2,104,
4249,0,102,103,112,101,5,O23103003093,2310300836,,,2,104,
4250,0,102,103,112,101,5,O23103003094,2310300836,,,2,104,
4251,0,102,103,101,101,5,O23103003095,2310300836,,,2,104,
4252,0,102,103,102,101,5,O23103003096,2310300837,,,2,104,
4254,0,102,103,110,101,5,O23103003097,2310300838,,,2,104,
4255,0,102,103,110,101,5,O23103003098,2310300838,,,2,104,
4256,0,102,103,110,101,5,O23103003099,2310300838,,,2,104,
4257,0,102,103,110,101,5,O23103003100,2310300838,,,2,104,
4258,0,102,103,110,101,5,O23103003101,2310300838,,,2,104,
4259,0,102,103,110,101,5,O23103003102,2310300838,,,2,104,
4260,0,102,103,110,101,5,O23103003103,2310300838,,,2,104,
4261,0,102,103,110,101,5,O23103003104,2310300838,,,2,104,
4262,0,102,103,110,101,5,O23103003105,2310300838,,,2,104,
4263,0,102,103,110,101,5,O23103003106,2310300838,,,2,104,
4264,0,102,103,110,101,5,O23103003107,2310300838,,,2,104,
4265,0,102,103,110,101,5,O23103003108,2310300838,,,2,104,
4266,0,102,103,110,101,5,O23103003109,2310300838,,,2,104,
4267,0,102,103,331,101,5,O23103003110,2310300839,,,2,104,
4268,0,102,103,331,101,5,O23103003111,2310300839,,,2,104,
4269,0,102,103,331,101,5,O23103003112,2310300839,,,2,104,
4270,0,102,103,331,101,5,O23103003113,2310300839,,,2,104,
4271,0,102,103,331,101,5,O23103003114,2310300839,,,2,104,
4272,0,102,103,374,101,5,O23103003115,2310300839,,,2,104,
4273,0,102,103,374,101,5,O23103003116,2310300839,,,2,104,
4274,0,102,103,374,101,5,O23103003117,2310300839,,,2,104,
4275,0,102,103,374,101,5,O23103003118,2310300839,,,2,104,
4276,0,102,103,374,101,5,O23103003119,2310300839,,,2,104,
4277,0,102,103,374,101,5,O23103003120,2310300839,,,2,104,
4278,0,102,103,374,101,5,O23103003121,2310300839,,,2,104,
4279,0,102,103,374,101,5,O23103003122,2310300839,,,2,104,
4280,0,102,103,374,101,5,O23103003123,2310300839,,,2,104,
4281,0,102,103,374,101,5,O23103003124,2310300839,,,2,104,
4282,0,102,103,374,101,5,O23103003125,2310300839,,,2,104,
4283,0,102,103,374,101,5,O23103003126,2310300839,,,2,104,
4299,0,102,103,230,101,4,O23103003127,2310300840,,,2,104,
4301,0,102,103,112,101,5,O23103003128,2310300841,,,2,104,
4302,0,102,103,112,101,5,O23103003129,2310300841,,,2,104,
4303,0,102,103,112,101,5,O23103003130,2310300841,,,2,104,
4304,0,102,103,112,101,5,O23103003131,2310300841,,,2,104,
4305,0,102,103,112,101,5,O23103003132,2310300841,,,2,104,
4306,0,102,103,112,101,5,O23103003133,2310300841,,,2,104,
4307,0,102,103,230,101,5,O23103003134,2310300842,,,2,104,
4308,0,102,103,230,101,5,O23103003135,2310300842,,,2,104,
4310,0,102,103,230,101,5,O23103003136,2310300843,,,2,104,
4311,0,102,103,230,101,5,O23103003137,2310300843,,,2,104,
4370,0,102,103,102,101,5,O23103003138,2310300844,,,2,104,
4377,0,102,103,235,101,5,O23103003139,2310300845,,,2,104,
4380,0,102,103,374,101,5,O23103003140,2310300846,,,2,104,
4382,0,102,103,374,101,5,O23103003141,2310300847,,,2,104,
4383,0,102,103,116,101,5,O23103003142,2310300848,,,2,104,
4388,0,102,103,374,101,5,O23103003143,2310300849,,,2,104,
4401,0,102,103,169,101,5,O23103003144,2310300850,,,2,104,
4404,0,102,103,102,101,5,O23103003145,2310300851,,,2,104,
4408,0,102,103,113,101,5,O23103003146,2310300852,,,2,104,
4409,0,102,103,112,101,5,O23103003147,2310300853,,,2,104,
4410,0,102,103,112,101,5,O23103003148,2310300854,,,2,104,
4411,0,102,103,235,101,5,O23103003149,2310300855,,,2,104,
4412,0,102,103,235,101,5,O23103003150,2310300855,,,2,104,
4413,0,102,103,235,101,5,O23103003151,2310300855,,,2,104,
4415,0,102,103,169,101,5,O23103003152,2310300856,,,2,104,
4419,0,102,103,115,101,5,O23103003153,2310300857,,,2,104,
4216,0,102,104,353,101,5,O23104000876,2310400876,,,2,112,
4253,0,102,104,126,101,5,O23104000877,2310400877,,,2,112,
4309,0,102,104,136,101,5,O23104000878,2310400878,,,2,112,
4312,0,102,104,127,101,5,O23104000879,2310400879,,,2,112,
4313,0,102,104,127,101,5,O23104000880,2310400880,,,2,112,
4314,0,102,104,127,101,5,O23104000881,2310400881,,,2,112,
4315,0,102,104,127,101,5,O23104000882,2310400882,,,2,112,
4316,0,102,104,122,101,5,O23104000883,2310400883,,,2,112,
4317,0,102,104,127,101,5,O23104000884,2310400884,,,2,112,
4318,0,102,104,127,101,5,O23104000885,2310400885,,,2,112,
4319,0,102,104,127,101,5,O23104000886,2310400886,,,2,112,
4320,0,102,104,127,101,5,O23104000887,2310400887,,,2,112,
4321,0,102,104,119,101,5,O23104000888,2310400888,,,2,112,
4322,0,102,104,127,101,5,O23104000889,2310400889,,,2,112,
4323,0,102,104,127,101,5,O23104000890,2310400890,,,2,112,
4324,0,102,104,119,101,5,O23104000891,2310400891,,,2,112,
4325,0,102,104,119,101,5,O23104000892,2310400892,,,2,112,
4326,0,102,104,120,101,5,O23104000893,2310400893,,,2,112,
4327,0,102,104,127,101,5,O23104000894,2310400894,,,2,112,
4328,0,102,104,127,101,5,O23104000895,2310400895,,,2,112,
4329,0,102,104,127,101,5,O23104000896,2310400896,,,2,112,
4330,0,102,104,127,101,5,O23104000897,2310400897,,,2,112,
4331,0,102,104,127,101,5,O23104000898,2310400898,,,2,112,
4332,0,102,104,249,101,5,O23104000899,2310400899,,,2,112,
4333,0,102,104,127,101,5,O23104000900,2310400900,,,2,112,
4334,0,102,104,127,101,5,O23104000901,2310400901,,,2,112,
4335,0,102,104,127,101,5,O23104000902,2310400902,,,2,112,
4336,0,102,104,127,101,5,O23104000903,2310400903,,,2,112,
4337,0,102,104,127,101,5,O23104000904,2310400904,,,2,112,
4338,0,102,104,122,101,5,O23104000905,2310400905,,,2,112,
4339,0,102,104,127,101,5,O23104000906,2310400906,,,2,112,
4340,0,102,104,127,101,5,O23104000907,2310400907,,,2,112,
4341,0,102,104,127,101,5,O23104000908,2310400908,,,2,112,
4342,0,102,104,120,101,5,O23104000909,2310400909,,,2,112,
4343,0,102,104,127,101,5,O23104000910,2310400910,,,2,112,
4344,0,102,104,127,101,5,O23104000911,2310400911,,,2,112,
4345,0,102,104,127,101,5,O23104000912,2310400912,,,2,112,
4346,0,102,104,127,101,5,O23104000913,2310400913,,,2,112,
4347,0,102,104,127,101,5,O23104000914,2310400914,,,2,112,
4348,0,102,104,119,101,5,O23104000915,2310400915,,,2,112,
4349,0,102,104,127,101,5,O23104000916,2310400916,,,2,112,
4350,0,102,104,120,101,5,O23104000917,2310400917,,,2,112,
4351,0,102,104,127,101,5,O23104000918,2310400918,,,2,112,
4352,0,102,104,119,101,5,O23104000919,2310400919,,,2,112,
4353,0,102,104,129,101,5,O23104000920,2310400920,,,2,112,
4354,0,102,104,249,101,5,O23104000921,2310400921,,,2,112,
4355,0,102,104,119,101,5,O23104000922,2310400922,,,2,112,
4356,0,102,104,123,101,5,O23104000923,2310400923,,,2,112,
4357,0,102,104,119,101,5,O23104000924,2310400924,,,2,112,
4358,0,102,104,127,101,5,O23104000925,2310400925,,,2,112,
4359,0,102,104,126,101,5,O23104000926,2310400926,,,2,112,
4360,0,102,104,119,101,5,O23104000927,2310400927,,,2,112,
4361,0,102,104,119,101,5,O23104000928,2310400928,,,2,112,
4362,0,102,104,127,101,5,O23104000929,2310400929,,,2,112,
4363,0,102,104,119,101,5,O23104000930,2310400930,,,2,112,
4364,0,102,104,127,101,5,O23104000931,2310400931,,,2,112,
4365,0,102,104,127,101,5,O23104000932,2310400932,,,2,112,
4366,0,102,104,119,101,5,O23104000933,2310400933,,,2,112,
4367,0,102,104,119,101,5,O23104000934,2310400934,,,2,112,
4368,0,102,104,125,101,5,O23104000935,2310400935,,,2,112,
4369,0,102,104,126,101,5,O23104000936,2310400936,,,2,112,
4371,0,102,104,122,101,5,O23104000937,2310400937,,,2,112,
4372,0,102,104,119,101,5,O23104000938,2310400938,,,2,112,
4373,0,102,104,127,101,5,O23104000939,2310400939,,,2,112,
4374,0,102,104,119,101,5,O23104000940,2310400940,,,2,112,
4375,0,102,104,127,101,5,O23104000941,2310400941,,,2,112,
4376,0,102,104,127,101,5,O23104000942,2310400942,,,2,112,
4378,0,102,104,119,101,5,O23104000943,2310400943,,,2,112,
4379,0,102,104,119,101,5,O23104000944,2310400944,,,2,112,
4381,0,102,104,119,101,5,O23104000945,2310400945,,,2,112,
4384,0,102,104,119,101,5,O23104000946,2310400946,,,2,112,
4385,0,102,104,351,101,5,O23104000947,2310400947,,,2,112,
4386,0,102,104,120,101,5,O23104000948,2310400948,,,2,112,
4387,0,102,104,119,101,5,O23104000949,2310400949,,,2,112,
4389,0,102,104,119,101,5,O23104000950,2310400950,,,2,112,
4390,0,102,104,352,101,5,O23104000951,2310400951,,,2,112,
4391,0,102,104,130,101,5,O23104000952,2310400952,,,2,112,
4392,0,102,104,138,101,5,O23104000953,2310400953,,,2,112,
4393,0,102,104,128,101,5,O23104000954,2310400954,,,2,112,
4394,0,102,104,120,101,5,O23104000955,2310400955,,,2,112,
4395,0,102,104,124,101,5,O23104000956,2310400956,,,2,112,
4396,0,102,104,249,101,5,O23104000957,2310400957,,,2,112,
4397,0,102,104,440,101,5,O23104000958,2310400958,,,2,112,
4398,0,102,104,351,101,5,O23104000959,2310400959,,,2,112,
4399,0,102,104,440,101,5,O23104000960,2310400960,,,2,112,
4400,0,102,104,134,101,5,O23104000961,2310400961,,,2,112,
4402,0,102,104,119,101,5,O23104000962,2310400962,,,2,112,
4403,0,102,104,353,101,5,O23104000963,2310400963,,,2,112,
4405,0,102,104,352,101,5,O23104000964,2310400964,,,2,112,
4406,0,102,104,119,101,5,O23104000965,2310400965,,,2,112,
4407,0,102,104,289,101,5,O23104000966,2310400966,,,2,112,
4414,0,102,104,289,101,5,O23104000967,2310400967,,,2,112,
4416,0,102,104,151,101,5,O23104000968,2310400968,,,2,112,
4417,0,102,104,249,101,5,O23104000969,2310400969,,,2,112,
4420,0,102,104,119,101,5,O23104000970,2310400970,,,2,112,
4421,0,102,104,119,101,5,O23104000971,2310400970,,,2,112,
4422,0,102,104,119,101,5,O23104000972,2310400970,,,2,112,
4423,0,102,104,119,101,5,O23104000973,2310400970,,,2,112,
4424,0,102,104,119,101,5,O23104000974,2310400970,,,2,112,
4425,0,102,104,119,101,5,O23104000975,2310400970,,,2,112,
4426,0,102,104,119,101,5,O23104000976,2310400970,,,2,112,
4427,0,102,104,119,101,5,O23104000977,2310400970,,,2,112,
4428,0,102,104,119,101,5,O23104000978,2310400970,,,2,112,
4429,0,102,104,119,101,5,O23104000979,2310400970,,,2,112,
4430,0,102,104,119,101,5,O23104000980,2310400970,,,2,112,
4431,0,102,104,119,101,5,O23104000981,2310400970,,,2,112,
4432,0,102,104,119,101,5,O23104000982,2310400970,,,2,112,
4433,0,102,104,119,101,5,O23104000983,2310400970,,,2,112,
4434,0,102,104,119,101,5,O23104000984,2310400970,,,2,112,
4435,0,102,104,119,101,5,O23104000985,2310400970,,,2,112,
4436,0,102,104,119,101,5,O23104000986,2310400970,,,2,112,
4437,0,102,104,119,101,5,O23104000987,2310400970,,,2,112,
4438,0,102,104,119,101,5,O23104000988,2310400970,,,2,112,
4439,0,102,104,119,101,5,O23104000989,2310400970,,,2,112,
4440,0,102,104,119,101,5,O23104000990,2310400970,,,2,112,
4441,0,102,104,119,101,5,O23104000991,2310400970,,,2,112,
4442,0,102,104,119,101,5,O23104000992,2310400970,,,2,112,
4443,0,102,104,119,101,5,O23104000993,2310400970,,,2,112,
4444,0,102,104,119,101,5,O23104000994,2310400970,,,2,112,
4445,0,102,104,119,101,5,O23104000995,2310400970,,,2,112,
4446,0,102,104,119,101,5,O23104000996,2310400970,,,2,112,
4447,0,102,104,119,101,5,O23104000997,2310400970,,,2,112,
4448,0,102,104,119,101,5,O23104000998,2310400970,,,2,112,
4449,0,102,104,119,101,5,O23104000999,2310400970,,,2,112,
4450,0,102,104,119,101,5,O23104001000,2310400970,,,2,112,
4451,0,102,104,119,101,5,O23104001001,2310400970,,,2,112,
4452,0,102,104,119,101,5,O23104001002,2310400970,,,2,112,
4453,0,102,104,119,101,5,O23104001003,2310400970,,,2,112,
4454,0,102,104,119,101,5,O23104001004,2310400971,,,2,112,
4455,0,102,104,119,101,5,O23104001005,2310400971,,,2,112,
4456,0,102,104,119,101,5,O23104001006,2310400971,,,2,112,
4457,0,102,104,119,101,5,O23104001007,2310400971,,,2,112,
4458,0,102,104,119,101,5,O23104001008,2310400971,,,2,112,
4459,0,102,104,119,101,5,O23104001009,2310400971,,,2,112,
4460,0,102,104,119,101,5,O23104001010,2310400971,,,2,112,
4461,0,102,104,119,101,5,O23104001011,2310400971,,,2,112,
4462,0,102,104,119,101,5,O23104001012,2310400971,,,2,112,
4463,0,102,104,119,101,5,O23104001013,2310400971,,,2,112,
4464,0,102,104,119,101,5,O23104001014,2310400971,,,2,112,
4465,0,102,104,119,101,5,O23104001015,2310400971,,,2,112,
4466,0,102,104,119,101,5,O23104001016,2310400971,,,2,112,
4467,0,102,104,119,101,5,O23104001017,2310400971,,,2,112,
4468,0,102,104,119,101,5,O23104001018,2310400971,,,2,112,
4469,0,102,104,119,101,5,O23104001019,2310400971,,,2,112,
4470,0,102,104,119,101,5,O23104001020,2310400971,,,2,112,
4471,0,102,104,119,101,5,O23104001021,2310400971,,,2,112,
4472,0,102,104,119,101,5,O23104001022,2310400971,,,2,112,
4473,0,102,104,119,101,5,O23104001023,2310400971,,,2,112,
4474,0,102,104,119,101,5,O23104001024,2310400971,,,2,112,
4475,0,102,104,119,101,5,O23104001025,2310400971,,,2,112,
4476,0,102,104,119,101,5,O23104001026,2310400971,,,2,112,
4477,0,102,104,119,101,5,O23104001027,2310400971,,,2,112,
4478,0,102,104,119,101,5,O23104001028,2310400971,,,2,112,
4479,0,102,104,119,101,5,O23104001029,2310400971,,,2,112,
4480,0,102,104,119,101,5,O23104001030,2310400971,,,2,112,
4481,0,102,104,119,101,5,O23104001031,2310400971,,,2,112,
4482,0,102,104,119,101,5,O23104001032,2310400972,,,2,112,
4483,0,102,104,119,101,5,O23104001033,2310400972,,,2,112,
4484,0,102,104,119,101,5,O23104001034,2310400972,,,2,112,
4485,0,102,104,119,101,5,O23104001035,2310400972,,,2,112,
4486,0,102,104,119,101,5,O23104001036,2310400972,,,2,112,
4487,0,102,104,119,101,5,O23104001037,2310400972,,,2,112,
4488,0,102,104,119,101,5,O23104001038,2310400972,,,2,112,
4489,0,102,104,119,101,5,O23104001039,2310400972,,,2,112,
4490,0,102,104,119,101,5,O23104001040,2310400972,,,2,112,
4491,0,102,104,119,101,5,O23104001041,2310400972,,,2,112,
4492,0,102,104,119,101,5,O23104001042,2310400972,,,2,112,
4493,0,102,104,119,101,5,O23104001043,2310400972,,,2,112,
4494,0,102,104,119,101,5,O23104001044,2310400972,,,2,112,
4495,0,102,104,119,101,5,O23104001045,2310400972,,,2,112,
4496,0,102,104,119,101,5,O23104001046,2310400972,,,2,112,
4497,0,102,104,119,101,5,O23104001047,2310400972,,,2,112,
4498,0,102,104,119,101,5,O23104001048,2310400972,,,2,112,
4499,0,102,104,119,101,5,O23104001049,2310400973,,,2,112,
4500,0,102,104,119,101,5,O23104001050,2310400973,,,2,112,
4501,0,102,104,119,101,5,O23104001051,2310400973,,,2,112,
4502,0,102,104,119,101,5,O23104001052,2310400973,,,2,112,
4503,0,102,104,119,101,5,O23104001053,2310400973,,,2,112,
4504,0,102,104,119,101,5,O23104001054,2310400973,,,2,112,
4505,0,102,104,119,101,5,O23104001055,2310400973,,,2,112,
4506,0,102,104,119,101,5,O23104001056,2310400973,,,2,112,
4507,0,102,104,119,101,5,O23104001057,2310400973,,,2,112,
4508,0,102,104,119,101,5,O23104001058,2310400973,,,2,112,
4509,0,102,104,119,101,5,O23104001059,2310400973,,,2,112,
4510,0,102,104,119,101,5,O23104001060,2310400973,,,2,112,
4511,0,102,104,119,101,5,O23104001061,2310400973,,,2,112,
4512,0,102,104,119,101,5,O23104001062,2310400973,,,2,112,
4513,0,102,104,119,101,5,O23104001063,2310400973,,,2,112,
4514,0,102,104,119,101,5,O23104001064,2310400973,,,2,112,
4515,0,102,104,119,101,5,O23104001065,2310400973,,,2,112,
4516,0,102,104,119,101,5,O23104001066,2310400973,,,2,112,
4517,0,102,104,119,101,5,O23104001067,2310400973,,,2,112,
4518,0,102,104,119,101,5,O23104001068,2310400973,,,2,112,
4519,0,102,104,346,101,5,O23104001069,2310400974,,,2,112,
4520,0,102,104,346,101,5,O23104001070,2310400974,,,2,112,
4521,0,102,104,346,101,5,O23104001071,2310400974,,,2,112,
4522,0,102,104,346,101,5,O23104001072,2310400974,,,2,112,
4523,0,102,104,346,101,5,O23104001073,2310400974,,,2,112,
4524,0,102,104,346,101,5,O23104001074,2310400974,,,2,112,
4525,0,102,104,346,101,5,O23104001075,2310400974,,,2,112,
4526,0,102,104,346,101,5,O23104001076,2310400974,,,2,112,
4527,0,102,104,346,101,5,O23104001077,2310400974,,,2,112,
4528,0,102,104,346,101,5,O23104001078,2310400974,,,2,112,
4529,0,102,104,346,101,5,O23104001079,2310400974,,,2,112,
4530,0,102,104,346,101,5,O23104001080,2310400974,,,2,112,
4531,0,102,104,346,101,5,O23104001081,2310400974,,,2,112,
4532,0,102,104,346,101,5,O23104001082,2310400974,,,2,112,
4533,0,102,104,346,101,5,O23104001083,2310400974,,,2,112,
4534,0,102,104,346,101,5,O23104001084,2310400974,,,2,112,
4535,0,102,104,346,101,5,O23104001085,2310400974,,,2,112,
4536,0,102,104,346,101,5,O23104001086,2310400974,,,2,112,
4537,0,102,104,346,101,5,O23104001087,2310400974,,,2,112,
4538,0,102,104,346,101,5,O23104001088,2310400974,,,2,112,
4539,0,102,104,346,101,5,O23104001089,2310400974,,,2,112,
4540,0,102,104,346,101,5,O23104001090,2310400975,,,2,112,
4541,0,102,104,346,101,5,O23104001091,2310400975,,,2,112,
4542,0,102,104,346,101,5,O23104001092,2310400975,,,2,112,
4543,0,102,104,346,101,5,O23104001093,2310400975,,,2,112,
4544,0,102,104,346,101,5,O23104001094,2310400975,,,2,112,
4545,0,102,104,346,101,5,O23104001095,2310400975,,,2,112,
4546,0,102,104,346,101,5,O23104001096,2310400975,,,2,112,
4547,0,102,104,346,101,5,O23104001097,2310400975,,,2,112,
4548,0,102,104,346,101,5,O23104001098,2310400975,,,2,112,
4549,0,102,104,346,101,5,O23104001099,2310400975,,,2,112,
4550,0,102,104,346,101,5,O23104001100,2310400975,,,2,112,
4551,0,102,104,346,101,5,O23104001101,2310400975,,,2,112,
4552,0,102,104,346,101,5,O23104001102,2310400975,,,2,112,
4553,0,102,104,346,101,5,O23104001103,2310400975,,,2,112,
4554,0,102,104,346,101,5,O23104001104,2310400975,,,2,112,
4555,0,102,104,346,101,5,O23104001105,2310400975,,,2,112,
4556,0,102,104,346,101,5,O23104001106,2310400975,,,2,112,
4557,0,102,104,346,101,5,O23104001107,2310400975,,,2,112,
4558,0,102,104,346,101,5,O23104001108,2310400975,,,2,112,
4559,0,102,104,346,101,5,O23104001109,2310400975,,,2,112,
4560,0,102,104,346,101,5,O23104001110,2310400975,,,2,112,
4561,0,102,104,346,101,5,O23104001111,2310400976,,,2,112,
4562,0,102,104,346,101,5,O23104001112,2310400976,,,2,112,
4563,0,102,104,346,101,5,O23104001113,2310400976,,,2,112,
4564,0,102,104,346,101,5,O23104001114,2310400976,,,2,112,
4565,0,102,104,346,101,5,O23104001115,2310400976,,,2,112,
4566,0,102,104,346,101,5,O23104001116,2310400976,,,2,112,
4567,0,102,104,346,101,5,O23104001117,2310400976,,,2,112,
4568,0,102,104,346,101,5,O23104001118,2310400976,,,2,112,
4569,0,102,104,346,101,5,O23104001119,2310400976,,,2,112,
4570,0,102,104,346,101,5,O23104001120,2310400976,,,2,112,
4571,0,102,104,346,101,5,O23104001121,2310400976,,,2,112,
4572,0,102,104,346,101,5,O23104001122,2310400976,,,2,112,
4573,0,102,104,346,101,5,O23104001123,2310400976,,,2,112,
4574,0,102,104,346,101,5,O23104001124,2310400976,,,2,112,
4575,0,102,104,346,101,5,O23104001125,2310400976,,,2,112,
4576,0,102,104,346,101,5,O23104001126,2310400976,,,2,112,
4577,0,102,104,346,101,5,O23104001127,2310400976,,,2,112,
4578,0,102,104,346,101,5,O23104001128,2310400976,,,2,112,
4579,0,102,104,346,101,5,O23104001129,2310400976,,,2,112,
4580,0,102,104,346,101,5,O23104001130,2310400976,,,2,112,
4581,0,102,104,346,101,5,O23104001131,2310400976,,,2,112,
4582,0,102,104,346,101,5,O23104001132,2310400976,,,2,112,
4583,0,102,104,346,101,5,O23104001133,2310400976,,,2,112,
4584,0,102,104,346,101,5,O23104001134,2310400976,,,2,112,
4585,0,102,104,346,101,5,O23104001135,2310400976,,,2,112,
4586,0,102,104,346,101,5,O23104001136,2310400977,,,2,112,
4587,0,102,104,346,101,5,O23104001137,2310400977,,,2,112,
4588,0,102,104,346,101,5,O23104001138,2310400977,,,2,112,
4589,0,102,104,139,101,5,O23104001139,2310400978,,,2,112,
4590,0,102,104,139,101,5,O23104001140,2310400978,,,2,112,
4591,0,102,104,139,101,5,O23104001141,2310400978,,,2,112,
4592,0,102,104,139,101,5,O23104001142,2310400978,,,2,112,
4593,0,102,104,139,101,5,O23104001143,2310400978,,,2,112,
4594,0,102,104,139,101,5,O23104001144,2310400978,,,2,112,
4595,0,102,104,139,101,5,O23104001145,2310400978,,,2,112,
4596,0,102,104,139,101,5,O23104001146,2310400978,,,2,112,
4597,0,102,104,139,101,5,O23104001147,2310400978,,,2,112,
4598,0,102,104,139,101,5,O23104001148,2310400978,,,2,112,
4599,0,102,104,139,101,5,O23104001149,2310400978,,,2,112,
4600,0,102,104,139,101,5,O23104001150,2310400978,,,2,112,
4601,0,102,104,139,101,5,O23104001151,2310400978,,,2,112,
4602,0,102,104,139,101,5,O23104001152,2310400978,,,2,112,
4603,0,102,104,139,101,5,O23104001153,2310400978,,,2,112,
4604,0,102,104,139,101,5,O23104001154,2310400978,,,2,112,
4605,0,102,104,139,101,5,O23104001155,2310400978,,,2,112,
4606,0,102,104,139,101,5,O23104001156,2310400978,,,2,112,
4607,0,102,104,125,101,5,O23104001157,2310400979,,,2,112,
4608,0,102,104,125,101,5,O23104001158,2310400979,,,2,112,
4609,0,102,104,125,101,5,O23104001159,2310400979,,,2,112,
4610,0,102,104,125,101,5,O23104001160,2310400979,,,2,112,
4611,0,102,104,125,101,5,O23104001161,2310400979,,,2,112,
4612,0,102,104,125,101,5,O23104001162,2310400979,,,2,112,
4613,0,102,104,125,101,5,O23104001163,2310400979,,,2,112,
4614,0,102,104,125,101,5,O23104001164,2310400979,,,2,112,
4615,0,102,104,136,101,5,O23104001165,2310400980,,,2,112,
4616,0,102,104,136,101,5,O23104001166,2310400980,,,2,112,
4617,0,102,104,136,101,5,O23104001167,2310400980,,,2,112,
4618,0,102,104,136,101,5,O23104001168,2310400980,,,2,112,
4619,0,102,104,136,101,5,O23104001169,2310400980,,,2,112,
4620,0,102,104,136,101,5,O23104001170,2310400980,,,2,112,
4621,0,102,104,136,101,5,O23104001171,2310400980,,,2,112,
4622,0,102,104,136,101,5,O23104001172,2310400980,,,2,112,
4623,0,102,104,136,101,5,O23104001173,2310400980,,,2,112,
4624,0,102,104,136,101,5,O23104001174,2310400980,,,2,112,
4625,0,102,104,136,101,5,O23104001175,2310400980,,,2,112,
4626,0,102,104,136,101,5,O23104001176,2310400980,,,2,112,
4627,0,102,104,136,101,5,O23104001177,2310400980,,,2,112,
4628,0,102,104,136,101,5,O23104001178,2310400980,,,2,112,
4629,0,102,104,136,101,5,O23104001179,2310400980,,,2,112,
4630,0,102,104,136,101,5,O23104001180,2310400980,,,2,112,
4631,0,102,104,136,101,5,O23104001181,2310400980,,,2,112,
4632,0,102,104,136,101,5,O23104001182,2310400980,,,2,112,
4633,0,102,104,247,101,5,O23104001183,2310400981,,,2,112,
4634,0,102,104,247,101,5,O23104001184,2310400981,,,2,112,
4635,0,102,104,162,101,5,O23104001185,2310400982,,,2,112,
4636,0,102,104,162,101,5,O23104001186,2310400982,,,2,112,
4637,0,102,104,162,101,5,O23104001187,2310400982,,,2,112,
4638,0,102,104,162,101,5,O23104001188,2310400982,,,2,112,
4639,0,102,104,162,101,5,O23104001189,2310400982,,,2,112,
4640,0,102,104,162,101,5,O23104001190,2310400982,,,2,112,
4641,0,102,104,162,101,5,O23104001191,2310400982,,,2,112,
4642,0,102,104,162,101,5,O23104001192,2310400982,,,2,112,
4643,0,102,104,162,101,5,O23104001193,2310400982,,,2,112,
4644,0,102,104,162,101,5,O23104001194,2310400982,,,2,112,
4645,0,102,104,162,101,5,O23104001195,2310400982,,,2,112,
4646,0,102,104,162,101,5,O23104001196,2310400982,,,2,112,
4647,0,102,104,162,101,5,O23104001197,2310400982,,,2,112,
4648,0,102,104,162,101,5,O23104001198,2310400982,,,2,112,
4649,0,102,104,162,101,5,O23104001199,2310400982,,,2,112,
4650,0,102,104,162,101,5,O23104001200,2310400982,,,2,112,
4651,0,102,104,162,101,5,O23104001201,2310400982,,,2,112,
4652,0,102,104,162,101,5,O23104001202,2310400982,,,2,112,
4653,0,102,104,162,101,5,O23104001203,2310400982,,,2,112,
4654,0,102,104,162,101,5,O23104001204,2310400982,,,2,112,
4655,0,102,104,162,101,5,O23104001205,2310400982,,,2,112,
4656,0,102,104,162,101,5,O23104001206,2310400982,,,2,112,
4657,0,102,104,162,101,5,O23104001207,2310400982,,,2,112,
4658,0,102,104,162,101,5,O23104001208,2310400982,,,2,112,
4659,0,102,104,162,101,5,O23104001209,2310400982,,,2,112,
4660,0,102,104,162,101,5,O23104001210,2310400982,,,2,112,
4661,0,102,104,162,101,5,O23104001211,2310400982,,,2,112,
4662,0,102,104,162,101,5,O23104001212,2310400982,,,2,112,
4663,0,102,104,162,101,5,O23104001213,2310400982,,,2,112,
4664,0,102,104,162,101,5,O23104001214,2310400982,,,2,112,
4665,0,102,104,162,101,5,O23104001215,2310400982,,,2,112,
4666,0,102,104,162,101,5,O23104001216,2310400982,,,2,112,
4667,0,102,104,162,101,5,O23104001217,2310400982,,,2,112,
4668,0,102,104,162,101,5,O23104001218,2310400982,,,2,112,
4669,0,102,104,162,101,5,O23104001219,2310400982,,,2,112,
4670,0,102,104,162,101,5,O23104001220,2310400982,,,2,112,
4671,0,102,104,162,101,5,O23104001221,2310400982,,,2,112,
4672,0,102,104,162,101,5,O23104001222,2310400982,,,2,112,
4673,0,102,104,162,101,5,O23104001223,2310400982,,,2,112,
4674,0,102,104,162,101,5,O23104001224,2310400982,,,2,112,
4675,0,102,104,354,101,5,O23104001225,2310400982,,,2,112,
4676,0,102,104,354,101,5,O23104001226,2310400982,,,2,112,
4677,0,102,104,354,101,5,O23104001227,2310400982,,,2,112,
4678,0,102,104,354,101,5,O23104001228,2310400982,,,2,112,
4679,0,102,104,354,101,5,O23104001229,2310400982,,,2,112,
4680,0,102,104,126,101,5,O23104001230,2310400983,,,2,112,
4681,0,102,104,126,101,5,O23104001231,2310400983,,,2,112,
4682,0,102,104,126,101,5,O23104001232,2310400983,,,2,112,
4683,0,102,104,126,101,5,O23104001233,2310400983,,,2,112,
4684,0,102,104,126,101,5,O23104001234,2310400983,,,2,112,
4685,0,102,104,354,101,5,O23104001235,2310400983,,,2,112,
4686,0,102,104,354,101,5,O23104001236,2310400983,,,2,112,
4687,0,102,104,126,101,5,O23104001237,2310400983,,,2,112,
4688,0,102,104,160,101,5,O23104001238,2310400983,,,2,112,
4689,0,102,104,160,101,5,O23104001239,2310400983,,,2,112,
4690,0,102,104,160,101,5,O23104001240,2310400983,,,2,112,
4691,0,102,104,160,101,5,O23104001241,2310400983,,,2,112,
4692,0,102,104,160,101,5,O23104001242,2310400983,,,2,112,
4693,0,102,104,160,101,5,O23104001243,2310400983,,,2,112,
4694,0,102,104,160,101,5,O23104001244,2310400983,,,2,112,
4695,0,102,104,160,101,5,O23104001245,2310400983,,,2,112,
4696,0,102,104,160,101,5,O23104001246,2310400983,,,2,112,
4697,0,102,104,160,101,5,O23104001247,2310400983,,,2,112,
4698,0,102,104,160,101,5,O23104001248,2310400983,,,2,112,
4699,0,102,104,160,101,5,O23104001249,2310400983,,,2,112,
4700,0,102,104,160,101,5,O23104001250,2310400983,,,2,112,
4701,0,102,104,160,101,5,O23104001251,2310400983,,,2,112,
4702,0,102,104,160,101,5,O23104001252,2310400983,,,2,112,
4703,0,102,104,160,101,5,O23104001253,2310400983,,,2,112,
4284,0,105,107,273,101,5,O23107000280,2310700036,,,2,113,
4285,0,105,107,273,101,5,O23107000281,2310700036,,,2,113,
4286,0,105,107,273,101,5,O23107000282,2310700036,,,2,113,
4287,0,105,107,273,101,5,O23107000283,2310700036,,,2,113,
4288,0,105,107,273,101,5,O23107000284,2310700036,,,2,113,
4289,0,105,107,273,101,5,O23107000285,2310700036,,,2,113,
4290,0,105,107,273,101,5,O23107000286,2310700036,,,2,113,
4291,0,105,107,427,101,5,O23107000287,2310700036,,,2,113,
4292,0,105,107,427,101,5,O23107000288,2310700036,,,2,113,
4293,0,105,107,271,101,5,O23107000289,2310700036,,,2,113,
4294,0,105,107,271,101,5,O23107000290,2310700036,,,2,113,
4295,0,105,107,271,101,5,O23107000291,2310700036,,,2,113,
4296,0,105,107,272,101,5,O23107000292,2310700036,,,2,113,
4297,0,105,107,399,101,5,O23107000293,2310700036,,,2,113,
4298,0,105,107,399,101,5,O23107000294,2310700036,,,2,113,
4300,0,105,107,271,101,5,O23107000295,2310700037,,,2,113,
4418,0,105,107,399,101,5,O23107000296,2310700038,,,2,113,
12301,0,102,103,176,101,6,O24103003688,2410300978,,,2,104,
12303,0,102,103,176,101,6,O24103003689,2410300979,,,2,104,
12304,0,102,103,176,101,6,O24103003690,2410300980,,,2,104,
12305,0,102,103,176,101,6,O24103003691,2410300981,,,2,104,
12306,0,102,103,176,101,6,O24103003692,2410300981,,,2,104,
12307,0,102,103,113,101,6,O24103003693,2410300982,,,2,104,
12309,0,102,103,402,101,6,O24103003694,2410300983,,,2,104,
13229,0,102,103,327,101,6,O24103003695,2410300984,,,2,104,
13230,0,102,103,331,101,6,O24103003696,2410300985,,,2,104,
13231,0,102,103,331,101,6,O24103003697,2410300985,,,2,104,
13232,0,102,103,331,101,6,O24103003698,2410300985,,,2,104,
13233,0,102,103,331,101,6,O24103003699,2410300985,,,2,104,
13234,0,102,103,331,101,6,O24103003700,2410300985,,,2,104,
13235,0,102,103,331,101,6,O24103003701,2410300985,,,2,104,
13236,0,102,103,102,101,6,O24103003702,2410300985,,,2,104,
13237,0,102,103,102,101,6,O24103003703,2410300985,,,2,104,
13238,0,102,103,235,101,6,O24103003704,2410300985,,,2,104,
13239,0,102,103,235,101,6,O24103003705,2410300985,,,2,104,
13240,0,102,103,235,101,6,O24103003706,2410300985,,,2,104,
13241,0,102,103,107,101,6,O24103003707,2410300985,,,2,104,
13242,0,102,103,107,101,6,O24103003708,2410300985,,,2,104,
13243,0,102,103,107,101,6,O24103003709,2410300985,,,2,104,
13244,0,102,103,107,101,6,O24103003710,2410300985,,,2,104,
13245,0,102,103,241,101,6,O24103003711,2410300985,,,2,104,
13246,0,102,103,101,101,6,O24103003712,2410300985,,,2,104,
13247,0,102,103,101,101,6,O24103003713,2410300985,,,2,104,
13248,0,102,103,101,101,6,O24103003714,2410300985,,,2,104,
13249,0,102,103,101,101,6,O24103003715,2410300985,,,2,104,
13250,0,102,103,110,101,6,O24103003716,2410300985,,,2,104,
13251,0,102,103,110,101,6,O24103003717,2410300985,,,2,104,
13252,0,102,103,110,101,6,O24103003718,2410300985,,,2,104,
13253,0,102,103,110,101,6,O24103003719,2410300985,,,2,104,
13254,0,102,103,110,101,6,O24103003720,2410300985,,,2,104,
13255,0,102,103,110,101,6,O24103003721,2410300985,,,2,104,
13260,0,102,103,106,101,6,O24103003722,2410300986,,,2,104,
12302,0,102,104,127,101,6,O24104001405,2410401073,,,2,112,
12308,0,102,104,289,101,6,O24104001406,2410401074,,,2,112,
13256,0,102,104,119,101,6,O24104001407,2410401075,,,2,112,
13257,0,102,104,351,101,6,O24104001408,2410401076,,,2,112,
13258,0,102,104,131,101,6,O24104001409,2410401077,,,2,112,
13259,0,102,104,119,101,6,O24104001410,2410401078,,,2,112,
13261,0,102,104,119,101,6,O24104001411,2410401079,,,2,112,
13262,0,102,104,289,101,6,O24104001412,2410401080,,,2,112,
14259,0,102,104,132,101,6,O24104001413,2410401081,,,2,112,
14260,0,102,104,351,101,6,O24104001414,2410401082,,,2,112,
14261,0,102,104,138,101,6,O24104001415,2410401083,,,2,112,
15259,0,102,104,353,101,6,O24104001416,2410401084,,,2,112,
15260,0,102,104,440,101,6,O24104001417,2410401085,,,2,112,
75553,0,102,103,110,101,7,O25103004439,2510301098,,,2,104,
75554,0,102,103,110,101,7,O25103004440,2510301098,,,2,104,
75555,0,102,103,110,101,7,O25103004441,2510301098,,,2,104,
75556,0,102,103,110,101,7,O25103004442,2510301098,,,2,104,
75557,0,102,103,110,101,7,O25103004443,2510301098,,,2,104,
75558,0,102,103,110,101,7,O25103004444,2510301098,,,2,104,
75559,0,102,103,331,101,7,O25103004445,2510301098,,,2,104,
75560,0,102,103,331,101,7,O25103004446,2510301098,,,2,104,
75561,0,102,103,331,101,7,O25103004447,2510301098,,,2,104,
75562,0,102,103,235,101,7,O25103004448,2510301098,,,2,104,
75563,0,102,103,235,101,7,O25103004449,2510301098,,,2,104,
75564,0,102,103,235,101,7,O25103004450,2510301098,,,2,104,
75565,0,102,103,235,101,7,O25103004451,2510301098,,,2,104,
75566,0,102,103,235,101,7,O25103004452,2510301098,,,2,104,
75567,0,102,103,235,101,7,O25103004453,2510301098,,,2,104,
75568,0,102,103,101,101,7,O25103004454,2510301098,,,2,104,
75569,0,102,103,331,101,7,O25103004455,2510301099,,,2,104,
75570,0,102,103,112,101,7,O25103004456,2510301100,,,2,104,
75571,0,102,103,235,101,7,O25103004457,2510301100,,,2,104,
75577,0,102,103,101,101,7,O25103004458,2510301101,,,2,104,
75578,0,102,103,338,101,7,O25103004459,2510301102,,,2,104,
75579,0,102,103,338,101,7,O25103004460,2510301102,,,2,104,
75580,0,102,103,338,101,7,O25103004461,2510301102,,,2,104,
75581,0,102,103,338,101,7,O25103004462,2510301102,,,2,104,
75582,0,102,103,338,101,7,O25103004463,2510301102,,,2,104,
75583,0,102,103,338,101,7,O25103004464,2510301102,,,2,104,
75584,0,102,103,338,101,7,O25103004465,2510301102,,,2,104,
75585,0,102,103,116,101,7,O25103004466,2510301103,,,2,104,
75586,0,102,103,445,101,7,O25103004467,2510301104,,,2,104,
75587,0,102,103,445,101,7,O25103004468,2510301104,,,2,104,
75588,0,102,103,445,101,7,O25103004469,2510301104,,,2,104,
75589,0,102,103,104,101,7,O25103004470,2510301104,,,2,104,
75590,0,102,103,104,101,7,O25103004471,2510301104,,,2,104,
75591,0,102,103,445,101,7,O25103004472,2510301104,,,2,104,
75592,0,102,103,445,101,7,O25103004473,2510301104,,,2,104,
75593,0,102,103,445,101,7,O25103004474,2510301104,,,2,104,
75594,0,102,103,445,101,7,O25103004475,2510301104,,,2,104,
75595,0,102,103,112,101,7,O25103004476,2510301104,,,2,104,
75596,0,102,103,112,101,7,O25103004477,2510301104,,,2,104,
75597,0,102,103,112,101,7,O25103004478,2510301104,,,2,104,
75598,0,102,103,235,101,7,O25103004479,2510301104,,,2,104,
75599,0,102,103,235,101,7,O25103004480,2510301104,,,2,104,
75600,0,102,103,235,101,7,O25103004481,2510301104,,,2,104,
75601,0,102,103,235,101,7,O25103004482,2510301104,,,2,104,
75602,0,102,103,235,101,7,O25103004483,2510301104,,,2,104,
75603,0,102,103,235,101,7,O25103004484,2510301104,,,2,104,
75604,0,102,103,235,101,7,O25103004485,2510301104,,,2,104,
75605,0,102,103,235,101,7,O25103004486,2510301104,,,2,104,
75607,0,102,103,101,101,7,O25103004487,2510301105,,,2,104,
75608,0,102,103,101,101,7,O25103004488,2510301105,,,2,104,
75609,0,102,103,101,101,7,O25103004489,2510301105,,,2,104,
75610,0,102,103,101,101,7,O25103004490,2510301105,,,2,104,
75611,0,102,103,101,101,7,O25103004491,2510301105,,,2,104,
75612,0,102,103,101,101,7,O25103004492,2510301105,,,2,104,
75613,0,102,103,235,101,7,O25103004493,2510301105,,,2,104,
75614,0,102,103,235,101,7,O25103004494,2510301105,,,2,104,
75615,0,102,103,235,101,7,O25103004495,2510301105,,,2,104,
75616,0,102,103,235,101,7,O25103004496,2510301105,,,2,104,
75617,0,102,103,235,101,7,O25103004497,2510301105,,,2,104,
75618,0,102,103,235,101,7,O25103004498,2510301105,,,2,104,
75619,0,102,103,235,101,7,O25103004499,2510301105,,,2,104,
75620,0,102,103,235,101,7,O25103004500,2510301105,,,2,104,
75621,0,102,103,235,101,7,O25103004501,2510301105,,,2,104,
75622,0,102,103,235,101,7,O25103004502,2510301105,,,2,104,
75623,0,102,103,235,101,7,O25103004503,2510301105,,,2,104,
75624,0,102,103,235,101,7,O25103004504,2510301105,,,2,104,
75625,0,102,103,235,101,7,O25103004505,2510301105,,,2,104,
75626,0,102,103,235,101,7,O25103004506,2510301105,,,2,104,
75627,0,102,103,235,101,7,O25103004507,2510301105,,,2,104,
75628,0,102,103,235,101,7,O25103004508,2510301105,,,2,104,
75629,0,102,103,235,101,7,O25103004509,2510301105,,,2,104,
75630,0,102,103,235,101,7,O25103004510,2510301105,,,2,104,
75631,0,102,103,235,101,7,O25103004511,2510301105,,,2,104,
75632,0,102,103,235,101,7,O25103004512,2510301105,,,2,104,
75633,0,102,103,235,101,7,O25103004513,2510301106,,,2,104,
75634,0,102,103,116,101,7,O25103004514,2510301106,,,2,104,
75635,0,102,103,116,101,7,O25103004515,2510301106,,,2,104,
75636,0,102,103,116,101,7,O25103004516,2510301106,,,2,104,
75637,0,102,103,116,101,7,O25103004517,2510301106,,,2,104,
75638,0,102,103,116,101,7,O25103004518,2510301106,,,2,104,
75639,0,102,103,116,101,7,O25103004519,2510301106,,,2,104,
75640,0,102,103,116,101,7,O25103004520,2510301106,,,2,104,
75641,0,102,103,116,101,7,O25103004521,2510301106,,,2,104,
75642,0,102,103,116,101,7,O25103004522,2510301106,,,2,104,
75643,0,102,103,116,101,7,O25103004523,2510301106,,,2,104,
75644,0,102,103,116,101,7,O25103004524,2510301106,,,2,104,
75645,0,102,103,116,101,7,O25103004525,2510301106,,,2,104,
75646,0,102,103,116,101,7,O25103004526,2510301106,,,2,104,
75647,0,102,103,116,101,7,O25103004527,2510301106,,,2,104,
75648,0,102,103,112,101,7,O25103004528,2510301106,,,2,104,
75649,0,102,103,235,101,7,O25103004529,2510301107,,,2,104,
75650,0,102,103,241,101,7,O25103004530,2510301108,,,2,104,
75651,0,102,103,104,101,7,O25103004531,2510301109,,,2,104,
75652,0,102,103,113,101,7,O25103004532,2510301110,,,2,104,
75657,0,102,103,113,101,7,O25103004533,2510301111,,,2,104,
75658,0,102,103,102,101,7,O25103004534,2510301112,,,2,104,
75659,0,102,103,169,101,7,O25103004535,2510301113,,,2,104,
75572,0,102,104,119,101,7,O25104001528,2510401196,,,2,112,
75573,0,102,104,351,101,7,O25104001529,2510401197,,,2,112,
75574,0,102,104,351,101,7,O25104001530,2510401198,,,2,112,
75575,0,102,104,127,101,7,O25104001531,2510401199,,,2,112,
75576,0,102,104,129,101,7,O25104001532,2510401200,,,2,112,
75606,0,102,104,119,101,7,O25104001533,2510401201,,,2,112,
75653,0,102,104,151,101,7,O25104001534,2510401202,,,2,112,
75654,0,102,104,149,101,7,O25104001535,2510401203,,,2,112,
75655,0,102,104,119,101,7,O25104001536,2510401204,,,2,112,
75656,0,102,104,149,101,7,O25104001537,2510401205,,,2,112,
913,0,102,103,331,101,1,P19103000768,1910300265,,,2,104,
917,0,102,103,102,101,1,P19103000769,1910300266,,,2,104,
918,0,102,103,103,101,1,P19103000770,1910300267,,,2,104,
919,0,102,103,116,101,1,P19103000771,1910300268,,,2,104,
920,0,102,103,102,101,1,P19103000772,1910300269,,,2,104,
922,0,102,103,101,101,1,P19103000773,1910300270,,,2,104,
923,0,102,103,101,101,1,P19103000774,1910300270,,,2,104,
924,0,102,103,101,101,1,P19103000775,1910300270,,,2,104,
925,0,102,103,101,101,1,P19103000776,1910300270,,,2,104,
926,0,102,103,101,101,1,P19103000777,1910300270,,,2,104,
927,0,102,103,101,101,1,P19103000778,1910300270,,,2,104,
928,0,102,103,101,101,1,P19103000779,1910300270,,,2,104,
929,0,102,103,101,101,1,P19103000780,1910300270,,,2,104,
930,0,102,103,101,101,1,P19103000781,1910300270,,,2,104,
931,0,102,103,331,101,1,P19103000782,1910300271,,,2,104,
932,0,102,103,331,101,1,P19103000783,1910300271,,,2,104,
933,0,102,103,331,101,1,P19103000784,1910300271,,,2,104,
934,0,102,103,331,101,1,P19103000785,1910300271,,,2,104,
935,0,102,103,331,101,1,P19103000786,1910300271,,,2,104,
936,0,102,103,331,101,1,P19103000787,1910300271,,,2,104,
937,0,102,103,331,101,1,P19103000788,1910300271,,,2,104,
938,0,102,103,331,101,1,P19103000789,1910300272,,,2,104,
939,0,102,103,331,101,1,P19103000790,1910300272,,,2,104,
940,0,102,103,331,101,1,P19103000791,1910300272,,,2,104,
941,0,102,103,235,101,1,P19103000792,1910300273,,,2,104,
942,0,102,103,235,101,1,P19103000793,1910300274,,,2,104,
943,0,102,103,103,101,1,P19103000794,1910300275,,,2,104,
944,0,102,103,103,101,1,P19103000795,1910300275,,,2,104,
945,0,102,103,103,101,1,P19103000796,1910300275,,,2,104,
946,0,102,103,103,101,1,P19103000797,1910300275,,,2,104,
947,0,102,103,235,101,1,P19103000798,1910300276,,,2,104,
948,0,102,103,235,101,1,P19103000799,1910300276,,,2,104,
949,0,102,103,235,101,1,P19103000800,1910300276,,,2,104,
950,0,102,103,235,101,1,P19103000801,1910300276,,,2,104,
951,0,102,103,103,101,1,P19103000802,1910300277,,,2,104,
952,0,102,103,235,101,1,P19103000803,1910300278,,,2,104,
953,0,102,103,103,101,1,P19103000804,1910300279,,,2,104,
954,0,102,103,103,101,1,P19103000805,1910300279,,,2,104,
955,0,102,103,103,101,1,P19103000806,1910300279,,,2,104,
956,0,102,103,103,101,1,P19103000807,1910300279,,,2,104,
957,0,102,103,103,101,1,P19103000808,1910300279,,,2,104,
958,0,102,103,331,101,1,P19103000809,1910300280,,,2,104,
959,0,102,103,331,101,1,P19103000810,1910300280,,,2,104,
960,0,102,103,331,101,1,P19103000811,1910300280,,,2,104,
961,0,102,103,331,101,1,P19103000812,1910300280,,,2,104,
962,0,102,103,331,101,1,P19103000813,1910300280,,,2,104,
963,0,102,103,331,101,1,P19103000814,1910300280,,,2,104,
964,0,102,103,331,101,1,P19103000815,1910300280,,,2,104,
965,0,102,103,331,101,1,P19103000816,1910300280,,,2,104,
966,0,102,103,331,101,1,P19103000817,1910300280,,,2,104,
967,0,102,103,331,101,1,P19103000818,1910300280,,,2,104,
968,0,102,103,331,101,1,P19103000819,1910300280,,,2,104,
969,0,102,103,331,101,1,P19103000820,1910300280,,,2,104,
970,0,102,103,331,101,1,P19103000821,1910300280,,,2,104,
971,0,102,103,102,101,1,P19103000822,1910300281,,,2,104,
972,0,102,103,102,101,1,P19103000823,1910300281,,,2,104,
973,0,102,103,102,101,1,P19103000824,1910300281,,,2,104,
974,0,102,103,102,101,1,P19103000825,1910300281,,,2,104,
975,0,102,103,102,101,1,P19103000826,1910300281,,,2,104,
976,0,102,103,102,101,1,P19103000827,1910300281,,,2,104,
977,0,102,103,102,101,1,P19103000828,1910300281,,,2,104,
978,0,102,103,102,101,1,P19103000829,1910300281,,,2,104,
979,0,102,103,102,101,1,P19103000830,1910300281,,,2,104,
980,0,102,103,102,101,1,P19103000831,1910300281,,,2,104,
981,0,102,103,102,101,1,P19103000832,1910300281,,,2,104,
982,0,102,103,102,101,1,P19103000833,1910300281,,,2,104,
983,0,102,103,102,101,1,P19103000834,1910300281,,,2,104,
984,0,102,103,102,101,1,P19103000835,1910300281,,,2,104,
985,0,102,103,102,101,1,P19103000836,1910300281,,,2,104,
986,0,102,103,102,101,1,P19103000837,1910300281,,,2,104,
987,0,102,103,102,101,1,P19103000838,1910300281,,,2,104,
988,0,102,103,102,101,1,P19103000839,1910300281,,,2,104,
989,0,102,103,102,101,1,P19103000840,1910300281,,,2,104,
990,0,102,103,102,101,1,P19103000841,1910300281,,,2,104,
991,0,102,103,338,101,1,P19103000842,1910300282,,,2,104,
992,0,102,103,338,101,1,P19103000843,1910300282,,,2,104,
993,0,102,103,338,101,1,P19103000844,1910300282,,,2,104,
994,0,102,103,112,101,1,P19103000845,1910300283,,,2,104,
995,0,102,103,112,101,1,P19103000846,1910300283,,,2,104,
996,0,102,103,112,101,1,P19103000847,1910300283,,,2,104,
997,0,102,103,112,101,1,P19103000848,1910300283,,,2,104,
998,0,102,103,112,101,1,P19103000849,1910300283,,,2,104,
999,0,102,103,112,101,1,P19103000850,1910300283,,,2,104,
1000,0,102,103,112,101,1,P19103000851,1910300283,,,2,104,
1001,0,102,103,112,101,1,P19103000852,1910300283,,,2,104,
1002,0,102,103,112,101,1,P19103000853,1910300283,,,2,104,
1003,0,102,103,112,101,1,P19103000854,1910300283,,,2,104,
1006,0,102,103,101,101,1,P19103000855,1910300284,,,2,104,
1008,0,102,103,102,101,1,P19103000856,1910300285,,,2,104,
1010,0,102,103,347,101,1,P19103000857,1910300286,,,2,104,
1011,0,102,103,107,101,1,P19103000858,1910300287,,,2,104,
1015,0,102,103,110,101,1,P19103000859,1910300288,,,2,104,
1016,0,102,103,115,101,1,P19103000860,1910300289,,,2,104,
1018,0,102,103,112,101,1,P19103000861,1910300290,,,2,104,
914,0,102,104,119,101,1,P19104000146,1910400146,,,2,112,
915,0,102,104,119,101,1,P19104000147,1910400147,,,2,112,
916,0,102,104,123,101,1,P19104000148,1910400148,,,2,112,
921,0,102,104,119,101,1,P19104000149,1910400149,,,2,112,
1004,0,102,104,119,101,1,P19104000150,1910400150,,,2,112,
1005,0,102,104,119,101,1,P19104000151,1910400151,,,2,112,
1007,0,102,104,119,101,1,P19104000152,1910400152,,,2,112,
1009,0,102,104,123,101,1,P19104000153,1910400153,,,2,112,
1012,0,102,104,120,101,1,P19104000154,1910400154,,,2,112,
1013,0,102,104,119,101,1,P19104000155,1910400155,,,2,112,
1014,0,102,104,123,101,1,P19104000156,1910400156,,,2,112,
1017,0,102,104,119,101,1,P19104000157,1910400157,,,2,112,
1719,0,102,103,110,101,2,P20103001381,2010300443,,,2,104,
1720,0,102,103,101,101,2,P20103001382,2010300444,,,2,104,
1721,0,102,103,419,101,2,P20103001383,2010300445,,,2,104,
1722,0,102,103,446,101,2,P20103001384,2010300446,,,2,104,
1724,0,102,103,404,101,2,P20103001385,2010300447,,,2,104,
1726,0,102,103,110,101,2,P20103001386,2010300448,,,2,104,
1729,0,102,103,110,101,2,P20103001387,2010300449,,,2,104,
1733,0,102,103,404,101,2,P20103001388,2010300450,,,2,104,
1736,0,102,103,404,101,2,P20103001389,2010300451,,,2,104,
1737,0,102,103,404,101,2,P20103001390,2010300452,,,2,104,
1739,0,102,103,113,101,2,P20103001391,2010300453,,,2,104,
1742,0,102,103,102,101,2,P20103001392,2010300454,,,2,104,
1749,0,102,103,113,101,2,P20103001393,2010300455,,,2,104,
1717,0,102,104,119,101,2,P20104000337,2010400337,,,2,112,
1718,0,102,104,119,101,2,P20104000338,2010400338,,,2,112,
1723,0,102,104,128,101,2,P20104000339,2010400339,,,2,112,
1725,0,102,104,119,101,2,P20104000340,2010400340,,,2,112,
1727,0,102,104,138,101,2,P20104000341,2010400341,,,2,112,
1728,0,102,104,119,101,2,P20104000342,2010400342,,,2,112,
1730,0,102,104,122,101,2,P20104000343,2010400343,,,2,112,
1731,0,102,104,149,101,2,P20104000344,2010400344,,,2,112,
1732,0,102,104,119,101,2,P20104000345,2010400345,,,2,112,
1734,0,102,104,351,101,2,P20104000346,2010400346,,,2,112,
1735,0,102,104,354,101,2,P20104000347,2010400347,,,2,112,
1738,0,102,104,119,101,2,P20104000348,2010400348,,,2,112,
1740,0,102,104,119,101,2,P20104000349,2010400349,,,2,112,
1741,0,102,104,119,101,2,P20104000350,2010400350,,,2,112,
1743,0,102,104,289,101,2,P20104000351,2010400351,,,2,112,
1744,0,102,104,440,101,2,P20104000352,2010400352,,,2,112,
1745,0,102,104,119,101,2,P20104000353,2010400353,,,2,112,
1746,0,102,104,354,101,2,P20104000354,2010400354,,,2,112,
1747,0,102,104,151,101,2,P20104000355,2010400355,,,2,112,
1748,0,102,104,136,101,2,P20104000356,2010400356,,,2,112,
1750,0,102,104,353,101,2,P20104000357,2010400357,,,2,112,
1751,0,102,104,351,101,2,P20104000358,2010400358,,,2,112,
2392,0,102,103,116,101,3,P21103001877,2110300567,,,2,104,
2393,0,102,103,109,101,3,P21103001878,2110300568,,,2,104,
2397,0,102,103,113,101,3,P21103001879,2110300569,,,2,104,
2398,0,102,103,102,101,3,P21103001880,2110300570,,,2,104,
2399,0,102,103,102,101,3,P21103001881,2110300571,,,2,104,
2403,0,102,103,110,101,3,P21103001882,2110300572,,,2,104,
2405,0,102,103,113,101,3,P21103001883,2110300573,,,2,104,
2408,0,102,103,116,101,3,P21103001884,2110300574,,,2,104,
2394,0,102,104,119,101,3,P21104000516,2110400516,,,2,112,
2395,0,102,104,119,101,3,P21104000517,2110400517,,,2,112,
2396,0,102,104,124,101,3,P21104000518,2110400518,,,2,112,
2400,0,102,104,119,101,3,P21104000519,2110400519,,,2,112,
2401,0,102,104,119,101,3,P21104000520,2110400520,,,2,112,
2402,0,102,104,119,101,3,P21104000521,2110400521,,,2,112,
2404,0,102,104,119,101,3,P21104000522,2110400522,,,2,112,
2406,0,102,104,351,101,3,P21104000523,2110400523,,,2,112,
2407,0,102,104,119,101,3,P21104000524,2110400524,,,2,112,
2409,0,102,104,119,101,3,P21104000525,2110400525,,,2,112,
2410,0,102,104,139,101,3,P21104000526,2110400526,,,2,112,
2411,0,102,104,134,101,3,P21104000527,2110400527,,,2,112,
2412,0,102,104,119,101,3,P21104000528,2110400528,,,2,112,
2413,0,102,104,126,101,3,P21104000529,2110400529,,,2,112,
2414,0,102,104,139,101,3,P21104000530,2110400530,,,2,112,
3408,0,102,103,101,101,4,P22103002443,2210300699,,,2,104,
3409,0,102,103,338,101,4,P22103002444,2210300700,,,2,104,
3414,0,102,103,116,101,4,P22103002445,2210300701,,,2,104,
3416,0,102,103,338,101,4,P22103002446,2210300702,,,2,104,
3448,0,102,103,113,101,4,P22103002447,2210300703,,,2,104,
3478,0,102,103,116,101,4,P22103002448,2210300704,,,2,104,
3479,0,102,103,235,101,4,P22103002449,2210300705,,,2,104,
3480,0,102,103,235,101,4,P22103002450,2210300705,,,2,104,
3481,0,102,103,235,101,4,P22103002451,2210300705,,,2,104,
3482,0,102,103,235,101,4,P22103002452,2210300705,,,2,104,
3483,0,102,103,235,101,4,P22103002453,2210300705,,,2,104,
3484,0,102,103,331,101,4,P22103002454,2210300705,,,2,104,
3485,0,102,103,331,101,4,P22103002455,2210300705,,,2,104,
3486,0,102,103,331,101,4,P22103002456,2210300705,,,2,104,
3487,0,102,103,102,101,4,P22103002457,2210300705,,,2,104,
3488,0,102,103,102,101,4,P22103002458,2210300705,,,2,104,
3489,0,102,103,102,101,4,P22103002459,2210300705,,,2,104,
3490,0,102,103,102,101,4,P22103002460,2210300705,,,2,104,
3491,0,102,103,102,101,4,P22103002461,2210300705,,,2,104,
3492,0,102,103,102,101,4,P22103002462,2210300705,,,2,104,
3493,0,102,103,238,101,4,P22103002463,2210300705,,,2,104,
3494,0,102,103,238,101,4,P22103002464,2210300705,,,2,104,
3495,0,102,103,238,101,4,P22103002465,2210300705,,,2,104,
3496,0,102,103,238,101,4,P22103002466,2210300705,,,2,104,
3497,0,102,103,238,101,4,P22103002467,2210300705,,,2,104,
3498,0,102,103,238,101,4,P22103002468,2210300705,,,2,104,
3499,0,102,103,238,101,4,P22103002469,2210300705,,,2,104,
3500,0,102,103,338,101,4,P22103002470,2210300705,,,2,104,
3501,0,102,103,112,101,4,P22103002471,2210300705,,,2,104,
3502,0,102,103,327,101,4,P22103002472,2210300705,,,2,104,
3503,0,102,103,407,101,4,P22103002473,2210300705,,,2,104,
3504,0,102,103,419,101,4,P22103002474,2210300705,,,2,104,
3505,0,102,103,103,101,4,P22103002475,2210300705,,,2,104,
3506,0,102,103,101,101,4,P22103002476,2210300706,,,2,104,
3507,0,102,103,101,101,4,P22103002477,2210300706,,,2,104,
3508,0,102,103,112,101,4,P22103002478,2210300707,,,2,104,
3509,0,102,103,112,101,4,P22103002479,2210300707,,,2,104,
3510,0,102,103,112,101,4,P22103002480,2210300707,,,2,104,
3511,0,102,103,116,101,4,P22103002481,2210300707,,,2,104,
3512,0,102,103,110,101,4,P22103002482,2210300707,,,2,104,
3513,0,102,103,110,101,4,P22103002483,2210300707,,,2,104,
3514,0,102,103,110,101,4,P22103002484,2210300707,,,2,104,
3515,0,102,103,110,101,4,P22103002485,2210300707,,,2,104,
3516,0,102,103,110,101,4,P22103002486,2210300707,,,2,104,
3517,0,102,103,110,101,4,P22103002487,2210300707,,,2,104,
3518,0,102,103,110,101,4,P22103002488,2210300707,,,2,104,
3519,0,102,103,110,101,4,P22103002489,2210300707,,,2,104,
3520,0,102,103,110,101,4,P22103002490,2210300707,,,2,104,
3521,0,102,103,110,101,4,P22103002491,2210300707,,,2,104,
3522,0,102,103,110,101,4,P22103002492,2210300707,,,2,104,
3523,0,102,103,110,101,4,P22103002493,2210300707,,,2,104,
3524,0,102,103,110,101,4,P22103002494,2210300707,,,2,104,
3525,0,102,103,110,101,4,P22103002495,2210300707,,,2,104,
3526,0,102,103,110,101,4,P22103002496,2210300707,,,2,104,
3527,0,102,103,110,101,4,P22103002497,2210300707,,,2,104,
3528,0,102,103,110,101,4,P22103002498,2210300707,,,2,104,
3529,0,102,103,110,101,4,P22103002499,2210300707,,,2,104,
3530,0,102,103,110,101,4,P22103002500,2210300707,,,2,104,
3531,0,102,103,369,101,4,P22103002501,2210300708,,,2,104,
3532,0,102,103,116,101,4,P22103002502,2210300709,,,2,104,
3559,0,102,103,400,101,4,P22103002503,2210300710,,,2,104,
3561,0,102,103,101,101,4,P22103002504,2210300711,,,2,104,
3374,0,102,104,119,101,4,P22104000756,2210400756,,,2,112,
3375,0,102,104,119,101,4,P22104000757,2210400757,,,2,112,
3376,0,102,104,119,101,4,P22104000758,2210400758,,,2,112,
3377,0,102,104,119,101,4,P22104000759,2210400759,,,2,112,
3378,0,102,104,151,101,4,P22104000760,2210400760,,,2,112,
3379,0,102,104,119,101,4,P22104000761,2210400761,,,2,112,
3380,0,102,104,119,101,4,P22104000762,2210400762,,,2,112,
3381,0,102,104,119,101,4,P22104000763,2210400763,,,2,112,
3382,0,102,104,127,101,4,P22104000764,2210400764,,,2,112,
3406,0,102,104,119,101,4,P22104000765,2210400765,,,2,112,
3407,0,102,104,119,101,4,P22104000766,2210400766,,,2,112,
3410,0,102,104,351,101,4,P22104000767,2210400767,,,2,112,
3411,0,102,104,353,101,4,P22104000768,2210400768,,,2,112,
3412,0,102,104,351,101,4,P22104000769,2210400769,,,2,112,
3413,0,102,104,119,101,4,P22104000770,2210400770,,,2,112,
3415,0,102,104,119,101,4,P22104000771,2210400771,,,2,112,
3417,0,102,104,346,101,4,P22104000772,2210400772,,,2,112,
3418,0,102,104,127,101,4,P22104000773,2210400773,,,2,112,
3556,0,102,104,119,101,4,P22104000774,2210400774,,,2,112,
3557,0,102,104,351,101,4,P22104000775,2210400775,,,2,112,
3558,0,102,104,132,101,4,P22104000776,2210400776,,,2,112,
3560,0,102,104,440,101,4,P22104000777,2210400777,,,2,112,
3314,0,105,107,273,101,4,P22107000116,2210700021,,,2,113,
3315,0,105,107,273,101,4,P22107000117,2210700021,,,2,113,
3316,0,105,107,273,101,4,P22107000118,2210700021,,,2,113,
3317,0,105,107,273,101,4,P22107000119,2210700021,,,2,113,
3318,0,105,107,273,101,4,P22107000120,2210700021,,,2,113,
3319,0,105,107,273,101,4,P22107000121,2210700021,,,2,113,
3320,0,105,107,273,101,4,P22107000122,2210700021,,,2,113,
3321,0,105,107,273,101,4,P22107000123,2210700021,,,2,113,
3322,0,105,107,273,101,4,P22107000124,2210700021,,,2,113,
3323,0,105,107,273,101,4,P22107000125,2210700021,,,2,113,
3324,0,105,107,273,101,4,P22107000126,2210700021,,,2,113,
3325,0,105,107,273,101,4,P22107000127,2210700021,,,2,113,
3326,0,105,107,273,101,4,P22107000128,2210700021,,,2,113,
3327,0,105,107,273,101,4,P22107000129,2210700021,,,2,113,
3328,0,105,107,273,101,4,P22107000130,2210700021,,,2,113,
3329,0,105,107,273,101,4,P22107000131,2210700021,,,2,113,
3330,0,105,107,273,101,4,P22107000132,2210700022,,,2,113,
3331,0,105,107,273,101,4,P22107000133,2210700022,,,2,113,
3332,0,105,107,273,101,4,P22107000134,2210700022,,,2,113,
3333,0,105,107,273,101,4,P22107000135,2210700022,,,2,113,
3334,0,105,107,273,101,4,P22107000136,2210700022,,,2,113,
3335,0,105,107,273,101,4,P22107000137,2210700022,,,2,113,
3336,0,105,107,273,101,4,P22107000138,2210700022,,,2,113,
3337,0,105,107,273,101,4,P22107000139,2210700022,,,2,113,
3338,0,105,107,273,101,4,P22107000140,2210700022,,,2,113,
3339,0,105,107,273,101,4,P22107000141,2210700022,,,2,113,
3340,0,105,107,273,101,4,P22107000142,2210700022,,,2,113,
3341,0,105,107,273,101,4,P22107000143,2210700022,,,2,113,
3342,0,105,107,273,101,4,P22107000144,2210700022,,,2,113,
3343,0,105,107,273,101,4,P22107000145,2210700022,,,2,113,
3344,0,105,107,273,101,4,P22107000146,2210700022,,,2,113,
3345,0,105,107,273,101,4,P22107000147,2210700022,,,2,113,
3346,0,105,107,273,101,4,P22107000148,2210700023,,,2,113,
3347,0,105,107,273,101,4,P22107000149,2210700023,,,2,113,
3348,0,105,107,273,101,4,P22107000150,2210700023,,,2,113,
3349,0,105,107,273,101,4,P22107000151,2210700023,,,2,113,
3350,0,105,107,273,101,4,P22107000152,2210700023,,,2,113,
3351,0,105,107,273,101,4,P22107000153,2210700023,,,2,113,
3352,0,105,107,273,101,4,P22107000154,2210700023,,,2,113,
3353,0,105,107,273,101,4,P22107000155,2210700023,,,2,113,
3354,0,105,107,273,101,4,P22107000156,2210700023,,,2,113,
3355,0,105,107,273,101,4,P22107000157,2210700023,,,2,113,
3356,0,105,107,273,101,4,P22107000158,2210700023,,,2,113,
3357,0,105,107,273,101,4,P22107000159,2210700023,,,2,113,
3358,0,105,107,273,101,4,P22107000160,2210700023,,,2,113,
3359,0,105,107,273,101,4,P22107000161,2210700023,,,2,113,
3360,0,105,107,273,101,4,P22107000162,2210700023,,,2,113,
3361,0,105,107,273,101,4,P22107000163,2210700023,,,2,113,
3362,0,105,107,273,101,4,P22107000164,2210700024,,,2,113,
3363,0,105,107,273,101,4,P22107000165,2210700024,,,2,113,
3364,0,105,107,273,101,4,P22107000166,2210700024,,,2,113,
3365,0,105,107,273,101,4,P22107000167,2210700024,,,2,113,
3366,0,105,107,273,101,4,P22107000168,2210700024,,,2,113,
3367,0,105,107,273,101,4,P22107000169,2210700024,,,2,113,
3368,0,105,107,273,101,4,P22107000170,2210700024,,,2,113,
3369,0,105,107,273,101,4,P22107000171,2210700024,,,2,113,
3370,0,105,107,273,101,4,P22107000172,2210700024,,,2,113,
3371,0,105,107,273,101,4,P22107000173,2210700024,,,2,113,
3372,0,105,107,273,101,4,P22107000174,2210700024,,,2,113,
3373,0,105,107,273,101,4,P22107000175,2210700024,,,2,113,
3383,0,105,107,399,101,4,P22107000176,2210700025,,,2,113,
3384,0,105,107,399,101,4,P22107000177,2210700025,,,2,113,
3385,0,105,107,399,101,4,P22107000178,2210700025,,,2,113,
3386,0,105,107,399,101,4,P22107000179,2210700025,,,2,113,
3387,0,105,107,399,101,4,P22107000180,2210700025,,,2,113,
3388,0,105,107,399,101,4,P22107000181,2210700025,,,2,113,
3389,0,105,107,399,101,4,P22107000182,2210700025,,,2,113,
3390,0,105,107,399,101,4,P22107000183,2210700025,,,2,113,
3391,0,105,107,399,101,4,P22107000184,2210700025,,,2,113,
3392,0,105,107,399,101,4,P22107000185,2210700025,,,2,113,
3393,0,105,107,399,101,4,P22107000186,2210700025,,,2,113,
3394,0,105,107,399,101,4,P22107000187,2210700025,,,2,113,
3395,0,105,107,399,101,4,P22107000188,2210700025,,,2,113,
3396,0,105,107,399,101,4,P22107000189,2210700025,,,2,113,
3397,0,105,107,399,101,4,P22107000190,2210700025,,,2,113,
3398,0,105,107,399,101,4,P22107000191,2210700026,,,2,113,
3399,0,105,107,399,101,4,P22107000192,2210700026,,,2,113,
3400,0,105,107,399,101,4,P22107000193,2210700026,,,2,113,
3401,0,105,107,399,101,4,P22107000194,2210700026,,,2,113,
3402,0,105,107,399,101,4,P22107000195,2210700026,,,2,113,
3403,0,105,107,399,101,4,P22107000196,2210700026,,,2,113,
3404,0,105,107,399,101,4,P22107000197,2210700026,,,2,113,
3405,0,105,107,399,101,4,P22107000198,2210700026,,,2,113,
3419,0,105,107,272,101,4,P22107000199,2210700027,,,2,113,
3420,0,105,107,272,101,4,P22107000200,2210700027,,,2,113,
3421,0,105,107,272,101,4,P22107000201,2210700027,,,2,113,
3422,0,105,107,272,101,4,P22107000202,2210700027,,,2,113,
3423,0,105,107,272,101,4,P22107000203,2210700027,,,2,113,
3424,0,105,107,272,101,4,P22107000204,2210700027,,,2,113,
3425,0,105,107,272,101,4,P22107000205,2210700027,,,2,113,
3426,0,105,107,272,101,4,P22107000206,2210700027,,,2,113,
3427,0,105,107,271,101,4,P22107000207,2210700028,,,2,113,
3428,0,105,107,271,101,4,P22107000208,2210700028,,,2,113,
3429,0,105,107,271,101,4,P22107000209,2210700028,,,2,113,
3430,0,105,107,271,101,4,P22107000210,2210700028,,,2,113,
3431,0,105,107,271,101,4,P22107000211,2210700028,,,2,113,
3432,0,105,107,271,101,4,P22107000212,2210700028,,,2,113,
3433,0,105,107,271,101,4,P22107000213,2210700028,,,2,113,
3434,0,105,107,271,101,4,P22107000214,2210700028,,,2,113,
3435,0,105,107,271,101,4,P22107000215,2210700028,,,2,113,
3436,0,105,107,271,101,4,P22107000216,2210700028,,,2,113,
3437,0,105,107,271,101,4,P22107000217,2210700028,,,2,113,
3438,0,105,107,271,101,4,P22107000218,2210700028,,,2,113,
3439,0,105,107,271,101,4,P22107000219,2210700028,,,2,113,
3440,0,105,107,271,101,4,P22107000220,2210700028,,,2,113,
3441,0,105,107,271,101,4,P22107000221,2210700028,,,2,113,
3442,0,105,107,271,101,4,P22107000222,2210700028,,,2,113,
3443,0,105,107,271,101,4,P22107000223,2210700028,,,2,113,
3444,0,105,107,271,101,4,P22107000224,2210700028,,,2,113,
3445,0,105,107,271,101,4,P22107000225,2210700028,,,2,113,
3446,0,105,107,271,101,4,P22107000226,2210700028,,,2,113,
3447,0,105,107,271,101,4,P22107000227,2210700029,,,2,113,
3449,0,105,107,271,101,4,P22107000228,2210700030,,,2,113,
3450,0,105,107,271,101,4,P22107000229,2210700030,,,2,113,
3451,0,105,107,271,101,4,P22107000230,2210700030,,,2,113,
3452,0,105,107,271,101,4,P22107000231,2210700030,,,2,113,
3453,0,105,107,271,101,4,P22107000232,2210700030,,,2,113,
3454,0,105,107,271,101,4,P22107000233,2210700030,,,2,113,
3455,0,105,107,271,101,4,P22107000234,2210700030,,,2,113,
3456,0,105,107,271,101,4,P22107000235,2210700030,,,2,113,
3457,0,105,107,271,101,4,P22107000236,2210700030,,,2,113,
3458,0,105,107,271,101,4,P22107000237,2210700030,,,2,113,
3459,0,105,107,271,101,4,P22107000238,2210700030,,,2,113,
3460,0,105,107,271,101,4,P22107000239,2210700030,,,2,113,
3461,0,105,107,271,101,4,P22107000240,2210700030,,,2,113,
3462,0,105,107,271,101,4,P22107000241,2210700030,,,2,113,
3463,0,105,107,271,101,4,P22107000242,2210700030,,,2,113,
3464,0,105,107,271,101,4,P22107000243,2210700030,,,2,113,
3465,0,105,107,271,101,4,P22107000244,2210700030,,,2,113,
3466,0,105,107,427,101,4,P22107000245,2210700031,,,2,113,
3467,0,105,107,427,101,4,P22107000246,2210700031,,,2,113,
3468,0,105,107,427,101,4,P22107000247,2210700031,,,2,113,
3469,0,105,107,427,101,4,P22107000248,2210700031,,,2,113,
3470,0,105,107,427,101,4,P22107000249,2210700031,,,2,113,
3471,0,105,107,427,101,4,P22107000250,2210700031,,,2,113,
3472,0,105,107,427,101,4,P22107000251,2210700031,,,2,113,
3473,0,105,107,427,101,4,P22107000252,2210700031,,,2,113,
3474,0,105,107,427,101,4,P22107000253,2210700031,,,2,113,
3475,0,105,107,427,101,4,P22107000254,2210700031,,,2,113,
3476,0,105,107,427,101,4,P22107000255,2210700031,,,2,113,
3477,0,105,107,427,101,4,P22107000256,2210700031,,,2,113,
3533,0,105,107,273,101,4,P22107000257,2210700032,,,2,113,
3534,0,105,107,273,101,4,P22107000258,2210700032,,,2,113,
3535,0,105,107,273,101,4,P22107000259,2210700032,,,2,113,
3536,0,105,107,273,101,4,P22107000260,2210700032,,,2,113,
3537,0,105,107,273,101,4,P22107000261,2210700032,,,2,113,
3538,0,105,107,273,101,4,P22107000262,2210700032,,,2,113,
3539,0,105,107,273,101,4,P22107000263,2210700032,,,2,113,
3540,0,105,107,427,101,4,P22107000264,2210700033,,,2,113,
3541,0,105,107,427,101,4,P22107000265,2210700033,,,2,113,
3542,0,105,107,427,101,4,P22107000266,2210700033,,,2,113,
3543,0,105,107,427,101,4,P22107000267,2210700033,,,2,113,
3544,0,105,107,427,101,4,P22107000268,2210700033,,,2,113,
3545,0,105,107,272,101,4,P22107000269,2210700034,,,2,113,
3546,0,105,107,272,101,4,P22107000270,2210700034,,,2,113,
3547,0,105,107,272,101,4,P22107000271,2210700034,,,2,113,
3548,0,105,107,272,101,4,P22107000272,2210700034,,,2,113,
3549,0,105,107,272,101,4,P22107000273,2210700034,,,2,113,
3550,0,105,107,272,101,4,P22107000274,2210700034,,,2,113,
3551,0,105,107,413,101,4,P22107000275,2210700035,,,2,113,
3552,0,105,107,413,101,4,P22107000276,2210700035,,,2,113,
3553,0,105,107,413,101,4,P22107000277,2210700035,,,2,113,
3554,0,105,107,413,101,4,P22107000278,2210700035,,,2,113,
3555,0,105,107,413,101,4,P22107000279,2210700035,,,2,113,
4772,0,102,103,110,101,5,P23103003154,2310300858,,,2,104,
4779,0,102,103,115,101,5,P23103003155,2310300859,,,2,104,
4780,0,102,103,404,101,5,P23103003156,2310300860,,,2,104,
4784,0,102,103,169,101,5,P23103003157,2310300861,,,2,104,
4704,0,102,104,351,101,5,P23104001254,2310400984,,,2,112,
4705,0,102,104,351,101,5,P23104001255,2310400985,,,2,112,
4706,0,102,104,351,101,5,P23104001256,2310400986,,,2,112,
4707,0,102,104,353,101,5,P23104001257,2310400987,,,2,112,
4708,0,102,104,249,101,5,P23104001258,2310400988,,,2,112,
4709,0,102,104,249,101,5,P23104001259,2310400988,,,2,112,
4710,0,102,104,249,101,5,P23104001260,2310400988,,,2,112,
4711,0,102,104,249,101,5,P23104001261,2310400988,,,2,112,
4712,0,102,104,249,101,5,P23104001262,2310400988,,,2,112,
4713,0,102,104,249,101,5,P23104001263,2310400988,,,2,112,
4714,0,102,104,249,101,5,P23104001264,2310400988,,,2,112,
4715,0,102,104,249,101,5,P23104001265,2310400988,,,2,112,
4716,0,102,104,249,101,5,P23104001266,2310400988,,,2,112,
4717,0,102,104,249,101,5,P23104001267,2310400988,,,2,112,
4718,0,102,104,249,101,5,P23104001268,2310400988,,,2,112,
4719,0,102,104,249,101,5,P23104001269,2310400988,,,2,112,
4720,0,102,104,249,101,5,P23104001270,2310400988,,,2,112,
4721,0,102,104,249,101,5,P23104001271,2310400988,,,2,112,
4722,0,102,104,249,101,5,P23104001272,2310400988,,,2,112,
4723,0,102,104,249,101,5,P23104001273,2310400988,,,2,112,
4724,0,102,104,249,101,5,P23104001274,2310400988,,,2,112,
4725,0,102,104,249,101,5,P23104001275,2310400988,,,2,112,
4726,0,102,104,249,101,5,P23104001276,2310400988,,,2,112,
4727,0,102,104,249,101,5,P23104001277,2310400988,,,2,112,
4728,0,102,104,249,101,5,P23104001278,2310400988,,,2,112,
4729,0,102,104,249,101,5,P23104001279,2310400988,,,2,112,
4730,0,102,104,249,101,5,P23104001280,2310400988,,,2,112,
4731,0,102,104,249,101,5,P23104001281,2310400988,,,2,112,
4732,0,102,104,249,101,5,P23104001282,2310400988,,,2,112,
4733,0,102,104,249,101,5,P23104001283,2310400988,,,2,112,
4734,0,102,104,249,101,5,P23104001284,2310400988,,,2,112,
4735,0,102,104,249,101,5,P23104001285,2310400988,,,2,112,
4736,0,102,104,249,101,5,P23104001286,2310400988,,,2,112,
4737,0,102,104,249,101,5,P23104001287,2310400988,,,2,112,
4738,0,102,104,249,101,5,P23104001288,2310400988,,,2,112,
4739,0,102,104,249,101,5,P23104001289,2310400988,,,2,112,
4740,0,102,104,249,101,5,P23104001290,2310400988,,,2,112,
4741,0,102,104,249,101,5,P23104001291,2310400988,,,2,112,
4742,0,102,104,249,101,5,P23104001292,2310400988,,,2,112,
4743,0,102,104,249,101,5,P23104001293,2310400988,,,2,112,
4744,0,102,104,249,101,5,P23104001294,2310400988,,,2,112,
4745,0,102,104,249,101,5,P23104001295,2310400988,,,2,112,
4746,0,102,104,249,101,5,P23104001296,2310400988,,,2,112,
4747,0,102,104,249,101,5,P23104001297,2310400988,,,2,112,
4748,0,102,104,249,101,5,P23104001298,2310400988,,,2,112,
4749,0,102,104,249,101,5,P23104001299,2310400988,,,2,112,
4750,0,102,104,249,101,5,P23104001300,2310400988,,,2,112,
4751,0,102,104,249,101,5,P23104001301,2310400988,,,2,112,
4752,0,102,104,249,101,5,P23104001302,2310400988,,,2,112,
4753,0,102,104,249,101,5,P23104001303,2310400988,,,2,112,
4754,0,102,104,249,101,5,P23104001304,2310400988,,,2,112,
4755,0,102,104,249,101,5,P23104001305,2310400988,,,2,112,
4756,0,102,104,249,101,5,P23104001306,2310400988,,,2,112,
4757,0,102,104,249,101,5,P23104001307,2310400988,,,2,112,
4758,0,102,104,249,101,5,P23104001308,2310400988,,,2,112,
4759,0,102,104,249,101,5,P23104001309,2310400988,,,2,112,
4760,0,102,104,249,101,5,P23104001310,2310400988,,,2,112,
4761,0,102,104,249,101,5,P23104001311,2310400988,,,2,112,
4762,0,102,104,249,101,5,P23104001312,2310400988,,,2,112,
4763,0,102,104,249,101,5,P23104001313,2310400988,,,2,112,
4764,0,102,104,249,101,5,P23104001314,2310400988,,,2,112,
4765,0,102,104,249,101,5,P23104001315,2310400988,,,2,112,
4766,0,102,104,249,101,5,P23104001316,2310400988,,,2,112,
4767,0,102,104,249,101,5,P23104001317,2310400988,,,2,112,
4768,0,102,104,249,101,5,P23104001318,2310400988,,,2,112,
4769,0,102,104,249,101,5,P23104001319,2310400988,,,2,112,
4770,0,102,104,249,101,5,P23104001320,2310400988,,,2,112,
4771,0,102,104,353,101,5,P23104001321,2310400989,,,2,112,
4773,0,102,104,120,101,5,P23104001322,2310400990,,,2,112,
4774,0,102,104,309,101,5,P23104001323,2310400991,,,2,112,
4775,0,102,104,151,101,5,P23104001324,2310400992,,,2,112,
4776,0,102,104,351,101,5,P23104001325,2310400993,,,2,112,
4777,0,102,104,119,101,5,P23104001326,2310400994,,,2,112,
4778,0,102,104,351,101,5,P23104001327,2310400995,,,2,112,
4781,0,102,104,289,101,5,P23104001328,2310400996,,,2,112,
4782,0,102,104,157,101,5,P23104001329,2310400997,,,2,112,
4783,0,102,104,351,101,5,P23104001330,2310400998,,,2,112,
15264,0,102,103,402,101,6,P24103003723,2410300987,,,2,104,
15267,0,102,103,106,101,6,P24103003724,2410300988,,,2,104,
15269,0,102,103,400,101,6,P24103003725,2410300989,,,2,104,
15271,0,102,103,110,101,6,P24103003726,2410300990,,,2,104,
16259,0,102,103,235,101,6,P24103003727,2410300991,,,2,104,
16260,0,102,103,235,101,6,P24103003728,2410300991,,,2,104,
16261,0,102,103,235,101,6,P24103003729,2410300991,,,2,104,
16262,0,102,103,235,101,6,P24103003730,2410300991,,,2,104,
16263,0,102,103,235,101,6,P24103003731,2410300991,,,2,104,
16264,0,102,103,235,101,6,P24103003732,2410300992,,,2,104,
16265,0,102,103,235,101,6,P24103003733,2410300992,,,2,104,
16266,0,102,103,235,101,6,P24103003734,2410300992,,,2,104,
16267,0,102,103,101,101,6,P24103003735,2410300993,,,2,104,
16268,0,102,103,116,101,6,P24103003736,2410300993,,,2,104,
16269,0,102,103,116,101,6,P24103003737,2410300993,,,2,104,
16270,0,102,103,107,101,6,P24103003738,2410300993,,,2,104,
16271,0,102,103,235,101,6,P24103003739,2410300993,,,2,104,
16272,0,102,103,235,101,6,P24103003740,2410300993,,,2,104,
16273,0,102,103,331,101,6,P24103003741,2410300993,,,2,104,
16274,0,102,103,331,101,6,P24103003742,2410300993,,,2,104,
16275,0,102,103,331,101,6,P24103003743,2410300993,,,2,104,
16276,0,102,103,331,101,6,P24103003744,2410300993,,,2,104,
16277,0,102,103,241,101,6,P24103003745,2410300994,,,2,104,
16278,0,102,103,241,101,6,P24103003746,2410300994,,,2,104,
16279,0,102,103,241,101,6,P24103003747,2410300994,,,2,104,
16280,0,102,103,241,101,6,P24103003748,2410300994,,,2,104,
16281,0,102,103,101,101,6,P24103003749,2410300994,,,2,104,
16282,0,102,103,101,101,6,P24103003750,2410300994,,,2,104,
16283,0,102,103,101,101,6,P24103003751,2410300994,,,2,104,
16284,0,102,103,107,101,6,P24103003752,2410300995,,,2,104,
16286,0,102,103,236,101,6,P24103003753,2410300996,,,2,104,
16288,0,102,103,115,101,6,P24103003754,2410300997,,,2,104,
18259,0,102,103,113,101,6,P24103003755,2410300998,,,2,104,
15261,0,102,104,119,101,6,P24104001418,2410401086,,,2,112,
15262,0,102,104,119,101,6,P24104001419,2410401087,,,2,112,
15263,0,102,104,132,101,6,P24104001420,2410401088,,,2,112,
15265,0,102,104,346,101,6,P24104001421,2410401089,,,2,112,
15266,0,102,104,119,101,6,P24104001422,2410401090,,,2,112,
15268,0,102,104,289,101,6,P24104001423,2410401091,,,2,112,
15270,0,102,104,119,101,6,P24104001424,2410401092,,,2,112,
16285,0,102,104,367,101,6,P24104001425,2410401093,,,2,112,
16287,0,102,104,353,101,6,P24104001426,2410401094,,,2,112,
17259,0,102,104,119,101,6,P24104001427,2410401095,,,2,112,
18260,0,102,104,119,101,6,P24104001428,2410401096,,,2,112,
75662,0,102,103,176,101,7,P25103004536,2510301114,,,2,104,
75663,0,102,103,331,101,7,P25103004537,2510301115,,,2,104,
75664,0,102,103,112,101,7,P25103004538,2510301116,,,2,104,
75666,0,102,103,112,101,7,P25103004539,2510301117,,,2,104,
75667,0,102,103,400,101,7,P25103004540,2510301118,,,2,104,
75668,0,102,103,116,101,7,P25103004541,2510301119,,,2,104,
75669,0,102,103,235,101,7,P25103004542,2510301119,,,2,104,
75670,0,102,103,419,101,7,P25103004543,2510301119,,,2,104,
75671,0,102,103,419,101,7,P25103004544,2510301119,,,2,104,
75672,0,102,103,419,101,7,P25103004545,2510301119,,,2,104,
75673,0,102,103,112,101,7,P25103004546,2510301119,,,2,104,
75660,0,102,104,289,101,7,P25104001538,2510401206,,,2,112,
75661,0,102,104,151,101,7,P25104001539,2510401207,,,2,112,
75665,0,102,104,119,101,7,P25104001540,2510401208,,,2,112,
