RI_ID,CMP_ID,FYR_ID,RI_VRNO,RI_DATE,RI_PTY_ID,RI_CNTR_ID,RI_CST_NAME,RI_CST_ADDRESS,RI_AMT,RI_DISC_AMT,RI_TAXABLE_AMT,RI_TAX_AMT,RI_RND_OFF_AMT,RI_NET_AMT,RIR_ID,RIR_AMT,AR_ID,AR_AMT,OA_AMT,RI_PAYBLE_AMT,PMD_ID,RI_NRR,RI_STATUS,RI_PHN_NO,MAIL_ID,WHATSAPP_NO,PANCARD_NO,REF_VRNO
1,101,1,RSL/19-20/1,2019-04-01 00:00:00,2,102,GANESH,"BBSR
",11456.31,0.0,11456.31,343.68,0.0,11800.0,0,0.0,0,0.0,0.0,11800.0,1,,New,0,,,,
2,101,1,RSL/19-20/2,2019-04-02 00:00:00,2,102,AMIT,"BBSR
",7475.73,0.0,7475.73,224.28,0.0,7700.0,0,0.0,0,0.0,0.0,7700.0,2,,New,0,,,,
3,101,1,RSL/19-20/3,2019-04-03 00:00:00,2,102,S.K.RATH,"BBSR
",13349.51,0.0,13349.51,400.48,0.01,13749.99,0,0.0,0,0.0,0.0,13750.0,5,,Modified,0,,,,
4,101,1,RSL/19-20/4,2019-04-03 00:00:00,2,102,SANJAY,"BBSR
",14563.11,0.0,14563.11,436.9,0.0,15000.0,0,0.0,0,0.0,0.0,15000.0,4,,New,0,,,,
5,101,1,RSL/19-20/5,2019-04-04 00:00:00,2,102,RAVI,"BBSR

",10679.61,0.0,10679.61,320.38,0.0,11000.0,0,0.0,0,0.0,0.0,11000.0,6,,New,0,,,,
6,101,1,RSL/19-20/6,2019-04-05 00:00:00,2,102,S.JENA,"BBSR
",7281.55,0.0,7281.55,218.44,0.0,7500.0,0,0.0,0,0.0,0.0,7500.0,7,,New,0,,,,
7,101,1,RSL/19-20/7,2019-04-06 00:00:00,2,102,D.SETHI,"BBSR
",103883.49,0.0,103883.49,3116.5,0.0,107000.0,0,0.0,0,0.0,0.0,107000.0,8,,New,0,,,,
8,101,1,RSL/19-20/8,2019-04-07 00:00:00,2,102,AMRITA,"BBSR
",1067.96,0.0,1067.96,32.04,0.0,1100.0,0,0.0,0,0.0,0.0,1100.0,10,,Modified,0,,,,
9,101,1,RSL/19-20/9,2019-04-07 00:00:00,2,102,D.MUKERJI,"BBSR
",10679.61,0.0,10679.61,320.38,0.0,11000.0,0,0.0,0,0.0,0.0,11000.0,11,,New,0,,,,
10,101,1,RSL/19-20/10,2019-04-08 00:00:00,2,102,S.JENA,"BBSR
",10388.35,0.0,10388.35,311.66,0.0,10700.0,0,0.0,0,0.0,0.0,10700.0,12,,New,0,,,,
11,101,1,RSL/19-20/11,2019-04-09 00:00:00,2,102,S.SWAIN,"BBSR
",4854.37,0.0,4854.37,145.64,0.0,5000.0,0,0.0,0,0.0,0.0,5000.0,13,,New,0,,,,
12,101,1,RSL/19-20/12,2019-04-09 00:00:00,2,102,BABULU,"BBSR
",11650.49,0.0,11650.49,349.52,0.0,12000.0,0,0.0,0,0.0,0.0,12000.0,14,,New,0,,,,
13,101,1,RSL/19-20/13,2019-04-10 00:00:00,2,102,KHUSBOO,"BBSR
",5242.72,0.0,5242.72,157.28,0.0,5400.0,0,0.0,0,0.0,0.0,5400.0,15,,New,0,,,,
14,101,1,RSL/19-20/14,2019-04-11 00:00:00,2,102,DIBAKAR,"BBSR
",1941.75,0.0,1941.75,58.26,0.0,2000.0,0,0.0,0,0.0,0.0,2000.0,16,,New,0,,,,
15,101,1,RSL/19-20/15,2019-04-12 00:00:00,2,102,SUJIT,"BBSR
",5631.07,0.0,5631.07,168.94,0.0,5800.0,0,0.0,0,0.0,0.0,5800.0,17,,New,0,,,,
16,101,1,RSL/19-20/16,2019-04-13 00:00:00,2,102,POONAM,"BBSR
",1067.96,0.0,1067.96,32.04,0.0,1100.0,0,0.0,0,0.0,0.0,1100.0,20,,Modified,0,,,,
17,101,1,RSL/19-20/17,2019-04-14 00:00:00,2,102,SAILESH,"BBSR
",1359.22,0.0,1359.22,40.78,0.0,1400.0,0,0.0,0,0.0,0.0,1400.0,21,,New,0,,,,
18,101,1,RSL/19-20/18,2019-04-15 00:00:00,2,102,CASH,"BBSR
",971.84,0.0,971.84,29.16,0.0,1001.0,0,0.0,0,0.0,0.0,1001.0,22,,New,0,,,,
19,101,1,RSL/19-20/19,2019-04-15 00:00:00,2,102,SAMEER,"BBSR
",19029.13,0.0,19029.13,570.88,0.0,19600.0,0,0.0,0,0.0,0.0,19600.0,23,,New,0,,,,
20,101,1,RSL/19-20/20,2019-04-15 00:00:00,2,102,L.DASH,"BBSR
BBSR
",8058.25,0.0,8058.25,241.74,0.0,8300.0,0,0.0,0,0.0,0.0,8300.0,24,,New,0,,,,
21,101,1,RSL/19-20/21,2019-04-16 00:00:00,2,102,K.GUPTA,"BBSR
",6067.96,0.0,6067.96,182.04,0.0,6250.0,0,0.0,0,0.0,0.0,6250.0,25,,New,0,,,,
22,101,1,RSL/19-20/22,2019-04-16 00:00:00,2,102,SNEHA,"BBSR
",7766.99,0.0,7766.99,233.0,0.0,8000.0,0,0.0,0,0.0,0.0,8000.0,26,,New,0,,,,
23,101,1,RSL/19-20/23,2019-04-17 00:00:00,2,102,PRIYANKA,"BBSR
",2815.53,0.0,2815.53,84.46,0.0,2900.0,0,0.0,0,0.0,0.0,2900.0,27,,New,0,,,,
24,101,1,RSL/19-20/24,2019-04-18 00:00:00,2,102,ASHOK,"BBSR
",3067.96,0.0,3067.96,92.04,0.0,3160.0,0,0.0,0,0.0,0.0,3160.0,28,,New,0,,,,
25,101,1,RSL/19-20/25,2019-04-18 00:00:00,2,102,VICKY,"BBSR
",1747.57,0.0,1747.57,52.42,0.0,1800.0,0,0.0,0,0.0,0.0,1800.0,29,,New,0,,,,
26,101,1,RSL/19-20/26,2019-04-19 00:00:00,2,102,DEEPTI,"BBSR

",7718.45,0.0,7718.45,231.56,0.0,7950.0,0,0.0,0,0.0,0.0,7950.0,30,,New,0,,,,
27,101,1,RSL/19-20/27,2019-04-20 00:00:00,2,102,DIPAK,"BBSR
",5533.98,0.0,5533.98,166.02,0.0,5700.0,0,0.0,0,0.0,0.0,5700.0,31,,New,0,,,,
28,101,1,RSL/19-20/28,2019-04-21 00:00:00,2,102,DINESH,"BBSR
",1941.75,0.0,1941.75,58.26,0.0,2000.0,0,0.0,0,0.0,0.0,2000.0,32,,New,0,,,,
29,101,1,RSL/19-20/29,2019-04-21 00:00:00,2,102,SUKANT,"BBSR
",13106.8,0.0,13106.8,393.2,0.0,13500.0,0,0.0,0,0.0,0.0,13500.0,33,,New,0,,,,
30,101,1,RSL/19-20/30,2019-04-21 00:00:00,2,102,A.ASLAM,"BBSR
",8155.34,0.0,8155.34,244.66,0.0,8400.0,0,0.0,0,0.0,0.0,8400.0,34,,New,0,,,,
31,101,1,RSL/19-20/31,2019-04-22 00:00:00,2,102,SUSANT NAYAK,"BBSR
",9223.3,0.0,9223.3,276.7,0.0,9500.0,0,0.0,0,0.0,0.0,9500.0,35,,New,0,,,,
32,101,1,RSL/19-20/32,2019-04-22 00:00:00,2,102,KAPIL,"BBSR
",4077.67,0.0,4077.67,122.34,0.0,4200.0,0,0.0,0,0.0,0.0,4200.0,36,,New,0,,,,
33,101,1,RSL/19-20/33,2019-04-23 00:00:00,2,102,D.SETHI,"BBSR
",81067.95,0.0,81067.95,2432.04,0.0,83500.0,0,0.0,0,0.0,0.0,83500.0,37,,New,0,,,,
34,101,1,RSL/19-20/34,2019-04-24 00:00:00,2,102,P.PRUSTY,"BBSR
",41747.57,0.0,41747.57,1252.42,0.0,43000.0,0,0.0,0,0.0,0.0,43000.0,38,,New,0,,,,
35,101,1,RSL/19-20/35,2019-04-25 00:00:00,2,102,SEEMA GUPTA,"BBSR
",6601.94,0.0,6601.94,198.06,0.0,6800.0,0,0.0,0,0.0,0.0,6800.0,39,,New,0,,,,
36,101,1,RSL/19-20/36,2019-04-26 00:00:00,2,102,T.BHYUAN,"BBSR
",1941.75,0.0,1941.75,58.26,0.0,2000.0,0,0.0,0,0.0,0.0,2000.0,40,,New,0,,,,
37,101,1,RSL/19-20/37,2019-04-26 00:00:00,2,102,P.MAJHI,"BBSR
",7281.55,0.0,7281.55,218.44,0.0,7500.0,0,0.0,0,0.0,0.0,7500.0,41,,New,0,,,,
38,101,1,RSL/19-20/38,2019-04-27 00:00:00,2,102,SANJAY,"BBSR
",19417.48,0.0,19417.48,582.52,0.0,20000.0,0,0.0,0,0.0,0.0,20000.0,42,,New,0,,,,
39,101,1,RSL/19-20/39,2019-04-27 00:00:00,2,102,POOJA,"BBSR
",4708.74,0.0,4708.74,141.26,0.0,4850.0,0,0.0,0,0.0,0.0,4850.0,43,,New,0,,,,
40,101,1,RSL/19-20/40,2019-04-27 00:00:00,2,102,MANASI,"BBSR
",10194.17,0.0,10194.17,305.82,0.0,10500.0,0,0.0,0,0.0,0.0,10500.0,44,,New,0,,,,
41,101,1,RSL/19-20/41,2019-04-28 00:00:00,2,102,S.DASH,"BBSR
",11165.05,0.0,11165.05,334.96,0.0,11500.0,0,0.0,0,0.0,0.0,11500.0,45,,New,9040594486,,,,
42,101,1,RSL/19-20/42,2019-04-28 00:00:00,2,102,L.SWAIN,"BBSR
",2475.73,0.0,2475.73,74.28,0.0,2550.0,0,0.0,0,0.0,0.0,2550.0,46,,New,0,,,,
43,101,1,RSL/19-20/43,2019-04-29 00:00:00,2,102,BIKRAM,"BBSR
",24757.28,0.0,24757.28,742.72,0.0,25500.0,0,0.0,0,0.0,8000.0,17500.0,48,,New,0,,,,
44,101,1,RSL/19-20/44,2019-04-30 00:00:00,2,102,MADHU,"BBSR

",8932.04,0.0,8932.04,267.96,0.0,9200.0,0,0.0,0,0.0,0.0,9200.0,49,,New,0,,,,
45,101,1,RSL/19-20/45,2019-04-30 00:00:00,2,102,SANDEEP,"BBSR
",27184.47,0.0,27184.47,815.54,0.0,28000.0,0,0.0,0,0.0,0.0,28000.0,50,,New,0,,,,
46,101,1,RSL/19-20/46,2019-04-30 00:00:00,2,102,AKSHAY SINGH,"BBSR
",3786.41,0.0,3786.41,113.6,0.0,3900.0,0,0.0,0,0.0,0.0,3900.0,51,,New,0,,,,
47,101,1,RSL/19-20/47,2019-05-01 00:00:00,2,102,JAGA,"BBSR
",5339.81,0.0,5339.81,160.2,0.0,5500.0,0,0.0,0,0.0,0.0,5500.0,52,,New,0,,,,
48,101,1,RSL/19-20/48,2019-05-01 00:00:00,2,102,H.SAHOO,"
BBSR
",14563.11,0.0,14563.11,436.9,0.0,15000.0,0,0.0,0,0.0,0.0,15000.0,53,,New,0,,,,
49,101,1,RSL/19-20/49,2019-05-07 00:00:00,2,102,B.LAXMI,"BBSR
",11650.49,0.0,11650.49,349.52,-0.01,12000.01,0,0.0,0,0.0,0.0,12000.0,55,,Modified,0,,,,
50,101,1,RSL/19-20/50,2019-05-07 00:00:00,2,102,P.PATTNAIK,"BBSR
",4368.93,0.0,4368.93,131.06,0.0,4500.0,0,0.0,0,0.0,0.0,4500.0,56,,New,0,,,,
51,101,1,RSL/19-20/51,2019-05-07 00:00:00,2,102,P.SWAIN,"BBSR
",3203.88,0.0,3203.88,96.12,0.0,3300.0,0,0.0,0,0.0,0.0,3300.0,57,,New,0,,,,
52,101,1,RSL/19-20/52,2019-05-07 00:00:00,2,102,SUKANT,"BBSR
",12330.1,0.0,12330.1,369.9,0.0,12700.0,0,0.0,0,0.0,0.0,12700.0,58,,New,0,,,,
53,101,1,RSL/19-20/53,2019-05-07 00:00:00,2,102,DIPAK,"BBSR
",6213.59,0.0,6213.59,186.4,0.0,6400.0,0,0.0,0,0.0,0.0,6400.0,59,,New,0,,,,
54,101,1,RSL/19-20/54,2019-05-09 00:00:00,2,102,SUMEET,"BBSR
",5825.24,0.0,5825.24,174.76,0.0,6000.0,0,0.0,0,0.0,0.0,6000.0,60,,New,0,,,,
55,101,1,RSL/19-20/55,2019-05-09 00:00:00,2,102,P.SWAIN,"BBSR
",3689.32,0.0,3689.32,110.68,0.0,3800.0,0,0.0,0,0.0,0.0,3800.0,61,,New,0,,,,
56,101,1,RSL/19-20/56,2019-05-09 00:00:00,2,102,K. GUPTA,"BBSR
",7281.55,0.0,7281.55,218.44,0.0,7500.0,0,0.0,0,0.0,0.0,7500.0,62,,New,0,,,,
57,101,1,RSL/19-20/57,2019-05-10 00:00:00,2,102,SOUMYA,"BBSR
",5825.24,0.0,5825.24,174.76,0.0,6000.0,0,0.0,0,0.0,0.0,6000.0,63,,New,0,,,,
58,101,1,RSL/19-20/58,2019-05-10 00:00:00,2,102,S.PRADHAN,"BBSR
",4368.93,0.0,4368.93,131.06,0.0,4500.0,0,0.0,0,0.0,0.0,4500.0,64,,New,0,,,,
59,101,1,RSL/19-20/59,2019-05-14 00:00:00,2,102,U.N.SAHOO,"
",4563.11,0.0,4563.11,136.9,0.0,4700.0,0,0.0,0,0.0,0.0,4700.0,65,,New,0,,,,
60,101,1,RSL/19-20/60,2019-05-14 00:00:00,2,102,P.NANDA,"BBSR
",4854.37,0.0,4854.37,145.64,0.0,5000.0,0,0.0,0,0.0,0.0,5000.0,66,,New,0,,,,
61,101,1,RSL/19-20/61,2019-05-14 00:00:00,2,102,SMRUTI,"BBSR
",6601.94,0.0,6601.94,198.06,0.0,6800.0,0,0.0,0,0.0,0.0,6800.0,67,,New,0,,,,
62,101,1,RSL/19-20/62,2019-05-14 00:00:00,2,102,RAVI,"BBSR
",8737.86,0.0,8737.86,262.14,0.0,9000.0,0,0.0,0,0.0,0.0,9000.0,68,,New,0,,,,
63,101,1,RSL/19-20/63,2019-05-14 00:00:00,2,102,R.SAHOO,"BBSR
",3689.32,0.0,3689.32,110.68,0.0,3800.0,0,0.0,0,0.0,0.0,3800.0,69,,New,0,,,,
64,101,1,RSL/19-20/64,2019-05-14 00:00:00,2,102,PAYAL,"BBSR
",7766.99,0.0,7766.99,233.0,0.0,8000.0,0,0.0,0,0.0,0.0,8000.0,70,,New,0,,,,
65,101,1,RSL/19-20/65,2019-05-15 00:00:00,2,102,UMA SINGH,"BBSR
",87864.08,0.0,87864.08,2635.92,0.0,90500.0,0,0.0,0,0.0,0.0,90500.0,71,,New,0,,,,
66,101,1,RSL/19-20/66,2019-05-15 00:00:00,2,102,D.PANDA,"BBSR
",4854.37,0.0,4854.37,145.64,0.0,5000.0,0,0.0,0,0.0,0.0,5000.0,72,,New,0,,,,
67,101,1,RSL/19-20/67,2019-05-16 00:00:00,2,102,S.MOHANTY,"BBSR

",14563.11,0.0,14563.11,436.9,0.0,15000.0,0,0.0,0,0.0,0.0,15000.0,73,,New,0,,,,
68,101,1,RSL/19-20/68,2019-05-16 00:00:00,2,102,A.SATAPATHY,"BBSR
",4077.67,0.0,4077.67,122.34,0.0,4200.0,0,0.0,0,0.0,0.0,4200.0,74,,New,0,,,,
69,101,1,RSL/19-20/69,2019-05-16 00:00:00,2,102,P.KUMAR,"BBSR
",8737.86,0.0,8737.86,262.14,0.0,9000.0,0,0.0,0,0.0,0.0,9000.0,75,,New,0,,,,
70,101,1,RSL/19-20/70,2019-05-17 00:00:00,2,102,V.DEWASI,"BBSR
",6213.59,0.0,6213.59,186.4,0.0,6400.0,0,0.0,0,0.0,0.0,6400.0,76,,New,0,,,,
71,101,1,RSL/19-20/71,2019-05-17 00:00:00,2,102,MAMUNI,"BBSR
",3980.58,0.0,3980.58,119.42,0.0,4100.0,0,0.0,0,0.0,0.0,4100.0,77,,New,0,,,,
72,101,1,RSL/19-20/72,2019-05-18 00:00:00,2,102,S.JENA,"BBSR
",3883.5,0.0,3883.5,116.5,-0.01,4000.01,0,0.0,0,0.0,0.0,4000.0,78,,New,0,,,,
73,101,1,RSL/19-20/73,2019-05-20 00:00:00,2,102,RAJESH,"BBSR
",7087.38,0.0,7087.38,212.62,0.0,7300.0,0,0.0,0,0.0,0.0,7300.0,81,,New,0,,,,
74,101,1,RSL/19-20/74,2019-05-21 00:00:00,2,102,VIJAY,"BBSR
",3980.58,0.0,3980.58,119.42,0.0,4100.0,0,0.0,0,0.0,0.0,4100.0,82,,New,0,,,,
75,101,1,RSL/19-20/75,2019-05-21 00:00:00,2,102,S.K.DAS,"BBSR
",19029.13,0.0,19029.13,570.88,0.0,19600.0,0,0.0,0,0.0,0.0,19600.0,83,,New,0,,,,
76,101,1,RSL/19-20/76,2019-05-22 00:00:00,2,102,R.JENA,"BBSR
",8252.43,0.0,8252.43,247.58,0.0,8500.0,0,0.0,0,0.0,0.0,8500.0,84,,New,0,,,,
77,101,1,RSL/19-20/77,2019-05-22 00:00:00,2,102,A.TRIPATHY,"BBSR
",4368.93,0.0,4368.93,131.06,0.0,4500.0,0,0.0,0,0.0,0.0,4500.0,85,,New,0,,,,
78,101,1,RSL/19-20/78,2019-05-22 00:00:00,2,102,DINESH,"BBSR
",16504.85,0.0,16504.85,495.14,0.0,17000.0,0,0.0,0,0.0,0.0,17000.0,86,,New,0,,,,
79,101,1,RSL/19-20/79,2019-05-22 00:00:00,2,102,R.JENA,"BBSR
",4368.93,0.0,4368.93,131.06,0.0,4500.0,0,0.0,0,0.0,0.0,4500.0,87,,New,0,,,,
80,101,1,RSL/19-20/80,2019-05-22 00:00:00,2,102,K.KHAN,"BBSR
",13106.8,0.0,13106.8,393.2,0.0,13500.0,0,0.0,0,0.0,0.0,13500.0,88,,New,0,,,,
81,101,1,RSL/19-20/81,2019-05-24 00:00:00,2,102,K.BISWAL,"BBSR
",2912.62,0.0,2912.62,87.38,0.0,3000.0,0,0.0,0,0.0,0.0,3000.0,89,,New,0,,,,
82,101,1,RSL/19-20/82,2019-05-25 00:00:00,2,102,S.SAHOO,"BBSR
",4854.37,0.0,4854.37,145.64,0.0,5000.0,0,0.0,0,0.0,0.0,5000.0,90,,New,0,,,,
83,101,1,RSL/19-20/83,2019-05-25 00:00:00,2,102,A.BISWAL,"BBSR
",6893.2,0.0,6893.2,206.8,0.0,7100.0,0,0.0,0,0.0,0.0,7100.0,92,,Modified,0,,,,
84,101,1,RSL/19-20/84,2019-05-26 00:00:00,2,102,P.SWAIN,"BBSR
",40776.7,0.0,40776.7,1223.3,0.0,42000.0,0,0.0,0,0.0,0.0,42000.0,93,,New,0,,,,
85,101,1,RSL/19-20/85,2019-05-27 00:00:00,2,102,S.KUMAR,"BBSR
",10873.79,0.0,10873.79,326.22,0.0,11200.0,0,0.0,0,0.0,0.0,11200.0,94,,New,0,,,,
86,101,1,RSL/19-20/86,2019-05-28 00:00:00,2,102,BINAPANI,"BBSR
",13592.23,0.0,13592.23,407.76,0.0,14000.0,0,0.0,0,0.0,0.0,14000.0,95,,New,0,,,,
87,101,1,RSL/19-20/87,2019-05-28 00:00:00,2,102,AMIT,"BBSR
",4368.93,0.0,4368.93,131.06,0.0,4500.0,0,0.0,0,0.0,0.0,4500.0,96,,New,0,,,,
88,101,1,RSL/19-20/88,2019-05-29 00:00:00,2,102,A.BISWAL,"BBSR
",5436.89,0.0,5436.89,163.1,0.0,5600.0,0,0.0,0,0.0,0.0,5600.0,97,,New,0,,,,
89,101,1,RSL/19-20/89,2019-05-29 00:00:00,2,102,P.BISWAL,"BBSR
",4854.37,0.0,4854.37,145.64,0.0,5000.0,0,0.0,0,0.0,0.0,5000.0,98,,New,0,,,,
90,101,1,RSL/19-20/90,2019-05-29 00:00:00,2,102,P.JENA,"BBSR
",1262.14,0.0,1262.14,37.86,0.0,1300.0,0,0.0,0,0.0,0.0,1300.0,99,,New,0,,,,
91,101,1,RSL/19-20/91,2019-05-30 00:00:00,2,102,SALAM,"BBSR
",21359.22,0.0,21359.22,640.78,0.0,22000.0,0,0.0,0,0.0,0.0,22000.0,100,,New,0,,,,
92,101,1,RSL/19-20/92,2019-05-30 00:00:00,2,102,S.PRADHAN,"BBSR
",62135.92,0.0,62135.92,1864.08,0.0,64000.0,0,0.0,0,0.0,0.0,64000.0,101,,New,0,,,,
93,101,1,RSL/19-20/93,2019-05-31 00:00:00,2,102,T.MOULIC,"BBSR
",2718.45,0.0,2718.45,81.56,0.0,2800.0,0,0.0,0,0.0,0.0,2800.0,102,,New,0,,,,
94,101,1,RSL/19-20/94,2019-05-31 00:00:00,2,102,SUNIL,"BBSR
",1213.59,0.0,1213.59,36.4,0.0,1250.0,0,0.0,0,0.0,0.0,1250.0,103,,New,0,,,,
95,101,1,RSL/19-20/95,2019-05-31 00:00:00,2,102,M.DAS,"BBSR
",4368.93,0.0,4368.93,131.06,0.01,4499.99,0,0.0,0,0.0,0.0,4500.0,105,,Modified,0,,,,
96,101,1,RSL/19-20/96,2019-05-31 00:00:00,2,102,S.GUPTA,"BBSR
",8252.43,0.0,8252.43,247.58,0.0,8500.0,0,0.0,0,0.0,0.0,8500.0,106,,New,0,,,,
97,101,1,RSL/19-20/97,2019-06-01 00:00:00,2,102,P.K.NANDA,"BBSR
",4368.93,0.0,4368.93,131.06,0.0,4500.0,0,0.0,0,0.0,0.0,4500.0,107,,New,0,,,,
98,101,1,RSL/19-20/98,2019-06-03 00:00:00,2,102,A.RATH,"BBSR
",728.16,0.0,728.16,21.84,0.0,750.0,0,0.0,0,0.0,0.0,750.0,108,,New,0,,,,
99,101,1,RSL/19-20/99,2019-06-03 00:00:00,2,102,RAVI,"BBSR
",12330.1,0.0,12330.1,369.9,0.0,12700.0,0,0.0,0,0.0,0.0,12700.0,109,,New,0,,,,
100,101,1,RSL/19-20/100,2019-06-06 00:00:00,2,102,S.PAL,"BBSR
",6893.2,0.0,6893.2,206.8,0.0,7100.0,0,0.0,0,0.0,0.0,7100.0,111,,Modified,0,,,,
101,101,1,RSL/19-20/101,2019-06-06 00:00:00,2,102,ASHUTOSH,"BBSR
",1359.22,0.0,1359.22,40.78,0.0,1400.0,0,0.0,0,0.0,0.0,1400.0,112,,New,0,,,,
102,101,1,RSL/19-20/102,2019-06-07 00:00:00,2,102,A.BEHERA,"BBSR
",69417.47,0.0,69417.47,2082.52,0.0,71500.0,0,0.0,0,0.0,0.0,71500.0,113,,New,0,,,,
103,101,1,RSL/19-20/103,2019-06-07 00:00:00,2,102,A.BISWAL,"BBSR
",1165.05,0.0,1165.05,34.96,0.0,1200.0,0,0.0,0,0.0,0.0,1200.0,114,,New,0,,,,
104,101,1,RSL/19-20/104,2019-06-07 00:00:00,2,102,P.SWAIN,"BBSR

",14563.11,0.0,14563.11,436.9,0.0,15000.0,0,0.0,0,0.0,0.0,15000.0,115,,New,0,,,,
105,101,1,RSL/19-20/105,2019-06-08 00:00:00,2,102,SABYA,"BBSR
",6796.12,0.0,6796.12,203.88,0.0,7000.0,0,0.0,0,0.0,0.0,7000.0,116,,New,0,,,,
106,101,1,RSL/19-20/106,2019-06-08 00:00:00,2,102,BASANTI JENA,"BBSR
",37233.01,0.0,37233.01,1117.0,0.0,38350.0,0,0.0,0,0.0,0.0,38350.0,117,,New,0,,,,
107,101,1,RSL/19-20/107,2019-06-09 00:00:00,2,102,DINESH,"BBSR
",20970.87,0.0,20970.87,629.12,0.0,21600.0,0,0.0,0,0.0,0.0,21600.0,118,,New,0,,,,
108,101,1,RSL/19-20/108,2019-06-09 00:00:00,2,102,BINAY,"BBSR
",16213.59,0.0,16213.59,486.4,0.0,16700.0,0,0.0,0,0.0,0.0,16700.0,119,,New,0,,,,
109,101,1,RSL/19-20/109,2019-06-10 00:00:00,2,102,A.MOHANTY,"BBSR
",16184.47,0.0,16184.47,485.54,0.0,16670.0,0,0.0,0,0.0,0.0,16670.0,120,,New,0,,,,
110,101,1,RSL/19-20/110,2019-06-10 00:00:00,2,102,LOKANATH,"BBSR
",3883.5,0.0,3883.5,116.5,-0.01,4000.01,0,0.0,0,0.0,0.0,4000.0,121,,New,0,,,,
111,101,1,RSL/19-20/111,2019-06-11 00:00:00,2,102,A.BHOLA,"BBSR
",1601.94,0.0,1601.94,48.06,0.0,1650.0,0,0.0,0,0.0,0.0,1650.0,122,,New,0,,,,
112,101,1,RSL/19-20/112,2019-06-11 00:00:00,2,102,S.KUMAR,"BBSR
",1990.29,0.0,1990.29,59.7,0.0,2050.0,0,0.0,0,0.0,0.0,2050.0,123,,New,0,,,,
113,101,1,RSL/19-20/113,2019-06-12 00:00:00,2,102,DINESH,"BBSR
",10679.61,0.0,10679.61,320.38,0.0,11000.0,0,0.0,0,0.0,0.0,11000.0,124,,New,0,,,,
114,101,1,RSL/19-20/114,2019-06-13 00:00:00,2,102,S.SAHOO,"BBSR
",16990.29,0.0,16990.29,509.7,0.0,17500.0,0,0.0,0,0.0,9000.0,8500.0,126,,New,0,,,,
115,101,1,RSL/19-20/115,2019-06-13 00:00:00,2,102,S.DEI,"BBSR
",4271.84,0.0,4271.84,128.16,0.0,4400.0,0,0.0,0,0.0,0.0,4400.0,127,,New,0,,,,
116,101,1,RSL/19-20/116,2019-06-14 00:00:00,2,102,SUKANT,"BBSR
",20388.35,0.0,20388.35,611.66,0.0,21000.0,0,0.0,0,0.0,0.0,21000.0,128,,New,0,,,,
117,101,1,RSL/19-20/117,2019-06-14 00:00:00,2,102,P.NAYAK,"BBSR
",53398.06,0.0,53398.06,1601.94,0.0,55000.0,0,0.0,0,0.0,0.0,55000.0,129,,New,0,,,,
118,101,1,RSL/19-20/118,2019-06-15 00:00:00,2,102,A.CHAUHAN,"BBSR
",10679.61,0.0,10679.61,320.38,0.0,11000.0,0,0.0,0,0.0,0.0,11000.0,130,,New,0,,,,
119,101,1,RSL/19-20/119,2019-06-15 00:00:00,2,102,S.SWAIN,"BBSR
",11165.05,0.0,11165.05,334.96,0.0,11500.0,0,0.0,0,0.0,0.0,11500.0,131,,New,0,,,,
120,101,1,RSL/19-20/120,2019-06-16 00:00:00,2,102,SABYA,"BBSR
",3592.23,0.0,3592.23,107.76,0.0,3700.0,0,0.0,0,0.0,0.0,3700.0,132,,New,0,,,,
121,101,1,RSL/19-20/121,2019-06-17 00:00:00,2,102,AFREEN,"BBSR
",13592.23,0.0,13592.23,407.76,0.0,14000.0,0,0.0,0,0.0,0.0,14000.0,133,,New,0,,,,
122,101,1,RSL/19-20/122,2019-06-17 00:00:00,2,102,P.C.PATI,"BBSR
",8252.43,0.0,8252.43,247.58,0.0,8500.0,0,0.0,0,0.0,0.0,8500.0,134,,New,0,,,,
123,101,1,RSL/19-20/123,2019-06-18 00:00:00,2,102,KARTIK,"BBSR
",4660.19,0.0,4660.19,139.8,0.0,4800.0,0,0.0,0,0.0,0.0,4800.0,135,,New,0,,,,
124,101,1,RSL/19-20/124,2019-06-18 00:00:00,2,102,DIPAK,"BBSR
",5631.07,0.0,5631.07,168.94,0.0,5800.0,0,0.0,0,0.0,0.0,5800.0,136,,New,0,,,,
125,101,1,RSL/19-20/125,2019-06-19 00:00:00,2,102,S.K.DASH,"
",21553.4,0.0,21553.4,646.6,0.0,22200.0,0,0.0,0,0.0,0.0,22200.0,137,,New,0,,,,
126,101,1,RSL/19-20/126,2019-06-20 00:00:00,2,102,AMRITA,"BBSR
",4854.37,0.0,4854.37,145.64,0.0,5000.0,0,0.0,0,0.0,0.0,5000.0,138,,New,0,,,,
127,101,1,RSL/19-20/127,2019-06-20 00:00:00,2,102,A.MAHJI,"BBSR
",3689.32,0.0,3689.32,110.68,0.0,3800.0,0,0.0,0,0.0,0.0,3800.0,139,,New,0,,,,
128,101,1,RSL/19-20/128,2019-06-21 00:00:00,2,102,K.SAHOO,"BBSR
",2912.62,0.0,2912.62,87.38,0.0,3000.0,0,0.0,0,0.0,0.0,3000.0,140,,New,0,,,,
129,101,1,RSL/19-20/129,2019-06-21 00:00:00,2,102,K.C.BEHERA,"BBSR
",14854.37,0.0,14854.37,445.64,0.0,15300.0,0,0.0,0,0.0,0.0,15300.0,141,,New,0,,,,
130,101,1,RSL/19-20/130,2019-06-21 00:00:00,2,102,ASHOK,"BBSR
",7378.64,0.0,7378.64,221.36,0.0,7600.0,0,0.0,0,0.0,0.0,7600.0,142,,New,0,,,,
131,101,1,RSL/19-20/131,2019-06-21 00:00:00,2,102,P.SAHOO,"BBSR
",8737.86,0.0,8737.86,262.14,0.0,9000.0,0,0.0,0,0.0,0.0,9000.0,143,,New,0,,,,
132,101,1,RSL/19-20/132,2019-06-21 00:00:00,2,102,SHYAM,"BBSR
",20388.35,0.0,20388.35,611.66,0.0,21000.0,0,0.0,0,0.0,0.0,21000.0,144,,New,0,,,,
133,101,1,RSL/19-20/133,2019-06-22 00:00:00,2,102,NIRANJJAN,"BBSR
",14077.67,0.0,14077.67,422.34,0.0,14500.0,0,0.0,0,0.0,0.0,14500.0,145,,New,0,,,,
134,101,1,RSL/19-20/134,2019-06-22 00:00:00,2,102,A.MOHANTY,"BBSR

",3834.95,0.0,3834.95,115.04,0.0,3950.0,0,0.0,0,0.0,0.0,3950.0,146,,New,0,,,,
135,101,1,RSL/19-20/135,2019-06-22 00:00:00,2,102,S.SAMANTRAY,"BBSR
",2912.62,0.0,2912.62,87.38,0.0,3000.0,0,0.0,0,0.0,0.0,3000.0,147,,New,0,,,,
136,101,1,RSL/19-20/136,2019-06-23 00:00:00,2,102,PANIGRAHI,"BBSR
",7766.99,0.0,7766.99,233.0,0.01,7999.99,0,0.0,0,0.0,0.0,8000.0,219,,Modified,0,,,,
137,101,1,RSL/19-20/137,2019-06-23 00:00:00,2,102,CHANDAN,"BBSR
",13398.06,0.0,13398.06,401.94,0.0,13800.0,0,0.0,0,0.0,0.0,13800.0,149,,New,0,,,,
138,101,1,RSL/19-20/138,2019-06-23 00:00:00,2,102,SUNITA,"BBSR
",11941.75,0.0,11941.75,358.26,0.0,12300.0,0,0.0,0,0.0,0.0,12300.0,150,,New,0,,,,
139,101,1,RSL/19-20/139,2019-06-23 00:00:00,2,102,ADITYA,"BBSR
",6990.29,0.0,6990.29,209.7,0.0,7200.0,0,0.0,0,0.0,0.0,7200.0,151,,New,0,,,,
140,101,1,RSL/19-20/140,2019-06-23 00:00:00,2,102,RAKESH,"BBSR
",10485.44,0.0,10485.44,314.56,0.0,10800.0,0,0.0,0,0.0,0.0,10800.0,152,,New,0,,,,
141,101,1,RSL/19-20/141,2019-06-24 00:00:00,2,102,NARRATAM,"BBSR
",14563.1,0.0,14563.1,436.9,0.0,15000.0,0,0.0,0,0.0,0.0,15000.0,153,,New,0,,,,
142,101,1,RSL/19-20/142,2019-06-24 00:00:00,2,102,S.PATTNAIK,"BBSR
",24271.84,0.0,24271.84,728.16,0.0,25000.0,0,0.0,0,0.0,0.0,25000.0,154,,New,0,,,,
143,101,1,RSL/19-20/143,2019-06-24 00:00:00,2,102,RAKES,"BBSR
",1427.18,0.0,1427.18,42.82,0.0,1470.0,0,0.0,0,0.0,0.0,1470.0,155,,New,0,,,,
144,101,1,RSL/19-20/144,2019-06-25 00:00:00,2,102,ITISHREE,"BBSR
",4368.93,0.0,4368.93,131.06,0.0,4500.0,0,0.0,0,0.0,0.0,4500.0,156,,New,0,,,,
145,101,1,RSL/19-20/145,2019-06-25 00:00:00,2,102,SAMBIT,"BBSR
",5582.52,0.0,5582.52,167.48,0.0,5750.0,0,0.0,0,0.0,0.0,5750.0,157,,New,0,,,,
146,101,1,RSL/19-20/146,2019-06-26 00:00:00,2,102,P.C.PALLAI,"BBSR
",10485.44,0.0,10485.44,314.56,0.0,10800.0,0,0.0,0,0.0,0.0,10800.0,158,,New,0,,,,
147,101,1,RSL/19-20/147,2019-06-26 00:00:00,2,102,CHANDAN,"BBSR
",8252.43,0.0,8252.43,247.58,0.0,8500.0,0,0.0,0,0.0,0.0,8500.0,159,,New,0,,,,
148,101,1,RSL/19-20/148,2019-06-27 00:00:00,2,102,SOUMYA,"BBSR
",8446.6,0.0,8446.6,253.4,0.0,8700.0,0,0.0,0,0.0,0.0,8700.0,160,,New,0,,,,
149,101,1,RSL/19-20/149,2019-06-27 00:00:00,2,102,SWAPAN,"BBSR
",15533.98,0.0,15533.98,466.02,0.0,16000.0,0,0.0,0,0.0,0.0,16000.0,161,,New,0,,,,
150,101,1,RSL/19-20/150,2019-06-27 00:00:00,2,102,DIPAK,"BBSR
",4951.46,0.0,4951.46,148.54,0.0,5100.0,0,0.0,0,0.0,0.0,5100.0,162,,New,0,,,,
151,101,1,RSL/19-20/151,2019-06-27 00:00:00,2,102,KARTIK,"BBSR
",5145.63,0.0,5145.63,154.36,0.0,5300.0,0,0.0,0,0.0,0.0,5300.0,163,,New,0,,,,
152,101,1,RSL/19-20/152,2019-06-28 00:00:00,2,102,SUNITA,"
BBSR
",8252.43,0.0,8252.43,247.58,0.0,8500.0,0,0.0,0,0.0,0.0,8500.0,164,,New,0,,,,
153,101,1,RSL/19-20/153,2019-06-28 00:00:00,2,102,R.BARIK,"BBSR
",1941.75,0.0,1941.75,58.26,0.0,2000.0,0,0.0,0,0.0,0.0,2000.0,165,,New,0,,,,
154,101,1,RSL/19-20/154,2019-06-28 00:00:00,2,102,RUCHI,"BBSR
",4854.37,0.0,4854.37,145.64,0.0,5000.0,0,0.0,0,0.0,0.0,5000.0,166,,New,0,,,,
155,101,1,RSL/19-20/155,2019-06-29 00:00:00,2,102,SUSANT,"BBSR
",2912.62,0.0,2912.62,87.38,0.0,3000.0,0,0.0,0,0.0,0.0,3000.0,167,,New,0,,,,
156,101,1,RSL/19-20/156,2019-06-29 00:00:00,2,102,AVISEK,"BBSR
",13106.8,0.0,13106.8,393.2,0.0,13500.0,0,0.0,0,0.0,0.0,13500.0,168,,New,0,,,,
157,101,1,RSL/19-20/157,2019-06-30 00:00:00,2,102,HITEN SWAIN,"BBSR
",11941.75,0.0,11941.75,358.26,0.0,12300.0,0,0.0,0,0.0,0.0,12300.0,169,,New,0,,,,
158,101,1,RSL/19-20/158,2019-07-01 00:00:00,2,102,SANTOSH,"BBSR
",23786.41,0.0,23786.41,713.6,0.0,24500.0,0,0.0,0,0.0,0.0,24500.0,170,,New,0,,,,
159,101,1,RSL/19-20/159,2019-07-02 00:00:00,2,102,AKASH,"BBSR
",4368.93,0.0,4368.93,131.06,0.0,4500.0,0,0.0,0,0.0,0.0,4500.0,171,,New,0,,,,
160,101,1,RSL/19-20/160,2019-07-02 00:00:00,2,102,ASHOK,"BBSR
",33009.71,0.0,33009.71,990.3,0.0,34000.0,0,0.0,0,0.0,0.0,34000.0,172,,New,0,,,,
161,101,1,RSL/19-20/161,2019-07-03 00:00:00,2,102,P.K.DAS,"BBSR
",4368.93,0.0,4368.93,131.06,0.0,4500.0,0,0.0,0,0.0,0.0,4500.0,173,,New,0,,,,
162,101,1,RSL/19-20/162,2019-07-04 00:00:00,2,102,BUTU,"BBSR
",582.52,0.0,582.52,17.48,0.0,600.0,0,0.0,0,0.0,0.0,600.0,175,,New,0,,,,
163,101,1,RSL/19-20/163,2019-07-04 00:00:00,2,102,K.KHAN,"BBSR
",3689.32,0.0,3689.32,110.68,0.0,3800.0,0,0.0,0,0.0,0.0,3800.0,176,,New,0,,,,
164,101,1,RSL/19-20/164,2019-07-05 00:00:00,2,102,T.PATTNAIK,"BBSR
",15533.98,0.0,15533.98,466.02,0.0,16000.0,0,0.0,0,0.0,0.0,16000.0,177,,New,0,,,,
165,101,1,RSL/19-20/165,2019-07-05 00:00:00,2,102,KUNA,"BBSR
",4854.37,0.0,4854.37,145.64,0.0,5000.0,0,0.0,0,0.0,0.0,5000.0,178,,New,0,,,,
166,101,1,RSL/19-20/166,2019-07-05 00:00:00,2,102,T.PATTNAIK,"BBSR
",6504.85,0.0,6504.85,195.14,0.0,6700.0,0,0.0,0,0.0,0.0,6700.0,179,,New,0,,,,
167,101,1,RSL/19-20/167,2019-07-05 00:00:00,2,102,RAGAV,"BBSR
",7475.73,0.0,7475.73,224.28,0.0,7700.0,0,0.0,0,0.0,0.0,7700.0,180,,New,0,,,,
168,101,1,RSL/19-20/168,2019-07-06 00:00:00,2,102,PARESH,"BBSR
",7087.38,0.0,7087.38,212.62,0.0,7300.0,0,0.0,0,0.0,0.0,7300.0,181,,New,0,,,,
169,101,1,RSL/19-20/169,2019-07-06 00:00:00,2,102,SURESH,"BBSR
",6310.68,0.0,6310.68,189.32,0.0,6500.0,0,0.0,0,0.0,0.0,6500.0,182,,New,0,,,,
170,101,1,RSL/19-20/170,2019-07-07 00:00:00,2,102,P.MISHRA,"BBSR
",1941.75,0.0,1941.75,58.26,0.0,2000.0,0,0.0,0,0.0,0.0,2000.0,183,,New,0,,,,
171,101,1,RSL/19-20/171,2019-07-07 00:00:00,2,102,SWAGTIKA,"BBSR
",5048.54,0.0,5048.54,151.46,0.0,5200.0,0,0.0,0,0.0,0.0,5200.0,184,,New,0,,,,
172,101,1,RSL/19-20/172,2019-07-07 00:00:00,2,102,AMRITA,"BBSR
",6310.68,0.0,6310.68,189.32,0.0,6500.0,0,0.0,0,0.0,0.0,6500.0,185,,New,0,,,,
173,101,1,RSL/19-20/173,2019-07-08 00:00:00,2,102,SUMEET,"BBSR
",63106.8,0.0,63106.8,1893.2,0.0,65000.0,0,0.0,0,0.0,0.0,65000.0,186,,New,0,,,,
174,101,1,RSL/19-20/174,2019-07-09 00:00:00,2,102,S.MOHANTY,"BBSR
",12135.92,0.0,12135.92,364.08,0.0,12500.0,0,0.0,0,0.0,0.0,12500.0,187,,New,0,,,,
175,101,1,RSL/19-20/175,2019-07-09 00:00:00,2,102,GAYATRI BARIK,"BBSR
",13106.8,0.0,13106.8,393.2,0.0,13500.0,0,0.0,0,0.0,0.0,13500.0,193,,Modified,0,,,,
176,101,1,RSL/19-20/176,2019-07-09 00:00:00,2,102,SURAT,"BBSR
",5825.24,0.0,5825.24,174.76,0.0,6000.0,0,0.0,0,0.0,0.0,6000.0,190,,New,0,,,,
177,101,1,RSL/19-20/177,2019-07-09 00:00:00,2,102,GAYATRI BARIK,"BBSR
",13980.58,0.0,13980.58,419.42,0.0,14400.0,0,0.0,0,0.0,0.0,14400.0,192,,Modified,0,,,,
178,101,1,RSL/19-20/178,2019-07-09 00:00:00,2,102,GAYATRI BARIK,"BBSR
",11262.14,0.0,11262.14,337.86,0.0,11600.0,0,0.0,0,0.0,0.0,11600.0,194,,New,0,,,,
179,101,1,RSL/19-20/179,2019-07-09 00:00:00,2,102,GAYATRI BARIK,"BBSR
",3398.06,0.0,3398.06,101.94,0.0,3500.0,0,0.0,0,0.0,0.0,3500.0,195,,New,0,,,,
180,101,1,RSL/19-20/180,2019-07-10 00:00:00,2,102,RAMA,"BBSR
",3106.8,0.0,3106.8,93.2,0.0,3200.0,0,0.0,0,0.0,0.0,3200.0,196,,New,0,,,,
181,101,1,RSL/19-20/181,2019-07-10 00:00:00,2,102,M.SWAIN,"BBSR
",4660.19,0.0,4660.19,139.8,0.0,4800.0,0,0.0,0,0.0,0.0,4800.0,197,,New,0,,,,
182,101,1,RSL/19-20/182,2019-07-11 00:00:00,2,102,LAXMIDHAR,"BBSR
",1893.2,0.0,1893.2,56.8,0.0,1950.0,0,0.0,0,0.0,0.0,1950.0,198,,New,0,,,,
183,101,1,RSL/19-20/183,2019-07-12 00:00:00,2,102,ROHIT,"BBSR
",4368.93,0.0,4368.93,131.06,0.0,4500.0,0,0.0,0,0.0,0.0,4500.0,199,,New,0,,,,
184,101,1,RSL/19-20/184,2019-07-13 00:00:00,2,102,DILIP BISWAL,"BBSR
",4563.11,0.0,4563.11,136.9,0.0,4700.0,0,0.0,0,0.0,0.0,4700.0,200,,New,9861130954,,,,
185,101,1,RSL/19-20/185,2019-07-13 00:00:00,2,102,ANIL,"BBSR
",3009.71,0.0,3009.71,90.3,0.0,3100.0,0,0.0,0,0.0,0.0,3100.0,201,,New,0,,,,
186,101,1,RSL/19-20/186,2019-07-13 00:00:00,2,102,AVISEK,"BBSR
",3592.23,0.0,3592.23,107.76,0.0,3700.0,0,0.0,0,0.0,0.0,3700.0,202,,New,0,,,,
187,101,1,RSL/19-20/187,2019-07-14 00:00:00,2,102,RAJALAXMI,"BBSR
",1941.75,0.0,1941.75,58.26,0.0,2000.0,0,0.0,0,0.0,0.0,2000.0,203,,New,0,,,,
188,101,1,RSL/19-20/188,2019-07-15 00:00:00,2,102,D.SARANGI,"BBSR
",2135.92,0.0,2135.92,64.08,0.0,2200.0,0,0.0,0,0.0,0.0,2200.0,204,,New,0,,,,
189,101,1,RSL/19-20/189,2019-07-15 00:00:00,2,102,RAMESH,"BBSR
",12135.92,0.0,12135.92,364.08,0.0,12500.0,0,0.0,0,0.0,0.0,12500.0,205,,New,0,,,,
190,101,1,RSL/19-20/190,2019-07-16 00:00:00,2,102,RAJBEER,"BBSR
",39805.83,0.0,39805.83,1194.18,0.0,41000.0,0,0.0,0,0.0,0.0,41000.0,206,,New,0,,,,
191,101,1,RSL/19-20/191,2019-07-17 00:00:00,2,102,SWARAJ,"BBSR
",21359.22,0.0,21359.22,640.78,0.0,22000.0,0,0.0,0,0.0,0.0,22000.0,207,,New,0,,,,
192,101,1,RSL/19-20/192,2019-07-17 00:00:00,2,102,S.MOHANTY,"BBSR
",27669.9,0.0,27669.9,830.1,0.0,28500.0,0,0.0,0,0.0,0.0,28500.0,208,,New,0,,,,
193,101,1,RSL/19-20/193,2019-07-18 00:00:00,2,102,RASMI,"BBSR
",6116.5,0.0,6116.5,183.5,0.0,6300.0,0,0.0,0,0.0,0.0,6300.0,209,,New,0,,,,
194,101,1,RSL/19-20/194,2019-07-19 00:00:00,2,102,PARIMITA,"BBSR
",2912.62,0.0,2912.62,87.38,0.0,3000.0,0,0.0,0,0.0,0.0,3000.0,210,,New,0,,,,
195,101,1,RSL/19-20/195,2019-07-20 00:00:00,2,102,RAKESH,"BBSR
",2427.18,0.0,2427.18,72.82,0.0,2500.0,0,0.0,0,0.0,0.0,2500.0,212,,Modified,0,,,,
196,101,1,RSL/19-20/196,2019-07-21 00:00:00,2,102,SAMBIT,"BBSR
",13592.23,0.0,13592.23,407.76,0.0,14000.0,0,0.0,0,0.0,0.0,14000.0,213,,New,0,,,,
197,101,1,RSL/19-20/197,2019-07-22 00:00:00,2,102,SONALI,"BBSR
",37378.64,0.0,37378.64,1121.36,0.0,38500.0,0,0.0,0,0.0,0.0,38500.0,214,,New,0,,,,
198,101,1,RSL/19-20/198,2019-07-23 00:00:00,2,102,ABDUL,"BBSR

",94174.76,0.0,94174.76,2825.24,0.0,97000.0,0,0.0,0,35000.0,0.0,62000.0,216,,New,0,,,,
199,101,1,RSL/19-20/199,2019-07-23 00:00:00,2,102,DINESH,"BBSR
",3883.5,0.0,3883.5,116.5,-0.01,4000.01,0,0.0,0,0.0,0.0,4000.0,217,,New,0,,,,
200,101,1,RSL/19-20/200,2019-07-24 00:00:00,2,102,BABAJI NAYAK,"
",1844.66,0.0,1844.66,55.34,0.0,1900.0,0,0.0,0,0.0,0.0,1900.0,218,,New,0,,,,
201,101,1,RSL/19-20/201,2019-07-25 00:00:00,2,102,ASHOK,"BBSR
",4368.93,0.0,4368.93,131.06,0.0,4500.0,0,0.0,0,0.0,0.0,4500.0,220,,New,0,,,,
202,101,1,RSL/19-20/202,2019-07-26 00:00:00,2,102,SWAGTIKA,"BBSR
",10000.0,0.0,10000.0,300.0,0.0,10300.0,0,0.0,0,0.0,0.0,10300.0,221,,New,0,,,,
203,101,1,RSL/19-20/203,2019-07-27 00:00:00,2,102,BIJAY KUMAR,"BBSR
",1601.94,0.0,1601.94,48.06,0.0,1650.0,0,0.0,0,0.0,0.0,1650.0,222,,New,0,,,,
204,101,1,RSL/19-20/204,2019-07-27 00:00:00,2,102,SABITA DASH,"BBSR
",4660.19,0.0,4660.19,139.8,0.0,4800.0,0,0.0,0,0.0,0.0,4800.0,223,,New,0,,21BIYPD4783L1ZP,,
205,101,1,RSL/19-20/205,2019-07-27 00:00:00,2,102,S.PATTNAIK,"BBSR
",18446.6,0.0,18446.6,553.4,0.0,19000.0,0,0.0,0,0.0,0.0,19000.0,224,,New,0,,,,
206,101,1,RSL/19-20/206,2019-07-28 00:00:00,2,102,BISWAJIT,"BBSR
",5339.81,0.0,5339.81,160.2,0.0,5500.0,0,0.0,0,0.0,0.0,5500.0,225,,New,0,,,,
207,101,1,RSL/19-20/207,2019-07-29 00:00:00,2,102,S.PATTNAIK,"BBSR
",11650.49,0.0,11650.49,349.52,0.0,12000.0,0,0.0,0,0.0,0.0,12000.0,226,,New,0,,,,
208,101,1,RSL/19-20/208,2019-07-29 00:00:00,2,102,A.SWAIN,"BBSR
",42718.45,0.0,42718.45,1281.56,0.0,44000.0,0,0.0,0,19000.0,0.0,25000.0,228,,New,0,,,,
209,101,1,RSL/19-20/209,2019-07-30 00:00:00,2,102,BISWAJIT,"BBSR
",3398.06,0.0,3398.06,101.94,0.0,3500.0,0,0.0,0,0.0,0.0,3500.0,229,,New,0,,,,
210,101,1,RSL/19-20/210,2019-07-31 00:00:00,2,102,S.NANDI,,4854.37,0.0,4854.37,145.64,-0.01,5000.01,0,0.0,0,0.0,0.0,5000.0,263,,Modified,0,,,,
211,101,1,RSL/19-20/211,2019-08-01 00:00:00,2,102,SAILESH,"BBSR
",20873.79,0.0,20873.79,626.22,0.0,21500.0,0,0.0,0,0.0,0.0,21500.0,231,,New,0,,,,
212,101,1,RSL/19-20/212,2019-08-02 00:00:00,2,102,S.NANDI,"
",112427.18,0.0,112427.18,3372.82,0.0,115800.0,0,0.0,0,0.0,24800.0,91000.0,267,,Modified,0,,,,
213,101,1,RSL/19-20/213,2019-08-02 00:00:00,2,102,SURESH,"BBSR
",7766.99,0.0,7766.99,233.0,0.0,8000.0,0,0.0,0,0.0,0.0,8000.0,234,,New,0,,,,
214,101,1,RSL/19-20/214,2019-08-02 00:00:00,2,102,VIKRAM,"BBSR
",97.09,0.0,97.09,2.92,0.0,100.0,0,0.0,0,0.0,0.0,100.0,235,,New,0,,,,
215,101,1,RSL/19-20/215,2019-08-03 00:00:00,2,102,S.PATTNAIK,"BBSR
",45048.54,0.0,45048.54,1351.46,0.0,46400.0,0,0.0,0,0.0,35400.0,11000.0,237,,New,0,,,,
216,101,1,RSL/19-20/216,2019-08-04 00:00:00,2,102,B.NAYAK,"BBSR
",6310.68,0.0,6310.68,189.32,0.0,6500.0,0,0.0,0,0.0,0.0,6500.0,238,,New,0,,,,
217,101,1,RSL/19-20/217,2019-08-05 00:00:00,2,102,ABINASH,"BBSR
",8252.43,0.0,8252.43,247.58,0.0,8500.0,0,0.0,0,0.0,0.0,8500.0,239,,New,0,,,,
218,101,1,RSL/19-20/218,2019-08-06 00:00:00,2,102,P.MALOTRA,"BBSR
",9708.74,0.0,9708.74,291.26,0.0,10000.0,0,0.0,0,0.0,0.0,10000.0,240,,New,0,,,,
219,101,1,RSL/19-20/219,2019-08-07 00:00:00,2,102,S.K.PRADHAN,"BBSR
",17475.73,0.0,17475.73,524.28,0.0,18000.0,0,0.0,0,0.0,0.0,18000.0,241,,New,0,,,,
220,101,1,RSL/19-20/220,2019-08-07 00:00:00,2,102,P.C.MOHANTY,"BBSR
",60679.61,0.0,60679.61,1820.38,0.0,62500.0,0,0.0,0,0.0,0.0,62500.0,242,,New,0,,,,
221,101,1,RSL/19-20/221,2019-08-07 00:00:00,2,102,S.NANDI,"BBSR
",14805.83,0.0,14805.83,444.18,0.0,15250.0,0,0.0,0,0.0,0.0,15250.0,243,,New,0,,,,
222,101,1,RSL/19-20/222,2019-08-08 00:00:00,2,102,BUBU,"BBSR
",2912.62,0.0,2912.62,87.38,0.0,3000.0,0,0.0,0,0.0,0.0,3000.0,244,,New,0,,,,
223,101,1,RSL/19-20/223,2019-08-09 00:00:00,2,102,R.MOHANTY,"BBSR
",69902.91,0.0,69902.91,2097.08,0.0,72000.0,0,0.0,0,0.0,0.0,72000.0,245,,New,0,,,,
224,101,1,RSL/19-20/224,2019-08-10 00:00:00,2,102,PRIYANKA,"BBSR
",13592.23,0.0,13592.23,407.76,0.0,14000.0,0,0.0,0,0.0,0.0,14000.0,246,,New,0,,,,
225,101,1,RSL/19-20/225,2019-08-11 00:00:00,2,102,R.PATEL,"BBSR
",3398.06,0.0,3398.06,101.94,0.0,3500.0,0,0.0,0,0.0,0.0,3500.0,247,,New,0,,,,
226,101,1,RSL/19-20/226,2019-08-12 00:00:00,2,102,P.MALHOTRA,"BBSR
",41213.59,0.0,41213.59,1236.4,0.0,42450.0,0,0.0,0,0.0,0.0,42450.0,248,,New,0,,,,
227,101,1,RSL/19-20/227,2019-08-12 00:00:00,2,102,LIPSA,"BBSR
",679.61,0.0,679.61,20.38,0.0,700.0,0,0.0,0,0.0,0.0,700.0,249,,New,0,,,,
228,101,1,RSL/19-20/228,2019-08-13 00:00:00,2,102,SAMBIT,"BBSR
",3106.8,0.0,3106.8,93.2,0.0,3200.0,0,0.0,0,0.0,0.0,3200.0,250,,New,0,,,,
229,101,1,RSL/19-20/229,2019-08-14 00:00:00,2,102,SHIVANGI,"BBSR
",9514.56,0.0,9514.56,285.44,0.0,9800.0,0,0.0,0,0.0,0.0,9800.0,251,,New,0,,,,
230,101,1,RSL/19-20/230,2019-08-15 00:00:00,2,102,DIPAK,"BBSR
",1359.22,0.0,1359.22,40.78,0.0,1400.0,0,0.0,0,0.0,0.0,1400.0,252,,New,0,,,,
231,101,1,RSL/19-20/231,2019-08-16 00:00:00,2,102,R.BARI,"BBSR
",796.12,0.0,796.12,23.88,0.0,820.0,0,0.0,0,0.0,0.0,820.0,253,,New,0,,,,
232,101,1,RSL/19-20/232,2019-08-17 00:00:00,2,102,BINAY,"BBSR
",3009.71,0.0,3009.71,90.3,0.0,3100.0,0,0.0,0,0.0,0.0,3100.0,254,,New,0,,,,
233,101,1,RSL/19-20/233,2019-08-18 00:00:00,2,102,SWAYAM,"BBSR
",970.87,0.0,970.87,29.12,0.0,1000.0,0,0.0,0,0.0,0.0,1000.0,255,,New,0,,,,
234,101,1,RSL/19-20/234,2019-08-19 00:00:00,2,102,AMAN,"BBSR
",1747.57,0.0,1747.57,52.42,0.0,1800.0,0,0.0,0,0.0,0.0,1800.0,256,,New,0,,,,
235,101,1,RSL/19-20/235,2019-08-20 00:00:00,2,102,JITEN,"BBSR
",10194.17,0.0,10194.17,305.82,0.0,10500.0,0,0.0,0,0.0,0.0,10500.0,257,,New,0,,,,
236,101,1,RSL/19-20/236,2019-08-21 00:00:00,2,102,SANJU DEVI,"SHANTI PALI
",1941.75,0.0,1941.75,58.26,0.0,2000.0,0,0.0,0,0.0,0.0,2000.0,258,,New,0,,,,
237,101,1,RSL/19-20/237,2019-08-21 00:00:00,2,102,B.DAS,"BBSR
",5000.0,0.0,5000.0,150.0,0.0,5150.0,0,0.0,0,0.0,0.0,5150.0,259,,New,0,,,,
238,101,1,RSL/19-20/238,2019-08-22 00:00:00,2,102,B.ROUT,"BBSR
",2766.99,0.0,2766.99,83.0,0.0,2850.0,0,0.0,0,0.0,0.0,2850.0,260,,New,0,,,,
239,101,1,RSL/19-20/239,2019-08-22 00:00:00,2,102,P.PANDEY,"BBSR
",3194.17,0.0,3194.17,95.82,0.0,3290.0,0,0.0,0,0.0,0.0,3290.0,261,,New,0,,,,
240,101,1,RSL/19-20/240,2019-08-23 00:00:00,2,102,B.MOHANTY,"BBSR
",9708.73,0.0,9708.73,291.26,0.0,10000.0,0,0.0,0,0.0,0.0,10000.0,262,,New,0,,,,
241,101,1,RSL/19-20/241,2019-08-24 00:00:00,2,102,SUNIL KUMAR,"BBSR
",5000.0,0.0,5000.0,150.0,0.0,5150.0,0,0.0,0,0.0,0.0,5150.0,265,,New,0,,,,
242,101,1,RSL/19-20/242,2019-08-24 00:00:00,2,102,S.NANDI,"BBSR
",18446.6,0.0,18446.6,553.4,0.0,19000.0,0,0.0,0,0.0,0.0,19000.0,266,,New,0,,,,
243,101,1,RSL/19-20/243,2019-08-25 00:00:00,2,102,A.PRADHAN,"BBSR
",679.61,0.0,679.61,20.38,0.0,700.0,0,0.0,0,0.0,0.0,700.0,268,,New,0,,,,
244,101,1,RSL/19-20/244,2019-08-26 00:00:00,2,102,RAVI,"BBSR
",1650.49,0.0,1650.49,49.52,0.0,1700.0,0,0.0,0,0.0,0.0,1700.0,269,,New,0,,,,
245,101,1,RSL/19-20/245,2019-08-27 00:00:00,2,102,B.SINGH,"BBSR
",1504.85,0.0,1504.85,45.14,0.0,1550.0,0,0.0,0,0.0,0.0,1550.0,270,,New,0,,,,
246,101,1,RSL/19-20/246,2019-08-27 00:00:00,2,102,P.ROUTRAY,"BBS
R
",776.7,0.0,776.7,23.3,0.0,800.0,0,0.0,0,0.0,0.0,800.0,271,,New,0,,,,
247,101,1,RSL/19-20/247,2019-08-28 00:00:00,2,102,SASHI,"BBSR
",3106.8,0.0,3106.8,93.2,0.0,3200.0,0,0.0,0,0.0,0.0,3200.0,272,,New,0,,,,
248,101,1,RSL/19-20/248,2019-08-29 00:00:00,2,102,K.SAHOO,"BBSR
",6990.29,0.0,6990.29,209.7,0.0,7200.0,0,0.0,0,0.0,0.0,7200.0,273,,New,0,,,,
249,101,1,RSL/19-20/249,2019-08-29 00:00:00,2,102,M.C.BHOLA,"BBSR
",12621.36,0.0,12621.36,378.64,0.0,13000.0,0,0.0,0,0.0,0.0,13000.0,274,,New,0,,,,
250,101,1,RSL/19-20/250,2019-08-30 00:00:00,2,102,A.BEHERA,"BBSR
",24174.75,0.0,24174.75,725.24,0.0,24900.0,0,0.0,0,0.0,0.0,24900.0,275,,New,0,,,,
251,101,1,RSL/19-20/251,2019-08-30 00:00:00,2,102,CHINTU,"BBSR
",4854.37,0.0,4854.37,145.64,0.0,5000.0,0,0.0,0,0.0,0.0,5000.0,276,,New,0,,,,
252,101,1,RSL/19-20/252,2019-08-31 00:00:00,2,102,AVI,"BBSR
",1553.4,0.0,1553.4,46.6,0.0,1600.0,0,0.0,0,0.0,0.0,1600.0,277,,New,0,,,,
253,101,1,RSL/19-20/253,2019-09-01 00:00:00,2,102,AKASH,"BBSR
",3883.5,0.0,3883.5,116.5,-0.01,4000.01,0,0.0,0,0.0,0.0,4000.0,278,,New,0,,,,
254,101,1,RSL/19-20/254,2019-09-02 00:00:00,2,102,PRIYA,"BBSR
",15048.54,0.0,15048.54,451.46,0.0,15500.0,0,0.0,0,0.0,0.0,15500.0,279,,New,0,,,,
255,101,1,RSL/19-20/255,2019-09-03 00:00:00,2,102,V.CHAUBEY,"BBSR
",728.16,0.0,728.16,21.84,0.0,750.0,0,0.0,0,0.0,0.0,750.0,280,,New,0,,,,
256,101,1,RSL/19-20/256,2019-09-04 00:00:00,2,102,R.SAHOO,"BBSR
",1941.75,0.0,1941.75,58.26,0.0,2000.0,0,0.0,0,0.0,0.0,2000.0,281,,New,0,,,,
257,101,1,RSL/19-20/257,2019-09-05 00:00:00,2,102,JYOTI,"BBSR
",2766.99,0.0,2766.99,83.0,0.0,2850.0,0,0.0,0,0.0,0.0,2850.0,282,,New,0,,,,
258,101,1,RSL/19-20/258,2019-09-06 00:00:00,2,102,DINESH,"BBSR
",4757.28,0.0,4757.28,142.72,0.0,4900.0,0,0.0,0,0.0,0.0,4900.0,283,,New,0,,,,
259,101,1,RSL/19-20/259,2019-09-07 00:00:00,2,102,SONALI,"BBSR
",64077.67,0.0,64077.67,1922.34,0.0,66000.0,0,0.0,0,0.0,0.0,66000.0,284,,New,0,,,,
260,101,1,RSL/19-20/260,2019-09-08 00:00:00,2,102,P.K.PATTNAIK,"BBSR
",84466.02,0.0,84466.02,2533.98,0.0,87000.0,0,0.0,0,0.0,0.0,87000.0,285,,New,0,,,,
261,101,1,RSL/19-20/261,2019-09-08 00:00:00,2,102,U.K.MOHANTY,"BBSR
",169417.47,0.0,169417.47,5082.52,0.0,174500.0,0,0.0,0,0.0,0.0,174500.0,286,,New,0,,,,
262,101,1,RSL/19-20/262,2019-09-09 00:00:00,2,102,V.BHUYAN,"BBSR
",15048.54,0.0,15048.54,451.46,0.0,15500.0,0,0.0,0,0.0,0.0,15500.0,287,,New,0,,,,
263,101,1,RSL/19-20/263,2019-09-09 00:00:00,2,102,DEEPAK SHARMA,"BBSR
",3398.06,0.0,3398.06,101.94,0.0,3500.0,0,0.0,0,0.0,0.0,3500.0,288,,New,0,,,,
264,101,1,RSL/19-20/264,2019-09-09 00:00:00,2,102,SIDHARTH MOHANTY,"
",1650.49,0.0,1650.49,49.52,0.0,1700.0,0,0.0,0,0.0,0.0,1700.0,289,,New,0,,,,
265,101,1,RSL/19-20/265,2019-09-09 00:00:00,2,102,SAROJ,"BBSR
",970.87,0.0,970.87,29.12,0.0,1000.0,0,0.0,0,0.0,0.0,1000.0,290,,New,0,,,,
266,101,1,RSL/19-20/266,2019-09-10 00:00:00,2,102,P.SWAIN,"BBSR
",3398.06,0.0,3398.06,101.94,0.0,3500.0,0,0.0,0,0.0,0.0,3500.0,291,,New,0,,,,
267,101,1,RSL/19-20/267,2019-09-11 00:00:00,2,102,RAMESH,"BBSR
",2038.83,0.0,2038.83,61.16,0.01,2099.99,0,0.0,0,0.0,0.0,2100.0,292,,New,0,,,,
268,101,1,RSL/19-20/268,2019-09-12 00:00:00,2,102,KALIA,"BBSR

",44660.19,0.0,44660.19,1339.8,0.0,46000.0,0,0.0,0,0.0,0.0,46000.0,293,,New,0,,,,
269,101,1,RSL/19-20/269,2019-09-12 00:00:00,2,102,DIMPLE,"BBSR
",16504.85,0.0,16504.85,495.14,0.0,17000.0,0,0.0,0,0.0,0.0,17000.0,294,,New,0,,,,
270,101,1,RSL/19-20/270,2019-09-13 00:00:00,2,102,BABULU,"BBSR
",22330.1,0.0,22330.1,669.9,0.0,23000.0,0,0.0,0,0.0,0.0,23000.0,295,,New,0,,,,
271,101,1,RSL/19-20/271,2019-09-14 00:00:00,2,102,D.SWAIN,"BBSR
",5339.81,0.0,5339.81,160.2,0.0,5500.0,0,0.0,0,0.0,0.0,5500.0,296,,New,0,,,,
272,101,1,RSL/19-20/272,2019-09-14 00:00:00,2,102,V.BHUYAN,"BBSR
",10873.79,0.0,10873.79,326.22,0.0,11200.0,0,0.0,0,0.0,0.0,11200.0,297,,New,0,,,,
273,101,1,RSL/19-20/273,2019-09-15 00:00:00,2,102,MANOJ,"BBSR
",4368.93,0.0,4368.93,131.06,0.0,4500.0,0,0.0,0,0.0,0.0,4500.0,298,,New,0,,,,
274,101,1,RSL/19-20/274,2019-09-16 00:00:00,2,102,DIPIKA,"BBSR
",3398.06,0.0,3398.06,101.94,0.0,3500.0,0,0.0,0,0.0,0.0,3500.0,299,,New,0,,,,
275,101,1,RSL/19-20/275,2019-09-17 00:00:00,2,102,KOMAL,"BBSR
",1941.75,0.0,1941.75,58.26,0.0,2000.0,0,0.0,0,0.0,0.0,2000.0,300,,New,0,,,,
276,101,1,RSL/19-20/276,2019-09-18 00:00:00,2,102,B.MOHANTY,"BBSR
",2087.38,0.0,2087.38,62.62,0.0,2150.0,0,0.0,0,0.0,0.0,2150.0,301,,New,0,,,,
277,101,1,RSL/19-20/277,2019-09-19 00:00:00,2,102,ALOK,"BBSR
",7766.99,0.0,7766.99,233.0,0.0,8000.0,0,0.0,0,0.0,0.0,8000.0,302,,New,0,,,,
278,101,1,RSL/19-20/278,2019-09-20 00:00:00,2,102,BABULU,"BBSR
",6796.12,0.0,6796.12,203.88,0.0,7000.0,0,0.0,0,0.0,0.0,7000.0,303,,New,0,,,,
279,101,1,RSL/19-20/279,2019-09-21 00:00:00,2,102,DEEPTI,"BBSR
",4854.37,0.0,4854.37,145.64,0.0,5000.0,0,0.0,0,0.0,0.0,5000.0,304,,New,0,,,,
280,101,1,RSL/19-20/280,2019-09-22 00:00:00,2,102,KALIA,"BBSR
",15048.54,0.0,15048.54,451.46,0.0,15500.0,0,0.0,0,0.0,0.0,15500.0,305,,New,0,,,,
281,101,1,RSL/19-20/281,2019-09-23 00:00:00,2,102,ISHAN,"BBSR
",3495.15,0.0,3495.15,104.86,0.0,3600.0,0,0.0,0,0.0,0.0,3600.0,306,,New,0,,,,
282,101,1,RSL/19-20/282,2019-09-24 00:00:00,2,102,BHARTI,"BBSR
",2912.62,0.0,2912.62,87.38,0.0,3000.0,0,0.0,0,0.0,0.0,3000.0,307,,New,0,,,,
283,101,1,RSL/19-20/283,2019-09-25 00:00:00,2,102,R.MOHANTY,"BBSR
",11650.49,0.0,11650.49,349.52,0.0,12000.0,0,0.0,0,0.0,0.0,12000.0,308,,New,0,,,,
284,101,1,RSL/19-20/284,2019-09-25 00:00:00,2,102,R.MOHANTY,BBSR,8737.86,0.0,8737.86,262.14,0.0,9000.0,0,0.0,0,0.0,0.0,9000.0,309,,New,0,,,,
285,101,1,RSL/19-20/285,2019-09-25 00:00:00,2,102,RAJ PANDA,"BBSR
",5048.54,0.0,5048.54,151.46,0.0,5200.0,0,0.0,0,0.0,0.0,5200.0,311,,Modified,0,,,,
286,101,1,RSL/19-20/286,2019-09-26 00:00:00,2,102,D.MAJHI,"BBSR
",4466.02,0.0,4466.02,133.98,0.0,4600.0,0,0.0,0,0.0,0.0,4600.0,312,,New,0,,,,
287,101,1,RSL/19-20/287,2019-09-27 00:00:00,2,102,RAJESH,"BBSR
",2038.83,0.0,2038.83,61.16,0.01,2099.99,0,0.0,0,0.0,0.0,2100.0,313,,New,0,,,,
288,101,1,RSL/19-20/288,2019-09-28 00:00:00,2,102,S.DUTTA,"BBSR
",2815.53,0.0,2815.53,84.46,0.0,2900.0,0,0.0,0,0.0,0.0,2900.0,314,,New,0,,,,
289,101,1,RSL/19-20/289,2019-09-28 00:00:00,2,102,RUCHI,"BBSR
",20388.35,0.0,20388.35,611.66,0.0,21000.0,0,0.0,0,0.0,0.0,21000.0,315,,New,0,,,,
290,101,1,RSL/19-20/290,2019-09-29 00:00:00,2,102,PRADIP,"BBSR
",12815.53,0.0,12815.53,384.46,0.0,13200.0,0,0.0,0,0.0,0.0,13200.0,316,,New,0,,,,
291,101,1,RSL/19-20/291,2019-09-30 00:00:00,2,102,B.K.DAS,"BBSR
",825.24,0.0,825.24,24.76,0.0,850.0,0,0.0,0,0.0,0.0,850.0,317,,New,0,,,,
292,101,1,RSL/19-20/292,2019-09-30 00:00:00,2,102,SONALI,"BBSR
",2135.92,0.0,2135.92,64.08,0.0,2200.0,0,0.0,0,0.0,0.0,2200.0,318,,New,0,,,,
293,101,1,RSL/19-20/293,2019-10-01 00:00:00,2,102,VINOD,"BBSR
",2427.18,0.0,2427.18,72.82,0.0,2500.0,0,0.0,0,0.0,0.0,2500.0,319,,New,0,,,,
294,101,1,RSL/19-20/294,2019-10-03 00:00:00,2,102,SANJAY,"BBSR
",2621.36,0.0,2621.36,78.64,0.0,2700.0,0,0.0,0,0.0,0.0,2700.0,320,,New,0,,,,
295,101,1,RSL/19-20/295,2019-10-04 00:00:00,2,102,B.K.LENKA,"BBSR
",135436.89,0.0,135436.89,4063.1,0.01,139499.99,0,0.0,0,0.0,62000.0,77500.0,327,,Modified,0,,,,
296,101,1,RSL/19-20/296,2019-10-04 00:00:00,2,102,P.K.MALLICK,"BBSR
",68446.6,0.0,68446.6,2053.4,0.0,70500.0,0,0.0,0,0.0,0.0,70500.0,328,,New,0,,,,
297,101,1,RSL/19-20/297,2019-10-04 00:00:00,2,102,DIMPLE,"BBSR
",9126.21,0.0,9126.21,273.78,0.0,9400.0,0,0.0,0,0.0,0.0,9400.0,329,,New,0,,,,
298,101,1,RSL/19-20/298,2019-10-05 00:00:00,2,102,BABULU,"BBSR
",13592.23,0.0,13592.23,407.76,0.0,14000.0,0,0.0,0,0.0,0.0,14000.0,330,,New,0,,,,
299,101,1,RSL/19-20/299,2019-10-05 00:00:00,2,102,DINESH,"BBSR
",6699.03,0.0,6699.03,200.98,0.0,6900.0,0,0.0,0,0.0,0.0,6900.0,331,,New,0,,,,
300,101,1,RSL/19-20/300,2019-10-05 00:00:00,2,102,RANJEET,"BBSR
",3398.06,0.0,3398.06,101.94,0.0,3500.0,0,0.0,0,0.0,0.0,3500.0,332,,New,0,,,,
301,101,1,RSL/19-20/301,2019-10-05 00:00:00,2,102,ASIMA ACHARYA,"BBSR
",103883.5,0.0,103883.5,3116.5,0.0,107000.0,0,0.0,0,0.0,0.0,107000.0,333,,New,0,,,,
302,101,1,RSL/19-20/302,2019-10-07 00:00:00,2,102,S.PRADHAN,"BBSR
",12621.36,0.0,12621.36,378.64,0.0,13000.0,0,0.0,0,0.0,0.0,13000.0,334,,New,0,,,,
303,101,1,RSL/19-20/303,2019-10-09 00:00:00,2,102,DEEPAK,"BBSR
",1456.31,0.0,1456.31,43.68,0.0,1500.0,0,0.0,0,0.0,0.0,1500.0,335,,New,0,,,,
304,101,1,RSL/19-20/304,2019-10-10 00:00:00,2,102,PAYAL,"BBSR
",13106.8,0.0,13106.8,393.2,0.0,13500.0,0,0.0,0,0.0,0.0,13500.0,336,,New,0,,,,
305,101,1,RSL/19-20/305,2019-10-10 00:00:00,2,102,R.MOHANTY,"BBSR
",121359.23,0.0,121359.23,3640.78,-0.01,125000.01,0,0.0,0,0.0,0.0,125000.0,337,,New,0,,,,
306,101,1,RSL/19-20/306,2019-10-10 00:00:00,2,102,KUNA,"BBSR
",1844.66,0.0,1844.66,55.34,0.0,1900.0,0,0.0,0,0.0,0.0,1900.0,338,,New,0,,,,
307,101,1,RSL/19-20/307,2019-10-11 00:00:00,2,102,DIPAK,"BBSR
",7281.55,0.0,7281.55,218.44,0.0,7500.0,0,0.0,0,0.0,0.0,7500.0,339,,New,0,,,,
308,101,1,RSL/19-20/308,2019-10-12 00:00:00,2,102,P.SAHOO,"BBSR
",1941.75,0.0,1941.75,58.26,0.0,2000.0,0,0.0,0,0.0,0.0,2000.0,340,,New,0,,,,
309,101,1,RSL/19-20/309,2019-10-13 00:00:00,2,102,RAVI,"BBSR
",11844.66,0.0,11844.66,355.34,0.0,12200.0,0,0.0,0,0.0,0.0,12200.0,341,,New,0,,,,
310,101,1,RSL/19-20/310,2019-10-14 00:00:00,2,102,R.BARIK,"BBSR
",3592.23,0.0,3592.23,107.76,0.0,3700.0,0,0.0,0,0.0,0.0,3700.0,342,,New,0,,,,
311,101,1,RSL/19-20/311,2019-10-15 00:00:00,2,102,S.MOHANTY,"BBSR
",11165.05,0.0,11165.05,334.96,0.0,11500.0,0,0.0,0,0.0,0.0,11500.0,343,,New,0,,,,
312,101,1,RSL/19-20/312,2019-10-16 00:00:00,2,102,ANSHUMAN,"BBSR
",23786.41,0.0,23786.41,713.6,0.0,24500.0,0,0.0,0,0.0,0.0,24500.0,344,,New,0,,,,
313,101,1,RSL/19-20/313,2019-10-17 00:00:00,2,102,SUDHANSU,"BBSR
",17961.17,0.0,17961.17,538.84,-0.01,18500.01,0,0.0,0,0.0,0.0,18500.0,345,,New,0,,,,
314,101,1,RSL/19-20/314,2019-10-18 00:00:00,2,102,DEEPA,"BBSR
",8737.86,0.0,8737.86,262.14,0.0,9000.0,0,0.0,0,0.0,0.0,9000.0,346,,New,0,,,,
315,101,1,RSL/19-20/315,2019-10-19 00:00:00,2,102,ROSHNI,"BBSR
",12621.36,0.0,12621.36,378.64,0.0,13000.0,0,0.0,0,0.0,0.0,13000.0,347,,New,0,,,,
316,101,1,RSL/19-20/316,2019-10-19 00:00:00,2,102,BARSA,"BBSR
",8932.04,0.0,8932.04,267.96,0.0,9200.0,0,0.0,0,0.0,0.0,9200.0,348,,New,0,,,,
317,101,1,RSL/19-20/317,2019-10-20 00:00:00,2,102,CHANDAN,"BBSR
",3203.88,0.0,3203.88,96.12,0.0,3300.0,0,0.0,0,0.0,0.0,3300.0,349,,New,0,,,,
318,101,1,RSL/19-20/318,2019-10-21 00:00:00,2,102,D.MOHANTY,"BBSR
",1155.34,0.0,1155.34,34.66,0.0,1190.0,0,0.0,0,0.0,0.0,1190.0,350,,New,0,,,,
319,101,1,RSL/19-20/319,2019-10-21 00:00:00,2,102,NANDITA,"BBSR
",1747.57,0.0,1747.57,52.42,0.0,1800.0,0,0.0,0,0.0,0.0,1800.0,351,,New,0,,,,
320,101,1,RSL/19-20/320,2019-10-22 00:00:00,2,102,KALIA,"BBSR
",32135.92,0.0,32135.92,964.08,0.0,33100.0,0,0.0,0,0.0,0.0,33100.0,352,,New,0,,,,
321,101,1,RSL/19-20/321,2019-10-22 00:00:00,2,102,I.MOHANTY,"BBSR
",2912.62,0.0,2912.62,87.38,0.0,3000.0,0,0.0,0,0.0,0.0,3000.0,354,,Modified,0,,,,
322,101,1,RSL/19-20/322,2019-10-22 00:00:00,2,102,D.MALLICK,"BBSR
",14368.93,0.0,14368.93,431.06,0.0,14800.0,0,0.0,0,0.0,0.0,14800.0,355,,New,0,,,,
323,101,1,RSL/19-20/323,2019-10-23 00:00:00,2,102,KALIA,"BBSR
",22330.1,0.0,22330.1,669.9,0.0,23000.0,0,0.0,0,0.0,0.0,23000.0,356,,New,0,,,,
324,101,1,RSL/19-20/324,2019-10-23 00:00:00,2,102,ANJALI,"BBSR
",12621.36,0.0,12621.36,378.64,0.0,13000.0,0,0.0,0,0.0,0.0,13000.0,357,,New,0,,,,
325,101,1,RSL/19-20/325,2019-10-24 00:00:00,2,102,BIJAYLAXMI PANDA,"BBSR
",59708.74,0.0,59708.74,1791.26,0.0,61500.0,0,0.0,0,0.0,0.0,61500.0,358,,New,0,,,,
326,101,1,RSL/19-20/326,2019-10-25 00:00:00,2,102,M.JENA,"BBSR
",10000.0,0.0,10000.0,300.0,0.0,10300.0,0,0.0,0,0.0,0.0,10300.0,359,,New,0,,,,
327,101,1,RSL/19-20/327,2019-10-25 00:00:00,2,102,RINKI,"BBSR
",3058.25,0.0,3058.25,91.74,0.0,3150.0,0,0.0,0,0.0,0.0,3150.0,360,,New,0,,,,
328,101,1,RSL/19-20/328,2019-10-25 00:00:00,2,102,P.BEHERA,"BBSR
",14563.11,0.0,14563.11,436.9,-0.01,15000.01,0,0.0,0,0.0,0.0,15000.0,362,,Modified,0,,,,
329,101,1,RSL/19-20/329,2019-10-25 00:00:00,2,102,SANJAY,"BBSR
",1067.96,0.0,1067.96,32.04,0.0,1100.0,0,0.0,0,0.0,0.0,1100.0,364,,Modified,0,,,,
330,101,1,RSL/19-20/330,2019-10-25 00:00:00,2,102,S.K.JHA,"BBSR
",582.52,0.0,582.52,17.48,0.0,600.0,0,0.0,0,0.0,0.0,600.0,366,,Modified,0,,,,
331,101,1,RSL/19-20/331,2019-10-25 00:00:00,2,102,VIKASH,"BBSR
",6213.59,0.0,6213.59,186.4,0.0,6400.0,0,0.0,0,0.0,0.0,6400.0,367,,New,0,,,,
332,101,1,RSL/19-20/332,2019-10-25 00:00:00,2,102,B.PANDEY,"BBSR
",1359.22,0.0,1359.22,40.78,0.0,1400.0,0,0.0,0,0.0,0.0,1400.0,368,,New,0,,,,
333,101,1,RSL/19-20/333,2019-10-25 00:00:00,2,102,S.AGARWAL,"BBSR
",10873.79,0.0,10873.79,326.22,0.0,11200.0,0,0.0,0,0.0,0.0,11200.0,369,,New,0,,,,
334,101,1,RSL/19-20/334,2019-10-25 00:00:00,2,102,S.ROUT,"BBSR
",582.52,0.0,582.52,17.48,0.0,600.0,0,0.0,0,0.0,0.0,600.0,370,,New,0,,,,
335,101,1,RSL/19-20/335,2019-10-25 00:00:00,2,102,S.MOHANTY,"BBSR

",20388.35,0.0,20388.35,611.66,0.0,21000.0,0,0.0,0,0.0,0.0,21000.0,371,,New,0,,,,
336,101,1,RSL/19-20/336,2019-10-25 00:00:00,2,102,BHUPESH,"BBSR
",5631.07,0.0,5631.07,168.94,0.0,5800.0,0,0.0,0,0.0,0.0,5800.0,372,,New,0,,,,
337,101,1,RSL/19-20/337,2019-10-25 00:00:00,2,102,S.SHARMA,"BBSR
",582.52,0.0,582.52,17.48,0.0,600.0,0,0.0,0,0.0,0.0,600.0,373,,New,0,,,,
338,101,1,RSL/19-20/338,2019-10-25 00:00:00,2,102,SOUBHAGYA,"BBSR
",2135.92,0.0,2135.92,64.08,0.0,2200.0,0,0.0,0,0.0,0.0,2200.0,374,,New,0,,,,
339,101,1,RSL/19-20/339,2019-10-25 00:00:00,2,102,JASMIN,"BBSR
",582.52,0.0,582.52,17.48,0.0,600.0,0,0.0,0,0.0,0.0,600.0,375,,New,0,,,,
340,101,1,RSL/19-20/340,2019-10-25 00:00:00,2,102,KAMLESH,"BBSR
",1019.42,0.0,1019.42,30.58,0.0,1050.0,0,0.0,0,0.0,0.0,1050.0,376,,New,0,,,,
341,101,1,RSL/19-20/341,2019-10-25 00:00:00,2,102,SATYAJIT,"BBSR
",4126.21,0.0,4126.21,123.78,0.0,4250.0,0,0.0,0,0.0,0.0,4250.0,377,,New,0,,,,
342,101,1,RSL/19-20/342,2019-10-25 00:00:00,2,102,ARUN,"BBSR
",11844.66,0.0,11844.66,355.34,0.0,12200.0,0,0.0,0,0.0,0.0,12200.0,378,,New,0,,,,
343,101,1,RSL/19-20/343,2019-10-25 00:00:00,2,102,KAMLESH,"BBSR
",970.87,0.0,970.87,29.12,0.0,1000.0,0,0.0,0,0.0,0.0,1000.0,379,,New,0,,,,
344,101,1,RSL/19-20/344,2019-10-25 00:00:00,2,102,PRASANNA,"BBSR
",533.98,0.0,533.98,16.02,0.0,550.0,0,0.0,0,0.0,0.0,550.0,380,,New,0,,,,
345,101,1,RSL/19-20/345,2019-10-25 00:00:00,2,102,SUNIL,"BBSR
",4077.67,0.0,4077.67,122.34,0.0,4200.0,0,0.0,0,0.0,0.0,4200.0,381,,New,0,,,,
346,101,1,RSL/19-20/346,2019-10-25 00:00:00,2,102,L.BEHERA,"BBSR
",582.52,0.0,582.52,17.48,0.0,600.0,0,0.0,0,0.0,0.0,600.0,382,,New,0,,,,
347,101,1,RSL/19-20/347,2019-10-25 00:00:00,2,102,S.PANDA,"BBSR
",825.24,0.0,825.24,24.76,0.0,850.0,0,0.0,0,0.0,0.0,850.0,383,,New,0,,,,
348,101,1,RSL/19-20/348,2019-10-25 00:00:00,2,102,PRIYADARSHI,"BBSR
",26310.68,0.0,26310.68,789.32,0.0,27100.0,0,0.0,0,0.0,0.0,27100.0,384,,New,0,,,,
349,101,1,RSL/19-20/349,2019-10-25 00:00:00,2,102,DEBRAJ,"BBSR
",13398.06,0.0,13398.06,401.94,0.0,13800.0,0,0.0,0,0.0,0.0,13800.0,385,,New,0,,,,
350,101,1,RSL/19-20/350,2019-10-25 00:00:00,2,102,P.ROUT,"BBSR
",582.52,0.0,582.52,17.48,0.0,600.0,0,0.0,0,0.0,0.0,600.0,386,,New,0,,,,
351,101,1,RSL/19-20/351,2019-10-25 00:00:00,2,102,BIJAY,"BBSR
",1359.22,0.0,1359.22,40.78,0.0,1400.0,0,0.0,0,0.0,0.0,1400.0,387,,New,0,,,,
352,101,1,RSL/19-20/352,2019-10-25 00:00:00,2,102,HIMANSHU,"BBSR
",582.52,0.0,582.52,17.48,0.0,600.0,0,0.0,0,0.0,0.0,600.0,389,,Modified,0,,,,
353,101,1,RSL/19-20/353,2019-10-25 00:00:00,2,102,UMA,"BBSR
",1553.4,0.0,1553.4,46.6,0.0,1600.0,0,0.0,0,0.0,0.0,1600.0,390,,New,0,,,,
354,101,1,RSL/19-20/354,2019-10-25 00:00:00,2,102,SUBRATA,"BBSR
",4126.21,0.0,4126.21,123.78,0.0,4250.0,0,0.0,0,0.0,0.0,4250.0,391,,New,0,,,,
355,101,1,RSL/19-20/355,2019-10-25 00:00:00,2,102,S.PANDA,"BBSR
",26407.77,0.0,26407.77,792.24,0.0,27200.0,0,0.0,0,0.0,0.0,27200.0,392,,New,0,,,,
356,101,1,RSL/19-20/356,2019-10-25 00:00:00,2,102,K.YADAV,"BBSR
",970.87,0.0,970.87,29.12,0.0,1000.0,0,0.0,0,0.0,0.0,1000.0,393,,New,0,,,,
357,101,1,RSL/19-20/357,2019-10-25 00:00:00,2,102,DEEPAK,"BBSR
",1699.03,0.0,1699.03,50.98,-0.01,1750.01,0,0.0,0,0.0,0.0,1750.0,395,,Modified,0,,,,
358,101,1,RSL/19-20/358,2019-10-25 00:00:00,2,102,D.SAHOO,"BBSR
",8058.25,0.0,8058.25,241.74,0.01,8299.99,0,0.0,0,0.0,0.0,8300.0,397,,Modified,0,,,,
359,101,1,RSL/19-20/359,2019-10-25 00:00:00,2,102,J.DEBNATH,"BBSR
",2038.83,0.0,2038.83,61.16,0.01,2099.99,0,0.0,0,0.0,0.0,2100.0,398,,New,0,,,,
360,101,1,RSL/19-20/360,2019-10-25 00:00:00,2,102,DEEPAK,"BBSR
",2864.08,0.0,2864.08,85.92,0.0,2950.0,0,0.0,0,0.0,0.0,2950.0,399,,New,0,,,,
361,101,1,RSL/19-20/361,2019-10-25 00:00:00,2,102,DILIP,"BBSR
",291.26,0.0,291.26,8.74,0.0,300.0,0,0.0,0,0.0,0.0,300.0,400,,New,0,,,,
362,101,1,RSL/19-20/362,2019-10-25 00:00:00,2,102,BISHNU,"BBSR
",8446.6,0.0,8446.6,253.4,0.0,8700.0,0,0.0,0,0.0,0.0,8700.0,402,,Modified,0,,,,
363,101,1,RSL/19-20/363,2019-10-25 00:00:00,2,102,D.PRADHAN,"BBSR
",291.26,0.0,291.26,8.74,0.0,300.0,0,0.0,0,0.0,0.0,300.0,403,,New,0,,,,
364,101,1,RSL/19-20/364,2019-10-25 00:00:00,2,102,PADMA,"BBSR
",1844.66,0.0,1844.66,55.34,0.0,1900.0,0,0.0,0,0.0,0.0,1900.0,404,,New,0,,,,
365,101,1,RSL/19-20/365,2019-10-25 00:00:00,2,102,DURGA,"BBSR
",1941.75,0.0,1941.75,58.26,0.0,2000.0,0,0.0,0,0.0,0.0,2000.0,405,,New,0,,,,
366,101,1,RSL/19-20/366,2019-10-25 00:00:00,2,102,RUCHI,"BBSR
",5631.07,0.0,5631.07,168.94,0.0,5800.0,0,0.0,0,0.0,0.0,5800.0,406,,New,0,,,,
367,101,1,RSL/19-20/367,2019-10-25 00:00:00,2,102,BABINA PARIDA,"BBSR
",48543.69,0.0,48543.69,1456.32,0.0,50000.0,0,0.0,0,0.0,0.0,50000.0,467,,Modified,0,,,,
368,101,1,RSL/19-20/368,2019-10-25 00:00:00,2,102,BANTY,"BBSR
",10388.35,0.0,10388.35,311.66,-0.01,10700.01,0,0.0,0,0.0,0.0,10700.0,409,,Modified,0,,,,
369,101,1,RSL/19-20/369,2019-10-25 00:00:00,2,102,RAMESH,"BBSR
",20776.7,0.0,20776.7,623.3,0.0,21400.0,0,0.0,0,0.0,0.0,21400.0,410,,New,0,,,,
370,101,1,RSL/19-20/370,2019-10-25 00:00:00,2,102,K.MISRA,"BBSR
",10485.44,0.0,10485.44,314.56,0.0,10800.0,0,0.0,0,0.0,0.0,10800.0,411,,New,0,,,,
371,101,1,RSL/19-20/371,2019-10-25 00:00:00,2,102,BABULU,"BBSR
",4368.93,0.0,4368.93,131.06,0.0,4500.0,0,0.0,0,0.0,0.0,4500.0,412,,New,0,,,,
372,101,1,RSL/19-20/372,2019-10-25 00:00:00,2,102,BISTU,"BBSR
",48543.69,0.0,48543.69,1456.32,0.0,50000.0,0,0.0,0,0.0,0.0,50000.0,413,,New,0,,,,
373,101,1,RSL/19-20/373,2019-10-26 00:00:00,2,102,V.BHUYAN,"BBSR
",51941.75,0.0,51941.75,1558.26,0.0,53500.0,0,0.0,0,0.0,0.0,53500.0,414,,New,0,,,,
374,101,1,RSL/19-20/374,2019-10-26 00:00:00,2,102,BIKASH,"BBSR
",3495.15,0.0,3495.15,104.86,0.0,3600.0,0,0.0,0,0.0,0.0,3600.0,415,,New,0,,,,
375,101,1,RSL/19-20/375,2019-10-26 00:00:00,2,102,S.BEHERA,"BBSR

",8155.34,0.0,8155.34,244.66,0.0,8400.0,0,0.0,0,0.0,0.0,8400.0,481,,Modified,0,,21BSYPB8602G1ZS,,
376,101,1,RSL/19-20/376,2019-10-26 00:00:00,2,102,H.BEHERA,"BBSR
",14077.67,0.0,14077.67,422.34,0.0,14500.0,0,0.0,0,0.0,0.0,14500.0,417,,New,0,,,,
377,101,1,RSL/19-20/377,2019-10-26 00:00:00,2,102,I.PATRA,"BBSR
",16213.59,0.0,16213.59,486.4,0.0,16700.0,0,0.0,0,0.0,0.0,16700.0,418,,New,0,,,,
378,101,1,RSL/19-20/378,2019-10-26 00:00:00,2,102,RABI,"BBSR
",7572.82,0.0,7572.82,227.18,0.0,7800.0,0,0.0,0,0.0,0.0,7800.0,419,,New,0,,,,
379,101,1,RSL/19-20/379,2019-10-26 00:00:00,2,102,S.PALAI,"BBSR
",582.52,0.0,582.52,17.48,0.0,600.0,0,0.0,0,0.0,0.0,600.0,420,,New,0,,,,
380,101,1,RSL/19-20/380,2019-10-26 00:00:00,2,102,RAKESH,"BBSR
",2427.18,0.0,2427.18,72.82,0.0,2500.0,0,0.0,0,0.0,0.0,2500.0,421,,New,0,,,,
381,101,1,RSL/19-20/381,2019-10-26 00:00:00,2,102,S.JENA,"BBSR
",6116.5,0.0,6116.5,183.5,0.0,6300.0,0,0.0,0,0.0,0.0,6300.0,422,,New,0,,,,
382,101,1,RSL/19-20/382,2019-10-26 00:00:00,2,102,D.BEHERA,"BBSR
",8009.71,0.0,8009.71,240.3,0.0,8250.0,0,0.0,0,0.0,0.0,8250.0,423,,New,0,,,,
383,101,1,RSL/19-20/383,2019-10-26 00:00:00,2,102,NARAYAN,"BBSR
",9951.46,0.0,9951.46,298.54,0.0,10250.0,0,0.0,0,0.0,0.0,10250.0,424,,New,0,,,,
384,101,1,RSL/19-20/384,2019-10-26 00:00:00,2,102,DIMPLE,"BBSR
",271.84,0.0,271.84,8.16,0.0,280.0,0,0.0,0,0.0,0.0,280.0,425,,New,0,,,,
385,101,1,RSL/19-20/385,2019-10-26 00:00:00,2,102,P.PATTNAIK,"BBSR
",194.17,0.0,194.17,5.82,0.0,200.0,0,0.0,0,0.0,0.0,200.0,426,,New,0,,,,
386,101,1,RSL/19-20/386,2019-10-26 00:00:00,2,102,S.MISRA,"BBSR
",13106.8,0.0,13106.8,393.2,0.0,13500.0,0,0.0,0,0.0,0.0,13500.0,427,,New,0,,,,
387,101,1,RSL/19-20/387,2019-10-26 00:00:00,2,102,SAMIR,"BBSR
",12912.62,0.0,12912.62,387.38,0.0,13300.0,0,0.0,0,0.0,0.0,13300.0,428,,New,0,,,,
388,101,1,RSL/19-20/388,2019-10-26 00:00:00,2,102,SAMARJIT,"BBSR
",2427.18,0.0,2427.18,72.82,0.0,2500.0,0,0.0,0,0.0,0.0,2500.0,429,,New,0,,,,
389,101,1,RSL/19-20/389,2019-10-26 00:00:00,2,102,PRAVAT,"BBSR
",417.48,0.0,417.48,12.52,0.0,430.0,0,0.0,0,0.0,0.0,430.0,430,,New,0,,,,
390,101,1,RSL/19-20/390,2019-10-26 00:00:00,2,102,MANINI,"BBSR
",48543.69,0.0,48543.69,1456.32,0.0,50000.0,0,0.0,0,0.0,0.0,50000.0,431,,New,0,,,,
391,101,1,RSL/19-20/391,2019-10-26 00:00:00,2,102,RAJIB,"BBSR
",1262.14,0.0,1262.14,37.86,0.0,1300.0,0,0.0,0,0.0,0.0,1300.0,432,,New,0,,,,
392,101,1,RSL/19-20/392,2019-10-26 00:00:00,2,102,BIJOY,"BBSR
",2038.83,0.0,2038.83,61.16,0.01,2099.99,0,0.0,0,0.0,0.0,2100.0,433,,New,0,,,,
393,101,1,RSL/19-20/393,2019-10-26 00:00:00,2,102,KASINATH,"BBSR
",16019.42,0.0,16019.42,480.58,0.0,16500.0,0,0.0,0,0.0,0.0,16500.0,434,,New,0,,,,
394,101,1,RSL/19-20/394,2019-10-26 00:00:00,2,102,AMRITA,"BBSR
",13592.23,0.0,13592.23,407.76,0.0,14000.0,0,0.0,0,0.0,0.0,14000.0,435,,New,0,,,,
395,101,1,RSL/19-20/395,2019-10-26 00:00:00,2,102,HITEN,"BBSR
",17864.08,0.0,17864.08,535.92,0.0,18400.0,0,0.0,0,0.0,0.0,18400.0,436,,New,0,,,,
396,101,1,RSL/19-20/396,2019-10-26 00:00:00,2,102,SURAJ,"BBSR
",17475.73,0.0,17475.73,524.28,0.0,18000.0,0,0.0,0,0.0,0.0,18000.0,437,,New,0,,,,
397,101,1,RSL/19-20/397,2019-10-26 00:00:00,2,102,PRAKASH,"BBSR
",15533.98,0.0,15533.98,466.02,0.0,16000.0,0,0.0,0,0.0,0.0,16000.0,438,,New,0,,,,
398,101,1,RSL/19-20/398,2019-10-27 00:00:00,2,102,DURGA,"BBSR
",1601.94,0.0,1601.94,48.06,0.0,1650.0,0,0.0,0,0.0,0.0,1650.0,439,,New,0,,,,
399,101,1,RSL/19-20/399,2019-10-27 00:00:00,2,102,S.SAHOO,"
BBSR
",54368.93,0.0,54368.93,1631.06,0.0,56000.0,0,0.0,0,0.0,0.0,56000.0,440,,New,0,,,,
400,101,1,RSL/19-20/400,2019-10-27 00:00:00,2,102,AKHIL,"BBSR
",12718.45,0.0,12718.45,381.56,0.0,13100.0,0,0.0,0,0.0,0.0,13100.0,441,,New,0,,,,
401,101,1,RSL/19-20/401,2019-10-27 00:00:00,2,102,S.SAHOO,"BBSR
",17475.73,0.0,17475.73,524.28,0.0,18000.0,0,0.0,0,0.0,0.0,18000.0,442,,New,0,,,,
402,101,1,RSL/19-20/402,2019-10-27 00:00:00,2,102,SAHIL,"BBSR
",48543.69,0.0,48543.69,1456.32,0.0,50000.0,0,0.0,0,0.0,0.0,50000.0,443,,New,0,,,,
403,101,1,RSL/19-20/403,2019-10-27 00:00:00,2,102,ASHOK ,BBSR,9708.74,0.0,9708.74,291.26,0.0,10000.0,0,0.0,0,0.0,0.0,10000.0,2306,,Modified,0,,,,
404,101,1,RSL/19-20/404,2019-10-27 00:00:00,2,102,NILAM,"BBSR
",10679.61,0.0,10679.61,320.38,0.0,11000.0,0,0.0,0,0.0,0.0,11000.0,445,,New,0,,,,
405,101,1,RSL/19-20/405,2019-10-27 00:00:00,2,102,ISHAN,"BBSR
",8737.86,0.0,8737.86,262.14,0.0,9000.0,0,0.0,0,0.0,0.0,9000.0,446,,New,0,,,,
406,101,1,RSL/19-20/406,2019-10-28 00:00:00,2,102,SUBRATA,"BBSR
",2718.45,0.0,2718.45,81.56,-0.01,2800.01,0,0.0,0,0.0,0.0,2800.0,448,,Modified,0,,,,
407,101,1,RSL/19-20/407,2019-10-30 00:00:00,2,102,PRATAP,"BBSR
",1650.49,0.0,1650.49,49.52,0.0,1700.0,0,0.0,0,0.0,0.0,1700.0,449,,New,0,,,,
408,101,1,RSL/19-20/408,2019-10-31 00:00:00,2,102,P.K.PATTNAIK,"BBSR
",16504.85,0.0,16504.85,495.14,0.0,17000.0,0,0.0,0,0.0,0.0,17000.0,450,,New,0,,,,
409,101,1,RSL/19-20/409,2019-10-31 00:00:00,2,102,M.DEVI,"BBSR
",4660.19,0.0,4660.19,139.8,0.01,4799.99,0,0.0,0,0.0,0.0,4800.0,452,,Modified,0,,,,
410,101,1,RSL/19-20/410,2019-10-31 00:00:00,2,102,AVISEK,"BBSR
",1844.66,0.0,1844.66,55.34,0.0,1900.0,0,0.0,0,0.0,0.0,1900.0,453,,New,0,,,,
411,101,1,RSL/19-20/411,2019-10-31 00:00:00,2,102,DEEPAK,"BBSR
",12233.01,0.0,12233.01,367.0,0.0,12600.0,0,0.0,0,0.0,0.0,12600.0,454,,New,0,,,,
412,101,1,RSL/19-20/412,2019-11-01 00:00:00,2,102,NILAM,"BBSR
",4077.67,0.0,4077.67,122.34,0.0,4200.0,0,0.0,0,0.0,0.0,4200.0,455,,New,0,,,,
413,101,1,RSL/19-20/413,2019-11-01 00:00:00,2,102,ALOK,"BBSR
",2038.83,0.0,2038.83,61.16,0.01,2099.99,0,0.0,0,0.0,0.0,2100.0,456,,New,0,,,,
414,101,1,RSL/19-20/414,2019-11-02 00:00:00,2,102,RAKESH,"BBSR
",14077.67,0.0,14077.67,422.34,0.0,14500.0,0,0.0,0,0.0,0.0,14500.0,457,,New,0,,,,
415,101,1,RSL/19-20/415,2019-11-03 00:00:00,2,102,DINESH,"BBSR
",2912.62,0.0,2912.62,87.38,0.0,3000.0,0,0.0,0,0.0,0.0,3000.0,458,,New,0,,,,
416,101,1,RSL/19-20/416,2019-11-04 00:00:00,2,102,D.SWAIN,"BBSR
",26213.59,0.0,26213.59,786.4,0.0,27000.0,0,0.0,0,0.0,0.0,27000.0,459,,New,0,,,,
417,101,1,RSL/19-20/417,2019-11-05 00:00:00,2,102,H.SAHOO,"BBSR
",12621.36,0.0,12621.36,378.64,0.0,13000.0,0,0.0,0,0.0,0.0,13000.0,460,,New,0,,,,
418,101,1,RSL/19-20/418,2019-11-06 00:00:00,2,102,L.SAHOO,"BBSR
",1495.15,0.0,1495.15,44.86,0.0,1540.0,0,0.0,0,0.0,0.0,1540.0,461,,New,0,,,,
419,101,1,RSL/19-20/419,2019-11-06 00:00:00,2,102,AJIT,"BBSR
",2718.45,0.0,2718.45,81.56,0.0,2800.0,0,0.0,0,0.0,0.0,2800.0,462,,New,0,,,,
420,101,1,RSL/19-20/420,2019-11-07 00:00:00,2,102,ADITYA,"BBSR
",16601.94,0.0,16601.94,498.06,0.0,17100.0,0,0.0,0,0.0,0.0,17100.0,463,,New,0,,,,
421,101,1,RSL/19-20/421,2019-11-08 00:00:00,2,102,ANIL,"BBSR
",2669.9,0.0,2669.9,80.1,0.0,2750.0,0,0.0,0,0.0,0.0,2750.0,464,,New,0,,,,
422,101,1,RSL/19-20/422,2019-11-09 00:00:00,2,102,A.K.SAHOO,"BBSR
",72815.53,0.0,72815.53,2184.46,0.0,75000.0,0,0.0,0,0.0,0.0,75000.0,465,,New,0,,,,
423,101,1,RSL/19-20/423,2019-11-10 00:00:00,2,102,ANUJ,"BBSR
",4854.37,0.0,4854.37,145.64,0.0,5000.0,0,0.0,0,0.0,0.0,5000.0,466,,New,0,,,,
424,101,1,RSL/19-20/424,2019-11-11 00:00:00,2,102,BABINA PARIDA,"BBSR
",17669.9,0.0,17669.9,530.1,0.0,18200.0,0,0.0,0,0.0,0.0,18200.0,468,,New,0,,,,
425,101,1,RSL/19-20/425,2019-11-11 00:00:00,2,102,RAJESH,"BBSR
",6990.29,0.0,6990.29,209.7,0.0,7200.0,0,0.0,0,0.0,0.0,7200.0,469,,New,0,,,,
426,101,1,RSL/19-20/426,2019-11-11 00:00:00,2,102,BISWAJIT,"BBSR
",19417.48,0.0,19417.48,582.52,0.0,20000.0,0,0.0,0,0.0,0.0,20000.0,470,,New,0,,,,
427,101,1,RSL/19-20/427,2019-11-11 00:00:00,2,102,RAKESH,"BBSR
",970.87,0.0,970.87,29.12,0.0,1000.0,0,0.0,0,0.0,0.0,1000.0,471,,New,0,,,,
428,101,1,RSL/19-20/428,2019-11-12 00:00:00,2,102,BAIKUNTHA BHADRA,"BBSR
",116019.41,0.0,116019.41,3480.58,0.0,119500.0,0,0.0,0,0.0,0.0,119500.0,472,,New,0,,,,
429,101,1,RSL/19-20/429,2019-11-12 00:00:00,2,102,H.SAHOO,"BBSR
",14368.93,0.0,14368.93,431.06,0.0,14800.0,0,0.0,0,0.0,0.0,14800.0,473,,New,0,,,,
430,101,1,RSL/19-20/430,2019-11-12 00:00:00,2,102,B.SAHU,"BBSR
",1262.14,0.0,1262.14,37.86,0.0,1300.0,0,0.0,0,0.0,0.0,1300.0,474,,New,0,,,,
431,101,1,RSL/19-20/431,2019-11-12 00:00:00,2,102,B.SAHOO,"BBSR
",1213.59,0.0,1213.59,36.4,0.0,1250.0,0,0.0,0,0.0,0.0,1250.0,475,,New,0,,,,
432,101,1,RSL/19-20/432,2019-11-13 00:00:00,2,102,BISTU,"BBSR
",15533.98,0.0,15533.98,466.02,0.0,16000.0,0,0.0,0,0.0,0.0,16000.0,476,,New,0,,,,
433,101,1,RSL/19-20/433,2019-11-13 00:00:00,2,102,DEEPAK,"BBSR
",7572.82,0.0,7572.82,227.18,0.0,7800.0,0,0.0,0,0.0,0.0,7800.0,477,,New,0,,,,
434,101,1,RSL/19-20/434,2019-11-18 00:00:00,2,102,S.JENA,"BBSR
",2233.01,0.0,2233.01,67.0,0.0,2300.0,0,0.0,0,0.0,0.0,2300.0,478,,New,0,,,,
435,101,1,RSL/19-20/435,2019-11-18 00:00:00,2,102,D.BISWAL,"BBSR
",5339.81,0.0,5339.81,160.2,0.0,5500.0,0,0.0,0,0.0,0.0,5500.0,479,,New,0,,,,
436,101,1,RSL/19-20/436,2019-11-18 00:00:00,2,102,K.SWAIN,"BBSR
",4368.93,0.0,4368.93,131.06,0.0,4500.0,0,0.0,0,0.0,0.0,4500.0,480,,New,0,,,,
437,101,1,RSL/19-20/437,2019-11-19 00:00:00,2,102,A.BEGUM,"BBSR
",29126.21,0.0,29126.21,873.78,0.0,30000.0,0,0.0,0,0.0,0.0,30000.0,482,,New,0,,,,
438,101,1,RSL/19-20/438,2019-11-19 00:00:00,2,102,P.CHAUDARY,"BBSR
",12427.18,0.0,12427.18,372.82,0.0,12800.0,0,0.0,0,0.0,0.0,12800.0,483,,New,0,,,,
439,101,1,RSL/19-20/439,2019-11-20 00:00:00,2,102,S.BARIK,"BBSR
",4854.37,0.0,4854.37,145.64,0.0,5000.0,0,0.0,0,0.0,0.0,5000.0,484,,New,0,,,,
440,101,1,RSL/19-20/440,2019-11-20 00:00:00,2,102,MADHAB,"BBSR
",8252.43,0.0,8252.43,247.58,0.0,8500.0,0,0.0,0,0.0,0.0,8500.0,485,,New,0,,,,
441,101,1,RSL/19-20/441,2019-11-21 00:00:00,2,102,SAURAV,"BBSR
",3883.5,0.0,3883.5,116.5,-0.01,4000.01,0,0.0,0,0.0,0.0,4000.0,486,,New,0,,,,
442,101,1,RSL/19-20/442,2019-11-22 00:00:00,2,102,POOJA,"BBSR
",6019.42,0.0,6019.42,180.58,0.0,6200.0,0,0.0,0,0.0,0.0,6200.0,487,,New,0,,,,
443,101,1,RSL/19-20/443,2019-11-27 00:00:00,2,102,SIBA,"BBSR
",7427.18,0.0,7427.18,222.82,0.0,7650.0,0,0.0,0,0.0,0.0,7650.0,488,,New,0,,,,
444,101,1,RSL/19-20/444,2019-11-27 00:00:00,2,102,RAKESH,"BBSR
",3689.32,0.0,3689.32,110.68,0.0,3800.0,0,0.0,0,0.0,0.0,3800.0,489,,New,0,,,,
445,101,1,RSL/19-20/445,2019-11-28 00:00:00,2,102,POONAM,"BBSR
",12621.36,0.0,12621.36,378.64,0.0,13000.0,0,0.0,0,0.0,0.0,13000.0,491,,Modified,0,,,,
446,101,1,RSL/19-20/446,2019-11-28 00:00:00,2,102,R.PANDA,"BBSR
",3058.25,0.0,3058.25,91.74,0.0,3150.0,0,0.0,0,0.0,0.0,3150.0,492,,New,0,,,,
447,101,1,RSL/19-20/447,2019-11-29 00:00:00,2,102,S.PANDA,"BBSR
",4854.37,0.0,4854.37,145.64,0.0,5000.0,0,0.0,0,0.0,0.0,5000.0,493,,New,0,,,,
448,101,1,RSL/19-20/448,2019-11-29 00:00:00,2,102,P.SHARMA,"BBSR
",7961.17,0.0,7961.17,238.84,-0.01,8200.01,0,0.0,0,0.0,0.0,8200.0,494,,New,0,,,,
449,101,1,RSL/19-20/449,2019-11-29 00:00:00,2,102,P.SHARMA,"BBSR
",26019.42,0.0,26019.42,780.58,0.0,26800.0,0,0.0,0,0.0,8800.0,18000.0,497,,Modified,0,,21DDTPS8804K1ZW,,
450,101,1,RSL/19-20/450,2019-11-30 00:00:00,2,102,P.SHARMA,"BBSR
",5436.89,0.0,5436.89,163.1,0.0,5600.0,0,0.0,0,0.0,0.0,5600.0,498,,New,0,,,,
451,101,1,RSL/19-20/451,2019-12-01 00:00:00,2,102,RATIKANT,"BBSR
",9708.74,0.0,9708.74,291.26,0.0,10000.0,0,0.0,0,0.0,0.0,10000.0,499,,New,0,,,,
452,101,1,RSL/19-20/452,2019-12-01 00:00:00,2,102,A.ROUTRAY,"BBSR
",5145.63,0.0,5145.63,154.36,0.0,5300.0,0,0.0,0,0.0,0.0,5300.0,500,,New,0,,,,
453,101,1,RSL/19-20/453,2019-12-01 00:00:00,2,102,CHANDAN,"BBSR
",4854.37,0.0,4854.37,145.64,0.0,5000.0,0,0.0,0,0.0,0.0,5000.0,501,,New,0,,,,
454,101,1,RSL/19-20/454,2019-12-02 00:00:00,2,102,PRIYANKA,"BBSR
",78640.78,0.0,78640.78,2359.22,0.0,81000.0,0,0.0,0,0.0,0.0,81000.0,502,,New,0,,,,
455,101,1,RSL/19-20/455,2019-12-02 00:00:00,2,102,ROJALIN,"BBSR
",1310.68,0.0,1310.68,39.32,0.0,1350.0,0,0.0,0,0.0,0.0,1350.0,503,,New,0,,,,
456,101,1,RSL/19-20/456,2019-12-04 00:00:00,2,102,DIBYA,"BBSR
",3786.41,0.0,3786.41,113.6,0.0,3900.0,0,0.0,0,0.0,0.0,3900.0,504,,New,0,,,,
457,101,1,RSL/19-20/457,2019-12-04 00:00:00,2,102,A.GOSWAMI,"BBSR
",38834.95,0.0,38834.95,1165.04,0.0,40000.0,0,0.0,0,0.0,0.0,40000.0,505,,New,0,,,,
458,101,1,RSL/19-20/458,2019-12-04 00:00:00,2,102,ADITYA,"BBSR
",20388.35,0.0,20388.35,611.66,0.0,21000.0,0,0.0,0,0.0,0.0,21000.0,506,,New,0,,,,
459,101,1,RSL/19-20/459,2019-12-05 00:00:00,2,102,A.GOSWAMI,"BBSR
",10679.61,0.0,10679.61,320.38,0.0,11000.0,0,0.0,0,0.0,0.0,11000.0,507,,New,0,,,,
460,101,1,RSL/19-20/460,2019-12-05 00:00:00,2,102,PRITISH,"BBSR
",1941.75,0.0,1941.75,58.26,0.0,2000.0,0,0.0,0,0.0,0.0,2000.0,508,,New,0,,,,
461,101,1,RSL/19-20/461,2019-12-05 00:00:00,2,102,PRITISH,"BBSR
",1941.75,0.0,1941.75,58.26,0.0,2000.0,0,0.0,0,0.0,0.0,2000.0,509,,New,0,,,,
462,101,1,RSL/19-20/462,2019-12-06 00:00:00,2,102,KUNI,"BBSR
",6796.12,0.0,6796.12,203.88,0.0,7000.0,0,0.0,0,0.0,0.0,7000.0,510,,New,0,,,,
463,101,1,RSL/19-20/463,2019-12-07 00:00:00,2,102,S.PRUSTY,"BBSR
",8058.25,0.0,8058.25,241.74,0.0,8300.0,0,0.0,0,0.0,0.0,8300.0,511,,New,0,,,,
464,101,1,RSL/19-20/464,2019-12-07 00:00:00,2,102,S.SADIQUE,"BBSR
",2330.1,0.0,2330.1,69.9,0.0,2400.0,0,0.0,0,0.0,0.0,2400.0,512,,New,0,,,,
465,101,1,RSL/19-20/465,2019-12-08 00:00:00,2,102,UMA,"BBSR
",4805.83,0.0,4805.83,144.18,0.0,4950.0,0,0.0,0,0.0,0.0,4950.0,513,,New,0,,,,
466,101,1,RSL/19-20/466,2019-12-09 00:00:00,2,102,A.SWAIN,"BBSR

",2135.92,0.0,2135.92,64.08,0.0,2200.0,0,0.0,0,0.0,0.0,2200.0,514,,New,0,,,,
467,101,1,RSL/19-20/467,2019-12-09 00:00:00,2,102,RASMI,"BBSR
",51553.4,0.0,51553.4,1546.6,0.0,53100.0,0,0.0,0,0.0,0.0,53100.0,789,,Modified,0,,,,
468,101,1,RSL/19-20/468,2019-12-10 00:00:00,2,102,RAGAV,"BBSR
",14757.28,0.0,14757.28,442.72,0.0,15200.0,0,0.0,0,0.0,0.0,15200.0,788,,Modified,0,,,,
469,101,1,RSL/19-20/469,2019-12-11 00:00:00,2,102,DEBU,"BBSR
",10388.35,0.0,10388.35,311.66,0.0,10700.0,0,0.0,0,0.0,0.0,10700.0,517,,New,0,,,,
470,101,1,RSL/19-20/470,2019-12-12 00:00:00,2,102,NISHA,"BBSR
",34174.76,0.0,34174.76,1025.24,0.0,35200.0,0,0.0,0,0.0,0.0,35200.0,787,,Modified,0,,,,
471,101,1,RSL/19-20/471,2019-12-13 00:00:00,2,102,RAJESH,"BBSR
",14077.67,0.0,14077.67,422.34,0.0,14500.0,0,0.0,0,0.0,0.0,14500.0,786,,Modified,0,,,,
472,101,1,RSL/19-20/472,2019-12-14 00:00:00,2,102,P.SWAIN,"BBSR
",9709.07,0.0,9709.07,291.28,-0.34,10000.34,0,0.0,0,0.0,0.0,10000.0,785,,Modified,0,,,,
473,101,1,RSL/19-20/473,2019-12-15 00:00:00,2,102,SAHISTA BEGUM,"BBSR
",90776.7,0.0,90776.7,2723.3,0.0,93500.0,0,0.0,0,0.0,0.0,93500.0,521,,New,0,,,,
474,101,1,RSL/19-20/474,2019-12-16 00:00:00,2,102,CHANDAN,"BBSR
",14563.11,0.0,14563.11,436.9,0.0,15000.0,0,0.0,0,0.0,0.0,15000.0,784,,Modified,0,,,,
475,101,1,RSL/19-20/475,2019-12-17 00:00:00,2,102,BABULU,"BBSR
",16456.32,0.0,16456.32,493.68,-0.01,16950.01,0,0.0,0,0.0,0.0,16950.0,795,,Modified,0,,,,
476,101,1,RSL/19-20/476,2019-12-18 00:00:00,2,102,ROHIT,"BBSR
",20388.35,0.0,20388.35,611.66,0.0,21000.0,0,0.0,0,0.0,0.0,21000.0,780,,Modified,0,,,,
477,101,1,RSL/19-20/477,2019-12-19 00:00:00,2,102,RAKESH,"BBSR
",6310.68,0.0,6310.68,189.32,0.0,6500.0,0,0.0,0,0.0,0.0,6500.0,525,,New,0,,,,
478,101,1,RSL/19-20/478,2019-12-20 00:00:00,2,102,R.GUPTA,"BBSR
",12621.36,0.0,12621.36,378.64,0.0,13000.0,0,0.0,0,0.0,0.0,13000.0,526,,New,0,,,,
479,101,1,RSL/19-20/479,2019-12-21 00:00:00,2,102,DEEPAK,"BBSR
",13300.97,0.0,13300.97,399.02,0.0,13700.0,0,0.0,0,0.0,0.0,13700.0,527,,New,0,,,,
480,101,1,RSL/19-20/480,2019-12-22 00:00:00,2,102,RAMESH,"BBSR
",18932.04,0.0,18932.04,567.96,0.0,19500.0,0,0.0,0,0.0,0.0,19500.0,528,,New,0,,,,
481,101,1,RSL/19-20/481,2019-12-23 00:00:00,2,102,SOORAJ,"BBSR
",3300.97,0.0,3300.97,99.02,0.0,3400.0,0,0.0,0,0.0,0.0,3400.0,529,,New,0,,,,
482,101,1,RSL/19-20/482,2019-12-24 00:00:00,2,102,U.KHAN,"BBSR
",10048.54,0.0,10048.54,301.46,0.0,10350.0,0,0.0,0,0.0,0.0,10350.0,530,,New,0,,,,
483,101,1,RSL/19-20/483,2019-12-24 00:00:00,2,102,P.SWAIN,"BBSR
",8737.62,0.0,8737.62,262.12,0.25,8999.75,0,0.0,0,0.0,0.0,9000.0,781,,Modified,0,,,,
484,101,1,RSL/19-20/484,2019-12-25 00:00:00,2,102,NIKHIL,"
BBSR
",1941.75,0.0,1941.75,58.26,0.0,2000.0,0,0.0,0,0.0,0.0,2000.0,532,,New,0,,,,
485,101,1,RSL/19-20/485,2019-12-25 00:00:00,2,102,SAILESH,"BBSR
",6796.12,0.0,6796.12,203.88,0.0,7000.0,0,0.0,0,0.0,0.0,7000.0,782,,Modified,0,,,,
486,101,1,RSL/19-20/486,2019-12-26 00:00:00,2,102,MANJU YADAV,"BBSR
",8932.04,0.0,8932.04,267.96,0.0,9200.0,0,0.0,0,0.0,0.0,9200.0,534,,New,0,,,,
487,101,1,RSL/19-20/487,2019-12-27 00:00:00,2,102,SATYABHAMA,"BBSR
",6213.59,0.0,6213.59,186.4,0.0,6400.0,0,0.0,0,0.0,0.0,6400.0,535,,New,0,,,,
488,101,1,RSL/19-20/488,2019-12-28 00:00:00,2,102,TWINKLE,"BBSR
",12135.92,0.0,12135.92,364.08,0.0,12500.0,0,0.0,0,0.0,0.0,12500.0,783,,Modified,0,,,,
489,101,1,RSL/19-20/489,2019-12-29 00:00:00,2,102,RAKHI,"BBSR
",60679.61,0.0,60679.61,1820.38,0.0,62500.0,0,0.0,0,0.0,0.0,62500.0,537,,New,0,,,,
490,101,1,RSL/19-20/490,2019-12-30 00:00:00,2,102,TAPASHI,"BBSR
",970.87,0.0,970.87,29.12,0.0,1000.0,0,0.0,0,0.0,0.0,1000.0,538,,New,0,,,,
491,101,1,RSL/19-20/491,2019-12-31 00:00:00,2,102,M.SHAFI,"BBSR
",26699.03,0.0,26699.03,800.98,0.0,27500.0,0,0.0,0,0.0,0.0,27500.0,539,,New,0,,,,
492,101,1,RSL/19-20/492,2019-12-31 00:00:00,2,102,YASMIN,"BBSR
",6796.12,0.0,6796.12,203.88,0.0,7000.0,0,0.0,0,0.0,0.0,7000.0,540,,New,0,,,,
493,101,1,RSL/19-20/493,2020-01-01 00:00:00,2,102,ANURADHA,"BBSR
",6116.5,0.0,6116.5,183.5,0.0,6300.0,0,0.0,0,0.0,0.0,6300.0,541,,New,0,,,,
494,101,1,RSL/19-20/494,2020-01-02 00:00:00,2,102,RAVI,"BBSR
",2718.45,0.0,2718.45,81.56,0.0,2800.0,0,0.0,0,0.0,0.0,2800.0,542,,New,0,,,,
495,101,1,RSL/19-20/495,2020-01-03 00:00:00,2,102,MANORAMA,"BBSR
",18058.25,0.0,18058.25,541.74,0.0,18600.0,0,0.0,0,0.0,0.0,18600.0,543,,New,0,,,,
496,101,1,RSL/19-20/496,2020-01-03 00:00:00,2,102,T.JENA,"BBSR
",970.87,0.0,970.87,29.12,0.0,1000.0,0,0.0,0,0.0,0.0,1000.0,544,,New,0,,,,
497,101,1,RSL/19-20/497,2020-01-03 00:00:00,2,102,TRILOCHAN,"BBSR
",1941.75,0.0,1941.75,58.26,0.0,2000.0,0,0.0,0,0.0,0.0,2000.0,545,,New,0,,,,
498,101,1,RSL/19-20/498,2020-01-04 00:00:00,2,102,SAILEN MISRA,"BBSR
BBSR

",114903.31,0.0,114903.31,3447.1,-0.41,118350.41,0,0.0,0,0.0,0.0,118350.0,546,,New,0,,,,
499,101,1,RSL/19-20/499,2020-01-05 00:00:00,2,102,RAJESH,"BBSR
",1941.75,0.0,1941.75,58.26,0.0,2000.0,0,0.0,0,0.0,0.0,2000.0,547,,New,0,,,,
500,101,1,RSL/19-20/500,2020-01-06 00:00:00,2,102,J.DAS,"BBSR
",10436.89,0.0,10436.89,313.1,0.0,10750.0,0,0.0,0,0.0,0.0,10750.0,548,,New,0,,,,
501,101,1,RSL/19-20/501,2020-01-06 00:00:00,2,102,VIJAY,"BBSR
",3427.18,0.0,3427.18,102.82,0.0,3530.0,0,0.0,0,0.0,0.0,3530.0,549,,New,0,,,,
502,101,1,RSL/19-20/502,2020-01-06 00:00:00,2,102,T.MOULIC,"BBSR
",1941.75,0.0,1941.75,58.26,0.0,2000.0,0,0.0,0,0.0,0.0,2000.0,550,,New,0,,,,
503,101,1,RSL/19-20/503,2020-01-06 00:00:00,2,102,PRITI,"BBSR
",5339.81,0.0,5339.81,160.2,0.0,5500.0,0,0.0,0,0.0,0.0,5500.0,551,,New,0,,,,
504,101,1,RSL/19-20/504,2020-01-07 00:00:00,2,102,DEEPTI,"BBSR
",3883.5,0.0,3883.5,116.5,0.0,4000.0,0,0.0,0,0.0,0.0,4000.0,552,,New,0,,,,
505,101,1,RSL/19-20/505,2020-01-07 00:00:00,2,102,T.JENA,"BBSR
",14077.67,0.0,14077.67,422.34,-0.01,14500.01,0,0.0,0,0.0,0.0,14500.0,555,,Modified,0,,,,
506,101,1,RSL/19-20/506,2020-01-09 00:00:00,2,102,RAGAV,"BBSR
",40776.7,0.0,40776.7,1223.3,0.0,42000.0,0,0.0,0,0.0,0.0,42000.0,554,,New,0,,,,
507,101,1,RSL/19-20/507,2020-01-10 00:00:00,2,102,DEBA BISWAL,"BBSR
",47087.38,0.0,47087.38,1412.62,0.0,48500.0,0,0.0,0,0.0,0.0,48500.0,556,,New,0,,,,
508,101,1,RSL/19-20/508,2020-01-10 00:00:00,2,102,RAKHI JAINA,"BBSR
",873.79,0.0,873.79,26.22,0.0,900.0,0,0.0,0,0.0,0.0,900.0,557,,New,0,,,,
509,101,1,RSL/19-20/509,2020-01-11 00:00:00,2,102,GAGAN,"BBSR
",2912.62,0.0,2912.62,87.38,0.0,3000.0,0,0.0,0,0.0,0.0,3000.0,558,,New,0,,,,
510,101,1,RSL/19-20/510,2020-01-11 00:00:00,2,102,RIMA,"
BBSR",16310.68,0.0,16310.68,489.32,0.0,16800.0,0,0.0,0,0.0,0.0,16800.0,559,,New,0,,,,
511,101,1,RSL/19-20/511,2020-01-12 00:00:00,2,102,SABYA,"BBSR
",4660.19,0.0,4660.19,139.8,0.01,4799.99,0,0.0,0,0.0,0.0,4800.0,564,,Modified,0,,,,
512,101,1,RSL/19-20/512,2020-01-12 00:00:00,2,102,BIJAY KUMAR SAHOO,"BBSR
",18446.6,0.0,18446.6,553.4,0.0,19000.0,0,0.0,0,0.0,0.0,19000.0,561,,New,0,,,,
513,101,1,RSL/19-20/513,2020-01-12 00:00:00,2,102,MAUTUSI BERA,"BBSR
",8640.78,0.0,8640.78,259.22,0.0,8900.0,0,0.0,0,0.0,0.0,8900.0,562,,New,0,,,,
514,101,1,RSL/19-20/514,2020-01-12 00:00:00,2,102,UMAKANT,"BBSR
",9708.74,0.0,9708.74,291.26,0.0,10000.0,0,0.0,0,0.0,0.0,10000.0,563,,New,0,,,,
515,101,1,RSL/19-20/515,2020-01-12 00:00:00,2,102,SOUMYA,"BBSR
",1203.88,0.0,1203.88,36.12,0.0,1240.0,0,0.0,0,0.0,0.0,1240.0,565,,New,0,,,,
516,101,1,RSL/19-20/516,2020-01-12 00:00:00,2,102,RAVI,"BBSR
",19417.48,0.0,19417.48,582.52,0.0,20000.0,0,0.0,0,0.0,0.0,20000.0,566,,New,0,,,,
517,101,1,RSL/19-20/517,2020-01-13 00:00:00,2,102,RINKU,"BBSR
",10194.17,0.0,10194.17,305.82,0.0,10500.0,0,0.0,0,0.0,0.0,10500.0,567,,New,0,,,,
518,101,1,RSL/19-20/518,2020-01-14 00:00:00,2,102,KALIM,"BBSR
",16359.22,0.0,16359.22,490.78,0.0,16850.0,0,0.0,0,0.0,0.0,16850.0,568,,New,0,,,,
519,101,1,RSL/19-20/519,2020-01-14 00:00:00,2,102,RITESH,"BBSR
",9708.74,0.0,9708.74,291.26,0.0,10000.0,0,0.0,0,0.0,0.0,10000.0,569,,New,0,,,,
520,101,1,RSL/19-20/520,2020-01-15 00:00:00,2,102,PRADIP,"BBSR
",1941.75,0.0,1941.75,58.26,0.0,2000.0,0,0.0,0,0.0,0.0,2000.0,570,,New,0,,,,
521,101,1,RSL/19-20/521,2020-01-16 00:00:00,2,102,UMAKANTA,"BBSR
",6893.2,0.0,6893.2,206.8,0.0,7100.0,0,0.0,0,0.0,0.0,7100.0,571,,New,0,,,,
522,101,1,RSL/19-20/522,2020-01-16 00:00:00,2,102,RAMESH,"BBSR
",4368.93,0.0,4368.93,131.06,0.0,4500.0,0,0.0,0,0.0,0.0,4500.0,572,,New,0,,,,
523,101,1,RSL/19-20/523,2020-01-17 00:00:00,2,102,BISOI,"BBSR
",28155.34,0.0,28155.34,844.66,0.0,29000.0,0,0.0,0,0.0,0.0,29000.0,573,,New,0,,,,
524,101,1,RSL/19-20/524,2020-01-17 00:00:00,2,102,A.K.NAYAK,"BBSR
",2815.53,0.0,2815.53,84.46,0.01,2899.99,0,0.0,0,0.0,0.0,2900.0,576,,Modified,0,,,,
525,101,1,RSL/19-20/525,2020-01-17 00:00:00,2,102,VIVHA CHAUBEY,"BBSR
",1941.75,0.0,1941.75,58.26,0.0,2000.0,0,0.0,0,0.0,0.0,2000.0,575,,New,0,,,,
526,101,1,RSL/19-20/526,2020-01-18 00:00:00,2,102,ANJALI,"BBSR
",9223.68,0.0,9223.68,276.72,-0.39,9500.39,0,0.0,0,0.0,0.0,9500.0,577,,New,0,,,,
527,101,1,RSL/19-20/527,2020-01-18 00:00:00,2,102,BINAPANI,"BBSR
",1553.4,0.0,1553.4,46.6,0.0,1600.0,0,0.0,0,0.0,0.0,1600.0,578,,New,0,,,,
528,101,1,RSL/19-20/528,2020-01-18 00:00:00,2,102,B.MOHAPATRA,"BBSR
",776.7,0.0,776.7,23.3,0.0,800.0,0,0.0,0,0.0,0.0,800.0,579,,New,0,,,,
529,101,1,RSL/19-20/529,2020-01-19 00:00:00,2,102,BISWA,"BBSR
",4854.37,0.0,4854.37,145.64,0.0,5000.0,0,0.0,0,0.0,0.0,5000.0,580,,New,0,,,,
530,101,1,RSL/19-20/530,2020-01-19 00:00:00,2,102,S.K.PATRA,"BBSR
",2184.47,0.0,2184.47,65.54,0.0,2250.0,0,0.0,0,0.0,0.0,2250.0,581,,New,0,,,,
531,101,1,RSL/19-20/531,2020-01-19 00:00:00,2,102,AKHILESH ,"BBSR
",58252.43,0.0,58252.43,1747.58,0.0,60000.0,0,0.0,0,0.0,0.0,60000.0,582,,New,0,,,,
532,101,1,RSL/19-20/532,2020-01-20 00:00:00,2,102,KAILASH,"BBSR
",7766.99,0.0,7766.99,233.0,0.0,8000.0,0,0.0,0,0.0,0.0,8000.0,583,,New,0,,,,
533,101,1,RSL/19-20/533,2020-01-21 00:00:00,2,102,S.MOHANTY,"
",2281.55,0.0,2281.55,68.44,0.0,2350.0,0,0.0,0,0.0,0.0,2350.0,584,,New,0,,,,
534,101,1,RSL/19-20/534,2020-01-21 00:00:00,2,102,RAMESH,"BBSR
",2912.62,0.0,2912.62,87.38,0.0,3000.0,0,0.0,0,0.0,0.0,3000.0,585,,New,0,,,,
535,101,1,RSL/19-20/535,2020-01-22 00:00:00,2,102,VIVEK,"BBSR
",1941.75,0.0,1941.75,58.26,0.0,2000.0,0,0.0,0,0.0,0.0,2000.0,586,,New,0,,,,
536,101,1,RSL/19-20/536,2020-01-22 00:00:00,2,102,SMRUTI,"BBSR
",970.87,0.0,970.87,29.12,0.0,1000.0,0,0.0,0,0.0,0.0,1000.0,587,,New,0,,,,
537,101,1,RSL/19-20/537,2020-01-22 00:00:00,2,102,CHANDAN,"BBSR
",36407.77,0.0,36407.77,1092.24,0.0,37500.0,0,0.0,0,0.0,0.0,37500.0,588,,New,0,,,,
538,101,1,RSL/19-20/538,2020-01-23 00:00:00,2,102,PARTAP ,"BBSR
",524.27,0.0,524.27,15.72,0.0,540.0,0,0.0,0,0.0,0.0,540.0,589,,New,0,,,,
539,101,1,RSL/19-20/539,2020-01-23 00:00:00,2,102,TUSHAR,"BBSR
",6796.12,0.0,6796.12,203.88,0.0,7000.0,0,0.0,0,0.0,0.0,7000.0,590,,New,0,,,,
540,101,1,RSL/19-20/540,2020-01-23 00:00:00,2,102,PUSPARANI,"BBSR
",3689.32,0.0,3689.32,110.68,0.0,3800.0,0,0.0,0,0.0,0.0,3800.0,591,,New,0,,,,
541,101,1,RSL/19-20/541,2020-01-23 00:00:00,2,102,SIDHARTH,"BBSR
",97087.38,0.0,97087.38,2912.62,0.0,100000.0,0,0.0,0,0.0,0.0,100000.0,592,,New,0,,,,
542,101,1,RSL/19-20/542,2020-01-23 00:00:00,2,102,LOKA,"BBSR
",19417.48,0.0,19417.48,582.52,0.0,20000.0,0,0.0,0,0.0,0.0,20000.0,595,,Modified,0,,,,
543,101,1,RSL/19-20/543,2020-01-24 00:00:00,2,102,R NAYAK,"BBSR
",9805.83,0.0,9805.83,294.18,0.0,10100.0,0,0.0,0,0.0,0.0,10100.0,596,,New,0,,,,
544,101,1,RSL/19-20/544,2020-01-24 00:00:00,2,102,G.N SABAT,"BBSR
",24077.67,0.0,24077.67,722.34,0.0,24800.0,0,0.0,0,0.0,0.0,24800.0,597,,New,0,,,,
545,101,1,RSL/19-20/545,2020-01-24 00:00:00,2,102,PRANITA,"BBSR

",1951.71,0.0,1951.71,58.56,-0.26,2010.26,0,0.0,0,0.0,0.0,2010.0,778,,Modified,0,,,,
546,101,1,RSL/19-20/546,2020-01-24 00:00:00,2,102,SURAJIT DAS,"BBSR

",24757.28,0.0,24757.28,742.72,0.0,25500.0,0,0.0,0,0.0,0.0,25500.0,599,,New,0,,,,
547,101,1,RSL/19-20/547,2020-01-24 00:00:00,2,102,PRADIP,"BBSR
",26699.03,0.0,26699.03,800.98,0.0,27500.0,0,0.0,0,0.0,0.0,27500.0,600,,New,0,,,,
548,101,1,RSL/19-20/548,2020-01-25 00:00:00,2,102,RAJESH,"BBSR
",8252.43,0.0,8252.43,247.58,0.0,8500.0,0,0.0,0,0.0,0.0,8500.0,601,,New,0,,,,
549,101,1,RSL/19-20/549,2020-01-25 00:00:00,2,102,ANJANA,"BBSR
",456.31,0.0,456.31,13.68,0.0,470.0,0,0.0,0,0.0,0.0,470.0,602,,New,0,,,,
550,101,1,RSL/19-20/550,2020-01-26 00:00:00,2,102,NAINA,"BBSR
",57281.55,0.0,57281.55,1718.44,0.0,59000.0,0,0.0,0,0.0,0.0,59000.0,603,,New,0,,,,
551,101,1,RSL/19-20/551,2020-01-27 00:00:00,2,102,DIVYA,"BBSR
",15339.81,0.0,15339.81,460.2,0.0,15800.0,0,0.0,0,0.0,0.0,15800.0,604,,New,0,,,,
552,101,1,RSL/19-20/552,2020-01-27 00:00:00,2,102,RABIYA,"BBSR
",17475.73,0.0,17475.73,524.28,0.0,18000.0,0,0.0,0,0.0,0.0,18000.0,605,,New,0,,,,
553,101,1,RSL/19-20/553,2020-01-27 00:00:00,2,102,NEELAM,"BBSR
",3398.06,0.0,3398.06,101.94,0.0,3500.0,0,0.0,0,0.0,0.0,3500.0,606,,New,0,,,,
554,101,1,RSL/19-20/554,2020-01-28 00:00:00,2,102,SUSMITA,"BBSR
",15048.54,0.0,15048.54,451.46,0.0,15500.0,0,0.0,0,0.0,0.0,15500.0,607,,New,0,,,,
555,101,1,RSL/19-20/555,2020-01-28 00:00:00,2,102,P.MOULIC,"
BBSR
",6310.68,0.0,6310.68,189.32,0.0,6500.0,0,0.0,0,0.0,0.0,6500.0,609,,Modified,0,,,,
556,101,1,RSL/19-20/556,2020-01-28 00:00:00,2,102,S.MOHAPATRA,"BBSR
",6504.85,0.0,6504.85,195.14,0.0,6700.0,0,0.0,0,0.0,0.0,6700.0,610,,New,0,,,,
557,101,1,RSL/19-20/557,2020-01-28 00:00:00,2,102,DIPU,"BBSR
",11941.75,0.0,11941.75,358.26,0.0,12300.0,0,0.0,0,0.0,0.0,12300.0,611,,New,0,,,,
558,101,1,RSL/19-20/558,2020-01-29 00:00:00,2,102,MEENA,"
",21067.96,0.0,21067.96,632.04,0.0,21700.0,0,0.0,0,0.0,0.0,21700.0,612,,New,0,,,,
559,101,1,RSL/19-20/559,2020-01-29 00:00:00,2,102,SUNIL,"BBSR
",6407.77,0.0,6407.77,192.24,0.0,6600.0,0,0.0,0,0.0,0.0,6600.0,613,,New,0,,,,
560,101,1,RSL/19-20/560,2020-01-29 00:00:00,2,102,SURAJ,"BBSR
",1796.12,0.0,1796.12,53.88,0.0,1850.0,0,0.0,0,0.0,0.0,1850.0,616,,Modified,0,,,,
561,101,1,RSL/19-20/561,2020-01-29 00:00:00,2,102,NILIMA,"BBSR
",23786.41,0.0,23786.41,713.6,-0.01,24500.01,0,0.0,0,0.0,0.0,24500.0,617,,Modified,0,,,,
562,101,1,RSL/19-20/562,2020-01-30 00:00:00,2,102,D.MUKERJI,"BBSR
",21359.22,0.0,21359.22,640.78,0.0,22000.0,0,0.0,0,0.0,0.0,22000.0,618,,New,0,,,,
563,101,1,RSL/19-20/563,2020-01-31 00:00:00,2,102,ROSHAN,"BBSR
",13398.06,0.0,13398.06,401.94,0.0,13800.0,0,0.0,0,0.0,0.0,13800.0,619,,New,0,,,,
564,101,1,RSL/19-20/564,2020-01-31 00:00:00,2,102,T.PATTNAIK,"BBSR
",2038.83,0.0,2038.83,61.16,0.01,2099.99,0,0.0,0,0.0,0.0,2100.0,620,,New,0,,,,
565,101,1,RSL/19-20/565,2020-02-01 00:00:00,2,102,SURESH DASH,"BBSR
",52233.01,0.0,52233.01,1567.0,0.0,53800.0,0,0.0,0,0.0,0.0,53800.0,621,,New,0,,,,
566,101,1,RSL/19-20/566,2020-02-01 00:00:00,2,102,SABITA,"BBSR
",19417.48,0.0,19417.48,582.52,0.0,20000.0,0,0.0,0,0.0,0.0,20000.0,622,,New,0,,,,
567,101,1,RSL/19-20/567,2020-02-01 00:00:00,2,102,S.PANDA,"BBSR
",1097.09,0.0,1097.09,32.92,0.0,1130.0,0,0.0,0,0.0,0.0,1130.0,623,,New,0,,,,
568,101,1,RSL/19-20/568,2020-02-01 00:00:00,2,102,SAROJ,"BBSR
",7087.38,0.0,7087.38,212.62,0.0,7300.0,0,0.0,0,0.0,0.0,7300.0,624,,New,0,,,,
569,101,1,RSL/19-20/569,2020-02-02 00:00:00,2,102,RAJ,"BBSR
",388.35,0.0,388.35,11.66,0.0,400.0,0,0.0,0,0.0,0.0,400.0,625,,New,0,,,,
570,101,1,RSL/19-20/570,2020-02-02 00:00:00,2,102,BINOD,"BBSR
",16990.29,0.0,16990.29,509.7,0.0,17500.0,0,0.0,0,0.0,0.0,17500.0,626,,New,0,,,,
571,101,1,RSL/19-20/571,2020-02-03 00:00:00,2,102,AJAY,"BBSR
",20873.79,0.0,20873.79,626.22,0.0,21500.0,0,0.0,0,0.0,0.0,21500.0,627,,New,0,,,,
572,101,1,RSL/19-20/572,2020-02-03 00:00:00,2,102,DILU,"BBSR
",4029.13,0.0,4029.13,120.88,0.0,4150.0,0,0.0,0,0.0,0.0,4150.0,628,,New,0,,,,
573,101,1,RSL/19-20/573,2020-02-04 00:00:00,2,102,APRAJITA,"BBSR
",29417.48,0.0,29417.48,882.52,0.0,30300.0,0,0.0,0,0.0,0.0,30300.0,629,,New,0,,,,
574,101,1,RSL/19-20/574,2020-02-04 00:00:00,2,102,RANJITA,"BBSR
",533.98,0.0,533.98,16.02,0.0,550.0,0,0.0,0,0.0,0.0,550.0,630,,New,0,,,,
575,101,1,RSL/19-20/575,2020-02-04 00:00:00,2,102,NITESH,"BBSR
",14077.67,0.0,14077.67,422.34,0.0,14500.0,0,0.0,0,0.0,0.0,14500.0,631,,New,0,,,,
576,101,1,RSL/19-20/576,2020-02-05 00:00:00,2,102,S.BARIK,"BBSR
",10388.35,0.0,10388.35,311.66,0.0,10700.0,0,0.0,0,0.0,0.0,10700.0,632,,New,0,,,,
577,101,1,RSL/19-20/577,2020-02-05 00:00:00,2,102,R.PANDA,"BBSR
",1941.75,0.0,1941.75,58.26,0.0,2000.0,0,0.0,0,0.0,0.0,2000.0,633,,New,0,,,,
578,101,1,RSL/19-20/578,2020-02-05 00:00:00,2,102,TANMAY,"BBSR
",1796.12,0.0,1796.12,53.88,0.0,1850.0,0,0.0,0,0.0,0.0,1850.0,634,,New,0,,,,
579,101,1,RSL/19-20/579,2020-02-05 00:00:00,2,102,SEKHAR,"BBSR
",17475.73,0.0,17475.73,524.28,0.0,18000.0,0,0.0,0,0.0,0.0,18000.0,635,,New,0,,,,
580,101,1,RSL/19-20/580,2020-02-05 00:00:00,2,102,MANORAMA,"BBSR
",66990.29,0.0,66990.29,2009.7,0.0,69000.0,0,0.0,0,0.0,0.0,69000.0,636,,New,0,,,,
581,101,1,RSL/19-20/581,2020-02-05 00:00:00,2,102,SOMNATH,"BBSR
",14077.67,0.0,14077.67,422.34,0.0,14500.0,0,0.0,0,0.0,0.0,14500.0,637,,New,0,,,,
582,101,1,RSL/19-20/582,2020-02-06 00:00:00,2,102,KABULI,"BBSR
",14077.67,0.0,14077.67,422.34,0.0,14500.0,0,0.0,0,0.0,0.0,14500.0,638,,New,0,,,,
583,101,1,RSL/19-20/583,2020-02-06 00:00:00,2,102,SUBHADRA,"BBSR
",7281.55,0.0,7281.55,218.44,0.0,7500.0,0,0.0,0,0.0,0.0,7500.0,639,,New,0,,,,
584,101,1,RSL/19-20/584,2020-02-06 00:00:00,2,102,RAJESH,"BBSR
",14077.67,0.0,14077.67,422.34,0.0,14500.0,0,0.0,0,0.0,0.0,14500.0,640,,New,0,,,,
585,101,1,RSL/19-20/585,2020-02-07 00:00:00,2,102,BISWAJIT,"BBSR
",9708.74,0.0,9708.74,291.26,0.0,10000.0,0,0.0,0,0.0,0.0,10000.0,641,,New,0,,,,
586,101,1,RSL/19-20/586,2020-02-07 00:00:00,2,102,SIDHARTH,"BBSR
",3592.23,0.0,3592.23,107.76,0.0,3700.0,0,0.0,0,0.0,0.0,3700.0,642,,New,0,,,,
587,101,1,RSL/19-20/587,2020-02-07 00:00:00,2,102,D.JENA,"BBSR
",13009.91,0.0,13009.91,390.3,-0.21,13400.21,0,0.0,0,0.0,0.0,13400.0,643,,New,0,,,,
588,101,1,RSL/19-20/588,2020-02-08 00:00:00,2,102,BHUSAN,"BBSR
",6796.12,0.0,6796.12,203.88,0.0,7000.0,0,0.0,0,0.0,0.0,7000.0,644,,New,0,,,,
589,101,1,RSL/19-20/589,2020-02-08 00:00:00,2,102,DILIP,"BBSR
",5825.24,0.0,5825.24,174.76,0.0,6000.0,0,0.0,0,0.0,0.0,6000.0,645,,New,0,,,,
590,101,1,RSL/19-20/590,2020-02-09 00:00:00,2,102,SWAGTIKA,"BBSR
",10194.17,0.0,10194.17,305.82,0.0,10500.0,0,0.0,0,0.0,0.0,10500.0,646,,New,0,,,,
591,101,1,RSL/19-20/591,2020-02-10 00:00:00,2,102,SURYA,"BBSR
",10485.44,0.0,10485.44,314.56,0.0,10800.0,0,0.0,0,0.0,0.0,10800.0,647,,New,0,,,,
592,101,1,RSL/19-20/592,2020-02-10 00:00:00,2,102,SUNIL,"BBSR
",5825.24,0.0,5825.24,174.76,0.0,6000.0,0,0.0,0,0.0,0.0,6000.0,648,,New,0,,,,
593,101,1,RSL/19-20/593,2020-02-10 00:00:00,2,102,SHIV,"BBSR
",32815.53,0.0,32815.53,984.46,0.0,33800.0,0,0.0,0,0.0,0.0,33800.0,649,,New,0,,,,
594,101,1,RSL/19-20/594,2020-02-11 00:00:00,2,102,B.KARONYA,"BBSR
",7766.99,0.0,7766.99,233.0,0.0,8000.0,0,0.0,0,0.0,0.0,8000.0,650,,New,0,,,,
595,101,1,RSL/19-20/595,2020-02-11 00:00:00,2,102,CHARANJEET,"BBSR
",1893.2,0.0,1893.2,56.8,0.0,1950.0,0,0.0,0,0.0,0.0,1950.0,652,,Modified,0,,,,
596,101,1,RSL/19-20/596,2020-02-11 00:00:00,2,102,FIROZ,"BBSR
",13203.88,0.0,13203.88,396.12,0.0,13600.0,0,0.0,0,0.0,0.0,13600.0,653,,New,0,,,,
597,101,1,RSL/19-20/597,2020-02-11 00:00:00,2,102,RASHI,"BBSR
",17475.73,0.0,17475.73,524.28,0.0,18000.0,0,0.0,0,0.0,0.0,18000.0,654,,New,0,,,,
598,101,1,RSL/19-20/598,2020-02-12 00:00:00,2,102,ROHAN,"BBSR
",8155.34,0.0,8155.34,244.66,0.0,8400.0,0,0.0,0,0.0,0.0,8400.0,655,,New,0,,,,
599,101,1,RSL/19-20/599,2020-02-12 00:00:00,2,102,RAKESH,"BBSR
",25242.72,0.0,25242.72,757.28,0.0,26000.0,0,0.0,0,0.0,0.0,26000.0,656,,New,0,,,,
600,101,1,RSL/19-20/600,2020-02-13 00:00:00,2,102,DIPIKA,"BBSR
",19417.48,0.0,19417.48,582.52,0.0,20000.0,0,0.0,0,0.0,0.0,20000.0,657,,New,0,,,,
601,101,1,RSL/19-20/601,2020-02-13 00:00:00,2,102,P.BEHERA,"BBSR
",1456.31,0.0,1456.31,43.68,0.0,1500.0,0,0.0,0,0.0,0.0,1500.0,658,,New,0,,,,
602,101,1,RSL/19-20/602,2020-02-13 00:00:00,2,102,IPSITA,"BBSR
",3883.5,0.0,3883.5,116.5,-0.01,4000.01,0,0.0,0,0.0,0.0,4000.0,659,,New,0,,,,
603,101,1,RSL/19-20/603,2020-02-14 00:00:00,2,102,RAKHI KUMARI,"BBSR
",48446.6,0.0,48446.6,1453.4,0.0,49900.0,0,0.0,0,0.0,0.0,49900.0,660,,New,0,,,,
604,101,1,RSL/19-20/604,2020-02-14 00:00:00,2,102,AVINASH,"BBSR
",2135.92,0.0,2135.92,64.08,0.0,2200.0,0,0.0,0,0.0,0.0,2200.0,661,,New,0,,,,
605,101,1,RSL/19-20/605,2020-02-14 00:00:00,2,102,P.K.GIRI,"BBSR
",8737.86,0.0,8737.86,262.14,0.0,9000.0,0,0.0,0,0.0,0.0,9000.0,662,,New,0,,,,
606,101,1,RSL/19-20/606,2020-02-14 00:00:00,2,102,D.MUKERJI,"BBSR
",19417.48,0.0,19417.48,582.52,0.0,20000.0,0,0.0,0,0.0,0.0,20000.0,663,,New,0,,,,
607,101,1,RSL/19-20/607,2020-02-14 00:00:00,2,102,ALOK,"BBSR
",13592.23,0.0,13592.23,407.76,0.0,14000.0,0,0.0,0,0.0,0.0,14000.0,664,,New,0,,,,
608,101,1,RSL/19-20/608,2020-02-15 00:00:00,2,102,RAJBIR,"BBSR
",7766.99,0.0,7766.99,233.0,0.0,8000.0,0,0.0,0,0.0,0.0,8000.0,665,,New,0,,,,
609,101,1,RSL/19-20/609,2020-02-16 00:00:00,2,102,JAY GURU RAJBANSHI,"BBSR
",74757.28,0.0,74757.28,2242.72,0.0,77000.0,0,0.0,0,0.0,0.0,77000.0,666,,New,0,,,,
610,101,1,RSL/19-20/610,2020-02-17 00:00:00,2,102,T.G.MOULIC,"BBSR
",85436.89,0.0,85436.89,2563.1,0.0,88000.0,0,0.0,0,0.0,0.0,88000.0,667,,New,0,,,,
611,101,1,RSL/19-20/611,2020-02-18 00:00:00,2,102,P.PARIDA,"BBSR
",16699.03,0.0,16699.03,500.98,0.0,17200.0,0,0.0,0,0.0,0.0,17200.0,668,,New,0,,,,
612,101,1,RSL/19-20/612,2020-02-18 00:00:00,2,102,BIKASH,"BBSR
",8737.86,0.0,8737.86,262.14,0.0,9000.0,0,0.0,0,0.0,0.0,9000.0,669,,New,0,,,,
613,101,1,RSL/19-20/613,2020-02-18 00:00:00,2,102,SUDIPTA,"BBSR
",18446.6,0.0,18446.6,553.4,0.0,19000.0,0,0.0,0,0.0,0.0,19000.0,670,,New,0,,,,
614,101,1,RSL/19-20/614,2020-02-18 00:00:00,2,102,PRAKASH,"BBSR
",7961.17,0.0,7961.17,238.84,-0.01,8200.01,0,0.0,0,0.0,0.0,8200.0,672,,Modified,0,,,,
615,101,1,RSL/19-20/615,2020-02-19 00:00:00,2,102,BIJAY,"BBSR
",11650.49,0.0,11650.49,349.52,0.0,12000.0,0,0.0,0,0.0,0.0,12000.0,673,,New,0,,,,
616,101,1,RSL/19-20/616,2020-02-19 00:00:00,2,102,ASHOK,"BBSR
",18932.04,0.0,18932.04,567.96,0.0,19500.0,0,0.0,0,0.0,0.0,19500.0,674,,New,0,,,,
617,101,1,RSL/19-20/617,2020-02-20 00:00:00,2,102,BIJAY,"BBSR
",13592.23,0.0,13592.23,407.76,0.0,14000.0,0,0.0,0,0.0,0.0,14000.0,675,,New,0,,,,
618,101,1,RSL/19-20/618,2020-02-21 00:00:00,2,102,UMESH,"BBSR
",15048.54,0.0,15048.54,451.46,0.0,15500.0,0,0.0,0,0.0,0.0,15500.0,676,,New,0,,,,
619,101,1,RSL/19-20/619,2020-02-21 00:00:00,2,102,SOUMYA,"BBSR
",4854.37,0.0,4854.37,145.64,0.0,5000.0,0,0.0,0,0.0,0.0,5000.0,677,,New,0,,,,
620,101,1,RSL/19-20/620,2020-02-21 00:00:00,2,102,R.CHAUHAN,"BBSR
",7961.17,0.0,7961.17,238.84,-0.01,8200.01,0,0.0,0,0.0,0.0,8200.0,678,,New,0,,,,
621,101,1,RSL/19-20/621,2020-02-22 00:00:00,2,102,KANCHAN,"BBSR

",21359.22,0.0,21359.22,640.78,0.0,22000.0,0,0.0,0,0.0,0.0,22000.0,679,,New,0,,,,
622,101,1,RSL/19-20/622,2020-02-22 00:00:00,2,102,J.DAS,"BBSR
",13300.97,0.0,13300.97,399.02,0.0,13700.0,0,0.0,0,0.0,0.0,13700.0,680,,New,0,,,,
623,101,1,RSL/19-20/623,2020-02-22 00:00:00,2,102,SUNIL,"BBSR
",2135.92,0.0,2135.92,64.08,0.0,2200.0,0,0.0,0,0.0,0.0,2200.0,681,,New,0,,,,
624,101,1,RSL/19-20/624,2020-02-22 00:00:00,2,102,KOMAL,"BBSR
",970.87,0.0,970.87,29.12,0.0,1000.0,0,0.0,0,0.0,0.0,1000.0,682,,New,0,,,,
625,101,1,RSL/19-20/625,2020-02-22 00:00:00,2,102,S.JENA,"BBSR
",7766.99,0.0,7766.99,233.0,0.0,8000.0,0,0.0,0,0.0,0.0,8000.0,683,,New,0,,,,
626,101,1,RSL/19-20/626,2020-02-22 00:00:00,2,102,BIJAY,"BBSR
",6796.12,0.0,6796.12,203.88,0.0,7000.0,0,0.0,0,0.0,0.0,7000.0,684,,New,0,,,,
627,101,1,RSL/19-20/627,2020-02-23 00:00:00,2,102,KEDAR,"BBSR
",3689.32,0.0,3689.32,110.68,0.0,3800.0,0,0.0,0,0.0,0.0,3800.0,685,,New,0,,,,
628,101,1,RSL/19-20/628,2020-02-23 00:00:00,2,102,BINOD,"BBSR
",3980.58,0.0,3980.58,119.42,0.0,4100.0,0,0.0,0,0.0,0.0,4100.0,686,,New,0,,,,
629,101,1,RSL/19-20/629,2020-02-23 00:00:00,2,102,KARIM,"BBSR
",3883.5,0.0,3883.5,116.5,-0.01,4000.01,0,0.0,0,0.0,0.0,4000.0,687,,New,0,,,,
630,101,1,RSL/19-20/630,2020-02-24 00:00:00,2,102,R.JENA,"BBSR
",12038.83,0.0,12038.83,361.16,0.01,12399.99,0,0.0,0,0.0,0.0,12400.0,688,,New,0,,,,
631,101,1,RSL/19-20/631,2020-02-24 00:00:00,2,102,BUBU,"BBSR
",21844.66,0.0,21844.66,655.34,0.0,22500.0,0,0.0,0,0.0,0.0,22500.0,689,,New,0,,,,
632,101,1,RSL/19-20/632,2020-02-24 00:00:00,2,102,AKHILESH,"BBSR
",4368.93,0.0,4368.93,131.06,0.0,4500.0,0,0.0,0,0.0,0.0,4500.0,690,,New,0,,,,
633,101,1,RSL/19-20/633,2020-02-24 00:00:00,2,102,PRITAM,"BBSR
",8737.86,0.0,8737.86,262.14,0.0,9000.0,0,0.0,0,0.0,0.0,9000.0,691,,New,0,,,,
634,101,1,RSL/19-20/634,2020-02-24 00:00:00,2,102,DIBYA,"BBSR
",14563.11,0.0,14563.11,436.9,0.0,15000.0,0,0.0,0,0.0,0.0,15000.0,692,,New,0,,,,
635,101,1,RSL/19-20/635,2020-02-24 00:00:00,2,102,P.NANDA,"BBSR
",12621.36,0.0,12621.36,378.64,0.0,13000.0,0,0.0,0,0.0,0.0,13000.0,693,,New,0,,,,
636,101,1,RSL/19-20/636,2020-02-25 00:00:00,2,102,SONTONU,"BBSR
",14854.37,0.0,14854.37,445.64,0.0,15300.0,0,0.0,0,0.0,0.0,15300.0,694,,New,0,,,,
637,101,1,RSL/19-20/637,2020-02-25 00:00:00,2,102,KARTIK,"BBSR
",21359.22,0.0,21359.22,640.78,0.0,22000.0,0,0.0,0,0.0,0.0,22000.0,695,,New,0,,,,
638,101,1,RSL/19-20/638,2020-02-26 00:00:00,2,102,AVISEK,"BBSR
",11650.49,0.0,11650.49,349.52,0.0,12000.0,0,0.0,0,0.0,0.0,12000.0,696,,New,0,,,,
639,101,1,RSL/19-20/639,2020-02-26 00:00:00,2,102,S.PRADHAN,"BBSR
",16019.42,0.0,16019.42,480.58,0.0,16500.0,0,0.0,0,0.0,0.0,16500.0,697,,New,0,,,,
640,101,1,RSL/19-20/640,2020-02-26 00:00:00,2,102,S.SWAIN,"BBSR
",1747.57,0.0,1747.57,52.42,0.0,1800.0,0,0.0,0,0.0,0.0,1800.0,698,,New,0,,,,
641,101,1,RSL/19-20/641,2020-02-26 00:00:00,2,102,SANTOSH,"BBSR
",16019.42,0.0,16019.42,480.58,0.0,16500.0,0,0.0,0,0.0,0.0,16500.0,699,,New,0,,,,
642,101,1,RSL/19-20/642,2020-02-26 00:00:00,2,102,MANORAMA,"BBSR
",159223.3,0.0,159223.3,4776.7,0.0,164000.0,0,0.0,0,0.0,0.0,164000.0,700,,New,0,,,,
643,101,1,RSL/19-20/643,2020-02-27 00:00:00,2,102,RASHMI,"BBSR
",173786.41,0.0,173786.41,5213.6,0.0,179000.0,0,0.0,0,0.0,0.0,179000.0,701,,New,0,,,,
644,101,1,RSL/19-20/644,2020-02-28 00:00:00,2,102,B.PATRA,"BBSR
",5048.54,0.0,5048.54,151.46,0.0,5200.0,0,0.0,0,0.0,0.0,5200.0,702,,New,0,,,,
645,101,1,RSL/19-20/645,2020-02-28 00:00:00,2,102,APRAJITA,"BBSR
",7766.99,0.0,7766.99,233.0,0.0,8000.0,0,0.0,0,0.0,0.0,8000.0,703,,New,0,,,,
646,101,1,RSL/19-20/646,2020-02-29 00:00:00,2,102,SHRIYA,"BBSR
",7038.83,0.0,7038.83,211.16,0.01,7249.99,0,0.0,0,0.0,0.0,7250.0,704,,New,0,,,,
647,101,1,RSL/19-20/647,2020-02-29 00:00:00,2,102,J.MOHANTY,"BBSR
",26699.03,0.0,26699.03,800.98,-0.01,27500.01,0,0.0,0,0.0,0.0,27500.0,706,,Modified,0,,,,
648,101,1,RSL/19-20/648,2020-02-29 00:00:00,2,102,AMRIT,"BBSR
",14077.67,0.0,14077.67,422.34,0.0,14500.0,0,0.0,0,0.0,0.0,14500.0,707,,New,0,,,,
649,101,1,RSL/19-20/649,2020-02-29 00:00:00,2,102,SIDHARTH,"BBSR
",47572.82,0.0,47572.82,1427.18,0.0,49000.0,0,0.0,0,0.0,0.0,49000.0,708,,New,0,,,,
650,101,1,RSL/19-20/650,2020-03-01 00:00:00,2,102,A.BISWAL,"BBSR
",11650.49,0.0,11650.49,349.52,-0.01,12000.01,0,0.0,0,0.0,0.0,12000.0,710,,Modified,0,,,,
651,101,1,RSL/19-20/651,2020-03-01 00:00:00,2,102,M.PANDA,"BBSR
",34951.25,0.0,34951.25,1048.54,0.22,35999.78,0,0.0,0,0.0,0.0,36000.0,711,,New,0,,,,
652,101,1,RSL/19-20/652,2020-03-01 00:00:00,2,102,S.SWAIN,"BBSR
",11165.05,0.0,11165.05,334.96,0.0,11500.0,0,0.0,0,0.0,0.0,11500.0,712,,New,0,,,,
653,101,1,RSL/19-20/653,2020-03-01 00:00:00,2,102,RAJAT,"BBSR
",147087.38,0.0,147087.38,4412.62,0.0,151500.0,0,0.0,0,0.0,0.0,151500.0,713,,New,0,,,,
654,101,1,RSL/19-20/654,2020-03-02 00:00:00,2,102,DILIP,"BBSR
",3883.5,0.0,3883.5,116.5,0.0,4000.0,0,0.0,0,0.0,0.0,4000.0,715,,Modified,0,,,,
655,101,1,RSL/19-20/655,2020-03-03 00:00:00,2,102,KAILASH,"BBSR
",1165.05,0.0,1165.05,34.96,0.0,1200.0,0,0.0,0,0.0,0.0,1200.0,716,,New,0,,,,
656,101,1,RSL/19-20/656,2020-03-03 00:00:00,2,102,SANTOSH DAS,"BBSR
",53398.06,0.0,53398.06,1601.94,0.0,55000.0,0,0.0,0,0.0,0.0,55000.0,717,,New,0,,,,
657,101,1,RSL/19-20/657,2020-03-03 00:00:00,2,102,RASMI,"BBSR
",7233.01,0.0,7233.01,217.0,0.0,7450.0,0,0.0,0,0.0,0.0,7450.0,718,,New,0,,,,
658,101,1,RSL/19-20/658,2020-03-04 00:00:00,2,102,SUNIL,"BBSR
",8737.86,0.0,8737.86,262.14,0.0,9000.0,0,0.0,0,0.0,0.0,9000.0,719,,New,0,,,,
659,101,1,RSL/19-20/659,2020-03-04 00:00:00,2,102,SUSIA,"BBSR
",2135.92,0.0,2135.92,64.08,0.0,2200.0,0,0.0,0,0.0,0.0,2200.0,720,,New,0,,,,
660,101,1,RSL/19-20/660,2020-03-05 00:00:00,2,102,I.KHAN,"BBSR
",10679.61,0.0,10679.61,320.38,0.0,11000.0,0,0.0,0,0.0,0.0,11000.0,721,,New,0,,,,
661,101,1,RSL/19-20/661,2020-03-05 00:00:00,2,102,P.PALAEI,"BBSR
",12135.92,0.0,12135.92,364.08,0.0,12500.0,0,0.0,0,0.0,0.0,12500.0,722,,New,0,,,,
662,101,1,RSL/19-20/662,2020-03-05 00:00:00,2,102,KABULI,"BBSR
",11650.49,0.0,11650.49,349.52,0.0,12000.0,0,0.0,0,0.0,0.0,12000.0,723,,New,0,,,,
663,101,1,RSL/19-20/663,2020-03-06 00:00:00,2,102,BISWANATH,"BBSR
",41747.58,0.0,41747.58,1252.42,0.0,43000.0,0,0.0,0,0.0,0.0,43000.0,724,,New,0,,,,
664,101,1,RSL/19-20/664,2020-03-06 00:00:00,2,102,S.MOHANTY,"BBSR
",2912.62,0.0,2912.62,87.38,0.0,3000.0,0,0.0,0,0.0,0.0,3000.0,725,,New,0,,,,
665,101,1,RSL/19-20/665,2020-03-06 00:00:00,2,102,SACHIN,"BBSR
",67961.17,0.0,67961.17,2038.84,0.0,70000.0,0,0.0,0,0.0,0.0,70000.0,726,,New,0,,,,
666,101,1,RSL/19-20/666,2020-03-07 00:00:00,2,102,ANIL,"BBSR
",6310.68,0.0,6310.68,189.32,0.0,6500.0,0,0.0,0,0.0,0.0,6500.0,727,,New,0,,,,
667,101,1,RSL/19-20/667,2020-03-07 00:00:00,2,102,BIJAY,"BBSR
",2038.83,0.0,2038.83,61.16,0.01,2099.99,0,0.0,0,0.0,0.0,2100.0,728,,New,0,,,,
668,101,1,RSL/19-20/668,2020-03-08 00:00:00,2,102,RAVI,"BBSR
",10485.44,0.0,10485.44,314.56,0.0,10800.0,0,0.0,0,0.0,0.0,10800.0,729,,New,0,,,,
669,101,1,RSL/19-20/669,2020-03-09 00:00:00,2,102,AMRIT,"BBSR
",3398.06,0.0,3398.06,101.94,0.0,3500.0,0,0.0,0,0.0,0.0,3500.0,730,,New,0,,,,
670,101,1,RSL/19-20/670,2020-03-09 00:00:00,2,102,DEBU,"BBSR
",4271.84,0.0,4271.84,128.16,0.0,4400.0,0,0.0,0,0.0,0.0,4400.0,731,,New,0,,,,
671,101,1,RSL/19-20/671,2020-03-09 00:00:00,2,102,SNEHA,"BBSR
",3883.5,0.0,3883.5,116.5,-0.01,4000.01,0,0.0,0,0.0,0.0,4000.0,732,,New,0,,,,
672,101,1,RSL/19-20/672,2020-03-11 00:00:00,2,102,PRATIMA,"BBSR
",38252.43,0.0,38252.43,1147.58,0.0,39400.0,0,0.0,0,0.0,0.0,39400.0,733,,New,0,,,,
673,101,1,RSL/19-20/673,2020-03-12 00:00:00,2,102,PRADIP,"BBSR
",4368.93,0.0,4368.93,131.06,0.0,4500.0,0,0.0,0,0.0,0.0,4500.0,734,,New,0,,,,
674,101,1,RSL/19-20/674,2020-03-13 00:00:00,2,102,ANIL,"BBSR
",27524.27,0.0,27524.27,825.72,0.0,28350.0,0,0.0,0,0.0,0.0,28350.0,735,,New,0,,,,
675,101,1,RSL/19-20/675,2020-03-14 00:00:00,2,102,PIYALI,"BBSR
",3495.15,0.0,3495.15,104.86,0.0,3600.0,0,0.0,0,0.0,0.0,3600.0,736,,New,0,,,,
676,101,1,RSL/19-20/676,2020-03-15 00:00:00,2,102,SULTANA,"BBSR
",111650.49,0.0,111650.49,3349.52,0.0,115000.0,0,0.0,0,0.0,0.0,115000.0,737,,New,0,,,,
677,101,1,RSL/19-20/677,2020-03-16 00:00:00,2,102,RIYAZ,"BBSR
",164563.11,0.0,164563.11,4936.9,0.0,169500.0,0,0.0,0,0.0,0.0,169500.0,738,,New,0,,,,
678,101,1,RSL/19-20/678,2020-03-16 00:00:00,2,102,NANDALAL,"BBSR
",1223.3,0.0,1223.3,36.7,0.0,1260.0,0,0.0,0,0.0,0.0,1260.0,739,,New,0,,,,
679,101,1,RSL/19-20/679,2020-03-16 00:00:00,2,102,M.BUJI,"BBSR
",4854.37,0.0,4854.37,145.64,0.0,5000.0,0,0.0,0,0.0,0.0,5000.0,740,,New,0,,,,
680,101,1,RSL/19-20/680,2020-03-17 00:00:00,2,102,RAJ.PANDA,"BBSR
",38834.95,0.0,38834.95,1165.04,0.0,40000.0,0,0.0,0,0.0,0.0,40000.0,741,,New,0,,,,
681,101,1,RSL/19-20/681,2020-03-17 00:00:00,2,102,M.BUJI,"BBSR
",15533.98,0.0,15533.98,466.02,0.0,16000.0,0,0.0,0,0.0,0.0,16000.0,742,,New,0,,,,
682,101,1,RSL/19-20/682,2020-03-17 00:00:00,2,102,ISHA,"BBSR
",31067.96,0.0,31067.96,932.04,0.0,32000.0,0,0.0,0,0.0,0.0,32000.0,743,,New,0,,,,
683,101,1,RSL/19-20/683,2020-03-20 00:00:00,2,102,BHUPESH,"BBSR
",32718.01,0.0,32718.01,981.54,0.45,33699.55,0,0.0,0,0.0,0.0,33700.0,744,,New,0,,,,
685,101,2,RSL/20-21/1,2020-05-09 00:00:00,2,102,SAJAN,"BBSR
",45631.07,0.0,45631.07,1368.94,0.0,47000.0,0,0.0,0,0.0,0.0,47000.0,746,,New,0,,,,
686,101,2,RSL/20-21/2,2020-05-16 00:00:00,2,102,SASMITA,"BBSR
",1844.66,0.0,1844.66,55.34,0.0,1900.0,0,0.0,0,0.0,0.0,1900.0,747,,New,0,,,,
687,101,2,RSL/20-21/3,2020-05-22 00:00:00,2,102,R.KUMAR,"BBSR
",12621.36,0.0,12621.36,378.64,0.0,13000.0,0,0.0,0,0.0,0.0,13000.0,748,,New,0,,,,
688,101,2,RSL/20-21/4,2020-05-22 00:00:00,2,102,SABYA,"BBSR
",970.87,0.0,970.87,29.12,0.0,1000.0,0,0.0,0,0.0,0.0,1000.0,749,,New,0,,,,
689,101,2,RSL/20-21/5,2020-05-27 00:00:00,2,102,SASMITA,"BBSR
",941.75,0.0,941.75,28.26,0.0,970.0,0,0.0,0,0.0,0.0,970.0,750,,New,0,,,,
690,101,2,RSL/20-21/6,2020-05-29 00:00:00,2,102,B.MOHANTY,"BBSR
",2912.62,0.0,2912.62,87.38,0.0,3000.0,0,0.0,0,0.0,0.0,3000.0,751,,New,0,,,,
691,101,2,RSL/20-21/7,2020-06-04 00:00:00,2,102,SANJU SHARMA,"BBSR
",15727.97,0.0,15727.97,471.84,0.19,16199.81,0,0.0,0,0.0,0.0,16200.0,752,,New,9348003398,,,,
692,101,2,RSL/20-21/8,2020-06-05 00:00:00,2,102,DHARITRI,"BBSR
",1359.22,0.0,1359.22,40.78,0.0,1400.0,0,0.0,0,0.0,0.0,1400.0,753,,New,0,,,,
693,101,2,RSL/20-21/9,2020-06-05 00:00:00,2,102,LEENA,"BBSR
",60194.17,0.0,60194.17,1805.82,0.0,62000.0,0,0.0,0,0.0,0.0,62000.0,754,,New,0,,,,
694,101,2,RSL/20-21/10,2020-06-05 00:00:00,2,102,SAJAN,"BBSR
",116504.85,0.0,116504.85,3495.14,0.0,120000.0,0,0.0,0,0.0,0.0,120000.0,755,,New,0,,,,
695,101,2,RSL/20-21/11,2020-06-08 00:00:00,2,102,SRUTI,"BBSR
",29126.21,0.0,29126.21,873.78,0.0,30000.0,0,0.0,0,0.0,0.0,30000.0,756,,New,0,,,,
696,101,2,RSL/20-21/12,2020-06-09 00:00:00,2,102,SANGHAMITRA,"BBSR
",23300.97,0.0,23300.97,699.02,0.0,24000.0,0,0.0,0,0.0,0.0,24000.0,757,,New,0,,,,
697,101,2,RSL/20-21/13,2020-06-10 00:00:00,2,102,DEEPAK,"BBSR
",4660.19,0.0,4660.19,139.8,0.0,4800.0,0,0.0,0,0.0,0.0,4800.0,758,,New,0,,,,
698,101,2,RSL/20-21/14,2020-06-17 00:00:00,2,102,MANINI,"BBSR
",776.66,0.0,776.66,23.3,0.04,799.96,0,0.0,0,0.0,0.0,800.0,759,,New,0,,,,
699,101,2,RSL/20-21/15,2020-06-17 00:00:00,2,102,MANINI,"BBSR
",49320.39,0.0,49320.39,1479.62,0.0,50800.0,0,0.0,0,0.0,0.0,50800.0,760,,New,0,,,,
700,101,2,RSL/20-21/16,2020-06-18 00:00:00,2,102,PRAKASH,"BBSR
",15048.54,0.0,15048.54,451.46,0.0,15500.0,0,0.0,0,0.0,0.0,15500.0,762,,Modified,0,,,,
701,101,2,RSL/20-21/17,2020-06-18 00:00:00,2,102,S.BEHERA,"BBSR
",776.7,0.0,776.7,23.3,0.0,800.0,0,0.0,0,0.0,0.0,800.0,763,,New,0,,,,
702,101,2,RSL/20-21/18,2020-06-18 00:00:00,2,102,DEEPAK,"BBSR
",2912.62,0.0,2912.62,87.38,0.0,3000.0,0,0.0,0,0.0,0.0,3000.0,764,,New,0,,,,
703,101,2,RSL/20-21/19,2020-06-22 00:00:00,2,102,DINESH,"BBSR
",10679.61,0.0,10679.61,320.38,0.0,11000.0,0,0.0,0,0.0,0.0,11000.0,765,,New,0,,,,
704,101,2,RSL/20-21/20,2020-06-22 00:00:00,2,102,DILIP ,"BBSR
",13883.5,0.0,13883.5,416.5,-0.01,14300.01,0,0.0,0,0.0,0.0,14300.0,766,,New,0,,,,
705,101,2,RSL/20-21/21,2020-06-23 00:00:00,2,102,KRISHNA,"BBSR
",16504.85,0.0,16504.85,495.14,0.0,17000.0,0,0.0,0,0.0,0.0,17000.0,767,,New,0,,,,
706,101,2,RSL/20-21/22,2020-06-24 00:00:00,2,102,R.PANDA,"BBSR
",776.7,0.0,776.7,23.3,0.0,800.0,0,0.0,0,0.0,0.0,800.0,768,,New,0,,,,
707,101,2,RSL/20-21/23,2020-06-24 00:00:00,2,102,RASMI,"BBSR
",6310.68,0.0,6310.68,189.32,0.0,6500.0,0,0.0,0,0.0,0.0,6500.0,769,,New,0,,,,
708,101,2,RSL/20-21/24,2020-06-25 00:00:00,2,102,RAMESH,"BBSR
",9223.3,0.0,9223.3,276.7,0.0,9500.0,0,0.0,0,0.0,0.0,9500.0,770,,New,0,,,,
709,101,2,RSL/20-21/25,2020-06-25 00:00:00,2,102,BABULU,"BBSR
",22330.1,0.0,22330.1,669.9,0.0,23000.0,0,0.0,0,0.0,0.0,23000.0,771,,New,0,,,,
710,101,2,RSL/20-21/26,2020-06-26 00:00:00,2,102,SAILESH,"BBSR
",23495.15,0.0,23495.15,704.86,0.0,24200.0,0,0.0,0,0.0,0.0,24200.0,772,,New,0,,,,
711,101,2,RSL/20-21/27,2020-06-29 00:00:00,2,102,RAKESH,"BBSR
",14368.93,0.0,14368.93,431.06,0.0,14800.0,0,0.0,0,0.0,0.0,14800.0,773,,New,0,,,,
712,101,2,RSL/20-21/28,2020-06-29 00:00:00,2,102,PARESH RATH,"BBSR
",8737.86,0.0,8737.86,262.14,0.0,9000.0,0,0.0,0,0.0,0.0,9000.0,774,,New,0,,,,
713,101,2,RSL/20-21/29,2020-06-30 00:00:00,2,102,DINESH,"BBSR
",14563.1,0.0,14563.1,436.9,0.0,15000.0,0,0.0,0,0.0,0.0,15000.0,775,,New,0,,,,
714,101,2,RSL/20-21/30,2020-06-30 00:00:00,2,102,ANURADHA,"BBSR
",4368.93,0.0,4368.93,131.06,0.0,4500.0,0,0.0,0,0.0,0.0,4500.0,776,,New,0,,,,
715,101,2,RSL/20-21/31,2020-07-01 00:00:00,2,102,SHIBANI,"BBSR
",10485.44,0.0,10485.44,314.56,0.0,10800.0,0,0.0,0,0.0,0.0,10800.0,777,,New,0,,,,
716,101,2,RSL/20-21/32,2020-07-02 00:00:00,2,102,DEBI,"BBSR
",2330.1,0.0,2330.1,69.9,0.0,2400.0,0,0.0,0,0.0,0.0,2400.0,779,,New,0,,,,
717,101,2,RSL/20-21/33,2020-07-03 00:00:00,2,102,RAJESH,"BBSR
",10873.79,0.0,10873.79,326.22,0.0,11200.0,0,0.0,0,0.0,0.0,11200.0,796,,New,0,,,,
718,101,2,RSL/20-21/34,2020-07-06 00:00:00,2,102,P.BISWAL,"BBSR
",14757.28,0.0,14757.28,442.72,0.0,15200.0,0,0.0,0,0.0,0.0,15200.0,797,,New,0,,,,
719,101,2,RSL/20-21/35,2020-07-07 00:00:00,2,102,G.MASUM,"BBSR
",9029.13,0.0,9029.13,270.88,0.0,9300.0,0,0.0,0,0.0,0.0,9300.0,798,,New,0,,,,
720,101,2,RSL/20-21/36,2020-07-07 00:00:00,2,102,S.K.AZAD,"BBSR
",19902.91,0.0,19902.91,597.08,0.0,20500.0,0,0.0,0,0.0,0.0,20500.0,799,,New,0,,,,
721,101,2,RSL/20-21/37,2020-07-08 00:00:00,2,102,AJIT,"BBSR
",6990.09,0.0,6990.09,209.7,0.21,7199.79,0,0.0,0,0.0,0.0,7200.0,800,,New,0,,,,
722,101,2,RSL/20-21/38,2020-07-09 00:00:00,2,102,A.SAHOO,"BBSR
BBSR

",5339.81,0.0,5339.81,160.2,-0.01,5500.01,0,0.0,0,0.0,0.0,5500.0,805,,Modified,0,,,,
723,101,2,RSL/20-21/39,2020-07-09 00:00:00,2,102,RAGAV,"BBSR
",21844.66,0.0,21844.66,655.34,0.0,22500.0,0,0.0,0,0.0,0.0,22500.0,802,,New,0,,,,
724,101,2,RSL/20-21/40,2020-07-09 00:00:00,2,102,D.PARIDA,"BBSR

",15970.95,0.0,15970.95,479.12,-0.08,16450.08,0,0.0,0,0.0,0.0,16450.0,806,,Modified,0,,,,
725,101,2,RSL/20-21/41,2020-07-10 00:00:00,2,102,SAGAR,"BBSR
",13592.23,0.0,13592.23,407.76,0.0,14000.0,0,0.0,0,0.0,0.0,14000.0,804,,New,0,,,,
726,101,2,RSL/20-21/42,2020-07-10 00:00:00,2,102,N. JENA,"BBSR
",9805.83,0.0,9805.83,294.18,0.0,10100.0,0,0.0,0,0.0,0.0,10100.0,807,,New,0,,,,
727,101,2,RSL/20-21/43,2020-07-13 00:00:00,2,102,A.PARIJA,"BBSR
",29126.21,0.0,29126.21,873.78,0.0,30000.0,0,0.0,0,0.0,0.0,30000.0,808,,New,0,,,,
728,101,2,RSL/20-21/44,2020-07-13 00:00:00,2,102,B.PRADHAN,"BBSR
",3203.88,0.0,3203.88,96.12,0.0,3300.0,0,0.0,0,0.0,0.0,3300.0,809,,New,0,,,,
729,101,2,RSL/20-21/45,2020-07-13 00:00:00,2,102,K.PRADHAN,"BBSR
",873.79,0.0,873.79,26.22,0.0,900.0,0,0.0,0,0.0,0.0,900.0,810,,New,0,,,,
730,101,2,RSL/20-21/46,2020-07-13 00:00:00,2,102,L.BEHERA,"BBSR
",6407.77,0.0,6407.77,192.24,0.0,6600.0,0,0.0,0,0.0,0.0,6600.0,811,,New,0,,,,
731,101,2,RSL/20-21/47,2020-07-14 00:00:00,2,102,N.ROUT,"BBSR
",1262.14,0.0,1262.14,37.86,0.0,1300.0,0,0.0,0,0.0,0.0,1300.0,812,,New,0,,,,
732,101,2,RSL/20-21/48,2020-07-14 00:00:00,2,102,P.K.NAYAK,"BBSR
",21359.22,0.0,21359.22,640.78,0.0,22000.0,0,0.0,0,0.0,0.0,22000.0,813,,New,0,,,,
733,101,2,RSL/20-21/49,2020-07-14 00:00:00,2,102,AJAY KUMAR,"BBSR
",11067.96,0.0,11067.96,332.04,0.0,11400.0,0,0.0,0,0.0,0.0,11400.0,814,,New,0,,,,
734,101,2,RSL/20-21/50,2020-07-15 00:00:00,2,102,P.WAIN,"BBSR
",13980.58,0.0,13980.58,419.42,0.0,14400.0,0,0.0,0,0.0,0.0,14400.0,815,,New,0,,,,
735,101,2,RSL/20-21/51,2020-07-15 00:00:00,2,102,D.SETHI,"BBSR
",6213.59,0.0,6213.59,186.4,0.0,6400.0,0,0.0,0,0.0,0.0,6400.0,816,,New,0,,,,
736,101,2,RSL/20-21/52,2020-07-15 00:00:00,2,102,UJAL,"BBSR
",15679.61,0.0,15679.61,470.38,0.01,16149.99,0,0.0,0,0.0,0.0,16150.0,818,,Modified,0,,,,
737,101,2,RSL/20-21/53,2020-07-16 00:00:00,2,102,SIRAJ,"BBSR
",3233.01,0.0,3233.01,97.0,0.0,3330.0,0,0.0,0,0.0,0.0,3330.0,819,,New,0,,,,
738,101,2,RSL/20-21/54,2020-07-16 00:00:00,2,102,PRAKASH,"BBSR
",5048.54,0.0,5048.54,151.46,0.0,5200.0,0,0.0,0,0.0,0.0,5200.0,820,,New,0,,,,
739,101,2,RSL/20-21/55,2020-07-17 00:00:00,2,102,PRAKASH,"BBSR
",23300.97,0.0,23300.97,699.02,0.0,24000.0,0,0.0,0,0.0,0.0,24000.0,821,,New,0,,,,
740,101,2,RSL/20-21/56,2020-07-17 00:00:00,2,102,A.K.BISWAL,"BBSR
",16310.68,0.0,16310.68,489.32,0.0,16800.0,0,0.0,0,0.0,0.0,16800.0,822,,New,0,,,,
741,101,2,RSL/20-21/57,2020-07-17 00:00:00,2,102,ANU,"BBSR
",13300.97,0.0,13300.97,399.02,0.0,13700.0,0,0.0,0,0.0,0.0,13700.0,823,,New,0,,,,
742,101,2,RSL/20-21/58,2020-07-17 00:00:00,2,102,LALA,"BBSR
",16990.29,0.0,16990.29,509.7,0.0,17500.0,0,0.0,0,0.0,0.0,17500.0,824,,New,0,,,,
743,101,2,RSL/20-21/59,2020-07-17 00:00:00,2,102,RUDRA,"BBSR
",46213.59,0.0,46213.59,1386.4,0.0,47600.0,0,0.0,0,0.0,0.0,47600.0,825,,New,0,,,,
744,101,2,RSL/20-21/60,2020-08-03 00:00:00,2,102,G.ROUT,"BBSR
",2427.18,0.0,2427.18,72.82,0.0,2500.0,0,0.0,0,0.0,0.0,2500.0,826,,New,0,,,,
745,101,2,RSL/20-21/61,2020-08-04 00:00:00,2,102,A.KHAN,"BBSR
",5922.33,0.0,5922.33,177.66,0.0,6100.0,0,0.0,0,0.0,0.0,6100.0,827,,New,0,,,,
746,101,2,RSL/20-21/62,2020-08-05 00:00:00,2,102,DEEPTI,"BBSR
",5339.81,0.0,5339.81,160.2,0.0,5500.0,0,0.0,0,0.0,0.0,5500.0,828,,New,0,,,,
747,101,2,RSL/20-21/63,2020-08-06 00:00:00,2,102,DEBADUTTA,"BBSR
",30097.09,0.0,30097.09,902.92,0.0,31000.0,0,0.0,0,0.0,0.0,31000.0,829,,New,0,,,,
748,101,2,RSL/20-21/64,2020-08-06 00:00:00,2,102,SUMATI SUREKHA,"BBSR
",15533.98,0.0,15533.98,466.02,0.0,16000.0,0,0.0,0,0.0,0.0,16000.0,830,,New,0,,,,
749,101,2,RSL/20-21/65,2020-08-07 00:00:00,2,102,N.MUDULI,"BBSR
",111165.05,0.0,111165.05,3334.96,0.0,114500.0,0,0.0,0,0.0,0.0,114500.0,831,,New,0,,,,
750,101,2,RSL/20-21/66,2020-08-10 00:00:00,2,102,B.DAS,"BBSR
",167087.38,0.0,167087.38,5012.62,0.0,172100.0,0,0.0,0,0.0,0.0,172100.0,838,,Modified,0,,,,
751,101,2,RSL/20-21/67,2020-08-10 00:00:00,2,102,BHARTI DAS,"BBSR
",89708.74,0.0,89708.74,2691.26,0.0,92400.0,0,0.0,0,0.0,0.0,92400.0,837,,Modified,0,,,,
752,101,2,RSL/20-21/68,2020-08-11 00:00:00,2,102,D.PRADHAN,"BBSR
",281068.53,0.0,281068.53,8432.06,0.41,289500.59,0,0.0,0,0.0,0.0,289501.0,843,,Modified,0,,,AAQPP8253N,
753,101,2,RSL/20-21/69,2020-08-11 00:00:00,2,102,AKHILESH KUMAR,"BBSR
",262135.92,0.0,262135.92,7864.08,0.0,270000.0,0,0.0,0,0.0,0.0,270000.0,841,,Modified,0,,,ACGPK8485P,
754,101,2,RSL/20-21/70,2020-08-14 00:00:00,2,102,POONAM,"BBSR
",33203.88,0.0,33203.88,996.12,0.0,34200.0,0,0.0,0,0.0,0.0,34200.0,840,,New,0,,,,
755,101,2,RSL/20-21/71,2020-08-14 00:00:00,2,102,PUNIT ,"BBSR
",16213.59,0.0,16213.59,486.4,0.0,16700.0,0,0.0,0,0.0,0.0,16700.0,842,,New,0,,,,
756,101,2,RSL/20-21/72,2020-08-17 00:00:00,2,102,R.PRADHAN,"BBSR
",1941.75,0.0,1941.75,58.26,0.0,2000.0,0,0.0,0,0.0,0.0,2000.0,844,,New,0,,,,
757,101,2,RSL/20-21/73,2020-08-20 00:00:00,2,102,RAKESH PARIDA,"BBSR
",9514.56,0.0,9514.56,285.44,0.0,9800.0,0,0.0,0,0.0,0.0,9800.0,845,,New,0,,,,
758,101,2,RSL/20-21/74,2020-08-20 00:00:00,2,102,BHUSAN SINGH,"BBSR
",139873.79,0.0,139873.79,4196.22,0.0,144070.0,0,0.0,0,0.0,0.0,144070.0,846,,New,0,,,,
759,101,2,RSL/20-21/75,2020-08-24 00:00:00,2,102,P.C.RATH,"BBSR
",2233.01,0.0,2233.01,67.0,0.0,2300.0,0,0.0,0,0.0,0.0,2300.0,847,,New,0,,,,
760,101,2,RSL/20-21/76,2020-08-25 00:00:00,2,102,KABITA,"BBSR
",10582.52,0.0,10582.52,317.48,0.0,10900.0,0,0.0,0,0.0,0.0,10900.0,848,,New,0,,,,
761,101,2,RSL/20-21/77,2020-08-28 00:00:00,2,102,P.PRADHAN,"BBSR
",2912.62,0.0,2912.62,87.38,0.0,3000.0,0,0.0,0,0.0,0.0,3000.0,850,,Modified,0,,,,
762,101,2,RSL/20-21/78,2020-09-01 00:00:00,2,102,H.SAHOO,"BBSR
",42718.45,0.0,42718.45,1281.56,0.0,44000.0,0,0.0,0,0.0,0.0,44000.0,851,,New,0,,,,
763,101,2,RSL/20-21/79,2020-09-02 00:00:00,2,102,DIPAN,"BBSR
",16213.59,0.0,16213.59,486.4,0.0,16700.0,0,0.0,0,0.0,0.0,16700.0,852,,New,0,,,,
764,101,2,RSL/20-21/80,2020-09-05 00:00:00,2,102,P.BARIK,"BBSR
",15631.07,0.0,15631.07,468.94,0.0,16100.0,0,0.0,0,0.0,0.0,16100.0,853,,New,0,,,,
765,101,2,RSL/20-21/81,2020-09-06 00:00:00,2,102,M.D.AYAZ,"BBSR
",12621.36,0.0,12621.36,378.64,0.0,13000.0,0,0.0,0,0.0,0.0,13000.0,854,,New,0,,,,
766,101,2,RSL/20-21/82,2020-09-06 00:00:00,2,102,BINOD,"BBSR
",9708.74,0.0,9708.74,291.26,0.0,10000.0,0,0.0,0,0.0,0.0,10000.0,855,,New,0,,,,
767,101,2,RSL/20-21/83,2020-09-07 00:00:00,2,102,SUNIL,"BBSR
",3252.43,0.0,3252.43,97.58,0.0,3350.0,0,0.0,0,0.0,0.0,3350.0,856,,New,0,,,,
768,101,2,RSL/20-21/84,2020-09-07 00:00:00,2,102,S.KUMAR,"
BBSR
",1553.4,0.0,1553.4,46.6,0.0,1600.0,0,0.0,0,0.0,0.0,1600.0,857,,New,0,,,,
769,101,2,RSL/20-21/85,2020-09-08 00:00:00,2,102,DINESH,"BBSR
",6310.68,0.0,6310.68,189.32,0.0,6500.0,0,0.0,0,0.0,0.0,6500.0,858,,New,0,,,,
770,101,2,RSL/20-21/86,2020-09-09 00:00:00,2,102,DIPAK,"BBSR
",2912.62,0.0,2912.62,87.38,0.0,3000.0,0,0.0,0,0.0,0.0,3000.0,859,,New,0,,,,
771,101,2,RSL/20-21/87,2020-09-10 00:00:00,2,102,ASIS,"BBSR
",3398.06,0.0,3398.06,101.94,0.0,3500.0,0,0.0,0,0.0,0.0,3500.0,860,,New,0,,,,
772,101,2,RSL/20-21/88,2020-09-11 00:00:00,2,102,S.JENA,"BBSR
",3398.06,0.0,3398.06,101.94,0.0,3500.0,0,0.0,0,0.0,0.0,3500.0,861,,New,0,,,,
773,101,2,RSL/20-21/89,2020-09-12 00:00:00,2,102,ARUN,"BBSR
",22330.1,0.0,22330.1,669.9,0.0,23000.0,0,0.0,0,0.0,0.0,23000.0,862,,New,0,,,,
774,101,2,RSL/20-21/90,2020-09-13 00:00:00,2,102,MANAS,"BBSR

",11359.22,0.0,11359.22,340.78,0.0,11700.0,0,0.0,0,0.0,0.0,11700.0,864,,Modified,0,,,,
775,101,2,RSL/20-21/91,2020-09-14 00:00:00,2,102,M.KHAN,"BBSR
",1262.14,0.0,1262.14,37.86,0.0,1300.0,0,0.0,0,0.0,0.0,1300.0,868,,Modified,0,,,,
776,101,2,RSL/20-21/92,2020-09-14 00:00:00,2,102,ASHWINI,"BBSR
",26504.85,0.0,26504.85,795.14,0.0,27300.0,0,0.0,0,0.0,0.0,27300.0,866,,New,0,,,,
777,101,2,RSL/20-21/93,2020-09-15 00:00:00,2,102,DEBADATTA,"BBSR
",33009.71,0.0,33009.71,990.3,0.0,34000.0,0,0.0,0,0.0,0.0,34000.0,867,,New,0,,,,
778,101,2,RSL/20-21/94,2020-09-16 00:00:00,2,102,RASMI,"BBSR
",4077.67,0.0,4077.67,122.34,0.0,4200.0,0,0.0,0,0.0,0.0,4200.0,869,,New,0,,,,
779,101,2,RSL/20-21/95,2020-09-17 00:00:00,2,102,R.KUMAR,"BBSR
",2766.99,0.0,2766.99,83.0,0.0,2850.0,0,0.0,0,0.0,0.0,2850.0,870,,New,0,,,,
780,101,2,RSL/20-21/96,2020-09-18 00:00:00,2,102,UMAMA ,"BBSR
",6796.12,0.0,6796.12,203.88,0.0,7000.0,0,0.0,0,0.0,0.0,7000.0,871,,New,0,,,,
781,101,2,RSL/20-21/97,2020-09-19 00:00:00,2,102,K.BEHERA,"BBSR
",2038.83,0.0,2038.83,61.16,0.01,2099.99,0,0.0,0,0.0,0.0,2100.0,873,,Modified,0,,,,
782,101,2,RSL/20-21/98,2020-09-20 00:00:00,2,102,AMINESH,"BBSR
",3883.5,0.0,3883.5,116.5,-0.01,4000.01,0,0.0,0,0.0,0.0,4000.0,874,,New,0,,,,
783,101,2,RSL/20-21/99,2020-09-21 00:00:00,2,102,SABBU,"BBSR
",7669.9,0.0,7669.9,230.1,0.0,7900.0,0,0.0,0,0.0,0.0,7900.0,875,,New,0,,,,
784,101,2,RSL/20-21/100,2020-09-22 00:00:00,2,102,P.KUMAR,"BBSR
",970.87,0.0,970.87,29.12,0.0,1000.0,0,0.0,0,0.0,0.0,1000.0,876,,New,0,,,,
785,101,2,RSL/20-21/101,2020-09-23 00:00:00,2,102,BINA,"BBSR
",9708.74,0.0,9708.74,291.26,0.0,10000.0,0,0.0,0,0.0,0.0,10000.0,877,,New,0,,,,
786,101,2,RSL/20-21/102,2020-09-24 00:00:00,2,102,S.SWAIN,"BBSR
",4368.93,0.0,4368.93,131.06,0.0,4500.0,0,0.0,0,0.0,0.0,4500.0,878,,New,0,,,,
787,101,2,RSL/20-21/103,2020-09-25 00:00:00,2,102,S.KHAN,"BBSR
",18446.6,0.0,18446.6,553.4,0.0,19000.0,0,0.0,0,0.0,0.0,19000.0,879,,New,0,,,,
788,101,2,RSL/20-21/104,2020-09-26 00:00:00,2,102,DIPAK,"BBSR
",29126.21,0.0,29126.21,873.78,0.0,30000.0,0,0.0,0,0.0,0.0,30000.0,880,,New,0,,,,
789,101,2,RSL/20-21/105,2020-09-28 00:00:00,2,102,NILAM,"BBSR
",3980.58,0.0,3980.58,119.42,0.0,4100.0,0,0.0,0,0.0,0.0,4100.0,881,,New,0,,,,
790,101,2,RSL/20-21/106,2020-09-29 00:00:00,2,102,P.DALEI,"BBSR
",31844.46,0.0,31844.46,955.34,0.21,32799.79,0,0.0,0,0.0,0.0,32800.0,884,,Modified,0,,,,
791,101,2,RSL/20-21/107,2020-09-29 00:00:00,2,102,P.DALEI,"BBSR
",3300.97,0.0,3300.97,99.02,0.0,3400.0,0,0.0,0,0.0,0.0,3400.0,883,,New,0,,,,
792,101,2,RSL/20-21/108,2020-09-29 00:00:00,2,102,RATAN ,"BBSR
",26699.03,0.0,26699.03,800.98,0.0,27500.0,0,0.0,0,0.0,0.0,27500.0,885,,New,0,,,,
793,101,2,RSL/20-21/109,2020-09-30 00:00:00,2,102,BABULA,"BBSR
",23300.97,0.0,23300.97,699.02,0.0,24000.0,0,0.0,0,0.0,0.0,24000.0,886,,New,0,,,,
794,101,2,RSL/20-21/110,2020-10-01 00:00:00,2,102,H.SAHOO,"BBSR
",11650.49,0.0,11650.49,349.52,0.0,12000.0,0,0.0,0,0.0,0.0,12000.0,887,,New,0,,,,
795,101,2,RSL/20-21/111,2020-10-02 00:00:00,2,102,SAMI KHAN,"BBSR
",17475.73,0.0,17475.73,524.28,0.0,18000.0,0,0.0,0,0.0,0.0,18000.0,888,,New,0,,,,
796,101,2,RSL/20-21/112,2020-10-03 00:00:00,2,102,POOJA,"BBSR
",1941.75,0.0,1941.75,58.26,0.0,2000.0,0,0.0,0,0.0,0.0,2000.0,889,,New,0,,,,
797,101,2,RSL/20-21/113,2020-10-05 00:00:00,2,102,NUPUR,"BBSR
",3106.8,0.0,3106.8,93.2,0.0,3200.0,0,0.0,0,0.0,0.0,3200.0,890,,New,0,,,,
798,101,2,RSL/20-21/114,2020-10-06 00:00:00,2,102,DILIP,"BBSR
",2427.18,0.0,2427.18,72.82,0.0,2500.0,0,0.0,0,0.0,0.0,2500.0,891,,New,0,,,,
799,101,2,RSL/20-21/115,2020-10-07 00:00:00,2,102,AVISEK,"BBSR
",1262.14,0.0,1262.14,37.86,0.0,1300.0,0,0.0,0,0.0,0.0,1300.0,892,,New,0,,,,
800,101,2,RSL/20-21/116,2020-10-08 00:00:00,2,102,RASMI,"BBSR
",17475.73,0.0,17475.73,524.28,0.0,18000.0,0,0.0,0,0.0,0.0,18000.0,893,,New,0,,,,
801,101,2,RSL/20-21/117,2020-10-09 00:00:00,2,102,DIPAK,"BBSR
",17475.73,0.0,17475.73,524.28,0.0,18000.0,0,0.0,0,0.0,0.0,18000.0,894,,New,0,,,,
802,101,2,RSL/20-21/118,2020-10-10 00:00:00,2,102,SIBA,"BBSR
",14563.11,0.0,14563.11,436.9,0.0,15000.0,0,0.0,0,0.0,0.0,15000.0,895,,New,0,,,,
803,101,2,RSL/20-21/119,2020-10-11 00:00:00,2,102,VIKASH,"BBSR
",4077.67,0.0,4077.67,122.34,0.0,4200.0,0,0.0,0,0.0,0.0,4200.0,896,,New,0,,,,
804,101,2,RSL/20-21/120,2020-10-12 00:00:00,2,102,SACHIN,"BBSR
",12427.18,0.0,12427.18,372.82,0.0,12800.0,0,0.0,0,0.0,0.0,12800.0,897,,New,0,,,,
805,101,2,RSL/20-21/121,2020-10-13 00:00:00,2,102,AVI,"BBSR
",23300.97,0.0,23300.97,699.02,0.0,24000.0,0,0.0,0,0.0,0.0,24000.0,898,,New,0,,,,
806,101,2,RSL/20-21/122,2020-10-14 00:00:00,2,102,RASMI,"BBSR
",9514.56,0.0,9514.56,285.44,0.0,9800.0,0,0.0,0,0.0,0.0,9800.0,899,,New,0,,,,
807,101,2,RSL/20-21/123,2020-10-15 00:00:00,2,102,ARUN,"BBSR
",155339.81,0.0,155339.81,4660.2,0.0,160000.0,0,0.0,0,0.0,0.0,160000.0,900,,New,0,,,,
808,101,2,RSL/20-21/124,2020-10-16 00:00:00,2,102,SANJAY,"BBSR
",25242.72,0.0,25242.72,757.28,0.0,26000.0,0,0.0,0,0.0,0.0,26000.0,901,,New,0,,,,
809,101,2,RSL/20-21/125,2020-10-17 00:00:00,2,102,BABULU,"BBSR
",4368.93,0.0,4368.93,131.06,0.0,4500.0,0,0.0,0,0.0,0.0,4500.0,902,,New,0,,,,
810,101,2,RSL/20-21/126,2020-10-18 00:00:00,2,102,GITANJALI,"BBSR
",40097.35,0.0,40097.35,1202.92,-0.28,41300.28,0,0.0,0,0.0,0.0,41300.0,903,,New,0,,,,
811,101,2,RSL/20-21/127,2020-10-19 00:00:00,2,102,MAHI,"BBSR
",1650.49,0.0,1650.49,49.52,0.0,1700.0,0,0.0,0,0.0,0.0,1700.0,904,,New,0,,,,
812,101,2,RSL/20-21/128,2020-10-19 00:00:00,2,102,K.PRASAD,"BBSR
",3398.06,0.0,3398.06,101.94,0.0,3500.0,0,0.0,0,0.0,0.0,3500.0,905,,New,0,,,,
813,101,2,RSL/20-21/129,2020-10-20 00:00:00,2,102,L.DASH,"BBSR
",26310.68,0.0,26310.68,789.32,0.0,27100.0,0,0.0,0,0.0,0.0,27100.0,906,,New,0,,,,
814,101,2,RSL/20-21/130,2020-10-20 00:00:00,2,102,MADHU,"BBSR
",8737.86,0.0,8737.86,262.14,0.0,9000.0,0,0.0,0,0.0,0.0,9000.0,907,,New,0,,,,
815,101,2,RSL/20-21/131,2020-10-20 00:00:00,2,102,N.PANDA,"BBSR
",21650.49,0.0,21650.49,649.52,0.0,22300.0,0,0.0,0,0.0,0.0,22300.0,908,,New,0,,,,
816,101,2,RSL/20-21/132,2020-10-21 00:00:00,2,102,ROJALIN JENA,"BBSR
",14563.11,0.0,14563.11,436.9,0.0,15000.0,0,0.0,0,0.0,0.0,15000.0,909,,New,0,,,,
817,101,2,RSL/20-21/133,2020-10-21 00:00:00,2,102,N.MAITI,"BBSR
",436.89,0.0,436.89,13.1,0.0,450.0,0,0.0,0,0.0,0.0,450.0,910,,New,0,,,,
818,101,2,RSL/20-21/134,2020-10-22 00:00:00,2,102,TRUPTIMAYEE LENKA,"BBSR

",5339.81,0.0,5339.81,160.2,0.0,5500.0,0,0.0,0,0.0,0.0,5500.0,911,,New,0,,,,
819,101,2,RSL/20-21/135,2020-10-22 00:00:00,2,102,SWAYAM,"BBSR
",2718.45,0.0,2718.45,81.56,0.0,2800.0,0,0.0,0,0.0,0.0,2800.0,912,,New,0,,,,
820,101,2,RSL/20-21/136,2020-10-23 00:00:00,2,102,A.K.PATRA,"BBSR
",5776.7,0.0,5776.7,173.3,0.0,5950.0,0,0.0,0,0.0,0.0,5950.0,913,,New,0,,,,
821,101,2,RSL/20-21/137,2020-10-23 00:00:00,2,102,R.MISRA,"BBSR
",1456.31,0.0,1456.31,43.68,0.0,1500.0,0,0.0,0,0.0,0.0,1500.0,914,,New,0,,,,
822,101,2,RSL/20-21/138,2020-10-23 00:00:00,2,102,P.MOHANTY,"BBSR
",7766.99,0.0,7766.99,233.0,0.0,8000.0,0,0.0,0,0.0,0.0,8000.0,915,,New,0,,,,
823,101,2,RSL/20-21/139,2020-10-24 00:00:00,2,102,PRIYA,"BBSR
",2330.1,0.0,2330.1,69.9,0.0,2400.0,0,0.0,0,0.0,0.0,2400.0,916,,New,0,,,,
824,101,2,RSL/20-21/140,2020-10-24 00:00:00,2,102,SOUVIK,"BBSR
",50485.44,0.0,50485.44,1514.56,0.0,52000.0,0,0.0,0,0.0,0.0,52000.0,917,,New,0,,,,
825,101,2,RSL/20-21/141,2020-10-24 00:00:00,2,102,GITANJALI,"BBSR
",6601.94,0.0,6601.94,198.06,0.0,6800.0,0,0.0,0,0.0,0.0,6800.0,918,,New,0,,,,
826,101,2,RSL/20-21/142,2020-10-24 00:00:00,2,102,SUNIL KANTA,"BBSR
",1067.96,0.0,1067.96,32.04,0.0,1100.0,0,0.0,0,0.0,0.0,1100.0,919,,New,0,,,,
827,101,2,RSL/20-21/143,2020-10-24 00:00:00,2,102,P.PATTNAIK,"BBSR
",3689.32,0.0,3689.32,110.68,0.0,3800.0,0,0.0,0,0.0,0.0,3800.0,920,,New,0,,,,
828,101,2,RSL/20-21/144,2020-10-25 00:00:00,2,102,B.PRASANA,"BBSR
",4951.46,0.0,4951.46,148.54,0.0,5100.0,0,0.0,0,0.0,0.0,5100.0,921,,New,0,,,,
829,101,2,RSL/20-21/145,2020-10-26 00:00:00,2,102,GITANJALI,"BBSR
",138834.95,0.0,138834.95,4165.04,0.0,143000.0,0,0.0,0,0.0,0.0,143000.0,922,,New,0,,,,
830,101,2,RSL/20-21/146,2020-10-27 00:00:00,2,102,M.DEY,"BBSR
",18446.6,0.0,18446.6,553.4,0.0,19000.0,0,0.0,0,0.0,0.0,19000.0,923,,New,0,,,,
831,101,2,RSL/20-21/147,2020-10-27 00:00:00,2,102,PRADIP DAS,"BBSR
",17961.17,0.0,17961.17,538.84,-0.01,18500.01,0,0.0,0,0.0,0.0,18500.0,924,,New,0,,,,
832,101,2,RSL/20-21/148,2020-10-28 00:00:00,2,102,S.DALEI,"BBSR
",4854.37,0.0,4854.37,145.64,0.0,5000.0,0,0.0,0,0.0,0.0,5000.0,925,,New,0,,,,
833,101,2,RSL/20-21/149,2020-10-30 00:00:00,2,102,RAMESH,"BBSR
",2718.45,0.0,2718.45,81.56,0.0,2800.0,0,0.0,0,0.0,0.0,2800.0,926,,New,0,,,,
834,101,2,RSL/20-21/150,2020-10-30 00:00:00,2,102,R.K.BARIK,"BBSR
",2407.77,0.0,2407.77,72.24,0.0,2480.0,0,0.0,0,0.0,0.0,2480.0,927,,New,0,,,,
835,101,2,RSL/20-21/151,2020-10-30 00:00:00,2,102,SUMATI SUREKHA,"BBSR
",16990.29,0.0,16990.29,509.7,0.0,17500.0,0,0.0,0,0.0,0.0,17500.0,928,,New,0,,,,
836,101,2,RSL/20-21/152,2020-10-31 00:00:00,2,102,ASHA MONDAL,"BBSR
",13786.41,0.0,13786.41,413.6,0.0,14200.0,0,0.0,0,0.0,0.0,14200.0,929,,New,0,,,,
837,101,2,RSL/20-21/153,2020-10-31 00:00:00,2,102,RAJSHREE,"BBSR
",12136.11,0.0,12136.11,364.08,-0.19,12500.19,0,0.0,0,0.0,0.0,12500.0,930,,New,0,,,,
838,101,2,RSL/20-21/154,2020-10-31 00:00:00,2,102,RANI,"BBSR

",1747.57,0.0,1747.57,52.42,0.0,1800.0,0,0.0,0,0.0,0.0,1800.0,931,,New,0,,,,
839,101,2,RSL/20-21/155,2020-10-31 00:00:00,2,102,CHANDAN JHA,"BBSR
",26019.42,0.0,26019.42,780.58,0.0,26800.0,0,0.0,0,0.0,0.0,26800.0,932,,New,0,,,,
840,101,2,RSL/20-21/156,2020-10-31 00:00:00,2,102,NABARUN,"BBSR
",45631.07,0.0,45631.07,1368.94,0.0,47000.0,0,0.0,0,0.0,0.0,47000.0,933,,New,0,,,,
841,101,2,RSL/20-21/157,2020-11-01 00:00:00,2,102,M.KUMAR,"BBSR
",10097.09,0.0,10097.09,302.92,0.0,10400.0,0,0.0,0,0.0,0.0,10400.0,934,,New,0,,,,
842,101,2,RSL/20-21/158,2020-11-01 00:00:00,2,102,M.DEY,"BBSR
",19417.48,0.0,19417.48,582.52,0.0,20000.0,0,0.0,0,0.0,0.0,20000.0,935,,New,0,,,,
843,101,2,RSL/20-21/159,2020-11-02 00:00:00,2,102,DIBYA,"BBSR
",2427.18,0.0,2427.18,72.82,0.0,2500.0,0,0.0,0,0.0,0.0,2500.0,936,,New,0,,,,
844,101,2,RSL/20-21/160,2020-11-03 00:00:00,2,102,M.DEY,"BBSR
",20388.35,0.0,20388.35,611.66,0.0,21000.0,0,0.0,0,0.0,0.0,21000.0,937,,New,0,,,,
845,101,2,RSL/20-21/161,2020-11-03 00:00:00,2,102,SANJU SHARMA,"BBSR
",58252.42,0.0,58252.42,1747.58,0.0,60000.0,0,0.0,0,0.0,0.0,60000.0,948,,Modified,0,,,,
846,101,2,RSL/20-21/162,2020-11-03 00:00:00,2,102,SATYA,"BBSR
",563.11,0.0,563.11,16.9,0.0,580.0,0,0.0,0,0.0,0.0,580.0,939,,New,0,,,,
847,101,2,RSL/20-21/163,2020-11-04 00:00:00,2,102,BHARAT INDUSTRIAL CORP,BBSR,14757.28,0.0,14757.28,442.72,0.0,15200.0,0,0.0,0,0.0,0.0,15200.0,941,,Modified,0,,21ANJPJ2052RIZV,,
848,101,2,RSL/20-21/164,2020-11-04 00:00:00,2,102,ROHIT AGARWAL,"BBSR
",23689.32,0.0,23689.32,710.68,0.0,24400.0,0,0.0,0,0.0,0.0,24400.0,942,,New,0,,,,
849,101,2,RSL/20-21/165,2020-11-05 00:00:00,2,102,J.PRASAD,"BBSR
",7621.36,0.0,7621.36,228.64,0.0,7850.0,0,0.0,0,0.0,0.0,7850.0,943,,New,0,,,,
850,101,2,RSL/20-21/166,2020-11-06 00:00:00,2,102,BISHNU P.PATTNAIK,"BBSR
",117961.17,0.0,117961.17,3538.84,-0.01,121500.01,0,0.0,0,0.0,0.0,121500.0,945,,Modified,0,,,,
851,101,2,RSL/20-21/167,2020-11-06 00:00:00,2,102,PRITI,"BBSR
",47572.82,0.0,47572.82,1427.18,0.0,49000.0,0,0.0,0,0.0,0.0,49000.0,946,,New,0,,,,
852,101,2,RSL/20-21/168,2020-11-07 00:00:00,2,102,M.DEY,"BBSR
",51941.75,0.0,51941.75,1558.26,-0.01,53500.01,0,0.0,0,0.0,0.0,53500.0,957,,Modified,0,,,,
853,101,2,RSL/20-21/169,2020-11-07 00:00:00,2,102,SMRUTI,"BBSR
",4271.84,0.0,4271.84,128.16,0.0,4400.0,0,0.0,0,0.0,0.0,4400.0,952,,Modified,0,,,,
854,101,2,RSL/20-21/170,2020-11-08 00:00:00,2,102,PRAJYOT KUMAR DALAI,,22524.27,0.0,22524.27,675.72,0.01,23199.99,0,0.0,0,0.0,0.0,23200.0,954,,Modified,0,,,,
855,101,2,RSL/20-21/171,2020-11-08 00:00:00,2,102,PRAJYOT KUMAR DALAI,"BBSR
",30291.26,0.0,30291.26,908.74,0.0,31200.0,0,0.0,0,0.0,0.0,31200.0,955,,New,0,,,,
856,101,2,RSL/20-21/172,2020-11-09 00:00:00,2,102,NARAYAN MUDULI,"BRAHMAPUR
",25873.79,0.0,25873.79,776.22,0.0,26650.0,0,0.0,0,0.0,0.0,26650.0,958,,New,0,,,,
857,101,2,RSL/20-21/173,2020-11-09 00:00:00,2,102,FAREEN BEGUM,"BBSR
",31067.96,0.0,31067.96,932.04,0.0,32000.0,0,0.0,0,0.0,0.0,32000.0,959,,New,0,,,,
858,101,2,RSL/20-21/174,2020-11-09 00:00:00,2,102,SANTOSH,"BBSR
",2621.36,0.0,2621.36,78.64,0.0,2700.0,0,0.0,0,0.0,0.0,2700.0,960,,New,0,,,,
859,101,2,RSL/20-21/175,2020-11-10 00:00:00,2,102,ASHOK KUMAR BHAGAT,"BBSR
",91262.14,0.0,91262.14,2737.86,0.0,94000.0,0,0.0,0,0.0,0.0,94000.0,961,,New,0,,,,
860,101,2,RSL/20-21/176,2020-11-11 00:00:00,2,102,P.MAHARANA,"BBSR
",50485.44,0.0,50485.44,1514.56,0.0,52000.0,0,0.0,0,0.0,0.0,52000.0,962,,New,0,,,,
861,101,2,RSL/20-21/177,2020-11-11 00:00:00,2,102,J.N.BEHERA,"BBSR
",8446.6,0.0,8446.6,253.4,0.0,8700.0,0,0.0,0,0.0,0.0,8700.0,963,,New,0,,,,
862,101,2,RSL/20-21/178,2020-11-11 00:00:00,2,102,P.C.MOHANTY,"BBSR
",7766.99,0.0,7766.99,233.0,0.0,8000.0,0,0.0,0,0.0,0.0,8000.0,964,,New,0,,,,
863,101,2,RSL/20-21/179,2020-11-12 00:00:00,2,102,IRAJ KUMAR,"BBSR
",1165.05,0.0,1165.05,34.96,0.0,1200.0,0,0.0,0,0.0,0.0,1200.0,965,,New,0,,,,
864,101,2,RSL/20-21/180,2020-11-12 00:00:00,2,102,ABHISEK,"BBSR
",25242.72,0.0,25242.72,757.28,0.0,26000.0,0,0.0,0,0.0,0.0,26000.0,966,,New,0,,,,
865,101,2,RSL/20-21/181,2020-11-12 00:00:00,2,102,JAYAMALYA DAS,"BBSR
",679.61,0.0,679.61,20.38,0.0,700.0,0,0.0,0,0.0,0.0,700.0,967,,New,0,,,,
866,101,2,RSL/20-21/182,2020-11-12 00:00:00,2,102,P.ROUT,"BBSR
",669.9,0.0,669.9,20.1,0.0,690.0,0,0.0,0,0.0,0.0,690.0,968,,New,0,,,,
867,101,2,RSL/20-21/183,2020-11-12 00:00:00,2,102,RAKESH,"BBSR
",776.7,0.0,776.7,23.3,0.0,800.0,0,0.0,0,0.0,0.0,800.0,974,,Modified,0,,,,
868,101,2,RSL/20-21/184,2020-11-12 00:00:00,2,102,MEERA JENA,"BBSR
",19223.3,0.0,19223.3,576.7,0.0,19800.0,0,0.0,0,0.0,0.0,19800.0,970,,New,0,,,,
869,101,2,RSL/20-21/185,2020-11-12 00:00:00,2,102,MEERA JENA,"BBSR
",2621.36,0.0,2621.36,78.64,0.0,2700.0,0,0.0,0,0.0,0.0,2700.0,971,,New,0,,,,
870,101,2,RSL/20-21/186,2020-11-12 00:00:00,2,102,KHUSI SHARMA,"BBSR
",3980.58,0.0,3980.58,119.42,0.0,4100.0,0,0.0,0,0.0,0.0,4100.0,972,,New,0,,,,
871,101,2,RSL/20-21/187,2020-11-12 00:00:00,2,102,VIKRAM,"BBSR
",1747.57,0.0,1747.57,52.42,0.0,1800.0,0,0.0,0,0.0,0.0,1800.0,973,,New,0,,,,
872,101,2,RSL/20-21/188,2020-11-12 00:00:00,2,102,PRAKASH,"BBSR
",9708.74,0.0,9708.74,291.26,0.0,10000.0,0,0.0,0,0.0,0.0,10000.0,975,,New,0,,,,
873,101,2,RSL/20-21/189,2020-11-12 00:00:00,2,102,B.PANDEY,"BBSR
",728.16,0.0,728.16,21.84,0.0,750.0,0,0.0,0,0.0,0.0,750.0,976,,New,0,,,,
874,101,2,RSL/20-21/190,2020-11-12 00:00:00,2,102,D.MOHANTY,"BBSR
",78640.78,0.0,78640.78,2359.22,0.0,81000.0,0,0.0,0,0.0,0.0,81000.0,977,,New,0,,,,
875,101,2,RSL/20-21/191,2020-11-12 00:00:00,2,102,KIRAN MISHRA,"BBSR
",631.07,0.0,631.07,18.94,0.0,650.0,0,0.0,0,0.0,0.0,650.0,978,,New,0,,,,
876,101,2,RSL/20-21/192,2020-11-12 00:00:00,2,102,BHARAT INDUSTRIAL CORPORATION,"BBSR
",28252.43,0.0,28252.43,847.58,0.0,29100.0,0,0.0,0,0.0,0.0,29100.0,979,,New,0,,21ANJPJ2052R1ZV,,
877,101,2,RSL/20-21/193,2020-11-12 00:00:00,2,102,PRATIK,"BBSR
",4368.93,0.0,4368.93,131.06,0.0,4500.0,0,0.0,0,0.0,0.0,4500.0,980,,New,0,,,,
878,101,2,RSL/20-21/194,2020-11-12 00:00:00,2,102,POOJA,"BBSR
",7281.55,0.0,7281.55,218.44,0.0,7500.0,0,0.0,0,0.0,0.0,7500.0,981,,New,0,,,,
879,101,2,RSL/20-21/195,2020-11-12 00:00:00,2,102,SIPRA,"BBSR
",1601.94,0.0,1601.94,48.06,0.0,1650.0,0,0.0,0,0.0,0.0,1650.0,982,,New,0,,,,
880,101,2,RSL/20-21/196,2020-11-12 00:00:00,2,102,NARROTTAM,"BBSR
",25242.72,0.0,25242.72,757.28,0.0,26000.0,0,0.0,0,0.0,0.0,26000.0,983,,New,0,,,,
881,101,2,RSL/20-21/197,2020-11-12 00:00:00,2,102,RAJU,"BBSR
",31067.96,0.0,31067.96,932.04,0.0,32000.0,0,0.0,0,0.0,0.0,32000.0,984,,New,0,,,,
882,101,2,RSL/20-21/198,2020-11-12 00:00:00,2,102,SURYA PRATAP SINGH,"BBSR
",4466.02,0.0,4466.02,133.98,0.0,4600.0,0,0.0,0,0.0,0.0,4600.0,985,,New,0,,,,
883,101,2,RSL/20-21/199,2020-11-12 00:00:00,2,102,ZAKIR,"BBSR
",728.16,0.0,728.16,21.84,0.0,750.0,0,0.0,0,0.0,0.0,750.0,986,,New,0,,,,
884,101,2,RSL/20-21/200,2020-11-13 00:00:00,2,102,SUDARSAN,"BBSR
",2912.62,0.0,2912.62,87.38,0.0,3000.0,0,0.0,0,0.0,0.0,3000.0,987,,New,0,,,,
885,101,2,RSL/20-21/201,2020-11-13 00:00:00,2,102,JITENDRA SAHOO,"BBSR
",9320.39,0.0,9320.39,279.62,0.0,9600.0,0,0.0,0,0.0,0.0,9600.0,988,,New,0,,,,
886,101,2,RSL/20-21/202,2020-11-13 00:00:00,2,102,HANUMANTA RAMALAXMI,"BBSR

",89223.36,0.0,89223.36,2676.7,-0.05,91900.05,0,0.0,0,0.0,0.0,91900.0,989,,New,0,,,,
887,101,2,RSL/20-21/203,2020-11-13 00:00:00,2,102,B.MOHANTY,"BBSR
",11262.14,0.0,11262.14,337.86,0.0,11600.0,0,0.0,0,0.0,0.0,11600.0,990,,New,0,,,,
888,101,2,RSL/20-21/204,2020-11-13 00:00:00,2,102,ASHOK,"BBSR
",5145.63,0.0,5145.63,154.36,0.0,5300.0,0,0.0,0,0.0,0.0,5300.0,991,,New,0,,,,
889,101,2,RSL/20-21/205,2020-11-13 00:00:00,2,102,D.PRADHAN,"BBSR
",388.35,0.0,388.35,11.66,0.0,400.0,0,0.0,0,0.0,0.0,400.0,992,,New,0,,,,
890,101,2,RSL/20-21/206,2020-11-13 00:00:00,2,102,SUBHALAXMI,"BBSR
",3786.41,0.0,3786.41,113.6,0.0,3900.0,0,0.0,0,0.0,0.0,3900.0,993,,New,0,,,,
891,101,2,RSL/20-21/207,2020-11-13 00:00:00,2,102,RAJIB ,"BBSR
",32815.35,0.0,32815.35,984.46,0.19,33799.81,0,0.0,0,0.0,0.0,33800.0,994,,New,0,,,,
892,101,2,RSL/20-21/208,2020-11-13 00:00:00,2,102,ASIS,"BBSR

",728.16,0.0,728.16,21.84,0.0,750.0,0,0.0,0,0.0,0.0,750.0,995,,New,0,,,,
893,101,2,RSL/20-21/209,2020-11-13 00:00:00,2,102,R.K.RAM,"BBSR
",310.68,0.0,310.68,9.32,0.0,320.0,0,0.0,0,0.0,0.0,320.0,996,,New,0,,,,
894,101,2,RSL/20-21/210,2020-11-13 00:00:00,2,102,KALPANA ACHARYA,"BBSR
",4077.67,0.0,4077.67,122.34,0.0,4200.0,0,0.0,0,0.0,0.0,4200.0,997,,New,0,,,,
895,101,2,RSL/20-21/211,2020-11-13 00:00:00,2,102,SHAILENDRA MISHRA,"BBSR
",2912.62,0.0,2912.62,87.38,0.0,3000.0,0,0.0,0,0.0,0.0,3000.0,998,,New,0,,,,
896,101,2,RSL/20-21/212,2020-11-13 00:00:00,2,102,DIPAK,"BBSR
",728.16,0.0,728.16,21.84,0.0,750.0,0,0.0,0,0.0,0.0,750.0,999,,New,0,,,,
897,101,2,RSL/20-21/213,2020-11-13 00:00:00,2,102,RAKESH,"BBSR
",728.16,0.0,728.16,21.84,0.0,750.0,0,0.0,0,0.0,0.0,750.0,1000,,New,0,,,,
898,101,2,RSL/20-21/214,2020-11-13 00:00:00,2,102,MANASH,"BBSR
",728.16,0.0,728.16,21.84,0.0,750.0,0,0.0,0,0.0,0.0,750.0,1001,,New,0,,,,
899,101,2,RSL/20-21/215,2020-11-13 00:00:00,2,102,PRAKASH,"BBSR
",20097.09,0.0,20097.09,602.92,0.0,20700.0,0,0.0,0,0.0,0.0,20700.0,1002,,New,0,,,,
900,101,2,RSL/20-21/216,2020-11-13 00:00:00,2,102,S.CHATOI,"BBSR
",728.16,0.0,728.16,21.84,0.0,750.0,0,0.0,0,0.0,0.0,750.0,1003,,New,0,,,,
901,101,2,RSL/20-21/217,2020-11-13 00:00:00,2,102,CHANDRA SEKHAR,"BBSR
",13106.8,0.0,13106.8,393.2,0.0,13500.0,0,0.0,0,0.0,0.0,13500.0,1004,,New,0,,,,
902,101,2,RSL/20-21/218,2020-11-13 00:00:00,2,102,SUMATI SUREKA,"BBSR
",2330.1,0.0,2330.1,69.9,0.0,2400.0,0,0.0,0,0.0,0.0,2400.0,1005,,New,0,,,,
903,101,2,RSL/20-21/219,2020-11-13 00:00:00,2,102,ABHINASH PANDA,"BBSR
",23009.71,0.0,23009.71,690.3,0.0,23700.0,0,0.0,0,0.0,0.0,23700.0,1006,,New,0,,,,
904,101,2,RSL/20-21/220,2020-11-13 00:00:00,2,102,RASMITA PANDA,"BBSR
",15145.63,0.0,15145.63,454.36,0.0,15600.0,0,0.0,0,0.0,0.0,15600.0,1007,,New,0,,,,
905,101,2,RSL/20-21/221,2020-11-13 00:00:00,2,102,OM PRAKASH,"BBSR
",1990.29,0.0,1990.29,59.7,0.01,2049.99,0,0.0,0,0.0,0.0,2050.0,1009,,Modified,0,,,,
906,101,2,RSL/20-21/222,2020-11-13 00:00:00,2,102,ITISHREE,"BBSR
",728.16,0.0,728.16,21.84,0.0,750.0,0,0.0,0,0.0,0.0,750.0,1010,,New,0,,,,
907,101,2,RSL/20-21/223,2020-11-13 00:00:00,2,102,SUDHAKAR,"BBSR
",2038.83,0.0,2038.83,61.16,0.01,2099.99,0,0.0,0,0.0,0.0,2100.0,1011,,New,0,,,,
908,101,2,RSL/20-21/224,2020-11-13 00:00:00,2,102,BIJAY,"BBSR
",6213.59,0.0,6213.59,186.4,0.0,6400.0,0,0.0,0,0.0,0.0,6400.0,1012,,New,0,,,,
909,101,2,RSL/20-21/225,2020-11-13 00:00:00,2,102,SUSANT,"BBSR
",16019.42,0.0,16019.42,480.58,0.0,16500.0,0,0.0,0,0.0,0.0,16500.0,1014,,Modified,0,,,,
910,101,2,RSL/20-21/226,2020-11-13 00:00:00,2,102,RAKESH,"BBSR
",728.16,0.0,728.16,21.84,0.0,750.0,0,0.0,0,0.0,0.0,750.0,1015,,New,0,,,,
911,101,2,RSL/20-21/227,2020-11-13 00:00:00,2,102,I.PATRA,"BBSR
",1893.2,0.0,1893.2,56.8,0.0,1950.0,0,0.0,0,0.0,0.0,1950.0,1017,,Modified,0,,,,
912,101,2,RSL/20-21/228,2020-11-13 00:00:00,2,102,SUJIT,"BBSR
",970.87,0.0,970.87,29.12,0.01,999.99,0,0.0,0,0.0,0.0,1000.0,1019,,Modified,0,,,,
913,101,2,RSL/20-21/229,2020-11-13 00:00:00,2,102,DIMPLE,"BBSR
",631.07,0.0,631.07,18.94,0.0,650.0,0,0.0,0,0.0,0.0,650.0,1020,,New,0,,,,
914,101,2,RSL/20-21/230,2020-11-13 00:00:00,2,102,JYOTIMAY,"BBSR
",708.74,0.0,708.74,21.26,0.0,730.0,0,0.0,0,0.0,0.0,730.0,1021,,New,0,,,,
915,101,2,RSL/20-21/231,2020-11-13 00:00:00,2,102,DEBADATTA,"BBSR
",8640.78,0.0,8640.78,259.22,0.0,8900.0,0,0.0,0,0.0,0.0,8900.0,1022,,New,0,,,,
916,101,2,RSL/20-21/232,2020-11-13 00:00:00,2,102,SWAYAM,"BBSR
",776.7,0.0,776.7,23.3,0.0,800.0,0,0.0,0,0.0,0.0,800.0,1023,,New,0,,,,
917,101,2,RSL/20-21/233,2020-11-13 00:00:00,2,102,ANURAG,"BBSR
",368.93,0.0,368.93,11.06,0.0,380.0,0,0.0,0,0.0,0.0,380.0,1024,,New,0,,,,
918,101,2,RSL/20-21/234,2020-11-13 00:00:00,2,102,LOPA,"BBSR
",873.79,0.0,873.79,26.22,0.0,900.0,0,0.0,0,0.0,0.0,900.0,1025,,New,0,,,,
919,101,2,RSL/20-21/235,2020-11-13 00:00:00,2,102,MADHUSMITA,"BBSR
",728.16,0.0,728.16,21.84,0.0,750.0,0,0.0,0,0.0,0.0,750.0,1026,,New,0,,,,
920,101,2,RSL/20-21/236,2020-11-13 00:00:00,2,102,ASHUTOSH,"BBSR
",6796.12,0.0,6796.12,203.88,0.0,7000.0,0,0.0,0,0.0,0.0,7000.0,1027,,New,0,,,,
921,101,2,RSL/20-21/237,2020-11-13 00:00:00,2,102,CHANDRA,"BBSR
",679.61,0.0,679.61,20.38,0.01,699.99,0,0.0,0,0.0,0.0,700.0,1029,,Modified,0,,,,
922,101,2,RSL/20-21/238,2020-11-14 00:00:00,2,102,SABYA SACHI,"BBSR
",194174.76,0.0,194174.76,5825.24,0.0,200000.0,0,0.0,0,0.0,0.0,200000.0,1030,,New,0,,,,
923,101,2,RSL/20-21/239,2020-11-14 00:00:00,2,102,ANAND,"BBSR
",679.61,0.0,679.61,20.38,0.0,700.0,0,0.0,0,0.0,0.0,700.0,1031,,New,0,,,,
924,101,2,RSL/20-21/240,2020-11-14 00:00:00,2,102,SURAJ,"BBSR
",1359.22,0.0,1359.22,40.78,0.0,1400.0,0,0.0,0,0.0,0.0,1400.0,1032,,New,0,,,,
925,101,2,RSL/20-21/241,2020-11-15 00:00:00,2,102,PITAMBAR,"BBSR
",4854.37,0.0,4854.37,145.64,0.0,5000.0,0,0.0,0,0.0,0.0,5000.0,1033,,New,0,,,,
926,101,2,RSL/20-21/242,2020-11-16 00:00:00,2,102,KEVIN,"BBSR
",553.4,0.0,553.4,16.6,0.0,570.0,0,0.0,0,0.0,0.0,570.0,1035,,Modified,0,,,,
927,101,2,RSL/20-21/243,2020-11-17 00:00:00,2,102,PRADEEP,"BBSR
",8737.86,0.0,8737.86,262.14,0.0,9000.0,0,0.0,0,0.0,0.0,9000.0,1038,,Modified,0,,,,
928,101,2,RSL/20-21/244,2020-11-17 00:00:00,2,102,PRADEEP,"BBSR
",611.65,0.0,611.65,18.34,0.0,630.0,0,0.0,0,0.0,0.0,630.0,1037,,New,0,,,,
929,101,2,RSL/20-21/245,2020-11-17 00:00:00,2,102,A.ROUTRAY,"BBSR
",11456.3,0.0,11456.3,343.68,0.0,11800.0,0,0.0,0,0.0,0.0,11800.0,1039,,New,0,,,,
930,101,2,RSL/20-21/246,2020-11-18 00:00:00,2,102,SANJU SHARMA,"BBSR
",11844.66,0.0,11844.66,355.34,0.0,12200.0,0,0.0,0,0.0,0.0,12200.0,1040,,New,0,,,,
931,101,2,RSL/20-21/247,2020-11-18 00:00:00,2,102,RAJIBA,"BBSR
",3203.88,0.0,3203.88,96.12,0.0,3300.0,0,0.0,0,0.0,0.0,3300.0,1041,,New,0,,,,
932,101,2,RSL/20-21/248,2020-11-19 00:00:00,2,102,RAKESH,"BBSR
",10679.61,0.0,10679.61,320.38,0.0,11000.0,0,0.0,0,0.0,0.0,11000.0,1042,,New,0,,,,
933,101,2,RSL/20-21/249,2020-11-20 00:00:00,2,102,SAGARIKA,"BBSR
",582.52,0.0,582.52,17.48,0.0,600.0,0,0.0,0,0.0,0.0,600.0,1043,,New,0,,,,
934,101,2,RSL/20-21/250,2020-11-21 00:00:00,2,102,P.JENA,"BBSR
",25728.16,0.0,25728.16,771.84,0.0,26500.0,0,0.0,0,0.0,0.0,26500.0,1044,,New,0,,,,
935,101,2,RSL/20-21/251,2020-11-22 00:00:00,2,102,N.K.PAL,"BBSR
",36407.76,0.0,36407.76,1092.24,0.0,37500.0,0,0.0,0,0.0,0.0,37500.0,1045,,New,0,,,,
936,101,2,RSL/20-21/252,2020-11-22 00:00:00,2,102,M.KUMAR,"BBSR
",57961.17,0.0,57961.17,1738.84,-0.01,59700.01,0,0.0,0,0.0,0.0,59700.0,1046,,New,0,,,,
937,101,2,RSL/20-21/253,2020-11-22 00:00:00,2,102,B.MOHANTY,"BBSR
",3786.41,0.0,3786.41,113.6,0.0,3900.0,0,0.0,0,0.0,0.0,3900.0,1047,,New,0,,,,
938,101,2,RSL/20-21/254,2020-11-22 00:00:00,2,102,KISHORE,"BBSR
",339.81,0.0,339.81,10.2,0.0,350.0,0,0.0,0,0.0,0.0,350.0,1048,,New,0,,,,
939,101,2,RSL/20-21/255,2020-11-23 00:00:00,2,102,SWATI,"BBSR
",30291.27,0.0,30291.27,908.74,0.0,31200.0,0,0.0,0,0.0,0.0,31200.0,1049,,New,0,,,,
940,101,2,RSL/20-21/256,2020-11-24 00:00:00,2,102,RAJESH PATTNAIK,"BBSR
",13300.97,0.0,13300.97,399.02,0.0,13700.0,0,0.0,0,0.0,0.0,13700.0,1050,,New,0,,,,
941,101,2,RSL/20-21/257,2020-11-25 00:00:00,2,102,PRAKASH,"BBSR
",4854.37,0.0,4854.37,145.64,0.0,5000.0,0,0.0,0,0.0,0.0,5000.0,1051,,New,0,,,,
942,101,2,RSL/20-21/258,2020-11-27 00:00:00,2,102,DAROTHI DAS,"BBSR
",70874.0,0.0,70874.0,2126.22,-0.21,73000.21,0,0.0,0,0.0,0.0,73000.0,1053,,Modified,0,,,,
943,101,2,RSL/20-21/259,2020-11-28 00:00:00,2,102,LAXMI,"BBSR
",3398.06,0.0,3398.06,101.94,0.0,3500.0,0,0.0,0,0.0,0.0,3500.0,1054,,New,0,,,,
944,101,2,RSL/20-21/260,2020-11-29 00:00:00,2,102,R.MOHANTY,"BBSR
",23786.41,0.0,23786.41,713.6,0.0,24500.0,0,0.0,0,0.0,0.0,24500.0,1055,,New,0,,,,
945,101,2,RSL/20-21/261,2020-11-29 00:00:00,2,102,PRAKASH SAHU,"BBSR
",4077.67,0.0,4077.67,122.34,0.0,4200.0,0,0.0,0,0.0,0.0,4200.0,1056,,New,0,,,,
946,101,2,RSL/20-21/262,2020-11-30 00:00:00,2,102,S.PRADHAN,"BBSR
",6893.2,0.0,6893.2,206.8,0.0,7100.0,0,0.0,0,0.0,0.0,7100.0,1057,,New,0,,,,
947,101,2,RSL/20-21/263,2020-11-30 00:00:00,2,102,SIDHANT,"BBSR
",17572.82,0.0,17572.82,527.18,0.0,18100.0,0,0.0,0,0.0,0.0,18100.0,1058,,New,0,,,,
948,101,2,RSL/20-21/264,2020-11-30 00:00:00,2,102,SANJAY KU. SANDHA,"BBSR
",776.7,0.0,776.7,23.3,0.0,800.0,0,0.0,0,0.0,0.0,800.0,1059,,New,0,,,,
949,101,2,RSL/20-21/265,2020-11-30 00:00:00,2,102,SARITA RANI DAS,"BBSR
",20388.35,0.0,20388.35,611.66,0.0,21000.0,0,0.0,0,0.0,0.0,21000.0,1060,,New,0,,,,
950,101,2,RSL/20-21/266,2020-11-30 00:00:00,2,102,SUNITA,"BBSR
",485.44,0.0,485.44,14.56,0.0,500.0,0,0.0,0,0.0,0.0,500.0,1061,,New,0,,,,
951,101,2,RSL/20-21/267,2020-12-01 00:00:00,2,102,SABAT RAY,"BBSR
",9902.91,0.0,9902.91,297.08,0.0,10200.0,0,0.0,0,0.0,0.0,10200.0,1062,,New,0,,,,
952,101,2,RSL/20-21/268,2020-12-01 00:00:00,2,102,ASHA DEVI,"BBSR
",6601.94,0.0,6601.94,198.06,0.0,6800.0,0,0.0,0,0.0,0.0,6800.0,1063,,New,0,,,,
953,101,2,RSL/20-21/269,2020-12-01 00:00:00,2,102,UMESH SAHOO,"BBSR
",20582.52,0.0,20582.52,617.48,0.0,21200.0,0,0.0,0,0.0,0.0,21200.0,1064,,New,0,,,,
954,101,2,RSL/20-21/270,2020-12-01 00:00:00,2,102,PALLABI,"BBSR
",2718.45,0.0,2718.45,81.56,0.0,2800.0,0,0.0,0,0.0,0.0,2800.0,1065,,New,0,,,,
955,101,2,RSL/20-21/271,2020-12-02 00:00:00,2,102,GULU,"BBSR
",12135.92,0.0,12135.92,364.08,0.0,12500.0,0,0.0,0,0.0,0.0,12500.0,1066,,New,0,,,,
956,101,2,RSL/20-21/272,2020-12-04 00:00:00,2,102,TILOTAMA OJHA,"BBSR
",26699.03,0.0,26699.03,800.98,0.0,27500.0,0,0.0,0,0.0,0.0,27500.0,1067,,New,0,,,,
957,101,2,RSL/20-21/273,2020-12-06 00:00:00,2,102,ASHOK BHAGAT,"BBSR
",11553.4,0.0,11553.4,346.6,0.0,11900.0,0,0.0,0,0.0,0.0,11900.0,1068,,New,0,,,,
958,101,2,RSL/20-21/274,2020-12-06 00:00:00,2,102,S.JENA,"BBSR
",6796.12,0.0,6796.12,203.88,0.0,7000.0,0,0.0,0,0.0,0.0,7000.0,1069,,New,0,,,,
959,101,2,RSL/20-21/275,2020-12-06 00:00:00,2,102,SAI DIBYA,"BBSR
",77669.9,0.0,77669.9,2330.1,0.0,80000.0,0,0.0,0,0.0,0.0,80000.0,1070,,New,0,,,,
960,101,2,RSL/20-21/276,2020-12-07 00:00:00,2,102,SUSMITA DASH,"BBSR
",21553.4,0.0,21553.4,646.6,0.0,22200.0,0,0.0,0,0.0,0.0,22200.0,1071,,New,0,,,,
961,101,2,RSL/20-21/277,2020-12-07 00:00:00,2,102,GITANJALI PANDA,"BBSR
",12961.17,0.0,12961.17,388.84,-0.01,13350.01,0,0.0,0,0.0,0.0,13350.0,1072,,New,0,,,,
962,101,2,RSL/20-21/278,2020-12-07 00:00:00,2,102,DEBASIS,"BBSR
",8446.6,0.0,8446.6,253.4,0.0,8700.0,0,0.0,0,0.0,0.0,8700.0,1073,,New,0,,,,
963,101,2,RSL/20-21/279,2020-12-09 00:00:00,2,102,UMESH CHANDRA SAHOO,"BBSR
",22815.53,0.0,22815.53,684.46,0.0,23500.0,0,0.0,0,0.0,0.0,23500.0,1074,,New,0,,,,
964,101,2,RSL/20-21/280,2020-12-09 00:00:00,2,102,SEEMA DUTAA,"BBSR
",53398.06,0.0,53398.06,1601.94,0.0,55000.0,0,0.0,0,0.0,0.0,55000.0,1075,,New,0,,,,
965,101,2,RSL/20-21/281,2020-12-10 00:00:00,2,102,SASMITA ,"BBSR
",8155.34,0.0,8155.34,244.66,0.0,8400.0,0,0.0,0,0.0,0.0,8400.0,1076,,New,0,,,,
966,101,2,RSL/20-21/282,2020-12-10 00:00:00,2,102,CHANDRAKANT,"BBSR
",485.44,0.0,485.44,14.56,0.0,500.0,0,0.0,0,0.0,0.0,500.0,1077,,New,0,,,,
967,101,2,RSL/20-21/283,2020-12-11 00:00:00,2,102,ASHOK BHUYAN,"BBSR
",6213.59,0.0,6213.59,186.4,0.0,6400.0,0,0.0,0,0.0,0.0,6400.0,1078,,New,0,,,,
968,101,2,RSL/20-21/284,2020-12-11 00:00:00,2,102,PARAP PARIDA,"BBSR
",11650.48,0.0,11650.48,349.52,0.0,12000.0,0,0.0,0,0.0,0.0,12000.0,1079,,New,0,,,,
969,101,2,RSL/20-21/285,2020-12-11 00:00:00,2,102,ROHIT,"BBSR
",10388.35,0.0,10388.35,311.66,0.0,10700.0,0,0.0,0,0.0,0.0,10700.0,1080,,New,0,,,,
970,101,2,RSL/20-21/286,2020-12-11 00:00:00,2,102,ELIZA KAR,"BBSR
",873.79,0.0,873.79,26.22,0.0,900.0,0,0.0,0,0.0,0.0,900.0,1081,,New,0,,,,
971,101,2,RSL/20-21/287,2020-12-11 00:00:00,2,102,ROJALIN DAS,"BBSR
",2718.45,0.0,2718.45,81.56,0.0,2800.0,0,0.0,0,0.0,0.0,2800.0,1082,,New,0,,,,
972,101,2,RSL/20-21/288,2020-12-11 00:00:00,2,102,AVILASH,"BBSR
",8252.43,0.0,8252.43,247.58,0.0,8500.0,0,0.0,0,0.0,0.0,8500.0,1083,,New,0,,,,
973,101,2,RSL/20-21/289,2020-12-12 00:00:00,2,102,ARUN SWAIN,"BBSR
",12621.36,0.0,12621.36,378.64,0.0,13000.0,0,0.0,0,0.0,0.0,13000.0,1084,,New,0,,,,
974,101,2,RSL/20-21/290,2020-12-13 00:00:00,2,102,ASHOK BHAGAT,"BBSR
",11165.05,0.0,11165.05,334.96,0.0,11500.0,0,0.0,0,0.0,0.0,11500.0,1085,,New,0,,,,
975,101,2,RSL/20-21/291,2020-12-13 00:00:00,2,102,BIPLAB,"BBSR
",970.87,0.0,970.87,29.12,0.0,1000.0,0,0.0,0,0.0,0.0,1000.0,1086,,New,0,,,,
976,101,2,RSL/20-21/292,2020-12-14 00:00:00,2,102,A PATI,"BBSR
",2912.62,0.0,2912.62,87.38,0.0,3000.0,0,0.0,0,0.0,0.0,3000.0,1087,,New,0,,,,
977,101,2,RSL/20-21/293,2020-12-15 00:00:00,2,102,SAILESH,"BBSR
",1941.75,0.0,1941.75,58.26,-0.01,2000.01,0,0.0,0,0.0,0.0,2000.0,1089,,Modified,0,,,,
978,101,2,RSL/20-21/294,2020-12-16 00:00:00,2,102,R.C DAS,"BBSR
",8640.77,0.0,8640.77,259.22,0.0,8900.0,0,0.0,0,0.0,0.0,8900.0,1090,,New,0,,,,
979,101,2,RSL/20-21/295,2020-12-16 00:00:00,2,102,SUNIL,"BBSR
",7766.99,0.0,7766.99,233.0,0.0,8000.0,0,0.0,0,0.0,0.0,8000.0,1091,,New,0,,,,
980,101,2,RSL/20-21/296,2020-12-17 00:00:00,2,102,PADMA KAUR,"BBSR
",19417.48,0.0,19417.48,582.52,0.0,20000.0,0,0.0,0,0.0,0.0,20000.0,1092,,New,0,,,,
981,101,2,RSL/20-21/297,2020-12-17 00:00:00,2,102,DEVESH,"BBSR
",60194.17,0.0,60194.17,1805.82,0.0,62000.0,0,0.0,0,0.0,0.0,62000.0,1093,,New,0,,,,
982,101,2,RSL/20-21/298,2020-12-18 00:00:00,2,102,JHANSI RANI,"BBSR
",7184.47,0.0,7184.47,215.54,0.0,7400.0,0,0.0,0,0.0,0.0,7400.0,1094,,New,0,,,,
983,101,2,RSL/20-21/299,2020-12-18 00:00:00,2,102,L.P.JENA,"BBSR
",13106.8,0.0,13106.8,393.2,0.0,13500.0,0,0.0,0,0.0,0.0,13500.0,1095,,New,0,,,,
984,101,2,RSL/20-21/300,2020-12-19 00:00:00,2,102,ASHOK BHUYAN,"BBSR
",6796.12,0.0,6796.12,203.88,0.0,7000.0,0,0.0,0,0.0,0.0,7000.0,1096,,New,0,,,,
985,101,2,RSL/20-21/301,2020-12-19 00:00:00,2,102,M.PANDA,"BBSR
",8737.86,0.0,8737.86,262.14,0.0,9000.0,0,0.0,0,0.0,0.0,9000.0,1097,,New,0,,,,
986,101,2,RSL/20-21/302,2020-12-19 00:00:00,2,102,UDAYANATHA,"BBSR
",2718.45,0.0,2718.45,81.56,0.0,2800.0,0,0.0,0,0.0,0.0,2800.0,1098,,New,0,,,,
987,101,2,RSL/20-21/303,2020-12-20 00:00:00,2,102,AJEET,"BBSR
",20388.35,0.0,20388.35,611.66,0.0,21000.0,0,0.0,0,0.0,0.0,21000.0,1099,,New,0,,,,
988,101,2,RSL/20-21/304,2020-12-20 00:00:00,2,102,N.PANDA,"BBSR
",2427.18,0.0,2427.18,72.82,0.0,2500.0,0,0.0,0,0.0,0.0,2500.0,1100,,New,0,,,,
989,101,2,RSL/20-21/305,2020-12-21 00:00:00,2,102,SONALI,"BBSR
",1359.22,0.0,1359.22,40.78,0.0,1400.0,0,0.0,0,0.0,0.0,1400.0,1101,,New,0,,,,
990,101,2,RSL/20-21/306,2020-12-21 00:00:00,2,102,UDAYANATHA,"BBSR
",11650.49,0.0,11650.49,349.52,0.0,12000.0,0,0.0,0,0.0,0.0,12000.0,1102,,New,0,,,,
991,101,2,RSL/20-21/307,2020-12-22 00:00:00,2,102,DILLIP KU SAHOO,"BBSR
",1941.75,0.0,1941.75,58.26,0.0,2000.0,0,0.0,0,0.0,0.0,2000.0,1103,,New,0,,,,
992,101,2,RSL/20-21/308,2020-12-22 00:00:00,2,102,SUBHRA,"BBSR
",21844.66,0.0,21844.66,655.34,0.0,22500.0,0,0.0,0,0.0,0.0,22500.0,1104,,New,0,,,,
993,101,2,RSL/20-21/309,2020-12-22 00:00:00,2,102,ASIS,"BBSR
",51456.31,0.0,51456.31,1543.68,0.0,53000.0,0,0.0,0,0.0,0.0,53000.0,1105,,New,0,,,,
994,101,2,RSL/20-21/310,2020-12-23 00:00:00,2,102,SUBHRA,"BBSR
",63106.8,0.0,63106.8,1893.2,0.0,65000.0,0,0.0,0,0.0,0.0,65000.0,1106,,New,0,,,,
995,101,2,RSL/20-21/311,2020-12-24 00:00:00,2,102,HARE RAM,"BBSR
",533.98,0.0,533.98,16.02,0.0,550.0,0,0.0,0,0.0,0.0,550.0,1107,,New,0,,,,
996,101,2,RSL/20-21/312,2020-12-25 00:00:00,2,102,VIBHA ,"BBSR
",2135.92,0.0,2135.92,64.08,0.0,2200.0,0,0.0,0,0.0,0.0,2200.0,1108,,New,0,,,,
997,101,2,RSL/20-21/313,2020-12-26 00:00:00,2,102,SUNIL,"BBSR
",2912.62,0.0,2912.62,87.38,0.0,3000.0,0,0.0,0,0.0,0.0,3000.0,1109,,New,0,,,,
998,101,2,RSL/20-21/314,2020-12-27 00:00:00,2,102,KOMAL,"BBSR
",485.44,0.0,485.44,14.56,0.0,500.0,0,0.0,0,0.0,0.0,500.0,1110,,New,0,,,,
999,101,2,RSL/20-21/315,2020-12-28 00:00:00,2,102,LIPSA,"BBSR
",2524.27,0.0,2524.27,75.72,0.0,2600.0,0,0.0,0,0.0,0.0,2600.0,1111,,New,0,,,,
1000,101,2,RSL/20-21/316,2020-12-29 00:00:00,2,102,JHARANA DALAI,"BBSR
",1262.14,0.0,1262.14,37.86,0.0,1300.0,0,0.0,0,0.0,0.0,1300.0,1112,,New,0,,,,
1001,101,2,RSL/20-21/317,2020-12-31 00:00:00,2,102,S.JENA,"BBSR
",164077.29,0.0,164077.29,4922.32,0.39,168999.61,0,0.0,0,0.0,0.0,169000.0,1113,,New,0,,,,
1002,101,2,RSL/20-21/318,2020-12-31 00:00:00,2,102,P.K.DAS,"BBSR
",3495.15,0.0,3495.15,104.86,0.0,3600.0,0,0.0,0,0.0,0.0,3600.0,1114,,New,0,,,,
1003,101,2,RSL/20-21/319,2020-12-31 00:00:00,2,102,MAHI,"BBSR
",582.52,0.0,582.52,17.48,0.0,600.0,0,0.0,0,0.0,0.0,600.0,1115,,New,0,,,,
1004,101,2,RSL/20-21/320,2021-01-02 00:00:00,2,102,S.JENA,"BBSR
",72330.1,0.0,72330.1,2169.9,0.0,74500.0,0,0.0,0,0.0,0.0,74500.0,1116,,New,0,,,,
1005,101,2,RSL/20-21/321,2021-01-02 00:00:00,2,102,S.JENA,"BBSR
",131553.4,0.0,131553.4,3946.6,0.0,135500.0,0,0.0,0,0.0,0.0,135500.0,1117,,New,0,,,,
1006,101,2,RSL/20-21/322,2021-01-04 00:00:00,2,102,KOREA TECH EQUIPMENT POINT,"BBSR
",61213.59,0.0,61213.59,1836.4,0.0,63050.0,0,0.0,0,0.0,0.0,63050.0,1118,,New,0,,21EHJPP232H1Z7,,
1007,101,2,RSL/20-21/323,2021-01-05 00:00:00,2,102,R PATTNAIK,"BBSR
",46796.12,0.0,46796.12,1403.88,0.0,48200.0,0,0.0,0,0.0,0.0,48200.0,1119,,New,0,,,,
1008,101,2,RSL/20-21/324,2021-01-06 00:00:00,2,102,NALINI,"BBSR
",19611.65,0.0,19611.65,588.34,0.0,20200.0,0,0.0,0,0.0,0.0,20200.0,1120,,New,0,,,,
1009,101,2,RSL/20-21/325,2021-01-07 00:00:00,2,102,PRAGYA NANDA DAS,"BBSR
",20388.35,0.0,20388.35,611.66,0.0,21000.0,0,0.0,0,0.0,0.0,21000.0,1121,,New,0,,,,
1010,101,2,RSL/20-21/326,2021-01-10 00:00:00,2,102,P.NAYAK,"BBSR
",17475.73,0.0,17475.73,524.28,0.0,18000.0,0,0.0,0,0.0,0.0,18000.0,1122,,New,0,,,,
1011,101,2,RSL/20-21/327,2021-01-11 00:00:00,2,102,BHIMSEN GAJENDRA,"BBSR
",2718.45,0.0,2718.45,81.56,0.0,2800.0,0,0.0,0,0.0,0.0,2800.0,1123,,New,0,,,,
1012,101,2,RSL/20-21/328,2021-01-11 00:00:00,2,102,N.SAMANTRAY,"BBSR
",32427.18,0.0,32427.18,972.82,0.0,33400.0,0,0.0,0,0.0,0.0,33400.0,1124,,New,0,,,,
1013,101,2,RSL/20-21/329,2021-01-12 00:00:00,2,102,SHREE MAYI ENERPRISE,"BBSR
",15533.98,0.0,15533.98,466.02,0.0,16000.0,0,0.0,0,0.0,0.0,16000.0,1125,,New,0,,21AUGPB5092F1Z3,,
1014,101,2,RSL/20-21/330,2021-01-12 00:00:00,2,102,S.PANDA,"BBSR
",1941.75,0.0,1941.75,58.26,0.0,2000.0,0,0.0,0,0.0,0.0,2000.0,1126,,New,0,,,,
1015,101,2,RSL/20-21/331,2021-01-13 00:00:00,2,102,SEEMA ,"BBSR
",111165.05,0.0,111165.05,3334.96,0.0,114500.0,0,0.0,0,0.0,0.0,114500.0,1127,,New,0,,,,
1016,101,2,RSL/20-21/332,2021-01-14 00:00:00,2,102,P.KUMAR,"BBSR
",6601.94,0.0,6601.94,198.06,0.0,6800.0,0,0.0,0,0.0,0.0,6800.0,1128,,New,0,,,,
1017,101,2,RSL/20-21/333,2021-01-14 00:00:00,2,102,TUKUNA ,"BBSR
",12233.01,0.0,12233.01,367.0,0.0,12600.0,0,0.0,0,0.0,0.0,12600.0,1129,,New,0,,,,
1018,101,2,RSL/20-21/334,2021-01-14 00:00:00,2,102,SRIKANT,"BBSR
",2233.01,0.0,2233.01,67.0,0.0,2300.0,0,0.0,0,0.0,0.0,2300.0,1130,,New,0,,,,
1019,101,2,RSL/20-21/335,2021-01-14 00:00:00,2,102,KADAMBINI DAS,"BBSR
",15533.98,0.0,15533.98,466.02,0.0,16000.0,0,0.0,0,0.0,0.0,16000.0,1131,,New,0,,,,
1020,101,2,RSL/20-21/336,2021-01-15 00:00:00,2,102,S.NABI,"BBSR
",8349.51,0.0,8349.51,250.48,0.0,8600.0,0,0.0,0,0.0,0.0,8600.0,1132,,New,0,,,,
1021,101,2,RSL/20-21/337,2021-01-16 00:00:00,2,102,S.SHEYI,"BBSR
",18640.78,0.0,18640.78,559.22,0.0,19200.0,0,0.0,0,0.0,0.0,19200.0,1133,,New,0,,,,
1022,101,2,RSL/20-21/338,2021-01-18 00:00:00,2,102,N.DAS,"BBSR
",8398.06,0.0,8398.06,251.94,0.0,8650.0,0,0.0,0,0.0,0.0,8650.0,1134,,New,0,,,,
1023,101,2,RSL/20-21/339,2021-01-19 00:00:00,2,102,SASHI,"BBSR
",8252.43,0.0,8252.43,247.58,0.0,8500.0,0,0.0,0,0.0,0.0,8500.0,1135,,New,0,,,,
1024,101,2,RSL/20-21/340,2021-01-20 00:00:00,2,102,RUCHI,"BBSR
",2912.62,0.0,2912.62,87.38,0.0,3000.0,0,0.0,0,0.0,0.0,3000.0,1136,,New,0,,,,
1025,101,2,RSL/20-21/341,2021-01-21 00:00:00,2,102,RAJIV,"BBSR
",40776.7,0.0,40776.7,1223.3,0.0,42000.0,0,0.0,0,0.0,0.0,42000.0,1137,,New,0,,,,
1026,101,2,RSL/20-21/342,2021-01-21 00:00:00,2,102,SAMAR,"BBSR
",1262.14,0.0,1262.14,37.86,0.0,1300.0,0,0.0,0,0.0,0.0,1300.0,1138,,New,0,,,,
1027,101,2,RSL/20-21/343,2021-01-22 00:00:00,2,102,SUKHDEV,"BBSR
",35436.89,0.0,35436.89,1063.1,0.0,36500.0,0,0.0,0,0.0,0.0,36500.0,1139,,New,0,,,,
1028,101,2,RSL/20-21/344,2021-01-23 00:00:00,2,102,ASIS,"BBSR
",6796.12,0.0,6796.12,203.88,0.0,7000.0,0,0.0,0,0.0,0.0,7000.0,1140,,New,0,,,,
1029,101,2,RSL/20-21/345,2021-01-23 00:00:00,2,102,H.KRISHNA,"BBSR
",2912.62,0.0,2912.62,87.38,0.0,3000.0,0,0.0,0,0.0,0.0,3000.0,1141,,New,0,,,,
1030,101,2,RSL/20-21/346,2021-01-24 00:00:00,2,102,KISHORE,"BBSR
",40291.26,0.0,40291.26,1208.74,0.0,41500.0,0,0.0,0,0.0,0.0,41500.0,1143,,Modified,0,,,,
1031,101,2,RSL/20-21/347,2021-01-25 00:00:00,2,102,MONALISA,"BBSR
",36893.2,0.0,36893.2,1106.8,0.0,38000.0,0,0.0,0,0.0,0.0,38000.0,1144,,New,0,,,,
1032,101,2,RSL/20-21/348,2021-01-26 00:00:00,2,102,J.NAYAK,"BBSR
",2912.62,0.0,2912.62,87.38,0.0,3000.0,0,0.0,0,0.0,0.0,3000.0,1145,,New,0,,,,
1033,101,2,RSL/20-21/349,2021-01-26 00:00:00,2,102,P.BISOI,"BBSR
",2320.39,0.0,2320.39,69.62,0.0,2390.0,0,0.0,0,0.0,0.0,2390.0,1146,,New,0,,,,
1034,101,2,RSL/20-21/350,2021-01-27 00:00:00,2,102,DIPAK,"BBSR
",13106.8,0.0,13106.8,393.2,0.0,13500.0,0,0.0,0,0.0,0.0,13500.0,1147,,New,0,,,,
1035,101,2,RSL/20-21/351,2021-01-28 00:00:00,2,102,J.BISWAL,"BBSR
",533.98,0.0,533.98,16.02,0.0,550.0,0,0.0,0,0.0,0.0,550.0,1148,,New,0,,,,
1036,101,2,RSL/20-21/352,2021-01-28 00:00:00,2,102,SAROJ,"BBSR
",194.17,0.0,194.17,5.82,0.0,200.0,0,0.0,0,0.0,0.0,200.0,1149,,New,0,,,,
1037,101,2,RSL/20-21/353,2021-01-29 00:00:00,2,102,SANDEEP,"BBSR
",825.24,0.0,825.24,24.76,0.0,850.0,0,0.0,0,0.0,0.0,850.0,1150,,New,0,,,,
1038,101,2,RSL/20-21/354,2021-01-29 00:00:00,2,102,DEBIDATTA SARANGI,"BBSR
",3009.71,0.0,3009.71,90.3,0.0,3100.0,0,0.0,0,0.0,0.0,3100.0,1151,,New,0,,,,
1039,101,2,RSL/20-21/355,2021-01-29 00:00:00,2,102,BABU,"BBSR
",16349.51,0.0,16349.51,490.48,0.0,16840.0,0,0.0,0,0.0,0.0,16840.0,1152,,New,0,,,,
1040,101,2,RSL/20-21/356,2021-01-30 00:00:00,2,102,MONALISA,"BBSR
",388.35,0.0,388.35,11.66,0.0,400.0,0,0.0,0,0.0,0.0,400.0,1153,,New,0,,,,
1041,101,2,RSL/20-21/357,2021-01-30 00:00:00,2,102,AJAY,"BBSR
",8155.34,0.0,8155.34,244.66,0.0,8400.0,0,0.0,0,0.0,0.0,8400.0,1154,,New,0,,,,
1042,101,2,RSL/20-21/358,2021-01-30 00:00:00,2,102,NIHARIKA,"BBSR
",3349.51,0.0,3349.51,100.48,0.0,3450.0,0,0.0,0,0.0,0.0,3450.0,1155,,New,0,,,,
1043,101,2,RSL/20-21/359,2021-01-31 00:00:00,2,102,PRAKASH,"BBSR
",13106.8,0.0,13106.8,393.2,0.0,13500.0,0,0.0,0,0.0,0.0,13500.0,1156,,New,0,,,,
1044,101,2,RSL/20-21/360,2021-01-31 00:00:00,2,102,HEMANTA,"BBSR
",8737.86,0.0,8737.86,262.14,0.0,9000.0,0,0.0,0,0.0,0.0,9000.0,1157,,New,0,,,,
1045,101,2,RSL/20-21/361,2021-01-31 00:00:00,2,102,HANUMANTAV,"BBSR
",3009.71,0.0,3009.71,90.3,0.0,3100.0,0,0.0,0,0.0,0.0,3100.0,1158,,New,0,,,,
1046,101,2,RSL/20-21/362,2021-01-31 00:00:00,2,102,DOJALIN,"BBSR
",5242.72,0.0,5242.72,157.28,0.0,5400.0,0,0.0,0,0.0,0.0,5400.0,1161,,Modified,0,,,,
1047,101,2,RSL/20-21/363,2021-02-01 00:00:00,2,102,MRUTYUNJYA DAS,"BBSR
",13592.23,0.0,13592.23,407.76,0.0,14000.0,0,0.0,0,0.0,0.0,14000.0,1162,,New,0,,,,
1048,101,2,RSL/20-21/364,2021-02-02 00:00:00,2,102,ABHIJIT,"BBSR
",3058.25,0.0,3058.25,91.74,0.0,3150.0,0,0.0,0,0.0,0.0,3150.0,1163,,New,0,,,,
1049,101,2,RSL/20-21/365,2021-02-03 00:00:00,2,102,URMILA,"BBSR
",11650.49,0.0,11650.49,349.52,0.0,12000.0,0,0.0,0,0.0,0.0,12000.0,1164,,New,0,,,,
1050,101,2,RSL/20-21/366,2021-02-04 00:00:00,2,102,MAHAKAL,"BBSR
",2524.27,0.0,2524.27,75.72,0.0,2600.0,0,0.0,0,0.0,0.0,2600.0,1165,,New,0,,,,
1051,101,2,RSL/20-21/367,2021-02-04 00:00:00,2,102,ABHAY,"BBSR
",17961.16,0.0,17961.16,538.84,0.0,18500.0,0,0.0,0,0.0,0.0,18500.0,1166,,New,0,,,,
1052,101,2,RSL/20-21/368,2021-02-05 00:00:00,2,102,DIPAK,"BBSR
",11650.49,0.0,11650.49,349.52,0.0,12000.0,0,0.0,0,0.0,0.0,12000.0,1167,,New,0,,,,
1053,101,2,RSL/20-21/369,2021-02-06 00:00:00,2,102,K.PRADHAN,"BBSR
",1941.75,0.0,1941.75,58.26,0.0,2000.0,0,0.0,0,0.0,0.0,2000.0,1168,,New,0,,,,
1054,101,2,RSL/20-21/370,2021-02-07 00:00:00,2,102,SUBHENDU,"BBSR
",10679.61,0.0,10679.61,320.38,0.0,11000.0,0,0.0,0,0.0,0.0,11000.0,1169,,New,0,,,,
1055,101,2,RSL/20-21/371,2021-02-07 00:00:00,2,102,RATI RANJAN,"BBSR
",7378.64,0.0,7378.64,221.36,0.0,7600.0,0,0.0,0,0.0,0.0,7600.0,1170,,New,0,,,,
1056,101,2,RSL/20-21/372,2021-02-07 00:00:00,2,102,MILAN,"BBSR
",1213.59,0.0,1213.59,36.4,0.0,1250.0,0,0.0,0,0.0,0.0,1250.0,1171,,New,0,,,,
1057,101,2,RSL/20-21/373,2021-02-08 00:00:00,2,102,B.LENKA,"BBSR
",485.44,0.0,485.44,14.56,0.0,500.0,0,0.0,0,0.0,0.0,500.0,1172,,New,0,,,,
1058,101,2,RSL/20-21/374,2021-02-09 00:00:00,2,102,MITESH,"BBSR
",9708.74,0.0,9708.74,291.26,0.0,10000.0,0,0.0,0,0.0,0.0,10000.0,1173,,New,0,,,,
1059,101,2,RSL/20-21/375,2021-02-10 00:00:00,2,102,RAKESH,"BBSR
",21844.66,0.0,21844.66,655.34,0.0,22500.0,0,0.0,0,0.0,0.0,22500.0,1174,,New,0,,,,
1060,101,2,RSL/20-21/376,2021-02-11 00:00:00,2,102,ARUN,"BBSR
",22330.1,0.0,22330.1,669.9,0.0,23000.0,0,0.0,0,0.0,0.0,23000.0,1175,,New,0,,,,
1061,101,2,RSL/20-21/377,2021-02-12 00:00:00,2,102,NAMITA,"BBSR
",834.95,0.0,834.95,25.04,0.0,860.0,0,0.0,0,0.0,0.0,860.0,1176,,New,0,,,,
1062,101,2,RSL/20-21/378,2021-02-12 00:00:00,2,102,SARITA,"BBSR
",12281.55,0.0,12281.55,368.44,0.0,12650.0,0,0.0,0,0.0,0.0,12650.0,1177,,New,0,,,,
1063,101,2,RSL/20-21/379,2021-02-12 00:00:00,2,102,SATYA,"BBSR
",145.63,0.0,145.63,4.36,0.0,150.0,0,0.0,0,0.0,0.0,150.0,1178,,New,0,,,,
1064,101,2,RSL/20-21/380,2021-02-13 00:00:00,2,102,AMIT,"BBSR
",5533.98,0.0,5533.98,166.02,0.0,5700.0,0,0.0,0,0.0,0.0,5700.0,1179,,New,0,,,,
1065,101,2,RSL/20-21/381,2021-02-13 00:00:00,2,102,BIKRAM,"
BBSR
",35922.33,0.0,35922.33,1077.66,0.0,37000.0,0,0.0,0,0.0,0.0,37000.0,1180,,New,0,,,,
1066,101,2,RSL/20-21/382,2021-02-13 00:00:00,2,102,RAKESH,"BBSR
",15339.81,0.0,15339.81,460.2,0.0,15800.0,0,0.0,0,0.0,0.0,15800.0,1181,,New,0,,,,
1067,101,2,RSL/20-21/383,2021-02-13 00:00:00,2,102,RASHMI,"BBSR
",141747.57,0.0,141747.57,4252.42,0.0,146000.0,0,0.0,0,0.0,0.0,146000.0,1182,,New,0,,,,
1068,101,2,RSL/20-21/384,2021-02-14 00:00:00,2,102,FIROZ,"BBSR
",13106.8,0.0,13106.8,393.2,0.0,13500.0,0,0.0,0,0.0,0.0,13500.0,1183,,New,0,,,,
1069,101,2,RSL/20-21/385,2021-02-17 00:00:00,2,102,SUBHENDU,"BBSR
",3883.5,0.0,3883.5,116.5,-0.01,4000.01,0,0.0,0,0.0,0.0,4000.0,1184,,New,0,,,,
1070,101,2,RSL/20-21/386,2021-02-17 00:00:00,2,102,DEBI,"BBSR
",2368.93,0.0,2368.93,71.06,0.0,2440.0,0,0.0,0,0.0,0.0,2440.0,1185,,New,0,,,,
1071,101,2,RSL/20-21/387,2021-02-17 00:00:00,2,102,SOUMYA,"BBSR
",291.26,0.0,291.26,8.74,0.0,300.0,0,0.0,0,0.0,0.0,300.0,1186,,New,0,,,,
1072,101,2,RSL/20-21/388,2021-02-17 00:00:00,2,102,PRAKASH,"BBSR
",776.7,0.0,776.7,23.3,0.0,800.0,0,0.0,0,0.0,0.0,800.0,1187,,New,0,,,,
1073,101,2,RSL/20-21/389,2021-02-18 00:00:00,2,102,DINA,"BBSR
",8252.43,0.0,8252.43,247.58,0.0,8500.0,0,0.0,0,0.0,0.0,8500.0,1188,,New,0,,,,
1074,101,2,RSL/20-21/390,2021-02-19 00:00:00,2,102,SUNIL,"BBSR
",20679.61,0.0,20679.61,620.38,0.0,21300.0,0,0.0,0,0.0,0.0,21300.0,1189,,New,0,,,,
1075,101,2,RSL/20-21/391,2021-02-20 00:00:00,2,102,SANTOSH,"BBSR
",1067.96,0.0,1067.96,32.04,0.0,1100.0,0,0.0,0,0.0,0.0,1100.0,1190,,New,0,,,,
1076,101,2,RSL/20-21/392,2021-02-21 00:00:00,2,102,NEELAM,"BBSR
",6310.68,0.0,6310.68,189.32,0.0,6500.0,0,0.0,0,0.0,0.0,6500.0,1191,,New,0,,,,
1077,101,2,RSL/20-21/393,2021-02-21 00:00:00,2,102,DILIP,"BBSR
",1941.75,0.0,1941.75,58.26,0.0,2000.0,0,0.0,0,0.0,0.0,2000.0,1192,,New,0,,,,
1078,101,2,RSL/20-21/394,2021-02-21 00:00:00,2,102,RAMESH,"BBSR
",10388.35,0.0,10388.35,311.66,0.0,10700.0,0,0.0,0,0.0,0.0,10700.0,1193,,New,0,,,,
1079,101,2,RSL/20-21/395,2021-02-22 00:00:00,2,102,ANANDI,"BBSR
",36699.03,0.0,36699.03,1100.98,0.0,37800.0,0,0.0,0,0.0,0.0,37800.0,1194,,New,0,,,,
1080,101,2,RSL/20-21/396,2021-02-23 00:00:00,2,102,BAPI,"BBSR
",3203.88,0.0,3203.88,96.12,0.0,3300.0,0,0.0,0,0.0,0.0,3300.0,1195,,New,0,,,,
1081,101,2,RSL/20-21/397,2021-02-23 00:00:00,2,102,DIBYA,"BBSR
",12330.1,0.0,12330.1,369.9,0.0,12700.0,0,0.0,0,0.0,0.0,12700.0,1196,,New,0,,,,
1082,101,2,RSL/20-21/398,2021-02-24 00:00:00,2,102,KALU BEHERA,"BBSR
",105825.24,0.0,105825.24,3174.76,0.0,109000.0,0,0.0,0,0.0,0.0,109000.0,1197,,New,0,,,,
1083,101,2,RSL/20-21/399,2021-02-24 00:00:00,2,102,G DAS,"BBSR
",28252.43,0.0,28252.43,847.58,0.0,29100.0,0,0.0,0,0.0,0.0,29100.0,1198,,New,0,,,,
1084,101,2,RSL/20-21/400,2021-02-25 00:00:00,2,102,SURESH,"BBSR
",3349.51,0.0,3349.51,100.48,0.0,3450.0,0,0.0,0,0.0,0.0,3450.0,1199,,New,0,,,,
1085,101,2,RSL/20-21/401,2021-02-27 00:00:00,2,102,TUKUNA KUMAR RANA,"BBSR
",41067.96,0.0,41067.96,1232.04,0.0,42300.0,0,0.0,0,0.0,0.0,42300.0,1200,,New,0,,,,
1086,101,2,RSL/20-21/402,2021-02-27 00:00:00,2,102,DILIP,BBSR,291.26,0.0,291.26,8.74,0.0,300.0,0,0.0,0,0.0,0.0,300.0,1201,,New,0,,,,
1087,101,2,RSL/20-21/403,2021-02-27 00:00:00,2,102,HIMANSHU,"BBSR
",6893.2,0.0,6893.2,206.8,0.0,7100.0,0,0.0,0,0.0,0.0,7100.0,1202,,New,0,,,,
1088,101,2,RSL/20-21/404,2021-02-27 00:00:00,2,102,B.PANI,"BBSR
",38834.95,0.0,38834.95,1165.04,0.0,40000.0,0,0.0,0,0.0,0.0,40000.0,1203,,New,0,,,,
1089,101,2,RSL/20-21/405,2021-02-27 00:00:00,2,102,DEBU,"BBSR
",9708.74,0.0,9708.74,291.26,0.0,10000.0,0,0.0,0,0.0,0.0,10000.0,1204,,New,0,,,,
1090,101,2,RSL/20-21/406,2021-03-01 00:00:00,2,102,TUKUNU KUMAR RANA,"BBSR
",33009.71,0.0,33009.71,990.3,0.0,34000.0,0,0.0,0,0.0,0.0,34000.0,1205,,New,0,,,,
1091,101,2,RSL/20-21/407,2021-03-01 00:00:00,2,102,RASMITA DAS,"BBSR
",16116.5,0.0,16116.5,483.5,0.0,16600.0,0,0.0,0,0.0,0.0,16600.0,1206,,New,0,,,,
1092,101,2,RSL/20-21/408,2021-03-03 00:00:00,2,102,S RADHAKRISHNAN,"BBSR
",56796.12,0.0,56796.12,1703.88,0.0,58500.0,0,0.0,0,0.0,0.0,58500.0,1207,,New,0,,,,
1093,101,2,RSL/20-21/409,2021-03-03 00:00:00,2,102,GITANJALI,"BBSR
",436.89,0.0,436.89,13.1,0.0,450.0,0,0.0,0,0.0,0.0,450.0,1208,,New,0,,,,
1094,101,2,RSL/20-21/410,2021-03-04 00:00:00,2,102,S.SAMAL,"BBSR
",16019.42,0.0,16019.42,480.58,0.0,16500.0,0,0.0,0,0.0,0.0,16500.0,1209,,New,0,,,,
1095,101,2,RSL/20-21/411,2021-03-05 00:00:00,2,102,D.MALLICK,"BBSR
",2815.53,0.0,2815.53,84.46,0.0,2900.0,0,0.0,0,0.0,0.0,2900.0,1210,,New,0,,,,
1096,101,2,RSL/20-21/412,2021-03-05 00:00:00,2,102,I PRADHAN,"BBSR
",2912.62,0.0,2912.62,87.38,0.0,3000.0,0,0.0,0,0.0,0.0,3000.0,1211,,New,0,,,,
1097,101,2,RSL/20-21/413,2021-03-06 00:00:00,2,102,SUMINA,"BBSR
",39029.12,0.0,39029.12,1170.88,0.01,40199.99,0,0.0,0,0.0,0.0,40200.0,1212,,New,0,,,,
1098,101,2,RSL/20-21/414,2021-03-07 00:00:00,2,102,MUNA,"BBSR
",19029.13,0.0,19029.13,570.88,0.0,19600.0,0,0.0,0,0.0,0.0,19600.0,1213,,New,0,,,,
1099,101,2,RSL/20-21/415,2021-03-07 00:00:00,2,102,RAJESH,"BBSR
",2912.62,0.0,2912.62,87.38,0.0,3000.0,0,0.0,0,0.0,0.0,3000.0,1214,,New,0,,,,
1100,101,2,RSL/20-21/416,2021-03-08 00:00:00,2,102,M.BARIK,"BBSR
",22330.1,0.0,22330.1,669.9,0.0,23000.0,0,0.0,0,0.0,0.0,23000.0,1215,,New,0,,,,
1101,101,2,RSL/20-21/417,2021-03-09 00:00:00,2,102,SURYA,"BBSR
",99999.94,0.0,99999.94,3000.0,0.06,102999.94,0,0.0,0,0.0,0.0,103000.0,1216,,New,0,,,,
1102,101,2,RSL/20-21/418,2021-03-09 00:00:00,2,102,M.KUMAR,"BBSR
",12135.92,0.0,12135.92,364.08,0.0,12500.0,0,0.0,0,0.0,0.0,12500.0,1217,,New,0,,,,
1103,101,2,RSL/20-21/419,2021-03-09 00:00:00,2,102,M.BEHERA,"BBSR
",14563.11,0.0,14563.11,436.9,0.0,15000.0,0,0.0,0,0.0,0.0,15000.0,1218,,New,0,,,,
1104,101,2,RSL/20-21/420,2021-03-10 00:00:00,2,102,PRADEEP KU. MAHAPATRA,"BBSR
",12135.92,0.0,12135.92,364.08,0.0,12500.0,0,0.0,0,0.0,0.0,12500.0,1219,,New,0,,,,
1105,101,2,RSL/20-21/421,2021-03-10 00:00:00,2,102,SAMAL,"BBSR
",2427.18,0.0,2427.18,72.82,0.0,2500.0,0,0.0,0,0.0,0.0,2500.0,1220,,New,0,,,,
1106,101,2,RSL/20-21/422,2021-03-10 00:00:00,2,102,DAROTHI,"BBSR
",36893.2,0.0,36893.2,1106.8,0.0,38000.0,0,0.0,0,0.0,0.0,38000.0,1221,,New,0,,,,
1107,101,2,RSL/20-21/423,2021-03-12 00:00:00,2,102,M.PRADHAN,"BBSR
",2524.27,0.0,2524.27,75.72,0.0,2600.0,0,0.0,0,0.0,0.0,2600.0,1222,,New,0,,,,
1108,101,2,RSL/20-21/424,2021-03-12 00:00:00,2,102,UMA SHANKAR,"BBSR
",7281.55,0.0,7281.55,218.44,0.0,7500.0,0,0.0,0,0.0,0.0,7500.0,1223,,New,0,,,,
1109,101,2,RSL/20-21/425,2021-03-12 00:00:00,2,102,AMULYA,"BBSR
",2427.18,0.0,2427.18,72.82,0.0,2500.0,0,0.0,0,0.0,0.0,2500.0,1224,,New,0,,,,
1110,101,2,RSL/20-21/426,2021-03-13 00:00:00,2,102,ROHIT,"BBSR
",3106.8,0.0,3106.8,93.2,0.0,3200.0,0,0.0,0,0.0,0.0,3200.0,1225,,New,0,,,,
1111,101,2,RSL/20-21/427,2021-03-14 00:00:00,2,102,RAKESH,"BBSR
",10679.61,0.0,10679.61,320.38,0.0,11000.0,0,0.0,0,0.0,0.0,11000.0,1226,,New,0,,,,
1112,101,2,RSL/20-21/428,2021-03-15 00:00:00,2,102,S.ROUT,"BBSR
",1747.57,0.0,1747.57,52.42,0.0,1800.0,0,0.0,0,0.0,0.0,1800.0,1227,,New,0,,,,
1113,101,2,RSL/20-21/429,2021-03-16 00:00:00,2,102,DIPAK,"BBSR
",3883.5,0.0,3883.5,116.5,-0.01,4000.01,0,0.0,0,0.0,0.0,4000.0,1228,,New,0,,,,
1114,101,2,RSL/20-21/430,2021-03-17 00:00:00,2,102,BIPIN BIHARI DAS,"BBSR
",37475.73,0.0,37475.73,1124.28,0.0,38600.0,0,0.0,0,0.0,0.0,38600.0,1229,,New,0,,,,
1115,101,2,RSL/20-21/431,2021-03-17 00:00:00,2,102,DHARMA,"BBSR
",2912.62,0.0,2912.62,87.38,0.0,3000.0,0,0.0,0,0.0,0.0,3000.0,1230,,New,0,,,,
1116,101,2,RSL/20-21/432,2021-03-18 00:00:00,2,102,PINTU,"BBSR
",27669.9,0.0,27669.9,830.1,0.0,28500.0,0,0.0,0,0.0,0.0,28500.0,1231,,New,0,,,,
1117,101,2,RSL/20-21/433,2021-03-19 00:00:00,2,102,BABAJI,"BBSR
",21844.66,0.0,21844.66,655.34,0.0,22500.0,0,0.0,0,0.0,0.0,22500.0,1232,,New,0,,,,
1118,101,2,RSL/20-21/434,2021-03-20 00:00:00,2,102,BIPIN,"BBSR
",23786.41,0.0,23786.41,713.6,0.0,24500.0,0,0.0,0,0.0,0.0,24500.0,1233,,New,0,,,,
1119,101,2,RSL/20-21/435,2021-03-20 00:00:00,2,102,SABYASACHI,"BBSR
",3883.5,0.0,3883.5,116.5,-0.01,4000.01,0,0.0,0,0.0,0.0,4000.0,1234,,New,0,,,,
1120,101,2,RSL/20-21/436,2021-03-21 00:00:00,2,102,SUDHIR,"BBSR
",1747.57,0.0,1747.57,52.42,0.0,1800.0,0,0.0,0,0.0,0.0,1800.0,1235,,New,0,,,,
1121,101,2,RSL/20-21/437,2021-03-21 00:00:00,2,102,NIKHIL,"BBSR
",12912.62,0.0,12912.62,387.38,0.0,13300.0,0,0.0,0,0.0,0.0,13300.0,1236,,New,0,,,,
1122,101,2,RSL/20-21/438,2021-03-21 00:00:00,2,102,NITESH,"BBSR
",19417.47,0.0,19417.47,582.52,0.0,20000.0,0,0.0,0,0.0,0.0,20000.0,1237,,New,0,,,,
1123,101,2,RSL/20-21/439,2021-03-22 00:00:00,2,102,RAKESH,"BBSR
",6310.68,0.0,6310.68,189.32,0.0,6500.0,0,0.0,0,0.0,0.0,6500.0,1238,,New,0,,,,
1124,101,2,RSL/20-21/440,2021-03-23 00:00:00,2,102,SUNIL,"BBSR
",2135.92,0.0,2135.92,64.08,0.0,2200.0,0,0.0,0,0.0,0.0,2200.0,1239,,New,0,,,,
1125,101,2,RSL/20-21/441,2021-03-24 00:00:00,2,102,ADITYA,"BBSR
",10679.61,0.0,10679.61,320.38,0.0,11000.0,0,0.0,0,0.0,0.0,11000.0,1240,,New,0,,,,
1126,101,2,RSL/20-21/442,2021-03-25 00:00:00,2,102,DIPAK,"BBSR
",2135.92,0.0,2135.92,64.08,0.0,2200.0,0,0.0,0,0.0,0.0,2200.0,1241,,New,0,,,,
1127,101,2,RSL/20-21/443,2021-03-27 00:00:00,2,102,SUNIL,"BBSR
",10000.0,0.0,10000.0,300.0,0.0,10300.0,0,0.0,0,0.0,0.0,10300.0,1242,,New,0,,,,
1128,101,2,RSL/20-21/444,2021-03-28 00:00:00,2,102,RATAN JHA,"BBSR
",55339.81,0.0,55339.81,1660.2,0.0,57000.0,0,0.0,0,0.0,0.0,57000.0,1243,,New,0,,,,
1129,101,2,RSL/20-21/445,2021-03-30 00:00:00,2,102,T.ANSARI,"BBSR
",27184.47,0.0,27184.47,815.54,0.0,28000.0,0,0.0,0,0.0,0.0,28000.0,1244,,New,0,,,,
1130,101,2,RSL/20-21/446,2021-03-30 00:00:00,2,102,SOUMYA,"BBSR
",11650.49,0.0,11650.49,349.52,0.0,12000.0,0,0.0,0,0.0,0.0,12000.0,1245,,New,0,,,,
1131,101,3,RSL/21-22/1,2021-04-01 00:00:00,2,102,ANAM,"BBSR
",4563.11,0.0,4563.11,136.9,0.0,4700.0,0,0.0,0,0.0,0.0,4700.0,1246,,New,0,,,,
1132,101,3,RSL/21-22/2,2021-04-05 00:00:00,2,102,K.K.ROUTRAY,"BBSR
",16699.03,0.0,16699.03,500.98,0.0,17200.0,0,0.0,0,0.0,0.0,17200.0,1247,,New,0,,,,
1133,101,3,RSL/21-22/3,2021-04-05 00:00:00,2,102,BHABHINI,"BBSR
",19902.91,0.0,19902.91,597.08,0.0,20500.0,0,0.0,0,0.0,0.0,20500.0,1248,,New,0,,,,
1134,101,3,RSL/21-22/4,2021-04-06 00:00:00,2,102,S.DAS,"BBSR
",62135.92,0.0,62135.92,1864.08,0.0,64000.0,0,0.0,0,0.0,0.0,64000.0,1249,,New,0,,,,
1135,101,3,RSL/21-22/5,2021-04-06 00:00:00,2,102,P.K.SAU,"BBSR
",15533.98,0.0,15533.98,466.02,0.0,16000.0,0,0.0,0,0.0,0.0,16000.0,1250,,New,0,,,,
1136,101,3,RSL/21-22/6,2021-04-06 00:00:00,2,102,I.TRIPATHY,"BBSR
",2427.18,0.0,2427.18,72.82,0.0,2500.0,0,0.0,0,0.0,0.0,2500.0,1251,,New,0,,,,
1137,101,3,RSL/21-22/7,2021-04-07 00:00:00,2,102,P.BEHURY,"BBSR
",2038.83,0.0,2038.83,61.16,0.01,2099.99,0,0.0,0,0.0,0.0,2100.0,1252,,New,0,,,,
1138,101,3,RSL/21-22/8,2021-04-08 00:00:00,2,102,DIPIKA,"BBSR
",10679.61,0.0,10679.61,320.38,0.0,11000.0,0,0.0,0,0.0,0.0,11000.0,1253,,New,0,,,,
1139,101,3,RSL/21-22/9,2021-04-08 00:00:00,2,102,RAJESH,"BBSR
",2427.18,0.0,2427.18,72.82,0.0,2500.0,0,0.0,0,0.0,0.0,2500.0,1254,,New,0,,,,
1140,101,3,RSL/21-22/10,2021-04-09 00:00:00,2,102,J.JENA,"BBSR
",2427.18,0.0,2427.18,72.82,0.0,2500.0,0,0.0,0,0.0,0.0,2500.0,1255,,New,0,,,,
1141,101,3,RSL/21-22/11,2021-04-10 00:00:00,2,102,DIPAK,"BBSR
",6796.12,0.0,6796.12,203.88,0.0,7000.0,0,0.0,0,0.0,0.0,7000.0,1256,,New,0,,,,
1142,101,3,RSL/21-22/12,2021-04-11 00:00:00,2,102,SAILESH,"BBSR
",31067.96,0.0,31067.96,932.04,0.0,32000.0,0,0.0,0,0.0,0.0,32000.0,1257,,New,0,,,,
1143,101,3,RSL/21-22/13,2021-04-12 00:00:00,2,102,VAIBHAV,"
",2135.92,0.0,2135.92,64.08,0.0,2200.0,0,0.0,0,0.0,0.0,2200.0,1258,,New,0,,,,
1144,101,3,RSL/21-22/14,2021-04-13 00:00:00,2,102,RACHITA,"BBSR
",5825.24,0.0,5825.24,174.76,0.0,6000.0,0,0.0,0,0.0,0.0,6000.0,1259,,New,0,,,,
1145,101,3,RSL/21-22/15,2021-04-14 00:00:00,2,102,SARAT SAHOO,"BBSR
",30097.09,0.0,30097.09,902.92,0.0,31000.0,0,0.0,0,0.0,0.0,31000.0,1260,,New,0,,,,
1146,101,3,RSL/21-22/16,2021-04-15 00:00:00,2,102,DIPAK,"BBSR
",18446.6,0.0,18446.6,553.4,0.0,19000.0,0,0.0,0,0.0,0.0,19000.0,1261,,New,0,,,,
1147,101,3,RSL/21-22/17,2021-04-16 00:00:00,2,102,S.PRADHAN,"BBSR
",25533.98,0.0,25533.98,766.02,0.0,26300.0,0,0.0,0,0.0,0.0,26300.0,1262,,New,0,,,,
1148,101,3,RSL/21-22/18,2021-04-17 00:00:00,2,102,DILU,"BBSR
",29611.65,0.0,29611.65,888.34,0.0,30500.0,0,0.0,0,0.0,0.0,30500.0,1263,,New,0,,,,
1149,101,3,RSL/21-22/19,2021-04-18 00:00:00,2,102,BIJESH,"BBSR
",12621.36,0.0,12621.36,378.64,0.0,13000.0,0,0.0,0,0.0,0.0,13000.0,1264,,New,0,,,,
1150,101,3,RSL/21-22/20,2021-04-19 00:00:00,2,102,DILIP,"BBSR
",21844.66,0.0,21844.66,655.34,0.0,22500.0,0,0.0,0,0.0,0.0,22500.0,1265,,New,0,,,,
1151,101,3,RSL/21-22/21,2021-04-21 00:00:00,2,102,AMITA,"BBSR
",64369.41,0.0,64369.41,1931.08,-0.5,66300.5,0,0.0,0,0.0,0.0,66300.0,1269,,Modified,0,,,,
1152,101,3,RSL/21-22/22,2021-04-22 00:00:00,2,102,CHINMAYA,"BBSR
",100000.0,0.0,100000.0,3000.0,0.0,103000.0,0,0.0,0,0.0,0.0,103000.0,1268,,New,0,,,,
1153,101,3,RSL/21-22/23,2021-04-23 00:00:00,2,102,MANOJ,"BBSDR
",10582.52,0.0,10582.52,317.48,0.0,10900.0,0,0.0,0,0.0,0.0,10900.0,1270,,New,0,,,,
1154,101,3,RSL/21-22/24,2021-04-23 00:00:00,2,102,RAJESH PATTNAIK,"BBSR
",6990.29,0.0,6990.29,209.7,0.01,7199.99,0,0.0,0,0.0,0.0,7200.0,1272,,Modified,0,,,,
1155,101,3,RSL/21-22/25,2021-04-26 00:00:00,2,102,ASIS,"BBSR
",8737.86,0.0,8737.86,262.14,0.0,9000.0,0,0.0,0,0.0,0.0,9000.0,1273,,New,0,,,,
1156,101,3,RSL/21-22/26,2021-04-27 00:00:00,2,102,RAKESH,"BBSR
",23300.97,0.0,23300.97,699.02,0.0,24000.0,0,0.0,0,0.0,0.0,24000.0,1274,,New,0,,,,
1157,101,3,RSL/21-22/27,2021-04-30 00:00:00,2,102,RADHA RANI SAHOO,"BBSR
",28446.6,0.0,28446.6,853.4,0.0,29300.0,0,0.0,0,0.0,0.0,29300.0,1275,,New,0,,,,
1158,101,3,RSL/21-22/28,2021-04-30 00:00:00,2,102,BISWARANJAN,"BBSR
",24271.84,0.0,24271.84,728.16,0.0,25000.0,0,0.0,0,0.0,0.0,25000.0,1276,,New,0,,,,
1159,101,3,RSL/21-22/29,2021-04-30 00:00:00,2,102,TABARAK,"BBSR
",5825.24,0.0,5825.24,174.76,0.0,6000.0,0,0.0,0,0.0,0.0,6000.0,1277,,New,0,,,,
1160,101,3,RSL/21-22/30,2021-05-03 00:00:00,2,102,SASMITA,"
BBSR
",76456.31,0.0,76456.31,2293.68,0.0,78750.0,0,0.0,0,0.0,0.0,78750.0,1278,,New,0,,,,
1161,101,3,RSL/21-22/31,2021-05-03 00:00:00,2,102,LALA,"BBSR
",23786.41,0.0,23786.41,713.6,0.0,24500.0,0,0.0,0,0.0,0.0,24500.0,1279,,New,0,,,,
1162,101,3,RSL/21-22/32,2021-05-04 00:00:00,2,102,SATYABRATA,"BBSR
",22766.99,0.0,22766.99,683.0,0.0,23450.0,0,0.0,0,0.0,0.0,23450.0,1280,,New,0,,,,
1163,101,3,RSL/21-22/33,2021-05-04 00:00:00,2,102,LISA RANI,"
BBSR
",20388.35,0.0,20388.35,611.66,0.0,21000.0,0,0.0,0,0.0,0.0,21000.0,1281,,New,0,,,,
1164,101,3,RSL/21-22/34,2021-05-04 00:00:00,2,102,PRAMOD,"BBSR
",12912.62,0.0,12912.62,387.38,0.01,13299.99,0,0.0,0,0.0,0.0,13300.0,1282,,New,0,,,,
1165,101,3,RSL/21-22/35,2021-05-04 00:00:00,2,102,RANJAN,"BBSR
",2524.27,0.0,2524.27,75.72,0.0,2600.0,0,0.0,0,0.0,0.0,2600.0,1283,,New,0,,,,
1166,101,3,RSL/21-22/36,2021-06-21 00:00:00,2,102,SISIR,"BBSR

",53106.8,0.0,53106.8,1593.2,-0.01,54700.01,0,0.0,0,0.0,0.0,54700.0,1284,,New,0,,,,
1167,101,3,RSL/21-22/37,2021-06-23 00:00:00,2,102,C.MOHANTY,"BBSR

",2912.62,0.0,2912.62,87.38,0.0,3000.0,0,0.0,0,0.0,0.0,3000.0,1285,,New,0,,,,
1168,101,3,RSL/21-22/38,2021-06-23 00:00:00,2,102,PINKUN,"BBSR
",108640.78,0.0,108640.78,3259.22,0.0,111900.0,0,0.0,0,0.0,0.0,111900.0,1286,,New,0,,,,
1169,101,3,RSL/21-22/39,2021-06-23 00:00:00,2,102,ABHINASH,"BBSR
",144660.19,0.0,144660.19,4339.8,0.0,149000.0,0,0.0,0,0.0,0.0,149000.0,1287,,New,0,,,,
1170,101,3,RSL/21-22/40,2021-06-23 00:00:00,2,102,A.PARIDA,"BBSR
",66019.42,0.0,66019.42,1980.58,0.0,68000.0,0,0.0,0,0.0,0.0,68000.0,1288,,New,0,,,,
1171,101,3,RSL/21-22/41,2021-06-24 00:00:00,2,102,PINKUN,"BBSR
",15436.89,0.0,15436.89,463.1,0.0,15900.0,0,0.0,0,0.0,0.0,15900.0,1289,,New,0,,,,
1172,101,3,RSL/21-22/42,2021-06-24 00:00:00,2,102,RAGHUNATH PARIDA,"
BBSR
",52038.83,0.0,52038.83,1561.16,0.0,53600.0,0,0.0,0,0.0,0.0,53600.0,1290,,New,0,,,,
1173,101,3,RSL/21-22/43,2021-06-27 00:00:00,2,102,PRAKASH SWAIN,"BBSR
",13106.8,0.0,13106.8,393.2,0.0,13500.0,0,0.0,0,0.0,0.0,13500.0,1291,,New,0,,,,
1174,101,3,RSL/21-22/44,2021-06-27 00:00:00,2,102,PRAKASH,"BBSR
",10194.17,0.0,10194.17,305.82,0.0,10500.0,0,0.0,0,0.0,0.0,10500.0,1292,,New,0,,,,
1175,101,3,RSL/21-22/45,2021-06-28 00:00:00,2,102,RAJIV,"BBSR
",13592.23,0.0,13592.23,407.76,0.0,14000.0,0,0.0,0,0.0,0.0,14000.0,1293,,New,0,,,,
1176,101,3,RSL/21-22/46,2021-06-30 00:00:00,2,102,ASIM ACHARYA,"BBSR
",39320.39,0.0,39320.39,1179.62,0.0,40500.0,0,0.0,0,0.0,0.0,40500.0,1294,,New,0,,,,
1177,101,3,RSL/21-22/47,2021-07-01 00:00:00,2,102,JAYASHREE,"BBSR
",5825.24,0.0,5825.24,174.76,0.0,6000.0,0,0.0,0,0.0,0.0,6000.0,1295,,New,0,,,,
1178,101,3,RSL/21-22/48,2021-07-02 00:00:00,2,102,P.BASANTIA,"BBSR
",9708.73,0.0,9708.73,291.26,0.0,10000.0,0,0.0,0,0.0,0.0,10000.0,1296,,New,0,,,,
1179,101,3,RSL/21-22/49,2021-07-02 00:00:00,2,102,RAJESH,"BBSR
",20194.17,0.0,20194.17,605.82,0.0,20800.0,0,0.0,0,0.0,0.0,20800.0,1297,,New,0,,,,
1180,101,3,RSL/21-22/50,2021-07-05 00:00:00,2,102,GOVINDA,"BBSR
",33009.71,0.0,33009.71,990.3,0.0,34000.0,0,0.0,0,0.0,0.0,34000.0,1298,,New,0,,,,
1181,101,3,RSL/21-22/51,2021-07-06 00:00:00,2,102,RAVI,"BBSR
",13106.8,0.0,13106.8,393.2,0.0,13500.0,0,0.0,0,0.0,0.0,13500.0,1330,,Modified,0,,,,
1182,101,3,RSL/21-22/52,2021-07-07 00:00:00,2,102,RAKESH,"BBBSR
",21359.22,0.0,21359.22,640.78,0.0,22000.0,0,0.0,0,0.0,0.0,22000.0,1329,,Modified,0,,,,
1183,101,3,RSL/21-22/53,2021-07-08 00:00:00,2,102,G.PRADHAN,"BBSR
",172815.53,0.0,172815.53,5184.46,0.0,178000.0,0,0.0,0,0.0,0.0,178000.0,1326,,Modified,0,,,,
1184,101,3,RSL/21-22/54,2021-07-09 00:00:00,2,102,SUBRANSH,"BBSR
",24077.67,0.0,24077.67,722.34,0.0,24800.0,0,0.0,0,0.0,0.0,24800.0,1302,,New,0,,,,
1185,101,3,RSL/21-22/55,2021-07-19 00:00:00,2,102,KAMALINI PRADHAN,"BBSR
",16504.85,0.0,16504.85,495.14,0.0,17000.0,0,0.0,0,0.0,0.0,17000.0,1303,,New,0,,,,
1186,101,3,RSL/21-22/56,2021-07-20 00:00:00,2,102,RAKESH,"BBSR
",37815.15,0.0,37815.15,1134.46,0.4,38949.6,0,0.0,0,0.0,0.0,38950.0,1336,,Modified,0,,,,
1187,101,3,RSL/21-22/57,2021-07-21 00:00:00,2,102,SANJAY,"BBSR
",52912.62,0.0,52912.62,1587.38,0.0,54500.0,0,0.0,0,0.0,0.0,54500.0,1327,,Modified,0,,,,
1188,101,3,RSL/21-22/58,2021-07-22 00:00:00,2,102,DIPAK,"BBSR
",13980.58,0.0,13980.58,419.42,0.0,14400.0,0,0.0,0,0.0,0.0,14400.0,1331,,Modified,0,,,,
1189,101,3,RSL/21-22/59,2021-07-23 00:00:00,2,102,HAPPY,"BBSR
",533.98,0.0,533.98,16.02,0.0,550.0,0,0.0,0,0.0,0.0,550.0,1307,,New,0,,,,
1190,101,3,RSL/21-22/60,2021-07-26 00:00:00,2,102,SABYASACHI,"BBSR
",41262.14,0.0,41262.14,1237.86,0.0,42500.0,0,0.0,0,0.0,0.0,42500.0,1328,,Modified,0,,,,
1191,101,3,RSL/21-22/61,2021-07-27 00:00:00,2,102,KALPANA,"BBSR
",22815.53,0.0,22815.53,684.46,0.0,23500.0,0,0.0,0,0.0,0.0,23500.0,1309,,New,0,,,,
1192,101,3,RSL/21-22/62,2021-07-27 00:00:00,2,102,TAPASHI,"BBSR
",3009.71,0.0,3009.71,90.3,0.0,3100.0,0,0.0,0,0.0,0.0,3100.0,1310,,New,0,,,,
1193,101,3,RSL/21-22/63,2021-07-27 00:00:00,2,102,ROHIT,"BBSR
",3300.97,0.0,3300.97,99.02,0.0,3400.0,0,0.0,0,0.0,0.0,3400.0,1311,,New,0,,,,
1194,101,3,RSL/21-22/64,2021-07-28 00:00:00,2,102,RAHUL,"BBSR
",9223.3,0.0,9223.3,276.7,0.0,9500.0,0,0.0,0,0.0,0.0,9500.0,1312,,New,0,,,,
1195,101,3,RSL/21-22/65,2021-07-29 00:00:00,2,102,ARUP DHAR,"BBSR
",9805.83,0.0,9805.83,294.18,0.0,10100.0,0,0.0,0,0.0,0.0,10100.0,1313,,New,0,,,,
1196,101,3,RSL/21-22/66,2021-08-03 00:00:00,2,102,DIPALI,"BBSR
",19417.48,0.0,19417.48,582.52,0.0,20000.0,0,0.0,0,0.0,0.0,20000.0,1314,,New,0,,,,
1197,101,3,RSL/21-22/67,2021-08-04 00:00:00,2,102,SOUBHAGYA MOHANTY,"BBSR
",9708.74,0.0,9708.74,291.26,0.0,10000.0,0,0.0,0,0.0,0.0,10000.0,1315,,New,0,,,,
1198,101,3,RSL/21-22/68,2021-08-05 00:00:00,2,102,BUBU,"BBSR
",12621.36,0.0,12621.36,378.64,0.0,13000.0,0,0.0,0,0.0,0.0,13000.0,1316,,New,0,,,,
1199,101,3,RSL/21-22/69,2021-08-06 00:00:00,2,102,ASHIS,"BBSR
",776.7,0.0,776.7,23.3,0.0,800.0,0,0.0,0,0.0,0.0,800.0,1317,,New,0,,,,
1200,101,3,RSL/21-22/70,2021-08-06 00:00:00,2,102,SURESH,"BBSR
",100970.87,0.0,100970.87,3029.12,0.0,104000.0,0,0.0,0,0.0,0.0,104000.0,1318,,New,0,,,,
1201,101,3,RSL/21-22/71,2021-08-06 00:00:00,2,102,PAPUN,"BBSR
",1456.31,0.0,1456.31,43.68,0.0,1500.0,0,0.0,0,0.0,0.0,1500.0,1319,,New,0,,,,
1202,101,3,RSL/21-22/72,2021-08-09 00:00:00,2,102,SANTOSH,"BBSR
",2135.92,0.0,2135.92,64.08,0.0,2200.0,0,0.0,0,0.0,0.0,2200.0,1320,,New,0,,,,
1203,101,3,RSL/21-22/73,2021-08-10 00:00:00,2,102,V.SUNITA,"BBSR
",20825.24,0.0,20825.24,624.76,0.0,21450.0,0,0.0,0,0.0,0.0,21450.0,1321,,New,0,,,,
1204,101,3,RSL/21-22/74,2021-09-10 00:00:00,2,102,DEEPTI,"BBSR
",2621.36,0.0,2621.36,78.64,0.0,2700.0,0,0.0,0,0.0,0.0,2700.0,1322,,New,0,,,,
1205,101,3,RSL/21-22/75,2021-09-10 00:00:00,2,102,R.NAYAK,"BBSR
",30582.52,0.0,30582.52,917.48,0.0,31500.0,0,0.0,0,0.0,0.0,31500.0,1323,,New,0,,,,
1206,101,3,RSL/21-22/76,2021-09-10 00:00:00,2,102,H SAHOO,"BBSR
",13106.8,0.0,13106.8,393.2,0.0,13500.0,0,0.0,0,0.0,0.0,13500.0,1324,,New,0,,,,
1207,101,3,RSL/21-22/77,2021-09-10 00:00:00,2,102,S.GUPTA,"BBSR
",1359.22,0.0,1359.22,40.78,0.0,1400.0,0,0.0,0,0.0,0.0,1400.0,1325,,New,0,,,,
1208,101,3,RSL/21-22/78,2021-09-11 00:00:00,2,102,RAJESH,"BBSR
",4077.67,0.0,4077.67,122.34,0.0,4200.0,0,0.0,0,0.0,0.0,4200.0,1337,,New,0,,,,
1209,101,3,RSL/21-22/79,2021-09-12 00:00:00,2,102,CHANDAN,"BBSR
",9708.74,0.0,9708.74,291.26,0.0,10000.0,0,0.0,0,0.0,0.0,10000.0,1385,,Modified,0,,,,
1210,101,3,RSL/21-22/80,2021-09-13 00:00:00,2,102,SUNIL,"BBSR
",90291.26,0.0,90291.26,2708.74,0.0,93000.0,0,0.0,0,0.0,0.0,93000.0,1386,,Modified,0,,,,
1211,101,3,RSL/21-22/81,2021-09-14 00:00:00,2,102,T.DASH,"BBSR
",19417.48,0.0,19417.48,582.52,0.0,20000.0,0,0.0,0,0.0,0.0,20000.0,1387,,Modified,0,,,,
1212,101,3,RSL/21-22/82,2021-09-15 00:00:00,2,102,UJAL,"BBSR
",14563.11,0.0,14563.11,436.9,0.0,15000.0,0,0.0,0,0.0,0.0,15000.0,1341,,New,0,,,,
1213,101,3,RSL/21-22/83,2021-09-16 00:00:00,2,102,SRUTIKNT,"BBSR
",485.44,0.0,485.44,14.56,0.0,500.0,0,0.0,0,0.0,0.0,500.0,1342,,New,0,,,,
1214,101,3,RSL/21-22/84,2021-09-16 00:00:00,2,102,MANOJ,"BBSR
",184.47,0.0,184.47,5.54,0.0,190.0,0,0.0,0,0.0,0.0,190.0,1343,,New,0,,,,
1215,101,3,RSL/21-22/85,2021-09-17 00:00:00,2,102,RANJITA,"BBSR
",28155.34,0.0,28155.34,844.66,0.0,29000.0,0,0.0,0,0.0,0.0,29000.0,1344,,New,0,,,,
1216,101,3,RSL/21-22/86,2021-09-17 00:00:00,2,102,SAJJAN,"BBSR
",9223.3,0.0,9223.3,276.7,0.0,9500.0,0,0.0,0,0.0,0.0,9500.0,1345,,New,0,,,,
1217,101,3,RSL/21-22/87,2021-09-18 00:00:00,2,102,C SINGH,"BBSR
",19417.48,0.0,19417.48,582.52,0.0,20000.0,0,0.0,0,0.0,0.0,20000.0,1346,,New,0,,,,
1218,101,3,RSL/21-22/88,2021-09-19 00:00:00,2,102,S DASH,"BBSR
",242.72,0.0,242.72,7.28,0.0,250.0,0,0.0,0,0.0,0.0,250.0,1347,,New,0,,,,
1219,101,3,RSL/21-22/89,2021-09-20 00:00:00,2,102,RAJESH,"BBSR
",13252.63,0.0,13252.63,397.58,-0.21,13650.21,0,0.0,0,0.0,0.0,13650.0,1390,,Modified,0,,,,
1220,101,3,RSL/21-22/90,2021-09-21 00:00:00,2,102,P.SAHOO,"BBSR

",7621.36,0.0,7621.36,228.64,0.0,7850.0,0,0.0,0,0.0,0.0,7850.0,1389,,Modified,0,,,,
1221,101,3,RSL/21-22/91,2021-09-22 00:00:00,2,102,BRIJESH,"
BBSR
",19417.48,0.0,19417.48,582.52,0.0,20000.0,0,0.0,0,0.0,0.0,20000.0,1382,,Modified,0,,,,
1222,101,3,RSL/21-22/92,2021-09-23 00:00:00,2,102,LILI,"BBSR
",40776.7,0.0,40776.7,1223.3,0.0,42000.0,0,0.0,0,0.0,0.0,42000.0,1351,,New,0,,,,
1223,101,3,RSL/21-22/93,2021-09-23 00:00:00,2,102,VIKRAM,"BBSR
",2854.37,0.0,2854.37,85.64,0.0,2940.0,0,0.0,0,0.0,0.0,2940.0,1352,,New,0,,,,
1224,101,3,RSL/21-22/94,2021-09-23 00:00:00,2,102,RAJAT,"BBSR
",13009.71,0.0,13009.71,390.3,0.0,13400.0,0,0.0,0,0.0,0.0,13400.0,1353,,New,0,,,,
1225,101,3,RSL/21-22/95,2021-09-23 00:00:00,2,102,DEEPAK,"BBSR
",6310.68,0.0,6310.68,189.32,0.0,6500.0,0,0.0,0,0.0,0.0,6500.0,1354,,New,0,,,,
1226,101,3,RSL/21-22/96,2021-09-23 00:00:00,2,102,H SAHOO,"BBSR
",19417.48,0.0,19417.48,582.52,0.0,20000.0,0,0.0,0,0.0,0.0,20000.0,1355,,New,0,,,,
1227,101,3,RSL/21-22/97,2021-09-24 00:00:00,2,102,ASHA,"BBSR
",1456.31,0.0,1456.31,43.68,0.0,1500.0,0,0.0,0,0.0,0.0,1500.0,1356,,New,0,,,,
1228,101,3,RSL/21-22/98,2021-09-25 00:00:00,2,102,SANJAY,"BBSR
",63106.8,0.0,63106.8,1893.2,0.0,65000.0,0,0.0,0,0.0,0.0,65000.0,1381,,Modified,0,,,,
1229,101,3,RSL/21-22/99,2021-09-26 00:00:00,2,102,ASIS,"BBSR
",3883.5,0.0,3883.5,116.5,-0.01,4000.01,0,0.0,0,0.0,0.0,4000.0,1358,,New,0,,,,
1230,101,3,RSL/21-22/100,2021-09-27 00:00:00,2,102,DEBU,"BBSR
",15922.33,0.0,15922.33,477.66,0.0,16400.0,0,0.0,0,0.0,0.0,16400.0,1359,,New,0,,,,
1231,101,3,RSL/21-22/101,2021-09-28 00:00:00,2,102,H.SWAIN,"BBSR
",4951.46,0.0,4951.46,148.54,0.0,5100.0,0,0.0,0,0.0,0.0,5100.0,1360,,New,0,,,,
1232,101,3,RSL/21-22/102,2021-09-29 00:00:00,2,102,SUBASH,"BBSR
",6019.42,0.0,6019.42,180.58,0.0,6200.0,0,0.0,0,0.0,0.0,6200.0,1361,,New,0,,,,
1233,101,3,RSL/21-22/103,2021-09-30 00:00:00,2,102,ADITI,"BBSR
",2475.73,0.0,2475.73,74.28,0.0,2550.0,0,0.0,0,0.0,0.0,2550.0,1362,,New,0,,,,
1234,101,3,RSL/21-22/104,2021-09-30 00:00:00,2,102,DILU,"BBSR

",10000.0,0.0,10000.0,300.0,0.0,10300.0,0,0.0,0,0.0,0.0,10300.0,1363,,New,0,,,,
1235,101,3,RSL/21-22/105,2021-10-01 00:00:00,2,102,MITHILESH,"BBSR
",13106.8,0.0,13106.8,393.2,0.0,13500.0,0,0.0,0,0.0,0.0,13500.0,1364,,New,0,,,,
1236,101,3,RSL/21-22/106,2021-10-03 00:00:00,2,102,DIPAK,"BBSR
",1893.2,0.0,1893.2,56.8,0.0,1950.0,0,0.0,0,0.0,0.0,1950.0,1365,,New,0,,,,
1237,101,3,RSL/21-22/107,2021-10-04 00:00:00,2,102,SUBAS,"BBSR
",57281.55,0.0,57281.55,1718.44,0.0,59000.0,0,0.0,0,0.0,0.0,59000.0,1552,,Modified,0,,,,
1238,101,3,RSL/21-22/108,2021-10-05 00:00:00,2,102,NEERAJ,"BBSR
",10679.61,0.0,10679.61,320.38,0.0,11000.0,0,0.0,0,0.0,0.0,11000.0,1551,,Modified,0,,,,
1239,101,3,RSL/21-22/109,2021-10-06 00:00:00,2,102,SMRUTI,"BBSR
",16990.29,0.0,16990.29,509.7,0.0,17500.0,0,0.0,0,0.0,0.0,17500.0,1368,,New,0,,,,
1240,101,3,RSL/21-22/110,2021-10-07 00:00:00,2,102,RAKESH,"BBSR
",7572.82,0.0,7572.82,227.18,0.0,7800.0,0,0.0,0,0.0,0.0,7800.0,1369,,New,0,,,,
1241,101,3,RSL/21-22/111,2021-10-08 00:00:00,2,102,RANJIT,"BBSR
",12135.92,0.0,12135.92,364.08,0.0,12500.0,0,0.0,0,0.0,0.0,12500.0,1550,,Modified,0,,,,
1242,101,3,RSL/21-22/112,2021-10-09 00:00:00,2,102,MAMUNI,"BBSR
",82524.27,0.0,82524.27,2475.72,0.0,85000.0,0,0.0,0,0.0,0.0,85000.0,1549,,Modified,0,,,,
1243,101,3,RSL/21-22/113,2021-10-10 00:00:00,2,102,SAJJAN,"BBSR
",31067.96,0.0,31067.96,932.04,0.0,32000.0,0,0.0,0,0.0,0.0,32000.0,1372,,New,0,,,,
1244,101,3,RSL/21-22/114,2021-10-10 00:00:00,2,102,TAPAN,"BBSR
",13106.8,0.0,13106.8,393.2,0.0,13500.0,0,0.0,0,0.0,0.0,13500.0,1548,,Modified,0,,,,
1245,101,3,RSL/21-22/115,2021-10-10 00:00:00,2,102,ABDUL,"BBSR
",17961.17,0.0,17961.17,538.84,-0.01,18500.01,0,0.0,0,0.0,0.0,18500.0,1375,,New,0,,,,
1246,101,3,RSL/21-22/116,2021-10-10 00:00:00,2,102,PARVATI,"BBSR
",1359.22,0.0,1359.22,40.78,0.0,1400.0,0,0.0,0,0.0,0.0,1400.0,1376,,New,0,,,,
1247,101,3,RSL/21-22/117,2021-10-11 00:00:00,2,102,BINOD,"BBSR
",3378.64,0.0,3378.64,101.36,0.0,3480.0,0,0.0,0,0.0,0.0,3480.0,1377,,New,0,,,,
1248,101,3,RSL/21-22/118,2021-10-11 00:00:00,2,102,DIPIKA,"BBSR
",4854.37,0.0,4854.37,145.64,0.0,5000.0,0,0.0,0,0.0,0.0,5000.0,1378,,New,0,,,,
1249,101,3,RSL/21-22/119,2021-10-12 00:00:00,2,102,CHANDAN MOHANTY,"BBSR
",27669.9,0.0,27669.9,830.1,0.0,28500.0,0,0.0,0,0.0,0.0,28500.0,1379,,New,0,,,,
1250,101,3,RSL/21-22/120,2021-10-13 00:00:00,2,102,RANJITA,"BBSR
",14854.37,0.0,14854.37,445.64,0.0,15300.0,0,0.0,0,0.0,0.0,15300.0,1380,,New,0,,,,
1251,101,3,RSL/21-22/121,2021-10-14 00:00:00,2,102,LOKA,"BBSR
",7669.9,0.0,7669.9,230.1,0.0,7900.0,0,0.0,0,0.0,0.0,7900.0,1562,,Modified,0,,,,
1252,101,3,RSL/21-22/122,2021-10-14 00:00:00,2,102,SWAGTIKA,"BBSR
",873.79,0.0,873.79,26.22,0.0,900.0,0,0.0,0,0.0,0.0,900.0,1392,,New,0,,,,
1253,101,3,RSL/21-22/123,2021-10-14 00:00:00,2,102,S. MOHANTY,"BBSR
",48543.69,0.0,48543.69,1456.32,0.0,50000.0,0,0.0,0,0.0,0.0,50000.0,1393,,New,0,,,,
1254,101,3,RSL/21-22/124,2021-10-15 00:00:00,2,102,RAMESH,"BBSR
",11650.49,0.0,11650.49,349.52,0.0,12000.0,0,0.0,0,0.0,0.0,12000.0,1547,,Modified,0,,,,
1255,101,3,RSL/21-22/125,2021-10-18 00:00:00,2,102,MOHAMMAD,"BBSR
",13300.97,0.0,13300.97,399.02,0.0,13700.0,0,0.0,0,0.0,0.0,13700.0,1395,,New,0,,,,
1256,101,3,RSL/21-22/126,2021-10-19 00:00:00,2,102,ASHA,"BBSR
",48543.69,0.0,48543.69,1456.32,0.0,50000.0,0,0.0,0,0.0,0.0,50000.0,1555,,Modified,0,,,,
1257,101,3,RSL/21-22/127,2021-10-20 00:00:00,2,102,LOKA,"BBSR
",16504.85,0.0,16504.85,495.14,0.0,17000.0,0,0.0,0,0.0,0.0,17000.0,1397,,New,0,,,,
1258,101,3,RSL/21-22/128,2021-10-21 00:00:00,2,102,NIRMALYA,"BBSR
",52912.62,0.0,52912.62,1587.38,0.0,54500.0,0,0.0,0,0.0,0.0,54500.0,1561,,Modified,0,,,,
1259,101,3,RSL/21-22/129,2021-10-22 00:00:00,2,102,SWAGTIKA,"BBSR
",11650.49,0.0,11650.49,349.52,0.0,12000.0,0,0.0,0,0.0,0.0,12000.0,1560,,Modified,0,,,,
1260,101,3,RSL/21-22/130,2021-10-22 00:00:00,2,102,JAGA,"BBSR
",2718.45,0.0,2718.45,81.56,-0.01,2800.01,0,0.0,0,0.0,0.0,2800.0,1401,,Modified,0,,,,
1261,101,3,RSL/21-22/131,2021-10-22 00:00:00,2,102,CHANDAN ,"BBSR
",23300.97,0.0,23300.97,699.02,0.0,24000.0,0,0.0,0,0.0,0.0,24000.0,1554,,Modified,0,,,,
1262,101,3,RSL/21-22/132,2021-10-23 00:00:00,2,102,DIPAK,"BBSR
",19417.48,0.0,19417.48,582.52,0.0,20000.0,0,0.0,0,0.0,0.0,20000.0,1546,,Modified,0,,,,
1263,101,3,RSL/21-22/133,2021-10-24 00:00:00,2,102,B.PODAR,"BBSR
",2669.9,0.0,2669.9,80.1,0.0,2750.0,0,0.0,0,0.0,0.0,2750.0,1404,,New,0,,,,
1264,101,3,RSL/21-22/134,2021-10-24 00:00:00,2,102,SANJIT,"BBSR
",82524.27,0.0,82524.27,2475.72,0.0,85000.0,0,0.0,0,0.0,0.0,85000.0,1553,,Modified,0,,,,
1265,101,3,RSL/21-22/135,2021-10-25 00:00:00,2,102,NURSINGH,"BBSR
",9126.21,0.0,9126.21,273.78,0.0,9400.0,0,0.0,0,0.0,0.0,9400.0,1559,,Modified,0,,,,
1266,101,3,RSL/21-22/136,2021-10-26 00:00:00,2,102,RAMESH ROUT,"BBSR
",68737.86,0.0,68737.86,2062.14,0.0,70800.0,0,0.0,0,0.0,44000.0,26800.0,1408,,New,0,,,,
1267,101,3,RSL/21-22/137,2021-10-26 00:00:00,2,102,LOKA,"BBSR
",19708.74,0.0,19708.74,591.26,0.0,20300.0,0,0.0,0,0.0,0.0,20300.0,1558,,Modified,0,,,,
1268,101,3,RSL/21-22/138,2021-10-27 00:00:00,2,102,REHMAN,"BBSR
",12621.36,0.0,12621.36,378.64,0.0,13000.0,0,0.0,0,0.0,0.0,13000.0,1545,,Modified,0,,,,
1269,101,3,RSL/21-22/139,2021-10-28 00:00:00,2,102,DINESH,"BBSR
",1262.14,0.0,1262.14,37.86,0.0,1300.0,0,0.0,0,0.0,0.0,1300.0,1411,,New,0,,,,
1270,101,3,RSL/21-22/140,2021-10-29 00:00:00,2,102,TAPAN,"BBSR
",9611.65,0.0,9611.65,288.34,0.01,9899.99,0,0.0,0,0.0,0.0,9900.0,1413,,Modified,0,,,,
1271,101,3,RSL/21-22/141,2021-10-29 00:00:00,2,102,DIPAK,"BBSR
",1747.57,0.0,1747.57,52.42,0.01,1799.99,0,0.0,0,0.0,0.0,1800.0,1415,,Modified,0,,,,
1272,101,3,RSL/21-22/142,2021-10-29 00:00:00,2,102,RANJIT,"BBSR
",485.44,0.0,485.44,14.56,0.0,500.0,0,0.0,0,0.0,0.0,500.0,1557,,Modified,0,,,,
1273,101,3,RSL/21-22/143,2021-10-30 00:00:00,2,102,SUMAN MAYURI,"BBSR
",17961.17,0.0,17961.17,538.84,-0.01,18500.01,0,0.0,0,0.0,0.0,18500.0,1417,,New,0,,,,
1274,101,3,RSL/21-22/144,2021-10-31 00:00:00,2,102,SANJIT,"BBSR
",13592.23,0.0,13592.23,407.76,0.0,14000.0,0,0.0,0,0.0,0.0,14000.0,1556,,Modified,0,,,,
1275,101,3,RSL/21-22/145,2021-11-01 00:00:00,2,102,ARIF,"BBSR
",2330.1,0.0,2330.1,69.9,0.0,2400.0,0,0.0,0,0.0,0.0,2400.0,1420,,New,0,,,,
1276,101,3,RSL/21-22/146,2021-11-01 00:00:00,2,102,HITEN,"BBSR

",4563.11,0.0,4563.11,136.9,0.0,4700.0,0,0.0,0,0.0,0.0,4700.0,1421,,New,0,,,,
1277,101,3,RSL/21-22/147,2021-11-02 00:00:00,2,102,JAYA MALA,"BBSR
",776.7,0.0,776.7,23.3,0.0,800.0,0,0.0,0,0.0,0.0,800.0,1422,,New,0,,,,
1278,101,3,RSL/21-22/148,2021-11-02 00:00:00,2,102,ROHIT,"BBSR
",1844.66,0.0,1844.66,55.34,0.0,1900.0,0,0.0,0,0.0,0.0,1900.0,1423,,New,0,,,,
1279,101,3,RSL/21-22/149,2021-11-02 00:00:00,2,102,RAKESH,"BBSR
",1941.75,0.0,1941.75,58.26,0.0,2000.0,0,0.0,0,0.0,0.0,2000.0,1424,,New,0,,,,
1280,101,3,RSL/21-22/150,2021-11-02 00:00:00,2,102,SUDHIR,"BBSR
",776.7,0.0,776.7,23.3,0.0,800.0,0,0.0,0,0.0,0.0,800.0,1425,,New,0,,,,
1281,101,3,RSL/21-22/151,2021-11-02 00:00:00,2,102,BIJESH,"BBSR
",17766.99,0.0,17766.99,533.0,0.0,18300.0,0,0.0,0,0.0,0.0,18300.0,1426,,New,0,,,,
1282,101,3,RSL/21-22/152,2021-11-02 00:00:00,2,102,KRUSHNA,"BBSR
",388.35,0.0,388.35,11.66,0.0,400.0,0,0.0,0,0.0,0.0,400.0,1427,,New,0,,,,
1283,101,3,RSL/21-22/153,2021-11-02 00:00:00,2,102,PRABIR,"BBSR
",776.7,0.0,776.7,23.3,0.0,800.0,0,0.0,0,0.0,0.0,800.0,1428,,New,0,,,,
1284,101,3,RSL/21-22/154,2021-11-02 00:00:00,2,102,DILU,"BBSR
",776.7,0.0,776.7,23.3,0.0,800.0,0,0.0,0,0.0,0.0,800.0,1429,,New,0,,,,
1285,101,3,RSL/21-22/155,2021-11-02 00:00:00,2,102,SHREYA,"BBSR
",728.16,0.0,728.16,21.84,0.0,750.0,0,0.0,0,0.0,0.0,750.0,1430,,New,0,,,,
1286,101,3,RSL/21-22/156,2021-11-02 00:00:00,2,102,AMAN,"BBSR
",1456.31,0.0,1456.31,43.68,0.0,1500.0,0,0.0,0,0.0,0.0,1500.0,1431,,New,0,,,,
1287,101,3,RSL/21-22/157,2021-11-02 00:00:00,2,102,SUDHIR,"BBSR
",776.7,0.0,776.7,23.3,0.0,800.0,0,0.0,0,0.0,0.0,800.0,1432,,New,0,,,,
1288,101,3,RSL/21-22/158,2021-11-02 00:00:00,2,102,ITISHREE,"BBSR
",1359.22,0.0,1359.22,40.78,0.0,1400.0,0,0.0,0,0.0,0.0,1400.0,1433,,New,0,,,,
1289,101,3,RSL/21-22/159,2021-11-02 00:00:00,2,102,AISHA,"BBSR
",9708.74,0.0,9708.74,291.26,0.0,10000.0,0,0.0,0,0.0,0.0,10000.0,1434,,New,0,,,,
1290,101,3,RSL/21-22/160,2021-11-02 00:00:00,2,102,SASMITA,"BBSR
",3398.06,0.0,3398.06,101.94,0.0,3500.0,0,0.0,0,0.0,0.0,3500.0,1435,,New,0,,,,
1291,101,3,RSL/21-22/161,2021-11-02 00:00:00,2,102,K.NAYAK,"BBSR
",776.7,0.0,776.7,23.3,0.0,800.0,0,0.0,0,0.0,0.0,800.0,1436,,New,0,,,,
1292,101,3,RSL/21-22/162,2021-11-02 00:00:00,2,102,SANGEETA,"BBSR
",776.7,0.0,776.7,23.3,0.0,800.0,0,0.0,0,0.0,0.0,800.0,1437,,New,0,,,,
1293,101,3,RSL/21-22/163,2021-11-02 00:00:00,2,102,NURSINGH,"BBSR
",1456.31,0.0,1456.31,43.68,0.01,1499.99,0,0.0,0,0.0,0.0,1500.0,1439,,Modified,0,,,,
1294,101,3,RSL/21-22/164,2021-11-02 00:00:00,2,102,CARD,"BBSR
",1941.75,0.0,1941.75,58.26,-0.01,2000.01,0,0.0,0,0.0,0.0,2000.0,1441,,Modified,0,,,,
1295,101,3,RSL/21-22/165,2021-11-02 00:00:00,2,102,ARUN,"BBSR
",8737.86,0.0,8737.86,262.14,0.0,9000.0,0,0.0,0,0.0,0.0,9000.0,1442,,New,0,,,,
1296,101,3,RSL/21-22/166,2021-11-02 00:00:00,2,102,DINESH,"
BBSR
",13106.8,0.0,13106.8,393.2,0.0,13500.0,0,0.0,0,0.0,0.0,13500.0,1443,,New,0,,,,
1297,101,3,RSL/21-22/167,2021-11-02 00:00:00,2,102,CARD,"BBSR
",3203.88,0.0,3203.88,96.12,0.0,3300.0,0,0.0,0,0.0,0.0,3300.0,1444,,New,0,,,,
1298,101,3,RSL/21-22/168,2021-11-02 00:00:00,2,102,P.K.PATTNAIK,"BBSR
",104854.37,0.0,104854.37,3145.64,0.0,108000.0,0,0.0,0,0.0,0.0,108000.0,1445,,New,0,,,,
1299,101,3,RSL/21-22/169,2021-11-02 00:00:00,2,102,CARD,"BBSR
",4398.06,0.0,4398.06,131.94,0.0,4530.0,0,0.0,0,0.0,0.0,4530.0,1446,,New,0,,,,
1300,101,3,RSL/21-22/170,2021-11-02 00:00:00,2,102,M.KUMAR,"BBSR
",1650.49,0.0,1650.49,49.52,-0.01,1700.01,0,0.0,0,0.0,0.0,1700.0,1466,,Modified,0,,,,
1301,101,3,RSL/21-22/171,2021-11-02 00:00:00,2,102,CARD,"BBSR
",8349.51,0.0,8349.51,250.48,0.0,8600.0,0,0.0,0,0.0,0.0,8600.0,1448,,New,0,,,,
1302,101,3,RSL/21-22/172,2021-11-02 00:00:00,2,102,CARD,"BBSR
",1456.31,0.0,1456.31,43.68,0.0,1500.0,0,0.0,0,0.0,0.0,1500.0,1449,,New,0,,,,
1303,101,3,RSL/21-22/173,2021-11-02 00:00:00,2,102,CARD,"BBSR
",1456.31,0.0,1456.31,43.68,0.0,1500.0,0,0.0,0,0.0,0.0,1500.0,1450,,New,0,,,,
1304,101,3,RSL/21-22/174,2021-11-02 00:00:00,2,102,RAKESH,"BBSR
",19417.48,0.0,19417.48,582.52,0.0,20000.0,0,0.0,0,0.0,0.0,20000.0,1451,,New,0,,,,
1305,101,3,RSL/21-22/175,2021-11-02 00:00:00,2,102,CASH,"BBSR
",8737.86,0.0,8737.86,262.14,0.0,9000.0,0,0.0,0,0.0,0.0,9000.0,1453,,Modified,0,,,,
1306,101,3,RSL/21-22/176,2021-11-02 00:00:00,2,102,SOUMYA JENA,"BBSR
",19902.91,0.0,19902.91,597.08,0.01,20499.99,0,0.0,0,0.0,0.0,20500.0,1566,,Modified,0,,,,
1307,101,3,RSL/21-22/177,2021-11-02 00:00:00,2,102,SEKHAR,"BBSR
",16116.5,0.0,16116.5,483.5,0.0,16600.0,0,0.0,0,0.0,0.0,16600.0,1455,,New,0,,,,
1308,101,3,RSL/21-22/178,2021-11-02 00:00:00,2,102,TUSHAR,"BBSR
",16019.42,0.0,16019.42,480.58,0.0,16500.0,0,0.0,0,0.0,0.0,16500.0,1456,,New,0,,,,
1309,101,3,RSL/21-22/179,2021-11-03 00:00:00,2,102,GYANA RANJAN,"BBSR
",86407.78,0.0,86407.78,2592.24,0.0,89000.0,0,0.0,0,0.0,0.0,89000.0,1457,,New,0,,,,
1310,101,3,RSL/21-22/180,2021-11-03 00:00:00,2,102,CASH,"BBSR

",1456.31,0.0,1456.31,43.68,0.01,1499.99,0,0.0,0,0.0,0.0,1500.0,1459,,Modified,0,,,,
1311,101,3,RSL/21-22/181,2021-11-03 00:00:00,2,102,CARD,"BBSR
",1456.31,0.0,1456.31,43.68,0.0,1500.0,0,0.0,0,0.0,0.0,1500.0,1460,,New,0,,,,
1312,101,3,RSL/21-22/182,2021-11-03 00:00:00,2,102,CARD,"BBSR
",6893.2,0.0,6893.2,206.8,0.0,7100.0,0,0.0,0,0.0,0.0,7100.0,1461,,New,0,,,,
1313,101,3,RSL/21-22/183,2021-11-03 00:00:00,2,102,CARD,"BBSR
",776.7,0.0,776.7,23.3,0.0,800.0,0,0.0,0,0.0,0.0,800.0,1462,,New,0,,,,
1314,101,3,RSL/21-22/184,2021-11-03 00:00:00,2,102,CARD,"BBSR
",96116.5,0.0,96116.5,2883.5,0.0,99000.0,0,0.0,0,0.0,0.0,99000.0,1464,,Modified,0,,,,
1315,101,3,RSL/21-22/185,2021-11-03 00:00:00,2,102,SURYAKANTA MAHAPATRA,"BBSR
",2912.62,0.0,2912.62,87.38,0.0,3000.0,0,0.0,0,0.0,0.0,3000.0,1465,,New,0,,,,
1316,101,3,RSL/21-22/186,2021-11-03 00:00:00,2,102,BIPIN,"BBSR
",631.07,0.0,631.07,18.94,-0.01,650.01,0,0.0,0,0.0,0.0,650.0,1468,,Modified,0,,,,
1317,101,3,RSL/21-22/187,2021-11-03 00:00:00,2,102,AJIT,"BBSR
",776.7,0.0,776.7,23.3,0.0,800.0,0,0.0,0,0.0,0.0,800.0,1469,,New,0,,,,
1318,101,3,RSL/21-22/188,2021-11-03 00:00:00,2,102,SUMANT,"BBSR
",1456.31,0.0,1456.31,43.68,0.0,1500.0,0,0.0,0,0.0,0.0,1500.0,1470,,New,0,,,,
1319,101,3,RSL/21-22/189,2021-11-03 00:00:00,2,102,KALINGA,"BBSR
",40776.7,0.0,40776.7,1223.3,0.0,42000.0,0,0.0,0,0.0,0.0,42000.0,1471,,New,0,,,,
1320,101,3,RSL/21-22/190,2021-11-03 00:00:00,2,102,SUBHRAT,"BBSR
",5339.81,0.0,5339.81,160.2,0.0,5500.0,0,0.0,0,0.0,0.0,5500.0,1472,,New,0,,,,
1321,101,3,RSL/21-22/191,2021-11-03 00:00:00,2,102,SANJAY,"BBSR
",20388.35,0.0,20388.35,611.66,0.0,21000.0,0,0.0,0,0.0,0.0,21000.0,1473,,New,0,,,,
1322,101,3,RSL/21-22/192,2021-11-03 00:00:00,2,102,DIMPLE,"BBSR
",8737.86,0.0,8737.86,262.14,0.0,9000.0,0,0.0,0,0.0,0.0,9000.0,1474,,New,0,,,,
1323,101,3,RSL/21-22/193,2021-11-03 00:00:00,2,102,MANJU,"BBSR
",18932.04,0.0,18932.04,567.96,0.0,19500.0,0,0.0,0,0.0,0.0,19500.0,1475,,New,0,,,,
1324,101,3,RSL/21-22/194,2021-11-04 00:00:00,2,102,CHANDAN,"BBSR
",27669.9,0.0,27669.9,830.1,0.0,28500.0,0,0.0,0,0.0,0.0,28500.0,1476,,New,0,,,,
1325,101,3,RSL/21-22/195,2021-11-04 00:00:00,2,102,BHARAT,"BBSR
",1456.31,0.0,1456.31,43.68,0.0,1500.0,0,0.0,0,0.0,0.0,1500.0,1477,,New,0,,,,
1326,101,3,RSL/21-22/196,2021-11-04 00:00:00,2,102,RAJESH,"BBSR
",17475.73,0.0,17475.73,524.28,0.0,18000.0,0,0.0,0,0.0,0.0,18000.0,1478,,New,0,,,,
1327,101,3,RSL/21-22/197,2021-11-04 00:00:00,2,102,RUBY,"BBSR
",24271.84,0.0,24271.84,728.16,0.0,25000.0,0,0.0,0,0.0,0.0,25000.0,1479,,New,0,,,,
1328,101,3,RSL/21-22/198,2021-11-05 00:00:00,2,102,RATAN,"BBSR
",20679.61,0.0,20679.61,620.38,0.0,21300.0,0,0.0,0,0.0,0.0,21300.0,1567,,Modified,0,,,,
1329,101,3,RSL/21-22/199,2021-11-06 00:00:00,2,102,DIBYA,"BBSR
",5436.89,0.0,5436.89,163.1,0.0,5600.0,0,0.0,0,0.0,0.0,5600.0,1481,,New,0,,,,
1330,101,3,RSL/21-22/200,2021-11-07 00:00:00,2,102,SUBAS,"BBSR
",11553.4,0.0,11553.4,346.6,0.0,11900.0,0,0.0,0,0.0,0.0,11900.0,1482,,New,0,,,,
1331,101,3,RSL/21-22/201,2021-11-07 00:00:00,2,102,CHANDAN,"BBSR
",3786.41,0.0,3786.41,113.6,0.0,3900.0,0,0.0,0,0.0,0.0,3900.0,1483,,New,0,,,,
1332,101,3,RSL/21-22/202,2021-11-08 00:00:00,2,102,PRIYANKA,"BBSR
",19029.13,0.0,19029.13,570.88,0.0,19600.0,0,0.0,0,0.0,0.0,19600.0,1484,,New,0,,,,
1333,101,3,RSL/21-22/203,2021-11-08 00:00:00,2,102,H.SAHOO,"BBSR
",32524.27,0.0,32524.27,975.72,0.0,33500.0,0,0.0,0,0.0,0.0,33500.0,1565,,Modified,0,,,,
1334,101,3,RSL/21-22/204,2021-11-08 00:00:00,2,102,RITESH,"BBSR
",19417.48,0.0,19417.48,582.52,0.0,20000.0,0,0.0,0,0.0,0.0,20000.0,1486,,New,0,,,,
1335,101,3,RSL/21-22/205,2021-11-09 00:00:00,2,102,CHETAN,"BBSR
",72815.53,0.0,72815.53,2184.46,0.0,75000.0,0,0.0,0,0.0,0.0,75000.0,1568,,Modified,0,,,,
1336,101,3,RSL/21-22/206,2021-11-10 00:00:00,2,102,RAVI,"BBSR
",8737.86,0.0,8737.86,262.14,0.0,9000.0,0,0.0,0,0.0,0.0,9000.0,1564,,Modified,0,,,,
1337,101,3,RSL/21-22/207,2021-11-11 00:00:00,2,102,SWAYAM,"BBSR
",5339.81,0.0,5339.81,160.2,0.0,5500.0,0,0.0,0,0.0,0.0,5500.0,1489,,New,0,,,,
1338,101,3,RSL/21-22/208,2021-11-12 00:00:00,2,102,JAGA,"BBSR
",38834.95,0.0,38834.95,1165.04,0.0,40000.0,0,0.0,0,0.0,0.0,40000.0,1490,,New,0,,,,
1339,101,3,RSL/21-22/209,2021-11-13 00:00:00,2,102,SANJAY KUMAR,"BBSR
",14563.11,0.0,14563.11,436.9,0.0,15000.0,0,0.0,0,0.0,0.0,15000.0,1491,,New,0,,,,
1340,101,3,RSL/21-22/210,2021-11-14 00:00:00,2,102,PRABHUDUTTA,"BBSR
",1553.4,0.0,1553.4,46.6,0.0,1600.0,0,0.0,0,0.0,0.0,1600.0,1492,,New,0,,,,
1341,101,3,RSL/21-22/211,2021-11-15 00:00:00,2,102,B.MISHRA,"BBSR

",43689.32,0.0,43689.32,1310.68,0.0,45000.0,0,0.0,0,0.0,0.0,45000.0,1493,,New,0,,,,
1342,101,3,RSL/21-22/212,2021-11-16 00:00:00,2,102,KISAN KUMAR,"BBSR
",27184.47,0.0,27184.47,815.54,0.0,28000.0,0,0.0,0,0.0,0.0,28000.0,1494,,New,0,,,,
1343,101,3,RSL/21-22/213,2021-11-16 00:00:00,2,102,RATI RANJAN,"BBSR
",728.16,0.0,728.16,21.84,0.0,750.0,0,0.0,0,0.0,0.0,750.0,1495,,New,0,,,,
1344,101,3,RSL/21-22/214,2021-11-17 00:00:00,2,102,B MARTHA,"BBSR
",85436.89,0.0,85436.89,2563.1,0.0,88000.0,0,0.0,0,0.0,0.0,88000.0,1496,,New,0,,,,
1345,101,3,RSL/21-22/215,2021-11-17 00:00:00,2,102,BADAL,"BBSR
",20388.35,0.0,20388.35,611.66,0.0,21000.0,0,0.0,0,0.0,0.0,21000.0,1569,,Modified,0,,,,
1346,101,3,RSL/21-22/216,2021-11-18 00:00:00,2,102,NIRMALYA,"BBSR
",41747.57,0.0,41747.57,1252.42,0.0,43000.0,0,0.0,0,0.0,0.0,43000.0,1563,,Modified,0,,,,
1347,101,3,RSL/21-22/217,2021-11-19 00:00:00,2,102,RABINDRA,"BBSR
",1262.14,0.0,1262.14,37.86,0.0,1300.0,0,0.0,0,0.0,0.0,1300.0,1499,,New,0,,,,
1348,101,3,RSL/21-22/218,2021-11-20 00:00:00,2,102,BASANT,"BBSR
",145.63,0.0,145.63,4.36,0.01,149.99,0,0.0,0,0.0,0.0,150.0,1501,,Modified,0,,,,
1349,101,3,RSL/21-22/219,2021-11-20 00:00:00,2,102,SIDHANT,"BBSR
",4368.93,0.0,4368.93,131.06,0.0,4500.0,0,0.0,0,0.0,0.0,4500.0,1502,,New,0,,,,
1350,101,3,RSL/21-22/220,2021-11-21 00:00:00,2,102,RADHIKA,"BBSR
",29126.22,0.0,29126.22,873.78,0.0,30000.0,0,0.0,0,0.0,0.0,30000.0,1503,,New,0,,,,
1351,101,3,RSL/21-22/221,2021-11-22 00:00:00,2,102,RANJITA,"BBSR
",16310.68,0.0,16310.68,489.32,0.0,16800.0,0,0.0,0,0.0,0.0,16800.0,1504,,New,0,,,,
1352,101,3,RSL/21-22/222,2021-11-23 00:00:00,2,102,GHANSHYAM,"BBSR
",14563.11,0.0,14563.11,436.9,0.0,15000.0,0,0.0,0,0.0,0.0,15000.0,1570,,Modified,0,,,,
1353,101,3,RSL/21-22/223,2021-11-23 00:00:00,2,102,ABHIMANYU PRADHAN,"BBSR
",66019.42,0.0,66019.42,1980.58,0.0,68000.0,0,0.0,0,0.0,0.0,68000.0,1506,,New,0,,,,
1354,101,3,RSL/21-22/224,2021-11-23 00:00:00,2,102,ABHIJEET,"BBSR
",6796.12,0.0,6796.12,203.88,0.0,7000.0,0,0.0,0,0.0,0.0,7000.0,1507,,New,0,,,,
1355,101,3,RSL/21-22/225,2021-11-24 00:00:00,2,102,S.A.C.DECOR,"BBSR
",37378.64,0.0,37378.64,1121.36,0.0,38500.0,0,0.0,0,0.0,0.0,38500.0,1508,,New,0,,21bsgps8082m1z6,,
1356,101,3,RSL/21-22/226,2021-11-25 00:00:00,2,102,GULU,"BBSR
",22427.0,0.0,22427.0,672.82,0.19,23099.81,0,0.0,0,0.0,0.0,23100.0,1576,,Modified,0,,,,
1357,101,3,RSL/21-22/227,2021-11-26 00:00:00,2,102,SUNHASHREE,"BBSR
",20388.35,0.0,20388.35,611.66,-0.01,21000.01,0,0.0,0,0.0,0.0,21000.0,1511,,Modified,0,,,,
1358,101,3,RSL/21-22/228,2021-11-27 00:00:00,2,102,URMILA,"BBSR
",12621.36,0.0,12621.36,378.64,0.0,13000.0,0,0.0,0,0.0,0.0,13000.0,1512,,New,0,,,,
1359,101,3,RSL/21-22/229,2021-11-28 00:00:00,2,102,PRIYANKA,"BBSR
",20388.22,0.0,20388.22,611.64,0.14,20999.86,0,0.0,0,0.0,0.0,21000.0,1513,,New,0,,,,
1360,101,3,RSL/21-22/230,2021-11-28 00:00:00,2,102,ANAMAYEE,"BBSR
",45631.07,0.0,45631.07,1368.94,0.0,47000.0,0,0.0,0,0.0,0.0,47000.0,1573,,Modified,0,,,,
1361,101,3,RSL/21-22/231,2021-11-29 00:00:00,2,102,J.DAS,"BBSR
",7135.92,0.0,7135.92,214.08,0.0,7350.0,0,0.0,0,0.0,0.0,7350.0,1516,,New,0,,,,
1362,101,3,RSL/21-22/232,2021-11-30 00:00:00,2,102,D.JHA,"BBSR
",15242.72,0.0,15242.72,457.28,0.0,15700.0,0,0.0,0,0.0,0.0,15700.0,1517,,New,0,,,,
1363,101,3,RSL/21-22/233,2021-11-30 00:00:00,2,102,AVISEK,"BBSR
",9126.21,0.0,9126.21,273.78,0.0,9400.0,0,0.0,0,0.0,0.0,9400.0,1518,,New,0,,,,
1364,101,3,RSL/21-22/234,2021-11-30 00:00:00,2,102,DINESH,"BBSR
",27669.9,0.0,27669.9,830.1,0.0,28500.0,0,0.0,0,0.0,0.0,28500.0,1572,,Modified,0,,,,
1365,101,3,RSL/21-22/235,2021-12-01 00:00:00,2,102,SAURAV,"BBSR
",12135.92,0.0,12135.92,364.08,0.0,12500.0,0,0.0,0,0.0,0.0,12500.0,1631,,Modified,0,,,,
1366,101,3,RSL/21-22/236,2021-12-02 00:00:00,2,102,JENSON,"BBSR
",2912.62,0.0,2912.62,87.38,0.0,3000.0,0,0.0,0,0.0,0.0,3000.0,1521,,New,0,,,,
1367,101,3,RSL/21-22/237,2021-12-03 00:00:00,2,102,PRAFULA,"BBSR
",18446.6,0.0,18446.6,553.4,0.0,19000.0,0,0.0,0,0.0,0.0,19000.0,1522,,New,0,,,,
1368,101,3,RSL/21-22/238,2021-12-04 00:00:00,2,102,ALENA,"BBSR
",30873.61,0.0,30873.61,926.2,0.18,31799.82,0,0.0,0,0.0,0.0,31800.0,1523,,New,0,,,,
1369,101,3,RSL/21-22/239,2021-12-05 00:00:00,2,102,RAKESH,"BBSR
",1456.31,0.0,1456.31,43.68,0.0,1500.0,0,0.0,0,0.0,0.0,1500.0,1524,,New,0,,,,
1370,101,3,RSL/21-22/240,2021-12-06 00:00:00,2,102,RAKESH,"BBSR
",24271.84,0.0,24271.84,728.16,0.0,25000.0,0,0.0,0,0.0,0.0,25000.0,1525,,New,0,,,,
1371,101,3,RSL/21-22/241,2021-12-06 00:00:00,2,102,ABHAY,"BBSR
",26504.85,0.0,26504.85,795.14,0.0,27300.0,0,0.0,0,0.0,0.0,27300.0,1526,,New,0,,,,
1372,101,3,RSL/21-22/242,2021-12-07 00:00:00,2,102,T.GHOSH,"BBSR
",8737.86,0.0,8737.86,262.14,0.0,9000.0,0,0.0,0,0.0,0.0,9000.0,1527,,New,0,,,,
1373,101,3,RSL/21-22/243,2021-12-07 00:00:00,2,102,RASMITA,"BBSR
",1650.49,0.0,1650.49,49.52,0.0,1700.0,0,0.0,0,0.0,0.0,1700.0,1528,,New,0,,,,
1374,101,3,RSL/21-22/244,2021-12-07 00:00:00,2,102,PRADIP,"BBSR
",1456.31,0.0,1456.31,43.68,0.0,1500.0,0,0.0,0,0.0,0.0,1500.0,1529,,New,0,,,,
1375,101,3,RSL/21-22/245,2021-12-07 00:00:00,2,102,A.BAL,"BBSR
",4368.93,0.0,4368.93,131.06,0.0,4500.0,0,0.0,0,0.0,0.0,4500.0,1530,,New,0,,,,
1376,101,3,RSL/21-22/246,2021-12-08 00:00:00,2,102,SMRUTI,"BBSR
",25242.72,0.0,25242.72,757.28,0.0,26000.0,0,0.0,0,0.0,0.0,26000.0,1531,,New,0,,,,
1377,101,3,RSL/21-22/247,2021-12-08 00:00:00,2,102,K.PARIJA,"BBSR
",6310.68,0.0,6310.68,189.32,0.0,6500.0,0,0.0,0,0.0,0.0,6500.0,1532,,New,0,,,,
1378,101,3,RSL/21-22/248,2021-12-09 00:00:00,2,102,TARUN,"BBSR
",80582.52,0.0,80582.52,2417.48,0.0,83000.0,0,0.0,0,0.0,0.0,83000.0,1632,,Modified,0,,,,
1379,101,3,RSL/21-22/249,2021-12-10 00:00:00,2,102,LIMA,"BBSR
",55339.81,0.0,55339.81,1660.2,-0.01,57000.01,0,0.0,0,0.0,0.0,57000.0,1536,,Modified,0,,,,
1380,101,3,RSL/21-22/250,2021-12-10 00:00:00,2,102,ISHAN PATTNAIK,"BBSR
",35631.07,0.0,35631.07,1068.94,0.0,36700.0,0,0.0,0,0.0,0.0,36700.0,1633,,Modified,0,,,,
1381,101,3,RSL/21-22/251,2021-12-10 00:00:00,2,102,P.PRUSTY,"BBSR
",2912.62,0.0,2912.62,87.38,0.0,3000.0,0,0.0,0,0.0,0.0,3000.0,1537,,New,0,,,,
1382,101,3,RSL/21-22/252,2021-12-11 00:00:00,2,102,PINKUN,"BBSR
",9223.3,0.0,9223.3,276.7,0.0,9500.0,0,0.0,0,0.0,0.0,9500.0,1538,,New,0,,,,
1383,101,3,RSL/21-22/253,2021-12-11 00:00:00,2,102,RANJIT,"BBSR
",8252.43,0.0,8252.43,247.58,0.0,8500.0,0,0.0,0,0.0,0.0,8500.0,1539,,New,0,,,,
1384,101,3,RSL/21-22/254,2021-12-12 00:00:00,2,102,RAKESH,"BBSR
",15533.98,0.0,15533.98,466.02,0.0,16000.0,0,0.0,0,0.0,0.0,16000.0,1540,,New,0,,,,
1385,101,3,RSL/21-22/255,2021-12-12 00:00:00,2,102,SOUMYA JENA,"BBSR
",60194.18,0.0,60194.18,1805.82,0.0,62000.0,0,0.0,0,0.0,0.0,62000.0,1541,,New,0,,,,
1386,101,3,RSL/21-22/256,2021-12-13 00:00:00,2,102,PARTAP,"BBSR
",14077.67,0.0,14077.67,422.34,0.0,14500.0,0,0.0,0,0.0,0.0,14500.0,1542,,New,0,,,,
1387,101,3,RSL/21-22/257,2021-12-13 00:00:00,2,102,NITESH BBSR,"BBSR

",582.52,0.0,582.52,17.48,0.0,600.0,0,0.0,0,0.0,0.0,600.0,1543,,New,0,,,,
1388,101,3,RSL/21-22/258,2021-12-14 00:00:00,2,102,ABHAY,"BBSR
",4854.37,0.0,4854.37,145.64,-0.01,5000.01,0,0.0,0,0.0,0.0,5000.0,1580,,Modified,0,,,,
1389,101,3,RSL/21-22/259,2021-12-14 00:00:00,2,102,PRADIP BISWAL,"BBSR
",12427.18,0.0,12427.18,372.82,0.0,12800.0,0,0.0,0,0.0,0.0,12800.0,1577,,New,0,,,,
1390,101,3,RSL/21-22/260,2021-12-14 00:00:00,2,102,ARMAN,"BBSR
",21165.05,0.0,21165.05,634.96,0.0,21800.0,0,0.0,0,0.0,0.0,21800.0,1578,,New,0,,,,
1391,101,3,RSL/21-22/261,2021-12-14 00:00:00,2,102,BIKRAM,"BBSR
",103883.5,0.0,103883.5,3116.5,0.0,107000.0,0,0.0,0,0.0,0.0,107000.0,1579,,New,0,,,,
1392,101,3,RSL/21-22/262,2021-12-15 00:00:00,2,102,RAKESH NAYAK,"BBSR
",1893.2,0.0,1893.2,56.8,0.0,1950.0,0,0.0,0,0.0,0.0,1950.0,1581,,New,0,,,,
1393,101,3,RSL/21-22/263,2021-12-16 00:00:00,2,102,P.DUTTA,"BBSR
",18446.6,0.0,18446.6,553.4,0.0,19000.0,0,0.0,0,0.0,0.0,19000.0,1582,,New,0,,,,
1394,101,3,RSL/21-22/264,2021-12-17 00:00:00,2,102,FIROZ BAIG,"BBSR
",2912.62,0.0,2912.62,87.38,0.0,3000.0,0,0.0,0,0.0,0.0,3000.0,1583,,New,0,,,,
1395,101,3,RSL/21-22/265,2021-12-18 00:00:00,2,102,BILAS DAS,"BBSR
",14563.11,0.0,14563.11,436.9,0.0,15000.0,0,0.0,0,0.0,0.0,15000.0,1634,,Modified,0,,,,
1396,101,3,RSL/21-22/266,2021-12-19 00:00:00,2,102,GAUTAM SWAIN,"BBSR
",9708.74,0.0,9708.74,291.26,0.0,10000.0,0,0.0,0,0.0,0.0,10000.0,1585,,New,0,,,,
1397,101,3,RSL/21-22/267,2021-12-20 00:00:00,2,102,LOKA,"BBSR
",68932.04,0.0,68932.04,2067.96,0.0,71000.0,0,0.0,0,0.0,0.0,71000.0,1586,,New,0,,,,
1398,101,3,RSL/21-22/268,2021-12-20 00:00:00,2,102,SRIKANT,"BBSR
",1262.14,0.0,1262.14,37.86,0.0,1300.0,0,0.0,0,0.0,0.0,1300.0,1587,,New,0,,,,
1399,101,3,RSL/21-22/269,2021-12-21 00:00:00,2,102,KABULI NAYAK,"BBSR
",19223.3,0.0,19223.3,576.7,0.0,19800.0,0,0.0,0,0.0,0.0,19800.0,1588,,New,0,,,,
1400,101,3,RSL/21-22/270,2021-12-21 00:00:00,2,102,RITESH DAS,"BBSR
",7961.17,0.0,7961.17,238.84,-0.01,8200.01,0,0.0,0,0.0,0.0,8200.0,1589,,New,0,,,,
1401,101,3,RSL/21-22/271,2021-12-22 00:00:00,2,102,ISHA SHOSH,"BBSR
",9902.91,0.0,9902.91,297.08,0.0,10200.0,0,0.0,0,0.0,0.0,10200.0,1590,,New,0,,,,
1402,101,3,RSL/21-22/272,2021-12-23 00:00:00,2,102,NANDITA DAS,"BBSR
",9514.56,0.0,9514.56,285.44,0.0,9800.0,0,0.0,0,0.0,0.0,9800.0,1635,,Modified,0,,,,
1403,101,3,RSL/21-22/273,2021-12-23 00:00:00,2,102,RANJIT SAHOO,"BBSR
",14563.11,0.0,14563.11,436.9,0.0,15000.0,0,0.0,0,0.0,0.0,15000.0,1592,,New,0,,,,
1404,101,3,RSL/21-22/274,2021-12-24 00:00:00,2,102,LIMA,"BBSR
",19903.3,0.0,19903.3,597.1,-0.4,20500.4,0,0.0,0,0.0,0.0,20500.0,2039,,Modified,0,,,,
1405,101,3,RSL/21-22/275,2021-12-25 00:00:00,2,102,NOORSINGH BEHERA,"BBSR
",21262.14,0.0,21262.14,637.86,0.0,21900.0,0,0.0,0,0.0,0.0,21900.0,2037,,Modified,0,,,,
1406,101,3,RSL/21-22/276,2021-12-26 00:00:00,2,102,BHUSAN SINGH,"BBSR
",32427.18,0.0,32427.18,972.82,0.0,33400.0,0,0.0,0,0.0,0.0,33400.0,2036,,Modified,0,,,,
1407,101,3,RSL/21-22/277,2021-12-27 00:00:00,2,102,SUJIT SWAIN,"BBSER
",18446.6,0.0,18446.6,553.4,0.0,19000.0,0,0.0,0,0.0,0.0,19000.0,1596,,New,0,,,,
1408,101,3,RSL/21-22/278,2022-01-27 00:00:00,2,102,R.KHATEI,"BBSR
",3106.8,0.0,3106.8,93.2,0.0,3200.0,0,0.0,0,0.0,0.0,3200.0,1597,,New,0,,,,
1409,101,3,RSL/21-22/279,2021-12-28 00:00:00,2,102,SUSMITA SAHOO,"BBSR
",38834.95,0.0,38834.95,1165.04,0.0,40000.0,0,0.0,0,0.0,0.0,40000.0,1598,,New,0,,,,
1410,101,3,RSL/21-22/280,2021-12-29 00:00:00,2,102,PRIYANKA,"BBSR
",8252.43,0.0,8252.43,247.58,0.0,8500.0,0,0.0,0,0.0,0.0,8500.0,1599,,New,0,,,,
1411,101,3,RSL/21-22/281,2021-12-30 00:00:00,2,102,SANJAY SWAIN,"BBSR

",126213.59,0.0,126213.59,3786.4,0.0,130000.0,0,0.0,0,0.0,0.0,130000.0,1630,,Modified,0,,,,
1412,101,3,RSL/21-22/282,2021-12-31 00:00:00,2,102,DEEOTI DAS,"BBSR
",113592.23,0.0,113592.23,3407.76,0.0,117000.0,0,0.0,0,0.0,0.0,117000.0,1629,,Modified,0,,,,
1413,101,3,RSL/21-22/283,2022-01-01 00:00:00,2,102,MAITI DAS,"
",17378.64,0.0,17378.64,521.36,0.0,17900.0,0,0.0,0,0.0,0.0,17900.0,1602,,New,0,,,,
1414,101,3,RSL/21-22/284,2022-01-02 00:00:00,2,102,NIVEDITA DAS,"BBSR
",4563.11,0.0,4563.11,136.9,0.0,4700.0,0,0.0,0,0.0,0.0,4700.0,1603,,New,0,,,,
1415,101,3,RSL/21-22/285,2022-01-03 00:00:00,2,102,GOBINDA DAS,"
",1796.12,0.0,1796.12,53.88,0.0,1850.0,0,0.0,0,0.0,0.0,1850.0,1604,,New,0,,,,
1416,101,3,RSL/21-22/286,2022-01-03 00:00:00,2,102,DEBADUTTA,"BBSR
BBSR


",2912.62,0.0,2912.62,87.38,0.0,3000.0,0,0.0,0,0.0,0.0,3000.0,1605,,New,0,,,,
1417,101,3,RSL/21-22/287,2022-01-04 00:00:00,2,102,NANDITA,"BBSR
",2912.62,0.0,2912.62,87.38,0.0,3000.0,0,0.0,0,0.0,0.0,3000.0,1606,,New,0,,,,
1418,101,3,RSL/21-22/288,2022-01-05 00:00:00,2,102,MINATI MOHANTY,"BBSR
",5436.9,0.0,5436.9,163.1,0.0,5600.0,0,0.0,0,0.0,0.0,5600.0,1607,,New,0,,,,
1419,101,3,RSL/21-22/289,2022-01-06 00:00:00,2,102,P.KUMAR,"
BBSR
",271.84,0.0,271.84,8.16,0.0,280.0,0,0.0,0,0.0,0.0,280.0,1608,,New,0,,,,
1420,101,3,RSL/21-22/290,2022-01-06 00:00:00,2,102,B. SINGH,"BBSR
",28349.51,0.0,28349.51,850.48,0.0,29200.0,0,0.0,0,0.0,0.0,29200.0,2040,,Modified,0,,,,
1421,101,3,RSL/21-22/291,2022-01-07 00:00:00,2,102,SUBHRAT DAS,"BBSR
",2650.95,0.0,2650.95,79.52,-0.48,2730.48,0,0.0,0,0.0,0.0,2730.0,2043,,Modified,0,,,,
1424,101,3,RSL/21-22/292,2022-01-08 00:00:00,2,102,MRUTYUNJAYA DAS,"BBSR
",4660.19,0.0,4660.19,139.8,0.0,4800.0,0,0.0,0,0.0,0.0,4800.0,1614,,New,8917334429,,,,
1425,101,3,RSL/21-22/293,2022-01-09 00:00:00,2,102,RAMESH KAR,"BBSR
",11135.87,0.0,11135.87,334.08,0.05,11469.95,0,0.0,0,0.0,0.0,11470.0,1800,,Modified,0,,,,
1426,101,3,RSL/21-22/294,2022-01-10 00:00:00,2,102,ASHOK SAHOO,"BBSR
",16019.42,0.0,16019.42,480.58,0.0,16500.0,0,0.0,0,0.0,0.0,16500.0,1616,,New,0,,,,
1427,101,3,RSL/21-22/295,2022-01-10 00:00:00,2,102,BINA SAHOO,"BBSR
",13300.97,0.0,13300.97,399.02,0.0,13700.0,0,0.0,0,0.0,0.0,13700.0,1617,,New,0,,,,
1428,101,3,RSL/21-22/296,2022-01-11 00:00:00,2,102,SUBHRAT SAHOO,"BBSR
",13592.23,0.0,13592.23,407.76,0.0,14000.0,0,0.0,0,0.0,0.0,14000.0,1618,,New,0,,,,
1429,101,3,RSL/21-22/297,2022-01-12 00:00:00,2,102,BINA SWAIN,"BBSR
",10485.44,0.0,10485.44,314.56,0.0,10800.0,0,0.0,0,0.0,0.0,10800.0,1619,,New,0,,,,
1430,101,3,RSL/21-22/298,2022-01-13 00:00:00,2,102,SUKANT SAHOO,"BBSR
",65825.24,0.0,65825.24,1974.76,0.0,67800.0,0,0.0,0,0.0,0.0,67800.0,1799,,Modified,0,,,,
1431,101,3,RSL/21-22/299,2022-01-14 00:00:00,2,102,P.K.SINHA,"BBSR
",7766.99,0.0,7766.99,233.0,0.0,8000.0,0,0.0,0,0.0,0.0,8000.0,1621,,New,0,,,,
1432,101,3,RSL/21-22/300,2022-01-15 00:00:00,2,102,BISWAJIT MAHAPATRA,"BBSR
",14465.0,0.0,14465.0,433.96,0.05,14898.95,0,0.0,0,0.0,0.0,14899.0,1622,,New,0,,,,
1433,101,3,RSL/21-22/301,2022-01-15 00:00:00,2,102,PIYUSH,"BBSR
",6310.68,0.0,6310.68,189.32,0.0,6500.0,0,0.0,0,0.0,0.0,6500.0,1623,,New,0,,,,
1434,101,3,RSL/21-22/302,2022-01-16 00:00:00,2,102,RANJAN SAHOO,"BBSR
",6699.03,0.0,6699.03,200.98,0.0,6900.0,0,0.0,0,0.0,0.0,6900.0,1624,,New,0,,,,
1435,101,3,RSL/21-22/303,2022-01-16 00:00:00,2,102,RATIRANJAN,"BBSR
",7767.0,0.0,7767.0,233.02,-0.01,8000.01,0,0.0,0,0.0,0.0,8000.0,1625,,New,0,,,,
1436,101,3,RSL/21-22/304,2022-01-17 00:00:00,2,102,ITISHREE,"BBSR
",19417.48,0.0,19417.48,582.52,0.0,20000.0,0,0.0,0,0.0,0.0,20000.0,1626,,New,0,,,,
1437,101,3,RSL/21-22/305,2022-01-17 00:00:00,2,102,PRADIP,"BBSR
",42718.45,0.0,42718.45,1281.56,0.0,44000.0,0,0.0,0,0.0,0.0,44000.0,1627,,New,0,,,,
1438,101,3,RSL/21-22/306,2022-01-18 00:00:00,2,102,PRAMOD DAS,"BBSR
",13203.88,0.0,13203.88,396.12,0.0,13600.0,0,0.0,0,0.0,0.0,13600.0,1628,,New,0,,,,
1439,101,3,RSL/21-22/307,2022-01-19 00:00:00,2,102,SUSMITA BEHERA,"BBSR
",2427.18,0.0,2427.18,72.82,0.0,2500.0,0,0.0,0,0.0,0.0,2500.0,1636,,New,0,,,,
1440,101,3,RSL/21-22/308,2022-01-19 00:00:00,2,102,RASMITA BEHERA,"BBSR
",54368.93,0.0,54368.93,1631.06,0.0,56000.0,0,0.0,0,0.0,0.0,56000.0,1637,,New,0,,,,
1441,101,3,RSL/21-22/309,2022-01-19 00:00:00,2,102,SAILESH,"BBSR
",2524.27,0.0,2524.27,75.72,0.0,2600.0,0,0.0,0,0.0,0.0,2600.0,1638,,New,0,,,,
1442,101,3,RSL/21-22/310,2022-01-20 00:00:00,2,102,ARCHANA PATTNAIK,"BBSR
",8737.86,0.0,8737.86,262.14,0.0,9000.0,0,0.0,0,0.0,0.0,9000.0,1639,,New,0,,,,
1443,101,3,RSL/21-22/311,2022-01-21 00:00:00,2,102,SURYA PRAKASH,"BBSR
",29126.21,0.0,29126.21,873.78,0.0,30000.0,0,0.0,0,0.0,0.0,30000.0,1640,,New,0,,,,
1444,101,3,RSL/21-22/312,2022-01-22 00:00:00,2,102,SUBHRAT JENA,"BBSR
",14077.67,0.0,14077.67,422.34,0.0,14500.0,0,0.0,0,0.0,0.0,14500.0,1641,,New,0,,,,
1445,101,3,RSL/21-22/313,2022-01-22 00:00:00,2,102,PRAKASH DAS,"BBSR
",15533.98,0.0,15533.98,466.02,0.0,16000.0,0,0.0,0,0.0,0.0,16000.0,1642,,New,0,,,,
1446,101,3,RSL/21-22/314,2022-01-23 00:00:00,2,102,IQBAL KHAN,"BBSR
",17475.73,0.0,17475.73,524.28,0.0,18000.0,0,0.0,0,0.0,0.0,18000.0,1643,,New,0,,,,
1447,101,3,RSL/21-22/315,2022-01-23 00:00:00,2,102,BASITH GUPTA,"BBSR
",63592.23,0.0,63592.23,1907.76,0.0,65500.0,0,0.0,0,0.0,0.0,65500.0,1798,,Modified,0,,,,
1448,101,3,RSL/21-22/316,2022-01-24 00:00:00,2,102,RUCHI SINGH,"BBSR
",24271.84,0.0,24271.84,728.16,0.0,25000.0,0,0.0,0,0.0,0.0,25000.0,1645,,New,0,,,,
1449,101,3,RSL/21-22/317,2022-01-25 00:00:00,2,102,BIMALA DAS,"BBSR
",67961.17,0.0,67961.17,2038.84,-0.01,70000.01,0,0.0,0,0.0,0.0,70000.0,1797,,Modified,0,,,,
1450,101,3,RSL/21-22/318,2022-01-25 00:00:00,2,102,SUBHRAT ,"BBSR
",16990.29,0.0,16990.29,509.7,0.0,17500.0,0,0.0,0,0.0,0.0,17500.0,1647,,New,0,,,,
1451,101,3,RSL/21-22/319,2022-01-25 00:00:00,2,102,H.SAHOO,"BBSR
",4174.76,0.0,4174.76,125.24,0.0,4300.0,0,0.0,0,0.0,0.0,4300.0,1648,,New,0,,,,
1452,101,3,RSL/21-22/320,2022-01-25 00:00:00,2,102,BABUL BISWAL,"BBSR
",8155.34,0.0,8155.34,244.66,0.0,8400.0,0,0.0,0,0.0,0.0,8400.0,1649,,New,0,,,,
1453,101,3,RSL/21-22/321,2022-01-26 00:00:00,2,102,H.SAHOO,"BBSR
",2135.92,0.0,2135.92,64.08,0.0,2200.0,0,0.0,0,0.0,0.0,2200.0,1650,,New,0,,,,
1454,101,3,RSL/21-22/322,2022-01-26 00:00:00,2,102,RAKESH SWAIN,"BBSR
",1747.57,0.0,1747.57,52.42,0.0,1800.0,0,0.0,0,0.0,0.0,1800.0,1651,,New,0,,,,
1455,101,3,RSL/21-22/323,2022-01-27 00:00:00,2,102,M.BARICK,"BBSR
",825.24,0.0,825.24,24.76,0.0,850.0,0,0.0,0,0.0,0.0,850.0,1652,,New,0,,,,
1456,101,3,RSL/21-22/324,2022-01-28 00:00:00,2,102,IRAJ RATH,"BBSR
",5145.63,0.0,5145.63,154.36,0.0,5300.0,0,0.0,0,0.0,0.0,5300.0,1653,,New,0,,,,
1457,101,3,RSL/21-22/325,2022-01-28 00:00:00,2,102,CHANDAN MOHANTY,"BBSR
",9223.3,0.0,9223.3,276.7,0.0,9500.0,0,0.0,0,0.0,0.0,9500.0,1654,,New,0,,,,
1458,101,3,RSL/21-22/326,2022-01-29 00:00:00,2,102,ISHAN,"BBSR
",15048.54,0.0,15048.54,451.46,0.0,15500.0,0,0.0,0,0.0,0.0,15500.0,1655,,New,0,,,,
1459,101,3,RSL/21-22/327,2022-01-29 00:00:00,2,102,IRAJ RATH,"BBSR
",388.35,0.0,388.35,11.66,0.0,400.0,0,0.0,0,0.0,0.0,400.0,1656,,New,0,,,,
1460,101,3,RSL/21-22/328,2022-01-29 00:00:00,2,102,ANEWZON WEB SERVICES,"CHANDRASEKHAR PUR
",163592.23,0.0,163592.23,4907.76,0.01,168499.99,0,0.0,0,0.0,0.0,168500.0,1668,,Modified,0,,21EZLPS1863K1ZX,,
1461,101,3,RSL/21-22/329,2022-01-30 00:00:00,2,102,PRIYADARSHINI ,"BBSR
",3058.25,0.0,3058.25,91.74,0.0,3150.0,0,0.0,0,0.0,0.0,3150.0,1658,,New,0,,,,
1462,101,3,RSL/21-22/330,2022-01-30 00:00:00,2,102,SANTILATA,"BBSR
",2427.18,0.0,2427.18,72.82,0.0,2500.0,0,0.0,0,0.0,0.0,2500.0,1659,,New,0,,,,
1463,101,3,RSL/21-22/331,2022-01-31 00:00:00,2,102,MANAS KU PANDA,"BBSR
",22330.1,0.0,22330.1,669.9,0.0,23000.0,0,0.0,0,0.0,0.0,23000.0,1660,,New,0,,,,
1464,101,3,RSL/21-22/332,2022-01-31 00:00:00,2,102,AISA,"BBSR
",9223.3,0.0,9223.3,276.7,0.0,9500.0,0,0.0,0,0.0,0.0,9500.0,1661,,New,0,,,,
1465,101,3,RSL/21-22/333,2022-02-01 00:00:00,2,102,RAKESH SWAIN,"BBSR
",13592.23,0.0,13592.23,407.76,0.0,14000.0,0,0.0,0,0.0,0.0,14000.0,1662,,New,0,,,,
1466,101,3,RSL/21-22/334,2022-02-01 00:00:00,2,102,ROSHAN SAHA,"BBSR
",53398.06,0.0,53398.06,1601.94,0.0,55000.0,0,0.0,0,0.0,0.0,55000.0,1801,,Modified,0,,,,
1467,101,3,RSL/21-22/335,2022-02-01 00:00:00,2,102,SUKANT SAHOO,"BBSR
",29126.21,0.0,29126.21,873.78,0.0,30000.0,0,0.0,0,0.0,0.0,30000.0,1810,,Modified,0,,,,
1468,101,3,RSL/21-22/336,2022-02-02 00:00:00,2,102,REKHA JENA,"BBSR
",21941.75,0.0,21941.75,658.26,0.0,22600.0,0,0.0,0,0.0,0.0,22600.0,1665,,New,0,,,,
1469,101,3,RSL/21-22/337,2022-02-02 00:00:00,2,102,PRIYANKA SWAIN,"BBSR
",25048.54,0.0,25048.54,751.46,0.0,25800.0,0,0.0,0,0.0,0.0,25800.0,1666,,New,0,,,,
1470,101,3,RSL/21-22/338,2022-02-02 00:00:00,2,102,BIKASH,"BBSR
",39805.83,0.0,39805.83,1194.18,0.0,41000.0,0,0.0,0,0.0,0.0,41000.0,1809,,Modified,0,,,,
1471,101,3,RSL/21-22/339,2022-02-03 00:00:00,2,102,BAPI NAYAK,"BBSR
",16504.85,0.0,16504.85,495.14,0.0,17000.0,0,0.0,0,0.0,0.0,17000.0,1669,,New,0,,,,
1472,101,3,RSL/21-22/340,2022-02-03 00:00:00,2,102,SUBASH CHANDRA MOHANTY,"BBSR
",14563.11,0.0,14563.11,436.9,0.0,15000.0,0,0.0,0,0.0,0.0,15000.0,2044,,Modified,0,,,,
1473,101,3,RSL/21-22/341,2022-02-04 00:00:00,2,102,DEEPAK SWAIN,"BBSR
",3883.5,0.0,3883.5,116.5,-0.01,4000.01,0,0.0,0,0.0,0.0,4000.0,1671,,New,0,,,,
1474,101,3,RSL/21-22/342,2022-02-05 00:00:00,2,102,BISWA RANJAN SAHOO,"BBSR
",11165.05,0.0,11165.05,334.96,0.0,11500.0,0,0.0,0,0.0,0.0,11500.0,1672,,New,0,,,,
1475,101,3,RSL/21-22/343,2022-02-05 00:00:00,2,102,SAILESH JENA,"BBSR
",2427.18,0.0,2427.18,72.82,0.0,2500.0,0,0.0,0,0.0,0.0,2500.0,1673,,New,0,,,,
1476,101,3,RSL/21-22/344,2022-02-05 00:00:00,2,102,SHEILA DAS,"BBSR
",2135.92,0.0,2135.92,64.08,0.0,2200.0,0,0.0,0,0.0,0.0,2200.0,1674,,New,0,,,,
1477,101,3,RSL/21-22/345,2022-02-06 00:00:00,2,102,KEDAR JENA,"BBSR
",4854.37,0.0,4854.37,145.64,0.0,5000.0,0,0.0,0,0.0,0.0,5000.0,2045,,Modified,0,,,,
1478,101,3,RSL/21-22/346,2022-02-06 00:00:00,2,102,SARAT KUMAR PANDA,"BBSR
",56116.5,0.0,56116.5,1683.5,0.0,57800.0,0,0.0,0,0.0,0.0,57800.0,1676,,New,0,,,,
1479,101,3,RSL/21-22/347,2022-02-07 00:00:00,2,102,DEV MONDAL,"BBSR
",1747.57,0.0,1747.57,52.42,0.0,1800.0,0,0.0,0,0.0,0.0,1800.0,1677,,New,0,,,,
1480,101,3,RSL/21-22/348,2022-02-07 00:00:00,2,102,BISWAJIT MONDAL,"BBSR
",3883.5,0.0,3883.5,116.5,-0.01,4000.01,0,0.0,0,0.0,0.0,4000.0,1678,,New,0,,,,
1481,101,3,RSL/21-22/349,2022-02-07 00:00:00,2,102,PINKI,"BBSR
",17184.46,0.0,17184.46,515.54,0.0,17700.0,0,0.0,0,0.0,0.0,17700.0,1679,,New,0,,,,
1482,101,3,RSL/21-22/350,2022-02-08 00:00:00,2,102,GYANA RANJAN,"BBSR
",26990.29,0.0,26990.29,809.7,0.0,27800.0,0,0.0,0,0.0,0.0,27800.0,1680,,New,0,,,,
1483,101,3,RSL/21-22/351,2022-02-08 00:00:00,2,102,PRASANT NAYAK,"BBSR
",72815.53,0.0,72815.53,2184.46,0.0,75000.0,0,0.0,0,0.0,0.0,75000.0,1681,,New,0,,,,
1484,101,3,RSL/21-22/352,2022-02-09 00:00:00,2,102,PRADIP SWAIN,"BBSR
",34951.46,0.0,34951.46,1048.54,0.0,36000.0,0,0.0,0,0.0,0.0,36000.0,1682,,New,0,,,,
1485,101,3,RSL/21-22/353,2022-02-09 00:00:00,2,102,B.SAHOO,"BBSR
",1165.05,0.0,1165.05,34.96,0.0,1200.0,0,0.0,0,0.0,0.0,1200.0,1683,,New,0,,,,
1486,101,3,RSL/21-22/354,2022-02-09 00:00:00,2,102,SIBANI,"BBSR
",10000.0,0.0,10000.0,300.0,0.0,10300.0,0,0.0,0,0.0,0.0,10300.0,1684,,New,0,,,,
1487,101,3,RSL/21-22/355,2022-02-09 00:00:00,2,102,RAJESH,"BBSR
",4368.93,0.0,4368.93,131.06,0.01,4499.99,0,0.0,0,0.0,0.0,4500.0,1686,,Modified,0,,,,
1488,101,3,RSL/21-22/356,2022-02-10 00:00:00,2,102,LIPA,"BBSR
",7766.0,0.0,7766.0,232.98,0.02,7998.98,0,0.0,0,0.0,0.0,7999.0,1687,,New,0,,,,
1489,101,3,RSL/21-22/357,2022-02-10 00:00:00,2,102,RAKESH JENA,"BBSR
",66019.42,0.0,66019.42,1980.58,0.0,68000.0,0,0.0,0,0.0,0.0,68000.0,1808,,Modified,0,,,,
1490,101,3,RSL/21-22/358,2022-02-10 00:00:00,2,102,RASMITA SWAIN,"BBSR
",26504.76,0.0,26504.76,795.14,0.1,27299.9,0,0.0,0,0.0,0.0,27300.0,1690,,New,0,,,,
1491,101,3,RSL/21-22/359,2022-02-11 00:00:00,2,102,KEDAR JENA,"BBSR
",23057.88,0.0,23057.88,691.74,0.38,23749.62,0,0.0,0,0.0,0.0,23750.0,2048,,Modified,0,,,,
1492,101,3,RSL/21-22/360,2022-02-12 00:00:00,2,102,RAJSHREE,"BBSR
",43689.32,0.0,43689.32,1310.68,0.0,45000.0,0,0.0,0,0.0,0.0,45000.0,1692,,New,0,,,,
1493,101,3,RSL/21-22/361,2022-02-12 00:00:00,2,102,JYOTI,"BBSR
",1456.31,0.0,1456.31,43.68,0.0,1500.0,0,0.0,0,0.0,0.0,1500.0,1693,,New,0,,,,
1494,101,3,RSL/21-22/362,2022-02-12 00:00:00,2,102,NIKHIL,"BBSR
",1310.68,0.0,1310.68,39.32,0.0,1350.0,0,0.0,0,0.0,0.0,1350.0,1694,,New,0,,,,
1495,101,3,RSL/21-22/363,2022-02-12 00:00:00,2,102,RADHIKA,"BBSR
",533.98,0.0,533.98,16.02,0.0,550.0,0,0.0,0,0.0,0.0,550.0,1696,,Modified,0,,,,
1496,101,3,RSL/21-22/364,2022-02-13 00:00:00,2,102,ALOK DAS,"BBSR
",13106.8,0.0,13106.8,393.2,0.0,13500.0,0,0.0,0,0.0,0.0,13500.0,1697,,New,0,,,,
1497,101,3,RSL/21-22/365,2022-02-13 00:00:00,2,102,CHANDAN PATTNAIK,"BBSR
",19223.3,0.0,19223.3,576.7,0.0,19800.0,0,0.0,0,0.0,0.0,19800.0,1698,,New,0,,,,
1498,101,3,RSL/21-22/366,2022-02-14 00:00:00,2,102,SUBASH,"BBSR
",18932.04,0.0,18932.04,567.96,0.0,19500.0,0,0.0,0,0.0,0.0,19500.0,1699,,New,0,,,,
1499,101,3,RSL/21-22/367,2022-02-15 00:00:00,2,102,GYANA,"BBSR
",52233.01,0.0,52233.01,1567.0,0.0,53800.0,0,0.0,0,0.0,0.0,53800.0,1700,,New,0,,,,
1500,101,3,RSL/21-22/368,2022-02-16 00:00:00,2,102,SASMITA,"BBSR
",21844.66,0.0,21844.66,655.34,0.0,22500.0,0,0.0,0,0.0,0.0,22500.0,1701,,New,0,,,,
1501,101,3,RSL/21-22/369,2022-02-16 00:00:00,2,102,ANITA,"BBSR

",9271.84,0.0,9271.84,278.16,0.0,9550.0,0,0.0,0,0.0,0.0,9550.0,1702,,New,0,,,,
1502,101,3,RSL/21-22/370,2022-02-17 00:00:00,2,102,LOKANATH SWAIN,"BBSR
",78640.78,0.0,78640.78,2359.22,0.0,81000.0,0,0.0,0,0.0,0.0,81000.0,1812,,Modified,0,,,,
1503,101,3,RSL/21-22/371,2022-02-18 00:00:00,2,102,ROHIT AGARWAL,"BBSR
",60194.17,0.0,60194.17,1805.82,0.0,62000.0,0,0.0,0,0.0,0.0,62000.0,1806,,Modified,0,,,,
1504,101,3,RSL/21-22/372,2022-02-18 00:00:00,2,102,KAILASH DAS,"BBSR

",34174.76,0.0,34174.76,1025.24,0.0,35200.0,0,0.0,0,0.0,0.0,35200.0,1705,,New,0,,,,
1505,101,3,RSL/21-22/373,2022-02-19 00:00:00,2,102,SUBAS,"BBSR
",72815.53,0.0,72815.53,2184.46,0.0,75000.0,0,0.0,0,0.0,0.0,75000.0,1805,,Modified,0,,,,
1506,101,3,RSL/21-22/374,2022-02-20 00:00:00,2,102,DIPAK ,"BBSR
",3398.06,0.0,3398.06,101.94,0.0,3500.0,0,0.0,0,0.0,0.0,3500.0,1707,,New,0,,,,
1507,101,3,RSL/21-22/375,2022-02-21 00:00:00,2,102,S.K.SAMAL,"BBSR
",8640.78,0.0,8640.78,259.22,0.0,8900.0,0,0.0,0,0.0,0.0,8900.0,1708,,New,0,,,,
1508,101,3,RSL/21-22/376,2022-02-21 00:00:00,2,102,P.SHARMA,"BBSR

",12621.36,0.0,12621.36,378.64,0.0,13000.0,0,0.0,0,0.0,0.0,13000.0,1709,,New,0,,,,
1509,101,3,RSL/21-22/377,2022-02-21 00:00:00,2,102,SANJIT,"BBSR
",10194.17,0.0,10194.17,305.82,0.0,10500.0,0,0.0,0,0.0,0.0,10500.0,1710,,New,0,,,,
1510,101,3,RSL/21-22/378,2022-02-22 00:00:00,2,102,P.SHARMA,"BBSR
",7573.27,0.0,7573.27,227.2,-0.47,7800.47,0,0.0,0,0.0,0.0,7800.0,1711,,New,0,,,,
1511,101,3,RSL/21-22/379,2022-02-22 00:00:00,2,102,ANIL,"BBSR
",33009.55,0.0,33009.55,990.28,0.17,33999.83,0,0.0,0,0.0,0.0,34000.0,1713,,Modified,0,,,,
1512,101,3,RSL/21-22/380,2022-02-23 00:00:00,2,102,SMITA,"BBSR
",4563.11,0.0,4563.11,136.9,0.0,4700.0,0,0.0,0,0.0,0.0,4700.0,1714,,New,0,,,,
1513,101,3,RSL/21-22/381,2022-02-24 00:00:00,2,102,M.ALAM,"BBSR
",339.81,0.0,339.81,10.2,-0.01,350.01,0,0.0,0,0.0,0.0,350.0,1716,,Modified,0,,,,
1514,101,3,RSL/21-22/382,2022-02-25 00:00:00,2,102,K.THAKKAR,"BBSR
",64708.83,0.0,64708.83,1941.26,-0.09,66650.09,0,0.0,0,0.0,0.0,66650.0,1815,,Modified,0,,,,
1515,101,3,RSL/21-22/383,2022-02-25 00:00:00,2,102,ASIS,"BBSR
",38834.95,0.0,38834.95,1165.04,0.0,40000.0,0,0.0,0,0.0,0.0,40000.0,1804,,Modified,0,,,,
1516,101,3,RSL/21-22/384,2022-02-25 00:00:00,2,102,SWARNALATA,"BBSR
",121359.22,0.0,121359.22,3640.78,0.0,125000.0,0,0.0,0,0.0,0.0,125000.0,1803,,Modified,0,,,,
1517,101,3,RSL/21-22/385,2022-02-26 00:00:00,2,102,PRITI,"BBSR
",9514.56,0.0,9514.56,285.44,0.0,9800.0,0,0.0,0,0.0,0.0,9800.0,1720,,New,0,,,,
1518,101,3,RSL/21-22/386,2022-02-27 00:00:00,2,102,DEEPA,"BBSR
",17961.17,0.0,17961.17,538.84,-0.01,18500.01,0,0.0,0,0.0,0.0,18500.0,1721,,New,0,,,,
1519,101,3,RSL/21-22/387,2022-02-28 00:00:00,2,102,D.MAITI,"BBSR
",5242.72,0.0,5242.72,157.28,0.0,5400.0,0,0.0,0,0.0,0.0,5400.0,1722,,New,0,,\,,
1520,101,3,RSL/21-22/388,2022-02-28 00:00:00,2,102,DIBYA,"BBSR
",1165.05,0.0,1165.05,34.96,0.0,1200.0,0,0.0,0,0.0,0.0,1200.0,1723,,New,0,,,,
1521,101,3,RSL/21-22/389,2022-03-01 00:00:00,2,102,ANITA,"BBSR
",12038.83,0.0,12038.83,361.16,0.01,12399.99,0,0.0,0,0.0,0.0,12400.0,1724,,New,0,,,,
1522,101,3,RSL/21-22/390,2022-03-01 00:00:00,2,102,BUBU SAHOO,"BBSR
",5048.54,0.0,5048.54,151.46,0.0,5200.0,0,0.0,0,0.0,0.0,5200.0,1725,,New,0,,,,
1523,101,3,RSL/21-22/391,2022-03-02 00:00:00,2,102,A.K.BISWAL,"BBSR
",29128.0,0.0,29128.0,873.84,0.16,30001.84,0,0.0,0,0.0,0.0,30002.0,1726,,New,0,,,,
1524,101,3,RSL/21-22/392,2022-03-02 00:00:00,2,102,S.C.SAHOO,"BBSR
",24271.84,0.0,24271.84,728.16,0.0,25000.0,0,0.0,0,0.0,0.0,25000.0,2049,,Modified,0,,,,
1525,101,3,RSL/21-22/393,2022-03-02 00:00:00,2,102,S.PRADHAN,"BBSR
",1699.03,0.0,1699.03,50.98,0.0,1750.0,0,0.0,0,0.0,0.0,1750.0,1728,,New,0,,,,
1526,101,3,RSL/21-22/394,2022-03-03 00:00:00,2,102,RAJESH,"BBSR
",6796.12,0.0,6796.12,203.88,0.0,7000.0,0,0.0,0,0.0,0.0,7000.0,1729,,New,0,,,,
1527,101,3,RSL/21-22/395,2022-03-05 00:00:00,2,102,RAJKISHORE MOHAPATRA,"BBSR
",61165.05,0.0,61165.05,1834.96,0.0,63000.0,0,0.0,0,0.0,0.0,63000.0,1730,,New,0,,,,
1528,101,3,RSL/21-22/396,2022-03-05 00:00:00,2,102,R.PANDA,"BBSR
",29611.65,0.0,29611.65,888.34,0.01,30499.99,0,0.0,0,0.0,0.0,30500.0,1732,,Modified,0,,,,
1529,101,3,RSL/21-22/397,2022-03-06 00:00:00,2,102,SUBASH,"BBSR
",19708.74,0.0,19708.74,591.26,0.0,20300.0,0,0.0,0,0.0,0.0,20300.0,1733,,New,0,,,,
1530,101,3,RSL/21-22/398,2022-03-07 00:00:00,2,102,LOKA,"BBSR
",66019.42,0.0,66019.42,1980.58,0.0,68000.0,0,0.0,0,0.0,0.0,68000.0,2050,,Modified,0,,,,
1531,101,3,RSL/21-22/399,2022-03-08 00:00:00,2,102,DIBYARANJAN SAHOO,"BBSR
",13600.0,0.0,13600.0,408.0,0.0,14008.0,0,0.0,0,0.0,0.0,14008.0,1735,,New,0,,,,
1532,101,3,RSL/21-22/400,2022-03-08 00:00:00,2,102,B.KHAN,"BBSR
",25728.16,0.0,25728.16,771.84,0.0,26500.0,0,0.0,0,0.0,0.0,26500.0,1736,,New,0,,,,
1533,101,3,RSL/21-22/401,2022-03-08 00:00:00,2,102,SHIVANI SRIVASTAV,"BBSR
",77669.9,0.0,77669.9,2330.1,0.0,80000.0,0,0.0,0,0.0,0.0,80000.0,2051,,Modified,0,,,,
1534,101,3,RSL/21-22/402,2022-03-08 00:00:00,2,102,DEEPESH,"BBSR
",4757.28,0.0,4757.28,142.72,0.0,4900.0,0,0.0,0,0.0,0.0,4900.0,1738,,New,0,,,,
1535,101,3,RSL/21-22/403,2022-03-08 00:00:00,2,102,SABITA,"BBSR
",14563.11,0.0,14563.11,436.9,0.0,15000.0,0,0.0,0,0.0,0.0,15000.0,1739,,New,0,,,,
1536,101,3,RSL/21-22/404,2022-03-09 00:00:00,2,102,SABITA,"BBSR
",27184.47,0.0,27184.47,815.54,0.0,28000.0,0,0.0,0,0.0,0.0,28000.0,1740,,New,0,,,,
1537,101,3,RSL/21-22/405,2022-03-09 00:00:00,2,102,SUBHRA,"BBSR
",9805.83,0.0,9805.83,294.18,0.0,10100.0,0,0.0,0,0.0,0.0,10100.0,2052,,Modified,0,,,,
1538,101,3,RSL/21-22/406,2022-03-09 00:00:00,2,102,RAJBEER,"BBSR
",2912.62,0.0,2912.62,87.38,0.0,3000.0,0,0.0,0,0.0,0.0,3000.0,1742,,New,0,,,,
1539,101,3,RSL/21-22/407,2022-03-10 00:00:00,2,102,P.SAHOO,"BBSR
",23300.97,0.0,23300.97,699.02,0.0,24000.0,0,0.0,0,0.0,0.0,24000.0,1743,,New,0,,,,
1540,101,3,RSL/21-22/408,2022-03-11 00:00:00,2,102,P.SHANTI,"BBSR
",36699.03,0.0,36699.03,1100.98,0.0,37800.0,0,0.0,0,0.0,0.0,37800.0,1744,,New,0,,,,
1541,101,3,RSL/21-22/409,2022-03-11 00:00:00,2,102,BINA,"BBSR
",24271.84,0.0,24271.84,728.16,0.0,25000.0,0,0.0,0,0.0,0.0,25000.0,1745,,New,0,,,,
1542,101,3,RSL/21-22/410,2022-03-11 00:00:00,2,102,YAKUB KHAN,"BBSR
",23980.58,0.0,23980.58,719.42,0.0,24700.0,0,0.0,0,0.0,0.0,24700.0,1746,,New,0,,,,
1543,101,3,RSL/21-22/411,2022-03-11 00:00:00,2,102,BISWARANJAN,"BBSR
",776.7,0.0,776.7,23.3,0.0,800.0,0,0.0,0,0.0,0.0,800.0,1747,,New,0,,,,
1544,101,3,RSL/21-22/412,2022-03-11 00:00:00,2,102,B.DAS,"BBSR
",44174.76,0.0,44174.76,1325.24,0.0,45500.0,0,0.0,0,0.0,0.0,45500.0,1748,,New,0,,,,
1545,101,3,RSL/21-22/413,2022-03-12 00:00:00,2,102,ABHAYA ROUT,"BBSR
",128640.78,0.0,128640.78,3859.22,0.0,132500.0,0,0.0,0,0.0,0.0,132500.0,1749,,New,0,,,,
1546,101,3,RSL/21-22/414,2022-03-13 00:00:00,2,102,NABARUN MAITI,"BBSR
",39805.83,0.0,39805.83,1194.18,0.0,41000.0,0,0.0,0,0.0,0.0,41000.0,1750,,New,0,,,,
1547,101,3,RSL/21-22/415,2022-03-14 00:00:00,2,102,DEEPTI,"BBSR
",4660.19,0.0,4660.19,139.8,0.0,4800.0,0,0.0,0,0.0,0.0,4800.0,1751,,New,0,,,,
1548,101,3,RSL/21-22/416,2022-03-15 00:00:00,2,102,M..JHA,"BBSR
",51456.31,0.0,51456.31,1543.68,0.0,53000.0,0,0.0,0,0.0,0.0,53000.0,1752,,New,0,,,,
1549,101,3,RSL/21-22/417,2022-03-16 00:00:00,2,102,SONALI,"BBSR
",1941.75,0.0,1941.75,58.26,0.0,2000.0,0,0.0,0,0.0,0.0,2000.0,1753,,New,0,,,,
1550,101,3,RSL/21-22/418,2022-03-17 00:00:00,2,102,MAITI,"BBSR
",388.35,0.0,388.35,11.66,0.0,400.0,0,0.0,0,0.0,0.0,400.0,1754,,New,0,,,,
1551,101,3,RSL/21-22/419,2022-03-17 00:00:00,2,102,SOUVIK,"BBSR
",29126.21,0.0,29126.21,873.78,0.0,30000.0,0,0.0,0,0.0,0.0,30000.0,1755,,New,0,,,,
1552,101,3,RSL/21-22/420,2022-03-18 00:00:00,2,102,SANJAY DAS,"BBSR
",2912.62,0.0,2912.62,87.38,0.0,3000.0,0,0.0,0,0.0,0.0,3000.0,1756,,New,0,,,,
1553,101,3,RSL/21-22/421,2022-03-20 00:00:00,2,102,S.SAMANTA,"BBSR
",16504.85,0.0,16504.85,495.14,0.0,17000.0,0,0.0,0,0.0,0.0,17000.0,1757,,New,0,,,,
1554,101,3,RSL/21-22/422,2022-03-21 00:00:00,2,102,P.SWAIN,"BBSR
",485.44,0.0,485.44,14.56,0.0,500.0,0,0.0,0,0.0,0.0,500.0,1758,,New,0,,,,
1555,101,3,RSL/21-22/423,2022-03-22 00:00:00,2,102,RUCHI,"BBSR
",11165.05,0.0,11165.05,334.96,0.0,11500.0,0,0.0,0,0.0,0.0,11500.0,2053,,Modified,0,,,,
1556,101,3,RSL/21-22/424,2022-03-23 00:00:00,2,102,AMLAN,"BBSR
",970.87,0.0,970.87,29.12,0.0,1000.0,0,0.0,0,0.0,0.0,1000.0,1760,,New,0,,,,
1557,101,3,RSL/21-22/425,2022-03-23 00:00:00,2,102,HARISH,"BBSR
",40533.99,0.0,40533.99,1216.02,-0.01,41750.01,0,0.0,0,0.0,0.0,41750.0,1761,,New,0,,,,
1558,101,3,RSL/21-22/426,2022-03-24 00:00:00,2,102,DIPAK SAHOO,"BBSR
",17961.17,0.0,17961.17,538.84,-0.01,18500.01,0,0.0,0,0.0,0.0,18500.0,1762,,New,0,,,,
1559,101,3,RSL/21-22/427,2022-03-25 00:00:00,2,102,SABYA SACHI,"BBSR
",99029.13,0.0,99029.13,2970.88,0.0,102000.0,0,0.0,0,0.0,0.0,102000.0,1763,,New,0,,,,
1560,101,3,RSL/21-22/428,2022-03-26 00:00:00,2,102,RAKESH SAHOO,"BBSR
",9708.74,0.0,9708.74,291.26,0.0,10000.0,0,0.0,0,0.0,0.0,10000.0,2054,,Modified,0,,,,
1561,101,3,RSL/21-22/429,2022-03-27 00:00:00,2,102,SURESH SAHOO,"BBSR
",3883.5,0.0,3883.5,116.5,-0.01,4000.01,0,0.0,0,0.0,0.0,4000.0,1765,,New,0,,,,
1562,101,3,RSL/21-22/430,2022-03-28 00:00:00,2,102,ITI,"BBSR
",40291.26,0.0,40291.26,1208.74,0.0,41500.0,0,0.0,0,0.0,0.0,41500.0,1766,,New,0,,,,
1563,101,3,RSL/21-22/431,2022-03-29 00:00:00,2,102,KOMAL,"BBSR
",2815.53,0.0,2815.53,84.46,0.0,2900.0,0,0.0,0,0.0,0.0,2900.0,1767,,New,0,,,,
1564,101,3,RSL/21-22/432,2022-03-30 00:00:00,2,102,FIROZ KHAN,"BBSR
",1165.05,0.0,1165.05,34.96,0.0,1200.0,0,0.0,0,0.0,0.0,1200.0,1768,,New,0,,,,
1565,101,3,RSL/21-22/433,2022-03-31 00:00:00,2,102,DIPANN SWAIN,"BBSR
",4368.93,0.0,4368.93,131.06,0.0,4500.0,0,0.0,0,0.0,0.0,4500.0,1769,,New,0,,,,
1566,101,3,RSL/21-22/434,2022-03-31 00:00:00,2,102,G.GUPTA,"BBSR
",3883.67,0.0,3883.67,116.52,-0.18,4000.18,0,0.0,0,0.0,0.0,4000.0,2060,,Modified,0,,,,
1567,101,3,RSL/21-22/435,2022-03-31 00:00:00,2,102,SAMBIT,"BBSR
",146601.75,0.0,146601.75,4398.06,0.2,150999.8,0,0.0,0,0.0,0.0,151000.0,2057,,Modified,0,,,,
1568,101,4,RSL/22-23/1,2022-04-01 00:00:00,2,102,RAKESH JENA,"BBSR
",3883.5,0.0,3883.5,116.5,-0.01,4000.01,0,0.0,0,0.0,0.0,4000.0,1772,,New,0,,,,
1569,101,4,RSL/22-23/2,2022-04-02 00:00:00,2,102,D.JENA,"BBSR
",582.52,0.0,582.52,17.48,0.0,600.0,0,0.0,0,0.0,0.0,600.0,1773,,New,0,,,,
1570,101,4,RSL/22-23/3,2022-04-02 00:00:00,2,102,B.GUPTA,"BBSR
",2038.83,0.0,2038.83,61.16,0.01,2099.99,0,0.0,0,0.0,0.0,2100.0,1774,,New,0,,,,
1571,101,4,RSL/22-23/4,2022-04-03 00:00:00,2,102,S.DAS,"BBSR
",29126.21,0.0,29126.21,873.78,0.0,30000.0,0,0.0,0,0.0,0.0,30000.0,1775,,New,0,,,,
1572,101,4,RSL/22-23/5,2022-04-04 00:00:00,2,102,D.BARAL,"BBSR
",2427.18,0.0,2427.18,72.82,0.0,2500.0,0,0.0,0,0.0,0.0,2500.0,1776,,New,0,,,,
1573,101,4,RSL/22-23/6,2022-04-04 00:00:00,2,102,B.JENA,"BBSR
",873.79,0.0,873.79,26.22,0.0,900.0,0,0.0,0,0.0,0.0,900.0,1777,,New,0,,,,
1574,101,4,RSL/22-23/7,2022-04-05 00:00:00,2,102,S.SUBHUDI,"BBSR
",8252.43,0.0,8252.43,247.58,0.0,8500.0,0,0.0,0,0.0,0.0,8500.0,1778,,New,0,,,,
1575,101,4,RSL/22-23/8,2022-04-05 00:00:00,2,102,ASIS,"BBSR
",24757.28,0.0,24757.28,742.72,0.0,25500.0,0,0.0,0,0.0,0.0,25500.0,1779,,New,0,,,,
1576,101,4,RSL/22-23/9,2022-04-06 00:00:00,2,102,A.SAHOO,"BBSR
",45339.8,0.0,45339.8,1360.2,0.0,46700.0,0,0.0,0,0.0,0.0,46700.0,1780,,New,0,,,,
1577,101,4,RSL/22-23/10,2022-04-07 00:00:00,2,102,BIKASH,"BBSR
",33981.96,0.0,33981.96,1019.46,-0.42,35001.42,0,0.0,0,0.0,0.0,35001.0,1781,,New,0,,,,
1578,101,4,RSL/22-23/11,2022-04-08 00:00:00,2,102,PRAKASH,"BBSR
",3883.5,0.0,3883.5,116.5,-0.01,4000.01,0,0.0,0,0.0,0.0,4000.0,1782,,New,0,,,,
1579,101,4,RSL/22-23/12,2022-04-09 00:00:00,2,102,AKASH SWAIN,"BBSR
",1815.53,0.0,1815.53,54.46,0.0,1870.0,0,0.0,0,0.0,0.0,1870.0,1783,,New,0,,,,
1580,101,4,RSL/22-23/13,2022-04-10 00:00:00,2,102,S.DAS,"BBSR
",2427.18,0.0,2427.18,72.82,0.0,2500.0,0,0.0,0,0.0,0.0,2500.0,1784,,New,0,,,,
1581,101,4,RSL/22-23/14,2022-04-11 00:00:00,2,102,M.PATRA,"BBSR
",18446.6,0.0,18446.6,553.4,0.0,19000.0,0,0.0,0,0.0,0.0,19000.0,1785,,New,0,,,,
1582,101,4,RSL/22-23/15,2022-04-11 00:00:00,2,102,SATYABRATA,"BBSR
",6019.42,0.0,6019.42,180.58,0.0,6200.0,0,0.0,0,0.0,0.0,6200.0,1786,,New,0,,,,
1583,101,4,RSL/22-23/16,2022-04-12 00:00:00,2,102,RANJIT,"BBSR
",1165.05,0.0,1165.05,34.96,0.0,1200.0,0,0.0,0,0.0,0.0,1200.0,1787,,New,0,,,,
1584,101,4,RSL/22-23/17,2022-04-13 00:00:00,2,102,A.MOHANTY,"BBSR
",8738.0,0.0,8738.0,262.14,-0.14,9000.14,0,0.0,0,0.0,0.0,9000.0,1788,,New,0,,,,
1585,101,4,RSL/22-23/18,2022-04-14 00:00:00,2,102,DINESH SWAIN,"BBSR
",4368.93,0.0,4368.93,131.06,0.0,4500.0,0,0.0,0,0.0,0.0,4500.0,1789,,New,0,,,,
1586,101,4,RSL/22-23/19,2022-04-15 00:00:00,2,102,ABHA PATNAIK,"
BBSR
",10680.0,0.0,10680.0,320.4,-0.4,11000.4,0,0.0,0,0.0,0.0,11000.0,1790,,New,0,,,,
1587,101,4,RSL/22-23/20,2022-04-16 00:00:00,2,102,SHILPA SUBHUDHI,"BBSR
",126213.59,0.0,126213.59,3786.4,0.0,130000.0,0,0.0,0,0.0,0.0,130000.0,1791,,New,0,,,,
1588,101,4,RSL/22-23/21,2022-04-16 00:00:00,2,102,S.SUBHUDHI,"BBSR
",18155.34,0.0,18155.34,544.66,0.0,18700.0,0,0.0,0,0.0,0.0,18700.0,1792,,New,0,,,,
1589,101,4,RSL/22-23/22,2022-04-17 00:00:00,2,102,ASHOK SAHOO,"BBSR
",8640.78,0.0,8640.78,259.22,0.0,8900.0,0,0.0,0,0.0,0.0,8900.0,1793,,New,0,,,,
1590,101,4,RSL/22-23/23,2022-04-17 00:00:00,2,102,P.K.SAHOO,"BBSR
",6310.68,0.0,6310.68,189.32,0.0,6500.0,0,0.0,0,0.0,0.0,6500.0,1794,,New,0,,,,
1591,101,4,RSL/22-23/24,2022-04-17 00:00:00,2,102,D.JENA,"BBSR
",22815.53,0.0,22815.53,684.46,0.0,23500.0,0,0.0,0,0.0,0.0,23500.0,1795,,New,0,,,,
1592,101,4,RSL/22-23/25,2022-04-18 00:00:00,2,102,P.SAHOO,"BBSR
",21359.22,0.0,21359.22,640.78,0.0,22000.0,0,0.0,0,0.0,0.0,22000.0,1796,,New,0,,,,
1593,101,4,RSL/22-23/26,2022-04-19 00:00:00,2,102,JANKI,"BBSR
",17475.73,0.0,17475.73,524.28,0.0,18000.0,0,0.0,0,0.0,0.0,18000.0,1816,,New,0,,,,
1594,101,4,RSL/22-23/27,2022-04-20 00:00:00,2,102,APRAJITA,"BBSR
",22524.27,0.0,22524.27,675.72,0.0,23200.0,0,0.0,0,0.0,0.0,23200.0,1817,,New,0,,,,
1595,101,4,RSL/22-23/28,2022-04-21 00:00:00,2,102,C.SUBUDHI,"BBSR
",10970.87,0.0,10970.87,329.12,0.0,11300.0,0,0.0,0,0.0,0.0,11300.0,1818,,New,0,,,,
1596,101,4,RSL/22-23/29,2022-04-21 00:00:00,2,102,JAY,"BBSR
",6116.5,0.0,6116.5,183.5,0.0,6300.0,0,0.0,0,0.0,0.0,6300.0,1819,,New,0,,,,
1597,101,4,RSL/22-23/30,2022-04-22 00:00:00,2,102,K.C.MALLIK,"BBSR
",33980.58,0.0,33980.58,1019.42,0.0,35000.0,0,0.0,0,0.0,0.0,35000.0,1820,,New,0,,,,
1598,101,4,RSL/22-23/31,2022-04-22 00:00:00,2,102,APRAJITA,"BBSR
",34466.02,0.0,34466.02,1033.98,0.0,35500.0,0,0.0,0,0.0,0.0,35500.0,1821,,New,0,,,,
1599,101,4,RSL/22-23/32,2022-04-23 00:00:00,2,102,RAJESH SWAIN,"BBSR
",19902.91,0.0,19902.91,597.08,0.0,20500.0,0,0.0,0,0.0,0.0,20500.0,1822,,New,0,,,,
1600,101,4,RSL/22-23/33,2022-04-24 00:00:00,2,102,RITIKA,"BBSR
",5825.24,0.0,5825.24,174.76,0.0,6000.0,0,0.0,0,0.0,0.0,6000.0,1823,,New,0,,,,
1601,101,4,RSL/22-23/34,2022-04-25 00:00:00,2,102,GUDU,"BBSR
",4854.37,0.0,4854.37,145.64,0.0,5000.0,0,0.0,0,0.0,0.0,5000.0,1824,,New,0,,,,
1602,101,4,RSL/22-23/35,2022-04-26 00:00:00,2,102,P.K.SWAIN,"BBSR
",22815.53,0.0,22815.53,684.46,0.0,23500.0,0,0.0,0,0.0,0.0,23500.0,1825,,New,0,,,,
1603,101,4,RSL/22-23/36,2022-04-27 00:00:00,2,102,PABI SAHOO,"BBSR
",7281.55,0.0,7281.55,218.44,0.0,7500.0,0,0.0,0,0.0,0.0,7500.0,1826,,New,0,,,,
1604,101,4,RSL/22-23/37,2022-04-28 00:00:00,2,102,HARISH,"BBSR
",4854.37,0.0,4854.37,145.64,0.0,5000.0,0,0.0,0,0.0,0.0,5000.0,1827,,New,0,,,,
1605,101,4,RSL/22-23/38,2022-04-29 00:00:00,2,102,JAYSHREE ROUT,"BBSR
",17281.55,0.0,17281.55,518.44,0.0,17800.0,0,0.0,0,0.0,0.0,17800.0,1828,,New,0,,,,
1606,101,4,RSL/22-23/39,2022-04-29 00:00:00,2,102,SUBAS,"BBSR
",14563.11,0.0,14563.11,436.9,0.0,15000.0,0,0.0,0,0.0,0.0,15000.0,1829,,New,0,,,,
1607,101,4,RSL/22-23/40,2022-04-30 00:00:00,2,102,DEEPAK,"BBSR
",5339.81,0.0,5339.81,160.2,0.0,5500.0,0,0.0,0,0.0,0.0,5500.0,1830,,New,0,,,,
1608,101,4,RSL/22-23/41,2022-05-01 00:00:00,2,102,ARUN,"BBSR
",128155.34,0.0,128155.34,3844.66,0.0,132000.0,0,0.0,0,0.0,0.0,132000.0,1831,,New,0,,,,
1609,101,4,RSL/22-23/42,2022-05-02 00:00:00,2,102,SANTOSH,"BBSR
",16019.42,0.0,16019.42,480.58,0.0,16500.0,0,0.0,0,0.0,0.0,16500.0,1832,,New,0,,,,
1610,101,4,RSL/22-23/43,2022-05-02 00:00:00,2,102,DEEPAK,"BBSR
",2912.62,0.0,2912.62,87.38,0.0,3000.0,0,0.0,0,0.0,0.0,3000.0,1833,,New,0,,,,
1611,101,4,RSL/22-23/44,2022-05-03 00:00:00,2,102,AVISEK SRIVASTAV,"BBSR
",33495.42,0.0,33495.42,1004.86,-0.29,34500.29,0,0.0,0,0.0,0.0,34500.0,1834,,New,0,,,,
1612,101,4,RSL/22-23/45,2022-05-03 00:00:00,2,102,SUNIL,"BBSR
",970.87,0.0,970.87,29.12,0.0,1000.0,0,0.0,0,0.0,0.0,1000.0,1835,,New,0,,,,
1613,101,4,RSL/22-23/46,2022-05-03 00:00:00,2,102,T.GHOSH,"BBSR
",54174.76,0.0,54174.76,1625.24,0.0,55800.0,0,0.0,0,0.0,0.0,55800.0,1836,,New,0,,,,
1614,101,4,RSL/22-23/47,2022-05-03 00:00:00,2,102,RITA,"BBSR
",4368.93,0.0,4368.93,131.06,0.0,4500.0,0,0.0,0,0.0,0.0,4500.0,1837,,New,0,,,,
1615,101,4,RSL/22-23/48,2022-05-03 00:00:00,2,102,SUBRATA,"BBSR
",281.55,0.0,281.55,8.44,0.0,290.0,0,0.0,0,0.0,0.0,290.0,1838,,New,0,,,,
1616,101,4,RSL/22-23/49,2022-05-03 00:00:00,2,102,SONAM,"BBSR
",25244.0,0.0,25244.0,757.32,-0.32,26001.32,0,0.0,0,0.0,0.0,26001.0,1839,,New,0,,,,
1617,101,4,RSL/22-23/50,2022-05-03 00:00:00,2,102,GANSHYAM,"BBSR
",1796.12,0.0,1796.12,53.88,0.0,1850.0,0,0.0,0,0.0,0.0,1850.0,1840,,New,0,,,,
1618,101,4,RSL/22-23/51,2022-05-03 00:00:00,2,102,SAGARICA,"BBSR
",4368.93,0.0,4368.93,131.06,0.0,4500.0,0,0.0,0,0.0,0.0,4500.0,1841,,New,0,,,,
1619,101,4,RSL/22-23/52,2022-05-03 00:00:00,2,102,SHWETA,"BBSR
",19902.91,0.0,19902.91,597.08,0.0,20500.0,0,0.0,0,0.0,0.0,20500.0,1842,,New,0,,,,
1620,101,4,RSL/22-23/53,2022-05-03 00:00:00,2,102,DIPAK,"BBSR
",1553.4,0.0,1553.4,46.6,0.0,1600.0,0,0.0,0,0.0,0.0,1600.0,1844,,Modified,0,,,,
1621,101,4,RSL/22-23/54,2022-05-04 00:00:00,2,102,NAMITA,"BBSR
",26504.85,0.0,26504.85,795.14,0.0,27300.0,0,0.0,0,0.0,0.0,27300.0,1845,,New,0,,,,
1622,101,4,RSL/22-23/55,2022-05-05 00:00:00,2,102,BIJAY,"BBSR
",6504.85,0.0,6504.85,195.14,0.0,6700.0,0,0.0,0,0.0,0.0,6700.0,1846,,New,0,,,,
1623,101,4,RSL/22-23/56,2022-05-05 00:00:00,2,102,ASWINI,"BBSR
",66019.42,0.0,66019.42,1980.58,0.0,68000.0,0,0.0,0,0.0,0.0,68000.0,1847,,New,0,,,,
1624,101,4,RSL/22-23/57,2022-05-06 00:00:00,2,102,RAJESH,"BBSR
",6553.4,0.0,6553.4,196.6,0.0,6750.0,0,0.0,0,0.0,0.0,6750.0,1848,,New,0,,,,
1625,101,4,RSL/22-23/58,2022-05-07 00:00:00,2,102,SURESH,"BBSR
",3883.5,0.0,3883.5,116.5,0.0,4000.0,0,0.0,0,0.0,0.0,4000.0,1850,,Modified,0,,,,
1626,101,4,RSL/22-23/59,2022-05-07 00:00:00,2,102,SONAM,"BBSR
",16504.85,0.0,16504.85,495.14,0.0,17000.0,0,0.0,0,0.0,0.0,17000.0,1851,,New,0,,,,
1627,101,4,RSL/22-23/60,2022-05-08 00:00:00,2,102,M.PANDA,"LAXMISAGAR
",24466.02,0.0,24466.02,733.98,0.0,25200.0,0,0.0,0,0.0,0.0,25200.0,1852,,New,0,,,,
1628,101,4,RSL/22-23/61,2022-05-08 00:00:00,2,102,M.PANDA,"LAXMISAGAR
",6116.5,0.0,6116.5,183.5,0.0,6300.0,0,0.0,0,0.0,0.0,6300.0,1853,,New,0,,,,
1629,101,4,RSL/22-23/62,2022-05-08 00:00:00,2,102,AFRIA,"BBSR
",12330.1,0.0,12330.1,369.9,0.0,12700.0,0,0.0,0,0.0,0.0,12700.0,1854,,New,0,,,,
1630,101,4,RSL/22-23/63,2022-05-10 00:00:00,2,102,AFRIA,"BBSR
",6504.85,0.0,6504.85,195.14,0.0,6700.0,0,0.0,0,0.0,0.0,6700.0,1855,,New,0,,,,
1631,101,4,RSL/22-23/64,2022-05-10 00:00:00,2,102,ASWINI,"BBSR
",97378.64,0.0,97378.64,2921.36,0.02,100299.98,0,0.0,0,0.0,0.0,100300.0,1857,,Modified,0,,,,
1632,101,4,RSL/22-23/65,2022-05-11 00:00:00,2,102,SACHIN,"BBSR
",24271.84,0.0,24271.84,728.16,0.0,25000.0,0,0.0,0,0.0,0.0,25000.0,1858,,New,0,,,,
1633,101,4,RSL/22-23/66,2022-05-12 00:00:00,2,102,SANJIT,"BBSR
",33495.15,0.0,33495.15,1004.86,0.0,34500.0,0,0.0,0,0.0,0.0,34500.0,1859,,New,0,,,,
1634,101,4,RSL/22-23/67,2022-05-13 00:00:00,2,102,SANJAY,"BBSR
",8737.86,0.0,8737.86,262.14,0.0,9000.0,0,0.0,0,0.0,0.0,9000.0,1860,,New,0,,,,
1635,101,4,RSL/22-23/68,2022-05-14 00:00:00,2,102,SHIVAM,"BBSR
",6990.29,0.0,6990.29,209.7,0.0,7200.0,0,0.0,0,0.0,0.0,7200.0,1861,,New,0,,,,
1636,101,4,RSL/22-23/69,2022-05-15 00:00:00,2,102,DINESH,"BBSR
",15533.98,0.0,15533.98,466.02,0.0,16000.0,0,0.0,0,0.0,0.0,16000.0,1862,,New,0,,,,
1637,101,4,RSL/22-23/70,2022-05-16 00:00:00,2,102,BIKRAM,"BBSR
",45145.63,0.0,45145.63,1354.36,0.0,46500.0,0,0.0,0,0.0,0.0,46500.0,1863,,New,0,,,,
1638,101,4,RSL/22-23/71,2022-05-17 00:00:00,2,102,PARTAP,"BBSR
",16504.85,0.0,16504.85,495.14,0.0,17000.0,0,0.0,0,0.0,0.0,17000.0,1864,,New,0,,,,
1639,101,4,RSL/22-23/72,2022-05-18 00:00:00,2,102,PRIYA SWAIN,"BBSR
",26971.06,0.0,26971.06,809.14,-0.19,27780.19,0,0.0,0,0.0,0.0,27780.0,1865,,New,0,,,,
1640,101,4,RSL/22-23/73,2022-05-19 00:00:00,2,102,RAJESH JENA,"BBSR
",15533.98,0.0,15533.98,466.02,0.0,16000.0,0,0.0,0,0.0,0.0,16000.0,1866,,New,0,,,,
1641,101,4,RSL/22-23/74,2022-05-20 00:00:00,2,102,AKHILESH,"BBSR
",1359.22,0.0,1359.22,40.78,0.0,1400.0,0,0.0,0,0.0,0.0,1400.0,1867,,New,0,,,,
1642,101,4,RSL/22-23/75,2022-05-20 00:00:00,2,102,SUBHRAT,"BBSR
",38834.95,0.0,38834.95,1165.04,0.0,40000.0,0,0.0,0,0.0,0.0,40000.0,1868,,New,0,,,,
1643,101,4,RSL/22-23/76,2022-05-20 00:00:00,2,102,RUPESH,"BBSR
",4368.93,0.0,4368.93,131.06,0.0,4500.0,0,0.0,0,0.0,0.0,4500.0,1869,,New,0,,,,
1644,101,4,RSL/22-23/77,2022-05-20 00:00:00,2,102,TAPAS,"BBSR
",29126.21,0.0,29126.21,873.78,0.0,30000.0,0,0.0,0,0.0,0.0,30000.0,1870,,New,0,,,,
1645,101,4,RSL/22-23/78,2022-05-21 00:00:00,2,102,GUDU,"BBSR
",3883.5,0.0,3883.5,116.5,-0.01,4000.01,0,0.0,0,0.0,0.0,4000.0,1871,,New,0,,,,
1646,101,4,RSL/22-23/79,2022-05-22 00:00:00,2,102,SUNIL,"BBSR
",14563.11,0.0,14563.11,436.9,0.0,15000.0,0,0.0,0,0.0,0.0,15000.0,1872,,New,0,,,,
1647,101,4,RSL/22-23/80,2022-05-22 00:00:00,2,102,R.PANDA,"BBSR
",2233.01,0.0,2233.01,67.0,0.0,2300.0,0,0.0,0,0.0,0.0,2300.0,1873,,New,0,,,,
1648,101,4,RSL/22-23/81,2022-05-23 00:00:00,2,102,D.PANDA,"BBSR
",107766.99,0.0,107766.99,3233.0,0.0,111000.0,0,0.0,0,0.0,0.0,111000.0,1874,,New,0,,,,
1649,101,4,RSL/22-23/82,2022-05-24 00:00:00,2,102,FIROZ,"BBSR
",7475.73,0.0,7475.73,224.28,0.0,7700.0,0,0.0,0,0.0,0.0,7700.0,1875,,New,0,,,,
1650,101,4,RSL/22-23/83,2022-05-24 00:00:00,2,102,LAXMI,"BBSR
",24271.84,0.0,24271.84,728.16,0.0,25000.0,0,0.0,0,0.0,0.0,25000.0,1876,,New,0,,,,
1651,101,4,RSL/22-23/84,2022-05-25 00:00:00,2,102,DUKHI,"BBSR
",12621.36,0.0,12621.36,378.64,0.0,13000.0,0,0.0,0,0.0,0.0,13000.0,1877,,New,0,,,,
1652,101,4,RSL/22-23/85,2022-05-26 00:00:00,2,102,UMESH SINGH,"BBSR
",40776.7,0.0,40776.7,1223.3,0.0,42000.0,0,0.0,0,0.0,0.0,42000.0,1880,,Modified,0,,,,
1653,101,4,RSL/22-23/86,2022-05-27 00:00:00,2,102,SKY KING,"BBSR
",31067.96,0.0,31067.96,932.04,0.0,32000.0,0,0.0,0,0.0,0.0,32000.0,1882,,Modified,0,,21AAGFK6430N1ZB,,
1654,101,4,RSL/22-23/87,2022-05-27 00:00:00,2,102,AJIT DAS,"BBSR
",6796.12,0.0,6796.12,203.88,0.0,7000.0,0,0.0,0,0.0,0.0,7000.0,1884,,Modified,0,,,,
1655,101,4,RSL/22-23/88,2022-05-28 00:00:00,2,102,SUPRIYA,"BBSR
",1456.31,0.0,1456.31,43.68,0.0,1500.0,0,0.0,0,0.0,0.0,1500.0,1885,,New,0,,,,
1656,101,4,RSL/22-23/89,2022-05-29 00:00:00,2,102,TUTU,"BBSR
",26106.8,0.0,26106.8,783.2,0.0,26890.0,0,0.0,0,0.0,0.0,26890.0,1886,,New,0,,,,
1657,101,4,RSL/22-23/90,2022-05-29 00:00:00,2,102,RAKESH,"BBSR
",2815.53,0.0,2815.53,84.46,0.0,2900.0,0,0.0,0,0.0,0.0,2900.0,1887,,New,0,,,,
1658,101,4,RSL/22-23/91,2022-05-29 00:00:00,2,102,NANDITA,"BBSR
",10679.61,0.0,10679.61,320.38,0.0,11000.0,0,0.0,0,0.0,0.0,11000.0,1888,,New,0,,,,
1659,101,4,RSL/22-23/92,2022-05-30 00:00:00,2,102,BIBEKA,"BBSR
",2135.92,0.0,2135.92,64.08,0.0,2200.0,0,0.0,0,0.0,0.0,2200.0,1889,,New,0,,,,
1660,101,4,RSL/22-23/93,2022-05-30 00:00:00,2,102,DINESH SWAIN,"BBSR
",14077.67,0.0,14077.67,422.34,0.0,14500.0,0,0.0,0,0.0,0.0,14500.0,1890,,New,0,,,,
1661,101,4,RSL/22-23/94,2022-05-30 00:00:00,2,102,GUDU,"BBSR
",18932.03,0.0,18932.03,567.96,0.0,19500.0,0,0.0,0,0.0,0.0,19500.0,1891,,New,0,,,,
1662,101,4,RSL/22-23/95,2022-05-31 00:00:00,2,102,SILU SWAIN,"BBSR
",19417.48,0.0,19417.48,582.52,0.0,20000.0,0,0.0,0,0.0,0.0,20000.0,1892,,New,0,,,,
1663,101,4,RSL/22-23/96,2022-05-31 00:00:00,2,102,JIBAN JENA,"BBSR
",9902.91,0.0,9902.91,297.08,0.0,10200.0,0,0.0,0,0.0,0.0,10200.0,1893,,New,0,,,,
1664,101,4,RSL/22-23/97,2022-06-01 00:00:00,2,102,BIKASH,"BBSR
",25728.16,0.0,25728.16,771.84,0.0,26500.0,0,0.0,0,0.0,0.0,26500.0,1894,,New,0,,,,
1665,101,4,RSL/22-23/98,2022-06-02 00:00:00,2,102,YASH,"BBSR
",10194.17,0.0,10194.17,305.82,0.0,10500.0,0,0.0,0,0.0,0.0,10500.0,1895,,New,0,,,,
1666,101,4,RSL/22-23/99,2022-06-02 00:00:00,2,102,D.MUKERJI,"BBSR
",51941.75,0.0,51941.75,1558.26,0.0,53500.0,0,0.0,0,0.0,0.0,53500.0,1896,,New,0,,,,
1667,101,4,RSL/22-23/100,2022-06-03 00:00:00,2,102,D.MAJHI,"BBSR
",1359.22,0.0,1359.22,40.78,0.0,1400.0,0,0.0,0,0.0,0.0,1400.0,1897,,New,0,,,,
1668,101,4,RSL/22-23/101,2022-06-03 00:00:00,2,102,DEEPAK,"BBSR
",970.87,0.0,970.87,29.12,0.01,999.99,0,0.0,0,0.0,0.0,1000.0,1899,,Modified,0,,,,
1669,101,4,RSL/22-23/102,2022-06-04 00:00:00,2,102,D.MUKERJI,"BBSR
",35922.33,0.0,35922.33,1077.66,0.0,37000.0,0,0.0,0,0.0,0.0,37000.0,1900,,New,0,,,,
1670,101,4,RSL/22-23/103,2022-06-05 00:00:00,2,102,SAI,"BBSR
",8737.86,0.0,8737.86,262.14,0.0,9000.0,0,0.0,0,0.0,0.0,9000.0,1901,,New,0,,,,
1671,101,4,RSL/22-23/104,2022-06-06 00:00:00,2,102,PRAVAT,"BBSR
",9708.74,0.0,9708.74,291.26,0.0,10000.0,0,0.0,0,0.0,0.0,10000.0,1902,,New,0,,,,
1672,101,4,RSL/22-23/105,2022-06-07 00:00:00,2,102,GYANA,"BBSR
",67961.17,0.0,67961.17,2038.84,-0.01,70000.01,0,0.0,0,0.0,0.0,70000.0,1903,,New,0,,,,
1673,101,4,RSL/22-23/106,2022-06-08 00:00:00,2,102,RAJESH,"BBSR
",69417.48,0.0,69417.48,2082.52,0.0,71500.0,0,0.0,0,0.0,0.0,71500.0,1904,,New,0,,,,
1674,101,4,RSL/22-23/107,2022-06-09 00:00:00,2,102,DEEPTI,"BBSR
",46504.86,0.0,46504.86,1395.14,0.0,47900.0,0,0.0,0,0.0,0.0,47900.0,1905,,New,0,,,,
1675,101,4,RSL/22-23/108,2022-06-10 00:00:00,2,102,P.PATRA,"BBSR
",776.7,0.0,776.7,23.3,0.0,800.0,0,0.0,0,0.0,0.0,800.0,1906,,New,0,,,,
1676,101,4,RSL/22-23/109,2022-06-11 00:00:00,2,102,S.K.BEHERA,"BBSR
",1747.57,0.0,1747.57,52.42,0.0,1800.0,0,0.0,0,0.0,0.0,1800.0,1907,,New,0,,,,
1677,101,4,RSL/22-23/110,2022-06-12 00:00:00,2,102,CHOTU,"BBSR

",25242.72,0.0,25242.72,757.28,0.0,26000.0,0,0.0,0,0.0,0.0,26000.0,1908,,New,0,,,,
1678,101,4,RSL/22-23/111,2022-06-13 00:00:00,2,102,SONI DAS,"BBSR
",1213.59,0.0,1213.59,36.4,0.0,1250.0,0,0.0,0,0.0,0.0,1250.0,1909,,New,0,,,,
1679,101,4,RSL/22-23/112,2022-06-13 00:00:00,2,102,KISHAN,"BBSR
",5825.24,0.0,5825.24,174.76,0.0,6000.0,0,0.0,0,0.0,0.0,6000.0,1912,,Modified,0,,,,
1680,101,4,RSL/22-23/113,2022-06-14 00:00:00,2,102,DEEPAK,"BBSR
",5194.17,0.0,5194.17,155.82,0.01,5349.99,0,0.0,0,0.0,0.0,5350.0,1913,,Modified,0,,,,
1681,101,4,RSL/22-23/114,2022-06-14 00:00:00,2,102,SUBHRAT,"BBSR
",20388.35,0.0,20388.35,611.66,-0.01,21000.01,0,0.0,0,0.0,0.0,21000.0,1915,,Modified,0,,,,
1682,101,4,RSL/22-23/115,2022-06-14 00:00:00,2,102,R.JHA,"BBSR
",3786.41,0.0,3786.41,113.6,0.0,3900.0,0,0.0,0,0.0,0.0,3900.0,1916,,New,0,,,,
1683,101,4,RSL/22-23/116,2022-06-14 00:00:00,2,102,A.SUBUDHI,"BBSR
",38834.95,0.0,38834.95,1165.04,0.0,40000.0,0,0.0,0,0.0,0.0,40000.0,1917,,New,0,,,,
1684,101,4,RSL/22-23/117,2022-06-14 00:00:00,2,102,SUSANT BEHERA,BBSR,83398.05,0.0,83398.05,2501.94,0.01,85899.99,0,0.0,0,0.0,0.0,85900.0,2304,,Modified,0,,,,
1685,101,4,RSL/22-23/118,2022-06-16 00:00:00,2,102,ASUTOSH,"BBSR
",4563.11,0.0,4563.11,136.9,-0.01,4700.01,0,0.0,0,0.0,0.0,4700.0,1920,,Modified,0,,,,
1686,101,4,RSL/22-23/119,2022-06-17 00:00:00,2,102,RASHI,"BBSR
",35922.33,0.0,35922.33,1077.66,0.0,37000.0,0,0.0,0,0.0,0.0,37000.0,1921,,New,0,,,,
1687,101,4,RSL/22-23/120,2022-06-17 00:00:00,2,102,SABITA,"BBSR
",194174.75,0.0,194174.75,5825.24,0.0,200000.0,0,0.0,0,0.0,0.0,200000.0,1922,,New,0,,,,
1688,101,4,RSL/22-23/121,2022-06-18 00:00:00,2,102,R.PANDA,"BBSR
",9708.74,0.0,9708.74,291.26,0.0,10000.0,0,0.0,0,0.0,0.0,10000.0,1923,,New,0,,,,
1689,101,4,RSL/22-23/122,2022-06-18 00:00:00,2,102,H.CHOTRAY,"BBSR
",78640.77,0.0,78640.77,2359.22,0.01,80999.99,0,0.0,0,0.0,0.0,81000.0,1925,,Modified,0,,,,
1690,101,4,RSL/22-23/123,2022-06-18 00:00:00,2,102,HOMESHOP,"BBSR
",16067.96,0.0,16067.96,482.04,0.0,16550.0,0,0.0,0,0.0,0.0,16550.0,1927,,Modified,0,,21BSYPB8602G1ZS,,
1691,101,4,RSL/22-23/124,2022-06-19 00:00:00,2,102,BUTU,"BBSR
",2135.92,0.0,2135.92,64.08,0.0,2200.0,0,0.0,0,0.0,0.0,2200.0,1928,,New,0,,,,
1692,101,4,RSL/22-23/125,2022-06-20 00:00:00,2,102,H.CHOTRAY,"BBSR
",89320.39,0.0,89320.39,2679.62,-0.01,92000.01,0,0.0,0,0.0,0.0,92000.0,1929,,New,0,,,,
1693,101,4,RSL/22-23/126,2022-06-21 00:00:00,2,102,JAYDEV NAYAK,"BBSR
",4174.76,0.0,4174.76,125.24,0.0,4300.0,0,0.0,0,0.0,0.0,4300.0,1930,,New,8895881163,,,,
1694,101,4,RSL/22-23/127,2022-06-21 00:00:00,2,102,CHOTU DAS,"BBSR
",23786.41,0.0,23786.41,713.6,0.0,24500.0,0,0.0,0,0.0,0.0,24500.0,1931,,New,0,,,,
1695,101,4,RSL/22-23/128,2022-06-22 00:00:00,2,102,PAPU,"BBSR
",13592.23,0.0,13592.23,407.76,0.0,14000.0,0,0.0,0,0.0,0.0,14000.0,1932,,New,0,,,,
1696,101,4,RSL/22-23/129,2022-06-23 00:00:00,2,102,M.JENA,"BBSR
",1941.75,0.0,1941.75,58.26,0.0,2000.0,0,0.0,0,0.0,0.0,2000.0,1933,,New,0,,,,
1697,101,4,RSL/22-23/130,2022-06-24 00:00:00,2,102,SUNIL,"BBSR
",18446.6,0.0,18446.6,553.4,0.0,19000.0,0,0.0,0,0.0,0.0,19000.0,1934,,New,0,,,,
1698,101,4,RSL/22-23/131,2022-06-24 00:00:00,2,102,SACHIN,"BBSR
",13203.88,0.0,13203.88,396.12,0.0,13600.0,0,0.0,0,0.0,0.0,13600.0,1935,,New,0,,,,
1699,101,4,RSL/22-23/132,2022-06-24 00:00:00,2,102,KAFIL,"BBSR
",1067.96,0.0,1067.96,32.04,0.0,1100.0,0,0.0,0,0.0,0.0,1100.0,1936,,New,0,,,,
1700,101,4,RSL/22-23/133,2022-06-25 00:00:00,2,102,KHUSI,"BBSR
",50970.87,0.0,50970.87,1529.12,0.0,52500.0,0,0.0,0,0.0,0.0,52500.0,1937,,New,0,,,,
1701,101,4,RSL/22-23/134,2022-06-25 00:00:00,2,102,SUNIL KU PATRA,"BBSR
",4854.37,0.0,4854.37,145.64,-0.01,5000.01,0,0.0,0,0.0,0.0,5000.0,1939,,Modified,0,,,,
1702,101,4,RSL/22-23/135,2022-06-25 00:00:00,2,102,ABHIJEET,"BBSR
",12330.1,0.0,12330.1,369.9,0.0,12700.0,0,0.0,0,0.0,0.0,12700.0,1940,,New,0,,,,
1703,101,4,RSL/22-23/136,2022-06-26 00:00:00,2,102,SUBAL SAHU,"BBSR
",3592.23,0.0,3592.23,107.76,0.0,3700.0,0,0.0,0,0.0,0.0,3700.0,1941,,New,0,,,,
1704,101,4,RSL/22-23/137,2022-06-26 00:00:00,2,102,ROHIT,"BBSR
",2233.01,0.0,2233.01,67.0,0.0,2300.0,0,0.0,0,0.0,0.0,2300.0,1942,,New,0,,,,
1705,101,4,RSL/22-23/138,2022-06-26 00:00:00,2,102,SOMNATH,"BBSR
",7281.55,0.0,7281.55,218.44,0.01,7499.99,0,0.0,0,0.0,0.0,7500.0,1944,,Modified,0,,,,
1706,101,4,RSL/22-23/139,2022-06-27 00:00:00,2,102,SAI PIYA JENA,"BBSR
",13203.88,0.0,13203.88,396.12,0.0,13600.0,0,0.0,0,0.0,0.0,13600.0,1945,,New,0,,,,
1707,101,4,RSL/22-23/140,2022-06-28 00:00:00,2,102,ABHISEK PATTNAIK,"BBSR
",22815.53,0.0,22815.53,684.46,0.0,23500.0,0,0.0,0,0.0,0.0,23500.0,1946,,New,0,,,,
1708,101,4,RSL/22-23/141,2022-06-28 00:00:00,2,102,MAMUNI,"BBSR
",51941.75,0.0,51941.75,1558.26,0.0,53500.0,0,0.0,0,0.0,0.0,53500.0,1947,,New,0,,,,
1709,101,4,RSL/22-23/142,2022-06-29 00:00:00,2,102,SANKET DAS,"BBSR
",49514.57,0.0,49514.57,1485.44,0.0,51000.0,0,0.0,0,0.0,0.0,51000.0,1948,,New,0,,,,
1710,101,4,RSL/22-23/143,2022-06-30 00:00:00,2,102,ROHIT,"BBSR
",12621.36,0.0,12621.36,378.64,0.0,13000.0,0,0.0,0,0.0,0.0,13000.0,1949,,New,0,,,,
1711,101,4,RSL/22-23/144,2022-07-01 00:00:00,2,102,ROHIT,"BBSR
",4854.37,0.0,4854.37,145.64,0.0,5000.0,0,0.0,0,0.0,0.0,5000.0,1950,,New,0,,,,
1712,101,4,RSL/22-23/145,2022-07-02 00:00:00,2,102,S.SWAIN,"BBSR
",6310.68,0.0,6310.68,189.32,0.0,6500.0,0,0.0,0,0.0,0.0,6500.0,1951,,New,0,,,,
1713,101,4,RSL/22-23/146,2022-07-02 00:00:00,2,102,JYOTSANA,"BBSR
",24757.71,0.0,24757.71,742.74,-0.45,25500.45,0,0.0,0,0.0,0.0,25500.0,1958,,Modified,0,,,,
1714,101,4,RSL/22-23/147,2022-07-03 00:00:00,2,102,BIKASH,"BBSR
",27184.47,0.0,27184.47,815.54,0.0,28000.0,0,0.0,0,0.0,0.0,28000.0,1953,,New,0,,,,
1715,101,4,RSL/22-23/148,2022-07-03 00:00:00,2,102,PRIYANKA,"BBSR
",20388.35,0.0,20388.35,611.66,0.0,21000.0,0,0.0,0,0.0,0.0,21000.0,1954,,New,0,,,,
1716,101,4,RSL/22-23/149,2022-07-03 00:00:00,2,102,ASHOK PANDA,"BBSR
",16990.29,0.0,16990.29,509.7,0.0,17500.0,0,0.0,0,0.0,0.0,17500.0,1955,,New,0,,,,
1717,101,4,RSL/22-23/150,2022-07-03 00:00:00,2,102,SWAGTIKA,"BBSR
",21941.75,0.0,21941.75,658.26,0.0,22600.0,0,0.0,0,0.0,0.0,22600.0,1956,,New,0,,,,
1718,101,4,RSL/22-23/151,2022-07-04 00:00:00,2,102,AMULYA,"BBSR
",13495.15,0.0,13495.15,404.86,0.0,13900.0,0,0.0,0,0.0,0.0,13900.0,1959,,New,0,,,,
1719,101,4,RSL/22-23/152,2022-07-04 00:00:00,2,102,S.MOHARANA,"BBSR
",10679.61,0.0,10679.61,320.38,0.0,11000.0,0,0.0,0,0.0,0.0,11000.0,1960,,New,0,,,,
1720,101,4,RSL/22-23/153,2022-07-05 00:00:00,2,102,DEEPAK,"BBSR
",3883.5,0.0,3883.5,116.5,-0.01,4000.01,0,0.0,0,0.0,0.0,4000.0,1961,,New,0,,,,
1721,101,4,RSL/22-23/154,2022-07-06 00:00:00,2,102,SANJAY,"BBSR
",2427.18,0.0,2427.18,72.82,0.0,2500.0,0,0.0,0,0.0,0.0,2500.0,1962,,New,0,,,,
1722,101,4,RSL/22-23/155,2022-07-07 00:00:00,2,102,RAGIMOL,"BBSR
",11165.05,0.0,11165.05,334.96,0.0,11500.0,0,0.0,0,0.0,0.0,11500.0,1963,,New,0,,,,
1723,101,4,RSL/22-23/156,2022-07-07 00:00:00,2,102,SUNITA SAHA,"BBSR
",1941.75,0.0,1941.75,58.26,0.0,2000.0,0,0.0,0,0.0,0.0,2000.0,1964,,New,0,,,,
1724,101,4,RSL/22-23/157,2022-07-07 00:00:00,2,102,MAMUNI,"BBSR
",11165.05,0.0,11165.05,334.96,0.0,11500.0,0,0.0,0,0.0,0.0,11500.0,1965,,New,0,,,,
1725,101,4,RSL/22-23/158,2022-07-08 00:00:00,2,102,SUMAN,"BBSR
",2330.1,0.0,2330.1,69.9,0.0,2400.0,0,0.0,0,0.0,0.0,2400.0,1966,,New,0,,,,
1726,101,4,RSL/22-23/159,2022-07-08 00:00:00,2,102,AFRIA,"BBSR
",20873.79,0.0,20873.79,626.22,0.0,21500.0,0,0.0,0,0.0,0.0,21500.0,1967,,New,0,,,,
1727,101,4,RSL/22-23/160,2022-07-09 00:00:00,2,102,MINULATA,"BBSR
",11456.31,0.0,11456.31,343.68,0.0,11800.0,0,0.0,0,0.0,0.0,11800.0,1968,,New,0,,,,
1728,101,4,RSL/22-23/161,2022-07-09 00:00:00,2,102,KETAN,"BBSR
",242.72,0.0,242.72,7.28,0.0,250.0,0,0.0,0,0.0,0.0,250.0,1969,,New,0,,,,
1729,101,4,RSL/22-23/162,2022-07-09 00:00:00,2,102,D.MUKERJII,"BBSR
",12621.36,0.0,12621.36,378.64,0.0,13000.0,0,0.0,0,0.0,0.0,13000.0,1970,,New,0,,,,
1730,101,4,RSL/22-23/163,2022-07-10 00:00:00,2,102,PRIYA,"BBSR
",7475.73,0.0,7475.73,224.28,0.0,7700.0,0,0.0,0,0.0,0.0,7700.0,1971,,New,0,,,,
1731,101,4,RSL/22-23/164,2022-07-11 00:00:00,2,102,D.MUKERJI,"BBSR
",485.44,0.0,485.44,14.56,0.0,500.0,0,0.0,0,0.0,0.0,500.0,1972,,New,0,,,,
1732,101,4,RSL/22-23/165,2022-07-11 00:00:00,2,102,RAKESH,"BBSR
",2621.36,0.0,2621.36,78.64,0.0,2700.0,0,0.0,0,0.0,0.0,2700.0,1973,,New,0,,,,
1733,101,4,RSL/22-23/166,2022-07-12 00:00:00,2,102,SITARAM,"BBSR
",21359.22,0.0,21359.22,640.78,0.0,22000.0,0,0.0,0,0.0,0.0,22000.0,1974,,New,0,,,,
1734,101,4,RSL/22-23/167,2022-07-13 00:00:00,2,102,RUCHI,"BBSR
",3786.41,0.0,3786.41,113.6,0.0,3900.0,0,0.0,0,0.0,0.0,3900.0,1975,,New,0,,,,
1735,101,4,RSL/22-23/168,2022-07-14 00:00:00,2,102,SONIYA,"BBSR
",4368.93,0.0,4368.93,131.06,0.0,4500.0,0,0.0,0,0.0,0.0,4500.0,1976,,New,0,,,,
1736,101,4,RSL/22-23/169,2022-07-15 00:00:00,2,102,SANTOSH,"BBSR
",29126.21,0.0,29126.21,873.78,0.0,30000.0,0,0.0,0,0.0,0.0,30000.0,1977,,New,0,,,,
1737,101,4,RSL/22-23/170,2022-07-16 00:00:00,2,102,SAHIL,"BBSR
",3106.8,0.0,3106.8,93.2,0.0,3200.0,0,0.0,0,0.0,0.0,3200.0,1978,,New,0,,,,
1738,101,4,RSL/22-23/171,2022-07-17 00:00:00,2,102,DEV,"BBSR
",5825.24,0.0,5825.24,174.76,0.0,6000.0,0,0.0,0,0.0,0.0,6000.0,1979,,New,0,,,,
1739,101,4,RSL/22-23/172,2022-07-18 00:00:00,2,102,KRISHNA DEV SINGH,"BBSR
",119417.48,0.0,119417.48,3582.52,0.0,123000.0,0,0.0,0,0.0,0.0,123000.0,1980,,New,0,,,,
1740,101,4,RSL/22-23/173,2022-07-18 00:00:00,2,102,MANOJ PRADHAN,"BBSR
",34466.02,0.0,34466.02,1033.98,0.0,35500.0,0,0.0,0,0.0,0.0,35500.0,1981,,New,0,,,,
1741,101,4,RSL/22-23/174,2022-07-18 00:00:00,2,102,JAY GURU RAJBANSHI,"BBSR
",24757.28,0.0,24757.28,742.72,0.0,25500.0,0,0.0,0,0.0,0.0,25500.0,1982,,New,0,,,,
1742,101,4,RSL/22-23/175,2022-07-20 00:00:00,2,102,D.BEHERA,"BBSR
",776.7,0.0,776.7,23.3,0.0,800.0,0,0.0,0,0.0,0.0,800.0,1983,,New,0,,,,
1743,101,4,RSL/22-23/176,2022-07-21 00:00:00,2,102,B.DAS,"BBSR
",85436.9,0.0,85436.9,2563.1,-0.02,88000.02,0,0.0,0,0.0,0.0,88000.0,1985,,Modified,0,,,,
1744,101,4,RSL/22-23/177,2022-07-22 00:00:00,2,102,AKHILESH,"BBSR
",1941.75,0.0,1941.75,58.26,0.0,2000.0,0,0.0,0,0.0,0.0,2000.0,1986,,New,0,,,,
1745,101,4,RSL/22-23/178,2022-07-23 00:00:00,2,102,SWAGTIKA,"BBSR

",15533.98,0.0,15533.98,466.02,0.0,16000.0,0,0.0,0,0.0,0.0,16000.0,1987,,New,0,,,,
1746,101,4,RSL/22-23/179,2022-07-24 00:00:00,2,102,GOVIDAM,"BBSR
",8737.86,0.0,8737.86,262.14,0.0,9000.0,0,0.0,0,0.0,0.0,9000.0,1988,,New,0,,,,
1747,101,4,RSL/22-23/180,2022-07-24 00:00:00,2,102,VIKASH,"BBSR
",242.72,0.0,242.72,7.28,0.0,250.0,0,0.0,0,0.0,0.0,250.0,1990,,Modified,0,,,,
1748,101,4,RSL/22-23/181,2022-07-25 00:00:00,2,102,SABITA,"BBSR
",21262.14,0.0,21262.14,637.86,0.0,21900.0,0,0.0,0,0.0,0.0,21900.0,1991,,New,0,,,,
1749,101,4,RSL/22-23/182,2022-07-26 00:00:00,2,102,GOVIDAM,"BBSR
",14563.11,0.0,14563.11,436.9,0.0,15000.0,0,0.0,0,0.0,0.0,15000.0,1992,,New,0,,,,
1750,101,4,RSL/22-23/183,2022-07-27 00:00:00,2,102,RAKESH,"
",11165.05,0.0,11165.05,334.96,0.0,11500.0,0,0.0,0,0.0,0.0,11500.0,1993,,New,0,,,,
1751,101,4,RSL/22-23/184,2022-07-28 00:00:00,2,102,ROMA,"BBSR
",6601.94,0.0,6601.94,198.06,0.0,6800.0,0,0.0,0,0.0,0.0,6800.0,1994,,New,0,,,,
1752,101,4,RSL/22-23/185,2022-07-29 00:00:00,2,102,ROHIT,"BBSR
",4854.37,0.0,4854.37,145.64,0.0,5000.0,0,0.0,0,0.0,0.0,5000.0,1995,,New,0,,,,
1753,101,4,RSL/22-23/186,2022-07-29 00:00:00,2,102,SWARNALATA,"BBSR
",1699.03,0.0,1699.03,50.98,0.0,1750.0,0,0.0,0,0.0,0.0,1750.0,1996,,New,0,,,,
1754,101,4,RSL/22-23/187,2022-07-30 00:00:00,2,102,RANJAN,"BBSR
",2427.18,0.0,2427.18,72.82,0.0,2500.0,0,0.0,0,0.0,0.0,2500.0,1997,,New,0,,,,
1755,101,4,RSL/22-23/188,2022-07-31 00:00:00,2,102,GURU,"BBSR
",4854.37,0.0,4854.37,145.64,0.0,5000.0,0,0.0,0,0.0,0.0,5000.0,1998,,New,0,,,,
1756,101,4,RSL/22-23/189,2022-08-01 00:00:00,2,102,SUNNY,"BBSR
",14563.11,0.0,14563.11,436.9,0.0,15000.0,0,0.0,0,0.0,0.0,15000.0,1999,,New,0,,,,
1757,101,4,RSL/22-23/190,2022-08-01 00:00:00,2,102,DEEPAK,"BBSR
",90776.7,0.0,90776.7,2723.3,0.0,93500.0,0,0.0,0,0.0,0.0,93500.0,2000,,New,0,,,,
1758,101,4,RSL/22-23/191,2022-08-02 00:00:00,2,102,AKHIL,"BBSR
",13786.41,0.0,13786.41,413.6,0.0,14200.0,0,0.0,0,0.0,0.0,14200.0,2001,,New,0,,,,
1759,101,4,RSL/22-23/192,2022-08-02 00:00:00,2,102,ROMA,"BBSR
",8737.86,0.0,8737.86,262.14,0.0,9000.0,0,0.0,0,0.0,0.0,9000.0,2003,,Modified,0,,,,
1760,101,4,RSL/22-23/193,2022-08-03 00:00:00,2,102,RESMA DASH,"BBSR
",9902.91,0.0,9902.91,297.08,0.0,10200.0,0,0.0,0,0.0,0.0,10200.0,2004,,New,0,,,,
1761,101,4,RSL/22-23/194,2022-08-04 00:00:00,2,102,AMIT,"BBSR
",776.7,0.0,776.7,23.3,0.0,800.0,0,0.0,0,0.0,0.0,800.0,2005,,New,0,,,,
1762,101,4,RSL/22-23/195,2022-08-04 00:00:00,2,102,NEELAM,"BBSR
",12135.92,0.0,12135.92,364.08,0.0,12500.0,0,0.0,0,0.0,0.0,12500.0,2006,,New,0,,,,
1763,101,4,RSL/22-23/196,2022-08-05 00:00:00,2,102,MUNA,"BBSR
",4854.37,0.0,4854.37,145.64,0.0,5000.0,0,0.0,0,0.0,0.0,5000.0,2007,,New,0,,,,
1764,101,4,RSL/22-23/197,2022-08-06 00:00:00,2,102,UMA PATTNAIK,"BBS
R
",91262.14,0.0,91262.14,2737.86,0.0,94000.0,0,0.0,0,0.0,0.0,94000.0,2008,,New,0,,,,
1765,101,4,RSL/22-23/198,2022-08-06 00:00:00,2,102,DIPAK,"BBSR
",291.26,0.0,291.26,8.74,0.0,300.0,0,0.0,0,0.0,0.0,300.0,2009,,New,0,,,,
1766,101,4,RSL/22-23/199,2022-08-07 00:00:00,2,102,RAKESH SWAIN,"BBSR
",4854.37,0.0,4854.37,145.64,0.0,5000.0,0,0.0,0,0.0,0.0,5000.0,2010,,New,0,,,,
1767,101,4,RSL/22-23/200,2022-08-08 00:00:00,2,102,A AGARWAL,"BBSR
",4757.28,0.0,4757.28,142.72,0.0,4900.0,0,0.0,0,0.0,0.0,4900.0,2011,,New,0,,,,
1768,101,4,RSL/22-23/201,2022-08-09 00:00:00,2,102,S.PATTNAIK,"BBSR
",42718.45,0.0,42718.45,1281.56,-0.01,44000.01,0,0.0,0,0.0,0.0,44000.0,2013,,Modified,0,,,,
1769,101,4,RSL/22-23/202,2022-08-10 00:00:00,2,102,KOMAL,"BBSR
",22330.1,0.0,22330.1,669.9,0.0,23000.0,0,0.0,0,0.0,0.0,23000.0,2014,,New,0,,,,
1770,101,4,RSL/22-23/203,2022-08-10 00:00:00,2,102,S.PANIGRAHI,"BBSR
",970.87,0.0,970.87,29.12,0.0,1000.0,0,0.0,0,0.0,0.0,1000.0,2015,,New,0,,,,
1771,101,4,RSL/22-23/204,2022-08-10 00:00:00,2,102,RANJEET,"BBSR
",22815.53,0.0,22815.53,684.46,0.0,23500.0,0,0.0,0,0.0,0.0,23500.0,2016,,New,0,,,,
1772,101,4,RSL/22-23/205,2022-08-11 00:00:00,2,102,S.KUMAR,"BBSR
",1067.96,0.0,1067.96,32.04,0.0,1100.0,0,0.0,0,0.0,0.0,1100.0,2017,,New,0,,,,
1773,101,4,RSL/22-23/206,2022-08-11 00:00:00,2,102,H.GOVIDAM,"BBSR
",1553.4,0.0,1553.4,46.6,0.0,1600.0,0,0.0,0,0.0,0.0,1600.0,2018,,New,0,,,,
1774,101,4,RSL/22-23/207,2022-08-11 00:00:00,2,102,P.PADHI,"BBSR
",2718.45,0.0,2718.45,81.56,0.0,2800.0,0,0.0,0,0.0,0.0,2800.0,2019,,New,0,,,,
1775,101,4,RSL/22-23/208,2022-08-12 00:00:00,2,102,SAI PIYA JENA,"BBSR
",1941.75,0.0,1941.75,58.26,0.0,2000.0,0,0.0,0,0.0,0.0,2000.0,2020,,New,0,,,,
1776,101,4,RSL/22-23/209,2022-08-13 00:00:00,2,102,MANISHA,"BBSR
",30097.09,0.0,30097.09,902.92,0.0,31000.0,0,0.0,0,0.0,0.0,31000.0,2021,,New,0,,,,
1777,101,4,RSL/22-23/210,2022-08-13 00:00:00,2,102,RENUKA SHARMA,"BBSR
",21359.22,0.0,21359.22,640.78,0.0,22000.0,0,0.0,0,0.0,0.0,22000.0,2022,,New,0,,,,
1778,101,4,RSL/22-23/211,2022-08-14 00:00:00,2,102,FIROZ,"BBSR
",2912.62,0.0,2912.62,87.38,0.0,3000.0,0,0.0,0,0.0,0.0,3000.0,2023,,New,0,,,,
1779,101,4,RSL/22-23/212,2022-08-15 00:00:00,2,102,B.SWAIN,"BBSR
",4368.93,0.0,4368.93,131.06,0.0,4500.0,0,0.0,0,0.0,0.0,4500.0,2024,,New,0,,,,
1780,101,4,RSL/22-23/213,2022-08-16 00:00:00,2,102,T.GHOSH,"BBSR
",1165.05,0.0,1165.05,34.96,0.0,1200.0,0,0.0,0,0.0,0.0,1200.0,2025,,New,0,,,,
1781,101,4,RSL/22-23/214,2022-08-17 00:00:00,2,102,BICKY,"BBSR
",4368.93,0.0,4368.93,131.06,0.0,4500.0,0,0.0,0,0.0,0.0,4500.0,2026,,New,0,,,,
1782,101,4,RSL/22-23/215,2022-08-18 00:00:00,2,102,RANJAN,"BBSR
",4368.93,0.0,4368.93,131.06,0.0,4500.0,0,0.0,0,0.0,0.0,4500.0,2027,,New,0,,,,
1783,101,4,RSL/22-23/216,2022-08-19 00:00:00,2,102,SHYAM,"BBSR
",57281.55,0.0,57281.55,1718.44,0.0,59000.0,0,0.0,0,0.0,0.0,59000.0,2028,,New,0,,,,
1784,101,4,RSL/22-23/217,2022-08-20 00:00:00,2,102,P.JENA,"BBSR
",291.26,0.0,291.26,8.74,0.0,300.0,0,0.0,0,0.0,0.0,300.0,2029,,New,0,,,,
1785,101,4,RSL/22-23/218,2022-08-21 00:00:00,2,102,B.MOHAPTRA,"BBSR
",11650.49,0.0,11650.49,349.52,0.0,12000.0,0,0.0,0,0.0,0.0,12000.0,2030,,New,0,,,,
1786,101,4,RSL/22-23/219,2022-08-21 00:00:00,2,102,RENUKA,"BBSR
",19417.48,0.0,19417.48,582.52,0.0,20000.0,0,0.0,0,0.0,0.0,20000.0,2031,,New,0,,,,
1787,101,4,RSL/22-23/220,2022-08-22 00:00:00,2,102,ALOK,"BBSR
",3883.5,0.0,3883.5,116.5,-0.01,4000.01,0,0.0,0,0.0,0.0,4000.0,2032,,New,0,,,,
1788,101,4,RSL/22-23/221,2022-08-22 00:00:00,2,102,SANTOSH,"BBSR
",873.79,0.0,873.79,26.22,0.0,900.0,0,0.0,0,0.0,0.0,900.0,2033,,New,0,,,,
1789,101,4,RSL/22-23/222,2022-08-23 00:00:00,2,102,PAPU,"BBSR
",2427.18,0.0,2427.18,72.82,0.0,2500.0,0,0.0,0,0.0,0.0,2500.0,2034,,New,0,,,,
1790,101,4,RSL/22-23/223,2022-08-23 00:00:00,2,102,HARERAM,"BBSR
",10194.17,0.0,10194.17,305.82,0.0,10500.0,0,0.0,0,0.0,0.0,10500.0,2035,,New,0,,,,
1791,101,4,RSL/22-23/224,2022-08-24 00:00:00,2,102,BABULU,"BBSR
",13106.8,0.0,13106.8,393.2,0.0,13500.0,0,0.0,0,0.0,0.0,13500.0,2062,,Modified,0,,,,
1792,101,4,RSL/22-23/225,2022-08-25 00:00:00,2,102,ARUN,"BBSR
",10194.17,0.0,10194.17,305.82,0.0,10500.0,0,0.0,0,0.0,0.0,10500.0,2063,,New,0,,,,
1793,101,4,RSL/22-23/226,2022-08-26 00:00:00,2,102,RAKESH,"BBSR
",3495.15,0.0,3495.15,104.86,0.0,3600.0,0,0.0,0,0.0,0.0,3600.0,2064,,New,0,,,,
1794,101,4,RSL/22-23/227,2022-08-27 00:00:00,2,102,DIBYA,"BBSR
",2038.83,0.0,2038.83,61.16,0.01,2099.99,0,0.0,0,0.0,0.0,2100.0,2065,,New,0,,,,
1795,101,4,RSL/22-23/228,2022-08-28 00:00:00,2,102,SAILESH,"BBSR
",19902.91,0.0,19902.91,597.08,0.0,20500.0,0,0.0,0,0.0,0.0,20500.0,2066,,New,0,,,,
1796,101,4,RSL/22-23/229,2022-08-29 00:00:00,2,102,ABDUL SATTAR,"BBSR
",20873.79,0.0,20873.79,626.22,0.0,21500.0,0,0.0,0,0.0,0.0,21500.0,2067,,New,0,,,,
1797,101,4,RSL/22-23/230,2022-08-30 00:00:00,2,102,RAVI,"BBSR
",5339.81,0.0,5339.81,160.2,0.0,5500.0,0,0.0,0,0.0,0.0,5500.0,2068,,New,0,,,,
1798,101,4,RSL/22-23/231,2022-08-31 00:00:00,2,102,SULTANA,"BBSR
",19417.48,0.0,19417.48,582.52,0.0,20000.0,0,0.0,0,0.0,0.0,20000.0,2069,,New,0,,,,
1799,101,4,RSL/22-23/232,2022-09-01 00:00:00,2,102,GANESH,"BBSR
",16310.68,0.0,16310.68,489.32,0.0,16800.0,0,0.0,0,0.0,0.0,16800.0,2070,,New,0,,,,
1800,101,4,RSL/22-23/233,2022-09-02 00:00:00,2,102,FIROZ,"BBSR
",24271.84,0.0,24271.84,728.16,0.0,25000.0,0,0.0,0,0.0,0.0,25000.0,2071,,New,0,,,,
1801,101,4,RSL/22-23/234,2022-09-03 00:00:00,2,102,RAMA SAHOO,"BBSR
",16407.77,0.0,16407.77,492.24,0.0,16900.0,0,0.0,0,0.0,0.0,16900.0,2072,,New,0,,,,
1802,101,4,RSL/22-23/235,2022-09-05 00:00:00,2,102,RAMESH,"BBSR
",4368.93,0.0,4368.93,131.06,0.0,4500.0,0,0.0,0,0.0,0.0,4500.0,2073,,New,0,,,,
1803,101,4,RSL/22-23/236,2022-09-05 00:00:00,2,102,SANJAY SWAIN,"BBSR
",4077.67,0.0,4077.67,122.34,0.0,4200.0,0,0.0,0,0.0,0.0,4200.0,2074,,New,0,,,,
1804,101,4,RSL/22-23/237,2022-09-06 00:00:00,2,102,H.SINGH,"BBSR
",3398.06,0.0,3398.06,101.94,0.0,3500.0,0,0.0,0,0.0,0.0,3500.0,2075,,New,0,,,,
1805,101,4,RSL/22-23/238,2022-09-07 00:00:00,2,102,SAILESH,"BBSR
",145631.07,0.0,145631.07,4368.94,0.0,150000.0,0,0.0,0,0.0,0.0,150000.0,2076,,New,0,,,,
1806,101,4,RSL/22-23/239,2022-09-08 00:00:00,2,102,SONU,"
BBSR
",8058.25,0.0,8058.25,241.74,0.01,8299.99,0,0.0,0,0.0,0.0,8300.0,2078,,Modified,0,,,,
1807,101,4,RSL/22-23/240,2022-09-09 00:00:00,2,102,BASUDEV,"BBSR
",4854.37,0.0,4854.37,145.64,0.0,5000.0,0,0.0,0,0.0,0.0,5000.0,2079,,New,0,,,,
1808,101,4,RSL/22-23/241,2022-09-10 00:00:00,2,102,SABITA,"BBSR
",10000.0,0.0,10000.0,300.0,0.0,10300.0,0,0.0,0,0.0,0.0,10300.0,2080,,New,0,,,,
1809,101,4,RSL/22-23/242,2022-09-11 00:00:00,2,102,RUCHI,"BBSR
",5048.54,0.0,5048.54,151.46,0.0,5200.0,0,0.0,0,0.0,0.0,5200.0,2081,,New,0,,,,
1810,101,4,RSL/22-23/243,2022-09-12 00:00:00,2,102,RAJSH,"BBSR
",6601.94,0.0,6601.94,198.06,0.0,6800.0,0,0.0,0,0.0,0.0,6800.0,2082,,New,0,,,,
1811,101,4,RSL/22-23/244,2022-09-13 00:00:00,2,102,FIROZ,"BBSR
",2427.18,0.0,2427.18,72.82,0.0,2500.0,0,0.0,0,0.0,0.0,2500.0,2083,,New,0,,,,
1812,101,4,RSL/22-23/245,2022-09-14 00:00:00,2,102,LAXMI,"BBSR
",67961.86,0.0,67961.86,2038.86,0.28,70000.72,0,0.0,0,0.0,0.0,70001.0,2084,,New,0,,,,
1813,101,4,RSL/22-23/246,2022-09-15 00:00:00,2,102,KHUSI,"BBSR
",7961.17,0.0,7961.17,238.84,-0.01,8200.01,0,0.0,0,0.0,0.0,8200.0,2085,,New,0,,,,
1814,101,4,RSL/22-23/247,2022-09-15 00:00:00,2,102,DILIP,"BBSR
",4466.02,0.0,4466.02,133.98,0.0,4600.0,0,0.0,0,0.0,0.0,4600.0,2086,,New,0,,,,
1815,101,4,RSL/22-23/248,2022-09-16 00:00:00,2,102,KANHA,"BBSR
",1747.57,0.0,1747.57,52.42,0.0,1800.0,0,0.0,0,0.0,0.0,1800.0,2087,,New,0,,,,
1816,101,4,RSL/22-23/249,2022-09-17 00:00:00,2,102,JAYESH,"BBSR
",1941.75,0.0,1941.75,58.26,0.0,2000.0,0,0.0,0,0.0,0.0,2000.0,2088,,New,0,,,,
1817,101,4,RSL/22-23/250,2022-09-18 00:00:00,2,102,SANTOSH,"BBSR
",1941.75,0.0,1941.75,58.26,0.0,2000.0,0,0.0,0,0.0,0.0,2000.0,2089,,New,0,,,,
1818,101,4,RSL/22-23/251,2022-09-19 00:00:00,2,102,SUNNY,"BBSR
",1941.75,0.0,1941.75,58.26,0.0,2000.0,0,0.0,0,0.0,0.0,2000.0,2090,,New,0,,,,
1819,101,4,RSL/22-23/252,2022-09-20 00:00:00,2,102,GUDU,"BBSR
",1941.75,0.0,1941.75,58.26,0.0,2000.0,0,0.0,0,0.0,0.0,2000.0,2091,,New,0,,,,
1820,101,4,RSL/22-23/253,2022-09-21 00:00:00,2,102,GAURI,"BBSR
",3883.5,0.0,3883.5,116.5,-0.01,4000.01,0,0.0,0,0.0,0.0,4000.0,2092,,New,0,,,,
1821,101,4,RSL/22-23/254,2022-09-22 00:00:00,2,102,SUDANSHU,"BBSR
",17572.82,0.0,17572.82,527.18,0.0,18100.0,0,0.0,0,0.0,0.0,18100.0,2093,,New,0,,,,
1822,101,4,RSL/22-23/255,2022-09-23 00:00:00,2,102,DIPAK,"BBSR
",5339.81,0.0,5339.81,160.2,0.0,5500.0,0,0.0,0,0.0,0.0,5500.0,2094,,New,0,,,,
1823,101,4,RSL/22-23/256,2022-09-24 00:00:00,2,102,K.PARIJA,"BBSR
",63106.8,0.0,63106.8,1893.2,0.0,65000.0,0,0.0,0,0.0,0.0,65000.0,2096,,Modified,0,,,,
1824,101,4,RSL/22-23/257,2022-09-25 00:00:00,2,102,KAPIL,"BBSR
",2912.62,0.0,2912.62,87.38,0.0,3000.0,0,0.0,0,0.0,0.0,3000.0,2097,,New,0,,,,
1825,101,4,RSL/22-23/258,2022-09-26 00:00:00,2,102,C.DAS,"BBSR
",4854.37,0.0,4854.37,145.64,0.0,5000.0,0,0.0,0,0.0,0.0,5000.0,2098,,New,0,,,,
1826,101,4,RSL/22-23/259,2022-09-27 00:00:00,2,102,DEBJANI,"BBSR
",21359.22,0.0,21359.22,640.78,0.0,22000.0,0,0.0,0,0.0,0.0,22000.0,2099,,New,0,,,,
1827,101,4,RSL/22-23/260,2022-09-28 00:00:00,2,102,KRISHNA DEV SINGH,"BBSR
",63106.44,0.0,63106.44,1893.2,0.37,64999.63,0,0.0,0,0.0,0.0,65000.0,2101,,Modified,0,,,,
1828,101,4,RSL/22-23/261,2022-09-29 00:00:00,2,102,NAREN,"BBSR
",1941.75,0.0,1941.75,58.26,0.0,2000.0,0,0.0,0,0.0,0.0,2000.0,2102,,New,0,,,,
1829,101,4,RSL/22-23/262,2022-09-30 00:00:00,2,102,ITI,"BBSR
",1262.14,0.0,1262.14,37.86,0.0,1300.0,0,0.0,0,0.0,0.0,1300.0,2103,,New,0,,,,
1830,101,4,RSL/22-23/263,2022-10-01 00:00:00,2,102,BIKASH,"BBSR
",78641.09,0.0,78641.09,2359.24,-0.31,81000.31,0,0.0,0,0.0,0.0,81000.0,2105,,Modified,0,,,,
1831,101,4,RSL/22-23/264,2022-10-01 00:00:00,2,102,BILAS DA,"BBSR
",2912.62,0.0,2912.62,87.38,0.0,3000.0,0,0.0,0,0.0,0.0,3000.0,2106,,New,0,,,,
1832,101,4,RSL/22-23/265,2022-10-02 00:00:00,2,102,PRADIP,"BBSR
",1941.75,0.0,1941.75,58.26,0.0,2000.0,0,0.0,0,0.0,0.0,2000.0,2107,,New,0,,,,
1833,101,4,RSL/22-23/266,2022-10-02 00:00:00,2,102,K.K. ROUTRAY,"BBSR
",14563.11,0.0,14563.11,436.9,0.0,15000.0,0,0.0,0,0.0,0.0,15000.0,2108,,New,0,,,,
1834,101,4,RSL/22-23/267,2022-10-02 00:00:00,2,102,KOMAL,"BBSR
",3883.5,0.0,3883.5,116.5,0.0,4000.0,0,0.0,0,0.0,0.0,4000.0,2110,,Modified,0,,,,
1835,101,4,RSL/22-23/268,2022-10-03 00:00:00,2,102,RITESH,"BBSR
",4854.37,0.0,4854.37,145.64,0.0,5000.0,0,0.0,0,0.0,0.0,5000.0,2111,,New,0,,,,
1836,101,4,RSL/22-23/269,2022-10-04 00:00:00,2,102,SUBHRAT,"BBSR
",170194.17,0.0,170194.17,5105.82,0.0,175300.0,0,0.0,0,0.0,0.0,175300.0,2112,,New,0,,,,
1837,101,4,RSL/22-23/270,2022-10-04 00:00:00,2,102,RAMESH PADHI,"BBSR
",22038.83,0.0,22038.83,661.16,0.01,22699.99,0,0.0,0,0.0,0.0,22700.0,2113,,New,0,,,,
1838,101,4,RSL/22-23/271,2022-10-05 00:00:00,2,102,LOPAMUDRA ROUT,"BBSR
",26747.8,0.0,26747.8,802.44,-0.23,27550.23,0,0.0,0,0.0,0.0,27550.0,2114,,New,0,,,,
1839,101,4,RSL/22-23/272,2022-10-05 00:00:00,2,102,LOPA MUDRA ROUT,"BBSR
",6359.22,0.0,6359.22,190.78,0.0,6550.0,0,0.0,0,0.0,0.0,6550.0,2115,,New,0,,,,
1840,101,4,RSL/22-23/273,2022-10-07 00:00:00,2,102,SUNIL,"BBSR
",13592.23,0.0,13592.23,407.76,0.0,14000.0,0,0.0,0,0.0,0.0,14000.0,2116,,New,0,,,,
1841,101,4,RSL/22-23/274,2022-10-07 00:00:00,2,102,PARTAP KU. BEHERA,"BBSR
",18446.6,0.0,18446.6,553.4,0.0,19000.0,0,0.0,0,0.0,0.0,19000.0,2117,,New,0,,,,
1842,101,4,RSL/22-23/275,2022-10-08 00:00:00,2,102,DINESH SWAIN,"BBSR
",873.79,0.0,873.79,26.22,0.0,900.0,0,0.0,0,0.0,0.0,900.0,2118,,New,0,,,,
1843,101,4,RSL/22-23/276,2022-10-10 00:00:00,2,102,SURAJ KUMAR,"BBSR
",12543.69,0.0,12543.69,376.32,-0.01,12920.01,0,0.0,0,0.0,0.0,12920.0,2120,,Modified,0,,,,
1844,101,4,RSL/22-23/277,2022-10-11 00:00:00,2,102,K.PRADHAN,"BBSR
",4854.37,0.0,4854.37,145.64,0.0,5000.0,0,0.0,0,0.0,0.0,5000.0,2121,,New,0,,,,
1845,101,4,RSL/22-23/278,2022-10-12 00:00:00,2,102,GYANA,"BBSR
",44174.75,0.0,44174.75,1325.24,0.0,45500.0,0,0.0,0,0.0,0.0,45500.0,2122,,New,0,,,,
1846,101,4,RSL/22-23/279,2022-10-12 00:00:00,2,102,ABHIPSA,"BBSR
",4854.37,0.0,4854.37,145.64,0.0,5000.0,0,0.0,0,0.0,0.0,5000.0,2123,,New,0,,,,
1847,101,4,RSL/22-23/280,2022-10-12 00:00:00,2,102,SABITA,"BBSR
",29611.98,0.0,29611.98,888.36,-0.34,30500.34,0,0.0,0,0.0,0.0,30500.0,2124,,New,0,,,,
1848,101,4,RSL/22-23/281,2022-10-13 00:00:00,2,102,BISWAJIT,"BBSR
",5825.24,0.0,5825.24,174.76,0.0,6000.0,0,0.0,0,0.0,0.0,6000.0,2125,,New,0,,,,
1849,101,4,RSL/22-23/282,2022-10-14 00:00:00,2,102,DIBAKAR,"BBSR
",2524.27,0.0,2524.27,75.72,0.0,2600.0,0,0.0,0,0.0,0.0,2600.0,2126,,New,0,,,,
1850,101,4,RSL/22-23/283,2022-10-16 00:00:00,2,102,RAKESH,"BBSR
",66019.42,0.0,66019.42,1980.58,0.0,68000.0,0,0.0,0,0.0,0.0,68000.0,2127,,New,0,,,,
1851,101,4,RSL/22-23/284,2022-10-17 00:00:00,2,102,A.SAHOO,"BBSR
",19223.3,0.0,19223.3,576.7,0.0,19800.0,0,0.0,0,0.0,0.0,19800.0,2128,,New,0,,,,
1852,101,4,RSL/22-23/285,2022-10-18 00:00:00,2,102,RAJESH,"BBSR
",9708.74,0.0,9708.74,291.26,0.0,10000.0,0,0.0,0,0.0,0.0,10000.0,2129,,New,0,,,,
1853,101,4,RSL/22-23/286,2022-10-18 00:00:00,2,102,SANJAY,"BBSR
",97087.38,0.0,97087.38,2912.62,0.0,100000.0,0,0.0,0,0.0,0.0,100000.0,2130,,New,0,,,,
1854,101,4,RSL/22-23/287,2022-10-19 00:00:00,2,102,SUBASH,"BBSR
",1844.66,0.0,1844.66,55.34,0.0,1900.0,0,0.0,0,0.0,0.0,1900.0,2131,,New,0,,,,
1855,101,4,RSL/22-23/288,2022-10-19 00:00:00,2,102,K.K.ROUT,"BBSR
",10873.79,0.0,10873.79,326.22,0.0,11200.0,0,0.0,0,0.0,0.0,11200.0,2132,,New,0,,,,
1856,101,4,RSL/22-23/289,2022-10-20 00:00:00,2,102,MANTU,"BBSR
",2330.1,0.0,2330.1,69.9,0.0,2400.0,0,0.0,0,0.0,0.0,2400.0,2133,,New,0,,,,
1857,101,4,RSL/22-23/290,2022-10-20 00:00:00,2,102,LAXMI,"BBSR
",8252.43,0.0,8252.43,247.58,-0.01,8500.01,0,0.0,0,0.0,0.0,8500.0,2135,,Modified,0,,,,
1858,101,4,RSL/22-23/291,2022-10-21 00:00:00,2,102,ARUN,"BBSR
",2912.62,0.0,2912.62,87.38,0.0,3000.0,0,0.0,0,0.0,0.0,3000.0,2136,,New,0,,,,
1859,101,4,RSL/22-23/292,2022-10-21 00:00:00,2,102,KRUSHNA BHOI,"BBSR
",69417.48,0.0,69417.48,2082.52,0.0,71500.0,0,0.0,0,0.0,0.0,71500.0,2137,,New,0,,,,
1860,101,4,RSL/22-23/293,2022-10-21 00:00:00,2,102,BINNAYAK DIAMOND,"BBSR
",1070027.0,0.0,1070027.0,32100.82,0.19,1102127.81,0,0.0,0,0.0,0.0,1102128.0,2138,,New,0,,21FZRPS9454R1Z1,FZRPS9454R,
1861,101,4,RSL/22-23/294,2022-10-22 00:00:00,2,102,RAJIV,"BBSR
",19417.48,0.0,19417.48,582.52,0.0,20000.0,0,0.0,0,0.0,0.0,20000.0,2139,,New,0,,,,
1862,101,4,RSL/22-23/295,2022-10-22 00:00:00,2,102,JAY,"BBSR
",22330.1,0.0,22330.1,669.9,0.0,23000.0,0,0.0,0,0.0,0.0,23000.0,2140,,New,0,,,,
1863,101,4,RSL/22-23/296,2022-10-22 00:00:00,2,102,NITISH,"BBSR
",9708.74,0.0,9708.74,291.26,0.0,10000.0,0,0.0,0,0.0,0.0,10000.0,2141,,New,0,,,,
1864,101,4,RSL/22-23/297,2022-10-22 00:00:00,2,102,ANAPALLI,"BBSR
",2815.53,0.0,2815.53,84.46,0.0,2900.0,0,0.0,0,0.0,0.0,2900.0,2142,,New,0,,,,
1865,101,4,RSL/22-23/298,2022-10-22 00:00:00,2,102,GOPABANDHU,"BBSR
",13592.23,0.0,13592.23,407.76,0.0,14000.0,0,0.0,0,0.0,0.0,14000.0,2143,,New,0,,,,
1866,101,4,RSL/22-23/299,2022-10-22 00:00:00,2,102,GOPABANDHU,"BBSR
",15533.98,0.0,15533.98,466.02,0.0,16000.0,0,0.0,0,0.0,0.0,16000.0,2144,,New,0,,,,
1867,101,4,RSL/22-23/300,2022-10-22 00:00:00,2,102,ABHISEK,"BBSR
",24271.84,0.0,24271.84,728.16,0.0,25000.0,0,0.0,0,0.0,0.0,25000.0,2145,,New,0,,,,
1868,101,4,RSL/22-23/301,2022-10-22 00:00:00,2,102,H.SAHOO,"BBSR
",776.7,0.0,776.7,23.3,0.0,800.0,0,0.0,0,0.0,0.0,800.0,2146,,New,0,,,,
1869,101,4,RSL/22-23/302,2022-10-22 00:00:00,2,102,MANOJ,"BBSR
",68447.32,0.0,68447.32,2053.42,0.26,70500.74,0,0.0,0,0.0,0.0,70501.0,2208,,Modified,0,,,,
1870,101,4,RSL/22-23/303,2022-10-22 00:00:00,2,102,RAJ PANDA,"BBSR
",4854.37,0.0,4854.37,145.64,0.0,5000.0,0,0.0,0,0.0,0.0,5000.0,2148,,New,0,,,,
1871,101,4,RSL/22-23/304,2022-10-22 00:00:00,2,102,MUKUL PANDEY,"BBSR
",83689.32,0.0,83689.32,2510.68,0.0,86200.0,0,0.0,0,0.0,0.0,86200.0,2149,,New,0,,,,
1872,101,4,RSL/22-23/305,2022-10-22 00:00:00,2,102,RAKESH,"BBSR
",15533.98,0.0,15533.98,466.02,0.0,16000.0,0,0.0,0,0.0,0.0,16000.0,2150,,New,0,,,,
1873,101,4,RSL/22-23/306,2022-10-22 00:00:00,2,102,RAJESH SWAIN,"BBSR
",12135.92,0.0,12135.92,364.08,0.0,12500.0,0,0.0,0,0.0,0.0,12500.0,2151,,New,0,,,,
1874,101,4,RSL/22-23/307,2022-10-22 00:00:00,2,102,DINESH JENA,"BBSR
",35922.33,0.0,35922.33,1077.66,0.0,37000.0,0,0.0,0,0.0,0.0,37000.0,2152,,New,0,,,,
1875,101,4,RSL/22-23/308,2022-10-22 00:00:00,2,102,ROSHAN,"BBSR
",33009.71,0.0,33009.71,990.3,0.0,34000.0,0,0.0,0,0.0,0.0,34000.0,2153,,New,0,,,,
1876,101,4,RSL/22-23/309,2022-10-22 00:00:00,2,102,SANJAY PRADHAN,"BBSR
",11165.05,0.0,11165.05,334.96,0.0,11500.0,0,0.0,0,0.0,0.0,11500.0,2154,,New,0,,,,
1877,101,4,RSL/22-23/310,2022-10-22 00:00:00,2,102,PANKAJ GUPTA,"BBSR
",26213.59,0.0,26213.59,786.4,0.0,27000.0,0,0.0,0,0.0,0.0,27000.0,2155,,New,0,,,,
1878,101,4,RSL/22-23/311,2022-10-23 00:00:00,2,102,DIPEN,"BBSR
",23106.8,0.0,23106.8,693.2,0.0,23800.0,0,0.0,0,0.0,0.0,23800.0,2156,,New,0,,,,
1879,101,4,RSL/22-23/312,2022-10-23 00:00:00,2,102,BINAYA,"BBSR
",4223.3,0.0,4223.3,126.7,0.0,4350.0,0,0.0,0,0.0,0.0,4350.0,2157,,New,0,,,,
1880,101,4,RSL/22-23/313,2022-10-23 00:00:00,2,102,B.DAS,"BBSR
",776.7,0.0,776.7,23.3,0.0,800.0,0,0.0,0,0.0,0.0,800.0,2158,,New,0,,,,
1881,101,4,RSL/22-23/314,2022-10-23 00:00:00,2,102,SUDARSAN,"BBSR
",825.24,0.0,825.24,24.76,0.0,850.0,0,0.0,0,0.0,0.0,850.0,2159,,New,0,,,,
1882,101,4,RSL/22-23/315,2022-10-23 00:00:00,2,102,D.KAR,"BBSR
",339.81,0.0,339.81,10.2,0.0,350.0,0,0.0,0,0.0,0.0,350.0,2160,,New,0,,,,
1883,101,4,RSL/22-23/316,2022-10-23 00:00:00,2,102,D.MUKERJI,"BBSR
",19417.86,0.0,19417.86,582.54,-0.39,20000.39,0,0.0,0,0.0,0.0,20000.0,2161,,New,0,,,,
1884,101,4,RSL/22-23/317,2022-10-23 00:00:00,2,102,B.SAHOO,"BBSR
",339.81,0.0,339.81,10.2,0.0,350.0,0,0.0,0,0.0,0.0,350.0,2162,,New,0,,,,
1885,101,4,RSL/22-23/318,2022-10-23 00:00:00,2,102,UDAY,"BBSR
",436.89,0.0,436.89,13.1,0.0,450.0,0,0.0,0,0.0,0.0,450.0,2163,,New,0,,,,
1886,101,4,RSL/22-23/319,2022-10-23 00:00:00,2,102,S.PANDA,"BBSR
",291.26,0.0,291.26,8.74,0.0,300.0,0,0.0,0,0.0,0.0,300.0,2164,,New,0,,,,
1887,101,4,RSL/22-23/320,2022-10-23 00:00:00,2,102,RATI RANJAN,"BBSR
",3786.41,0.0,3786.41,113.6,0.0,3900.0,0,0.0,0,0.0,0.0,3900.0,2165,,New,0,,,,
1888,101,4,RSL/22-23/321,2022-10-23 00:00:00,2,102,MANAS,"BBSR
",718.45,0.0,718.45,21.56,0.0,740.0,0,0.0,0,0.0,0.0,740.0,2166,,New,0,,,,
1889,101,4,RSL/22-23/322,2022-10-23 00:00:00,2,102,MUKESH JHA,"BBSR
",825.24,0.0,825.24,24.76,0.0,850.0,0,0.0,0,0.0,0.0,850.0,2167,,New,0,,,,
1890,101,4,RSL/22-23/323,2022-10-23 00:00:00,2,102,K.SAHOO,"BBSR
",4854.37,0.0,4854.37,145.64,0.0,5000.0,0,0.0,0,0.0,0.0,5000.0,2168,,New,0,,,,
1891,101,4,RSL/22-23/324,2022-10-23 00:00:00,2,102,DEEPAK,"BBSR
",8737.86,0.0,8737.86,262.14,0.0,9000.0,0,0.0,0,0.0,0.0,9000.0,2169,,New,0,,,,
1892,101,4,RSL/22-23/325,2022-10-23 00:00:00,2,102,S.PRUSTY,"BBSR
",7766.99,0.0,7766.99,233.0,0.0,8000.0,0,0.0,0,0.0,0.0,8000.0,2170,,New,0,,,,
1893,101,4,RSL/22-23/326,2022-10-23 00:00:00,2,102,M.JAY,"BBSR
",728.16,0.0,728.16,21.84,0.0,750.0,0,0.0,0,0.0,0.0,750.0,2171,,New,0,,,,
1894,101,4,RSL/22-23/327,2022-10-23 00:00:00,2,102,S.DALAI,"BBSR
",776.7,0.0,776.7,23.3,0.0,800.0,0,0.0,0,0.0,0.0,800.0,2172,,New,0,,,,
1895,101,4,RSL/22-23/328,2022-10-23 00:00:00,2,102,SAURAV,"BBSR
",825.24,0.0,825.24,24.76,0.0,850.0,0,0.0,0,0.0,0.0,850.0,2173,,New,0,,,,
1896,101,4,RSL/22-23/329,2022-10-23 00:00:00,2,102,T.BALA,"BBSR
",15533.98,0.0,15533.98,466.02,0.0,16000.0,0,0.0,0,0.0,0.0,16000.0,2174,,New,0,,,,
1897,101,4,RSL/22-23/330,2022-10-23 00:00:00,2,102,POOJA,"BBSR
",31456.32,0.0,31456.32,943.68,0.0,32400.0,0,0.0,0,0.0,0.0,32400.0,2175,,New,0,,,,
1898,101,4,RSL/22-23/331,2022-10-23 00:00:00,2,102,S.DIWEDI,"BBSR
",64077.67,0.0,64077.67,1922.34,0.0,66000.0,0,0.0,0,0.0,0.0,66000.0,2176,,New,0,,,,
1899,101,4,RSL/22-23/332,2022-10-23 00:00:00,2,102,DEEPTI,"BBSR
",8446.6,0.0,8446.6,253.4,0.0,8700.0,0,0.0,0,0.0,0.0,8700.0,2177,,New,0,,,,
1900,101,4,RSL/22-23/333,2022-10-23 00:00:00,2,102,ARUN,"BBSR
",53398.06,0.0,53398.06,1601.94,0.0,55000.0,0,0.0,0,0.0,0.0,55000.0,2178,,New,0,,,,
1901,101,4,RSL/22-23/334,2022-10-23 00:00:00,2,102,SUBHRAT,"BBSR
",25728.16,0.0,25728.16,771.84,0.0,26500.0,0,0.0,0,0.0,0.0,26500.0,2179,,New,0,,,,
1902,101,4,RSL/22-23/335,2022-10-23 00:00:00,2,102,JIBAN,"BBSR
",22330.1,0.0,22330.1,669.9,0.0,23000.0,0,0.0,0,0.0,0.0,23000.0,2180,,New,0,,,,
1903,101,4,RSL/22-23/336,2022-10-23 00:00:00,2,102,DEBASIS,"BBSR
",1650.49,0.0,1650.49,49.52,0.0,1700.0,0,0.0,0,0.0,0.0,1700.0,2181,,New,0,,,,
1904,101,4,RSL/22-23/337,2022-10-23 00:00:00,2,102,GUDU,"BBSR
",4368.93,0.0,4368.93,131.06,0.0,4500.0,0,0.0,0,0.0,0.0,4500.0,2182,,New,0,,,,
1905,101,4,RSL/22-23/338,2022-10-23 00:00:00,2,102,P.SWAIN,"BBSR
",2427.18,0.0,2427.18,72.82,0.0,2500.0,0,0.0,0,0.0,0.0,2500.0,2183,,New,0,,,,
1906,101,4,RSL/22-23/339,2022-10-23 00:00:00,2,102,HITEN,"BBSR
",22330.1,0.0,22330.1,669.9,0.0,23000.0,0,0.0,0,0.0,0.0,23000.0,2184,,New,0,,,,
1907,101,4,RSL/22-23/340,2022-10-23 00:00:00,2,102,PRIYANKA,"BBSR
",5825.24,0.0,5825.24,174.76,0.0,6000.0,0,0.0,0,0.0,0.0,6000.0,2185,,New,0,,,,
1908,101,4,RSL/22-23/341,2022-10-23 00:00:00,2,102,TULIP,"BBSR
",873.79,0.0,873.79,26.22,0.0,900.0,0,0.0,0,0.0,0.0,900.0,2186,,New,0,,,,
1909,101,4,RSL/22-23/342,2022-10-23 00:00:00,2,102,ISHAN,"BBSR
",1553.4,0.0,1553.4,46.6,0.0,1600.0,0,0.0,0,0.0,0.0,1600.0,2187,,New,0,,,,
1910,101,4,RSL/22-23/343,2022-10-23 00:00:00,2,102,UJAWAL,"BBSR
",1844.66,0.0,1844.66,55.34,0.0,1900.0,0,0.0,0,0.0,0.0,1900.0,2188,,New,0,,,,
1911,101,4,RSL/22-23/344,2022-10-23 00:00:00,2,102,ASIS,"BBSR
",4854.37,0.0,4854.37,145.64,0.0,5000.0,0,0.0,0,0.0,0.0,5000.0,2189,,New,0,,,,
1912,101,4,RSL/22-23/345,2022-10-23 00:00:00,2,102,MATRU,"BBSR
",679.61,0.0,679.61,20.38,0.0,700.0,0,0.0,0,0.0,0.0,700.0,2190,,New,0,,,,
1913,101,4,RSL/22-23/346,2022-10-23 00:00:00,2,102,DEV,"BBSR
",13592.23,0.0,13592.23,407.76,0.0,14000.0,0,0.0,0,0.0,0.0,14000.0,2191,,New,0,,,,
1914,101,4,RSL/22-23/347,2022-10-23 00:00:00,2,102,RAJIV,"BBSR
",6504.85,0.0,6504.85,195.14,0.01,6699.99,0,0.0,0,0.0,0.0,6700.0,2195,,Modified,0,,,,
1915,101,4,RSL/22-23/348,2022-10-23 00:00:00,2,102,LOKA,"BBSR
",3106.8,0.0,3106.8,93.2,0.0,3200.0,0,0.0,0,0.0,0.0,3200.0,2196,,Modified,0,,,,
1916,101,4,RSL/22-23/349,2022-10-23 00:00:00,2,102,SUBASH,"BBSR
",12135.92,0.0,12135.92,364.08,0.0,12500.0,0,0.0,0,0.0,0.0,12500.0,2197,,Modified,0,,,,
1917,101,4,RSL/22-23/350,2022-10-24 00:00:00,2,102,DEEPTI,"BBSR
",5339.81,0.0,5339.81,160.2,0.0,5500.0,0,0.0,0,0.0,0.0,5500.0,2198,,New,0,,,,
1918,101,4,RSL/22-23/351,2022-10-24 00:00:00,2,102,P.NAYAK,"BBSR
",28155.34,0.0,28155.34,844.66,0.0,29000.0,0,0.0,0,0.0,0.0,29000.0,2200,,Modified,0,,,,
1919,101,4,RSL/22-23/352,2022-10-26 00:00:00,2,102,S.DAS,"BBSR
",1456.31,0.0,1456.31,43.68,0.01,1499.99,0,0.0,0,0.0,0.0,1500.0,2203,,Modified,0,,,,
1920,101,4,RSL/22-23/353,2022-10-26 00:00:00,2,102,SABITA,"BBSR
",21844.66,0.0,21844.66,655.34,0.0,22500.0,0,0.0,0,0.0,0.0,22500.0,2202,,New,0,,,,
1921,101,4,RSL/22-23/354,2022-10-26 00:00:00,2,102,BULU BARIK,"BBSR
",1941.75,0.0,1941.75,58.26,0.0,2000.0,0,0.0,0,0.0,0.0,2000.0,2204,,New,0,,,,
1922,101,4,RSL/22-23/355,2022-10-26 00:00:00,2,102,LINGARAJ,"BBSR
",20388.35,0.0,20388.35,611.66,0.0,21000.0,0,0.0,0,0.0,0.0,21000.0,2205,,New,0,,,,
1923,101,4,RSL/22-23/356,2022-10-27 00:00:00,2,102,SABITA,"BBSR
",1941.75,0.0,1941.75,58.26,0.0,2000.0,0,0.0,0,0.0,0.0,2000.0,2206,,New,0,,,,
1924,101,4,RSL/22-23/357,2022-10-27 00:00:00,2,102,YASH,"BBSR
",13592.23,0.0,13592.23,407.76,0.0,14000.0,0,0.0,0,0.0,0.0,14000.0,2207,,New,0,,,,
1925,101,4,RSL/22-23/358,2022-10-28 00:00:00,2,102,FIROZ,"BBSR
",33980.59,0.0,33980.59,1019.42,0.0,35000.0,0,0.0,0,0.0,0.0,35000.0,2209,,New,0,,,,
1926,101,4,RSL/22-23/359,2022-10-29 00:00:00,2,102,AFRIN,"BBSR
",23300.97,0.0,23300.97,699.02,0.0,24000.0,0,0.0,0,0.0,0.0,24000.0,2210,,New,0,,,,
1927,101,4,RSL/22-23/360,2022-10-30 00:00:00,2,102,GUDU,"BBSR
",2912.62,0.0,2912.62,87.38,0.0,3000.0,0,0.0,0,0.0,0.0,3000.0,2211,,New,0,,,,
1928,101,4,RSL/22-23/361,2022-10-31 00:00:00,2,102,YAKUB,"BBSR
",4854.37,0.0,4854.37,145.64,0.0,5000.0,0,0.0,0,0.0,0.0,5000.0,2212,,New,0,,,,
1929,101,4,RSL/22-23/362,2022-11-01 00:00:00,2,102,MANJUSHREE,"BBSR
",13883.5,0.0,13883.5,416.5,0.0,14300.0,0,0.0,0,0.0,0.0,14300.0,2213,,New,0,,,,
1930,101,4,RSL/22-23/363,2022-11-01 00:00:00,2,102,SOUMYA,"BBSR
",15339.81,0.0,15339.81,460.2,0.0,15800.0,0,0.0,0,0.0,0.0,15800.0,2214,,New,0,,,,
1931,101,4,RSL/22-23/364,2022-11-02 00:00:00,2,102,RUPALI,"BBSR
",16310.68,0.0,16310.68,489.32,0.0,16800.0,0,0.0,0,0.0,0.0,16800.0,2215,,New,0,,,,
1932,101,4,RSL/22-23/365,2022-11-03 00:00:00,2,102,RAVI ,"BBSR
",5825.24,0.0,5825.24,174.76,0.0,6000.0,0,0.0,0,0.0,0.0,6000.0,2216,,New,0,,,,
1933,101,4,RSL/22-23/366,2022-11-04 00:00:00,2,102,CASH,"BBSR
",242.72,0.0,242.72,7.28,0.0,250.0,0,0.0,0,0.0,0.0,250.0,2217,,New,0,,,,
1934,101,4,RSL/22-23/367,2022-11-05 00:00:00,2,102,UDIT,"BBSR
",1747.57,0.0,1747.57,52.42,0.0,1800.0,0,0.0,0,0.0,0.0,1800.0,2218,,New,0,,,,
1935,101,4,RSL/22-23/368,2022-11-06 00:00:00,2,102,BABY,"BBSR
",20388.35,0.0,20388.35,611.66,0.0,21000.0,0,0.0,0,0.0,0.0,21000.0,2219,,New,0,,,,
1936,101,4,RSL/22-23/369,2022-11-06 00:00:00,2,102,MD,"BBSR
",1067.96,0.0,1067.96,32.04,0.0,1100.0,0,0.0,0,0.0,0.0,1100.0,2220,,New,0,,,,
1937,101,4,RSL/22-23/370,2022-11-06 00:00:00,2,102,ADITYA,"BBSR
",1941.75,0.0,1941.75,58.26,0.0,2000.0,0,0.0,0,0.0,0.0,2000.0,2221,,New,0,,,,
1938,101,4,RSL/22-23/371,2022-11-06 00:00:00,2,102,M.ROUT,"BBSR
",1067.96,0.0,1067.96,32.04,0.0,1100.0,0,0.0,0,0.0,0.0,1100.0,2222,,New,0,,,,
1939,101,4,RSL/22-23/372,2022-11-07 00:00:00,2,102,BABY,"BBSR
",23300.98,0.0,23300.98,699.02,0.0,24000.0,0,0.0,0,0.0,0.0,24000.0,2223,,New,0,,,,
1940,101,4,RSL/22-23/373,2022-11-08 00:00:00,2,102,HEENA,"BBSR
",4951.46,0.0,4951.46,148.54,0.0,5100.0,0,0.0,0,0.0,0.0,5100.0,2224,,New,0,,,,
1941,101,4,RSL/22-23/374,2022-11-09 00:00:00,2,102,MANOJ,"BBSR
",119223.3,0.0,119223.3,3576.7,0.0,122800.0,0,0.0,0,0.0,0.0,122800.0,2225,,New,0,,,,
1942,101,4,RSL/22-23/375,2022-11-10 00:00:00,2,102,SUSANT,"BBSR
",165048.54,0.0,165048.54,4951.46,0.0,170000.0,0,0.0,0,0.0,0.0,170000.0,2226,,New,0,,,,
1943,101,4,RSL/22-23/376,2022-11-11 00:00:00,2,102,SHIVANI,"BBSR
",42718.45,0.0,42718.45,1281.56,0.0,44000.0,0,0.0,0,0.0,0.0,44000.0,2227,,New,0,,,,
1944,101,4,RSL/22-23/377,2022-11-12 00:00:00,2,102,SHIVANI,"BBSR
",20388.35,0.0,20388.35,611.66,0.0,21000.0,0,0.0,0,0.0,0.0,21000.0,2228,,New,0,,,,
1945,101,4,RSL/22-23/378,2022-11-12 00:00:00,2,102,PRIYABRATA,"BBSR
",8252.43,0.0,8252.43,247.58,0.0,8500.0,0,0.0,0,0.0,0.0,8500.0,2229,,New,0,,,,
1946,101,4,RSL/22-23/379,2022-11-13 00:00:00,2,102,PRATAP PARIDA,"BBSR
",13009.71,0.0,13009.71,390.3,-0.01,13400.01,0,0.0,0,0.0,0.0,13400.0,2303,,Modified,0,,,,
1947,101,4,RSL/22-23/380,2022-11-13 00:00:00,2,102,KUNI,"BBSR
",3398.06,0.0,3398.06,101.94,0.0,3500.0,0,0.0,0,0.0,0.0,3500.0,2231,,New,0,,,,
1948,101,4,RSL/22-23/381,2022-11-14 00:00:00,2,102,RENUBALA MOHINI,BBSR,16990.29,0.0,16990.29,509.7,0.01,17499.99,0,0.0,0,0.0,0.0,17500.0,2302,,Modified,0,,,,
1949,101,4,RSL/22-23/382,2022-11-15 00:00:00,2,102,YASH,"BBSR
",4854.37,0.0,4854.37,145.64,0.0,5000.0,0,0.0,0,0.0,0.0,5000.0,2233,,New,0,,,,
1950,101,4,RSL/22-23/383,2022-11-16 00:00:00,2,102,N.MAITY ,"BBSR
",14077.67,0.0,14077.67,422.34,0.0,14500.0,0,0.0,0,0.0,0.0,14500.0,2234,,New,0,,,,
1951,101,4,RSL/22-23/384,2022-11-17 00:00:00,2,102,RISHI,"BBSR
",4854.37,0.0,4854.37,145.64,0.0,5000.0,0,0.0,0,0.0,0.0,5000.0,2235,,New,0,,,,
1952,101,4,RSL/22-23/385,2022-11-18 00:00:00,2,102,SANJAY MISHRA,BBSR,7281.55,0.0,7281.55,218.44,0.01,7499.99,0,0.0,0,0.0,0.0,7500.0,2301,,Modified,0,,,,
1953,101,4,RSL/22-23/386,2022-11-19 00:00:00,2,102,RASMITA MAHALI,"KESURA
",13883.5,0.0,13883.5,416.5,0.0,14300.0,0,0.0,0,0.0,0.0,14300.0,2300,,Modified,0,,,,
1954,101,4,RSL/22-23/387,2022-11-20 00:00:00,2,102,S.PRADHAN,"BBSR
",5339.81,0.0,5339.81,160.2,0.0,5500.0,0,0.0,0,0.0,0.0,5500.0,2238,,New,0,,,,
1955,101,4,RSL/22-23/388,2022-11-20 00:00:00,2,102,BRUNDABAN PRADHAN,"BBSR
",17475.73,0.0,17475.73,524.28,-0.01,18000.01,0,0.0,0,0.0,0.0,18000.0,2298,,Modified,0,,,,
1956,101,4,RSL/22-23/389,2022-11-21 00:00:00,2,102,T.BALA,"BBSR
",20873.79,0.0,20873.79,626.22,-0.01,21500.01,0,0.0,0,0.0,0.0,21500.0,2241,,Modified,0,,,,
1957,101,4,RSL/22-23/390,2022-11-22 00:00:00,2,102,SIDHANT,"BBSR
",16019.42,0.0,16019.42,480.58,0.0,16500.0,0,0.0,0,0.0,0.0,16500.0,2242,,New,0,,,,
1958,101,4,RSL/22-23/391,2022-11-23 00:00:00,2,102,SACHIDANANDAN SAHOO,"BBSR
",15048.54,0.0,15048.54,451.46,0.0,15500.0,0,0.0,0,0.0,0.0,15500.0,2297,,Modified,0,,,,
1959,101,4,RSL/22-23/392,2022-11-24 00:00:00,2,102,RAJESH,"BBSR
",19417.48,0.0,19417.48,582.52,0.0,20000.0,0,0.0,0,0.0,0.0,20000.0,2244,,New,0,,,,
1960,101,4,RSL/22-23/393,2022-11-25 00:00:00,2,102,M.ROUT,"BBSR
",26990.29,0.0,26990.29,809.7,0.0,27800.0,0,0.0,0,0.0,0.0,27800.0,2245,,New,0,,,,
1961,101,4,RSL/22-23/394,2022-11-25 00:00:00,2,102,KARTHIK,"BBSR
",4854.37,0.0,4854.37,145.64,0.0,5000.0,0,0.0,0,0.0,0.0,5000.0,2246,,New,0,,,,
1962,101,4,RSL/22-23/395,2022-11-26 00:00:00,2,102,BUBU SAHOO,"BOMIKHAL BBSR
",18932.04,0.0,18932.04,567.96,0.0,19500.0,0,0.0,0,0.0,0.0,19500.0,2296,,Modified,0,,,,
1963,101,4,RSL/22-23/396,2022-11-26 00:00:00,2,102,SANTOSH,"BBSR
",16699.03,0.0,16699.03,500.98,0.0,17200.0,0,0.0,0,0.0,0.0,17200.0,2248,,New,0,,,,
1964,101,4,RSL/22-23/397,2022-11-27 00:00:00,2,102,ABDUL SATTAR,"JHARPADA BBSR
",51942.04,0.0,51942.04,1558.26,-0.3,53500.3,0,0.0,0,0.0,0.0,53500.0,2299,,Modified,0,,,,
1965,101,4,RSL/22-23/398,2022-11-27 00:00:00,2,102,RINKY SAHOO,"BBSR
",85922.24,0.0,85922.24,2577.66,0.1,88499.9,0,0.0,0,0.0,0.0,88500.0,2250,,New,0,,,,
1966,101,4,RSL/22-23/399,2022-11-28 00:00:00,2,102,BIKASH,"BBSR
",4854.37,0.0,4854.37,145.64,0.0,5000.0,0,0.0,0,0.0,0.0,5000.0,2251,,New,0,,,,
1967,101,4,RSL/22-23/400,2022-11-29 00:00:00,2,102,POOJA,"BBSR
",52912.62,0.0,52912.62,1587.38,0.0,54500.0,0,0.0,0,0.0,0.0,54500.0,2252,,New,0,,,,
1968,101,4,RSL/22-23/401,2022-11-30 00:00:00,2,102,RAJIB,"BBSR
",22330.1,0.0,22330.1,669.9,0.0,23000.0,0,0.0,0,0.0,0.0,23000.0,2290,,Modified,0,,,,
1969,101,4,RSL/22-23/402,2022-12-01 00:00:00,2,102,RAJESH,"BBSR
",6699.03,0.0,6699.03,200.98,0.0,6900.0,0,0.0,0,0.0,0.0,6900.0,2254,,New,0,,,,
1970,101,4,RSL/22-23/403,2022-12-01 00:00:00,2,102,SHAKTI,"BBSR
",16504.85,0.0,16504.85,495.14,0.0,17000.0,0,0.0,0,0.0,0.0,17000.0,2255,,New,0,,,,
1971,101,4,RSL/22-23/404,2022-12-02 00:00:00,2,102,SUBHRAT,"BBSR
",71844.66,0.0,71844.66,2155.34,0.0,74000.0,0,0.0,0,0.0,0.0,74000.0,2256,,New,0,,,,
1972,101,4,RSL/22-23/405,2022-12-02 00:00:00,2,102,J.SAHOO,"BBSR
",6407.77,0.0,6407.77,192.24,-0.01,6600.01,0,0.0,0,0.0,0.0,6600.0,2289,,Modified,0,,,,
1973,101,4,RSL/22-23/406,2022-12-03 00:00:00,2,102,LOKANATH,"BBSR
",45631.07,0.0,45631.07,1368.94,-0.01,47000.01,0,0.0,0,0.0,0.0,47000.0,2288,,Modified,0,,,,
1974,101,4,RSL/22-23/407,2022-12-04 00:00:00,2,102,JOGESH,"BBSR
",4854.37,0.0,4854.37,145.64,0.0,5000.0,0,0.0,0,0.0,0.0,5000.0,2259,,New,0,,,,
1975,101,4,RSL/22-23/408,2022-12-05 00:00:00,2,102,BABY,"BBSR
",89126.21,0.0,89126.21,2673.78,0.0,91800.0,0,0.0,0,0.0,0.0,91800.0,2260,,New,0,,,,
1976,101,4,RSL/22-23/409,2022-12-06 00:00:00,2,102,SURESH,"BBSR
",4368.93,0.0,4368.93,131.06,0.01,4499.99,0,0.0,0,0.0,0.0,4500.0,2285,,Modified,0,,,,
1977,101,4,RSL/22-23/410,2022-12-07 00:00:00,2,102,D.JENA,"BBSR
",6310.68,0.0,6310.68,189.32,0.0,6500.0,0,0.0,0,0.0,0.0,6500.0,2286,,Modified,0,,,,
1978,101,4,RSL/22-23/411,2022-12-07 00:00:00,2,102,JAY DAS,"BBSR
",14563.11,0.0,14563.11,436.9,-0.01,15000.01,0,0.0,0,0.0,0.0,15000.0,2283,,Modified,0,,,,
1979,101,4,RSL/22-23/412,2022-12-08 00:00:00,2,102,KAPIL SWAIN,"BBSR
",6310.68,0.0,6310.68,189.32,0.0,6500.0,0,0.0,0,0.0,0.0,6500.0,2282,,Modified,0,,,,
1980,101,4,RSL/22-23/413,2022-12-09 00:00:00,2,102,SAMIR BERA,"BBSR
",29708.74,0.0,29708.74,891.26,0.0,30600.0,0,0.0,0,0.0,0.0,30600.0,2266,,Modified,0,,,,
1981,101,4,RSL/22-23/414,2022-12-10 00:00:00,2,102,SAILESH,"BBSR
",1213.59,0.0,1213.59,36.4,0.0,1250.0,0,0.0,0,0.0,0.0,1250.0,2267,,New,0,,,,
1982,101,4,RSL/22-23/415,2022-12-11 00:00:00,2,102,GUDU,"BBSR
",1699.03,0.0,1699.03,50.98,0.0,1750.0,0,0.0,0,0.0,0.0,1750.0,2268,,New,0,,,,
1983,101,4,RSL/22-23/416,2022-12-11 00:00:00,2,102,SASMITA SINGH,BBSR,1067.96,0.0,1067.96,32.04,0.0,1100.0,0,0.0,0,0.0,0.0,1100.0,2305,,Modified,0,,,,
1984,101,4,RSL/22-23/417,2022-12-12 00:00:00,2,102,REKHA ,"BBSR
",708.74,0.0,708.74,21.26,0.0,730.0,0,0.0,0,0.0,0.0,730.0,2270,,New,0,,,,
1985,101,4,RSL/22-23/418,2022-12-12 00:00:00,2,102,SUBHRAT,"BBSR
",6310.68,0.0,6310.68,189.32,0.0,6500.0,0,0.0,0,0.0,0.0,6500.0,2271,,New,0,,,,
1986,101,4,RSL/22-23/419,2022-12-12 00:00:00,2,102,SHAKTI,"BBSR
",28155.34,0.0,28155.34,844.66,0.0,29000.0,0,0.0,0,0.0,0.0,29000.0,2272,,New,0,,,,
1987,101,4,RSL/22-23/420,2022-12-13 00:00:00,2,102,NIHARIKA PATRA,"BBSR
",38834.95,0.0,38834.95,1165.04,0.01,39999.99,0,0.0,0,0.0,0.0,40000.0,2284,,Modified,0,,,,
1988,101,4,RSL/22-23/421,2022-12-14 00:00:00,2,102,A.K.BISWAL,"BBSR
",3398.06,0.0,3398.06,101.94,0.0,3500.0,0,0.0,0,0.0,0.0,3500.0,2277,,Modified,0,,,,
1989,101,4,RSL/22-23/422,2022-12-14 00:00:00,2,102,SANJAY PATTNAIK,"BBSR
",58737.86,0.0,58737.86,1762.14,0.0,60500.0,0,0.0,0,0.0,0.0,60500.0,2276,,Modified,0,,,,
1990,101,4,RSL/22-23/423,2022-12-14 00:00:00,2,102,SAI JENA,"BBSR
",5825.24,0.0,5825.24,174.76,0.0,6000.0,0,0.0,0,0.0,0.0,6000.0,2278,,New,0,,,,
1991,101,4,RSL/22-23/424,2022-12-15 00:00:00,2,102,M.PANDA,"BBSR
",6796.12,0.0,6796.12,203.88,0.0,7000.0,0,0.0,0,0.0,0.0,7000.0,2279,,New,0,,,,
1992,101,4,RSL/22-23/425,2022-12-15 00:00:00,2,102,SARAT PRADHAN,"BBSR
",187184.47,0.0,187184.47,5615.54,0.0,192800.0,0,0.0,0,0.0,0.0,192800.0,2280,,New,0,,,,
1993,101,4,RSL/22-23/426,2022-12-15 00:00:00,2,102,MADHUSMITA  ROUT,"BBSR
",21359.22,0.0,21359.22,640.78,0.0,22000.0,0,0.0,0,0.0,0.0,22000.0,2281,,New,0,,,,
1994,101,4,RSL/22-23/427,2022-12-18 00:00:00,2,102,LIPSA BISOI,"BBSR
",922.33,0.0,922.33,27.66,0.0,950.0,0,0.0,0,0.0,0.0,950.0,2291,,New,0,,,,
1995,101,4,RSL/22-23/428,2022-12-18 00:00:00,2,102,LIPSA BISOI,"BBSR
",2912.62,0.0,2912.62,87.38,0.0,3000.0,0,0.0,0,0.0,0.0,3000.0,2292,,New,0,,,,
1996,101,4,RSL/22-23/429,2022-12-19 00:00:00,2,102,TAPATI TRIPATHY,"SATYAM TOWER BBSR
",970.87,0.0,970.87,29.12,0.0,1000.0,0,0.0,0,0.0,0.0,1000.0,2293,,New,9439047577,,,,
1997,101,4,RSL/22-23/430,2022-12-19 00:00:00,2,102,BABULA PRADHAN,"BBSR
",5533.98,0.0,5533.98,166.02,0.0,5700.0,0,0.0,0,0.0,0.0,5700.0,2294,,New,0,,,,
1998,101,4,RSL/22-23/431,2022-12-20 00:00:00,2,102,UJAYANI DAS,"JHARAPADA BBSR
 ",6990.29,0.0,6990.29,209.7,0.0,7200.0,0,0.0,0,0.0,0.0,7200.0,2295,,New,8763302401,,,,
1999,101,4,RSL/22-23/432,2022-12-22 00:00:00,2,102,ASHOK KUMAR ROUT,"BBSR
",30582.52,0.0,30582.52,917.48,0.0,31500.0,0,0.0,0,0.0,0.0,31500.0,2307,,New,9437017474,,,,
2000,101,4,RSL/22-23/433,2022-12-23 00:00:00,2,102,RIMMY PANDA,"JHARPADA,BBSR
",2621.36,0.0,2621.36,78.64,0.0,2700.0,0,0.0,0,0.0,0.0,2700.0,2308,,New,7978211623,,,,
2001,101,4,RSL/22-23/434,2022-12-23 00:00:00,2,102,BIJAY KU SARANGI,"BBSR
",728.16,0.0,728.16,21.84,0.0,750.0,0,0.0,0,0.0,0.0,750.0,2309,,New,7608891619,,,,
2002,101,4,RSL/22-23/435,2022-12-24 00:00:00,2,102,JAY MALAYA DAS,"BBSR
",17961.17,0.0,17961.17,538.84,-0.01,18500.01,0,0.0,0,0.0,0.0,18500.0,2310,,New,9337232084,,,,
2003,101,4,RSL/22-23/436,2022-12-26 00:00:00,2,102,BALARAM MAHARAN,"BBSR
",5825.24,0.0,5825.24,174.76,0.0,6000.0,0,0.0,0,0.0,0.0,6000.0,2311,,New,6372013302,,,,
2004,101,4,RSL/22-23/437,2022-12-26 00:00:00,2,102,ASHOK SAHOO,"BBSR
",5533.98,0.0,5533.98,166.02,0.0,5700.0,0,0.0,0,0.0,0.0,5700.0,2312,,New,0,,,,
2005,101,4,RSL/22-23/438,2022-12-27 00:00:00,2,102,MANJULATA MAHAPATRA,"BBSR
",9223.3,0.0,9223.3,276.7,0.0,9500.0,0,0.0,0,0.0,0.0,9500.0,2313,,New,9090206899,,,,
2006,101,4,RSL/22-23/439,2022-12-27 00:00:00,2,102,RAJA KHAN,"BBSR
",15048.54,0.0,15048.54,451.46,0.0,15500.0,0,0.0,0,0.0,0.0,15500.0,2314,,New,8658835229,,,,
2007,101,4,RSL/22-23/440,2022-12-27 00:00:00,2,102,PRASANT NAYAK,"BOMIKHAL
",63106.8,0.0,63106.8,1893.2,0.0,65000.0,0,0.0,0,0.0,0.0,65000.0,2315,,New,0,,,,
2008,101,4,RSL/22-23/441,2022-12-28 00:00:00,2,102,MADAN MAHAPATRA,"BBSR
",14563.06,0.0,14563.06,436.9,0.05,14999.95,0,0.0,0,0.0,0.0,15000.0,2316,,New,7749036423,,,,
2009,101,4,RSL/22-23/442,2022-12-28 00:00:00,2,102,SUBHAM BADA MANDAL,"BBSR
",2912.62,0.0,2912.62,87.38,0.0,3000.0,0,0.0,0,0.0,0.0,3000.0,2317,,New,9934068700,,,,
2010,101,4,RSL/22-23/443,2022-12-29 00:00:00,2,102,JITENDRA KUMAR PARIDA,"BBSR
",169902.63,0.0,169902.63,5097.08,0.28,174999.72,0,0.0,0,0.0,0.0,175000.0,2319,,Modified,9337409496,,,,
2011,101,4,RSL/22-23/444,2022-12-29 00:00:00,2,102,JITU DAS,"BBSR
",873.79,0.0,873.79,26.22,0.0,900.0,0,0.0,0,0.0,0.0,900.0,2320,,New,9439115128,,,,
2012,101,4,RSL/22-23/445,2022-12-29 00:00:00,2,102,JITENDRA KESARI,"BBSR
",18932.74,0.0,18932.74,567.98,0.28,19500.72,0,0.0,0,0.0,0.0,19501.0,2321,,New,9938362502,,,,
2013,101,4,RSL/22-23/446,2022-12-29 00:00:00,2,102,ANIL SARRAF,"BBSR
",1456.31,0.0,1456.31,43.68,0.0,1500.0,0,0.0,0,0.0,0.0,1500.0,2322,,New,0,,,,
2014,101,4,RSL/22-23/447,2022-12-29 00:00:00,2,102,AHALIYA SAHU,"JHARPADA
",3398.06,0.0,3398.06,101.94,0.0,3500.0,0,0.0,0,0.0,0.0,3500.0,2323,,New,0,,,,
2015,101,4,RSL/22-23/448,2022-12-30 00:00:00,2,102,NILU ,"BBSR
",2718.45,0.0,2718.45,81.56,0.0,2800.0,0,0.0,0,0.0,0.0,2800.0,2324,,New,7978605628,,,,
2016,101,4,RSL/22-23/449,2022-12-30 00:00:00,2,102,NIKHIL GUPTA,"BBSR
",8252.43,0.0,8252.43,247.58,0.0,8500.0,0,0.0,0,0.0,0.0,8500.0,2325,,New,7504220689,,,,
2017,101,4,RSL/22-23/450,2022-12-31 00:00:00,2,102,NIZAMUDIIN KHAN,"BBSR
",1067.96,0.0,1067.96,32.04,0.0,1100.0,0,0.0,0,0.0,0.0,1100.0,2326,,New,7978476015,,,,
2018,101,4,RSL/22-23/451,2022-12-31 00:00:00,2,102,SAILESH MOHANTY,"BBSR
",84466.02,0.0,84466.02,2533.98,0.0,87000.0,0,0.0,0,0.0,0.0,87000.0,2327,,New,7504078194,,,,
2019,101,4,RSL/22-23/452,2023-01-02 00:00:00,2,102,NARAYAN PANDA,"JHARPADA
",5242.72,0.0,5242.72,157.28,0.0,5400.0,0,0.0,0,0.0,0.0,5400.0,2328,,New,9437251927,,,,
2020,101,4,RSL/22-23/453,2023-01-02 00:00:00,2,102,MRUTYUNJAY PADHI,"NAYAPALI,NUASAHI
",2330.1,0.0,2330.1,69.9,0.0,2400.0,0,0.0,0,0.0,0.0,2400.0,2329,,New,9090090959,,,,
2021,101,4,RSL/22-23/454,2023-01-02 00:00:00,2,102,MRUTYUNJAY PADHI,"NAYAPALI,NUASAHI
",37864.08,0.0,37864.08,1135.92,0.0,39000.0,0,0.0,0,0.0,0.0,39000.0,2331,,Modified,9090090959,,,,
2022,101,4,RSL/22-23/455,2023-01-04 00:00:00,2,102,SANTOSH BEHERA,"BBSR
",24271.84,0.0,24271.84,728.16,0.0,25000.0,0,0.0,0,0.0,0.0,25000.0,2332,,New,7609875391,,,,
2023,101,4,RSL/22-23/456,2023-01-04 00:00:00,2,102,MADHURI SAHOO,"BBSR
",1067.96,0.0,1067.96,32.04,0.0,1100.0,0,0.0,0,0.0,0.0,1100.0,2333,,New,0,,,,
2024,101,4,RSL/22-23/457,2023-01-05 00:00:00,2,102,JAYGURU RAJBANSHI,"BBSR
",31067.96,0.0,31067.96,932.04,0.0,32000.0,0,0.0,0,0.0,0.0,32000.0,2334,,New,8777590884,,,,
2025,101,4,RSL/22-23/458,2023-01-06 00:00:00,2,102,TWINKLE MAHAPATRA,"BBSR
",26165.46,0.0,26165.46,784.96,-0.42,26950.42,0,0.0,0,0.0,0.0,26950.0,2335,,New,9348168114,,,,
2026,101,4,RSL/22-23/459,2023-01-06 00:00:00,2,102,RAGHUNATH DAS,"BBSR
",2281.55,0.0,2281.55,68.44,0.0,2350.0,0,0.0,0,0.0,0.0,2350.0,2336,,New,7008986203,,,,
2027,101,4,RSL/22-23/460,2023-01-07 00:00:00,2,102,BIPLABINI MAHAPATRA,"BBSR
",43689.32,0.0,43689.32,1310.68,0.0,45000.0,0,0.0,0,0.0,0.0,45000.0,2337,,New,9090206899,,,,
2028,101,4,RSL/22-23/461,2023-01-07 00:00:00,2,102,BIPLABINI MAHAPATRA,"BBSR
",199029.13,0.0,199029.13,5970.88,0.0,205000.0,0,0.0,0,0.0,0.0,205000.0,2338,,New,9090206899,,21apmpm9438f2zp,APMPM9007Q,
2029,101,4,RSL/22-23/462,2023-01-07 00:00:00,2,102,SANTOSH SWAIN,"BBSR
",16310.68,0.0,16310.68,489.32,0.0,16800.0,0,0.0,0,0.0,0.0,16800.0,2339,,New,0,,,,
2030,101,4,RSL/22-23/463,2023-01-07 00:00:00,2,102,RAJIB LOCHAN JENA,"BBSR
",3883.5,0.0,3883.5,116.5,-0.01,4000.01,0,0.0,0,0.0,0.0,4000.0,2340,,New,0,,,,
2031,101,4,RSL/22-23/464,2023-01-07 00:00:00,2,102,RAKESH KUMAR ROUTRAY,"BBSR
",4871.0,17.0,4871.0,146.14,-0.13,5017.13,0,0.0,0,0.0,0.0,5000.0,2341,Enter Additional Information,New,0,,,,
2032,101,4,RSL/22-23/465,2023-01-11 00:00:00,2,102,SUBASH MOHANTY,"BBSR
",34320.39,0.0,34320.39,1029.62,0.0,35350.0,0,0.0,0,0.0,0.0,35350.0,2342,,New,0,,,,
2033,101,4,RSL/22-23/466,2023-01-12 00:00:00,2,102,CHOTU RAM,"BBSR
",1165.05,0.0,1165.05,34.96,0.0,1200.0,0,0.0,0,0.0,0.0,1200.0,2343,,New,9938442742,,,,
2034,101,4,RSL/22-23/467,2023-01-12 00:00:00,2,102,DHIREN BEHERA,"BBSR
",436.89,0.0,436.89,13.1,0.0,450.0,0,0.0,0,0.0,0.0,450.0,2344,,New,0,,,,
2035,101,4,RSL/22-23/468,2023-01-13 00:00:00,2,102,KRUSHNA CHANDRA SAHU,"BBSR
",32038.96,0.0,32038.96,961.16,-0.12,33000.12,0,0.0,0,0.0,0.0,33000.0,2349,,Modified,9090092253,,,,
2036,101,4,RSL/22-23/469,2023-01-13 00:00:00,2,102,KRUSHNA CHANDRA SAHU,"BBSR
",66990.29,0.0,66990.29,2009.7,0.01,68999.99,0,0.0,0,0.0,0.0,69000.0,2348,,Modified,9090092253,,,851171105372 adhar card,
2037,101,4,RSL/22-23/470,2023-01-13 00:00:00,2,102,SANJUKTA SAMAL,"BBSR
",47572.38,0.0,47572.38,1427.18,0.45,48999.55,0,0.0,0,0.0,0.0,49000.0,2347,,New,7978257348,,,,
2038,101,4,RSL/22-23/471,2023-01-13 00:00:00,2,102,KHAGESWAR DAS,"BBSR
",485.44,0.0,485.44,14.56,0.0,500.0,0,0.0,0,0.0,0.0,500.0,2350,,New,0,,,,
2039,101,4,RSL/22-23/472,2023-01-13 00:00:00,2,102,DUKHISHYAM MARTHA ,"BBSR
",23786.41,0.0,23786.41,713.6,0.0,24500.0,0,0.0,0,0.0,0.0,24500.0,2351,,New,9853330333,,,,
2040,101,4,RSL/22-23/473,2023-01-14 00:00:00,2,102,JYOTIRMAYEE CHOUDHURY,"BBSR
",11067.96,0.0,11067.96,332.04,0.0,11400.0,0,0.0,0,0.0,0.0,11400.0,2352,,New,7978977947,,,,
2041,101,4,RSL/22-23/474,2023-01-14 00:00:00,2,102,BASANTI SAHOO,"BBSR
",2427.18,0.0,2427.18,72.82,0.0,2500.0,0,0.0,0,0.0,0.0,2500.0,2353,,New,0,,,,
2042,101,4,RSL/22-23/475,2023-01-15 00:00:00,2,102,PRADIP NANDA,"BBSR
",8737.86,0.0,8737.86,262.14,0.0,9000.0,0,0.0,0,0.0,0.0,9000.0,2354,,New,0,,,,
2043,101,4,RSL/22-23/476,2023-01-16 00:00:00,2,102,BORNALI DAS,"BBSR
",24854.37,0.0,24854.37,745.64,0.0,25600.0,0,0.0,0,0.0,0.0,25600.0,2355,,New,9339113606,,,,
2044,101,4,RSL/22-23/477,2023-01-16 00:00:00,2,102,AJAY KU SUBUDHI,"BBSR
",18932.28,300.0,18932.28,567.96,-0.25,19500.25,0,0.0,0,0.0,0.0,19200.0,2356,Enter Additional Information,New,9937109050,,,,
2045,101,4,RSL/22-23/478,2023-01-16 00:00:00,2,102,BALRAM PRADHAN,"BBSR
",46990.29,1400.0,46990.29,1409.7,0.0,48400.0,0,0.0,0,0.0,0.0,47000.0,2357,,New,9090903501,,21DLJPP7991A1ZZ,,
2046,101,4,RSL/22-23/479,2023-01-18 00:00:00,2,102,GYANA RANJAN JENA,"BBSR
",10679.61,0.0,10679.61,320.38,0.0,11000.0,0,0.0,0,0.0,0.0,11000.0,2358,,New,0,,,,
2047,101,4,RSL/22-23/480,2023-01-18 00:00:00,2,102,SARAT PRADHAN,"BBSR
",1165.05,0.0,1165.05,34.96,0.0,1200.0,0,0.0,0,0.0,0.0,1200.0,2359,,New,0,,,,
2048,101,4,RSL/22-23/481,2023-01-18 00:00:00,2,102,SANTOSH BEHERA,"BBSR
",33520.39,0.0,33520.39,1005.62,0.0,34526.0,0,0.0,0,0.0,0.0,34526.0,2360,,New,0,,,,
2049,101,4,RSL/22-23/482,2023-01-18 00:00:00,2,102,KISLAY KUMAR,"TANKAPANI
",111850.38,445.0,111850.38,3355.52,0.11,115205.89,0,0.0,0,0.0,114761.0,0.0,2362,,New,0,,,,
2050,101,4,RSL/22-23/483,2023-01-18 00:00:00,2,102,KHUSI KUMARI,"BBSR
",13367.0,402.0,13367.0,401.02,-0.01,13768.01,0,0.0,0,0.0,0.0,13366.0,2363,,New,0,,,,
2051,101,4,RSL/22-23/484,2023-01-20 00:00:00,2,102,PARESH PATTNAIK,"BBSR
",8640.78,0.0,8640.78,259.22,0.0,8900.0,0,0.0,0,0.0,0.0,8900.0,2364,,New,0,,,,
2052,101,4,RSL/22-23/485,2023-01-20 00:00:00,2,102,GAURI DEVI,"BENGALI COLONY,JHARPADA
",2815.53,0.0,2815.53,84.46,0.0,2900.0,0,0.0,0,0.0,0.0,2900.0,2365,,New,8093425161,,,,
2053,101,4,RSL/22-23/486,2023-01-20 00:00:00,2,102,SIDHARTH RADHA KRISHNAN,"BBSR
",15339.81,0.0,15339.81,460.2,0.0,15800.0,0,0.0,0,0.0,0.0,15800.0,2366,,New,8908474217,,,,
2054,101,4,RSL/22-23/487,2023-01-21 00:00:00,2,102,BISWARANJAN DAS,"BBSR
",7281.55,0.0,7281.55,218.44,0.0,7500.0,0,0.0,0,0.0,0.0,7500.0,2367,,New,8332054277,,,,
2055,101,4,RSL/22-23/488,2023-01-22 00:00:00,2,102,ARUN KUMAR SAMAL,"MANCHESWAR
",45436.89,0.0,45436.89,1363.1,0.0,46800.0,0,0.0,0,0.0,0.0,46800.0,2368,,New,7978846685,,,,
2056,101,4,RSL/22-23/489,2023-01-22 00:00:00,2,102,BABU PANDA,"BBSR
",17135.92,0.0,17135.92,514.08,0.0,17650.0,0,0.0,0,0.0,0.0,17650.0,2369,,New,0,,,,
2057,101,4,RSL/22-23/490,2023-01-23 00:00:00,2,102,BIJAY KUMAR SAMAL,"BBSR
",17961.17,0.0,17961.17,538.84,-0.01,18500.01,0,0.0,0,0.0,0.0,18500.0,2370,,New,9437364830,,,,
2058,101,4,RSL/22-23/491,2023-01-24 00:00:00,2,102,NAMITA MAHAPATRA,"BBSR
",4854.37,0.0,4854.37,145.64,0.0,5000.0,0,0.0,0,0.0,0.0,5000.0,2371,,New,9668755549,,,,
2059,101,4,RSL/22-23/492,2023-01-24 00:00:00,2,102,ASHOK SAHOO,"BBSR
",5436.89,0.0,5436.89,163.1,0.0,5600.0,0,0.0,0,0.0,0.0,5600.0,2372,,New,0,,,,
2060,101,4,RSL/22-23/493,2023-01-24 00:00:00,2,102,DULI JENA,"BBSR
",21359.22,0.0,21359.22,640.78,0.0,22000.0,0,0.0,0,0.0,0.0,22000.0,2373,,New,8658097694,,,,
2061,101,4,RSL/22-23/494,2023-01-25 00:00:00,2,102,RITUN PAUL,"BBSR
",35922.33,0.0,35922.33,1077.66,0.0,37000.0,0,0.0,0,0.0,0.0,37000.0,2374,,New,7001745649,,,,
2062,101,4,RSL/22-23/495,2023-01-25 00:00:00,2,102,SAUDAMINI SAHOO,"JHARPADA
",23300.97,0.0,23300.97,699.02,0.0,24000.0,0,0.0,0,0.0,0.0,24000.0,2375,,New,7000098656,,,,
2063,101,4,RSL/22-23/496,2023-01-25 00:00:00,2,102,SMITA SWAIN,"BBSR
",5825.24,0.0,5825.24,174.76,0.0,6000.0,0,0.0,0,0.0,0.0,6000.0,2376,,New,0,,,,
2064,101,4,RSL/22-23/497,2023-01-25 00:00:00,2,102,SUBHRAT SAHOO,"BBSR
",54854.37,0.0,54854.37,1645.64,0.0,56500.0,0,0.0,0,0.0,0.0,56500.0,2377,,New,0,,,,
2065,101,4,RSL/22-23/498,2023-01-25 00:00:00,2,102,UMA NAYAK,"BBSR
",7281.55,0.0,7281.55,218.44,0.0,7500.0,0,0.0,0,0.0,0.0,7500.0,2378,,New,9012322072,,,,
2066,101,4,RSL/22-23/499,2023-01-25 00:00:00,2,102,SAJAN KAMAT,"BBSR
",2815.53,0.0,2815.53,84.46,0.0,2900.0,0,0.0,0,0.0,0.0,2900.0,2379,,New,8093305371,,,,
2067,101,4,RSL/22-23/500,2023-01-26 00:00:00,2,102,RASHMITA MAHALI,"BBSR
",13592.23,0.0,13592.23,407.76,0.0,14000.0,0,0.0,0,0.0,0.0,14000.0,2380,,New,0,,,,
2068,101,4,RSL/22-23/501,2023-01-26 00:00:00,2,102,ASHWINI KU PARIDA,"BBSR
",776.7,0.0,776.7,23.3,0.0,800.0,0,0.0,0,0.0,0.0,800.0,2381,,New,9437144267,,,,
2069,101,4,RSL/22-23/502,2023-01-27 00:00:00,2,102,AMIT KUMAR SAHU,"BBSR
",6699.03,0.0,6699.03,200.98,0.0,6900.0,0,0.0,0,0.0,0.0,6900.0,2382,,New,9908793887,,,,
2070,101,4,RSL/22-23/503,2023-01-27 00:00:00,2,102,POOJA BHAGAT,"BBSR
",5716.0,87.0,5716.0,171.48,-0.48,5887.48,0,0.0,0,0.0,0.0,5800.0,2383,Enter Additional Information,New,7978753359,,,,
2071,101,4,RSL/22-23/504,2023-01-28 00:00:00,2,102,JYOTI RANJAN NANDA,"BBSR
",13696.0,306.0,13696.0,410.88,0.12,14106.88,0,0.0,0,0.0,0.0,13801.0,2384,Enter Additional Information,New,0,,,,
2072,101,4,RSL/22-23/505,2023-01-28 00:00:00,2,102,SANJAY SAHOO,"BBSR
",7087.38,0.0,7087.38,212.62,0.0,7300.0,0,0.0,0,0.0,0.0,7300.0,2385,,New,0,,,,
2073,101,4,RSL/22-23/506,2023-01-29 00:00:00,2,102,NARROTAM MOHANTY,"BBSR
",11165.05,0.0,11165.05,334.96,0.0,11500.0,0,0.0,0,0.0,0.0,11500.0,2386,,New,0,,,,
2074,101,4,RSL/22-23/507,2023-01-29 00:00:00,2,102,BAPI PRADHAN,"BBSR

",18543.69,0.0,18543.69,556.32,0.0,19100.0,0,0.0,0,0.0,0.0,19100.0,2387,,New,0,,,,
2075,101,4,RSL/22-23/508,2023-01-29 00:00:00,2,102,TUKUNA NAYAK,"BBSR
",11650.49,0.0,11650.49,349.52,0.0,12000.0,0,0.0,0,0.0,0.0,12000.0,2388,,New,9853781177,,,,
2076,101,4,RSL/22-23/509,2023-01-29 00:00:00,2,102,SHYAM ART,"BBSR
",23300.97,0.0,23300.97,699.02,0.0,24000.0,0,0.0,0,0.0,0.0,24000.0,2389,,New,0,,,,
2077,101,4,RSL/22-23/510,2023-01-30 00:00:00,2,102,PRASANT KUMAR NAYAK,"BBSR
",21359.22,0.0,21359.22,640.78,0.0,22000.0,0,0.0,0,0.0,0.0,22000.0,2436,,Modified,0,,,,
2078,101,4,RSL/22-23/511,2023-01-31 00:00:00,2,102,CHANDAN SAHU,"BBSR
",29417.48,0.0,29417.48,882.52,0.0,30300.0,0,0.0,0,0.0,0.0,30300.0,2391,,New,0,,,,
2079,101,4,RSL/22-23/512,2023-01-31 00:00:00,2,102,BABAJI NAYAK,"
KORADKANTA
",56310.68,0.0,56310.68,1689.32,0.0,58000.0,0,0.0,0,0.0,0.0,58000.0,2392,,New,0,,,,
2080,101,4,RSL/22-23/513,2023-02-02 00:00:00,2,102,SUMITRA BEHERA,"BBSR
",85921.94,500.0,85921.94,2577.66,0.4,88499.6,0,0.0,0,0.0,0.0,88000.0,2394,Enter Additional Information,New,8018662239,,,CRDPB8335D,
2081,101,4,RSL/22-23/514,2023-02-03 00:00:00,2,102,ANU AGARWAL,"BBSR
",4563.11,0.0,4563.11,136.9,0.0,4700.0,0,0.0,0,0.0,0.0,4700.0,2395,,New,0,,,,
2082,101,4,RSL/22-23/515,2023-02-04 00:00:00,2,102,BIRENDER NAYAK,"BBSR
",33592.24,0.0,33592.24,1007.76,0.0,34600.0,0,0.0,0,0.0,0.0,34600.0,2396,,New,0,,,,
2083,101,4,RSL/22-23/516,2023-02-04 00:00:00,2,102,BINAPANI DEI,"BBSR
",51456.31,0.0,51456.31,1543.68,0.0,53000.0,0,0.0,0,0.0,48000.0,5000.0,2398,,New,8249663383,,,,
2084,101,4,RSL/22-23/517,2023-02-04 00:00:00,2,102,BENUDHAR NAYAK,"BBSR
",16310.68,0.0,16310.68,489.32,0.0,16800.0,0,0.0,0,0.0,0.0,16800.0,2399,,New,0,,,,
2085,101,4,RSL/22-23/518,2023-02-05 00:00:00,2,102,PRADIP NANDA,"BBSR
",60194.17,0.0,60194.17,1805.82,0.0,62000.0,0,0.0,0,0.0,18000.0,44000.0,2402,,New,0,,,,
2086,101,4,RSL/22-23/519,2023-02-06 00:00:00,2,102,S.A.C. DECOR,"BBSR
",22718.45,100.0,22718.45,681.56,0.0,23400.0,0,0.0,0,0.0,11600.0,11700.0,2404,,New,0,,21BSGPS8082M1Z6,,
2087,101,4,RSL/22-23/520,2023-02-07 00:00:00,2,102,KABULI JENA,"BBSR
",19417.48,0.0,19417.48,582.52,0.0,20000.0,0,0.0,0,0.0,13000.0,7000.0,2406,,New,0,,,,
2088,101,4,RSL/22-23/521,2023-02-09 00:00:00,2,102,URMILA BEHERA ,"BBSR
",15048.54,0.0,15048.54,451.46,0.0,15500.0,0,0.0,0,0.0,0.0,15500.0,2430,,Modified,0,,,,
2089,101,4,RSL/22-23/522,2023-02-09 00:00:00,2,102,SEKHAR SWAIN,"BBSR
",24077.67,0.0,24077.67,722.34,0.0,24800.0,0,0.0,0,0.0,0.0,24800.0,2408,,New,0,,,,
2090,101,4,RSL/22-23/523,2023-02-09 00:00:00,2,102,BISWARANJAN SAHOO,"BBSR
",85921.9,0.0,85921.9,2577.66,0.45,88499.55,0,0.0,0,0.0,22500.0,66000.0,2410,,New,0,,,,
2091,101,4,RSL/22-23/524,2023-02-09 00:00:00,2,102,MAMTA PRAHRAJ,"BBSR
",66019.42,0.0,66019.42,1980.58,0.0,68000.0,0,0.0,0,0.0,20000.0,48000.0,2415,,Modified,9853352947,,,,
2092,101,4,RSL/22-23/525,2023-02-10 00:00:00,2,102,MAK COMMUNICATION,"BBSR
",18446.6,0.0,18446.6,553.4,0.0,19000.0,0,0.0,0,0.0,0.0,19000.0,2413,,New,0,,21AHZPB9187F1ZH,,
2093,101,4,RSL/22-23/526,2023-02-11 00:00:00,2,102,RASMITA SWAIN,"BBSR
",3592.23,0.0,3592.23,107.76,0.0,3700.0,0,0.0,0,0.0,0.0,3700.0,2414,,New,8984701027,,,,
2094,101,4,RSL/22-23/527,2023-02-12 00:00:00,2,102,PITABAS BARAL,"GADABADAPUT KANAS PURI

",264077.44,0.0,264077.44,7922.32,0.24,271999.76,0,0.0,0,0.0,0.0,272000.0,2418,,Modified,8260585218,,ADHAR 606916534049,ADHAR 606916534049,
2095,101,4,RSL/22-23/528,2023-02-12 00:00:00,2,102,KISAN JYOTI,"BBSR
",24271.84,0.0,24271.84,728.16,0.0,25000.0,0,0.0,0,0.0,0.0,25000.0,2417,,New,7008222564,,,,
2096,101,4,RSL/22-23/529,2023-02-12 00:00:00,2,102,KUNMUN JENA,"BBSR
",39805.83,0.0,39805.83,1194.18,-0.01,41000.01,0,0.0,0,0.0,0.0,41000.0,2420,,Modified,0,,,,
2097,101,4,RSL/22-23/530,2023-02-13 00:00:00,2,102,AJAY SINGH,"BBSR
",7776.0,9.0,7776.0,233.28,-0.28,8009.28,0,0.0,0,0.0,0.0,8000.0,2421,,New,0,,,,
2098,101,4,RSL/22-23/531,2023-02-14 00:00:00,2,102,RAGHAV JENA,"BBSR
",10739.0,61.0,10739.0,322.18,-0.17,11061.17,0,0.0,0,0.0,0.0,11000.0,2422,,New,0,,,,
2099,101,4,RSL/22-23/532,2023-02-14 00:00:00,2,102,LINGARAJ BEHERA,"LAXMISAGAR,BBSR
",4757.28,0.0,4757.28,142.72,0.0,4900.0,0,0.0,0,0.0,0.0,4900.0,2423,,New,9937961430,,,,
2100,101,4,RSL/22-23/533,2023-02-14 00:00:00,2,102,JAY RAGHUBANSHI,"BBSR
",17475.73,0.0,17475.73,524.28,0.0,18000.0,0,0.0,0,0.0,0.0,18000.0,2424,,New,0,,,,
2101,101,4,RSL/22-23/534,2023-02-15 00:00:00,2,102,BIPLABINI MAHAPATRA,"BBSR
",46601.64,0.0,46601.64,1398.04,0.3,47999.7,0,0.0,0,0.0,0.0,48000.0,2426,,Modified,0,,,,
2102,101,4,RSL/22-23/535,2023-02-15 00:00:00,2,102,PRADIP DAS,"BBSR
",30097.09,0.0,30097.09,902.92,0.0,31000.0,0,0.0,0,0.0,0.0,31000.0,2427,,New,9437303847,,,,
2103,101,4,RSL/22-23/536,2023-02-15 00:00:00,2,102,SUNIL PATRA,"BBSR
",19805.83,0.0,19805.83,594.18,0.0,20400.0,0,0.0,0,0.0,0.0,20400.0,2428,,New,0,,,,
2104,101,4,RSL/22-23/537,2023-02-15 00:00:00,2,102,CHANDAN SAHOO,"BBSR
",6310.68,0.0,6310.68,189.32,0.0,6500.0,0,0.0,0,0.0,0.0,6500.0,2429,,New,0,,,,
2105,101,4,RSL/22-23/538,2023-02-16 00:00:00,2,102,KIRAN MAYEE RAJ,"BBSR
",7766.99,0.0,7766.99,233.0,0.0,8000.0,0,0.0,0,0.0,8000.0,0.0,2432,,New,8328835991,,,,
2106,101,4,RSL/22-23/539,2023-02-16 00:00:00,2,102,SUMATI BEHERA,"BBSR
",5339.81,0.0,5339.81,160.2,0.0,5500.0,0,0.0,0,0.0,0.0,5500.0,2433,,New,0,,,],
2107,101,4,RSL/22-23/540,2023-02-16 00:00:00,2,102,AJAY KU SUBUDHI,"BBSR
",15588.0,56.0,15588.0,467.64,0.36,16055.64,0,0.0,0,0.0,0.0,16000.0,2434,Enter Additional Information,New,0,,,,
2108,101,4,RSL/22-23/541,2023-02-16 00:00:00,2,102,SANJIB DAS,"BBSR
",7794.0,27.0,7794.0,233.82,0.18,8027.82,0,0.0,0,0.0,0.0,8001.0,2435,,New,0,,,,
2109,101,4,RSL/22-23/542,2023-02-21 00:00:00,2,102,PRASANT KUMAR NAYAK,"BBSR
",32038.83,0.0,32038.83,961.16,0.01,32999.99,0,0.0,0,0.0,12000.0,21000.0,2438,,New,0,,,,
2110,101,4,RSL/22-23/543,2023-02-21 00:00:00,2,102,AYUSMAN DAS,"BBSR
",18155.34,0.0,18155.34,544.66,0.0,18700.0,0,0.0,0,0.0,0.0,18700.0,2439,,New,7008791635,,,,
2111,101,4,RSL/22-23/544,2023-02-21 00:00:00,2,102,MAK COMMUNICATION,"BBSR
",61650.49,0.0,61650.49,1849.52,0.0,63500.0,0,0.0,0,0.0,0.0,63500.0,2440,,New,0,,21AMBPK9628B1ZH,,
2112,101,4,RSL/22-23/545,2023-02-22 00:00:00,2,102,KARTHIK SETHY,"BBSR
",108737.86,0.0,108737.86,3262.14,0.0,112000.0,0,0.0,0,0.0,0.0,112000.0,2441,,New,7873735176,,,,
2113,101,4,RSL/22-23/546,2023-02-23 00:00:00,2,102,ARUN KUMAR BEHERA,"LAXMISAGAR
",10194.17,0.0,10194.17,305.82,0.0,10500.0,0,0.0,0,0.0,0.0,10500.0,2442,,New,8763124456,,,,
2114,101,4,RSL/22-23/547,2023-02-23 00:00:00,2,102,MANOJ,"LAXMISAGAR
",27669.9,0.0,27669.9,830.1,0.0,28500.0,0,0.0,0,0.0,0.0,28500.0,2443,,New,0,,,,
2115,101,4,RSL/22-23/548,2023-02-25 00:00:00,2,102,SURESH DASH,"JHARPADA
",89320.39,0.0,89320.39,2679.62,-0.01,92000.01,0,0.0,0,0.0,0.0,92000.0,2454,,Modified,0,,,,
2116,101,4,RSL/22-23/549,2023-02-26 00:00:00,2,102,LOPAMUDRA ROUT,"PATIA
",1262.14,0.0,1262.14,37.86,0.0,1300.0,0,0.0,0,0.0,0.0,1300.0,2445,,New,7894954862,,,,
2117,101,4,RSL/22-23/550,2023-02-27 00:00:00,2,102,KUNDAN GUPTA,"LAXMISAGAR
",29980.58,0.0,29980.58,899.42,0.0,30880.0,0,0.0,0,0.0,0.0,30880.0,2446,,New,7008791635,,,,
2118,101,4,RSL/22-23/551,2023-02-27 00:00:00,2,102,PRUDHVI ANAPALI,"JAYDURGA NAGAR
",4902.91,0.0,4902.91,147.08,0.0,5050.0,0,0.0,0,0.0,0.0,5050.0,2447,,New,6371300398,,,,
2119,101,4,RSL/22-23/552,2023-02-28 00:00:00,2,102,SUBASH MOHANTY,"JHARPADA
",13592.23,0.0,13592.23,407.76,0.0,14000.0,0,0.0,0,0.0,5000.0,9000.0,2449,,New,0,,,,
2120,101,4,RSL/22-23/553,2023-02-28 00:00:00,2,102,LOPAMUDRA ROUT,"
",2038.83,0.0,2038.83,61.16,0.0,2100.0,0,0.0,0,0.0,1000.0,1100.0,2451,,New,7894954862,,,,
2121,101,4,RSL/22-23/554,2023-02-28 00:00:00,2,102,CHANDRAMA PRADHAN,"JHARPADA
",58252.56,0.0,58252.56,1747.58,-0.14,60000.14,0,0.0,0,0.0,20000.0,40000.0,2453,,New,9692351202,,,907009949472,
2122,101,4,RSL/22-23/555,2023-03-01 00:00:00,2,102,PABI SAHOO,"BBSR
",25728.47,0.0,25728.47,771.86,-0.32,26500.32,0,0.0,0,0.0,0.0,26500.0,2455,,New,0,,,,
2123,101,4,RSL/22-23/556,2023-03-01 00:00:00,2,102,ASHOK SAHOO,"BBSR
",49514.56,0.0,49514.56,1485.44,0.0,51000.0,0,0.0,0,0.0,0.0,51000.0,2456,,New,0,,,,
2124,101,4,RSL/22-23/557,2023-03-02 00:00:00,2,102,ASWINI SAHOO,"BBSR
",9951.46,0.0,9951.46,298.54,0.0,10250.0,0,0.0,0,0.0,0.0,10250.0,2457,,New,0,,,,
2125,101,4,RSL/22-23/558,2023-03-03 00:00:00,2,102,CHHABINDRA PRADHAN ,"BBSR
",2038.83,0.0,2038.83,61.16,0.01,2099.99,0,0.0,0,0.0,0.0,2100.0,2458,,New,0,,,,
2126,101,4,RSL/22-23/559,2023-03-03 00:00:00,2,102,PRIYANKA CHOTRAY,"BBSR
",20873.79,0.0,20873.79,626.22,0.0,21500.0,0,0.0,0,0.0,21500.0,0.0,2460,,New,0,,,,
2127,101,4,RSL/22-23/560,2023-03-05 00:00:00,2,102,RAMESH CHANDRA ROUT,"BOMIKHAL
",11650.49,0.0,11650.49,349.52,0.0,12000.0,0,0.0,0,0.0,0.0,12000.0,2461,,New,9861566311,,,,
2128,101,4,RSL/22-23/561,2023-03-06 00:00:00,2,102,MANAS RANJAN SWAIN,"BBSR
",10194.17,0.0,10194.17,305.82,0.0,10500.0,0,0.0,0,0.0,0.0,10500.0,2462,,New,0,,,,
2129,101,4,RSL/22-23/562,2023-03-11 00:00:00,2,102,SUSANTA KUMAR MANGRAJ,"BBSR
",28640.78,0.0,28640.78,859.22,0.0,29500.0,0,0.0,0,0.0,0.0,29500.0,2463,,New,0,,21AKOPM2095F1Z7,,
2130,101,4,RSL/22-23/563,2023-03-11 00:00:00,2,102,SUNIL PATRA,"BBSR
",2524.27,0.0,2524.27,75.72,0.0,2600.0,0,0.0,0,0.0,0.0,2600.0,2464,,New,0,,,,
2131,101,4,RSL/22-23/564,2023-03-11 00:00:00,2,102,SANJAY JHA,"BBSR
",7281.55,0.0,7281.55,218.44,0.0,7500.0,0,0.0,0,0.0,0.0,7500.0,2465,,New,0,,,,
2132,101,4,RSL/22-23/565,2023-03-13 00:00:00,2,102,RAKESH PANDA,"BOMIKHAL
",2330.1,0.0,2330.1,69.9,0.0,2400.0,0,0.0,0,0.0,0.0,2400.0,2466,,New,8249902407,,,,
2133,101,4,RSL/22-23/566,2023-03-15 00:00:00,2,102,SANTOSH GUPTA,"BBSR
",7864.08,0.0,7864.08,235.92,0.0,8100.0,0,0.0,0,0.0,0.0,8100.0,2467,,New,0,,,,
2134,101,4,RSL/22-23/567,2023-03-15 00:00:00,2,102,KEDAR JENA,"BBSR
",1165.05,0.0,1165.05,34.96,0.0,1200.0,0,0.0,0,0.0,0.0,1200.0,2468,,New,0,,,,
2135,101,4,RSL/22-23/568,2023-03-16 00:00:00,2,102,NAMITA MOHANTY,"JHARPADA,STAGE-4
",1504.85,0.0,1504.85,45.14,0.0,1550.0,0,0.0,0,0.0,0.0,1550.0,2469,,New,7077250055,,,,
2136,101,4,RSL/22-23/569,2023-03-16 00:00:00,2,102,SMRUTISHREE MOHANTY,"LAXMI SAGAR,STAGE-2
",63106.8,0.0,63106.8,1893.2,0.0,65000.0,0,0.0,0,0.0,17000.0,48000.0,2472,,New,9512270474,,,399232837412,
2137,101,4,RSL/22-23/570,2023-03-16 00:00:00,2,102,KUNI JENA,"BBSR
",1456.31,0.0,1456.31,43.68,0.0,1500.0,0,0.0,0,0.0,0.0,1500.0,2473,,New,0,,,,
2138,101,4,RSL/22-23/571,2023-03-17 00:00:00,2,102,SMRUTISHREE MOHANTY,"
LAXMI SAGAR
",9417.3,0.0,9417.3,282.52,0.18,9699.82,0,0.0,0,0.0,0.0,9700.0,2474,,New,9512270474,,,,
2139,101,4,RSL/22-23/572,2023-03-17 00:00:00,2,102,SANTOSH BEHERA,"BBSR
",11067.96,0.0,11067.96,332.04,0.0,11400.0,0,0.0,0,0.0,0.0,11400.0,2475,,New,0,,,,
2140,101,4,RSL/22-23/573,2023-03-18 00:00:00,2,102,ANJANA PAUL,"BBSR
",33495.15,0.0,33495.15,1004.86,0.0,34500.0,0,0.0,0,0.0,0.0,34500.0,2476,,New,0,,,,
2141,101,4,RSL/22-23/574,2023-03-18 00:00:00,2,102,ASIM SWAIN,"PLOT 60/ 491 MAHAVEER NAGAR SAMANTRAPUR
",75728.16,0.0,75728.16,2271.84,0.0,78000.0,0,0.0,0,0.0,0.0,78000.0,2477,,New,0,,,,
2142,101,4,RSL/22-23/575,2023-03-18 00:00:00,2,102,SMRUTI SHREE APRAJITA,"BBSR
",55339.81,0.0,55339.81,1660.2,0.0,57000.0,0,0.0,0,0.0,0.0,57000.0,2478,,New,0,,,,
2143,101,4,RSL/22-23/576,2023-03-18 00:00:00,2,102,PRADEEP DUTTA,"KESURA
",9223.3,0.0,9223.3,276.7,0.0,9500.0,0,0.0,0,0.0,4000.0,5500.0,2480,,New,7008186473,,,,
2144,101,4,RSL/22-23/577,2023-03-19 00:00:00,2,102,SANTOSH BEHERA,"BBSR
",16990.29,0.0,16990.29,509.7,0.0,17500.0,0,0.0,0,0.0,0.0,17500.0,2481,,New,0,,,,
2145,101,4,RSL/22-23/578,2023-03-19 00:00:00,2,102,SANCHITA DEI,"BBSR
",15242.72,0.0,15242.72,457.28,0.0,15700.0,0,0.0,0,0.0,0.0,15700.0,2482,,New,0,,,,
2146,101,4,RSL/22-23/579,2023-03-21 00:00:00,2,102,ASIM SWAIN,"BBSR
",190291.26,0.0,190291.26,5708.74,0.0,196000.0,0,0.0,0,0.0,0.0,196000.0,2483,,New,0,,,,
2147,101,4,RSL/22-23/580,2023-03-21 00:00:00,2,102,AJAY KUMAR ROUL,"BBSR
",29611.65,0.0,29611.65,888.34,0.0,30500.0,0,0.0,0,0.0,0.0,30500.0,2484,,New,0,,,,
2148,101,4,RSL/22-23/581,2023-03-21 00:00:00,2,102,DEEPAK PRADHAN,"JHARPADA
",269417.48,0.0,269417.48,8082.52,0.0,277500.0,0,0.0,0,0.0,87500.0,190000.0,2487,,New,0,,,1,
2149,101,4,RSL/22-23/582,2023-03-22 00:00:00,2,102,BABULA PRADHAN,"JHARPADA
",63106.8,0.0,63106.8,1893.2,0.0,65000.0,0,0.0,0,0.0,0.0,65000.0,2488,,New,0,,,,
2150,101,4,RSL/22-23/583,2023-03-22 00:00:00,2,102,ARMAAN KHAN,"BBSR
",19805.83,0.0,19805.83,594.18,0.0,20400.0,0,0.0,0,0.0,0.0,20400.0,2489,,New,0,,,,
2151,101,4,RSL/22-23/584,2023-03-22 00:00:00,2,102,IPSITA BISOI,"BBSR
",1941.75,0.0,1941.75,58.26,0.0,2000.0,0,0.0,0,0.0,0.0,2000.0,2490,,New,0,,,,
2152,101,4,RSL/22-23/585,2023-03-22 00:00:00,2,102,CHANDRA BHUSAN SINGH,"BBSR
",179611.65,0.0,179611.65,5388.34,0.0,185000.0,0,0.0,0,0.0,0.0,185000.0,2491,,New,0,,,,
2153,101,4,RSL/22-23/586,2023-03-23 00:00:00,2,102,PRATAP SINGH,"BBSR
",30097.09,0.0,30097.09,902.92,0.0,31000.0,0,0.0,0,0.0,0.0,31000.0,2492,,New,0,,,,
2154,101,4,RSL/22-23/587,2023-03-23 00:00:00,2,102,SHIVANI PATSANI,"BBSR
",25048.54,0.0,25048.54,751.46,0.0,25800.0,0,0.0,0,0.0,0.0,25800.0,2493,,New,0,,,,
2155,101,4,RSL/22-23/588,2023-03-24 00:00:00,2,102,DHARMENDAR PRADHAN,"BBSR
",140776.71,0.0,140776.71,4223.3,-0.01,145000.01,0,0.0,0,0.0,0.0,145000.0,2494,,New,0,,,,
2156,101,4,RSL/22-23/589,2023-03-25 00:00:00,2,102,BAPI PRADHAN,"BBSR
",54854.37,0.0,54854.37,1645.64,0.0,56500.0,0,0.0,0,0.0,0.0,56500.0,2495,,New,0,,,,
2157,101,4,RSL/22-23/590,2023-03-25 00:00:00,2,102,PABI SAHOO,"BBSR
",48543.69,0.0,48543.69,1456.32,0.0,50000.0,0,0.0,0,0.0,16300.0,33700.0,2497,,New,0,,,,
2158,101,4,RSL/22-23/591,2023-03-26 00:00:00,2,102,HARAPRIYA PANDA,"BBSR
",11165.05,0.0,11165.05,334.96,0.0,11500.0,0,0.0,0,0.0,0.0,11500.0,2498,,New,0,,,,
2159,101,4,RSL/22-23/592,2023-03-28 00:00:00,2,102,SURAT SAHOO,"BBSR
",32524.27,0.0,32524.27,975.72,0.0,33500.0,0,0.0,0,0.0,0.0,33500.0,2499,,New,0,,,,
2160,101,4,RSL/22-23/593,2023-03-29 00:00:00,2,102,PRAVATI SWAIN,"BBSR
",16213.59,100.0,16213.59,486.4,0.0,16700.0,0,0.0,0,0.0,7200.0,9400.0,2501,,New,0,,,,
2161,101,4,RSL/22-23/594,2023-03-31 00:00:00,2,102,DUSASAN JENA,"BBSR
",6504.85,0.0,6504.85,195.14,0.0,6700.0,0,0.0,0,0.0,0.0,6700.0,2502,,New,0,,,,
2162,101,5,RSL/23-24/1,2023-04-01 00:00:00,2,102,SUNIL PATRA,"BBSR
",112621.36,0.0,112621.36,3378.64,0.0,116000.0,0,0.0,0,0.0,0.0,116000.0,2503,,New,0,,,,
2163,101,5,RSL/23-24/2,2023-04-01 00:00:00,2,102,CHANDAN MONDAL,"BBSR
",20873.79,0.0,20873.79,626.22,0.0,21500.0,0,0.0,0,0.0,0.0,21500.0,2504,,New,0,,,,
2164,101,5,RSL/23-24/3,2023-04-04 00:00:00,2,102,SUBHALAXMI SAHOO,"BOMIKHAL
",3300.97,0.0,3300.97,99.02,0.0,3400.0,0,0.0,0,0.0,0.0,3400.0,2505,,New,7008941920,,,,
2165,101,5,RSL/23-24/4,2023-04-06 00:00:00,2,102,CHANDAN MONDAL,"BBSR
",18640.78,0.0,18640.78,559.22,0.0,19200.0,0,0.0,0,0.0,17800.0,1400.0,2507,,New,0,,,,
2166,101,5,RSL/23-24/5,2023-04-08 00:00:00,2,102,ANNAPURNA PARIDA,"BBSR
",21263.0,0.0,21263.0,637.9,0.11,21900.89,0,0.0,0,0.0,0.0,21901.0,2508,,New,0,,,,
2167,101,5,RSL/23-24/6,2023-04-08 00:00:00,2,102,PRAFULLA PARIDA,"JAGAMARA
",146601.94,0.0,146601.94,4398.06,0.0,151000.0,0,0.0,0,0.0,86000.0,65000.0,2510,,New,9853777262,,,971347743472,
2168,101,5,RSL/23-24/7,2023-04-09 00:00:00,2,102,GOPAL PANDEY,"BBSR
",50485.44,0.0,50485.44,1514.56,0.0,52000.0,0,0.0,0,0.0,42000.0,10000.0,2512,,New,0,,,,
2169,101,5,RSL/23-24/8,2023-04-10 00:00:00,2,102,CASH,,45246.0,103.0,45246.0,1357.38,-0.38,46603.38,0,0.0,0,0.0,41000.0,5500.0,2514,Enter Additional Information,New,0,,21ANTPS9250N1Z6,,
2170,101,5,RSL/23-24/9,2023-04-10 00:00:00,2,102,BISWAMBER PRADHAN,"BBSR
",7572.82,0.0,7572.82,227.18,0.0,7800.0,0,0.0,0,0.0,0.0,7800.0,2515,,New,0,,,,
2171,101,5,RSL/23-24/10,2023-04-11 00:00:00,2,102,SANDHYA RANI PATRA,"BBSR
",60194.17,0.0,60194.17,1805.82,0.0,62000.0,0,0.0,0,0.0,0.0,62000.0,2516,,New,0,,,,
2172,101,5,RSL/23-24/11,2023-04-11 00:00:00,2,102,SEKHAR PRADHAN,"BBSR
",40291.27,0.0,40291.27,1208.74,0.0,41500.0,0,0.0,0,0.0,0.0,41500.0,2517,,New,0,,,,
2173,101,5,RSL/23-24/12,2023-04-12 00:00:00,2,102,SADANAND SAMAL,"BBSR
",1844.66,0.0,1844.66,55.34,0.0,1900.0,0,0.0,0,0.0,0.0,1900.0,2518,,New,0,,,,
2174,101,5,RSL/23-24/13,2023-04-13 00:00:00,2,102,GYANA JENA ,"BBSR
",16990.29,0.0,16990.29,509.7,0.0,17500.0,0,0.0,0,0.0,0.0,17500.0,2519,,New,0,,,,
2175,101,5,RSL/23-24/14,2023-04-14 00:00:00,2,102,SURAT SAHOO,"BBSR
",30194.17,0.0,30194.17,905.82,0.0,31100.0,0,0.0,0,0.0,11100.0,20000.0,2521,,New,0,,,,
2176,101,5,RSL/23-24/15,2023-04-14 00:00:00,2,102,BISWA MAHAPATRA,"BBSR
",10485.44,0.0,10485.44,314.56,0.0,10800.0,0,0.0,0,0.0,0.0,10800.0,2522,,New,0,,,,
2177,101,5,RSL/23-24/16,2023-04-14 00:00:00,2,102,SURAT SAHOO,"BBSR
",8640.78,0.0,8640.78,259.22,0.0,8900.0,0,0.0,0,0.0,0.0,8900.0,2523,,New,0,,,,
2178,101,5,RSL/23-24/17,2023-04-16 00:00:00,2,102,RASMI REKHA MOHANTY,"BBSR
",2572.82,50.0,2572.82,77.18,0.0,2650.0,0,0.0,0,0.0,0.0,2600.0,2525,disc,Modified,0,,,,
2179,101,5,RSL/23-24/18,2023-04-17 00:00:00,2,102,JAYANTI SWAIN,"BBSR
",15533.98,0.0,15533.98,466.02,0.0,16000.0,0,0.0,0,0.0,10000.0,6000.0,2527,,New,0,,,,
2180,101,5,RSL/23-24/19,2023-04-18 00:00:00,2,102,ASIM SWAIN,"BBSR
",174757.38,0.0,174757.38,5242.72,-0.1,180000.1,0,0.0,0,0.0,0.0,180000.0,2529,,Modified,0,,,,
2181,101,5,RSL/23-24/20,2023-04-18 00:00:00,2,102,ASIM SWAIN,"BBSR
",66019.42,0.0,66019.42,1980.58,0.0,68000.0,0,0.0,0,0.0,0.0,68000.0,2530,,New,0,,,,
2182,101,5,RSL/23-24/21,2023-04-19 00:00:00,2,102,SUBHASHREE BEHERA,"BBSR
",13009.71,0.0,13009.71,390.3,0.0,13400.0,0,0.0,0,0.0,0.0,13400.0,2531,,New,0,,,,
2183,101,5,RSL/23-24/22,2023-04-20 00:00:00,2,102,ANUSKA BARIK,"RASULGARH
",1359.22,0.0,1359.22,40.78,0.0,1400.0,0,0.0,0,0.0,0.0,1400.0,2532,,New,7042717920,,,,
2184,101,5,RSL/23-24/23,2023-04-20 00:00:00,2,102,BIRANCHI MOHANTY,"BBSR
",328155.35,0.0,328155.35,9844.66,-0.01,338000.01,0,0.0,0,0.0,0.0,338000.0,2533,,New,0,,,ADHAR 3818 7105 0402,
2185,101,5,RSL/23-24/24,2023-04-21 00:00:00,2,102,JITENDRA PARIDA,"OLDTOWN
",160679.49,500.0,160679.49,4820.38,0.12,165499.88,0,0.0,0,0.0,0.0,165000.0,2534,Enter Additional Information,New,0,,,ADHAR 4935 0121 5753,
2186,101,5,RSL/23-24/25,2023-04-21 00:00:00,2,102,RATTAN JHA ,"BBSR
",3398.06,0.0,3398.06,101.94,0.0,3500.0,0,0.0,0,0.0,0.0,3500.0,2535,,New,0,,,,
2187,101,5,RSL/23-24/26,2023-04-21 00:00:00,2,102,CHANDAN SAHA,"BBSR
",17961.17,0.0,17961.17,538.84,-0.01,18500.01,0,0.0,0,0.0,0.0,18500.0,2536,,New,0,,,,
2188,101,5,RSL/23-24/27,2023-04-21 00:00:00,2,102,ANUSKA BARIK,"BBSR
",1456.31,0.0,1456.31,43.68,0.0,1500.0,0,0.0,0,0.0,0.0,1500.0,2537,,New,0,,,,
2189,101,5,RSL/23-24/28,2023-04-22 00:00:00,2,102,SANTOSH MAHARANA,"BBSR
",63106.86,0.0,63106.86,1893.2,-0.06,65000.06,0,0.0,0,0.0,62000.0,3000.0,2539,,New,0,,,,
2190,101,5,RSL/23-24/29,2023-04-22 00:00:00,2,102,BIRANCHI MOHANTY,"BBSR
",32912.62,0.0,32912.62,987.38,0.0,33900.0,0,0.0,0,0.0,0.0,33900.0,2540,,New,0,,,,
2191,101,5,RSL/23-24/30,2023-04-23 00:00:00,2,102,BIRANCHI MOHANTY,"BBSR
",17184.47,0.0,17184.47,515.54,0.0,17700.0,0,0.0,0,0.0,0.0,17700.0,2541,,New,0,,,,
2192,101,5,RSL/23-24/31,2023-04-23 00:00:00,2,102,BALABHADRA BEHERA,"BBSR
",47572.82,0.0,47572.82,1427.18,0.0,49000.0,0,0.0,0,0.0,0.0,49000.0,2542,,New,0,,,,
2193,101,5,RSL/23-24/32,2023-04-23 00:00:00,2,102,SAILESH MOHANTY,"BBSR
",150000.0,0.0,150000.0,4500.0,0.0,154500.0,0,0.0,0,0.0,12000.0,142500.0,2544,,New,0,,,,
2194,101,5,RSL/23-24/33,2023-04-23 00:00:00,2,102,MAMITA RANI MISHRA,"BBSR
",44174.75,0.0,44174.75,1325.24,0.0,45500.0,0,0.0,0,0.0,0.0,45500.0,2545,,New,7205012003,,,,
2195,101,5,RSL/23-24/34,2023-04-23 00:00:00,2,102,LAXMI PRIYA PARIDA,"BBSR
",21358.86,0.0,21358.86,640.76,0.37,21999.63,0,0.0,0,0.0,14500.0,7500.0,2547,,New,0,,,,
2196,101,5,RSL/23-24/35,2023-04-23 00:00:00,2,102,GYANA JENA,"BBSR
",114563.5,0.0,114563.5,3436.9,-0.4,118000.4,0,0.0,0,0.0,0.0,118000.0,2548,,New,0,,,,
2197,101,5,RSL/23-24/36,2023-04-23 00:00:00,2,102,SURYA MAHARANA,"BBSR
",42718.45,0.0,42718.45,1281.56,0.0,44000.0,0,0.0,0,0.0,38000.0,6000.0,2550,,New,0,,,,
2198,101,5,RSL/23-24/37,2023-04-23 00:00:00,2,102,CHANDAN PATRA,"BBSR
",50485.44,0.0,50485.44,1514.56,0.0,52000.0,0,0.0,0,0.0,0.0,52000.0,2551,,New,0,,,,
2199,101,5,RSL/23-24/38,2023-04-23 00:00:00,2,102,KANHA JENA,"BBSR
",18155.34,0.0,18155.34,544.66,0.0,18700.0,0,0.0,0,0.0,8000.0,10700.0,2553,,New,0,,,,
2200,101,5,RSL/23-24/39,2023-04-23 00:00:00,2,102,CHANDAN SAHOO,"BBSR
",7281.55,0.0,7281.55,218.44,0.0,7500.0,0,0.0,0,0.0,0.0,7500.0,2554,,New,0,,,,
2201,101,5,RSL/23-24/40,2023-04-23 00:00:00,2,102,PRACHI ROUTRAY,"SANTOSHI VIHAR BBSR
",4524.27,0.0,4524.27,135.72,0.0,4660.0,0,0.0,0,0.0,0.0,4660.0,2555,,New,9583664678,,,,
2202,101,5,RSL/23-24/41,2023-04-23 00:00:00,2,102,NIRMAL MOHANTY,"BBSR
",85462.16,26.0,85462.16,2563.86,-0.02,88026.02,0,0.0,0,0.0,0.0,88000.0,2556,Enter Additional Information,New,0,,,,
2203,101,5,RSL/23-24/42,2023-04-23 00:00:00,2,102,SAUDAMINI DAS,"BBSR
",27227.0,43.0,27227.0,816.82,0.19,28043.81,0,0.0,0,0.0,0.0,28001.0,2557,Enter Additional Information,New,0,,,,
2204,101,5,RSL/23-24/43,2023-04-23 00:00:00,2,102,RAJNADINI ROUT,"BBSRE
",4154.0,78.0,4154.0,124.62,0.38,4278.62,0,0.0,0,0.0,0.0,4201.0,2558,Enter Additional Information,New,0,,,,
2205,101,5,RSL/23-24/44,2023-04-23 00:00:00,2,102,SUBHASHREE BEHERA,"BBSR
",141747.57,0.0,141747.57,4252.42,0.0,146000.0,0,0.0,0,0.0,0.0,146000.0,2559,,New,0,,,,
2206,101,5,RSL/23-24/45,2023-04-25 00:00:00,2,102,KRUSHNA SAHOO,"BBSR
",50485.44,0.0,50485.44,1514.56,0.0,52000.0,0,0.0,0,0.0,0.0,52000.0,2560,,New,9090092253,,,,
2207,101,5,RSL/23-24/46,2023-04-25 00:00:00,2,102,MANOJ PRADHAN,"BBSR
",466.02,0.0,466.02,13.98,0.0,480.0,0,0.0,0,0.0,0.0,480.0,2561,,New,0,,,,
2208,101,5,RSL/23-24/47,2023-04-25 00:00:00,2,102,MADHU DASH,"BBSR
",631.07,0.0,631.07,18.94,0.0,650.0,0,0.0,0,0.0,0.0,650.0,2562,,New,9040619099,,,,
2209,101,5,RSL/23-24/48,2023-04-28 00:00:00,2,102,MD ASIF,"BBSR
",8737.86,0.0,8737.86,262.14,0.0,9000.0,0,0.0,0,0.0,0.0,9000.0,2563,,New,0,,,,
2210,101,5,RSL/23-24/49,2023-04-28 00:00:00,2,102,CHIITA RANJAN,"BBSR
",219417.47,0.0,219417.47,6582.52,0.0,226000.0,0,0.0,0,0.0,0.0,226000.0,2564,,New,0,,,1,
2211,101,5,RSL/23-24/50,2023-04-28 00:00:00,2,102,CHITTA RANJAN,"BBSR
",14563.11,0.0,14563.11,436.9,0.0,15000.0,0,0.0,0,0.0,0.0,15000.0,2565,,New,0,,,,
2212,101,5,RSL/23-24/51,2023-04-29 00:00:00,2,102,MANORANJAN MAHAPATRA,"BBSR
",45339.81,0.0,45339.81,1360.2,0.0,46700.0,0,0.0,0,0.0,0.0,46700.0,2566,,New,0,,,,
2213,101,5,RSL/23-24/52,2023-04-30 00:00:00,2,102,BIJAY BEHERA,"BBSR
",27378.64,0.0,27378.64,821.36,0.0,28200.0,0,0.0,0,0.0,13700.0,14500.0,2568,,New,0,,,,
2214,101,5,RSL/23-24/53,2023-04-30 00:00:00,2,102,ROHIT AGARWAL,"BBSR
",19905.0,0.0,19905.0,597.16,-0.15,20502.15,0,0.0,0,0.0,0.0,20502.0,2569,,New,0,,,,
2215,101,5,RSL/23-24/54,2023-05-03 00:00:00,2,102,NEELAM AGARWAL,"BBSR
",17475.73,0.0,17475.73,524.28,0.0,18000.0,0,0.0,0,0.0,0.0,18000.0,2570,,New,0,,,,
2216,101,5,RSL/23-24/55,2023-05-05 00:00:00,2,102,BANITA NAYAK,"JATNI
",1941.75,0.0,1941.75,58.26,0.0,2000.0,0,0.0,0,0.0,0.0,2000.0,2571,,New,7436944207,,,,
2217,101,5,RSL/23-24/56,2023-05-05 00:00:00,2,102,GEETANJALI BEHERA,"BBSR
",13592.23,0.0,13592.23,407.76,0.0,14000.0,0,0.0,0,0.0,0.0,14000.0,2572,,New,0,,,,
2218,101,5,RSL/23-24/57,2023-05-06 00:00:00,2,102,VIVHA CHAUBEY,"BBSR
",8737.86,0.0,8737.86,262.14,0.0,9000.0,0,0.0,0,0.0,0.0,9000.0,2573,,New,0,,,,
2219,101,5,RSL/23-24/58,2023-05-07 00:00:00,2,102,ASHOK ROUT,"BBSR
",23592.23,0.0,23592.23,707.76,0.0,24300.0,0,0.0,0,0.0,0.0,24300.0,2574,,New,0,,,,
2220,101,5,RSL/23-24/59,2023-05-08 00:00:00,2,102,NANDITA MAHAPATRA,"BBSR
",24514.56,0.0,24514.56,735.44,0.0,25250.0,0,0.0,0,0.0,0.0,25250.0,2575,,New,0,,,,
2221,101,5,RSL/23-24/60,2023-05-09 00:00:00,2,102,MADHUMITA MAHAPATRA,"BBSR
",7184.47,0.0,7184.47,215.54,0.0,7400.0,0,0.0,0,0.0,2400.0,5000.0,2577,,New,6260062941,,,,
2222,101,5,RSL/23-24/61,2023-05-09 00:00:00,2,102,BRAHMANAND JENA,"BANKUALA
",45339.81,0.0,45339.81,1360.2,0.0,46700.0,0,0.0,0,0.0,20000.0,26700.0,2579,,New,9338545634,,,,
2223,101,5,RSL/23-24/62,2023-05-09 00:00:00,2,102,PRADEEP KUMAR DASH,"GE31,VSS NAGAR BBSR
",16000.0,0.0,16000.0,480.0,0.0,16480.0,0,0.0,0,0.0,0.0,16480.0,2580,,New,9437303847,,,,
2224,101,5,RSL/23-24/63,2023-05-10 00:00:00,2,102,PRATAP PRESS,"BBSR
",31067.96,0.0,31067.96,932.04,0.0,32000.0,0,0.0,0,0.0,32000.0,0.0,2582,,New,0,,,,
2225,101,5,RSL/23-24/64,2023-05-11 00:00:00,2,102,MADHU TRIPATHY,"BBSR
",67378.64,0.0,67378.64,2021.36,0.0,69400.0,0,0.0,0,0.0,0.0,69400.0,2583,,New,0,,,,
2226,101,5,RSL/23-24/65,2023-05-12 00:00:00,2,102,GADA DHAR BEHERA,"BBSR
",8640.78,0.0,8640.78,259.22,0.0,8900.0,0,0.0,0,0.0,0.0,8900.0,2584,,New,0,,,,
2227,101,5,RSL/23-24/66,2023-05-12 00:00:00,2,102,CHITTA RANJAN JENA,"BBSR
",104854.37,0.0,104854.37,3145.64,0.0,108000.0,0,0.0,0,0.0,0.0,108000.0,2585,,New,0,,,,
2228,101,5,RSL/23-24/67,2023-05-13 00:00:00,2,102,ABHAY ROUTRAY,"BBSR
",12621.36,0.0,12621.36,378.64,0.0,13000.0,0,0.0,0,0.0,0.0,13000.0,2586,,New,0,,,,
2229,101,5,RSL/23-24/68,2023-05-14 00:00:00,2,102,SHIVANI SRIVASTAV,"JAGDALPUR,MADHYA PRADESH
",16699.03,0.0,16699.03,500.98,0.0,17200.0,0,0.0,0,4000.0,0.0,13200.0,2588,,New,8319257936,,,,
2230,101,5,RSL/23-24/69,2023-05-14 00:00:00,2,102,PANCHANAN SHARMA,"BBSR
",1747.57,0.0,1747.57,52.42,0.0,1800.0,0,0.0,0,0.0,0.0,1800.0,2589,,New,9861183097,,,,
2231,101,5,RSL/23-24/70,2023-05-16 00:00:00,2,102,JITENDRA KUMAR PARIDA,"BBSR
",56310.68,0.0,56310.68,1689.32,0.0,58000.0,0,0.0,0,0.0,0.0,58000.0,2590,,New,9337409496,,,,
2232,101,5,RSL/23-24/71,2023-05-16 00:00:00,2,102,AJAY KUMAR MISHRA,"BBSR
",31067.96,0.0,31067.96,932.04,0.0,32000.0,0,0.0,0,0.0,0.0,32000.0,2591,,New,0,,,,
2233,101,5,RSL/23-24/72,2023-05-16 00:00:00,2,102,SUBHASHREE PANDA,"BBSR
",2864.07,50.0,2864.07,85.92,0.01,2949.99,0,0.0,0,0.0,0.0,2900.0,2592,Enter Additional Information,New,0,,,,
2234,101,5,RSL/23-24/73,2023-05-17 00:00:00,2,102,PANDA AND PANDA ASSOCIATES,"BBSR
",13108.0,1.0,13108.0,393.24,-0.24,13501.24,0,0.0,0,0.0,0.0,13500.0,2593,,New,9438388116,,21ARRPP7049Q1ZW,,
2235,101,5,RSL/23-24/74,2023-05-17 00:00:00,2,102,MANAS ,"LAXMI SAGAR,HALDI PADIA
",9708.74,0.0,9708.74,291.26,0.0,10000.0,0,0.0,0,0.0,0.0,10000.0,2594,,New,9319773910,,,,
2236,101,5,RSL/23-24/75,2023-05-19 00:00:00,2,102,RAMESH CHANDRA ROUT,"BOMIKHAL
",16990.29,0.0,16990.29,509.7,0.0,17500.0,0,0.0,0,0.0,0.0,17500.0,2595,,New,9861566311,,,,
2237,101,5,RSL/23-24/76,2023-05-20 00:00:00,2,102,PRADIP,"BBSR 
",51941.75,0.0,51941.75,1558.26,0.0,53500.0,0,0.0,0,0.0,0.0,53500.0,2596,,New,0,,,,
2238,101,5,RSL/23-24/77,2023-05-21 00:00:00,2,102,D.JENA,"BBSR
",25728.23,0.0,25728.23,771.84,-0.08,26500.08,0,0.0,0,0.0,0.0,26500.0,2597,,New,9437034007,,,,
2239,101,5,RSL/23-24/78,2023-05-23 00:00:00,2,102,GULNAAZ,"BBSR
",81067.96,0.0,81067.96,2432.04,0.0,83500.0,0,0.0,0,0.0,0.0,83500.0,2598,,New,0,,,,
2240,101,5,RSL/23-24/79,2023-05-24 00:00:00,2,102,ARUN KUMAR SAMAL,"
MANCHESWAR
",9563.11,0.0,9563.11,286.9,0.0,9850.0,0,0.0,0,0.0,0.0,9850.0,2600,,Modified,7978846685,,,,
2241,101,5,RSL/23-24/80,2023-05-25 00:00:00,2,102,SUSANT KUMAR MISHRA,"BBSR
",15922.33,0.0,15922.33,477.66,0.0,16400.0,0,0.0,0,0.0,0.0,16400.0,2601,,New,8658749189,,,,
2242,101,5,RSL/23-24/81,2023-05-25 00:00:00,2,102,SIBA PRASAD MANGARAJ,"BBSR
",26699.03,0.0,26699.03,800.98,0.0,27500.0,0,0.0,0,0.0,0.0,27500.0,2602,,New,7735923604,,,,
2243,101,5,RSL/23-24/82,2023-05-25 00:00:00,2,102,KEDAR JENA ,"BBSR
",32039.03,0.0,32039.03,961.18,-0.2,33000.2,0,0.0,0,0.0,0.0,33000.0,2603,,New,0,,,,
2244,101,5,RSL/23-24/83,2023-05-25 00:00:00,2,102,DHIRENDRA BEHERA,"BBSR
",60679.41,0.0,60679.41,1820.38,0.21,62499.79,0,0.0,0,0.0,0.0,62500.0,2604,,New,0,,,,
2245,101,5,RSL/23-24/84,2023-05-28 00:00:00,2,102,SONAM MANGRAJ,"BBSR
",34466.02,0.0,34466.02,1033.98,0.0,35500.0,0,0.0,0,0.0,0.0,35500.0,2605,,New,9938300295,,,,
2246,101,5,RSL/23-24/85,2023-05-28 00:00:00,2,102,NITESH SAHA,"BBSR
",4466.02,0.0,4466.02,133.98,0.0,4600.0,0,0.0,0,0.0,0.0,4600.0,2606,,New,9338219171,,,,
2247,101,5,RSL/23-24/86,2023-05-28 00:00:00,2,102,SRIKANT JENA,"BOMIKHAL
",18446.6,0.0,18446.6,553.4,0.0,19000.0,0,0.0,0,0.0,0.0,19000.0,2607,,New,0,,,,
2248,101,5,RSL/23-24/87,2023-05-28 00:00:00,2,102,BHAINA,"BBSR
",1456.31,0.0,1456.31,43.68,0.0,1500.0,0,0.0,0,0.0,0.0,1500.0,2608,,New,0,,,,
2249,101,5,RSL/23-24/88,2023-05-29 00:00:00,2,102,PARTAP PARIDA,"BBSR
",19902.91,0.0,19902.91,597.08,0.0,20500.0,0,0.0,0,0.0,0.0,20500.0,2609,,New,0,,,,
2250,101,5,RSL/23-24/89,2023-06-01 00:00:00,2,102,ALOK SAHOO,"BBSR
",13300.97,0.0,13300.97,399.02,0.0,13700.0,0,0.0,0,0.0,0.0,13700.0,2610,,New,9861183939,,,,
2251,101,5,RSL/23-24/90,2023-06-02 00:00:00,2,102,SUDHAKAR SWAIN,"RASULGARH
",2815.53,0.0,2815.53,84.46,0.0,2900.0,0,0.0,0,0.0,0.0,2900.0,2611,,New,7008719089,,,,
2252,101,5,RSL/23-24/91,2023-06-03 00:00:00,2,102,PUSHPANJALI MOHARANA,"BBSR
",4854.37,0.0,4854.37,145.64,0.0,5000.0,0,0.0,0,0.0,0.0,5000.0,2612,,New,9938359676,,,,
2253,101,5,RSL/23-24/92,2023-06-03 00:00:00,2,102,MADAN JENA,"BBSR
",14077.67,0.0,14077.67,422.34,0.0,14500.0,0,0.0,0,0.0,0.0,14500.0,2613,,New,0,,,,
2254,101,5,RSL/23-24/93,2023-06-03 00:00:00,2,102,BARSA TRIPATHI,"BBSR
",10194.17,0.0,10194.17,305.82,0.0,10500.0,0,0.0,0,0.0,0.0,10500.0,2614,,New,0,,,,
2255,101,5,RSL/23-24/94,2023-06-04 00:00:00,2,102,GULNAAZ KHAN,"BBSR
",53883.75,0.0,53883.75,1616.52,-0.27,55500.27,0,0.0,0,0.0,0.0,55500.0,2615,,New,0,,,,
2256,101,5,RSL/23-24/95,2023-06-04 00:00:00,2,102,BANALAXMI MOHANTY,"BBSR
",73300.97,0.0,73300.97,2199.02,0.0,75500.0,0,0.0,0,60000.0,0.0,15500.0,2617,Enter Additional Information,New,9937760917,,,,
2257,101,5,RSL/23-24/96,2023-06-05 00:00:00,2,102,JYOTIRMAYEE DASH,"CUTTACK
",40291.26,0.0,40291.26,1208.74,0.0,41500.0,0,0.0,0,0.0,0.0,41500.0,2619,,Modified,9090768132,,,,
2258,101,5,RSL/23-24/97,2023-06-05 00:00:00,2,102,BANALAXMI MOHANTY,"BBSR
",46116.5,0.0,46116.5,1383.5,0.0,47500.0,0,0.0,0,0.0,24000.0,23500.0,2621,,New,9937760917,,,,
2259,101,5,RSL/23-24/98,2023-06-05 00:00:00,2,102,SHANTI DAS,"BBSR
",28640.78,0.0,28640.78,859.22,0.0,29500.0,0,0.0,0,0.0,0.0,29500.0,2622,,New,0,,,,
2260,101,5,RSL/23-24/99,2023-06-06 00:00:00,2,102,PANDA AND PANDA ASSOCIATES,"
",17475.73,0.0,17475.73,524.28,0.0,18000.0,0,0.0,0,0.0,0.0,18000.0,2623,,New,9438388116,,,,
2261,101,5,RSL/23-24/100,2023-06-06 00:00:00,2,102,DEEPAK BEHERA,"BBSR
",16024.82,6.0,16024.82,480.74,0.44,16505.56,0,0.0,0,0.0,0.0,16500.0,2635,,Modified,0,,,,
2262,101,5,RSL/23-24/101,2023-06-08 00:00:00,2,102,AMRITA RATH ,"BBSR
",1504.86,0.0,1504.86,45.14,0.0,1550.0,0,0.0,0,0.0,0.0,1550.0,2625,,New,0,,,,
2263,101,5,RSL/23-24/102,2023-06-09 00:00:00,2,102,SANJU SHARMA,"BBSR
",43203.88,0.0,43203.88,1296.12,0.0,44500.0,0,0.0,0,0.0,0.0,44500.0,2626,,New,9348003398,,,,
2264,101,5,RSL/23-24/103,2023-06-10 00:00:00,2,102,CHANDAN SAHOO,"BBSR
",76407.64,0.0,76407.64,2292.22,0.13,78699.87,0,0.0,0,0.0,0.0,78700.0,2627,,New,0,,,,
2265,101,5,RSL/23-24/104,2023-06-11 00:00:00,2,102,BHANUMATI PRADHAN,"BBSR
",6941.75,0.0,6941.75,208.26,0.0,7150.0,0,0.0,0,0.0,0.0,7150.0,2628,,New,8119871426,,,,
2266,101,5,RSL/23-24/105,2023-06-13 00:00:00,2,102,JITENDRA KUMAR PARIDA,"
BBSR",29126.21,0.0,29126.21,873.78,0.0,30000.0,0,0.0,0,0.0,0.0,30000.0,2629,,New,9337409496,,,,
2267,101,5,RSL/23-24/106,2023-06-13 00:00:00,2,102,KISAN AGARWAL,"BBSR
",160193.93,0.0,160193.93,4805.82,0.25,164999.75,0,0.0,0,0.0,0.0,165000.0,2630,,New,0,,,,
2268,101,5,RSL/23-24/107,2023-06-15 00:00:00,2,102,GANESH MOHANTO,"BBSR
",28058.21,0.0,28058.21,841.74,0.05,28899.95,0,0.0,0,0.0,0.0,28900.0,2631,,New,9938735401,,,,
2269,101,5,RSL/23-24/108,2023-06-15 00:00:00,2,102,SARAT SAHOO,"BBSR
",19901.5,0.0,19901.5,597.04,0.45,20498.55,0,0.0,0,0.0,0.0,20499.0,2632,,New,0,,,,
2270,101,5,RSL/23-24/109,2023-06-17 00:00:00,2,102,DILIP SAHOO,"BBSR
",44369.41,0.0,44369.41,1331.08,-0.49,45700.49,0,0.0,0,0.0,0.0,45700.0,2669,,Modified,0,,,,
2271,101,5,RSL/23-24/110,2023-06-18 00:00:00,2,102,ABHISEK BEHERA,"BBSR
",2038.83,0.0,2038.83,61.16,0.01,2099.99,0,0.0,0,0.0,0.0,2100.0,2636,,New,7381108681,,,,
2272,101,5,RSL/23-24/111,2023-06-19 00:00:00,2,102,MANOJ KUMAR BEHERA,"BBSR
",38349.52,0.0,38349.52,1150.48,0.0,39500.0,0,0.0,0,0.0,0.0,39500.0,2637,,New,0,,,,
2273,101,5,RSL/23-24/112,2023-06-21 00:00:00,2,102,JHANSI BEHERA,"BBSR
",26773.1,26.0,26773.1,803.2,-0.29,27576.29,0,0.0,0,0.0,5000.0,22550.0,2639,Enter Additional Information,New,9937398055,,,,
2274,101,5,RSL/23-24/113,2023-06-21 00:00:00,2,102,SIBANI BEHERA,"BBSR
",125733.98,0.0,125733.98,3772.02,0.0,129506.0,0,0.0,0,0.0,0.0,129506.0,2641,,Modified,0,,,,
2275,101,5,RSL/23-24/114,2023-06-21 00:00:00,2,102,SANJAY KU TOSH,"BBAR
",12135.92,0.0,12135.92,364.08,0.0,12500.0,0,0.0,0,0.0,0.0,12500.0,2642,,New,0,,,,
2276,101,5,RSL/23-24/115,2023-06-23 00:00:00,2,102,MANTU DAS,"KENDRAPADA
",9708.74,0.0,9708.74,291.26,0.0,10000.0,0,0.0,0,0.0,0.0,10000.0,2643,,New,8118003152,,,,
2277,101,5,RSL/23-24/116,2023-06-23 00:00:00,2,102,MADAN KUMAR GIRI,"BBSR
",59223.3,0.0,59223.3,1776.7,0.0,61000.0,0,0.0,0,0.0,0.0,61000.0,2645,,Modified,0,,,,
2278,101,5,RSL/23-24/117,2023-06-23 00:00:00,2,102,GAUTAM MANDAL,"BBSR
",49514.56,0.0,49514.56,1485.44,0.0,51000.0,0,0.0,0,0.0,0.0,51000.0,2651,,Modified,0,,,,
2279,101,5,RSL/23-24/118,2023-06-23 00:00:00,2,102,HARI SAHOO,"BBSR
",40776.7,0.0,40776.7,1223.3,0.0,42000.0,0,0.0,0,0.0,0.0,42000.0,2647,,New,0,,,,
2280,101,5,RSL/23-24/119,2023-06-23 00:00:00,2,102,ARUN TRIPATHY,"BBSR
",37378.93,0.0,37378.93,1121.36,-0.3,38500.3,0,0.0,0,0.0,0.0,38500.0,2648,,New,0,,,,
2281,101,5,RSL/23-24/120,2023-06-23 00:00:00,2,102,ANJANI KUMAR PATHAK,"BBSR
",15533.98,0.0,15533.98,466.02,0.0,16000.0,0,0.0,0,0.0,0.0,16000.0,2649,,New,0,,,,
2282,101,5,RSL/23-24/121,2023-06-23 00:00:00,2,102,PRASANT NAYAK,"BBSR
",7184.47,0.0,7184.47,215.54,0.0,7400.0,0,0.0,0,0.0,0.0,7400.0,2652,,New,0,,,,
2283,101,5,RSL/23-24/122,2023-06-23 00:00:00,2,102,GEETA MOHAPATRA,"BBSR
",13607.0,15.0,13607.0,408.22,-0.21,14015.21,0,0.0,0,0.0,0.0,14000.0,2653,Enter Additional Information,New,0,,,,
2284,101,5,RSL/23-24/123,2023-06-25 00:00:00,2,102,NEELAM AGARWAL,"BBSR
",120388.23,0.0,120388.23,3611.64,0.12,123999.88,0,0.0,0,0.0,0.0,124000.0,2654,,New,0,,,,
2285,101,5,RSL/23-24/124,2023-06-25 00:00:00,2,102,B. MAHAPATRA,"BBSR
",11165.05,0.0,11165.05,334.96,0.0,11500.0,0,0.0,0,0.0,0.0,11500.0,2655,,New,0,,,,
2286,101,5,RSL/23-24/125,2023-06-25 00:00:00,2,102,GYANA JENA,"BBSR
",7281.55,0.0,7281.55,218.44,0.0,7500.0,0,0.0,0,0.0,0.0,7500.0,2656,,New,0,,,,
2287,101,5,RSL/23-24/126,2023-06-25 00:00:00,2,102,ROHIT KUMAR,"BBSR
",3518.0,23.0,3518.0,105.54,0.46,3623.54,0,0.0,0,0.0,0.0,3601.0,2657,Enter Additional Information,New,0,,,,
2288,101,5,RSL/23-24/127,2023-06-26 00:00:00,2,102,SAJJAN RAY,"
",1233.01,0.0,1233.01,37.0,-0.01,1270.01,0,0.0,0,0.0,0.0,1270.0,2659,,Modified,0,,,,
2289,101,5,RSL/23-24/128,2023-06-27 00:00:00,2,102,BABU SWAIN,"BBSR
",64077.33,0.0,64077.33,1922.32,0.35,65999.65,0,0.0,0,0.0,0.0,66000.0,2660,,New,0,,,,
2290,101,5,RSL/23-24/129,2023-06-27 00:00:00,2,102,ASIS SWAIN,"BBSR
",16504.85,0.0,16504.85,495.14,0.0,17000.0,0,0.0,0,0.0,0.0,17000.0,2661,,New,0,,,,
2291,101,5,RSL/23-24/130,2023-06-27 00:00:00,2,102,SAILESH MOHANTY,"BBSR
",38834.95,0.0,38834.95,1165.04,0.0,40000.0,0,0.0,0,0.0,0.0,40000.0,2662,,New,7504078194,,,,
2292,101,5,RSL/23-24/131,2023-06-27 00:00:00,2,102,PABI SAHOO,"VVSR
",18932.04,0.0,18932.04,567.96,0.0,19500.0,0,0.0,0,0.0,0.0,19500.0,2663,,New,0,,,,
2293,101,5,RSL/23-24/132,2023-06-27 00:00:00,2,102,TRIDEV SWAIN,"BBSR
",21844.66,0.0,21844.66,655.34,0.0,22500.0,0,0.0,0,0.0,0.0,22500.0,2665,,Modified,0,,,,
2294,101,5,RSL/23-24/133,2023-06-28 00:00:00,2,102,SAMANWEETA SATHPATHY,"BBSR
",33061.52,53.0,33061.52,991.84,-0.37,34053.37,0,0.0,0,0.0,0.0,34000.0,2666,,New,8249585200,,,,
2295,101,5,RSL/23-24/134,2023-06-28 00:00:00,2,102,JASMIN,"BBSR
",3300.97,0.0,3300.97,99.02,0.0,3400.0,0,0.0,0,0.0,0.0,3400.0,2667,,New,7438054006,,,,
2296,101,5,RSL/23-24/135,2023-06-30 00:00:00,2,102,SRIKANT JENA,"BBSR
",27669.9,0.0,27669.9,830.1,0.0,28500.0,0,0.0,0,0.0,0.0,28500.0,2668,,New,0,,,,
2297,101,5,RSL/23-24/136,2023-06-30 00:00:00,2,102,SURYA KANT PRADHAN,"BBSR
",72038.26,0.0,72038.26,2161.14,-0.42,74199.42,0,0.0,0,0.0,0.0,74199.0,2670,,New,0,,,,
2298,101,5,RSL/23-24/137,2023-07-01 00:00:00,2,102,MANABHANJAN MISHRA,BBSR,37087.28,0.0,37087.28,1112.62,0.1,38199.9,0,0.0,0,0.0,0.0,38200.0,2752,,Modified,0,,,,
2299,101,5,RSL/23-24/138,2023-07-02 00:00:00,2,102,BULA SAHOO,"BOMIKHAL
",796.12,0.0,796.12,23.88,0.0,820.0,0,0.0,0,0.0,0.0,820.0,2673,,New,9853534670,,,,
2300,101,5,RSL/23-24/139,2023-07-03 00:00:00,2,102,B CHAUDARY,"BBSR
",19126.21,200.0,19126.21,573.78,0.0,19700.0,0,0.0,0,0.0,0.0,19500.0,2674,Enter Additional Information,New,0,,,,
2301,101,5,RSL/23-24/140,2023-07-04 00:00:00,2,102,RAJ KISHORE,"BBSR
",20873.79,0.0,20873.79,626.22,0.0,21500.0,0,0.0,0,0.0,0.0,21500.0,2675,,New,0,,,,
2302,101,5,RSL/23-24/141,2023-07-04 00:00:00,2,102,NEELAM AGARWAL,"BBSR
",13495.15,0.0,13495.15,404.86,0.0,13900.0,0,0.0,0,0.0,0.0,13900.0,2676,,New,0,,,,
2303,101,5,RSL/23-24/142,2023-07-05 00:00:00,2,102,ANKITA SRIVASTAV,"BBSR
",42564.67,42.0,42564.67,1276.94,0.39,43841.61,0,0.0,0,0.0,0.0,43800.0,2677,Enter Additional Information,New,0,,,,
2304,101,5,RSL/23-24/143,2023-07-08 00:00:00,2,102,GOPAL KRUSHNA LENKA,"BBSR
",6116.5,0.0,6116.5,183.5,0.0,6300.0,0,0.0,0,0.0,0.0,6300.0,2678,,New,0,,,,
2305,101,5,RSL/23-24/144,2023-07-09 00:00:00,2,102,DEBULAL DAS,"BBSR
",187378.48,0.0,187378.48,5621.36,0.16,192999.84,0,0.0,0,0.0,0.0,193000.0,2682,,Modified,7978089367,,,,
2306,101,5,RSL/23-24/145,2023-07-10 00:00:00,2,102,MADHU TRIPATHY,"BBSR
",18446.6,0.0,18446.6,553.4,0.0,19000.0,0,0.0,0,0.0,0.0,19000.0,2683,,New,0,,,,
2307,101,5,RSL/23-24/146,2023-07-11 00:00:00,2,102,DEPIKA DEB,"BBSR
",33009.98,0.0,33009.98,990.3,-0.28,34000.28,0,0.0,0,0.0,0.0,34000.0,2684,,New,0,,,,
2308,101,5,RSL/23-24/147,2023-07-11 00:00:00,2,102,PAYAL DAS,"BBSR
",2038.83,0.0,2038.83,61.16,0.01,2099.99,0,0.0,0,0.0,0.0,2100.0,2685,,New,0,,,,
2309,101,5,RSL/23-24/148,2023-07-12 00:00:00,2,102,PABI SAHOO,"BBSR
",8737.86,0.0,8737.86,262.14,0.0,9000.0,0,0.0,0,0.0,0.0,9000.0,2686,,New,0,,,,
2310,101,5,RSL/23-24/149,2023-07-12 00:00:00,2,102,DINESH SAHOO,"BBSR
",2912.62,0.0,2912.62,87.38,0.0,3000.0,0,0.0,0,0.0,0.0,3000.0,2687,,New,0,,,,
2311,101,5,RSL/23-24/150,2023-07-13 00:00:00,2,102,RUPESH YADAV,"BBSR
",4757.28,0.0,4757.28,142.72,0.0,4900.0,0,0.0,0,0.0,0.0,4900.0,2688,,New,0,,,,
2312,101,5,RSL/23-24/151,2023-07-13 00:00:00,2,102,LALU BEHERA,"BBSR

",16990.29,0.0,16990.29,509.7,0.0,17500.0,0,0.0,0,0.0,0.0,17500.0,2689,,New,0,,,,
2313,101,5,RSL/23-24/152,2023-07-14 00:00:00,2,102,PRAKASH GUPTA,"BBSR
",12427.18,0.0,12427.18,372.82,0.0,12800.0,0,0.0,0,0.0,0.0,12800.0,2690,,New,0,,,,
2314,101,5,RSL/23-24/153,2023-07-15 00:00:00,2,102,KHUSBU BURH,"BBSR
",2524.27,0.0,2524.27,75.72,0.0,2600.0,0,0.0,0,0.0,0.0,2600.0,2691,,New,0,,,,
2315,101,5,RSL/23-24/154,2023-07-16 00:00:00,2,102,SUBASH BAS,"BBSR
",6019.42,0.0,6019.42,180.58,0.0,6200.0,0,0.0,0,0.0,0.0,6200.0,2692,,New,0,,,,
2316,101,5,RSL/23-24/155,2023-07-21 00:00:00,2,102,DIPTI RANJAN,"BBSR
",2427.18,0.0,2427.18,72.82,0.0,2500.0,0,0.0,0,0.0,0.0,2500.0,2693,,New,0,,,,
2317,101,5,RSL/23-24/156,2023-07-22 00:00:00,2,102,SANTOSH BEHERA,"BBSR
",20970.87,0.0,20970.87,629.12,0.0,21600.0,0,0.0,0,0.0,0.0,21600.0,2694,,New,7609875391,,,,
2318,101,5,RSL/23-24/157,2023-07-29 00:00:00,2,102,MADHUSMITA SAMANTRAY,"BBSR
",5922.33,0.0,5922.33,177.66,0.0,6100.0,0,0.0,0,0.0,0.0,6100.0,2695,,New,0,,,,
2319,101,5,RSL/23-24/158,2023-07-29 00:00:00,2,102,ANIL SAHA,"BBSR
",1359.22,0.0,1359.22,40.78,0.0,1400.0,0,0.0,0,0.0,0.0,1400.0,2697,,Modified,0,,,,
2320,101,5,RSL/23-24/159,2023-07-31 00:00:00,2,102,JAYANTI SAHOO,"BBSR
",24271.84,0.0,24271.84,728.16,0.0,25000.0,0,0.0,0,0.0,0.0,25000.0,2700,,Modified,0,,,,
2321,101,5,RSL/23-24/160,2023-08-30 00:00:00,2,102,BALARAM SAMALTARA,"BBSR
",62135.92,0.0,62135.92,1864.08,0.0,64000.0,0,0.0,0,0.0,0.0,64000.0,2701,,New,0,,,,
2322,101,5,RSL/23-24/161,2023-08-31 00:00:00,2,102,AHALAYA SAHOO,"BBSR
",80582.52,0.0,80582.52,2417.48,0.0,83000.0,0,0.0,0,0.0,0.0,83000.0,2702,,New,0,,,,
2323,101,5,RSL/23-24/162,2023-09-01 00:00:00,2,102,ROHIT MITTAL,"BBSR
",66990.29,0.0,66990.29,2009.7,0.0,69000.0,0,0.0,0,0.0,0.0,69000.0,2703,,New,0,,,,
2324,101,5,RSL/23-24/163,2023-09-02 00:00:00,2,102,SUNIL MOHRANA,"BBSR
",2621.36,0.0,2621.36,78.64,0.0,2700.0,0,0.0,0,0.0,0.0,2700.0,2704,,New,0,,,,
2325,101,5,RSL/23-24/164,2023-09-03 00:00:00,2,102,DEEPAK BEHERA,"BBSR
",2233.01,0.0,2233.01,67.0,0.0,2300.0,0,0.0,0,0.0,0.0,2300.0,2705,,New,0,,,,
2326,101,5,RSL/23-24/165,2023-09-04 00:00:00,2,102,MAMALI PRADHAN,"BBSR
",2912.62,0.0,2912.62,87.38,0.0,3000.0,0,0.0,0,0.0,0.0,3000.0,2706,,New,0,,,,
2327,101,5,RSL/23-24/166,2023-09-06 00:00:00,2,102,RAJIV JENA,"BBSR
",28155.34,0.0,28155.34,844.66,0.0,29000.0,0,0.0,0,0.0,0.0,29000.0,2707,,New,0,,,,
2328,101,5,RSL/23-24/167,2023-09-08 00:00:00,2,102,JIVITA SWAIN,"BBSR
",3203.88,0.0,3203.88,96.12,0.0,3300.0,0,0.0,0,0.0,0.0,3300.0,2709,,Modified,0,,,,
2329,101,5,RSL/23-24/168,2023-09-08 00:00:00,2,102,AMRITA DAS,"BBSR
",825.24,0.0,825.24,24.76,0.0,850.0,0,0.0,0,0.0,0.0,850.0,2710,,New,0,,,,
2330,101,5,RSL/23-24/169,2023-09-08 00:00:00,2,102,ABHISEK DAS,"BBSR


",2912.62,0.0,2912.62,87.38,0.0,3000.0,0,0.0,0,0.0,0.0,3000.0,2711,,New,0,,,,
2331,101,5,RSL/23-24/170,2023-09-10 00:00:00,2,102,DIPITI SWAIN,"BBSR
",2135.92,0.0,2135.92,64.08,0.0,2200.0,0,0.0,0,0.0,0.0,2200.0,2712,,New,0,,,,
2332,101,5,RSL/23-24/171,2023-09-11 00:00:00,2,102,SACHIN SACHDEV,"BBSR
",67961.17,0.0,67961.17,2038.84,-0.01,70000.01,0,0.0,0,0.0,0.0,70000.0,2713,,New,0,,,,
2333,101,5,RSL/23-24/172,2023-09-11 00:00:00,2,102,JIVITA DAS,"BBSR
",22524.27,0.0,22524.27,675.72,0.0,23200.0,0,0.0,0,0.0,0.0,23200.0,2714,,New,0,,,,
2334,101,5,RSL/23-24/173,2023-09-12 00:00:00,2,102,ARYA TRADING CO.,"BBSR
",35475.17,39.0,35475.17,1064.26,-0.43,36539.43,0,0.0,0,0.0,0.0,36500.0,2715,Enter Additional Information,New,0,,,,
2335,101,5,RSL/23-24/174,2023-09-13 00:00:00,2,102,HITEN JENA,"BBSR
",3398.06,0.0,3398.06,101.94,0.0,3500.0,0,0.0,0,0.0,0.0,3500.0,2716,,New,0,,,,
2336,101,5,RSL/23-24/175,2023-09-14 00:00:00,2,102,PRADIP NANDA,"BBSR
",35436.89,0.0,35436.89,1063.1,0.0,36500.0,0,0.0,0,0.0,0.0,36500.0,2717,,New,0,,,,
2337,101,5,RSL/23-24/176,2023-09-16 00:00:00,2,102,MAMALI JENA,"BBSR
",805.83,0.0,805.83,24.18,0.0,830.0,0,0.0,0,0.0,0.0,830.0,2718,,New,0,,,,
2338,101,5,RSL/23-24/177,2023-09-17 00:00:00,2,102,JIVITA DAS,"BBSR
",45436.89,0.0,45436.89,1363.1,0.0,46800.0,0,0.0,0,0.0,0.0,46800.0,2719,,New,0,,,,
2339,101,5,RSL/23-24/178,2023-09-17 00:00:00,2,102,DIPITI RANJAN,"BBSR
",17961.17,0.0,17961.17,538.84,-0.01,18500.01,0,0.0,0,0.0,0.0,18500.0,2721,,Modified,0,,,,
2340,101,5,RSL/23-24/179,2023-09-17 00:00:00,2,102,SUJATA NAYAK,"BBSR
",44369.26,0.0,44369.26,1331.08,-0.36,45700.36,0,0.0,0,0.0,22200.0,23500.0,2726,,Modified,0,,,,
2341,101,5,RSL/23-24/180,2023-09-18 00:00:00,2,102,KANCHAN GUPTA,"BBSR

",14563.11,0.0,14563.11,436.9,0.0,15000.0,0,0.0,0,0.0,0.0,15000.0,2727,,New,0,,,,
2342,101,5,RSL/23-24/181,2023-09-19 00:00:00,2,102,DIPTI RANJAN,"BBSR
",9798.83,93.0,9798.83,293.96,0.21,10092.79,0,0.0,0,0.0,0.0,10000.0,2728,Enter Additional Information,New,0,,,,
2343,101,5,RSL/23-24/182,2023-09-19 00:00:00,2,102,GOPAL KRUSHNA,"BBSR
",3495.15,0.0,3495.15,104.86,0.0,3600.0,0,0.0,0,0.0,0.0,3600.0,2729,,New,0,,,,
2344,101,5,RSL/23-24/183,2023-09-19 00:00:00,2,102,NIRAJITA MOHANTY,"BBSR
",1262.14,0.0,1262.14,37.86,0.0,1300.0,0,0.0,0,0.0,0.0,1300.0,2730,,New,0,,,,
2345,101,5,RSL/23-24/184,2023-09-19 00:00:00,2,102,RATAN AGARWAL,"BBSR
",2912.62,0.0,2912.62,87.38,0.0,3000.0,0,0.0,0,0.0,0.0,3000.0,2731,,New,0,,,,
2346,101,5,RSL/23-24/185,2023-09-19 00:00:00,2,102,JIBHURAM SAHOO,"BBSR
",25825.24,0.0,25825.24,774.76,0.0,26600.0,0,0.0,0,0.0,0.0,26600.0,2732,,New,0,,,,
2347,101,5,RSL/23-24/186,2023-09-19 00:00:00,2,102,ROHIT MITTAL,"BBSR
",3689.32,0.0,3689.32,110.68,0.0,3800.0,0,0.0,0,0.0,0.0,3800.0,2733,,New,0,,,,
2348,101,5,RSL/23-24/187,2023-09-21 00:00:00,2,102,MADHU DASH,"BBSR
",2815.53,0.0,2815.53,84.46,0.0,2900.0,0,0.0,0,0.0,0.0,2900.0,2734,,New,0,,,,
2349,101,5,RSL/23-24/188,2023-09-21 00:00:00,2,102,ARYA TRADING,"BBSR
",8640.78,0.0,8640.78,259.22,0.0,8900.0,0,0.0,0,0.0,0.0,8900.0,2735,,New,0,,,,
2350,101,5,RSL/23-24/189,2023-09-22 00:00:00,2,102,SAGID KHAN,"BBSR
",16019.42,0.0,16019.42,480.58,0.0,16500.0,0,0.0,0,0.0,0.0,16500.0,2736,,New,0,,,,
2351,101,5,RSL/23-24/190,2023-09-23 00:00:00,2,102,LIPI ROUT,"BBSR
",13592.24,0.0,13592.24,407.76,0.0,14000.0,0,0.0,0,0.0,0.0,14000.0,2737,,New,0,,,,
2352,101,5,RSL/23-24/191,2023-09-24 00:00:00,2,102,PRADIP DASH,"BBSR
",15533.98,0.0,15533.98,466.02,0.0,16000.0,0,0.0,0,0.0,0.0,16000.0,2738,,New,0,,,,
2353,101,5,RSL/23-24/192,2023-09-24 00:00:00,2,102,SEKHAR PRUSTY,"BBSR
",2310.68,0.0,2310.68,69.32,0.0,2380.0,0,0.0,0,0.0,0.0,2380.0,2739,,New,0,,,,
2354,101,5,RSL/23-24/193,2023-09-25 00:00:00,2,102,SANTOSH BEHERA,"BBSR
",5728.16,0.0,5728.16,171.84,0.0,5900.0,0,0.0,0,0.0,0.0,5900.0,2740,,New,7609875391,,,,
2355,101,5,RSL/23-24/194,2023-09-25 00:00:00,2,102,SUKANTA KU. MOHAPATRA,"BBSR
",4368.93,0.0,4368.93,131.06,0.01,4499.99,0,0.0,0,0.0,0.0,4500.0,2741,,New,0,,,,
2356,101,5,RSL/23-24/195,2023-09-25 00:00:00,2,102,ROHIT KUMAR,"BBSR
",4854.37,0.0,4854.37,145.64,0.0,5000.0,0,0.0,0,0.0,0.0,5000.0,2742,,New,0,,,,
2357,101,5,RSL/23-24/196,2023-09-26 00:00:00,2,102,MAHAVIR SWAIN,"BBSR
",3980.58,0.0,3980.58,119.42,0.0,4100.0,0,0.0,0,0.0,0.0,4100.0,2743,,New,0,,,,
2358,101,5,RSL/23-24/197,2023-09-27 00:00:00,2,102,BHAGYA SHREE SWAIN,"BBSR
",15242.72,0.0,15242.72,457.28,0.0,15700.0,0,0.0,0,0.0,0.0,15700.0,2744,,New,0,,,,
2359,101,5,RSL/23-24/198,2023-09-29 00:00:00,2,102,ROJALIN PRADHAN,"BSSR
",44368.93,0.0,44368.93,1331.06,0.0,45700.0,0,0.0,0,0.0,0.0,45700.0,2745,,New,7873011549,,,,
2360,101,5,RSL/23-24/199,2023-09-30 00:00:00,2,102,HANUMANTAV GOVIDAM,"BBSR
",62815.53,0.0,62815.53,1884.46,0.0,64700.0,0,0.0,0,0.0,0.0,64700.0,2746,,New,0,,,,
2361,101,5,RSL/23-24/200,2023-09-30 00:00:00,2,102,BISWARANJAN SAHOO,"BBSR
",46116.5,0.0,46116.5,1383.5,0.0,47500.0,0,0.0,0,0.0,0.0,47500.0,2747,,New,0,,,,
2362,101,5,RSL/23-24/201,2023-10-01 00:00:00,2,102,JAGA PRADHAN,"BBSR
",20388.35,0.0,20388.35,611.66,0.0,21000.0,0,0.0,0,0.0,0.0,21000.0,2748,,New,0,,,,
2363,101,5,RSL/23-24/202,2023-10-02 00:00:00,2,102,BIGHNESWARI DASH,"BBSR
",4271.84,0.0,4271.84,128.16,0.0,4400.0,0,0.0,0,0.0,0.0,4400.0,2749,,New,0,,,,
2364,101,5,RSL/23-24/203,2023-10-12 00:00:00,2,102,MINUSMITA MOHANTY,"BBSR
",407767.0,0.0,407767.0,12233.02,-0.01,420000.01,0,0.0,0,0.0,0.0,420000.0,2753,,New,7978473961,,,CUPPM0723H,
2365,101,5,RSL/23-24/204,2023-10-12 00:00:00,2,102,GOVIND DAS,"BBSR
",5728.16,0.0,5728.16,171.84,0.0,5900.0,0,0.0,0,0.0,0.0,5900.0,2754,,New,0,,,,
2366,101,5,RSL/23-24/205,2023-10-12 00:00:00,2,102,SAMPAD PRADHAN,"TALCHER
",72815.3,0.0,72815.3,2184.46,0.24,74999.76,0,0.0,0,0.0,0.0,75000.0,2755,,New,9438550341,,,,
2367,101,5,RSL/23-24/206,2023-10-12 00:00:00,2,102,MANOJ KU PRADHAN,"TALCHER
",68932.04,0.0,68932.04,2067.96,0.0,71000.0,0,0.0,0,0.0,0.0,71000.0,2756,,New,0,,,,
2368,101,5,RSL/23-24/207,2023-10-12 00:00:00,2,102,ANIL KU GARNAYAK,"TALCHER
",35922.33,0.0,35922.33,1077.66,0.0,37000.0,0,0.0,0,0.0,0.0,37000.0,2757,,New,0,,,,
2369,101,5,RSL/23-24/208,2023-10-12 00:00:00,2,102,AJAY KUMAR SAHOO,"TALCHER
",60097.09,0.0,60097.09,1802.92,0.0,61900.0,0,0.0,0,0.0,0.0,61900.0,2758,,New,0,,,,
2370,101,5,RSL/23-24/209,2023-10-14 00:00:00,2,102,TANMAY ACHARYA,"BBSR
",13592.23,0.0,13592.23,407.76,0.0,14000.0,0,0.0,0,0.0,0.0,14000.0,2759,,New,0,,,,
2371,101,5,RSL/23-24/210,2023-10-15 00:00:00,2,102,TANMAY ACHARAY,"BBBSR
",56601.94,0.0,56601.94,1698.06,0.0,58300.0,0,0.0,0,0.0,0.0,58300.0,2760,,New,9938511034,,,bwdpa1575q,
2372,101,5,RSL/23-24/211,2023-10-15 00:00:00,2,102,RAGHUNATH SWAIN,"BBSR
",36213.59,0.0,36213.59,1086.4,0.0,37300.0,0,0.0,0,0.0,0.0,37300.0,2761,,New,0,,,,
2373,101,5,RSL/23-24/212,2023-10-15 00:00:00,2,102,ABHISEK SRIVASTAV,"BBSR
",101973.78,33.0,101973.78,3059.22,0.0,105033.0,0,0.0,0,0.0,0.0,105000.0,2762,Enter Additional Information,New,0,,,,
2374,101,5,RSL/23-24/213,2023-10-15 00:00:00,2,102,PABI SAHOO,"BBSR
",123786.4,0.0,123786.4,3713.6,0.0,127500.0,0,0.0,0,0.0,0.0,127500.0,2763,,New,0,,,,
2375,101,5,RSL/23-24/214,2023-10-16 00:00:00,2,102,PABI SAHOO,"BBSR
",180502.94,418.0,180502.94,5415.08,-0.03,185918.03,0,0.0,0,0.0,0.0,185500.0,2764,,New,0,,,,
2376,101,5,RSL/23-24/215,2023-10-16 00:00:00,2,102,AJAY SAHOO,"BBSR
",20388.35,0.0,20388.35,611.66,0.0,21000.0,0,0.0,0,0.0,0.0,21000.0,2765,,New,0,,,,
2377,101,5,RSL/23-24/216,2023-10-16 00:00:00,2,102,DUSMANT BEHERA,"BBSR
",4271.84,0.0,4271.84,128.16,0.0,4400.0,0,0.0,0,0.0,0.0,4400.0,2766,,New,0,,,,
2378,101,5,RSL/23-24/217,2023-10-16 00:00:00,2,102,ABHILASH MISRA,"BBSR
",5310.68,0.0,5310.68,159.32,0.0,5470.0,0,0.0,0,0.0,0.0,5470.0,2767,,New,0,,,,
2379,101,5,RSL/23-24/218,2023-10-16 00:00:00,2,102,ABHISEK SWAIN,"BBSR
",4757.28,0.0,4757.28,142.72,0.0,4900.0,0,0.0,0,0.0,0.0,4900.0,2768,,New,0,,,,
2380,101,5,RSL/23-24/219,2023-10-17 00:00:00,2,102,SABAT JENA,"BBSR\
",2718.45,0.0,2718.45,81.56,0.0,2800.0,0,0.0,0,0.0,0.0,2800.0,2769,,New,0,,,,
2381,101,5,RSL/23-24/220,2023-10-18 00:00:00,2,102,SAHINA  KHAN,"BBSR
",10000.0,0.0,10000.0,300.0,0.0,10300.0,0,0.0,0,0.0,0.0,10300.0,2770,,New,0,,,,
2382,101,5,RSL/23-24/221,2023-10-19 00:00:00,2,102,GANGA SWAIN,"BBSS
R
",8737.86,0.0,8737.86,262.14,0.0,9000.0,0,0.0,0,0.0,0.0,9000.0,2771,,New,0,,,,
2383,101,5,RSL/23-24/222,2023-10-19 00:00:00,2,102,SUBHRAT JENA,"BBSR
",1650.49,0.0,1650.49,49.52,0.0,1700.0,0,0.0,0,0.0,0.0,1700.0,2772,,New,0,,,,
2384,101,5,RSL/23-24/223,2023-10-20 00:00:00,2,102,ABHILASH BHUYAN,"BBSR
",16504.85,0.0,16504.85,495.14,0.0,17000.0,0,0.0,0,0.0,0.0,17000.0,2773,,New,0,,,,
2385,101,5,RSL/23-24/224,2023-10-26 00:00:00,2,102,S R ALI,"BBSR
",25582.52,0.0,25582.52,767.48,0.0,26350.0,0,0.0,0,0.0,0.0,26350.0,2774,,New,0,,,,
2386,101,5,RSL/23-24/225,2023-10-26 00:00:00,2,102,BAPI SWAIN,"BBSR
",24271.84,0.0,24271.84,728.16,0.0,25000.0,0,0.0,0,0.0,0.0,25000.0,2775,,New,0,,,,
2387,101,5,RSL/23-24/226,2023-10-29 00:00:00,2,102,ABHILAS BHUYAN,"CUTTACK
",20873.79,0.0,20873.79,626.22,0.0,21500.0,0,0.0,0,0.0,0.0,21500.0,2776,,New,0,,,,
2388,101,5,RSL/23-24/227,2023-10-31 00:00:00,2,102,PRAKASH NAYAK,"BBSR
",71359.22,0.0,71359.22,2140.78,0.0,73500.0,0,0.0,0,0.0,0.0,73500.0,2777,,New,0,,21BSYPB8602G1ZS,,
2389,101,5,RSL/23-24/228,2023-10-31 00:00:00,2,102,SUMATI BEHERA,"BBSR
",130679.61,0.0,130679.61,3920.38,0.0,134600.0,0,0.0,0,0.0,0.0,134600.0,2778,,New,0,,21BSYPB8602G1ZS,,
2390,101,5,RSL/23-24/229,2023-11-03 00:00:00,2,102,RABINA BIBI,"BBSR
",42718.45,0.0,42718.45,1281.56,0.0,44000.0,0,0.0,0,0.0,0.0,44000.0,2779,,New,0,,,,
2391,101,5,RSL/23-24/230,2023-11-05 00:00:00,2,102,PRAKSH NAYAK,"BBSR
",92728.49,10.0,92728.49,2781.86,-0.34,95510.34,0,0.0,0,0.0,0.0,95500.0,2780,Enter Additional Information,New,0,,,,
2392,101,5,RSL/23-24/231,2023-11-05 00:00:00,2,102,SUNIL JENA,"BBSR
",2427.18,0.0,2427.18,72.82,0.0,2500.0,0,0.0,0,0.0,0.0,2500.0,2781,,New,0,,,,
2393,101,5,RSL/23-24/232,2023-11-06 00:00:00,2,102,PANCHANAN SHARMA,"BBSR
",30097.09,0.0,30097.09,902.92,0.0,31000.0,0,0.0,0,0.0,17000.0,14000.0,2783,,New,9861183097,,,,
2394,101,5,RSL/23-24/233,2023-11-07 00:00:00,2,102,VANITA KHANDELWAL,"BBSR
",21359.22,0.0,21359.22,640.78,0.0,22000.0,0,0.0,0,0.0,0.0,22000.0,2896,,Modified,0,,,,
2395,101,5,RSL/23-24/234,2023-11-07 00:00:00,2,102,PRADIP NANDA,"BBSR
",14077.67,0.0,14077.67,422.34,0.0,14500.0,0,0.0,0,0.0,0.0,14500.0,2785,,New,0,,,,
2396,101,5,RSL/23-24/235,2023-11-09 00:00:00,2,102,GARGSON AUTOMOBILE PVT.LTD,"BBSR
",31796.12,0.0,31796.12,953.88,0.0,32750.0,0,0.0,0,0.0,0.0,32750.0,2786,,New,0,,21AAFCM5666AIZV,,
2397,101,5,RSL/23-24/236,2023-11-10 00:00:00,2,102,PRADOSH PATTNAIK,"BOMIKHAL
 BBSR
",64077.67,0.0,64077.67,1922.34,0.0,66000.0,0,0.0,0,0.0,0.0,66000.0,2787,,New,9337103745,,,,
2398,101,5,RSL/23-24/237,2023-11-10 00:00:00,2,102,RADHIKA PATTNAIK,"BOMIKHAL BBSR
",64077.67,0.0,64077.67,1922.34,0.0,66000.0,0,0.0,0,0.0,0.0,66000.0,2788,,New,7381052727,,,,
2399,101,5,RSL/23-24/238,2023-11-10 00:00:00,2,102,GULNAAZ KHAN,"BBSR
",76699.03,0.0,76699.03,2300.98,0.0,79000.0,0,0.0,0,0.0,0.0,79000.0,2789,,New,0,,,,
2400,101,5,RSL/23-24/239,2023-11-10 00:00:00,2,102,HARSH SINGH,"BBSR
",873.79,0.0,873.79,26.22,0.0,900.0,0,0.0,0,0.0,0.0,900.0,2790,,New,0,,,,
2401,101,5,RSL/23-24/240,2023-11-10 00:00:00,2,102,SANDEEP KUMAR SAHOO,"BBSR
",6407.77,0.0,6407.77,192.24,0.0,6600.0,0,0.0,0,0.0,0.0,6600.0,2791,,New,0,,,,
2402,101,5,RSL/23-24/241,2023-11-10 00:00:00,2,102,ROHIT KUMAR SAHA,"BBSR
",12718.45,0.0,12718.45,381.56,0.0,13100.0,0,0.0,0,0.0,0.0,13100.0,2792,,New,0,,,,
2403,101,5,RSL/23-24/242,2023-11-10 00:00:00,2,102,AB BOOK INDIA,"BBSR
",6504.85,0.0,6504.85,195.14,0.0,6700.0,0,0.0,0,0.0,0.0,6700.0,2793,,New,0,,21AMVPM4182A2Z5,,
2404,101,5,RSL/23-24/243,2023-11-10 00:00:00,2,102,PRAMOD KUNDA,"BBSR
",8543.69,0.0,8543.69,256.32,-0.01,8800.01,0,0.0,0,0.0,0.0,8800.0,2795,,Modified,0,,,,
2405,101,5,RSL/23-24/244,2023-11-10 00:00:00,2,102,BINAYA MEHER,"BBSR
",30097.09,0.0,30097.09,902.92,-0.01,31000.01,0,0.0,0,0.0,0.0,31000.0,2922,,Modified,0,,,,
2406,101,5,RSL/23-24/245,2023-11-10 00:00:00,2,102,SANDEEP KUMAR SHARMA,"BBSR
",776.7,0.0,776.7,23.3,0.0,800.0,0,0.0,0,0.0,0.0,800.0,2797,,New,0,,,,
2407,101,5,RSL/23-24/246,2023-11-10 00:00:00,2,102,BINDESWAR AGARWAL,"BBSR
",436.89,0.0,436.89,13.1,0.0,450.0,0,0.0,0,0.0,0.0,450.0,2798,,New,0,,,,
2408,101,5,RSL/23-24/247,2023-11-10 00:00:00,2,102,KISHORE KUMAR SAHOO,"BBSR
",825.24,0.0,825.24,24.76,0.0,850.0,0,0.0,0,0.0,0.0,850.0,2800,,Modified,0,,,,
2409,101,5,RSL/23-24/248,2023-11-10 00:00:00,2,102,BAPI PRADHAN,"BBSR
",79611.65,0.0,79611.65,2388.34,0.0,82000.0,0,0.0,0,0.0,0.0,82000.0,2801,,New,0,,,,
2410,101,5,RSL/23-24/249,2023-11-10 00:00:00,2,102,RATAN AGARWAL,"B
BSR
",22135.92,0.0,22135.92,664.08,0.0,22800.0,0,0.0,0,0.0,0.0,22800.0,2802,,New,0,,,,
2411,101,5,RSL/23-24/250,2023-11-10 00:00:00,2,102,SUMAN PRIYA DARSHINI,"BBSR
",388.35,0.0,388.35,11.66,0.0,400.0,0,0.0,0,0.0,0.0,400.0,2803,,New,0,,,,
2412,101,5,RSL/23-24/251,2023-11-10 00:00:00,2,102,SANDEEP KUMAR NAHAK,"BBSR
",776.7,0.0,776.7,23.3,0.0,800.0,0,0.0,0,0.0,0.0,800.0,2804,,New,0,,,,
2413,101,5,RSL/23-24/252,2023-11-10 00:00:00,2,102,SUMANTA RANJAN SENA PATI,"BBSR
",1067.96,0.0,1067.96,32.04,0.0,1100.0,0,0.0,0,0.0,0.0,1100.0,2805,,New,0,,,,
2414,101,5,RSL/23-24/253,2023-11-10 00:00:00,2,102,RITESH SWAIN,"BBSR
",504.85,0.0,504.85,15.14,0.0,520.0,0,0.0,0,0.0,0.0,520.0,2806,,New,0,,,,
2415,101,5,RSL/23-24/254,2023-11-10 00:00:00,2,102,SUMATI SUREKHA,"BBSR
",3495.15,0.0,3495.15,104.86,0.0,3600.0,0,0.0,0,0.0,0.0,3600.0,2807,,New,0,,,,
2416,101,5,RSL/23-24/255,2023-11-10 00:00:00,2,102,SANDEEP KU SHARMA,"BBSR
",776.7,0.0,776.7,23.3,0.0,800.0,0,0.0,0,0.0,0.0,800.0,2808,,New,0,,,,
2417,101,5,RSL/23-24/256,2023-11-10 00:00:00,2,102,SUBHSHREE SAHOO,"BBSR
",776.7,0.0,776.7,23.3,0.0,800.0,0,0.0,0,0.0,0.0,800.0,2809,,New,0,,,,
2418,101,5,RSL/23-24/257,2023-11-10 00:00:00,2,102,ROHIT,"BBSR
",30096.75,0.0,30096.75,902.9,0.35,30999.65,0,0.0,0,0.0,0.0,31000.0,2810,,New,0,,,,
2419,101,5,RSL/23-24/258,2023-11-10 00:00:00,2,102,RAMA SHANKAR MISHRA,"BBSR
",11650.48,0.0,11650.48,349.52,0.0,12000.0,0,0.0,0,0.0,0.0,12000.0,2811,,New,0,,,,
2420,101,5,RSL/23-24/259,2023-11-10 00:00:00,2,102,NANDITA MAHAPATRA,"BBSR
",3883.5,0.0,3883.5,116.5,-0.01,4000.01,0,0.0,0,0.0,0.0,4000.0,2812,,New,0,,,,
2421,101,5,RSL/23-24/260,2023-11-10 00:00:00,2,102,ABHISEK SRIVASTAV,"BBSR
",971.84,0.0,971.84,29.16,0.0,1001.0,0,0.0,0,0.0,0.0,1001.0,2813,,New,0,,,,
2422,101,5,RSL/23-24/261,2023-11-10 00:00:00,2,102,MUKUND PANDEY,"BBSR
",776.7,0.0,776.7,23.3,0.0,800.0,0,0.0,0,0.0,0.0,800.0,2814,,New,0,,,,
2423,101,5,RSL/23-24/262,2023-11-10 00:00:00,2,102,CHANDAL MANDAL,"BBSR
",32038.83,0.0,32038.83,961.16,0.01,32999.99,0,0.0,0,0.0,0.0,33000.0,2815,,New,0,,,,
2424,101,5,RSL/23-24/263,2023-11-10 00:00:00,2,102,CHANDAN MANDAL,"BBSR
",16504.85,0.0,16504.85,495.14,0.0,17000.0,0,0.0,0,0.0,0.0,17000.0,2816,,New,0,,,,
2425,101,5,RSL/23-24/264,2023-11-10 00:00:00,2,102,PRITI MOHAPATRA,"BBSR
",436.89,0.0,436.89,13.1,0.0,450.0,0,0.0,0,0.0,0.0,450.0,2817,,New,0,,,,
2426,101,5,RSL/23-24/265,2023-11-10 00:00:00,2,102,KISHORE KU SAHU,"BBSR
",825.24,0.0,825.24,24.76,0.0,850.0,0,0.0,0,0.0,0.0,850.0,2818,,New,0,,,,
2427,101,5,RSL/23-24/266,2023-11-10 00:00:00,2,102,SUBHSREE MOHANTY,"BBSR
",1796.12,0.0,1796.12,53.88,0.0,1850.0,0,0.0,0,0.0,0.0,1850.0,2819,,New,0,,,,
2428,101,5,RSL/23-24/267,2023-11-10 00:00:00,2,102,ABHISEK CHAKRABORTY,"BBSR
",7766.99,0.0,7766.99,233.0,0.0,8000.0,0,0.0,0,0.0,0.0,8000.0,2820,,New,0,,,,
2429,101,5,RSL/23-24/268,2023-11-10 00:00:00,2,102,HARMEET SINGH PURI,"BBSR
",485.44,0.0,485.44,14.56,0.0,500.0,0,0.0,0,0.0,0.0,500.0,2821,,New,0,,,,
2430,101,5,RSL/23-24/269,2023-11-10 00:00:00,2,102,DEEPAK DAS,"BBSR
",12621.36,0.0,12621.36,378.64,0.0,13000.0,0,0.0,0,0.0,0.0,13000.0,2822,,New,0,,,,
2431,101,5,RSL/23-24/270,2023-11-10 00:00:00,2,102,RAKESH KU GUPTA,"BBSR
",5825.24,0.0,5825.24,174.76,0.0,6000.0,0,0.0,0,0.0,0.0,6000.0,2823,,New,0,,,,
2432,101,5,RSL/23-24/271,2023-11-10 00:00:00,2,102,RAKESH KU GUPTA,"BBSR
",388.35,0.0,388.35,11.66,0.0,400.0,0,0.0,0,0.0,0.0,400.0,2824,,New,0,,,,
2433,101,5,RSL/23-24/272,2023-11-10 00:00:00,2,102,RAVI KUMAR,"BBSR
",873.79,0.0,873.79,26.22,0.0,900.0,0,0.0,0,0.0,0.0,900.0,2825,,New,0,,,,
2434,101,5,RSL/23-24/273,2023-11-10 00:00:00,2,102,ISHA PRIYADARSHINI,"BBSR
",1781.55,0.0,1781.55,53.44,0.0,1835.0,0,0.0,0,0.0,0.0,1835.0,2826,,New,0,,,,
2435,101,5,RSL/23-24/274,2023-11-10 00:00:00,2,102,CHRANJEET KUMAR,"BBSR
",1601.94,0.0,1601.94,48.06,0.0,1650.0,0,0.0,0,0.0,0.0,1650.0,2827,,New,0,,,,
2436,101,5,RSL/23-24/275,2023-11-10 00:00:00,2,102,ANIL SWAIN,"BBSR
",21067.96,0.0,21067.96,632.04,0.0,21700.0,0,0.0,0,0.0,0.0,21700.0,2828,,New,0,,,,
2437,101,5,RSL/23-24/276,2023-11-10 00:00:00,2,102,VIKRAM CHOYDHARY,"BBSR
",9077.67,0.0,9077.67,272.34,0.0,9350.0,0,0.0,0,0.0,0.0,9350.0,2829,,New,0,,,,
2438,101,5,RSL/23-24/277,2023-11-10 00:00:00,2,102,AMIT KU SAHOO,"BBSR
",970.87,0.0,970.87,29.12,0.0,1000.0,0,0.0,0,0.0,0.0,1000.0,2830,,New,0,,,,
2439,101,5,RSL/23-24/278,2023-11-10 00:00:00,2,102,POOJA SAHA,"BBSR
",5825.24,0.0,5825.24,174.76,0.0,6000.0,0,0.0,0,0.0,0.0,6000.0,2831,,New,0,,,,
2440,101,5,RSL/23-24/279,2023-11-10 00:00:00,2,102,DEEPAK KU BEHERA,"BBSR
",776.7,0.0,776.7,23.3,0.0,800.0,0,0.0,0,0.0,0.0,800.0,2832,,New,0,,,,
2441,101,5,RSL/23-24/280,2023-11-10 00:00:00,2,102,SUNIL PATRA,"BBSR
",13592.24,0.0,13592.24,407.76,0.0,14000.0,0,0.0,0,0.0,0.0,14000.0,2833,,New,0,,,,
2442,101,5,RSL/23-24/281,2023-11-10 00:00:00,2,102,AMAR KU BHUYAN,"BBSR
",3495.15,0.0,3495.15,104.86,0.0,3600.0,0,0.0,0,0.0,0.0,3600.0,2834,,New,0,,,,
2443,101,5,RSL/23-24/282,2023-11-10 00:00:00,2,102,EKTA AGARWAL,"BBSR
",1067.96,0.0,1067.96,32.04,0.0,1100.0,0,0.0,0,0.0,0.0,1100.0,2835,,New,0,,,,
2444,101,5,RSL/23-24/283,2023-11-10 00:00:00,2,102,DEBASIS MANDAL,"BBSR
",2621.36,0.0,2621.36,78.64,0.0,2700.0,0,0.0,0,0.0,0.0,2700.0,2836,,New,0,,,,
2445,101,5,RSL/23-24/284,2023-11-10 00:00:00,2,102,ANTARYAMI LENKA ,"BBSR
",873.79,0.0,873.79,26.22,0.0,900.0,0,0.0,0,0.0,0.0,900.0,2837,,New,0,,,,
2446,101,5,RSL/23-24/285,2023-11-10 00:00:00,2,102,AVIJIT PRAHRAJ,"BBSR
",873.79,0.0,873.79,26.22,0.0,900.0,0,0.0,0,0.0,0.0,900.0,2838,,New,0,,,,
2447,101,5,RSL/23-24/286,2023-11-10 00:00:00,2,102,JAYA MALA DAS,"BBSR
",922.33,0.0,922.33,27.66,0.0,950.0,0,0.0,0,0.0,0.0,950.0,2839,,New,0,,,,
2448,101,5,RSL/23-24/287,2023-11-10 00:00:00,2,102,PURABI SUR,"BBSR
",1796.12,0.0,1796.12,53.88,0.0,1850.0,0,0.0,0,0.0,0.0,1850.0,2840,,New,0,,,,
2449,101,5,RSL/23-24/288,2023-11-10 00:00:00,2,102,BIJURAM SINGH,"BBSR
",28640.78,0.0,28640.78,859.22,-0.01,29500.01,0,0.0,0,0.0,0.0,29500.0,2841,,New,0,,,,
2450,101,5,RSL/23-24/289,2023-11-10 00:00:00,2,102,BIJURAM BAIRAGI,"BBSR
",96601.94,0.0,96601.94,2898.06,0.0,99500.0,0,0.0,0,0.0,0.0,99500.0,2842,,New,0,,,,
2451,101,5,RSL/23-24/290,2023-11-10 00:00:00,2,102,TAPAN KUMAR SAHOO,"BBSR
",1359.22,0.0,1359.22,40.78,0.0,1400.0,0,0.0,0,0.0,0.0,1400.0,2843,,New,0,,,,
2452,101,5,RSL/23-24/291,2023-11-10 00:00:00,2,102,SANTOSH MAHARANA,"BBSR
",1650.49,0.0,1650.49,49.52,0.0,1700.0,0,0.0,0,0.0,0.0,1700.0,2844,,New,0,,,,
2453,101,5,RSL/23-24/292,2023-11-10 00:00:00,2,102,BHABATOSH ROUTARA,"BBSR
",388.35,0.0,388.35,11.66,0.0,400.0,0,0.0,0,0.0,0.0,400.0,2845,,New,0,,,,
2454,101,5,RSL/23-24/293,2023-11-10 00:00:00,2,102,NIRAKAR ROUT,"BBSR
",3786.41,0.0,3786.41,113.6,-0.01,3900.01,0,0.0,0,0.0,0.0,3900.0,2847,,Modified,0,,,,
2455,101,5,RSL/23-24/294,2023-11-10 00:00:00,2,102,RASHMIRANI SAHOO,"BBSR

",35922.33,0.0,35922.33,1077.66,0.0,37000.0,0,0.0,0,0.0,0.0,37000.0,2848,,New,0,,,,
2456,101,5,RSL/23-24/295,2023-11-10 00:00:00,2,102,SUDHANSU SEKHAR,"BBSR
",1456.31,0.0,1456.31,43.68,0.0,1500.0,0,0.0,0,0.0,0.0,1500.0,2849,,New,0,,,,
2457,101,5,RSL/23-24/296,2023-11-10 00:00:00,2,102,KALYANI SALES,"BBSR
",9708.73,0.0,9708.73,291.26,0.0,10000.0,0,0.0,0,0.0,0.0,10000.0,2850,,New,0,,,,
2458,101,5,RSL/23-24/297,2023-11-10 00:00:00,2,102,BISWAJIT CHAKRA,"BBSR

",1223.3,0.0,1223.3,36.7,0.0,1260.0,0,0.0,0,0.0,0.0,1260.0,2851,,New,0,,,,
2459,101,5,RSL/23-24/298,2023-11-10 00:00:00,2,102,SUBHASMITA MAHARANA,"BBSR
",4174.76,0.0,4174.76,125.24,0.0,4300.0,0,0.0,0,0.0,0.0,4300.0,2852,,New,0,,,,
2460,101,5,RSL/23-24/299,2023-11-10 00:00:00,2,102,GAUTAM DAS,"BBSR
",1747.57,0.0,1747.57,52.42,0.0,1800.0,0,0.0,0,0.0,0.0,1800.0,2853,,New,0,,,,
2461,101,5,RSL/23-24/300,2023-11-10 00:00:00,2,102,NURSINGHA SAHOO,"BBSR
",28640.78,0.0,28640.78,859.22,0.0,29500.0,0,0.0,0,0.0,0.0,29500.0,2854,,New,0,,,,
2462,101,5,RSL/23-24/301,2023-11-10 00:00:00,2,102,RITESH JENA,"BBSR
",4854.37,0.0,4854.37,145.64,0.0,5000.0,0,0.0,0,0.0,0.0,5000.0,2855,,New,0,,,,
2463,101,5,RSL/23-24/302,2023-11-10 00:00:00,2,102,SUBHASHREE SAHOO,"BBSR
",8252.43,0.0,8252.43,247.58,0.0,8500.0,0,0.0,0,0.0,0.0,8500.0,2856,,New,0,,,,
2464,101,5,RSL/23-24/303,2023-11-10 00:00:00,2,102,ITI SHREE SWAIN,"BBSR
",15533.98,0.0,15533.98,466.02,0.0,16000.0,0,0.0,0,0.0,0.0,16000.0,2857,,New,0,,,,
2465,101,5,RSL/23-24/304,2023-11-10 00:00:00,2,102,SANJAY ROUT,"BBSR
",776.7,0.0,776.7,23.3,0.0,800.0,0,0.0,0,0.0,0.0,800.0,2858,,New,0,,,,
2466,101,5,RSL/23-24/305,2023-11-10 00:00:00,2,102,SANTOSH DAS,"BBSR
",2427.18,0.0,2427.18,72.82,0.0,2500.0,0,0.0,0,0.0,0.0,2500.0,2860,,Modified,0,,,,
2467,101,5,RSL/23-24/306,2023-11-10 00:00:00,2,102,GAURI SANKAR,"BBSR
",485.44,0.0,485.44,14.56,0.0,500.0,0,0.0,0,0.0,0.0,500.0,2861,,New,0,,,,
2468,101,5,RSL/23-24/307,2023-11-10 00:00:00,2,102,ARUN JENA,"BBSR
",116505.2,0.0,116505.2,3495.16,-0.36,120000.36,0,0.0,0,0.0,0.0,120000.0,2862,,New,0,,,,
2469,101,5,RSL/23-24/308,2023-11-10 00:00:00,2,102,RAKESH SWAIN,"BBSR
",873.79,0.0,873.79,26.22,0.0,900.0,0,0.0,0,0.0,0.0,900.0,2863,,New,0,,,,
2470,101,5,RSL/23-24/309,2023-11-10 00:00:00,2,102,DEEPTI KAR,"BBSR
",4126.21,0.0,4126.21,123.78,0.0,4250.0,0,0.0,0,0.0,0.0,4250.0,2864,,New,0,,,,
2471,101,5,RSL/23-24/310,2023-11-10 00:00:00,2,102,GULABI DASH,"BBSR
",14466.02,0.0,14466.02,433.98,0.0,14900.0,0,0.0,0,0.0,0.0,14900.0,2865,,New,0,,,,
2472,101,5,RSL/23-24/311,2023-11-10 00:00:00,2,102,GIRIJA DAS,"BBSR
",8252.43,0.0,8252.43,247.58,0.0,8500.0,0,0.0,0,0.0,0.0,8500.0,2866,,New,0,,,,
2473,101,5,RSL/23-24/312,2023-11-10 00:00:00,2,102,BHABANI SWAIN,"BBSR

",14077.67,0.0,14077.67,422.34,-0.01,14500.01,0,0.0,0,0.0,0.0,14500.0,2868,,Modified,0,,,,
2474,101,5,RSL/23-24/313,2023-11-10 00:00:00,2,102,TRISHNA BAL,"BBSR
",2912.62,0.0,2912.62,87.38,0.0,3000.0,0,0.0,0,0.0,0.0,3000.0,2869,,New,0,,,,
2475,101,5,RSL/23-24/314,2023-11-10 00:00:00,2,102,SAIROOP GIRI,"BBSR
",8737.86,0.0,8737.86,262.14,0.0,9000.0,0,0.0,0,0.0,0.0,9000.0,2870,,New,0,,,,
2476,101,5,RSL/23-24/315,2023-11-10 00:00:00,2,102,BIKRAM NAIK,"BBSR
",1456.31,0.0,1456.31,43.68,0.0,1500.0,0,0.0,0,0.0,0.0,1500.0,2871,,New,0,,,,
2477,101,5,RSL/23-24/316,2023-11-10 00:00:00,2,102,POONAM SAHU,"BBSR
",6601.94,0.0,6601.94,198.06,0.0,6800.0,0,0.0,0,0.0,0.0,6800.0,2872,,New,0,,,,
2478,101,5,RSL/23-24/317,2023-11-11 00:00:00,2,102,AVISEK SWAIN,"BBSR
",1747.57,0.0,1747.57,52.42,0.0,1800.0,0,0.0,0,0.0,0.0,1800.0,2873,,New,0,,,,
2479,101,5,RSL/23-24/318,2023-11-11 00:00:00,2,102,SUDARSHAN SAHOO,"BBSR
",873.79,0.0,873.79,26.22,0.0,900.0,0,0.0,0,0.0,0.0,900.0,2874,,New,0,,,,
2480,101,5,RSL/23-24/319,2023-11-11 00:00:00,2,102,BARSA RANI,"BBSR
",17517.0,43.0,17517.0,525.52,0.49,18042.51,0,0.0,0,0.0,0.0,18000.0,2875,Enter Additional Information,New,0,,,,
2481,101,5,RSL/23-24/320,2023-11-11 00:00:00,2,102,BHIKARI SAHU,"BBSR
",126213.6,0.0,126213.6,3786.4,-0.02,130000.02,0,0.0,0,0.0,0.0,130000.0,2877,,Modified,0,,,,
2482,101,5,RSL/23-24/321,2023-11-11 00:00:00,2,102,MAMUNI JENA,"BBSR
",43689.32,0.0,43689.32,1310.68,0.0,45000.0,0,0.0,0,0.0,0.0,45000.0,2878,,New,0,,,,
2483,101,5,RSL/23-24/322,2023-11-11 00:00:00,2,102,ELINA MURMU,"BBSR
",18932.04,0.0,18932.04,567.96,0.0,19500.0,0,0.0,0,0.0,0.0,19500.0,2880,,Modified,0,,,,
2484,101,5,RSL/23-24/323,2023-11-11 00:00:00,2,102,SACHIN BISWAL,"BBSR
",35922.33,0.0,35922.33,1077.66,0.01,36999.99,0,0.0,0,0.0,0.0,37000.0,2882,,Modified,0,,,,
2485,101,5,RSL/23-24/324,2023-11-11 00:00:00,2,102,SANJAY JHA,"BBSR
",20873.79,0.0,20873.79,626.22,-0.01,21500.01,0,0.0,0,0.0,0.0,21500.0,2895,,Modified,0,,,,
2486,101,5,RSL/23-24/325,2023-11-11 00:00:00,2,102,DIVYA SAS,"BBSR
",2427.18,0.0,2427.18,72.82,0.0,2500.0,0,0.0,0,0.0,0.0,2500.0,2884,,New,0,,,,
2487,101,5,RSL/23-24/326,2023-11-11 00:00:00,2,102,SUBASH GUPTA,"BBSR
",2912.62,0.0,2912.62,87.38,0.0,3000.0,0,0.0,0,0.0,0.0,3000.0,2885,,New,0,,,,
2488,101,5,RSL/23-24/327,2023-11-11 00:00:00,2,102,SMITA PARIJA,"BBSR
",53911.0,28.0,53911.0,1617.34,-0.33,55528.33,0,0.0,0,0.0,0.0,55500.0,2886,discont,New,0,,,,
2489,101,5,RSL/23-24/328,2023-11-11 00:00:00,2,102,DEEPALI JENA,"BBSR
",11650.49,0.0,11650.49,349.52,0.0,12000.0,0,0.0,0,0.0,0.0,12000.0,2887,,New,0,,,,
2490,101,5,RSL/23-24/329,2023-11-12 00:00:00,2,102,HANUMATAV GOBINDA,"BBSR
",79611.65,0.0,79611.65,2388.34,0.0,82000.0,0,0.0,0,0.0,0.0,82000.0,2888,,New,0,,,,
2491,101,5,RSL/23-24/330,2023-11-12 00:00:00,2,102,NIHAR BEHERA,"BBSR
",21229.13,0.0,21229.13,636.88,0.0,21866.0,0,0.0,0,0.0,0.0,21866.0,2889,,New,0,,,,
2492,101,5,RSL/23-24/331,2023-11-12 00:00:00,2,102,NIHAR JENA,"BBSR
",67961.17,0.0,67961.17,2038.84,-0.01,70000.01,0,0.0,0,0.0,0.0,70000.0,2890,,New,0,,,,
2493,101,5,RSL/23-24/332,2023-11-13 00:00:00,2,102,SANGEETA PANDA,"BBSR
",6310.68,0.0,6310.68,189.32,0.0,6500.0,0,0.0,0,0.0,0.0,6500.0,2891,,New,0,,,,
2494,101,5,RSL/23-24/333,2023-11-13 00:00:00,2,102,RANJEET KUMAR SAHOO,"BBSR
",4368.93,0.0,4368.93,131.06,0.0,4500.0,0,0.0,0,0.0,0.0,4500.0,2892,,New,0,,,,
2495,101,5,RSL/23-24/334,2023-11-13 00:00:00,2,102,NIRAKAR ROUT,"BBSR
",3398.06,0.0,3398.06,101.94,0.0,3500.0,0,0.0,0,0.0,0.0,3500.0,2893,,New,0,,,,
2496,101,5,RSL/23-24/335,2023-11-14 00:00:00,2,102,PRAKASH BABA,"
BBSR
",3398.06,0.0,3398.06,101.94,0.0,3500.0,0,0.0,0,0.0,0.0,3500.0,2894,,New,0,,,,
2497,101,5,RSL/23-24/336,2023-11-15 00:00:00,2,102,LINGARAJ NAYAK,"BBSR
",151553.4,0.0,151553.4,4546.6,0.0,156100.0,0,0.0,0,0.0,0.0,156100.0,2897,,New,0,,,,
2498,101,5,RSL/23-24/337,2023-11-15 00:00:00,2,102,RAMESH KU SAHA,"BBSR
",7572.82,0.0,7572.82,227.18,0.0,7800.0,0,0.0,0,0.0,0.0,7800.0,2898,,New,0,,,,
2499,101,5,RSL/23-24/338,2023-11-15 00:00:00,2,102,NIHAR RANJAN DAS,"BBSR
",1407.77,0.0,1407.77,42.24,0.0,1450.0,0,0.0,0,0.0,0.0,1450.0,2899,,New,0,,,,
2500,101,5,RSL/23-24/339,2023-11-15 00:00:00,2,102,SONALI  DAS,"BBSR
",87599.17,227.0,87599.17,2627.98,-0.14,90227.14,0,0.0,0,0.0,0.0,90000.0,2900,,New,0,,,,
2501,101,5,RSL/23-24/340,2023-11-16 00:00:00,2,102,SUNNY KHAN,"BBSR
",3883.5,0.0,3883.5,116.5,-0.01,4000.01,0,0.0,0,0.0,0.0,4000.0,2901,,New,0,,,,
2502,101,5,RSL/23-24/341,2023-11-16 00:00:00,2,102,RITESH ROUT,"BBSR
",1456.31,0.0,1456.31,43.68,0.01,1499.99,0,0.0,0,0.0,0.0,1500.0,2903,,Modified,0,,,,
2503,101,5,RSL/23-24/342,2023-11-17 00:00:00,2,102,VIVAH CHAUBEY,"BBSR
",23398.06,0.0,23398.06,701.94,0.0,24100.0,0,0.0,0,0.0,0.0,24100.0,2904,,New,0,,,,
2504,101,5,RSL/23-24/343,2023-11-17 00:00:00,2,102,SUBAS MOHANTY,"BBSR
",26019.42,0.0,26019.42,780.58,0.0,26800.0,0,0.0,0,0.0,0.0,26800.0,2905,,New,0,,,,
2505,101,5,RSL/23-24/344,2023-11-18 00:00:00,2,102,SASWAT NAYAK,"BBSR
",36844.67,0.0,36844.67,1105.34,0.0,37950.0,0,0.0,0,0.0,0.0,37950.0,2906,,New,0,,,,
2506,101,5,RSL/23-24/345,2023-11-18 00:00:00,2,102,SIKHA RANI KANNAR,"BBSR
",5825.24,0.0,5825.24,174.76,0.01,5999.99,0,0.0,0,0.0,0.0,6000.0,2907,,New,0,,,,
2507,101,5,RSL/23-24/346,2023-11-18 00:00:00,2,102,ASHIS JAGDEV,"BBSR
",1699.03,0.0,1699.03,50.98,0.0,1750.0,0,0.0,0,0.0,0.0,1750.0,2908,,New,0,,,,
2508,101,5,RSL/23-24/347,2023-11-19 00:00:00,2,102,PANDA AND PANDA ASSOCIATES,"BBSR
",14078.03,0.0,14078.03,422.34,-0.37,14500.37,0,0.0,0,0.0,0.0,14500.0,2909,,New,9438388116,,,,
2509,101,5,RSL/23-24/348,2023-11-20 00:00:00,2,102,B.JENA,"BBSR
",776.7,0.0,776.7,23.3,0.0,800.0,0,0.0,0,0.0,0.0,800.0,2910,,New,0,,,,
2510,101,5,RSL/23-24/349,2023-11-20 00:00:00,2,102,NITESH AGARWAL,"BBSR
",2135.92,0.0,2135.92,64.08,0.0,2200.0,0,0.0,0,0.0,0.0,2200.0,2911,,New,0,,,,
2511,101,5,RSL/23-24/350,2023-11-20 00:00:00,2,102,SUJIT KU SAHOO,"BBSR
",388.36,0.0,388.36,11.66,-0.01,400.01,0,0.0,0,0.0,0.0,400.0,2912,,New,0,,,,
2512,101,5,RSL/23-24/351,2023-11-21 00:00:00,2,102,BIBEK MOHANTY,"BBSR
",11164.91,0.0,11164.91,334.94,0.14,11499.86,0,0.0,0,0.0,0.0,11500.0,2913,,New,0,,,,
2513,101,5,RSL/23-24/352,2023-11-21 00:00:00,2,102,MONALISA BARIK,"BBSR
",1941.75,0.0,1941.75,58.26,0.0,2000.0,0,0.0,0,0.0,0.0,2000.0,2914,,New,0,,,,
2514,101,5,RSL/23-24/353,2023-11-21 00:00:00,2,102,DOLLY DASH,"BBSR
",4660.2,0.0,4660.2,139.8,0.0,4800.0,0,0.0,0,0.0,0.0,4800.0,2915,,New,0,,,,
2515,101,5,RSL/23-24/354,2023-11-21 00:00:00,2,102,SHASANK AGARWAL,"BBSR
",58252.43,0.0,58252.43,1747.58,0.0,60000.0,0,0.0,0,0.0,0.0,60000.0,2916,,New,0,,,,
2516,101,5,RSL/23-24/355,2023-11-22 00:00:00,2,102,CASH,"BBSR
",5145.63,0.0,5145.63,154.36,0.0,5300.0,0,0.0,0,0.0,0.0,5300.0,2917,,New,8327791727,,,,
2517,101,5,RSL/23-24/356,2023-11-22 00:00:00,2,102,MOHAN SWAIN,"BBSR
",3689.32,0.0,3689.32,110.68,0.0,3800.0,0,0.0,0,0.0,0.0,3800.0,2918,,New,0,,,,
2518,101,5,RSL/23-24/357,2023-11-24 00:00:00,2,102,ANUPAMA SINGH,"BBSR
",25242.72,0.0,25242.72,757.28,0.0,26000.0,0,0.0,0,0.0,0.0,26000.0,2919,,New,0,,,,
2519,101,5,RSL/23-24/358,2023-11-24 00:00:00,2,102,ANIMESH GUPTA,"BBSR
",2621.36,0.0,2621.36,78.64,0.0,2700.0,0,0.0,0,0.0,0.0,2700.0,2920,,New,0,,,,
2520,101,5,RSL/23-24/359,2023-11-25 00:00:00,2,102,DOLLY DASH,"BBSR
",1747.57,0.0,1747.57,52.42,0.0,1800.0,0,0.0,0,0.0,0.0,1800.0,2921,,New,9178632068,,,,
2521,101,5,RSL/23-24/360,2023-11-25 00:00:00,2,102,MANAV SINGH,"BBSR
",2330.1,0.0,2330.1,69.9,0.0,2400.0,0,0.0,0,0.0,0.0,2400.0,2923,,New,0,,,,
2522,101,5,RSL/23-24/361,2023-11-25 00:00:00,2,102,GOPAL AGARWAL,"BBSR
",77700.0,31.0,77700.0,2331.0,0.0,80031.0,0,0.0,0,0.0,0.0,80000.0,2924,Enter Additional Information,New,0,,,,
2523,101,5,RSL/23-24/362,2023-11-26 00:00:00,2,102,SANTOSH BEHERA,"BBSR
",10970.87,0.0,10970.87,329.12,0.0,11300.0,0,0.0,0,0.0,0.0,11300.0,2925,,New,7609875391,,,,
2524,101,5,RSL/23-24/363,2023-11-26 00:00:00,2,102,PABI SAHOO,"BBSR
",-31085.0,0.0,-31085.0,-932.56,-0.45,-32017.55,0,0.0,0,0.0,0.0,-32018.0,2926,,New,0,,,,
2525,101,5,RSL/23-24/364,2023-11-26 00:00:00,2,102,ASWINI KUMAR DASH,"BBSR
",5631.07,0.0,5631.07,168.94,0.0,5800.0,0,0.0,0,0.0,0.0,5800.0,2927,,New,0,,,,
2526,101,5,RSL/23-24/365,2023-11-26 00:00:00,2,102,ASWINI KUMAR DASH,"BBSR
",5631.07,0.0,5631.07,168.94,0.0,5800.0,0,0.0,0,0.0,0.0,5800.0,2928,,New,0,,,,
2527,101,5,RSL/23-24/366,2023-11-27 00:00:00,2,102,ASWINI KUMAR DASH,"BBSR
",-5631.07,0.0,-5631.07,-168.94,0.0,-5800.0,0,0.0,0,0.0,0.0,-5800.0,2929,,New,0,,,,
2528,101,5,RSL/23-24/367,2023-11-27 00:00:00,2,102,VIKASH SAHOO,"BBSR
",111650.49,0.0,111650.49,3349.52,0.0,115000.0,0,0.0,0,0.0,0.0,115000.0,2930,,New,0,,,,
2529,101,5,RSL/23-24/368,2023-11-30 00:00:00,2,102,RASMIKA KALI MADAM,"BBSR
",1825.24,0.0,1825.24,54.76,0.0,1880.0,0,0.0,0,0.0,0.0,1880.0,2932,,Modified,0,,,,
2530,101,5,RSL/23-24/369,2023-11-30 00:00:00,2,102,KOMAL SAHA,"BBSR
",9708.74,0.0,9708.74,291.26,0.0,10000.0,0,0.0,0,0.0,0.0,10000.0,2933,,New,0,,,,
2531,101,5,RSL/23-24/370,2023-11-30 00:00:00,2,102,ABHISEK GUOTA,"BBSR
",3009.71,0.0,3009.71,90.3,0.0,3100.0,0,0.0,0,0.0,0.0,3100.0,2934,,New,0,,,,
2532,101,5,RSL/23-24/371,2023-12-01 00:00:00,2,102,SUBHRAT SAHOO,"BBSR
",51456.31,0.0,51456.31,1543.68,0.0,53000.0,0,0.0,0,0.0,0.0,53000.0,2935,,New,0,,,,
2533,101,5,RSL/23-24/372,2023-12-02 00:00:00,2,102,HANUMANTAV GOVUNDA,"BBSR
",20388.35,0.0,20388.35,611.66,0.0,21000.0,0,0.0,0,0.0,0.0,21000.0,2936,,New,0,,,,
2534,101,5,RSL/23-24/373,2023-12-03 00:00:00,2,102,SANJAY GUPTA,"BBSR
",2912.62,0.0,2912.62,87.38,0.0,3000.0,0,0.0,0,0.0,0.0,3000.0,2937,,New,0,,,,
2535,101,5,RSL/23-24/374,2023-12-03 00:00:00,2,102,ROHIT KUMAR SAHA,BBSR,970.87,0.0,970.87,29.12,0.0,1000.0,0,0.0,0,0.0,0.0,1000.0,2938,,New,0,,,,
2536,101,5,RSL/23-24/375,2023-12-04 00:00:00,2,102,PRAMOD GUPTA,"BBSR
",58252.43,0.0,58252.43,1747.58,0.0,60000.0,0,0.0,0,0.0,0.0,60000.0,2939,,New,0,,,,
2537,101,5,RSL/23-24/376,2023-12-05 00:00:00,2,102,DEEPAK BEHERA,"BBSR
",32524.59,0.0,32524.59,975.74,-0.33,33500.33,0,0.0,0,0.0,0.0,33500.0,2940,,New,0,,,,
2538,101,5,RSL/23-24/377,2023-12-05 00:00:00,2,102,JAGADISH PATRA,"BBSR
",164174.76,0.0,164174.76,4925.24,0.0,169100.0,0,0.0,0,0.0,0.0,169100.0,2941,,New,0,,,,
2539,101,5,RSL/23-24/378,2023-12-07 00:00:00,2,102,SUNIL MANGRAJ,"BBSR
",5339.81,0.0,5339.81,160.2,0.0,5500.0,0,0.0,0,0.0,0.0,5500.0,2942,,New,0,,,,
2540,101,5,RSL/23-24/379,2023-12-07 00:00:00,2,102,ADITI SINGH,"BBSR
",3689.32,0.0,3689.32,110.68,0.0,3800.0,0,0.0,0,0.0,0.0,3800.0,2943,,New,0,,,,
2541,101,5,RSL/23-24/380,2023-12-08 00:00:00,2,102,SABITA SWAIN,"BBSR
",7766.99,0.0,7766.99,233.0,0.0,8000.0,0,0.0,0,0.0,0.0,8000.0,2944,,New,0,,,,
2542,101,5,RSL/23-24/381,2023-12-09 00:00:00,2,102,GYANA RANJAN,"BBSR
",15048.54,0.0,15048.54,451.46,0.0,15500.0,0,0.0,0,0.0,0.0,15500.0,2945,,New,0,,,,
2543,101,5,RSL/23-24/382,2023-12-10 00:00:00,2,102,MAHESWAR PANDA,"LAXMISAGAR,BBSR
",3398.06,0.0,3398.06,101.94,0.0,3500.0,0,0.0,0,0.0,0.0,3500.0,2946,,New,0,,,,
2544,101,5,RSL/23-24/383,2023-12-10 00:00:00,2,102,SANJAY JHA,"BBSR
",1844.66,0.0,1844.66,55.34,0.0,1900.0,0,0.0,0,0.0,0.0,1900.0,2949,,Modified,0,,,,
2545,101,5,RSL/23-24/384,2023-12-10 00:00:00,2,102,PRATIMA AGARWAL,"BBSR
",1553.4,0.0,1553.4,46.6,0.0,1600.0,0,0.0,0,0.0,0.0,1600.0,2948,,New,0,,,,
2546,101,5,RSL/23-24/385,2023-12-10 00:00:00,2,102,SURAJ SAHOO,"BBSR
",11650.49,0.0,11650.49,349.52,0.0,12000.0,0,0.0,0,0.0,0.0,12000.0,2950,,New,0,,,,
2547,101,5,RSL/23-24/386,2023-12-10 00:00:00,2,102,NARENDRA PAL,"BBSR
",83979.86,0.0,83979.86,2519.4,-0.26,86499.26,0,0.0,0,0.0,0.0,86499.0,2951,,New,0,,,,
2548,101,5,RSL/23-24/387,2023-12-11 00:00:00,2,102,ROHIT AGARWAL,"BBSR
",3905.0,22.0,3905.0,117.16,-0.15,4022.15,0,0.0,0,0.0,0.0,4000.0,2952,,New,0,,,,
2549,101,5,RSL/23-24/388,2023-12-11 00:00:00,2,102,BIBHU SWAIN,"BBSR
",16407.77,0.0,16407.77,492.24,0.0,16900.0,0,0.0,0,0.0,0.0,16900.0,2953,,New,0,,,,
2550,101,5,RSL/23-24/389,2023-12-11 00:00:00,2,102,SANTOSH DAS,"BBSR
",12621.36,0.0,12621.36,378.64,0.0,13000.0,0,0.0,0,0.0,0.0,13000.0,2954,,New,0,,,,
2551,101,5,RSL/23-24/390,2023-12-11 00:00:00,2,102,AYESHA PARWIN,"BBSR
",16893.31,0.0,16893.31,506.8,-0.11,17400.11,0,0.0,0,0.0,0.0,17400.0,2957,,Modified,0,,,,
2552,101,5,RSL/23-24/391,2023-12-12 00:00:00,2,102,ABHAY ROUTRAY,"BBSR
",34951.46,0.0,34951.46,1048.54,0.0,36000.0,0,0.0,0,0.0,0.0,36000.0,2956,,New,0,,,,
2553,101,5,RSL/23-24/392,2023-12-14 00:00:00,2,102,DIBYADARSINI SWAIN,"BBSR
",2815.53,0.0,2815.53,84.46,0.0,2900.0,0,0.0,0,0.0,0.0,2900.0,2958,,New,0,,,,
2554,101,5,RSL/23-24/393,2023-12-15 00:00:00,2,102,SUBRAT DAS,"BBSR
",6699.03,0.0,6699.03,200.98,0.0,6900.0,0,0.0,0,0.0,0.0,6900.0,2959,,New,0,,,,
2555,101,5,RSL/23-24/394,2023-12-17 00:00:00,2,102,SANDEEP KUMAR JENA,"BHADRAK
",11650.49,0.0,11650.49,349.52,0.0,12000.0,0,0.0,0,0.0,0.0,12000.0,2960,,New,9777519774,,,,
2556,101,5,RSL/23-24/395,2023-12-17 00:00:00,2,102,CHANDAN SAHOO(SAHA),"BBSR
",28669.9,0.0,28669.9,860.1,0.0,29530.0,0,0.0,0,0.0,13730.0,15800.0,2962,,New,0,,,,
2557,101,5,RSL/23-24/396,2023-12-17 00:00:00,2,102,VAISHALI,"AGRA
",1359.22,0.0,1359.22,40.78,0.0,1400.0,0,0.0,0,0.0,0.0,1400.0,2963,,New,6396920967,,,,
2558,101,5,RSL/23-24/397,2023-12-18 00:00:00,2,102,MILIN THAKUR,"BBSR
",3009.71,0.0,3009.71,90.3,0.0,3100.0,0,0.0,0,0.0,0.0,3100.0,2964,,New,0,,,,
2559,101,5,RSL/23-24/398,2023-12-18 00:00:00,2,102,JITENDRA SAHOO,"BBSR
",3883.5,0.0,3883.5,116.5,-0.01,4000.01,0,0.0,0,0.0,0.0,4000.0,2965,,New,0,,,,
2560,101,5,RSL/23-24/399,2023-12-19 00:00:00,2,102,NIKHIL GUPTA,"BBSR
",582.52,0.0,582.52,17.48,0.0,600.0,0,0.0,0,0.0,0.0,600.0,2966,,New,7504220689,,,,
2561,101,5,RSL/23-24/400,2023-12-20 00:00:00,2,102,ARVIND SWAIN,"BBSR
",12135.0,0.0,12135.0,364.06,-0.05,12499.05,0,0.0,0,0.0,0.0,12499.0,2967,,New,0,,,,
2562,101,5,RSL/23-24/401,2023-12-21 00:00:00,2,102,SUBASH DAS,"BBSR
",3106.8,0.0,3106.8,93.2,0.0,3200.0,0,0.0,0,0.0,0.0,3200.0,2968,,New,0,,,,
2563,101,5,RSL/23-24/402,2023-12-22 00:00:00,2,102,MANOJ BARIK,"BBSR
",17184.47,0.0,17184.47,515.54,0.0,17700.0,0,0.0,0,0.0,0.0,17700.0,2969,,New,0,,,,
2564,101,5,RSL/23-24/403,2023-12-24 00:00:00,2,102,JHUMUR BISWAL,"BBSR
",53398.06,0.0,53398.06,1601.94,0.0,55000.0,0,0.0,0,0.0,0.0,55000.0,2970,,New,0,,,,
2565,101,5,RSL/23-24/404,2023-12-25 00:00:00,2,102,KAVITA RATH,"BBSR
",86407.86,0.0,86407.86,2592.24,-0.09,89000.09,0,0.0,0,0.0,0.0,89000.0,2971,,New,0,,,,
2566,101,5,RSL/23-24/405,2023-12-26 00:00:00,2,102,GYANA JENA,"BBSR
",7475.73,0.0,7475.73,224.28,0.0,7700.0,0,0.0,0,0.0,0.0,7700.0,2972,,New,0,,,,
2567,101,5,RSL/23-24/406,2023-12-27 00:00:00,2,102,NIVEDITA PAL,"BBSR
",22524.27,0.0,22524.27,675.72,0.0,23200.0,0,0.0,0,0.0,0.0,23200.0,2973,,New,0,,,,
2568,101,5,RSL/23-24/407,2023-12-27 00:00:00,2,102,DIBYA MALLICK,"BBSR
",2912.62,0.0,2912.62,87.38,0.0,3000.0,0,0.0,0,0.0,0.0,3000.0,2974,,New,0,,,,
2569,101,5,RSL/23-24/408,2023-12-27 00:00:00,2,102,DIPTI MAYI NANDA,"BBSR
",2378.64,0.0,2378.64,71.36,0.0,2450.0,0,0.0,0,0.0,0.0,2450.0,2975,,New,0,,,,
2570,101,5,RSL/23-24/409,2023-12-27 00:00:00,2,102,ASIS RATH,"BBSR
",34466.02,0.0,34466.02,1033.98,0.0,35500.0,0,0.0,0,0.0,0.0,35500.0,2976,,New,0,,,,
2571,101,5,RSL/23-24/410,2023-12-29 00:00:00,2,102,JHANSI BEHERA,"BBSR
",20776.7,0.0,20776.7,623.3,0.0,21400.0,0,0.0,0,0.0,0.0,21400.0,2977,,New,9937398055,,,,
2572,101,5,RSL/23-24/411,2023-12-29 00:00:00,2,102,SRUTIKANT RAY,"BBSR
",19902.91,0.0,19902.91,597.08,0.0,20500.0,0,0.0,0,0.0,0.0,20500.0,2978,,New,8135949975,,,,
2573,101,5,RSL/23-24/412,2023-12-31 00:00:00,2,102,KANTI SAHOO,"BBSR
",15922.33,0.0,15922.33,477.66,0.0,16400.0,0,0.0,0,0.0,0.0,16400.0,2979,,New,0,,,,
2574,101,5,RSL/23-24/413,2024-01-01 00:00:00,2,102,HANUMANTAV GOBIND,"BBSR
",16116.5,0.0,16116.5,483.5,0.0,16600.0,0,0.0,0,0.0,0.0,16600.0,2980,,New,0,,,,
2575,101,5,RSL/23-24/414,2024-01-01 00:00:00,2,102,DEPIKA DEY,"BBSR
",4757.28,0.0,4757.28,142.72,0.0,4900.0,0,0.0,0,0.0,0.0,4900.0,2981,,New,0,,,,
2576,101,5,RSL/23-24/415,2024-01-01 00:00:00,2,102,SRIDHAR NAYAK,"BBSR
",5825.24,0.0,5825.24,174.76,0.0,6000.0,0,0.0,0,0.0,0.0,6000.0,2982,,New,0,,,,
2577,101,5,RSL/23-24/416,2024-01-02 00:00:00,2,102,BHAGI SAHOO,"BBSR
",31650.49,0.0,31650.49,949.52,0.0,32600.0,0,0.0,0,0.0,0.0,32600.0,2983,,New,0,,,,
2578,101,5,RSL/23-24/417,2024-01-05 00:00:00,2,102,PRIYAMBADA MAHANTI,"JAYDURGA NAGAR
",3398.05,0.0,3398.05,101.94,0.01,3499.99,0,0.0,0,0.0,0.0,3500.0,2984,,New,9938691890,,,,
2579,101,5,RSL/23-24/418,2024-01-05 00:00:00,2,102,JAYANTI PANDA,"BBSR
",19224.37,1.0,19224.37,576.74,-0.11,19801.11,0,0.0,0,0.0,0.0,19800.0,2988,Enter Additional Information,Modified,0,,,,
2580,101,5,RSL/23-24/419,2024-01-06 00:00:00,2,102,RATI RANJAN PATNAIK,"MOUSI MAA MANDIR
",679.61,0.0,679.61,20.38,0.01,699.99,0,0.0,0,0.0,0.0,700.0,2989,,Modified,0,,,,
2581,101,5,RSL/23-24/420,2024-01-06 00:00:00,2,102,BARSHA TRIPATHI(BARBIE),"BBSR
",8058.25,0.0,8058.25,241.74,0.01,8299.99,0,0.0,0,0.0,0.0,8300.0,2990,,Modified,7008791635,,,,
2582,101,5,RSL/23-24/421,2024-01-08 00:00:00,2,102,SIKHA MOHANTY,"BBSR
",88349.51,0.0,88349.51,2650.48,0.0,91000.0,0,0.0,0,0.0,0.0,91000.0,2991,,New,0,,,,
2583,101,5,RSL/23-24/422,2024-01-10 00:00:00,2,102,KABITA RATH,"BBSR
",17475.73,0.0,17475.73,524.28,0.0,18000.0,0,0.0,0,0.0,0.0,18000.0,3046,,Modified,0,,,,
2584,101,5,RSL/23-24/423,2024-01-10 00:00:00,2,102,SUNITA SAHOO,"BBSR
",15533.98,0.0,15533.98,466.02,0.0,16000.0,0,0.0,0,0.0,0.0,16000.0,2993,,New,0,,,,
2585,101,5,RSL/23-24/424,2024-01-12 00:00:00,2,102,H.GOVIND RAO,"CHINTAMANISWAR
",1504.86,0.0,1504.86,45.14,0.0,1550.0,0,0.0,0,0.0,0.0,1550.0,3003,,Modified,9437016295,,,,
2586,101,5,RSL/23-24/425,2024-01-12 00:00:00,2,102,SAMBIT RANJAN SAHOO,"BBSR
",11650.49,0.0,11650.49,349.52,0.0,12000.0,0,0.0,0,0.0,0.0,12000.0,2995,,New,0,,,,
2587,101,5,RSL/23-24/426,2024-01-12 00:00:00,2,102,RASMI DAS,"BBSR
",3883.5,0.0,3883.5,116.5,-0.01,4000.01,0,0.0,0,0.0,0.0,4000.0,2996,,New,0,,,,
2588,101,5,RSL/23-24/427,2024-01-13 00:00:00,2,102,HRISHIKESH SAHOO,"BBSR
",3883.5,0.0,3883.5,116.5,-0.01,4000.01,0,0.0,0,0.0,0.0,4000.0,2997,,New,0,,,,
2589,101,5,RSL/23-24/428,2024-01-13 00:00:00,2,102,RAJIB JENA,"BBSR
",2233.01,0.0,2233.01,67.0,0.0,2300.0,0,0.0,0,0.0,0.0,2300.0,2998,,New,0,,,,
2590,101,5,RSL/23-24/429,2024-01-14 00:00:00,2,102,KRISHNA MALLICK,"BBSR
",33980.58,0.0,33980.58,1019.42,0.0,35000.0,0,0.0,0,0.0,0.0,35000.0,2999,,New,0,,,,
2591,101,5,RSL/23-24/430,2024-01-14 00:00:00,2,102,SAMBIT RANJAN SAHOO,"BBSR
",174757.68,0.0,174757.68,5242.74,-0.4,180000.4,0,0.0,0,0.0,0.0,180000.0,3000,,New,0,,,,
2592,101,5,RSL/23-24/431,2024-01-14 00:00:00,2,102,BISWAJIT SINGH,"BBSR
",97087.67,0.0,97087.67,2912.64,-0.29,100000.29,0,0.0,0,0.0,0.0,100000.0,3001,,New,0,,,,
2593,101,5,RSL/23-24/432,2024-01-14 00:00:00,2,102,BIRJU MANDAL,"BBSR
",2281.55,0.0,2281.55,68.44,0.0,2350.0,0,0.0,0,0.0,0.0,2350.0,3002,,New,0,,,,
2594,101,5,RSL/23-24/433,2024-01-15 00:00:00,2,102,BUBU SAHOO,"BBSR
",31747.59,0.0,31747.59,952.42,-0.01,32700.01,0,0.0,0,0.0,0.0,32700.0,3004,,New,0,,,,
2595,101,5,RSL/23-24/434,2024-01-16 00:00:00,2,102,BUBU SAHOO,"BBSR
",2912.62,0.0,2912.62,87.38,0.0,3000.0,0,0.0,0,0.0,0.0,3000.0,3005,,New,0,,,,
2596,101,5,RSL/23-24/435,2024-01-16 00:00:00,2,102,ROHIT MITTAL,"BBSR
",34951.46,0.0,34951.46,1048.54,0.0,36000.0,0,0.0,0,0.0,0.0,36000.0,3006,,New,0,,,,
2597,101,5,RSL/23-24/436,2024-01-16 00:00:00,2,102,SIBASIS PARIDA,"BBSR
",2912.62,0.0,2912.62,87.38,0.0,3000.0,0,0.0,0,0.0,0.0,3000.0,3007,,New,0,,,,
2598,101,5,RSL/23-24/437,2024-01-17 00:00:00,2,102,ASIS JAGDEV,"BBSR
",1553.4,0.0,1553.4,46.6,0.0,1600.0,0,0.0,0,0.0,0.0,1600.0,3008,,New,0,,,,
2599,101,5,RSL/23-24/438,2024-01-18 00:00:00,2,102,ARIDAM GHOSH,"BBSR
",2912.62,0.0,2912.62,87.38,0.0,3000.0,0,0.0,0,0.0,0.0,3000.0,3009,,New,0,,,,
2600,101,5,RSL/23-24/439,2024-01-18 00:00:00,2,102,RONIT SAHOO,"BBSR
",1699.03,0.0,1699.03,50.98,0.0,1750.0,0,0.0,0,0.0,0.0,1750.0,3010,,New,0,,,,
2601,101,5,RSL/23-24/440,2024-01-19 00:00:00,2,102,MD IQBAL ALAM,"BBSR
",109708.74,0.0,109708.74,3291.26,0.0,113000.0,0,0.0,0,0.0,0.0,113000.0,3011,,New,9861470404,,,,
2602,101,5,RSL/23-24/441,2024-01-19 00:00:00,2,102,BIRANCHI.N.MOHANTY,"CANAL ROAD
",13980.58,0.0,13980.58,419.42,0.0,14400.0,0,0.0,0,0.0,0.0,14400.0,3012,,New,8917694859,,,,
2603,101,5,RSL/23-24/442,2024-01-19 00:00:00,2,102,SWAPNA SATHAPATHY,"BBSR
",2912.62,0.0,2912.62,87.38,0.0,3000.0,0,0.0,0,0.0,0.0,3000.0,3013,,New,0,,,,
2604,101,5,RSL/23-24/443,2024-01-19 00:00:00,2,102,SHARMILA BEHERA,"BBSR
",41650.49,0.0,41650.49,1249.52,0.0,42900.0,0,0.0,0,0.0,0.0,42900.0,3014,,New,0,,,,
2605,101,5,RSL/23-24/444,2024-01-19 00:00:00,2,102,JYOTSNA BEHERA,"BBSR
",92038.83,0.0,92038.83,2761.16,0.01,94799.99,0,0.0,0,0.0,0.0,94800.0,3015,,New,0,,,,
2606,101,5,RSL/23-24/445,2024-01-19 00:00:00,2,102,DR SANDEEP MISHRA ,"CUTTACK
",17475.73,0.0,17475.73,524.28,0.0,18000.0,0,0.0,0,0.0,0.0,18000.0,3016,,New,9437147547,,,,
2607,101,5,RSL/23-24/446,2024-01-19 00:00:00,2,102,DHIRAJ SINGH,"BBSR
",4854.37,0.0,4854.37,145.64,0.0,5000.0,0,0.0,0,0.0,0.0,5000.0,3017,,New,0,,,,
2608,101,5,RSL/23-24/447,2024-01-21 00:00:00,2,102,SAILENDRA NATH NAYAK,"BBSR
",15533.98,0.0,15533.98,466.02,0.0,16000.0,0,0.0,0,0.0,0.0,16000.0,3018,,New,0,,,,
2609,101,5,RSL/23-24/448,2024-01-21 00:00:00,2,102,SUJATA DAS,"BBSR
",4174.76,0.0,4174.76,125.24,0.0,4300.0,0,0.0,0,0.0,0.0,4300.0,3019,,New,9439010451,,,,
2610,101,5,RSL/23-24/449,2024-01-21 00:00:00,2,102,CHANDAN SAHOO,"BBSR
",111845.61,201.0,111845.61,3355.36,0.02,115200.98,0,0.0,0,0.0,0.0,115000.0,3020,,New,0,,,,
2611,101,5,RSL/23-24/450,2024-01-21 00:00:00,2,102,LALA JENA,"BBSR
",5339.81,0.0,5339.81,160.2,0.0,5500.0,0,0.0,0,0.0,0.0,5500.0,3021,,New,0,,,,
2612,101,5,RSL/23-24/451,2024-01-21 00:00:00,2,102,TRISHAL PANDA,"OLDTOWN
",10000.0,0.0,10000.0,300.0,0.0,10300.0,0,0.0,0,0.0,0.0,10300.0,3022,,New,8917623626,,,,
2613,101,5,RSL/23-24/452,2024-01-22 00:00:00,2,102,B.RAJESH,"BBSR
",10970.87,0.0,10970.87,329.12,0.0,11300.0,0,0.0,0,0.0,0.0,11300.0,3023,,New,7978358411,,,,
2614,101,5,RSL/23-24/453,2024-01-22 00:00:00,2,102,B.YUGANDHAR,"BBSR
",18155.34,0.0,18155.34,544.66,0.0,18700.0,0,0.0,0,0.0,0.0,18700.0,3024,,New,9337108809,,,,
2615,101,5,RSL/23-24/454,2024-01-22 00:00:00,2,102,SOURAV RATH,"BBSR
",16700.0,1.0,16700.0,501.0,0.0,17201.0,0,0.0,0,0.0,0.0,17200.0,3025,,New,7205059025,,,,
2616,101,5,RSL/23-24/455,2024-01-23 00:00:00,2,102,TUKUNA KUMAR SAHOO,"ATHAGARH

",3009.71,0.0,3009.71,90.3,0.0,3100.0,0,0.0,0,0.0,0.0,3100.0,3026,,New,8926086930,,,,
2617,101,5,RSL/23-24/456,2024-01-23 00:00:00,2,102,MANORANJAN SWAIN,"PIPILI
",129126.21,0.0,129126.21,3873.78,0.0,133000.0,0,0.0,0,0.0,0.0,133000.0,3027,,New,0,,21CLXPS9474A1ZL,,
2618,101,5,RSL/23-24/457,2024-01-23 00:00:00,2,102,SUBHRAT SAHOO BBSR,"BBSR

",10194.17,0.0,10194.17,305.82,0.0,10500.0,0,0.0,0,0.0,0.0,10500.0,3028,,New,0,,,,
2619,101,5,RSL/23-24/458,2024-01-24 00:00:00,2,102,NIRAJITA MOHANTY,"BBSR
",51747.57,0.0,51747.57,1552.42,0.0,53300.0,0,0.0,0,0.0,0.0,53300.0,3029,,New,0,,,,
2620,101,5,RSL/23-24/459,2024-01-24 00:00:00,2,102,DR. PRATUSH PANDA,"BBSR
",31941.74,0.0,31941.74,958.26,0.0,32900.0,0,0.0,0,0.0,0.0,32900.0,3030,,New,0,,,,
2621,101,5,RSL/23-24/460,2024-01-25 00:00:00,2,102,RINKI SAMANT,"BBSR
",2912.62,0.0,2912.62,87.38,0.0,3000.0,0,0.0,0,0.0,0.0,3000.0,3031,,New,0,,,,
2622,101,5,RSL/23-24/461,2024-01-27 00:00:00,2,102,SABITA JENA,"BBSR
",13398.06,0.0,13398.06,401.94,0.0,13800.0,0,0.0,0,0.0,0.0,13800.0,3032,,New,0,,,,
2623,101,5,RSL/23-24/462,2024-01-28 00:00:00,2,102,NARAYAN PANDA,"JHARPADA
",3883.5,0.0,3883.5,116.5,-0.01,4000.01,0,0.0,0,0.0,0.0,4000.0,3033,,New,9437251927,,,,
2624,101,5,RSL/23-24/463,2024-01-28 00:00:00,2,102,PRIYABRATA SAHOO ,"BBSR
",12135.93,0.0,12135.93,364.08,-0.01,12500.01,0,0.0,0,0.0,0.0,12500.0,3034,,New,0,,,,
2625,101,5,RSL/23-24/464,2024-01-29 00:00:00,2,102,NIVEDITA BEHERA,"BBSR
",55660.19,330.0,55660.19,1669.8,0.0,57330.0,0,0.0,0,0.0,0.0,57000.0,3035,Enter Additional Information,New,9937712646,,,,
2626,101,5,RSL/23-24/465,2024-01-29 00:00:00,2,102,SHUVENDU BEHERA,"BBSR
",33010.0,0.0,33010.0,990.3,-0.3,34000.3,0,0.0,0,0.0,0.0,34000.0,3038,,Modified,0,,,,
2627,101,5,RSL/23-24/466,2024-01-29 00:00:00,2,102,SUBRAT MARTHA ,"JHARPADA
",2427.18,0.0,2427.18,72.82,0.0,2500.0,0,0.0,0,0.0,300.0,2200.0,3040,,New,0,,,,
2628,101,5,RSL/23-24/467,2024-01-29 00:00:00,2,102,SANTOSH BEHERA,"
BBSR
",35990.29,0.0,35990.29,1079.7,0.0,37070.0,0,0.0,0,0.0,0.0,37070.0,3041,,New,0,,,,
2629,101,5,RSL/23-24/468,2024-01-29 00:00:00,2,102,RINKI NAYAK,"BBSR
",38349.51,0.0,38349.51,1150.48,0.0,39500.0,0,0.0,0,0.0,0.0,39500.0,3042,,New,0,,,,
2630,101,5,RSL/23-24/469,2024-01-30 00:00:00,2,102,P.C. STAMBHA,"BBSR
",1844.66,0.0,1844.66,55.34,0.0,1900.0,0,0.0,0,0.0,0.0,1900.0,3043,,New,0,,,,
2631,101,5,RSL/23-24/470,2024-01-30 00:00:00,2,102,SANTOSH MAHARANA,"BBSR
",16407.77,0.0,16407.77,492.24,0.0,16900.0,0,0.0,0,0.0,0.0,16900.0,3044,,New,0,,,,
2632,101,5,RSL/23-24/471,2024-01-31 00:00:00,2,102,DHARITRI SAHOO,"BBSR
",68446.6,0.0,68446.6,2053.4,0.0,70500.0,0,0.0,0,0.0,0.0,70500.0,3045,,New,0,,,,
2633,101,5,RSL/23-24/472,2024-02-01 00:00:00,2,102,HIMANSHU MUDULI,"BBS5R
",6796.12,0.0,6796.12,203.88,0.0,7000.0,0,0.0,0,0.0,0.0,7000.0,3047,,New,0,,,,
2634,101,5,RSL/23-24/473,2024-02-03 00:00:00,2,102,B.CHAUDHURY,"JAYA DURGA NAGAR ,
BBSR",11504.85,0.0,11504.85,345.14,0.0,11850.0,0,0.0,0,0.0,0.0,11850.0,3048,,New,6371300398,,,,
2635,101,5,RSL/23-24/474,2024-02-03 00:00:00,2,102,DIPTI RANJAN BISWAL,"RASULGARH
",8252.43,0.0,8252.43,247.58,0.0,8500.0,0,0.0,0,0.0,0.0,8500.0,3049,,New,9658629948,,,,
2636,101,5,RSL/23-24/475,2024-02-04 00:00:00,2,102,SANGITA DAS,"PALASUNI
",11067.96,0.0,11067.96,332.04,0.0,11400.0,0,0.0,0,0.0,5200.0,6200.0,3051,,New,9861819469,,,,
2637,101,5,RSL/23-24/476,2024-02-05 00:00:00,2,102,TANMAY RANJAN SAHOO,"SRI DEVI CHAK
",29126.21,0.0,29126.21,873.78,0.0,30000.0,0,0.0,0,0.0,0.0,30000.0,3052,,New,0,,,,
2638,101,5,RSL/23-24/477,2024-02-05 00:00:00,2,102,SANGEETA PANDA,"JHARPADA
",11262.14,0.0,11262.14,337.86,0.0,11600.0,0,0.0,0,0.0,0.0,11600.0,3053,,New,8984373382,,,,
2639,101,5,RSL/23-24/478,2024-02-06 00:00:00,2,102,KRUSHNA CHANDRA SAHU,"BBSR
",21165.05,0.0,21165.05,634.96,0.0,21800.0,0,0.0,0,0.0,0.0,21800.0,3054,,New,9090092253,,,,
2640,101,5,RSL/23-24/479,2024-02-07 00:00:00,2,102,JENNY SHEIK,"BBSR
",16504.69,0.0,16504.69,495.14,0.17,16999.83,0,0.0,0,0.0,0.0,17000.0,3055,,New,0,,,,
2641,101,5,RSL/23-24/480,2024-02-07 00:00:00,2,102,SANTOSH BEHERA,"BBSR
",4199.03,0.0,4199.03,125.98,0.0,4325.0,0,0.0,0,0.0,0.0,4325.0,3056,,New,7609875391,,,,
2642,101,5,RSL/23-24/481,2024-02-07 00:00:00,2,102,SAILABALA PRADHAN,"BBSR
",12621.36,0.0,12621.36,378.64,0.0,13000.0,0,0.0,0,0.0,0.0,13000.0,3057,,New,0,,,,
2643,101,5,RSL/23-24/482,2024-02-07 00:00:00,2,102,PANKAJ GUPTA,"BBSR
",5145.63,0.0,5145.63,154.36,0.0,5300.0,0,0.0,0,0.0,0.0,5300.0,3058,,New,0,,,,
2644,101,5,RSL/23-24/483,2024-02-07 00:00:00,2,102,JITENDRA SAHOO,"BBSR
",30873.79,0.0,30873.79,926.22,0.0,31800.0,0,0.0,0,0.0,0.0,31800.0,3059,,New,0,,,,
2645,101,5,RSL/23-24/484,2024-02-08 00:00:00,2,102,SAILESH  MOHANTY,"BBSR
",57281.55,0.0,57281.55,1718.44,0.0,59000.0,0,0.0,0,0.0,0.0,59000.0,3060,,New,0,,,,
2646,101,5,RSL/23-24/485,2024-02-08 00:00:00,2,102,AHALYA SAHOO,"BBSR
",69902.91,0.0,69902.91,2097.08,0.0,72000.0,0,0.0,0,0.0,0.0,72000.0,3061,,New,0,,,,
2647,101,5,RSL/23-24/486,2024-02-09 00:00:00,2,102,JITENDRA KU DAS,"BBSR
",26213.59,0.0,26213.59,786.4,0.0,27000.0,0,0.0,0,0.0,0.0,27000.0,3062,,New,8280053545,,,,
2648,101,5,RSL/23-24/487,2024-02-11 00:00:00,2,102,SUNIL JENA,"BBSR
",21650.49,0.0,21650.49,649.52,0.0,22300.0,0,0.0,0,0.0,0.0,22300.0,3063,,New,0,,,,
2649,101,5,RSL/23-24/488,2024-02-12 00:00:00,2,102,PRADEEP KUMAR ROUT,"JHARPADA
",700.0,0.0,700.0,21.0,0.0,721.0,0,0.0,0,0.0,0.0,721.0,3064,,New,8847865616,,,,
2650,101,5,RSL/23-24/489,2024-02-13 00:00:00,2,102,SUKANT SAHOO,"BBSR
",194077.82,0.0,194077.82,5822.34,-0.17,199900.17,0,0.0,0,0.0,0.0,199900.0,3065,,New,0,,,,
2651,101,5,RSL/23-24/490,2024-02-13 00:00:00,2,102,JITENDRA SAHOO,"BBSR
",46601.94,0.0,46601.94,1398.06,0.0,48000.0,0,0.0,0,0.0,0.0,48000.0,3066,,New,0,,,,
2652,101,5,RSL/23-24/491,2024-02-13 00:00:00,2,102,SANTOSH BEHERA,"
",5631.07,0.0,5631.07,168.94,0.0,5800.0,0,0.0,0,0.0,0.0,5800.0,3067,,New,7609875391,,,,
2653,101,5,RSL/23-24/492,2024-02-14 00:00:00,2,102,ASHA THAKAR,"BALAJI APPARTMENT BBSR
",5535.0,1.05,5535.0,166.06,0.0,5701.05,0,0.0,0,0.0,0.0,5700.0,3068,,New,9439859726,,,,
2654,101,5,RSL/23-24/493,2024-02-14 00:00:00,2,102,MUNU KEERTI,"BBSR
",23300.97,0.0,23300.97,699.02,0.0,24000.0,0,0.0,0,0.0,0.0,24000.0,3069,,New,0,,,,
2655,101,5,RSL/23-24/494,2024-02-14 00:00:00,2,102,SAMITA BAL,"BBSR
",8252.43,0.0,8252.43,247.58,0.0,8500.0,0,0.0,0,0.0,0.0,8500.0,3070,,New,0,,,,
2656,101,5,RSL/23-24/495,2024-02-14 00:00:00,2,102,BHAGYA SHREE PADHI,"BBSR
",2233.01,0.0,2233.01,67.0,0.0,2300.0,0,0.0,0,0.0,0.0,2300.0,3071,,New,0,,,,
2657,101,5,RSL/23-24/496,2024-02-16 00:00:00,2,102,PABI SAHOO,"BBSR
",133009.71,0.0,133009.71,3990.3,0.0,137000.0,0,0.0,0,0.0,0.0,137000.0,3072,,New,0,,,,
2658,101,5,RSL/23-24/497,2024-02-16 00:00:00,2,102,ANNEPU PRASSNA,"BBSR
",13883.5,0.0,13883.5,416.5,-0.01,14300.01,0,0.0,0,0.0,0.0,14300.0,3073,,New,0,,,,
2659,101,5,RSL/23-24/498,2024-02-16 00:00:00,2,102,CHANDAN SAHOO,"BBSR
",74951.46,0.0,74951.46,2248.54,0.0,77200.0,0,0.0,0,0.0,0.0,77200.0,3074,,New,0,,,,
2660,101,5,RSL/23-24/499,2024-02-17 00:00:00,2,102,ROHIT SAHA,"BBSR
",1116.5,0.0,1116.5,33.5,0.0,1150.0,0,0.0,0,0.0,0.0,1150.0,3075,,New,0,,,,
2661,101,5,RSL/23-24/500,2024-02-18 00:00:00,2,102,SAILESH MOHANTY,"
",9796.12,0.0,9796.12,293.88,0.0,10090.0,0,0.0,0,0.0,0.0,10090.0,3076,,New,7504078194,,,,
2662,101,5,RSL/23-24/501,2024-02-18 00:00:00,2,102,KUSHAL SAHOO,"BBSR
",12135.92,0.0,12135.92,364.08,0.0,12500.0,0,0.0,0,0.0,0.0,12500.0,3077,,New,0,,,,
2663,101,5,RSL/23-24/502,2024-02-18 00:00:00,2,102,ROHIT SAHA,"BBSR
",2038.83,0.0,2038.83,61.16,0.01,2099.99,0,0.0,0,0.0,0.0,2100.0,3078,,New,0,,,,
2664,101,5,RSL/23-24/503,2024-02-19 00:00:00,2,102,RUCHI BHARDWAJ,"BBSR
",7766.99,0.0,7766.99,233.0,0.0,8000.0,0,0.0,0,0.0,0.0,8000.0,3079,,New,0,,,,
2665,101,5,RSL/23-24/504,2024-02-19 00:00:00,2,102,DILIP SAHOO,"BBSR
",15048.54,0.0,15048.54,451.46,0.0,15500.0,0,0.0,0,0.0,0.0,15500.0,3081,,Modified,0,,,,
2666,101,5,RSL/23-24/505,2024-02-19 00:00:00,2,102,SAMBIT MOHANTY,"BBSR
",2912.62,0.0,2912.62,87.38,0.0,3000.0,0,0.0,0,0.0,0.0,3000.0,3082,,New,0,,,,
2667,101,5,RSL/23-24/506,2024-02-20 00:00:00,2,102,SROTASWINI JENA,"BBSR
",7184.46,0.0,7184.46,215.54,0.0,7400.0,0,0.0,0,0.0,0.0,7400.0,3083,,New,0,,,,
2668,101,5,RSL/23-24/507,2024-02-22 00:00:00,2,102,SIMA DUTTA,"BBSR
",51941.75,0.0,51941.75,1558.26,0.0,53500.0,0,0.0,0,0.0,0.0,53500.0,3084,,New,0,,,,
2669,101,5,RSL/23-24/508,2024-02-22 00:00:00,2,102,SIMA DUTTA,"BBSR
",136796.12,0.0,136796.12,4103.88,0.0,140900.0,0,0.0,0,0.0,0.0,140900.0,3085,,New,0,,,,
2670,101,5,RSL/23-24/509,2024-02-22 00:00:00,2,102,SAMBIT SAHOO,"BBSR
",76310.68,0.0,76310.68,2289.32,0.0,78600.0,0,0.0,0,0.0,0.0,78600.0,3086,,New,0,,,,
2671,101,5,RSL/23-24/510,2024-02-22 00:00:00,2,102,SANTOSH BEHERA,"BBSR
",14077.67,0.0,14077.67,422.34,0.0,14500.0,0,0.0,0,0.0,0.0,14500.0,3087,,New,7609875391,,,,
2672,101,5,RSL/23-24/511,2024-02-22 00:00:00,2,102,LIZA BISOI,"BBSR
",7087.38,0.0,7087.38,212.62,0.0,7300.0,0,0.0,0,0.0,0.0,7300.0,3088,,New,0,,,,
2673,101,5,RSL/23-24/512,2024-02-23 00:00:00,2,102,BINAY BAGORA,"BBSR
",2378.64,0.0,2378.64,71.36,0.0,2450.0,0,0.0,0,0.0,0.0,2450.0,3089,,New,0,,,,
2674,101,5,RSL/23-24/513,2024-02-24 00:00:00,2,102,BRUNDABAN MISHRA,"BBSR
",17475.73,0.0,17475.73,524.28,0.0,18000.0,0,0.0,0,0.0,0.0,18000.0,3090,,New,0,,,,
2675,101,5,RSL/23-24/514,2024-02-25 00:00:00,2,102,DURGA PARIDA,"BBSR
",8252.43,0.0,8252.43,247.58,0.0,8500.0,0,0.0,0,0.0,0.0,8500.0,3091,,New,0,,,,
2676,101,5,RSL/23-24/515,2024-02-25 00:00:00,2,102,KHUSI SINGH,"BBSR
",31553.4,0.0,31553.4,946.6,0.0,32500.0,0,0.0,0,0.0,0.0,32500.0,3092,,New,0,,,,
2677,101,5,RSL/23-24/516,2024-02-25 00:00:00,2,102,REFAB ELECTROCHIP PRIVATE LTD,"NOIDA

",136213.59,0.0,136213.59,4086.4,0.0,140300.0,0,0.0,0,0.0,0.0,140300.0,3093,,New,0,,09AALCR8211N1ZS,,
2678,101,5,RSL/23-24/517,2024-02-26 00:00:00,2,102,SUNIL PRASAD CHOWHAN,"BBSR
",33009.71,0.0,33009.71,990.3,0.0,34000.0,0,0.0,0,0.0,0.0,34000.0,3094,,New,0,,,,
2679,101,5,RSL/23-24/518,2024-02-29 00:00:00,2,102,SUBASH CHANDRA SAHOO,"BBSR
",24271.84,0.0,24271.84,728.16,0.0,25000.0,0,0.0,0,0.0,0.0,25000.0,3095,,New,0,,,,
2680,101,5,RSL/23-24/519,2024-02-29 00:00:00,2,102,KANAK LATA PATRA,"BBSR
",33980.58,0.0,33980.58,1019.42,0.0,35000.0,0,0.0,0,0.0,0.0,35000.0,3096,,New,0,,,,
2681,101,5,RSL/23-24/520,2024-02-29 00:00:00,2,102,AKBAR KAN,"
BBSR
",15533.98,0.0,15533.98,466.02,0.0,16000.0,0,0.0,0,0.0,0.0,16000.0,3097,,New,0,,,,
2682,101,5,RSL/23-24/521,2024-02-29 00:00:00,2,102,CASH,"BBSR
",2184.47,0.0,2184.47,65.54,0.0,2250.0,0,0.0,0,0.0,0.0,2250.0,3098,,New,0,,,,
2683,101,5,RSL/23-24/522,2024-03-01 00:00:00,2,102,MAHJABEEN ARRA,"BBSR
",17572.42,0.0,17572.42,527.18,0.41,18099.59,0,0.0,0,0.0,0.0,18100.0,3099,,New,0,,,,
2684,101,5,RSL/23-24/523,2024-03-01 00:00:00,2,102,REKHA DASH,"BBSR
",6601.94,0.0,6601.94,198.06,0.0,6800.0,0,0.0,0,0.0,0.0,6800.0,3101,,Modified,0,,,,
2685,101,5,RSL/23-24/524,2024-03-02 00:00:00,2,102,BARSA RANI BHUYAN,"BBSR
",32524.27,0.0,32524.27,975.72,0.0,33500.0,0,0.0,0,0.0,0.0,33500.0,3102,,New,0,,,,
2686,101,5,RSL/23-24/525,2024-03-03 00:00:00,2,102,BARSA RANI BHUYAN,"BBSR
",20388.35,0.0,20388.35,611.66,0.0,21000.0,0,0.0,0,0.0,0.0,21000.0,3103,,New,0,,,,
2687,101,5,RSL/23-24/526,2024-03-04 00:00:00,2,102,ROSALIN ROUT,"SAKHIGOPAL,PURI
",3300.97,0.0,3300.97,99.02,0.0,3400.0,0,0.0,0,0.0,0.0,3400.0,3104,,New,8280035651,,,,
2688,101,5,RSL/23-24/527,2024-03-04 00:00:00,2,102,SUBRATA KUMAR,"BBSR
",9417.48,0.0,9417.48,282.52,0.0,9700.0,0,0.0,0,0.0,0.0,9700.0,3105,,New,0,,,,
2689,101,5,RSL/23-24/528,2024-03-04 00:00:00,2,102,SIMA DUTTA,"BBSR
",19468.79,53.0,19468.79,584.06,0.15,20052.85,0,0.0,0,0.0,0.0,20000.0,3106,Enter Additional Information,New,0,,,,
2690,101,5,RSL/23-24/529,2024-03-05 00:00:00,2,102,KANDHEI BEHERA,"BBSR
",19902.91,0.0,19902.91,597.08,0.0,20500.0,0,0.0,0,0.0,0.0,20500.0,3107,,New,0,,,,
2691,101,5,RSL/23-24/530,2024-03-08 00:00:00,2,102,PRASANT KUMAR SAHU,"MANCHESWAR,BBSR
",7087.38,0.0,7087.38,212.62,0.0,7300.0,0,0.0,0,0.0,0.0,7300.0,3108,,New,9556931371,,,,
2692,101,5,RSL/23-24/531,2024-03-08 00:00:00,2,102,RAKESH PATRA,"BBSR
",1699.03,0.0,1699.03,50.98,0.0,1750.0,0,0.0,0,0.0,0.0,1750.0,3109,,New,9437268670,,,,
2693,101,5,RSL/23-24/532,2024-03-10 00:00:00,2,102,LAXMI YADAV,"BBSR
",9126.21,0.0,9126.21,273.78,0.0,9400.0,0,0.0,0,0.0,0.0,9400.0,3110,,New,0,,,,
2694,101,5,RSL/23-24/533,2024-03-10 00:00:00,2,102,SOUMYA RANJAN SAHOO,"BBSR
",2087.38,0.0,2087.38,62.62,0.0,2150.0,0,0.0,0,0.0,0.0,2150.0,3111,,New,0,,,,
2695,101,5,RSL/23-24/534,2024-03-10 00:00:00,2,102,ARUN SAHOO,"BBSR
",49514.56,0.0,49514.56,1485.44,0.0,51000.0,0,0.0,0,0.0,0.0,51000.0,3112,,New,0,,,,
2696,101,5,RSL/23-24/535,2024-03-10 00:00:00,2,102,DEEPTI RANJAN SAHOO,"BBSR
",16990.29,0.0,16990.29,509.7,0.0,17500.0,0,0.0,0,0.0,0.0,17500.0,3113,,New,0,,,,
2697,101,5,RSL/23-24/536,2024-03-11 00:00:00,2,102,PRAFULLA BAHALYA,"BBSR
",8737.86,0.0,8737.86,262.14,0.0,9000.0,0,0.0,0,0.0,0.0,9000.0,3114,,New,7377623866,,,,
2698,101,5,RSL/23-24/537,2024-03-12 00:00:00,2,102,KANDEI BEHERA,"BBSR
",43689.32,0.0,43689.32,1310.68,0.0,45000.0,0,0.0,0,0.0,0.0,45000.0,3115,,New,0,,,,
2699,101,5,RSL/23-24/538,2024-03-16 00:00:00,2,102,SUMAN ROUTRAY,"BBSR
",51456.31,0.0,51456.31,1543.68,0.0,53000.0,0,0.0,0,0.0,0.0,53000.0,3116,,New,0,,,,
2700,101,5,RSL/23-24/539,2024-03-16 00:00:00,2,102,SANJIT GHOSH,"BBSR
",13857.0,273.0,13857.0,415.72,0.29,14272.71,0,0.0,0,0.0,0.0,14000.0,3117,Enter Additional Information,New,0,,,,
2701,101,5,RSL/23-24/540,2024-03-16 00:00:00,2,102,JAY MALAYA DAS,"BBSR
",37378.84,0.0,37378.84,1121.36,-0.22,38500.22,0,0.0,0,0.0,0.0,38500.0,3118,,New,9337232084,,,,
2702,101,5,RSL/23-24/541,2024-03-16 00:00:00,2,102,A S K GUPTA,"BBSR
",4854.36,0.0,4854.36,145.64,0.0,5000.0,0,0.0,0,0.0,0.0,5000.0,3119,,New,0,,,,
2703,101,5,RSL/23-24/542,2024-03-20 00:00:00,2,102,BARSHA RANI BHUYAN,"BBSR
",12621.36,0.0,12621.36,378.64,0.0,13000.0,0,0.0,0,0.0,0.0,13000.0,3120,,New,0,,,,
2704,101,5,RSL/23-24/543,2024-03-21 00:00:00,2,102,JITENDRA KUMAR PARIDA,"BBSR
",15533.98,0.0,15533.98,466.02,0.0,16000.0,0,0.0,0,0.0,0.0,16000.0,3121,,New,9337409496,,,,
2705,101,5,RSL/23-24/544,2024-03-21 00:00:00,2,102,JITENDRA KUMAR PARIDA,"BBSR
",33980.58,0.0,33980.58,1019.42,0.0,35000.0,0,0.0,0,0.0,0.0,35000.0,3122,,New,9337409496,,,,
2706,101,5,RSL/23-24/545,2024-03-21 00:00:00,2,102,JITENDRA KUMAR PARIDA,"BBSR
",41262.14,0.0,41262.14,1237.86,0.0,42500.0,0,0.0,0,0.0,0.0,42500.0,3123,,New,9337409496,,,,
2707,101,5,RSL/23-24/546,2024-03-22 00:00:00,2,102,RATIKANT PARIDA,"BBSR
",4077.67,0.0,4077.67,122.34,0.0,4200.0,0,0.0,0,0.0,0.0,4200.0,3124,,New,0,,,,
2708,101,5,RSL/23-24/547,2024-03-23 00:00:00,2,102,RAKESH GUPTA,"BBSR
",10679.61,0.0,10679.61,320.38,0.0,11000.0,0,0.0,0,0.0,0.0,11000.0,3125,,New,0,,,,
2709,101,5,RSL/23-24/548,2024-03-29 00:00:00,2,102,AVIMANYU DASH,"BBSR
",118447.23,0.0,118447.23,3553.42,0.36,122000.64,0,0.0,0,0.0,0.0,122001.0,3126,,New,0,,,,
2710,101,5,RSL/23-24/549,2024-03-30 00:00:00,2,102,BARSA BHUYAN,"BBSR
",23689.32,0.0,23689.32,710.68,0.0,24400.0,0,0.0,0,0.0,0.0,24400.0,3127,,New,0,,,,
2711,101,6,RSL/24-25/1,2024-04-01 00:00:00,2,102,SUBHASHREE MOHANTY,"BBSR
",12621.36,0.0,12621.36,378.64,0.0,13000.0,0,0.0,0,0.0,0.0,13000.0,3128,,New,0,,,,
2712,101,6,RSL/24-25/2,2024-04-02 00:00:00,2,102,DIPTI RANI PATRA,"BBSR
",55921.99,0.0,55921.99,1677.66,0.35,57599.65,0,0.0,0,0.0,0.0,57600.0,3129,,New,0,,,,
2713,101,6,RSL/24-25/3,2024-04-02 00:00:00,2,102,DIPTI RANI PATRA,"BBSR
",44368.93,0.0,44368.93,1331.06,0.0,45700.0,0,0.0,0,0.0,0.0,45700.0,3130,,New,0,,,,
2714,101,6,RSL/24-25/4,2024-04-02 00:00:00,2,102,RANJAN NAYAK,"BBSR
",65339.81,0.0,65339.81,1960.2,-0.01,67300.01,0,0.0,0,0.0,0.0,67300.0,3132,,Modified,0,,,,
2715,101,6,RSL/24-25/5,2024-04-04 00:00:00,2,102,S S INDUSTRIES,"BBSR
",8932.04,0.0,8932.04,267.96,0.0,9200.0,0,0.0,0,0.0,0.0,9200.0,3133,,New,0,,21BOZPS7532F1ZH,,
2716,101,6,RSL/24-25/6,2024-04-04 00:00:00,2,102,S S INDUSTRIES,"BBSR
",485436.89,0.0,485436.89,14563.1,0.0,500000.0,0,0.0,0,0.0,0.0,500000.0,3135,,New,0,,21BOZPS7532F,BOZPS7532,
2717,101,6,RSL/24-25/7,2024-04-05 00:00:00,2,102,BINODINI PARIDA,"BBSR
",21359.22,0.0,21359.22,640.78,0.0,22000.0,0,0.0,0,0.0,0.0,22000.0,3136,,New,9348300477,,,,
2718,101,6,RSL/24-25/8,2024-04-05 00:00:00,2,102,RUTURAJ SWAIN,"BBSR
",10485.44,0.0,10485.44,314.56,0.0,10800.0,0,0.0,0,0.0,0.0,10800.0,3137,,New,0,,,,
2719,101,6,RSL/24-25/9,2024-04-05 00:00:00,2,102,SAILESH MOHANTY,"BBSR
",9126.21,0.0,9126.21,273.78,0.0,9400.0,0,0.0,0,0.0,0.0,9400.0,3138,,New,0,,,,
2720,101,6,RSL/24-25/10,2024-04-06 00:00:00,2,102,RATANA MALINI PRADHAN,"BBSR
",30582.15,0.0,30582.15,917.46,0.38,31499.62,0,0.0,0,0.0,0.0,31500.0,3139,,New,0,,,,
2721,101,6,RSL/24-25/11,2024-04-06 00:00:00,2,102,JHANSI BEHERA,"BBSR
",84271.84,0.0,84271.84,2528.16,0.0,86800.0,0,0.0,0,0.0,0.0,86800.0,3140,,New,9937398055,,,,
2722,101,6,RSL/24-25/12,2024-04-06 00:00:00,2,102,JHANSI BEHERA,"BBSR
",970.87,0.0,970.87,29.12,0.0,1000.0,0,0.0,0,0.0,0.0,1000.0,3142,,Modified,9937398055,,,,
2723,101,6,RSL/24-25/13,2024-04-07 00:00:00,2,102,JITENDRA PARIDA,"BBSR
",100000.0,0.0,100000.0,3000.0,0.0,103000.0,0,0.0,0,0.0,0.0,103000.0,3143,,New,0,,,,
2724,101,6,RSL/24-25/14,2024-04-07 00:00:00,2,102,BALRAM PRADHAN,"BBSR
",174757.21,0.0,174757.21,5242.72,0.07,179999.93,0,0.0,0,0.0,0.0,180000.0,3144,,New,7504241447,,,,
2725,101,6,RSL/24-25/15,2024-04-07 00:00:00,2,102,NIRMAL MOHANTY,"BBSR
",182524.27,0.0,182524.27,5475.72,0.0,188000.0,0,0.0,0,0.0,0.0,188000.0,3145,,New,0,,,,
2726,101,6,RSL/24-25/16,2024-04-08 00:00:00,2,102,PRAMOD KUMAR MARTHA,"BBSR
",58737.86,0.0,58737.86,1762.14,0.0,60500.0,0,0.0,0,0.0,0.0,60500.0,3146,,New,0,,,,
2727,101,6,RSL/24-25/17,2024-04-08 00:00:00,2,102,SWADESH BANDITA BEHERA,"BOMIKHAL
",134974.76,24.0,134974.76,4049.24,0.0,139024.0,0,0.0,0,0.0,0.0,139000.0,3148,Enter Additional Information,Modified,6372088400,,21BPXPB1195J1ZQ,,
2728,101,6,RSL/24-25/18,2024-04-10 00:00:00,2,102,BHARAT BHUSAN,"BBSR
",36407.77,0.0,36407.77,1092.24,0.0,37500.0,0,0.0,0,0.0,0.0,37500.0,3149,,New,0,,,,
2729,101,6,RSL/24-25/19,2024-04-12 00:00:00,2,102,RATNA MALINI,"BBSR
",14563.11,0.0,14563.11,436.9,0.0,15000.0,0,0.0,0,0.0,0.0,15000.0,3150,,New,8018422588,,,,
2730,101,6,RSL/24-25/20,2024-04-12 00:00:00,2,102,SATHI REFRIGERATION&AIR CONDIT,"BBST
",47087.38,0.0,47087.38,1412.62,0.0,48500.0,0,0.0,0,0.0,0.0,48500.0,3151,,New,0,,21BNHPK0436M1Z5,,
2731,101,6,RSL/24-25/21,2024-04-13 00:00:00,2,102,SIBA SAHOO,"BBSR
",2766.99,0.0,2766.99,83.0,0.0,2850.0,0,0.0,0,0.0,0.0,2850.0,3152,,New,0,,,,
2732,101,6,RSL/24-25/22,2024-04-13 00:00:00,2,102,ANKITA SRIVASTAV,"BBSR
",19902.92,0.0,19902.92,597.08,-0.01,20500.01,0,0.0,0,0.0,0.0,20500.0,3153,,New,0,,,,
2733,101,6,RSL/24-25/23,2024-04-14 00:00:00,2,102,RAJASHRI PRIYA DARSHINI PARIDA,"BBSR
",40783.0,6.0,40783.0,1223.5,-0.49,42006.49,0,0.0,0,0.0,0.0,42000.0,3154,Enter Additional Information,New,7205991515,,,,
2734,101,6,RSL/24-25/24,2024-04-15 00:00:00,2,102,RAKHAL KUMAR GOSWAMI,"KESURA
",33300.97,0.0,33300.97,999.02,0.01,34299.99,0,0.0,0,0.0,0.0,34300.0,3156,,Modified,8658180662,,,,
2735,101,6,RSL/24-25/25,2024-04-15 00:00:00,2,102,BARSA PANDA,"BBSR
",9902.91,0.0,9902.91,297.08,0.01,10199.99,0,0.0,0,0.0,0.0,10200.0,3158,,Modified,0,,,,
2736,101,6,RSL/24-25/26,2024-04-16 00:00:00,2,102,SAFURA KHATUN,"BBSR
",776.7,0.0,776.7,23.3,0.0,800.0,0,0.0,0,0.0,0.0,800.0,3159,,New,0,,,,
2737,101,6,RSL/24-25/27,2024-04-18 00:00:00,2,102,SK ABDUL,"BBSR
",3300.97,0.0,3300.97,99.02,0.0,3400.0,0,0.0,0,0.0,0.0,3400.0,3160,,New,0,,,,
2738,101,6,RSL/24-25/28,2024-04-19 00:00:00,2,102,ABHIRAM SWAIN,"BBSR
",2524.27,0.0,2524.27,75.72,0.0,2600.0,0,0.0,0,0.0,0.0,2600.0,3161,,New,0,,,,
2739,101,6,RSL/24-25/29,2024-04-20 00:00:00,2,102,KISAN PANDIT JI,"BBSR
",211165.05,0.0,211165.05,6334.96,0.0,217500.0,0,0.0,0,0.0,0.0,217500.0,3162,,New,0,,,f,
2740,101,6,RSL/24-25/30,2024-04-20 00:00:00,2,102,KISAN PANDIT JI,"BBSR
",10679.61,0.0,10679.61,320.38,0.0,11000.0,0,0.0,0,0.0,0.0,11000.0,3163,,New,0,,,,
2741,101,6,RSL/24-25/31,2024-04-21 00:00:00,2,102,ABDUL SATTAR,"BBSR
",29611.65,0.0,29611.65,888.34,0.0,30500.0,0,0.0,0,0.0,0.0,30500.0,3164,,New,0,,,,
2742,101,6,RSL/24-25/32,2024-04-22 00:00:00,2,102,SANTOSH BEHERA,"BBSR
",87747.57,0.0,87747.57,2632.42,0.0,90380.0,0,0.0,0,0.0,0.0,90380.0,3165,,New,7609875391,,,,
2743,101,6,RSL/24-25/33,2024-04-23 00:00:00,2,102,BHOLA NATH,"BBSR
",9708.74,0.0,9708.74,291.26,0.0,10000.0,0,0.0,0,0.0,0.0,10000.0,3166,,New,0,,,,
2744,101,6,RSL/24-25/34,2024-04-24 00:00:00,2,102,BINITA SAMAL,"BBSR
",3980.58,0.0,3980.58,119.42,0.0,4100.0,0,0.0,0,0.0,0.0,4100.0,3167,,New,0,,,,
2745,101,6,RSL/24-25/35,2024-04-25 00:00:00,2,102,SANJAY GUPTA,"BBSR
",970.87,0.0,970.87,29.12,0.0,1000.0,0,0.0,0,0.0,0.0,1000.0,3168,,New,0,,,,
2746,101,6,RSL/24-25/36,2024-04-26 00:00:00,2,102,SAILABALA PRADHAN,"BBSR
",1067.96,0.0,1067.96,32.04,0.0,1100.0,0,0.0,0,0.0,0.0,1100.0,3169,,New,0,,,,
2747,101,6,RSL/24-25/37,2024-04-28 00:00:00,2,102,SRIKANT JENA,"BBSR
",36893.2,0.0,36893.2,1106.8,0.0,38000.0,0,0.0,0,0.0,0.0,38000.0,3170,,New,0,,,,
2748,101,6,RSL/24-25/38,2024-04-28 00:00:00,2,102,RANJIT DAS,"BBSR
",3883.5,0.0,3883.5,116.5,-0.01,4000.01,0,0.0,0,0.0,0.0,4000.0,3171,,New,0,,,,
2749,101,6,RSL/24-25/39,2024-04-29 00:00:00,2,102,SRIKANT JENA,"BBSR
",83980.58,0.0,83980.58,2519.42,0.0,86500.0,0,0.0,0,0.0,0.0,86500.0,3172,,New,0,,,,
2750,101,6,RSL/24-25/40,2024-04-29 00:00:00,2,102,HARI HAR PATRA,"BBSR
",875825.24,100.0,875825.24,26274.76,0.0,902100.0,0,0.0,0,0.0,0.0,902000.0,3173,Enter Additional Information,New,0,,,f,
2751,101,6,RSL/24-25/41,2024-04-29 00:00:00,2,102,SASMITA PATRA,"BBSR
",47572.82,0.0,47572.82,1427.18,0.0,49000.0,0,0.0,0,0.0,0.0,49000.0,3174,,New,0,,,,
2752,101,6,RSL/24-25/42,2024-04-30 00:00:00,2,102,SANJAY KUMAR BEHERA,"BBSR
",4077.67,0.0,4077.67,122.34,0.0,4200.0,0,0.0,0,0.0,0.0,4200.0,3175,,New,0,,,,
2753,101,6,RSL/24-25/43,2024-05-01 00:00:00,2,102,PRIYA BRATA SWAIN,"BBSR
",5922.33,0.0,5922.33,177.66,0.0,6100.0,0,0.0,0,0.0,0.0,6100.0,3176,,New,0,,,,
2754,101,6,RSL/24-25/44,2024-05-02 00:00:00,2,102,DIBYA SAMAL,"BBSR
",4854.37,0.0,4854.37,145.64,0.0,5000.0,0,0.0,0,0.0,0.0,5000.0,3177,,New,0,,,,
2755,101,6,RSL/24-25/45,2024-05-03 00:00:00,2,102,MITU JENA,"BBSR
",25728.16,0.0,25728.16,771.84,0.0,26500.0,0,0.0,0,0.0,0.0,26500.0,3178,,New,0,,,,
2756,101,6,RSL/24-25/46,2024-05-05 00:00:00,2,102,SANTOSH BEHERA,"BBSR
",22359.22,0.0,22359.22,670.78,0.0,23030.0,0,0.0,0,0.0,0.0,23030.0,3179,,New,7609875391,,,,
2757,101,6,RSL/24-25/47,2024-05-05 00:00:00,2,102,ROHIT KUMAR,"BBSR
",19368.93,0.0,19368.93,581.06,0.0,19950.0,0,0.0,0,0.0,0.0,19950.0,3180,,New,0,,,,
2758,101,6,RSL/24-25/48,2024-05-07 00:00:00,2,102,BIJAY KUMAR,"BBSR
",158252.43,0.0,158252.43,4747.58,0.0,163000.0,0,0.0,0,0.0,0.0,163000.0,3181,,New,0,,,,
2759,101,6,RSL/24-25/49,2024-05-08 00:00:00,2,102,DR.PANDA,"BBSR
",18446.6,0.0,18446.6,553.4,0.0,19000.0,0,0.0,0,0.0,0.0,19000.0,3182,,New,0,,,,
2760,101,6,RSL/24-25/50,2024-05-08 00:00:00,2,102,DEEPAK SWAIN,"BBSR
",12912.62,0.0,12912.62,387.38,0.0,13300.0,0,0.0,0,0.0,0.0,13300.0,3183,,New,0,,,,
2761,101,6,RSL/24-25/51,2024-05-10 00:00:00,2,102,ABHISEK SRIVASTAV,"BBSR
",2572.82,0.0,2572.82,77.18,0.0,2650.0,0,0.0,0,0.0,0.0,2650.0,3184,,New,0,,,,
2762,101,6,RSL/24-25/52,2024-05-10 00:00:00,2,102,BIJAY KUMAR,"BBSR
",57281.55,0.0,57281.55,1718.44,0.0,59000.0,0,0.0,0,0.0,0.0,59000.0,3185,,New,0,,,,
2763,101,6,RSL/24-25/53,2024-05-10 00:00:00,5,102,SWATI PATRA,"BBSR
",26229.55,16.0,26229.55,786.88,-0.44,27016.44,0,0.0,0,0.0,0.0,27000.0,3186,Enter Additional Information,New,0,,,,
2764,101,6,RSL/24-25/54,2024-05-10 00:00:00,2,102,BRUNDABAN MISHRA,"BBSR
",9708.74,0.0,9708.74,291.26,0.0,10000.0,0,0.0,0,0.0,0.0,10000.0,3187,,New,0,,,,
2765,101,6,RSL/24-25/55,2024-05-10 00:00:00,2,102,SATYAJIT PANDA,"BBSR
",55339.81,0.0,55339.81,1660.2,0.0,57000.0,0,0.0,0,0.0,0.0,57000.0,3188,,New,0,,,,
2766,101,6,RSL/24-25/56,2024-05-10 00:00:00,2,102,KARNA PRADHAN,"BBSR
",1796.12,0.0,1796.12,53.88,0.0,1850.0,0,0.0,0,0.0,0.0,1850.0,3189,,New,0,,,,
2767,101,6,RSL/24-25/57,2024-05-10 00:00:00,2,102,JOLLY SWAIN,"BBSR
",1067.96,0.0,1067.96,32.04,0.0,1100.0,0,0.0,0,0.0,0.0,1100.0,3190,,New,0,,,,
2768,101,6,RSL/24-25/58,2024-05-10 00:00:00,2,102,SRIKANT JENA,"BBSR
",2815.53,0.0,2815.53,84.46,0.0,2900.0,0,0.0,0,0.0,0.0,2900.0,3191,,New,0,,,,
2769,101,6,RSL/24-25/59,2024-05-10 00:00:00,2,102,VIMAL MISHRA,"BBSR
",23306.0,5.0,23306.0,699.18,-0.18,24005.18,0,0.0,0,0.0,0.0,24000.0,3192,Enter Additional Information,New,0,,,,
2770,101,6,RSL/24-25/60,2024-05-10 00:00:00,2,102,DEEPAK PANI,"BBSR
",20097.09,0.0,20097.09,602.92,0.0,20700.0,0,0.0,0,0.0,0.0,20700.0,3193,,New,0,,,,
2771,101,6,RSL/24-25/61,2024-05-10 00:00:00,2,102,ASHOK SAMAL,"BBSR
",70873.79,0.0,70873.79,2126.22,0.0,73000.0,0,0.0,0,0.0,0.0,73000.0,3194,,New,0,,,,
2772,101,6,RSL/24-25/62,2024-05-10 00:00:00,2,102,KUMAR SOUMYA PRAKASH,"BBSR
",3883.5,0.0,3883.5,116.5,-0.01,4000.01,0,0.0,0,0.0,0.0,4000.0,3195,,New,0,,,,
2773,101,6,RSL/24-25/63,2024-05-10 00:00:00,2,102,SASMITA NANDA,"BBSR
",17475.73,0.0,17475.73,524.28,0.0,18000.0,0,0.0,0,0.0,0.0,18000.0,3196,,New,0,,,,
2774,101,6,RSL/24-25/64,2024-05-10 00:00:00,2,102,S.SAHOO,"BBSR
",40776.7,0.0,40776.7,1223.3,0.0,42000.0,0,0.0,0,0.0,0.0,42000.0,3197,,New,8114921097,,,,
2775,101,6,RSL/24-25/65,2024-05-10 00:00:00,2,102,KAJOL DASH,"BBSR
",11067.96,0.0,11067.96,332.04,0.0,11400.0,0,0.0,0,0.0,0.0,11400.0,3198,,New,0,,,,
2776,101,6,RSL/24-25/66,2024-05-10 00:00:00,2,102,SANDHYA RANI SAHOO,"BBSR
",33009.71,0.0,33009.71,990.3,0.0,34000.0,0,0.0,0,0.0,0.0,34000.0,3199,,New,0,,,,
2777,101,6,RSL/24-25/67,2024-05-10 00:00:00,2,102,RAKES JENA,"
",485.44,0.0,485.44,14.56,0.0,500.0,0,0.0,0,0.0,0.0,500.0,3200,,New,0,,,,
2778,101,6,RSL/24-25/68,2024-05-10 00:00:00,2,102,SUBRAT DEY,"BBSR
",2912.62,0.0,2912.62,87.38,0.0,3000.0,0,0.0,0,0.0,0.0,3000.0,3201,,New,0,,,,
2779,101,6,RSL/24-25/69,2024-05-11 00:00:00,2,102,KALPANA NAYAK,"JHARPADA JAIL ROAD
",4174.76,0.0,4174.76,125.24,0.0,4300.0,0,0.0,0,0.0,0.0,4300.0,3202,,New,9778666301,,,,
2780,101,6,RSL/24-25/70,2024-05-11 00:00:00,2,102,RAMA SHANKAR MISHRA,"BBSR

",37864.08,0.0,37864.08,1135.92,0.0,39000.0,0,0.0,0,0.0,0.0,39000.0,3203,,New,0,,,,
2781,101,6,RSL/24-25/71,2024-05-12 00:00:00,2,102,SIBASIS PRIDA,"BBSR
",38834.95,0.0,38834.95,1165.04,0.0,40000.0,0,0.0,0,0.0,0.0,40000.0,3204,,New,0,,,,
2782,101,6,RSL/24-25/72,2024-05-16 00:00:00,2,102,ABHINASH DASH,"BBSR
",12135.92,0.0,12135.92,364.08,0.0,12500.0,0,0.0,0,0.0,0.0,12500.0,3205,,New,0,,,,
2783,101,6,RSL/24-25/73,2024-05-17 00:00:00,2,102,BIKASH MOHANTY,"BBSR
",15048.54,0.0,15048.54,451.46,0.0,15500.0,0,0.0,0,0.0,0.0,15500.0,3206,,New,0,,,,
2784,101,6,RSL/24-25/74,2024-05-22 00:00:00,2,102,M.K.BARIK,"BBSR
",16504.85,0.0,16504.85,495.14,0.0,17000.0,0,0.0,0,0.0,0.0,17000.0,3207,,New,0,,,,
2785,101,6,RSL/24-25/75,2024-05-23 00:00:00,2,102,SATYAJIT PANDA,"BBSR
",33980.58,0.0,33980.58,1019.42,0.0,35000.0,0,0.0,0,0.0,0.0,35000.0,3208,,New,0,,,,
2786,101,6,RSL/24-25/76,2024-05-23 00:00:00,2,102,MANTU DAS,"BBSR
",3786.41,0.0,3786.41,113.6,0.0,3900.0,0,0.0,0,0.0,0.0,3900.0,3209,,New,0,,,,
2787,101,6,RSL/24-25/77,2024-05-23 00:00:00,2,102,PRAMOD KUMAR MARTHA,"BBSR
",80582.52,0.0,80582.52,2417.48,0.0,83000.0,0,0.0,0,0.0,0.0,83000.0,3210,,New,0,,,,
2788,101,6,RSL/24-25/78,2024-05-24 00:00:00,2,102,DEBASIS MUKHERJI,"BBSR
",13592.23,0.0,13592.23,407.76,0.01,13999.99,0,0.0,0,0.0,0.0,14000.0,3212,,Modified,0,,,,
2789,101,6,RSL/24-25/79,2024-05-25 00:00:00,2,102,SANTOSH BEHERA,"BBSR
",20534.76,0.0,20534.76,616.04,0.19,21150.81,0,0.0,0,0.0,0.0,21151.0,3213,,New,7609875391,,,,
2790,101,6,RSL/24-25/80,2024-05-26 00:00:00,2,102,ANIL SAHA,"BBSR
",3883.5,0.0,3883.5,116.5,-0.01,4000.01,0,0.0,0,0.0,0.0,4000.0,3214,,New,0,,,,
2791,101,6,RSL/24-25/81,2024-05-27 00:00:00,2,102,BISWARANJAN SAHOO,"BBSR
",6601.94,0.0,6601.94,198.06,0.0,6800.0,0,0.0,0,0.0,0.0,6800.0,3215,,New,0,,,,
2792,101,6,RSL/24-25/82,2024-05-28 00:00:00,2,102,LINGARAJ NAYAK,"BBSR
",16796.12,0.0,16796.12,503.88,0.0,17300.0,0,0.0,0,0.0,0.0,17300.0,3216,,New,0,,,,
2793,101,6,RSL/24-25/83,2024-05-28 00:00:00,2,102,SEKHAR JENA,"BBSR
",22330.1,0.0,22330.1,669.9,0.0,23000.0,0,0.0,0,0.0,0.0,23000.0,3217,,New,0,,,,
2794,101,6,RSL/24-25/84,2024-05-28 00:00:00,2,102,HARI HAR PATRA,"BBSR
",206019.27,0.0,206019.27,6180.58,0.15,212199.85,0,0.0,0,0.0,0.0,212200.0,3218,,New,0,,,p,
2795,101,6,RSL/24-25/85,2024-05-29 00:00:00,2,102,SOUMYA RANJAN,"BBSR
",32524.27,0.0,32524.27,975.72,0.0,33500.0,0,0.0,0,0.0,0.0,33500.0,3219,,New,0,,,,
2796,101,6,RSL/24-25/86,2024-05-29 00:00:00,2,102,P.K.CHAUDARY,"BBSR
",8737.86,0.0,8737.86,262.14,0.0,9000.0,0,0.0,0,0.0,0.0,9000.0,3220,,New,0,,,,
2797,101,6,RSL/24-25/87,2024-06-08 00:00:00,2,102,SOUDAMINI DAS,"BBSR
",16021.0,2.0,16021.0,480.64,0.37,16501.63,0,0.0,0,0.0,0.0,16500.0,3221,Enter Additional Information,New,7978010498,,,,
2798,101,6,RSL/24-25/88,2024-06-08 00:00:00,2,102,MANISHA UPADHYA,"BBSR
",20194.17,0.0,20194.17,605.82,0.0,20800.0,0,0.0,0,0.0,0.0,20800.0,3222,,New,0,,,,
2799,101,6,RSL/24-25/89,2024-06-11 00:00:00,2,102,PRAKASH DWIBEDI,"BBSR
",11172.0,7.0,11172.0,335.16,-0.16,11507.16,0,0.0,0,0.0,0.0,11500.0,3223,Enter Additional Information,New,0,,,,
2800,101,6,RSL/24-25/90,2024-06-11 00:00:00,2,102,OMM LAMINATES,"BBSR
",31068.17,0.0,31068.17,932.04,-0.22,32000.22,0,0.0,0,0.0,0.0,32000.0,3224,,New,0,,,,
2801,101,6,RSL/24-25/91,2024-06-11 00:00:00,2,102,SUKANTI SAHOO,"BBSR
",147087.45,0.0,147087.45,4412.62,-0.07,151500.07,0,0.0,0,0.0,0.0,151500.0,3226,,Modified,0,,,,
2802,101,6,RSL/24-25/92,2024-06-15 00:00:00,2,102,MANAS KUMAR DAS,"BBSR
",33495.15,0.0,33495.15,1004.86,0.0,34500.0,0,0.0,0,0.0,0.0,34500.0,3227,,New,9437342433,,,,
2803,101,6,RSL/24-25/93,2024-06-15 00:00:00,2,102,RASANANDA KUNDU,"JHARAPADA BBSR
",24077.67,0.0,24077.67,722.34,0.0,24800.0,0,0.0,0,0.0,0.0,24800.0,3228,,New,8327764844,,,,
2804,101,6,RSL/24-25/94,2024-06-15 00:00:00,2,102,SASHI SWAIN,"BBSR
",62621.36,0.0,62621.36,1878.64,0.0,64500.0,0,0.0,0,0.0,0.0,64500.0,3229,,New,0,,,,
2805,101,6,RSL/24-25/95,2024-06-16 00:00:00,2,102,SANTOSH BEHERA,"BBSR
",18761.17,0.0,18761.17,562.84,-0.01,19324.01,0,0.0,0,0.0,0.0,19324.0,3230,,New,7609875391,,,,
2806,101,6,RSL/24-25/96,2024-06-16 00:00:00,2,102,CASH,,19514.56,0.0,19514.56,585.44,0.0,20100.0,0,0.0,0,0.0,0.0,20100.0,3231,,New,0,,,,
2807,101,6,RSL/24-25/97,2024-06-16 00:00:00,2,102,DEEPAK JENA,"BBSR
",10533.98,0.0,10533.98,316.02,0.0,10850.0,0,0.0,0,0.0,0.0,10850.0,3232,,New,0,,,,
2808,101,6,RSL/24-25/98,2024-06-21 00:00:00,2,102,SANTOSH SAHOO,"BBSR
",21650.49,0.0,21650.49,649.52,0.0,22300.0,0,0.0,0,0.0,0.0,22300.0,3233,,New,0,,,,
2809,101,6,RSL/24-25/99,2024-06-22 00:00:00,2,102,MADHAB JENA,"BBSR
BBSR

",10485.44,0.0,10485.44,314.56,0.0,10800.0,0,0.0,0,0.0,0.0,10800.0,3234,,New,0,,,,
2810,101,6,RSL/24-25/100,2024-06-22 00:00:00,2,102,SUKANT HOTA,"BBSR
",9320.39,0.0,9320.39,279.62,0.0,9600.0,0,0.0,0,0.0,0.0,9600.0,3235,,New,0,,,,
2811,101,6,RSL/24-25/101,2024-06-23 00:00:00,2,102,SABYASACHI TARASIA,"BBSR
",2000.0,0.0,2000.0,60.0,0.0,2060.0,0,0.0,0,0.0,0.0,2060.0,3236,,New,0,,,,
2812,101,6,RSL/24-25/102,2024-06-26 00:00:00,2,102,AKANSHA GUPTA,"BBSR
",1456.31,0.0,1456.31,43.68,0.0,1500.0,0,0.0,0,0.0,0.0,1500.0,3237,,New,0,,,,
2813,101,6,RSL/24-25/103,2024-06-27 00:00:00,2,102,SANTOSH DASH,"BBSR
",16407.77,0.0,16407.77,492.24,0.0,16900.0,0,0.0,0,0.0,0.0,16900.0,3238,,New,0,,,,
2814,101,6,RSL/24-25/104,2024-06-28 00:00:00,2,102,SUMAN PRUSTY,"BBSR
",7330.1,0.0,7330.1,219.9,0.0,7550.0,0,0.0,0,0.0,0.0,7550.0,3239,,New,0,,,,
2815,101,6,RSL/24-25/105,2024-06-29 00:00:00,2,102,JAYA TAMANG ,"BBSR
",23300.97,0.0,23300.97,699.02,0.0,24000.0,0,0.0,0,0.0,0.0,24000.0,3240,,New,0,,,,
2816,101,6,RSL/24-25/106,2024-06-30 00:00:00,2,102,ULLAS DAS,"BBSR
",8058.25,0.0,8058.25,241.74,0.0,8300.0,0,0.0,0,0.0,0.0,8300.0,3241,,New,0,,,,
2817,101,6,RSL/24-25/107,2024-07-01 00:00:00,2,102,SAILABALA PRADHAN,"BBSR
",84271.84,0.0,84271.84,2528.16,0.0,86800.0,0,0.0,0,0.0,0.0,86800.0,3242,,New,0,,,,
2818,101,6,RSL/24-25/108,2024-07-01 00:00:00,2,102,SUMAN PRUSTY,"BBSR
",12135.92,0.0,12135.92,364.08,0.0,12500.0,0,0.0,0,0.0,0.0,12500.0,3243,,New,0,,,,
2819,101,6,RSL/24-25/109,2024-07-02 00:00:00,2,102,SAHDEV DAS,"BBSR
",5145.63,0.0,5145.63,154.36,0.0,5300.0,0,0.0,0,0.0,0.0,5300.0,3244,,New,0,,,,
2820,101,6,RSL/24-25/110,2024-07-02 00:00:00,2,102,MANTU DAS,"KENDRAPADA
",4466.02,0.0,4466.02,133.98,0.0,4600.0,0,0.0,0,0.0,0.0,4600.0,3245,,New,8118003152,,,,
2821,101,6,RSL/24-25/111,2024-07-02 00:00:00,2,102,SUDHIR BISWAL,"BBSR
",13107.06,0.0,13107.06,393.22,-0.27,13500.27,0,0.0,0,0.0,0.0,13500.0,3246,,New,0,,,,
2822,101,6,RSL/24-25/112,2024-07-03 00:00:00,2,102,PUSPITA DALEI,"BBSR
",970.87,0.0,970.87,29.12,0.0,1000.0,0,0.0,0,0.0,0.0,1000.0,3247,,New,0,,,,
2823,101,6,RSL/24-25/113,2024-07-04 00:00:00,2,102,PRAKASH SAHOO,"BBSR
",873.79,0.0,873.79,26.22,0.0,900.0,0,0.0,0,0.0,0.0,900.0,3248,,New,0,,,,
2824,101,6,RSL/24-25/114,2024-07-05 00:00:00,2,102,SANTOSH SWAIN,"BBSR
",23941.75,0.0,23941.75,718.26,0.0,24660.0,0,0.0,0,0.0,0.0,24660.0,3249,,New,0,,,,
2825,101,6,RSL/24-25/115,2024-07-05 00:00:00,2,102,MINAKSHI PATNAIK,"BBSR
",1359.22,0.0,1359.22,40.78,0.0,1400.0,0,0.0,0,0.0,0.0,1400.0,3250,,New,0,,,,
2826,101,6,RSL/24-25/116,2024-07-06 00:00:00,2,102,NARESH CH ROUTRAY,"BBSR
",100000.0,0.0,100000.0,3000.0,0.0,103000.0,0,0.0,0,0.0,0.0,103000.0,3269,,Modified,0,,21CASPR3075A1ZT,,
2827,101,6,RSL/24-25/117,2024-07-06 00:00:00,2,102,GULABSA SAHIN,"BBSR
",21844.66,0.0,21844.66,655.34,0.0,22500.0,0,0.0,0,0.0,0.0,22500.0,3252,,New,0,,,,
2828,101,6,RSL/24-25/118,2024-07-08 00:00:00,2,102,MONALISA SAHOO,"BBSR
",2524.27,0.0,2524.27,75.72,0.0,2600.0,0,0.0,0,0.0,0.0,2600.0,3253,,New,0,,,,
2829,101,6,RSL/24-25/119,2024-07-08 00:00:00,2,102,PRAKASH KUMAR,"BBSR
",9708.74,0.0,9708.74,291.26,0.0,10000.0,0,0.0,0,0.0,0.0,10000.0,3254,,New,0,,,,
2830,101,6,RSL/24-25/120,2024-07-08 00:00:00,2,102,SUBHAJIT HALDAR,"BBSR
",9223.3,0.0,9223.3,276.7,0.0,9500.0,0,0.0,0,0.0,0.0,9500.0,3256,,Modified,0,,,,
2831,101,6,RSL/24-25/121,2024-07-10 00:00:00,2,102,LINGARAJ NAYAK,"BBSR
",162621.36,0.0,162621.36,4878.64,0.0,167500.0,0,0.0,0,0.0,0.0,167500.0,3257,,New,0,,,,
2832,101,6,RSL/24-25/122,2024-07-10 00:00:00,2,102,JAYMALA,"BBSR
",5339.81,0.0,5339.81,160.2,0.0,5500.0,0,0.0,0,0.0,0.0,5500.0,3258,,New,0,,,,
2833,101,6,RSL/24-25/123,2024-07-10 00:00:00,2,102,DILIP SAHOO,"BBSR
",27184.47,0.0,27184.47,815.54,0.0,28000.0,0,0.0,0,0.0,0.0,28000.0,3259,,New,0,,,,
2834,101,6,RSL/24-25/124,2024-07-10 00:00:00,2,102,S.K.SAHOO,"BBSR
",95146.2,1.0,95146.2,2854.38,0.42,98000.58,0,0.0,0,0.0,0.0,98000.0,3260,Enter Additional Information,New,0,,,,
2835,101,6,RSL/24-25/125,2024-07-11 00:00:00,2,102,ADITYA PRSAD DASH,"BBSR
",29126.21,0.0,29126.21,873.78,0.0,30000.0,0,0.0,0,0.0,0.0,30000.0,3264,,Modified,0,,,,
2836,101,6,RSL/24-25/126,2024-07-11 00:00:00,2,102,RAM SHANKARMISHRA,"BBSR
",25728.16,0.0,25728.16,771.84,0.0,26500.0,0,0.0,0,0.0,0.0,26500.0,3262,,New,0,,,,
2837,101,6,RSL/24-25/127,2024-07-12 00:00:00,2,102,SUBHAJIT HALDAR,"BBSR
",-9223.3,0.0,-9223.3,-276.7,0.0,-9500.0,0,0.0,0,0.0,0.0,-9500.0,3265,,New,0,,,,
2838,101,6,RSL/24-25/128,2024-07-12 00:00:00,2,102,SUSHANTA MALLICK,"LAXMISAGAR
",10097.09,0.0,10097.09,302.92,0.0,10400.0,0,0.0,0,0.0,0.0,10400.0,3266,,New,9583571351,,,,
2839,101,6,RSL/24-25/129,2024-07-15 00:00:00,2,102,SUHAG ROUT,"BBSR
",36650.48,0.0,36650.48,1099.52,0.0,37750.0,0,0.0,0,0.0,0.0,37750.0,3267,,New,9090902500,,,,
2840,101,6,RSL/24-25/130,2024-07-16 00:00:00,2,102,JAYSHREE MALLIK,"BOMIKHAL,NEAR PNB BANK
",13135.92,0.0,13135.92,394.08,0.0,13530.0,0,0.0,0,0.0,0.0,13530.0,3268,,New,8458012333,,,,
2841,101,6,RSL/24-25/131,2024-07-16 00:00:00,2,102,BISTU BABU,"BBSR
",9177.0,0.0,9177.0,275.32,-0.31,9452.31,0,0.0,0,0.0,0.0,9452.0,3270,,New,0,,,,
2842,101,6,RSL/24-25/132,2024-07-18 00:00:00,2,102,DEBASIS MUKERJI,"BBSR
",3689.32,0.0,3689.32,110.68,0.0,3800.0,0,0.0,0,0.0,0.0,3800.0,3271,,New,0,,,,
2843,101,6,RSL/24-25/133,2024-07-21 00:00:00,2,102,ABHIJIT SABAT,"BBSR
",12621.36,0.0,12621.36,378.64,0.0,13000.0,0,0.0,0,0.0,0.0,13000.0,3272,,New,0,,,,
2844,101,6,RSL/24-25/134,2024-07-22 00:00:00,2,102,NIVEDITA BBSR,"
",9708.74,0.0,9708.74,291.26,0.0,10000.0,0,0.0,0,0.0,0.0,10000.0,3273,,New,0,,,,
2845,101,6,RSL/24-25/135,2024-07-23 00:00:00,2,102,ASHOK JANGID,"BBSR
",20582.52,0.0,20582.52,617.48,0.0,21200.0,0,0.0,0,0.0,0.0,21200.0,3274,,New,0,,,,
2846,101,6,RSL/24-25/136,2024-07-23 00:00:00,2,102,BRUNDABAN MISHRA,"BBSR
",70679.61,0.0,70679.61,2120.38,0.0,72800.0,0,0.0,0,0.0,0.0,72800.0,3275,,New,0,,,,
2847,101,6,RSL/24-25/137,2024-07-23 00:00:00,2,102,NEELAM SAHA,"BBSR
",4077.71,0.0,4077.71,122.34,-0.04,4200.04,0,0.0,0,0.0,0.0,4200.0,3276,,New,0,,,,
2848,101,6,RSL/24-25/138,2024-07-25 00:00:00,2,102,JYOTI PANIGRAHI,"BBSR
",11941.75,0.0,11941.75,358.26,0.0,12300.0,0,0.0,0,0.0,0.0,12300.0,3277,,New,0,,,,
2849,101,6,RSL/24-25/139,2024-07-25 00:00:00,2,102,SUNIL MANGARAJ,"BBSR
",66019.14,0.0,66019.14,1980.58,0.28,67999.72,0,0.0,0,0.0,0.0,68000.0,3278,,New,0,,,,
2850,101,6,RSL/24-25/140,2024-07-26 00:00:00,2,102,LINGRAJ NAYAK,"BBSR
",61165.05,0.0,61165.05,1834.96,0.0,63000.0,0,0.0,0,0.0,0.0,63000.0,3279,,New,0,,,,
2851,101,6,RSL/24-25/141,2024-07-26 00:00:00,2,102,NEELAM SAHA,"BBSR
",7475.73,0.0,7475.73,224.28,0.0,7700.0,0,0.0,0,0.0,0.0,7700.0,3280,,New,0,,,,
2852,101,6,RSL/24-25/142,2024-07-27 00:00:00,2,102,RUKSHAR BIBI,"BBSR
",28640.78,0.0,28640.78,859.22,0.0,29500.0,0,0.0,0,0.0,0.0,29500.0,3281,,New,0,,,,
2853,101,6,RSL/24-25/143,2024-07-27 00:00:00,2,102,SABANA AZMI,"BBSR
",46796.12,0.0,46796.12,1403.88,0.0,48200.0,0,0.0,0,0.0,0.0,48200.0,3282,,New,0,,,,
2854,101,6,RSL/24-25/144,2024-08-29 00:00:00,2,102,GARGSON,"BBSR
",14495.15,0.0,14495.15,434.86,0.0,14930.0,0,0.0,0,0.0,0.0,14930.0,3283,,New,0,,,,
2855,101,6,RSL/24-25/145,2024-08-02 00:00:00,2,102,ROHIT SAHA,"BBSR
",6116.5,0.0,6116.5,183.5,0.0,6300.0,0,0.0,0,0.0,0.0,6300.0,3284,,New,0,,,,
2856,101,6,RSL/24-25/146,2024-08-02 00:00:00,2,102,PRADIP DASH,"BBSR
",140291.25,0.0,140291.25,4208.74,0.0,144500.0,0,0.0,0,0.0,0.0,144500.0,3285,,New,0,,,,
2857,101,6,RSL/24-25/147,2024-08-04 00:00:00,2,102,BAISHNOVAI MOHANTY,"BBSR
",9223.02,0.0,9223.02,276.7,0.29,9499.71,0,0.0,0,0.0,0.0,9500.0,3286,,New,0,,,,
2858,101,6,RSL/24-25/148,2024-08-04 00:00:00,2,102,MEGHNA BADU,"BBSR
",5000.0,0.0,5000.0,150.0,0.0,5150.0,0,0.0,0,0.0,0.0,5150.0,3287,,New,0,,,,
2859,101,6,RSL/24-25/149,2024-08-04 00:00:00,2,102,GUDIA DAS,"BBSR
",3883.5,0.0,3883.5,116.5,-0.01,4000.01,0,0.0,0,0.0,0.0,4000.0,3288,,New,0,,,,
2860,101,6,RSL/24-25/150,2024-08-06 00:00:00,2,102,GAYA JENA,"BBSR
",126213.07,0.0,126213.07,3786.4,-0.45,129999.45,0,0.0,0,0.0,0.0,129999.0,3289,,New,0,,,,
2861,101,6,RSL/24-25/151,2024-08-08 00:00:00,2,102,NIVEDITA BEHERA,"BBSR
",81553.87,0.0,81553.87,2446.62,-0.48,84000.48,0,0.0,0,0.0,0.0,84000.0,3296,,Modified,9937712646,,,,
2862,101,6,RSL/24-25/152,2024-08-08 00:00:00,2,102,SURESH KUMAR DASH,"BBSR
",12621.36,0.0,12621.36,378.64,0.0,13000.0,0,0.0,0,0.0,0.0,13000.0,3291,,New,0,,,,
2863,101,6,RSL/24-25/153,2024-08-08 00:00:00,2,102,MONICA KHUTIA,"BBSR
",11941.75,0.0,11941.75,358.26,0.0,12300.0,0,0.0,0,0.0,0.0,12300.0,3292,,New,0,,,,
2864,101,6,RSL/24-25/154,2024-08-08 00:00:00,2,102,RAJSHREE PARIDA,"BBSR
",11456.31,0.0,11456.31,343.68,0.0,11800.0,0,0.0,0,0.0,0.0,11800.0,3293,,New,0,,,,
2865,101,6,RSL/24-25/155,2024-08-08 00:00:00,2,102,KRISHNA DAS,"BBSR
",2038.83,0.0,2038.83,61.16,0.01,2099.99,0,0.0,0,0.0,0.0,2100.0,3294,,New,0,,,,
2866,101,6,RSL/24-25/156,2024-08-12 00:00:00,2,102,NIVEDITA BEHERA,,27184.47,0.0,27184.47,815.54,0.0,28000.0,0,0.0,0,0.0,0.0,28000.0,3295,,New,9937712646,,,,
2867,101,6,RSL/24-25/157,2024-08-12 00:00:00,2,102,BAPI SETHY,"BBSR
",148543.69,0.0,148543.69,4456.32,0.0,153000.0,0,0.0,0,0.0,0.0,153000.0,3297,,New,0,,,,
2868,101,6,RSL/24-25/158,2024-08-12 00:00:00,2,102,SANJAY PATTNAIK,"BBSR
",28155.34,0.0,28155.34,844.66,0.0,29000.0,0,0.0,0,0.0,0.0,29000.0,3298,,New,0,,,,
2869,101,6,RSL/24-25/159,2024-08-12 00:00:00,2,102,SUNIL PATRA,"BBSR
",25728.6,0.0,25728.6,771.86,-0.46,26500.46,0,0.0,0,0.0,0.0,26500.0,3299,,New,0,,,,
2870,101,6,RSL/24-25/160,2024-08-14 00:00:00,2,102,SANTOSH BEHERA,"BBSR
",19135.92,0.0,19135.92,574.08,0.0,19710.0,0,0.0,0,0.0,0.0,19710.0,3300,,New,7609875391,,,,
2871,101,6,RSL/24-25/161,2024-08-15 00:00:00,2,102,NEELAM SAHA,"BBSR
",19417.48,0.0,19417.48,582.52,0.0,20000.0,0,0.0,0,0.0,0.0,20000.0,3301,,New,0,,,,
2872,101,6,RSL/24-25/162,2024-08-16 00:00:00,2,102,MUKESH JHA,"BBSR
",4854.37,0.0,4854.37,145.64,0.0,5000.0,0,0.0,0,0.0,0.0,5000.0,3302,,New,0,,,,
2873,101,6,RSL/24-25/163,2024-08-16 00:00:00,2,102,UMESH SINGH,"BBSR
",56407.77,0.0,56407.77,1692.24,0.0,58100.0,0,0.0,0,0.0,0.0,58100.0,3303,,New,0,,,,
2874,101,6,RSL/24-25/164,2024-08-17 00:00:00,2,102,KETAN DASH,"BBSR
",22503.0,78.0,22503.0,675.1,-0.09,23178.09,0,0.0,0,0.0,0.0,23100.0,3304,Enter Additional Information,New,0,,,,
2875,101,6,RSL/24-25/165,2024-08-18 00:00:00,2,102,SANTOSH BEHERA,"BBSR
",26601.94,0.0,26601.94,798.06,0.0,27400.0,0,0.0,0,0.0,0.0,27400.0,3305,,New,7609875391,,,,
2876,101,6,RSL/24-25/166,2024-08-20 00:00:00,2,102,UMESH SINGH,"BBSR
",23592.23,0.0,23592.23,707.76,0.0,24300.0,0,0.0,0,0.0,0.0,24300.0,3306,,New,0,,,,
2877,101,6,RSL/24-25/167,2024-08-21 00:00:00,2,102,UPASANA JENA,"BBSR
",185436.99,0.0,185436.99,5563.1,-0.1,191000.1,0,0.0,0,0.0,0.0,191000.0,3307,,New,0,,,,
2878,101,6,RSL/24-25/168,2024-08-23 00:00:00,2,102,LAXMI PRIYA SETHY,"BBSR
",62135.92,0.0,62135.92,1864.08,0.0,64000.0,0,0.0,0,0.0,0.0,64000.0,3308,,New,0,,,,
2879,101,6,RSL/24-25/169,2024-08-25 00:00:00,2,102,RONAK RANJAN KALIA,"BBSR
",5825.24,0.0,5825.24,174.76,0.0,6000.0,0,0.0,0,0.0,0.0,6000.0,3309,,New,0,,,,
2880,101,6,RSL/24-25/170,2024-08-28 00:00:00,2,102,CHITTARANJAN SAHOO,"BBSR
",147087.38,0.0,147087.38,4412.62,0.0,151500.0,0,0.0,0,0.0,0.0,151500.0,3310,,New,0,,,,
2881,101,6,RSL/24-25/171,2024-08-29 00:00:00,2,102,HANUMANTAV RAO,"BBSR
",32038.83,0.0,32038.83,961.16,0.01,32999.99,0,0.0,0,0.0,0.0,33000.0,3311,,New,0,,,,
2882,101,6,RSL/24-25/172,2024-08-30 00:00:00,2,102,LILI BALA MANGRAJ,"BBSR
",55340.33,0.0,55340.33,1660.2,0.45,57000.55,0,0.0,0,0.0,0.0,57001.0,3313,,Modified,0,,,,
2883,101,6,RSL/24-25/173,2024-08-30 00:00:00,2,102,RONAK RANJAN,"BBSR
",348058.25,0.0,348058.25,10441.74,0.0,358500.0,0,0.0,0,0.0,0.0,358500.0,3314,,New,0,,,1,
2884,101,6,RSL/24-25/174,2024-08-30 00:00:00,2,102,PADMAVATI NAYAK,"BBSR
",11747.57,0.0,11747.57,352.42,0.0,12100.0,0,0.0,0,0.0,0.0,12100.0,3315,,New,0,,,,
2885,101,6,RSL/24-25/175,2024-09-03 00:00:00,2,102,NARAYAN PANDA,"JHARPADA
",54368.93,0.0,54368.93,1631.06,-0.01,56000.01,0,0.0,0,0.0,0.0,56000.0,3317,,Modified,9437251927,,,,
2886,101,6,RSL/24-25/176,2024-09-06 00:00:00,2,102,SRADHANAND PATI,"BBSR
",214271.84,0.0,214271.84,6428.16,0.0,220700.0,0,0.0,0,0.0,0.0,220700.0,3318,,New,0,,,i,
2887,101,6,RSL/24-25/177,2024-09-06 00:00:00,2,102,UMESH SINGH,"BBSR
",3577.67,0.0,3577.67,107.34,0.0,3685.0,0,0.0,0,0.0,0.0,3685.0,3319,,New,0,,,,
2888,101,6,RSL/24-25/178,2024-09-07 00:00:00,2,102,RANI SWAIN,"BBSR
",3106.8,0.0,3106.8,93.2,0.0,3200.0,0,0.0,0,0.0,0.0,3200.0,3320,,New,0,,,,
2889,101,6,RSL/24-25/179,2024-09-11 00:00:00,2,102,SARSWATI BEHERA,"BBSR
",4757.28,0.0,4757.28,142.72,0.0,4900.0,0,0.0,0,0.0,0.0,4900.0,3321,,New,0,,,,
2890,101,6,RSL/24-25/180,2024-09-12 00:00:00,2,102,KETAN MAHAPATRA,"BBSR
",191262.14,0.0,191262.14,5737.86,0.0,197000.0,0,0.0,0,0.0,0.0,197000.0,3322,,New,0,,,,
2891,101,6,RSL/24-25/181,2024-09-12 00:00:00,2,102,DEEPTI MAHAPTRA,"BBSR
",15048.54,0.0,15048.54,451.46,0.0,15500.0,0,0.0,0,0.0,0.0,15500.0,3323,,New,0,,,,
2892,101,6,RSL/24-25/182,2024-09-12 00:00:00,2,102,ROHIT SAHA,"BBSR
",42330.1,0.0,42330.1,1269.9,0.0,43600.0,0,0.0,0,0.0,0.0,43600.0,3324,,New,0,,,,
2893,101,6,RSL/24-25/183,2024-09-12 00:00:00,2,102,SUDHANSU SEKHAR,"BBSR
",21359.22,0.0,21359.22,640.78,0.0,22000.0,0,0.0,0,0.0,0.0,22000.0,3325,,New,0,,,,
2894,101,6,RSL/24-25/184,2024-09-13 00:00:00,2,102,BANDITA MOHANTY,BBSR,37378.64,0.0,37378.64,1121.36,0.0,38500.0,0,0.0,0,0.0,0.0,38500.0,9341,,Modified,0,,,,
2895,101,6,RSL/24-25/185,2024-09-14 00:00:00,2,102,CHITTA RANJAN SAHOO,"BBSR
",22233.01,0.0,22233.01,667.0,0.0,22900.0,0,0.0,0,0.0,0.0,22900.0,3327,,New,0,,,,
2896,101,6,RSL/24-25/186,2024-09-14 00:00:00,2,102,KAVITA PANDA,"BBSR
",62135.92,0.0,62135.92,1864.08,0.0,64000.0,0,0.0,0,0.0,0.0,64000.0,3328,,New,0,,,,
2897,101,6,RSL/24-25/187,2024-09-15 00:00:00,2,102,PRAVEEN DAS,"BBSR
",18446.6,0.0,18446.6,553.4,0.0,19000.0,0,0.0,0,0.0,0.0,19000.0,3329,,New,0,,,,
2898,101,6,RSL/24-25/188,2024-09-18 00:00:00,2,102,JAYRAM,"BBSR
",6893.2,0.0,6893.2,206.8,0.0,7100.0,0,0.0,0,0.0,0.0,7100.0,3330,,New,0,,,,
2899,101,6,RSL/24-25/189,2024-09-18 00:00:00,2,102,BIJAY JENA,"BBSR
",3398.06,0.0,3398.06,101.94,0.0,3500.0,0,0.0,0,0.0,0.0,3500.0,3331,,New,0,,,,
2900,101,6,RSL/24-25/190,2024-09-19 00:00:00,2,102,HANUMANTAV GOVIND,"BBSR
",71359.22,0.0,71359.22,2140.78,0.0,73500.0,0,0.0,0,0.0,0.0,73500.0,3332,,New,0,,,,
2901,101,6,RSL/24-25/191,2024-09-20 00:00:00,2,102,ITISHREE DASH,"BBSR
",242718.45,0.0,242718.45,7281.56,0.0,250000.0,0,0.0,0,0.0,0.0,250000.0,3333,,New,0,,,APCPD6800J,
2902,101,6,RSL/24-25/192,2024-09-20 00:00:00,2,102,SHANTI PRIYA GARABADU,"BBSR
",71844.34,0.0,71844.34,2155.34,0.33,73999.67,0,0.0,0,0.0,0.0,74000.0,3334,,New,0,,,,
2903,101,6,RSL/24-25/193,2024-09-21 00:00:00,2,102,SAI BHUSAN SAHOO,"BBSR
",1048.54,0.0,1048.54,31.46,0.0,1080.0,0,0.0,0,0.0,0.0,1080.0,3335,,New,0,,,,
2904,101,6,RSL/24-25/194,2024-09-22 00:00:00,2,102,PRIYANKA JENA,"BBSR
",38737.86,0.0,38737.86,1162.14,0.0,39900.0,0,0.0,0,0.0,0.0,39900.0,3336,,New,0,,,,
3888,101,6,RSL/24-25/195,2024-09-27 00:00:00,2,102,SASMITA BEHERA,"BBSR
",89320.39,0.0,89320.39,2679.62,0.0,92000.0,0,0.0,0,0.0,0.0,92000.0,4320,,New,0,,,,
3889,101,6,RSL/24-25/196,2024-09-27 00:00:00,2,102,SUMAN PRUSTY,"BBSR
",86893.21,0.0,86893.21,2606.8,0.0,89500.0,0,0.0,0,0.0,0.0,89500.0,4321,,New,0,,,,
3890,101,6,RSL/24-25/197,2024-09-27 00:00:00,2,102,JIBITA,"BBSR
",32038.48,0.0,32038.48,961.16,0.36,32999.64,0,0.0,0,0.0,0.0,33000.0,4322,,New,0,,,,
4888,101,6,RSL/24-25/198,2024-09-28 00:00:00,2,102,BISWAJIT MAHAPTRA,"BBSR
",59223.72,0.0,59223.72,1776.72,-0.43,61000.43,0,0.0,0,0.0,0.0,61000.0,5320,,New,0,,,,
4889,101,6,RSL/24-25/199,2024-09-28 00:00:00,2,102,DEEPAK BEHERA,"BBSR
",23300.97,0.0,23300.97,699.02,0.0,24000.0,0,0.0,0,0.0,0.0,24000.0,5321,,New,0,,,,
4890,101,6,RSL/24-25/200,2024-09-29 00:00:00,2,102,SASMITA BEHERA,"BBSR
",10679.61,0.0,10679.61,320.38,0.0,11000.0,0,0.0,0,0.0,0.0,11000.0,5323,,Modified,0,,,,
4891,101,6,RSL/24-25/201,2024-09-29 00:00:00,2,102,SASMITA BEHERA,"BBSR
",196116.5,0.0,196116.5,5883.5,0.0,202000.0,0,0.0,0,0.0,0.0,202000.0,48392,,Modified,0,,,DNLPPB3375N,
4892,101,6,RSL/24-25/202,2024-09-30 00:00:00,2,102,SASMITA BEHERA,"BBSR
",81553.4,0.0,81553.4,2446.6,0.0,84000.0,0,0.0,0,0.0,0.0,84000.0,5325,,New,0,,,,
5888,101,6,RSL/24-25/203,2024-10-01 00:00:00,2,102,SUCHISMITA SAHOO,"BALASORE
",10773.0,396.19,10773.0,323.2,0.0,11096.19,0,0.0,0,0.0,0.0,10700.0,6320,Enter Additional Information,New,8847883891,,,,
6888,101,6,RSL/24-25/204,2024-10-02 00:00:00,2,102,LINGRAJ NAYAK,"BBSR
",4174.76,0.0,4174.76,125.24,0.0,4300.0,0,0.0,0,0.0,0.0,4300.0,7320,,New,0,,,,
6889,101,6,RSL/24-25/205,2024-10-03 00:00:00,2,102,DEBASISI MOHANTY,"BBSR
",22330.1,0.0,22330.1,669.9,0.0,23000.0,0,0.0,0,0.0,0.0,23000.0,7321,,New,0,,,,
6890,101,6,RSL/24-25/206,2024-10-04 00:00:00,2,102,SASMITA BEHERA,"BBSR
",24563.11,0.0,24563.11,736.9,0.0,25300.0,0,0.0,0,0.0,0.0,25300.0,7322,,New,0,,,,
7888,101,6,RSL/24-25/207,2024-10-06 00:00:00,2,102,RAJAT KUMAR SWAIN,"BBSR
",1456.31,0.0,1456.31,43.68,0.0,1500.0,0,0.0,0,0.0,0.0,1500.0,8320,,New,0,,,,
8888,101,6,RSL/24-25/208,2024-10-06 00:00:00,2,102,DEBASIS MOHANTY,"BBSR
",119902.91,0.0,119902.91,3597.08,0.0,123500.0,0,0.0,0,0.0,0.0,123500.0,9320,,New,0,,,,
8889,101,6,RSL/24-25/209,2024-10-06 00:00:00,2,102,NIRRAJ PANDEY,"BBSR
",10679.61,0.0,10679.61,320.38,0.0,11000.0,0,0.0,0,0.0,0.0,11000.0,9321,,New,0,,,,
8890,101,6,RSL/24-25/210,2024-10-07 00:00:00,2,102,ABHISEK MAHAPATRA,"BBSR
",8543.69,0.0,8543.69,256.32,0.0,8800.0,0,0.0,0,0.0,0.0,8800.0,9322,,New,0,,,,
8891,101,6,RSL/24-25/211,2024-10-07 00:00:00,2,102,ABHILASH BHUYAN,"BBSR
",71844.66,0.0,71844.66,2155.34,0.0,74000.0,0,0.0,0,0.0,0.0,74000.0,9323,,New,0,,,,
8892,101,6,RSL/24-25/212,2024-10-07 00:00:00,2,102,ABHILAS BHUYAN,"BBSR
",8252.43,0.0,8252.43,247.58,0.0,8500.0,0,0.0,0,0.0,0.0,8500.0,9324,,New,0,,,,
8893,101,6,RSL/24-25/213,2024-10-08 00:00:00,2,102,DIBYA RANJAN,"BBSR
",14563.11,0.0,14563.11,436.9,0.0,15000.0,0,0.0,0,0.0,0.0,15000.0,9325,,New,0,,,,
8894,101,6,RSL/24-25/214,2024-10-09 00:00:00,2,102,S DEONIL,"BBSR
",1262.14,0.0,1262.14,37.86,0.0,1300.0,0,0.0,0,0.0,0.0,1300.0,9326,,New,0,,,,
8895,101,6,RSL/24-25/215,2024-10-10 00:00:00,2,102,NABAGHAN PARIDA,"BBSR
",269902.62,0.0,269902.62,8097.08,0.31,277999.69,0,0.0,0,0.0,0.0,278000.0,9329,,Modified,0,,21AFZPP0844F3Z9,A,
8896,101,6,RSL/24-25/216,2024-10-10 00:00:00,2,102,SURAJ SAHA,"BBSR
",98544.03,0.0,98544.03,2956.32,-0.35,101500.35,0,0.0,0,0.0,0.0,101500.0,9328,,New,0,,,,
8897,101,6,RSL/24-25/217,2024-10-12 00:00:00,2,102,SHARMISTHA SWAIN,"BBSR
",2233.01,0.0,2233.01,67.0,0.0,2300.0,0,0.0,0,0.0,0.0,2300.0,9330,,New,0,,,,
8898,101,6,RSL/24-25/218,2024-10-16 00:00:00,2,102,PRITISH GHOSH,"BBSR
",582.52,0.0,582.52,17.48,0.0,600.0,0,0.0,0,0.0,0.0,600.0,9331,,New,0,,,,
8899,101,6,RSL/24-25/219,2024-10-16 00:00:00,2,102,SACHIN KUMAR,"BBSR
",52815.53,0.0,52815.53,1584.46,0.0,54400.0,0,0.0,0,0.0,0.0,54400.0,9332,,New,0,,,,
8900,101,6,RSL/24-25/220,2024-10-17 00:00:00,2,102,BISWAJIT PADHAN,"BBSR
",1067.96,0.0,1067.96,32.04,0.0,1100.0,0,0.0,0,0.0,0.0,1100.0,9333,,New,0,,,,
8901,101,6,RSL/24-25/221,2024-10-18 00:00:00,2,102,RUPAK SAHOO,"BBSR
",16796.12,0.0,16796.12,503.88,0.0,17300.0,0,0.0,0,0.0,0.0,17300.0,9334,,New,0,,,,
8902,101,6,RSL/24-25/222,2024-10-18 00:00:00,2,102,ANJANA SWAIN,"BBSR
",6310.68,0.0,6310.68,189.32,0.0,6500.0,0,0.0,0,0.0,0.0,6500.0,9335,,New,0,,,,
8903,101,6,RSL/24-25/223,2024-10-18 00:00:00,2,102,SANTOSH DAS,"BBSR
",112815.53,0.0,112815.53,3384.46,0.0,116200.0,0,0.0,0,0.0,0.0,116200.0,9336,,New,0,,,,
8904,101,6,RSL/24-25/224,2024-10-20 00:00:00,2,102,SUBASH AGARWAL,"BBSR
",220389.2,0.0,220389.2,6611.68,0.11,227000.89,0,0.0,0,0.0,0.0,227001.0,9337,,New,0,,,1,
8905,101,6,RSL/24-25/225,2024-10-20 00:00:00,2,102,NAROTTAM DAS ,BBSR,70873.79,0.0,70873.79,2126.22,-0.01,73000.01,0,0.0,0,0.0,0.0,73000.0,9339,,Modified,0,,,,
8906,101,6,RSL/24-25/226,2024-10-21 00:00:00,2,102,SANGRAM MOHANTY,"BBSR
",26698.74,0.0,26698.74,800.96,0.3,27499.7,0,0.0,0,0.0,0.0,27500.0,9340,,New,0,,,,
8907,101,6,RSL/24-25/227,2024-10-21 00:00:00,2,102,ANJANA PATRA,"BBSR
",7087.38,0.0,7087.38,212.62,0.0,7300.0,0,0.0,0,0.0,0.0,7300.0,9342,,New,0,,,,
9897,101,6,RSL/24-25/228,2024-10-22 00:00:00,2,102,ACHYUTA PANIGRAHI,"BBSR
",89514.56,0.0,89514.56,2685.44,0.0,92200.0,0,0.0,0,0.0,0.0,92200.0,10330,,New,0,,,,
10897,101,6,RSL/24-25/229,2024-10-29 00:00:00,2,102,S.K.DAS,"BBSR
",679.61,0.0,679.61,20.38,0.0,700.0,0,0.0,0,0.0,0.0,700.0,11330,,New,0,,,,
10898,101,6,RSL/24-25/230,2024-10-29 00:00:00,2,102,AVIJIT PATTNAIK,"BBSR
",53932.04,0.0,53932.04,1617.96,0.0,55550.0,0,0.0,0,0.0,0.0,55550.0,11331,,New,0,,,,
10899,101,6,RSL/24-25/231,2024-10-29 00:00:00,2,102,ADITYA DAS,"BBSR
",89514.57,0.0,89514.57,2685.44,0.0,92200.0,0,0.0,0,0.0,0.0,92200.0,11332,,New,0,,,,
10900,101,6,RSL/24-25/232,2024-10-29 00:00:00,2,102,ADITYA DAS,"BBSR
",2718.45,0.0,2718.45,81.56,0.0,2800.0,0,0.0,0,0.0,0.0,2800.0,11333,,New,0,,,,
10901,101,6,RSL/24-25/233,2024-10-29 00:00:00,2,102,CHANDA RAY,"BBSR
",19417.48,0.0,19417.48,582.52,0.0,20000.0,0,0.0,0,0.0,0.0,20000.0,11334,,New,0,,,,
10902,101,6,RSL/24-25/234,2024-10-29 00:00:00,2,102,SURAVI KUSUM,"BBSR
",25242.26,0.0,25242.26,757.26,0.47,25999.53,0,0.0,0,0.0,0.0,26000.0,11335,,New,0,,,,
10903,101,6,RSL/24-25/235,2024-10-29 00:00:00,2,102,SANJAY ROUT,"BBSR
",10773.0,6.0,10773.0,323.2,-0.19,11096.19,0,0.0,0,0.0,0.0,11090.0,11336,,New,0,,,,
10904,101,6,RSL/24-25/236,2024-10-29 00:00:00,5,102,SANJAY KUMAR CHOWDARY,"BBSR
",101941.75,0.0,101941.75,3058.26,0.0,105000.0,0,0.0,0,0.0,0.0,105000.0,11337,,New,0,,,,
10905,101,6,RSL/24-25/237,2024-10-29 00:00:00,2,102,SUMITRA SAHOO,"BBSR
",19902.92,0.0,19902.92,597.08,0.0,20500.0,0,0.0,0,0.0,0.0,20500.0,11338,,New,0,,,,
10906,101,6,RSL/24-25/238,2024-10-29 00:00:00,2,102,CHITTARANJAN SAHOO,"BBSR
",37378.64,0.0,37378.64,1121.36,0.0,38500.0,0,0.0,0,0.0,0.0,38500.0,11339,,New,0,,,,
10907,101,6,RSL/24-25/239,2024-10-29 00:00:00,2,102,DUKHISHYAM MARTHA ,"BBSR
",95145.56,0.0,95145.56,2854.36,0.08,97999.92,0,0.0,0,0.0,0.0,98000.0,11340,,New,9853330333,,,,
10908,101,6,RSL/24-25/240,2024-10-29 00:00:00,2,102,AMBIKA ACHARYA,"BBSR
",33980.58,0.0,33980.58,1019.42,0.0,35000.0,0,0.0,0,0.0,0.0,35000.0,11341,,New,0,,,,
10909,101,6,RSL/24-25/241,2024-10-29 00:00:00,2,102,SABITA MOHANTY,"BBSR
",60194.18,0.0,60194.18,1805.82,0.0,62000.0,0,0.0,0,0.0,0.0,62000.0,11342,,New,0,,,,
10910,101,6,RSL/24-25/242,2024-10-29 00:00:00,2,102,SWAPNA RANI,"BBSR
",14854.37,0.0,14854.37,445.64,0.0,15300.0,0,0.0,0,0.0,0.0,15300.0,11343,,New,0,,,,
10911,101,6,RSL/24-25/243,2024-10-29 00:00:00,2,102,TANU JENA,"BBSR
",21791.26,0.0,21791.26,653.74,0.0,22445.0,0,0.0,0,0.0,0.0,22445.0,11344,,New,0,,,,
10912,101,6,RSL/24-25/244,2024-10-29 00:00:00,2,102,SANGRAM DAS,"BBSR
",124271.84,0.0,124271.84,3728.16,0.0,128000.0,0,0.0,0,0.0,0.0,128000.0,11345,,New,0,,,,
10913,101,6,RSL/24-25/245,2024-10-29 00:00:00,2,102,SUBHAJIT HALDAR,"BBSR
",13106.8,0.0,13106.8,393.2,0.0,13500.0,0,0.0,0,0.0,0.0,13500.0,11346,,New,0,,,,
10914,101,6,RSL/24-25/246,2024-10-29 00:00:00,2,102,USHA PATEL,"BBSR
",8252.43,0.0,8252.43,247.58,0.0,8500.0,0,0.0,0,0.0,0.0,8500.0,11347,,New,0,,,,
10915,101,6,RSL/24-25/247,2024-10-29 00:00:00,2,102,YASHWANT ACHARYA,"BBSR
",3883.5,0.0,3883.5,116.5,-0.01,4000.01,0,0.0,0,0.0,0.0,4000.0,11348,,New,0,,,,
10916,101,6,RSL/24-25/248,2024-10-29 00:00:00,2,102,RAHUL GUPTA,"BBSR
",2427.18,0.0,2427.18,72.82,0.0,2500.0,0,0.0,0,0.0,0.0,2500.0,11349,,New,0,,,,
10917,101,6,RSL/24-25/249,2024-10-30 00:00:00,2,102,SANTOSH KUMAR PATTNAIK,"BBSR
",168339.84,0.0,168339.84,5050.2,-0.04,173390.04,0,0.0,0,0.0,0.0,173390.0,11366,,Modified,0,,,,
10918,101,6,RSL/24-25/250,2024-10-30 00:00:00,2,102,SISIR NAYAK,"BBSR
",19320.39,0.0,19320.39,579.62,0.0,19900.0,0,0.0,0,0.0,0.0,19900.0,11351,,New,0,,,,
10919,101,6,RSL/24-25/251,2024-10-30 00:00:00,2,102,LILI DI,"BBSR
",34466.02,0.0,34466.02,1033.98,0.0,35500.0,0,0.0,0,0.0,0.0,35500.0,11352,,New,0,,,,
10920,101,6,RSL/24-25/252,2024-10-30 00:00:00,2,102,BARSHA RANI BHUYAN,"BBSR
",7961.17,0.0,7961.17,238.84,0.0,8200.0,0,0.0,0,0.0,0.0,8200.0,11353,,New,0,,,,
10921,101,6,RSL/24-25/253,2024-10-30 00:00:00,2,102,BARSHA RANI NAYAK,"BBSR
",20388.35,0.0,20388.35,611.66,0.0,21000.0,0,0.0,0,0.0,0.0,21000.0,11354,,New,0,,,,
10922,101,6,RSL/24-25/254,2024-10-30 00:00:00,2,102,BISWAJIT PARIDA,"BSSSR
",34951.46,0.0,34951.46,1048.54,0.0,36000.0,0,0.0,0,0.0,0.0,36000.0,11355,,New,0,,,,
10923,101,6,RSL/24-25/255,2024-10-31 00:00:00,2,102,BARSHA RANI NAYAK,"NNSR
",11165.05,0.0,11165.05,334.96,0.0,11500.0,0,0.0,0,0.0,0.0,11500.0,11356,,New,0,,,,
10924,101,6,RSL/24-25/256,2024-10-31 00:00:00,2,102,SUBHAJIT HALDAR,"BBSR
",4854.37,0.0,4854.37,145.64,-0.01,5000.01,0,0.0,0,0.0,0.0,5000.0,11358,,Modified,0,,,,
10925,101,6,RSL/24-25/257,2024-10-31 00:00:00,2,102,SANDEEP SAHOO,"BBSR

",9611.65,0.0,9611.65,288.34,0.0,9900.0,0,0.0,0,0.0,0.0,9900.0,11359,,New,0,,,,
10926,101,6,RSL/24-25/258,2024-10-31 00:00:00,2,102,SUMATI.BEHERA,BBSR,107281.55,0.0,107281.55,3218.44,0.01,110499.99,0,0.0,0,0.0,0.0,110500.0,11373,,Modified,0,,21BSYB8602G1ZS,,
10927,101,6,RSL/24-25/259,2024-10-31 00:00:00,2,102,PRADOSH PATTNAIK,"
BOMIKHAL
",176310.98,0.0,176310.98,5289.32,-0.32,181600.32,0,0.0,0,0.0,0.0,181600.0,11362,,Modified,9337103745,,,,
10928,101,6,RSL/24-25/260,2024-10-31 00:00:00,2,102,SACHIN KUMAR,"BBSR

BBSR
",24805.83,0.0,24805.83,744.18,-0.01,25550.01,0,0.0,0,0.0,0.0,25550.0,11364,,Modified,0,,,,
10929,101,6,RSL/24-25/261,2024-10-31 00:00:00,2,102,SUMAN PRUSTY,"BBSR
",83592.23,0.0,83592.23,2507.76,0.0,86100.0,0,0.0,0,0.0,0.0,86100.0,11365,,New,0,,,,
10930,101,6,RSL/24-25/262,2024-11-05 00:00:00,2,102,RAKHI DAS,"BBSR
",8640.78,0.0,8640.78,259.22,0.0,8900.0,0,0.0,0,0.0,0.0,8900.0,11367,,New,0,,,,
10931,101,6,RSL/24-25/263,2024-11-06 00:00:00,2,102,BARSHA RANI ,"BBSR
",45242.72,0.0,45242.72,1357.28,0.0,46600.0,0,0.0,0,0.0,0.0,46600.0,11368,,New,0,,,,
10932,101,6,RSL/24-25/264,2024-11-06 00:00:00,2,102,MD KHAN,"BBSR
",2912.62,0.0,2912.62,87.38,0.0,3000.0,0,0.0,0,0.0,0.0,3000.0,11369,,New,0,,,,
10933,101,6,RSL/24-25/265,2024-11-06 00:00:00,2,102,CHANDAN BEHERA,"BBSR
",3980.58,0.0,3980.58,119.42,0.0,4100.0,0,0.0,0,0.0,0.0,4100.0,11370,,New,0,,,,
10934,101,6,RSL/24-25/266,2024-11-06 00:00:00,2,102,MD IQBAL ALAM,"BBSR
",180679.61,100.0,180679.61,5420.38,0.0,186100.0,0,0.0,0,0.0,0.0,186000.0,11371,Enter Additional Information,New,9861470404,,,,
11897,101,6,RSL/24-25/267,2024-11-09 00:00:00,2,102,PRADIP NANDA,"BBSR
",66504.85,0.0,66504.85,1995.14,0.0,68500.0,0,0.0,0,0.0,0.0,68500.0,12330,,New,0,,,,
11898,101,6,RSL/24-25/268,2024-11-10 00:00:00,2,102,SAROJ KUMAR SETHI,"BBSR
",20388.35,0.0,20388.35,611.66,0.0,21000.0,0,0.0,0,0.0,0.0,21000.0,12331,,New,0,,,,
11899,101,6,RSL/24-25/269,2024-11-10 00:00:00,2,102,AKSHAY SAHOO,"BBSR
",8252.43,0.0,8252.43,247.58,0.0,8500.0,0,0.0,0,0.0,0.0,8500.0,12332,,New,0,,,,
11900,101,6,RSL/24-25/270,2024-11-10 00:00:00,2,102,SUNIL MANGRAJ,"BBSR
",24271.84,0.0,24271.84,728.16,0.0,25000.0,0,0.0,0,0.0,0.0,25000.0,12333,,New,0,,,,
11901,101,6,RSL/24-25/271,2024-11-10 00:00:00,2,102,SANDEEP KUMAR SAHOO,"BBSR
",30873.79,0.0,30873.79,926.22,0.0,31800.0,0,0.0,0,0.0,0.0,31800.0,12334,,New,0,,,,
11902,101,6,RSL/24-25/272,2024-11-11 00:00:00,2,102,SULTANA BEGUM,"BBSR
",71844.66,0.0,71844.66,2155.34,0.0,74000.0,0,0.0,0,0.0,0.0,74000.0,12335,,New,0,,,,
11903,101,6,RSL/24-25/273,2024-11-15 00:00:00,2,102,BASANTI MAHAPATRA,"BBSR
",92912.53,200.0,92912.53,2787.38,0.1,95699.9,0,0.0,0,0.0,0.0,95500.0,12336,Enter Additional Information,New,0,,,,
11904,101,6,RSL/24-25/274,2024-11-15 00:00:00,2,102,SUCHITRA DAS,"BBSR
",37864.08,0.0,37864.08,1135.92,0.0,39000.0,0,0.0,0,0.0,0.0,39000.0,12337,,New,0,,,,
11905,101,6,RSL/24-25/275,2024-11-15 00:00:00,2,102,NEELAM SAHA,"BBSR
",78640.78,0.0,78640.78,2359.22,0.0,81000.0,0,0.0,0,0.0,0.0,81000.0,12338,,New,0,,,,
11906,101,6,RSL/24-25/276,2024-11-15 00:00:00,2,102,SAILESH CHOUBEY,"BBSR
",53398.06,0.0,53398.06,1601.94,0.0,55000.0,0,0.0,0,0.0,0.0,55000.0,12339,,New,0,,,,
11907,101,6,RSL/24-25/277,2024-11-16 00:00:00,2,102,HARIHAR PATRA,"BBSR
",100485.52,0.0,100485.52,3014.56,-0.08,103500.08,0,0.0,0,0.0,0.0,103500.0,12340,,New,0,,,,
11908,101,6,RSL/24-25/278,2024-11-16 00:00:00,2,102,SUMAN PRUSTY,"BBSR
",24271.84,0.0,24271.84,728.16,0.0,25000.0,0,0.0,0,0.0,0.0,25000.0,12341,,New,0,,,,
11909,101,6,RSL/24-25/279,2024-11-16 00:00:00,2,102,PRANATI DASH,"BBSR
",72815.15,0.0,72815.15,2184.46,0.39,74999.61,0,0.0,0,0.0,0.0,75000.0,12342,,New,0,,,,
11910,101,6,RSL/24-25/280,2024-11-17 00:00:00,2,102,SAMSUNDAR PATTNAIK,"BBSR
",12718.45,0.0,12718.45,381.56,0.0,13100.0,0,0.0,0,0.0,0.0,13100.0,12343,,New,0,,,,
11911,101,6,RSL/24-25/281,2024-11-17 00:00:00,2,102,SUDIPTA PATTNAIK,"BBSR
",13009.71,0.0,13009.71,390.3,0.0,13400.0,0,0.0,0,0.0,0.0,13400.0,12344,,New,0,,,,
11912,101,6,RSL/24-25/282,2024-11-17 00:00:00,2,102,KABINDRA KUMAR NAYAK,"BBSR
",8252.43,0.0,8252.43,247.58,0.0,8500.0,0,0.0,0,0.0,0.0,8500.0,12345,,New,0,,,,
11913,101,6,RSL/24-25/283,2024-11-17 00:00:00,2,102,KABINDRA KUMAR NAYAK,"BBSR
",1262.14,0.0,1262.14,37.86,0.0,1300.0,0,0.0,0,0.0,0.0,1300.0,12346,,New,0,,,,
11914,101,6,RSL/24-25/284,2024-11-17 00:00:00,2,102,KABINDRA KUMAR NAYAK,"BBSR
",1456.31,0.0,1456.31,43.68,0.0,1500.0,0,0.0,0,0.0,0.0,1500.0,12347,,New,0,,,,
11915,101,6,RSL/24-25/285,2024-11-18 00:00:00,2,102,RB SWAIN,"BBSR
",3883.5,0.0,3883.5,116.5,-0.01,4000.01,0,0.0,0,0.0,0.0,4000.0,12348,,New,0,,,,
11916,101,6,RSL/24-25/286,2024-11-18 00:00:00,2,102,DEWA SHANKAR TRIPATHY,"BBSR
",87087.74,0.0,87087.74,2612.64,-0.38,89700.38,0,0.0,0,0.0,0.0,89700.0,12349,,New,0,,,,
11917,101,6,RSL/24-25/287,2024-11-19 00:00:00,2,102,KAPIL DAS,"BBSR
",3398.06,0.0,3398.06,101.94,0.0,3500.0,0,0.0,0,0.0,0.0,3500.0,12350,,New,0,,,,
11918,101,6,RSL/24-25/288,2024-11-19 00:00:00,2,102,RAKESH PANDA,"BBSR
",1262.14,0.0,1262.14,37.86,0.0,1300.0,0,0.0,0,0.0,0.0,1300.0,12351,,New,0,,,,
11919,101,6,RSL/24-25/289,2024-11-20 00:00:00,2,102,SANSKAR BISWAL,"BBSR
",20000.0,0.0,20000.0,600.0,0.0,20600.0,0,0.0,0,0.0,0.0,20600.0,12352,,New,0,,,,
12915,101,6,RSL/24-25/290,2024-11-21 00:00:00,2,102,SURAJ SAHOO,"BBSR
",41262.13,0.0,41262.13,1237.86,0.0,42500.0,0,0.0,0,0.0,0.0,42500.0,13348,,New,0,,,,
12916,101,6,RSL/24-25/291,2024-11-21 00:00:00,2,102,SURAJ SAHOO,"BBSR
",13592.23,0.0,13592.23,407.76,0.0,14000.0,0,0.0,0,0.0,0.0,14000.0,13349,,New,0,,,,
13915,101,6,RSL/24-25/292,2024-11-22 00:00:00,2,102,SANTOSH BEHERA,"BBSR
",38291.26,0.0,38291.26,1148.74,0.0,39440.0,0,0.0,0,0.0,0.0,39440.0,14348,,New,7609875391,,,,
13916,101,6,RSL/24-25/293,2024-11-23 00:00:00,2,102,BISWAJIT DASH,"BBSR
",18252.43,0.0,18252.43,547.58,0.0,18800.0,0,0.0,0,0.0,0.0,18800.0,14349,,New,0,,,,
13917,101,6,RSL/24-25/294,2024-11-23 00:00:00,2,102,KOMAL SAHA,"BBSR
",1165.05,0.0,1165.05,34.96,0.0,1200.0,0,0.0,0,0.0,0.0,1200.0,14350,,New,0,,,,
13918,101,6,RSL/24-25/295,2024-11-23 00:00:00,2,102,KETAN DAS,"BBSR
",53398.06,0.0,53398.06,1601.94,0.0,55000.0,0,0.0,0,0.0,0.0,55000.0,14351,,New,0,,,,
13919,101,6,RSL/24-25/296,2024-11-24 00:00:00,2,102,ABHI DAS,"BBSR

",8737.86,0.0,8737.86,262.14,0.0,9000.0,0,0.0,0,0.0,0.0,9000.0,14352,,New,0,,,,
13920,101,6,RSL/24-25/297,2024-11-24 00:00:00,2,102,SAMBIT BISWAL,"BBSR
",30292.05,0.0,30292.05,908.76,0.19,31200.81,0,0.0,0,0.0,0.0,31201.0,14353,,New,0,,,,
13921,101,6,RSL/24-25/298,2024-11-24 00:00:00,2,102,DEEPAK BEHERA,"BBSR
",2116.5,0.0,2116.5,63.5,0.0,2180.0,0,0.0,0,0.0,0.0,2180.0,14354,,New,0,,,,
13922,101,6,RSL/24-25/299,2024-11-24 00:00:00,2,102,MAITRI MISHRA,"BBSR
",104094.3,217.0,104094.3,3122.82,-0.14,107217.14,0,0.0,0,0.0,0.0,107000.0,14355,Enter Additional Information,New,0,,,,
13923,101,6,RSL/24-25/300,2024-11-25 00:00:00,2,102,DIBAKARE JENA,"BBSR
",24738.0,780.0,24738.0,742.14,-0.14,25480.14,0,0.0,0,0.0,0.0,24700.0,14356,,New,0,,,,
13924,101,6,RSL/24-25/301,2024-11-25 00:00:00,2,102,NICOLIN PRADHAN,"BBSR
",2912.62,0.0,2912.62,87.38,0.0,3000.0,0,0.0,0,0.0,0.0,3000.0,14357,,New,0,,,,
14915,101,6,RSL/24-25/302,2024-11-26 00:00:00,2,102,ROSHAN SAHU,"BBSR
",1669.9,0.0,1669.9,50.1,0.0,1720.0,0,0.0,0,0.0,0.0,1720.0,15348,,New,0,,,,
14916,101,6,RSL/24-25/303,2024-11-27 00:00:00,2,102,DINESH SWAIN,"BBSR
",17487.0,12.0,17487.0,524.62,0.39,18011.61,0,0.0,0,0.0,0.0,18000.0,15349,Enter Additional Information,New,0,,,,
14917,101,6,RSL/24-25/304,2024-11-27 00:00:00,2,102,MAITRI MISHRA,"BBSR
",12621.36,0.0,12621.36,378.64,0.0,13000.0,0,0.0,0,0.0,0.0,13000.0,15350,,New,0,,,,
14918,101,6,RSL/24-25/305,2024-11-27 00:00:00,2,102,TARUN DAS,"BBSR
",1359.22,0.0,1359.22,40.78,0.0,1400.0,0,0.0,0,0.0,0.0,1400.0,15351,,New,0,,,,
14919,101,6,RSL/24-25/306,2024-11-28 00:00:00,2,102,KOMAL SAHA,"BBSR
",17961.17,0.0,17961.17,538.84,-0.01,18500.01,0,0.0,0,0.0,0.0,18500.0,15352,,New,0,,,,
14920,101,6,RSL/24-25/307,2024-11-29 00:00:00,2,102,GANESH DASH,"BBSR
",19708.74,0.0,19708.74,591.26,0.0,20300.0,0,0.0,0,0.0,0.0,20300.0,15353,,New,0,,,,
14921,101,6,RSL/24-25/308,2024-11-30 00:00:00,2,102,SMRUTI NAYAK,"BBSR
",5825.24,0.0,5825.24,174.76,0.0,6000.0,0,0.0,0,0.0,0.0,6000.0,15354,,New,0,,,,
14922,101,6,RSL/24-25/309,2024-12-01 00:00:00,2,102,SARTAZ ALI,"BBSR
",9320.39,0.0,9320.39,279.62,0.0,9600.0,0,0.0,0,0.0,0.0,9600.0,15355,,New,0,,,,
14923,101,6,RSL/24-25/310,2024-12-02 00:00:00,2,102,DEEPAK PANI,"BBSR

",18446.6,0.0,18446.6,553.4,0.0,19000.0,0,0.0,0,0.0,0.0,19000.0,15356,,New,0,,,,
14924,101,6,RSL/24-25/311,2024-12-02 00:00:00,2,102,LITU SHARMA,"BBSR
",776.7,0.0,776.7,23.3,0.0,800.0,0,0.0,0,0.0,0.0,800.0,15357,,New,0,,,,
14925,101,6,RSL/24-25/312,2024-12-03 00:00:00,2,102,MD IQBAL ALAM,"BBSR
",72621.36,0.0,72621.36,2178.64,0.0,74800.0,0,0.0,0,0.0,0.0,74800.0,15358,,New,9861470404,,,,
14926,101,6,RSL/24-25/313,2024-12-04 00:00:00,2,102,RASMI SWAIN,"BBSR
",11067.96,0.0,11067.96,332.04,0.0,11400.0,0,0.0,0,0.0,0.0,11400.0,15359,,New,0,,,,
14927,101,6,RSL/24-25/314,2024-12-06 00:00:00,2,102,M.R.PATTNAIK,"BBSR
",1650.49,0.0,1650.49,49.52,0.0,1700.0,0,0.0,0,0.0,0.0,1700.0,15360,,New,0,,,,
14928,101,6,RSL/24-25/315,2024-12-07 00:00:00,2,102,DIBAKAR SWAIN,"BBSR
",25825.24,0.0,25825.24,774.76,0.0,26600.0,0,0.0,0,0.0,0.0,26600.0,15361,,New,0,,,,
14929,101,6,RSL/24-25/316,2024-12-08 00:00:00,2,102,UMESH SINGH,"BBBSR
",35631.07,0.0,35631.07,1068.94,0.0,36700.0,0,0.0,0,0.0,0.0,36700.0,15362,,New,0,,,,
14930,101,6,RSL/24-25/317,2024-12-08 00:00:00,2,102,MAITRI MISHRA,"BBSR
",17475.73,0.0,17475.73,524.28,0.0,18000.0,0,0.0,0,0.0,0.0,18000.0,15363,,New,0,,,,
14931,101,6,RSL/24-25/318,2024-12-08 00:00:00,2,102,JITENDRA SAHOO,"BBSR
",73883.49,0.0,73883.49,2216.5,0.0,76100.0,0,0.0,0,0.0,0.0,76100.0,15364,,New,0,,,,
14932,101,6,RSL/24-25/319,2024-12-08 00:00:00,2,102,PREMANJALI KAHALSINGH,"BBSR
",4320.39,0.0,4320.39,129.62,0.0,4450.0,0,0.0,0,0.0,0.0,4450.0,15365,,New,0,,,,
14933,101,6,RSL/24-25/320,2024-12-09 00:00:00,2,102,SANGRAM KESHARI,"BBSR
",31067.97,0.0,31067.97,932.04,0.0,32000.0,0,0.0,0,0.0,0.0,32000.0,15366,,New,0,,,,
14934,101,6,RSL/24-25/321,2024-12-11 00:00:00,2,102,UDAY DASH,"BBSR
",10873.79,0.0,10873.79,326.22,0.0,11200.0,0,0.0,0,0.0,0.0,11200.0,15367,,New,0,,,,
15915,101,6,RSL/24-25/322,2024-12-11 00:00:00,2,102,MADAN GIRI,"BBSR
",102427.18,0.0,102427.18,3072.82,0.0,105500.0,0,0.0,0,0.0,0.0,105500.0,16348,,New,0,,,,
15916,101,6,RSL/24-25/323,2024-12-12 00:00:00,2,102,MAITRI MISHRA,"BBSR
",116408.27,1.0,116408.27,3492.24,0.49,119900.51,0,0.0,0,0.0,0.0,119900.0,16349,,New,0,,,,
15917,101,6,RSL/24-25/324,2024-12-13 00:00:00,2,102,BALMUKUND OANDEY,"BBSR
",104757.31,0.0,104757.31,3142.72,-0.04,107900.04,0,0.0,0,0.0,0.0,107900.0,16350,,New,0,,,,
15918,101,6,RSL/24-25/325,2024-12-15 00:00:00,2,102,CHITTA RANJAN SAHOO,"BBSR
",63786.41,0.0,63786.41,1913.6,0.0,65700.0,0,0.0,0,0.0,0.0,65700.0,16351,,New,0,,,,
15919,101,6,RSL/24-25/326,2024-12-15 00:00:00,2,102,PRIYADARSHINI SWAIN,"BBSR
",51960.0,19.0,51960.0,1558.8,0.2,53518.8,0,0.0,0,0.0,0.0,53500.0,16352,Enter Additional Information,New,0,,,,
15920,101,6,RSL/24-25/327,2024-12-17 00:00:00,2,102,BISNUPRIYA SENAPATI,"BBSR
",9320.39,0.0,9320.39,279.62,0.0,9600.0,0,0.0,0,0.0,0.0,9600.0,16353,,New,0,,,,
15921,101,6,RSL/24-25/328,2024-12-17 00:00:00,2,102,BISNUPRIYA SENAPATI,"BBSR
",20194.17,0.0,20194.17,605.82,0.0,20800.0,0,0.0,0,0.0,0.0,20800.0,16354,,New,0,,,,
15922,101,6,RSL/24-25/329,2024-12-18 00:00:00,2,102,SAMBIT DAS,"BBSR
",20388.35,0.0,20388.35,611.66,0.0,21000.0,0,0.0,0,0.0,0.0,21000.0,16355,,New,0,,,,
15923,101,6,RSL/24-25/330,2024-12-18 00:00:00,2,102,PRIYA BRATA DAS,"BBSR
",8932.04,0.0,8932.04,267.96,0.0,9200.0,0,0.0,0,0.0,0.0,9200.0,16356,,New,0,,,,
15924,101,6,RSL/24-25/331,2024-12-19 00:00:00,2,102,ANSHUMAN MOHAN,"BBSR
",12330.1,0.0,12330.1,369.9,0.0,12700.0,0,0.0,0,0.0,0.0,12700.0,16357,,New,0,,,,
16915,101,6,RSL/24-25/332,2024-12-22 00:00:00,2,102,RITANJALI NANDA,"BBSR
",16310.68,0.0,16310.68,489.32,0.0,16800.0,0,0.0,0,0.0,0.0,16800.0,17348,,New,0,,,,
16916,101,6,RSL/24-25/333,2024-12-22 00:00:00,2,102,MD MIKAEL,"BBSR
",46116.5,0.0,46116.5,1383.5,0.0,47500.0,0,0.0,0,0.0,0.0,47500.0,17349,,New,0,,,,
16917,101,6,RSL/24-25/334,2024-12-22 00:00:00,2,102,GOVINDA PARIDA,"BBSR
",60679.44,0.0,60679.44,1820.38,0.18,62499.82,0,0.0,0,0.0,0.0,62500.0,17350,,New,0,,,,
17915,101,6,RSL/24-25/335,2024-12-22 00:00:00,2,102,DURYODHAN SAHOO,"BBSR
",235922.33,0.0,235922.33,7077.66,0.0,243000.0,0,0.0,0,0.0,0.0,243000.0,18348,,New,0,,,EWSPS8373E,
17916,101,6,RSL/24-25/336,2024-12-23 00:00:00,2,102,BHISMA SEKHAR,"BBSR
",9708.74,0.0,9708.74,291.26,0.0,10000.0,0,0.0,0,0.0,0.0,10000.0,18349,,New,0,,,,
18915,101,6,RSL/24-25/337,2024-12-24 00:00:00,2,102,RANJIT SAHOO,"BBSR
",15825.24,0.0,15825.24,474.76,0.0,16300.0,0,0.0,0,0.0,0.0,16300.0,19348,,New,0,,,,
19915,101,6,RSL/24-25/338,2024-12-25 00:00:00,2,102,ABHINASH NAYAK,"BBSR
",19902.91,0.0,19902.91,597.08,0.0,20500.0,0,0.0,0,0.0,0.0,20500.0,20348,,New,0,,,,
19916,101,6,RSL/24-25/339,2024-12-26 00:00:00,2,102,BISWAJIT SADANGI,"BBSR
",13592.23,0.0,13592.23,407.76,0.0,14000.0,0,0.0,0,0.0,0.0,14000.0,20349,,New,0,,,,
20915,101,6,RSL/24-25/340,2024-12-28 00:00:00,2,102,S.R. ALLI,"BBSR
",44368.93,0.0,44368.93,1331.06,0.0,45700.0,0,0.0,0,0.0,0.0,45700.0,21348,,New,0,,,,
20916,101,6,RSL/24-25/341,2024-12-31 00:00:00,2,102,SOUMYA RANJAN BEHERA,"BBSR
",2524.27,0.0,2524.27,75.72,0.0,2600.0,0,0.0,0,0.0,0.0,2600.0,21349,,New,0,,,,
20917,101,6,RSL/24-25/342,2024-12-31 00:00:00,2,102,SUCHISMITA NAYAK,"BBSR
",183495.15,0.0,183495.15,5504.86,0.0,189000.0,0,0.0,0,0.0,0.0,189000.0,21350,,New,0,,,,
20918,101,6,RSL/24-25/343,2025-01-01 00:00:00,2,102,DEEPAK BEHERA,"BBSR
",3786.41,0.0,3786.41,113.6,0.0,3900.0,0,0.0,0,0.0,0.0,3900.0,21351,,New,0,,,,
20919,101,6,RSL/24-25/344,2025-01-02 00:00:00,2,102,SANTOSHI SAHOO,"BBSR
",33980.59,0.0,33980.59,1019.42,0.0,35000.0,0,0.0,0,0.0,0.0,35000.0,21352,,New,0,,,,
21915,101,6,RSL/24-25/345,2025-01-05 00:00:00,2,102,ROHIT MAHAPATRA,"BBSR
",40873.79,0.0,40873.79,1226.22,0.0,42100.0,0,0.0,0,0.0,0.0,42100.0,22348,,New,0,,,,
21916,101,6,RSL/24-25/346,2025-01-05 00:00:00,2,102,SANTOSHI SAHOO,"BBSR
",24271.0,0.0,24271.0,728.14,-0.13,24999.13,0,0.0,0,0.0,0.0,24999.0,22349,,New,0,,,,
21917,101,6,RSL/24-25/347,2025-01-06 00:00:00,2,102,KANHA DAS,"BBSR
",33786.41,0.0,33786.41,1013.6,0.0,34800.0,0,0.0,0,0.0,0.0,34800.0,22350,,New,0,,,,
21918,101,6,RSL/24-25/348,2025-01-06 00:00:00,2,102,ROHIT MAHAPATRA,"BBSR
",69902.88,0.0,69902.88,2097.08,0.03,71999.97,0,0.0,0,0.0,0.0,72000.0,22351,,New,0,,,,
21919,101,6,RSL/24-25/349,2025-01-07 00:00:00,2,102,UMESH SAHOO,BBSR,73300.05,0.0,73300.05,2199.0,-0.05,75499.05,0,0.0,0,0.0,0.0,75499.0,30365,,Modified,0,,,,
21920,101,6,RSL/24-25/350,2025-01-08 00:00:00,2,102,BIBHU DAS,"BBSR
",2524.27,0.0,2524.27,75.72,0.0,2600.0,0,0.0,0,0.0,0.0,2600.0,22353,,New,0,,,,
21921,101,6,RSL/24-25/351,2025-01-08 00:00:00,2,102,KUSHAL SAHOO,"BBBSR
",2572.82,0.0,2572.82,77.18,0.0,2650.0,0,0.0,0,0.0,0.0,2650.0,22354,,New,0,,,,
21922,101,6,RSL/24-25/352,2025-01-10 00:00:00,2,102,KOMAL SAHA,"BBSR
",3398.06,0.0,3398.06,101.94,0.0,3500.0,0,0.0,0,0.0,0.0,3500.0,22355,,New,0,,,,
21923,101,6,RSL/24-25/353,2025-01-11 00:00:00,2,102,MUHAMAD,"BBSR
",11067.96,0.0,11067.96,332.04,0.0,11400.0,0,0.0,0,0.0,0.0,11400.0,22356,,New,0,,,,
21924,101,6,RSL/24-25/354,2025-01-12 00:00:00,2,102,ANSHUMAN DAS,"BBSR
",47572.82,0.0,47572.82,1427.18,0.0,49000.0,0,0.0,0,0.0,0.0,49000.0,22357,,New,0,,,,
21925,101,6,RSL/24-25/355,2025-01-12 00:00:00,2,102,SUMATI BEHERA,"BBSR
",14563.11,0.0,14563.11,436.9,0.0,15000.0,0,0.0,0,0.0,0.0,15000.0,22358,,New,0,,,,
21926,101,6,RSL/24-25/356,2025-01-13 00:00:00,2,102,BABAJI JENA,"BBSR
",33300.97,0.0,33300.97,999.02,0.0,34300.0,0,0.0,0,0.0,0.0,34300.0,22359,,New,0,,,,
22916,101,6,RSL/24-25/357,2025-01-14 00:00:00,2,102,MANJULATA SAHU,"BBSR
",170873.79,0.0,170873.79,5126.22,0.0,176000.0,0,0.0,0,0.0,0.0,176000.0,23350,,Modified,0,,,,
22917,101,6,RSL/24-25/358,2025-01-14 00:00:00,2,102,MAITRI MISHRA,"BBSR
",46655.72,55.0,46655.72,1399.68,-0.39,48055.39,0,0.0,0,0.0,0.0,48000.0,23351,Enter Additional Information,New,0,,,,
22918,101,6,RSL/24-25/359,2025-01-15 00:00:00,2,102,ADITYA GAJENDRA,"BBSR
",9805.83,0.0,9805.83,294.18,0.0,10100.0,0,0.0,0,0.0,0.0,10100.0,23352,,New,0,,,,
22919,101,6,RSL/24-25/360,2025-01-15 00:00:00,2,102,BRUNDABAN MISHRA,"BBSR
",19417.48,0.0,19417.48,582.52,0.0,20000.0,0,0.0,0,0.0,0.0,20000.0,23353,,New,0,,,,
22920,101,6,RSL/24-25/361,2025-01-15 00:00:00,2,102,PINKUN PARIDA,"BBSR
",20873.79,0.0,20873.79,626.22,0.0,21500.0,0,0.0,0,0.0,0.0,21500.0,23354,,New,0,,,,
22921,101,6,RSL/24-25/362,2025-01-15 00:00:00,2,102,MAITRO MISHRA,"BBSR
",12621.36,0.0,12621.36,378.64,0.0,13000.0,0,0.0,0,0.0,0.0,13000.0,23355,,New,0,,,,
22922,101,6,RSL/24-25/363,2025-01-15 00:00:00,2,102,SURAJ SAHOO,"BBSR
",52427.18,0.0,52427.18,1572.82,0.0,54000.0,0,0.0,0,0.0,0.0,54000.0,23356,,New,0,,,,
22923,101,6,RSL/24-25/364,2025-01-16 00:00:00,2,102,AJIT MAHAPATRA,"BBSR
",14077.67,0.0,14077.67,422.34,0.0,14500.0,0,0.0,0,0.0,0.0,14500.0,23357,,New,0,,,,
22924,101,6,RSL/24-25/365,2025-01-16 00:00:00,2,102,MAITRI MISHRA,"BBSR
",5339.81,0.0,5339.81,160.2,0.0,5500.0,0,0.0,0,0.0,0.0,5500.0,23358,,New,0,,,,
22925,101,6,RSL/24-25/366,2025-01-17 00:00:00,2,102,DINESH DAS,"BBSR
",8009.71,0.0,8009.71,240.3,0.0,8250.0,0,0.0,0,0.0,0.0,8250.0,23359,,New,0,,,,
23917,101,6,RSL/24-25/367,2025-01-18 00:00:00,2,102,SWARNA PATRA,"BBSR
",485.44,0.0,485.44,14.56,0.0,500.0,0,0.0,0,0.0,0.0,500.0,24351,,New,0,,,,
23918,101,6,RSL/24-25/368,2025-01-18 00:00:00,2,102,ALOK BISI,"BBSR
",24271.84,0.0,24271.84,728.16,0.0,25000.0,0,0.0,0,0.0,0.0,25000.0,24352,,New,0,,,,
23919,101,6,RSL/24-25/369,2025-01-19 00:00:00,2,102,RASMI DAS,"BBSR
",8398.06,0.0,8398.06,251.94,0.0,8650.0,0,0.0,0,0.0,0.0,8650.0,24353,,New,0,,,,
23920,101,6,RSL/24-25/370,2025-01-21 00:00:00,2,102,MINAKSHI PATNAIK,"BBSR
",23300.97,0.0,23300.97,699.02,0.0,24000.0,0,0.0,0,0.0,0.0,24000.0,24354,,New,0,,,,
23921,101,6,RSL/24-25/371,2025-01-22 00:00:00,2,102,SAILABALA PRADHAN,"BBSR
",10194.17,0.0,10194.17,305.82,0.0,10500.0,0,0.0,0,0.0,0.0,10500.0,24355,,New,0,,,,
23922,101,6,RSL/24-25/372,2025-01-23 00:00:00,2,102,JAGRITY KUMARI,"BBSR
",28155.34,0.0,28155.34,844.66,0.0,29000.0,0,0.0,0,0.0,0.0,29000.0,24356,,New,0,,,,
23923,101,6,RSL/24-25/373,2025-01-24 00:00:00,2,102,BHABANI SHANKAR DAS,"LAXMISAGAR SANTOSHI VIHAR
",8252.5,0.0,8252.5,247.58,-0.08,8500.08,0,0.0,0,0.0,0.0,8500.0,24358,,Modified,9090928174,,,,
23924,101,6,RSL/24-25/374,2025-01-24 00:00:00,2,102,ASIWINI SAHOO,"BBSR
",37864.08,0.0,37864.08,1135.92,0.0,39000.0,0,0.0,0,0.0,0.0,39000.0,24359,,New,0,,,,
23925,101,6,RSL/24-25/375,2025-01-24 00:00:00,2,102,DIPIKA DAS,"BBSRR
",2233.01,0.0,2233.01,67.0,0.0,2300.0,0,0.0,0,0.0,0.0,2300.0,24360,,New,0,,,,
23926,101,6,RSL/24-25/376,2025-01-25 00:00:00,2,102,SATYAJIT PANDA,"BBSR
",15048.54,0.0,15048.54,451.46,0.0,15500.0,0,0.0,0,0.0,0.0,15500.0,24361,,New,0,,,,
23927,101,6,RSL/24-25/377,2025-01-25 00:00:00,2,102,ALOK BISI,"BBSR
",20194.17,0.0,20194.17,605.82,0.0,20800.0,0,0.0,0,0.0,0.0,20800.0,24362,,New,0,,,,
23928,101,6,RSL/24-25/378,2025-01-26 00:00:00,2,102,MAITRI MISHRA,"BBSR

",16990.29,0.0,16990.29,509.7,0.0,17500.0,0,0.0,0,0.0,0.0,17500.0,24363,,New,0,,,,
23929,101,6,RSL/24-25/379,2025-01-26 00:00:00,2,102,LIPSA BISWAL,"BBSR
",13106.8,0.0,13106.8,393.2,0.0,13500.0,0,0.0,0,0.0,0.0,13500.0,24364,,New,0,,,,
23930,101,6,RSL/24-25/380,2025-01-26 00:00:00,2,102,SANTOSHI SAHOO,"BBSR
",17378.0,0.0,17378.0,521.34,-0.34,17899.34,0,0.0,0,0.0,0.0,17899.0,24365,,New,0,,,,
23931,101,6,RSL/24-25/381,2025-01-27 00:00:00,2,102,BANAMALI MAHARANA,"BBSR
",143689.32,0.0,143689.32,4310.68,0.0,148000.0,0,0.0,0,0.0,0.0,148000.0,24366,,New,0,,,,
23932,101,6,RSL/24-25/382,2025-01-27 00:00:00,2,102,RAJIV LOCHAN PAIKRAY,"JAGANATH NAGAR,RASULGARH
",18592.23,0.0,18592.23,557.76,0.0,19150.0,0,0.0,0,0.0,0.0,19150.0,24367,,New,8249034697,,,,
23933,101,6,RSL/24-25/383,2025-01-27 00:00:00,2,102,SUVENDU BEHERA,"BHADRAK
",70873.79,0.0,70873.79,2126.22,0.0,73000.0,0,0.0,0,0.0,0.0,73000.0,24368,,New,9937314645,,,,
23934,101,6,RSL/24-25/384,2025-01-27 00:00:00,2,102,ASHOK SWAIN,"BBSR
",36893.21,0.0,36893.21,1106.8,0.0,38000.0,0,0.0,0,0.0,0.0,38000.0,24369,,New,0,,,,
23935,101,6,RSL/24-25/385,2025-01-28 00:00:00,2,102,MANAS RANJAN PATTNAIK,"BBSR
",23592.23,0.0,23592.23,707.76,0.0,24300.0,0,0.0,0,0.0,0.0,24300.0,24370,,New,0,,,,
23936,101,6,RSL/24-25/386,2025-01-28 00:00:00,2,102,KABULI SAHOO,"BBSR
",99514.56,0.0,99514.56,2985.44,0.0,102500.0,0,0.0,0,0.0,0.0,102500.0,24371,,New,0,,,,
23937,101,6,RSL/24-25/387,2025-01-28 00:00:00,2,102,SAHIL SWAIN,"BBSR
",9029.13,0.0,9029.13,270.88,0.0,9300.0,0,0.0,0,0.0,0.0,9300.0,24372,,New,0,,,,
23938,101,6,RSL/24-25/388,2025-01-29 00:00:00,2,102,ASHOK JANGID,"BBSR
",32815.53,0.0,32815.53,984.46,0.0,33800.0,0,0.0,0,0.0,0.0,33800.0,24373,,New,0,,,,
23939,101,6,RSL/24-25/389,2025-01-29 00:00:00,2,102,RADHIKA PATTNAIK,"BBSR
",13592.23,0.0,13592.23,407.76,0.0,14000.0,0,0.0,0,0.0,0.0,14000.0,24374,,New,0,,,,
23940,101,6,RSL/24-25/390,2025-01-31 00:00:00,2,102,BHUSAN SINGH,"BBSR
",37864.08,0.0,37864.08,1135.92,0.0,39000.0,0,0.0,0,0.0,0.0,39000.0,24375,,New,0,,,,
23941,101,6,RSL/24-25/391,2025-01-31 00:00:00,2,102,SANJAY GUPTA,"BBSR
",19902.91,0.0,19902.91,597.08,0.0,20500.0,0,0.0,0,0.0,0.0,20500.0,24376,,New,0,,,,
23942,101,6,RSL/24-25/392,2025-01-31 00:00:00,2,102,KALU BARIK,"BBSR
",50000.0,0.0,50000.0,1500.0,0.0,51500.0,0,0.0,0,0.0,0.0,51500.0,24377,,New,0,,,,
23943,101,6,RSL/24-25/393,2025-02-01 00:00:00,2,102,GYANA SAHOO,"BBSR
",24271.87,0.0,24271.87,728.16,-0.02,25000.02,0,0.0,0,0.0,0.0,25000.0,24378,,New,0,,,,
23944,101,6,RSL/24-25/394,2025-02-02 00:00:00,2,102,SOUMYA RANJAN BARIK,"BBSR
",212135.92,0.0,212135.92,6364.08,0.0,218500.0,0,0.0,0,0.0,0.0,218500.0,24379,,New,0,,,1,
24917,101,6,RSL/24-25/395,2025-02-03 00:00:00,2,102,SIBANI SAHOO,"BBSR
",63106.8,0.0,63106.8,1893.2,0.0,65000.0,0,0.0,0,0.0,0.0,65000.0,25351,,New,0,,,,
24918,101,6,RSL/24-25/396,2025-02-04 00:00:00,2,102,RANI GANGULY,"BBSR
",237864.07,0.0,237864.07,7135.92,0.0,245000.0,0,0.0,0,0.0,0.0,245000.0,25352,,New,0,,,584264856382 adhar,
25917,101,6,RSL/24-25/397,2025-02-05 00:00:00,2,102,BIBISAN PRADHAN,"BBSR
",16504.85,0.0,16504.85,495.14,0.0,17000.0,0,0.0,0,0.0,0.0,17000.0,26351,,New,0,,,,
25918,101,6,RSL/24-25/398,2025-02-05 00:00:00,2,102,RAVI JENA,"BBSR
",5825.25,0.0,5825.25,174.76,-0.01,6000.01,0,0.0,0,0.0,0.0,6000.0,26352,,New,0,,,,
25919,101,6,RSL/24-25/399,2025-02-06 00:00:00,2,102,BHAGYA SHREE PATRA,"BBSR
",117475.27,0.0,117475.27,3524.26,0.47,120999.53,0,0.0,0,0.0,0.0,121000.0,26353,,New,0,,,,
25920,101,6,RSL/24-25/400,2025-02-07 00:00:00,2,102,SUNIL MANGARAJ,"BBSR
",17766.99,0.0,17766.99,533.0,0.0,18300.0,0,0.0,0,0.0,0.0,18300.0,26354,,New,0,,,,
25921,101,6,RSL/24-25/401,2025-02-08 00:00:00,2,102,SURAJ SAHOO,"BBSR
",5728.16,0.0,5728.16,171.84,0.0,5900.0,0,0.0,0,0.0,0.0,5900.0,26355,,New,0,,,,
25922,101,6,RSL/24-25/402,2025-02-10 00:00:00,2,102,SK.MAIDUL ISLAM,"BBSR BOMIKHAL
",28582.52,0.0,28582.52,857.48,0.0,29440.0,0,0.0,0,0.0,0.0,29440.0,26356,,New,9064974210,,,,
25923,101,6,RSL/24-25/403,2025-02-10 00:00:00,2,102,AVINASH SAHOO,"BBSR
",3155.34,50.0,3155.34,94.66,0.0,3250.0,0,0.0,0,0.0,0.0,3200.0,26357,,New,9778009301,,,,
25924,101,6,RSL/24-25/404,2025-02-09 00:00:00,2,102,SUMAN PRUSTY,"JHARPADA
",786.41,0.0,786.41,23.6,0.0,810.0,0,0.0,0,0.0,0.0,810.0,26358,,New,0,,,,
25925,101,6,RSL/24-25/405,2025-02-10 00:00:00,2,102,ASHOK KUMAR SAHOO,"BBSR
",7184.47,0.0,7184.47,215.54,0.0,7400.0,0,0.0,0,0.0,0.0,7400.0,26359,,New,0,,,,
25926,101,6,RSL/24-25/406,2025-02-10 00:00:00,2,102,RAVINDRA DEHURI,"BBSR
",60000.0,0.0,60000.0,1800.0,0.0,61800.0,0,0.0,0,0.0,0.0,61800.0,26360,,New,0,,,,
25927,101,6,RSL/24-25/407,2025-02-10 00:00:00,2,102,ABHISHEK MOHAPATRA,"BADAGADA
",30856.0,1281.0,30856.0,925.68,0.32,31781.68,0,0.0,0,0.0,19900.0,10601.0,26362,Enter Additional Information,New,0,,,,
25928,101,6,RSL/24-25/408,2025-02-10 00:00:00,2,102,JAYDEV SAHOO,"LAXMISAGAR
",170388.35,0.0,170388.35,5111.66,0.0,175500.0,0,0.0,0,0.0,137500.0,38000.0,26364,,New,7008237899,,,,
25929,101,6,RSL/24-25/409,2025-02-13 00:00:00,2,102,KANDHEI BEHERA,"BOMIKHAL
",29611.65,0.0,29611.65,888.34,0.0,30500.0,0,0.0,0,0.0,0.0,30500.0,26365,,New,8260456994,,,,
26929,101,6,RSL/24-25/410,2025-02-13 00:00:00,2,102,PAYAL DAS,"BBSR
",3009.71,0.0,3009.71,90.3,0.0,3100.0,0,0.0,0,0.0,0.0,3100.0,27365,,New,0,,,,
26930,101,6,RSL/24-25/411,2025-02-14 00:00:00,2,102,LINGARAJ NAYAK,"BBSR
",6941.75,0.0,6941.75,208.26,0.0,7150.0,0,0.0,0,0.0,0.0,7150.0,27366,,New,0,,,,
26931,101,6,RSL/24-25/412,2025-02-14 00:00:00,2,102,BRUNDABAN MISHRA,"BBSR
",20446.6,0.0,20446.6,613.4,0.0,21060.0,0,0.0,0,0.0,0.0,21060.0,27367,,New,0,,,,
26932,101,6,RSL/24-25/413,2025-02-15 00:00:00,2,102,DHIRENDRA JENA,"BBSR
",7864.08,0.0,7864.08,235.92,0.0,8100.0,0,0.0,0,0.0,0.0,8100.0,27368,,New,0,,,,
26933,101,6,RSL/24-25/414,2025-02-15 00:00:00,2,102,LEENA MARTHA,"BBSR
",7087.38,0.0,7087.38,212.62,0.0,7300.0,0,0.0,0,0.0,0.0,7300.0,27369,,New,0,,,,
26934,101,6,RSL/24-25/415,2025-02-16 00:00:00,2,102,SAI PIYA JENA,"BBSR
",12621.35,0.0,12621.35,378.64,0.0,13000.0,0,0.0,0,0.0,0.0,13000.0,27370,,New,0,,,,
26935,101,6,RSL/24-25/416,2025-02-16 00:00:00,2,102,SATYA BRATA RAUL,"BBSR
",202621.37,2200.0,202621.37,6078.64,0.0,208700.0,0,0.0,0,0.0,0.0,206500.0,27371,Enter Additional Information,New,0,,,epfpro539f,
26936,101,6,RSL/24-25/417,2025-02-17 00:00:00,2,102,OMM MOHANTY,"BBSR
",23786.41,0.0,23786.41,713.6,0.0,24500.0,0,0.0,0,0.0,0.0,24500.0,27372,,New,0,,,,
27929,101,6,RSL/24-25/418,2025-02-18 00:00:00,2,102,SUNIL KUMAR,"BBSR
",18834.95,0.0,18834.95,565.04,0.0,19400.0,0,0.0,0,0.0,0.0,19400.0,28365,,New,0,,,,
28929,101,6,RSL/24-25/419,2025-02-21 00:00:00,2,102,SATABDI PATRA,"BBSR
",14077.67,0.0,14077.67,422.34,0.0,14500.0,0,0.0,0,0.0,0.0,14500.0,29365,,New,0,,,,
28930,101,6,RSL/24-25/420,2025-02-21 00:00:00,2,102,DEEPTI SAHOO,"BBSR
",21747.57,0.0,21747.57,652.42,0.0,22400.0,0,0.0,0,0.0,0.0,22400.0,29366,,New,0,,,,
28931,101,6,RSL/24-25/421,2025-02-21 00:00:00,2,102,SATHI REFRIGERATION,"BBSR
",13980.58,0.0,13980.58,419.42,0.0,14400.0,0,0.0,0,0.0,0.0,14400.0,29367,,New,0,,,,
28932,101,6,RSL/24-25/422,2025-02-23 00:00:00,2,102,BHOMARAM CHOUDHARY,"BBSRR
",69902.91,0.0,69902.91,2097.08,0.0,72000.0,0,0.0,0,0.0,0.0,72000.0,29368,,New,0,,,,
28933,101,6,RSL/24-25/423,2025-02-23 00:00:00,2,102,SANTOSH MAHARANA,"BBSR

",100485.44,0.0,100485.44,3014.56,0.0,103500.0,0,0.0,0,0.0,0.0,103500.0,29369,,New,0,,,,
29929,101,6,RSL/24-25/424,2025-02-25 00:00:00,2,102,DEEPTI SAHOO,BBSR,288349.59,0.0,288349.59,8650.48,-0.08,297000.08,0,0.0,0,0.0,0.0,297000.0,31365,,New,0,,,1,
29930,101,6,RSL/24-25/425,2025-02-28 00:00:00,2,102,JITENDRA BISWAL,"BBSR
",59708.82,0.0,59708.82,1791.26,-0.09,61500.09,0,0.0,0,0.0,0.0,61500.0,31366,,New,0,,,,
29931,101,6,RSL/24-25/426,2025-03-01 00:00:00,2,102,NIRMAL OJHA,"BBSR
",175534.06,0.0,175534.06,5266.02,-0.08,180800.08,0,0.0,0,0.0,0.0,180800.0,31367,,New,0,,,,
29932,101,6,RSL/24-25/427,2025-03-01 00:00:00,2,102,NARATOM OJHA,"BBSR
",30582.52,0.0,30582.52,917.48,0.0,31500.0,0,0.0,0,0.0,0.0,31500.0,31368,,New,0,,,,
29933,101,6,RSL/24-25/428,2025-03-02 00:00:00,2,102,HARIHAR PATRA,"BBSR
",10000.0,0.0,10000.0,300.0,0.0,10300.0,0,0.0,0,0.0,0.0,10300.0,31369,,New,0,,,,
29934,101,6,RSL/24-25/429,2025-03-02 00:00:00,2,102,SUNITI PATTNAIK,"BBSR
",22718.45,0.0,22718.45,681.56,-0.01,23400.01,0,0.0,0,0.0,0.0,23400.0,31373,,Modified,0,,,,
29935,101,6,RSL/24-25/430,2025-03-03 00:00:00,2,102,ABINASH PRITAM,"BBSR
",17961.17,0.0,17961.17,538.84,-0.01,18500.01,0,0.0,0,0.0,0.0,18500.0,31371,,New,0,,,,
29936,101,6,RSL/24-25/431,2025-03-03 00:00:00,2,102,SIPLO BANO,"BBSR
",14174.76,0.0,14174.76,425.24,0.0,14600.0,0,0.0,0,0.0,0.0,14600.0,31372,,New,0,,,,
29937,101,6,RSL/24-25/432,2025-03-05 00:00:00,2,102,ASHOK SAHOO,"BBSR
",290776.7,0.0,290776.7,8723.3,0.0,299500.0,0,0.0,0,0.0,0.0,299500.0,31378,,Modified,0,,21BBDPS1930A,1,
29938,101,6,RSL/24-25/433,2025-03-06 00:00:00,2,102,DEEPALI DAS,"BBSR
",16796.12,0.0,16796.12,503.88,0.0,17300.0,0,0.0,0,0.0,0.0,17300.0,31376,,New,0,,,,
29939,101,6,RSL/24-25/434,2025-03-14 00:00:00,2,102,RANI GANGULY,"BBSR
",114271.84,0.0,114271.84,3428.16,0.0,117700.0,0,0.0,0,0.0,0.0,117700.0,31377,,New,0,,,,
29940,101,6,RSL/24-25/435,2025-03-21 00:00:00,2,102,SUPRIYA SWAIN,"BBSR
",2427.18,0.0,2427.18,72.82,0.0,2500.0,0,0.0,0,0.0,0.0,2500.0,31379,,New,0,,,,
30940,101,6,RSL/24-25/436,2025-03-25 00:00:00,2,102,ISHANT NAYAK,"BBSR
",4368.93,0.0,4368.93,131.06,0.0,4500.0,0,0.0,0,0.0,0.0,4500.0,32378,,New,0,,,,
30941,101,6,RSL/24-25/437,2025-03-25 00:00:00,2,102,CASH,,48543.69,0.0,48543.69,1456.32,0.0,50000.0,0,0.0,0,0.0,0.0,50000.0,32379,,New,0,,,,
31940,101,6,RSL/24-25/438,2025-03-26 00:00:00,2,102,JAGANATH BARIK,"BBSR
",76990.62,0.0,76990.62,2309.72,-0.34,79300.34,0,0.0,0,0.0,0.0,79300.0,33378,,New,0,,,,
31941,101,6,RSL/24-25/439,2025-03-26 00:00:00,2,102,RAJASHRI PRIYA DARSHINI PARIDA,"BBSR
",44660.19,0.0,44660.19,1339.8,0.0,46000.0,0,0.0,0,0.0,0.0,46000.0,33379,,New,7205991515,,,,
32940,101,6,RSL/24-25/440,2025-03-29 00:00:00,2,102,MIKHAEL KHAN,"BBSR
",29126.21,0.0,29126.21,873.78,0.0,30000.0,0,0.0,0,0.0,0.0,30000.0,34378,,New,0,,,,
32941,101,7,RSL/25-26/1,2025-04-01 00:00:00,2,102,SITU DAS,"BBSR
",2233.01,0.0,2233.01,67.0,0.0,2300.0,0,0.0,0,0.0,0.0,2300.0,34379,,New,0,,,,
33941,101,7,RSL/25-26/2,2025-04-01 00:00:00,2,102,RAJASHREE PATI,"BBSR
",60193.7,0.0,60193.7,1805.82,0.49,61999.51,0,0.0,0,0.0,0.0,62000.0,35379,,New,0,,,,
33942,101,7,RSL/25-26/3,2025-04-02 00:00:00,2,102,RAJESH BARIK,"BBSR
",2427.18,0.0,2427.18,72.82,0.0,2500.0,0,0.0,0,0.0,0.0,2500.0,35380,,New,0,,,,
33943,101,7,RSL/25-26/4,2025-04-03 00:00:00,2,102,MEENU KUMARI,"BBSR
",121359.08,0.0,121359.08,3640.78,0.15,124999.85,0,0.0,0,0.0,0.0,125000.0,35381,,New,0,,,,
33944,101,7,RSL/25-26/5,2025-04-03 00:00:00,2,102,SUNIL CHETRI,"BBSR
",4368.93,0.0,4368.93,131.06,0.0,4500.0,0,0.0,0,0.0,0.0,4500.0,35382,,New,0,,,,
33945,101,7,RSL/25-26/6,2025-04-05 00:00:00,2,102,GIRIJA KAR,"BBSR
",3592.23,0.0,3592.23,107.76,0.0,3700.0,0,0.0,0,0.0,0.0,3700.0,35383,,New,0,,,,
33946,101,7,RSL/25-26/7,2025-04-06 00:00:00,2,102,YASH DAS,"BBSR
",2912.62,0.0,2912.62,87.38,0.0,3000.0,0,0.0,0,0.0,0.0,3000.0,35384,,New,0,,,,
33947,101,7,RSL/25-26/8,2025-04-06 00:00:00,2,102,DILIP KUMAR,"BBSR
",5728.16,0.0,5728.16,171.84,0.0,5900.0,0,0.0,0,0.0,0.0,5900.0,35385,,New,0,,,,
33948,101,7,RSL/25-26/9,2025-04-07 00:00:00,2,102,SANTOSH BEHERA,"
",13106.8,0.0,13106.8,393.2,0.0,13500.0,0,0.0,0,0.0,0.0,13500.0,35386,,New,7609875391,,,,
33949,101,7,RSL/25-26/10,2025-04-08 00:00:00,2,102,MADAN MOHAN,"BBSR
",126213.59,0.0,126213.59,3786.4,0.0,130000.0,0,0.0,0,0.0,0.0,130000.0,35387,,New,0,,,,
33950,101,7,RSL/25-26/11,2025-04-10 00:00:00,2,102,SANJAY GUPTA,"BBSR
",24951.46,0.0,24951.46,748.54,0.0,25700.0,0,0.0,0,0.0,0.0,25700.0,35388,,New,0,,,,
33951,101,7,RSL/25-26/12,2025-04-12 00:00:00,2,102,RASHMITA DASH,"BBSR
",18349.51,0.0,18349.51,550.48,0.0,18900.0,0,0.0,0,0.0,0.0,18900.0,35389,,New,0,,,,
33952,101,7,RSL/25-26/13,2025-04-12 00:00:00,2,102,BINODINI SUNDRAY,"BBSR
",28155.34,0.0,28155.34,844.66,0.0,29000.0,0,0.0,0,0.0,0.0,29000.0,35390,,New,0,,,,
33953,101,7,RSL/25-26/14,2025-04-12 00:00:00,2,102,RAJU SAHOO,"BBSR
",19902.91,0.0,19902.91,597.08,0.0,20500.0,0,0.0,0,0.0,0.0,20500.0,35391,,New,0,,,,
33954,101,7,RSL/25-26/15,2025-04-12 00:00:00,2,102,RAJA KHAN,"BBSR
",58252.73,0.0,58252.73,1747.58,-0.31,60000.31,0,0.0,0,0.0,0.0,60000.0,36380,,Modified,0,,,,
34941,101,7,RSL/25-26/16,2025-04-13 00:00:00,2,102,SIBANI HOTA,"BBSR
",24466.02,0.0,24466.02,733.98,0.0,25200.0,0,0.0,0,0.0,0.0,25200.0,36379,,New,9337307212,,,,
35941,101,7,RSL/25-26/17,2025-04-16 00:00:00,2,102,PARESH RATH,"BBSR
",56796.12,0.0,56796.12,1703.88,0.0,58500.0,0,0.0,0,0.0,0.0,58500.0,37381,,Modified,9903003283,,,,
35942,101,7,RSL/25-26/18,2025-04-16 00:00:00,2,102,GYANA RANJAN JENA,"BBSR
",119417.48,0.0,119417.48,3582.52,0.0,123000.0,0,0.0,0,0.0,0.0,123000.0,37380,,New,0,,,,
35943,101,7,RSL/25-26/19,2025-04-17 00:00:00,2,102,ROHIT SHARMA,"BBSR
",23106.8,0.0,23106.8,693.2,0.0,23800.0,0,0.0,0,0.0,0.0,23800.0,37382,,New,9776455177,,,,
35944,101,7,RSL/25-26/20,2025-04-17 00:00:00,2,102,ABHIMANYU DAS,"
",66019.42,0.0,66019.42,1980.58,0.0,68000.0,0,0.0,0,0.0,0.0,68000.0,37383,,New,0,,,,
36941,101,7,RSL/25-26/21,2025-04-20 00:00:00,2,102,PANKAJ KUMAR ,BBSR,5825.24,0.0,5825.24,174.76,0.0,6000.0,0,0.0,0,0.0,0.0,6000.0,38379,,New,9692979726,,,,
36942,101,7,RSL/25-26/22,2025-04-20 00:00:00,2,102,FUNY SWAIN  ,"BBSR
",12961.17,0.0,12961.17,388.84,-0.01,13350.01,0,0.0,0,0.0,0.0,13350.0,39379,,Modified,7781915111,,,,
37941,101,7,RSL/25-26/23,2025-04-22 00:00:00,2,102,LOPAMUDRA NAYAK,"BBSR
",22815.73,0.0,22815.73,684.48,-0.2,23500.2,0,0.0,0,0.0,0.0,23500.0,39380,,New,9938103002,,,,
38941,101,7,RSL/25-26/24,2025-04-25 00:00:00,2,102,SANDEEP KUMAR SAHOO,"BBSR
",3330.1,0.0,3330.1,99.9,0.0,3430.0,0,0.0,0,0.0,0.0,3430.0,40379,,New,0,,,,
39941,101,7,RSL/25-26/25,2025-04-28 00:00:00,2,102,ANJALI SUBUDHI,"BBSR
",18932.04,0.0,18932.04,567.96,0.0,19500.0,0,0.0,0,0.0,0.0,19500.0,41379,,New,0,,,,
39942,101,7,RSL/25-26/26,2025-04-28 00:00:00,2,102,SANTOSH BEHERA,BBSR,20262.14,0.0,20262.14,607.86,0.0,20870.0,0,0.0,0,0.0,0.0,20870.0,41380,,New,7609875391,,,,
39943,101,7,RSL/25-26/27,2025-04-28 00:00:00,2,102,ARNAB BISWAL,"BBSR
",84126.21,0.0,84126.21,2523.78,0.01,86649.99,0,0.0,0,0.0,0.0,86650.0,41382,,Modified,0,,,,
40941,101,7,RSL/25-26/28,2025-04-30 00:00:00,2,102,SANDEEP SAHOO,"BBSR
",58252.43,0.0,58252.43,1747.58,0.0,60000.0,0,0.0,0,0.0,0.0,60000.0,42379,,New,0,,,,
40942,101,7,RSL/25-26/29,2025-04-30 00:00:00,2,102,NIRAJITA MOHANTY,"BBSR
",202631.69,211.0,202631.69,6078.96,0.35,208710.65,0,0.0,0,0.0,0.0,208500.0,42380,,New,0,,,1,
40943,101,7,RSL/25-26/30,2025-04-30 00:00:00,2,102,SAILBALA PRADHAN,"BBSR
",20388.35,0.0,20388.35,611.66,0.0,21000.0,0,0.0,0,0.0,0.0,21000.0,42381,,New,0,,,,
40944,101,7,RSL/25-26/31,2025-04-30 00:00:00,2,102,AJITANSHU PRASAD BARIK,"BBSR
",27184.47,0.0,27184.47,815.54,-0.01,28000.01,0,0.0,0,0.0,0.0,28000.0,43380,,Modified,0,,,,
40945,101,7,RSL/25-26/32,2025-04-30 00:00:00,2,102,BISHNU SAHOO,"BBSR
",13592.23,0.0,13592.23,407.76,0.0,14000.0,0,0.0,0,0.0,0.0,14000.0,42383,,New,9937147535,,,,
41941,101,7,RSL/25-26/33,2025-05-01 00:00:00,2,102,RASHMITA AGARWAL ,"BBSR
",28931.57,0.0,28931.57,867.94,0.47,29799.53,0,0.0,0,0.0,0.0,29800.0,45381,,Modified,9437006089,,,,
42941,101,7,RSL/25-26/34,2025-05-07 00:00:00,2,102,DEBASISI MUKHERJI,"BBSR
",117475.73,0.0,117475.73,3524.28,0.0,121000.0,0,0.0,0,0.0,0.0,121000.0,44379,,New,0,,,,
42942,101,7,RSL/25-26/35,2025-05-07 00:00:00,2,102,ASWIN PANDA,"BBSR
",12621.36,0.0,12621.36,378.64,0.0,13000.0,0,0.0,0,0.0,0.0,13000.0,44381,,Modified,0,,,,
42943,101,7,RSL/25-26/36,2025-05-08 00:00:00,2,102,ARNAB BISWAL,"BBSR
",127670.4,0.0,127670.4,3830.12,0.49,131500.51,0,0.0,0,0.0,0.0,131501.0,44382,,New,0,,,,
42944,101,7,RSL/25-26/37,2025-05-08 00:00:00,2,102,PRIYANKA TIRIA,"BBSR
",15437.94,0.0,15437.94,463.14,-0.08,15901.08,0,0.0,0,0.0,0.0,15901.0,44383,,New,7682977329,,,,
42945,101,7,RSL/25-26/38,2025-05-09 00:00:00,2,102,NIRU DAS,BBSR,8737.86,0.0,8737.86,262.14,0.0,9000.0,0,0.0,0,0.0,0.0,9000.0,44384,,New,0,,,,
43941,101,7,RSL/25-26/39,2025-05-11 00:00:00,2,102,DEBASHIS JENA,"BBSR
",3433.98,137.0,3433.98,103.02,0.0,3537.0,0,0.0,0,0.0,0.0,3400.0,45379,Enter Additional Information,New,9035995624,,,,
43942,101,7,RSL/25-26/40,2025-05-11 00:00:00,2,102,GANESH PARIDA,"BBSR
",35436.89,0.0,35436.89,1063.1,0.0,36500.0,0,0.0,0,0.0,0.0,36500.0,45380,,New,9853885919,,,,
43943,101,7,RSL/25-26/41,2025-05-11 00:00:00,2,102,A.S.K BASID ALI,BBSR,13592.23,0.0,13592.23,407.76,0.0,14000.0,0,0.0,0,0.0,0.0,14000.0,45382,,New,9114204278,,,,
44941,101,7,RSL/25-26/42,2025-05-14 00:00:00,2,102,SABYA SACHI JENA,"BBSR
",49514.98,0.0,49514.98,1485.44,-0.43,51000.43,0,0.0,0,0.0,0.0,51000.0,46379,,New,0,,,,
44942,101,7,RSL/25-26/43,2025-05-14 00:00:00,2,102,SANDHYA SAHOO,"BBSR
",81553.39,0.0,81553.39,2446.6,0.0,84000.0,0,0.0,0,0.0,0.0,84000.0,46380,,New,0,,,,
44943,101,7,RSL/25-26/44,2025-05-15 00:00:00,2,102,SARAT SAHOO,"BBSR
",55339.81,0.0,55339.81,1660.2,0.0,57000.0,0,0.0,0,0.0,0.0,57000.0,46381,,New,0,,,,
44944,101,7,RSL/25-26/45,2025-05-15 00:00:00,2,102,SARAT SAHOO,"BBSR
",32038.83,0.0,32038.83,961.16,0.01,32999.99,0,0.0,0,0.0,0.0,33000.0,46382,,New,0,,,,
44945,101,7,RSL/25-26/46,2025-05-15 00:00:00,2,102,BHAVEN SETH,"BBSR
",2912.62,0.0,2912.62,87.38,0.0,3000.0,0,0.0,0,0.0,0.0,3000.0,46383,,New,0,,,,
44946,101,7,RSL/25-26/47,2025-05-15 00:00:00,2,102,SANDHYA SAHOO,"BBSR
",127184.47,0.0,127184.47,3815.54,0.0,131000.0,0,0.0,0,0.0,0.0,131000.0,46384,,New,0,,,,
45946,101,7,RSL/25-26/48,2025-05-18 00:00:00,2,102,BAPUN MOHAPATRA,BBSR,9514.68,0.0,9514.68,285.44,-0.12,9800.12,0,0.0,0,0.0,0.0,9800.0,47384,,New,7077789778,,,,
45947,101,7,RSL/25-26/49,2025-05-19 00:00:00,2,102,LIPI NAYAK,"BBSR
",50485.44,0.0,50485.44,1514.56,0.0,52000.0,0,0.0,0,0.0,0.0,52000.0,47385,,New,0,,,,
45948,101,7,RSL/25-26/50,2025-05-20 00:00:00,2,102,NILAM SAHA,"BBSR
",118607.77,0.0,118607.77,3558.24,0.0,122166.0,0,0.0,0,0.0,0.0,122166.0,47386,,New,9304293605,,,,
45949,101,7,RSL/25-26/51,2025-05-20 00:00:00,2,102,MAMI BARIK,BBSR,8737.86,0.0,8737.86,262.14,0.0,9000.0,0,0.0,0,0.0,0.0,9000.0,47387,,New,9938592493,,,,
45950,101,7,RSL/25-26/52,2025-05-20 00:00:00,2,102,MAMI BARIK,BBSR,63106.8,0.0,63106.8,1893.2,0.0,65000.0,0,0.0,0,0.0,0.0,65000.0,47388,,New,9938592493,,,,
45951,101,7,RSL/25-26/53,2025-05-20 00:00:00,2,102,MILI DAS,"BBSR
",19417.48,0.0,19417.48,582.52,0.0,20000.0,0,0.0,0,0.0,0.0,20000.0,47389,,New,0,,,,
45952,101,7,RSL/25-26/54,2025-05-20 00:00:00,2,102,SWAGTIKA NAYAK,"BBSR
",28155.34,0.0,28155.34,844.66,0.0,29000.0,0,0.0,0,0.0,0.0,29000.0,47390,,New,0,,,,
45953,101,7,RSL/25-26/55,2025-05-20 00:00:00,2,102,GULNAZ,BBSR,35436.89,0.0,35436.89,1063.1,0.0,36500.0,0,0.0,0,0.0,0.0,36500.0,47391,,New,9776339324,,,,
45954,101,7,RSL/25-26/56,2025-05-21 00:00:00,2,102,PRIYARANJAN BEHERA,"BBSR
",11165.05,0.0,11165.05,334.96,0.0,11500.0,0,0.0,0,0.0,0.0,11500.0,47392,,New,0,,,,
46954,101,7,RSL/25-26/57,2025-05-23 00:00:00,2,102,SASMITA BEHERA,"BBSR
",28640.78,0.0,28640.78,859.22,0.0,29500.0,0,0.0,0,0.0,0.0,29500.0,48393,,New,9861882868,,,,
47954,101,7,RSL/25-26/58,2025-05-25 00:00:00,2,102,SUNIL MANGARAJ,"JHARPADA
",11456.31,0.0,11456.31,343.68,0.0,11800.0,0,0.0,0,0.0,0.0,11800.0,49392,,New,7377588888,,,,
47955,101,7,RSL/25-26/59,2025-05-25 00:00:00,2,102,,BBSR,1650.49,0.0,1650.49,49.52,0.0,1700.0,0,0.0,0,0.0,0.0,1700.0,49393,,New,0,,,,
47956,101,7,RSL/25-26/60,2025-05-25 00:00:00,2,102,JANSHI RANI BEHERA,BBSR,48620.0,79.0,48620.0,1458.6,0.4,50078.6,0,0.0,0,0.0,0.0,50000.0,49394,,New,9937398055,,,,
47957,101,7,RSL/25-26/61,2025-05-26 00:00:00,2,102,BUDHIMAN PRADHAN,BBSR,2815.53,0.0,2815.53,84.46,0.01,2899.99,0,0.0,0,0.0,0.0,2900.0,49396,,Modified,9668499438,,,,
48954,101,7,RSL/25-26/62,2025-05-28 00:00:00,2,102,BISWAJIT DAS,"BBSR
",1619.42,0.0,1619.42,48.58,0.0,1668.0,0,0.0,0,0.0,0.0,1668.0,50392,,New,0,,,,
48955,101,7,RSL/25-26/63,2025-05-28 00:00:00,2,102,RAJENDRA SAWIN,"BBSR
",57281.43,0.0,57281.43,1718.44,0.13,58999.87,0,0.0,0,0.0,0.0,59000.0,50393,,New,0,,,,
49954,101,7,RSL/25-26/64,2025-05-28 00:00:00,2,102,RAVINDRA DEHURY,"BBSR
",47087.38,0.0,47087.38,1412.62,0.0,48500.0,0,0.0,0,0.0,0.0,48500.0,51392,,New,0,,,,
50954,101,7,RSL/25-26/65,2025-05-30 00:00:00,2,102,JOGESWORI PATRA,"BBSR
",157295.54,14.0,157295.54,4718.86,-0.4,162014.4,0,0.0,0,0.0,0.0,162000.0,52394,,Modified,7978689758,,,,
50955,101,7,RSL/25-26/66,2025-05-30 00:00:00,2,102,SANJAYA GUPTA,"BBSR
",51067.96,0.0,51067.96,1532.04,0.0,52600.0,0,0.0,0,0.0,0.0,52600.0,52393,,New,0,,,,
51954,101,7,RSL/25-26/67,2025-05-30 00:00:00,2,102,DEBABRATA,"BBSR
",195205.83,62.0,195205.83,5856.18,0.01,201061.99,0,0.0,0,0.0,0.0,201000.0,53393,,Modified,9040744989,,,1,
51955,101,7,RSL/25-26/68,2025-05-31 00:00:00,2,102,SIBASHIS DAS,"BBSR
",134951.46,0.0,134951.46,4048.54,0.0,139000.0,0,0.0,0,0.0,0.0,139000.0,53394,,New,0,,,,
51956,101,7,RSL/25-26/69,2025-06-02 00:00:00,2,102,SANTOSH BEHERA,"BBSR
",34951.45,0.0,34951.45,1048.54,0.0,36000.0,0,0.0,0,0.0,0.0,36000.0,53395,,New,7609875391,,,,
51957,101,7,RSL/25-26/70,2025-06-02 00:00:00,2,102,DEBABARTA,BBSR,122815.54,0.0,122815.54,3684.46,0.0,126500.0,0,0.0,0,0.0,0.0,126500.0,53396,,New,9040744989,,,,
52954,101,7,RSL/25-26/71,2025-06-03 00:00:00,2,102,KETAN MISHRA,BBSR,18446.6,0.0,18446.6,553.4,0.0,19000.0,0,0.0,0,0.0,0.0,19000.0,54392,,New,7205676192,,,,
53954,101,7,RSL/25-26/72,2025-06-04 00:00:00,2,102,PUNITA JHA,BBSR,83854.37,0.0,83854.37,2515.64,0.0,86370.0,0,0.0,0,0.0,0.0,86370.0,55392,,New,0,,,,
54954,101,7,RSL/25-26/73,2025-06-04 00:00:00,2,102,SAGAR JENA ,"BBSR
",6796.12,0.0,6796.12,203.88,0.0,7000.0,0,0.0,0,0.0,0.0,7000.0,56392,,New,0,,,,
54955,101,7,RSL/25-26/74,2025-06-05 00:00:00,2,102,KETAN MISHRA,"BBSR
",0.0,0.0,0.0,0.0,0.0,0.0,0,0.0,0,0.0,0.0,0.0,56393,,New,0,,,,
54956,101,7,RSL/25-26/75,2025-06-06 00:00:00,2,102,KETAN MISHRA,"BBSR
",3980.58,0.0,3980.58,119.42,0.0,4100.0,0,0.0,0,0.0,0.0,4100.0,56394,,New,0,,,,
54957,101,7,RSL/25-26/76,2025-06-05 00:00:00,2,102,SUSIL PANIGRAHI,"BBSR
",4368.93,0.0,4368.93,131.06,0.0,4500.0,0,0.0,0,0.0,0.0,4500.0,56395,,New,0,,,,
54958,101,7,RSL/25-26/77,2025-06-06 00:00:00,2,102,ABHISEK PANIGRAHI,"BBSR
",7281.55,0.0,7281.55,218.44,0.01,7499.99,0,0.0,0,0.0,0.0,7500.0,75400,,Modified,9658852258,,,,
55954,101,7,RSL/25-26/78,2025-06-06 00:00:00,2,102,SUCHITRA DAS,BBSR,16116.5,0.0,16116.5,483.5,0.0,16600.0,0,0.0,0,0.0,0.0,16600.0,57392,,New,7377764722,,,,
55955,101,7,RSL/25-26/79,2025-06-07 00:00:00,2,102,BHAGESH ROUT,"BBSR
",16990.29,0.0,16990.29,509.7,0.0,17500.0,0,0.0,0,0.0,0.0,17500.0,58392,,Modified,9668218079,,,,
55956,101,7,RSL/25-26/80,2025-06-07 00:00:00,2,102,SALIM KHAN,"BBSR
",10291.26,0.0,10291.26,308.74,0.0,10600.0,0,0.0,0,0.0,0.0,10600.0,57394,,New,7538075143,,,,
55957,101,7,RSL/25-26/81,2025-06-07 00:00:00,2,102,ALKA PATTNAIK,BBSR,47087.38,0.0,47087.38,1412.62,0.0,48500.0,0,0.0,0,0.0,0.0,48500.0,57395,,New,9668169363,,,,
55958,101,7,RSL/25-26/82,2025-06-07 00:00:00,2,102,SAMIR BERA,BBSR,4466.52,1.0,4466.52,134.0,0.48,4600.52,0,0.0,0,0.0,0.0,4600.0,57396,,New,7682830836,,,,
55959,101,7,RSL/25-26/83,2025-06-07 00:00:00,2,102,HYDAR ALI KHAN,"BBSR
",3689.32,0.0,3689.32,110.68,0.0,3800.0,0,0.0,0,0.0,0.0,3800.0,57397,,New,0,,,,
55960,101,7,RSL/25-26/84,2025-06-07 00:00:00,2,102,ALKA PATTNAIK,"BBSR
",3300.97,0.0,3300.97,99.02,0.0,3400.0,0,0.0,0,0.0,0.0,3400.0,57398,,New,0,,,,
55961,101,7,RSL/25-26/85,2025-06-07 00:00:00,2,102,BAPI SETHY,"BBSR
",1941.75,0.0,1941.75,58.26,0.0,2000.0,0,0.0,0,0.0,0.0,2000.0,57399,,New,0,,,,
55962,101,7,RSL/25-26/86,2025-06-07 00:00:00,2,102,PRAKASH NANDA,"BBSR
",4368.93,0.0,4368.93,131.06,0.0,4500.0,0,0.0,0,0.0,0.0,4500.0,57400,,New,0,,,,
56954,101,7,RSL/25-26/87,2025-06-09 00:00:00,2,102,DHIRENDRA JENA,BBSR,9223.3,0.0,9223.3,276.7,0.0,9500.0,0,0.0,0,0.0,0.0,9500.0,58393,,New,7978518082,,,,
56955,101,7,RSL/25-26/88,2025-06-09 00:00:00,2,102,DEEPAK KUMAR ROUT,"BBSR
",206310.68,0.0,206310.68,6189.32,0.0,212500.0,0,0.0,0,0.0,0.0,212500.0,58394,,New,9238948292,,,1,
56956,101,7,RSL/25-26/89,2025-06-08 00:00:00,2,102,RAJA,BBSR,4077.67,0.0,4077.67,122.34,0.0,4200.0,0,0.0,0,0.0,0.0,4200.0,58395,,New,9861178487,,,,
57954,101,7,RSL/25-26/90,2025-06-11 00:00:00,2,102,HIMANSHU SEKHAR BEHERA,BBSR,4757.28,0.0,4757.28,142.72,0.0,4900.0,0,0.0,0,0.0,0.0,4900.0,59392,,New,9861940556,,,,
57955,101,7,RSL/25-26/91,2025-06-12 00:00:00,2,102,SANTOSH BEHERA,"BBSR
",33266.99,0.0,33266.99,998.0,-0.01,34265.01,0,0.0,0,0.0,0.0,34265.0,59394,,Modified,0,,,,
57956,101,7,RSL/25-26/92,2025-06-12 00:00:00,2,102,SANTOSH BEHERA,"BBSR
",25147.57,0.0,25147.57,754.42,0.0,25902.0,0,0.0,0,0.0,0.0,25902.0,59395,,New,0,,,,
57957,101,7,RSL/25-26/93,2025-06-13 00:00:00,2,102,RASHMITA AGARWAL,"BBSR
",32858.25,444.0,32858.25,985.74,0.0,33844.0,0,0.0,0,0.0,0.0,33400.0,59396,,New,9437006089,,,,
57958,101,7,RSL/25-26/94,2025-06-17 00:00:00,2,102,PRADEEP KUMAR BISWAL,BBSR,26893.2,0.0,26893.2,806.8,0.0,27700.0,0,0.0,0,0.0,0.0,27700.0,59397,,New,9337306917,,,,
57959,101,7,RSL/25-26/95,2025-06-17 00:00:00,2,102,SANTOSH BEHERA,"BBSR
",30097.29,0.0,30097.29,902.92,-0.21,31000.21,0,0.0,0,0.0,0.0,31000.0,59398,,New,7609875391,,,,
58958,101,7,RSL/25-26/96,2025-06-18 00:00:00,2,102,SANTOSH BEHERA,"BBSR
",16300.97,0.0,16300.97,489.02,0.0,16790.0,0,0.0,0,0.0,0.0,16790.0,60397,,New,7609875391,,,,
59958,101,7,RSL/25-26/97,2025-06-22 00:00:00,2,102,BHAGYASHRE PATRA,"BBSR
",33611.65,20.0,33611.65,1008.34,0.0,34620.0,0,0.0,0,20000.0,0.0,14600.0,61398,Enter Additional Information,New,9090901488,,,,
59959,101,7,RSL/25-26/98,2025-06-22 00:00:00,2,102,SASMITA MAHAPATRA,"JAYDURGA NAGAR JHARPADA
",7572.81,0.0,7572.81,227.18,0.0,7800.0,0,0.0,0,0.0,0.0,7800.0,61399,,New,9776690313,,,,
60958,101,7,RSL/25-26/99,2025-06-23 00:00:00,2,102,DEBANDRA BEHERA,BBSR,33495.15,0.0,33495.15,1004.86,0.0,34500.0,0,0.0,0,0.0,0.0,34500.0,62397,,New,933744184,,,,
61958,101,7,RSL/25-26/100,2025-06-24 00:00:00,2,102,CHANDRA SEKHAR NAYAK,"BBSR
",45145.63,0.0,45145.63,1354.36,0.0,46500.0,0,0.0,0,0.0,0.0,46500.0,63397,,New,8328809044,,,,
61959,101,7,RSL/25-26/101,2025-06-24 00:00:00,2,102,NILAM  SAHA,BBSR,33495.15,0.0,33495.15,1004.86,0.0,34500.0,0,0.0,0,0.0,0.0,34500.0,63398,,New,9304293605,,,,
61960,101,7,RSL/25-26/102,2025-06-24 00:00:00,2,102,YUAVRAJ DALAI,"BBSR
",11844.66,0.0,11844.66,355.34,0.0,12200.0,0,0.0,0,0.0,0.0,12200.0,63399,,New,9337228336,,,,
62958,101,7,RSL/25-26/103,2025-06-24 00:00:00,2,102,SUNIL MANGARAJ,"JHARPADA
",14563.11,0.0,14563.11,436.9,0.0,15000.0,0,0.0,0,0.0,0.0,15000.0,64397,,New,0,,,,
63958,101,7,RSL/25-26/104,2025-06-26 00:00:00,2,102,RAJESH JENA,BBSR,55436.89,0.0,55436.89,1663.1,0.01,57099.99,0,0.0,0,0.0,0.0,57100.0,65398,,Modified,6371790921,,,,
64958,101,7,RSL/25-26/105,2025-06-26 00:00:00,2,102,MAITREYA MISHRA,"BBSR
",31069.0,1.18,31069.0,932.08,0.11,32001.07,0,0.0,0,0.0,0.0,32000.0,66397,Enter Additional Information,New,0,,,,
64959,101,7,RSL/25-26/106,2025-06-26 00:00:00,2,102,MAITREYA MISHRA,"BBSR
",106796.12,0.0,106796.12,3203.88,0.0,110000.0,0,0.0,0,0.0,0.0,110000.0,66398,,New,0,,,,
65958,101,7,RSL/25-26/107,2025-06-27 00:00:00,2,102,ANANYA PRIYADARSINI NAYAK,"BBSR
",8155.34,0.0,8155.34,244.66,0.0,8400.0,0,0.0,0,0.0,0.0,8400.0,67397,,New,9668644151,,,,
65959,101,7,RSL/25-26/108,2025-06-28 00:00:00,2,102,SUKANTA SAHOO,"BBSR
",34951.46,0.0,34951.46,1048.54,0.0,36000.0,0,0.0,0,0.0,0.0,36000.0,67398,,New,9337297433,,,,
65960,101,7,RSL/25-26/109,2025-06-28 00:00:00,2,102,SUBASH CHANDRA GUPTA,BBSR,60194.15,0.0,60194.15,1805.82,0.03,61999.97,0,0.0,0,0.0,0.0,62000.0,67399,,New,9338463420,,,,
66958,101,7,RSL/25-26/110,2025-06-30 00:00:00,2,102,KEDAR CHANDRA JENA,"BBSR
",10194.17,0.0,10194.17,305.82,0.0,10500.0,0,0.0,0,0.0,0.0,10500.0,68397,,New,7008398855,,,,
66959,101,7,RSL/25-26/111,2025-06-30 00:00:00,2,102,SAMIR KUMAR SAHOO,"BBSR
",19902.91,0.0,19902.91,597.08,0.0,20500.0,0,0.0,0,0.0,0.0,20500.0,68398,,New,9937004577,,,,
66960,101,7,RSL/25-26/112,2025-07-01 00:00:00,2,102,BAPUN KUMAR,"BBSR
",8252.43,0.0,8252.43,247.58,0.0,8500.0,0,0.0,0,0.0,0.0,8500.0,68399,,New,7077789778,,,,
66961,101,7,RSL/25-26/113,2025-07-01 00:00:00,2,102,BAPUN KUMAR,"BBSR
",2427.19,0.0,2427.19,72.82,0.0,2500.0,0,0.0,0,0.0,0.0,2500.0,68400,,New,7077789778,,,,
66962,101,7,RSL/25-26/114,2025-07-02 00:00:00,2,102,RAJASHREE PRIYADARSHNI PARIDA,"BBSR
",16990.29,0.0,16990.29,509.7,0.0,17500.0,0,0.0,0,0.0,0.0,17500.0,68401,,New,7205991515,,,,
67958,101,7,RSL/25-26/115,2025-07-04 00:00:00,2,102,SATISH KUMAR GUPTA,"BBSR
",104854.37,0.0,104854.37,3145.64,0.0,108000.0,0,0.0,0,0.0,0.0,108000.0,69397,,New,9040718105,,,,
67959,101,7,RSL/25-26/116,2025-07-04 00:00:00,2,102,RASHMITA PARIDA,"BBSR
",9223.3,0.0,9223.3,276.7,0.0,9500.0,0,0.0,0,0.0,0.0,9500.0,69398,,New,9438650505,,,,
68958,101,7,RSL/25-26/117,2025-07-05 00:00:00,2,102,HARI HARA PATRA,BBSR,142867.96,154.0,142867.96,4286.04,0.0,147154.0,0,0.0,0,0.0,0.0,147000.0,70397,,New,9090903332,,,,
68959,101,7,RSL/25-26/118,2025-07-05 00:00:00,2,102,SANTOSH BEHERA,"BBSR
",13689.32,0.0,13689.32,410.68,0.0,14100.0,0,0.0,0,0.0,0.0,14100.0,70398,,New,7609875391,,,,
68960,101,7,RSL/25-26/119,2025-07-06 00:00:00,2,102,IPSITA BISOI,BBSR,2912.62,0.0,2912.62,87.38,0.0,3000.0,0,0.0,0,0.0,0.0,3000.0,70399,,New,9861234616,,,,
69958,101,7,RSL/25-26/120,2025-07-08 00:00:00,2,102,DILIP SAHOO,"BBSR
",59502.91,288.0,59502.91,1785.08,0.0,61288.0,0,0.0,0,0.0,0.0,61000.0,71397,,New,7008293379,,,,
70958,101,7,RSL/25-26/121,2025-07-09 00:00:00,2,102,RABINDRA ROUT,BBSR,2524.27,0.0,2524.27,75.72,0.0,2600.0,0,0.0,0,0.0,0.0,2600.0,72397,,New,7077883699,,,,
70959,101,7,RSL/25-26/122,2025-07-12 00:00:00,2,102,PRIYANKA PRIYADARSINI,"JHARPADA
",2233.01,0.0,2233.01,67.0,0.0,2300.0,0,0.0,0,0.0,550.0,1750.0,72399,,New,9348998243,,,,
70960,101,7,RSL/25-26/123,2025-07-12 00:00:00,2,102,SUBHANKAR LENKA,"LAXMISAGAR
",4660.19,800.0,4660.19,139.8,0.0,4800.0,0,0.0,0,0.0,0.0,4000.0,72400,Enter Additional Information,New,7682041396,,,,
70961,101,7,RSL/25-26/124,2025-07-13 00:00:00,2,102,ANKUJ MISHRA,"BBSR
",40776.7,0.0,40776.7,1223.3,0.0,42000.0,0,0.0,0,0.0,0.0,42000.0,72402,,New,0,,,,
71959,101,7,RSL/25-26/125,2025-07-14 00:00:00,2,102,MAITREYA MISHRA,"BBSR
",172306.45,476.0,172306.45,5169.2,0.35,177475.65,0,0.0,0,0.0,0.0,177000.0,73398,Enter Additional Information,New,0,,,,
71960,101,7,RSL/25-26/126,2025-07-15 00:00:00,2,102,GARGI PATTNAIK,"BBSR
",37886.66,23.0,37886.66,1136.6,-0.26,39023.26,0,0.0,0,0.0,0.0,39000.0,73399,,New,0,,,,
71961,101,7,RSL/25-26/127,2025-07-15 00:00:00,2,102,ASHIS JENA,"BBSR
",59514.56,0.0,59514.56,1785.44,0.0,61300.0,0,0.0,0,0.0,0.0,61300.0,73400,,New,9776366322,,,,
71962,101,7,RSL/25-26/128,2025-07-15 00:00:00,2,102,DHIRENDRA JENA,"BBSR
",8737.86,0.0,8737.86,262.14,0.0,9000.0,0,0.0,0,0.0,0.0,9000.0,73401,,New,0,,,,
71963,101,7,RSL/25-26/129,2025-07-15 00:00:00,2,102,RAHUL SAHA,"BBSR
",16504.85,0.0,16504.85,495.14,0.0,17000.0,0,0.0,0,0.0,0.0,17000.0,73402,,New,0,,,,
72959,101,7,RSL/25-26/130,2025-07-18 00:00:00,2,102,RAMESH MISHRA,"BBSR
",16990.3,0.0,16990.3,509.7,0.0,17500.0,0,0.0,0,0.0,0.0,17500.0,74398,,New,0,,,,
73959,101,7,RSL/25-26/131,2025-07-19 00:00:00,2,102,MANISH ,"BBSR
",3883.5,0.0,3883.5,116.5,0.0,4000.0,0,0.0,0,0.0,0.0,4000.0,75398,,New,8144614877,,,,
73960,101,7,RSL/25-26/132,2025-07-19 00:00:00,2,102,RAMESH MISHRA,"BBSR
",1456.31,0.0,1456.31,43.68,0.0,1500.0,0,0.0,0,0.0,0.0,1500.0,75399,,New,0,,,,
73961,101,7,RSL/25-26/133,2025-07-20 00:00:00,2,102,SAI,"BBSR
",27484.47,0.0,27484.47,824.54,0.0,28309.0,0,0.0,0,0.0,0.0,28309.0,75401,,New,9692484382,,,,
74959,101,7,RSL/25-26/134,2025-07-22 00:00:00,2,102,BABITA,"BBSR
",50970.87,0.0,50970.87,1529.12,0.0,52500.0,0,0.0,0,0.0,0.0,52500.0,76398,,New,7327829756,,,,
75959,101,7,RSL/25-26/135,2025-07-24 00:00:00,2,102,SASMITA NAYAK,"BBSR
",8252.43,0.0,8252.43,247.58,0.0,8500.0,0,0.0,0,0.0,0.0,8500.0,77398,,New,7855035551,,,,
76959,101,7,RSL/25-26/136,2025-07-29 00:00:00,2,102,ANUPAMA SWAIN,"BBSR
",31553.4,0.0,31553.4,946.6,0.0,32500.0,0,0.0,0,0.0,0.0,32500.0,93409,,Modified,0,,,,
77959,101,7,RSL/25-26/137,2025-07-30 00:00:00,2,102,ROHIT MOHAPTRA,"BBSR
",4563.11,0.0,4563.11,136.9,0.0,4700.0,0,0.0,0,0.0,0.0,4700.0,79398,,New,0,,,,
77960,101,7,RSL/25-26/138,2025-07-30 00:00:00,2,102,LINGARAJ NAYAK,"BBSR
",25242.72,0.0,25242.72,757.28,0.0,26000.0,0,0.0,0,0.0,0.0,26000.0,79399,,New,0,,,,
77961,101,7,RSL/25-26/139,2025-08-07 00:00:00,2,102,SUKANTA,"BBSR
",1747.57,0.0,1747.57,52.42,0.0,1800.0,0,0.0,0,0.0,0.0,1800.0,79400,,New,9776318523,,,,
78961,101,7,RSL/25-26/140,2025-08-08 00:00:00,2,102,S.K ABUDL KALAM,"BBSR
",6310.68,0.0,6310.68,189.32,0.0,6500.0,0,0.0,0,0.0,0.0,6500.0,80400,,New,8917431262,,,,
78962,101,7,RSL/25-26/141,2025-08-08 00:00:00,2,102,BEDAMATI MOHAPATRA,BBSR,8359.23,210.0,8359.23,250.78,0.0,8610.0,0,0.0,0,0.0,0.0,8400.0,80401,,New,9438016411,,,,
79961,101,7,RSL/25-26/142,2025-08-08 00:00:00,2,102,BAPUN KUMAR,"BBSR
",17766.99,0.0,17766.99,533.0,0.0,18300.0,0,0.0,0,0.0,0.0,18300.0,81400,,New,0,,,,
80961,101,7,RSL/25-26/143,2025-08-11 00:00:00,2,102,MIKHAIL KHAN,"BBSR
",7699.03,0.0,7699.03,230.98,0.0,7930.0,0,0.0,0,0.0,0.0,7930.0,82400,,New,0,,,,
80962,101,7,RSL/25-26/144,2025-08-11 00:00:00,2,102,MAITRAYE MISHRA,"BBSR
",43266.99,0.0,43266.99,1298.0,0.0,44565.0,0,0.0,0,0.0,0.0,44565.0,82401,,New,0,,,,
80963,101,7,RSL/25-26/145,2025-08-12 00:00:00,2,102,SURYAKANTA NAYAK,"BBSR
",24271.84,500.0,24271.84,728.16,0.0,25000.0,0,0.0,0,0.0,0.0,24500.0,82402,,New,9114190244,,,,
80964,101,7,RSL/25-26/146,2025-08-12 00:00:00,2,102,SOMANATH BISWAL,"TANGI,KHURDA,ODISHA
",85242.72,0.0,85242.72,2557.28,0.0,87800.0,0,0.0,0,0.0,0.0,87800.0,82403,,New,8260916924,,,,
80965,101,7,RSL/25-26/147,2025-08-12 00:00:00,2,102,MIKHAIL KHAN,"BBSR
",15601.94,70.0,15601.94,468.06,0.0,16070.0,0,0.0,0,0.0,0.0,16000.0,82404,,New,0,,,,
80966,101,7,RSL/25-26/148,2025-08-12 00:00:00,2,102,MIKHAIL KHAN,"BBSR
",27184.47,0.0,27184.47,815.54,0.0,28000.0,0,0.0,0,0.0,0.0,28000.0,82405,,New,0,,,,
80967,101,7,RSL/25-26/149,2025-08-12 00:00:00,2,102,RAJASHREE SAHOO,"BBSR
",125242.72,0.0,125242.72,3757.28,0.0,129000.0,0,0.0,0,0.0,0.0,129000.0,82406,,New,8658169300,,,,
81961,101,7,RSL/25-26/150,2025-08-14 00:00:00,2,102,SAJIA BEGUM,"BBSR
",3203.81,0.0,3203.81,96.12,0.08,3299.92,0,0.0,0,0.0,0.0,3300.0,83400,,New,0,,,,
81962,101,7,RSL/25-26/151,2025-08-16 00:00:00,2,102,PRADEEP NANDA,"BBSR
",36242.0,1329.0,36242.0,1087.26,-0.26,37329.26,0,0.0,0,0.0,0.0,36000.0,83401,,New,0,,,,
82961,101,7,RSL/25-26/152,2025-08-20 00:00:00,2,102,BABUL GUPTA,"BBSR
",19902.91,0.0,19902.91,597.08,0.0,20500.0,0,0.0,0,0.0,0.0,20500.0,84400,,New,0,,,,
82962,101,7,RSL/25-26/153,2025-08-21 00:00:00,2,102,SANTOSH BEHERA,"BBSR
",18422.33,0.0,18422.33,552.66,0.0,18975.0,0,0.0,0,0.0,0.0,18975.0,84401,,New,7609875391,,,,
83962,101,7,RSL/25-26/154,2025-08-22 00:00:00,2,102,MAITRAY MISHRA,"BBSR
",143410.68,0.0,143410.68,4302.32,0.0,147713.0,0,0.0,0,0.0,0.0,147713.0,85401,,New,0,,,,
83963,101,7,RSL/25-26/155,2025-08-26 00:00:00,2,102,MAITRAY MISHRA,"BBSR
",150039.81,0.0,150039.81,4501.2,0.0,154541.0,0,0.0,0,0.0,0.0,154541.0,85402,,New,0,,,,
83964,101,7,RSL/25-26/156,2025-08-25 00:00:00,2,102,MANSI CHOUDHREY,"BBSR
",6019.42,0.0,6019.42,180.58,0.0,6200.0,0,0.0,0,0.0,0.0,6200.0,85403,,New,8018854156,,,,
83965,101,7,RSL/25-26/157,2025-08-28 00:00:00,2,102,MANAS PATRA,"BBSR
",35242.72,0.0,35242.72,1057.28,0.0,36300.0,0,0.0,0,0.0,0.0,36300.0,85404,,New,9078405914,,,,
84962,101,7,RSL/25-26/158,2025-08-29 00:00:00,2,102,SANTOSH BEHERA,,85969.9,0.0,85969.9,2579.1,0.0,88549.0,0,0.0,0,0.0,0.0,88549.0,87402,,Modified,0,,,\,
84963,101,7,RSL/25-26/159,2025-08-30 00:00:00,2,102,SIMA REKHA,"BBSR
",32233.01,0.0,32233.01,967.0,0.0,33200.0,0,0.0,0,0.0,0.0,33200.0,86402,,New,7002314015,,,,
85962,101,7,RSL/25-26/160,2025-09-01 00:00:00,2,102,MAITRAY MISHRA,"BBSR
",93139.8,0.0,93139.8,2794.2,0.0,95934.0,0,0.0,0,0.0,0.0,95934.0,87403,,New,0,,,,
85963,101,7,RSL/25-26/161,2025-08-31 00:00:00,2,102,GARGI PATTNAIK,"BBSR
",68264.07,0.0,68264.07,2047.92,0.0,70312.0,0,0.0,0,0.0,0.0,70312.0,87404,,New,0,,,,
86962,101,7,RSL/25-26/162,2025-09-02 00:00:00,2,102,DEEPAK KUMAR BEHERA,"BBSR
",12620.87,0.0,12620.87,378.62,0.5,12999.5,0,0.0,0,0.0,0.0,13000.0,88401,,New,0,,,,
86963,101,7,RSL/25-26/163,2025-09-05 00:00:00,2,102,CHINTU ,"BBSR
",32524.27,0.0,32524.27,975.72,0.0,33500.0,0,0.0,0,0.0,0.0,33500.0,88402,,New,9583378661,,,,
86964,101,7,RSL/25-26/164,2025-09-05 00:00:00,2,102,SANDEEP SAHOO,"BBSR
",72815.53,0.0,72815.53,2184.46,0.0,75000.0,0,0.0,0,0.0,0.0,75000.0,88403,,New,0,,,,
86965,101,7,RSL/25-26/165,2025-09-06 00:00:00,2,102,SANTOSH BEHERA,"BBSR
",67915.53,0.0,67915.53,2037.46,0.0,69953.0,0,0.0,0,0.0,0.0,69953.0,88404,,New,0,,,,
87965,101,7,RSL/25-26/166,2025-09-09 00:00:00,2,102,SANTOSH BEHERA,"BBSR
",37179.61,0.0,37179.61,1115.38,0.0,38295.0,0,0.0,0,0.0,0.0,38295.0,89404,,New,0,,,,
87966,101,7,RSL/25-26/167,2025-09-11 00:00:00,2,102,ANUBHUTI,"BBSR
",138374.3,26.0,138374.3,4151.22,0.47,142525.53,0,0.0,0,0.0,0.0,142500.0,89405,,New,7077523510,,,,
87967,101,7,RSL/25-26/168,2025-09-12 00:00:00,2,102,ANUBHUTI,"BBSR
",245686.09,57.0,245686.09,7370.58,0.33,253056.67,0,0.0,0,0.0,0.0,253000.0,89406,,New,7077523510,,,1,
87968,101,7,RSL/25-26/169,2025-09-14 00:00:00,2,102,TILOTAMA TANTI,"BBSR
",6796.12,0.0,6796.12,203.88,0.0,7000.0,0,0.0,0,0.0,0.0,7000.0,89407,,New,0,,,,
88968,101,7,RSL/25-26/170,2025-09-16 00:00:00,2,102,DIBYA JEEBANA PANIGRAHI,"BBSR
",50485.44,0.0,50485.44,1514.56,0.0,52000.0,0,0.0,0,0.0,0.0,52000.0,90407,,New,9658285658,,,,
88969,101,7,RSL/25-26/171,2025-09-15 00:00:00,2,102,SUBASH CHANDRA GUPTA,"BBSR
",79514.56,0.0,79514.56,2385.44,0.0,81900.0,0,0.0,0,0.0,0.0,81900.0,90408,,New,9338463420,,,,
88970,101,7,RSL/25-26/172,2025-09-19 00:00:00,2,102,SANTOSH BEHERA,"BBSR
",15929.13,0.0,15929.13,477.88,0.0,16407.0,0,0.0,0,0.0,0.0,16407.0,90409,,New,0,,,,
89970,101,7,RSL/25-26/173,2025-09-21 00:00:00,2,102,SRIKANT KUMAR PARIDA,"BBSR
",302084.47,147.0,302084.47,9062.54,0.0,311147.0,0,0.0,0,0.0,0.0,311000.0,91409,,New,8908640498,,,821587420344,
90970,101,7,RSL/25-26/174,2025-09-22 00:00:00,2,102,SANDEEP SINGH,"BBSR
",374684.47,0.0,374684.47,11240.54,0.0,385925.0,0,0.0,0,0.0,0.0,385925.0,92409,,New,0,,,1,
91970,101,7,RSL/25-26/175,2025-09-24 00:00:00,2,102,NANDA GOUDA,"BBSR
",24271.84,0.0,24271.84,728.16,0.0,25000.0,0,0.0,0,0.0,0.0,25000.0,93410,,New,9937572092,,,,
92970,101,7,RSL/25-26/176,2025-09-24 00:00:00,2,102,SANTOSH BEHERA,"BBSR
",13646.6,0.0,13646.6,409.4,0.0,14056.0,0,0.0,0,0.0,0.0,14056.0,94409,,New,0,,,,
92971,101,7,RSL/25-26/177,2025-09-25 00:00:00,2,102,SUMAN PRUSTY,"BBSR
",3640.78,0.0,3640.78,109.22,0.0,3750.0,0,0.0,0,0.0,0.0,3750.0,94410,,New,9861206277,,,,
93970,101,7,RSL/25-26/178,2025-09-26 00:00:00,2,102,SANTOSH BEHERA,"BBSR
",22008.74,0.0,22008.74,660.26,0.0,22669.0,0,0.0,0,0.0,0.0,22669.0,95409,,New,0,,,,
93971,101,7,RSL/25-26/179,2025-09-26 00:00:00,2,102,MITU DAS,"BBSR
",61685.44,0.0,61685.44,1850.56,0.0,63536.0,0,0.0,0,0.0,0.0,63536.0,95410,,New,0,,,,
93972,101,7,RSL/25-26/180,2025-09-26 00:00:00,2,102,MAITRAY MISHRA,"BBSR
",64549.51,0.0,64549.51,1936.48,0.0,66486.0,0,0.0,0,0.0,0.0,66486.0,95411,,New,0,,,,
93973,101,7,RSL/25-26/181,2025-09-26 00:00:00,2,102,SWETASMITA ,"BBSR
",6864.08,70.0,6864.08,205.92,0.0,7070.0,0,0.0,0,0.0,0.0,7000.0,95412,,New,7008037191,,,,
93974,101,7,RSL/25-26/182,2025-09-26 00:00:00,2,102,MANOJ DAS,"BBSR
",5048.55,0.0,5048.55,151.46,0.0,5200.0,0,0.0,0,0.0,0.0,5200.0,95413,,New,0,,,,
94970,101,7,RSL/25-26/183,2025-09-29 00:00:00,2,102,ZAKIR USIN,"BBSR
",5048.54,0.0,5048.54,151.46,0.0,5200.0,0,0.0,0,0.0,0.0,5200.0,96409,,New,0,,,,
94971,101,7,RSL/25-26/184,2025-09-28 00:00:00,2,102,MICKEY,"BBSR
",1941.75,0.0,1941.75,58.26,0.0,2000.0,0,0.0,0,0.0,0.0,2000.0,96410,,New,9937182856,,,,
94972,101,7,RSL/25-26/185,2025-10-04 00:00:00,2,102,BUTU BEHERA,"
BBSR
",13495.36,0.0,13495.36,404.86,-0.22,13900.22,0,0.0,0,0.0,0.0,13900.0,96411,,New,0,,,,
94973,101,7,RSL/25-26/186,2025-10-04 00:00:00,2,102,MAITRAY MISHRA,"BBSR
",135922.33,0.0,135922.33,4077.66,0.0,140000.0,0,0.0,0,0.0,0.0,140000.0,96412,,New,0,,,,
94974,101,7,RSL/25-26/187,2025-10-08 00:00:00,2,102,CHINMAYE BEHERA,"BBSR
",161165.05,0.0,161165.05,4834.96,0.0,166000.0,0,0.0,0,0.0,0.0,166000.0,96413,,New,7750046486,,,,
94975,101,7,RSL/25-26/188,2025-10-08 00:00:00,2,102,AYESHA ,"BBSR
",3106.8,0.0,3106.8,93.2,0.0,3200.0,0,0.0,0,0.0,0.0,3200.0,96414,,New,6371221734,,,,
94976,101,7,RSL/25-26/189,2025-10-08 00:00:00,2,102,MAITRAY MISHRA,"BBSR
",79323.3,0.0,79323.3,2379.7,0.0,81703.0,0,0.0,0,0.0,0.0,81703.0,96415,,New,0,,,,
94977,101,7,RSL/25-26/190,2025-10-09 00:00:00,2,102,PITWAS PRADHAN,"BBSR
",6116.5,0.0,6116.5,183.5,0.0,6300.0,0,0.0,0,0.0,0.0,6300.0,96416,,New,0,,,,
94978,101,7,RSL/25-26/191,2025-10-09 00:00:00,2,102,MD JAWED HASAN,"BBSR
",182523.95,0.0,182523.95,5475.72,0.33,187999.67,0,0.0,0,0.0,0.0,188000.0,96421,,Modified,0,,,,
94979,101,7,RSL/25-26/192,2025-10-10 00:00:00,2,102,ANSUMAN TRIPATHY,"PLOT NO-955,SRIRAM NAGAR,BBSR

",243495.15,0.0,243495.15,7304.86,-0.01,250800.01,0,0.0,0,0.0,0.0,250800.0,97418,,Modified,9090534728,,,BAAPT6266Q,
95979,101,7,RSL/25-26/193,2025-10-11 00:00:00,2,102,SONALI AHUJA,"BBSR
",10873.79,0.0,10873.79,326.22,0.0,11200.0,0,0.0,0,0.0,0.0,11200.0,97419,,New,0,,,,
95980,101,7,RSL/25-26/194,2025-10-12 00:00:00,2,102,KRISHNA,"BBSR
",22524.27,0.0,22524.27,675.72,0.0,23200.0,0,0.0,0,0.0,0.0,23200.0,97420,,New,0,,,,
95981,101,7,RSL/25-26/195,2025-10-12 00:00:00,2,102,SUSMITA MOHANTY,"BBSR
",10679.61,0.0,10679.61,320.38,0.0,11000.0,0,0.0,0,0.0,0.0,11000.0,97421,,New,8249902323,,,,
95982,101,7,RSL/25-26/196,2025-10-14 00:00:00,2,102,AJAY KUMAR SAHU,"BBSR
",152300.0,19.0,152300.0,4569.0,0.0,156869.0,0,0.0,0,0.0,0.0,156850.0,97422,,New,0,,,,
95983,101,7,RSL/25-26/197,2025-10-13 00:00:00,2,102,AHALIYA SAHU,"BBSR
",152300.0,19.0,152300.0,4569.0,0.0,156869.0,0,0.0,0,0.0,0.0,156850.0,97423,,New,0,,,,
95984,101,7,RSL/25-26/198,2025-10-16 00:00:00,2,102,GOPAL PRASAD AGRWAL,"BBSR RSUALGADA,
",586273.79,722.0,586273.79,17588.22,0.0,603862.0,0,0.0,0,0.0,0.0,603140.0,99426,,Modified,9439850965,,,AAXPA8435A,
96984,101,7,RSL/25-26/199,2025-10-16 00:00:00,2,102,PRATIMA NAYAK,"BBSR
",223300.97,0.0,223300.97,6699.02,0.0,230000.0,0,0.0,0,0.0,0.0,230000.0,98424,,New,0,,,AWDPN6071F,
96985,101,7,RSL/25-26/200,2025-10-16 00:00:00,2,102,FANI SAHU,"BBSR
",19417.48,0.0,19417.48,582.52,0.0,20000.0,0,0.0,0,0.0,0.0,20000.0,98425,,New,0,,,,
97984,101,7,RSL/25-26/201,2025-10-17 00:00:00,2,102,SONALI MISHRA,"BBSR
",64563.11,0.0,64563.11,1936.9,0.0,66500.0,0,0.0,0,0.0,0.0,66500.0,99424,,New,8260354100,,,,
97985,101,7,RSL/25-26/202,2025-10-18 00:00:00,2,102,JHANSI RANI BEHERA,"BBSR
",55466.02,130.0,55466.02,1663.98,0.0,57130.0,0,0.0,0,0.0,0.0,57000.0,100425,,New,0,,,,
98985,101,7,RSL/25-26/203,2025-10-19 00:00:00,2,102,SUMATI BEHERA,"BBSR
",213397.8,0.0,213397.8,6401.94,0.27,219799.73,0,0.0,0,0.0,0.0,219800.0,106499,,Modified,0,,21BSYPB8602GIZS,BSYPB8602G,
98986,101,7,RSL/25-26/204,2025-10-18 00:00:00,2,102,PRANATI BEHERA,"BBSR
",117281.41,0.0,117281.41,3518.44,0.15,120799.85,0,0.0,0,0.0,0.0,120800.0,106498,,Modified,0,,,,
98987,101,7,RSL/25-26/205,2025-10-19 00:00:00,2,102,NIRAJITA MOHANTY,"
BBSR

BBSR",114687.15,0.0,114687.15,3440.62,0.24,118127.76,0,0.0,0,0.0,0.0,118128.0,101427,,New,0,,,,
98988,101,7,RSL/25-26/206,2025-10-18 00:00:00,2,102,MOHIT NARULA,"BBSR
",95495.15,360.0,95495.15,2864.86,-0.01,98360.01,0,0.0,0,0.0,0.0,98000.0,101428,,New,0,,,,
98989,101,7,RSL/25-26/207,2025-10-19 00:00:00,2,102,ABHIJEET PRADHAN,"BBSR
",11067.96,0.0,11067.96,332.04,0.0,11400.0,0,0.0,0,0.0,0.0,11400.0,101429,,New,0,,,,
98990,101,7,RSL/25-26/208,2025-10-18 00:00:00,2,102,SUCHISMITA,,61165.05,0.0,61165.05,1834.96,-0.01,63000.01,0,0.0,0,0.0,0.0,63000.0,118629,,Modified,0,,,,
98991,101,7,RSL/25-26/209,2025-10-18 00:00:00,2,102,SANJYA PATRA,"BBSR
",63107.07,0.0,63107.07,1893.22,-0.28,65000.28,0,0.0,0,0.0,0.0,65000.0,101431,,New,0,,,,
98992,101,7,RSL/25-26/210,2025-10-18 00:00:00,2,102,PANCHANA SHARMA,"BBSR
",23300.97,0.0,23300.97,699.02,0.01,23999.99,0,0.0,0,0.0,0.0,24000.0,104455,,Modified,0,,,,
98993,101,7,RSL/25-26/211,2025-10-18 00:00:00,2,102,CHINMAYA PANDA,"BBSR
",38683.5,44.0,38683.5,1160.5,-0.01,39844.01,0,0.0,0,0.0,0.0,39800.0,101433,,New,0,,,,
98994,101,7,RSL/25-26/212,2025-10-18 00:00:00,2,102,BHARAT ROUT,"BBSR
",205339.81,0.0,205339.81,6160.2,-0.01,211500.01,0,0.0,0,0.0,0.0,211500.0,106507,,Modified,7978639089,,,108,
98995,101,7,RSL/25-26/213,2025-10-20 00:00:00,2,102,DEBASHIS SAHOO,"BBSR
",22375.73,0.0,22375.73,671.28,0.0,23047.0,0,0.0,0,0.0,0.0,23047.0,101435,,New,0,,,,
98996,101,7,RSL/25-26/214,2025-10-18 00:00:00,2,102,SUBRAT,"BBSR
",21699.03,0.0,21699.03,650.98,0.0,22350.0,0,0.0,0,0.0,0.0,22350.0,103452,,Modified,9937978309,,,,
98997,101,7,RSL/25-26/215,2025-10-18 00:00:00,2,102,PIKAL RAMU,"BBSR
",970.87,0.0,970.87,29.12,0.0,1000.0,0,0.0,0,0.0,0.0,1000.0,101437,,New,9338177616,,,,
98998,101,7,RSL/25-26/216,2025-10-18 00:00:00,2,102,SANJEI AGARWAL,"BBSR
",1941.75,0.0,1941.75,58.26,0.0,2000.0,0,0.0,0,0.0,0.0,2000.0,101438,,New,9937217099,,,,
98999,101,7,RSL/25-26/217,2025-10-18 00:00:00,2,102,PRAGYA PATI,"BBSR
",1067.96,0.0,1067.96,32.04,0.0,1100.0,0,0.0,0,0.0,0.0,1100.0,101439,,New,8249964622,,,,
99000,101,7,RSL/25-26/218,2025-10-18 00:00:00,2,102,SUBASHIS PATTANAIK,"BBSR
",1941.75,0.0,1941.75,58.26,0.0,2000.0,0,0.0,0,0.0,0.0,2000.0,101440,,New,9437367514,,,,
99991,101,7,RSL/25-26/219,2025-10-19 00:00:00,2,102,RAKESH PATRA,"BBSR
",27475.72,0.0,27475.72,824.28,0.0,28300.0,0,0.0,0,0.0,0.0,28300.0,102431,,New,0,,\,,
99992,101,7,RSL/25-26/220,2025-10-18 00:00:00,2,102,RONAK KUMAR KAR,"RASULGARH
",2184.47,0.0,2184.47,65.54,0.0,2250.0,0,0.0,0,0.0,0.0,2250.0,102432,,New,9090959696,,,,
100992,101,7,RSL/25-26/221,2025-10-18 00:00:00,2,102,MADHAB PRADHAN,"BBSR
",38912.0,79.0,38912.0,1167.36,-0.36,40079.36,0,0.0,0,0.0,0.0,40000.0,103432,Enter Additional Information,New,7894636740,,,,
100993,101,7,RSL/25-26/222,2025-10-18 00:00:00,2,102,PRAFULLA KUMAR SAHOO,"BBSR
",288349.51,0.0,288349.51,8650.48,0.0,297000.0,0,0.0,0,0.0,0.0,297000.0,103433,,New,0,,,BCNPS4286G,
100994,101,7,RSL/25-26/223,2025-10-18 00:00:00,2,102,NIVEDITA VEDURLA,"BBSR
",825.24,0.0,825.24,24.76,0.0,850.0,0,0.0,0,0.0,0.0,850.0,103434,,New,0,,,,
100995,101,7,RSL/25-26/224,2025-10-18 00:00:00,2,102,CASH,"BBSR

",1165.05,0.0,1165.05,34.96,0.0,1200.0,0,0.0,0,0.0,0.0,1200.0,103435,,New,0,,,,
100996,101,7,RSL/25-26/225,2025-10-18 00:00:00,2,102,CASH,"BBSR

",1165.05,0.0,1165.05,34.96,0.0,1200.0,0,0.0,0,0.0,0.0,1200.0,103436,,New,0,,,,
100997,101,7,RSL/25-26/226,2025-10-18 00:00:00,2,102,SRIMOY MOHANTY,"BBSR
",1165.05,0.0,1165.05,34.96,0.0,1200.0,0,0.0,0,0.0,0.0,1200.0,103437,,New,0,,,,
100998,101,7,RSL/25-26/227,2025-10-18 00:00:00,2,102,SANDEEP SHARMA,"BBSR
",2038.83,0.0,2038.83,61.16,0.01,2099.99,0,0.0,0,0.0,0.0,2100.0,103438,,New,7008849461,,,,
100999,101,7,RSL/25-26/228,2025-10-18 00:00:00,2,102,RAHUL KUMAR,"BBSR
",9223.3,0.0,9223.3,276.7,0.0,9500.0,0,0.0,0,0.0,0.0,9500.0,103439,,New,0,,,,
101000,101,7,RSL/25-26/229,2025-10-18 00:00:00,2,102,DILIP SAHOO,"BBSR
",1941.75,0.0,1941.75,58.26,0.0,2000.0,0,0.0,0,0.0,0.0,2000.0,103440,,New,9583364632,,,,
101001,101,7,RSL/25-26/230,2025-10-18 00:00:00,2,102,BISWA RANJAN,"BBSR
",3495.14,0.0,3495.14,104.86,0.01,3599.99,0,0.0,0,0.0,0.0,3600.0,103441,,New,0,,,,
101002,101,7,RSL/25-26/231,2025-10-18 00:00:00,2,102,DOLLY PADHY,"BBSR
",776.7,0.0,776.7,23.3,0.0,800.0,0,0.0,0,0.0,0.0,800.0,103442,,New,6371951060,,,,
101003,101,7,RSL/25-26/232,2025-10-18 00:00:00,2,102,BIPI PUJARI,"BBSR
",970.87,0.0,970.87,29.12,0.0,1000.0,0,0.0,0,0.0,0.0,1000.0,103443,,New,943716043,,,,
101004,101,7,RSL/25-26/233,2025-10-18 00:00:00,2,102,SUBHARDAESHI PATTNAIK,"BBSR
",1941.75,0.0,1941.75,58.26,0.0,2000.0,0,0.0,0,0.0,0.0,2000.0,103444,,New,9437367514,,,,
101005,101,7,RSL/25-26/234,2025-10-18 00:00:00,2,102,KARTHIK SAHOO,"BBSR
",25145.63,0.0,25145.63,754.36,0.0,25900.0,0,0.0,0,0.0,0.0,25900.0,103445,,New,9938689801,,,,
101006,101,7,RSL/25-26/235,2025-10-18 00:00:00,2,102,NABA GHANA SENAPATI,"BBSR
",2621.36,0.0,2621.36,78.64,0.0,2700.0,0,0.0,0,0.0,0.0,2700.0,103446,,New,8917299454,,,,
101007,101,7,RSL/25-26/236,2025-10-19 00:00:00,2,102,SUBHRANSU SEKHAR,"BBSR
",1165.05,0.0,1165.05,34.96,0.0,1200.0,0,0.0,0,0.0,0.0,1200.0,103447,,New,0,,,,
101008,101,7,RSL/25-26/237,2025-10-19 00:00:00,2,102,CASH,"BBSR
",1844.66,0.0,1844.66,55.34,0.0,1900.0,0,0.0,0,0.0,0.0,1900.0,103448,,New,0,,,,
101009,101,7,RSL/25-26/238,2025-10-20 00:00:00,2,102,KUNA,"BBSR
",2155.34,0.0,2155.34,64.66,0.0,2220.0,0,0.0,0,0.0,0.0,2220.0,103449,,New,0,,,,
101010,101,7,RSL/25-26/239,2025-10-24 00:00:00,2,102,NARTAM MOHANTY,"BBSR
",43203.88,0.0,43203.88,1296.12,0.0,44500.0,0,0.0,0,0.0,0.0,44500.0,103450,,New,0,,,,
101011,101,7,RSL/25-26/240,2025-10-25 00:00:00,2,102,DIBYA JEEBAN PANIGRAHI,"BBSR
",65048.54,0.0,65048.54,1951.46,0.0,67000.0,0,0.0,0,0.0,0.0,67000.0,103453,,New,9658285658,,,,
101012,101,7,RSL/25-26/241,2025-10-25 00:00:00,2,102,SEEMA MISHRA,"BBSR
",51456.31,0.0,51456.31,1543.68,0.0,53000.0,0,0.0,0,0.0,0.0,53000.0,103454,,New,0,,,,
101013,101,7,RSL/25-26/242,2025-10-26 00:00:00,2,102,VANDANA MISHRA,"BBSR
",23142.0,1036.26,23142.0,694.26,0.0,23836.26,0,0.0,0,0.0,0.0,22800.0,103455,Enter Additional Information,New,8895555187,,,,
101014,101,7,RSL/25-26/243,2025-10-26 00:00:00,2,102,SANGEETA MALICK,"BBSR
",39805.83,0.0,39805.83,1194.18,0.0,41000.0,0,0.0,0,0.0,0.0,41000.0,103456,,New,9090735246,,,,
101015,101,7,RSL/25-26/244,2025-10-26 00:00:00,2,102,SANJAY MOHARAJ,"BBSR
",278641.42,0.0,278641.42,8359.24,0.34,287000.66,0,0.0,0,0.0,0.0,287001.0,103457,,New,8249192843,,21AVSPM4179R1ZN,AVSPM4179R,
102013,101,7,RSL/25-26/245,2025-10-29 00:00:00,2,102,MAITRAY MISHRA,"BBSR
",30989.0,1919.0,30989.0,929.68,0.33,31918.67,0,0.0,0,0.0,0.0,30000.0,104456,,New,0,,,,
102014,101,7,RSL/25-26/246,2025-10-28 00:00:00,2,102,MOHIT NARUAL,"BBSR
",83009.71,0.0,83009.71,2490.3,-0.01,85500.01,0,0.0,0,0.0,0.0,85500.0,104457,,New,0,,,,
102015,101,7,RSL/25-26/247,2025-10-29 00:00:00,2,102,PALEI JENA,"BBSR
",10679.61,0.0,10679.61,320.38,0.0,11000.0,0,0.0,0,0.0,0.0,11000.0,104458,,New,0,,,,
102016,101,7,RSL/25-26/248,2025-10-29 00:00:00,2,102,RANI GANGULI,"BBSR
",131067.96,0.0,131067.96,3932.04,0.0,135000.0,0,0.0,0,0.0,0.0,135000.0,104459,,New,0,,,,
102017,101,7,RSL/25-26/249,2025-10-29 00:00:00,2,102,SUMITRA JENA,"BBSR
",118446.6,0.0,118446.6,3553.4,0.0,122000.0,0,0.0,0,30000.0,0.0,92000.0,104468,,Modified,7894083568,,,,
102018,101,7,RSL/25-26/250,2025-10-31 00:00:00,2,102,SANGITA MISHRA,"BBSR 
",185022.32,0.0,185022.32,5550.66,0.02,190572.98,0,0.0,0,0.0,0.0,190573.0,104473,,Modified,7064608486,,,,
102019,101,7,RSL/25-26/251,2025-10-31 00:00:00,2,102,LUCKY BARIK,"BBSR
",25728.38,0.0,25728.38,771.86,-0.23,26500.23,0,0.0,0,0.0,0.0,26500.0,104472,,Modified,0,,,,
102020,101,7,RSL/25-26/252,2025-11-30 00:00:00,2,102,PINKY AGRWAL,"BBSR
",9223.3,0.0,9223.3,276.7,0.0,9500.0,0,0.0,0,0.0,0.0,9500.0,104467,,New,0,,,,
102021,101,7,RSL/25-26/253,2025-11-18 00:00:00,2,102,RITA MONI BORAH,"BBSR
",19271.84,0.0,19271.84,578.16,0.0,19850.0,0,0.0,0,0.0,0.0,19850.0,104469,,New,0,,,,
102022,101,7,RSL/25-26/254,2025-11-02 00:00:00,2,102,ASHOK KUMAR BISWAL,"BBSR
",41747.58,0.0,41747.58,1252.42,0.0,43000.0,0,0.0,0,0.0,0.0,43000.0,104470,,New,9776101895,,,,
102023,101,7,RSL/25-26/255,2025-11-03 00:00:00,2,102,TANISHA JAIN,"BBSR
",38155.34,0.0,38155.34,1144.66,0.0,39300.0,0,0.0,0,0.0,0.0,39300.0,104471,,New,7205564006,,,,
102024,101,7,RSL/25-26/256,2025-11-04 00:00:00,2,102,PREETI,"BBSR
",22815.53,0.0,22815.53,684.46,0.0,23500.0,0,0.0,0,0.0,0.0,23500.0,104474,,New,9337046487,,,,
102025,101,7,RSL/25-26/257,2025-11-05 00:00:00,2,102,SANGRAM KESARI KHUNTIA,"BBSR
",398334.95,285.0,398334.95,11950.04,0.0,410285.0,0,0.0,0,30000.0,0.0,380000.0,104476,,New,6360871398,,,FBNPK9371P,
102026,101,7,RSL/25-26/258,2025-11-05 00:00:00,2,102,SARMISTHA CHOUDHERY,"BBSR
",95631.07,0.0,95631.07,2868.94,0.0,98500.0,0,0.0,0,0.0,0.0,98500.0,104477,,New,7978957510,,,,
102027,101,7,RSL/25-26/259,2025-11-05 00:00:00,2,102,PRAKASH KUMAR,"BBSR
",17475.73,0.0,17475.73,524.28,0.0,18000.0,0,0.0,0,7500.0,0.0,10500.0,104479,,New,0,,,,
102028,101,7,RSL/25-26/260,2025-11-05 00:00:00,2,102,LUCKY BARIK,"BBSR
",25728.15,0.0,25728.15,771.84,0.0,26500.0,0,0.0,0,0.0,0.0,26500.0,104480,,New,0,,,,
102029,101,7,RSL/25-26/261,2025-11-08 00:00:00,2,102,MAITRAY MISHRA,"BBSR

",11305.0,644.0,11305.0,339.16,-0.15,11644.15,0,0.0,0,0.0,0.0,11000.0,105481,,New,0,,,,
102030,101,7,RSL/25-26/262,2025-11-08 00:00:00,2,102,SITU  MISHRA,"BBSR
",38171.0,1316.0,38171.0,1145.14,-0.13,39316.13,0,0.0,0,0.0,0.0,38000.0,105482,,New,0,,,,
102031,101,7,RSL/25-26/263,2025-11-08 00:00:00,2,102,SIMA DATTA,"BBSR
",174271.84,0.0,174271.84,5228.16,0.0,179500.0,0,0.0,0,0.0,0.0,179500.0,105483,,New,0,,,,
102032,101,7,RSL/25-26/264,2025-11-09 00:00:00,2,102,SURAJ SAHA,"BBSR
",104514.56,0.0,104514.56,3135.44,0.0,107650.0,0,0.0,0,0.0,0.0,107650.0,105484,,New,0,,,,
102033,101,7,RSL/25-26/265,2025-11-10 00:00:00,2,102,TANMAY KUMAR ACHARYA,"BBSR
",116504.45,0.0,116504.45,3495.14,0.41,119999.59,0,0.0,0,0.0,0.0,120000.0,105485,,New,9147078890,,,,
102034,101,7,RSL/25-26/266,2025-11-11 00:00:00,2,102,LALATENDEU SWAIN,"BBSR
",5728.16,0.0,5728.16,171.84,0.0,5900.0,0,0.0,0,2200.0,0.0,3700.0,105487,,New,8984701027,,,,
102035,101,7,RSL/25-26/267,2025-11-12 00:00:00,2,102,MOHAMMED AKIQUE,"BBSR
",41747.57,0.0,41747.57,1252.42,0.01,42999.99,0,0.0,0,0.0,0.0,43000.0,105489,,Modified,0,,,,
102036,101,7,RSL/25-26/268,2025-11-13 00:00:00,2,102,ARCHNA GUPTA,"BBSR
",387378.64,0.0,387378.64,11621.36,0.0,399000.0,0,0.0,0,0.0,0.0,399000.0,105490,,New,0,,,1,
102037,101,7,RSL/25-26/269,2025-11-20 00:00:00,2,102,ASHOK SWAIN,"BBSR
",21553.4,0.0,21553.4,646.6,0.0,22200.0,0,0.0,0,0.0,0.0,22200.0,105491,,New,0,,,,
102038,101,7,RSL/25-26/270,2025-11-21 00:00:00,2,102,BAPI,"BBSR
",33786.41,0.0,33786.41,1013.6,0.0,34800.0,0,0.0,0,0.0,0.0,34800.0,105492,,New,0,,,,
102039,101,7,RSL/25-26/271,2025-11-21 00:00:00,2,102,MINA RANI PUHAN,"BBSR
",21941.75,0.0,21941.75,658.26,0.0,22600.0,0,0.0,0,0.0,0.0,22600.0,105493,,New,9861877013,,,,
103037,101,7,RSL/25-26/272,2025-11-22 00:00:00,2,102,AMITA WHOM,"BBSR
",24951.46,0.0,24951.46,748.54,0.0,25700.0,0,0.0,0,0.0,0.0,25700.0,106491,,New,9437153996,,,,
103038,101,7,RSL/25-26/273,2025-11-22 00:00:00,2,102,BNI,"BBSR
",26456.31,0.0,26456.31,793.68,0.0,27250.0,0,0.0,0,0.0,0.0,27250.0,106492,,New,0,,,,
103039,101,7,RSL/25-26/274,2025-11-22 00:00:00,2,102,SAMEER,"BBSR
",13167.0,562.0,13167.0,395.02,-0.01,13562.01,0,0.0,0,0.0,0.0,13000.0,106493,,New,0,,,\,
103040,101,7,RSL/25-26/275,2025-11-22 00:00:00,2,102,ANUBHUTI SAHOO,"BBSR
",648543.69,0.0,648543.69,19456.32,0.0,668000.0,0,0.0,0,552000.0,0.0,116000.0,106496,,New,7077523510,,,1,
103041,101,7,RSL/25-26/276,2025-11-25 00:00:00,2,102,RAHUL SAHOO,"BBSR
",36796.12,0.0,36796.12,1103.88,0.0,37900.0,0,0.0,0,0.0,0.0,37900.0,106497,,New,6371814299,,,,
103042,101,7,RSL/25-26/277,2025-11-25 00:00:00,2,102,SUBENDU SAHOO,"BBSR
",79611.65,0.0,79611.65,2388.34,0.0,82000.0,0,0.0,0,0.0,0.0,82000.0,106500,,New,0,,,,
103043,101,7,RSL/25-26/278,2025-11-26 00:00:00,2,102,MANOJ ,"BBSR
",14271.84,0.0,14271.84,428.16,0.0,14700.0,0,0.0,0,0.0,0.0,14700.0,106501,,New,0,,,,
103044,101,7,RSL/25-26/279,2025-11-27 00:00:00,2,102,JYOTI MOHANTY,"BBSR
",34447.0,0.0,34447.0,1033.42,-0.41,35480.41,0,0.0,0,0.0,0.0,35480.0,106502,,New,0,,,,
103045,101,7,RSL/25-26/280,2025-11-26 00:00:00,2,102,SANTOSH BEHERA,"BBSR
",50058.25,0.0,50058.25,1501.74,0.0,51560.0,0,0.0,0,0.0,0.0,51560.0,106503,,New,0,,,,
103046,101,7,RSL/25-26/281,2025-11-27 00:00:00,2,102,SANTOSH BEHERA,"BBSR
",124699.03,0.0,124699.03,3740.98,0.0,128440.0,0,0.0,0,0.0,0.0,128440.0,106504,,New,0,,,,
103047,101,7,RSL/25-26/282,2025-11-27 00:00:00,2,102,SANTOSH BEHERA,"BBSR
",144960.2,0.0,144960.2,4348.8,0.0,149309.0,0,0.0,0,0.0,0.0,149309.0,106505,,New,0,,,,
103048,101,7,RSL/25-26/283,2025-11-27 00:00:00,2,102,SANTOSH BEHERA,"BBSR
",136523.3,0.0,136523.3,4095.7,0.0,140619.0,0,0.0,0,0.0,0.0,140619.0,106506,,New,7609875391,,,,
103049,101,7,RSL/25-26/284,2025-11-27 00:00:00,2,102,ISHAN PATTNAIK,"MAUSHIMA CHOWK,BBSR
",776.7,0.0,776.7,23.3,0.0,800.0,0,0.0,0,0.0,0.0,800.0,106508,,New,9090212938,,,,
103050,101,7,RSL/25-26/285,2025-11-26 00:00:00,2,102,BNI MOMENTO,"BBSR
",9708.74,0.0,9708.74,291.26,0.0,10000.0,0,0.0,0,0.0,0.0,10000.0,106509,,New,0,,,,
103051,101,7,RSL/25-26/286,2025-11-26 00:00:00,2,102,HARASMITA DASH,"BBSR
",2572.82,0.0,2572.82,77.18,0.0,2650.0,0,0.0,0,0.0,0.0,2650.0,106510,,New,0,,,,
103052,101,7,RSL/25-26/287,2025-11-26 00:00:00,2,102,KANISKA ROUT,"BBSR
",1067.96,0.0,1067.96,32.04,0.0,1100.0,0,0.0,0,0.0,0.0,1100.0,106511,,New,0,,,,
103053,101,7,RSL/25-26/288,2025-11-29 00:00:00,2,102,SANTILATA NAYAK,BBSR,41456.31,0.0,41456.31,1243.68,0.0,42700.0,0,0.0,0,0.0,0.0,42700.0,106512,,New,8016819789,,,,
103054,101,7,RSL/25-26/289,2025-11-29 00:00:00,2,102,KASTURI CHARCHI,"BBSR
",54174.76,0.0,54174.76,1625.24,0.0,55800.0,0,0.0,0,0.0,0.0,55800.0,106513,,New,8018681789,,,,
103055,101,7,RSL/25-26/290,2025-11-29 00:00:00,2,102,SASMITA RAY,"BBSR
",19417.48,0.0,19417.48,582.52,0.0,20000.0,0,0.0,0,0.0,0.0,20000.0,106514,,New,0,,,,
103056,101,7,RSL/25-26/291,2025-11-30 00:00:00,2,102,KABINDRA KUMAR SAHOO,"BBSR
",15242.72,0.0,15242.72,457.28,0.0,15700.0,0,0.0,0,0.0,0.0,15700.0,106515,,New,9437141192,,,,
103057,101,7,RSL/25-26/292,2025-11-30 00:00:00,2,102,LAXMIKANTA SAHOO,"BBSR
",14757.28,0.0,14757.28,442.72,0.0,15200.0,0,0.0,0,0.0,0.0,15200.0,106516,,New,0,,,,
103058,101,7,RSL/25-26/293,2025-12-02 00:00:00,2,102,SALAUDDIN KHAN,"BBSR
",24563.39,0.0,24563.39,736.9,-0.29,25300.29,0,0.0,0,0.0,0.0,25300.0,106517,,New,7980369872,,,,
103059,101,7,RSL/25-26/294,2025-12-02 00:00:00,2,102,SALAUDDIN KHAN,"BBSR
",2718.45,0.0,2718.45,81.56,0.0,2800.0,0,0.0,0,0.0,0.0,2800.0,106518,,New,7980369872,,,,
103060,101,7,RSL/25-26/295,2025-12-03 00:00:00,2,102,JITENDRA SAHOO,"BBSR
",40776.59,0.0,40776.59,1223.3,0.12,41999.88,0,0.0,0,0.0,0.0,42000.0,106519,,New,0,,,,
103061,101,7,RSL/25-26/296,2025-12-05 00:00:00,2,102,KANDHEI,"BBSR
",1553.4,0.0,1553.4,46.6,0.0,1600.0,0,0.0,0,0.0,0.0,1600.0,106520,,New,0,,,,
103062,101,7,RSL/25-26/297,2025-12-10 00:00:00,2,102,KETAN MISHRA,BBSR,104854.37,0.0,104854.37,3145.64,0.0,108000.0,0,0.0,0,0.0,0.0,108000.0,106521,,New,7205676192,,,,
103063,101,7,RSL/25-26/298,2025-12-10 00:00:00,2,102,ANSAR KHAN,"BBSR
",39805.83,0.0,39805.83,1194.18,0.0,41000.0,0,0.0,0,0.0,0.0,41000.0,106522,,New,0,,,,
103064,101,7,RSL/25-26/299,2025-12-13 00:00:00,2,102,ABHISHEK MOHAPTRA,"BBSR
",34466.02,0.0,34466.02,1033.98,0.0,35500.0,0,0.0,0,0.0,0.0,35500.0,106523,,New,9853165660,,,,
103065,101,7,RSL/25-26/300,2025-12-14 00:00:00,2,102,SUMAN PRUSTY,"BBSR
",104854.37,0.0,104854.37,3145.64,0.0,108000.0,0,0.0,0,0.0,0.0,108000.0,106524,,New,9861206277,,,,
103066,101,7,RSL/25-26/301,2025-12-14 00:00:00,2,102,PRAKASH CHNDRA ROUT,"BBSR
",51456.31,0.0,51456.31,1543.68,0.0,53000.0,0,0.0,0,0.0,0.0,53000.0,106525,,New,9937000230,,,,
103067,101,7,RSL/25-26/302,2025-12-16 00:00:00,2,102,BISWAJIT MOHAPTRA,"BBSR
",25242.72,0.0,25242.72,757.28,0.0,26000.0,0,0.0,0,0.0,0.0,26000.0,106526,,New,0,,,,
103068,101,7,RSL/25-26/303,2025-12-15 00:00:00,2,102,HANUMAT,"BBSR
",44854.37,0.0,44854.37,1345.64,0.0,46200.0,0,0.0,0,0.0,0.0,46200.0,106527,,New,0,,,,
103069,101,7,RSL/25-26/304,2025-12-17 00:00:00,2,102,MUKUL PANDEY,BBSR,203883.5,0.0,203883.5,6116.5,-0.01,210000.01,0,0.0,0,0.0,0.0,210000.0,106528,,New,0,,,cygpp5902g,
103070,101,7,RSL/25-26/305,2025-12-20 00:00:00,2,102,JI SANTOSHI,"BBSR
",135952.36,31.0,135952.36,4078.58,0.08,140030.92,0,0.0,0,0.0,0.0,140000.0,106529,,New,6371841994,,,,
103071,101,7,RSL/25-26/306,2025-12-22 00:00:00,2,102,JI SANTOSHI,"BBSR
",14563.11,0.0,14563.11,436.9,0.0,15000.0,0,0.0,0,0.0,0.0,15000.0,106530,,New,0,,,,
103072,101,7,RSL/25-26/307,2025-12-24 00:00:00,2,102,RAJESH JENA,BBSR,95922.33,0.0,95922.33,2877.66,0.0,98800.0,0,0.0,0,0.0,0.0,98800.0,106531,,New,6371790921,,,,
103073,101,7,RSL/25-26/308,2025-12-25 00:00:00,2,102,SUSANGITA BHUJABAL,"BBSR
",90796.11,20.0,90796.11,2723.88,0.0,93520.0,0,0.0,0,0.0,0.0,93500.0,106532,,New,9937221356,,,,
103074,101,7,RSL/25-26/309,2025-12-27 00:00:00,2,102, G.HEMLATA ,"BBSR
",56213.59,0.0,56213.59,1686.4,0.01,57899.99,0,0.0,0,0.0,0.0,57900.0,106533,,New,0,,,,
103075,101,7,RSL/25-26/310,2025-12-26 00:00:00,2,102,MIKY,"BBSR
",8737.86,0.0,8737.86,262.14,0.0,9000.0,0,0.0,0,0.0,0.0,9000.0,106534,,New,0,,,,
103076,101,7,RSL/25-26/311,2025-12-27 00:00:00,2,102,DEEPAK PANI,"
BBSR",12135.62,0.0,12135.62,364.06,0.31,12499.69,0,0.0,0,0.0,0.0,12500.0,106535,,New,0,,,,
103077,101,7,RSL/25-26/312,2025-12-28 00:00:00,2,102,NADITA PATTJOSHA,"BBSR
",44660.19,0.0,44660.19,1339.8,0.0,46000.0,0,0.0,0,0.0,0.0,46000.0,106536,,New,8658445285,,,,
103078,101,7,RSL/25-26/313,2025-12-29 00:00:00,2,102,MAITRAY MISHRA,"BBSR
",47481.0,0.0,47481.0,1424.44,-0.43,48905.43,0,0.0,0,0.0,0.0,48905.0,106537,,New,0,,,,
103079,101,7,RSL/25-26/314,2025-12-30 00:00:00,2,102,SONALI ABUJA,"BBSR
",292456.31,0.0,292456.31,8773.68,0.0,301230.0,0,0.0,0,0.0,0.0,301230.0,106538,,New,0,,,66,
103080,101,7,RSL/25-26/315,2026-01-03 00:00:00,2,102,SABITA SAHOO,"BBSR
",35970.87,0.0,35970.87,1079.12,0.0,37050.0,0,0.0,0,0.0,0.0,37050.0,106539,,New,7504206847,,,,
103081,101,7,RSL/25-26/316,2026-01-04 00:00:00,2,102,PRAPTI SPORTS WEAR ,"BDA COLONY,MIG-II,G-17/2, CHANDRASEKHARPUR PHASE-1,BBSR

",31553.4,0.0,31553.4,946.6,0.0,32500.0,0,0.0,0,0.0,0.0,32500.0,106541,,Modified,9937822966,,21LYWPS7576QIZR,,
103082,101,7,RSL/25-26/317,2026-01-10 00:00:00,2,102,AJAMBILA SWAIN,"BBSR
",72815.53,0.0,72815.53,2184.46,0.0,75000.0,0,0.0,0,0.0,0.0,75000.0,106542,,New,9237073039,,,,
103083,101,7,RSL/25-26/318,2026-01-12 00:00:00,2,102,MANOJ PADHIARY,"BBSR
",16504.85,0.0,16504.85,495.14,0.0,17000.0,0,0.0,0,0.0,0.0,17000.0,106543,,New,0,,,,
104083,101,7,RSL/25-26/319,2026-01-14 00:00:00,2,102,SONAKSHI,"BBSR
",33689.32,0.0,33689.32,1010.68,0.0,34700.0,0,0.0,0,0.0,0.0,34700.0,107543,,New,0,,,,
104084,101,7,RSL/25-26/320,2026-01-15 00:00:00,2,102,DILIP SAHOO,"BBSR
",73941.74,160.0,73941.74,2218.26,0.0,76160.0,0,0.0,0,0.0,0.0,76000.0,107544,,New,7008293379,,,,
104085,101,7,RSL/25-26/321,2026-01-17 00:00:00,2,102,RAJASHRI PRIYA DARSHINI PARIDA,"BBSR
",9223.3,0.0,9223.3,276.7,0.0,9500.0,0,0.0,0,0.0,0.0,9500.0,107545,,New,7205991515,,,,
104086,101,7,RSL/25-26/322,2026-01-18 00:00:00,2,102,BABINDRA DASH,"BBSR
",131067.96,0.0,131067.96,3932.04,0.0,135000.0,0,0.0,0,0.0,0.0,135000.0,107546,,New,9178750732,,,,
104087,101,7,RSL/25-26/323,2026-01-18 00:00:00,2,102,AMITA HOOM,"BBSR
",16891.0,398.0,16891.0,506.74,0.27,17397.73,0,0.0,0,0.0,0.0,17000.0,107547,,New,9437153996,,,,
104088,101,7,RSL/25-26/324,2026-01-18 00:00:00,2,102,AMITA HOOM,"BBSR
",29393.0,1275.0,29393.0,881.8,0.21,30274.79,0,0.0,0,0.0,0.0,29000.0,107548,,New,0,,,,
104089,101,7,RSL/25-26/325,2026-01-18 00:00:00,2,102,SAMBABHI DAS,"BBSR
",1893.2,0.0,1893.2,56.8,0.0,1950.0,0,0.0,0,0.0,0.0,1950.0,107549,,New,9692252216,,,,
104090,101,7,RSL/25-26/326,2026-01-18 00:00:00,2,102,ROSHAN SAHOO,"BBSR
",1165.05,0.0,1165.05,34.96,0.0,1200.0,0,0.0,0,0.0,0.0,1200.0,107550,,New,8249896920,,,,
104091,101,7,RSL/25-26/327,2026-01-19 00:00:00,2,102,RINA RANI DAS,"BBSR
",337378.64,0.0,337378.64,10121.36,0.0,347500.0,0,0.0,0,0.0,0.0,347500.0,107551,,New,8249195471,,21GAWPD6677QIZ0,GAWPD6677Q,
105091,101,7,RSL/25-26/328,2026-01-19 00:00:00,2,102,A.DIPTIRANI PATRA,"BBSR
",30097.09,0.0,30097.09,902.92,0.0,31000.0,0,0.0,0,0.0,0.0,31000.0,108551,,New,0,,,,
105092,101,7,RSL/25-26/329,2026-01-20 00:00:00,2,102,BINAPANI PRADHAN,"BBSR
",150485.44,0.0,150485.44,4514.56,0.0,155000.0,0,0.0,0,0.0,0.0,155000.0,108556,,Modified,0,,,,
105093,101,7,RSL/25-26/330,2026-01-21 00:00:00,2,102,SASMITA MISHRA,"BBSR
",30582.52,0.0,30582.52,917.48,0.0,31500.0,0,0.0,0,0.0,0.0,31500.0,108553,,New,9338716261,,,,
105094,101,7,RSL/25-26/331,2026-01-21 00:00:00,2,102,LOPAMUDRA MOHANTY,"BBSR
",7766.99,0.0,7766.99,233.0,0.0,8000.0,0,0.0,0,0.0,0.0,8000.0,108554,,New,0,,,,
105095,101,7,RSL/25-26/332,2026-01-23 00:00:00,2,102,LIJA RANI ,"BBSR
",26213.59,0.0,26213.59,786.4,0.0,27000.0,0,0.0,0,0.0,0.0,27000.0,108555,,New,0,,,,
106095,101,7,RSL/25-26/333,2026-01-26 00:00:00,2,102,ABHISHEK MOHAPTRA,"BBSR
",42388.35,0.0,42388.35,1271.66,0.0,43660.0,0,0.0,0,0.0,0.0,43660.0,109557,,Modified,9853165660,,,,
106096,101,7,RSL/25-26/334,2026-01-26 00:00:00,2,102,SKM,"BBSR
",14563.11,0.0,14563.11,436.9,0.0,15000.0,0,0.0,0,0.0,0.0,15000.0,109556,,New,0,,,,
106097,101,7,RSL/25-26/335,2026-01-27 00:00:00,2,102,ABHISHEK MOHAPTRA,"BBSR
",172524.61,0.0,172524.61,5175.74,-0.35,177700.35,0,0.0,0,0.0,0.0,177700.0,109558,,New,9853165660,,,,
106098,101,7,RSL/25-26/336,2026-01-27 00:00:00,2,102,LINU ,"BBSR
",5097.09,0.0,5097.09,152.92,0.0,5250.0,0,0.0,0,0.0,0.0,5250.0,109559,,New,0,,,,
106099,101,7,RSL/25-26/337,2026-01-30 00:00:00,2,102,PUNABATI SETHI,"BBSR
",90776.7,1500.0,90776.7,2723.3,0.0,93500.0,0,0.0,0,0.0,0.0,92000.0,109560,,New,9348654887,,,,
106100,101,7,RSL/25-26/338,2026-01-31 00:00:00,2,102,JAIN BEURAY,"BBSR
",94660.19,0.0,94660.19,2839.8,0.0,97500.0,0,0.0,0,0.0,0.0,97500.0,109561,,New,9348145576,,,,
106101,101,7,RSL/25-26/339,2026-02-01 00:00:00,2,102,SATYA PRAKASH MISHRA,"BBSR
",96019.42,0.0,96019.42,2880.58,0.0,98900.0,0,0.0,0,0.0,0.0,98900.0,109562,,New,0,,,,
106102,101,7,RSL/25-26/340,2026-02-02 00:00:00,2,102,BIBEK,"BBSR
",38640.78,800.0,38640.78,1159.22,0.0,39800.0,0,0.0,0,0.0,0.0,39000.0,109563,Enter Additional Information,New,0,,,,
106103,101,7,RSL/25-26/341,2026-02-02 00:00:00,2,102,INDRAJEET NAYAK,"SAINIK SCHOOL STAFF QUATER
",4854.37,0.0,4854.37,145.64,0.0,5000.0,0,0.0,0,0.0,0.0,5000.0,109564,,New,8455972324,,,,
107102,101,7,RSL/25-26/342,2026-02-03 00:00:00,2,102,ROHIT MOHAPTRA,"BBSR
",372382.0,53.0,372382.0,11171.46,-0.46,383553.46,0,0.0,0,0.0,0.0,383500.0,110563,Enter Additional Information,New,0,,,bmspm5269g,
107103,101,7,RSL/25-26/343,2026-02-03 00:00:00,2,102,JAGNYASENI PANDA,"BBSR
",61165.05,0.0,61165.05,1834.96,0.0,63000.0,0,0.0,0,0.0,0.0,63000.0,110564,,New,0,,,,
107104,101,7,RSL/25-26/344,2026-02-03 00:00:00,2,102,PRADOSH PATTNAIK,"
",41747.57,0.0,41747.57,1252.42,0.0,43000.0,0,0.0,0,0.0,0.0,43000.0,110565,,New,9337103745,,,,
107105,101,7,RSL/25-26/345,2026-02-06 00:00:00,2,102,P PATTNAIK,"BBSR

",12135.92,0.0,12135.92,364.08,0.0,12500.0,0,0.0,0,0.0,0.0,12500.0,110566,,New,0,,,,
107106,101,7,RSL/25-26/346,2026-02-03 00:00:00,2,102,SABITA SAHOO,"
",260485.44,0.0,260485.44,7814.56,0.0,268300.0,0,0.0,0,0.0,0.0,268300.0,110567,,New,7504206847,,,1,
107107,101,7,RSL/25-26/347,2026-02-03 00:00:00,2,102,KALYANI SAHOO,"BBSR
",52427.18,0.0,52427.18,1572.82,0.0,54000.0,0,0.0,0,0.0,0.0,54000.0,110568,,New,0,,,,
107108,101,7,RSL/25-26/348,2026-02-03 00:00:00,2,102,RAJASHREE BEHERA,"BBSR
",36905.0,12.0,36905.0,1107.16,-0.15,38012.15,0,0.0,0,0.0,0.0,38000.0,110569,Enter Additional Information,New,0,,,,
107109,101,7,RSL/25-26/349,2026-02-04 00:00:00,2,102,MAITREYA MISHRA,"BBSR
",339805.83,0.0,339805.83,10194.18,0.0,350000.0,0,0.0,0,0.0,0.0,350000.0,110570,,New,0,,,w,
107110,101,7,RSL/25-26/350,2026-02-05 00:00:00,2,102,MONICA DORA,"BBSR
",25242.72,0.0,25242.72,757.28,0.0,26000.0,0,0.0,0,0.0,0.0,26000.0,110571,,New,0,,,,
107111,101,7,RSL/25-26/351,2026-02-05 00:00:00,2,102,MONICA DORA,"BBSR
",2912.62,0.0,2912.62,87.38,0.0,3000.0,0,0.0,0,0.0,0.0,3000.0,110572,,New,0,,,,
107112,101,7,RSL/25-26/352,2026-02-06 00:00:00,2,102,LIPUN,"BBSR
",33495.56,0.0,33495.56,1004.86,-0.43,34500.43,0,0.0,0,0.0,0.0,34500.0,110573,,New,0,,,,
107113,101,7,RSL/25-26/353,2026-02-07 00:00:00,2,102,SUSANT SIR ,"LAXMI SAGAR THANA
",7961.17,0.0,7961.17,238.84,-0.01,8200.01,0,0.0,0,0.0,0.0,8200.0,110574,,New,0,,,,
107114,101,7,RSL/25-26/354,2026-02-07 00:00:00,2,102,BHARAT ROUT,"BBSR UNIT 1

",100485.44,0.0,100485.44,3014.56,0.0,103500.0,0,0.0,0,0.0,0.0,103500.0,110575,,New,7978639089,,,,
107115,101,7,RSL/25-26/355,2026-02-08 00:00:00,2,102,MANUSUNI NAYAK,"BBSR
",217475.73,0.0,217475.73,6524.28,0.0,224000.0,0,0.0,0,0.0,0.0,224000.0,110576,,New,0,,,cfepn7502m,
107116,101,7,RSL/25-26/356,2026-02-08 00:00:00,2,102,S. MISHRA,"BBSR
",376699.03,0.0,376699.03,11300.98,0.0,388000.0,0,0.0,0,0.0,0.0,388000.0,110577,,New,0,,,ABKPM7990C,
107117,101,7,RSL/25-26/357,2026-02-09 00:00:00,2,102,ROHIT MOHAPTRA,"BBSR
",323300.97,0.0,323300.97,9699.02,0.0,333000.0,0,0.0,0,0.0,0.0,333000.0,110578,,New,0,,,bmspm5269g,
107118,101,7,RSL/25-26/358,2026-02-09 00:00:00,2,102,CHANDOBA JEWELS ,"2ND FLOOR,55/59 CHAMPA GALLI,ZAVERI BAZAAR MUMBAI
",1050849.52,0.0,1050849.52,31525.48,0.0,1082375.0,0,0.0,0,0.0,0.0,1082375.0,110579,,New,9930336446,,27AAAPJ9175D1ZQ,AAAPJ9175D,
107119,101,7,RSL/25-26/359,2026-02-10 00:00:00,2,102,BIKRAM LENKA,"BBSR
",10679.61,0.0,10679.61,320.38,0.0,11000.0,0,0.0,0,0.0,0.0,11000.0,110580,,New,0,,,,
107120,101,7,RSL/25-26/360,2026-02-11 00:00:00,2,102,SITU ,"BBSR
",24757.53,0.0,24757.53,742.72,-0.25,25500.25,0,0.0,0,0.0,0.0,25500.0,110581,,New,0,,,,
107121,101,7,RSL/25-26/361,2026-02-13 00:00:00,2,102,SUJATA KAR,"BBSR
",84660.19,0.0,84660.19,2539.8,0.0,87200.0,0,0.0,0,0.0,0.0,87200.0,110582,,New,9437021515,,,,
107122,101,7,RSL/25-26/362,2026-02-13 00:00:00,2,102,SUJATA KAR,"BBSR
",93433.98,0.0,93433.98,2803.02,0.0,96237.0,0,0.0,0,0.0,0.0,96237.0,110583,,New,0,,,,
107123,101,7,RSL/25-26/363,2026-02-13 00:00:00,2,102,KUNI,"BBSR
",15728.16,0.0,15728.16,471.84,0.0,16200.0,0,0.0,0,0.0,0.0,16200.0,110584,,New,0,,,,
107124,101,7,RSL/25-26/364,2026-02-13 00:00:00,2,102,JOSHNAMAYEE DAS,"BBSR
",29708.74,0.0,29708.74,891.26,0.0,30600.0,0,0.0,0,0.0,0.0,30600.0,110585,,New,7749878377,,,,
107125,101,7,RSL/25-26/365,2026-02-13 00:00:00,2,102,JOSHNAMAYEE DAS,"BBSR
",49223.3,0.0,49223.3,1476.7,0.0,50700.0,0,0.0,0,0.0,0.0,50700.0,110586,,New,0,,,,
107126,101,7,RSL/25-26/366,2026-02-16 00:00:00,2,102,SAROJIN LENKA,"BBSR
",6601.94,0.0,6601.94,198.06,0.0,6800.0,0,0.0,0,0.0,0.0,6800.0,110587,,New,8984470077,,,,
107127,101,7,RSL/25-26/367,2026-02-18 00:00:00,2,102,SUNIL PATRA,"BBSR
",16990.29,0.0,16990.29,509.7,0.0,17500.0,0,0.0,0,0.0,0.0,17500.0,110588,,New,0,,,,
108127,101,7,RSL/25-26/368,2026-02-19 00:00:00,2,102,HDJ JEWEL PRIVATE LIMITED,"TECHKNIT INDUSTRIES 
PLOT NO A/46,STREET NO.2 MIDC,ANDHERI EAST MUMBAI 400093
",1925728.16,0.0,1925728.16,57771.84,0.0,1983500.0,0,0.0,0,0.0,0.0,1983500.0,111588,,New,9833120188,,27AAHCH2212B1Z8,AAHCH2212B,
108128,101,7,RSL/25-26/369,2026-02-19 00:00:00,2,102,SASMITA SAHOO,"BOMIKHAL
",91747.57,0.0,91747.57,2752.42,0.0,94500.0,0,0.0,0,0.0,0.0,94500.0,111589,,New,7894611792,,,,
109127,101,7,RSL/25-26/370,2026-02-20 00:00:00,2,102,KRISHNA DASH,"EB-222,STAGE2,LAXMI SAGAR,BDA COLONY.
",295145.84,0.0,295145.84,8854.38,-0.22,304000.22,0,0.0,0,0.0,0.0,304000.0,112588,,New,8328876277,,,KDLPD4872D,
109128,101,7,RSL/25-26/371,2026-02-20 00:00:00,2,102,BALARAM PATRA,"BBSR
",31067.96,0.0,31067.96,932.04,0.0,32000.0,0,0.0,0,0.0,0.0,32000.0,112589,,New,9090901488,,,,
109129,101,7,RSL/25-26/372,2026-02-21 00:00:00,2,102,SANDEEP MOHAPTRA,"BBSR
",1165.05,0.0,1165.05,34.96,0.0,1200.0,0,0.0,0,0.0,0.0,1200.0,112590,,New,9658728158,,,,
109130,101,7,RSL/25-26/373,2026-02-22 00:00:00,2,102,DEEPANJALI PRADHAN,"BBSR
",10242.72,0.0,10242.72,307.28,0.0,10550.0,0,0.0,0,0.0,0.0,10550.0,112592,,Modified,8210296737,,,,
109131,101,7,RSL/25-26/374,2026-02-22 00:00:00,2,102,MADHUSMITA MOHARANA,"BBSR
",126213.25,0.0,126213.25,3786.4,0.35,129999.65,0,0.0,0,0.0,0.0,130000.0,112593,,New,9556126561,,,,
109132,101,7,RSL/25-26/375,2026-02-23 00:00:00,2,102,DEEPAK KUMAR SWAIN,BBSR,94485.44,0.0,94485.44,2834.56,0.0,97320.0,0,0.0,0,0.0,0.0,97320.0,112595,,Modified,0,,,,
109133,101,7,RSL/25-26/376,2026-02-23 00:00:00,2,102,DEEPAK KUMAR SWAIN,"BBSR
",165048.54,0.0,165048.54,4951.46,0.0,170000.0,0,0.0,0,0.0,0.0,170000.0,112596,,New,0,,,,
109134,101,7,RSL/25-26/377,2026-02-23 00:00:00,2,102,SURESH DAS,"BBSR
",70873.79,0.0,70873.79,2126.22,0.0,73000.0,0,0.0,0,0.0,0.0,73000.0,113605,,Modified,0,,,,
109135,101,7,RSL/25-26/378,2026-02-23 00:00:00,2,102,AHALIYA SAHU,"BBSR
",33980.58,0.0,33980.58,1019.42,0.0,35000.0,0,0.0,0,0.0,0.0,35000.0,112599,,New,0,,,,
109136,101,7,RSL/25-26/379,2026-02-24 00:00:00,2,102,SHILPA ,"BBSR
",17475.87,0.0,17475.87,524.28,-0.15,18000.15,0,0.0,0,0.0,0.0,18000.0,112600,,New,7978233741,,,,
109137,101,7,RSL/25-26/380,2026-02-24 00:00:00,2,102,DEEPTI,"BBSR
",24271.84,0.0,24271.84,728.16,0.0,25000.0,0,0.0,0,0.0,0.0,25000.0,112601,,New,0,,,,
109138,101,7,RSL/25-26/381,2026-02-25 00:00:00,2,102,BISWAJIT OJHA,"BBSR
",128640.78,0.0,128640.78,3859.22,0.0,132500.0,0,0.0,0,0.0,0.0,132500.0,112602,,New,8637298831,,,,
109139,101,7,RSL/25-26/382,2026-02-25 00:00:00,2,102,MINATI OJHA,"BBSR
",96213.59,0.0,96213.59,2886.4,0.0,99100.0,0,0.0,0,0.0,0.0,99100.0,112603,,New,0,,,,
109140,101,7,RSL/25-26/383,2026-02-27 00:00:00,2,102,HDJ JEWEL PRIVATE LIMITED,"PLOT NO.A/46,STREET NO.2 MIDC,ANDHERI EAST MUMBAI 400093

",1135922.33,0.0,1135922.33,34077.66,0.0,1170000.0,0,0.0,0,0.0,0.0,1170000.0,112604,,New,9833120188,,27AAHCH2212B1Z8,AAHCH2212,
110140,101,7,RSL/25-26/384,2026-02-27 00:00:00,2,102,NOSEPIN,"BBSR
",13796.12,210.0,13796.12,413.88,0.0,14210.0,0,0.0,0,0.0,0.0,14000.0,113604,,New,0,,,,
110141,101,7,RSL/25-26/385,2026-02-27 00:00:00,2,102,KAJOL MISHRA,"BBSR
",143106.79,0.0,143106.79,4293.2,0.0,147400.0,0,0.0,0,0.0,0.0,147400.0,113606,,New,0,,,,
110142,101,7,RSL/25-26/386,2026-02-27 00:00:00,2,102,NARI LENKA,"BBSR
",28640.78,0.0,28640.78,859.22,0.0,29500.0,0,0.0,0,0.0,0.0,29500.0,113607,,New,0,,,,
110143,101,7,RSL/25-26/387,2026-02-28 00:00:00,2,102,SURAJ,"BBSR
",26601.94,0.0,26601.94,798.06,0.0,27400.0,0,0.0,0,0.0,0.0,27400.0,113608,,New,0,,,,
110144,101,7,RSL/25-26/388,2026-03-02 00:00:00,2,102,NEBEDITA DAS,"BBSR
",193204.26,0.0,193204.26,5796.12,-0.38,199000.38,0,0.0,0,0.0,0.0,199000.0,113610,,Modified,0,,,,
110145,101,7,RSL/25-26/389,2026-03-05 00:00:00,2,102,SABITA SAHOO,"BBSR
",159223.3,0.0,159223.3,4776.7,0.0,164000.0,0,0.0,0,0.0,0.0,164000.0,114610,,New,7504206847,,,,
110146,101,7,RSL/25-26/390,2026-03-06 00:00:00,2,102,ROHIT SAHA,"BBSR
",1456.31,0.0,1456.31,43.68,0.0,1500.0,0,0.0,0,0.0,0.0,1500.0,114611,,New,0,,,,
110147,101,7,RSL/25-26/391,2026-03-06 00:00:00,2,102,ARUN SAHOO,"BBSR
",41553.4,0.0,41553.4,1246.6,0.0,42800.0,0,0.0,0,0.0,0.0,42800.0,114612,,New,0,,,,
111146,101,7,RSL/25-26/392,2026-03-06 00:00:00,2,102,ISWARIMA MOHANTY,"BBSR
",159223.3,0.0,159223.3,4776.7,0.0,164000.0,0,0.0,0,0.0,0.0,164000.0,115611,,New,9583473601,,,,
112146,101,7,RSL/25-26/393,2026-03-09 00:00:00,2,102,AURNAB BISWAL,"BBSR
",776.7,0.0,776.7,23.3,0.0,800.0,0,0.0,0,0.0,0.0,800.0,116611,,New,0,,,,
112147,101,7,RSL/25-26/394,2026-03-11 00:00:00,2,102,AMITA WHOM,"BBSR
",20634.0,753.0,20634.0,619.02,-0.02,21253.02,0,0.0,0,0.0,0.0,20500.0,116612,,New,9437153996,,,,
112148,101,7,RSL/25-26/395,2026-03-12 00:00:00,2,102,SUMAN MISHRA,"BBSR
",2524.27,0.0,2524.27,75.72,0.0,2600.0,0,0.0,0,0.0,0.0,2600.0,116613,,New,0,,,,
112149,101,7,RSL/25-26/396,2026-03-12 00:00:00,2,102,SARAT KUMAR PANDA,"BBSR
",42718.45,0.0,42718.45,1281.56,0.0,44000.0,0,0.0,0,0.0,0.0,44000.0,116614,,New,0,,,,
112150,101,7,RSL/25-26/397,2026-03-13 00:00:00,2,102,SUBASH CHANDRA GUPTA,BBSR,53126.21,0.0,53126.21,1593.78,0.0,54720.0,0,0.0,0,0.0,0.0,54720.0,116615,,New,9338463420,,,,
112151,101,7,RSL/25-26/398,2026-03-14 00:00:00,2,102,RUTUPURNA ROUT,"BBSR
",8252.43,0.0,8252.43,247.58,0.0,8500.0,0,0.0,0,0.0,0.0,8500.0,116616,,New,0,,,,
112152,101,7,RSL/25-26/399,2026-03-15 00:00:00,2,102,YUDHISTER SWAIN,"BBSR
",533.98,0.0,533.98,16.02,0.0,550.0,0,0.0,0,0.0,0.0,550.0,116617,,New,7749026087,,,,
112153,101,7,RSL/25-26/400,2026-03-15 00:00:00,2,102,SASMITA SINGH,"BBSR
",825.24,0.0,825.24,24.76,0.0,850.0,0,0.0,0,0.0,0.0,850.0,116618,,New,0,,,,
112154,101,7,RSL/25-26/401,2026-03-18 00:00:00,2,102,BANTY BARDWAJ,"BBSR
",39857.28,0.0,39857.28,1195.72,0.0,41053.0,0,0.0,0,0.0,0.0,41053.0,116619,,New,0,,,,
112155,101,7,RSL/25-26/402,2026-03-19 00:00:00,2,102,SIBANI HOTA,"BBSR
",57766.99,0.0,57766.99,1733.0,0.0,59500.0,0,0.0,0,0.0,0.0,59500.0,116620,,New,9337307212,,,,
113155,101,7,RSL/25-26/403,2026-03-21 00:00:00,2,102,BITU,"BBSR
",15813.0,0.0,15813.0,474.4,-0.39,16287.39,0,0.0,0,0.0,0.0,16287.0,117620,,New,0,,,,
113156,101,7,RSL/25-26/404,2026-03-23 00:00:00,2,102,GAYATRI PALLAI,"BBSR
",32524.27,0.0,32524.27,975.72,0.0,33500.0,0,0.0,0,0.0,0.0,33500.0,117621,,New,0,,,,
113157,101,7,RSL/25-26/405,2026-03-23 00:00:00,2,102,PUNAM KEDIA,"BBSR
",47572.81,0.0,47572.81,1427.18,0.0,49000.0,0,0.0,0,0.0,0.0,49000.0,117622,,New,0,,,,
113158,101,7,RSL/25-26/406,2026-03-24 00:00:00,2,102,M.PANDA,"BBSR

",182524.53,0.0,182524.53,5475.74,-0.26,188000.26,0,0.0,0,0.0,0.0,188000.0,117623,,New,0,,,,
113159,101,7,RSL/25-26/407,2026-03-23 00:00:00,2,102,SONALI PANDA,"BBSR
",51456.32,0.0,51456.32,1543.68,0.0,53000.0,0,0.0,0,0.0,0.0,53000.0,117624,,New,0,,,,
113160,101,7,RSL/25-26/408,2026-03-24 00:00:00,2,102,JOSHNA DAS,"BBSR
",47038.84,1750.0,47038.84,1411.16,0.0,48450.0,0,0.0,0,0.0,0.0,46700.0,117625,,New,0,,,,
113161,101,7,RSL/25-26/409,2026-03-25 00:00:00,2,102,SARADA,"BBSR
",33009.71,0.0,33009.71,990.3,0.0,34000.0,0,0.0,0,0.0,0.0,34000.0,117626,,New,0,,,,
113162,101,7,RSL/25-26/410,2026-03-25 00:00:00,2,102,BIJYA SABAT,"BBSR
",12524.27,0.0,12524.27,375.72,0.0,12900.0,0,0.0,0,0.0,0.0,12900.0,117627,,New,0,,,,
113163,101,7,RSL/25-26/411,2026-03-25 00:00:00,2,102,RAHUL SAHOO,"BBSR
",13786.3,0.0,13786.3,413.58,0.11,14199.89,0,0.0,0,0.0,0.0,14200.0,118639,,Modified,6371814299,,,,
113164,101,7,RSL/25-26/412,2026-03-25 00:00:00,2,102,BIBHA CHAUBEY,"BBSR
",59222.96,0.0,59222.96,1776.68,0.35,60999.65,0,0.0,0,0.0,0.0,61000.0,117629,,New,0,,,,
113165,101,7,RSL/25-26/413,2026-03-26 00:00:00,2,102,BISWAJIT SWAIN,"BBSR
",160194.17,0.0,160194.17,4805.82,0.0,165000.0,0,0.0,0,0.0,0.0,165000.0,117630,,New,0,,,,
114164,101,7,RSL/25-26/414,2026-03-28 00:00:00,2,102,SUCHISMITA,"BBSR
",31067.96,0.0,31067.96,932.04,0.0,32000.0,0,0.0,0,0.0,0.0,32000.0,118630,,New,0,,,,
114165,101,7,RSL/25-26/415,2026-03-29 00:00:00,2,102,P.K NAYAK,"BBSR
",13106.8,0.0,13106.8,393.2,0.0,13500.0,0,0.0,0,0.0,0.0,13500.0,118631,,New,8763666161,,,,
114166,101,7,RSL/25-26/416,2026-03-29 00:00:00,2,102,BIBHA CHAUBEY,"BBSR
",33980.58,0.0,33980.58,1019.42,0.0,35000.0,0,0.0,0,0.0,0.0,35000.0,118632,,New,0,,,,
114167,101,7,RSL/25-26/417,2026-03-29 00:00:00,2,102,BINAYAK TRIPATHI,BBSR,1359.22,0.0,1359.22,40.78,0.0,1400.0,0,0.0,0,0.0,0.0,1400.0,118634,,Modified,0,,,,
114168,101,7,RSL/25-26/418,2026-03-30 00:00:00,2,102,SANJAY TRIPATHI,"BBSR
",34951.46,0.0,34951.46,1048.54,0.0,36000.0,0,0.0,0,0.0,0.0,36000.0,118635,,New,0,,,,
114169,101,7,RSL/25-26/419,2026-03-30 00:00:00,2,102,ASHOK JHANGID,"BBSR
",58252.43,0.0,58252.43,1747.58,0.0,60000.0,0,0.0,0,0.0,0.0,60000.0,118636,,New,0,,,,
114170,101,7,RSL/25-26/420,2026-03-30 00:00:00,2,102,HOME SHOP,"BBSR
",286000.0,0.0,286000.0,8580.0,0.0,294580.0,0,0.0,0,0.0,0.0,294580.0,118637,,New,0,,21BSYPB8602G1ZS,1,
114171,101,7,RSL/25-26/421,2026-03-31 00:00:00,2,102,SENHAMAYEE TRIPATHY,BBSR,212223.3,0.0,212223.3,6366.7,-0.01,218590.01,0,0.0,0,0.0,0.0,218590.0,118638,,New,8249956087,,,ALDPT1094M,
114172,101,8,RSL/26-27/1,2026-04-01 00:00:00,2,102,BIJAY,"BBSR
",8678.0,438.0,8678.0,260.34,-0.34,8938.34,0,0.0,0,0.0,0.0,8500.0,118640,,New,0,,,,
114173,101,8,RSL/26-27/2,2026-04-02 00:00:00,2,102,NILAM CHOUDHERY,"BBSR
",17961.17,0.0,17961.17,538.84,-0.01,18500.01,0,0.0,0,0.0,0.0,18500.0,118641,,New,0,,,,
114174,101,8,RSL/26-27/3,2026-04-04 00:00:00,2,102,BIJAY,"BBSR
",3185.0,81.0,3185.0,95.56,0.45,3280.55,0,0.0,0,0.0,0.0,3200.0,118642,,New,0,,,,
114175,101,8,RSL/26-27/4,2026-04-07 00:00:00,2,102,SUBASH CHANDRA GUPTA,BBSR,35436.89,0.0,35436.89,1063.1,0.01,36499.99,0,0.0,0,0.0,0.0,36500.0,120649,,Modified,9338463420,,,,
115175,101,8,RSL/26-27/5,2026-04-08 00:00:00,2,102,BRAJESH SINGH,"BBSR
",154369.49,0.0,154369.49,4631.08,0.43,159000.57,0,0.0,0,0.0,0.0,159001.0,119643,,New,0,,,,
116182,101,8,RSL/26-27/6,2026-04-09 00:00:00,2,102,MALIKA DAS,"BBSR
",143203.88,0.0,143203.88,4296.12,0.0,147500.0,0,0.0,0,0.0,0.0,147500.0,120651,,New,0,,,,
116183,101,8,RSL/26-27/7,2026-04-10 00:00:00,2,102,SATYA PRAKASH MISHRA,"BBSR
",112135.4,0.0,112135.4,3364.06,-0.46,115499.46,0,0.0,0,0.0,0.0,115499.0,120652,,New,0,,,,
116184,101,8,RSL/26-27/8,2026-04-10 00:00:00,2,102,SARAT KUMAR PANDA,"BBSR
",46601.94,0.0,46601.94,1398.06,0.0,48000.0,0,0.0,0,0.0,0.0,48000.0,120653,,New,0,,,,
116185,101,8,RSL/26-27/9,2026-04-11 00:00:00,2,102,SAROJ KUMAR SATPATHY,"BBSR
",70873.79,0.0,70873.79,2126.22,0.0,73000.0,0,0.0,0,0.0,0.0,73000.0,120654,,New,0,,,,
116186,101,8,RSL/26-27/10,2026-04-12 00:00:00,2,102,MAITRAY MISHRA,"BBSR
",37864.08,0.0,37864.08,1135.92,0.0,39000.0,0,0.0,0,0.0,0.0,39000.0,120655,,New,0,,,,
116187,101,8,RSL/26-27/11,2026-04-16 00:00:00,2,102,USHA GUPTA ,"BBSR
",71844.66,0.0,71844.66,2155.34,0.0,74000.0,0,0.0,0,0.0,0.0,74000.0,120657,,Modified,0,,,,
116188,101,8,RSL/26-27/12,2026-04-18 00:00:00,2,102,DEBASRITA PANDA,"BBSR
",188155.34,0.0,188155.34,5644.66,0.0,193800.0,0,0.0,0,0.0,0.0,193800.0,120658,,New,0,,,,
116189,101,8,RSL/26-27/13,2026-04-18 00:00:00,2,102,KRUTIKA ROUTRAY,"BBSR
",37864.08,0.0,37864.08,1135.92,0.0,39000.0,0,0.0,0,0.0,0.0,39000.0,120659,,New,8895487169,,,,
117188,101,8,RSL/26-27/14,2026-04-19 00:00:00,2,102,KHIROD DAS,"BBSR
",50485.44,0.0,50485.44,1514.56,0.0,52000.0,0,0.0,0,0.0,0.0,52000.0,121658,,New,0,,,,
117189,101,8,RSL/26-27/15,2026-04-19 00:00:00,2,102,SARAT KUMAR PANDA,"BBSR
",24271.86,0.0,24271.86,728.16,-0.01,25000.01,0,0.0,0,0.0,0.0,25000.0,121659,,New,0,,,,
117190,101,8,RSL/26-27/16,2026-04-19 00:00:00,2,102,SASMITA MISHRA,"BBSR
",87378.64,0.0,87378.64,2621.36,0.0,90000.0,0,0.0,0,0.0,0.0,90000.0,121660,,New,9338716261,,,,
117191,101,8,RSL/26-27/17,2026-04-19 00:00:00,2,102,GSR ASSOCIATES,"BBSR
",32524.27,0.0,32524.27,975.72,0.0,33500.0,0,0.0,0,0.0,0.0,33500.0,121661,,New,9937233535,,21AATFJ6408J1Z5,,
117192,101,8,RSL/26-27/18,2026-04-19 00:00:00,2,102,ANJU,"BBSR
",42718.45,0.0,42718.45,1281.56,0.0,44000.0,0,0.0,0,0.0,0.0,44000.0,121662,,New,0,,,,
117193,101,8,RSL/26-27/19,2026-04-19 00:00:00,2,102,CHANDAN SAHOO,"BBSR
",35922.33,0.0,35922.33,1077.66,0.0,37000.0,0,0.0,0,0.0,0.0,37000.0,121663,,New,0,,,,
117194,101,8,RSL/26-27/20,2026-04-20 00:00:00,2,102,BIPIN KUMAR,"BBSR
",2427.18,0.0,2427.18,72.82,0.0,2500.0,0,0.0,0,0.0,0.0,2500.0,121665,,Modified,9348591505,,,,
118194,101,8,RSL/26-27/21,2026-04-20 00:00:00,2,102,SOUMYA RANJAN KHUNITA,"BBSR
",26213.59,0.0,26213.59,786.4,0.0,27000.0,0,0.0,0,0.0,0.0,27000.0,122664,,New,7894390848,,,,
118195,101,8,RSL/26-27/22,2026-04-20 00:00:00,2,102,SITU MISHRA,"BBSR
",264271.84,0.0,264271.84,7928.16,0.01,272199.99,0,0.0,0,0.0,0.0,272200.0,122665,,New,0,,,1,
118196,101,8,RSL/26-27/23,2026-04-20 00:00:00,2,102,ARUN,BBSR,69320.39,0.0,69320.39,2079.62,0.0,71400.0,0,0.0,0,0.0,0.0,71400.0,122666,,New,0,,,,
118197,101,8,RSL/26-27/24,2026-04-20 00:00:00,2,102,EVENT SIR,"BBSR
",8640.78,0.0,8640.78,259.22,0.0,8900.0,0,0.0,0,0.0,0.0,8900.0,122668,,Modified,0,,,,
118198,101,8,RSL/26-27/25,2026-04-23 00:00:00,2,102,GULU ,"BBSR
",23980.58,0.0,23980.58,719.42,0.0,24700.0,0,0.0,0,0.0,0.0,24700.0,122669,,New,0,,,,
118199,101,8,RSL/26-27/26,2026-04-20 00:00:00,2,102,KRISHNA DASH,"EB-222,STAGE2,LAXMI SAGAR,BDA COLONY.
",37475.73,0.0,37475.73,1124.28,0.0,38600.0,0,0.0,0,0.0,0.0,38600.0,122670,,New,8328876277,,,,
118200,101,8,RSL/26-27/27,2026-04-20 00:00:00,2,102,NIRAJITA MOHANTY,"BBSR
",45922.33,0.0,45922.33,1377.66,0.0,47300.0,0,0.0,0,0.0,0.0,47300.0,122671,,New,0,,,,
118201,101,8,RSL/26-27/28,2026-04-20 00:00:00,2,102,SWATA ACHARYA,"BBSR
",40582.52,0.0,40582.52,1217.48,0.0,41800.0,0,0.0,0,0.0,0.0,41800.0,122672,,New,0,,,,
118202,101,8,RSL/26-27/29,2026-04-20 00:00:00,2,102,SARTAZ ALI,"BBSR
",86310.68,0.0,86310.68,2589.32,0.0,88900.0,0,0.0,0,0.0,0.0,88900.0,122673,,New,0,,,,
118203,101,8,RSL/26-27/30,2026-04-25 00:00:00,2,102,S.B BEHERA,"BBSR
",873.79,0.0,873.79,26.22,0.0,900.0,0,0.0,0,0.0,0.0,900.0,122674,,New,9337204931,,,,
118204,101,8,RSL/26-27/31,2026-04-26 00:00:00,2,102,BISAJIT SWAIN,"BBSR
",51941.75,0.0,51941.75,1558.26,0.0,53500.0,0,0.0,0,0.0,0.0,53500.0,122675,,New,0,,,,
119204,101,8,RSL/26-27/32,2026-05-01 00:00:00,2,102,SILPI PATRA,"BBSR
",22815.53,0.0,22815.53,684.46,0.0,23500.0,0,0.0,0,0.0,0.0,23500.0,123675,,New,7605989227,,,,
119205,101,8,RSL/26-27/33,2026-05-01 00:00:00,2,102,JAYASMITE PANIGRAHI,"BBSR
",23786.41,0.0,23786.41,713.6,0.0,24500.0,0,0.0,0,0.0,0.0,24500.0,123676,,New,7735715724,,,,
119206,101,8,RSL/26-27/34,2026-05-01 00:00:00,2,102,BAPI MANGRAJ,"BBSR
",18446.6,0.0,18446.6,553.4,0.0,19000.0,0,0.0,0,0.0,0.0,19000.0,123677,,New,0,,,,
119207,101,8,RSL/26-27/35,2026-05-01 00:00:00,2,102,FUNY,"BBSR
",22718.45,0.0,22718.45,681.56,0.0,23400.0,0,0.0,0,0.0,0.0,23400.0,123678,,New,0,,,,
119208,101,8,RSL/26-27/36,2026-05-04 00:00:00,2,102,NILAM AGRWAL,"BBSR
",74514.56,0.0,74514.56,2235.44,0.0,76750.0,0,0.0,0,0.0,0.0,76750.0,123679,,New,0,,,,
119209,101,8,RSL/26-27/37,2026-05-04 00:00:00,2,102,NEBEDITA  ,"BBSR
",156407.77,0.0,156407.77,4692.24,0.0,161100.0,0,0.0,0,0.0,0.0,161100.0,123680,,New,0,,,,
119210,101,8,RSL/26-27/38,2026-05-06 00:00:00,2,102,SABYASACHI JENA,"BBSR
",24757.28,0.0,24757.28,742.72,0.0,25500.0,0,0.0,0,0.0,0.0,25500.0,123681,,New,0,,,,
119211,101,8,RSL/26-27/39,2026-05-06 00:00:00,2,102,BARSHA ,"BBSR
",79611.65,0.0,79611.65,2388.34,0.0,82000.0,0,0.0,0,0.0,0.0,82000.0,123682,,New,0,,,\,
119212,101,8,RSL/26-27/40,2026-05-08 00:00:00,2,102,ROJI RATH,"BBSR
",29126.21,0.0,29126.21,873.78,0.0,30000.0,0,0.0,0,0.0,0.0,30000.0,123683,,New,0,,,,
119213,101,8,RSL/26-27/41,2026-05-09 00:00:00,2,102,ASHOK KUMAR SWAIN,"BBSR
",33883.5,0.0,33883.5,1016.5,0.0,34900.0,0,0.0,0,0.0,0.0,34900.0,123685,,Modified,9938354607,,,,
119214,101,8,RSL/26-27/42,2026-05-09 00:00:00,2,102,KIRAN,"BBSR
",8640.78,0.0,8640.78,259.22,0.0,8900.0,0,0.0,0,0.0,0.0,8900.0,123686,,New,0,,,,
119215,101,8,RSL/26-27/43,2026-05-10 00:00:00,2,102,DEEPAK,"BBSR
",204951.46,0.0,204951.46,6148.54,0.0,211100.0,0,0.0,0,0.0,0.0,211100.0,123689,,Modified,0,,,1,
119216,101,8,RSL/26-27/44,2026-05-11 00:00:00,2,102,ABHISEK BISWAL,BBSR,196116.1,0.0,196116.1,5883.48,0.4,201999.6,0,0.0,0,0.0,0.0,202000.0,123692,,Modified,0,,,BMNPB8054M,
119217,101,8,RSL/26-27/45,2026-05-12 00:00:00,2,102,SOUMYA GUPTA,"BBSR
",47087.38,0.0,47087.38,1412.62,0.0,48500.0,0,0.0,0,0.0,0.0,48500.0,123693,,New,7008364323,,,,
119218,101,8,RSL/26-27/46,2026-05-13 00:00:00,2,102,SONALI ABUJA,"BBSR
",23300.97,0.0,23300.97,699.02,0.0,24000.0,0,0.0,0,0.0,0.0,24000.0,123694,,New,0,,,,
119219,101,8,RSL/26-27/47,2026-05-14 00:00:00,2,102,SAILENDRA,"BBSR
",18106.8,0.0,18106.8,543.2,0.0,18650.0,0,0.0,0,0.0,0.0,18650.0,123695,,New,0,,,,
120219,101,8,RSL/26-27/48,2026-05-17 00:00:00,2,102,SUNIL KUMAR SWAIN ,"BBSR
",58252.43,0.0,58252.43,1747.58,0.0,60000.0,0,0.0,0,0.0,0.0,60000.0,124695,,New,9110357041,,21CCKPN8961K1Z3,,
120220,101,8,RSL/26-27/49,2026-05-18 00:00:00,2,102,SUNIL KUMAR SWAIN ,"BBSR
",-485.44,0.0,-485.44,-14.56,0.0,-500.0,0,0.0,0,0.0,0.0,-500.0,124696,,New,9110357041,,,,
121220,101,8,RSL/26-27/50,2026-05-21 00:00:00,2,102,SANJU ,"BBSR
",24271.84,0.0,24271.84,728.16,0.0,25000.0,0,0.0,0,0.0,0.0,25000.0,125696,,New,0,,,,
121221,101,8,RSL/26-27/51,2026-05-25 00:00:00,2,102,SUNIL MANGARAJ,"JHARPADA
",13106.8,0.0,13106.8,393.2,0.0,13500.0,0,0.0,0,0.0,0.0,13500.0,125698,,Modified,7377588888,,,,
121222,101,8,RSL/26-27/52,2026-05-25 00:00:00,2,102,PATHANA,"BBSR
",15533.98,0.0,15533.98,466.02,0.0,16000.0,0,0.0,0,0.0,0.0,16000.0,125699,,New,0,,,,
122221,101,8,RSL/26-27/53,2026-05-30 00:00:00,2,102,LAJITA PRADHAN,"BBSR
",36893.2,0.0,36893.2,1106.8,0.0,38000.0,0,0.0,0,0.0,0.0,38000.0,126697,,New,9337927582,,,,
122222,101,8,RSL/26-27/54,2026-05-30 00:00:00,2,102,MAHI,"BBSR
",4854.37,0.0,4854.37,145.64,0.0,5000.0,0,0.0,0,0.0,0.0,5000.0,126698,,New,0,,,,
122223,101,8,RSL/26-27/55,2026-06-08 00:00:00,2,102,RASHMITA AGARWAL ,"BBSR
",56310.68,0.0,56310.68,1689.32,0.0,58000.0,0,0.0,0,0.0,0.0,58000.0,126699,,New,9437006089,,,,
122224,101,8,RSL/26-27/56,2026-06-10 00:00:00,2,102,SK ANWARUDDIN,BBSR,22815.53,0.0,22815.53,684.46,0.01,23499.99,0,0.0,0,0.0,0.0,23500.0,126701,,Modified,0,,,,
123224,101,8,RSL/26-27/57,2026-06-13 00:00:00,2,102,SATYA PRAKASH MISHRA,"BBSR
",14271.84,0.0,14271.84,428.16,0.0,14700.0,0,0.0,0,0.0,0.0,14700.0,127700,,New,0,,,,
123225,101,8,RSL/26-27/58,2026-06-15 00:00:00,2,102,AZMISHAFIQUA,"BBSR
",128679.61,0.0,128679.61,3860.38,0.0,132540.0,0,0.0,0,0.0,0.0,132540.0,127701,,New,0,,,,
123226,101,8,RSL/26-27/59,2026-06-15 00:00:00,2,102,AZMISHAFIQUA,"BBSR
",77766.99,0.0,77766.99,2333.0,0.0,80100.0,0,0.0,0,0.0,0.0,80100.0,127702,,New,0,,,,
123227,101,8,RSL/26-27/60,2026-06-15 00:00:00,2,102,AZMISHAFIQUA,"BBSR
",194524.27,0.0,194524.27,5835.72,0.0,200360.0,0,0.0,0,0.0,0.0,200360.0,127703,,New,0,,,1,
124225,101,8,RSL/26-27/61,2026-06-18 00:00:00,2,102,MITESH MANGARAJ,"
BBSR",43689.32,0.0,43689.32,1310.68,0.0,45000.0,0,0.0,0,0.0,0.0,45000.0,128701,,New,0,,,,
124226,101,8,RSL/26-27/62,2026-06-20 00:00:00,2,102,PRAKASH SAMAL,"BBSR

",89320.39,0.0,89320.39,2679.62,0.0,92000.0,0,0.0,0,0.0,0.0,92000.0,128702,,New,0,,,,
124227,101,8,RSL/26-27/63,2026-06-22 00:00:00,2,102,IDENTIY TRAINING SERVICES PVT ,"HIG-18,MEHERNAGAR,JAYDEV VIHAR,BBSR
",114563.11,0.0,114563.11,3436.9,-0.01,118000.01,0,0.0,0,0.0,0.0,118000.0,131724,,Modified,9437208179,,21AACCI9743H2ZL,,
125227,101,8,RSL/26-27/64,2026-06-20 00:00:00,2,102,ASWIN SAHOO,"BBSR
",48543.69,0.0,48543.69,1456.32,0.0,50000.0,0,0.0,0,0.0,0.0,50000.0,129711,,Modified,0,,,,
125228,101,8,RSL/26-27/65,2026-06-24 00:00:00,2,102,MAITRAYE MISHRA,BBSR,145631.07,0.0,145631.07,4368.94,0.0,150000.0,0,0.0,0,0.0,0.0,150000.0,129710,,Modified,0,,,,
125229,101,8,RSL/26-27/66,2026-06-25 00:00:00,2,102,LOKANATH MOHARANA,"BBSR
",99029.13,0.0,99029.13,2970.88,0.0,102000.0,0,0.0,0,0.0,0.0,102000.0,129709,,Modified,0,,,,
125230,101,8,RSL/26-27/67,2026-06-25 00:00:00,2,102,RASHMITA AGARWAL ,"BBSR
",136116.59,0.0,136116.59,4083.5,-0.09,140200.09,0,0.0,0,0.0,0.0,140200.0,129706,,New,9437006089,,,,
125231,101,8,RSL/26-27/68,2026-06-25 00:00:00,2,102,RADHIKA PATTNAIK,"BOMIKHAL BBSR
",34660.19,0.0,34660.19,1039.8,0.0,35700.0,0,0.0,0,0.0,0.0,35700.0,129707,,New,7381052727,,,,
125232,101,8,RSL/26-27/69,2026-06-26 00:00:00,2,102,AMIT PATRA,"BBSR
",32524.27,0.0,32524.27,975.72,0.0,33500.0,0,0.0,0,0.0,0.0,33500.0,129712,,New,0,,,,
125233,101,8,RSL/26-27/70,2026-06-27 00:00:00,2,102,BISWAJIT HALDAR,"BBSR
",8446.6,0.0,8446.6,253.4,0.0,8700.0,0,0.0,0,0.0,0.0,8700.0,129713,,New,0,,,,
125234,101,8,RSL/26-27/71,2026-06-26 00:00:00,2,102,GANESH PANDA,"BBSR
",669902.63,0.0,669902.63,20097.08,0.31,689999.69,0,0.0,0,0.0,0.0,690000.0,132729,,Modified,7205554456,,,EKQPP6296B,
125235,101,8,RSL/26-27/72,2026-06-27 00:00:00,2,102,SURIYA SIKHA SAMAL,"BBSR
",57475.73,0.0,57475.73,1724.28,0.0,59200.0,0,0.0,0,0.0,0.0,59200.0,129716,,New,0,,,,
125236,101,8,RSL/26-27/73,2026-06-29 00:00:00,2,102,AMIT PATRA,"BBSR
",46504.85,0.0,46504.85,1395.14,0.0,47900.0,0,0.0,0,0.0,0.0,47900.0,129717,,New,0,,,,
125237,101,8,RSL/26-27/74,2026-06-30 00:00:00,2,102,SIMA MAJHI,"BBSR
",18932.04,0.0,18932.04,567.96,0.0,19500.0,0,0.0,0,0.0,0.0,19500.0,129718,,New,0,,,,
125238,101,8,RSL/26-27/75,2026-06-30 00:00:00,2,102,SWAPNA,"BBSR
",230581.6,0.0,230581.6,6917.44,-0.05,237499.05,0,0.0,0,0.0,0.0,237499.0,129719,,New,0,,,1,
125239,101,8,RSL/26-27/76,2026-06-30 00:00:00,2,102,MICKY GUPTA,BBSR,41941.75,0.0,41941.75,1258.26,0.0,43200.0,0,0.0,0,0.0,0.0,43200.0,130721,,Modified,0,,,,
125240,101,8,RSL/26-27/77,2026-07-07 00:00:00,2,102,MAMALI JENA,"BBSR
",10485.44,0.0,10485.44,314.56,0.0,10800.0,0,0.0,0,0.0,0.0,10800.0,130722,,New,8018679546,,,,
125241,101,8,RSL/26-27/78,2026-07-11 00:00:00,2,102,AMITA BALABANT SAMNTRAY,"BBSR
",3786.41,0.0,3786.41,113.6,0.0,3900.0,0,0.0,0,0.0,0.0,3900.0,130723,,New,0,,,,
125242,101,8,RSL/26-27/79,2026-07-15 00:00:00,2,102,JANMAYE MOHAPATRA,"BBSR
",26213.59,0.0,26213.59,786.4,0.0,27000.0,0,0.0,0,0.0,0.0,27000.0,132725,,Modified,7381275536,,,,
125243,101,8,RSL/26-27/80,2026-07-20 00:00:00,2,102,PRATYUSH PRIYADRASHI ,"BBSR
",77475.73,0.0,77475.73,2324.28,0.0,79800.0,0,0.0,0,0.0,0.0,79800.0,132726,,New,0,,,,
125244,101,8,RSL/26-27/81,2026-07-21 00:00:00,2,102,KOMAL SAHA,"
BBSR",18446.6,0.0,18446.6,553.4,0.0,19000.0,0,0.0,0,0.0,0.0,19000.0,132727,,New,0,,,,
125245,101,8,RSL/26-27/82,2026-07-21 00:00:00,2,102,NAMRTA,"BBSR
",3203.88,0.0,3203.88,96.12,0.0,3300.0,0,0.0,0,0.0,0.0,3300.0,132728,,New,0,,,,
126243,101,8,RSL/26-27/83,2026-07-24 00:00:00,2,102,PREETI,"BBSR
",2378.65,0.0,2378.65,71.36,0.0,2450.0,0,0.0,0,0.0,0.0,2450.0,133726,,New,0,,,,
126244,101,8,RSL/26-27/84,2026-07-25 00:00:00,2,102,CHINMAYE,"BBSR
",46213.59,0.0,46213.59,1386.4,0.0,47600.0,0,0.0,0,0.0,0.0,47600.0,133727,,New,0,,,,
126245,101,8,RSL/26-27/85,2026-07-28 00:00:00,2,102,ASHOK KUMAR ROUT,"BBSR
",17961.17,0.0,17961.17,538.84,-0.01,18500.01,0,0.0,0,0.0,0.0,18500.0,133728,,New,9437017474,,,,
127244,101,8,RSL/26-27/86,2026-07-29 00:00:00,2,102,SASWAT ROUTRAY,"BBSR
",24757.28,0.0,24757.28,742.72,0.0,25500.0,0,0.0,0,0.0,0.0,25500.0,134731,,Modified,8260939281,,,,
127245,101,8,RSL/26-27/87,2026-07-29 00:00:00,2,102,PRAFUL SAHOO,"BBSR
",970.87,0.0,970.87,29.12,0.01,999.99,0,0.0,0,0.0,0.0,1000.0,134732,,Modified,7008453526,,,,
127246,101,8,RSL/26-27/88,2026-07-29 00:00:00,2,102,JOSHNAMAYEE DAS,"
",93689.32,0.0,93689.32,2810.68,0.0,96500.0,0,0.0,0,0.0,0.0,96500.0,134733,,Modified,7749878377,,,,
127247,101,8,RSL/26-27/89,2026-07-29 00:00:00,2,102,ABASH KUMAR JENA,"BBSR
",177669.9,0.0,177669.9,5330.1,0.0,183000.0,0,0.0,0,0.0,0.0,183000.0,134734,,New,0,,,,
127248,101,8,RSL/26-27/90,2026-07-30 00:00:00,2,102,KOMAL SAHA,"BBSR
",29126.21,0.0,29126.21,873.78,0.0,30000.0,0,0.0,0,0.0,0.0,30000.0,134735,,New,0,,,,
127249,101,8,RSL/26-27/91,2026-07-30 00:00:00,2,102,SUMAN PRUSTY,"BBSR
",7864.08,0.0,7864.08,235.92,0.0,8100.0,0,0.0,0,0.0,0.0,8100.0,134736,,New,9861206277,,,,
127250,101,8,RSL/26-27/92,2026-07-31 00:00:00,2,102,BIKRAM LENKA,BBSR,2330.1,0.0,2330.1,69.9,0.0,2400.0,0,0.0,0,0.0,0.0,2400.0,134737,,New,0,,,,
127251,101,8,RSL/26-27/93,2026-07-31 00:00:00,2,102,ABHINAS PRITAM NAYAK,"BBSR
",299324.27,0.0,299324.27,8979.72,0.0,308304.0,0,0.0,0,0.0,0.0,308304.0,134738,,New,0,,,1,
127252,101,8,RSL/26-27/94,2026-08-04 00:00:00,2,102,HDJ JEWEL PRIVATE LIMITED,"TECHKNIT INDUSTRIES 
PLOT NO A/46,STREETN0.2 MIDC ANDHERI EAST",3747572.82,0.0,3747572.82,112427.18,0.0,3860000.0,0,0.0,0,0.0,0.0,3860000.0,136753,,Modified,9833120188,,27AAHCH2212B1Z8,AAHCH2212B,
127253,101,8,RSL/26-27/95,2026-08-08 00:00:00,2,102,PRIYA,"BBSR
",2718.45,0.0,2718.45,81.56,0.0,2800.0,0,0.0,0,0.0,0.0,2800.0,134741,,Modified,0,,,,
127254,101,8,RSL/26-27/96,2026-08-14 00:00:00,2,102,SMRUTI RANJAN SAWIN,"BBSR
",21854.31,1510.0,21854.31,655.62,0.07,22509.93,0,0.0,0,0.0,0.0,21000.0,134743,Enter Additional Information,Modified,9337185906,,,,
128254,101,8,RSL/26-27/97,2026-08-16 00:00:00,2,102,CASH,"BBSR
",388.35,0.0,388.35,11.66,0.0,400.0,0,0.0,0,0.0,0.0,400.0,135742,,New,0,,,,
128255,101,8,RSL/26-27/98,2026-08-16 00:00:00,2,102,RASHMI AGRWAL,"BBSR
",6310.68,0.0,6310.68,189.32,0.0,6500.0,0,0.0,0,0.0,0.0,6500.0,135743,,New,0,,,,
128256,101,8,RSL/26-27/99,2026-08-19 00:00:00,2,102,PATHAN,"BBSR
",38834.95,0.0,38834.95,1165.04,0.0,40000.0,0,0.0,0,0.0,0.0,40000.0,135744,,New,0,,,,
128257,101,8,RSL/26-27/100,2026-08-19 00:00:00,2,102,ZARINA MOHANTY,"BBSR
",95631.07,0.0,95631.07,2868.94,0.0,98500.0,0,0.0,0,0.0,0.0,98500.0,135745,,New,0,,,,
128258,101,8,RSL/26-27/101,2026-08-19 00:00:00,2,102,ZARINA MOHANTY,"BBSR
",2912.62,0.0,2912.62,87.38,0.0,3000.0,0,0.0,0,0.0,0.0,3000.0,135746,,New,0,,,,
129255,101,8,RSL/26-27/102,2026-08-20 00:00:00,2,102,DEBADTTA SWAIN,"BBSR
",91019.42,0.0,91019.42,2730.58,0.0,93750.0,0,0.0,0,0.0,0.0,93750.0,136743,,New,0,,,,
129256,101,8,RSL/26-27/103,2026-08-21 00:00:00,2,102,BANITA PARIDA,"BBSR
",13592.23,0.0,13592.23,407.76,0.01,13999.99,0,0.0,0,0.0,0.0,14000.0,136745,,Modified,0,,,,
129257,101,8,RSL/26-27/104,2026-08-24 00:00:00,2,102,S.SACHIN KUMAR,"BBSR
",14271.84,0.0,14271.84,428.16,0.0,14700.0,0,0.0,0,0.0,0.0,14700.0,136747,,New,7327046528,,,,
129258,101,8,RSL/26-27/105,2026-08-24 00:00:00,2,102,SAILESH SUPRIT JENA,"BBSR
",14466.02,0.0,14466.02,433.98,0.0,14900.0,0,0.0,0,0.0,0.0,14900.0,136748,,New,0,,,,
129259,101,8,RSL/26-27/106,2026-08-24 00:00:00,2,102,ANUSHAYA PUHNA,"BBAR
",58737.86,0.0,58737.86,1762.14,0.01,60499.99,0,0.0,0,0.0,0.0,60500.0,136750,,Modified,0,,,,
129260,101,8,RSL/26-27/107,2026-08-27 00:00:00,2,102,ANANYA LENKA,"BBSR
",2912.62,0.0,2912.62,87.38,0.0,3000.0,0,0.0,0,0.0,0.0,3000.0,136754,,New,0,,,,
129261,101,8,RSL/26-27/108,2026-08-27 00:00:00,2,102,SAGARIKA PRIYADRSHANI RAY,"BBSR
",26213.59,0.0,26213.59,786.4,0.0,27000.0,0,0.0,0,0.0,0.0,27000.0,136756,,Modified,7978871097,,,,
129262,101,8,RSL/26-27/109,2026-08-27 00:00:00,2,102,JOGESWORI,"BBSR
",18932.04,0.0,18932.04,567.96,0.0,19500.0,0,0.0,0,0.0,0.0,19500.0,136757,,New,0,,,,
129263,101,8,RSL/26-27/110,2026-08-28 00:00:00,2,102,BARSHA,"BBSR
",82523.79,0.0,82523.79,2475.72,0.5,84999.5,0,0.0,0,0.0,0.0,85000.0,136758,,New,0,,,,
129264,101,8,RSL/26-27/111,2026-09-03 00:00:00,2,102,S.SACHIN KUMAR,"BBSR
",2640.78,0.0,2640.78,79.22,0.0,2720.0,0,0.0,0,0.0,0.0,2720.0,136759,,New,7327046528,,,,
129265,101,8,RSL/26-27/112,2026-09-04 00:00:00,2,102,NILAM SAHA,"BBSR
",15242.72,0.0,15242.72,457.28,0.0,15700.0,0,0.0,0,0.0,0.0,15700.0,136760,,New,9304293605,,,,
129266,101,8,RSL/26-27/113,2026-09-04 00:00:00,2,102,SOUYMA SIDHA,"BBSR
",42233.01,0.0,42233.01,1267.0,0.0,43500.0,0,0.0,0,0.0,0.0,43500.0,136761,,New,0,,,,
130266,101,8,RSL/26-27/114,2026-09-04 00:00:00,2,102,NEW UTTAM JEWELLERY,"56,TOPSIA ROAD,KOLKATA
",32524.27,0.0,32524.27,975.72,0.01,33499.99,0,0.0,0,0.0,0.0,33500.0,138761,,Modified,0,,19AGVPG7279A2ZX,,
131266,101,8,RSL/26-27/115,2026-09-04 00:00:00,2,102,RASHMI RANJAN NAYAK,"BBSR
",251097.09,0.0,251097.09,7532.92,0.0,258630.0,0,0.0,0,0.0,0.0,258630.0,138762,,New,0,,,1,
131267,101,8,RSL/26-27/116,2026-09-05 00:00:00,2,102,BARSHA BEHERA,"BBSR
",143009.71,0.0,143009.71,4290.3,0.0,147300.0,0,0.0,0,0.0,0.0,147300.0,138763,,New,0,,,1,
131268,101,8,RSL/26-27/117,2026-09-06 00:00:00,2,102,SWPNA DAS,"BBSR
",338291.27,0.0,338291.27,10148.74,0.0,348440.0,0,0.0,0,0.0,0.0,348440.0,138764,,New,0,,,2,
131269,101,8,RSL/26-27/118,2026-09-06 00:00:00,2,102,DIBYAJOTI RAY,"BBSR
",195864.08,0.0,195864.08,5875.92,-0.01,201740.01,0,0.0,0,0.0,0.0,201740.0,138765,,New,0,,,1,
131270,101,8,RSL/26-27/119,2026-09-07 00:00:00,2,102,RAJESH MOHAPTRA,"BBSR
",132427.19,0.0,132427.19,3972.82,0.0,136400.0,0,0.0,0,0.0,0.0,136400.0,138766,,New,0,,,,
131271,101,8,RSL/26-27/120,2026-09-08 00:00:00,2,102,RAJSHREE SAHOO,"BBSR
",97553.4,0.0,97553.4,2926.6,0.0,100480.0,0,0.0,0,0.0,0.0,100480.0,138767,,New,0,,,,
131272,101,8,RSL/26-27/121,2026-09-13 00:00:00,2,102,SANGEETA,"BBSR
",4854.37,0.0,4854.37,145.64,0.0,5000.0,0,0.0,0,0.0,0.0,5000.0,138768,,New,0,,,,
132272,101,8,RSL/26-27/122,2026-09-09 00:00:00,2,102,BARSHA,"BBSR
",53398.06,0.0,53398.06,1601.94,0.0,55000.0,0,0.0,0,0.0,0.0,55000.0,139768,,New,0,,,,
132273,101,8,RSL/26-27/123,2026-09-11 00:00:00,2,102,RUBI,"BBSR
",499184.46,0.0,499184.46,14975.54,0.0,514160.0,0,0.0,0,0.0,0.0,514160.0,139769,,New,0,,,1,
132274,101,8,RSL/26-27/124,2026-09-13 00:00:00,2,102,PRATUYSH,"BBSR
",62524.56,0.0,62524.56,1875.74,-0.3,64400.3,0,0.0,0,0.0,0.0,64400.0,139770,,New,0,,,,
132275,101,8,RSL/26-27/125,2026-09-09 00:00:00,2,102,RUDRA BISWAL,"BBSR
",185339.81,0.0,185339.81,5560.2,0.0,190900.0,0,0.0,0,0.0,0.0,190900.0,139771,,New,0,,,,
132276,101,8,RSL/26-27/126,2026-09-09 00:00:00,2,102,SANGEETA PANDA,"BBSR
",124951.46,0.0,124951.46,3748.54,0.0,128700.0,0,0.0,0,0.0,0.0,128700.0,139772,,New,0,,,,
132277,101,8,RSL/26-27/127,2026-09-09 00:00:00,2,102,RAKESH ROUTRAY,"BBSR
",59902.91,0.0,59902.91,1797.08,0.0,61700.0,0,0.0,0,0.0,0.0,61700.0,139773,,New,0,,,,
132278,101,8,RSL/26-27/128,2026-09-16 00:00:00,2,102,PRATYUSH,"BBSR
",49805.83,0.0,49805.83,1494.18,0.0,51300.0,0,0.0,0,0.0,0.0,51300.0,140777,,Modified,0,,,,
133278,101,8,RSL/26-27/129,2026-09-10 00:00:00,2,102,LOPA SAWIN,"BBSR
",58757.28,0.0,58757.28,1762.72,0.0,60520.0,0,0.0,0,0.0,0.0,60520.0,140774,,New,0,,,,
133279,101,8,RSL/26-27/130,2026-09-18 00:00:00,2,102,RAKESH GUPTA,"BBSR
",36407.77,0.0,36407.77,1092.24,0.0,37500.0,0,0.0,0,0.0,0.0,37500.0,140775,,New,0,,,,
133280,101,8,RSL/26-27/131,2026-09-18 00:00:00,2,102,SATISH GUPTA,"BBSR
",68931.9,0.0,68931.9,2067.96,0.15,70999.85,0,0.0,0,0.0,0.0,71000.0,140776,,New,0,,,,
133281,101,8,RSL/26-27/132,2026-09-19 00:00:00,2,102,PRAGYANSHREE MOHANTY,"BBSR
",3106.8,0.0,3106.8,93.2,0.0,3200.0,0,0.0,0,0.0,0.0,3200.0,140778,,New,0,,,,
133282,101,8,RSL/26-27/133,2026-09-20 00:00:00,2,102,ALEKHA SAHOO,"BBSR
",51359.67,0.0,51359.67,1540.8,-0.46,52900.46,0,0.0,0,0.0,0.0,52900.0,140779,,New,9937487714,,,,
