CT_ID,SL_NO,BCM_BAR_CODE,ITM_ID,GRS_WT,STN_WT,NET_WT,MRP
1,1,H19103000137,102,3.58,0.0,3.58,0.0
2,1,H19103000138,103,2.35,0.0,2.35,0.0
3,1,H19103000139,102,3.93,0.0,3.93,0.0
4,1,H19103000140,110,4.3,0.0,4.3,0.0
5,1,H19103000141,110,3.25,0.0,3.25,0.0
6,1,H19103000142,239,2.15,0.0,2.15,0.0
7,1,H19103000143,102,6.33,0.0,6.33,0.0
8,1,H19103000144,331,5.18,0.0,5.18,0.0
9,1,H19103000145,420,9.19,0.0,9.19,0.0
10,1,H19103000146,113,10.06,0.0,10.06,0.0
11,1,H19103000147,239,0.35,0.0,0.35,0.0
12,1,H19103000148,107,3.25,0.0,3.25,0.0
13,1,H19103000149,338,3.1,0.0,3.1,0.0
14,1,H19104000001,125,68.32,0.0,68.32,0.0
15,1,H19103000150,105,3.5,0.0,3.5,0.0
16,1,H19103000151,115,1.56,0.0,1.56,0.0
17,1,H19103000152,238,0.62,0.0,0.62,0.0
18,1,H19104000002,119,96.32,0.0,96.32,0.0
19,1,H19104000003,122,22.3,0.0,22.3,0.0
20,1,H19103000153,238,0.4,0.0,0.4,0.0
21,1,H19104000004,128,20.3,0.0,20.3,0.0
22,1,H19103000154,338,5.61,0.0,5.61,0.0
23,1,H19103000155,331,2.39,0.0,2.39,0.0
24,1,H19103000156,331,1.78,0.0,1.78,0.0
25,1,H19103000157,118,2.32,0.0,2.32,0.0
26,1,H19103000158,103,0.85,0.0,0.85,0.0
27,1,H19103000159,116,0.88,0.0,0.88,0.0
28,1,H19103000160,238,0.53,0.0,0.53,0.0
29,1,H19103000161,102,2.28,0.0,2.28,0.0
30,1,H19103000162,115,1.65,0.0,1.65,0.0
31,1,H19103000163,116,0.58,0.0,0.58,0.0
32,1,H19103000164,110,3.86,0.0,3.86,0.0
33,1,H19103000165,102,2.41,0.0,2.41,0.0
34,1,H19103000166,338,2.74,0.0,2.74,0.0
35,1,H19104000005,119,69.2,0.0,69.2,0.0
36,1,H19103000167,112,14.61,0.0,14.61,0.0
37,1,H19103000168,110,5.01,0.0,5.01,0.0
38,1,H19103000169,102,1.72,0.0,1.72,0.0
39,1,H19104000006,119,132.27,0.0,132.27,0.0
40,1,H19103000170,101,12.32,0.0,12.32,0.0
41,1,H19103000171,102,1.95,0.0,1.95,0.0
42,1,H19103000172,238,0.56,0.0,0.56,0.0
43,1,H19104000007,119,125.32,0.0,125.32,0.0
44,1,H19103000173,102,5.85,0.0,5.85,0.0
45,1,H19103000174,110,1.23,0.0,1.23,0.0
46,1,H19103000175,331,2.96,0.0,2.96,0.0
47,1,H19103000176,116,1.29,0.0,1.29,0.0
48,1,H19103000177,374,2.04,0.0,2.04,0.0
49,1,H19104000008,119,43.2,0.0,43.2,0.0
50,1,H19103000001,102,5.52,0.0,5.52,0.0
50,2,H19103000002,102,5.71,0.0,5.71,0.0
50,3,H19103000003,102,7.24,0.0,7.24,0.0
50,4,H19103000004,102,4.42,0.0,4.42,0.0
50,5,H19103000005,102,3.23,0.0,3.23,0.0
51,1,H19103000006,102,5.4,0.0,5.4,0.0
51,2,H19103000007,102,3.31,0.0,3.31,0.0
51,3,H19103000008,102,4.48,0.0,4.48,0.0
51,4,H19103000009,102,3.84,0.0,3.84,0.0
51,5,H19103000017,102,4.39,0.0,4.39,0.0
51,6,H19103000018,331,3.6,0.0,3.6,0.0
51,7,H19103000019,331,2.27,0.0,2.27,0.0
51,8,H19103000020,331,2.79,0.0,2.79,0.0
51,9,H19103000021,331,3.18,0.0,3.18,0.0
51,10,H19103000022,331,2.63,0.0,2.63,0.0
51,11,H19103000023,331,2.64,0.0,2.64,0.0
51,12,H19103000024,331,3.4,0.0,3.4,0.0
51,13,H19103000025,331,4.55,0.0,4.55,0.0
51,14,H19103000026,331,3.3,0.0,3.3,0.0
51,15,H19103000027,331,2.73,0.0,2.73,0.0
51,16,H19103000028,331,2.62,0.0,2.62,0.0
51,17,H19103000029,331,2.83,0.0,2.83,0.0
51,18,H19103000030,331,2.6,0.0,2.6,0.0
51,19,H19103000031,331,2.5,0.0,2.5,0.0
51,20,H19103000032,331,3.44,0.0,3.44,0.0
51,21,H19103000033,331,1.59,0.0,1.59,0.0
51,22,H19103000034,331,4.04,0.0,4.04,0.0
51,23,H19103000035,331,2.23,0.0,2.23,0.0
51,24,H19103000036,331,3.2,0.0,3.2,0.0
51,25,H19103000037,331,1.8,0.0,1.8,0.0
51,26,H19103000038,331,2.11,0.0,2.11,0.0
51,27,H19103000039,331,1.39,0.0,1.39,0.0
51,28,H19103000040,331,1.55,0.0,1.55,0.0
51,29,H19103000041,331,4.16,0.0,4.16,0.0
51,30,H19103000042,331,1.52,0.0,1.52,0.0
51,31,H19103000043,331,2.1,0.0,2.1,0.0
51,32,H19103000044,331,1.42,0.0,1.42,0.0
51,33,H19103000045,331,3.41,0.0,3.41,0.0
51,34,H19103000046,331,2.29,0.0,2.29,0.0
51,35,H19103000047,331,3.47,0.0,3.47,0.0
51,36,H19103000048,331,2.08,0.0,2.08,0.0
51,37,H19103000049,102,3.98,0.0,3.98,0.0
51,38,H19103000050,102,4.62,0.0,4.62,0.0
51,39,H19103000051,102,3.36,0.0,3.36,0.0
51,40,H19103000052,102,5.45,0.0,5.45,0.0
51,41,H19103000053,102,4.04,0.0,4.04,0.0
51,42,H19103000054,102,4.62,0.0,4.62,0.0
51,43,H19103000055,102,3.06,0.0,3.06,0.0
51,44,H19103000056,102,5.78,0.0,5.78,0.0
51,45,H19103000057,102,5.97,0.0,5.97,0.0
51,46,H19103000058,102,5.98,0.0,5.98,0.0
51,47,H19103000059,102,4.97,0.0,4.97,0.0
51,48,H19103000060,102,6.99,0.0,6.99,0.0
51,49,H19103000061,102,4.64,0.0,4.64,0.0
51,50,H19103000062,102,5.13,0.0,5.13,0.0
51,51,H19103000063,102,4.68,0.0,4.68,0.0
51,52,H19103000064,102,3.64,0.0,3.64,0.0
51,53,H19103000121,112,19.14,0.0,19.14,0.0
51,54,H19103000122,112,15.74,0.0,15.74,0.0
51,55,H19103000123,112,3.42,0.0,3.42,0.0
51,56,H19103000124,112,18.33,0.0,18.33,0.0
51,57,H19103000125,112,7.58,0.0,7.58,0.0
51,58,H19103000126,112,6.32,0.0,6.32,0.0
51,59,H19103000110,102,1.41,0.0,1.41,0.0
51,60,H19103000111,102,1.67,0.0,1.67,0.0
51,61,H19103000112,102,1.3,0.0,1.3,0.0
51,62,H19103000113,102,1.29,0.0,1.29,0.0
51,63,H19103000114,102,1.62,0.0,1.62,0.0
51,64,H19103000115,102,1.78,0.0,1.78,0.0
51,65,H19103000116,102,1.28,0.0,1.28,0.0
51,66,H19103000117,102,1.54,0.0,1.54,0.0
51,67,H19103000118,102,1.72,0.0,1.72,0.0
51,68,H19103000119,102,1.2,0.0,1.2,0.0
51,69,H19103000120,102,1.71,0.0,1.71,0.0
51,70,H19103000106,331,2.02,0.0,2.02,0.0
51,71,H19103000107,331,3.29,0.0,3.29,0.0
51,72,H19103000108,331,1.33,0.0,1.33,0.0
51,73,H19103000109,331,1.36,0.0,1.36,0.0
51,74,H19103000091,102,3.31,0.0,3.31,0.0
51,75,H19103000092,102,4.19,0.0,4.19,0.0
51,76,H19103000093,102,3.31,0.0,3.31,0.0
51,77,H19103000094,102,4.27,0.0,4.27,0.0
51,78,H19103000095,102,4.44,0.0,4.44,0.0
51,79,H19103000096,102,4.5,0.0,4.5,0.0
51,80,H19103000097,102,4.51,0.0,4.51,0.0
51,81,H19103000098,102,4.24,0.0,4.24,0.0
51,82,H19103000099,102,6.2,0.0,6.2,0.0
51,83,H19103000100,102,3.5,0.0,3.5,0.0
51,84,H19103000101,102,5.14,0.0,5.14,0.0
51,85,H19103000102,102,3.07,0.0,3.07,0.0
51,86,H19103000103,102,4.28,0.0,4.28,0.0
51,87,H19103000104,102,5.85,0.0,5.85,0.0
51,88,H19103000105,102,4.77,0.0,4.77,0.0
51,89,H19103000080,331,3.6,0.0,3.6,0.0
51,90,H19103000081,331,3.75,0.0,3.75,0.0
51,91,H19103000082,331,3.81,0.0,3.81,0.0
51,92,H19103000083,331,3.44,0.0,3.44,0.0
51,93,H19103000084,331,2.21,0.0,2.21,0.0
51,94,H19103000085,331,3.81,0.0,3.81,0.0
51,95,H19103000086,331,5.81,0.0,5.81,0.0
51,96,H19103000087,331,4.75,0.0,4.75,0.0
51,97,H19103000088,331,6.65,0.0,6.65,0.0
51,98,H19103000089,331,2.74,0.0,2.74,0.0
51,99,H19103000090,331,7.32,0.0,7.32,0.0
51,100,H19103000065,331,2.51,0.0,2.51,0.0
51,101,H19103000066,331,2.56,0.0,2.56,0.0
51,102,H19103000067,331,3.36,0.0,3.36,0.0
51,103,H19103000068,331,2.17,0.0,2.17,0.0
51,104,H19103000069,331,2.63,0.0,2.63,0.0
51,105,H19103000070,331,1.95,0.0,1.95,0.0
51,106,H19103000071,331,2.08,0.0,2.08,0.0
51,107,H19103000072,331,1.9,0.0,1.9,0.0
51,108,H19103000073,331,2.04,0.0,2.04,0.0
51,109,H19103000074,331,2.24,0.0,2.24,0.0
51,110,H19103000075,331,2.56,0.0,2.56,0.0
51,111,H19103000076,331,3.25,0.0,3.25,0.0
51,112,H19103000077,331,3.28,0.0,3.28,0.0
51,113,H19103000078,331,2.11,0.0,2.11,0.0
51,114,H19103000079,331,1.81,0.0,1.81,0.0
51,115,H19103000134,114,14.69,0.0,14.69,0.0
51,116,H19103000135,114,8.75,0.0,8.75,0.0
51,117,H19103000136,114,5.91,0.0,5.91,0.0
51,118,H19103000132,112,12.17,0.0,12.17,0.0
51,119,H19103000133,112,6.97,0.0,6.97,0.0
51,120,H19103000127,112,18.03,0.0,18.03,0.0
51,121,H19103000128,112,14.47,0.0,14.47,0.0
51,122,H19103000129,112,4.01,0.0,4.01,0.0
51,123,H19103000130,112,11.02,0.0,11.02,0.0
51,124,H19103000131,112,11.06,0.0,11.06,0.0
52,1,H19103000178,112,7.81,0.0,7.81,0.0
53,1,I19103000179,102,1.08,0.0,1.08,0.0
54,1,I19103000180,112,4.32,0.0,4.32,0.0
55,1,H19103000010,102,4.31,0.0,4.31,0.0
55,2,H19103000011,102,4.0,0.0,4.0,0.0
55,3,H19103000012,102,3.21,0.0,3.21,0.0
55,4,H19103000013,102,7.04,0.0,7.04,0.0
55,5,H19103000014,102,4.88,0.0,4.88,0.0
55,6,H19103000015,102,3.53,0.0,3.53,0.0
55,7,H19103000016,102,3.14,0.0,3.14,0.0
56,1,I19103000181,444,1.08,0.0,1.08,0.0
59,1,I19103000212,101,22.38,0.0,22.38,0.0
60,1,I19103000213,103,3.9,0.0,3.9,0.0
61,1,I19104000009,119,98.3,0.0,98.3,0.0
62,1,I19103000214,103,4.27,0.0,4.27,0.0
63,1,I19103000215,110,1.09,0.0,1.09,0.0
64,1,I19103000216,110,2.3,0.0,2.3,0.0
65,1,I19103000217,110,1.1,0.0,1.1,0.0
66,1,I19103000218,101,19.85,0.0,19.85,0.0
66,2,I19103000219,101,15.59,0.0,15.59,0.0
66,3,I19103000220,101,22.1,0.0,22.1,0.0
66,4,I19103000221,101,17.84,0.0,17.84,0.0
66,5,I19103000222,101,26.08,0.0,26.08,0.0
66,6,I19103000223,101,15.97,0.0,15.97,0.0
66,7,I19103000224,101,20.79,0.0,20.79,0.0
66,8,I19103000225,101,21.29,0.0,21.29,0.0
66,9,I19103000226,101,6.8,0.0,6.8,0.0
66,10,I19103000227,101,36.1,0.0,36.1,0.0
66,11,I19103000228,101,9.63,0.0,9.63,0.0
66,12,I19103000229,101,29.08,0.0,29.08,0.0
66,13,I19103000230,101,38.63,0.0,38.63,0.0
66,14,I19103000231,101,24.01,0.0,24.01,0.0
66,15,I19103000232,101,12.1,0.0,12.1,0.0
66,16,I19103000233,101,11.78,0.0,11.78,0.0
56,2,I19103000182,444,1.07,0.0,1.07,0.0
56,3,I19103000183,444,2.1,0.0,2.1,0.0
56,4,I19103000184,444,1.3,0.0,1.3,0.0
56,5,I19103000185,444,1.93,0.0,1.93,0.0
56,6,I19103000186,444,1.27,0.0,1.27,0.0
56,7,I19103000187,444,1.17,0.0,1.17,0.0
56,8,I19103000188,444,1.21,0.0,1.21,0.0
56,9,I19103000189,444,1.9,0.0,1.9,0.0
56,10,I19103000190,444,1.18,0.0,1.18,0.0
56,11,I19103000191,444,2.03,0.0,2.03,0.0
56,12,I19103000192,444,1.16,0.0,1.16,0.0
56,13,I19103000193,444,0.97,0.0,0.97,0.0
56,14,I19103000194,444,1.65,0.0,1.65,0.0
56,15,I19103000195,444,1.91,0.0,1.91,0.0
56,16,I19103000196,444,1.66,0.0,1.66,0.0
56,17,I19103000197,112,11.55,0.0,11.55,0.0
56,18,I19103000198,112,6.5,0.0,6.5,0.0
56,19,I19103000199,112,19.75,0.0,19.75,0.0
56,20,I19103000200,112,3.93,0.0,3.93,0.0
56,21,I19103000201,112,12.55,0.0,12.55,0.0
56,22,I19103000202,112,10.96,0.0,10.96,0.0
56,23,I19103000203,445,4.32,0.0,4.32,0.0
56,24,I19103000204,112,21.19,0.0,21.19,0.0
56,25,I19103000205,112,33.56,0.0,33.56,0.0
56,26,I19103000206,112,17.39,0.0,17.39,0.0
56,27,I19103000207,112,26.99,0.0,26.99,0.0
56,28,I19103000208,112,24.34,0.0,24.34,0.0
56,29,I19103000209,112,22.08,0.0,22.08,0.0
57,1,I19103000210,110,3.65,0.0,3.65,0.0
58,1,I19103000211,115,1.85,0.0,1.85,0.0
66,17,I19103000234,101,16.63,0.0,16.63,0.0
66,18,I19103000235,101,24.5,0.0,24.5,0.0
66,19,I19103000236,101,10.19,0.0,10.19,0.0
66,20,I19103000237,101,7.87,0.0,7.87,0.0
66,21,I19103000238,101,6.73,0.0,6.73,0.0
67,1,I19103000239,331,2.08,0.0,2.08,0.0
68,1,I19103000240,103,2.48,0.0,2.48,0.0
69,1,I19103000241,102,2.39,0.0,2.39,0.0
70,1,I19103000242,110,1.31,0.0,1.31,0.0
71,1,I19103000243,331,0.79,0.0,0.79,0.0
72,1,I19103000244,103,2.01,0.0,2.01,0.0
73,1,I19103000245,331,3.25,0.0,3.25,0.0
74,1,I19103000269,112,4.1,0.0,4.1,0.0
75,1,I19103000270,331,1.58,0.0,1.58,0.0
76,1,I19104000010,133,22.3,0.0,22.3,0.0
77,1,J19103000271,102,6.32,0.0,6.32,0.0
78,1,J19103000272,101,18.3,0.0,18.3,0.0
79,1,J19103000273,238,0.78,0.0,0.78,0.0
80,1,J19104000011,353,26.3,0.0,26.3,0.0
81,1,J19103000274,115,1.35,0.0,1.35,0.0
82,1,J19104000012,122,10.23,0.0,10.23,0.0
83,1,J19103000317,102,3.65,0.0,3.65,0.0
84,1,J19103000344,102,1.98,0.0,1.98,0.0
85,1,J19104000013,119,23.2,0.0,23.2,0.0
86,1,I19103000246,102,1.6,0.0,1.6,0.0
86,2,I19103000247,102,3.4,0.0,3.4,0.0
86,3,I19103000248,102,3.41,0.0,3.41,0.0
86,4,I19103000249,102,5.93,0.0,5.93,0.0
86,5,I19103000250,331,3.59,0.0,3.59,0.0
86,6,I19103000251,331,7.54,0.0,7.54,0.0
86,7,I19103000252,114,15.85,0.0,15.85,0.0
86,8,I19103000253,114,20.58,0.0,20.58,0.0
86,9,I19103000254,114,12.25,0.0,12.25,0.0
86,10,I19103000255,114,19.06,0.0,19.06,0.0
86,11,I19103000256,112,25.81,0.0,25.81,0.0
86,12,I19103000257,112,26.47,0.0,26.47,0.0
86,13,I19103000258,112,21.51,0.0,21.51,0.0
86,14,I19103000259,112,28.54,0.0,28.54,0.0
86,15,I19103000260,112,16.59,0.0,16.59,0.0
86,16,I19103000261,338,3.82,0.0,3.82,0.0
86,17,I19103000262,338,3.74,0.0,3.74,0.0
86,18,I19103000263,338,3.55,0.0,3.55,0.0
86,19,I19103000264,338,2.85,0.0,2.85,0.0
86,20,I19103000265,338,3.77,0.0,3.77,0.0
86,21,I19103000266,338,4.11,0.0,4.11,0.0
86,22,I19103000267,338,4.7,0.0,4.7,0.0
86,23,I19103000268,338,5.45,0.0,5.45,0.0
86,24,J19103000275,101,12.9,0.0,12.9,0.0
86,25,J19103000276,101,17.04,0.0,17.04,0.0
86,26,J19103000277,101,16.35,0.0,16.35,0.0
86,27,J19103000278,101,14.9,0.0,14.9,0.0
86,28,J19103000279,101,36.56,0.0,36.56,0.0
86,29,J19103000280,101,20.2,0.0,20.2,0.0
86,30,J19103000281,101,14.31,0.0,14.31,0.0
86,31,J19103000282,114,16.15,0.0,16.15,0.0
86,32,J19103000283,114,18.34,0.0,18.34,0.0
86,33,J19103000284,103,2.75,0.0,2.75,0.0
86,34,J19103000285,103,6.11,0.0,6.11,0.0
86,35,J19103000286,103,5.52,0.0,5.52,0.0
86,36,J19103000287,103,5.87,0.0,5.87,0.0
86,37,J19103000288,103,6.13,0.0,6.13,0.0
86,38,J19103000289,103,3.44,0.0,3.44,0.0
86,39,J19103000290,103,4.35,0.0,4.35,0.0
86,40,J19103000291,103,6.73,0.0,6.73,0.0
86,41,J19103000292,103,4.13,0.0,4.13,0.0
86,42,J19103000293,103,3.57,0.0,3.57,0.0
86,43,J19103000294,103,5.39,0.0,5.39,0.0
86,44,J19103000295,103,2.47,0.0,2.47,0.0
86,45,J19103000296,103,8.25,0.0,8.25,0.0
86,46,J19103000297,103,6.54,0.0,6.54,0.0
86,47,J19103000298,103,5.1,0.0,5.1,0.0
86,48,J19103000299,103,6.3,0.0,6.3,0.0
86,49,J19103000300,103,8.43,0.0,8.43,0.0
86,50,J19103000301,103,8.41,0.0,8.41,0.0
86,51,J19103000302,235,10.64,0.0,10.64,0.0
86,52,J19103000303,235,10.97,0.0,10.97,0.0
86,53,J19103000304,235,10.97,0.0,10.97,0.0
86,54,J19103000341,112,3.35,0.0,3.35,0.0
86,55,J19103000342,112,3.1,0.0,3.1,0.0
86,56,J19103000343,112,11.53,0.0,11.53,0.0
86,57,J19103000333,107,4.1,0.0,4.1,0.0
86,58,J19103000334,107,4.19,0.0,4.19,0.0
86,59,J19103000335,107,4.17,0.0,4.17,0.0
86,60,J19103000336,107,5.41,0.0,5.41,0.0
86,61,J19103000337,107,2.12,0.0,2.12,0.0
86,62,J19103000338,107,3.04,0.0,3.04,0.0
86,63,J19103000339,107,3.05,0.0,3.05,0.0
86,64,J19103000340,107,4.23,0.0,4.23,0.0
86,65,J19103000318,107,8.84,0.0,8.84,0.0
86,66,J19103000319,107,7.1,0.0,7.1,0.0
86,67,J19103000320,107,8.03,0.0,8.03,0.0
86,68,J19103000321,107,3.91,0.0,3.91,0.0
86,69,J19103000322,107,3.7,0.0,3.7,0.0
86,70,J19103000323,107,4.76,0.0,4.76,0.0
86,71,J19103000324,107,6.12,0.0,6.12,0.0
86,72,J19103000325,107,6.4,0.0,6.4,0.0
86,73,J19103000326,107,6.93,0.0,6.93,0.0
86,74,J19103000327,107,5.05,0.0,5.05,0.0
86,75,J19103000328,107,3.71,0.0,3.71,0.0
86,76,J19103000329,107,3.65,0.0,3.65,0.0
86,77,J19103000330,107,3.55,0.0,3.55,0.0
86,78,J19103000331,107,4.01,0.0,4.01,0.0
86,79,J19103000332,107,3.48,0.0,3.48,0.0
86,80,J19103000305,103,6.56,0.0,6.56,0.0
86,81,J19103000306,103,5.22,0.0,5.22,0.0
86,82,J19103000307,103,6.13,0.0,6.13,0.0
86,83,J19103000308,103,4.07,0.0,4.07,0.0
86,84,J19103000309,103,4.08,0.0,4.08,0.0
86,85,J19103000310,103,5.8,0.0,5.8,0.0
86,86,J19103000311,103,3.42,0.0,3.42,0.0
86,87,J19103000312,103,4.57,0.0,4.57,0.0
86,88,J19103000313,103,4.23,0.0,4.23,0.0
86,89,J19103000314,103,8.73,0.0,8.73,0.0
86,90,J19103000315,103,5.28,0.0,5.28,0.0
86,91,J19103000316,103,4.33,0.0,4.33,0.0
87,1,J19103000345,103,6.98,0.0,6.98,0.0
88,1,J19104000014,119,21.35,0.0,21.35,0.0
89,1,J19103000377,110,6.87,0.0,6.87,0.0
90,1,J19103000346,112,8.15,0.0,8.15,0.0
90,2,J19103000347,112,11.82,0.0,11.82,0.0
90,3,J19103000348,112,17.01,0.0,17.01,0.0
90,4,J19103000349,112,9.21,0.0,9.21,0.0
90,5,J19103000350,112,20.08,0.0,20.08,0.0
90,6,J19103000351,338,2.45,0.0,2.45,0.0
90,7,J19103000352,338,2.79,0.0,2.79,0.0
90,8,J19103000353,338,2.8,0.0,2.8,0.0
90,9,J19103000354,338,3.31,0.0,3.31,0.0
90,10,J19103000355,338,4.29,0.0,4.29,0.0
90,11,J19103000363,107,8.83,0.0,8.83,0.0
90,12,J19103000364,107,7.65,0.0,7.65,0.0
90,13,J19103000360,108,22.33,0.0,22.33,0.0
90,14,J19103000361,108,13.63,0.0,13.63,0.0
90,15,J19103000362,108,16.45,0.0,16.45,0.0
90,16,J19103000356,108,11.73,0.0,11.73,0.0
90,17,J19103000357,108,9.98,0.0,9.98,0.0
90,18,J19103000358,108,9.51,0.0,9.51,0.0
90,19,J19103000359,108,11.96,0.0,11.96,0.0
90,20,J19103000365,101,14.74,0.0,14.74,0.0
90,21,J19103000366,101,18.38,0.0,18.38,0.0
90,22,J19103000367,103,3.55,0.0,3.55,0.0
90,23,J19103000368,103,4.12,0.0,4.12,0.0
90,24,J19103000369,103,3.94,0.0,3.94,0.0
90,25,J19103000370,103,3.54,0.0,3.54,0.0
90,26,J19103000371,235,6.4,0.0,6.4,0.0
90,27,J19103000372,235,5.34,0.0,5.34,0.0
90,28,J19103000373,235,6.34,0.0,6.34,0.0
90,29,J19103000374,235,5.14,0.0,5.14,0.0
90,30,J19103000375,235,7.62,0.0,7.62,0.0
90,31,J19103000376,235,6.35,0.0,6.35,0.0
91,1,J19104000015,119,65.95,0.0,65.95,0.0
92,1,J19104000016,119,35.62,0.0,35.62,0.0
93,1,J19104000017,119,40.32,0.0,40.32,0.0
94,1,J19104000018,119,88.35,0.0,88.35,0.0
95,1,J19103000423,102,3.06,0.0,3.06,0.0
96,1,J19103000424,106,1.05,0.0,1.05,0.0
97,1,J19104000019,119,68.35,0.0,68.35,0.0
98,1,J19103000425,110,2.3,0.0,2.3,0.0
99,1,J19103000414,238,0.63,0.0,0.63,0.0
99,2,J19103000415,238,0.62,0.0,0.62,0.0
99,3,J19103000416,238,0.44,0.0,0.44,0.0
99,4,J19103000417,238,0.46,0.0,0.46,0.0
99,5,J19103000418,238,0.47,0.0,0.47,0.0
99,6,J19103000419,238,0.43,0.0,0.43,0.0
99,7,J19103000420,238,0.54,0.0,0.54,0.0
99,8,J19103000421,238,0.91,0.0,0.91,0.0
99,9,J19103000422,238,0.43,0.0,0.43,0.0
99,10,J19103000403,102,1.92,0.0,1.92,0.0
99,11,J19103000404,102,2.35,0.0,2.35,0.0
99,12,J19103000405,102,1.93,0.0,1.93,0.0
99,13,J19103000406,102,1.85,0.0,1.85,0.0
99,14,J19103000407,102,2.03,0.0,2.03,0.0
99,15,J19103000408,102,1.7,0.0,1.7,0.0
99,16,J19103000409,102,1.73,0.0,1.73,0.0
99,17,J19103000410,102,1.85,0.0,1.85,0.0
99,18,J19103000411,102,1.94,0.0,1.94,0.0
99,19,J19103000412,102,4.19,0.0,4.19,0.0
99,20,J19103000413,102,3.01,0.0,3.01,0.0
99,21,J19103000402,235,6.04,0.0,6.04,0.0
99,22,J19103000389,102,3.29,0.0,3.29,0.0
99,23,J19103000390,102,3.64,0.0,3.64,0.0
99,24,J19103000391,102,1.35,0.0,1.35,0.0
99,25,J19103000392,102,3.16,0.0,3.16,0.0
99,26,J19103000393,102,3.3,0.0,3.3,0.0
99,27,J19103000394,102,3.42,0.0,3.42,0.0
99,28,J19103000395,102,1.37,0.0,1.37,0.0
99,29,J19103000396,102,1.55,0.0,1.55,0.0
99,30,J19103000397,102,2.4,0.0,2.4,0.0
99,31,J19103000398,102,1.51,0.0,1.51,0.0
99,32,J19103000399,102,1.52,0.0,1.52,0.0
99,33,J19103000400,102,3.2,0.0,3.2,0.0
99,34,J19103000401,102,1.61,0.0,1.61,0.0
99,35,J19103000380,331,2.27,0.0,2.27,0.0
99,36,J19103000381,331,2.83,0.0,2.83,0.0
99,37,J19103000382,331,2.3,0.0,2.3,0.0
99,38,J19103000383,331,2.14,0.0,2.14,0.0
99,39,J19103000384,331,1.99,0.0,1.99,0.0
99,40,J19103000385,331,2.09,0.0,2.09,0.0
99,41,J19103000386,331,4.79,0.0,4.79,0.0
99,42,J19103000387,331,3.12,0.0,3.12,0.0
99,43,J19103000388,331,4.7,0.0,4.7,0.0
99,44,J19103000378,331,2.34,0.0,2.34,0.0
99,45,J19103000379,331,2.33,0.0,2.33,0.0
100,1,J19103000426,331,6.38,0.0,6.38,0.0
100,2,J19103000427,331,3.71,0.0,3.71,0.0
100,3,J19103000428,331,2.56,0.0,2.56,0.0
100,4,J19103000429,331,1.97,0.0,1.97,0.0
100,5,J19103000430,331,2.68,0.0,2.68,0.0
100,6,J19103000431,331,2.56,0.0,2.56,0.0
100,7,J19103000432,331,1.8,0.0,1.8,0.0
100,8,J19103000433,331,1.83,0.0,1.83,0.0
100,9,J19103000434,331,2.0,0.0,2.0,0.0
100,10,J19103000435,331,2.39,0.0,2.39,0.0
101,1,J19103000436,331,2.0,0.0,2.0,0.0
101,2,J19103000437,102,6.21,0.0,6.21,0.0
101,3,J19103000438,102,3.15,0.0,3.15,0.0
101,4,J19103000439,102,2.51,0.0,2.51,0.0
101,5,J19103000440,102,2.88,0.0,2.88,0.0
101,6,J19103000441,102,6.96,0.0,6.96,0.0
101,7,J19103000442,102,5.4,0.0,5.4,0.0
101,8,J19103000443,102,2.95,0.0,2.95,0.0
101,9,J19103000444,102,1.73,0.0,1.73,0.0
101,10,J19103000445,102,2.48,0.0,2.48,0.0
101,11,J19103000446,102,2.06,0.0,2.06,0.0
101,12,J19103000447,102,2.37,0.0,2.37,0.0
101,13,J19103000448,102,2.52,0.0,2.52,0.0
102,1,J19103000449,114,5.74,0.0,5.74,0.0
102,2,J19103000450,235,11.98,0.0,11.98,0.0
102,3,J19103000451,235,8.97,0.0,8.97,0.0
102,4,J19103000452,103,1.66,0.0,1.66,0.0
102,5,J19103000453,103,2.26,0.0,2.26,0.0
102,6,J19103000454,103,1.98,0.0,1.98,0.0
102,7,J19103000455,103,2.1,0.0,2.1,0.0
102,8,J19103000456,103,2.66,0.0,2.66,0.0
102,9,J19103000457,103,2.27,0.0,2.27,0.0
102,10,J19103000458,103,3.54,0.0,3.54,0.0
102,11,J19103000459,103,1.25,0.0,1.25,0.0
102,12,J19103000460,103,1.91,0.0,1.91,0.0
102,13,J19103000461,103,1.11,0.0,1.11,0.0
102,14,J19103000462,103,2.03,0.0,2.03,0.0
102,15,J19103000463,103,3.22,0.0,3.22,0.0
102,16,J19103000464,103,4.63,0.0,4.63,0.0
102,17,J19103000465,103,2.73,0.0,2.73,0.0
102,18,J19103000466,103,2.95,0.0,2.95,0.0
102,19,J19103000467,103,2.47,0.0,2.47,0.0
102,20,J19103000468,103,3.11,0.0,3.11,0.0
102,21,J19103000469,103,3.18,0.0,3.18,0.0
102,22,J19103000470,103,4.21,0.0,4.21,0.0
102,23,J19103000471,103,3.85,0.0,3.85,0.0
102,24,J19103000472,103,1.06,0.0,1.06,0.0
102,25,J19103000473,103,0.71,0.0,0.71,0.0
102,26,J19103000474,103,0.89,0.0,0.89,0.0
102,27,J19103000475,103,2.95,0.0,2.95,0.0
102,28,J19103000476,236,5.17,0.0,5.17,0.0
102,29,J19103000477,236,4.34,0.0,4.34,0.0
102,30,J19103000478,236,2.91,0.0,2.91,0.0
103,1,J19103000479,110,6.12,0.0,6.12,0.0
104,1,J19104000020,119,85.35,0.0,85.35,0.0
105,1,J19104000021,119,65.32,0.0,65.32,0.0
106,1,J19104000022,119,62.2,0.0,62.2,0.0
107,1,J19104000023,119,66.2,0.0,66.2,0.0
108,1,J19104000024,125,52.32,0.0,52.32,0.0
109,1,J19103000480,109,2.12,0.0,2.12,0.0
110,1,J19103000481,101,22.16,0.0,22.16,0.0
112,1,J19103000509,110,6.72,0.0,6.72,0.0
113,1,J19104000025,123,20.3,0.0,20.3,0.0
114,1,J19103000521,106,0.71,0.0,0.71,0.0
115,1,J19104000026,119,65.32,0.0,65.32,0.0
116,1,K19104000027,119,85.32,0.0,85.32,0.0
117,1,K19103000522,110,1.1,0.0,1.1,0.0
118,1,K19104000028,129,8.5,0.0,8.5,0.0
119,1,K19104000029,119,65.32,0.0,65.32,0.0
120,1,K19104000030,119,41.2,0.0,41.2,0.0
124,1,K19104000032,119,65.31,0.0,65.31,0.0
125,1,K19103000525,102,1.23,0.0,1.23,0.0
126,1,K19104000033,119,35.6,0.0,35.6,0.0
127,1,K19104000034,119,89.65,0.0,89.65,0.0
128,1,K19103000526,347,1.25,0.0,1.25,0.0
129,1,K19103000527,116,0.8,0.0,0.8,0.0
130,1,K19103000528,331,0.95,0.0,0.95,0.0
131,1,K19104000035,119,40.23,0.0,40.23,0.0
132,1,K19104000036,119,45.2,0.0,45.2,0.0
134,1,K19103000530,115,0.75,0.0,0.75,0.0
135,1,K19104000037,119,52.3,0.0,52.3,0.0
136,1,K19103000531,110,9.9,0.0,9.9,0.0
137,1,J19103000510,342,23.42,0.0,23.42,0.0
137,2,J19103000511,342,25.59,0.0,25.59,0.0
137,3,J19103000512,342,18.51,0.0,18.51,0.0
137,4,J19103000513,342,27.01,0.0,27.01,0.0
110,2,J19103000482,101,12.02,0.0,12.02,0.0
110,3,J19103000483,101,29.16,0.0,29.16,0.0
110,4,J19103000484,101,14.98,0.0,14.98,0.0
110,5,J19103000485,101,19.78,0.0,19.78,0.0
110,6,J19103000486,101,8.3,0.0,8.3,0.0
110,7,J19103000487,101,17.12,0.0,17.12,0.0
110,8,J19103000488,101,10.6,0.0,10.6,0.0
110,9,J19103000489,101,15.98,0.0,15.98,0.0
110,10,J19103000490,102,1.24,0.0,1.24,0.0
110,11,J19103000491,102,1.85,0.0,1.85,0.0
110,12,J19103000492,102,1.31,0.0,1.31,0.0
110,13,J19103000493,102,1.2,0.0,1.2,0.0
110,14,J19103000494,102,1.62,0.0,1.62,0.0
110,15,J19103000495,102,1.69,0.0,1.69,0.0
110,16,J19103000496,102,1.65,0.0,1.65,0.0
110,17,J19103000497,102,1.55,0.0,1.55,0.0
110,18,J19103000498,102,1.78,0.0,1.78,0.0
110,19,J19103000499,102,1.37,0.0,1.37,0.0
110,20,J19103000500,102,1.23,0.0,1.23,0.0
110,21,J19103000501,102,1.29,0.0,1.29,0.0
110,22,J19103000502,102,1.67,0.0,1.67,0.0
110,23,J19103000503,102,1.25,0.0,1.25,0.0
110,24,J19103000504,102,1.55,0.0,1.55,0.0
110,25,J19103000505,102,1.34,0.0,1.34,0.0
110,26,J19103000506,102,1.6,0.0,1.6,0.0
110,27,J19103000507,102,1.36,0.0,1.36,0.0
111,1,J19103000508,110,2.63,0.0,2.63,0.0
121,1,K19103000523,110,3.1,0.0,3.1,0.0
122,1,K19103000524,102,3.16,0.0,3.16,0.0
133,1,K19103000529,110,7.16,0.0,7.16,0.0
137,5,J19103000514,342,18.04,0.0,18.04,0.0
137,6,J19103000515,342,17.73,0.0,17.73,0.0
137,7,J19103000516,342,25.19,0.0,25.19,0.0
137,8,J19103000517,342,26.37,0.0,26.37,0.0
137,9,J19103000518,342,23.24,0.0,23.24,0.0
137,10,J19103000519,342,19.77,0.0,19.77,0.0
137,11,J19103000520,342,9.96,0.0,9.96,0.0
138,1,K19104000038,131,61.2,0.0,61.2,0.0
139,1,K19103000532,112,15.64,0.0,15.64,0.0
139,2,K19103000533,112,15.55,0.0,15.55,0.0
139,3,K19103000534,114,5.81,0.0,5.81,0.0
139,4,K19103000535,331,2.62,0.0,2.62,0.0
139,5,K19103000536,331,2.26,0.0,2.26,0.0
139,6,K19103000537,331,1.03,0.0,1.03,0.0
139,7,K19103000538,331,0.97,0.0,0.97,0.0
139,8,K19103000539,331,2.6,0.0,2.6,0.0
139,9,K19103000540,331,3.75,0.0,3.75,0.0
139,10,K19103000541,331,2.2,0.0,2.2,0.0
139,11,K19103000542,331,2.24,0.0,2.24,0.0
139,12,K19103000543,331,2.3,0.0,2.3,0.0
139,13,K19103000544,331,2.94,0.0,2.94,0.0
139,14,K19103000545,331,2.01,0.0,2.01,0.0
139,15,K19103000546,331,2.31,0.0,2.31,0.0
139,16,K19103000547,331,1.82,0.0,1.82,0.0
139,17,K19103000548,331,1.38,0.0,1.38,0.0
139,18,K19103000549,331,1.37,0.0,1.37,0.0
139,19,K19103000550,331,1.96,0.0,1.96,0.0
139,20,K19103000551,331,4.78,0.0,4.78,0.0
139,21,K19103000552,102,7.3,0.0,7.3,0.0
139,22,K19103000553,235,11.17,0.0,11.17,0.0
139,23,K19103000554,235,3.09,0.0,3.09,0.0
139,24,K19103000555,103,4.1,0.0,4.1,0.0
139,25,K19103000556,103,5.95,0.0,5.95,0.0
139,26,K19103000557,103,5.45,0.0,5.45,0.0
139,27,K19103000558,103,3.16,0.0,3.16,0.0
139,28,K19103000559,103,4.65,0.0,4.65,0.0
139,29,K19103000560,103,5.38,0.0,5.38,0.0
139,30,K19103000561,103,4.51,0.0,4.51,0.0
139,31,K19103000562,103,1.78,0.0,1.78,0.0
140,1,K19104000039,119,89.32,0.0,89.32,0.0
141,1,K19103000563,102,2.63,0.0,2.63,0.0
142,1,K19104000040,119,31.2,0.0,31.2,0.0
143,1,K19103000564,116,0.72,0.0,0.72,0.0
144,1,K19104000041,119,29.11,0.0,29.11,0.0
145,1,K19104000042,328,5.07,0.0,5.07,0.0
146,1,K19104000043,119,97.4,0.0,97.4,0.0
147,1,K19104000044,119,98.32,0.0,98.32,0.0
148,1,K19103000565,110,3.0,0.0,3.0,0.0
149,1,L19104000045,119,69.2,0.0,69.2,0.0
150,1,L19104000046,119,135.3,0.0,135.3,0.0
151,1,L19104000047,128,1.0,0.0,1.0,0.0
152,1,L19103000566,102,2.55,0.0,2.55,0.0
153,1,L19103000567,102,4.61,0.0,4.61,0.0
154,1,L19103000568,102,3.84,0.0,3.84,0.0
155,1,L19104000048,119,65.3,0.0,65.3,0.0
156,1,L19103000569,110,3.52,0.0,3.52,0.0
157,1,L19104000049,119,68.3,0.0,68.3,0.0
158,1,L19103000570,331,9.98,0.0,9.98,0.0
159,1,L19104000050,128,12.3,0.0,12.3,0.0
160,1,L19104000051,119,69.23,0.0,69.23,0.0
161,1,L19103000571,115,2.44,0.0,2.44,0.0
162,1,L19104000052,119,26.3,0.0,26.3,0.0
163,1,L19104000053,127,15.0,0.0,15.0,0.0
164,1,L19104000054,119,65.32,0.0,65.32,0.0
165,1,L19104000055,119,23.36,4.04,19.32,0.0
166,1,L19104000056,119,36.3,0.0,36.3,0.0
167,1,L19103000572,331,2.6,0.0,2.6,0.0
170,1,L19103000573,102,4.51,0.0,4.51,0.0
170,2,L19103000574,102,4.91,0.0,4.91,0.0
170,3,L19103000575,102,3.87,0.0,3.87,0.0
170,4,L19103000576,102,5.23,0.0,5.23,0.0
170,5,L19103000577,102,5.74,0.0,5.74,0.0
170,6,L19103000578,102,4.93,0.0,4.93,0.0
170,7,L19103000579,331,3.88,0.0,3.88,0.0
170,8,L19103000580,331,6.07,0.0,6.07,0.0
170,9,L19103000582,102,3.42,0.0,3.42,0.0
123,1,K19104000031,119,80.2,0.0,80.2,0.0
168,1,L19104000057,289,31.41,0.0,31.41,0.0
169,1,L19104000058,119,83.5,0.0,83.5,0.0
170,10,L19103000581,374,2.23,0.0,2.23,0.0
170,11,L19103000583,107,5.84,0.0,5.84,0.0
170,12,L19103000584,107,5.49,0.0,5.49,0.0
170,13,L19103000585,107,3.9,0.0,3.9,0.0
170,14,L19103000586,107,2.46,0.0,2.46,0.0
171,1,L19103000587,116,0.67,0.0,0.67,0.0
172,1,L19104000059,119,55.3,0.0,55.3,0.0
173,1,L19104000060,119,89.5,0.0,89.5,0.0
174,1,L19103000588,116,1.28,0.0,1.28,0.0
175,1,L19103000589,102,4.53,0.0,4.53,0.0
176,1,L19104000061,134,12.35,0.0,12.35,0.0
177,1,L19104000062,136,32.2,0.0,32.2,0.0
178,1,L19104000063,120,21.65,0.0,21.65,0.0
179,1,L19104000064,123,12.3,0.0,12.3,0.0
180,1,L19104000065,125,65.3,0.0,65.3,0.0
181,1,L19103000590,110,3.04,0.0,3.04,0.0
182,1,L19103000591,238,0.98,0.0,0.98,0.0
183,1,L19104000066,119,98.36,0.0,98.36,0.0
184,1,L19104000067,119,29.1,0.0,29.1,0.0
185,1,M19104000068,119,65.32,0.0,65.32,0.0
186,1,M19104000069,119,15.2,0.0,15.2,0.0
187,1,M19103000592,116,0.45,0.0,0.45,0.0
188,1,M19103000593,331,2.2,0.0,2.2,0.0
189,1,M19104000070,119,56.2,0.0,56.2,0.0
190,1,M19104000071,125,22.11,0.0,22.11,0.0
192,1,M19104000073,119,65.3,0.0,65.3,0.0
193,1,M19104000074,119,34.8,0.0,34.8,0.0
194,1,M19104000075,119,98.36,0.0,98.36,0.0
195,1,M19104000076,126,85.3,0.0,85.3,0.0
196,1,M19104000077,132,65.32,0.0,65.32,0.0
197,1,M19104000078,126,36.2,0.0,36.2,0.0
198,1,M19103000594,116,0.5,0.0,0.5,0.0
199,1,M19104000079,119,96.32,0.0,96.32,0.0
200,1,M19104000080,119,63.2,0.0,63.2,0.0
201,1,M19104000081,119,53.23,0.0,53.23,0.0
202,1,M19103000595,103,3.0,0.0,3.0,0.0
203,1,M19104000082,119,105.0,0.0,105.0,0.0
204,1,N19104000083,119,85.32,0.0,85.32,0.0
205,1,N19103000596,116,0.67,0.0,0.67,0.0
206,1,N19103000597,102,5.1,0.0,5.1,0.0
207,1,N19103000598,113,3.2,0.0,3.2,0.0
208,1,N19104000084,127,15.0,0.0,15.0,0.0
209,1,N19104000085,125,35.62,0.0,35.62,0.0
210,1,N19104000086,124,45.32,0.0,45.32,0.0
211,1,N19104000087,119,45.32,0.0,45.32,0.0
212,1,N19103000599,342,33.43,0.0,33.43,0.0
216,1,N19104000089,119,25.36,0.0,25.36,0.0
217,1,N19104000090,119,30.0,0.0,30.0,0.0
218,1,N19104000091,119,41.3,0.0,41.3,0.0
219,1,N19103000602,331,2.02,0.0,2.02,0.0
219,2,N19103000603,331,1.0,0.0,1.0,0.0
219,3,N19103000604,331,1.25,0.0,1.25,0.0
219,4,N19103000605,331,1.06,0.0,1.06,0.0
219,5,N19103000606,331,1.45,0.0,1.45,0.0
219,6,N19103000607,331,1.13,0.0,1.13,0.0
219,7,N19103000608,331,1.53,0.0,1.53,0.0
219,8,N19103000609,331,1.08,0.0,1.08,0.0
219,9,N19103000610,331,1.09,0.0,1.09,0.0
219,10,N19103000611,102,2.47,0.0,2.47,0.0
219,11,N19103000612,102,4.66,0.0,4.66,0.0
219,12,N19103000613,102,4.39,0.0,4.39,0.0
219,13,N19103000614,102,4.82,0.0,4.82,0.0
219,14,N19103000615,102,4.28,0.0,4.28,0.0
219,15,N19103000616,102,1.64,0.0,1.64,0.0
219,16,N19103000617,238,0.41,0.0,0.41,0.0
219,17,N19103000618,238,0.4,0.0,0.4,0.0
219,18,N19103000619,238,0.47,0.0,0.47,0.0
219,19,N19103000620,238,0.35,0.0,0.35,0.0
219,20,N19103000621,238,0.38,0.0,0.38,0.0
219,21,N19103000622,238,0.47,0.0,0.47,0.0
219,22,N19103000623,238,0.48,0.0,0.48,0.0
219,23,N19103000624,238,0.52,0.0,0.52,0.0
219,24,N19103000625,238,0.35,0.0,0.35,0.0
219,25,N19103000626,238,0.41,0.0,0.41,0.0
219,26,N19103000627,238,0.5,0.0,0.5,0.0
219,27,N19103000628,112,16.66,0.0,16.66,0.0
219,28,N19103000629,112,13.34,0.0,13.34,0.0
219,29,N19103000630,112,5.37,0.0,5.37,0.0
219,30,N19103000631,112,7.72,0.0,7.72,0.0
219,31,N19103000632,112,23.06,0.0,23.06,0.0
219,32,N19103000633,338,3.73,0.0,3.73,0.0
219,33,N19103000634,112,11.6,0.0,11.6,0.0
219,34,N19103000635,112,5.39,0.0,5.39,0.0
219,35,N19103000636,112,18.04,0.0,18.04,0.0
219,36,N19103000637,112,22.09,0.0,22.09,0.0
219,37,N19103000638,112,13.22,0.0,13.22,0.0
219,38,N19103000639,112,11.35,0.0,11.35,0.0
219,39,N19103000640,112,11.75,0.0,11.75,0.0
219,40,N19103000641,114,15.85,0.0,15.85,0.0
220,1,N19103000642,101,16.7,0.0,16.7,0.0
220,2,N19103000643,101,27.32,0.0,27.32,0.0
220,3,N19103000644,101,18.78,0.0,18.78,0.0
220,4,N19103000645,101,12.25,0.0,12.25,0.0
220,5,N19103000646,101,27.93,0.0,27.93,0.0
220,6,N19103000647,101,31.18,0.0,31.18,0.0
220,7,N19103000648,101,21.96,0.0,21.96,0.0
220,8,N19103000649,101,11.51,0.0,11.51,0.0
220,9,N19103000650,101,23.49,0.0,23.49,0.0
220,10,N19103000651,101,10.47,0.0,10.47,0.0
220,11,N19103000652,338,3.78,0.0,3.78,0.0
220,12,N19103000653,342,27.23,0.0,27.23,0.0
220,13,N19103000654,342,27.13,0.0,27.13,0.0
221,1,N19103000662,331,4.2,0.0,4.2,0.0
191,1,M19104000072,127,15.0,0.0,15.0,0.0
221,2,N19103000663,331,4.38,0.0,4.38,0.0
221,3,N19103000661,102,6.61,0.0,6.61,0.0
221,4,N19103000655,236,4.52,0.0,4.52,0.0
221,5,N19103000656,236,6.34,0.0,6.34,0.0
221,6,N19103000657,236,7.35,0.0,7.35,0.0
221,7,N19103000658,374,1.33,0.0,1.33,0.0
221,8,N19103000659,374,1.12,0.0,1.12,0.0
221,9,N19103000660,374,1.62,0.0,1.62,0.0
222,1,N19103000673,235,3.13,0.0,3.13,0.0
222,2,N19103000674,235,4.11,0.0,4.11,0.0
222,3,N19103000675,235,3.24,0.0,3.24,0.0
222,4,N19103000676,235,4.16,0.0,4.16,0.0
222,5,N19103000677,235,4.75,0.0,4.75,0.0
222,6,N19103000678,235,5.48,0.0,5.48,0.0
222,7,N19103000679,235,3.57,0.0,3.57,0.0
222,8,N19103000680,235,2.11,0.0,2.11,0.0
222,9,N19103000681,235,3.73,0.0,3.73,0.0
222,10,N19103000664,235,3.0,0.0,3.0,0.0
222,11,N19103000665,235,2.9,0.0,2.9,0.0
222,12,N19103000666,235,3.0,0.0,3.0,0.0
222,13,N19103000667,235,3.43,0.0,3.43,0.0
222,14,N19103000668,235,3.99,0.0,3.99,0.0
222,15,N19103000669,235,2.07,0.0,2.07,0.0
222,16,N19103000670,235,4.73,0.0,4.73,0.0
222,17,N19103000671,235,3.19,0.0,3.19,0.0
222,18,N19103000672,235,2.74,0.0,2.74,0.0
223,1,N19104000092,119,65.32,0.0,65.32,0.0
224,1,N19104000093,133,19.23,0.0,19.23,0.0
225,1,N19104000094,119,36.3,0.0,36.3,0.0
226,1,N19104000095,119,75.32,0.0,75.32,0.0
227,1,N19104000096,119,52.3,0.0,52.3,0.0
229,1,N19103000736,105,5.55,0.0,5.55,0.0
230,1,N19104000097,122,55.34,0.0,55.34,0.0
231,1,N19104000098,119,20.0,0.0,20.0,0.0
232,1,N19104000099,123,10.0,0.0,10.0,0.0
233,1,N19104000100,123,25.3,0.0,25.3,0.0
234,1,N19104000101,285,200.0,0.0,200.0,0.0
235,1,N19104000102,120,11.2,0.0,11.2,0.0
236,1,N19103000737,101,5.0,0.0,5.0,0.0
237,1,N19104000103,122,11.2,0.0,11.2,0.0
238,1,N19104000104,119,36.3,0.0,36.3,0.0
239,1,N19104000105,124,10.0,0.0,10.0,0.0
240,1,N19104000106,119,20.0,0.0,20.0,0.0
241,1,N19104000107,119,20.0,0.0,20.0,0.0
242,1,N19104000108,123,10.0,0.0,10.0,0.0
243,1,N19104000109,119,85.3,0.0,85.3,0.0
244,1,N19104000110,120,10.0,0.0,10.0,0.0
245,1,N19104000111,120,15.31,0.0,15.31,0.0
246,1,N19103000738,102,6.25,0.0,6.25,0.0
247,1,N19104000112,122,10.0,0.0,10.0,0.0
248,1,N19104000113,122,20.0,0.0,20.0,0.0
249,1,N19104000114,122,10.0,0.0,10.0,0.0
250,1,N19104000115,119,25.3,0.0,25.3,0.0
251,1,N19104000116,119,83.3,0.0,83.3,0.0
252,1,N19104000117,122,20.0,0.0,20.0,0.0
253,1,N19104000118,122,35.0,0.0,35.0,0.0
254,1,N19104000119,125,35.2,0.0,35.2,0.0
255,1,N19104000120,126,48.6,0.0,48.6,0.0
256,1,N19104000121,127,5.0,0.0,5.0,0.0
257,1,N19103000739,103,2.12,0.0,2.12,0.0
258,1,N19104000122,127,5.0,0.0,5.0,0.0
259,1,N19104000123,119,35.2,0.0,35.2,0.0
260,1,N19104000124,119,41.2,0.0,41.2,0.0
261,1,N19104000125,126,55.32,0.0,55.32,0.0
262,1,N19103000735,102,3.45,0.0,3.45,0.0
262,2,N19103000740,446,100.0,0.0,100.0,0.0
263,1,N19103000741,102,3.51,0.0,3.51,0.0
264,1,N19103000742,103,3.95,0.0,3.95,0.0
265,1,N19103000743,102,1.85,0.0,1.85,0.0
266,1,N19104000126,127,10.0,0.0,10.0,0.0
267,1,N19104000127,119,45.3,0.0,45.3,0.0
268,1,N19103000744,103,1.54,0.0,1.54,0.0
269,1,N19103000745,103,1.95,0.0,1.95,0.0
270,1,N19103000746,103,2.3,0.0,2.3,0.0
271,1,N19104000128,127,5.0,0.0,5.0,0.0
272,1,N19104000129,128,3.0,0.0,3.0,0.0
273,1,N19103000747,102,3.1,0.0,3.1,0.0
274,1,N19103000748,110,2.95,0.0,2.95,0.0
275,1,N19103000749,238,0.55,0.0,0.55,0.0
276,1,N19104000130,129,7.3,0.0,7.3,0.0
277,1,N19103000750,101,11.59,0.0,11.59,0.0
278,1,N19104000131,120,19.2,0.0,19.2,0.0
279,1,N19104000132,119,38.2,0.0,38.2,0.0
280,1,N19104000133,120,32.3,0.0,32.3,0.0
281,1,N19103000751,331,3.1,0.0,3.1,0.0
282,1,N19104000134,120,45.3,0.0,45.3,0.0
284,1,O19104000136,119,35.2,0.0,35.2,0.0
285,1,O19104000137,125,54.3,0.0,54.3,0.0
286,1,O19103000752,110,2.9,0.0,2.9,0.0
287,1,O19104000138,119,25.3,0.0,25.3,0.0
288,1,O19104000139,119,56.35,0.0,56.35,0.0
289,1,O19103000753,103,4.01,0.0,4.01,0.0
290,1,O19103000754,116,0.63,0.0,0.63,0.0
291,1,O19103000755,115,1.16,0.0,1.16,0.0
292,1,O19103000756,116,1.69,0.0,1.69,0.0
293,1,O19103000757,102,4.48,0.0,4.48,0.0
294,1,O19104000140,119,18.0,0.0,18.0,0.0
295,1,O19103000758,118,4.78,0.0,4.78,0.0
296,1,O19103000759,331,3.83,0.0,3.83,0.0
297,1,O19103000760,110,4.48,0.0,4.48,0.0
298,1,O19103000761,112,11.36,0.0,11.36,0.0
299,1,O19104000141,122,25.3,0.0,25.3,0.0
300,1,O19104000142,126,22.35,0.0,22.35,0.0
301,1,O19103000762,238,0.5,0.0,0.5,0.0
302,1,O19103000763,116,1.36,0.0,1.36,0.0
213,1,N19103000600,104,1.6,0.0,1.6,0.0
214,1,N19104000088,353,46.1,0.0,46.1,0.0
215,1,N19103000601,112,7.77,0.0,7.77,0.0
283,1,N19104000135,120,28.3,0.0,28.3,0.0
303,1,O19103000764,110,1.82,0.0,1.82,0.0
304,1,O19104000143,119,68.5,0.0,68.5,0.0
305,1,O19103000765,102,3.11,0.0,3.11,0.0
306,1,O19104000144,119,55.0,0.0,55.0,0.0
307,1,O19104000145,119,89.0,0.0,89.0,0.0
308,1,O19103000766,336,1.93,0.0,1.93,0.0
309,1,O19103000767,110,1.23,0.0,1.23,0.0
310,1,P19103000768,331,2.41,0.0,2.41,0.0
311,1,P19104000146,119,87.0,0.0,87.0,0.0
312,1,P19104000147,119,89.6,0.0,89.6,0.0
313,1,P19104000148,123,19.18,0.0,19.18,0.0
314,1,P19103000769,102,0.9,0.0,0.9,0.0
315,1,P19103000770,103,2.56,0.0,2.56,0.0
316,1,P19103000771,116,0.49,0.0,0.49,0.0
317,1,P19103000772,102,1.15,0.0,1.15,0.0
318,1,P19104000149,119,98.36,0.0,98.36,0.0
319,1,P19103000773,101,11.72,0.0,11.72,0.0
319,2,P19103000774,101,15.17,0.0,15.17,0.0
319,3,P19103000775,101,25.04,0.0,25.04,0.0
319,4,P19103000776,101,22.43,0.0,22.43,0.0
319,5,P19103000777,101,26.0,0.0,26.0,0.0
319,6,P19103000778,101,18.43,0.0,18.43,0.0
319,7,P19103000779,101,6.94,0.0,6.94,0.0
319,8,P19103000780,101,13.5,0.0,13.5,0.0
319,9,P19103000781,101,24.4,0.0,24.4,0.0
319,10,P19103000782,331,2.33,0.0,2.33,0.0
319,11,P19103000783,331,1.96,0.0,1.96,0.0
319,12,P19103000784,331,3.7,0.0,3.7,0.0
319,13,P19103000785,331,2.22,0.0,2.22,0.0
319,14,P19103000786,331,2.49,0.0,2.49,0.0
319,15,P19103000787,331,2.28,0.0,2.28,0.0
319,16,P19103000788,331,1.89,0.0,1.89,0.0
319,17,P19103000789,331,7.07,0.0,7.07,0.0
319,18,P19103000790,331,3.53,0.0,3.53,0.0
319,19,P19103000791,331,3.82,0.0,3.82,0.0
319,20,P19103000792,235,6.53,0.0,6.53,0.0
319,21,P19103000794,103,1.53,0.0,1.53,0.0
319,22,P19103000795,103,2.22,0.0,2.22,0.0
319,23,P19103000796,103,1.46,0.0,1.46,0.0
319,24,P19103000797,103,1.64,0.0,1.64,0.0
319,25,P19103000793,235,2.36,0.0,2.36,0.0
319,26,P19103000798,235,2.04,0.0,2.04,0.0
319,27,P19103000799,235,3.59,0.0,3.59,0.0
319,28,P19103000800,235,4.39,0.0,4.39,0.0
319,29,P19103000801,235,4.44,0.0,4.44,0.0
319,30,P19103000802,103,1.41,0.0,1.41,0.0
319,31,P19103000803,235,5.14,0.0,5.14,0.0
319,32,P19103000804,103,2.55,0.0,2.55,0.0
319,33,P19103000805,103,3.07,0.0,3.07,0.0
319,34,P19103000806,103,4.87,0.0,4.87,0.0
319,35,P19103000807,103,3.83,0.0,3.83,0.0
319,36,P19103000808,103,4.79,0.0,4.79,0.0
320,1,P19103000809,331,3.91,0.0,3.91,0.0
320,2,P19103000810,331,4.41,0.0,4.41,0.0
320,3,P19103000811,331,2.37,0.0,2.37,0.0
320,4,P19103000812,331,4.03,0.0,4.03,0.0
320,5,P19103000813,331,2.36,0.0,2.36,0.0
320,6,P19103000814,331,2.86,0.0,2.86,0.0
320,7,P19103000815,331,3.84,0.0,3.84,0.0
320,8,P19103000816,331,4.36,0.0,4.36,0.0
320,9,P19103000817,331,4.45,0.0,4.45,0.0
320,10,P19103000818,331,1.98,0.0,1.98,0.0
320,11,P19103000819,331,4.44,0.0,4.44,0.0
320,12,P19103000820,331,3.16,0.0,3.16,0.0
320,13,P19103000821,331,1.92,0.0,1.92,0.0
320,14,P19103000822,102,1.82,0.0,1.82,0.0
320,15,P19103000823,102,1.8,0.0,1.8,0.0
320,16,P19103000824,102,1.99,0.0,1.99,0.0
320,17,P19103000825,102,1.88,0.0,1.88,0.0
320,18,P19103000826,102,1.81,0.0,1.81,0.0
320,19,P19103000827,102,1.91,0.0,1.91,0.0
320,20,P19103000828,102,1.53,0.0,1.53,0.0
320,21,P19103000829,102,1.94,0.0,1.94,0.0
320,22,P19103000830,102,2.01,0.0,2.01,0.0
320,23,P19103000831,102,3.3,0.0,3.3,0.0
320,24,P19103000832,102,5.34,0.0,5.34,0.0
320,25,P19103000833,102,4.21,0.0,4.21,0.0
320,26,P19103000834,102,3.79,0.0,3.79,0.0
320,27,P19103000835,102,5.01,0.0,5.01,0.0
320,28,P19103000836,102,2.89,0.0,2.89,0.0
320,29,P19103000837,102,3.6,0.0,3.6,0.0
320,30,P19103000838,102,4.1,0.0,4.1,0.0
320,31,P19103000839,102,4.75,0.0,4.75,0.0
320,32,P19103000840,102,4.08,0.0,4.08,0.0
320,33,P19103000841,102,3.74,0.0,3.74,0.0
320,34,P19103000842,338,4.55,0.0,4.55,0.0
320,35,P19103000843,338,4.26,0.0,4.26,0.0
320,36,P19103000844,338,4.88,0.0,4.88,0.0
320,37,P19103000845,112,11.26,0.0,11.26,0.0
320,38,P19103000846,112,5.58,0.0,5.58,0.0
320,39,P19103000847,112,6.94,0.0,6.94,0.0
320,40,P19103000848,112,9.25,0.0,9.25,0.0
320,41,P19103000849,112,18.01,0.0,18.01,0.0
320,42,P19103000850,112,10.63,0.0,10.63,0.0
320,43,P19103000851,112,7.94,0.0,7.94,0.0
320,44,P19103000852,112,7.74,0.0,7.74,0.0
320,45,P19103000853,112,7.91,0.0,7.91,0.0
320,46,P19103000854,112,7.27,0.0,7.27,0.0
321,1,P19104000150,119,65.32,0.0,65.32,0.0
322,1,P19104000151,119,35.3,0.0,35.3,0.0
323,1,P19103000855,101,22.54,0.0,22.54,0.0
324,1,P19104000152,119,112.35,0.0,112.35,0.0
228,1,N19103000717,235,6.04,0.0,6.04,0.0
228,2,N19103000718,235,4.35,0.0,4.35,0.0
228,3,N19103000719,235,2.95,0.0,2.95,0.0
228,4,N19103000715,374,1.59,0.0,1.59,0.0
228,5,N19103000716,374,1.88,0.0,1.88,0.0
228,6,N19103000713,235,8.09,0.0,8.09,0.0
228,7,N19103000714,235,3.05,0.0,3.05,0.0
228,8,N19103000707,235,3.76,0.0,3.76,0.0
228,9,N19103000708,235,2.91,0.0,2.91,0.0
228,10,N19103000709,235,2.81,0.0,2.81,0.0
228,11,N19103000710,235,3.61,0.0,3.61,0.0
228,12,N19103000711,235,2.7,0.0,2.7,0.0
228,13,N19103000712,235,2.52,0.0,2.52,0.0
228,14,N19103000698,374,3.28,0.0,3.28,0.0
228,15,N19103000699,374,4.58,0.0,4.58,0.0
228,16,N19103000700,374,4.84,0.0,4.84,0.0
228,17,N19103000701,374,1.26,0.0,1.26,0.0
228,18,N19103000702,374,1.81,0.0,1.81,0.0
228,19,N19103000703,374,2.89,0.0,2.89,0.0
228,20,N19103000704,374,0.68,0.0,0.68,0.0
228,21,N19103000705,374,1.1,0.0,1.1,0.0
228,22,N19103000706,374,0.6,0.0,0.6,0.0
228,23,N19103000695,235,7.14,0.0,7.14,0.0
228,24,N19103000696,235,4.52,0.0,4.52,0.0
228,25,N19103000697,235,11.07,0.0,11.07,0.0
228,26,N19103000693,374,0.96,0.0,0.96,0.0
228,27,N19103000694,374,1.49,0.0,1.49,0.0
228,28,N19103000691,236,3.95,0.0,3.95,0.0
228,29,N19103000692,236,8.47,0.0,8.47,0.0
228,30,N19103000690,374,2.22,0.0,2.22,0.0
228,31,N19103000687,374,3.22,0.0,3.22,0.0
228,32,N19103000688,374,1.64,0.0,1.64,0.0
228,33,N19103000689,374,0.95,0.0,0.95,0.0
228,34,N19103000685,236,3.77,0.0,3.77,0.0
228,35,N19103000686,236,2.82,0.0,2.82,0.0
228,36,N19103000683,235,2.52,0.0,2.52,0.0
228,37,N19103000684,235,3.76,0.0,3.76,0.0
228,38,N19103000682,236,3.33,0.0,3.33,0.0
228,39,N19103000720,374,3.63,0.0,3.63,0.0
228,40,N19103000721,374,1.3,0.0,1.3,0.0
228,41,N19103000722,374,3.81,0.0,3.81,0.0
228,42,N19103000723,374,3.05,0.0,3.05,0.0
228,43,N19103000724,374,1.55,0.0,1.55,0.0
228,44,N19103000725,374,2.28,0.0,2.28,0.0
228,45,N19103000726,374,2.37,0.0,2.37,0.0
228,46,N19103000727,374,2.8,0.0,2.8,0.0
228,47,N19103000728,374,1.16,0.0,1.16,0.0
228,48,N19103000729,374,3.42,0.0,3.42,0.0
228,49,N19103000730,374,3.64,0.0,3.64,0.0
228,50,N19103000731,374,4.11,0.0,4.11,0.0
228,51,N19103000732,374,2.22,0.0,2.22,0.0
228,52,N19103000733,374,1.35,0.0,1.35,0.0
228,53,N19103000734,374,1.36,0.0,1.36,0.0
325,1,P19103000856,102,1.0,0.0,1.0,0.0
326,1,P19104000153,123,43.35,0.0,43.35,0.0
327,1,P19103000857,347,0.78,0.0,0.78,0.0
328,1,P19103000858,107,2.4,0.0,2.4,0.0
329,1,P19104000154,120,25.3,0.0,25.3,0.0
330,1,P19104000155,119,33.5,0.0,33.5,0.0
331,1,P19104000156,123,32.0,0.0,32.0,0.0
332,1,P19103000859,110,2.04,0.0,2.04,0.0
333,1,P19103000860,115,1.56,0.0,1.56,0.0
334,1,P19104000157,119,56.3,0.0,56.3,0.0
335,1,P19103000861,112,14.82,0.0,14.82,0.0
336,1,E20104000158,122,15.3,0.0,15.3,0.0
337,1,E20104000159,119,52.2,0.0,52.2,0.0
338,1,E20104000160,123,16.3,0.0,16.3,0.0
339,1,E20104000161,119,38.2,0.0,38.2,0.0
340,1,E20103000862,116,0.4,0.0,0.4,0.0
341,1,E20103000863,115,0.74,0.0,0.74,0.0
342,1,E20104000162,119,35.0,0.0,35.0,0.0
343,1,E20104000163,119,96.3,0.0,96.3,0.0
344,1,E20103000864,108,7.65,0.0,7.65,0.0
345,1,E20104000164,122,15.0,0.0,15.0,0.0
346,1,E20104000165,119,51.0,0.0,51.0,0.0
347,1,E20103000865,116,1.05,0.0,1.05,0.0
348,1,E20104000166,119,132.9,0.0,132.9,0.0
349,1,E20104000167,125,16.35,0.0,16.35,0.0
350,1,E20104000168,119,35.2,0.0,35.2,0.0
351,1,E20104000169,119,55.0,0.0,55.0,0.0
352,1,E20104000170,119,33.2,0.0,33.2,0.0
353,1,E20104000171,123,19.8,0.0,19.8,0.0
354,1,E20104000172,119,24.3,0.0,24.3,0.0
355,1,E20104000173,119,15.0,0.0,15.0,0.0
356,1,E20104000174,119,91.5,0.0,91.5,0.0
357,1,E20104000175,120,42.0,0.0,42.0,0.0
358,1,E20103000866,112,13.5,0.0,13.5,0.0
359,1,E20104000176,122,41.3,0.0,41.3,0.0
360,1,E20104000177,119,56.3,0.0,56.3,0.0
361,1,E20104000178,119,33.6,0.0,33.6,0.0
362,1,E20104000179,119,15.6,0.0,15.6,0.0
363,1,E20104000180,123,11.1,0.0,11.1,0.0
364,1,E20103000867,116,0.87,0.0,0.87,0.0
365,1,E20103000868,101,22.5,0.0,22.5,0.0
366,1,E20104000181,123,45.0,0.0,45.0,0.0
367,1,E20103000869,101,6.2,0.0,6.2,0.0
368,1,E20104000182,139,130.2,0.0,130.2,0.0
369,1,E20104000183,132,8.5,0.0,8.5,0.0
370,1,E20103000870,110,3.65,0.0,3.65,0.0
371,1,E20104000184,124,58.3,0.0,58.3,0.0
372,1,E20104000185,123,25.0,0.0,25.0,0.0
373,1,E20103000871,116,1.77,0.0,1.77,0.0
374,1,E20104000186,119,115.0,0.0,115.0,0.0
375,1,F20104000187,119,38.1,0.0,38.1,0.0
376,1,F20104000188,120,19.9,0.0,19.9,0.0
377,1,F20103000872,116,1.67,0.0,1.67,0.0
378,1,F20103000873,112,17.89,0.0,17.89,0.0
378,2,F20103000874,112,19.39,0.0,19.39,0.0
378,3,F20103000875,112,14.1,0.0,14.1,0.0
378,4,F20103000876,112,14.56,0.0,14.56,0.0
378,5,F20103000877,112,19.59,0.0,19.59,0.0
378,6,F20103000878,338,4.12,0.0,4.12,0.0
378,7,F20103000879,114,15.99,0.0,15.99,0.0
378,8,F20103000880,114,6.1,0.0,6.1,0.0
378,9,F20103000881,114,19.05,0.0,19.05,0.0
378,10,F20103000882,114,20.58,0.0,20.58,0.0
378,11,F20103000883,114,10.86,0.0,10.86,0.0
378,12,F20103000884,338,3.09,0.0,3.09,0.0
378,13,F20103000885,338,4.49,0.0,4.49,0.0
378,14,F20103000886,112,11.61,0.0,11.61,0.0
378,15,F20103000887,112,13.07,0.0,13.07,0.0
378,16,F20103000888,112,16.91,0.0,16.91,0.0
378,17,F20103000889,112,11.46,0.0,11.46,0.0
378,18,F20103000890,112,11.51,0.0,11.51,0.0
379,1,F20103000891,112,15.86,0.0,15.86,0.0
379,2,F20103000892,338,3.04,0.0,3.04,0.0
380,1,F20104000189,120,7.2,0.0,7.2,0.0
381,1,F20103000893,102,0.98,0.0,0.98,0.0
382,1,F20104000190,119,104.6,0.0,104.6,0.0
383,1,F20104000191,123,10.2,0.0,10.2,0.0
384,1,F20103000894,116,3.25,0.0,3.25,0.0
385,1,F20104000192,119,37.2,0.0,37.2,0.0
386,1,F20104000193,119,29.0,0.0,29.0,0.0
387,1,F20104000194,119,65.32,0.0,65.32,0.0
388,1,F20103000895,331,1.53,0.0,1.53,0.0
389,1,F20103000896,116,1.3,0.0,1.3,0.0
390,1,F20103000897,110,2.42,0.0,2.42,0.0
391,1,F20104000195,119,33.5,0.0,33.5,0.0
392,1,F20104000196,128,22.3,0.0,22.3,0.0
393,1,F20103000898,102,0.86,0.0,0.86,0.0
394,1,F20104000197,119,69.1,0.0,69.1,0.0
395,1,F20103000899,103,3.56,0.0,3.56,0.0
396,1,F20103000900,331,3.14,0.0,3.14,0.0
397,1,F20103000901,331,18.98,0.0,18.98,0.0
398,1,F20103000902,102,5.38,0.0,5.38,0.0
398,2,F20103000903,102,3.16,0.0,3.16,0.0
398,3,F20103000904,331,4.67,0.0,4.67,0.0
398,4,F20103000905,331,2.63,0.0,2.63,0.0
398,5,F20103000906,331,1.74,0.0,1.74,0.0
398,6,F20103000907,331,2.17,0.0,2.17,0.0
398,7,F20103000908,331,2.2,0.0,2.2,0.0
398,8,F20103000909,331,3.19,0.0,3.19,0.0
398,9,F20103000910,331,7.76,0.0,7.76,0.0
398,10,F20103000911,331,1.69,0.0,1.69,0.0
398,11,F20103000912,331,1.55,0.0,1.55,0.0
398,12,F20103000913,419,1.63,0.0,1.63,0.0
398,13,F20103000914,419,2.0,0.0,2.0,0.0
398,14,F20103000915,419,0.84,0.0,0.84,0.0
398,15,F20103000916,419,1.84,0.0,1.84,0.0
398,16,F20103000917,407,1.47,0.0,1.47,0.0
398,17,F20103000918,407,1.05,0.0,1.05,0.0
398,18,F20103000919,407,1.21,0.0,1.21,0.0
398,19,F20103000920,407,1.05,0.0,1.05,0.0
398,20,F20103000921,407,1.71,0.0,1.71,0.0
398,21,F20103000922,407,0.92,0.0,0.92,0.0
398,22,F20103000923,407,1.08,0.0,1.08,0.0
398,23,F20103000924,407,1.32,0.0,1.32,0.0
398,24,F20103000925,407,1.45,0.0,1.45,0.0
398,25,F20103000926,407,1.16,0.0,1.16,0.0
398,26,F20103000927,411,0.55,0.0,0.55,0.0
398,27,F20103000928,411,0.5,0.0,0.5,0.0
398,28,F20103000929,411,0.5,0.0,0.5,0.0
398,29,F20103000930,411,0.48,0.0,0.48,0.0
398,30,F20103000931,411,0.49,0.0,0.49,0.0
398,31,F20103000932,411,0.49,0.0,0.49,0.0
398,32,F20103000933,411,0.55,0.0,0.55,0.0
398,33,F20103000934,411,0.53,0.0,0.53,0.0
398,34,F20103000935,411,0.35,0.0,0.35,0.0
398,35,F20103000936,411,0.53,0.0,0.53,0.0
398,36,F20103000937,411,0.38,0.0,0.38,0.0
398,37,F20103000938,411,0.51,0.0,0.51,0.0
398,38,F20103000939,331,3.12,0.0,3.12,0.0
398,39,F20103000940,331,1.63,0.0,1.63,0.0
398,40,F20103000941,331,3.04,0.0,3.04,0.0
398,41,F20103000942,331,1.91,0.0,1.91,0.0
398,42,F20103000943,331,1.55,0.0,1.55,0.0
398,43,F20103000944,331,3.74,0.0,3.74,0.0
398,44,F20103000945,331,4.77,0.0,4.77,0.0
398,45,F20103000946,331,2.55,0.0,2.55,0.0
398,46,F20103000947,331,1.51,0.0,1.51,0.0
398,47,F20103000948,331,1.22,0.0,1.22,0.0
398,48,F20103000949,331,2.89,0.0,2.89,0.0
398,49,F20103000950,331,1.78,0.0,1.78,0.0
398,50,F20103000951,235,2.65,0.0,2.65,0.0
398,51,F20103000952,235,2.3,0.0,2.3,0.0
398,52,F20103000953,235,3.2,0.0,3.2,0.0
398,53,F20103000954,235,1.34,0.0,1.34,0.0
398,54,F20103000955,235,1.88,0.0,1.88,0.0
398,55,F20103000956,235,2.77,0.0,2.77,0.0
398,56,F20103000957,235,1.84,0.0,1.84,0.0
398,57,F20103000958,235,5.71,0.0,5.71,0.0
398,58,F20103000959,235,7.09,0.0,7.09,0.0
398,59,F20103000960,235,7.07,0.0,7.07,0.0
399,1,F20103000961,235,2.18,0.0,2.18,0.0
399,2,F20103000962,235,1.55,0.0,1.55,0.0
399,3,F20103000963,235,2.39,0.0,2.39,0.0
399,4,F20103000964,235,2.45,0.0,2.45,0.0
399,5,F20103000965,235,4.85,0.0,4.85,0.0
399,6,F20103000966,235,1.89,0.0,1.89,0.0
399,7,F20103000967,235,3.6,0.0,3.6,0.0
399,8,F20103000968,235,2.59,0.0,2.59,0.0
400,1,F20103000969,235,3.2,0.0,3.2,0.0
400,2,F20103000970,235,3.93,0.0,3.93,0.0
400,3,F20103000971,103,4.82,0.0,4.82,0.0
400,4,F20103000972,101,36.46,0.0,36.46,0.0
400,5,F20103000973,235,10.0,0.0,10.0,0.0
400,6,F20103000974,235,4.86,0.0,4.86,0.0
400,7,F20103000975,235,10.64,0.0,10.64,0.0
400,8,F20103000976,235,8.33,0.0,8.33,0.0
400,9,F20103000977,235,3.17,0.0,3.17,0.0
400,10,F20103000978,235,3.02,0.0,3.02,0.0
400,11,F20103000979,235,5.24,0.0,5.24,0.0
400,12,F20103000980,235,2.91,0.0,2.91,0.0
400,13,F20103000981,235,1.5,0.0,1.5,0.0
401,1,F20103000982,110,3.88,0.0,3.88,0.0
401,2,F20103000983,110,3.81,0.0,3.81,0.0
401,3,F20103000984,110,5.57,0.0,5.57,0.0
401,4,F20103000985,110,3.11,0.0,3.11,0.0
401,5,F20103000986,110,1.36,0.0,1.36,0.0
401,6,F20103000987,110,3.97,0.0,3.97,0.0
401,7,F20103000988,110,4.09,0.0,4.09,0.0
401,8,F20103000989,110,5.63,0.0,5.63,0.0
401,9,F20103000990,110,7.3,0.0,7.3,0.0
401,10,F20103000991,110,3.99,0.0,3.99,0.0
401,11,F20103000992,110,1.64,0.0,1.64,0.0
401,12,F20103000993,110,3.73,0.0,3.73,0.0
401,13,F20103000994,110,6.96,0.0,6.96,0.0
402,1,F20103000995,110,6.24,0.0,6.24,0.0
402,2,F20103000996,110,6.5,0.0,6.5,0.0
402,3,F20103000997,110,7.48,0.0,7.48,0.0
402,4,F20103000998,110,4.57,0.0,4.57,0.0
402,5,F20103000999,110,3.72,0.0,3.72,0.0
402,6,F20103001000,110,8.44,0.0,8.44,0.0
402,7,F20103001001,110,4.15,0.0,4.15,0.0
402,8,F20103001002,110,3.36,0.0,3.36,0.0
402,9,F20103001003,110,3.18,0.0,3.18,0.0
402,10,F20103001004,110,7.28,0.0,7.28,0.0
402,11,F20103001005,110,3.52,0.0,3.52,0.0
402,12,F20103001006,110,2.49,0.0,2.49,0.0
402,13,F20103001007,110,1.64,0.0,1.64,0.0
402,14,F20103001008,110,2.56,0.0,2.56,0.0
402,15,F20103001009,110,2.56,0.0,2.56,0.0
402,16,F20103001010,110,1.45,0.0,1.45,0.0
402,17,F20103001011,110,2.59,0.0,2.59,0.0
402,18,F20103001012,110,1.96,0.0,1.96,0.0
402,19,F20103001013,110,2.53,0.0,2.53,0.0
402,20,F20103001014,110,2.02,0.0,2.02,0.0
402,21,F20103001015,110,2.5,0.0,2.5,0.0
402,22,F20103001016,110,3.86,0.0,3.86,0.0
402,23,F20103001017,110,4.43,0.0,4.43,0.0
402,24,F20103001018,110,2.94,0.0,2.94,0.0
402,25,F20103001019,110,3.99,0.0,3.99,0.0
402,26,F20103001020,110,4.77,0.0,4.77,0.0
402,27,F20103001021,110,1.77,0.0,1.77,0.0
402,28,F20103001022,110,2.85,0.0,2.85,0.0
402,29,F20103001023,110,3.89,0.0,3.89,0.0
402,30,F20103001024,110,2.79,0.0,2.79,0.0
402,31,F20103001025,110,2.67,0.0,2.67,0.0
403,1,F20104000198,123,18.3,0.0,18.3,0.0
404,1,F20104000199,119,65.0,0.0,65.0,0.0
405,1,F20104000200,119,75.1,0.0,75.1,0.0
406,1,F20104000201,122,65.32,0.0,65.32,0.0
407,1,F20103001026,404,2.44,0.0,2.44,0.0
408,1,F20103001027,110,4.71,0.0,4.71,0.0
408,2,F20103001028,110,2.51,0.0,2.51,0.0
408,3,F20103001029,110,4.43,0.0,4.43,0.0
408,4,F20103001030,110,7.83,0.0,7.83,0.0
408,5,F20103001031,110,4.86,0.0,4.86,0.0
408,6,F20103001032,110,2.43,0.0,2.43,0.0
408,7,F20103001033,110,2.41,0.0,2.41,0.0
408,8,F20103001034,110,7.93,0.0,7.93,0.0
408,9,F20103001035,110,1.51,0.0,1.51,0.0
408,10,F20103001036,110,4.57,0.0,4.57,0.0
408,11,F20103001037,110,3.03,0.0,3.03,0.0
408,12,F20103001038,110,1.43,0.0,1.43,0.0
408,13,F20103001039,107,5.5,0.0,5.5,0.0
408,14,F20103001040,107,5.85,0.0,5.85,0.0
408,15,F20103001041,107,2.67,0.0,2.67,0.0
408,16,F20103001042,107,8.45,0.0,8.45,0.0
408,17,F20103001043,107,3.22,0.0,3.22,0.0
408,18,F20103001044,107,12.28,0.0,12.28,0.0
408,19,F20103001045,107,2.87,0.0,2.87,0.0
408,20,F20103001046,107,3.14,0.0,3.14,0.0
408,21,F20103001047,107,1.7,0.0,1.7,0.0
408,22,F20103001048,241,12.67,0.0,12.67,0.0
408,23,F20103001049,241,6.09,0.0,6.09,0.0
408,24,F20103001050,241,5.51,0.0,5.51,0.0
408,25,F20103001051,241,5.1,0.0,5.1,0.0
408,26,F20103001052,114,12.21,0.0,12.21,0.0
408,27,F20103001053,114,19.93,0.0,19.93,0.0
408,28,F20103001054,114,10.86,0.0,10.86,0.0
409,1,F20104000202,119,125.3,0.0,125.3,0.0
410,1,F20103001055,104,37.79,0.0,37.79,0.0
411,1,F20103001056,109,41.24,0.0,41.24,0.0
412,1,G20103001057,419,89.0,0.0,89.0,0.0
412,2,G20103001058,419,0.94,0.0,0.94,0.0
412,3,G20103001059,419,0.79,0.0,0.79,0.0
412,4,G20103001060,419,0.96,0.0,0.96,0.0
412,5,G20103001061,419,1.79,0.0,1.79,0.0
412,6,G20103001062,419,1.01,0.0,1.01,0.0
412,7,G20103001063,419,0.93,0.0,0.93,0.0
412,8,G20103001064,419,1.05,0.0,1.05,0.0
412,9,G20103001065,419,1.44,0.0,1.44,0.0
412,10,G20103001066,419,1.77,0.0,1.77,0.0
412,11,G20103001067,419,1.32,0.0,1.32,0.0
412,12,G20103001068,419,1.74,0.0,1.74,0.0
412,13,G20103001069,331,4.51,0.0,4.51,0.0
412,14,G20103001070,407,0.97,0.0,0.97,0.0
412,15,G20103001071,407,1.03,0.0,1.03,0.0
412,16,G20103001072,407,1.27,0.0,1.27,0.0
412,17,G20103001073,407,1.48,0.0,1.48,0.0
412,18,G20103001074,407,1.13,0.0,1.13,0.0
412,19,G20103001075,118,5.68,0.0,5.68,0.0
412,20,G20103001076,118,2.67,0.0,2.67,0.0
412,21,G20103001077,118,5.2,0.0,5.2,0.0
412,22,G20103001078,118,5.49,0.0,5.49,0.0
412,23,G20103001079,118,3.97,0.0,3.97,0.0
412,24,G20103001080,118,4.99,0.0,4.99,0.0
412,25,G20103001081,115,2.68,0.0,2.68,0.0
412,26,G20103001082,115,3.06,0.0,3.06,0.0
412,27,G20103001083,115,2.74,0.0,2.74,0.0
412,28,G20103001084,115,3.75,0.0,3.75,0.0
412,29,G20103001085,115,3.66,0.0,3.66,0.0
412,30,G20103001086,115,2.05,0.0,2.05,0.0
412,31,G20103001087,115,3.82,0.0,3.82,0.0
412,32,G20103001088,115,0.93,0.0,0.93,0.0
412,33,G20103001089,115,2.5,0.0,2.5,0.0
412,34,G20103001090,115,2.32,0.0,2.32,0.0
412,35,G20103001091,115,1.62,0.0,1.62,0.0
412,36,G20103001092,115,2.33,0.0,2.33,0.0
412,37,G20103001093,115,1.73,0.0,1.73,0.0
412,38,G20103001094,115,2.11,0.0,2.11,0.0
412,39,G20103001095,115,4.42,0.0,4.42,0.0
412,40,G20103001096,115,2.29,0.0,2.29,0.0
412,41,G20103001097,115,3.72,0.0,3.72,0.0
412,42,G20103001098,115,3.85,0.0,3.85,0.0
412,43,G20103001099,115,1.8,0.0,1.8,0.0
412,44,G20103001100,115,1.89,0.0,1.89,0.0
412,45,G20103001101,115,1.94,0.0,1.94,0.0
412,46,G20103001102,115,2.42,0.0,2.42,0.0
412,47,G20103001103,115,2.13,0.0,2.13,0.0
412,48,G20103001104,115,2.34,0.0,2.34,0.0
412,49,G20103001105,115,2.58,0.0,2.58,0.0
412,50,G20103001106,115,1.43,0.0,1.43,0.0
412,51,G20103001107,115,3.53,0.0,3.53,0.0
412,52,G20103001108,115,2.06,0.0,2.06,0.0
412,53,G20103001109,115,2.2,0.0,2.2,0.0
413,1,G20104000203,119,69.35,0.0,69.35,0.0
414,1,G20104000204,133,21.3,0.0,21.3,0.0
415,1,G20104000205,119,56.8,0.0,56.8,0.0
416,1,G20103001110,101,13.2,0.0,13.2,0.0
417,1,G20103001111,102,1.46,0.0,1.46,0.0
418,1,G20104000206,122,29.34,0.0,29.34,0.0
419,1,G20104000207,119,58.6,0.0,58.6,0.0
420,1,G20104000208,119,69.3,0.0,69.3,0.0
421,1,G20103001112,102,6.1,0.0,6.1,0.0
422,1,G20104000209,119,54.0,0.0,54.0,0.0
423,1,G20103001113,105,3.78,0.0,3.78,0.0
424,1,G20104000210,119,22.3,0.0,22.3,0.0
425,1,G20104000211,119,90.65,0.0,90.65,0.0
426,1,G20103001114,102,3.45,0.0,3.45,0.0
427,1,I20104000212,119,10.0,0.0,10.0,0.0
428,1,I20104000213,151,22.49,0.0,22.49,0.0
429,1,I20104000214,119,15.95,0.0,15.95,0.0
430,1,I20103001115,443,0.2,0.0,0.2,0.0
431,1,I20103001116,116,0.5,0.0,0.5,0.0
432,1,J20103001117,404,1.41,0.0,1.41,0.0
433,1,J20104000215,119,20.71,0.0,20.71,0.0
434,1,J20103001118,101,22.8,0.0,22.8,0.0
435,1,J20103001119,113,4.56,0.0,4.56,0.0
436,1,J20103001120,103,7.62,0.0,7.62,0.0
437,1,J20103001121,110,4.26,0.0,4.26,0.0
438,1,J20103001122,103,7.62,0.0,7.62,0.0
439,1,J20103001123,110,4.26,0.0,4.26,0.0
440,1,J20104000216,119,15.6,0.0,15.6,0.0
441,1,J20104000217,119,56.0,0.0,56.0,0.0
442,1,J20104000218,119,15.0,0.0,15.0,0.0
443,1,J20104000219,119,18.0,0.0,18.0,0.0
444,1,K20103001124,116,0.41,0.0,0.41,0.0
445,1,K20103001125,102,2.1,0.0,2.1,0.0
446,1,K20103001126,103,2.86,0.0,2.86,0.0
447,1,K20103001127,116,0.6,0.0,0.6,0.0
448,1,K20104000220,119,18.0,0.0,18.0,0.0
449,1,K20103001128,102,1.19,0.0,1.19,0.0
450,1,K20104000221,120,23.0,0.0,23.0,0.0
451,1,K20103001129,235,1.54,0.0,1.54,0.0
451,2,K20103001130,235,3.36,0.0,3.36,0.0
451,3,K20103001131,235,3.2,0.0,3.2,0.0
451,4,K20103001132,235,2.74,0.0,2.74,0.0
451,5,K20103001133,235,3.28,0.0,3.28,0.0
451,6,K20103001134,235,3.48,0.0,3.48,0.0
451,7,K20103001135,235,3.19,0.0,3.19,0.0
451,8,K20103001136,235,3.31,0.0,3.31,0.0
451,9,K20103001137,235,1.54,0.0,1.54,0.0
451,10,K20103001138,235,3.5,0.0,3.5,0.0
451,11,K20103001139,235,1.62,0.0,1.62,0.0
451,12,K20103001140,103,1.82,0.0,1.82,0.0
451,13,K20103001141,103,2.02,0.0,2.02,0.0
451,14,K20103001142,103,1.91,0.0,1.91,0.0
451,15,K20103001143,103,1.9,0.0,1.9,0.0
451,16,K20103001144,103,1.92,0.0,1.92,0.0
451,17,K20103001145,103,1.79,0.0,1.79,0.0
451,18,K20103001146,103,1.8,0.0,1.8,0.0
451,19,K20103001147,103,2.25,0.0,2.25,0.0
451,20,K20103001148,103,0.61,0.0,0.61,0.0
451,21,K20103001149,235,4.95,0.0,4.95,0.0
451,22,K20103001150,235,4.44,0.0,4.44,0.0
451,23,K20103001151,235,5.23,0.0,5.23,0.0
451,24,K20103001152,235,3.61,0.0,3.61,0.0
451,25,K20103001153,235,6.05,0.0,6.05,0.0
451,26,K20103001154,235,5.61,0.0,5.61,0.0
451,27,K20103001155,235,6.05,0.0,6.05,0.0
451,28,K20103001156,235,5.64,0.0,5.64,0.0
451,29,K20103001157,235,5.21,0.0,5.21,0.0
451,30,K20103001158,236,8.93,0.0,8.93,0.0
451,31,K20103001159,236,1.88,0.0,1.88,0.0
451,32,K20103001160,236,3.91,0.0,3.91,0.0
451,33,K20103001161,236,3.38,0.0,3.38,0.0
451,34,K20103001162,236,3.79,0.0,3.79,0.0
451,35,K20103001163,236,6.23,0.0,6.23,0.0
452,1,K20103001164,331,3.6,0.0,3.6,0.0
452,2,K20103001165,331,1.11,0.0,1.11,0.0
452,3,K20103001166,331,1.36,0.0,1.36,0.0
452,4,K20103001167,331,2.17,0.0,2.17,0.0
452,5,K20103001168,331,2.42,0.0,2.42,0.0
452,6,K20103001169,331,1.71,0.0,1.71,0.0
452,7,K20103001170,331,2.47,0.0,2.47,0.0
452,8,K20103001171,331,4.07,0.0,4.07,0.0
452,9,K20103001172,331,2.72,0.0,2.72,0.0
452,10,K20103001173,331,2.78,0.0,2.78,0.0
452,11,K20103001174,331,3.35,0.0,3.35,0.0
452,12,K20103001175,331,4.27,0.0,4.27,0.0
452,13,K20103001176,331,1.56,0.0,1.56,0.0
452,14,K20103001177,331,2.13,0.0,2.13,0.0
452,15,K20103001178,331,1.95,0.0,1.95,0.0
452,16,K20103001179,331,1.32,0.0,1.32,0.0
452,17,K20103001180,331,1.71,0.0,1.71,0.0
452,18,K20103001181,331,1.52,0.0,1.52,0.0
452,19,K20103001182,331,1.4,0.0,1.4,0.0
453,1,K20103001183,102,2.74,0.0,2.74,0.0
453,2,K20103001184,102,2.68,0.0,2.68,0.0
453,3,K20103001185,102,1.05,0.0,1.05,0.0
453,4,K20103001186,102,2.88,0.0,2.88,0.0
453,5,K20103001187,102,1.39,0.0,1.39,0.0
453,6,K20103001188,102,2.42,0.0,2.42,0.0
453,7,K20103001189,102,2.57,0.0,2.57,0.0
453,8,K20103001190,102,3.08,0.0,3.08,0.0
453,9,K20103001191,102,3.0,0.0,3.0,0.0
453,10,K20103001192,102,2.78,0.0,2.78,0.0
453,11,K20103001193,102,3.24,0.0,3.24,0.0
453,12,K20103001194,102,2.63,0.0,2.63,0.0
454,1,K20104000222,119,55.0,0.0,55.0,0.0
455,1,L20103001195,112,8.81,0.0,8.81,0.0
456,1,L20104000223,119,38.1,0.0,38.1,0.0
457,1,L20104000224,119,75.6,0.0,75.6,0.0
458,1,L20104000225,119,72.6,0.0,72.6,0.0
459,1,L20104000226,125,58.67,0.0,58.67,0.0
460,1,L20104000227,249,96.7,0.0,96.7,0.0
461,1,L20103001196,101,18.33,0.0,18.33,0.0
462,1,L20103001197,235,3.43,0.0,3.43,0.0
463,1,L20103001198,113,9.72,0.0,9.72,0.0
464,1,L20103001199,103,6.0,0.0,6.0,0.0
465,1,L20103001200,101,11.55,0.0,11.55,0.0
466,1,L20104000228,120,26.0,0.0,26.0,0.0
467,1,L20103001201,101,9.0,0.0,9.0,0.0
468,1,L20104000229,119,87.1,0.0,87.1,0.0
469,1,L20104000230,122,19.95,0.0,19.95,0.0
470,1,M20104000231,119,36.0,0.0,36.0,0.0
471,1,M20104000232,119,23.2,0.0,23.2,0.0
472,1,M20104000233,119,47.0,0.0,47.0,0.0
473,1,M20104000234,119,16.5,0.0,16.5,0.0
480,1,M20103001203,404,1.21,0.0,1.21,0.0
481,1,M20104000240,119,25.9,0.0,25.9,0.0
482,1,M20104000241,120,50.2,0.0,50.2,0.0
483,1,M20103001204,407,1.39,0.0,1.39,0.0
484,1,M20104000242,128,12.3,0.0,12.3,0.0
485,1,M20104000243,119,58.65,0.0,58.65,0.0
486,1,M20104000244,119,56.32,0.0,56.32,0.0
487,1,M20103001205,113,3.16,0.0,3.16,0.0
488,1,M20104000245,119,30.7,0.0,30.7,0.0
489,1,M20104000246,352,16.61,0.0,16.61,0.0
490,1,M20103001206,338,4.65,0.0,4.65,0.0
491,1,M20104000247,351,16.0,0.0,16.0,0.0
492,1,N20104000248,119,25.6,0.0,25.6,0.0
493,1,N20104000249,119,41.3,0.0,41.3,0.0
494,1,N20104000250,119,32.6,0.0,32.6,0.0
495,1,N20104000251,136,15.3,0.0,15.3,0.0
496,1,N20104000252,119,56.32,0.0,56.32,0.0
497,1,N20103001207,102,2.3,0.0,2.3,0.0
498,1,N20104000253,119,56.3,0.0,56.3,0.0
502,1,N20103001208,110,3.4,0.0,3.4,0.0
503,1,N20104000257,119,87.0,0.0,87.0,0.0
504,1,N20104000258,119,15.0,0.0,15.0,0.0
505,1,N20104000259,128,3.8,0.0,3.8,0.0
506,1,N20103001209,116,0.99,0.0,0.99,0.0
507,1,N20104000260,138,31.0,0.0,31.0,0.0
508,1,N20104000261,120,18.9,0.0,18.9,0.0
509,1,N20103001210,116,1.45,0.0,1.45,0.0
510,1,N20104000262,119,25.85,0.0,25.85,0.0
511,1,N20103001211,106,0.85,0.0,0.85,0.0
512,1,N20104000263,119,78.5,0.0,78.5,0.0
516,1,N20104000266,119,50.2,0.0,50.2,0.0
517,1,N20103001267,338,3.81,0.0,3.81,0.0
517,2,N20103001263,114,10.86,0.0,10.86,0.0
517,3,N20103001264,114,8.45,0.0,8.45,0.0
517,4,N20103001265,114,12.77,0.0,12.77,0.0
517,5,N20103001266,338,2.26,0.0,2.26,0.0
517,6,N20103001259,241,7.81,0.0,7.81,0.0
517,7,N20103001260,241,6.09,0.0,6.09,0.0
517,8,N20103001261,241,10.75,0.0,10.75,0.0
517,9,N20103001262,241,8.47,0.0,8.47,0.0
517,10,N20103001257,112,7.95,0.0,7.95,0.0
517,11,N20103001258,112,5.85,0.0,5.85,0.0
517,12,N20103001255,112,10.78,0.0,10.78,0.0
517,13,N20103001256,112,7.75,0.0,7.75,0.0
517,14,N20103001253,112,16.98,0.0,16.98,0.0
517,15,N20103001254,112,13.83,0.0,13.83,0.0
517,16,N20103001248,112,13.6,0.0,13.6,0.0
517,17,N20103001249,112,7.5,0.0,7.5,0.0
517,18,N20103001250,112,17.88,0.0,17.88,0.0
474,1,M20104000235,119,88.65,0.0,88.65,0.0
475,1,M20103001202,238,0.55,0.0,0.55,0.0
476,1,M20104000236,119,45.5,0.0,45.5,0.0
477,1,M20104000237,119,45.3,0.0,45.3,0.0
478,1,M20104000238,353,16.72,0.0,16.72,0.0
479,1,M20104000239,119,56.32,0.0,56.32,0.0
499,1,N20104000254,119,34.1,0.0,34.1,0.0
513,1,N20104000264,120,13.2,0.0,13.2,0.0
517,19,N20103001251,112,12.16,0.0,12.16,0.0
517,20,N20103001252,112,12.39,0.0,12.39,0.0
517,21,N20103001246,112,10.08,0.0,10.08,0.0
517,22,N20103001247,338,3.99,0.0,3.99,0.0
517,23,N20103001243,338,3.95,0.0,3.95,0.0
517,24,N20103001244,338,2.14,0.0,2.14,0.0
517,25,N20103001245,338,5.17,0.0,5.17,0.0
517,26,N20103001239,112,21.51,0.0,21.51,0.0
517,27,N20103001240,112,23.05,0.0,23.05,0.0
517,28,N20103001241,112,26.97,0.0,26.97,0.0
517,29,N20103001242,112,25.8,0.0,25.8,0.0
517,30,N20103001236,331,2.47,0.0,2.47,0.0
517,31,N20103001237,331,4.52,0.0,4.52,0.0
517,32,N20103001238,331,3.96,0.0,3.96,0.0
517,33,N20103001222,331,3.69,0.0,3.69,0.0
517,34,N20103001223,331,4.98,0.0,4.98,0.0
517,35,N20103001224,331,3.63,0.0,3.63,0.0
517,36,N20103001225,331,2.86,0.0,2.86,0.0
517,37,N20103001226,331,2.97,0.0,2.97,0.0
517,38,N20103001227,331,2.62,0.0,2.62,0.0
517,39,N20103001228,331,4.52,0.0,4.52,0.0
517,40,N20103001229,331,3.15,0.0,3.15,0.0
517,41,N20103001230,331,3.51,0.0,3.51,0.0
517,42,N20103001231,331,2.97,0.0,2.97,0.0
517,43,N20103001232,331,2.18,0.0,2.18,0.0
517,44,N20103001233,331,0.78,0.0,0.78,0.0
517,45,N20103001234,331,0.75,0.0,0.75,0.0
517,46,N20103001235,331,1.27,0.0,1.27,0.0
517,47,N20103001213,102,3.98,0.0,3.98,0.0
517,48,N20103001214,102,5.78,0.0,5.78,0.0
517,49,N20103001215,102,5.34,0.0,5.34,0.0
517,50,N20103001216,102,6.31,0.0,6.31,0.0
517,51,N20103001217,102,3.56,0.0,3.56,0.0
517,52,N20103001218,102,4.79,0.0,4.79,0.0
517,53,N20103001219,102,3.34,0.0,3.34,0.0
517,54,N20103001220,102,2.72,0.0,2.72,0.0
517,55,N20103001221,102,3.69,0.0,3.69,0.0
517,56,N20103001268,107,2.97,0.0,2.97,0.0
517,57,N20103001269,107,2.66,0.0,2.66,0.0
517,58,N20103001270,107,2.62,0.0,2.62,0.0
517,59,N20103001271,107,2.41,0.0,2.41,0.0
517,60,N20103001272,107,3.01,0.0,3.01,0.0
517,61,N20103001273,107,2.68,0.0,2.68,0.0
517,62,N20103001274,107,2.85,0.0,2.85,0.0
517,63,N20103001275,107,2.34,0.0,2.34,0.0
517,64,N20103001276,107,2.13,0.0,2.13,0.0
517,65,N20103001277,107,2.26,0.0,2.26,0.0
518,1,N20104000267,120,35.2,0.0,35.2,0.0
519,1,N20104000268,119,30.0,0.0,30.0,0.0
520,1,N20104000269,119,183.5,0.0,183.5,0.0
521,1,N20104000270,164,10.03,0.0,10.03,0.0
522,1,N20103001278,400,0.25,0.0,0.25,0.0
523,1,O20103001279,374,1.85,0.0,1.85,0.0
524,1,O20103001280,102,3.65,0.0,3.65,0.0
525,1,O20104000271,120,32.0,0.0,32.0,0.0
526,1,O20103001281,371,6.78,0.0,6.78,0.0
528,1,O20103001282,102,1.39,0.0,1.39,0.0
529,1,O20103001283,103,8.29,0.0,8.29,0.0
530,1,O20103001284,102,4.91,0.0,4.91,0.0
531,1,O20103001285,331,4.52,0.0,4.52,0.0
532,1,O20103001286,331,3.97,0.0,3.97,0.0
533,1,O20103001287,331,3.97,0.0,3.97,0.0
534,1,O20103001288,107,5.85,0.0,5.85,0.0
535,1,O20103001289,102,1.93,0.0,1.93,0.0
535,2,O20103001290,102,4.04,0.0,4.04,0.0
535,3,O20103001291,102,4.12,0.0,4.12,0.0
535,4,O20103001292,102,3.84,0.0,3.84,0.0
535,5,O20103001293,102,3.65,0.0,3.65,0.0
535,6,O20103001294,331,4.73,0.0,4.73,0.0
535,7,O20103001295,331,2.95,0.0,2.95,0.0
535,8,O20103001296,331,6.61,0.0,6.61,0.0
535,9,O20103001297,331,5.15,0.0,5.15,0.0
535,10,O20103001298,331,6.33,0.0,6.33,0.0
535,11,O20103001299,331,5.14,0.0,5.14,0.0
535,12,O20103001300,331,3.97,0.0,3.97,0.0
535,13,O20103001301,331,1.95,0.0,1.95,0.0
535,14,O20103001302,331,2.38,0.0,2.38,0.0
535,15,O20103001303,331,2.63,0.0,2.63,0.0
535,16,O20103001304,331,7.17,0.0,7.17,0.0
535,17,O20103001305,331,5.38,0.0,5.38,0.0
535,18,O20103001306,331,4.75,0.0,4.75,0.0
535,19,O20103001307,235,2.57,0.0,2.57,0.0
535,20,O20103001308,235,3.55,0.0,3.55,0.0
535,21,O20103001309,235,4.82,0.0,4.82,0.0
535,22,O20103001310,235,2.91,0.0,2.91,0.0
535,23,O20103001311,235,3.51,0.0,3.51,0.0
535,24,O20103001312,235,2.99,0.0,2.99,0.0
535,25,O20103001313,235,4.32,0.0,4.32,0.0
535,26,O20103001314,235,4.98,0.0,4.98,0.0
535,27,O20103001315,235,7.94,0.0,7.94,0.0
535,28,O20103001316,235,2.93,0.0,2.93,0.0
535,29,O20103001317,235,7.37,0.0,7.37,0.0
535,30,O20103001318,235,3.27,0.0,3.27,0.0
535,31,O20103001319,235,4.34,0.0,4.34,0.0
535,32,O20103001320,235,3.84,0.0,3.84,0.0
535,33,O20103001321,235,4.42,0.0,4.42,0.0
535,34,O20103001322,235,5.43,0.0,5.43,0.0
535,35,O20103001323,235,7.83,0.0,7.83,0.0
500,1,N20104000255,353,17.07,0.0,17.07,0.0
501,1,N20104000256,119,36.0,0.0,36.0,0.0
527,1,O20104000272,132,5.2,0.0,5.2,0.0
535,36,O20103001324,235,6.77,0.0,6.77,0.0
535,37,O20103001325,235,2.26,0.0,2.26,0.0
535,38,O20103001326,235,6.04,0.0,6.04,0.0
535,39,O20103001327,235,1.66,0.0,1.66,0.0
535,40,O20103001328,235,1.8,0.0,1.8,0.0
535,41,O20103001329,235,1.58,0.0,1.58,0.0
535,42,O20103001330,235,0.91,0.0,0.91,0.0
535,43,O20103001331,235,3.56,0.0,3.56,0.0
535,44,O20103001332,235,4.2,0.0,4.2,0.0
535,45,O20103001333,235,3.3,0.0,3.3,0.0
535,46,O20103001334,235,3.17,0.0,3.17,0.0
536,1,O20103001335,101,6.84,0.0,6.84,0.0
536,2,O20103001336,101,9.81,0.0,9.81,0.0
536,3,O20103001337,101,14.31,0.0,14.31,0.0
536,4,O20103001338,101,13.5,0.0,13.5,0.0
536,5,O20103001339,101,24.06,0.0,24.06,0.0
536,6,O20103001340,101,10.83,0.0,10.83,0.0
536,7,O20103001341,101,22.17,0.0,22.17,0.0
536,8,O20103001342,101,14.06,0.0,14.06,0.0
536,9,O20103001343,101,15.42,0.0,15.42,0.0
536,10,O20103001344,101,16.52,0.0,16.52,0.0
536,11,O20103001345,101,14.41,0.0,14.41,0.0
536,12,O20103001346,101,23.09,0.0,23.09,0.0
536,13,O20103001347,101,29.92,0.0,29.92,0.0
536,14,O20103001348,101,23.48,0.0,23.48,0.0
536,15,O20103001349,101,20.52,0.0,20.52,0.0
536,16,O20103001350,101,26.13,0.0,26.13,0.0
537,1,O20104000273,119,28.0,0.0,28.0,0.0
538,1,O20103001351,103,12.23,0.0,12.23,0.0
539,1,O20103001352,101,20.78,0.0,20.78,0.0
539,2,O20103001353,101,14.53,0.0,14.53,0.0
539,3,O20103001354,101,23.47,0.0,23.47,0.0
539,4,O20103001355,101,20.84,0.0,20.84,0.0
539,5,O20103001356,101,10.82,0.0,10.82,0.0
539,6,O20103001357,112,10.93,0.0,10.93,0.0
539,7,O20103001358,112,11.55,0.0,11.55,0.0
539,8,O20103001359,112,17.63,0.0,17.63,0.0
539,9,O20103001360,112,12.65,0.0,12.65,0.0
539,10,O20103001361,112,11.61,0.0,11.61,0.0
539,11,O20103001362,114,8.17,0.0,8.17,0.0
540,1,O20103001365,114,9.4,0.0,9.4,0.0
541,1,O20104000274,119,86.35,0.0,86.35,0.0
542,1,O20104000275,151,15.3,0.0,15.3,0.0
543,1,O20103001366,113,4.56,0.0,4.56,0.0
544,1,O20104000276,127,10.0,0.0,10.0,0.0
545,1,O20104000277,127,10.0,0.0,10.0,0.0
546,1,O20104000278,127,10.0,0.0,10.0,0.0
547,1,O20104000279,127,5.0,0.0,5.0,0.0
548,1,O20104000280,119,22.2,0.0,22.2,0.0
549,1,O20104000281,151,5.15,0.0,5.15,0.0
550,1,O20103001367,400,0.52,0.0,0.52,0.0
551,1,O20103001368,106,0.2,0.0,0.2,0.0
552,1,O20104000282,125,18.0,0.0,18.0,0.0
553,1,O20104000283,139,100.3,0.0,100.3,0.0
554,1,O20104000284,127,10.0,0.0,10.0,0.0
555,1,O20104000285,151,5.72,0.0,5.72,0.0
556,1,O20104000286,127,20.0,0.0,20.0,0.0
557,1,O20104000287,127,60.0,0.0,60.0,0.0
558,1,O20104000288,127,20.0,0.0,20.0,0.0
559,1,O20104000289,119,40.3,0.0,40.3,0.0
560,1,O20104000290,127,10.0,0.0,10.0,0.0
561,1,O20104000291,127,10.0,0.0,10.0,0.0
562,1,O20104000292,119,28.2,0.0,28.2,0.0
563,1,O20104000293,127,5.0,0.0,5.0,0.0
564,1,O20103001369,402,0.32,0.0,0.32,0.0
565,1,O20103001370,102,2.02,0.0,2.02,0.0
566,1,O20104000294,119,49.68,0.0,49.68,0.0
567,1,O20104000295,127,5.0,0.0,5.0,0.0
568,1,O20103001371,406,0.68,0.0,0.68,0.0
569,1,O20104000296,151,6.7,0.0,6.7,0.0
570,1,O20104000297,127,10.0,0.0,10.0,0.0
571,1,O20104000298,151,3.5,0.0,3.5,0.0
572,1,O20104000299,119,43.8,0.0,43.8,0.0
573,1,O20104000300,139,29.5,0.0,29.5,0.0
574,1,O20104000301,127,10.0,0.0,10.0,0.0
575,1,O20104000302,127,10.0,0.0,10.0,0.0
576,1,O20104000303,127,10.0,0.0,10.0,0.0
577,1,O20104000304,127,10.0,0.0,10.0,0.0
578,1,O20104000305,284,12.0,0.0,12.0,0.0
579,1,O20104000306,426,15.0,0.0,15.0,0.0
580,1,O20103001372,110,4.12,0.0,4.12,0.0
581,1,O20104000307,127,25.0,0.0,25.0,0.0
582,1,O20104000308,127,10.0,0.0,10.0,0.0
583,1,O20104000309,119,26.0,0.0,26.0,0.0
584,1,O20104000310,119,69.3,0.0,69.3,0.0
585,1,O20104000311,127,10.0,0.0,10.0,0.0
588,1,O20104000314,120,8.0,0.0,8.0,0.0
589,1,O20104000315,127,10.0,0.0,10.0,0.0
590,1,O20103001373,113,1.6,0.0,1.6,0.0
591,1,O20104000316,120,11.0,0.0,11.0,0.0
592,1,O20104000317,127,5.0,0.0,5.0,0.0
593,1,O20104000318,122,12.0,0.0,12.0,0.0
594,1,O20104000319,127,10.0,0.0,10.0,0.0
595,1,O20104000320,119,78.5,0.0,78.5,0.0
596,1,O20104000321,127,10.0,0.0,10.0,0.0
597,1,O20104000322,127,10.0,0.0,10.0,0.0
598,1,O20104000323,127,20.0,0.0,20.0,0.0
599,1,O20104000324,289,45.2,0.0,45.2,0.0
600,1,O20104000325,128,6.5,0.0,6.5,0.0
601,1,O20103001374,406,1.23,0.0,1.23,0.0
602,1,O20104000326,151,6.7,0.0,6.7,0.0
603,1,O20103001363,342,17.96,0.0,17.96,0.0
603,2,O20103001364,342,21.05,0.0,21.05,0.0
514,1,N20104000265,119,48.5,0.0,48.5,0.0
515,1,N20103001212,116,0.92,0.0,0.92,0.0
586,1,O20104000312,127,25.0,0.0,25.0,0.0
587,1,O20104000313,127,14.0,0.0,14.0,0.0
603,3,O20103001375,406,1.2,0.0,1.2,0.0
604,1,O20104000327,119,46.8,0.0,46.8,0.0
605,1,O20104000328,151,6.0,0.0,6.0,0.0
606,1,O20104000329,119,40.5,0.0,40.5,0.0
607,1,O20104000330,123,6.32,0.0,6.32,0.0
608,1,O20103001376,102,4.84,0.0,4.84,0.0
609,1,O20103001377,404,1.16,0.0,1.16,0.0
610,1,O20103001378,406,0.67,0.0,0.67,0.0
611,1,O20104000331,128,5.0,0.0,5.0,0.0
612,1,O20103001379,106,0.9,0.0,0.9,0.0
613,1,O20104000332,139,48.94,0.0,48.94,0.0
614,1,O20103001380,113,6.2,0.0,6.2,0.0
615,1,O20104000333,119,23.4,0.0,23.4,0.0
616,1,O20104000334,351,25.8,0.0,25.8,0.0
617,1,O20104000335,351,10.0,0.0,10.0,0.0
618,1,O20104000336,351,5.6,0.0,5.6,0.0
619,1,P20104000337,119,88.11,0.0,88.11,0.0
620,1,P20104000338,119,30.0,0.0,30.0,0.0
621,1,P20103001381,110,1.2,0.0,1.2,0.0
622,1,P20103001382,101,14.8,0.0,14.8,0.0
623,1,P20103001383,419,1.6,0.0,1.6,0.0
624,1,P20103001384,446,9.81,0.0,9.81,0.0
625,1,P20104000339,128,6.0,0.0,6.0,0.0
626,1,P20103001385,404,1.11,0.0,1.11,0.0
627,1,P20104000340,119,85.9,0.0,85.9,0.0
628,1,P20103001386,110,1.85,0.0,1.85,0.0
629,1,P20104000341,138,9.0,0.0,9.0,0.0
630,1,P20104000342,119,34.0,0.0,34.0,0.0
631,1,P20103001387,110,1.5,0.0,1.5,0.0
632,1,P20104000343,122,10.5,0.0,10.5,0.0
633,1,P20104000344,149,31.0,0.0,31.0,0.0
634,1,P20104000345,119,25.3,0.0,25.3,0.0
635,1,P20103001388,404,1.23,0.0,1.23,0.0
636,1,P20104000346,351,14.5,0.0,14.5,0.0
637,1,P20104000347,354,79.0,0.0,79.0,0.0
638,1,P20103001389,404,1.24,0.0,1.24,0.0
639,1,P20103001390,404,1.19,0.0,1.19,0.0
640,1,P20104000348,119,32.3,0.0,32.3,0.0
641,1,P20103001391,113,3.82,0.0,3.82,0.0
642,1,P20104000349,119,32.3,0.0,32.3,0.0
643,1,P20104000350,119,20.0,0.0,20.0,0.0
644,1,P20103001392,102,1.99,0.0,1.99,0.0
645,1,P20104000351,289,21.5,0.0,21.5,0.0
646,1,P20104000352,440,6.6,0.0,6.6,0.0
647,1,P20104000353,119,36.3,0.0,36.3,0.0
648,1,P20104000354,354,7.0,0.0,7.0,0.0
649,1,P20104000355,151,25.0,0.0,25.0,0.0
650,1,P20104000356,136,12.55,0.0,12.55,0.0
651,1,P20103001393,113,6.01,0.0,6.01,0.0
652,1,P20104000357,353,43.5,0.0,43.5,0.0
653,1,P20104000358,351,5.8,0.0,5.8,0.0
654,1,E21103001394,101,24.36,0.0,24.36,0.0
655,1,E21103001395,235,3.7,0.0,3.7,0.0
656,1,E21103001396,113,4.94,0.0,4.94,0.0
657,1,E21103001397,406,0.47,0.0,0.47,0.0
658,1,E21104000359,119,18.6,0.0,18.6,0.0
659,1,E21103001398,103,2.29,0.0,2.29,0.0
660,1,E21104000360,119,25.3,0.0,25.3,0.0
661,1,E21104000361,119,135.5,0.0,135.5,0.0
662,1,E21104000362,440,10.6,0.0,10.6,0.0
663,1,E21104000363,354,26.1,0.0,26.1,0.0
664,1,E21103001399,116,1.56,0.0,1.56,0.0
665,1,E21103001400,116,1.57,0.0,1.57,0.0
666,1,E21104000364,119,35.2,0.0,35.2,0.0
667,1,E21104000365,120,15.32,0.0,15.32,0.0
668,1,E21104000366,119,29.95,0.0,29.95,0.0
669,1,E21104000367,119,33.8,0.0,33.8,0.0
670,1,E21104000368,123,25.35,0.0,25.35,0.0
671,1,E21104000369,351,5.6,0.0,5.6,0.0
672,1,E21104000370,132,2.2,0.0,2.2,0.0
673,1,E21104000371,440,5.0,0.0,5.0,0.0
674,1,E21104000372,440,5.0,0.0,5.0,0.0
675,1,E21103001401,110,1.45,0.0,1.45,0.0
676,1,E21104000373,119,35.6,0.0,35.6,0.0
677,1,E21103001402,103,2.5,0.0,2.5,0.0
678,1,E21103001403,407,1.65,0.0,1.65,0.0
679,1,E21104000374,119,37.4,0.0,37.4,0.0
680,1,E21103001404,102,1.0,0.0,1.0,0.0
681,1,F21104000375,119,38.5,0.0,38.5,0.0
682,1,F21104000376,119,33.5,0.0,33.5,0.0
683,1,F21104000377,119,38.5,0.0,38.5,0.0
684,1,F21104000378,119,25.3,0.0,25.3,0.0
685,1,F21103001406,102,1.39,0.0,1.39,0.0
686,1,F21104000379,127,15.0,0.0,15.0,0.0
687,1,F21104000380,129,7.0,0.0,7.0,0.0
688,1,F21104000381,120,7.2,0.0,7.2,0.0
689,1,F21104000382,128,2.0,0.0,2.0,0.0
690,1,F21104000383,289,55.6,0.0,55.6,0.0
691,1,F21104000384,119,50.23,0.0,50.23,0.0
692,1,F21104000385,119,25.3,0.0,25.3,0.0
693,1,F21104000386,128,3.5,0.0,3.5,0.0
694,1,F21104000387,119,9.2,0.0,9.2,0.0
695,1,F21104000388,120,9.6,0.0,9.6,0.0
696,1,F21104000389,119,68.2,0.0,68.2,0.0
697,1,F21103001407,169,0.4,0.0,0.4,0.0
700,1,F21103001410,113,5.19,0.0,5.19,0.0
702,1,F21104000390,128,2.5,0.0,2.5,0.0
703,1,F21103001412,102,1.35,0.0,1.35,0.0
704,1,F21103001413,236,6.89,0.0,6.89,0.0
704,2,F21103001414,236,5.77,0.0,5.77,0.0
704,3,F21103001415,236,9.46,0.0,9.46,0.0
704,4,F21103001416,236,4.72,0.0,4.72,0.0
698,1,F21103001408,238,0.47,0.0,0.47,0.0
699,1,F21103001409,404,2.1,0.0,2.1,0.0
701,1,F21103001411,115,0.64,0.0,0.64,0.0
706,1,G21103001480,113,3.24,0.0,3.24,0.0
707,1,G21103001481,407,0.97,0.0,0.97,0.0
708,1,G21104000391,151,6.5,0.0,6.5,0.0
709,1,G21104000392,353,28.65,0.0,28.65,0.0
710,1,G21104000393,119,31.2,0.0,31.2,0.0
711,1,G21104000394,119,25.6,0.0,25.6,0.0
712,1,G21104000395,119,28.75,0.0,28.75,0.0
713,1,G21104000396,119,97.0,0.0,97.0,0.0
714,1,G21103001482,406,0.45,0.0,0.45,0.0
715,1,G21104000397,119,38.2,0.0,38.2,0.0
716,1,G21104000398,119,25.3,0.0,25.3,0.0
717,1,G21104000399,119,52.01,0.0,52.01,0.0
718,1,G21104000400,119,35.2,0.0,35.2,0.0
719,1,G21104000401,119,52.3,0.0,52.3,0.0
720,1,G21104000402,353,21.3,0.0,21.3,0.0
721,1,G21103001483,115,0.38,0.0,0.38,0.0
722,1,G21104000403,119,86.3,0.0,86.3,0.0
723,1,G21104000404,119,25.3,0.0,25.3,0.0
724,1,G21104000405,119,23.5,0.0,23.5,0.0
725,1,G21103001484,115,10.98,0.0,10.98,0.0
726,1,G21103001485,115,1.99,0.0,1.99,0.0
727,1,H21103001486,331,0.96,0.0,0.96,0.0
728,1,H21103001487,102,2.1,0.0,2.1,0.0
729,1,H21104000406,119,25.0,0.0,25.0,0.0
730,1,H21104000407,119,30.0,0.0,30.0,0.0
731,1,H21104000408,119,21.3,0.0,21.3,0.0
732,1,H21104000409,119,98.8,0.0,98.8,0.0
733,1,H21103001488,101,6.32,0.0,6.32,0.0
734,1,H21104000410,119,25.6,0.0,25.6,0.0
735,1,H21103001489,116,1.25,0.0,1.25,0.0
736,1,H21103001490,113,8.0,0.0,8.0,0.0
737,1,H21104000411,119,31.6,0.0,31.6,0.0
738,1,H21103001491,235,4.73,0.0,4.73,0.0
738,2,H21103001492,235,2.4,0.0,2.4,0.0
738,3,H21103001493,235,0.67,0.0,0.67,0.0
738,4,H21103001494,235,2.44,0.0,2.44,0.0
738,5,H21103001495,102,1.91,0.0,1.91,0.0
738,6,H21103001496,102,3.33,0.0,3.33,0.0
738,7,H21103001497,102,3.02,0.0,3.02,0.0
738,8,H21103001498,102,1.18,0.0,1.18,0.0
738,9,H21103001499,102,2.88,0.0,2.88,0.0
738,10,H21103001500,102,1.57,0.0,1.57,0.0
738,11,H21103001501,102,1.65,0.0,1.65,0.0
738,12,H21103001502,102,3.48,0.0,3.48,0.0
738,13,H21103001503,102,4.26,0.0,4.26,0.0
738,14,H21103001504,102,3.13,0.0,3.13,0.0
738,15,H21103001505,102,3.73,0.0,3.73,0.0
738,16,H21103001506,102,1.82,0.0,1.82,0.0
738,17,H21103001507,102,3.02,0.0,3.02,0.0
738,18,H21103001508,102,2.95,0.0,2.95,0.0
738,19,H21103001509,102,4.78,0.0,4.78,0.0
738,20,H21103001510,102,4.3,0.0,4.3,0.0
738,21,H21103001511,102,3.83,0.0,3.83,0.0
738,22,H21103001512,102,3.65,0.0,3.65,0.0
738,23,H21103001513,102,3.47,0.0,3.47,0.0
738,24,H21103001514,102,2.49,0.0,2.49,0.0
738,25,H21103001515,331,1.36,0.0,1.36,0.0
738,26,H21103001516,331,0.82,0.0,0.82,0.0
738,27,H21103001517,331,0.91,0.0,0.91,0.0
738,28,H21103001518,331,1.49,0.0,1.49,0.0
738,29,H21103001519,331,0.98,0.0,0.98,0.0
738,30,H21103001520,331,3.84,0.0,3.84,0.0
738,31,H21103001521,331,1.98,0.0,1.98,0.0
738,32,H21103001522,331,3.35,0.0,3.35,0.0
738,33,H21103001523,331,0.9,0.0,0.9,0.0
738,34,H21103001524,331,4.78,0.0,4.78,0.0
738,35,H21103001525,331,3.63,0.0,3.63,0.0
738,36,H21103001526,331,2.97,0.0,2.97,0.0
738,37,H21103001527,331,2.97,0.0,2.97,0.0
738,38,H21103001528,331,2.1,0.0,2.1,0.0
738,39,H21103001529,331,1.95,0.0,1.95,0.0
738,40,H21103001530,331,1.71,0.0,1.71,0.0
738,41,H21103001531,331,2.35,0.0,2.35,0.0
738,42,H21103001532,331,2.01,0.0,2.01,0.0
738,43,H21103001533,331,2.57,0.0,2.57,0.0
738,44,H21103001534,331,2.48,0.0,2.48,0.0
738,45,H21103001535,331,3.42,0.0,3.42,0.0
738,46,H21103001536,331,2.03,0.0,2.03,0.0
738,47,H21103001537,331,3.82,0.0,3.82,0.0
738,48,H21103001538,331,2.44,0.0,2.44,0.0
738,49,H21103001539,331,3.57,0.0,3.57,0.0
738,50,H21103001540,331,2.77,0.0,2.77,0.0
738,51,H21103001541,331,4.12,0.0,4.12,0.0
738,52,H21103001542,331,2.58,0.0,2.58,0.0
738,53,H21103001543,331,1.85,0.0,1.85,0.0
738,54,H21103001544,102,4.31,0.0,4.31,0.0
738,55,H21103001545,102,6.52,0.0,6.52,0.0
738,56,H21103001546,102,2.69,0.0,2.69,0.0
738,57,H21103001547,102,2.66,0.0,2.66,0.0
738,58,H21103001548,102,5.23,0.0,5.23,0.0
738,59,H21103001549,102,4.91,0.0,4.91,0.0
738,60,H21103001550,102,3.84,0.0,3.84,0.0
738,61,H21103001551,102,4.36,0.0,4.36,0.0
738,62,H21103001552,102,3.15,0.0,3.15,0.0
739,1,H21103001553,374,1.45,0.0,1.45,0.0
743,1,I21103001555,112,11.51,0.0,11.51,0.0
744,1,I21103001556,107,3.65,0.0,3.65,0.0
745,1,I21103001557,106,0.89,0.0,0.89,0.0
746,1,K21104000414,119,38.5,0.0,38.5,0.0
747,1,K21104000415,119,68.3,0.0,68.3,0.0
748,1,K21104000416,122,25.6,0.0,25.6,0.0
749,1,K21104000417,119,32.2,0.0,32.2,0.0
750,1,K21104000418,119,79.28,0.0,79.28,0.0
704,5,F21103001405,102,4.79,0.0,4.79,0.0
704,6,F21103001417,103,2.27,0.0,2.27,0.0
704,7,F21103001418,103,3.19,0.0,3.19,0.0
704,8,F21103001419,103,1.93,0.0,1.93,0.0
704,9,F21103001420,103,2.71,0.0,2.71,0.0
704,10,F21103001421,103,3.51,0.0,3.51,0.0
704,11,F21103001422,103,2.53,0.0,2.53,0.0
704,12,F21103001423,103,3.5,0.0,3.5,0.0
704,13,F21103001424,103,2.85,0.0,2.85,0.0
704,14,F21103001425,103,2.14,0.0,2.14,0.0
704,15,F21103001426,103,3.09,0.0,3.09,0.0
704,16,F21103001427,103,2.85,0.0,2.85,0.0
704,17,F21103001428,103,2.64,0.0,2.64,0.0
704,18,F21103001429,103,1.87,0.0,1.87,0.0
704,19,F21103001430,103,3.62,0.0,3.62,0.0
704,20,F21103001431,103,3.7,0.0,3.7,0.0
704,21,F21103001432,235,4.28,0.0,4.28,0.0
704,22,F21103001433,235,3.87,0.0,3.87,0.0
704,23,F21103001434,235,3.34,0.0,3.34,0.0
704,24,F21103001435,235,4.91,0.0,4.91,0.0
704,25,F21103001436,235,2.46,0.0,2.46,0.0
704,26,F21103001437,235,4.35,0.0,4.35,0.0
704,27,F21103001438,235,4.45,0.0,4.45,0.0
704,28,F21103001439,235,4.58,0.0,4.58,0.0
704,29,F21103001440,235,4.65,0.0,4.65,0.0
704,30,F21103001441,235,4.06,0.0,4.06,0.0
704,31,F21103001442,235,2.7,0.0,2.7,0.0
704,32,F21103001443,235,4.33,0.0,4.33,0.0
704,33,F21103001444,235,6.47,0.0,6.47,0.0
704,34,F21103001445,235,5.67,0.0,5.67,0.0
704,35,F21103001446,235,6.41,0.0,6.41,0.0
704,36,F21103001447,235,5.65,0.0,5.65,0.0
705,1,F21103001448,331,6.63,0.0,6.63,0.0
705,2,F21103001449,331,2.07,0.0,2.07,0.0
705,3,F21103001450,331,1.95,0.0,1.95,0.0
705,4,F21103001451,331,1.18,0.0,1.18,0.0
705,5,F21103001452,331,3.03,0.0,3.03,0.0
705,6,F21103001453,331,2.3,0.0,2.3,0.0
705,7,F21103001454,331,2.7,0.0,2.7,0.0
705,8,F21103001455,331,2.42,0.0,2.42,0.0
705,9,F21103001456,331,1.42,0.0,1.42,0.0
705,10,F21103001457,331,2.51,0.0,2.51,0.0
705,11,F21103001458,331,2.08,0.0,2.08,0.0
705,12,F21103001459,331,1.92,0.0,1.92,0.0
705,13,F21103001460,331,2.38,0.0,2.38,0.0
705,14,F21103001461,331,2.65,0.0,2.65,0.0
705,15,F21103001462,331,2.36,0.0,2.36,0.0
705,16,F21103001463,331,1.97,0.0,1.97,0.0
705,17,F21103001464,331,1.87,0.0,1.87,0.0
705,18,F21103001465,331,2.7,0.0,2.7,0.0
705,19,F21103001466,331,2.66,0.0,2.66,0.0
705,20,F21103001467,331,2.38,0.0,2.38,0.0
705,21,F21103001468,331,1.81,0.0,1.81,0.0
705,22,F21103001469,331,2.74,0.0,2.74,0.0
705,23,F21103001470,331,2.07,0.0,2.07,0.0
705,24,F21103001471,331,2.24,0.0,2.24,0.0
705,25,F21103001472,331,2.92,0.0,2.92,0.0
705,26,F21103001473,331,4.78,0.0,4.78,0.0
705,27,F21103001474,331,1.51,0.0,1.51,0.0
705,28,F21103001475,331,2.22,0.0,2.22,0.0
705,29,F21103001476,331,1.94,0.0,1.94,0.0
705,30,F21103001477,331,2.18,0.0,2.18,0.0
705,31,F21103001478,331,2.41,0.0,2.41,0.0
705,32,F21103001479,331,2.01,0.0,2.01,0.0
740,1,H21104000412,352,38.64,0.0,38.64,0.0
751,1,K21104000419,124,36.3,0.0,36.3,0.0
752,1,K21103001558,110,2.1,0.0,2.1,0.0
753,1,K21103001559,112,12.71,0.0,12.71,0.0
754,1,K21104000420,119,170.2,0.0,170.2,0.0
755,1,K21103001560,110,5.95,0.0,5.95,0.0
756,1,K21104000421,151,15.71,0.0,15.71,0.0
757,1,K21104000422,119,65.3,0.0,65.3,0.0
758,1,K21104000423,120,10.2,0.0,10.2,0.0
759,1,K21104000424,119,68.3,0.0,68.3,0.0
760,1,K21104000425,119,56.3,0.0,56.3,0.0
761,1,K21103001561,113,3.94,0.0,3.94,0.0
763,1,K21104000426,127,5.0,0.0,5.0,0.0
764,1,K21103001563,103,4.41,0.0,4.41,0.0
765,1,K21104000427,119,29.3,0.0,29.3,0.0
766,1,K21104000428,120,31.4,0.0,31.4,0.0
767,1,L21103001564,103,1.84,0.0,1.84,0.0
768,1,L21103001565,331,1.94,0.0,1.94,0.0
769,1,L21103001566,331,2.49,0.0,2.49,0.0
770,1,L21104000429,128,10.3,0.0,10.3,0.0
772,1,L21104000431,119,21.7,0.0,21.7,0.0
773,1,L21103001567,103,4.2,0.0,4.2,0.0
774,1,M21104000432,119,28.95,0.0,28.95,0.0
775,1,M21104000433,119,16.3,0.0,16.3,0.0
776,1,M21104000434,120,56.32,0.0,56.32,0.0
777,1,M21104000435,119,25.36,0.0,25.36,0.0
778,1,M21103001587,102,1.3,0.0,1.3,0.0
779,1,M21104000436,122,15.36,0.0,15.36,0.0
780,1,M21103001588,103,2.98,0.0,2.98,0.0
783,1,N21103001589,103,5.67,0.0,5.67,0.0
784,1,N21103001590,115,1.8,0.0,1.8,0.0
785,1,N21103001591,116,4.01,0.0,4.01,0.0
786,1,N21104000439,128,2.0,0.0,2.0,0.0
787,1,N21104000440,119,45.4,0.0,45.4,0.0
788,1,N21104000441,119,32.6,0.0,32.6,0.0
789,1,N21104000442,119,39.25,0.0,39.25,0.0
790,1,N21103001592,114,8.52,0.0,8.52,0.0
791,1,N21104000443,119,26.39,0.0,26.39,0.0
792,1,N21103001593,102,2.78,0.0,2.78,0.0
793,1,N21104000444,119,69.63,0.0,69.63,0.0
794,1,N21103001594,107,4.01,0.0,4.01,0.0
795,1,N21104000445,120,16.3,0.0,16.3,0.0
741,1,H21103001554,113,5.02,0.0,5.02,0.0
742,1,H21104000413,119,65.63,0.0,65.63,0.0
771,1,L21104000430,120,15.35,0.0,15.35,0.0
781,1,N21104000437,351,5.63,0.0,5.63,0.0
782,1,N21104000438,128,2.0,0.0,2.0,0.0
804,1,N21104000448,119,23.5,0.0,23.5,0.0
805,1,N21103001600,102,1.35,0.0,1.35,0.0
806,1,N21104000449,119,31.0,0.0,31.0,0.0
807,1,N21104000450,119,78.3,0.0,78.3,0.0
808,1,N21104000451,119,56.3,0.0,56.3,0.0
809,1,N21103001601,116,0.8,0.0,0.8,0.0
810,1,N21103001602,113,5.9,0.0,5.9,0.0
811,1,N21104000452,119,38.9,0.0,38.9,0.0
812,1,N21104000453,119,185.35,0.0,185.35,0.0
813,1,N21104000454,119,16.8,0.0,16.8,0.0
814,1,N21104000455,119,33.69,0.0,33.69,0.0
815,1,N21104000456,119,49.6,0.0,49.6,0.0
816,1,N21103001603,331,2.8,0.0,2.8,0.0
817,1,N21103001604,169,0.11,0.0,0.11,0.0
818,1,N21104000457,119,48.3,0.0,48.3,0.0
819,1,N21104000458,351,10.3,0.0,10.3,0.0
820,1,N21103001605,112,9.99,0.0,9.99,0.0
821,1,N21104000459,125,23.3,0.0,23.3,0.0
822,1,N21103001606,116,0.85,0.0,0.85,0.0
823,1,N21103001607,113,4.6,0.0,4.6,0.0
824,1,N21104000460,119,78.3,0.0,78.3,0.0
825,1,N21104000461,119,30.2,0.0,30.2,0.0
826,1,N21104000462,119,56.3,0.0,56.3,0.0
827,1,N21104000463,126,28.9,0.0,28.9,0.0
828,1,N21104000464,119,32.3,0.0,32.3,0.0
829,1,N21103001608,116,1.88,0.0,1.88,0.0
830,1,N21103001609,102,4.45,0.0,4.45,0.0
830,2,N21103001610,102,3.12,0.0,3.12,0.0
830,3,N21103001611,102,6.23,0.0,6.23,0.0
830,4,N21103001612,102,4.54,0.0,4.54,0.0
830,5,N21103001613,102,3.5,0.0,3.5,0.0
830,6,N21103001614,102,3.41,0.0,3.41,0.0
830,7,N21103001615,102,3.73,0.0,3.73,0.0
830,8,N21103001616,102,5.01,0.0,5.01,0.0
830,9,N21103001617,102,5.59,0.0,5.59,0.0
830,10,N21103001618,102,3.95,0.0,3.95,0.0
830,11,N21103001619,102,4.44,0.0,4.44,0.0
830,12,N21103001620,331,3.23,0.0,3.23,0.0
830,13,N21103001621,331,2.36,0.0,2.36,0.0
830,14,N21103001622,331,1.81,0.0,1.81,0.0
830,15,N21103001623,331,2.81,0.0,2.81,0.0
830,16,N21103001624,331,1.89,0.0,1.89,0.0
830,17,N21103001625,331,2.24,0.0,2.24,0.0
830,18,N21103001626,331,1.94,0.0,1.94,0.0
830,19,N21103001627,331,2.14,0.0,2.14,0.0
830,20,N21103001628,331,2.36,0.0,2.36,0.0
830,21,N21103001629,331,2.63,0.0,2.63,0.0
830,22,N21103001630,331,3.18,0.0,3.18,0.0
830,23,N21103001631,331,1.8,0.0,1.8,0.0
830,24,N21103001632,331,2.4,0.0,2.4,0.0
830,25,N21103001633,331,2.49,0.0,2.49,0.0
830,26,N21103001634,112,10.55,0.0,10.55,0.0
830,27,N21103001635,112,13.89,0.0,13.89,0.0
830,28,N21103001636,112,11.39,0.0,11.39,0.0
830,29,N21103001637,112,13.83,0.0,13.83,0.0
830,30,N21103001638,112,10.85,0.0,10.85,0.0
830,31,N21103001639,112,15.56,0.0,15.56,0.0
830,32,N21103001640,112,22.27,0.0,22.27,0.0
830,33,N21103001641,112,22.46,0.0,22.46,0.0
830,34,N21103001642,112,16.16,0.0,16.16,0.0
830,35,N21103001643,112,13.25,0.0,13.25,0.0
830,36,N21103001644,112,8.72,0.0,8.72,0.0
830,37,N21103001645,112,6.98,0.0,6.98,0.0
830,38,N21103001646,112,10.09,0.0,10.09,0.0
830,39,N21103001647,112,26.11,0.0,26.11,0.0
830,40,N21103001648,112,8.31,0.0,8.31,0.0
830,41,N21103001649,112,11.83,0.0,11.83,0.0
830,42,N21103001650,112,4.56,0.0,4.56,0.0
830,43,N21103001651,112,5.85,0.0,5.85,0.0
830,44,N21103001652,112,12.17,0.0,12.17,0.0
830,45,N21103001653,112,5.08,0.0,5.08,0.0
830,46,N21103001654,112,6.03,0.0,6.03,0.0
830,47,N21103001655,112,30.59,0.0,30.59,0.0
830,48,N21103001656,338,4.45,0.0,4.45,0.0
830,49,N21103001657,338,3.59,0.0,3.59,0.0
830,50,N21103001658,338,2.32,0.0,2.32,0.0
830,51,N21103001659,338,4.12,0.0,4.12,0.0
830,52,N21103001660,338,4.87,0.0,4.87,0.0
830,53,N21103001661,338,3.66,0.0,3.66,0.0
830,54,N21103001662,338,2.81,0.0,2.81,0.0
831,1,N21104000465,122,39.63,0.0,39.63,0.0
835,1,N21103001663,403,1.82,0.0,1.82,0.0
835,2,N21103001664,403,1.85,0.0,1.85,0.0
835,3,N21103001665,403,0.92,0.0,0.92,0.0
835,4,N21103001666,403,1.6,0.0,1.6,0.0
835,5,N21103001667,403,1.79,0.0,1.79,0.0
835,6,N21103001668,403,1.61,0.0,1.61,0.0
835,7,N21103001669,403,2.1,0.0,2.1,0.0
835,8,N21103001670,403,1.48,0.0,1.48,0.0
835,9,N21103001671,403,2.58,0.0,2.58,0.0
835,10,N21103001672,403,2.23,0.0,2.23,0.0
835,11,N21103001673,235,3.65,0.0,3.65,0.0
835,12,N21103001674,235,4.13,0.0,4.13,0.0
835,13,N21103001675,235,5.43,0.0,5.43,0.0
835,14,N21103001676,235,1.89,0.0,1.89,0.0
835,15,N21103001677,235,2.9,0.0,2.9,0.0
835,16,N21103001678,235,3.5,0.0,3.5,0.0
835,17,N21103001679,235,2.22,0.0,2.22,0.0
835,18,N21103001680,235,3.44,0.0,3.44,0.0
835,19,N21103001681,235,2.28,0.0,2.28,0.0
835,20,N21103001682,235,2.67,0.0,2.67,0.0
762,1,K21103001562,102,4.91,0.0,4.91,0.0
832,1,N21104000466,160,16.5,0.0,16.5,0.0
835,21,N21103001683,235,2.45,0.0,2.45,0.0
835,22,N21103001684,235,3.0,0.0,3.0,0.0
835,23,N21103001685,235,2.0,0.0,2.0,0.0
835,24,N21103001686,235,1.27,0.0,1.27,0.0
835,25,N21103001687,102,2.82,0.0,2.82,0.0
835,26,N21103001688,331,4.52,0.0,4.52,0.0
835,27,N21103001689,331,3.55,0.0,3.55,0.0
835,28,N21103001690,411,0.29,0.0,0.29,0.0
835,29,N21103001691,238,0.43,0.0,0.43,0.0
835,30,N21103001692,238,0.45,0.0,0.45,0.0
835,31,N21103001693,238,0.33,0.0,0.33,0.0
835,32,N21103001694,238,0.38,0.0,0.38,0.0
835,33,N21103001695,101,10.91,0.0,10.91,0.0
835,34,N21103001696,101,7.91,0.0,7.91,0.0
835,35,N21103001697,101,20.41,0.0,20.41,0.0
835,36,N21103001698,101,10.72,0.0,10.72,0.0
835,37,N21103001699,101,16.82,0.0,16.82,0.0
835,38,N21103001700,101,6.11,0.0,6.11,0.0
835,39,N21103001701,101,8.48,0.0,8.48,0.0
835,40,N21103001702,101,11.9,0.0,11.9,0.0
835,41,N21103001703,101,24.25,0.0,24.25,0.0
836,1,N21104000469,119,17.3,0.0,17.3,0.0
837,1,N21104000470,128,4.3,0.0,4.3,0.0
838,1,N21103001704,342,25.96,0.0,25.96,0.0
838,2,N21103001705,342,25.22,0.0,25.22,0.0
838,3,N21103001706,342,24.68,0.0,24.68,0.0
838,4,O21103001707,101,21.73,0.0,21.73,0.0
838,5,O21103001708,101,17.01,0.0,17.01,0.0
838,6,O21103001709,101,10.34,0.0,10.34,0.0
838,7,O21103001710,101,17.41,0.0,17.41,0.0
838,8,O21103001711,101,36.46,0.0,36.46,0.0
838,9,O21103001712,101,31.37,0.0,31.37,0.0
838,10,O21103001713,101,26.86,0.0,26.86,0.0
838,11,O21103001714,102,2.97,0.0,2.97,0.0
838,12,O21103001715,102,6.13,0.0,6.13,0.0
838,13,O21103001716,102,2.97,0.0,2.97,0.0
838,14,O21103001717,102,5.83,0.0,5.83,0.0
838,15,O21103001718,102,3.1,0.0,3.1,0.0
838,16,O21103001719,102,3.13,0.0,3.13,0.0
838,17,O21103001720,102,2.74,0.0,2.74,0.0
838,18,O21103001721,107,2.64,0.0,2.64,0.0
838,19,O21103001722,107,3.1,0.0,3.1,0.0
838,20,O21103001723,107,3.27,0.0,3.27,0.0
838,21,O21103001724,107,2.93,0.0,2.93,0.0
838,22,O21103001725,107,3.13,0.0,3.13,0.0
838,23,O21103001726,107,3.03,0.0,3.03,0.0
838,24,O21103001727,107,2.49,0.0,2.49,0.0
838,25,O21103001728,235,4.57,0.0,4.57,0.0
838,26,O21103001729,235,7.97,0.0,7.97,0.0
838,27,O21103001730,235,6.39,0.0,6.39,0.0
838,28,O21103001731,235,7.6,0.0,7.6,0.0
838,29,O21103001732,235,4.39,0.0,4.39,0.0
838,30,O21103001733,235,4.2,0.0,4.2,0.0
838,31,O21103001734,235,5.94,0.0,5.94,0.0
838,32,O21103001735,235,5.07,0.0,5.07,0.0
838,33,O21103001736,235,5.73,0.0,5.73,0.0
838,34,O21103001737,235,6.55,0.0,6.55,0.0
838,35,O21103001738,235,5.45,0.0,5.45,0.0
838,36,O21103001739,235,3.98,0.0,3.98,0.0
838,37,O21103001740,235,2.63,0.0,2.63,0.0
838,38,O21103001741,235,5.47,0.0,5.47,0.0
838,39,O21103001742,235,5.68,0.0,5.68,0.0
838,40,O21103001743,235,7.11,0.0,7.11,0.0
838,41,O21103001744,235,2.74,0.0,2.74,0.0
838,42,O21103001745,235,2.74,0.0,2.74,0.0
838,43,O21103001746,235,2.84,0.0,2.84,0.0
838,44,O21103001747,235,2.06,0.0,2.06,0.0
838,45,O21103001748,374,1.76,0.0,1.76,0.0
838,46,O21103001749,374,2.87,0.0,2.87,0.0
838,47,O21103001750,114,29.4,0.0,29.4,0.0
838,48,O21103001751,114,18.35,0.0,18.35,0.0
838,49,O21103001752,114,29.23,0.0,29.23,0.0
838,50,O21103001753,114,8.55,0.0,8.55,0.0
838,51,O21103001754,114,19.09,0.0,19.09,0.0
838,52,O21103001755,114,12.29,0.0,12.29,0.0
838,53,O21103001756,114,9.3,0.0,9.3,0.0
838,54,O21103001757,114,9.23,0.0,9.23,0.0
838,55,O21103001854,101,32.95,0.0,32.95,0.0
838,56,O21103001855,112,12.44,0.0,12.44,0.0
838,57,O21103001856,112,12.7,0.0,12.7,0.0
838,58,O21103001857,112,11.42,0.0,11.42,0.0
838,59,O21103001851,118,4.59,0.0,4.59,0.0
838,60,O21103001852,118,3.96,0.0,3.96,0.0
838,61,O21103001853,118,4.97,0.0,4.97,0.0
838,62,O21103001845,235,3.41,0.0,3.41,0.0
838,63,O21103001846,235,3.98,0.0,3.98,0.0
838,64,O21103001847,235,4.03,0.0,4.03,0.0
838,65,O21103001848,235,3.63,0.0,3.63,0.0
838,66,O21103001849,235,1.05,0.0,1.05,0.0
838,67,O21103001850,235,1.81,0.0,1.81,0.0
838,68,O21103001844,112,5.2,0.0,5.2,0.0
838,69,O21103001782,116,3.05,0.0,3.05,0.0
838,70,O21103001783,116,1.76,0.0,1.76,0.0
838,71,O21103001784,116,1.44,0.0,1.44,0.0
838,72,O21103001785,116,3.09,0.0,3.09,0.0
838,73,O21103001786,116,0.95,0.0,0.95,0.0
838,74,O21103001787,116,1.79,0.0,1.79,0.0
838,75,O21103001788,116,8.14,0.0,8.14,0.0
838,76,O21103001789,116,1.67,0.0,1.67,0.0
838,77,O21103001790,116,1.68,0.0,1.68,0.0
838,78,O21103001791,116,1.35,0.0,1.35,0.0
838,79,O21103001792,116,2.32,0.0,2.32,0.0
838,80,O21103001793,116,2.03,0.0,2.03,0.0
838,81,O21103001794,116,1.32,0.0,1.32,0.0
796,1,N21103001595,116,0.82,0.0,0.82,0.0
797,1,N21104000446,120,54.3,0.0,54.3,0.0
798,1,N21103001596,331,3.23,0.0,3.23,0.0
799,1,N21104000447,119,61.32,0.0,61.32,0.0
800,1,N21103001597,103,1.23,0.0,1.23,0.0
801,1,N21103001598,116,0.41,0.0,0.41,0.0
802,1,M21103001568,235,3.82,0.0,3.82,0.0
802,2,M21103001569,235,3.47,0.0,3.47,0.0
802,3,M21103001570,235,10.05,0.0,10.05,0.0
802,4,M21103001571,235,11.28,0.0,11.28,0.0
802,5,M21103001572,235,11.2,0.0,11.2,0.0
802,6,M21103001573,235,3.33,0.0,3.33,0.0
802,7,M21103001574,235,1.92,0.0,1.92,0.0
802,8,M21103001575,235,3.86,0.0,3.86,0.0
802,9,M21103001576,235,4.85,0.0,4.85,0.0
802,10,M21103001577,235,3.63,0.0,3.63,0.0
802,11,M21103001578,235,3.85,0.0,3.85,0.0
802,12,M21103001579,235,4.1,0.0,4.1,0.0
802,13,M21103001580,235,2.7,0.0,2.7,0.0
802,14,M21103001581,235,6.06,0.0,6.06,0.0
802,15,M21103001582,235,2.6,0.0,2.6,0.0
802,16,M21103001583,235,4.68,0.0,4.68,0.0
802,17,M21103001584,235,4.89,0.0,4.89,0.0
802,18,M21103001585,235,3.26,0.0,3.26,0.0
802,19,M21103001586,235,7.38,0.0,7.38,0.0
803,1,N21103001599,103,2.51,0.0,2.51,0.0
838,82,O21103001795,116,1.32,0.0,1.32,0.0
838,83,O21103001796,116,2.89,0.0,2.89,0.0
838,84,O21103001797,116,2.51,0.0,2.51,0.0
838,85,O21103001798,116,1.43,0.0,1.43,0.0
838,86,O21103001799,116,3.25,0.0,3.25,0.0
838,87,O21103001800,116,1.13,0.0,1.13,0.0
838,88,O21103001801,116,4.03,0.0,4.03,0.0
838,89,O21103001802,116,3.67,0.0,3.67,0.0
838,90,O21103001803,116,6.71,0.0,6.71,0.0
838,91,O21103001804,116,1.63,0.0,1.63,0.0
838,92,O21103001805,116,5.07,0.0,5.07,0.0
838,93,O21103001806,116,2.03,0.0,2.03,0.0
838,94,O21103001807,116,7.52,0.0,7.52,0.0
838,95,O21103001808,116,1.28,0.0,1.28,0.0
838,96,O21103001809,116,2.42,0.0,2.42,0.0
838,97,O21103001810,116,3.47,0.0,3.47,0.0
838,98,O21103001811,116,2.63,0.0,2.63,0.0
838,99,O21103001812,116,2.17,0.0,2.17,0.0
838,100,O21103001813,116,0.65,0.0,0.65,0.0
838,101,O21103001814,116,0.85,0.0,0.85,0.0
838,102,O21103001815,116,3.3,0.0,3.3,0.0
838,103,O21103001816,116,2.91,0.0,2.91,0.0
838,104,O21103001817,116,1.58,0.0,1.58,0.0
838,105,O21103001818,116,0.85,0.0,0.85,0.0
838,106,O21103001819,116,2.63,0.0,2.63,0.0
838,107,O21103001820,116,2.25,0.0,2.25,0.0
838,108,O21103001821,116,1.27,0.0,1.27,0.0
838,109,O21103001822,116,4.2,0.0,4.2,0.0
838,110,O21103001823,116,1.92,0.0,1.92,0.0
838,111,O21103001824,116,3.22,0.0,3.22,0.0
838,112,O21103001825,116,1.72,0.0,1.72,0.0
838,113,O21103001826,116,2.68,0.0,2.68,0.0
838,114,O21103001827,116,2.47,0.0,2.47,0.0
838,115,O21103001828,116,1.5,0.0,1.5,0.0
838,116,O21103001829,116,3.39,0.0,3.39,0.0
838,117,O21103001830,116,1.83,0.0,1.83,0.0
838,118,O21103001831,116,1.3,0.0,1.3,0.0
838,119,O21103001832,116,1.25,0.0,1.25,0.0
838,120,O21103001833,116,1.87,0.0,1.87,0.0
838,121,O21103001834,116,2.47,0.0,2.47,0.0
838,122,O21103001835,116,3.23,0.0,3.23,0.0
838,123,O21103001836,116,2.07,0.0,2.07,0.0
838,124,O21103001837,116,1.28,0.0,1.28,0.0
838,125,O21103001838,116,3.23,0.0,3.23,0.0
838,126,O21103001839,116,1.09,0.0,1.09,0.0
838,127,O21103001840,116,1.79,0.0,1.79,0.0
838,128,O21103001841,116,3.34,0.0,3.34,0.0
838,129,O21103001842,116,1.04,0.0,1.04,0.0
838,130,O21103001843,101,33.2,0.0,33.2,0.0
838,131,O21103001758,115,4.34,0.0,4.34,0.0
838,132,O21103001759,115,3.15,0.0,3.15,0.0
838,133,O21103001760,115,4.54,0.0,4.54,0.0
838,134,O21103001761,115,2.28,0.0,2.28,0.0
838,135,O21103001762,115,1.29,0.0,1.29,0.0
838,136,O21103001763,115,5.2,0.0,5.2,0.0
838,137,O21103001764,115,2.93,0.0,2.93,0.0
838,138,O21103001765,115,1.84,0.0,1.84,0.0
838,139,O21103001766,115,2.25,0.0,2.25,0.0
838,140,O21103001767,115,1.89,0.0,1.89,0.0
838,141,O21103001768,115,3.15,0.0,3.15,0.0
838,142,O21103001769,115,1.31,0.0,1.31,0.0
838,143,O21103001770,115,1.6,0.0,1.6,0.0
838,144,O21103001771,115,2.45,0.0,2.45,0.0
838,145,O21103001772,115,2.45,0.0,2.45,0.0
838,146,O21103001773,115,1.07,0.0,1.07,0.0
838,147,O21103001774,115,3.88,0.0,3.88,0.0
838,148,O21103001775,115,0.94,0.0,0.94,0.0
838,149,O21103001776,115,3.35,0.0,3.35,0.0
838,150,O21103001777,115,1.1,0.0,1.1,0.0
838,151,O21103001778,115,3.34,0.0,3.34,0.0
838,152,O21103001779,115,0.95,0.0,0.95,0.0
838,153,O21103001780,115,2.54,0.0,2.54,0.0
838,154,O21103001781,115,1.07,0.0,1.07,0.0
839,1,O21103001858,107,5.63,0.0,5.63,0.0
839,2,O21103001859,107,12.3,0.0,12.3,0.0
839,3,O21103001860,107,3.13,0.0,3.13,0.0
839,4,O21103001861,107,2.34,0.0,2.34,0.0
839,5,O21103001862,107,8.47,0.0,8.47,0.0
839,6,O21103001863,107,3.41,0.0,3.41,0.0
839,7,O21103001864,107,4.59,0.0,4.59,0.0
833,1,N21104000467,119,16.3,0.0,16.3,0.0
834,1,N21104000468,119,14.3,0.0,14.3,0.0
840,1,O21104000471,119,56.3,0.0,56.3,0.0
841,1,O21103001867,406,0.42,0.0,0.42,0.0
842,1,O21104000472,119,52.3,0.0,52.3,0.0
843,1,O21104000473,127,10.0,0.0,10.0,0.0
844,1,O21104000474,127,20.0,0.0,20.0,0.0
845,1,O21104000475,127,20.0,0.0,20.0,0.0
846,1,O21104000476,127,10.0,0.0,10.0,0.0
847,1,O21104000477,119,175.5,0.0,175.5,0.0
848,1,O21104000478,127,5.0,0.0,5.0,0.0
849,1,O21104000479,127,10.0,0.0,10.0,0.0
850,1,O21104000480,127,10.0,0.0,10.0,0.0
851,1,O21104000481,127,10.0,0.0,10.0,0.0
852,1,O21104000482,127,20.0,0.0,20.0,0.0
853,1,O21104000483,127,10.0,0.0,10.0,0.0
854,1,O21104000484,127,20.0,0.0,20.0,0.0
855,1,O21103001868,102,1.9,0.0,1.9,0.0
856,1,O21104000485,127,15.0,0.0,15.0,0.0
857,1,O21104000486,119,22.3,0.0,22.3,0.0
858,1,O21104000487,127,10.0,0.0,10.0,0.0
859,1,O21104000488,127,10.0,0.0,10.0,0.0
860,1,O21104000489,119,18.3,0.0,18.3,0.0
861,1,O21104000490,119,22.36,0.0,22.36,0.0
862,1,O21103001869,102,1.8,0.0,1.8,0.0
863,1,O21103001870,103,2.69,0.0,2.69,0.0
864,1,O21104000491,119,35.9,0.0,35.9,0.0
865,1,O21104000492,131,52.3,0.0,52.3,0.0
866,1,O21104000493,119,18.3,0.0,18.3,0.0
867,1,O21103001871,103,1.71,0.0,1.71,0.0
868,1,O21104000494,127,20.0,0.0,20.0,0.0
869,1,O21104000495,127,20.0,0.0,20.0,0.0
870,1,O21104000496,119,22.36,0.0,22.36,0.0
871,1,O21104000497,127,20.0,0.0,20.0,0.0
872,1,O21104000498,119,21.0,0.0,21.0,0.0
873,1,O21104000499,119,85.3,0.0,85.3,0.0
874,1,O21104000500,127,10.0,0.0,10.0,0.0
875,1,O21103001872,239,0.56,0.0,0.56,0.0
889,1,O21104000513,128,2.0,0.0,2.0,0.0
890,1,O21104000514,119,56.3,0.0,56.3,0.0
891,1,O21103001874,115,3.3,0.0,3.3,0.0
892,1,O21104000515,119,55.3,0.0,55.3,0.0
893,1,O21103001875,112,6.33,0.0,6.33,0.0
894,1,O21103001876,110,2.43,0.0,2.43,0.0
895,1,P21103001877,116,1.95,0.0,1.95,0.0
896,1,P21103001878,109,1.6,0.0,1.6,0.0
908,1,P21103001883,113,1.75,0.0,1.75,0.0
909,1,P21104000523,351,7.5,0.0,7.5,0.0
910,1,P21104000524,119,56.32,0.0,56.32,0.0
911,1,P21103001884,116,0.56,0.0,0.56,0.0
912,1,P21104000525,119,89.3,0.0,89.3,0.0
913,1,P21104000526,139,125.3,0.0,125.3,0.0
914,1,P21104000527,134,15.6,0.0,15.6,0.0
915,1,P21104000528,119,69.89,0.0,69.89,0.0
916,1,P21104000529,126,185.3,0.0,185.3,0.0
917,1,P21104000530,139,253.3,0.0,253.3,0.0
918,1,E22104000531,119,36.36,0.0,36.36,0.0
919,1,E22103001885,112,8.06,0.0,8.06,0.0
920,1,E22104000532,119,112.23,0.0,112.23,0.0
921,1,E22103001886,108,2.32,0.0,2.32,0.0
922,1,E22103001887,107,2.39,0.0,2.39,0.0
923,1,E22104000533,131,56.32,0.0,56.32,0.0
924,1,E22104000534,351,19.23,0.0,19.23,0.0
925,1,E22103001888,116,0.57,0.0,0.57,0.0
926,1,E22104000535,119,35.63,0.0,35.63,0.0
927,1,E22103001889,116,0.58,0.0,0.58,0.0
928,1,E22104000536,136,20.0,0.0,20.0,0.0
929,1,E22104000537,132,3.0,0.0,3.0,0.0
930,1,E22103001890,116,0.49,0.0,0.49,0.0
931,1,E22104000538,119,25.3,0.0,25.3,0.0
934,1,E22104000539,119,56.9,0.0,56.9,0.0
935,1,E22107000003,273,1.0,0.03,0.994,8499.0
935,2,E22107000004,273,1.05,0.03,1.044,8499.0
935,3,E22107000005,273,1.04,0.03,1.034,8499.0
935,4,E22107000006,273,1.06,0.03,1.054,8499.0
935,5,E22107000007,273,1.9,0.1,1.88,15500.0
935,6,E22107000008,273,2.0,0.13,1.974,15500.0
935,7,E22107000009,273,1.94,0.11,1.918,15500.0
935,8,E22107000010,273,1.92,0.1,1.9,15500.0
935,9,E22107000011,273,1.04,0.03,1.034,8499.0
935,10,E22107000012,273,1.03,0.03,1.024,8499.0
935,11,E22107000013,273,1.52,0.05,1.51,15500.0
935,12,E22107000014,273,1.01,0.03,1.004,8499.0
935,13,E22107000015,273,1.03,0.03,1.024,8499.0
935,14,E22107000016,273,1.0,0.3,0.94,8499.0
935,15,E22107000017,273,1.03,0.04,1.022,8499.0
936,1,E22107000018,273,1.93,0.1,1.91,15500.0
936,2,E22107000019,273,1.95,0.11,1.928,15500.0
936,3,E22107000020,273,1.94,0.11,1.918,15500.0
936,4,E22107000021,273,1.96,0.11,1.938,15500.0
936,5,E22107000022,273,2.31,0.12,2.286,15500.0
936,6,E22107000023,273,1.94,0.11,1.918,15500.0
936,7,E22107000024,273,1.92,0.11,1.898,15500.0
936,8,E22107000025,273,1.97,0.11,1.948,15500.0
936,9,E22107000026,273,1.99,0.1,1.97,15500.0
936,10,E22107000027,273,1.93,0.11,1.908,15500.0
936,11,E22107000028,273,1.94,0.1,1.92,15500.0
936,12,E22107000029,273,1.94,0.11,1.918,15500.0
936,13,E22107000030,273,1.02,0.03,1.014,8499.0
936,14,E22107000031,273,1.0,0.03,0.994,8499.0
936,15,E22107000032,273,1.05,0.03,1.044,8499.0
936,16,E22107000033,273,1.03,0.03,1.024,8499.0
937,1,E22107000034,273,1.93,0.11,1.908,15500.0
941,1,E22103001892,169,0.38,0.0,0.38,0.0
942,1,E22104000542,123,26.0,0.0,26.0,0.0
974,1,F22103001903,102,1.65,0.0,1.65,0.0
839,8,O21103001865,241,8.75,0.0,8.75,0.0
839,9,O21103001866,241,8.35,0.0,8.35,0.0
975,1,F22103001904,404,1.11,0.0,1.11,0.0
976,1,F22103001905,404,1.2,0.0,1.2,0.0
985,1,G22103001907,110,1.18,0.0,1.18,0.0
986,1,G22103001908,113,5.6,0.0,5.6,0.0
987,1,G22104000570,351,6.2,0.0,6.2,0.0
988,1,G22103001909,113,4.9,0.0,4.9,0.0
989,1,G22104000571,119,45.6,0.0,45.6,0.0
990,1,G22104000572,119,18.3,0.0,18.3,0.0
991,1,G22104000573,346,16.3,0.0,16.3,0.0
992,1,G22104000574,119,32.3,0.0,32.3,0.0
993,1,G22103001910,113,6.9,0.0,6.9,0.0
994,1,G22104000575,151,8.5,0.0,8.5,0.0
995,1,G22103001911,327,8.27,0.0,8.27,0.0
996,1,G22104000576,119,35.3,0.0,35.3,0.0
997,1,G22103001912,327,9.65,0.0,9.65,0.0
998,1,G22104000577,119,25.63,0.0,25.63,0.0
999,1,G22104000578,128,3.6,0.0,3.6,0.0
1000,1,G22103001913,102,5.63,0.0,5.63,0.0
1001,1,G22103001914,115,0.4,0.0,0.4,0.0
1002,1,G22103001915,102,3.23,0.0,3.23,0.0
1003,1,G22104000579,128,5.6,0.0,5.6,0.0
1004,1,G22104000580,119,45.36,0.0,45.36,0.0
1005,1,G22104000581,120,12.3,0.0,12.3,0.0
1010,1,H22104000584,125,45.0,0.0,45.0,0.0
1011,1,H22104000585,151,13.52,0.0,13.52,0.0
1012,1,H22104000586,119,65.0,0.0,65.0,0.0
1013,1,H22104000587,119,45.0,0.0,45.0,0.0
1014,1,H22103001918,112,2.36,0.0,2.36,0.0
1015,1,H22103001919,169,0.75,0.0,0.75,0.0
1016,1,H22104000588,127,5.0,0.0,5.0,0.0
1017,1,H22104000589,119,26.1,0.0,26.1,0.0
1018,1,H22104000590,289,31.2,0.0,31.2,0.0
1019,1,H22104000591,120,10.3,0.0,10.3,0.0
1020,1,H22103001920,102,2.1,0.0,2.1,0.0
1021,1,H22104000592,119,15.32,0.0,15.32,0.0
1022,1,H22104000593,119,56.32,0.0,56.32,0.0
1023,1,H22104000594,122,23.32,0.0,23.32,0.0
1024,1,H22104000595,119,32.63,0.0,32.63,0.0
1025,1,H22103001921,105,3.33,0.0,3.33,0.0
1026,1,H22104000596,119,68.2,0.0,68.2,0.0
1027,1,H22104000597,120,15.2,0.0,15.2,0.0
1028,1,H22104000598,119,56.32,0.0,56.32,0.0
1029,1,H22107000067,271,0.26,0.03,0.254,5500.0
1029,2,H22107000068,271,0.26,0.03,0.254,5500.0
1034,1,H22103001924,110,3.98,0.0,3.98,0.0
1035,1,H22103001925,103,2.01,0.0,2.01,0.0
1036,1,H22103001926,110,1.04,0.0,1.04,0.0
1037,1,H22103001927,103,3.1,0.0,3.1,0.0
1044,1,I22103001931,102,7.95,0.0,7.95,0.0
1044,2,I22103001932,102,5.48,0.0,5.48,0.0
1044,3,I22103001933,102,4.62,0.0,4.62,0.0
1044,4,I22103001934,102,4.21,0.0,4.21,0.0
1044,5,I22103001935,102,5.35,0.0,5.35,0.0
1044,6,I22103001936,331,1.19,0.0,1.19,0.0
1044,7,I22103001937,331,6.31,0.0,6.31,0.0
1044,8,I22103001938,331,6.56,0.0,6.56,0.0
1044,9,I22103001939,331,5.36,0.0,5.36,0.0
1044,10,I22103001940,331,2.58,0.0,2.58,0.0
1044,11,I22103001941,331,2.47,0.0,2.47,0.0
1044,12,I22103001942,331,1.19,0.0,1.19,0.0
1044,13,I22103001943,331,5.16,0.0,5.16,0.0
1044,14,I22103001944,331,2.67,0.0,2.67,0.0
1044,15,I22103001945,331,3.41,0.0,3.41,0.0
1044,16,I22103001946,374,3.78,0.0,3.78,0.0
1044,17,I22103001947,374,3.76,0.0,3.76,0.0
1044,18,I22103001948,374,3.63,0.0,3.63,0.0
1044,19,I22103001949,374,3.95,0.0,3.95,0.0
1044,20,I22103001950,235,4.19,0.0,4.19,0.0
1044,21,I22103001951,235,6.57,0.0,6.57,0.0
1044,22,I22103001952,235,5.48,0.0,5.48,0.0
1044,23,I22103001953,235,5.01,0.0,5.01,0.0
1044,24,I22103001954,235,4.86,0.0,4.86,0.0
1044,25,I22103001955,235,5.51,0.0,5.51,0.0
1044,26,I22103001956,235,11.27,0.0,11.27,0.0
1044,27,I22103001957,411,0.51,0.0,0.51,0.0
1044,28,I22103001958,411,0.36,0.0,0.36,0.0
1044,29,I22103001959,411,0.51,0.0,0.51,0.0
1044,30,I22103001960,411,0.37,0.0,0.37,0.0
1044,31,I22103001961,411,0.39,0.0,0.39,0.0
1044,32,I22103001962,411,0.51,0.0,0.51,0.0
1044,33,I22103001963,331,0.9,0.0,0.9,0.0
1044,34,I22103001964,331,1.12,0.0,1.12,0.0
1044,35,I22103001965,331,3.19,0.0,3.19,0.0
1044,36,I22103001966,331,1.07,0.0,1.07,0.0
1044,37,I22103001967,331,0.81,0.0,0.81,0.0
1044,38,I22103001968,331,1.19,0.0,1.19,0.0
1044,39,I22103001969,331,0.83,0.0,0.83,0.0
1044,40,I22103001970,331,3.38,0.0,3.38,0.0
1044,41,I22103001971,331,1.09,0.0,1.09,0.0
1044,42,I22103001972,331,2.31,0.0,2.31,0.0
1044,43,I22103001973,102,4.23,0.0,4.23,0.0
1044,44,I22103001974,102,4.85,0.0,4.85,0.0
1044,45,I22103001975,102,3.4,0.0,3.4,0.0
1044,46,I22103001976,102,1.2,0.0,1.2,0.0
1044,47,I22103001977,102,1.72,0.0,1.72,0.0
1044,48,I22103001978,102,3.85,0.0,3.85,0.0
1044,49,I22103001979,102,1.21,0.0,1.21,0.0
1044,50,I22103001980,102,1.2,0.0,1.2,0.0
1044,51,I22103001981,331,1.32,0.0,1.32,0.0
1044,52,I22103001982,331,1.44,0.0,1.44,0.0
1044,53,I22103001983,331,3.43,0.0,3.43,0.0
1044,54,I22103001984,331,1.99,0.0,1.99,0.0
1044,55,I22103001985,331,2.69,0.0,2.69,0.0
1044,56,I22103001986,331,2.24,0.0,2.24,0.0
876,1,O21104000501,127,7.0,0.0,7.0,0.0
877,1,O21104000502,127,10.0,0.0,10.0,0.0
878,1,O21104000503,119,20.0,0.0,20.0,0.0
879,1,O21104000504,119,65.3,0.0,65.3,0.0
880,1,O21103001873,113,5.38,0.0,5.38,0.0
881,1,O21104000505,127,20.0,0.0,20.0,0.0
882,1,O21104000506,119,15.36,0.0,15.36,0.0
883,1,O21104000507,119,42.3,0.0,42.3,0.0
884,1,O21104000508,119,50.01,0.0,50.01,0.0
885,1,O21104000509,119,69.96,0.0,69.96,0.0
886,1,O21104000510,119,16.3,0.0,16.3,0.0
887,1,O21104000511,120,6.3,0.0,6.3,0.0
888,1,O21104000512,440,6.0,0.0,6.0,0.0
977,1,F22104000563,119,56.32,0.0,56.32,0.0
978,1,F22104000564,351,4.63,0.0,4.63,0.0
979,1,G22104000565,119,56.3,0.0,56.3,0.0
980,1,G22104000566,122,15.3,0.0,15.3,0.0
981,1,G22103001906,103,2.29,0.0,2.29,0.0
982,1,G22104000567,119,55.03,0.0,55.03,0.0
983,1,G22104000568,119,65.0,0.0,65.0,0.0
984,1,G22104000569,119,18.61,0.0,18.61,0.0
1044,57,I22103001987,331,2.51,0.0,2.51,0.0
1044,58,I22103001988,331,2.45,0.0,2.45,0.0
1044,59,I22103001989,331,1.26,0.0,1.26,0.0
1044,60,I22103001990,331,2.55,0.0,2.55,0.0
1044,61,I22103001991,331,2.35,0.0,2.35,0.0
1044,62,I22103001992,331,3.18,0.0,3.18,0.0
1044,63,I22103001993,331,1.69,0.0,1.69,0.0
1044,64,I22103001994,331,2.99,0.0,2.99,0.0
1044,65,I22103001995,331,2.97,0.0,2.97,0.0
1044,66,I22103001996,331,1.69,0.0,1.69,0.0
1044,67,I22103001997,331,2.57,0.0,2.57,0.0
1044,68,I22103001998,331,3.65,0.0,3.65,0.0
1044,69,I22103001999,331,3.05,0.0,3.05,0.0
1044,70,I22103002000,331,2.4,0.0,2.4,0.0
1044,71,I22103002001,331,1.57,0.0,1.57,0.0
1044,72,I22103002002,102,5.45,0.0,5.45,0.0
1044,73,I22103002003,102,5.93,0.0,5.93,0.0
1044,74,I22103002004,102,4.83,0.0,4.83,0.0
1044,75,I22103002005,102,1.96,0.0,1.96,0.0
1044,76,I22103002006,102,4.51,0.0,4.51,0.0
1044,77,I22103002007,102,6.88,0.0,6.88,0.0
1044,78,I22103002008,102,5.17,0.0,5.17,0.0
1044,79,I22103002018,112,11.95,0.0,11.95,0.0
1044,80,I22103002009,112,30.6,0.0,30.6,0.0
1044,81,I22103002010,112,7.32,0.0,7.32,0.0
1044,82,I22103002011,112,7.09,0.0,7.09,0.0
1044,83,I22103002012,112,4.48,0.0,4.48,0.0
1044,84,I22103002013,338,6.63,0.0,6.63,0.0
1044,85,I22103002014,338,3.98,0.0,3.98,0.0
1044,86,I22103002015,338,3.63,0.0,3.63,0.0
1044,87,I22103002016,338,5.35,0.0,5.35,0.0
1044,88,I22103002017,338,1.79,0.0,1.79,0.0
1044,89,I22103002066,101,21.79,0.0,21.79,0.0
1044,90,I22103002067,101,10.85,0.0,10.85,0.0
1044,91,I22103002068,101,19.57,0.0,19.57,0.0
1044,92,I22103002069,101,14.63,0.0,14.63,0.0
1044,93,I22103002070,101,14.58,0.0,14.58,0.0
1044,94,I22103002071,101,13.21,0.0,13.21,0.0
1044,95,I22103002072,101,14.23,0.0,14.23,0.0
1044,96,I22103002073,101,12.11,0.0,12.11,0.0
1044,97,I22103002074,101,12.68,0.0,12.68,0.0
1044,98,I22103002075,101,8.46,0.0,8.46,0.0
1044,99,I22103002076,101,15.63,0.0,15.63,0.0
1044,100,I22103002077,101,26.61,0.0,26.61,0.0
1044,101,I22103002078,101,15.47,0.0,15.47,0.0
1044,102,I22103002079,101,10.73,0.0,10.73,0.0
1044,103,I22103002080,101,12.52,0.0,12.52,0.0
1044,104,I22103002047,107,10.27,0.0,10.27,0.0
1044,105,I22103002048,107,4.95,0.0,4.95,0.0
1044,106,I22103002049,107,8.85,0.0,8.85,0.0
1044,107,I22103002050,107,4.05,0.0,4.05,0.0
1044,108,I22103002051,107,2.67,0.0,2.67,0.0
1044,109,I22103002052,107,2.56,0.0,2.56,0.0
1044,110,I22103002053,107,4.89,0.0,4.89,0.0
1044,111,I22103002054,107,3.05,0.0,3.05,0.0
1044,112,I22103002055,107,3.42,0.0,3.42,0.0
1044,113,I22103002056,107,4.25,0.0,4.25,0.0
1044,114,I22103002057,107,2.94,0.0,2.94,0.0
1044,115,I22103002058,107,7.32,0.0,7.32,0.0
1044,116,I22103002059,107,4.67,0.0,4.67,0.0
1044,117,I22103002060,107,5.33,0.0,5.33,0.0
1044,118,I22103002061,107,6.93,0.0,6.93,0.0
1044,119,I22103002062,107,2.75,0.0,2.75,0.0
1044,120,I22103002063,107,3.05,0.0,3.05,0.0
1044,121,I22103002064,114,12.99,0.0,12.99,0.0
1044,122,I22103002065,114,10.88,0.0,10.88,0.0
1044,123,I22103002025,374,3.79,0.0,3.79,0.0
1044,124,I22103002026,374,3.87,0.0,3.87,0.0
1044,125,I22103002027,374,2.64,0.0,2.64,0.0
1044,126,I22103002028,374,2.59,0.0,2.59,0.0
1044,127,I22103002029,374,2.17,0.0,2.17,0.0
1044,128,I22103002030,374,1.92,0.0,1.92,0.0
1044,129,I22103002031,374,1.64,0.0,1.64,0.0
1044,130,I22103002032,374,1.73,0.0,1.73,0.0
1044,131,I22103002033,374,2.35,0.0,2.35,0.0
1044,132,I22103002034,374,1.8,0.0,1.8,0.0
1044,133,I22103002035,374,2.97,0.0,2.97,0.0
1044,134,I22103002036,374,2.25,0.0,2.25,0.0
1044,135,I22103002037,374,1.95,0.0,1.95,0.0
1044,136,I22103002038,374,3.53,0.0,3.53,0.0
1044,137,I22103002039,374,3.79,0.0,3.79,0.0
1044,138,I22103002040,374,2.34,0.0,2.34,0.0
1044,139,I22103002041,374,2.58,0.0,2.58,0.0
1044,140,I22103002042,374,1.79,0.0,1.79,0.0
1044,141,I22103002043,374,1.88,0.0,1.88,0.0
897,1,P21104000516,119,63.32,0.0,63.32,0.0
898,1,P21104000517,119,56.32,0.0,56.32,0.0
899,1,P21104000518,124,23.0,0.0,23.0,0.0
900,1,P21103001879,113,4.9,0.0,4.9,0.0
901,1,P21103001880,102,2.17,0.0,2.17,0.0
902,1,P21103001881,102,1.78,0.0,1.78,0.0
903,1,P21104000519,119,20.5,0.0,20.5,0.0
904,1,P21104000520,119,19.6,0.0,19.6,0.0
905,1,P21104000521,119,85.63,0.0,85.63,0.0
906,1,P21103001882,110,9.05,0.0,9.05,0.0
907,1,P21104000522,119,36.3,0.0,36.3,0.0
1044,142,I22103002044,235,5.34,0.0,5.34,0.0
1044,143,I22103002045,235,3.57,0.0,3.57,0.0
1044,144,I22103002046,235,2.98,0.0,2.98,0.0
1044,145,I22103002020,327,11.67,0.0,11.67,0.0
1044,146,I22103002021,327,12.04,0.0,12.04,0.0
1044,147,I22103002022,327,7.01,0.0,7.01,0.0
1044,148,I22103002023,327,5.37,0.0,5.37,0.0
1044,149,I22103002024,327,7.8,0.0,7.8,0.0
1044,150,I22103002019,112,12.23,0.0,12.23,0.0
1060,1,I22104000614,139,356.3,0.0,356.3,0.0
1061,1,I22103002104,102,4.56,0.0,4.56,0.0
1062,1,I22104000615,132,15.3,0.0,15.3,0.0
1063,1,I22104000616,123,15.3,0.0,15.3,0.0
1064,1,I22104000617,119,15.63,0.0,15.63,0.0
1065,1,I22103002105,113,5.32,0.0,5.32,0.0
1066,1,I22104000618,119,56.32,0.0,56.32,0.0
1067,1,I22103002106,102,2.95,0.0,2.95,0.0
1068,1,I22104000619,122,25.36,0.0,25.36,0.0
1069,1,I22104000620,119,159.63,0.0,159.63,0.0
1070,1,I22104000621,119,78.63,0.0,78.63,0.0
1071,1,I22103002107,331,4.43,0.0,4.43,0.0
1072,1,I22103002108,331,2.37,0.0,2.37,0.0
1073,1,I22103002109,102,7.58,0.0,7.58,0.0
1074,1,J22104000622,119,18.93,0.0,18.93,0.0
1075,1,J22104000623,119,39.35,0.0,39.35,0.0
1076,1,J22104000624,119,19.85,0.0,19.85,0.0
1077,1,J22104000625,120,15.32,0.0,15.32,0.0
1078,1,J22104000626,127,10.0,0.0,10.0,0.0
1079,1,J22103002110,101,12.2,0.0,12.2,0.0
1081,1,J22103002160,102,2.42,0.0,2.42,0.0
1081,2,J22103002161,102,3.91,0.0,3.91,0.0
1093,1,J22103002197,110,10.77,0.0,10.77,0.0
1093,2,J22103002198,110,10.93,0.0,10.93,0.0
1093,3,J22103002199,110,5.79,0.0,5.79,0.0
1093,4,J22103002200,110,7.68,0.0,7.68,0.0
1093,5,J22103002201,110,7.31,0.0,7.31,0.0
1093,6,J22103002202,110,7.21,0.0,7.21,0.0
1093,7,J22103002203,110,4.97,0.0,4.97,0.0
1093,8,J22103002204,110,3.51,0.0,3.51,0.0
1093,9,J22103002205,110,7.58,0.0,7.58,0.0
1093,10,J22103002206,110,7.38,0.0,7.38,0.0
1093,11,J22103002207,110,6.51,0.0,6.51,0.0
1093,12,J22103002208,110,10.3,0.0,10.3,0.0
1093,13,J22103002209,110,4.97,0.0,4.97,0.0
1093,14,J22103002210,116,0.57,0.0,0.57,0.0
1093,15,J22103002211,116,0.7,0.0,0.7,0.0
1093,16,J22103002212,116,0.61,0.0,0.61,0.0
1093,17,J22103002213,116,0.82,0.0,0.82,0.0
1093,18,J22103002214,116,1.47,0.0,1.47,0.0
1093,19,J22103002215,116,1.2,0.0,1.2,0.0
1093,20,J22103002216,116,0.91,0.0,0.91,0.0
1093,21,J22103002217,116,0.51,0.0,0.51,0.0
1093,22,J22103002218,116,0.76,0.0,0.76,0.0
1093,23,J22103002219,116,1.15,0.0,1.15,0.0
1093,24,J22103002220,116,1.45,0.0,1.45,0.0
1093,25,J22103002221,116,1.23,0.0,1.23,0.0
1093,26,J22103002222,116,0.57,0.0,0.57,0.0
1093,27,J22103002223,116,0.76,0.0,0.76,0.0
1093,28,J22103002224,116,1.31,0.0,1.31,0.0
1093,29,J22103002225,116,0.69,0.0,0.69,0.0
1093,30,J22103002226,116,0.69,0.0,0.69,0.0
1093,31,J22103002227,116,1.48,0.0,1.48,0.0
1093,32,J22103002228,116,1.22,0.0,1.22,0.0
1093,33,J22103002229,116,0.63,0.0,0.63,0.0
1093,34,J22103002230,116,1.59,0.0,1.59,0.0
1093,35,J22103002231,116,0.58,0.0,0.58,0.0
1093,36,J22103002232,116,0.39,0.0,0.39,0.0
1093,37,J22103002233,116,0.83,0.0,0.83,0.0
1093,38,J22103002234,116,0.92,0.0,0.92,0.0
1093,39,J22103002235,116,0.69,0.0,0.69,0.0
1093,40,J22103002236,116,0.87,0.0,0.87,0.0
1093,41,J22103002237,116,1.12,0.0,1.12,0.0
1093,42,J22103002238,116,1.02,0.0,1.02,0.0
1093,43,J22103002239,116,1.59,0.0,1.59,0.0
1093,44,J22103002240,116,0.99,0.0,0.99,0.0
1093,45,J22103002241,116,0.63,0.0,0.63,0.0
1094,1,J22103002242,169,0.11,0.0,0.11,0.0
1096,1,J22104000635,123,18.32,0.0,18.32,0.0
1097,1,J22104000636,128,15.3,0.0,15.3,0.0
1100,1,K22103002244,113,4.29,0.0,4.29,0.0
1101,1,K22104000639,119,52.32,0.0,52.32,0.0
1102,1,K22104000640,119,85.01,0.0,85.01,0.0
1103,1,K22104000641,119,25.3,0.0,25.3,0.0
1104,1,K22104000642,119,23.6,0.0,23.6,0.0
1105,1,K22104000643,119,23.56,0.0,23.56,0.0
1106,1,K22104000644,128,2.3,0.0,2.3,0.0
1107,1,K22104000645,119,66.86,0.0,66.86,0.0
1108,1,K22104000646,128,5.0,0.0,5.0,0.0
1109,1,K22104000647,119,25.63,0.0,25.63,0.0
1110,1,K22104000648,119,52.32,0.0,52.32,0.0
1111,1,K22104000649,119,63.2,0.0,63.2,0.0
1112,1,K22104000650,119,45.63,0.0,45.63,0.0
1113,1,K22104000651,119,85.63,0.0,85.63,0.0
1114,1,L22104000652,123,8.02,0.0,8.02,0.0
1115,1,L22104000653,128,3.6,0.0,3.6,0.0
938,1,E22103001891,113,1.63,0.0,1.63,0.0
939,1,E22104000540,119,85.63,0.0,85.63,0.0
940,1,E22104000541,119,89.35,0.0,89.35,0.0
943,1,E22103001893,110,3.21,0.0,3.21,0.0
944,1,E22104000543,119,45.3,0.0,45.3,0.0
945,1,E22104000544,119,25.3,0.0,25.3,0.0
946,1,E22104000545,119,12.3,0.0,12.3,0.0
947,1,E22104000546,119,60.6,0.0,60.6,0.0
948,1,E22104000547,367,5.3,0.0,5.3,0.0
949,1,E22103001894,101,33.98,0.0,33.98,0.0
950,1,E22103001895,115,0.56,0.0,0.56,0.0
951,1,E22104000548,119,30.8,0.0,30.8,0.0
952,1,F22107000035,272,1.57,0.1,1.55,15999.0
952,2,F22107000036,272,1.05,0.03,1.044,8999.0
952,3,F22107000037,272,1.04,0.03,1.034,8999.0
952,4,F22107000038,272,1.13,0.03,1.124,8999.0
952,5,F22107000039,272,1.03,0.03,1.024,8999.0
952,6,F22107000040,272,1.0,0.03,0.994,8999.0
952,7,F22107000041,272,1.03,0.03,1.024,8999.0
952,8,F22107000042,272,1.02,0.03,1.014,8999.0
952,9,F22107000043,272,1.18,0.03,1.174,8999.0
952,10,F22107000044,272,1.28,0.03,1.274,8999.0
952,11,F22107000045,272,1.03,0.03,1.024,8999.0
952,12,F22107000046,272,1.01,0.03,1.004,8999.0
952,13,F22107000047,272,1.03,0.03,1.024,8999.0
952,14,F22107000048,272,1.11,0.03,1.104,8999.0
952,15,F22107000049,272,1.02,0.03,1.014,8999.0
952,16,F22107000050,272,1.93,0.01,1.928,15999.0
952,17,F22107000051,427,1.04,3.0,0.44,8999.0
952,18,F22107000052,427,1.23,0.03,1.224,8999.0
952,19,F22107000053,427,1.04,0.03,1.034,8999.0
952,20,F22107000054,427,1.05,0.03,1.044,8999.0
952,21,F22107000055,427,1.02,0.03,1.014,8999.0
952,22,F22107000056,427,1.02,0.03,1.014,8999.0
952,23,F22107000057,427,1.34,0.03,1.334,8999.0
952,24,F22107000058,427,1.04,0.03,1.034,8999.0
952,25,F22107000059,427,1.03,0.03,1.024,8999.0
952,26,F22107000060,427,1.1,0.03,1.094,8999.0
952,27,F22107000061,427,1.19,0.03,1.184,8999.0
952,28,F22107000062,427,1.06,0.03,1.054,8999.0
952,29,F22107000063,275,1.94,0.1,1.92,16999.0
952,30,F22107000064,275,1.95,0.1,1.93,16999.0
952,31,F22107000065,275,1.91,0.1,1.89,16999.0
952,32,F22107000066,272,1.9,0.1,1.88,15999.0
953,1,F22104000549,139,167.7,0.0,167.7,0.0
954,1,F22104000550,119,56.3,0.0,56.3,0.0
955,1,F22104000551,138,28.75,0.0,28.75,0.0
956,1,F22103001896,238,0.37,0.0,0.37,0.0
957,1,F22104000552,119,22.1,0.0,22.1,0.0
958,1,F22104000553,353,41.34,0.0,41.34,0.0
959,1,F22103001897,235,4.59,0.0,4.59,0.0
960,1,F22104000554,119,35.2,0.0,35.2,0.0
961,1,F22104000555,119,125.3,0.0,125.3,0.0
962,1,F22104000556,119,15.32,0.0,15.32,0.0
963,1,F22103001898,102,1.98,0.0,1.98,0.0
964,1,F22104000557,119,55.36,0.0,55.36,0.0
965,1,F22103001899,331,2.48,0.0,2.48,0.0
966,1,F22104000558,131,158.3,0.0,158.3,0.0
967,1,F22104000559,440,6.3,0.0,6.3,0.0
968,1,F22104000560,119,19.5,0.0,19.5,0.0
969,1,F22104000561,351,5.9,0.0,5.9,0.0
970,1,F22103001900,113,3.78,0.0,3.78,0.0
971,1,F22103001901,112,10.38,0.0,10.38,0.0
972,1,F22103001902,110,4.25,0.0,4.25,0.0
973,1,F22104000562,119,36.1,0.0,36.1,0.0
1116,1,L22104000654,119,85.36,0.0,85.36,0.0
1118,1,L22104000656,119,18.5,0.0,18.5,0.0
1119,1,L22104000657,119,25.3,0.0,25.3,0.0
1120,1,L22104000658,119,65.3,0.0,65.3,0.0
1121,1,L22104000659,119,25.3,0.0,25.3,0.0
1122,1,L22103002245,112,12.67,0.0,12.67,0.0
1123,1,L22103002246,103,3.79,0.0,3.79,0.0
1124,1,L22104000660,127,10.0,0.0,10.0,0.0
1125,1,L22104000661,119,63.2,0.0,63.2,0.0
1126,1,L22103002247,112,16.32,0.0,16.32,0.0
1127,1,L22104000662,128,3.2,0.0,3.2,0.0
1128,1,L22104000663,119,65.32,0.0,65.32,0.0
1129,1,L22104000664,119,65.3,0.0,65.3,0.0
1130,1,L22103002248,113,6.08,0.0,6.08,0.0
1131,1,L22104000665,316,8.8,0.0,8.8,0.0
1132,1,L22104000666,119,98.63,0.0,98.63,0.0
1133,1,L22104000667,119,12.6,0.0,12.6,0.0
1134,1,L22104000668,120,16.86,0.0,16.86,0.0
1135,1,L22104000669,122,28.0,0.0,28.0,0.0
1136,1,L22104000670,119,23.3,0.0,23.3,0.0
1137,1,L22103002249,103,5.56,0.0,5.56,0.0
1138,1,L22104000671,119,36.3,0.0,36.3,0.0
1139,1,L22104000672,119,56.3,0.0,56.3,0.0
1140,1,L22104000673,123,16.3,0.0,16.3,0.0
1141,1,L22104000674,124,56.3,0.0,56.3,0.0
1142,1,L22104000675,119,56.32,0.0,56.32,0.0
1143,1,L22104000676,128,3.5,0.0,3.5,0.0
1144,1,L22104000677,122,11.0,0.0,11.0,0.0
1145,1,L22104000678,119,25.33,0.0,25.33,0.0
1146,1,M22103002250,338,3.26,0.0,3.26,0.0
1146,2,M22103002251,338,4.81,0.0,4.81,0.0
1146,3,M22103002252,338,3.78,0.0,3.78,0.0
1146,4,M22103002253,338,3.51,0.0,3.51,0.0
1146,5,M22103002254,338,4.25,0.0,4.25,0.0
1146,6,M22103002255,338,2.75,0.0,2.75,0.0
1146,7,M22103002256,338,3.78,0.0,3.78,0.0
1146,8,M22103002257,338,2.53,0.0,2.53,0.0
1146,9,M22103002258,338,2.31,0.0,2.31,0.0
1146,10,M22103002259,338,3.05,0.0,3.05,0.0
1146,11,M22103002260,331,3.49,0.0,3.49,0.0
1146,12,M22103002261,331,1.8,0.0,1.8,0.0
1006,1,G22103001916,103,5.48,0.0,5.48,0.0
1007,1,G22104000582,119,56.32,0.0,56.32,0.0
1008,1,G22104000583,119,51.3,0.0,51.3,0.0
1009,1,G22103001917,113,5.51,0.0,5.51,0.0
1080,1,J22103002111,331,1.49,0.0,1.49,0.0
1080,2,J22103002112,331,1.58,0.0,1.58,0.0
1080,3,J22103002113,331,1.51,0.0,1.51,0.0
1080,4,J22103002114,331,1.96,0.0,1.96,0.0
1080,5,J22103002115,331,1.16,0.0,1.16,0.0
1080,6,J22103002116,331,1.12,0.0,1.12,0.0
1080,7,J22103002117,331,1.81,0.0,1.81,0.0
1080,8,J22103002118,331,2.48,0.0,2.48,0.0
1080,9,J22103002119,331,2.05,0.0,2.05,0.0
1080,10,J22103002120,331,1.95,0.0,1.95,0.0
1080,11,J22103002121,331,2.33,0.0,2.33,0.0
1080,12,J22103002122,331,2.32,0.0,2.32,0.0
1080,13,J22103002123,331,2.88,0.0,2.88,0.0
1080,14,J22103002124,331,2.16,0.0,2.16,0.0
1080,15,J22103002125,102,5.97,0.0,5.97,0.0
1080,16,J22103002126,102,3.82,0.0,3.82,0.0
1080,17,J22103002127,102,1.05,0.0,1.05,0.0
1080,18,J22103002128,102,1.06,0.0,1.06,0.0
1080,19,J22103002129,102,1.06,0.0,1.06,0.0
1080,20,J22103002130,102,4.83,0.0,4.83,0.0
1080,21,J22103002131,102,5.63,0.0,5.63,0.0
1080,22,J22103002132,102,1.06,0.0,1.06,0.0
1080,23,J22103002133,102,0.72,0.0,0.72,0.0
1080,24,J22103002134,235,9.72,0.0,9.72,0.0
1080,25,J22103002135,235,4.13,0.0,4.13,0.0
1080,26,J22103002136,235,4.26,0.0,4.26,0.0
1080,27,J22103002137,235,3.88,0.0,3.88,0.0
1080,28,J22103002138,235,0.3,0.0,0.3,0.0
1080,29,J22103002139,114,19.08,0.0,19.08,0.0
1080,30,J22103002140,112,24.35,0.0,24.35,0.0
1080,31,J22103002141,112,9.68,0.0,9.68,0.0
1080,32,J22103002142,112,11.77,0.0,11.77,0.0
1080,33,J22103002143,445,10.83,0.0,10.83,0.0
1080,34,J22103002144,445,6.58,0.0,6.58,0.0
1080,35,J22103002145,445,8.37,0.0,8.37,0.0
1080,36,J22103002146,445,6.59,0.0,6.59,0.0
1080,37,J22103002147,114,12.39,0.0,12.39,0.0
1080,38,J22103002148,114,8.62,0.0,8.62,0.0
1080,39,J22103002149,114,13.04,0.0,13.04,0.0
1080,40,J22103002150,112,10.01,0.0,10.01,0.0
1080,41,J22103002151,112,16.49,0.0,16.49,0.0
1080,42,J22103002152,112,12.09,0.0,12.09,0.0
1080,43,J22103002153,112,11.25,0.0,11.25,0.0
1080,44,J22103002154,112,10.6,0.0,10.6,0.0
1080,45,J22103002155,112,9.79,0.0,9.79,0.0
1080,46,J22103002156,112,14.58,0.0,14.58,0.0
1080,47,J22103002157,112,12.58,0.0,12.58,0.0
1080,48,J22103002158,112,9.43,0.0,9.43,0.0
1080,49,J22103002159,112,13.21,0.0,13.21,0.0
1082,1,J22104000627,351,9.7,0.0,9.7,0.0
1083,1,J22104000628,119,23.3,0.0,23.3,0.0
1084,1,J22104000629,351,12.6,0.0,12.6,0.0
1085,1,J22104000630,119,55.3,0.0,55.3,0.0
1086,1,J22103002194,116,0.6,0.0,0.6,0.0
1087,1,J22104000631,119,55.6,0.0,55.6,0.0
1088,1,J22104000632,119,120.32,0.0,120.32,0.0
1089,1,J22104000633,119,68.32,0.0,68.32,0.0
1090,1,J22103002195,103,2.98,0.0,2.98,0.0
1091,1,J22104000634,119,32.3,0.0,32.3,0.0
1092,1,J22103002196,103,3.52,0.0,3.52,0.0
1146,13,M22103002262,238,1.38,0.0,1.38,0.0
1146,15,M22103002264,101,16.08,0.0,16.08,0.0
1146,16,M22103002265,235,3.77,0.0,3.77,0.0
1146,17,M22103002266,235,3.48,0.0,3.48,0.0
1146,18,M22103002267,235,2.44,0.0,2.44,0.0
1146,19,M22103002268,235,1.16,0.0,1.16,0.0
1146,20,M22103002269,235,5.35,0.0,5.35,0.0
1146,21,M22103002270,235,4.94,0.0,4.94,0.0
1146,22,M22103002271,235,2.66,0.0,2.66,0.0
1146,23,M22103002272,235,6.25,0.0,6.25,0.0
1146,24,M22103002273,235,5.43,0.0,5.43,0.0
1146,25,M22103002274,235,3.25,0.0,3.25,0.0
1146,26,M22103002275,235,3.51,0.0,3.51,0.0
1146,27,M22103002276,235,2.43,0.0,2.43,0.0
1146,28,M22103002277,235,2.61,0.0,2.61,0.0
1147,1,M22104000679,119,195.0,0.0,195.0,0.0
1148,1,M22103002278,102,1.05,0.0,1.05,0.0
1149,1,M22103002279,338,3.22,0.0,3.22,0.0
1150,1,M22104000680,119,56.32,0.0,56.32,0.0
1151,1,M22104000681,119,56.32,0.0,56.32,0.0
1152,1,M22104000682,119,45.3,0.0,45.3,0.0
1153,1,M22104000683,119,115.3,0.0,115.3,0.0
1154,1,M22103002280,115,1.41,0.0,1.41,0.0
1155,1,M22104000684,119,63.1,0.0,63.1,0.0
1156,1,M22104000685,119,65.3,0.0,65.3,0.0
1157,1,M22104000686,119,85.32,0.0,85.32,0.0
1158,1,M22104000687,119,28.3,0.0,28.3,0.0
1159,1,M22104000688,119,89.6,0.0,89.6,0.0
1160,1,M22104000689,119,50.3,0.0,50.3,0.0
1161,1,M22104000690,119,22.3,0.0,22.3,0.0
1162,1,M22104000691,120,23.0,0.0,23.0,0.0
1163,1,M22104000692,119,26.3,0.0,26.3,0.0
1164,1,M22104000693,130,15.63,0.0,15.63,0.0
1165,1,M22104000694,119,23.0,0.0,23.0,0.0
1166,1,M22104000695,132,50.3,0.0,50.3,0.0
1167,1,M22103002281,115,1.0,0.0,1.0,0.0
1168,1,M22104000696,119,67.2,0.0,67.2,0.0
1169,1,M22103002282,103,4.01,0.0,4.01,0.0
1170,1,N22104000697,119,21.3,0.0,21.3,0.0
1171,1,N22104000698,120,15.32,0.0,15.32,0.0
1172,1,N22104000699,119,25.3,0.0,25.3,0.0
1173,1,N22104000700,119,52.3,0.0,52.3,0.0
1030,1,H22104000599,119,137.0,0.0,137.0,0.0
1031,1,H22104000600,139,50.0,0.0,50.0,0.0
1032,1,H22103001922,102,1.66,0.0,1.66,0.0
1033,1,H22103001923,102,1.2,0.0,1.2,0.0
1038,1,H22103001928,110,6.1,0.0,6.1,0.0
1039,1,H22104000601,119,78.96,0.0,78.96,0.0
1040,1,H22104000602,119,63.32,0.0,63.32,0.0
1041,1,H22103001929,116,4.47,0.0,4.47,0.0
1042,1,H22103001930,102,1.32,0.0,1.32,0.0
1043,1,H22104000603,119,65.63,0.0,65.63,0.0
1050,1,I22104000606,123,12.32,0.0,12.32,0.0
1051,1,I22103002102,113,5.2,0.0,5.2,0.0
1052,1,I22104000607,127,10.0,0.0,10.0,0.0
1053,1,I22104000608,120,2.3,0.0,2.3,0.0
1054,1,I22104000609,119,25.3,0.0,25.3,0.0
1055,1,I22104000610,119,45.7,0.0,45.7,0.0
1056,1,I22104000611,119,22.3,0.0,22.3,0.0
1057,1,I22104000612,119,72.37,0.0,72.37,0.0
1058,1,I22103002103,101,12.32,0.0,12.32,0.0
1059,1,I22104000613,119,56.32,0.0,56.32,0.0
1095,1,J22103002243,402,0.5,0.0,0.5,0.0
1117,1,L22104000655,119,55.63,0.0,55.63,0.0
1146,14,M22103002263,101,6.1,0.0,6.1,0.0
1174,1,N22104000701,119,65.3,0.0,65.3,0.0
1175,1,N22103002283,110,4.1,0.0,4.1,0.0
1176,1,N22103002284,132,3.43,0.0,3.43,0.0
1177,1,N22104000702,151,9.3,0.0,9.3,0.0
1178,1,N22104000703,119,65.3,0.0,65.3,0.0
1179,1,N22104000704,119,25.3,0.0,25.3,0.0
1180,1,N22104000705,119,55.3,0.0,55.3,0.0
1181,1,N22104000706,119,36.3,0.0,36.3,0.0
1182,1,N22103002325,115,1.49,0.0,1.49,0.0
1183,1,N22103002326,103,1.9,0.0,1.9,0.0
1184,1,N22103002327,101,19.1,0.0,19.1,0.0
1185,1,N22104000707,119,22.3,0.0,22.3,0.0
1186,1,N22103002328,102,2.05,0.0,2.05,0.0
1187,1,N22104000708,119,23.6,0.0,23.6,0.0
1188,1,N22103002329,102,1.53,0.0,1.53,0.0
1189,1,N22103002285,331,3.22,0.0,3.22,0.0
1189,2,N22103002286,331,2.46,0.0,2.46,0.0
1189,3,N22103002287,331,3.35,0.0,3.35,0.0
1189,4,N22103002288,331,3.39,0.0,3.39,0.0
1189,5,N22103002289,331,2.6,0.0,2.6,0.0
1189,6,N22103002290,331,5.02,0.0,5.02,0.0
1189,7,N22103002291,331,8.4,0.0,8.4,0.0
1189,8,N22103002292,102,2.66,0.0,2.66,0.0
1189,9,N22103002293,102,4.7,0.0,4.7,0.0
1189,10,N22103002294,102,5.07,0.0,5.07,0.0
1189,11,N22103002295,102,6.3,0.0,6.3,0.0
1189,12,N22103002296,102,2.7,0.0,2.7,0.0
1189,13,N22103002297,101,19.82,0.0,19.82,0.0
1189,14,N22103002298,101,25.32,0.0,25.32,0.0
1189,15,N22103002299,101,24.65,0.0,24.65,0.0
1189,16,N22103002300,112,22.8,0.0,22.8,0.0
1189,17,N22103002301,112,18.35,0.0,18.35,0.0
1189,18,N22103002302,112,15.85,0.0,15.85,0.0
1189,19,N22103002303,112,23.24,0.0,23.24,0.0
1189,20,N22103002304,235,5.05,0.0,5.05,0.0
1189,21,N22103002305,235,5.3,0.0,5.3,0.0
1189,22,N22103002306,235,5.13,0.0,5.13,0.0
1189,23,N22103002307,235,5.4,0.0,5.4,0.0
1189,24,N22103002308,235,4.8,0.0,4.8,0.0
1189,25,N22103002309,235,5.01,0.0,5.01,0.0
1189,26,N22103002310,374,3.45,0.0,3.45,0.0
1189,27,N22103002311,374,2.41,0.0,2.41,0.0
1189,28,N22103002312,374,2.22,0.0,2.22,0.0
1189,29,N22103002313,374,2.69,0.0,2.69,0.0
1189,30,N22103002314,374,2.46,0.0,2.46,0.0
1189,31,N22103002315,374,2.78,0.0,2.78,0.0
1189,32,N22103002316,374,3.21,0.0,3.21,0.0
1189,33,N22103002317,374,2.11,0.0,2.11,0.0
1189,34,N22103002318,374,2.59,0.0,2.59,0.0
1189,35,N22103002319,374,1.85,0.0,1.85,0.0
1189,36,N22103002320,374,2.67,0.0,2.67,0.0
1189,37,N22103002321,116,5.7,0.0,5.7,0.0
1189,38,N22103002322,116,6.23,0.0,6.23,0.0
1189,39,N22103002323,116,5.1,0.0,5.1,0.0
1189,40,N22103002324,116,6.86,0.0,6.86,0.0
1190,1,N22103002330,103,1.23,0.0,1.23,0.0
1190,2,N22103002331,103,1.55,0.0,1.55,0.0
1190,3,N22103002332,103,1.33,0.0,1.33,0.0
1190,4,N22103002333,103,1.25,0.0,1.25,0.0
1190,5,N22103002334,103,1.42,0.0,1.42,0.0
1190,6,N22103002335,103,1.12,0.0,1.12,0.0
1190,7,N22103002336,103,1.49,0.0,1.49,0.0
1190,8,N22103002337,103,1.3,0.0,1.3,0.0
1190,9,N22103002338,103,1.22,0.0,1.22,0.0
1190,10,N22103002339,103,1.07,0.0,1.07,0.0
1190,11,N22103002340,103,1.46,0.0,1.46,0.0
1190,12,N22103002341,103,1.47,0.0,1.47,0.0
1195,1,N22103002354,419,1.23,0.0,1.23,0.0
1195,2,N22103002355,419,1.25,0.0,1.25,0.0
1195,3,N22103002356,419,1.38,0.0,1.38,0.0
1195,4,N22103002357,407,1.57,0.0,1.57,0.0
1195,5,N22103002358,407,1.53,0.0,1.53,0.0
1195,6,N22103002359,407,1.6,0.0,1.6,0.0
1195,7,N22103002360,407,1.49,0.0,1.49,0.0
1195,8,N22103002361,407,1.6,0.0,1.6,0.0
1195,9,N22103002362,407,1.72,0.0,1.72,0.0
1195,10,N22103002363,407,1.26,0.0,1.26,0.0
1195,11,N22103002364,407,1.61,0.0,1.61,0.0
1195,12,N22103002365,407,1.55,0.0,1.55,0.0
1195,13,N22103002366,407,1.62,0.0,1.62,0.0
1195,14,N22103002367,407,1.49,0.0,1.49,0.0
1195,15,N22103002368,407,1.45,0.0,1.45,0.0
1195,16,N22103002369,407,1.75,0.0,1.75,0.0
1045,1,I22104000604,119,69.3,0.0,69.3,0.0
1046,1,I22104000605,119,35.6,0.0,35.6,0.0
1047,1,I22107000069,273,1.91,0.11,1.888,20999.0
1047,2,I22107000070,273,2.06,0.05,2.05,20999.0
1047,3,I22107000071,273,1.93,0.1,1.91,20999.0
1047,4,I22107000072,273,1.0,0.03,0.994,12999.0
1047,5,I22107000073,273,2.14,0.1,2.12,20999.0
1047,6,I22107000074,273,2.01,0.13,1.984,20999.0
1047,7,I22107000075,273,3.89,0.1,3.87,20999.0
1047,8,I22107000076,273,1.95,0.1,1.93,20999.0
1047,9,I22107000077,273,4.54,0.13,4.514,20999.0
1047,10,I22107000078,273,1.5,0.05,1.49,20999.0
1047,11,I22107000079,273,2.03,0.1,2.01,20999.0
1047,12,I22107000080,273,4.1,0.36,4.028,41999.0
1047,13,I22107000081,273,1.93,0.11,1.908,20999.0
1047,14,I22107000082,273,3.18,0.1,3.16,20999.0
1047,15,I22107000083,273,2.57,0.12,2.546,20999.0
1047,16,I22107000084,273,1.58,0.1,1.56,20999.0
1047,17,I22107000085,273,2.41,0.2,2.37,25999.0
1047,18,I22107000086,273,2.39,0.12,2.366,25999.0
1047,19,I22107000087,273,2.42,0.2,2.38,25999.0
1047,20,I22107000088,273,2.4,0.1,2.38,25999.0
1047,21,I22107000089,273,2.41,0.22,2.366,25999.0
1047,22,I22107000090,273,2.2,0.2,2.16,25999.0
1047,23,I22107000091,273,2.39,0.22,2.346,25999.0
1047,24,I22107000092,273,1.97,0.11,1.948,25999.0
1047,25,I22107000093,273,2.4,0.22,2.356,25999.0
1047,26,I22107000094,273,2.42,0.2,2.38,25999.0
1047,27,I22107000095,273,2.39,0.2,2.35,25999.0
1047,28,I22107000096,273,2.07,0.21,2.028,25999.0
1047,29,I22107000097,273,1.96,0.1,1.94,20999.0
1047,30,I22107000098,273,2.03,0.11,2.008,20999.0
1047,31,I22107000099,273,2.23,0.21,2.188,20999.0
1047,32,I22107000100,427,1.02,0.03,1.014,12999.0
1047,33,I22107000101,427,1.04,0.03,1.034,12999.0
1047,34,I22107000102,427,1.03,0.03,1.024,12999.0
1047,35,I22107000103,427,1.02,0.03,1.014,12999.0
1047,36,I22107000104,427,1.01,0.03,1.004,12999.0
1047,37,I22107000105,427,1.04,0.03,1.034,12999.0
1047,38,I22107000106,427,1.08,0.03,1.074,12999.0
1047,39,I22107000107,427,1.0,0.03,0.994,12999.0
1047,40,I22107000108,427,1.07,0.03,1.064,12999.0
1047,41,I22107000109,427,1.17,0.03,1.164,12999.0
1047,42,I22107000110,427,1.04,0.03,1.034,12999.0
1047,43,I22107000111,427,1.02,0.04,1.012,12999.0
1047,44,I22107000112,427,1.02,0.03,1.014,12999.0
1047,45,I22107000113,427,1.02,0.03,1.014,12999.0
1047,46,I22107000114,427,1.03,0.03,1.024,12999.0
1047,47,I22107000115,427,1.02,0.03,1.014,12999.0
1048,1,I22103002081,110,2.6,0.0,2.6,0.0
1048,2,I22103002082,110,3.0,0.0,3.0,0.0
1048,3,I22103002083,110,2.18,0.0,2.18,0.0
1048,4,I22103002084,110,2.61,0.0,2.61,0.0
1048,5,I22103002085,110,2.05,0.0,2.05,0.0
1048,6,I22103002086,110,3.08,0.0,3.08,0.0
1048,7,I22103002087,110,2.6,0.0,2.6,0.0
1048,8,I22103002088,110,6.01,0.0,6.01,0.0
1048,9,I22103002089,110,2.62,0.0,2.62,0.0
1048,10,I22103002090,110,2.6,0.0,2.6,0.0
1048,11,I22103002091,110,3.16,0.0,3.16,0.0
1048,12,I22103002092,110,2.12,0.0,2.12,0.0
1048,13,I22103002093,110,2.05,0.0,2.05,0.0
1048,14,I22103002094,110,2.59,0.0,2.59,0.0
1048,15,I22103002095,110,1.67,0.0,1.67,0.0
1048,16,I22103002096,110,4.71,0.0,4.71,0.0
1048,17,I22103002097,110,8.58,0.0,8.58,0.0
1048,18,I22103002098,110,10.15,0.0,10.15,0.0
1048,19,I22103002099,110,5.12,0.0,5.12,0.0
1049,1,I22103002100,235,6.39,0.0,6.39,0.0
1049,2,I22103002101,331,1.69,0.0,1.69,0.0
1191,1,N22104000709,119,32.3,0.0,32.3,0.0
1195,17,N22103002370,374,2.97,0.0,2.97,0.0
1195,19,N22103002343,103,0.75,0.0,0.75,0.0
1195,20,N22103002344,103,0.65,0.0,0.65,0.0
1195,21,N22103002345,103,1.11,0.0,1.11,0.0
1195,22,N22103002346,103,0.53,0.0,0.53,0.0
1195,23,N22103002347,103,0.62,0.0,0.62,0.0
1195,24,N22103002348,103,0.68,0.0,0.68,0.0
1195,25,N22103002349,103,0.53,0.0,0.53,0.0
1195,26,N22103002350,103,0.69,0.0,0.69,0.0
1195,27,N22103002351,103,0.73,0.0,0.73,0.0
1195,28,N22103002352,103,0.66,0.0,0.66,0.0
1195,29,N22103002353,103,0.8,0.0,0.8,0.0
1196,1,N22104000713,119,55.32,0.0,55.32,0.0
1197,1,N22104000714,127,10.0,0.0,10.0,0.0
1198,1,N22104000715,127,10.0,0.0,10.0,0.0
1199,1,N22104000716,127,5.0,0.0,5.0,0.0
1200,1,N22104000717,127,5.0,0.0,5.0,0.0
1201,1,N22104000718,127,5.0,0.0,5.0,0.0
1202,1,N22104000719,128,4.0,0.0,4.0,0.0
1203,1,N22104000720,119,45.32,0.0,45.32,0.0
1204,1,N22104000721,127,10.0,0.0,10.0,0.0
1205,1,N22104000722,127,10.0,0.0,10.0,0.0
1206,1,N22104000723,119,55.63,0.0,55.63,0.0
1207,1,N22104000724,127,10.0,0.0,10.0,0.0
1208,1,N22104000725,127,10.0,0.0,10.0,0.0
1209,1,N22104000726,127,10.0,0.0,10.0,0.0
1210,1,N22104000727,127,25.0,0.0,25.0,0.0
1211,1,N22104000728,119,95.3,0.0,95.3,0.0
1212,1,N22104000729,127,20.0,0.0,20.0,0.0
1213,1,N22104000730,119,55.32,0.0,55.32,0.0
1214,1,N22104000731,119,32.3,0.0,32.3,0.0
1215,1,N22104000732,119,65.3,0.0,65.3,0.0
1216,1,N22104000733,127,10.0,0.0,10.0,0.0
1217,1,N22104000734,119,21.3,0.0,21.3,0.0
1218,1,N22104000735,127,20.0,0.0,20.0,0.0
1081,3,J22103002162,102,3.98,0.0,3.98,0.0
1081,4,J22103002163,102,4.51,0.0,4.51,0.0
1081,5,J22103002164,102,2.4,0.0,2.4,0.0
1081,6,J22103002165,102,3.81,0.0,3.81,0.0
1081,7,J22103002166,331,6.83,0.0,6.83,0.0
1081,8,J22103002167,331,2.83,0.0,2.83,0.0
1081,9,J22103002168,331,3.53,0.0,3.53,0.0
1081,10,J22103002169,331,3.49,0.0,3.49,0.0
1081,11,J22103002170,331,2.85,0.0,2.85,0.0
1081,12,J22103002171,331,2.35,0.0,2.35,0.0
1081,13,J22103002172,331,2.78,0.0,2.78,0.0
1081,14,J22103002173,331,3.3,0.0,3.3,0.0
1081,15,J22103002174,235,2.47,0.0,2.47,0.0
1081,16,J22103002175,235,2.43,0.0,2.43,0.0
1081,17,J22103002176,235,2.49,0.0,2.49,0.0
1081,18,J22103002177,235,2.23,0.0,2.23,0.0
1081,19,J22103002178,235,1.57,0.0,1.57,0.0
1081,20,J22103002179,235,1.85,0.0,1.85,0.0
1081,21,J22103002180,235,2.56,0.0,2.56,0.0
1081,22,J22103002181,235,3.05,0.0,3.05,0.0
1081,23,J22103002182,235,2.47,0.0,2.47,0.0
1081,24,J22103002183,235,5.3,0.0,5.3,0.0
1081,25,J22103002184,235,4.05,0.0,4.05,0.0
1081,26,J22103002185,235,3.63,0.0,3.63,0.0
1081,27,J22103002186,235,4.05,0.0,4.05,0.0
1081,28,J22103002187,235,5.27,0.0,5.27,0.0
1081,29,J22103002188,235,3.75,0.0,3.75,0.0
1081,30,J22103002189,235,4.43,0.0,4.43,0.0
1081,31,J22103002190,235,2.05,0.0,2.05,0.0
1081,32,J22103002191,235,2.6,0.0,2.6,0.0
1081,33,J22103002192,235,3.8,0.0,3.8,0.0
1081,34,J22103002193,235,3.15,0.0,3.15,0.0
1192,1,N22104000710,119,26.3,0.0,26.3,0.0
1195,18,N22103002342,103,1.27,0.0,1.27,0.0
1219,1,N22104000736,131,55.3,0.0,55.3,0.0
1220,1,N22104000737,127,10.0,0.0,10.0,0.0
1221,1,N22104000738,119,49.3,0.0,49.3,0.0
1222,1,N22104000739,119,21.3,0.0,21.3,0.0
1223,1,N22104000740,119,23.6,0.0,23.6,0.0
1224,1,N22104000741,119,25.63,0.0,25.63,0.0
1225,1,O22104000742,119,65.3,0.0,65.3,0.0
1226,1,O22104000743,119,19.0,0.0,19.0,0.0
1227,1,O22104000744,132,2.5,0.0,2.5,0.0
1228,1,O22104000745,119,18.32,0.0,18.32,0.0
1229,1,O22104000746,120,12.0,0.0,12.0,0.0
1230,1,O22104000747,119,18.0,0.0,18.0,0.0
1231,1,O22104000748,127,12.3,0.0,12.3,0.0
1232,1,O22104000749,119,68.3,0.0,68.3,0.0
1233,1,O22104000750,119,35.6,0.0,35.6,0.0
1234,1,O22103002371,112,24.32,0.0,24.32,0.0
1234,2,O22103002372,112,8.67,0.0,8.67,0.0
1234,3,O22103002373,112,14.55,0.0,14.55,0.0
1234,4,O22103002374,112,11.63,0.0,11.63,0.0
1234,5,O22103002375,112,12.57,0.0,12.57,0.0
1234,6,O22103002376,112,10.6,0.0,10.6,0.0
1234,7,O22103002377,112,9.45,0.0,9.45,0.0
1234,8,O22103002378,112,18.22,0.0,18.22,0.0
1234,9,O22103002379,112,9.87,0.0,9.87,0.0
1234,10,O22103002380,112,6.95,0.0,6.95,0.0
1234,11,O22103002381,112,14.89,0.0,14.89,0.0
1234,12,O22103002382,112,12.51,0.0,12.51,0.0
1234,13,O22103002383,112,15.4,0.0,15.4,0.0
1234,14,O22103002384,112,30.6,0.0,30.6,0.0
1234,15,O22103002385,102,6.04,0.0,6.04,0.0
1234,16,O22103002386,102,4.6,0.0,4.6,0.0
1234,17,O22103002387,331,3.11,0.0,3.11,0.0
1234,18,O22103002388,331,2.17,0.0,2.17,0.0
1234,19,O22103002389,331,1.61,0.0,1.61,0.0
1234,20,O22103002390,102,1.25,0.0,1.25,0.0
1234,21,O22103002391,102,1.35,0.0,1.35,0.0
1234,22,O22103002392,102,1.81,0.0,1.81,0.0
1234,23,O22103002393,102,1.25,0.0,1.25,0.0
1234,24,O22103002394,102,0.93,0.0,0.93,0.0
1234,25,O22103002395,102,1.27,0.0,1.27,0.0
1234,26,O22103002396,102,1.23,0.0,1.23,0.0
1234,27,O22103002397,102,0.85,0.0,0.85,0.0
1234,28,O22103002398,102,1.25,0.0,1.25,0.0
1234,29,O22103002399,102,2.07,0.0,2.07,0.0
1234,30,O22103002400,102,2.37,0.0,2.37,0.0
1234,31,O22103002401,102,2.36,0.0,2.36,0.0
1234,32,O22103002402,102,2.01,0.0,2.01,0.0
1234,33,O22103002403,102,6.08,0.0,6.08,0.0
1234,34,O22103002404,102,3.9,0.0,3.9,0.0
1234,35,O22103002405,235,2.01,0.0,2.01,0.0
1234,36,O22103002406,235,3.17,0.0,3.17,0.0
1234,37,O22103002407,235,4.7,0.0,4.7,0.0
1234,38,O22103002408,235,4.15,0.0,4.15,0.0
1234,39,O22103002409,235,8.36,0.0,8.36,0.0
1234,40,O22103002410,235,4.8,0.0,4.8,0.0
1234,41,O22103002411,235,3.31,0.0,3.31,0.0
1234,42,O22103002412,235,3.83,0.0,3.83,0.0
1234,43,O22103002413,115,2.04,0.0,2.04,0.0
1234,44,O22103002414,115,1.35,0.0,1.35,0.0
1234,45,O22103002415,115,2.41,0.0,2.41,0.0
1234,46,O22103002416,115,3.61,0.0,3.61,0.0
1234,47,O22103002417,115,2.07,0.0,2.07,0.0
1234,48,O22103002418,115,2.47,0.0,2.47,0.0
1234,49,O22103002419,115,3.02,0.0,3.02,0.0
1234,50,O22103002420,115,1.89,0.0,1.89,0.0
1234,51,O22103002421,115,1.25,0.0,1.25,0.0
1234,52,O22103002422,115,0.89,0.0,0.89,0.0
1234,53,O22103002423,115,2.17,0.0,2.17,0.0
1234,54,O22103002424,107,2.2,0.0,2.2,0.0
1234,55,O22103002425,107,1.97,0.0,1.97,0.0
1234,56,O22103002426,107,5.14,0.0,5.14,0.0
1234,57,O22103002427,107,4.25,0.0,4.25,0.0
1098,1,J22104000637,119,33.2,0.0,33.2,0.0
1099,1,J22104000638,119,25.3,0.0,25.3,0.0
1234,58,O22103002428,107,2.57,0.0,2.57,0.0
1234,59,O22103002429,107,2.76,0.0,2.76,0.0
1234,60,O22103002430,107,3.19,0.0,3.19,0.0
1234,61,O22103002431,107,3.29,0.0,3.29,0.0
1234,62,O22103002432,107,5.91,0.0,5.91,0.0
1234,63,O22103002433,107,3.6,0.0,3.6,0.0
1234,64,O22103002434,445,2.32,0.0,2.32,0.0
1234,65,O22103002435,445,2.36,0.0,2.36,0.0
1234,66,O22103002436,118,4.64,0.0,4.64,0.0
1234,67,O22103002437,101,6.8,0.0,6.8,0.0
1234,68,O22103002438,101,4.15,0.0,4.15,0.0
1234,69,O22103002439,101,3.29,0.0,3.29,0.0
1239,1,O22103002441,103,3.98,0.0,3.98,0.0
1240,1,O22104000754,119,65.0,0.0,65.0,0.0
1241,1,O22103002442,331,2.69,0.0,2.69,0.0
1242,1,O22104000755,119,115.3,0.0,115.3,0.0
1243,1,P22107000116,273,2.48,0.06,2.468,29127.0
1243,2,P22107000117,273,0.94,0.01,0.938,11837.0
1243,3,P22107000118,273,2.5,0.06,2.488,29127.0
1243,4,P22107000119,273,2.46,0.11,2.438,33250.0
1243,5,P22107000120,273,1.49,0.08,1.474,21280.0
1243,6,P22107000121,273,0.94,0.06,0.928,13300.0
1243,7,P22107000122,273,1.0,0.06,0.988,15561.0
1243,8,P22107000123,273,1.22,0.07,1.206,18088.0
1243,9,P22107000124,273,1.16,0.07,1.146,18088.0
1243,10,P22107000125,273,1.93,0.12,1.906,28595.0
1243,11,P22107000126,273,0.91,0.08,0.894,16492.0
1243,12,P22107000127,273,0.67,0.01,0.668,8778.0
1243,13,P22107000128,273,0.96,0.1,0.94,17955.0
1243,14,P22107000129,273,0.76,0.04,0.752,11571.0
1243,15,P22107000130,273,1.57,0.05,1.56,23674.0
1243,16,P22107000131,273,1.02,0.03,1.014,13034.0
1243,17,P22107000132,273,0.97,0.03,0.964,13034.0
1243,18,P22107000133,273,1.48,0.21,1.438,24871.0
1243,19,P22107000134,273,1.14,0.03,1.134,14364.0
1243,20,P22107000135,273,1.97,0.03,1.964,20615.0
1243,21,P22107000136,273,1.79,0.07,1.776,23275.0
1243,22,P22107000137,273,1.12,0.03,1.114,17423.0
1243,23,P22107000138,273,0.94,0.02,0.936,12369.0
1243,24,P22107000139,273,1.41,0.09,1.392,19684.0
1243,25,P22107000140,273,2.73,0.18,2.694,39767.0
1243,26,P22107000141,273,1.36,0.04,1.352,19551.0
1243,27,P22107000142,273,0.7,0.01,0.698,9177.0
1243,28,P22107000143,273,2.3,0.06,2.288,24738.0
1243,29,P22107000144,273,2.94,0.07,2.926,35511.0
1243,30,P22107000145,273,2.26,0.05,2.25,27797.0
1243,31,P22107000146,273,0.78,0.01,0.778,8645.0
1243,32,P22107000147,273,2.37,0.06,2.358,32186.0
1243,33,P22107000148,273,0.74,0.02,0.736,10906.0
1243,34,P22107000149,273,0.65,0.02,0.646,10108.0
1243,35,P22107000150,273,1.68,0.08,1.664,23142.0
1243,36,P22107000151,273,1.04,0.04,1.032,15295.0
1243,37,P22107000152,273,0.99,0.05,0.98,15295.0
1243,38,P22107000153,273,2.13,0.12,2.106,30856.0
1243,39,P22107000154,273,0.96,0.02,0.956,10241.0
1243,40,P22107000155,273,1.28,0.06,1.268,17556.0
1243,41,P22107000156,273,0.93,0.12,0.906,17423.0
1243,42,P22107000157,273,2.01,0.07,1.996,30058.0
1243,43,P22107000158,273,1.6,0.07,1.586,21413.0
1243,44,P22107000159,273,1.19,0.1,1.17,17955.0
1243,45,P22107000160,273,1.18,0.07,1.166,18487.0
1243,46,P22107000161,273,2.51,0.08,2.494,32186.0
1243,47,P22107000162,273,1.49,0.06,1.478,19285.0
1243,48,P22107000163,273,1.13,0.07,1.116,16492.0
1243,49,P22107000164,273,0.73,0.02,0.726,10374.0
1243,50,P22107000165,273,0.68,0.02,0.676,9177.0
1243,51,P22107000166,273,1.02,0.05,1.01,14763.0
1243,52,P22107000167,273,0.81,0.06,0.798,13965.0
1243,53,P22107000168,273,1.02,0.02,1.016,12635.0
1243,54,P22107000169,273,1.89,0.06,1.878,24339.0
1243,55,P22107000170,273,1.44,0.09,1.422,19817.0
1243,56,P22107000171,273,1.52,0.11,1.498,25403.0
1243,57,P22107000172,273,1.05,0.04,1.042,14896.0
1243,58,P22107000173,273,1.16,0.07,1.146,16625.0
1243,59,P22107000174,273,0.8,0.02,0.796,11305.0
1243,60,P22107000175,273,2.32,0.16,2.288,34447.0
1244,1,P22104000756,119,65.32,0.0,65.32,0.0
1245,1,P22104000757,119,65.3,0.0,65.3,0.0
1246,1,P22104000758,119,25.32,0.0,25.32,0.0
1247,1,P22104000759,119,85.3,0.0,85.3,0.0
1248,1,P22104000760,151,8.6,0.0,8.6,0.0
1249,1,P22104000761,119,15.3,0.0,15.3,0.0
1250,1,P22104000762,119,15.3,0.0,15.3,0.0
1251,1,P22104000763,119,15.3,0.0,15.3,0.0
1252,1,P22104000764,127,10.0,0.0,10.0,0.0
1253,1,P22104000765,119,68.3,0.0,68.3,0.0
1257,1,P22104000767,351,9.34,0.0,9.34,0.0
1258,1,P22104000768,353,9.5,0.0,9.5,0.0
1259,1,P22104000769,351,9.29,0.0,9.29,0.0
1260,1,P22104000770,119,61.2,0.0,61.2,0.0
1261,1,P22103002445,116,0.71,0.0,0.71,0.0
1262,1,P22104000771,119,31.57,0.0,31.57,0.0
1263,1,P22103002446,338,5.47,0.0,5.47,0.0
1267,1,P22107000207,271,0.47,0.05,0.46,9443.0
1267,2,P22107000208,271,0.24,0.02,0.236,6650.0
1267,3,P22107000209,271,0.4,0.04,0.392,8911.0
1267,4,P22107000210,271,0.35,0.05,0.34,9842.0
1267,5,P22107000211,271,0.39,0.02,0.386,9842.0
1267,6,P22107000212,271,0.28,0.01,0.278,5586.0
1267,7,P22107000213,271,0.41,0.02,0.406,9044.0
1267,8,P22107000214,271,0.15,0.02,0.146,5985.0
1267,9,P22107000215,271,0.77,0.03,0.764,11039.0
1267,10,P22107000216,271,0.43,0.02,0.426,9044.0
1267,11,P22107000217,271,0.35,0.02,0.346,6916.0
1193,1,N22104000711,127,10.0,0.0,10.0,0.0
1194,1,N22104000712,126,50.0,0.0,50.0,0.0
1254,1,P22104000766,119,86.5,0.0,86.5,0.0
1264,1,P22104000772,346,38.24,0.0,38.24,0.0
1265,1,P22104000773,127,10.0,0.0,10.0,0.0
1267,12,P22107000218,271,0.6,0.06,0.588,9975.0
1267,13,P22107000219,271,0.32,0.01,0.318,6384.0
1267,14,P22107000220,271,0.4,0.04,0.392,9576.0
1267,15,P22107000221,271,0.41,0.04,0.402,9177.0
1267,16,P22107000222,271,0.42,0.04,0.412,9177.0
1267,17,P22107000223,271,0.24,0.01,0.238,5586.0
1267,18,P22107000224,271,0.38,0.02,0.376,8113.0
1267,19,P22107000225,271,0.31,0.02,0.306,7448.0
1267,20,P22107000226,271,0.21,0.01,0.208,5985.0
1270,1,P22103002449,235,3.25,0.0,3.25,0.0
1270,2,P22103002450,235,4.49,0.0,4.49,0.0
1270,3,P22103002451,235,3.74,0.0,3.74,0.0
1270,4,P22103002452,235,3.59,0.0,3.59,0.0
1270,5,P22103002453,235,5.13,0.0,5.13,0.0
1270,6,P22103002454,331,3.29,0.0,3.29,0.0
1270,7,P22103002455,331,3.49,0.0,3.49,0.0
1270,8,P22103002456,331,3.87,0.0,3.87,0.0
1270,9,P22103002457,102,3.05,0.0,3.05,0.0
1270,10,P22103002458,102,2.66,0.0,2.66,0.0
1270,11,P22103002459,102,3.42,0.0,3.42,0.0
1270,12,P22103002460,102,2.97,0.0,2.97,0.0
1270,13,P22103002461,102,2.48,0.0,2.48,0.0
1270,14,P22103002462,102,2.2,0.0,2.2,0.0
1270,15,P22103002463,238,0.9,0.0,0.9,0.0
1270,16,P22103002464,238,0.94,0.0,0.94,0.0
1270,17,P22103002465,238,1.25,0.0,1.25,0.0
1270,18,P22103002466,238,0.77,0.0,0.77,0.0
1270,19,P22103002467,238,1.15,0.0,1.15,0.0
1270,20,P22103002468,238,0.82,0.0,0.82,0.0
1270,21,P22103002469,238,0.83,0.0,0.83,0.0
1270,22,P22103002470,338,2.34,0.0,2.34,0.0
1270,23,P22103002471,112,26.12,0.0,26.12,0.0
1270,24,P22103002472,327,7.95,0.0,7.95,0.0
1270,25,P22103002473,407,1.57,0.0,1.57,0.0
1270,26,P22103002474,419,1.07,0.0,1.07,0.0
1270,27,P22103002475,103,0.8,0.0,0.8,0.0
1270,28,P22103002476,101,6.8,0.0,6.8,0.0
1270,29,P22103002477,101,3.29,0.0,3.29,0.0
1270,30,P22103002478,112,4.34,0.0,4.34,0.0
1270,31,P22103002479,112,6.06,0.0,6.06,0.0
1270,32,P22103002480,112,5.12,0.0,5.12,0.0
1270,33,P22103002481,116,1.86,0.0,1.86,0.0
1270,34,P22103002482,110,1.5,0.0,1.5,0.0
1270,35,P22103002483,110,3.11,0.0,3.11,0.0
1270,36,P22103002484,110,6.22,0.0,6.22,0.0
1270,37,P22103002485,110,6.31,0.0,6.31,0.0
1270,38,P22103002486,110,3.0,0.0,3.0,0.0
1270,39,P22103002487,110,2.43,0.0,2.43,0.0
1270,40,P22103002488,110,2.6,0.0,2.6,0.0
1270,41,P22103002489,110,2.4,0.0,2.4,0.0
1270,42,P22103002490,110,2.9,0.0,2.9,0.0
1270,43,P22103002491,110,6.89,0.0,6.89,0.0
1270,44,P22103002492,110,1.52,0.0,1.52,0.0
1270,45,P22103002493,110,2.1,0.0,2.1,0.0
1270,46,P22103002494,110,1.87,0.0,1.87,0.0
1270,47,P22103002495,110,6.78,0.0,6.78,0.0
1270,48,P22103002496,110,3.29,0.0,3.29,0.0
1270,49,P22103002497,110,3.12,0.0,3.12,0.0
1270,50,P22103002498,110,2.53,0.0,2.53,0.0
1270,51,P22103002499,110,1.57,0.0,1.57,0.0
1270,52,P22103002500,110,3.09,0.0,3.09,0.0
1271,1,P22103002501,369,1.63,0.0,1.63,0.0
1272,1,P22103002502,116,1.22,0.0,1.22,0.0
1273,1,P22104000774,119,33.1,0.0,33.1,0.0
1276,1,P22103002503,400,0.38,0.0,0.38,0.0
1277,1,P22104000777,440,2.9,0.0,2.9,0.0
1278,1,P22103002504,101,15.4,0.0,15.4,0.0
1279,1,E23104000778,151,4.46,0.0,4.46,0.0
1280,1,E23104000779,346,23.67,0.0,23.67,0.0
1281,1,E23103002505,113,4.58,0.0,4.58,0.0
1283,1,E23104000781,119,24.28,0.0,24.28,0.0
1284,1,E23103002506,235,7.81,0.0,7.81,0.0
1285,1,E23103002507,101,35.15,0.0,35.15,0.0
1286,1,E23103002508,411,0.5,0.0,0.5,0.0
1287,1,P22107000227,271,0.39,0.02,0.386,8113.0
1287,2,P22107000245,427,1.16,0.05,1.15,16093.0
1287,3,P22107000246,427,0.56,0.03,0.554,8911.0
1287,4,P22107000247,427,0.67,0.03,0.664,10507.0
1287,5,P22107000248,427,0.65,0.07,0.636,13433.0
1287,6,P22107000249,427,1.8,0.05,1.79,10906.0
1287,7,P22107000250,427,1.08,0.02,1.076,14098.0
1287,8,P22107000251,427,0.61,0.03,0.604,9842.0
1287,9,P22107000252,427,0.48,0.02,0.476,8512.0
1287,10,P22107000253,427,0.6,0.02,0.596,10906.0
1287,11,P22107000254,427,0.38,0.01,0.378,6517.0
1287,12,P22107000255,427,1.0,0.04,0.992,13832.0
1287,13,P22107000256,427,0.68,0.03,0.674,10773.0
1287,14,P22107000228,271,0.42,0.02,0.416,8113.0
1287,15,P22107000229,271,0.31,0.01,0.308,5054.0
1287,16,P22107000230,271,0.37,0.04,0.362,8911.0
1287,17,P22107000231,271,0.14,0.02,0.136,5054.0
1287,18,P22107000232,271,0.19,0.01,0.188,4655.0
1287,19,P22107000233,271,0.47,0.05,0.46,9443.0
1287,20,P22107000234,271,0.37,0.04,0.362,9576.0
1287,21,P22107000235,271,0.41,0.04,0.402,9044.0
1287,22,P22107000236,271,0.4,0.04,0.392,9044.0
1287,23,P22107000237,271,0.22,0.01,0.218,6118.0
1287,24,P22107000238,271,0.34,0.01,0.338,6384.0
1287,25,P22107000239,271,0.6,0.06,0.588,9975.0
1287,26,P22107000240,271,0.21,0.02,0.206,5985.0
1287,27,P22107000241,271,0.25,0.02,0.246,6650.0
1235,1,O22104000751,119,65.32,0.0,65.32,0.0
1236,1,O22104000752,119,96.5,0.0,96.5,0.0
1237,1,O22104000753,119,65.3,0.0,65.3,0.0
1238,1,O22103002440,116,2.98,0.0,2.98,0.0
1282,1,E23104000780,289,12.2,0.0,12.2,0.0
1287,28,P22107000242,271,0.32,0.02,0.316,6916.0
1287,29,P22107000243,271,0.31,0.02,0.306,7448.0
1287,30,P22107000244,271,0.78,0.03,0.774,11039.0
1287,31,P22107000257,273,2.48,0.08,2.464,29260.0
1287,32,P22107000258,273,2.66,0.18,2.624,38304.0
1287,33,P22107000259,273,2.66,0.2,2.62,38703.0
1287,34,P22107000260,273,2.97,0.16,2.938,40432.0
1287,35,P22107000261,273,2.88,0.14,2.852,38038.0
1287,36,P22107000262,273,2.81,0.16,2.778,40432.0
1287,37,P22107000263,273,1.26,0.07,1.246,15561.0
1287,38,P22107000264,427,0.71,0.03,0.704,10773.0
1287,39,P22107000265,427,0.53,0.01,0.528,8246.0
1287,40,P22107000266,427,0.82,0.16,0.788,18487.0
1287,41,P22107000267,427,0.47,0.03,0.464,9044.0
1287,42,P22107000268,427,1.93,0.13,1.904,26866.0
1287,43,P22107000269,272,1.54,0.06,1.528,21413.0
1287,44,P22107000270,272,0.99,0.07,0.976,16226.0
1287,45,P22107000271,272,2.03,0.06,2.018,26334.0
1287,46,P22107000272,272,1.85,0.05,1.84,23940.0
1287,47,P22107000273,272,1.49,0.12,1.466,23009.0
1287,48,P22107000274,272,1.16,0.06,1.148,15428.0
1287,49,P22107000275,413,3.03,0.03,3.024,31920.0
1287,50,P22107000276,413,3.16,0.03,3.154,31388.0
1287,51,P22107000277,413,3.4,0.01,3.398,33383.0
1287,52,P22107000278,413,2.79,0.05,2.78,31255.0
1287,53,P22107000279,413,2.61,0.02,2.606,28861.0
1289,1,E23104000782,440,5.2,0.0,5.2,0.0
1290,1,E23104000783,440,4.5,0.0,4.5,0.0
1291,1,E23104000784,351,15.2,0.0,15.2,0.0
1292,1,E23104000785,351,5.2,0.0,5.2,0.0
1293,1,E23104000786,119,25.3,0.0,25.3,0.0
1295,1,E23103002511,331,2.39,0.0,2.39,0.0
1296,1,E23104000787,123,12.0,0.0,12.0,0.0
1297,1,E23103002512,402,0.38,0.0,0.38,0.0
1298,1,E23103002513,400,0.45,0.0,0.45,0.0
1299,1,E23104000788,119,18.9,0.0,18.9,0.0
1300,1,E23103002514,116,1.0,0.0,1.0,0.0
1301,1,E23103002515,102,6.15,0.0,6.15,0.0
1302,1,E23103002516,400,0.94,0.0,0.94,0.0
1303,1,E23103002517,331,5.63,0.0,5.63,0.0
1304,1,E23103002518,402,0.39,0.0,0.39,0.0
1305,1,E23104000789,353,7.8,0.0,7.8,0.0
1306,1,E23103002519,404,1.14,0.0,1.14,0.0
1307,1,F23103002520,113,3.9,0.0,3.9,0.0
1308,1,F23103002521,116,3.59,0.0,3.59,0.0
1309,1,F23103002522,412,5.28,0.0,5.28,0.0
1310,1,F23103002523,110,8.95,0.0,8.95,0.0
1311,1,F23103002562,102,2.46,0.0,2.46,0.0
1311,2,F23103002524,102,3.26,0.0,3.26,0.0
1311,3,F23103002525,102,4.92,0.0,4.92,0.0
1311,4,F23103002526,102,9.52,0.0,9.52,0.0
1311,5,F23103002527,102,4.65,0.0,4.65,0.0
1311,6,F23103002528,102,5.5,0.0,5.5,0.0
1311,7,F23103002529,102,2.85,0.0,2.85,0.0
1311,8,F23103002530,102,2.86,0.0,2.86,0.0
1311,9,F23103002531,102,5.12,0.0,5.12,0.0
1311,10,F23103002532,102,5.79,0.0,5.79,0.0
1311,11,F23103002533,102,2.84,0.0,2.84,0.0
1311,12,F23103002534,102,4.8,0.0,4.8,0.0
1311,13,F23103002535,102,3.54,0.0,3.54,0.0
1311,14,F23103002536,102,2.24,0.0,2.24,0.0
1311,15,F23103002537,102,2.26,0.0,2.26,0.0
1311,16,F23103002538,102,2.96,0.0,2.96,0.0
1311,17,F23103002539,102,2.6,0.0,2.6,0.0
1311,18,F23103002540,102,2.75,0.0,2.75,0.0
1311,19,F23103002541,102,2.66,0.0,2.66,0.0
1311,20,F23103002542,102,1.92,0.0,1.92,0.0
1311,21,F23103002543,331,7.33,0.0,7.33,0.0
1311,22,F23103002544,331,1.78,0.0,1.78,0.0
1311,23,F23103002545,331,2.41,0.0,2.41,0.0
1311,24,F23103002546,331,1.96,0.0,1.96,0.0
1311,25,F23103002547,331,1.88,0.0,1.88,0.0
1311,26,F23103002548,331,2.5,0.0,2.5,0.0
1311,27,F23103002549,331,1.69,0.0,1.69,0.0
1311,28,F23103002550,331,3.48,0.0,3.48,0.0
1311,29,F23103002551,331,3.78,0.0,3.78,0.0
1311,30,F23103002552,331,2.7,0.0,2.7,0.0
1311,31,F23103002553,331,2.61,0.0,2.61,0.0
1311,32,F23103002554,331,1.73,0.0,1.73,0.0
1311,33,F23103002555,331,2.99,0.0,2.99,0.0
1311,34,F23103002556,331,2.59,0.0,2.59,0.0
1311,35,F23103002557,331,2.53,0.0,2.53,0.0
1311,36,F23103002558,331,1.61,0.0,1.61,0.0
1311,37,F23103002559,331,3.13,0.0,3.13,0.0
1311,38,F23103002560,331,2.24,0.0,2.24,0.0
1311,39,F23103002561,331,2.64,0.0,2.64,0.0
1311,40,F23103002563,103,5.09,0.0,5.09,0.0
1311,41,F23103002564,103,3.45,0.0,3.45,0.0
1311,42,F23103002565,103,1.33,0.0,1.33,0.0
1311,43,F23103002566,103,1.18,0.0,1.18,0.0
1311,44,F23103002567,103,2.37,0.0,2.37,0.0
1311,45,F23103002568,103,1.38,0.0,1.38,0.0
1311,46,F23103002569,103,1.51,0.0,1.51,0.0
1311,47,F23103002570,103,1.56,0.0,1.56,0.0
1311,48,F23103002571,103,6.7,0.0,6.7,0.0
1311,49,F23103002572,103,3.62,0.0,3.62,0.0
1311,50,F23103002573,103,2.97,0.0,2.97,0.0
1311,51,F23103002574,103,2.79,0.0,2.79,0.0
1311,52,F23103002575,103,2.42,0.0,2.42,0.0
1311,53,F23103002576,103,2.24,0.0,2.24,0.0
1311,54,F23103002577,103,2.02,0.0,2.02,0.0
1255,1,P22103002443,101,32.35,0.0,32.35,0.0
1256,1,P22103002444,338,3.78,0.0,3.78,0.0
1274,1,P22104000775,351,9.63,0.0,9.63,0.0
1275,1,P22104000776,132,16.5,0.0,16.5,0.0
1311,55,F23103002578,103,1.75,0.0,1.75,0.0
1311,56,F23103002579,103,2.18,0.0,2.18,0.0
1311,57,F23103002580,103,3.19,0.0,3.19,0.0
1311,58,F23103002581,103,2.89,0.0,2.89,0.0
1311,59,F23103002582,103,2.81,0.0,2.81,0.0
1311,60,F23103002583,103,3.96,0.0,3.96,0.0
1311,61,F23103002584,103,1.81,0.0,1.81,0.0
1311,62,F23103002585,103,3.24,0.0,3.24,0.0
1311,63,F23103002586,103,1.35,0.0,1.35,0.0
1311,64,F23103002587,236,3.07,0.0,3.07,0.0
1311,65,F23103002588,236,2.69,0.0,2.69,0.0
1311,66,F23103002589,103,4.77,0.0,4.77,0.0
1311,67,F23103002590,235,5.13,0.0,5.13,0.0
1311,68,F23103002591,235,6.01,0.0,6.01,0.0
1311,69,F23103002592,235,4.35,0.0,4.35,0.0
1311,70,F23103002593,235,6.72,0.0,6.72,0.0
1311,71,F23103002594,235,3.74,0.0,3.74,0.0
1312,1,F23104000790,353,16.9,0.0,16.9,0.0
1313,1,F23103002595,101,9.33,0.0,9.33,0.0
1314,1,F23104000791,119,39.2,0.0,39.2,0.0
1315,1,F23103002596,113,4.1,0.0,4.1,0.0
1316,1,F23103002597,102,6.58,0.0,6.58,0.0
1317,1,F23103002598,235,5.17,0.0,5.17,0.0
1317,2,F23103002599,235,2.03,0.0,2.03,0.0
1317,3,F23103002600,235,4.55,0.0,4.55,0.0
1317,4,F23103002601,235,3.49,0.0,3.49,0.0
1317,5,F23103002602,235,6.24,0.0,6.24,0.0
1317,6,F23103002603,235,10.59,0.0,10.59,0.0
1317,7,F23103002604,235,12.08,0.0,12.08,0.0
1317,8,F23103002605,235,10.35,0.0,10.35,0.0
1317,9,F23103002606,235,11.9,0.0,11.9,0.0
1317,10,F23103002607,338,5.05,0.0,5.05,0.0
1317,11,F23103002608,338,5.18,0.0,5.18,0.0
1317,12,F23103002609,338,4.03,0.0,4.03,0.0
1317,13,F23103002610,112,7.86,0.0,7.86,0.0
1317,14,F23103002611,112,5.02,0.0,5.02,0.0
1317,15,F23103002612,112,11.21,0.0,11.21,0.0
1317,16,F23103002613,112,15.85,0.0,15.85,0.0
1317,17,F23103002614,112,16.1,0.0,16.1,0.0
1317,18,F23103002615,331,4.3,0.0,4.3,0.0
1317,19,F23103002616,331,3.41,0.0,3.41,0.0
1317,20,F23103002617,331,4.01,0.0,4.01,0.0
1317,21,F23103002618,327,6.69,0.0,6.69,0.0
1317,22,F23103002619,327,5.96,0.0,5.96,0.0
1317,23,F23103002620,114,8.09,0.0,8.09,0.0
1317,24,F23103002621,114,12.3,0.0,12.3,0.0
1317,25,F23103002622,101,17.99,0.0,17.99,0.0
1317,26,F23103002623,101,7.37,0.0,7.37,0.0
1317,27,F23103002624,101,18.73,0.0,18.73,0.0
1317,28,F23103002625,101,17.15,0.0,17.15,0.0
1317,29,F23103002626,101,27.49,0.0,27.49,0.0
1317,30,F23103002627,101,21.78,0.0,21.78,0.0
1317,31,F23103002628,101,20.53,0.0,20.53,0.0
1318,1,F23103002629,102,2.66,0.0,2.66,0.0
1319,1,F23103002630,102,2.44,0.0,2.44,0.0
1321,1,F23103002656,110,1.62,0.0,1.62,0.0
1322,1,F23104000793,142,13.5,0.0,13.5,0.0
1324,1,F23104000794,346,19.1,0.0,19.1,0.0
1325,1,F23104000795,151,3.31,0.0,3.31,0.0
1326,1,F23103002631,235,3.89,0.0,3.89,0.0
1326,2,F23103002632,235,7.95,0.0,7.95,0.0
1326,3,F23103002633,235,1.83,0.0,1.83,0.0
1326,4,F23103002634,331,3.19,0.0,3.19,0.0
1326,5,F23103002635,102,2.19,0.0,2.19,0.0
1326,6,F23103002636,116,2.87,0.0,2.87,0.0
1326,7,F23103002637,110,2.98,0.0,2.98,0.0
1326,8,F23103002638,110,4.23,0.0,4.23,0.0
1326,9,F23103002639,110,2.68,0.0,2.68,0.0
1326,10,F23103002640,110,3.04,0.0,3.04,0.0
1326,11,F23103002641,110,2.42,0.0,2.42,0.0
1326,12,F23103002642,110,2.1,0.0,2.1,0.0
1326,13,F23103002643,110,1.96,0.0,1.96,0.0
1326,14,F23103002644,110,3.24,0.0,3.24,0.0
1326,15,F23103002645,110,6.2,0.0,6.2,0.0
1326,16,F23103002646,110,6.12,0.0,6.12,0.0
1326,17,F23103002647,110,5.82,0.0,5.82,0.0
1326,18,F23103002648,110,8.39,0.0,8.39,0.0
1326,19,F23103002649,110,1.86,0.0,1.86,0.0
1326,20,F23103002650,110,6.15,0.0,6.15,0.0
1326,21,F23103002651,110,2.61,0.0,2.61,0.0
1326,22,F23103002652,110,3.24,0.0,3.24,0.0
1326,23,F23103002653,110,4.21,0.0,4.21,0.0
1326,24,F23103002654,110,3.2,0.0,3.2,0.0
1326,25,F23103002655,110,4.17,0.0,4.17,0.0
1326,26,F23103002657,101,8.65,0.0,8.65,0.0
1326,27,F23103002658,101,5.21,0.0,5.21,0.0
1326,28,F23103002659,101,5.38,0.0,5.38,0.0
1326,29,F23103002660,101,8.71,0.0,8.71,0.0
1326,30,F23103002661,101,9.54,0.0,9.54,0.0
1326,31,F23103002662,101,15.94,0.0,15.94,0.0
1326,32,F23103002663,101,9.71,0.0,9.71,0.0
1326,33,F23103002664,101,12.92,0.0,12.92,0.0
1326,34,F23103002665,101,12.82,0.0,12.82,0.0
1326,35,F23103002666,235,2.69,0.0,2.69,0.0
1326,36,F23103002667,235,2.6,0.0,2.6,0.0
1326,37,F23103002668,102,5.82,0.0,5.82,0.0
1326,38,F23103002669,102,3.35,0.0,3.35,0.0
1326,39,F23103002670,102,3.28,0.0,3.28,0.0
1328,1,G23103002673,169,0.37,0.0,0.37,0.0
1331,1,G23104000798,351,12.3,0.0,12.3,0.0
1332,1,G23104000799,120,15.99,0.0,15.99,0.0
1333,1,G23104000800,119,20.36,0.0,20.36,0.0
1266,1,P22107000191,399,1.05,0.02,1.046,14231.0
1266,2,P22107000192,399,1.41,0.04,1.402,18221.0
1266,3,P22107000193,399,1.06,0.1,1.04,17024.0
1266,4,P22107000194,399,0.63,0.06,0.618,13167.0
1266,5,P22107000195,399,1.07,0.04,1.062,16226.0
1266,6,P22107000196,399,1.1,0.04,1.092,16625.0
1266,7,P22107000197,399,0.82,0.02,0.816,12103.0
1266,8,P22107000198,399,1.02,0.05,1.01,15428.0
1266,9,P22107000199,272,0.47,0.05,0.46,9443.0
1266,10,P22107000200,272,0.37,0.04,0.362,8911.0
1266,11,P22107000201,272,0.14,0.02,0.136,5054.0
1266,12,P22107000202,272,0.37,0.04,0.362,9576.0
1266,13,P22107000203,272,0.42,0.02,0.416,8113.0
1266,14,P22107000204,272,0.38,0.02,0.376,8113.0
1266,15,P22107000205,272,0.31,0.02,0.306,7448.0
1266,16,P22107000206,272,0.38,0.02,0.376,8113.0
1266,17,P22107000176,399,1.58,3.0,0.98,19285.0
1266,18,P22107000177,399,1.33,0.09,1.312,20748.0
1266,19,P22107000178,399,2.03,0.11,2.008,29127.0
1266,20,P22107000179,399,1.02,0.02,1.016,14231.0
1266,21,P22107000180,399,1.04,0.05,1.03,15295.0
1266,22,P22107000181,399,0.65,0.05,0.64,11438.0
1266,23,P22107000182,399,0.92,0.03,0.914,13433.0
1266,24,P22107000183,399,1.05,0.03,1.044,14364.0
1266,25,P22107000184,399,1.58,0.13,1.554,24206.0
1266,26,P22107000185,399,1.15,0.06,1.138,18886.0
1266,27,P22107000186,399,1.0,0.01,0.998,12502.0
1266,28,P22107000187,399,1.12,0.04,1.112,16891.0
1266,29,P22107000188,399,1.38,0.11,1.358,22078.0
1266,30,P22107000189,399,1.11,0.04,1.102,15295.0
1266,31,P22107000190,399,0.91,0.11,0.888,17157.0
1294,1,E23103002510,239,1.4,0.0,1.4,0.0
1323,1,F23103002671,102,5.08,0.0,5.08,0.0
1329,1,G23104000796,140,24.36,0.0,24.36,0.0
1330,1,G23104000797,119,85.9,0.0,85.9,0.0
1338,1,G23103002678,114,30.86,0.0,30.86,0.0
1339,1,G23104000801,120,8.9,0.0,8.9,0.0
1340,1,G23104000802,351,9.0,0.0,9.0,0.0
1341,1,G23103002679,428,1.75,0.0,1.75,0.0
1342,1,H23103002680,235,4.08,0.0,4.08,0.0
1342,2,H23103002681,235,3.55,0.0,3.55,0.0
1342,3,H23103002682,235,4.27,0.0,4.27,0.0
1342,4,H23103002683,235,4.57,0.0,4.57,0.0
1342,5,H23103002684,235,3.79,0.0,3.79,0.0
1342,6,H23103002685,235,3.57,0.0,3.57,0.0
1342,7,H23103002686,235,3.88,0.0,3.88,0.0
1342,8,H23103002687,235,4.67,0.0,4.67,0.0
1342,9,H23103002688,235,4.73,0.0,4.73,0.0
1342,10,H23103002689,235,4.02,0.0,4.02,0.0
1342,11,H23103002690,235,2.46,0.0,2.46,0.0
1342,12,H23103002691,235,2.31,0.0,2.31,0.0
1342,13,H23103002692,235,3.64,0.0,3.64,0.0
1342,14,H23103002693,235,1.15,0.0,1.15,0.0
1342,15,H23103002694,235,4.41,0.0,4.41,0.0
1342,16,H23103002695,235,1.66,0.0,1.66,0.0
1342,17,H23103002696,410,3.74,0.0,3.74,0.0
1342,18,H23103002697,107,21.27,0.0,21.27,0.0
1344,1,H23103002699,116,0.95,0.0,0.95,0.0
1345,1,H23104000803,351,13.77,0.0,13.77,0.0
1346,1,H23103002700,169,0.17,0.0,0.17,0.0
1348,1,H23103002701,112,28.25,0.0,28.25,0.0
1348,2,H23103002702,112,9.11,0.0,9.11,0.0
1348,3,H23103002703,112,7.84,0.0,7.84,0.0
1348,4,H23103002704,112,12.83,0.0,12.83,0.0
1348,5,H23103002705,112,11.22,0.0,11.22,0.0
1348,6,H23103002706,112,23.13,0.0,23.13,0.0
1348,7,H23103002707,112,16.87,0.0,16.87,0.0
1348,8,H23103002708,112,16.71,0.0,16.71,0.0
1348,9,H23103002709,112,4.75,0.0,4.75,0.0
1348,10,H23103002710,112,12.26,0.0,12.26,0.0
1348,11,H23103002711,112,9.16,0.0,9.16,0.0
1348,12,H23103002712,338,5.15,0.0,5.15,0.0
1348,13,H23103002713,338,4.83,0.0,4.83,0.0
1348,14,H23103002714,101,24.16,0.0,24.16,0.0
1348,15,H23103002715,101,23.86,0.0,23.86,0.0
1348,16,H23103002716,101,19.76,0.0,19.76,0.0
1348,17,H23103002717,101,29.9,0.0,29.9,0.0
1348,18,H23103002718,101,20.64,0.0,20.64,0.0
1348,19,H23103002719,101,10.18,0.0,10.18,0.0
1348,20,H23103002720,101,18.91,0.0,18.91,0.0
1348,21,H23103002721,101,22.09,0.0,22.09,0.0
1348,22,H23103002722,114,16.14,0.0,16.14,0.0
1348,23,H23103002723,342,23.46,0.0,23.46,0.0
1348,24,H23103002724,342,24.46,0.0,24.46,0.0
1348,25,H23103002725,342,13.73,0.0,13.73,0.0
1348,26,H23103002726,342,22.04,0.0,22.04,0.0
1348,27,H23103002727,102,1.49,0.0,1.49,0.0
1348,28,H23103002728,102,1.32,0.0,1.32,0.0
1348,29,H23103002729,102,1.46,0.0,1.46,0.0
1348,30,H23103002730,102,1.46,0.0,1.46,0.0
1348,31,H23103002731,102,2.54,0.0,2.54,0.0
1348,32,H23103002732,102,1.45,0.0,1.45,0.0
1348,33,H23103002733,102,2.23,0.0,2.23,0.0
1348,34,H23103002734,102,2.43,0.0,2.43,0.0
1348,35,H23103002735,102,3.57,0.0,3.57,0.0
1348,36,H23103002736,102,4.53,0.0,4.53,0.0
1348,37,H23103002737,102,4.33,0.0,4.33,0.0
1348,38,H23103002738,102,3.62,0.0,3.62,0.0
1348,39,H23103002739,102,1.47,0.0,1.47,0.0
1348,40,H23103002740,102,1.46,0.0,1.46,0.0
1348,41,H23103002741,102,4.15,0.0,4.15,0.0
1348,42,H23103002742,102,2.47,0.0,2.47,0.0
1348,43,H23103002743,102,2.41,0.0,2.41,0.0
1348,44,H23103002744,102,3.51,0.0,3.51,0.0
1348,45,H23103002745,102,4.93,0.0,4.93,0.0
1348,46,H23103002746,331,4.94,0.0,4.94,0.0
1268,1,P22103002447,113,3.22,0.0,3.22,0.0
1269,1,P22103002448,116,1.01,0.0,1.01,0.0
1320,1,F23104000792,122,52.63,0.0,52.63,0.0
1337,1,G23103002677,103,1.43,0.0,1.43,0.0
1347,1,H23104000804,119,30.9,0.0,30.9,0.0
1348,47,H23103002747,331,3.53,0.0,3.53,0.0
1348,48,H23103002748,331,3.77,0.0,3.77,0.0
1348,49,H23103002749,331,3.7,0.0,3.7,0.0
1348,50,H23103002750,331,3.13,0.0,3.13,0.0
1348,51,H23103002751,331,2.44,0.0,2.44,0.0
1348,52,H23103002752,331,2.66,0.0,2.66,0.0
1348,53,H23103002753,331,2.33,0.0,2.33,0.0
1348,54,H23103002754,331,2.51,0.0,2.51,0.0
1348,55,H23103002755,331,2.59,0.0,2.59,0.0
1348,56,H23103002756,331,3.22,0.0,3.22,0.0
1348,57,H23103002757,331,2.88,0.0,2.88,0.0
1348,58,H23103002758,331,2.33,0.0,2.33,0.0
1348,59,H23103002759,331,2.45,0.0,2.45,0.0
1348,60,H23103002760,331,4.01,0.0,4.01,0.0
1348,61,H23103002761,331,2.33,0.0,2.33,0.0
1348,62,H23103002762,331,2.96,0.0,2.96,0.0
1348,63,H23103002763,331,3.33,0.0,3.33,0.0
1348,64,H23103002764,331,4.8,0.0,4.8,0.0
1348,65,H23103002765,331,3.2,0.0,3.2,0.0
1348,66,H23103002766,331,2.74,0.0,2.74,0.0
1348,67,H23103002767,331,2.7,0.0,2.7,0.0
1349,1,H23103002768,102,5.14,0.0,5.14,0.0
1350,1,H23103002769,116,2.09,0.0,2.09,0.0
1360,1,H23103002817,101,16.7,0.0,16.7,0.0
1360,2,H23103002818,101,7.95,0.0,7.95,0.0
1360,3,H23103002819,101,5.21,0.0,5.21,0.0
1360,4,H23103002820,112,3.74,0.0,3.74,0.0
1360,5,H23103002821,235,4.45,0.0,4.45,0.0
1360,6,H23103002822,327,22.33,0.0,22.33,0.0
1361,1,H23103002823,106,2.92,0.0,2.92,0.0
1362,1,H23103002824,342,17.93,0.0,17.93,0.0
1362,2,H23103002825,342,18.52,0.0,18.52,0.0
1363,1,H23103002826,103,1.39,0.0,1.39,0.0
1363,2,H23103002827,103,1.08,0.0,1.08,0.0
1363,3,H23103002828,103,1.42,0.0,1.42,0.0
1363,4,H23103002829,103,1.2,0.0,1.2,0.0
1363,5,H23103002830,103,1.02,0.0,1.02,0.0
1364,1,H23103002831,374,2.23,0.0,2.23,0.0
1365,1,H23103002832,407,1.65,0.0,1.65,0.0
1365,2,H23103002833,103,3.25,0.0,3.25,0.0
1366,1,H23103002834,115,0.43,0.0,0.43,0.0
1367,1,H23104000806,351,17.83,0.0,17.83,0.0
1368,1,H23103002835,101,9.31,0.0,9.31,0.0
1368,2,H23103002836,101,9.37,0.0,9.37,0.0
1374,1,H23104000810,329,4.38,0.0,4.38,0.0
1375,1,H23104000811,329,6.18,0.0,6.18,0.0
1376,1,H23104000812,124,55.32,0.0,55.32,0.0
1377,1,H23104000813,351,28.85,0.0,28.85,0.0
1378,1,H23103002852,112,6.2,0.0,6.2,0.0
1378,2,H23103002853,112,10.32,0.0,10.32,0.0
1378,3,H23103002854,112,7.6,0.0,7.6,0.0
1378,4,H23103002855,112,7.81,0.0,7.81,0.0
1378,5,H23103002856,329,2.38,0.0,2.38,0.0
1378,6,H23103002857,329,2.47,0.0,2.47,0.0
1378,7,H23103002858,329,2.33,0.0,2.33,0.0
1378,8,H23103002859,329,2.41,0.0,2.41,0.0
1378,9,H23103002860,329,2.29,0.0,2.29,0.0
1379,1,H23104000814,119,145.3,0.0,145.3,0.0
1380,1,H23104000815,119,25.99,0.0,25.99,0.0
1381,1,I23104000816,140,14.84,0.0,14.84,0.0
1382,1,I23103002861,407,3.25,0.0,3.25,0.0
1383,1,I23104000817,119,165.01,0.0,165.01,0.0
1384,1,I23104000818,119,135.3,0.0,135.3,0.0
1385,1,I23104000819,289,17.86,0.0,17.86,0.0
1386,1,I23104000820,119,20.26,0.0,20.26,0.0
1387,1,I23104000821,151,8.5,0.0,8.5,0.0
1388,1,I23103002862,235,3.18,0.0,3.18,0.0
1388,2,I23103002863,235,3.45,0.0,3.45,0.0
1388,3,I23103002864,101,11.37,0.0,11.37,0.0
1388,4,I23103002865,101,8.5,0.0,8.5,0.0
1388,5,I23103002866,101,2.64,0.0,2.64,0.0
1388,6,I23103002867,101,2.71,0.0,2.71,0.0
1388,7,I23103002868,101,8.75,0.0,8.75,0.0
1388,8,I23103002869,103,1.44,0.0,1.44,0.0
1388,9,I23103002870,103,1.2,0.0,1.2,0.0
1388,10,I23103002871,103,1.02,0.0,1.02,0.0
1388,11,I23103002872,407,5.79,0.0,5.79,0.0
1388,12,I23103002873,407,4.45,0.0,4.45,0.0
1388,13,I23103002874,407,4.86,0.0,4.86,0.0
1388,14,I23103002875,407,4.16,0.0,4.16,0.0
1388,15,I23103002876,407,1.19,0.0,1.19,0.0
1388,16,I23103002877,407,1.07,0.0,1.07,0.0
1388,17,I23103002878,407,1.0,0.0,1.0,0.0
1388,18,I23103002879,407,1.13,0.0,1.13,0.0
1388,19,I23103002880,407,0.93,0.0,0.93,0.0
1388,20,I23103002881,115,1.94,0.0,1.94,0.0
1388,21,I23103002882,115,1.52,0.0,1.52,0.0
1388,22,I23103002883,115,3.02,0.0,3.02,0.0
1388,23,I23103002884,115,2.52,0.0,2.52,0.0
1388,24,I23103002885,115,1.54,0.0,1.54,0.0
1388,25,I23103002886,115,1.97,0.0,1.97,0.0
1388,26,I23103002887,115,2.16,0.0,2.16,0.0
1388,27,I23103002888,115,3.08,0.0,3.08,0.0
1388,28,I23103002889,115,0.63,0.0,0.63,0.0
1388,29,I23103002890,115,0.88,0.0,0.88,0.0
1388,30,I23103002891,115,0.73,0.0,0.73,0.0
1388,31,I23103002892,115,0.72,0.0,0.72,0.0
1388,32,I23103002893,115,0.86,0.0,0.86,0.0
1388,33,I23103002894,115,0.58,0.0,0.58,0.0
1388,34,I23103002895,115,0.85,0.0,0.85,0.0
1388,35,I23103002896,115,0.99,0.0,0.99,0.0
1288,1,E23103002509,102,6.23,0.0,6.23,0.0
1343,1,H23103002698,406,0.47,0.0,0.47,0.0
1352,1,H23103002776,235,9.2,0.0,9.2,0.0
1352,2,H23103002777,235,8.21,0.0,8.21,0.0
1352,3,H23103002778,235,8.2,0.0,8.2,0.0
1352,4,H23103002779,235,6.61,0.0,6.61,0.0
1352,5,H23103002780,235,8.69,0.0,8.69,0.0
1352,6,H23103002781,235,3.5,0.0,3.5,0.0
1352,7,H23103002782,235,2.67,0.0,2.67,0.0
1352,8,H23103002783,235,6.04,0.0,6.04,0.0
1352,9,H23103002784,235,5.31,0.0,5.31,0.0
1352,10,H23103002785,235,3.08,0.0,3.08,0.0
1352,11,H23103002786,235,1.8,0.0,1.8,0.0
1352,12,H23103002787,235,2.09,0.0,2.09,0.0
1352,13,H23103002788,235,1.88,0.0,1.88,0.0
1352,14,H23103002789,235,2.08,0.0,2.08,0.0
1352,15,H23103002790,374,1.23,0.0,1.23,0.0
1352,16,H23103002791,374,1.23,0.0,1.23,0.0
1352,17,H23103002792,374,2.1,0.0,2.1,0.0
1352,18,H23103002793,374,2.08,0.0,2.08,0.0
1352,19,H23103002794,107,7.49,0.0,7.49,0.0
1352,20,H23103002795,107,3.73,0.0,3.73,0.0
1352,21,H23103002796,107,2.09,0.0,2.09,0.0
1352,22,H23103002797,107,1.41,0.0,1.41,0.0
1352,23,H23103002798,116,1.1,0.0,1.1,0.0
1352,24,H23103002799,116,1.14,0.0,1.14,0.0
1352,25,H23103002800,331,2.52,0.0,2.52,0.0
1352,26,H23103002801,238,0.83,0.0,0.83,0.0
1352,27,H23103002802,238,0.87,0.0,0.87,0.0
1352,28,H23103002803,238,0.92,0.0,0.92,0.0
1352,29,H23103002804,115,1.33,0.0,1.33,0.0
1352,30,H23103002805,115,1.32,0.0,1.32,0.0
1352,31,H23103002806,115,1.79,0.0,1.79,0.0
1352,32,H23103002807,115,1.89,0.0,1.89,0.0
1352,33,H23103002808,115,2.46,0.0,2.46,0.0
1352,34,H23103002809,115,2.28,0.0,2.28,0.0
1352,35,H23103002810,115,3.37,0.0,3.37,0.0
1353,1,H23104000805,351,14.61,0.0,14.61,0.0
1354,1,H23103002811,112,16.89,0.0,16.89,0.0
1355,1,H23103002812,112,12.47,0.0,12.47,0.0
1356,1,H23103002813,101,9.15,0.0,9.15,0.0
1357,1,H23103002814,113,3.72,0.0,3.72,0.0
1358,1,H23103002815,113,4.24,0.0,4.24,0.0
1359,1,H23103002816,101,5.38,0.0,5.38,0.0
1388,36,I23103002897,115,0.7,0.0,0.7,0.0
1388,37,I23103002898,115,1.01,0.0,1.01,0.0
1388,38,I23103002899,115,1.05,0.0,1.05,0.0
1388,39,I23103002900,406,1.13,0.0,1.13,0.0
1388,40,I23103002901,406,1.18,0.0,1.18,0.0
1388,41,I23103002902,420,1.73,0.0,1.73,0.0
1388,42,I23103002903,420,1.72,0.0,1.72,0.0
1388,43,I23103002904,402,0.89,0.0,0.89,0.0
1388,44,I23103002905,402,1.13,0.0,1.13,0.0
1388,45,I23103002906,402,1.91,0.0,1.91,0.0
1388,46,I23103002907,103,0.68,0.0,0.68,0.0
1388,47,I23103002908,103,0.72,0.0,0.72,0.0
1388,48,I23103002909,103,0.65,0.0,0.65,0.0
1388,49,I23103002910,103,1.09,0.0,1.09,0.0
1389,1,I23104000822,119,62.0,0.0,62.0,0.0
1390,1,I23104000823,346,65.59,0.0,65.59,0.0
1391,1,I23103002911,169,0.16,0.0,0.16,0.0
1392,1,J23103002912,169,0.4,0.0,0.4,0.0
1393,1,J23104000824,346,54.3,0.0,54.3,0.0
1394,1,J23103002913,105,3.17,0.0,3.17,0.0
1395,1,J23103002914,331,5.8,0.0,5.8,0.0
1395,3,J23103002916,102,3.01,0.0,3.01,0.0
1395,4,J23103002917,102,6.91,0.0,6.91,0.0
1395,5,J23103002918,102,6.15,0.0,6.15,0.0
1395,6,J23103002919,102,4.69,0.0,4.69,0.0
1395,7,J23103002920,102,2.16,0.0,2.16,0.0
1395,8,J23103002921,102,5.3,0.0,5.3,0.0
1395,9,J23103002922,102,4.65,0.0,4.65,0.0
1395,10,J23103002923,102,3.14,0.0,3.14,0.0
1395,11,J23103002924,107,4.69,0.0,4.69,0.0
1395,12,J23103002925,107,3.21,0.0,3.21,0.0
1395,13,J23103002926,107,7.59,0.0,7.59,0.0
1395,14,J23103002927,107,3.26,0.0,3.26,0.0
1395,15,J23103002928,107,5.31,0.0,5.31,0.0
1395,16,J23103002929,107,2.9,0.0,2.9,0.0
1395,17,J23103002930,107,4.55,0.0,4.55,0.0
1395,18,J23103002931,107,2.82,0.0,2.82,0.0
1395,19,J23103002932,107,3.44,0.0,3.44,0.0
1395,20,J23103002933,235,3.53,0.0,3.53,0.0
1395,21,J23103002934,235,4.16,0.0,4.16,0.0
1395,22,J23103002935,235,6.23,0.0,6.23,0.0
1395,23,J23103002936,235,3.53,0.0,3.53,0.0
1395,24,J23103002937,235,3.29,0.0,3.29,0.0
1395,25,J23103002938,235,3.28,0.0,3.28,0.0
1395,26,J23103002939,235,2.9,0.0,2.9,0.0
1395,27,J23103002940,114,10.43,0.0,10.43,0.0
1395,28,J23103002941,114,9.41,0.0,9.41,0.0
1395,29,J23103002942,101,1.6,0.0,1.6,0.0
1395,30,J23103002943,101,1.22,0.0,1.22,0.0
1395,31,J23103002944,101,1.73,0.0,1.73,0.0
1395,32,J23103002945,101,1.22,0.0,1.22,0.0
1395,33,J23103002946,115,1.6,0.0,1.6,0.0
1395,34,J23103002947,115,1.22,0.0,1.22,0.0
1395,35,J23103002948,115,1.73,0.0,1.73,0.0
1395,36,J23103002949,115,1.22,0.0,1.22,0.0
1395,37,J23103002950,116,1.07,0.0,1.07,0.0
1395,38,J23103002951,116,0.76,0.0,0.76,0.0
1395,39,J23103002952,116,1.39,0.0,1.39,0.0
1395,40,J23103002953,116,0.72,0.0,0.72,0.0
1395,41,J23103002954,116,0.67,0.0,0.67,0.0
1395,42,J23103002955,116,0.62,0.0,0.62,0.0
1395,43,J23103002956,116,0.72,0.0,0.72,0.0
1327,1,G23103002672,115,0.27,0.0,0.27,0.0
1395,2,J23103002915,331,3.7,0.0,3.7,0.0
1398,1,J23103002969,406,0.89,0.0,0.89,0.0
1399,1,J23104000827,351,11.38,0.0,11.38,0.0
1400,1,J23104000828,119,36.1,0.0,36.1,0.0
1401,1,J23103002970,106,0.6,0.0,0.6,0.0
1402,1,J23104000829,351,19.75,0.0,19.75,0.0
1403,1,J23103002971,235,3.49,0.0,3.49,0.0
1404,1,J23103002972,331,2.79,0.0,2.79,0.0
1405,1,J23103002973,327,12.4,0.0,12.4,0.0
1406,1,J23104000830,346,105.13,0.0,105.13,0.0
1407,1,J23104000831,119,146.9,0.0,146.9,0.0
1411,1,J23104000834,346,37.55,0.0,37.55,0.0
1412,1,K23104000835,351,9.29,0.0,9.29,0.0
1413,1,K23104000836,351,31.2,0.0,31.2,0.0
1414,1,L23104000837,119,20.3,0.0,20.3,0.0
1415,1,L23104000838,119,105.3,0.0,105.3,0.0
1416,1,L23104000839,119,32.3,0.0,32.3,0.0
1417,1,L23104000840,122,45.3,0.0,45.3,0.0
1418,1,L23104000841,353,24.9,0.0,24.9,0.0
1419,1,L23104000842,289,55.9,0.0,55.9,0.0
1420,1,L23104000843,119,27.8,0.0,27.8,0.0
1421,1,L23104000844,353,61.2,0.0,61.2,0.0
1422,1,L23104000845,353,11.7,0.0,11.7,0.0
1423,1,L23103002975,113,4.01,0.0,4.01,0.0
1424,1,L23103002976,112,10.46,0.0,10.46,0.0
1425,1,M23104000846,119,24.35,0.0,24.35,0.0
1426,1,M23104000847,119,18.75,0.0,18.75,0.0
1427,1,M23104000848,119,29.32,0.0,29.32,0.0
1428,1,M23104000849,119,38.3,0.0,38.3,0.0
1429,1,M23103002977,169,0.12,0.0,0.12,0.0
1430,1,M23104000850,119,28.9,0.0,28.9,0.0
1431,1,M23103002978,169,0.25,0.0,0.25,0.0
1432,1,M23104000851,119,35.4,0.0,35.4,0.0
1433,1,M23104000852,351,8.6,0.0,8.6,0.0
1434,1,M23103002979,112,7.18,0.0,7.18,0.0
1435,1,M23103002980,102,1.2,0.0,1.2,0.0
1436,1,M23103002981,235,2.38,0.0,2.38,0.0
1437,1,M23104000853,122,36.0,0.0,36.0,0.0
1438,1,M23104000854,120,15.3,0.0,15.3,0.0
1439,1,M23104000855,119,33.3,0.0,33.3,0.0
1440,1,M23103002982,113,4.1,0.0,4.1,0.0
1441,1,M23104000856,119,42.3,0.0,42.3,0.0
1442,1,M23104000857,119,26.82,0.0,26.82,0.0
1443,1,M23104000858,119,95.3,0.0,95.3,0.0
1444,1,M23103002983,235,2.09,0.0,2.09,0.0
1445,1,M23104000859,351,5.1,0.0,5.1,0.0
1446,1,M23104000860,119,23.5,0.0,23.5,0.0
1447,1,M23103002984,116,0.97,0.0,0.97,0.0
1448,1,M23104000861,289,23.2,0.0,23.2,0.0
1449,1,M23104000862,351,21.3,0.0,21.3,0.0
1450,1,M23104000863,353,27.0,0.0,27.0,0.0
1451,1,M23103002985,101,7.33,0.0,7.33,0.0
1456,1,N23104000867,351,29.5,0.0,29.5,0.0
1457,1,J23103002966,103,3.07,0.0,3.07,0.0
1457,2,J23103002967,103,1.39,0.0,1.39,0.0
1457,3,J23103002968,103,1.44,0.0,1.44,0.0
1457,4,N23103002987,102,4.23,0.0,4.23,0.0
1457,5,N23103002988,102,5.63,0.0,5.63,0.0
1457,6,N23103002989,102,4.59,0.0,4.59,0.0
1457,7,N23103002990,102,3.51,0.0,3.51,0.0
1457,8,N23103002991,102,2.56,0.0,2.56,0.0
1457,9,N23103002992,102,2.65,0.0,2.65,0.0
1457,10,N23103002993,331,2.52,0.0,2.52,0.0
1457,11,N23103002994,331,4.81,0.0,4.81,0.0
1457,12,N23103002995,331,3.39,0.0,3.39,0.0
1457,13,N23103002996,331,1.72,0.0,1.72,0.0
1457,14,N23103002997,331,1.68,0.0,1.68,0.0
1457,15,N23103002998,331,1.23,0.0,1.23,0.0
1457,16,N23103002999,331,1.07,0.0,1.07,0.0
1457,17,N23103003000,331,1.2,0.0,1.2,0.0
1457,18,N23103003001,114,9.46,0.0,9.46,0.0
1457,19,N23103003002,114,12.81,0.0,12.81,0.0
1457,20,N23103003003,114,8.6,0.0,8.6,0.0
1457,21,N23103003004,114,9.9,0.0,9.9,0.0
1457,22,N23103003005,114,5.76,0.0,5.76,0.0
1457,23,N23103003006,114,6.02,0.0,6.02,0.0
1457,24,N23103003007,114,2.51,0.0,2.51,0.0
1457,25,N23103003008,112,14.82,0.0,14.82,0.0
1457,26,N23103003009,112,13.65,0.0,13.65,0.0
1457,27,N23103003010,112,15.79,0.0,15.79,0.0
1457,28,N23103003011,112,4.56,0.0,4.56,0.0
1457,29,N23103003012,112,5.78,0.0,5.78,0.0
1458,1,N23103003013,235,3.73,0.0,3.73,0.0
1458,2,N23103003014,235,3.63,0.0,3.63,0.0
1458,3,N23103003015,235,1.58,0.0,1.58,0.0
1458,4,N23103003016,235,2.01,0.0,2.01,0.0
1458,5,N23103003017,235,1.86,0.0,1.86,0.0
1458,6,N23103003018,235,3.29,0.0,3.29,0.0
1458,7,N23103003019,235,0.99,0.0,0.99,0.0
1458,8,N23103003020,235,3.05,0.0,3.05,0.0
1458,9,N23103003021,235,3.25,0.0,3.25,0.0
1458,10,N23103003022,235,7.42,0.0,7.42,0.0
1458,11,N23103003023,235,4.27,0.0,4.27,0.0
1458,12,N23103003024,235,2.72,0.0,2.72,0.0
1458,13,N23103003025,235,1.79,0.0,1.79,0.0
1458,14,N23103003026,235,3.02,0.0,3.02,0.0
1458,15,N23103003027,235,2.63,0.0,2.63,0.0
1458,16,N23103003028,331,1.55,0.0,1.55,0.0
1458,17,N23103003029,444,2.56,0.0,2.56,0.0
1458,18,N23103003030,444,2.53,0.0,2.53,0.0
1458,19,N23103003031,444,2.49,0.0,2.49,0.0
1458,20,N23103003032,444,2.56,0.0,2.56,0.0
1458,21,N23103003033,444,2.61,0.0,2.61,0.0
1458,22,N23103003034,444,2.55,0.0,2.55,0.0
1458,23,N23103003035,444,0.6,0.0,0.6,0.0
1334,1,G23103002674,116,1.53,0.0,1.53,0.0
1335,1,G23103002675,101,12.63,0.0,12.63,0.0
1336,1,G23103002676,101,9.16,0.0,9.16,0.0
1461,1,N23103003052,338,2.25,0.0,2.25,0.0
1462,1,N23103003053,169,0.3,0.0,0.3,0.0
1463,1,N23104000868,119,56.5,0.0,56.5,0.0
1464,1,N23103003054,113,4.9,0.0,4.9,0.0
1465,1,N23103003055,109,4.6,0.0,4.6,0.0
1466,1,N23103003056,169,0.1,0.0,0.1,0.0
1467,1,N23104000869,119,32.3,0.0,32.3,0.0
1468,1,N23103003057,113,3.2,0.0,3.2,0.0
1469,1,N23104000870,119,45.8,0.0,45.8,0.0
1470,1,N23104000871,119,48.3,0.0,48.3,0.0
1471,1,N23104000872,119,45.3,0.0,45.3,0.0
1472,1,N23104000873,119,27.58,0.0,27.58,0.0
1473,1,N23104000874,127,120.0,0.0,120.0,0.0
1474,1,N23104000875,119,16.3,0.0,16.3,0.0
1475,1,N23103003058,113,4.1,0.0,4.1,0.0
1476,1,N23103003059,113,3.9,0.0,3.9,0.0
1477,1,N23103003060,102,3.31,0.0,3.31,0.0
1478,1,O23104000876,353,23.7,0.0,23.7,0.0
1479,1,O23103003061,101,6.61,0.0,6.61,0.0
1479,2,O23103003062,101,6.12,0.0,6.12,0.0
1479,3,O23103003063,112,15.72,0.0,15.72,0.0
1479,4,O23103003064,338,2.52,0.0,2.52,0.0
1479,5,O23103003065,338,2.36,0.0,2.36,0.0
1479,6,O23103003066,331,5.02,0.0,5.02,0.0
1479,7,O23103003067,331,4.02,0.0,4.02,0.0
1479,8,O23103003068,102,2.48,0.0,2.48,0.0
1479,9,O23103003069,235,7.72,0.0,7.72,0.0
1479,10,O23103003070,235,0.33,0.0,0.33,0.0
1479,11,O23103003071,116,3.11,0.0,3.11,0.0
1479,12,O23103003072,102,5.56,0.0,5.56,0.0
1479,13,O23103003073,102,8.21,0.0,8.21,0.0
1479,14,O23103003074,102,3.07,0.0,3.07,0.0
1479,15,O23103003075,102,2.61,0.0,2.61,0.0
1479,16,O23103003076,102,4.71,0.0,4.71,0.0
1479,17,O23103003077,102,3.54,0.0,3.54,0.0
1479,18,O23103003078,102,5.27,0.0,5.27,0.0
1479,19,O23103003079,102,4.55,0.0,4.55,0.0
1479,20,O23103003080,102,4.17,0.0,4.17,0.0
1479,21,O23103003081,102,3.22,0.0,3.22,0.0
1479,22,O23103003082,102,3.46,0.0,3.46,0.0
1479,23,O23103003083,102,2.75,0.0,2.75,0.0
1479,24,O23103003084,102,3.49,0.0,3.49,0.0
1479,25,O23103003085,102,3.07,0.0,3.07,0.0
1479,26,O23103003086,235,5.88,0.0,5.88,0.0
1479,27,O23103003087,235,4.48,0.0,4.48,0.0
1479,28,O23103003088,235,4.68,0.0,4.68,0.0
1479,29,O23103003089,235,3.01,0.0,3.01,0.0
1479,30,O23103003090,235,3.96,0.0,3.96,0.0
1479,31,O23103003091,235,4.2,0.0,4.2,0.0
1479,32,O23103003092,112,10.58,0.0,10.58,0.0
1479,33,O23103003093,112,8.66,0.0,8.66,0.0
1479,34,O23103003094,112,10.85,0.0,10.85,0.0
1479,35,O23103003095,101,26.27,0.0,26.27,0.0
1480,1,O23103003096,102,3.37,0.0,3.37,0.0
1481,1,O23104000877,126,145.2,0.0,145.2,0.0
1482,1,O23103003097,110,6.15,0.0,6.15,0.0
1482,2,O23103003098,110,7.09,0.0,7.09,0.0
1482,3,O23103003099,110,5.59,0.0,5.59,0.0
1482,4,O23103003100,110,1.89,0.0,1.89,0.0
1482,5,O23103003101,110,3.47,0.0,3.47,0.0
1482,6,O23103003102,110,2.57,0.0,2.57,0.0
1482,7,O23103003103,110,1.81,0.0,1.81,0.0
1482,8,O23103003104,110,1.66,0.0,1.66,0.0
1482,9,O23103003105,110,0.7,0.0,0.7,0.0
1482,10,O23103003106,110,0.71,0.0,0.71,0.0
1482,11,O23103003107,110,0.67,0.0,0.67,0.0
1482,12,O23103003108,110,0.65,0.0,0.65,0.0
1482,13,O23103003109,110,0.69,0.0,0.69,0.0
1482,14,O23103003110,331,4.77,0.0,4.77,0.0
1482,15,O23103003111,331,1.83,0.0,1.83,0.0
1482,16,O23103003112,331,1.7,0.0,1.7,0.0
1482,17,O23103003113,331,3.47,0.0,3.47,0.0
1482,18,O23103003114,331,1.53,0.0,1.53,0.0
1482,19,O23103003115,374,1.2,0.0,1.2,0.0
1482,20,O23103003116,374,2.28,0.0,2.28,0.0
1482,21,O23103003117,374,2.5,0.0,2.5,0.0
1482,22,O23103003118,374,1.41,0.0,1.41,0.0
1482,23,O23103003119,374,1.58,0.0,1.58,0.0
1482,24,O23103003120,374,1.08,0.0,1.08,0.0
1482,25,O23103003121,374,1.26,0.0,1.26,0.0
1482,26,O23103003122,374,1.28,0.0,1.28,0.0
1482,27,O23103003123,374,1.82,0.0,1.82,0.0
1482,28,O23103003124,374,1.26,0.0,1.26,0.0
1482,29,O23103003125,374,1.07,0.0,1.07,0.0
1482,30,O23103003126,374,1.45,0.0,1.45,0.0
1482,31,O23103003127,230,5.0,0.0,5.0,0.0
1483,1,O23103003128,112,12.22,0.0,12.22,0.0
1483,2,O23103003129,112,11.93,0.0,11.93,0.0
1483,3,O23103003130,112,14.27,0.0,14.27,0.0
1483,4,O23103003131,112,11.69,0.0,11.69,0.0
1483,5,O23103003132,112,15.61,0.0,15.61,0.0
1483,6,O23103003133,112,15.95,0.0,15.95,0.0
1484,1,O23103003134,230,10.0,0.0,10.0,0.0
1484,2,O23103003135,230,10.0,0.0,10.0,0.0
1485,1,O23104000878,136,7.28,0.0,7.28,0.0
1486,1,O23103003136,230,1.0,0.0,1.0,0.0
1486,2,O23103003137,230,2.0,0.0,2.0,0.0
1487,1,O23104000879,127,70.0,0.0,70.0,0.0
1488,1,O23104000880,127,10.0,0.0,10.0,0.0
1489,1,O23104000881,127,5.0,0.0,5.0,0.0
1490,1,O23104000882,127,10.0,0.0,10.0,0.0
1491,1,O23104000883,122,150.32,0.0,150.32,0.0
1492,1,O23104000884,127,5.0,0.0,5.0,0.0
1351,1,H23103002770,110,8.8,0.0,8.8,0.0
1351,2,H23103002771,110,6.39,0.0,6.39,0.0
1351,3,H23103002772,110,4.15,0.0,4.15,0.0
1351,4,H23103002773,110,5.52,0.0,5.52,0.0
1351,5,H23103002774,110,9.61,0.0,9.61,0.0
1351,6,H23103002775,110,4.22,0.0,4.22,0.0
1408,1,J23104000832,351,11.73,0.0,11.73,0.0
1409,1,J23103002974,428,3.62,0.0,3.62,0.0
1410,1,J23104000833,119,46.7,0.0,46.7,0.0
1452,1,M23103002986,110,7.9,0.0,7.9,0.0
1453,1,M23104000864,119,43.2,0.0,43.2,0.0
1454,1,M23104000865,119,32.3,0.0,32.3,0.0
1455,1,M23104000866,119,48.33,0.0,48.33,0.0
1493,1,O23104000885,127,10.0,0.0,10.0,0.0
1494,1,O23104000886,127,12.0,0.0,12.0,0.0
1495,1,O23104000887,127,5.0,0.0,5.0,0.0
1496,1,O23104000888,119,35.2,0.0,35.2,0.0
1497,1,O23104000889,127,10.0,0.0,10.0,0.0
1498,1,O23104000890,127,10.0,0.0,10.0,0.0
1499,1,O23104000891,119,32.2,0.0,32.2,0.0
1500,1,O23104000892,119,42.3,0.0,42.3,0.0
1501,1,O23104000893,120,10.0,0.0,10.0,0.0
1502,1,O23104000894,127,10.0,0.0,10.0,0.0
1503,1,O23104000895,127,5.0,0.0,5.0,0.0
1504,1,O23104000896,127,10.0,0.0,10.0,0.0
1505,1,O23104000897,127,20.0,0.0,20.0,0.0
1506,1,O23104000898,127,5.0,0.0,5.0,0.0
1507,1,O23104000899,249,63.2,0.0,63.2,0.0
1508,1,O23104000900,127,5.0,0.0,5.0,0.0
1509,1,O23104000901,127,10.0,0.0,10.0,0.0
1510,1,O23104000902,127,20.0,0.0,20.0,0.0
1511,1,O23104000903,127,20.0,0.0,20.0,0.0
1512,1,O23104000904,127,10.0,0.0,10.0,0.0
1513,1,O23104000905,122,65.3,0.0,65.3,0.0
1514,1,O23104000906,127,10.0,0.0,10.0,0.0
1515,1,O23104000907,127,20.0,0.0,20.0,0.0
1516,1,O23104000908,127,40.0,0.0,40.0,0.0
1517,1,O23104000909,120,10.2,0.0,10.2,0.0
1518,1,O23104000910,127,30.0,0.0,30.0,0.0
1519,1,O23104000911,127,10.0,0.0,10.0,0.0
1520,1,O23104000912,127,10.0,0.0,10.0,0.0
1521,1,O23104000913,127,10.0,0.0,10.0,0.0
1522,1,O23104000914,127,20.0,0.0,20.0,0.0
1523,1,O23104000915,119,25.0,0.0,25.0,0.0
1524,1,O23104000916,127,15.0,0.0,15.0,0.0
1525,1,O23104000917,120,15.3,0.0,15.3,0.0
1526,1,O23104000918,127,5.0,0.0,5.0,0.0
1527,1,O23104000919,119,45.3,0.0,45.3,0.0
1528,1,O23104000920,129,10.2,0.0,10.2,0.0
1529,1,O23104000921,249,35.3,0.0,35.3,0.0
1530,1,O23104000922,119,29.63,0.0,29.63,0.0
1531,1,O23104000923,123,10.2,0.0,10.2,0.0
1532,1,O23104000924,119,39.2,0.0,39.2,0.0
1533,1,O23104000925,127,20.0,0.0,20.0,0.0
1534,1,O23104000926,126,256.3,0.0,256.3,0.0
1535,1,O23104000927,119,45.3,0.0,45.3,0.0
1536,1,O23104000928,119,35.63,0.0,35.63,0.0
1537,1,O23104000929,127,10.0,0.0,10.0,0.0
1538,1,O23104000930,119,23.3,0.0,23.3,0.0
1539,1,O23104000931,127,5.0,0.0,5.0,0.0
1540,1,O23104000932,127,10.0,0.0,10.0,0.0
1541,1,O23104000933,119,39.25,0.0,39.25,0.0
1542,1,O23104000934,119,85.3,0.0,85.3,0.0
1543,1,O23104000935,125,58.3,0.0,58.3,0.0
1544,1,O23104000936,126,75.0,0.0,75.0,0.0
1545,1,O23103003138,102,2.35,0.0,2.35,0.0
1546,1,O23104000937,122,32.56,0.0,32.56,0.0
1547,1,O23104000938,119,85.32,0.0,85.32,0.0
1548,1,O23104000939,127,15.0,0.0,15.0,0.0
1549,1,O23104000940,119,65.3,0.0,65.3,0.0
1550,1,O23104000941,127,20.0,0.0,20.0,0.0
1551,1,O23104000942,127,10.0,0.0,10.0,0.0
1552,1,O23103003139,235,7.11,0.0,7.11,0.0
1553,1,O23104000943,119,25.3,0.0,25.3,0.0
1554,1,O23104000944,119,26.3,0.0,26.3,0.0
1555,1,O23107000280,273,2.51,0.14,2.482,46585.0
1555,2,O23107000281,273,2.47,0.17,2.436,49339.0
1555,3,O23107000282,273,2.34,0.15,2.31,45567.0
1555,4,O23107000283,273,2.44,0.16,2.408,47862.0
1555,5,O23107000284,273,1.49,0.13,1.464,32918.0
1555,6,O23107000285,273,1.7,0.11,1.678,33349.0
1555,7,O23107000286,273,1.65,0.17,1.616,39110.0
1555,8,O23107000287,427,1.35,0.22,1.306,40951.0
1555,9,O23107000288,427,1.58,0.15,1.55,36145.0
1555,10,O23107000289,271,0.36,0.008,0.358,14319.0
1555,11,O23107000290,271,0.33,0.09,0.312,15057.0
1555,12,O23107000291,271,0.35,0.06,0.338,12116.0
1555,13,O23107000292,272,1.68,0.14,1.652,36242.0
1555,14,O23107000293,399,1.81,0.29,1.752,54350.0
1555,15,O23107000294,399,2.0,0.22,1.956,49009.0
1555,16,O23107000295,271,0.29,0.06,0.278,11455.0
1556,1,O23103003140,374,1.2,0.0,1.2,0.0
1557,1,O23104000945,119,33.2,0.0,33.2,0.0
1558,1,O23103003141,374,3.29,0.0,3.29,0.0
1559,1,O23103003142,116,0.75,0.0,0.75,0.0
1560,1,O23104000946,119,33.25,0.0,33.25,0.0
1561,1,O23104000947,351,35.3,0.0,35.3,0.0
1562,1,O23104000948,120,10.5,0.0,10.5,0.0
1563,1,O23104000949,119,46.0,0.0,46.0,0.0
1564,1,O23103003143,374,1.79,0.0,1.79,0.0
1565,1,O23104000950,119,39.01,0.0,39.01,0.0
1566,1,O23104000951,352,13.62,0.0,13.62,0.0
1567,1,O23104000952,130,10.0,0.0,10.0,0.0
1568,1,O23104000953,138,23.77,0.0,23.77,0.0
1569,1,O23104000954,128,2.0,0.0,2.0,0.0
1570,1,O23104000955,120,9.5,0.0,9.5,0.0
1368,3,H23103002837,101,9.72,0.0,9.72,0.0
1368,4,H23103002838,101,8.26,0.0,8.26,0.0
1368,5,H23103002839,102,5.79,0.0,5.79,0.0
1368,6,H23103002840,102,5.33,0.0,5.33,0.0
1368,7,H23103002841,102,4.95,0.0,4.95,0.0
1368,8,H23103002842,331,2.41,0.0,2.41,0.0
1368,9,H23103002843,331,2.05,0.0,2.05,0.0
1368,10,H23103002844,331,2.29,0.0,2.29,0.0
1368,11,H23103002845,101,5.36,0.0,5.36,0.0
1368,12,H23103002846,101,4.55,0.0,4.55,0.0
1368,13,H23103002847,101,4.8,0.0,4.8,0.0
1368,14,H23103002848,101,4.84,0.0,4.84,0.0
1368,15,H23103002849,101,6.38,0.0,6.38,0.0
1369,1,H23104000807,119,42.5,0.0,42.5,0.0
1571,1,O23104000956,124,20.9,0.0,20.9,0.0
1572,1,O23104000957,249,16.3,0.0,16.3,0.0
1573,1,O23104000958,440,3.3,0.0,3.3,0.0
1574,1,O23104000959,351,8.88,0.0,8.88,0.0
1575,1,O23104000960,440,2.3,0.0,2.3,0.0
1576,1,O23104000961,134,3.563,0.0,3.563,0.0
1577,1,O23103003144,169,0.32,0.0,0.32,0.0
1578,1,O23104000962,119,31.0,0.0,31.0,0.0
1579,1,O23104000963,353,8.0,0.0,8.0,0.0
1580,1,O23103003145,102,9.14,0.0,9.14,0.0
1581,1,O23104000964,352,51.28,0.0,51.28,0.0
1582,1,O23104000965,119,25.9,0.0,25.9,0.0
1583,1,O23104000966,289,6.9,0.0,6.9,0.0
1584,1,O23103003146,113,4.2,0.0,4.2,0.0
1585,1,O23103003147,112,14.84,0.0,14.84,0.0
1586,1,O23103003148,112,15.72,0.0,15.72,0.0
1587,1,O23103003149,235,2.9,0.0,2.9,0.0
1587,2,O23103003150,235,3.46,0.0,3.46,0.0
1587,3,O23103003151,235,3.2,0.0,3.2,0.0
1588,1,O23104000967,289,25.36,0.0,25.36,0.0
1589,1,O23103003152,169,0.12,0.0,0.12,0.0
1590,1,O23104000968,151,4.2,0.0,4.2,0.0
1591,1,O23104000969,249,23.52,0.0,23.52,0.0
1592,1,O23107000296,399,1.46,0.6,1.34,85000.0
1593,1,O23103003153,115,0.88,0.0,0.88,0.0
1594,1,O23104000970,119,90.1,0.0,90.1,0.0
1594,2,O23104000971,119,83.3,0.0,83.3,0.0
1594,3,O23104000972,119,62.1,0.0,62.1,0.0
1594,4,O23104000973,119,60.4,0.0,60.4,0.0
1594,5,O23104000974,119,33.8,0.0,33.8,0.0
1594,6,O23104000975,119,49.3,0.0,49.3,0.0
1594,7,O23104000976,119,39.3,0.0,39.3,0.0
1594,8,O23104000977,119,43.5,0.0,43.5,0.0
1594,9,O23104000978,119,38.6,0.0,38.6,0.0
1594,10,O23104000979,119,25.1,0.0,25.1,0.0
1594,11,O23104000980,119,28.9,0.0,28.9,0.0
1594,12,O23104000981,119,17.0,0.0,17.0,0.0
1594,13,O23104000982,119,18.5,0.0,18.5,0.0
1594,14,O23104000983,119,22.5,0.0,22.5,0.0
1594,15,O23104000984,119,34.2,0.0,34.2,0.0
1594,16,O23104000985,119,32.2,0.0,32.2,0.0
1594,17,O23104000986,119,32.3,0.0,32.3,0.0
1594,18,O23104000987,119,35.2,0.0,35.2,0.0
1594,19,O23104000988,119,67.0,0.0,67.0,0.0
1594,20,O23104000989,119,71.0,0.0,71.0,0.0
1594,21,O23104000990,119,16.8,0.0,16.8,0.0
1594,22,O23104000991,119,23.1,0.0,23.1,0.0
1594,23,O23104000992,119,19.8,0.0,19.8,0.0
1594,24,O23104000993,119,19.2,0.0,19.2,0.0
1594,25,O23104000994,119,22.6,0.0,22.6,0.0
1594,26,O23104000995,119,23.0,0.0,23.0,0.0
1594,27,O23104000996,119,27.5,0.0,27.5,0.0
1594,28,O23104000997,119,18.0,0.0,18.0,0.0
1594,29,O23104000998,119,26.6,0.0,26.6,0.0
1594,30,O23104000999,119,28.3,0.0,28.3,0.0
1594,31,O23104001000,119,27.1,0.0,27.1,0.0
1594,32,O23104001001,119,32.4,0.0,32.4,0.0
1594,33,O23104001002,119,16.8,0.0,16.8,0.0
1594,34,O23104001003,119,19.7,0.0,19.7,0.0
1594,35,O23104001004,119,53.8,0.0,53.8,0.0
1594,36,O23104001005,119,53.1,0.0,53.1,0.0
1594,37,O23104001006,119,83.9,0.0,83.9,0.0
1594,38,O23104001007,119,46.0,0.0,46.0,0.0
1594,39,O23104001008,119,69.0,0.0,69.0,0.0
1594,40,O23104001009,119,96.5,0.0,96.5,0.0
1594,41,O23104001010,119,97.1,0.0,97.1,0.0
1594,42,O23104001011,119,30.9,0.0,30.9,0.0
1594,43,O23104001012,119,32.5,0.0,32.5,0.0
1594,44,O23104001013,119,30.3,0.0,30.3,0.0
1594,45,O23104001014,119,32.2,0.0,32.2,0.0
1594,46,O23104001015,119,47.2,0.0,47.2,0.0
1594,47,O23104001016,119,35.1,0.0,35.1,0.0
1594,48,O23104001017,119,25.0,0.0,25.0,0.0
1594,49,O23104001018,119,75.8,0.0,75.8,0.0
1594,50,O23104001019,119,43.3,0.0,43.3,0.0
1594,51,O23104001020,119,43.4,0.0,43.4,0.0
1594,52,O23104001021,119,94.1,0.0,94.1,0.0
1594,53,O23104001022,119,83.0,0.0,83.0,0.0
1594,54,O23104001023,119,73.9,0.0,73.9,0.0
1594,55,O23104001024,119,73.12,0.0,73.12,0.0
1594,56,O23104001025,119,65.3,0.0,65.3,0.0
1594,57,O23104001026,119,71.2,0.0,71.2,0.0
1594,58,O23104001027,119,85.3,0.0,85.3,0.0
1594,59,O23104001028,119,34.1,0.0,34.1,0.0
1594,60,O23104001029,119,36.2,0.0,36.2,0.0
1594,61,O23104001030,119,31.9,0.0,31.9,0.0
1594,62,O23104001031,119,55.4,0.0,55.4,0.0
1594,63,O23104001032,119,19.9,0.0,19.9,0.0
1594,64,O23104001033,119,21.8,0.0,21.8,0.0
1594,65,O23104001034,119,21.2,0.0,21.2,0.0
1594,66,O23104001035,119,19.1,0.0,19.1,0.0
1594,67,O23104001036,119,19.3,0.0,19.3,0.0
1370,1,H23104000808,440,5.0,0.0,5.0,0.0
1371,1,H23103002850,113,4.02,0.0,4.02,0.0
1372,1,H23103002851,113,4.24,0.0,4.24,0.0
1373,1,H23104000809,119,46.21,0.0,46.21,0.0
1594,68,O23104001037,119,19.2,0.0,19.2,0.0
1594,69,O23104001038,119,34.08,0.0,34.08,0.0
1594,70,O23104001039,119,19.7,0.0,19.7,0.0
1594,71,O23104001040,119,22.1,0.0,22.1,0.0
1594,72,O23104001041,119,43.4,0.0,43.4,0.0
1594,73,O23104001042,119,29.2,0.0,29.2,0.0
1594,74,O23104001043,119,38.8,0.0,38.8,0.0
1594,75,O23104001044,119,27.6,0.0,27.6,0.0
1594,76,O23104001045,119,31.9,0.0,31.9,0.0
1594,77,O23104001046,119,51.0,0.0,51.0,0.0
1594,78,O23104001047,119,34.0,0.0,34.0,0.0
1594,79,O23104001048,119,30.0,0.0,30.0,0.0
1595,1,O23104001049,119,29.88,0.0,29.88,0.0
1595,2,O23104001050,119,36.13,0.0,36.13,0.0
1595,3,O23104001051,119,85.93,0.0,85.93,0.0
1595,4,O23104001052,119,32.46,0.0,32.46,0.0
1595,5,O23104001053,119,52.2,0.0,52.2,0.0
1595,6,O23104001054,119,30.67,0.0,30.67,0.0
1595,7,O23104001055,119,88.12,0.0,88.12,0.0
1595,8,O23104001056,119,19.45,0.0,19.45,0.0
1595,9,O23104001057,119,28.19,0.0,28.19,0.0
1595,10,O23104001058,119,44.8,0.0,44.8,0.0
1595,11,O23104001059,119,42.77,0.0,42.77,0.0
1595,12,O23104001060,119,19.92,0.0,19.92,0.0
1595,13,O23104001061,119,27.24,0.0,27.24,0.0
1595,14,O23104001062,119,23.87,0.0,23.87,0.0
1595,15,O23104001063,119,109.75,0.0,109.75,0.0
1595,16,O23104001064,119,15.86,0.0,15.86,0.0
1595,17,O23104001065,119,39.91,0.0,39.91,0.0
1595,18,O23104001066,119,15.3,0.0,15.3,0.0
1595,19,O23104001067,119,18.29,0.0,18.29,0.0
1595,20,O23104001068,119,19.1,0.0,19.1,0.0
1595,21,O23104001069,346,19.09,0.0,19.09,0.0
1595,22,O23104001070,346,29.91,0.0,29.91,0.0
1595,23,O23104001071,346,20.48,0.0,20.48,0.0
1595,24,O23104001072,346,20.55,0.0,20.55,0.0
1595,25,O23104001073,346,31.62,0.0,31.62,0.0
1595,26,O23104001074,346,31.71,0.0,31.71,0.0
1595,27,O23104001075,346,19.76,0.0,19.76,0.0
1595,28,O23104001076,346,19.57,0.0,19.57,0.0
1595,29,O23104001077,346,13.91,0.0,13.91,0.0
1595,30,O23104001078,346,14.07,0.0,14.07,0.0
1595,31,O23104001079,346,14.23,0.0,14.23,0.0
1595,32,O23104001080,346,25.97,0.0,25.97,0.0
1595,33,O23104001081,346,25.36,0.0,25.36,0.0
1595,34,O23104001082,346,30.44,0.0,30.44,0.0
1595,35,O23104001083,346,32.0,0.0,32.0,0.0
1595,36,O23104001084,346,28.77,0.0,28.77,0.0
1595,37,O23104001085,346,27.13,0.0,27.13,0.0
1595,38,O23104001086,346,33.25,0.0,33.25,0.0
1595,39,O23104001087,346,43.73,0.0,43.73,0.0
1595,40,O23104001088,346,34.43,0.0,34.43,0.0
1595,41,O23104001089,346,42.75,0.0,42.75,0.0
1595,42,O23104001090,346,48.68,0.0,48.68,0.0
1595,43,O23104001091,346,46.83,0.0,46.83,0.0
1595,44,O23104001092,346,14.41,0.0,14.41,0.0
1595,45,O23104001093,346,50.57,0.0,50.57,0.0
1595,46,O23104001094,346,19.71,0.0,19.71,0.0
1595,47,O23104001095,346,40.27,0.0,40.27,0.0
1595,48,O23104001096,346,202.87,0.0,202.87,0.0
1595,49,O23104001097,346,31.59,0.0,31.59,0.0
1595,50,O23104001098,346,121.63,0.0,121.63,0.0
1595,51,O23104001099,346,76.67,0.0,76.67,0.0
1595,52,O23104001100,346,130.54,0.0,130.54,0.0
1595,53,O23104001101,346,171.27,0.0,171.27,0.0
1595,54,O23104001102,346,160.35,0.0,160.35,0.0
1595,55,O23104001103,346,126.58,0.0,126.58,0.0
1595,56,O23104001104,346,74.16,0.0,74.16,0.0
1595,57,O23104001105,346,149.52,0.0,149.52,0.0
1595,58,O23104001106,346,54.23,0.0,54.23,0.0
1595,59,O23104001107,346,44.11,0.0,44.11,0.0
1595,60,O23104001108,346,112.51,0.0,112.51,0.0
1595,61,O23104001109,346,147.61,0.0,147.61,0.0
1595,62,O23104001110,346,167.9,0.0,167.9,0.0
1596,1,O23104001111,346,16.61,0.0,16.61,0.0
1596,2,O23104001112,346,18.1,0.0,18.1,0.0
1596,3,O23104001113,346,15.75,0.0,15.75,0.0
1596,4,O23104001114,346,15.77,0.0,15.77,0.0
1596,5,O23104001115,346,18.15,0.0,18.15,0.0
1596,6,O23104001116,346,16.15,0.0,16.15,0.0
1596,7,O23104001117,346,16.22,0.0,16.22,0.0
1596,8,O23104001118,346,17.67,0.0,17.67,0.0
1596,9,O23104001119,346,26.87,0.0,26.87,0.0
1596,10,O23104001120,346,22.89,0.0,22.89,0.0
1596,11,O23104001121,346,16.86,0.0,16.86,0.0
1596,12,O23104001122,346,15.65,0.0,15.65,0.0
1596,13,O23104001123,346,23.33,0.0,23.33,0.0
1596,14,O23104001124,346,33.03,0.0,33.03,0.0
1596,15,O23104001125,346,15.65,0.0,15.65,0.0
1596,16,O23104001126,346,22.55,0.0,22.55,0.0
1596,17,O23104001127,346,22.73,0.0,22.73,0.0
1596,18,O23104001128,346,24.88,0.0,24.88,0.0
1596,19,O23104001129,346,33.58,0.0,33.58,0.0
1596,20,O23104001130,346,14.36,0.0,14.36,0.0
1596,21,O23104001131,346,40.45,0.0,40.45,0.0
1596,22,O23104001132,346,13.67,0.0,13.67,0.0
1596,23,O23104001133,346,15.59,0.0,15.59,0.0
1596,24,O23104001134,346,14.34,0.0,14.34,0.0
1596,25,O23104001135,346,17.38,0.0,17.38,0.0
1597,1,O23104001136,346,35.98,0.0,35.98,0.0
1597,2,O23104001137,346,35.46,0.0,35.46,0.0
1597,3,O23104001138,346,36.03,0.0,36.03,0.0
1395,44,J23103002957,116,1.01,0.0,1.01,0.0
1395,45,J23103002958,116,1.05,0.0,1.05,0.0
1395,46,J23103002959,116,0.76,0.0,0.76,0.0
1395,47,J23103002960,116,0.92,0.0,0.92,0.0
1395,48,J23103002961,116,0.68,0.0,0.68,0.0
1395,49,J23103002962,116,1.25,0.0,1.25,0.0
1395,50,J23103002963,116,0.85,0.0,0.85,0.0
1395,51,J23103002964,116,0.75,0.0,0.75,0.0
1395,52,J23103002965,327,11.52,0.0,11.52,0.0
1396,1,J23104000825,142,11.0,0.0,11.0,0.0
1397,1,J23104000826,132,4.0,0.0,4.0,0.0
1598,1,O23104001139,139,9.18,0.0,9.18,0.0
1598,2,O23104001140,139,15.68,0.0,15.68,0.0
1598,3,O23104001141,139,24.4,0.0,24.4,0.0
1598,4,O23104001142,139,39.02,0.0,39.02,0.0
1598,5,O23104001143,139,51.44,0.0,51.44,0.0
1598,6,O23104001144,139,48.51,0.0,48.51,0.0
1598,7,O23104001145,139,97.12,0.0,97.12,0.0
1598,8,O23104001146,139,103.77,0.0,103.77,0.0
1598,9,O23104001147,139,39.16,0.0,39.16,0.0
1598,10,O23104001148,139,47.88,0.0,47.88,0.0
1598,11,O23104001149,139,48.93,0.0,48.93,0.0
1598,12,O23104001150,139,48.88,0.0,48.88,0.0
1598,13,O23104001151,139,71.77,0.0,71.77,0.0
1598,14,O23104001152,139,75.96,0.0,75.96,0.0
1598,15,O23104001153,139,118.33,0.0,118.33,0.0
1598,16,O23104001154,139,168.52,0.0,168.52,0.0
1598,17,O23104001155,139,179.58,0.0,179.58,0.0
1598,18,O23104001156,139,171.1,0.0,171.1,0.0
1598,19,O23104001157,125,39.33,0.0,39.33,0.0
1598,20,O23104001158,125,44.97,0.0,44.97,0.0
1598,21,O23104001159,125,46.95,0.0,46.95,0.0
1598,22,O23104001160,125,65.5,0.0,65.5,0.0
1598,23,O23104001161,125,44.76,0.0,44.76,0.0
1598,24,O23104001162,125,42.75,0.0,42.75,0.0
1598,25,O23104001163,125,50.72,0.0,50.72,0.0
1598,26,O23104001164,125,51.79,0.0,51.79,0.0
1599,1,O23104001165,136,29.71,0.0,29.71,0.0
1599,2,O23104001166,136,12.52,0.0,12.52,0.0
1599,3,O23104001167,136,12.32,0.0,12.32,0.0
1599,4,O23104001168,136,24.86,0.0,24.86,0.0
1599,5,O23104001169,136,21.59,0.0,21.59,0.0
1599,6,O23104001170,136,31.6,0.0,31.6,0.0
1599,7,O23104001171,136,27.81,0.0,27.81,0.0
1599,8,O23104001172,136,15.55,0.0,15.55,0.0
1599,9,O23104001173,136,10.73,0.0,10.73,0.0
1599,10,O23104001174,136,10.75,0.0,10.75,0.0
1599,11,O23104001175,136,10.8,0.0,10.8,0.0
1599,12,O23104001176,136,10.26,0.0,10.26,0.0
1599,13,O23104001177,136,10.16,0.0,10.16,0.0
1599,14,O23104001178,136,15.02,0.0,15.02,0.0
1599,15,O23104001179,136,7.79,0.0,7.79,0.0
1599,16,O23104001180,136,5.42,0.0,5.42,0.0
1599,17,O23104001181,136,5.6,0.0,5.6,0.0
1599,18,O23104001182,136,5.89,0.0,5.89,0.0
1600,1,O23104001183,247,128.99,0.0,128.99,0.0
1600,2,O23104001184,247,57.78,0.0,57.78,0.0
1602,1,O23104001230,126,115.85,0.0,115.85,0.0
1602,2,O23104001231,126,54.69,0.0,54.69,0.0
1602,3,O23104001232,126,99.03,0.0,99.03,0.0
1602,4,O23104001233,126,73.17,0.0,73.17,0.0
1602,5,O23104001234,126,78.16,0.0,78.16,0.0
1602,6,O23104001235,354,46.03,0.0,46.03,0.0
1602,7,O23104001236,354,51.7,0.0,51.7,0.0
1602,8,O23104001237,126,121.16,0.0,121.16,0.0
1602,9,O23104001238,160,72.84,0.0,72.84,0.0
1602,10,O23104001239,160,33.22,0.0,33.22,0.0
1602,11,O23104001240,160,41.74,0.0,41.74,0.0
1602,12,O23104001241,160,42.28,0.0,42.28,0.0
1602,13,O23104001242,160,22.82,0.0,22.82,0.0
1602,14,O23104001243,160,16.98,0.0,16.98,0.0
1602,15,O23104001244,160,12.92,0.0,12.92,0.0
1602,16,O23104001245,160,26.8,0.0,26.8,0.0
1602,17,O23104001246,160,23.72,0.0,23.72,0.0
1602,18,O23104001247,160,20.92,0.0,20.92,0.0
1602,19,O23104001248,160,9.99,0.0,9.99,0.0
1602,20,O23104001249,160,9.48,0.0,9.48,0.0
1602,21,O23104001250,160,9.2,0.0,9.2,0.0
1602,22,O23104001251,160,8.99,0.0,8.99,0.0
1602,23,O23104001252,160,8.33,0.0,8.33,0.0
1602,24,O23104001253,160,13.46,0.0,13.46,0.0
1603,1,P23104001254,351,28.3,0.0,28.3,0.0
1604,1,P23104001255,351,12.0,0.0,12.0,0.0
1605,1,P23104001256,351,7.0,0.0,7.0,0.0
1606,1,P23104001257,353,71.79,0.0,71.79,0.0
1607,1,P23104001258,249,150.69,0.0,150.69,0.0
1607,2,P23104001259,249,131.49,0.0,131.49,0.0
1607,3,P23104001260,249,85.07,0.0,85.07,0.0
1607,4,P23104001261,249,31.02,0.0,31.02,0.0
1607,5,P23104001262,249,34.94,0.0,34.94,0.0
1607,6,P23104001263,249,25.14,0.0,25.14,0.0
1607,7,P23104001264,249,29.69,0.0,29.69,0.0
1607,8,P23104001265,249,29.58,0.0,29.58,0.0
1607,9,P23104001266,249,31.78,0.0,31.78,0.0
1607,10,P23104001267,249,37.87,0.0,37.87,0.0
1607,11,P23104001268,249,21.93,0.0,21.93,0.0
1607,12,P23104001269,249,21.67,0.0,21.67,0.0
1607,13,P23104001270,249,13.45,0.0,13.45,0.0
1607,14,P23104001271,249,13.89,0.0,13.89,0.0
1607,15,P23104001272,249,10.04,0.0,10.04,0.0
1607,16,P23104001273,249,9.67,0.0,9.67,0.0
1607,17,P23104001274,249,15.51,0.0,15.51,0.0
1607,18,P23104001275,249,23.94,0.0,23.94,0.0
1607,19,P23104001276,249,12.21,0.0,12.21,0.0
1607,20,P23104001277,249,18.14,0.0,18.14,0.0
1607,21,P23104001278,249,10.61,0.0,10.61,0.0
1458,24,N23103003036,444,0.57,0.0,0.57,0.0
1458,25,N23103003037,444,0.58,0.0,0.58,0.0
1458,26,N23103003038,444,0.58,0.0,0.58,0.0
1458,27,N23103003039,420,2.42,0.0,2.42,0.0
1458,28,N23103003040,420,1.75,0.0,1.75,0.0
1458,29,N23103003041,420,1.86,0.0,1.86,0.0
1458,30,N23103003042,420,2.46,0.0,2.46,0.0
1458,31,N23103003043,420,2.55,0.0,2.55,0.0
1458,32,N23103003044,420,2.02,0.0,2.02,0.0
1458,33,N23103003045,115,2.6,0.0,2.6,0.0
1458,34,N23103003046,115,1.32,0.0,1.32,0.0
1458,35,N23103003047,115,1.34,0.0,1.34,0.0
1458,36,N23103003048,115,1.11,0.0,1.11,0.0
1458,37,N23103003049,115,3.31,0.0,3.31,0.0
1459,1,N23103003050,113,7.35,0.0,7.35,0.0
1460,1,N23103003051,112,9.65,0.0,9.65,0.0
1607,22,P23104001279,249,19.56,0.0,19.56,0.0
1607,23,P23104001280,249,14.66,0.0,14.66,0.0
1607,24,P23104001281,249,42.47,0.0,42.47,0.0
1607,25,P23104001282,249,16.54,0.0,16.54,0.0
1607,26,P23104001283,249,11.83,0.0,11.83,0.0
1607,27,P23104001284,249,15.15,0.0,15.15,0.0
1607,28,P23104001285,249,6.39,0.0,6.39,0.0
1607,29,P23104001286,249,5.32,0.0,5.32,0.0
1607,30,P23104001287,249,2.26,0.0,2.26,0.0
1607,31,P23104001288,249,23.12,0.0,23.12,0.0
1607,32,P23104001289,249,13.26,0.0,13.26,0.0
1607,33,P23104001290,249,56.31,0.0,56.31,0.0
1607,34,P23104001291,249,36.96,0.0,36.96,0.0
1607,35,P23104001292,249,31.41,0.0,31.41,0.0
1607,36,P23104001293,249,34.95,0.0,34.95,0.0
1607,37,P23104001294,249,34.5,0.0,34.5,0.0
1607,38,P23104001295,249,18.3,0.0,18.3,0.0
1607,39,P23104001296,249,13.01,0.0,13.01,0.0
1607,40,P23104001297,249,17.99,0.0,17.99,0.0
1607,41,P23104001298,249,10.89,0.0,10.89,0.0
1607,42,P23104001299,249,20.58,0.0,20.58,0.0
1607,43,P23104001300,249,14.79,0.0,14.79,0.0
1607,44,P23104001301,249,18.05,0.0,18.05,0.0
1607,45,P23104001302,249,9.82,0.0,9.82,0.0
1607,46,P23104001303,249,14.58,0.0,14.58,0.0
1607,47,P23104001304,249,14.01,0.0,14.01,0.0
1607,48,P23104001305,249,14.59,0.0,14.59,0.0
1607,49,P23104001306,249,12.3,0.0,12.3,0.0
1607,50,P23104001307,249,11.52,0.0,11.52,0.0
1607,51,P23104001308,249,9.01,0.0,9.01,0.0
1607,52,P23104001309,249,9.19,0.0,9.19,0.0
1607,53,P23104001310,249,10.53,0.0,10.53,0.0
1607,54,P23104001311,249,9.81,0.0,9.81,0.0
1607,55,P23104001312,249,9.88,0.0,9.88,0.0
1607,56,P23104001313,249,10.86,0.0,10.86,0.0
1607,57,P23104001314,249,8.21,0.0,8.21,0.0
1607,58,P23104001315,249,6.13,0.0,6.13,0.0
1607,59,P23104001316,249,6.72,0.0,6.72,0.0
1607,60,P23104001317,249,8.59,0.0,8.59,0.0
1607,61,P23104001318,249,5.56,0.0,5.56,0.0
1607,62,P23104001319,249,6.53,0.0,6.53,0.0
1607,63,P23104001320,249,6.36,0.0,6.36,0.0
1608,1,P23104001321,353,16.86,0.0,16.86,0.0
1609,1,P23103003154,110,1.16,0.0,1.16,0.0
1611,1,P23104001323,309,28.3,0.0,28.3,0.0
1612,1,P23104001324,151,7.65,0.0,7.65,0.0
1613,1,P23104001325,351,10.13,0.0,10.13,0.0
1614,1,P23104001326,119,40.3,0.0,40.3,0.0
1615,1,P23104001327,351,5.2,0.0,5.2,0.0
1616,1,P23103003155,115,0.4,0.0,0.4,0.0
1617,1,P23103003156,404,1.16,0.0,1.16,0.0
1618,1,P23104001328,289,12.6,0.0,12.6,0.0
1619,1,P23104001329,157,14.5,0.0,14.5,0.0
1620,1,P23104001330,351,10.26,0.0,10.26,0.0
1622,1,E24104001331,353,53.15,0.0,53.15,0.0
1623,1,E24104001332,163,15.66,0.0,15.66,0.0
1624,1,E24103003165,406,0.7,0.0,0.7,0.0
1626,1,E24103003158,112,8.17,0.0,8.17,0.0
1626,2,E24103003159,235,5.83,0.0,5.83,0.0
1626,3,E24103003160,235,4.14,0.0,4.14,0.0
1626,4,E24103003161,112,8.02,0.0,8.02,0.0
1626,5,E24103003162,112,8.1,0.0,8.1,0.0
1626,6,E24103003163,112,3.56,0.0,3.56,0.0
1626,7,E24103003164,445,2.13,0.0,2.13,0.0
1626,8,E24103003166,112,12.37,0.0,12.37,0.0
1626,9,E24103003167,112,5.83,0.0,5.83,0.0
1626,10,E24103003168,112,10.44,0.0,10.44,0.0
1626,11,E24103003169,112,10.98,0.0,10.98,0.0
1626,12,E24103003170,112,7.95,0.0,7.95,0.0
1626,13,E24103003171,112,12.23,0.0,12.23,0.0
1626,14,E24103003172,374,1.29,0.0,1.29,0.0
1626,15,E24103003173,374,1.91,0.0,1.91,0.0
1626,16,E24103003174,374,2.14,0.0,2.14,0.0
1626,17,E24103003175,374,1.78,0.0,1.78,0.0
1626,18,E24103003176,374,2.66,0.0,2.66,0.0
1626,19,E24103003177,374,4.91,0.0,4.91,0.0
1626,20,E24103003178,374,5.16,0.0,5.16,0.0
1626,21,E24103003179,118,4.98,0.0,4.98,0.0
1626,22,E24103003180,118,5.01,0.0,5.01,0.0
1626,23,E24103003181,118,4.23,0.0,4.23,0.0
1626,24,E24103003182,102,6.59,0.0,6.59,0.0
1626,25,E24103003183,102,5.15,0.0,5.15,0.0
1626,26,E24103003184,102,3.84,0.0,3.84,0.0
1626,27,E24103003185,331,3.64,0.0,3.64,0.0
1626,28,E24103003186,331,4.16,0.0,4.16,0.0
1626,29,E24103003187,331,2.69,0.0,2.69,0.0
1626,30,E24103003188,331,2.69,0.0,2.69,0.0
1626,31,E24103003189,331,2.42,0.0,2.42,0.0
1626,32,E24103003190,107,3.29,0.0,3.29,0.0
1626,33,E24103003191,107,2.11,0.0,2.11,0.0
1601,1,O23104000970,119,90.1,0.0,90.1,0.0
1601,2,O23104000971,119,83.3,0.0,83.3,0.0
1601,3,O23104000972,119,62.1,0.0,62.1,0.0
1601,4,O23104000973,119,60.4,0.0,60.4,0.0
1601,5,O23104000974,119,33.8,0.0,33.8,0.0
1601,6,O23104000975,119,49.3,0.0,49.3,0.0
1601,7,O23104000976,119,39.3,0.0,39.3,0.0
1601,8,O23104000977,119,43.5,0.0,43.5,0.0
1601,9,O23104000978,119,38.6,0.0,38.6,0.0
1601,10,O23104000979,119,25.1,0.0,25.1,0.0
1601,11,O23104000980,119,28.9,0.0,28.9,0.0
1601,12,O23104000981,119,17.0,0.0,17.0,0.0
1601,13,O23104000982,119,18.5,0.0,18.5,0.0
1601,14,O23104000983,119,22.5,0.0,22.5,0.0
1601,15,O23104000984,119,34.2,0.0,34.2,0.0
1601,16,O23104000985,119,32.2,0.0,32.2,0.0
1601,17,O23104000986,119,32.3,0.0,32.3,0.0
1601,18,O23104000987,119,35.2,0.0,35.2,0.0
1601,19,O23104000988,119,67.0,0.0,67.0,0.0
1601,20,O23104000989,119,71.0,0.0,71.0,0.0
1601,21,O23104000990,119,16.8,0.0,16.8,0.0
1601,22,O23104000991,119,23.1,0.0,23.1,0.0
1601,23,O23104000992,119,19.8,0.0,19.8,0.0
1601,24,O23104000993,119,19.2,0.0,19.2,0.0
1601,25,O23104000994,119,22.6,0.0,22.6,0.0
1601,26,O23104000995,119,23.0,0.0,23.0,0.0
1601,27,O23104000996,119,27.5,0.0,27.5,0.0
1601,28,O23104000997,119,18.0,0.0,18.0,0.0
1601,29,O23104000998,119,26.6,0.0,26.6,0.0
1601,30,O23104000999,119,28.3,0.0,28.3,0.0
1601,31,O23104001000,119,27.1,0.0,27.1,0.0
1601,32,O23104001001,119,32.4,0.0,32.4,0.0
1601,33,O23104001002,119,16.8,0.0,16.8,0.0
1601,34,O23104001003,119,19.7,0.0,19.7,0.0
1601,35,O23104001004,119,53.8,0.0,53.8,0.0
1601,36,O23104001005,119,53.1,0.0,53.1,0.0
1601,37,O23104001006,119,83.9,0.0,83.9,0.0
1601,38,O23104001007,119,46.0,0.0,46.0,0.0
1601,39,O23104001008,119,69.0,0.0,69.0,0.0
1601,40,O23104001009,119,96.5,0.0,96.5,0.0
1601,41,O23104001010,119,97.1,0.0,97.1,0.0
1601,42,O23104001011,119,30.9,0.0,30.9,0.0
1601,43,O23104001012,119,32.5,0.0,32.5,0.0
1601,44,O23104001013,119,30.3,0.0,30.3,0.0
1601,45,O23104001014,119,32.2,0.0,32.2,0.0
1601,46,O23104001015,119,47.2,0.0,47.2,0.0
1601,47,O23104001016,119,35.1,0.0,35.1,0.0
1601,48,O23104001017,119,25.0,0.0,25.0,0.0
1601,49,O23104001018,119,75.8,0.0,75.8,0.0
1601,50,O23104001019,119,43.3,0.0,43.3,0.0
1601,51,O23104001020,119,43.4,0.0,43.4,0.0
1601,52,O23104001021,119,94.1,0.0,94.1,0.0
1601,53,O23104001022,119,83.0,0.0,83.0,0.0
1601,54,O23104001023,119,73.9,0.0,73.9,0.0
1601,55,O23104001024,119,73.12,0.0,73.12,0.0
1601,56,O23104001025,119,65.3,0.0,65.3,0.0
1601,57,O23104001026,119,71.2,0.0,71.2,0.0
1601,58,O23104001027,119,85.3,0.0,85.3,0.0
1601,59,O23104001028,119,34.1,0.0,34.1,0.0
1601,60,O23104001029,119,36.2,0.0,36.2,0.0
1601,61,O23104001030,119,31.9,0.0,31.9,0.0
1601,62,O23104001031,119,55.4,0.0,55.4,0.0
1601,63,O23104001032,119,19.9,0.0,19.9,0.0
1601,64,O23104001033,119,21.8,0.0,21.8,0.0
1601,65,O23104001034,119,21.2,0.0,21.2,0.0
1601,66,O23104001035,119,19.1,0.0,19.1,0.0
1601,67,O23104001036,119,19.3,0.0,19.3,0.0
1601,68,O23104001037,119,19.2,0.0,19.2,0.0
1601,69,O23104001038,119,34.08,0.0,34.08,0.0
1601,70,O23104001039,119,19.7,0.0,19.7,0.0
1601,71,O23104001040,119,22.1,0.0,22.1,0.0
1601,72,O23104001041,119,43.4,0.0,43.4,0.0
1601,73,O23104001042,119,29.2,0.0,29.2,0.0
1601,74,O23104001043,119,38.8,0.0,38.8,0.0
1601,75,O23104001044,119,27.6,0.0,27.6,0.0
1601,76,O23104001045,119,31.9,0.0,31.9,0.0
1601,77,O23104001046,119,51.0,0.0,51.0,0.0
1601,78,O23104001047,119,34.0,0.0,34.0,0.0
1601,79,O23104001048,119,30.0,0.0,30.0,0.0
1601,80,O23104001049,119,29.88,0.0,29.88,0.0
1601,81,O23104001050,119,36.13,0.0,36.13,0.0
1601,82,O23104001051,119,85.93,0.0,85.93,0.0
1601,83,O23104001052,119,32.46,0.0,32.46,0.0
1601,84,O23104001053,119,52.2,0.0,52.2,0.0
1601,85,O23104001054,119,30.67,0.0,30.67,0.0
1601,86,O23104001055,119,88.12,0.0,88.12,0.0
1601,87,O23104001056,119,19.45,0.0,19.45,0.0
1601,88,O23104001057,119,28.19,0.0,28.19,0.0
1601,89,O23104001058,119,44.8,0.0,44.8,0.0
1601,90,O23104001059,119,42.77,0.0,42.77,0.0
1601,91,O23104001060,119,19.92,0.0,19.92,0.0
1601,92,O23104001061,119,27.24,0.0,27.24,0.0
1601,93,O23104001062,119,23.87,0.0,23.87,0.0
1601,94,O23104001063,119,109.75,0.0,109.75,0.0
1601,95,O23104001064,119,15.86,0.0,15.86,0.0
1601,96,O23104001065,119,39.91,0.0,39.91,0.0
1601,97,O23104001066,119,15.3,0.0,15.3,0.0
1601,98,O23104001067,119,18.29,0.0,18.29,0.0
1601,99,O23104001068,119,19.1,0.0,19.1,0.0
1601,100,O23104001069,346,19.09,0.0,19.09,0.0
1601,101,O23104001070,346,29.91,0.0,29.91,0.0
1601,102,O23104001071,346,20.48,0.0,20.48,0.0
1601,103,O23104001072,346,20.55,0.0,20.55,0.0
1601,104,O23104001073,346,31.62,0.0,31.62,0.0
1601,105,O23104001074,346,31.71,0.0,31.71,0.0
1601,106,O23104001075,346,19.76,0.0,19.76,0.0
1601,107,O23104001076,346,19.57,0.0,19.57,0.0
1601,108,O23104001077,346,13.91,0.0,13.91,0.0
1601,109,O23104001078,346,14.07,0.0,14.07,0.0
1601,110,O23104001079,346,14.23,0.0,14.23,0.0
1601,111,O23104001080,346,25.97,0.0,25.97,0.0
1601,112,O23104001081,346,25.36,0.0,25.36,0.0
1601,113,O23104001082,346,30.44,0.0,30.44,0.0
1601,114,O23104001083,346,32.0,0.0,32.0,0.0
1601,115,O23104001084,346,28.77,0.0,28.77,0.0
1601,116,O23104001085,346,27.13,0.0,27.13,0.0
1601,117,O23104001086,346,33.25,0.0,33.25,0.0
1601,118,O23104001087,346,43.73,0.0,43.73,0.0
1601,119,O23104001088,346,34.43,0.0,34.43,0.0
1601,120,O23104001089,346,42.75,0.0,42.75,0.0
1601,121,O23104001090,346,48.68,0.0,48.68,0.0
1601,122,O23104001091,346,46.83,0.0,46.83,0.0
1601,123,O23104001092,346,14.41,0.0,14.41,0.0
1601,124,O23104001093,346,50.57,0.0,50.57,0.0
1601,125,O23104001094,346,19.71,0.0,19.71,0.0
1601,126,O23104001095,346,40.27,0.0,40.27,0.0
1601,127,O23104001096,346,202.87,0.0,202.87,0.0
1601,128,O23104001097,346,31.59,0.0,31.59,0.0
1601,129,O23104001098,346,121.63,0.0,121.63,0.0
1601,130,O23104001099,346,76.67,0.0,76.67,0.0
1601,131,O23104001100,346,130.54,0.0,130.54,0.0
1601,132,O23104001101,346,171.27,0.0,171.27,0.0
1601,133,O23104001102,346,160.35,0.0,160.35,0.0
1601,134,O23104001103,346,126.58,0.0,126.58,0.0
1601,135,O23104001104,346,74.16,0.0,74.16,0.0
1601,136,O23104001105,346,149.52,0.0,149.52,0.0
1601,137,O23104001106,346,54.23,0.0,54.23,0.0
1601,138,O23104001107,346,44.11,0.0,44.11,0.0
1601,139,O23104001108,346,112.51,0.0,112.51,0.0
1601,140,O23104001109,346,147.61,0.0,147.61,0.0
1601,141,O23104001110,346,167.9,0.0,167.9,0.0
1601,142,O23104001111,346,16.61,0.0,16.61,0.0
1601,143,O23104001112,346,18.1,0.0,18.1,0.0
1601,144,O23104001113,346,15.75,0.0,15.75,0.0
1601,145,O23104001114,346,15.77,0.0,15.77,0.0
1601,146,O23104001115,346,18.15,0.0,18.15,0.0
1601,147,O23104001116,346,16.15,0.0,16.15,0.0
1601,148,O23104001117,346,16.22,0.0,16.22,0.0
1601,149,O23104001118,346,17.67,0.0,17.67,0.0
1601,150,O23104001119,346,26.87,0.0,26.87,0.0
1601,151,O23104001120,346,22.89,0.0,22.89,0.0
1601,152,O23104001121,346,16.86,0.0,16.86,0.0
1601,153,O23104001122,346,15.65,0.0,15.65,0.0
1601,154,O23104001123,346,23.33,0.0,23.33,0.0
1601,155,O23104001124,346,33.03,0.0,33.03,0.0
1601,156,O23104001125,346,15.65,0.0,15.65,0.0
1601,157,O23104001126,346,22.55,0.0,22.55,0.0
1601,158,O23104001127,346,22.73,0.0,22.73,0.0
1601,159,O23104001128,346,24.88,0.0,24.88,0.0
1601,160,O23104001129,346,33.58,0.0,33.58,0.0
1601,161,O23104001130,346,14.36,0.0,14.36,0.0
1601,162,O23104001131,346,40.45,0.0,40.45,0.0
1601,163,O23104001132,346,13.67,0.0,13.67,0.0
1601,164,O23104001133,346,15.59,0.0,15.59,0.0
1601,165,O23104001134,346,14.34,0.0,14.34,0.0
1601,166,O23104001135,346,17.38,0.0,17.38,0.0
1601,167,O23104001136,346,35.98,0.0,35.98,0.0
1601,168,O23104001137,346,35.46,0.0,35.46,0.0
1601,169,O23104001138,346,36.03,0.0,36.03,0.0
1601,170,O23104001139,139,9.18,0.0,9.18,0.0
1601,171,O23104001140,139,15.68,0.0,15.68,0.0
1601,172,O23104001141,139,24.4,0.0,24.4,0.0
1601,173,O23104001142,139,39.02,0.0,39.02,0.0
1601,174,O23104001143,139,51.44,0.0,51.44,0.0
1601,175,O23104001144,139,48.51,0.0,48.51,0.0
1601,176,O23104001145,139,97.12,0.0,97.12,0.0
1601,177,O23104001146,139,103.77,0.0,103.77,0.0
1601,178,O23104001147,139,39.16,0.0,39.16,0.0
1601,179,O23104001148,139,47.88,0.0,47.88,0.0
1601,180,O23104001149,139,48.93,0.0,48.93,0.0
1601,181,O23104001150,139,48.88,0.0,48.88,0.0
1601,182,O23104001151,139,71.77,0.0,71.77,0.0
1601,183,O23104001152,139,75.96,0.0,75.96,0.0
1601,184,O23104001153,139,118.33,0.0,118.33,0.0
1601,185,O23104001154,139,168.52,0.0,168.52,0.0
1601,186,O23104001155,139,179.58,0.0,179.58,0.0
1601,187,O23104001156,139,171.1,0.0,171.1,0.0
1601,188,O23104001157,125,39.33,0.0,39.33,0.0
1601,189,O23104001158,125,44.97,0.0,44.97,0.0
1601,190,O23104001159,125,46.95,0.0,46.95,0.0
1601,191,O23104001160,125,65.5,0.0,65.5,0.0
1601,192,O23104001161,125,44.76,0.0,44.76,0.0
1601,193,O23104001162,125,42.75,0.0,42.75,0.0
1601,194,O23104001163,125,50.72,0.0,50.72,0.0
1601,195,O23104001164,125,51.79,0.0,51.79,0.0
1601,196,O23104001165,136,29.71,0.0,29.71,0.0
1601,197,O23104001166,136,12.52,0.0,12.52,0.0
1601,198,O23104001167,136,12.32,0.0,12.32,0.0
1601,199,O23104001168,136,24.86,0.0,24.86,0.0
1601,200,O23104001169,136,21.59,0.0,21.59,0.0
1601,201,O23104001170,136,31.6,0.0,31.6,0.0
1601,202,O23104001171,136,27.81,0.0,27.81,0.0
1601,203,O23104001172,136,15.55,0.0,15.55,0.0
1601,204,O23104001173,136,10.73,0.0,10.73,0.0
1601,205,O23104001174,136,10.75,0.0,10.75,0.0
1601,206,O23104001175,136,10.8,0.0,10.8,0.0
1601,207,O23104001176,136,10.26,0.0,10.26,0.0
1601,208,O23104001177,136,10.16,0.0,10.16,0.0
1601,209,O23104001178,136,15.02,0.0,15.02,0.0
1601,210,O23104001179,136,7.79,0.0,7.79,0.0
1601,211,O23104001180,136,5.42,0.0,5.42,0.0
1601,212,O23104001181,136,5.6,0.0,5.6,0.0
1601,213,O23104001182,136,5.89,0.0,5.89,0.0
1601,214,O23104001183,247,128.99,0.0,128.99,0.0
1601,215,O23104001184,247,57.78,0.0,57.78,0.0
1601,216,O23104001185,162,60.26,0.0,60.26,0.0
1601,217,O23104001186,162,63.54,0.0,63.54,0.0
1601,218,O23104001187,162,51.18,0.0,51.18,0.0
1601,219,O23104001188,162,51.18,0.0,51.18,0.0
1601,220,O23104001189,162,42.76,0.0,42.76,0.0
1601,221,O23104001190,162,33.74,0.0,33.74,0.0
1601,222,O23104001191,162,26.22,0.0,26.22,0.0
1601,223,O23104001192,162,19.84,0.0,19.84,0.0
1601,224,O23104001193,162,27.52,0.0,27.52,0.0
1601,225,O23104001194,162,17.38,0.0,17.38,0.0
1601,226,O23104001195,162,22.14,0.0,22.14,0.0
1601,227,O23104001196,162,9.85,0.0,9.85,0.0
1601,228,O23104001197,162,56.49,0.0,56.49,0.0
1601,229,O23104001198,162,54.17,0.0,54.17,0.0
1601,230,O23104001199,162,56.51,0.0,56.51,0.0
1601,231,O23104001200,162,10.26,0.0,10.26,0.0
1601,232,O23104001201,162,14.42,0.0,14.42,0.0
1601,233,O23104001202,162,28.15,0.0,28.15,0.0
1601,234,O23104001203,162,37.35,0.0,37.35,0.0
1601,235,O23104001204,162,17.83,0.0,17.83,0.0
1601,236,O23104001205,162,17.11,0.0,17.11,0.0
1601,237,O23104001206,162,17.17,0.0,17.17,0.0
1601,238,O23104001207,162,13.9,0.0,13.9,0.0
1601,239,O23104001208,162,17.01,0.0,17.01,0.0
1601,240,O23104001209,162,13.79,0.0,13.79,0.0
1601,241,O23104001210,162,12.44,0.0,12.44,0.0
1601,242,O23104001211,162,12.56,0.0,12.56,0.0
1601,243,O23104001212,162,10.27,0.0,10.27,0.0
1601,244,O23104001213,162,12.67,0.0,12.67,0.0
1601,245,O23104001214,162,12.67,0.0,12.67,0.0
1601,246,O23104001215,162,12.39,0.0,12.39,0.0
1601,247,O23104001216,162,5.93,0.0,5.93,0.0
1601,248,O23104001217,162,10.1,0.0,10.1,0.0
1601,249,O23104001218,162,9.6,0.0,9.6,0.0
1601,250,O23104001219,162,6.04,0.0,6.04,0.0
1601,251,O23104001220,162,5.21,0.0,5.21,0.0
1601,252,O23104001221,162,10.37,0.0,10.37,0.0
1601,253,O23104001222,162,10.87,0.0,10.87,0.0
1601,254,O23104001223,162,10.45,0.0,10.45,0.0
1601,255,O23104001224,162,10.46,0.0,10.46,0.0
1601,256,O23104001225,354,52.38,0.0,52.38,0.0
1601,257,O23104001226,354,26.32,0.0,26.32,0.0
1601,258,O23104001227,354,40.27,0.0,40.27,0.0
1601,259,O23104001228,354,46.66,0.0,46.66,0.0
1601,260,O23104001229,354,37.47,0.0,37.47,0.0
1621,1,P23103003157,169,0.29,0.0,0.29,0.0
1625,1,E24104001333,151,6.5,0.0,6.5,0.0
1626,34,E24103003192,107,2.24,0.0,2.24,0.0
1626,35,E24103003193,116,2.42,0.0,2.42,0.0
1626,36,E24103003194,116,1.05,0.0,1.05,0.0
1626,37,E24103003195,101,26.12,0.0,26.12,0.0
1626,38,E24103003196,241,7.65,0.0,7.65,0.0
1626,39,E24103003197,241,7.18,0.0,7.18,0.0
1627,1,E24103003198,113,8.8,0.0,8.8,0.0
1628,1,E24104001334,119,176.34,0.0,176.34,0.0
1629,1,E24104001335,440,6.0,0.0,6.0,0.0
1630,1,E24103003199,116,6.13,0.0,6.13,0.0
1631,1,E24103003200,102,2.34,0.0,2.34,0.0
1632,2,E24103003202,114,10.99,0.0,10.99,0.0
1632,3,E24103003203,331,2.27,0.0,2.27,0.0
1632,4,E24103003204,331,2.95,0.0,2.95,0.0
1632,5,E24103003205,331,2.5,0.0,2.5,0.0
1632,6,E24103003206,331,2.83,0.0,2.83,0.0
1632,7,E24103003207,331,1.9,0.0,1.9,0.0
1632,8,E24103003208,331,2.55,0.0,2.55,0.0
1632,9,E24103003209,331,2.72,0.0,2.72,0.0
1632,10,E24103003210,331,1.93,0.0,1.93,0.0
1632,11,E24103003211,102,3.31,0.0,3.31,0.0
1632,12,E24103003212,102,2.54,0.0,2.54,0.0
1632,13,E24103003213,235,8.41,0.0,8.41,0.0
1632,14,E24103003214,235,4.26,0.0,4.26,0.0
1632,15,E24103003215,112,7.63,0.0,7.63,0.0
1632,16,E24103003216,101,10.76,0.0,10.76,0.0
1632,17,E24103003217,101,13.5,0.0,13.5,0.0
1632,18,E24103003218,331,2.7,0.0,2.7,0.0
1636,1,E24103003219,428,4.25,0.0,4.25,0.0
1637,1,E24104001339,125,43.2,0.0,43.2,0.0
1638,1,E24103003220,102,5.09,0.0,5.09,0.0
1641,1,F24103003222,102,3.25,0.0,3.25,0.0
1642,1,F24103003223,338,4.85,0.0,4.85,0.0
1643,1,F24103003224,235,10.99,0.0,10.99,0.0
1644,1,F24103003225,235,3.93,0.0,3.93,0.0
1645,1,F24104001341,151,5.3,0.0,5.3,0.0
1646,1,F24103003226,113,4.1,0.0,4.1,0.0
1647,1,F24103003227,102,1.45,0.0,1.45,0.0
1648,1,F24104001342,151,10.2,0.0,10.2,0.0
1649,1,F24103003228,102,1.58,0.0,1.58,0.0
1650,1,F24103003229,102,1.55,0.0,1.55,0.0
1651,1,F24104001343,119,27.24,0.0,27.24,0.0
1652,1,F24104001344,352,63.42,0.0,63.42,0.0
1653,1,F24104001345,354,44.91,0.0,44.91,0.0
1657,1,F24103003231,176,20.0,0.0,20.0,0.0
1658,1,F24103003232,402,5.12,0.0,5.12,0.0
1660,1,G24103003234,113,4.94,0.0,4.94,0.0
1662,1,G24104001348,151,7.85,0.0,7.85,0.0
1663,1,G24103003236,112,12.46,0.0,12.46,0.0
1663,2,G24103003237,112,12.06,0.0,12.06,0.0
1663,3,G24103003238,112,12.52,0.0,12.52,0.0
1663,4,G24103003239,235,2.2,0.0,2.2,0.0
1663,5,G24103003240,235,1.22,0.0,1.22,0.0
1663,6,G24103003241,235,1.99,0.0,1.99,0.0
1663,7,G24103003242,235,1.82,0.0,1.82,0.0
1663,8,G24103003243,235,1.83,0.0,1.83,0.0
1610,1,P23104001322,120,17.2,0.0,17.2,0.0
1632,1,E24103003201,114,12.2,0.0,12.2,0.0
1639,1,E24104001340,151,17.8,0.0,17.8,0.0
1654,1,F24103003230,113,5.35,0.0,5.35,0.0
1655,1,F24104001346,140,27.8,0.0,27.8,0.0
1659,1,F24103003233,103,5.33,0.0,5.33,0.0
1661,1,G24103003235,113,8.22,0.0,8.22,0.0
1663,9,G24103003244,235,2.33,0.0,2.33,0.0
1663,10,G24103003245,235,0.32,0.0,0.32,0.0
1663,11,G24103003246,235,7.41,0.0,7.41,0.0
1663,12,G24103003247,331,1.49,0.0,1.49,0.0
1663,13,G24103003248,331,2.12,0.0,2.12,0.0
1663,14,G24103003249,102,1.33,0.0,1.33,0.0
1663,15,G24103003250,102,1.24,0.0,1.24,0.0
1663,16,G24103003251,102,1.3,0.0,1.3,0.0
1663,17,G24103003252,102,1.73,0.0,1.73,0.0
1663,18,G24103003253,102,1.4,0.0,1.4,0.0
1663,19,G24103003254,407,1.03,0.0,1.03,0.0
1663,20,G24103003255,407,1.05,0.0,1.05,0.0
1663,21,G24103003256,407,1.05,0.0,1.05,0.0
1663,22,G24103003257,420,2.36,0.0,2.36,0.0
1663,23,G24103003258,420,1.46,0.0,1.46,0.0
1663,24,G24103003259,420,1.68,0.0,1.68,0.0
1663,25,G24103003260,420,2.16,0.0,2.16,0.0
1663,26,G24103003261,420,1.81,0.0,1.81,0.0
1663,27,G24103003262,420,1.76,0.0,1.76,0.0
1663,28,G24103003263,420,1.88,0.0,1.88,0.0
1663,29,G24103003264,420,1.2,0.0,1.2,0.0
1663,30,G24103003265,406,1.04,0.0,1.04,0.0
1663,31,G24103003266,406,1.0,0.0,1.0,0.0
1663,32,G24103003267,406,0.99,0.0,0.99,0.0
1663,33,G24103003268,406,0.95,0.0,0.95,0.0
1663,34,G24103003269,407,1.46,0.0,1.46,0.0
1663,35,G24103003270,407,0.68,0.0,0.68,0.0
1663,36,G24103003271,407,1.1,0.0,1.1,0.0
1663,37,G24103003272,407,1.18,0.0,1.18,0.0
1665,1,G24104001349,289,17.07,0.0,17.07,0.0
1666,1,G24104001350,157,23.3,0.0,23.3,0.0
1667,1,G24103003275,400,0.47,0.0,0.47,0.0
1668,1,G24103003273,374,3.43,0.0,3.43,0.0
1668,2,H24103003276,446,69.07,0.0,69.07,0.0
1672,1,H24104001351,289,16.3,0.0,16.3,0.0
1673,1,H24104001352,353,37.7,0.0,37.7,0.0
1674,1,H24103003280,400,0.47,0.0,0.47,0.0
1675,1,H24103003281,169,0.3,0.0,0.3,0.0
1676,1,H24103003282,102,3.1,0.0,3.1,0.0
1676,2,H24103003283,102,2.86,0.0,2.86,0.0
1676,3,H24103003284,102,3.4,0.0,3.4,0.0
1676,4,H24103003285,102,1.43,0.0,1.43,0.0
1676,5,H24103003286,102,1.46,0.0,1.46,0.0
1676,6,H24103003287,102,2.57,0.0,2.57,0.0
1676,7,H24103003288,102,2.46,0.0,2.46,0.0
1676,8,H24103003289,102,2.84,0.0,2.84,0.0
1676,9,H24103003290,102,2.34,0.0,2.34,0.0
1676,10,H24103003291,102,1.59,0.0,1.59,0.0
1676,11,H24103003292,331,1.43,0.0,1.43,0.0
1676,12,H24103003293,331,1.88,0.0,1.88,0.0
1676,13,H24103003294,331,1.32,0.0,1.32,0.0
1676,14,H24103003295,238,0.99,0.0,0.99,0.0
1676,15,H24103003296,238,0.95,0.0,0.95,0.0
1676,16,H24103003297,238,0.94,0.0,0.94,0.0
1676,17,H24103003298,235,8.68,0.0,8.68,0.0
1676,18,H24103003299,235,4.67,0.0,4.67,0.0
1676,19,H24103003300,235,4.79,0.0,4.79,0.0
1676,20,H24103003301,235,4.43,0.0,4.43,0.0
1676,21,H24103003302,235,3.55,0.0,3.55,0.0
1676,22,H24103003303,235,3.24,0.0,3.24,0.0
1676,23,H24103003304,112,13.87,0.0,13.87,0.0
1676,24,H24103003305,112,10.14,0.0,10.14,0.0
1676,25,H24103003306,112,8.18,0.0,8.18,0.0
1676,26,H24103003307,112,9.57,0.0,9.57,0.0
1676,27,H24103003308,338,4.08,0.0,4.08,0.0
1676,28,H24103003309,114,9.03,0.0,9.03,0.0
1676,29,H24103003310,114,14.14,0.0,14.14,0.0
1676,30,H24103003311,114,8.33,0.0,8.33,0.0
1676,31,H24103003312,101,23.43,0.0,23.43,0.0
1676,32,H24103003313,101,13.42,0.0,13.42,0.0
1676,33,H24103003314,101,23.23,0.0,23.23,0.0
1676,34,H24103003315,327,7.36,0.0,7.36,0.0
1676,35,H24103003316,327,10.51,0.0,10.51,0.0
1676,36,H24103003317,327,5.57,0.0,5.57,0.0
1677,1,H24104001353,119,10.2,0.0,10.2,0.0
1678,1,H24104001354,119,22.8,0.0,22.8,0.0
1679,1,H24103003318,169,0.25,0.0,0.25,0.0
1680,1,H24103003319,115,1.53,0.0,1.53,0.0
1681,1,H24104001355,119,16.0,0.0,16.0,0.0
1682,1,H24104001356,351,12.5,0.0,12.5,0.0
1683,1,H24104001357,151,8.84,0.0,8.84,0.0
1684,1,H24104001358,119,29.3,0.0,29.3,0.0
1685,1,H24103003320,101,60.08,0.0,60.08,0.0
1686,1,H24103003321,104,69.91,0.0,69.91,0.0
1687,1,H24104001359,138,31.09,0.0,31.09,0.0
1688,1,I24103003322,101,20.84,0.0,20.84,0.0
1689,3,I24103003325,112,8.13,0.0,8.13,0.0
1689,4,I24103003326,112,14.99,0.0,14.99,0.0
1689,5,I24103003327,112,10.1,0.0,10.1,0.0
1689,6,I24103003328,112,14.62,0.0,14.62,0.0
1689,7,I24103003329,112,4.7,0.0,4.7,0.0
1689,8,I24103003330,112,9.1,0.0,9.1,0.0
1689,9,I24103003331,338,3.09,0.0,3.09,0.0
1689,10,I24103003332,338,3.67,0.0,3.67,0.0
1689,11,I24103003333,338,4.22,0.0,4.22,0.0
1689,12,I24103003334,338,2.31,0.0,2.31,0.0
1689,13,I24103003335,235,2.83,0.0,2.83,0.0
1689,14,I24103003336,235,3.15,0.0,3.15,0.0
1689,15,I24103003337,235,3.44,0.0,3.44,0.0
1633,1,E24104001336,351,12.86,0.0,12.86,0.0
1634,1,E24104001337,157,6.06,0.0,6.06,0.0
1635,1,E24104001338,134,2.74,0.0,2.74,0.0
1689,1,I24103003323,112,11.3,0.0,11.3,0.0
1689,2,I24103003324,112,12.57,0.0,12.57,0.0
1691,1,I24103003393,110,0.9,0.0,0.9,0.0
1692,1,I24103003394,331,1.3,0.0,1.3,0.0
1693,1,I24104001360,440,6.3,0.0,6.3,0.0
1694,1,I24104001361,120,10.3,0.0,10.3,0.0
1695,1,I24103003395,116,0.47,0.0,0.47,0.0
1696,1,I24103003396,113,5.2,0.0,5.2,0.0
1697,1,I24104001362,127,10.0,0.0,10.0,0.0
1698,1,I24104001363,120,20.3,0.0,20.3,0.0
1699,1,I24103003392,374,1.23,0.0,1.23,0.0
1699,2,I24103003397,176,5.0,0.0,5.0,0.0
1700,1,I24103003405,331,2.5,0.0,2.5,0.0
1701,1,I24103003406,116,1.09,0.0,1.09,0.0
1702,1,I24103003407,116,0.82,0.0,0.82,0.0
1703,1,I24104001364,351,16.45,0.0,16.45,0.0
1704,1,I24104001365,351,22.09,0.0,22.09,0.0
1705,1,I24103003408,113,1.65,0.0,1.65,0.0
1706,1,I24103003409,116,1.8,0.0,1.8,0.0
1707,1,I24104001366,351,9.75,0.0,9.75,0.0
1708,1,I24104001367,440,3.0,0.0,3.0,0.0
1709,1,I24104001368,151,10.44,0.0,10.44,0.0
1710,1,I24104001369,119,25.59,0.0,25.59,0.0
1711,1,J24103003410,369,1.88,0.0,1.88,0.0
1712,1,J24103003411,113,4.02,0.0,4.02,0.0
1713,1,J24107000297,273,4.41,0.04,4.402,102000.0
1714,1,I24103003398,235,3.65,0.0,3.65,0.0
1714,2,I24103003399,110,4.71,0.0,4.71,0.0
1714,3,I24103003400,110,4.86,0.0,4.86,0.0
1714,4,I24103003401,235,3.65,0.0,3.65,0.0
1714,5,I24103003402,110,4.86,0.0,4.86,0.0
1714,6,I24103003403,110,4.71,0.0,4.71,0.0
1714,7,I24103003404,327,9.5,0.0,9.5,0.0
1715,1,J24103003412,102,1.43,0.0,1.43,0.0
1716,1,J24104001370,127,20.0,0.0,20.0,0.0
1717,1,K24104001371,119,15.0,0.0,15.0,0.0
1718,1,K24103003432,116,1.02,0.0,1.02,0.0
1719,1,K24103003433,115,1.3,0.0,1.3,0.0
1720,1,K24103003434,112,2.7,0.0,2.7,0.0
1721,1,K24103003435,113,7.8,0.0,7.8,0.0
1722,1,J24103003413,331,4.07,0.0,4.07,0.0
1722,2,J24103003414,331,2.07,0.0,2.07,0.0
1722,3,J24103003415,331,1.68,0.0,1.68,0.0
1722,4,J24103003416,331,2.31,0.0,2.31,0.0
1722,5,J24103003417,331,2.14,0.0,2.14,0.0
1722,6,J24103003418,331,1.72,0.0,1.72,0.0
1722,7,J24103003419,331,2.56,0.0,2.56,0.0
1722,8,J24103003420,331,1.77,0.0,1.77,0.0
1722,9,J24103003421,331,1.18,0.0,1.18,0.0
1722,10,J24103003422,331,2.05,0.0,2.05,0.0
1722,11,J24103003423,102,1.77,0.0,1.77,0.0
1722,12,J24103003424,102,1.96,0.0,1.96,0.0
1722,13,J24103003425,102,1.93,0.0,1.93,0.0
1722,14,J24103003426,102,1.63,0.0,1.63,0.0
1722,15,J24103003427,102,1.78,0.0,1.78,0.0
1722,16,J24103003428,102,1.63,0.0,1.63,0.0
1722,17,J24103003429,102,2.72,0.0,2.72,0.0
1722,18,J24103003430,102,2.74,0.0,2.74,0.0
1722,19,J24103003431,112,6.65,0.0,6.65,0.0
1723,1,K24103003436,116,0.65,0.0,0.65,0.0
1724,1,K24104001372,119,15.0,0.0,15.0,0.0
1725,1,K24104001373,138,9.25,0.0,9.25,0.0
1726,1,K24104001374,151,7.0,0.0,7.0,0.0
1727,1,K24103003437,169,0.19,0.0,0.19,0.0
1728,1,K24103003438,113,7.0,0.0,7.0,0.0
1729,1,K24103003463,404,1.21,0.0,1.21,0.0
1730,1,K24103003464,374,1.73,0.0,1.73,0.0
1731,1,K24103003439,101,17.06,0.0,17.06,0.0
1731,2,K24103003440,101,16.14,0.0,16.14,0.0
1731,3,K24103003441,107,2.68,0.0,2.68,0.0
1731,4,K24103003442,107,2.68,0.0,2.68,0.0
1731,5,K24103003443,107,3.44,0.0,3.44,0.0
1731,6,K24103003444,107,2.96,0.0,2.96,0.0
1731,7,K24103003445,115,3.95,0.0,3.95,0.0
1731,8,K24103003446,115,2.14,0.0,2.14,0.0
1731,9,K24103003447,115,1.99,0.0,1.99,0.0
1731,10,K24103003448,115,1.09,0.0,1.09,0.0
1731,11,K24103003449,115,0.75,0.0,0.75,0.0
1731,12,K24103003450,115,1.55,0.0,1.55,0.0
1731,13,K24103003451,116,0.98,0.0,0.98,0.0
1731,14,K24103003452,116,0.73,0.0,0.73,0.0
1731,15,K24103003453,116,1.56,0.0,1.56,0.0
1731,16,K24103003454,116,0.95,0.0,0.95,0.0
1731,17,K24103003455,116,0.8,0.0,0.8,0.0
1731,18,K24103003456,116,0.7,0.0,0.7,0.0
1731,19,K24103003457,116,0.7,0.0,0.7,0.0
1731,20,K24103003458,116,0.84,0.0,0.84,0.0
1731,21,K24103003459,116,0.87,0.0,0.87,0.0
1731,22,K24103003460,112,6.31,0.0,6.31,0.0
1731,23,K24103003461,103,1.49,0.0,1.49,0.0
1731,24,K24103003462,110,5.02,0.0,5.02,0.0
1735,1,K24103003466,112,12.66,0.0,12.66,0.0
1735,2,K24103003467,235,9.01,0.0,9.01,0.0
1735,3,K24103003468,235,4.02,0.0,4.02,0.0
1735,4,K24103003469,235,1.12,0.0,1.12,0.0
1735,5,K24103003470,235,1.1,0.0,1.1,0.0
1735,6,K24103003471,235,0.66,0.0,0.66,0.0
1735,7,K24103003472,235,0.72,0.0,0.72,0.0
1735,8,K24103003473,238,0.82,0.0,0.82,0.0
1735,9,K24103003474,110,4.12,0.0,4.12,0.0
1735,10,L24103003524,176,2.0,0.0,2.0,0.0
1735,11,L24103003488,420,2.9,0.0,2.9,0.0
1735,12,L24103003489,420,2.28,0.0,2.28,0.0
1640,1,E24103003221,407,1.2,0.0,1.2,0.0
1669,1,H24103003277,112,12.25,0.0,12.25,0.0
1670,1,H24103003278,112,12.25,0.0,12.25,0.0
1671,1,H24103003279,113,7.85,0.0,7.85,0.0
1734,1,K24104001376,119,67.0,0.0,67.0,0.0
1735,13,L24103003490,420,2.34,0.0,2.34,0.0
1735,14,L24103003491,420,2.22,0.0,2.22,0.0
1735,15,L24103003492,420,2.77,0.0,2.77,0.0
1735,16,L24103003493,420,2.14,0.0,2.14,0.0
1735,17,L24103003494,420,1.25,0.0,1.25,0.0
1735,18,L24103003495,420,1.58,0.0,1.58,0.0
1735,19,L24103003496,420,1.61,0.0,1.61,0.0
1735,20,L24103003497,420,1.59,0.0,1.59,0.0
1735,21,L24103003498,420,1.58,0.0,1.58,0.0
1735,22,L24103003499,420,1.58,0.0,1.58,0.0
1735,23,L24103003500,420,1.98,0.0,1.98,0.0
1735,24,L24103003501,420,1.92,0.0,1.92,0.0
1735,25,L24103003502,115,2.26,0.0,2.26,0.0
1735,26,L24103003503,115,2.31,0.0,2.31,0.0
1735,27,L24103003504,115,2.36,0.0,2.36,0.0
1735,28,L24103003505,115,2.24,0.0,2.24,0.0
1735,29,L24103003506,115,0.94,0.0,0.94,0.0
1735,30,L24103003507,115,1.11,0.0,1.11,0.0
1735,31,L24103003508,115,1.1,0.0,1.1,0.0
1735,32,L24103003509,115,1.64,0.0,1.64,0.0
1735,33,L24103003510,115,1.45,0.0,1.45,0.0
1735,34,L24103003511,115,1.34,0.0,1.34,0.0
1735,35,L24103003512,115,1.55,0.0,1.55,0.0
1735,36,L24103003513,115,0.69,0.0,0.69,0.0
1735,37,L24103003514,115,1.37,0.0,1.37,0.0
1735,38,L24103003515,115,0.37,0.0,0.37,0.0
1735,39,L24103003516,406,1.43,0.0,1.43,0.0
1735,40,L24103003517,406,1.5,0.0,1.5,0.0
1735,41,L24103003518,406,1.27,0.0,1.27,0.0
1735,42,L24103003519,406,1.34,0.0,1.34,0.0
1735,43,L24103003520,406,1.44,0.0,1.44,0.0
1735,44,L24103003521,107,1.81,0.0,1.81,0.0
1735,45,L24103003522,107,1.55,0.0,1.55,0.0
1735,46,L24103003523,107,2.11,0.0,2.11,0.0
1735,47,L24103003475,444,1.31,0.0,1.31,0.0
1735,48,L24103003476,444,1.43,0.0,1.43,0.0
1735,49,L24103003477,444,1.08,0.0,1.08,0.0
1735,50,L24103003478,444,1.29,0.0,1.29,0.0
1735,51,L24103003479,444,0.7,0.0,0.7,0.0
1735,52,L24103003480,444,0.66,0.0,0.66,0.0
1735,53,L24103003481,444,0.58,0.0,0.58,0.0
1735,54,L24103003482,444,0.64,0.0,0.64,0.0
1735,55,L24103003483,444,0.59,0.0,0.59,0.0
1735,56,L24103003484,444,0.6,0.0,0.6,0.0
1735,57,L24103003485,444,0.68,0.0,0.68,0.0
1735,58,L24103003486,444,0.57,0.0,0.57,0.0
1735,59,L24103003487,444,0.6,0.0,0.6,0.0
1736,1,L24104001377,353,39.13,0.0,39.13,0.0
1737,1,L24103003525,113,5.34,0.0,5.34,0.0
1738,1,L24104001378,123,19.19,0.0,19.19,0.0
1739,1,L24104001379,119,10.0,0.0,10.0,0.0
1740,1,L24104001380,351,7.2,0.0,7.2,0.0
1741,1,L24103003526,169,0.25,0.0,0.25,0.0
1743,1,L24104001381,119,43.32,0.0,43.32,0.0
1744,1,L24103003528,113,7.99,0.0,7.99,0.0
1745,1,L24103003529,369,3.3,0.0,3.3,0.0
1746,1,L24103003530,112,19.81,0.0,19.81,0.0
1746,2,L24103003531,112,22.75,0.0,22.75,0.0
1746,3,L24103003532,112,25.28,0.0,25.28,0.0
1746,4,L24103003533,112,19.2,0.0,19.2,0.0
1746,5,L24103003534,112,23.14,0.0,23.14,0.0
1746,6,L24103003535,101,26.71,0.0,26.71,0.0
1746,7,L24103003536,101,33.32,0.0,33.32,0.0
1746,8,L24103003537,101,30.08,0.0,30.08,0.0
1747,1,L24104001382,119,32.8,0.0,32.8,0.0
1749,1,M24103003539,110,2.78,0.0,2.78,0.0
1750,1,M24103003540,113,5.0,0.0,5.0,0.0
1751,1,M24104001383,119,37.0,0.0,37.0,0.0
1753,1,M24104001384,119,27.3,0.0,27.3,0.0
1754,1,M24104001385,353,38.1,0.0,38.1,0.0
1755,1,M24103003542,113,5.8,0.0,5.8,0.0
1756,1,M24103003543,113,5.04,0.0,5.04,0.0
1757,1,M24103003544,116,2.95,0.0,2.95,0.0
1758,1,M24103003545,116,0.88,0.0,0.88,0.0
1759,1,M24103003546,342,32.23,0.0,32.23,0.0
1760,1,M24104001386,151,8.06,0.0,8.06,0.0
2753,1,M24103003548,116,2.61,0.0,2.61,0.0
3753,1,N24103003585,116,0.49,0.0,0.49,0.0
3754,1,N24103003549,112,18.07,0.0,18.07,0.0
3754,2,N24103003550,112,17.25,0.0,17.25,0.0
3754,3,N24103003551,112,10.88,0.0,10.88,0.0
3754,4,N24103003552,112,10.54,0.0,10.54,0.0
3754,5,N24103003553,112,5.95,0.0,5.95,0.0
3754,6,N24103003554,112,5.93,0.0,5.93,0.0
3754,7,N24103003555,112,4.55,0.0,4.55,0.0
3754,8,N24103003556,112,4.06,0.0,4.06,0.0
3754,9,N24103003557,338,2.26,0.0,2.26,0.0
3754,10,N24103003558,338,3.14,0.0,3.14,0.0
3754,11,N24103003559,338,3.21,0.0,3.21,0.0
3754,12,N24103003560,338,2.59,0.0,2.59,0.0
3754,13,N24103003561,338,4.76,0.0,4.76,0.0
3754,14,N24103003562,114,18.25,0.0,18.25,0.0
3754,15,N24103003563,241,9.9,0.0,9.9,0.0
3754,16,N24103003564,107,3.88,0.0,3.88,0.0
3754,17,N24103003565,107,3.67,0.0,3.67,0.0
3754,18,N24103003566,107,4.3,0.0,4.3,0.0
3754,19,N24103003567,331,2.28,0.0,2.28,0.0
3754,20,N24103003568,331,2.24,0.0,2.24,0.0
3754,21,N24103003569,331,2.98,0.0,2.98,0.0
3754,22,N24103003570,331,1.78,0.0,1.78,0.0
3754,23,N24103003571,331,3.21,0.0,3.21,0.0
1656,1,F24104001347,122,9.35,0.0,9.35,0.0
1732,1,K24104001375,119,35.3,0.0,35.3,0.0
1733,1,K24103003465,115,1.39,0.0,1.39,0.0
1742,1,L24103003527,114,20.6,0.0,20.6,0.0
1748,1,M24103003538,110,4.39,0.0,4.39,0.0
1761,1,M24103003547,235,2.68,0.0,2.68,0.0
3754,24,N24103003572,331,2.48,0.0,2.48,0.0
3754,25,N24103003573,331,2.61,0.0,2.61,0.0
3754,26,N24103003574,331,2.73,0.0,2.73,0.0
3754,27,N24103003575,331,1.81,0.0,1.81,0.0
3754,28,N24103003576,331,1.14,0.0,1.14,0.0
3754,29,N24103003577,102,4.26,0.0,4.26,0.0
3754,30,N24103003578,102,4.65,0.0,4.65,0.0
3754,31,N24103003579,102,2.84,0.0,2.84,0.0
3754,32,N24103003580,102,2.94,0.0,2.94,0.0
3754,33,N24103003581,102,4.46,0.0,4.46,0.0
3754,34,N24103003582,102,3.61,0.0,3.61,0.0
3754,35,N24103003583,102,4.27,0.0,4.27,0.0
3754,36,N24103003584,102,3.56,0.0,3.56,0.0
4753,1,N24104001387,289,10.62,0.0,10.62,0.0
5753,1,N24104001388,353,103.2,0.0,103.2,0.0
5754,1,N24104001389,353,52.19,0.0,52.19,0.0
5755,1,N24104001390,127,10.0,0.0,10.0,0.0
5756,1,N24103003586,342,27.43,0.0,27.43,0.0
5757,1,N24103003587,113,5.3,0.0,5.3,0.0
5758,1,N24104001391,119,17.24,0.0,17.24,0.0
5759,1,N24104001392,127,5.0,0.0,5.0,0.0
5760,1,N24103003588,176,6.58,0.0,6.58,0.0
5761,1,N24104001393,134,3.2,0.0,3.2,0.0
5762,1,N24104001394,119,115.3,0.0,115.3,0.0
5763,1,N24104001395,119,52.1,0.0,52.1,0.0
6758,1,N24104001396,353,11.5,0.0,11.5,0.0
7758,1,N24103003624,107,1.5,0.0,1.5,0.0
7758,2,N24103003589,112,14.82,0.0,14.82,0.0
7758,3,N24103003590,112,12.01,0.0,12.01,0.0
7758,4,N24103003591,112,15.43,0.0,15.43,0.0
7758,5,N24103003592,112,10.54,0.0,10.54,0.0
7758,6,N24103003593,112,10.65,0.0,10.65,0.0
7758,7,N24103003594,412,4.55,0.0,4.55,0.0
7758,8,N24103003595,412,3.02,0.0,3.02,0.0
7758,9,N24103003596,114,10.56,0.0,10.56,0.0
7758,10,N24103003597,114,9.52,0.0,9.52,0.0
7758,11,N24103003598,420,2.34,0.0,2.34,0.0
7758,12,N24103003599,420,3.06,0.0,3.06,0.0
7758,13,N24103003600,420,2.22,0.0,2.22,0.0
7758,14,N24103003601,420,2.01,0.0,2.01,0.0
7758,15,N24103003602,420,1.58,0.0,1.58,0.0
7758,16,N24103003603,420,1.81,0.0,1.81,0.0
7758,17,N24103003604,420,1.59,0.0,1.59,0.0
7758,18,N24103003605,420,2.5,0.0,2.5,0.0
7758,19,N24103003606,420,1.59,0.0,1.59,0.0
7758,20,N24103003607,420,1.61,0.0,1.61,0.0
7758,21,N24103003608,420,1.61,0.0,1.61,0.0
7758,22,N24103003609,420,2.57,0.0,2.57,0.0
7758,23,N24103003610,420,2.45,0.0,2.45,0.0
7758,24,N24103003611,420,2.16,0.0,2.16,0.0
7758,25,N24103003612,420,2.51,0.0,2.51,0.0
7758,26,N24103003613,444,1.8,0.0,1.8,0.0
7758,27,N24103003614,444,1.75,0.0,1.75,0.0
7758,28,N24103003615,444,1.46,0.0,1.46,0.0
7758,29,N24103003616,444,2.18,0.0,2.18,0.0
7758,30,N24103003617,444,2.7,0.0,2.7,0.0
7758,31,N24103003618,107,1.33,0.0,1.33,0.0
7758,32,N24103003619,107,2.84,0.0,2.84,0.0
7758,33,N24103003620,107,2.5,0.0,2.5,0.0
7758,34,N24103003621,107,2.45,0.0,2.45,0.0
7758,35,N24103003622,107,2.06,0.0,2.06,0.0
7758,36,N24103003623,107,2.4,0.0,2.4,0.0
7759,1,N24103003625,235,11.87,0.0,11.87,0.0
7769,1,N24104001404,127,20.0,0.0,20.0,0.0
7770,1,N24103003687,103,0.96,0.0,0.96,0.0
8758,1,O24103003695,327,7.65,0.0,7.65,0.0
8759,1,O24104001407,119,65.15,0.0,65.15,0.0
8760,1,O24103003696,331,8.55,0.0,8.55,0.0
8760,2,O24103003697,331,3.27,0.0,3.27,0.0
8760,3,O24103003698,331,2.15,0.0,2.15,0.0
8760,4,O24103003699,331,2.51,0.0,2.51,0.0
8760,5,O24103003700,331,1.95,0.0,1.95,0.0
8760,6,O24103003701,331,2.99,0.0,2.99,0.0
8760,7,O24103003702,102,7.38,0.0,7.38,0.0
8760,8,O24103003703,102,2.84,0.0,2.84,0.0
8760,9,O24103003704,235,4.84,0.0,4.84,0.0
8760,10,O24103003705,235,4.59,0.0,4.59,0.0
8760,11,O24103003706,235,3.54,0.0,3.54,0.0
8760,12,O24103003707,107,1.32,0.0,1.32,0.0
8760,13,O24103003708,107,1.64,0.0,1.64,0.0
8760,14,O24103003709,107,5.28,0.0,5.28,0.0
8760,15,O24103003710,107,4.76,0.0,4.76,0.0
8760,16,O24103003711,241,12.1,0.0,12.1,0.0
8760,17,O24103003712,101,5.49,0.0,5.49,0.0
8760,18,O24103003713,101,5.55,0.0,5.55,0.0
8760,19,O24103003714,101,5.55,0.0,5.55,0.0
8760,20,O24103003715,101,5.61,0.0,5.61,0.0
8760,21,O24103003716,110,1.52,0.0,1.52,0.0
8760,22,O24103003717,110,2.07,0.0,2.07,0.0
8760,23,O24103003718,110,1.55,0.0,1.55,0.0
8760,24,O24103003719,110,1.56,0.0,1.56,0.0
8760,25,O24103003720,110,2.14,0.0,2.14,0.0
8760,26,O24103003721,110,2.01,0.0,2.01,0.0
8761,1,O24104001408,351,8.69,0.0,8.69,0.0
8762,1,O24104001409,131,9.83,0.0,9.83,0.0
8763,1,O24104001410,119,32.16,0.0,32.16,0.0
8764,1,O24103003722,106,1.2,0.0,1.2,0.0
8765,1,O24104001411,119,29.0,0.0,29.0,0.0
8766,1,O24104001412,289,9.48,0.0,9.48,0.0
9763,1,O24104001413,132,10.8,0.0,10.8,0.0
1664,1,G24103003274,113,6.56,0.0,6.56,0.0
1752,1,M24103003541,113,3.8,0.0,3.8,0.0
7759,2,N24103003626,235,13.17,0.0,13.17,0.0
9764,1,O24104001414,351,16.7,0.0,16.7,0.0
9765,1,O24104001415,138,22.7,0.0,22.7,0.0
10763,1,O24104001416,353,11.2,0.0,11.2,0.0
10764,1,O24104001417,440,2.3,0.0,2.3,0.0
10765,1,P24104001418,119,53.2,0.0,53.2,0.0
10766,1,P24104001419,119,89.0,0.0,89.0,0.0
10767,1,P24104001420,132,2.87,0.0,2.87,0.0
10768,1,P24103003723,402,8.99,0.0,8.99,0.0
10769,1,P24104001421,346,17.2,0.0,17.2,0.0
10770,1,P24104001422,119,106.0,0.0,106.0,0.0
10775,1,P24103003726,110,1.31,0.0,1.31,0.0
11763,1,P24104001425,367,18.4,0.0,18.4,0.0
11764,1,P24103003753,236,8.2,0.0,8.2,0.0
11765,1,P24104001426,353,50.0,0.0,50.0,0.0
11766,1,P24103003754,115,1.52,0.0,1.52,0.0
12763,1,P24103003727,235,2.6,0.0,2.6,0.0
12763,2,P24103003728,235,2.86,0.0,2.86,0.0
12763,3,P24103003729,235,0.83,0.0,0.83,0.0
12763,4,P24103003730,235,2.16,0.0,2.16,0.0
12763,5,P24103003731,235,1.56,0.0,1.56,0.0
12763,6,P24103003732,235,4.1,0.0,4.1,0.0
12763,7,P24103003733,235,1.83,0.0,1.83,0.0
12763,8,P24103003734,235,2.48,0.0,2.48,0.0
12763,9,P24103003735,101,9.71,0.0,9.71,0.0
12763,10,P24103003736,116,4.3,0.0,4.3,0.0
12763,11,P24103003737,116,4.23,0.0,4.23,0.0
12763,12,P24103003738,107,1.78,0.0,1.78,0.0
12763,13,P24103003739,235,2.08,0.0,2.08,0.0
12763,14,P24103003740,235,2.55,0.0,2.55,0.0
12763,15,P24103003741,331,1.35,0.0,1.35,0.0
12763,16,P24103003742,331,1.06,0.0,1.06,0.0
12763,17,P24103003743,331,1.35,0.0,1.35,0.0
12763,18,P24103003744,331,1.36,0.0,1.36,0.0
12763,19,P24103003745,241,5.69,0.0,5.69,0.0
12763,20,P24103003746,241,7.85,0.0,7.85,0.0
12763,21,P24103003747,241,9.98,0.0,9.98,0.0
12763,22,P24103003748,241,9.75,0.0,9.75,0.0
12763,23,P24103003749,101,7.75,0.0,7.75,0.0
12763,24,P24103003750,101,6.01,0.0,6.01,0.0
12763,25,P24103003751,101,8.1,0.0,8.1,0.0
12763,26,P24103003752,107,7.56,0.0,7.56,0.0
13763,1,P24104001427,119,18.3,0.0,18.3,0.0
14763,1,P24103003755,113,5.6,0.0,5.6,0.0
14764,1,P24104001428,119,21.3,0.0,21.3,0.0
15763,1,E25104001429,119,25.97,0.0,25.97,0.0
15764,1,E25104001430,353,10.25,0.0,10.25,0.0
15765,1,E25104001431,352,35.0,0.0,35.0,0.0
15766,1,E25104001432,151,13.59,0.0,13.59,0.0
15767,1,E25104001433,119,57.0,0.0,57.0,0.0
16763,1,E25103003756,104,21.9,0.0,21.9,0.0
16764,1,E25103003757,102,1.25,0.0,1.25,0.0
16765,1,E25103003758,400,0.47,0.0,0.47,0.0
17764,1,E25104001434,151,3.76,0.0,3.76,0.0
17765,1,E25103003778,102,1.6,0.0,1.6,0.0
17766,1,E25104001435,125,50.0,0.0,50.0,0.0
17767,1,E25104001436,354,50.0,0.0,50.0,0.0
17768,1,E25104001437,119,70.0,0.0,70.0,0.0
17769,1,E25103003779,107,2.53,0.0,2.53,0.0
17770,1,E25103003759,102,2.36,0.0,2.36,0.0
17776,1,F25104001439,136,20.0,0.0,20.0,0.0
17777,1,F25104001440,119,40.0,0.0,40.0,0.0
17778,1,F25104001441,119,98.44,0.0,98.44,0.0
18764,1,F25103003799,112,14.08,0.0,14.08,0.0
19764,1,F25103003800,235,5.47,0.0,5.47,0.0
19764,2,F25103003801,235,6.95,0.0,6.95,0.0
19764,3,F25103003802,235,4.59,0.0,4.59,0.0
19764,4,F25103003803,235,2.42,0.0,2.42,0.0
19764,5,F25103003804,235,2.41,0.0,2.41,0.0
19764,6,F25103003805,235,2.02,0.0,2.02,0.0
19764,7,F25103003806,235,1.68,0.0,1.68,0.0
19764,8,F25103003807,235,1.68,0.0,1.68,0.0
19764,9,F25103003808,102,0.92,0.0,0.92,0.0
19764,10,F25103003809,102,0.88,0.0,0.88,0.0
19764,11,F25103003810,102,1.05,0.0,1.05,0.0
19764,12,F25103003811,102,0.99,0.0,0.99,0.0
19764,13,F25103003812,102,0.9,0.0,0.9,0.0
19764,14,F25103003813,102,2.74,0.0,2.74,0.0
19764,15,F25103003814,102,1.84,0.0,1.84,0.0
19764,16,F25103003815,102,2.85,0.0,2.85,0.0
19764,17,F25103003816,102,2.6,0.0,2.6,0.0
19764,18,F25103003817,112,4.46,0.0,4.46,0.0
19764,19,F25103003818,112,5.72,0.0,5.72,0.0
19764,20,F25103003819,112,5.65,0.0,5.65,0.0
19764,21,F25103003820,112,14.3,0.0,14.3,0.0
19764,22,F25103003821,112,12.04,0.0,12.04,0.0
19764,23,F25103003822,338,4.49,0.0,4.49,0.0
19764,24,F25103003823,338,3.3,0.0,3.3,0.0
19764,25,F25103003824,338,3.64,0.0,3.64,0.0
19765,1,F25104001442,346,23.45,0.0,23.45,0.0
19771,1,F25104001446,119,28.12,0.0,28.12,0.0
19772,1,F25103003882,238,0.82,0.0,0.82,0.0
19773,1,F25103003825,107,6.48,0.0,6.48,0.0
19773,2,F25103003826,107,6.2,0.0,6.2,0.0
19773,3,F25103003827,107,5.89,0.0,5.89,0.0
19773,4,F25103003828,420,1.89,0.0,1.89,0.0
19773,5,F25103003829,420,2.01,0.0,2.01,0.0
19773,6,F25103003830,420,1.8,0.0,1.8,0.0
19773,7,F25103003831,420,1.8,0.0,1.8,0.0
19773,8,F25103003832,420,1.74,0.0,1.74,0.0
19773,9,F25103003833,420,2.0,0.0,2.0,0.0
19773,10,F25103003834,420,1.9,0.0,1.9,0.0
19773,11,F25103003835,420,1.98,0.0,1.98,0.0
19773,12,F25103003836,420,1.88,0.0,1.88,0.0
1689,16,I24103003338,235,2.88,0.0,2.88,0.0
1689,17,I24103003339,235,2.22,0.0,2.22,0.0
1689,18,I24103003340,235,2.72,0.0,2.72,0.0
1689,19,I24103003341,235,2.69,0.0,2.69,0.0
1689,20,I24103003342,235,6.2,0.0,6.2,0.0
1689,21,I24103003343,235,4.62,0.0,4.62,0.0
1689,22,I24103003344,235,2.81,0.0,2.81,0.0
1689,23,I24103003345,235,2.97,0.0,2.97,0.0
1689,24,I24103003346,235,2.09,0.0,2.09,0.0
1689,25,I24103003347,235,3.35,0.0,3.35,0.0
1689,26,I24103003348,235,3.93,0.0,3.93,0.0
1689,27,I24103003349,235,3.85,0.0,3.85,0.0
1689,28,I24103003350,235,4.25,0.0,4.25,0.0
1689,29,I24103003351,235,3.89,0.0,3.89,0.0
1689,30,I24103003352,235,3.34,0.0,3.34,0.0
1689,31,I24103003353,235,2.52,0.0,2.52,0.0
1689,32,I24103003354,235,2.12,0.0,2.12,0.0
1689,33,I24103003355,235,2.25,0.0,2.25,0.0
1689,34,I24103003356,235,1.76,0.0,1.76,0.0
1689,35,I24103003357,235,2.43,0.0,2.43,0.0
1689,36,I24103003358,235,1.93,0.0,1.93,0.0
1689,37,I24103003359,235,2.3,0.0,2.3,0.0
1689,38,I24103003360,235,1.84,0.0,1.84,0.0
1689,39,I24103003361,235,1.59,0.0,1.59,0.0
1689,40,I24103003362,235,1.81,0.0,1.81,0.0
1689,41,I24103003363,235,1.74,0.0,1.74,0.0
1689,42,I24103003364,101,22.13,0.0,22.13,0.0
1689,43,I24103003365,101,9.75,0.0,9.75,0.0
1689,44,I24103003366,101,4.14,0.0,4.14,0.0
1689,45,I24103003367,102,2.42,0.0,2.42,0.0
1689,46,I24103003368,102,3.19,0.0,3.19,0.0
1689,47,I24103003369,331,1.55,0.0,1.55,0.0
1689,48,I24103003370,331,1.11,0.0,1.11,0.0
1689,49,I24103003371,331,1.16,0.0,1.16,0.0
1689,50,I24103003372,331,1.78,0.0,1.78,0.0
1689,51,I24103003373,331,1.63,0.0,1.63,0.0
1689,52,I24103003374,331,1.12,0.0,1.12,0.0
1689,53,I24103003375,331,1.27,0.0,1.27,0.0
1689,54,I24103003376,331,1.18,0.0,1.18,0.0
1689,55,I24103003377,331,1.54,0.0,1.54,0.0
1689,56,I24103003378,327,10.33,0.0,10.33,0.0
1689,57,I24103003379,327,9.5,0.0,9.5,0.0
1689,58,I24103003380,101,5.7,0.0,5.7,0.0
1689,59,I24103003381,101,7.8,0.0,7.8,0.0
1689,60,I24103003382,101,5.3,0.0,5.3,0.0
1689,61,I24103003383,110,3.24,0.0,3.24,0.0
1689,62,I24103003384,110,2.48,0.0,2.48,0.0
1689,63,I24103003385,110,2.78,0.0,2.78,0.0
1689,64,I24103003386,110,3.02,0.0,3.02,0.0
1689,65,I24103003387,102,3.86,0.0,3.86,0.0
1689,66,I24103003388,102,1.93,0.0,1.93,0.0
1690,1,I24103003389,112,16.95,0.0,16.95,0.0
1690,2,I24103003390,112,11.95,0.0,11.95,0.0
1690,3,I24103003391,331,1.51,0.0,1.51,0.0
17770,2,E25103003760,102,1.74,0.0,1.74,0.0
19773,13,F25103003837,420,2.22,0.0,2.22,0.0
19773,15,F25103003839,420,2.33,0.0,2.33,0.0
19773,16,F25103003840,420,2.82,0.0,2.82,0.0
19773,17,F25103003841,420,1.33,0.0,1.33,0.0
19773,18,F25103003842,420,1.53,0.0,1.53,0.0
19773,19,F25103003843,420,1.76,0.0,1.76,0.0
19773,20,F25103003844,420,1.56,0.0,1.56,0.0
19773,21,F25103003845,420,1.56,0.0,1.56,0.0
19773,22,F25103003846,420,1.56,0.0,1.56,0.0
19773,23,F25103003847,420,2.7,0.0,2.7,0.0
19773,24,F25103003848,444,3.89,0.0,3.89,0.0
19773,25,F25103003849,444,3.1,0.0,3.1,0.0
19773,26,F25103003850,444,1.31,0.0,1.31,0.0
19773,27,F25103003851,444,1.05,0.0,1.05,0.0
19773,28,F25103003852,444,1.25,0.0,1.25,0.0
19773,29,F25103003853,444,1.1,0.0,1.1,0.0
19773,30,F25103003854,444,1.24,0.0,1.24,0.0
19773,31,F25103003855,444,0.99,0.0,0.99,0.0
19773,32,F25103003856,444,1.24,0.0,1.24,0.0
19773,33,F25103003857,444,1.04,0.0,1.04,0.0
19773,34,F25103003858,444,0.63,0.0,0.63,0.0
19773,35,F25103003859,444,0.75,0.0,0.75,0.0
19773,36,F25103003860,444,0.66,0.0,0.66,0.0
19773,37,F25103003861,444,0.6,0.0,0.6,0.0
19773,38,F25103003862,444,0.57,0.0,0.57,0.0
19773,39,F25103003863,444,0.61,0.0,0.61,0.0
19773,40,F25103003866,103,1.29,0.0,1.29,0.0
19773,41,F25103003867,103,1.08,0.0,1.08,0.0
19773,42,F25103003868,103,1.05,0.0,1.05,0.0
19773,43,F25103003869,103,1.14,0.0,1.14,0.0
19773,44,F25103003870,103,0.54,0.0,0.54,0.0
19773,45,F25103003871,103,1.29,0.0,1.29,0.0
19773,46,F25103003872,103,1.65,0.0,1.65,0.0
19773,47,F25103003873,103,1.16,0.0,1.16,0.0
19773,48,F25103003874,103,1.2,0.0,1.2,0.0
19773,49,F25103003875,103,0.9,0.0,0.9,0.0
19773,50,F25103003876,103,1.44,0.0,1.44,0.0
19773,51,F25103003877,103,1.52,0.0,1.52,0.0
19773,52,F25103003878,103,1.41,0.0,1.41,0.0
19773,53,F25103003879,103,1.15,0.0,1.15,0.0
19773,54,F25103003880,103,1.18,0.0,1.18,0.0
19773,55,F25103003881,103,1.11,0.0,1.11,0.0
19774,1,F25104001447,119,35.0,0.0,35.0,0.0
19775,1,F25104001448,119,167.96,0.0,167.96,0.0
20771,1,F25103003883,103,2.15,0.0,2.15,0.0
21771,1,F25103003884,110,1.51,0.0,1.51,0.0
21772,3,F25103003887,110,2.46,0.0,2.46,0.0
21772,4,F25103003888,110,1.46,0.0,1.46,0.0
21772,5,F25103003889,110,2.05,0.0,2.05,0.0
21772,6,F25103003890,110,1.58,0.0,1.58,0.0
21772,7,F25103003891,112,12.82,0.0,12.82,0.0
7759,3,N24103003627,235,5.28,0.0,5.28,0.0
7759,4,N24103003628,235,2.78,0.0,2.78,0.0
7759,5,N24103003629,235,1.3,0.0,1.3,0.0
7759,6,N24103003630,235,3.24,0.0,3.24,0.0
7759,7,N24103003631,235,2.02,0.0,2.02,0.0
7759,8,N24103003632,235,2.07,0.0,2.07,0.0
7759,9,N24103003633,235,1.8,0.0,1.8,0.0
7759,10,N24103003634,235,1.22,0.0,1.22,0.0
7759,11,N24103003635,115,3.08,0.0,3.08,0.0
7759,12,N24103003636,115,2.56,0.0,2.56,0.0
7759,13,N24103003637,115,1.44,0.0,1.44,0.0
7759,14,N24103003638,115,1.38,0.0,1.38,0.0
7759,15,N24103003639,115,1.05,0.0,1.05,0.0
7759,16,N24103003640,115,1.92,0.0,1.92,0.0
7759,17,N24103003641,101,14.22,0.0,14.22,0.0
7759,18,N24103003642,101,13.79,0.0,13.79,0.0
7759,19,N24103003643,101,10.49,0.0,10.49,0.0
7759,20,N24103003644,241,4.82,0.0,4.82,0.0
7759,21,N24103003645,102,2.54,0.0,2.54,0.0
7759,22,N24103003646,102,2.48,0.0,2.48,0.0
7759,23,N24103003647,102,3.62,0.0,3.62,0.0
7759,24,N24103003648,102,5.64,0.0,5.64,0.0
7759,25,N24103003649,102,3.0,0.0,3.0,0.0
7759,26,N24103003650,102,2.71,0.0,2.71,0.0
7759,27,N24103003651,102,2.72,0.0,2.72,0.0
7759,28,N24103003652,102,2.96,0.0,2.96,0.0
7759,29,N24103003653,102,3.56,0.0,3.56,0.0
7759,30,N24103003654,102,2.9,0.0,2.9,0.0
7759,31,N24103003655,102,3.56,0.0,3.56,0.0
7759,32,N24103003656,102,3.4,0.0,3.4,0.0
7759,33,N24103003657,102,3.18,0.0,3.18,0.0
7759,34,N24103003658,102,3.04,0.0,3.04,0.0
7759,35,N24103003659,102,2.57,0.0,2.57,0.0
7759,36,N24103003660,331,1.96,0.0,1.96,0.0
7759,37,N24103003661,331,1.75,0.0,1.75,0.0
7759,38,N24103003662,331,1.83,0.0,1.83,0.0
7759,39,N24103003663,331,3.94,0.0,3.94,0.0
7759,40,N24103003664,331,1.83,0.0,1.83,0.0
7759,41,N24103003665,235,5.03,0.0,5.03,0.0
7759,42,N24103003666,235,8.05,0.0,8.05,0.0
7759,43,N24103003667,235,1.7,0.0,1.7,0.0
7759,44,N24103003668,235,10.06,0.0,10.06,0.0
7759,45,N24103003669,235,4.68,0.0,4.68,0.0
7759,46,N24103003670,235,1.63,0.0,1.63,0.0
7759,47,N24103003671,235,1.43,0.0,1.43,0.0
7759,48,N24103003672,235,3.13,0.0,3.13,0.0
7759,49,N24103003673,235,3.89,0.0,3.89,0.0
7759,50,N24103003674,235,3.45,0.0,3.45,0.0
7759,51,N24103003675,235,1.67,0.0,1.67,0.0
7759,52,N24103003676,114,13.43,0.0,13.43,0.0
7759,53,N24103003677,114,5.88,0.0,5.88,0.0
7759,54,N24103003678,114,3.1,0.0,3.1,0.0
7759,55,N24103003679,116,2.58,0.0,2.58,0.0
7759,56,N24103003680,116,3.49,0.0,3.49,0.0
7759,57,N24103003681,116,3.33,0.0,3.33,0.0
7759,58,N24103003682,116,4.57,0.0,4.57,0.0
7759,59,N24103003683,116,6.52,0.0,6.52,0.0
7760,1,N24104001397,127,5.0,0.0,5.0,0.0
7761,1,N24104001398,119,21.85,0.0,21.85,0.0
7762,1,N24104001399,351,31.64,0.0,31.64,0.0
7763,1,N24104001400,249,17.7,0.0,17.7,0.0
7764,1,N24104001401,119,21.21,0.0,21.21,0.0
7765,1,N24103003685,113,5.98,0.0,5.98,0.0
7766,1,N24103003686,116,1.41,0.0,1.41,0.0
7767,1,N24104001402,119,63.75,0.0,63.75,0.0
7768,1,N24104001403,119,32.19,0.0,32.19,0.0
7771,1,N24103003684,114,5.53,0.0,5.53,0.0
7771,2,O24103003688,176,1.0,0.0,1.0,0.0
7772,1,O24104001405,127,10.0,0.0,10.0,0.0
7773,1,O24103003689,176,10.0,0.0,10.0,0.0
7774,1,O24103003690,176,3.0,0.0,3.0,0.0
7774,2,O24103003691,176,3.0,0.0,3.0,0.0
7774,3,O24103003692,176,10.0,0.0,10.0,0.0
7775,1,O24103003693,113,5.58,0.0,5.58,0.0
7776,1,O24104001406,289,28.0,0.0,28.0,0.0
7777,1,O24103003694,402,2.11,0.0,2.11,0.0
19766,1,F25104001443,139,4.25,0.0,4.25,0.0
19767,1,F25104001444,346,34.0,0.0,34.0,0.0
19768,1,F25104001445,351,18.14,0.0,18.14,0.0
19769,1,F25103003864,113,4.56,0.0,4.56,0.0
19770,1,F25103003865,420,2.52,0.0,2.52,0.0
21772,1,F25103003885,110,9.08,0.0,9.08,0.0
21772,8,F25103003892,112,10.76,0.0,10.76,0.0
21772,9,F25103003893,112,13.19,0.0,13.19,0.0
21772,10,F25103003894,112,12.21,0.0,12.21,0.0
21772,11,F25103003895,112,12.88,0.0,12.88,0.0
21772,12,F25103003896,235,5.06,0.0,5.06,0.0
21772,13,F25103003897,235,2.13,0.0,2.13,0.0
21772,14,F25103003898,235,1.89,0.0,1.89,0.0
21772,15,F25103003899,235,2.05,0.0,2.05,0.0
21773,1,F25104001449,119,51.2,0.0,51.2,0.0
22771,1,G25103003900,235,12.68,0.0,12.68,0.0
22771,2,G25103003901,235,10.27,0.0,10.27,0.0
22771,3,G25103003902,235,1.65,0.0,1.65,0.0
22771,4,G25103003903,235,2.7,0.0,2.7,0.0
22771,5,G25103003904,235,2.66,0.0,2.66,0.0
22771,6,G25103003905,235,2.29,0.0,2.29,0.0
22771,7,G25103003906,235,1.81,0.0,1.81,0.0
22771,8,G25103003907,235,2.49,0.0,2.49,0.0
22771,9,G25103003908,235,2.37,0.0,2.37,0.0
22771,10,G25103003909,235,2.11,0.0,2.11,0.0
22771,11,G25103003910,331,2.96,0.0,2.96,0.0
22771,12,G25103003911,331,3.66,0.0,3.66,0.0
22771,13,G25103003912,331,4.21,0.0,4.21,0.0
22771,14,G25103003913,102,5.96,0.0,5.96,0.0
22771,15,G25103003914,102,7.33,0.0,7.33,0.0
10771,1,P24103003724,106,0.9,0.0,0.9,0.0
10772,1,P24104001423,289,11.0,0.0,11.0,0.0
10773,1,P24103003725,400,0.46,0.0,0.46,0.0
10774,1,P24104001424,119,50.0,0.0,50.0,0.0
19773,14,F25103003838,420,2.49,0.0,2.49,0.0
21772,2,F25103003886,110,1.53,0.0,1.53,0.0
22771,16,G25103003915,101,24.14,0.0,24.14,0.0
22771,17,G25103003916,101,33.28,0.0,33.28,0.0
22771,18,G25103003917,101,24.56,0.0,24.56,0.0
22771,19,G25103003918,101,18.93,0.0,18.93,0.0
22771,20,G25103003919,101,22.48,0.0,22.48,0.0
22771,21,G25103003920,101,14.03,0.0,14.03,0.0
22771,22,G25103003921,331,2.85,0.0,2.85,0.0
22771,23,G25103003922,331,3.09,0.0,3.09,0.0
22771,24,G25103003923,331,3.6,0.0,3.6,0.0
22771,25,G25103003924,331,3.33,0.0,3.33,0.0
22771,26,G25103003925,331,2.99,0.0,2.99,0.0
22771,27,G25103003926,331,1.88,0.0,1.88,0.0
22771,28,G25103003927,331,1.56,0.0,1.56,0.0
22771,29,G25103003928,102,4.08,0.0,4.08,0.0
22771,30,G25103003929,102,2.65,0.0,2.65,0.0
22771,31,G25103003930,102,5.04,0.0,5.04,0.0
22771,32,G25103003931,102,2.06,0.0,2.06,0.0
22771,33,G25103003932,102,2.95,0.0,2.95,0.0
22771,34,G25103003933,331,1.62,0.0,1.62,0.0
22772,1,G25103003934,102,2.54,0.0,2.54,0.0
22773,1,G25104001450,119,19.82,0.0,19.82,0.0
23773,1,G25103003935,400,0.45,0.0,0.45,0.0
24773,1,G25103003936,113,5.0,0.0,5.0,0.0
25773,1,H25104001451,119,21.0,0.0,21.0,0.0
26773,1,H25104001452,119,18.38,0.0,18.38,0.0
26774,1,H25103003937,113,8.6,0.0,8.6,0.0
26775,1,H25104001453,120,10.89,0.0,10.89,0.0
26776,1,H25104001454,289,28.7,0.0,28.7,0.0
26777,1,H25104001455,119,22.3,0.0,22.3,0.0
26778,1,H25104001456,351,36.6,0.0,36.6,0.0
26779,1,H25103003957,110,5.91,0.0,5.91,0.0
26779,2,H25103003958,110,3.73,0.0,3.73,0.0
27773,1,H25103003989,112,12.67,0.0,12.67,0.0
27773,2,H25103003990,235,2.81,0.0,2.81,0.0
27773,3,H25103003991,112,7.05,0.0,7.05,0.0
28773,1,H25104001458,346,43.06,0.0,43.06,0.0
29773,1,H25103003993,404,0.84,0.0,0.84,0.0
30773,1,H25103003994,112,17.02,0.0,17.02,0.0
30773,2,H25103003995,114,17.78,0.0,17.78,0.0
31773,1,H25104001459,346,26.62,0.0,26.62,0.0
32773,1,H25103003996,114,8.57,0.0,8.57,0.0
33773,1,H25103003997,112,10.01,0.0,10.01,0.0
33773,2,H25103003998,112,10.8,0.0,10.8,0.0
33773,3,H25103003999,112,12.51,0.0,12.51,0.0
33773,4,H25103004000,112,5.25,0.0,5.25,0.0
33773,5,H25103004001,112,14.6,0.0,14.6,0.0
33773,6,H25103004002,112,10.74,0.0,10.74,0.0
33773,7,H25103004003,112,14.53,0.0,14.53,0.0
33773,8,H25103004004,331,2.04,0.0,2.04,0.0
33773,9,H25103004005,331,4.09,0.0,4.09,0.0
33773,10,H25103004006,331,3.5,0.0,3.5,0.0
33773,11,H25103004007,331,2.31,0.0,2.31,0.0
33773,12,H25103004008,331,2.62,0.0,2.62,0.0
33773,13,H25103004009,331,1.57,0.0,1.57,0.0
33773,14,H25103004010,331,2.77,0.0,2.77,0.0
33773,15,H25103004011,331,1.35,0.0,1.35,0.0
33773,16,H25103004012,331,1.06,0.0,1.06,0.0
33773,17,H25103004013,327,10.6,0.0,10.6,0.0
33773,18,H25103004014,327,7.95,0.0,7.95,0.0
33773,19,H25103004015,101,20.67,0.0,20.67,0.0
33773,20,H25103004016,101,11.62,0.0,11.62,0.0
33773,21,H25103004017,235,12.53,0.0,12.53,0.0
33773,22,H25103004018,235,7.0,0.0,7.0,0.0
33773,23,H25103004019,235,3.89,0.0,3.89,0.0
33773,24,H25103004020,235,5.99,0.0,5.99,0.0
33773,25,H25103004021,235,4.73,0.0,4.73,0.0
33773,26,H25103004022,235,10.15,0.0,10.15,0.0
33773,27,H25103004023,112,27.99,0.0,27.99,0.0
33773,28,H25103004024,112,33.89,0.0,33.89,0.0
33773,29,H25103004025,112,23.68,0.0,23.68,0.0
33773,30,H25103004026,112,21.39,0.0,21.39,0.0
33773,31,H25103004027,331,2.0,0.0,2.0,0.0
33773,32,H25103004028,331,1.67,0.0,1.67,0.0
33773,33,H25103004029,331,5.63,0.0,5.63,0.0
33773,34,H25103004030,116,6.87,0.0,6.87,0.0
33773,35,H25103004031,116,2.73,0.0,2.73,0.0
33773,36,H25103004032,116,2.37,0.0,2.37,0.0
33773,37,H25103004033,116,0.83,0.0,0.83,0.0
33773,38,H25103004034,116,0.98,0.0,0.98,0.0
33773,39,H25103004035,116,0.91,0.0,0.91,0.0
33773,40,H25103004036,116,1.13,0.0,1.13,0.0
33773,41,H25103004037,116,0.89,0.0,0.89,0.0
33773,42,H25103004038,116,1.06,0.0,1.06,0.0
33773,43,H25103004039,116,0.88,0.0,0.88,0.0
33773,44,H25103004040,116,0.83,0.0,0.83,0.0
33773,45,H25103004041,116,1.04,0.0,1.04,0.0
33773,46,H25103004042,116,0.93,0.0,0.93,0.0
33773,47,H25103004043,116,0.8,0.0,0.8,0.0
33773,48,H25103004044,407,1.82,0.0,1.82,0.0
33773,49,H25103004045,407,1.91,0.0,1.91,0.0
33773,50,H25103004046,407,2.29,0.0,2.29,0.0
33773,51,H25103004047,407,2.62,0.0,2.62,0.0
33773,52,H25103004048,407,1.98,0.0,1.98,0.0
33773,53,H25103004049,407,1.27,0.0,1.27,0.0
33773,54,H25103004050,407,0.77,0.0,0.77,0.0
33773,55,H25103004051,407,0.94,0.0,0.94,0.0
33773,56,H25103004052,407,0.84,0.0,0.84,0.0
33773,57,H25103004053,420,2.03,0.0,2.03,0.0
33773,58,H25103004054,420,2.06,0.0,2.06,0.0
33773,59,H25103004055,420,2.2,0.0,2.2,0.0
17770,3,E25103003761,102,1.88,0.0,1.88,0.0
17770,4,E25103003762,102,2.68,0.0,2.68,0.0
17770,5,E25103003763,102,1.94,0.0,1.94,0.0
17770,6,E25103003764,331,1.74,0.0,1.74,0.0
17770,7,E25103003765,331,1.19,0.0,1.19,0.0
17770,8,E25103003766,331,1.68,0.0,1.68,0.0
17770,9,E25103003767,331,1.95,0.0,1.95,0.0
17770,10,E25103003768,331,1.74,0.0,1.74,0.0
17770,11,E25103003769,331,0.99,0.0,0.99,0.0
17770,12,E25103003770,331,1.14,0.0,1.14,0.0
17770,13,E25103003771,235,1.65,0.0,1.65,0.0
17770,14,E25103003772,235,1.99,0.0,1.99,0.0
17770,15,E25103003773,235,2.47,0.0,2.47,0.0
17770,16,E25103003774,235,1.68,0.0,1.68,0.0
17770,17,E25103003775,235,1.95,0.0,1.95,0.0
17770,18,E25103003776,235,2.89,0.0,2.89,0.0
17770,19,E25103003777,235,1.32,0.0,1.32,0.0
17770,20,E25103003780,107,3.25,0.0,3.25,0.0
17770,21,E25103003781,107,2.31,0.0,2.31,0.0
17770,22,E25103003782,107,2.76,0.0,2.76,0.0
17770,23,E25103003783,235,3.45,0.0,3.45,0.0
17770,24,E25103003784,235,3.39,0.0,3.39,0.0
17770,25,E25103003785,235,2.87,0.0,2.87,0.0
17770,26,E25103003786,235,2.44,0.0,2.44,0.0
17770,27,E25103003787,331,2.33,0.0,2.33,0.0
17770,28,E25103003788,331,2.69,0.0,2.69,0.0
17770,29,E25103003789,331,1.95,0.0,1.95,0.0
17770,30,E25103003790,331,1.57,0.0,1.57,0.0
17770,31,E25103003791,331,1.8,0.0,1.8,0.0
17770,32,E25103003792,331,1.87,0.0,1.87,0.0
17770,33,E25103003793,331,2.12,0.0,2.12,0.0
17770,34,E25103003794,102,1.75,0.0,1.75,0.0
17771,1,E25104001438,120,15.0,0.0,15.0,0.0
17772,1,E25103003795,110,1.68,0.0,1.68,0.0
17773,1,E25103003796,331,2.25,0.0,2.25,0.0
17774,1,E25103003797,103,2.16,0.0,2.16,0.0
17775,1,E25103003798,108,8.5,0.0,8.5,0.0
33773,60,H25103004056,420,2.32,0.0,2.32,0.0
33773,61,H25103004057,420,1.98,0.0,1.98,0.0
33773,62,H25103004058,420,1.57,0.0,1.57,0.0
33773,63,H25103004059,420,2.45,0.0,2.45,0.0
33773,64,H25103004060,420,2.47,0.0,2.47,0.0
33773,65,H25103004061,420,2.28,0.0,2.28,0.0
33773,66,H25103004062,420,2.76,0.0,2.76,0.0
33773,67,H25103004063,420,1.76,0.0,1.76,0.0
33773,68,H25103004064,420,2.48,0.0,2.48,0.0
33773,69,H25103004065,420,2.35,0.0,2.35,0.0
33773,70,H25103004066,420,2.15,0.0,2.15,0.0
33773,71,H25103004067,420,2.61,0.0,2.61,0.0
33773,72,H25103004068,420,2.24,0.0,2.24,0.0
33773,73,H25103004069,420,1.36,0.0,1.36,0.0
33773,74,H25103004070,420,2.8,0.0,2.8,0.0
33773,75,H25103004071,420,2.68,0.0,2.68,0.0
33773,76,H25103004072,420,1.5,0.0,1.5,0.0
33773,77,H25103004073,420,1.61,0.0,1.61,0.0
33773,78,H25103004074,420,1.35,0.0,1.35,0.0
33773,79,H25103004088,446,5.88,0.0,5.88,0.0
33773,80,H25103004075,115,2.23,0.0,2.23,0.0
33773,81,H25103004076,115,2.31,0.0,2.31,0.0
33773,82,H25103004077,115,2.37,0.0,2.37,0.0
33773,83,H25103004078,115,2.06,0.0,2.06,0.0
33773,84,H25103004079,115,2.25,0.0,2.25,0.0
33773,85,H25103004080,115,2.28,0.0,2.28,0.0
33773,86,H25103004081,115,2.11,0.0,2.11,0.0
33773,87,H25103004082,115,0.78,0.0,0.78,0.0
33773,88,H25103004083,115,0.76,0.0,0.76,0.0
33773,89,H25103004084,115,1.14,0.0,1.14,0.0
33773,90,H25103004085,115,2.54,0.0,2.54,0.0
33773,91,H25103004086,115,1.12,0.0,1.12,0.0
33773,92,H25103004087,115,1.12,0.0,1.12,0.0
34773,1,I25103004089,102,4.0,0.0,4.0,0.0
34773,2,I25103004090,102,13.09,0.0,13.09,0.0
34773,3,I25103004091,102,4.92,0.0,4.92,0.0
34773,4,I25103004092,102,6.58,0.0,6.58,0.0
34773,5,I25103004093,102,8.7,0.0,8.7,0.0
34773,6,I25103004094,102,5.72,0.0,5.72,0.0
34773,7,I25103004095,102,4.38,0.0,4.38,0.0
34773,8,I25103004096,102,5.57,0.0,5.57,0.0
34773,9,I25103004097,102,6.38,0.0,6.38,0.0
34773,10,I25103004098,331,4.2,0.0,4.2,0.0
34773,11,I25103004099,331,2.33,0.0,2.33,0.0
34773,12,I25103004100,331,4.77,0.0,4.77,0.0
34773,13,I25103004101,331,4.01,0.0,4.01,0.0
34773,14,I25103004102,331,5.14,0.0,5.14,0.0
34773,15,I25103004103,331,3.52,0.0,3.52,0.0
34773,16,I25103004104,331,3.38,0.0,3.38,0.0
34773,17,I25103004105,331,3.57,0.0,3.57,0.0
34773,18,I25103004106,331,2.92,0.0,2.92,0.0
34773,19,I25103004107,331,4.75,0.0,4.75,0.0
34773,20,I25103004108,331,3.1,0.0,3.1,0.0
34773,21,I25103004109,116,1.99,0.0,1.99,0.0
34773,22,I25103004110,116,1.58,0.0,1.58,0.0
34773,23,I25103004111,116,2.0,0.0,2.0,0.0
34773,24,I25103004112,235,2.34,0.0,2.34,0.0
34773,25,I25103004113,235,1.99,0.0,1.99,0.0
34773,26,I25103004114,235,2.28,0.0,2.28,0.0
34773,27,I25103004115,331,5.76,0.0,5.76,0.0
34773,28,I25103004116,115,4.95,0.0,4.95,0.0
35773,1,I25104001462,151,4.33,0.0,4.33,0.0
35774,1,I25104001463,289,20.2,0.0,20.2,0.0
36773,1,I25103004117,331,3.54,0.0,3.54,0.0
36774,1,I25104001464,151,12.03,0.0,12.03,0.0
37774,1,I25103004118,113,4.76,0.0,4.76,0.0
38774,1,I25103004119,115,1.1,0.0,1.1,0.0
38775,1,I25103004120,107,5.34,0.0,5.34,0.0
39774,1,J25104001466,151,23.61,0.0,23.61,0.0
26779,3,H25103003959,110,2.03,0.0,2.03,0.0
26779,4,H25103003960,110,1.6,0.0,1.6,0.0
26779,5,H25103003961,235,6.95,0.0,6.95,0.0
26779,6,H25103003962,235,3.35,0.0,3.35,0.0
26779,7,H25103003963,235,2.77,0.0,2.77,0.0
26779,8,H25103003964,235,2.95,0.0,2.95,0.0
26779,9,H25103003965,235,8.63,0.0,8.63,0.0
26779,10,H25103003966,331,4.19,0.0,4.19,0.0
26779,11,H25103003967,331,3.47,0.0,3.47,0.0
26779,12,H25103003968,331,3.39,0.0,3.39,0.0
26779,13,H25103003969,331,3.01,0.0,3.01,0.0
26779,14,H25103003970,331,3.33,0.0,3.33,0.0
26779,15,H25103003971,331,4.13,0.0,4.13,0.0
26779,16,H25103003972,331,2.35,0.0,2.35,0.0
26779,17,H25103003973,331,1.07,0.0,1.07,0.0
26779,18,H25103003974,331,3.29,0.0,3.29,0.0
26779,19,H25103003975,331,3.57,0.0,3.57,0.0
26779,20,H25103003976,331,3.55,0.0,3.55,0.0
26779,21,H25103003977,331,2.8,0.0,2.8,0.0
26779,22,H25103003978,331,1.17,0.0,1.17,0.0
26779,23,H25103003979,331,2.91,0.0,2.91,0.0
26779,24,H25103003980,102,4.77,0.0,4.77,0.0
26779,25,H25103003981,102,5.31,0.0,5.31,0.0
26779,26,H25103003982,116,2.85,0.0,2.85,0.0
26779,27,H25103003983,116,1.79,0.0,1.79,0.0
26779,28,H25103003984,238,0.29,0.0,0.29,0.0
26779,29,H25103003985,104,20.86,0.0,20.86,0.0
26779,30,H25103003986,114,22.55,0.0,22.55,0.0
26779,31,H25103003987,112,29.17,0.0,29.17,0.0
26779,32,H25103003988,109,3.42,0.0,3.42,0.0
26779,33,H25103003938,112,14.17,0.0,14.17,0.0
26779,34,H25103003939,112,13.96,0.0,13.96,0.0
26779,35,H25103003940,112,9.95,0.0,9.95,0.0
26779,36,H25103003941,112,9.69,0.0,9.69,0.0
26779,37,H25103003942,112,6.59,0.0,6.59,0.0
26779,38,H25103003943,112,15.61,0.0,15.61,0.0
26779,39,H25103003944,112,16.31,0.0,16.31,0.0
26779,40,H25103003945,112,13.32,0.0,13.32,0.0
26779,41,H25103003946,112,5.26,0.0,5.26,0.0
26779,42,H25103003947,112,13.12,0.0,13.12,0.0
26779,43,H25103003948,112,14.05,0.0,14.05,0.0
26779,44,H25103003949,112,11.2,0.0,11.2,0.0
26779,45,H25103003950,112,16.89,0.0,16.89,0.0
26779,46,H25103003951,112,17.93,0.0,17.93,0.0
26779,47,H25103003952,112,24.35,0.0,24.35,0.0
26779,48,H25103003953,114,13.35,0.0,13.35,0.0
26779,49,H25103003954,114,6.02,0.0,6.02,0.0
26779,50,H25103003955,114,21.1,0.0,21.1,0.0
26779,51,H25103003956,101,9.72,0.0,9.72,0.0
26780,1,H25103003992,116,0.7,0.0,0.7,0.0
26781,1,H25104001457,151,25.0,0.0,25.0,0.0
34774,1,I25104001460,139,22.68,0.0,22.68,0.0
34775,1,I25104001461,119,24.1,0.0,24.1,0.0
36775,1,I25104001465,353,20.11,0.0,20.11,0.0
40774,1,J25104001467,353,34.58,0.0,34.58,0.0
40775,1,J25104001468,440,15.9,0.0,15.9,0.0
40776,1,J25104001469,119,53.69,0.0,53.69,0.0
41774,1,J25103004121,115,1.05,0.0,1.05,0.0
41775,1,J25103004122,169,0.32,0.0,0.32,0.0
41776,1,J25104001470,134,3.73,0.0,3.73,0.0
41777,1,J25103004123,169,0.15,0.0,0.15,0.0
41778,1,J25103004124,169,0.2,0.0,0.2,0.0
42774,1,J25103004125,102,0.9,0.0,0.9,0.0
42775,1,J25104001471,289,16.11,0.0,16.11,0.0
43774,1,J25103004126,102,1.63,0.0,1.63,0.0
43774,2,J25103004127,102,1.83,0.0,1.83,0.0
43774,3,J25103004128,102,1.89,0.0,1.89,0.0
43774,4,J25103004129,102,2.18,0.0,2.18,0.0
43774,5,J25103004130,331,2.42,0.0,2.42,0.0
43774,6,J25103004131,235,1.71,0.0,1.71,0.0
43774,7,J25103004132,235,1.42,0.0,1.42,0.0
43774,8,J25103004133,235,1.64,0.0,1.64,0.0
43774,9,J25103004134,235,1.73,0.0,1.73,0.0
43774,10,J25103004135,235,1.61,0.0,1.61,0.0
43774,11,J25103004136,235,1.03,0.0,1.03,0.0
43774,12,J25103004137,235,0.81,0.0,0.81,0.0
43774,13,J25103004138,235,1.13,0.0,1.13,0.0
43774,14,J25103004139,235,1.19,0.0,1.19,0.0
43774,15,J25103004140,235,1.19,0.0,1.19,0.0
43774,16,J25103004141,235,1.02,0.0,1.02,0.0
43774,17,J25103004142,235,1.92,0.0,1.92,0.0
43774,18,J25103004143,235,9.74,0.0,9.74,0.0
43774,19,J25103004144,419,0.93,0.0,0.93,0.0
43774,20,J25103004145,419,0.92,0.0,0.92,0.0
43774,21,J25103004146,419,0.82,0.0,0.82,0.0
43774,22,J25103004147,419,0.89,0.0,0.89,0.0
43775,1,J25104001472,351,34.34,0.0,34.34,0.0
43776,1,J25103004148,107,3.52,0.0,3.52,0.0
43776,2,J25103004149,107,2.54,0.0,2.54,0.0
43776,3,J25103004150,107,3.07,0.0,3.07,0.0
43776,4,J25103004151,331,2.56,0.0,2.56,0.0
44776,1,J25103004152,349,3.94,0.0,3.94,0.0
44777,1,J25104001473,289,32.24,0.0,32.24,0.0
44778,1,J25104001474,134,11.04,0.0,11.04,0.0
45776,1,J25103004153,432,3.38,0.0,3.38,0.0
46776,1,J25104001475,329,15.6,0.0,15.6,0.0
47776,1,J25103004154,102,5.57,0.0,5.57,0.0
47777,1,J25103004155,235,4.47,0.0,4.47,0.0
47777,2,J25103004156,235,2.81,0.0,2.81,0.0
47777,3,J25103004157,235,4.98,0.0,4.98,0.0
47777,4,J25103004158,108,2.82,0.0,2.82,0.0
47777,5,J25103004159,115,1.01,0.0,1.01,0.0
47778,1,J25103004160,107,2.82,0.0,2.82,0.0
48776,1,J25103004161,410,11.1,0.0,11.1,0.0
49776,1,J25103004162,402,0.41,0.0,0.41,0.0
50776,1,K25104001476,351,3.6,0.0,3.6,0.0
50777,1,K25104001477,352,14.8,0.0,14.8,0.0
51776,1,K25104001478,120,19.22,0.0,19.22,0.0
52776,1,K25104001479,289,17.35,0.0,17.35,0.0
52777,1,K25104001480,346,15.28,0.0,15.28,0.0
52778,1,K25104001481,289,31.05,0.0,31.05,0.0
52779,1,K25103004164,106,4.1,0.0,4.1,0.0
53777,1,K25103004165,406,3.07,0.0,3.07,0.0
53777,2,K25103004166,406,1.12,0.0,1.12,0.0
53777,3,K25103004167,116,1.43,0.0,1.43,0.0
53777,4,K25103004168,116,1.57,0.0,1.57,0.0
53777,5,K25103004169,116,1.35,0.0,1.35,0.0
53777,6,K25103004170,115,1.43,0.0,1.43,0.0
53777,7,K25103004171,115,1.61,0.0,1.61,0.0
53777,8,K25103004172,115,1.91,0.0,1.91,0.0
53777,9,K25103004173,115,1.51,0.0,1.51,0.0
53777,10,K25103004174,115,1.42,0.0,1.42,0.0
53777,11,K25103004175,402,2.24,0.0,2.24,0.0
54777,1,K25104001482,142,22.5,0.0,22.5,0.0
54778,1,K25104001483,351,9.96,0.0,9.96,0.0
55777,1,K25103004176,110,2.48,0.0,2.48,0.0
55777,2,K25103004177,110,1.64,0.0,1.64,0.0
55777,3,K25103004178,110,1.89,0.0,1.89,0.0
55777,4,K25103004179,110,2.45,0.0,2.45,0.0
55777,5,K25103004180,110,7.79,0.0,7.79,0.0
55777,6,K25103004181,110,5.75,0.0,5.75,0.0
55777,7,K25103004182,110,1.58,0.0,1.58,0.0
55777,8,K25103004183,110,7.02,0.0,7.02,0.0
55777,9,K25103004184,419,0.9,0.0,0.9,0.0
55777,10,K25103004185,419,0.92,0.0,0.92,0.0
55777,11,K25103004186,419,0.89,0.0,0.89,0.0
55777,12,K25103004187,419,0.82,0.0,0.82,0.0
56777,1,K25103004188,420,0.84,0.0,0.84,0.0
57777,1,K25104001484,119,30.0,0.0,30.0,0.0
57778,1,L25104001485,289,11.73,0.0,11.73,0.0
58778,1,L25104001486,353,12.43,0.0,12.43,0.0
58779,1,L25104001487,353,7.28,0.0,7.28,0.0
58780,1,L25104001488,120,23.87,0.0,23.87,0.0
59778,1,L25103004189,112,8.35,0.0,8.35,0.0
59779,1,L25103004190,331,2.59,0.0,2.59,0.0
59780,1,L25103004191,102,6.04,0.0,6.04,0.0
59780,2,L25103004192,102,7.55,0.0,7.55,0.0
59780,3,L25103004193,102,2.45,0.0,2.45,0.0
59780,4,L25103004194,102,5.01,0.0,5.01,0.0
59780,5,L25103004195,102,3.9,0.0,3.9,0.0
59780,6,L25103004196,102,2.26,0.0,2.26,0.0
59780,7,L25103004197,102,2.78,0.0,2.78,0.0
59780,8,L25103004198,102,6.19,0.0,6.19,0.0
59780,9,L25103004199,102,2.06,0.0,2.06,0.0
59780,10,L25103004200,102,2.76,0.0,2.76,0.0
59780,11,L25103004201,102,2.54,0.0,2.54,0.0
59780,12,L25103004202,102,4.6,0.0,4.6,0.0
59780,13,L25103004203,102,3.35,0.0,3.35,0.0
59780,14,L25103004204,102,3.2,0.0,3.2,0.0
59780,15,L25103004205,102,2.46,0.0,2.46,0.0
59780,16,L25103004206,102,1.85,0.0,1.85,0.0
59780,17,L25103004207,102,3.42,0.0,3.42,0.0
59780,18,L25103004208,102,2.45,0.0,2.45,0.0
59780,19,L25103004209,102,4.67,0.0,4.67,0.0
59780,20,L25103004210,102,4.79,0.0,4.79,0.0
59780,21,L25103004211,235,2.3,0.0,2.3,0.0
59781,1,L25103004212,331,4.6,0.0,4.6,0.0
59781,2,L25103004213,331,2.26,0.0,2.26,0.0
59781,3,L25103004214,331,2.06,0.0,2.06,0.0
59781,4,L25103004215,331,2.78,0.0,2.78,0.0
59781,5,L25103004216,331,2.45,0.0,2.45,0.0
59781,6,L25103004217,331,2.54,0.0,2.54,0.0
59781,7,L25103004218,331,2.46,0.0,2.46,0.0
59781,8,L25103004219,331,2.45,0.0,2.45,0.0
59781,9,L25103004220,331,2.76,0.0,2.76,0.0
59781,10,L25103004221,331,3.21,0.0,3.21,0.0
59781,11,L25103004222,331,1.85,0.0,1.85,0.0
59781,12,L25103004223,331,4.68,0.0,4.68,0.0
59781,13,L25103004224,331,3.91,0.0,3.91,0.0
59781,14,L25103004225,331,4.79,0.0,4.79,0.0
59781,15,L25103004226,116,3.42,0.0,3.42,0.0
59781,16,L25103004227,235,2.3,0.0,2.3,0.0
59781,17,L25103004228,112,8.13,0.0,8.13,0.0
59781,18,L25103004229,112,9.11,0.0,9.11,0.0
59781,19,L25103004230,112,9.35,0.0,9.35,0.0
59781,20,L25103004231,338,3.11,0.0,3.11,0.0
60778,1,L25103004232,406,2.59,0.0,2.59,0.0
60778,2,L25103004233,406,1.54,0.0,1.54,0.0
60778,3,L25103004234,406,1.18,0.0,1.18,0.0
60778,4,L25103004235,406,0.97,0.0,0.97,0.0
60778,5,L25103004236,406,1.49,0.0,1.49,0.0
60778,6,L25103004237,406,1.56,0.0,1.56,0.0
60778,7,L25103004238,406,0.94,0.0,0.94,0.0
60778,8,L25103004239,406,5.39,0.0,5.39,0.0
60778,9,L25103004240,420,2.29,0.0,2.29,0.0
60778,10,L25103004241,420,2.46,0.0,2.46,0.0
60778,11,L25103004242,420,1.93,0.0,1.93,0.0
60778,12,L25103004243,420,2.46,0.0,2.46,0.0
60778,13,L25103004244,420,3.47,0.0,3.47,0.0
60778,14,L25103004245,420,1.66,0.0,1.66,0.0
60778,15,L25103004246,420,2.56,0.0,2.56,0.0
60778,16,L25103004247,420,1.49,0.0,1.49,0.0
60778,17,L25103004248,420,1.8,0.0,1.8,0.0
60778,18,L25103004249,420,1.15,0.0,1.15,0.0
60778,19,L25103004250,420,1.37,0.0,1.37,0.0
60778,20,L25103004251,420,1.08,0.0,1.08,0.0
60778,21,L25103004252,102,6.62,0.0,6.62,0.0
60778,22,L25103004253,102,7.19,0.0,7.19,0.0
60778,23,L25103004254,102,6.97,0.0,6.97,0.0
60778,24,L25103004255,102,7.56,0.0,7.56,0.0
60778,25,L25103004256,102,6.0,0.0,6.0,0.0
60778,26,L25103004257,103,1.82,0.0,1.82,0.0
50778,1,K25103004163,235,2.02,0.0,2.02,0.0
61778,1,M25103004258,102,6.94,0.0,6.94,0.0
61779,1,M25103004259,235,8.23,0.0,8.23,0.0
61779,2,M25103004260,235,3.16,0.0,3.16,0.0
61780,1,M25104001489,119,34.93,0.0,34.93,0.0
61781,1,M25104001490,353,45.54,0.0,45.54,0.0
62781,1,M25103004261,108,5.81,0.0,5.81,0.0
62781,2,M25103004262,108,2.27,0.0,2.27,0.0
62781,3,M25103004263,108,4.01,0.0,4.01,0.0
62781,4,M25103004264,108,3.01,0.0,3.01,0.0
62781,5,M25103004265,108,5.53,0.0,5.53,0.0
62781,6,M25103004266,108,4.1,0.0,4.1,0.0
62781,7,M25103004267,108,4.18,0.0,4.18,0.0
62781,8,M25103004268,108,3.52,0.0,3.52,0.0
62781,9,M25103004269,108,2.83,0.0,2.83,0.0
62781,10,M25103004270,108,3.22,0.0,3.22,0.0
62781,11,M25103004271,108,2.56,0.0,2.56,0.0
62781,12,M25103004272,108,3.01,0.0,3.01,0.0
62781,13,M25103004273,108,4.23,0.0,4.23,0.0
62781,14,M25103004274,108,3.72,0.0,3.72,0.0
62781,15,M25103004275,112,20.7,0.0,20.7,0.0
62781,16,M25103004276,112,20.51,0.0,20.51,0.0
62781,17,M25103004277,374,7.05,0.0,7.05,0.0
62781,18,M25103004278,102,4.15,0.0,4.15,0.0
62781,19,M25103004279,331,2.25,0.0,2.25,0.0
62781,20,M25103004280,116,1.51,0.0,1.51,0.0
62782,1,M25103004281,107,4.2,0.0,4.2,0.0
62782,2,M25103004282,107,5.82,0.0,5.82,0.0
62782,3,M25103004283,107,4.14,0.0,4.14,0.0
62782,4,M25103004284,107,3.54,0.0,3.54,0.0
62782,5,M25103004285,107,2.3,0.0,2.3,0.0
62782,6,M25103004286,107,3.01,0.0,3.01,0.0
62782,7,M25103004287,107,3.26,0.0,3.26,0.0
62782,8,M25103004288,107,2.6,0.0,2.6,0.0
62782,9,M25103004289,107,2.87,0.0,2.87,0.0
62782,10,M25103004290,107,3.01,0.0,3.01,0.0
62782,11,M25103004291,107,3.77,0.0,3.77,0.0
62782,12,M25103004292,107,3.97,0.0,3.97,0.0
62782,13,M25103004293,107,5.46,0.0,5.46,0.0
62782,14,M25103004294,107,4.18,0.0,4.18,0.0
62782,15,M25103004295,112,20.71,0.0,20.71,0.0
62782,16,M25103004296,112,20.5,0.0,20.5,0.0
62782,17,M25103004297,374,7.05,0.0,7.05,0.0
62782,18,M25103004298,116,1.5,0.0,1.5,0.0
62782,19,M25103004299,331,2.25,0.0,2.25,0.0
62782,20,M25103004300,102,4.14,0.0,4.14,0.0
63781,1,M25104001491,119,22.6,0.0,22.6,0.0
64781,1,M25104001492,119,28.92,0.0,28.92,0.0
64782,1,M25104001493,440,1.74,0.0,1.74,0.0
64783,1,M25104001494,289,15.2,0.0,15.2,0.0
64784,1,M25104001495,289,4.88,0.0,4.88,0.0
65781,1,M25103004301,114,51.96,0.0,51.96,0.0
65781,2,M25103004302,114,16.79,0.0,16.79,0.0
65781,3,M25103004303,114,20.48,0.0,20.48,0.0
65781,4,M25103004304,114,18.04,0.0,18.04,0.0
65781,5,M25103004305,114,12.89,0.0,12.89,0.0
65781,6,M25103004306,112,13.93,0.0,13.93,0.0
65782,1,M25103004307,419,2.98,0.0,2.98,0.0
65782,2,M25103004308,419,2.7,0.0,2.7,0.0
65782,3,M25103004309,419,2.81,0.0,2.81,0.0
65782,4,M25103004310,419,2.65,0.0,2.65,0.0
65782,5,M25103004311,419,2.64,0.0,2.64,0.0
65782,6,M25103004312,419,2.31,0.0,2.31,0.0
65782,7,M25103004313,419,2.08,0.0,2.08,0.0
65782,8,M25103004314,407,2.33,0.0,2.33,0.0
65782,9,M25103004315,407,1.37,0.0,1.37,0.0
65782,10,M25103004316,407,1.32,0.0,1.32,0.0
65782,11,M25103004317,407,1.3,0.0,1.3,0.0
65782,12,M25103004318,407,1.64,0.0,1.64,0.0
65782,13,M25103004319,407,1.56,0.0,1.56,0.0
65782,14,M25103004320,407,1.51,0.0,1.51,0.0
65782,15,M25103004321,115,2.57,0.0,2.57,0.0
65782,16,M25103004322,115,2.44,0.0,2.44,0.0
65782,17,M25103004323,115,2.64,0.0,2.64,0.0
65782,18,M25103004324,235,3.25,0.0,3.25,0.0
65782,19,M25103004325,101,13.97,0.0,13.97,0.0
66782,1,M25104001496,119,28.84,0.0,28.84,0.0
66783,1,M25104001497,119,10.6,0.0,10.6,0.0
66784,1,N25104001498,351,9.7,0.0,9.7,0.0
66785,1,N25103004326,101,11.8,0.0,11.8,0.0
66786,1,N25104001499,440,2.83,0.0,2.83,0.0
66787,1,N25103004327,101,13.21,0.0,13.21,0.0
66787,2,N25103004328,101,11.97,0.0,11.97,0.0
66787,3,N25103004329,101,10.33,0.0,10.33,0.0
66787,4,N25103004330,101,8.77,0.0,8.77,0.0
66787,5,N25103004331,101,13.62,0.0,13.62,0.0
66787,6,N25103004332,112,33.72,0.0,33.72,0.0
66787,7,N25103004333,331,1.74,0.0,1.74,0.0
66787,8,N25103004334,235,2.3,0.0,2.3,0.0
66787,9,N25103004335,235,1.33,0.0,1.33,0.0
66787,10,N25103004336,235,2.06,0.0,2.06,0.0
66787,11,N25103004337,235,1.53,0.0,1.53,0.0
66787,12,N25103004338,235,2.36,0.0,2.36,0.0
66787,13,N25103004339,102,3.0,0.0,3.0,0.0
66787,14,N25103004340,102,2.56,0.0,2.56,0.0
66787,15,N25103004341,102,2.33,0.0,2.33,0.0
66787,16,N25103004342,102,3.51,0.0,3.51,0.0
66787,17,N25103004343,331,3.88,0.0,3.88,0.0
66787,18,N25103004344,331,4.01,0.0,4.01,0.0
66787,19,N25103004345,331,1.88,0.0,1.88,0.0
66787,20,N25103004346,331,2.11,0.0,2.11,0.0
66787,21,N25103004347,331,2.26,0.0,2.26,0.0
66787,22,N25103004348,331,3.98,0.0,3.98,0.0
66787,23,N25103004349,331,2.57,0.0,2.57,0.0
66787,24,N25103004350,331,2.59,0.0,2.59,0.0
66788,1,N25103004351,104,21.8,0.0,21.8,0.0
67788,1,N25104001500,151,4.66,0.0,4.66,0.0
67789,1,N25103004352,104,13.31,0.0,13.31,0.0
67790,1,N25103004353,104,13.31,0.0,13.31,0.0
67791,1,N25103004354,176,9.67,0.0,9.67,0.0
67792,1,N25104001501,127,20.0,0.0,20.0,0.0
68791,1,N25103004373,110,1.8,0.0,1.8,0.0
68792,1,N25103004355,112,42.79,0.0,42.79,0.0
68792,2,N25103004356,331,5.05,0.0,5.05,0.0
68792,3,N25103004357,331,4.67,0.0,4.67,0.0
68792,4,N25103004358,331,2.71,0.0,2.71,0.0
68792,5,N25103004359,331,3.73,0.0,3.73,0.0
68792,6,N25103004360,331,3.73,0.0,3.73,0.0
68792,7,N25103004361,102,6.67,0.0,6.67,0.0
68792,8,N25103004362,102,5.59,0.0,5.59,0.0
68792,9,N25103004363,102,3.49,0.0,3.49,0.0
68792,10,N25103004364,235,3.96,0.0,3.96,0.0
68792,11,N25103004365,235,3.73,0.0,3.73,0.0
68792,12,N25103004366,235,2.01,0.0,2.01,0.0
68792,13,N25103004367,235,2.16,0.0,2.16,0.0
68792,14,N25103004368,235,5.25,0.0,5.25,0.0
68792,15,N25103004369,116,5.69,0.0,5.69,0.0
68792,16,N25103004370,116,2.79,0.0,2.79,0.0
68792,17,N25103004371,116,2.41,0.0,2.41,0.0
68792,18,N25103004372,116,2.09,0.0,2.09,0.0
69791,1,N25103004374,235,3.28,0.0,3.28,0.0
69791,2,N25103004375,235,3.83,0.0,3.83,0.0
69791,3,N25103004376,235,8.73,0.0,8.73,0.0
69791,4,N25103004377,235,3.68,0.0,3.68,0.0
69791,5,N25103004378,235,3.3,0.0,3.3,0.0
69791,6,N25103004379,235,3.18,0.0,3.18,0.0
69791,7,N25103004380,235,2.07,0.0,2.07,0.0
69791,8,N25103004381,235,3.77,0.0,3.77,0.0
69791,9,N25103004382,235,4.22,0.0,4.22,0.0
69791,10,N25103004383,235,2.09,0.0,2.09,0.0
69791,11,N25103004384,235,2.3,0.0,2.3,0.0
69791,12,N25103004385,235,4.99,0.0,4.99,0.0
69791,13,N25103004386,235,1.32,0.0,1.32,0.0
69791,14,N25103004387,235,2.53,0.0,2.53,0.0
69791,15,N25103004388,235,1.85,0.0,1.85,0.0
69791,16,N25103004389,235,1.92,0.0,1.92,0.0
69791,17,N25103004390,235,1.95,0.0,1.95,0.0
69791,18,N25103004391,235,2.21,0.0,2.21,0.0
69791,19,N25103004392,235,1.78,0.0,1.78,0.0
69791,20,N25103004393,102,2.66,0.0,2.66,0.0
69791,21,N25103004394,116,2.44,0.0,2.44,0.0
69791,22,N25103004395,116,1.56,0.0,1.56,0.0
69791,23,N25103004396,116,2.53,0.0,2.53,0.0
69791,24,N25103004397,114,6.79,0.0,6.79,0.0
69791,25,N25103004398,114,5.52,0.0,5.52,0.0
69792,1,N25104001502,127,15.0,0.0,15.0,0.0
69793,1,N25104001503,127,5.0,0.0,5.0,0.0
69794,1,N25104001504,127,9.0,0.0,9.0,0.0
69795,1,N25104001505,127,5.0,0.0,5.0,0.0
69796,1,N25104001506,127,9.0,0.0,9.0,0.0
70793,1,N25104001507,119,16.06,0.0,16.06,0.0
70794,1,N25103004430,108,4.48,0.0,4.48,0.0
70794,2,N25103004431,108,3.88,0.0,3.88,0.0
70794,3,N25103004432,108,4.32,0.0,4.32,0.0
70794,4,N25103004433,108,4.56,0.0,4.56,0.0
70795,1,N25103004399,102,7.98,0.0,7.98,0.0
70795,2,N25103004400,102,5.72,0.0,5.72,0.0
70795,3,N25103004401,102,2.82,0.0,2.82,0.0
70795,4,N25103004402,102,4.52,0.0,4.52,0.0
70795,5,N25103004403,102,4.31,0.0,4.31,0.0
70795,6,N25103004404,102,3.34,0.0,3.34,0.0
70795,7,N25103004405,102,3.9,0.0,3.9,0.0
70795,8,N25103004406,331,2.21,0.0,2.21,0.0
70795,9,N25103004407,114,4.47,0.0,4.47,0.0
70795,10,N25103004408,235,7.48,0.0,7.48,0.0
70795,11,N25103004409,235,7.53,0.0,7.53,0.0
70795,12,N25103004410,235,2.43,0.0,2.43,0.0
70795,13,N25103004411,235,3.25,0.0,3.25,0.0
70795,14,N25103004412,235,2.8,0.0,2.8,0.0
70795,15,N25103004413,235,2.84,0.0,2.84,0.0
70795,16,N25103004414,235,2.44,0.0,2.44,0.0
70795,17,N25103004415,235,2.59,0.0,2.59,0.0
70795,18,N25103004416,235,3.2,0.0,3.2,0.0
70795,19,N25103004417,235,2.75,0.0,2.75,0.0
70795,20,N25103004418,331,2.67,0.0,2.67,0.0
70795,21,N25103004419,116,1.55,0.0,1.55,0.0
70795,22,N25103004420,116,1.34,0.0,1.34,0.0
70795,23,N25103004421,116,4.05,0.0,4.05,0.0
70795,24,N25103004422,116,1.43,0.0,1.43,0.0
70795,25,N25103004423,112,25.92,0.0,25.92,0.0
70795,26,N25103004424,112,21.29,0.0,21.29,0.0
70795,27,N25103004425,112,17.57,0.0,17.57,0.0
70795,28,N25103004426,112,22.34,0.0,22.34,0.0
70795,29,N25103004427,112,17.37,0.0,17.37,0.0
70795,30,N25103004428,112,12.96,0.0,12.96,0.0
70795,31,N25103004429,114,22.91,0.0,22.91,0.0
70796,1,N25104001508,127,10.0,0.0,10.0,0.0
71796,1,N25104001509,151,3.34,0.0,3.34,0.0
71797,1,N25104001510,127,5.0,0.0,5.0,0.0
71798,1,N25104001511,127,5.0,0.0,5.0,0.0
71799,1,N25104001512,151,5.2,0.0,5.2,0.0
71800,1,N25104001513,127,10.0,0.0,10.0,0.0
71801,1,N25104001514,119,40.79,0.0,40.79,0.0
71802,1,N25104001515,151,8.5,0.0,8.5,0.0
71803,1,N25104001516,151,7.02,0.0,7.02,0.0
71804,1,N25104001517,127,10.0,0.0,10.0,0.0
71805,1,N25104001518,151,3.57,0.0,3.57,0.0
71806,1,N25104001519,151,4.26,0.0,4.26,0.0
71807,1,N25104001520,127,10.0,0.0,10.0,0.0
71808,1,N25104001521,119,71.86,0.0,71.86,0.0
71809,1,N25103004434,115,0.55,0.0,0.55,0.0
71810,1,N25104001522,151,3.0,0.0,3.0,0.0
71811,1,N25104001523,127,5.0,0.0,5.0,0.0
71812,1,N25104001524,127,10.0,0.0,10.0,0.0
71813,1,N25104001525,353,7.0,0.0,7.0,0.0
71814,1,N25103004435,114,9.21,0.0,9.21,0.0
71814,2,N25103004436,112,12.31,0.0,12.31,0.0
71814,3,N25103004437,112,10.86,0.0,10.86,0.0
71815,1,N25104001526,120,27.4,0.0,27.4,0.0
71816,1,N25103004438,115,0.52,0.0,0.52,0.0
71817,1,N25104001527,351,23.8,0.0,23.8,0.0
71818,1,O25103004439,110,1.65,0.0,1.65,0.0
71818,2,O25103004440,110,1.64,0.0,1.64,0.0
71818,3,O25103004441,110,2.17,0.0,2.17,0.0
71818,4,O25103004442,110,1.76,0.0,1.76,0.0
71818,5,O25103004443,110,1.57,0.0,1.57,0.0
71818,6,O25103004444,110,2.08,0.0,2.08,0.0
71818,7,O25103004445,331,3.473,0.0,3.473,0.0
71818,8,O25103004446,331,2.97,0.0,2.97,0.0
71818,9,O25103004447,331,3.1,0.0,3.1,0.0
71818,10,O25103004448,235,4.27,0.0,4.27,0.0
71818,11,O25103004449,235,3.81,0.0,3.81,0.0
71818,12,O25103004450,235,3.23,0.0,3.23,0.0
71818,13,O25103004451,235,4.25,0.0,4.25,0.0
71818,14,O25103004452,235,2.22,0.0,2.22,0.0
71818,15,O25103004453,235,2.25,0.0,2.25,0.0
71818,16,O25103004454,101,16.57,0.0,16.57,0.0
71819,1,O25103004455,331,3.48,0.0,3.48,0.0
71820,1,O25104001528,119,48.77,0.0,48.77,0.0
71821,1,O25104001529,351,44.68,0.0,44.68,0.0
71822,1,O25104001530,351,10.05,0.0,10.05,0.0
71823,1,O25104001531,127,10.0,0.0,10.0,0.0
71824,1,O25104001532,129,3.68,0.0,3.68,0.0
71825,1,O25103004458,101,16.87,0.0,16.87,0.0
71826,1,O25103004466,116,4.24,0.0,4.24,0.0
71827,1,O25104001533,119,28.08,0.0,28.08,0.0
71828,1,O25103004456,112,7.01,0.0,7.01,0.0
71828,2,O25103004457,235,2.53,0.0,2.53,0.0
71828,3,O25103004459,338,4.05,0.0,4.05,0.0
71828,4,O25103004460,338,2.73,0.0,2.73,0.0
71828,5,O25103004461,338,5.01,0.0,5.01,0.0
71828,6,O25103004462,338,3.14,0.0,3.14,0.0
71828,7,O25103004463,338,3.01,0.0,3.01,0.0
71828,8,O25103004464,338,2.22,0.0,2.22,0.0
71828,9,O25103004465,338,2.51,0.0,2.51,0.0
71828,10,O25103004467,445,12.4,0.0,12.4,0.0
71828,11,O25103004468,445,9.89,0.0,9.89,0.0
71828,12,O25103004469,445,10.37,0.0,10.37,0.0
71828,13,O25103004470,104,25.87,0.0,25.87,0.0
71828,14,O25103004471,104,19.8,0.0,19.8,0.0
71828,15,O25103004472,445,4.69,0.0,4.69,0.0
71828,16,O25103004473,445,5.91,0.0,5.91,0.0
71828,17,O25103004474,445,6.57,0.0,6.57,0.0
71828,18,O25103004475,445,5.36,0.0,5.36,0.0
71828,19,O25103004476,112,8.1,0.0,8.1,0.0
71828,20,O25103004477,112,8.69,0.0,8.69,0.0
71828,21,O25103004478,112,8.16,0.0,8.16,0.0
71828,22,O25103004479,235,2.41,0.0,2.41,0.0
71828,23,O25103004480,235,2.31,0.0,2.31,0.0
71828,24,O25103004481,235,2.12,0.0,2.12,0.0
71828,25,O25103004482,235,1.88,0.0,1.88,0.0
71828,26,O25103004483,235,1.69,0.0,1.69,0.0
71828,27,O25103004484,235,2.39,0.0,2.39,0.0
71828,28,O25103004485,235,1.44,0.0,1.44,0.0
71828,29,O25103004486,235,1.47,0.0,1.47,0.0
71828,30,O25103004487,101,12.4,0.0,12.4,0.0
71828,31,O25103004488,101,10.51,0.0,10.51,0.0
71828,32,O25103004489,101,9.85,0.0,9.85,0.0
71828,33,O25103004490,101,12.34,0.0,12.34,0.0
71828,34,O25103004491,101,9.94,0.0,9.94,0.0
71828,35,O25103004492,101,6.32,0.0,6.32,0.0
71828,36,O25103004493,235,1.4,0.0,1.4,0.0
71828,37,O25103004494,235,1.75,0.0,1.75,0.0
71828,38,O25103004495,235,2.31,0.0,2.31,0.0
71828,39,O25103004496,235,1.51,0.0,1.51,0.0
71828,40,O25103004497,235,1.52,0.0,1.52,0.0
71828,41,O25103004498,235,2.05,0.0,2.05,0.0
71828,42,O25103004499,235,1.97,0.0,1.97,0.0
71828,43,O25103004500,235,1.18,0.0,1.18,0.0
71828,44,O25103004501,235,1.17,0.0,1.17,0.0
71828,45,O25103004502,235,1.83,0.0,1.83,0.0
71828,46,O25103004503,235,1.11,0.0,1.11,0.0
71828,47,O25103004504,235,1.24,0.0,1.24,0.0
71828,48,O25103004505,235,0.67,0.0,0.67,0.0
71828,49,O25103004506,235,0.73,0.0,0.73,0.0
71828,50,O25103004507,235,0.7,0.0,0.7,0.0
71828,51,O25103004508,235,0.71,0.0,0.71,0.0
71828,52,O25103004509,235,0.62,0.0,0.62,0.0
71828,53,O25103004510,235,0.69,0.0,0.69,0.0
71828,54,O25103004511,235,1.18,0.0,1.18,0.0
71828,55,O25103004512,235,0.72,0.0,0.72,0.0
71829,1,O25103004513,235,0.82,0.0,0.82,0.0
71829,2,O25103004514,116,0.55,0.0,0.55,0.0
71829,3,O25103004515,116,0.99,0.0,0.99,0.0
71829,4,O25103004516,116,0.64,0.0,0.64,0.0
71829,5,O25103004517,116,0.66,0.0,0.66,0.0
71829,6,O25103004518,116,1.88,0.0,1.88,0.0
71829,7,O25103004519,116,2.31,0.0,2.31,0.0
71829,8,O25103004520,116,0.89,0.0,0.89,0.0
71829,9,O25103004521,116,1.0,0.0,1.0,0.0
71829,10,O25103004522,116,0.61,0.0,0.61,0.0
71829,11,O25103004523,116,0.58,0.0,0.58,0.0
71829,12,O25103004524,116,0.65,0.0,0.65,0.0
71829,13,O25103004525,116,1.25,0.0,1.25,0.0
71829,14,O25103004526,116,0.89,0.0,0.89,0.0
71829,15,O25103004527,116,0.67,0.0,0.67,0.0
71829,16,O25103004528,112,3.93,0.0,3.93,0.0
71830,1,O25103004529,235,3.3,0.0,3.3,0.0
71831,1,O25103004530,241,30.31,0.0,30.31,0.0
71832,1,O25103004531,104,35.25,0.0,35.25,0.0
71833,1,O25103004532,113,9.84,0.0,9.84,0.0
71834,1,O25104001534,151,5.0,0.0,5.0,0.0
71835,1,O25104001535,149,41.0,0.0,41.0,0.0
71836,1,O25104001536,119,12.36,0.0,12.36,0.0
71837,1,O25104001537,149,5.0,0.0,5.0,0.0
71838,1,O25103004533,113,3.14,0.0,3.14,0.0
71839,1,O25103004534,102,1.05,0.0,1.05,0.0
71840,1,O25103004535,169,0.18,0.0,0.18,0.0
71841,1,P25104001538,289,11.0,0.0,11.0,0.0
71842,1,P25104001539,151,7.0,0.0,7.0,0.0
71843,1,P25103004536,176,8.23,0.0,8.23,0.0
71844,1,P25103004537,331,3.89,0.0,3.89,0.0
71845,1,P25103004538,112,15.44,0.0,15.44,0.0
71846,1,P25104001540,119,57.5,0.0,57.5,0.0
71847,1,P25103004539,112,7.34,0.0,7.34,0.0
71848,1,P25103004540,400,0.51,0.0,0.51,0.0
71849,1,P25103004541,116,6.47,0.0,6.47,0.0
71849,2,P25103004542,235,4.46,0.0,4.46,0.0
71849,3,P25103004543,419,1.01,0.0,1.01,0.0
71849,4,P25103004544,419,1.34,0.0,1.34,0.0
71849,5,P25103004545,419,1.24,0.0,1.24,0.0
71849,6,P25103004546,112,14.96,0.0,14.96,0.0
71850,1,K24107000298,427,1.26,0.07,1.246,26279.0
71850,2,K25107000299,273,1.89,0.06,1.878,28950.0
71850,3,K25107000300,273,1.26,0.07,1.246,33100.0
71850,4,K25107000301,273,0.93,0.12,0.906,23100.0
71850,5,K25107000302,273,1.03,0.03,1.024,16500.0
71851,1,E26104001541,127,125.0,0.0,125.0,0.0
71852,1,E26103004547,103,0.68,0.0,0.68,0.0
71853,1,E26104001542,440,1.69,0.0,1.69,0.0
71854,1,E26104001543,151,3.18,0.0,3.18,0.0
71855,1,E26104001544,149,15.0,0.0,15.0,0.0
71856,1,E26103004548,116,9.81,0.0,9.81,0.0
71856,2,E26103004549,116,6.71,0.0,6.71,0.0
71856,3,E26103004550,116,2.31,0.0,2.31,0.0
71856,4,E26103004551,116,3.66,0.0,3.66,0.0
71856,5,E26103004552,116,2.71,0.0,2.71,0.0
71856,6,E26103004553,116,2.63,0.0,2.63,0.0
71856,7,E26103004554,116,2.53,0.0,2.53,0.0
71856,8,E26103004555,102,4.24,0.0,4.24,0.0
71856,9,E26103004556,102,2.7,0.0,2.7,0.0
71856,10,E26103004557,102,4.9,0.0,4.9,0.0
71856,11,E26103004558,102,4.89,0.0,4.89,0.0
71856,12,E26103004559,102,3.91,0.0,3.91,0.0
71856,13,E26103004560,331,4.99,0.0,4.99,0.0
71856,14,E26103004561,331,4.05,0.0,4.05,0.0
71856,15,E26103004562,331,3.31,0.0,3.31,0.0
71856,16,E26103004563,331,3.55,0.0,3.55,0.0
71856,17,E26103004564,331,2.99,0.0,2.99,0.0
71856,18,E26103004565,331,4.51,0.0,4.51,0.0
71856,19,E26103004566,331,3.47,0.0,3.47,0.0
71856,20,E26103004567,235,2.0,0.0,2.0,0.0
71856,21,E26103004568,235,2.49,0.0,2.49,0.0
71856,22,E26103004569,235,2.93,0.0,2.93,0.0
71856,23,E26103004570,235,2.44,0.0,2.44,0.0
71856,24,E26103004571,235,3.31,0.0,3.31,0.0
71856,25,E26103004572,235,3.47,0.0,3.47,0.0
71856,26,E26103004573,235,2.31,0.0,2.31,0.0
71856,27,E26103004574,235,2.69,0.0,2.69,0.0
71856,28,E26103004575,235,2.66,0.0,2.66,0.0
71856,29,E26103004576,235,3.75,0.0,3.75,0.0
71856,30,E26103004577,235,3.5,0.0,3.5,0.0
71856,31,E26103004578,235,2.64,0.0,2.64,0.0
71856,32,E26103004579,235,2.33,0.0,2.33,0.0
71856,33,E26103004580,235,2.34,0.0,2.34,0.0
71856,34,E26103004581,235,3.59,0.0,3.59,0.0
71856,35,E26103004582,235,1.91,0.0,1.91,0.0
71856,36,E26103004583,235,1.91,0.0,1.91,0.0
71856,37,E26103004584,235,4.78,0.0,4.78,0.0
71856,38,E26103004585,116,1.7,0.0,1.7,0.0
71856,39,E26103004586,114,8.77,0.0,8.77,0.0
71856,40,E26103004587,114,10.66,0.0,10.66,0.0
71856,41,E26103004588,114,9.45,0.0,9.45,0.0
71857,1,E26107000303,273,0.74,0.02,0.736,15813.0
71857,2,E26107000304,273,1.36,0.04,1.352,28348.0
71857,3,E26107000305,273,1.04,0.04,1.032,22177.0
71857,4,E26107000306,273,1.65,0.17,1.616,56709.0
71857,5,E26107000307,273,1.97,0.03,1.964,29891.0
71857,6,E26107000308,273,0.94,0.02,0.936,17935.0
71857,7,E26107000309,273,2.94,0.07,2.926,51490.0
71857,8,E26107000310,273,2.97,0.16,2.938,58626.0
71857,9,E26107000311,273,2.73,0.18,2.694,57662.0
71857,10,E26107000312,273,2.44,0.16,2.408,69399.0
71857,11,E26107000313,273,2.66,0.2,2.62,56119.0
71857,12,E26107000314,273,2.46,0.11,2.438,48212.0
71857,13,E26107000315,399,1.33,0.09,1.312,30084.0
71857,14,E26107000316,399,2.0,0.22,1.956,71063.0
71857,15,E26107000317,399,1.02,0.02,1.016,20634.0
71857,16,E26107000318,399,0.99,0.07,0.976,23527.0
71857,17,E26107000319,399,0.65,0.05,0.64,16585.0
71857,18,E26107000320,399,1.05,0.03,1.044,20827.0
71857,19,E26107000321,399,1.1,0.04,1.092,24106.0
71857,20,E26107000322,399,1.07,0.04,1.062,23527.0
71857,21,E26107000323,399,1.16,0.06,1.148,22370.0
71857,22,E26107000324,273,1.03,0.03,1.024,23925.0
71857,23,E26107000325,273,1.16,0.07,1.146,24106.0
71857,24,E26107000326,273,1.14,0.03,1.134,20827.0
71857,25,E26107000327,273,1.26,0.07,1.246,47995.0
71857,26,E26107000328,273,1.05,0.04,1.042,21599.0
71857,27,E26107000329,273,0.96,0.1,0.94,26034.0
71857,28,E26107000330,273,1.49,0.13,1.464,47731.0
71857,29,E26107000331,427,1.58,0.15,1.55,52410.0
71857,30,E26107000332,427,1.08,0.02,1.076,20442.0
71857,31,E26107000333,427,1.0,0.04,0.992,20056.0
71857,32,E26107000334,427,0.53,0.01,0.528,11956.0
71857,33,E26107000335,427,1.26,0.07,1.246,38104.0
71857,34,E26107000336,427,0.47,0.03,0.464,13113.0
71857,35,E26107000337,427,0.65,0.07,0.636,19477.0
71857,36,E26107000338,427,0.56,0.03,0.554,12920.0
71857,37,E26107000339,427,0.38,0.01,0.378,9449.0
71857,38,E26107000340,427,0.66,0.02,0.656,15813.0
71857,39,E26107000341,427,1.93,0.13,1.904,38955.0
71858,1,P22107000118,273,2.5,0.06,2.488,29127.0
71858,2,P22107000121,273,0.94,0.06,0.928,13300.0
71858,3,P22107000123,273,1.22,0.07,1.206,18088.0
71858,4,P22107000129,273,0.76,0.04,0.752,11571.0
71858,5,P22107000130,273,1.57,0.05,1.56,23674.0
71858,6,P22107000145,273,2.26,0.05,2.25,27797.0
71858,7,P22107000147,273,2.37,0.06,2.358,32186.0
71858,8,P22107000158,273,1.6,0.07,1.586,21413.0
71858,9,P22107000159,273,1.19,0.1,1.17,17955.0
71858,10,P22107000197,399,0.82,0.02,0.816,12103.0
71858,11,P22107000198,399,1.02,0.05,1.01,15428.0
71858,12,P22107000207,271,0.47,0.05,0.46,9443.0
71858,13,P22107000208,271,0.24,0.02,0.236,6650.0
71858,14,P22107000210,271,0.35,0.05,0.34,9842.0
71858,15,P22107000213,271,0.41,0.02,0.406,9044.0
71858,16,P22107000214,271,0.15,0.02,0.146,5985.0
71858,17,P22107000216,271,0.43,0.02,0.426,9044.0
71858,18,P22107000218,271,0.6,0.06,0.588,9975.0
71858,19,P22107000221,271,0.41,0.04,0.402,9177.0
71858,20,P22107000222,271,0.42,0.04,0.412,9177.0
71858,21,P22107000224,271,0.38,0.02,0.376,8113.0
71858,22,P22107000226,271,0.21,0.01,0.208,5985.0
71858,23,P22107000227,271,0.39,0.02,0.386,8113.0
71858,24,P22107000228,271,0.42,0.02,0.416,8113.0
71858,25,P22107000236,271,0.4,0.04,0.392,9044.0
71858,26,P22107000238,271,0.34,0.01,0.338,6384.0
71858,27,P22107000239,271,0.6,0.06,0.588,9975.0
71858,28,P22107000241,271,0.25,0.02,0.246,6650.0
71858,29,P22107000242,271,0.32,0.02,0.316,6916.0
71858,30,P22107000244,271,0.78,0.03,0.774,11039.0
71858,31,P22107000258,273,2.66,0.18,2.624,38304.0
71858,32,P22107000261,273,2.88,0.14,2.852,38038.0
71858,33,P22107000262,273,2.81,0.16,2.778,40432.0
71858,34,P22107000263,273,1.26,0.07,1.246,15561.0
71858,35,P22107000273,272,1.49,0.12,1.466,23009.0
71858,36,O23107000280,273,2.51,0.14,2.482,46585.0
71858,37,O23107000281,273,2.47,0.17,2.436,49339.0
71858,38,O23107000287,427,1.35,0.22,1.306,40951.0
71858,39,O23107000289,271,0.36,0.008,0.358,14319.0
71858,40,J24107000297,273,4.41,0.04,4.402,102000.0
71858,41,K25107000301,273,0.93,0.12,0.906,23100.0
71858,42,E26107000303,273,0.74,0.02,0.736,15813.0
71858,43,E26107000304,273,1.36,0.04,1.352,28348.0
71858,44,E26107000305,273,1.04,0.04,1.032,22177.0
71858,45,E26107000306,273,1.65,0.17,1.616,56709.0
71858,46,E26107000307,273,1.97,0.03,1.964,29891.0
71858,47,E26107000308,273,0.94,0.02,0.936,17935.0
71858,48,E26107000309,273,2.94,0.07,2.926,51490.0
71858,49,E26107000310,273,2.97,0.16,2.938,58626.0
71858,50,E26107000311,273,2.73,0.18,2.694,57662.0
71858,51,E26107000312,273,2.44,0.16,2.408,69399.0
71858,52,E26107000313,273,2.66,0.2,2.62,56119.0
71858,53,E26107000314,273,2.46,0.11,2.438,48212.0
71858,54,E26107000315,399,1.33,0.09,1.312,30084.0
71858,55,E26107000316,399,2.0,0.22,1.956,71063.0
71858,56,E26107000317,399,1.02,0.02,1.016,20634.0
71858,57,E26107000318,399,0.99,0.07,0.976,23527.0
71858,58,E26107000319,399,0.65,0.05,0.64,16585.0
71858,59,E26107000320,399,1.05,0.03,1.044,20827.0
71858,60,E26107000321,399,1.1,0.04,1.092,24106.0
71858,61,E26107000322,399,1.07,0.04,1.062,23527.0
71858,62,E26107000323,399,1.16,0.06,1.148,22370.0
71858,63,E26107000324,273,1.03,0.03,1.024,23925.0
71858,64,E26107000325,273,1.16,0.07,1.146,24106.0
71858,65,E26107000326,273,1.14,0.03,1.134,20827.0
71858,66,E26107000327,273,1.26,0.07,1.246,47995.0
71858,67,E26107000328,273,1.05,0.04,1.042,21599.0
71858,68,E26107000329,273,0.96,0.1,0.94,26034.0
71858,69,E26107000330,273,1.49,0.13,1.464,47731.0
71858,70,E26107000331,427,1.58,0.15,1.55,52410.0
71858,71,E26107000332,427,1.08,0.02,1.076,20442.0
71858,72,E26107000333,427,1.0,0.04,0.992,20056.0
71858,73,E26107000334,427,0.53,0.01,0.528,11956.0
71858,74,E26107000335,427,1.26,0.07,1.246,38104.0
71858,75,E26107000336,427,0.47,0.03,0.464,13113.0
71858,76,E26107000337,427,0.65,0.07,0.636,19477.0
71858,77,E26107000338,427,0.56,0.03,0.554,12920.0
71858,78,E26107000339,427,0.38,0.01,0.378,9449.0
71858,79,E26107000340,427,0.66,0.02,0.656,15813.0
71858,80,E26107000341,427,1.93,0.13,1.904,38955.0
71859,1,P22107000118,273,2.5,0.06,2.488,29127.0
71859,2,P22107000121,273,0.94,0.06,0.928,13300.0
71859,3,P22107000123,273,1.22,0.07,1.206,18088.0
71859,4,P22107000129,273,0.76,0.04,0.752,11571.0
71859,5,P22107000130,273,1.57,0.05,1.56,23674.0
71859,6,P22107000145,273,2.26,0.05,2.25,27797.0
71859,7,P22107000147,273,2.37,0.06,2.358,32186.0
71859,8,P22107000158,273,1.6,0.07,1.586,21413.0
71859,9,P22107000159,273,1.19,0.1,1.17,17955.0
71859,10,P22107000197,399,0.82,0.02,0.816,12103.0
71859,11,P22107000198,399,1.02,0.05,1.01,15428.0
71859,12,P22107000207,271,0.47,0.05,0.46,9443.0
71859,13,P22107000208,271,0.24,0.02,0.236,6650.0
71859,14,P22107000210,271,0.35,0.05,0.34,9842.0
71859,15,P22107000213,271,0.41,0.02,0.406,9044.0
71859,16,P22107000214,271,0.15,0.02,0.146,5985.0
71859,17,P22107000216,271,0.43,0.02,0.426,9044.0
71859,18,P22107000218,271,0.6,0.06,0.588,9975.0
71859,19,P22107000221,271,0.41,0.04,0.402,9177.0
71859,20,P22107000222,271,0.42,0.04,0.412,9177.0
71859,21,P22107000224,271,0.38,0.02,0.376,8113.0
71859,22,P22107000226,271,0.21,0.01,0.208,5985.0
71859,23,P22107000227,271,0.39,0.02,0.386,8113.0
71859,24,P22107000228,271,0.42,0.02,0.416,8113.0
71859,25,P22107000236,271,0.4,0.04,0.392,9044.0
71859,26,P22107000238,271,0.34,0.01,0.338,6384.0
71859,27,P22107000239,271,0.6,0.06,0.588,9975.0
71859,28,P22107000241,271,0.25,0.02,0.246,6650.0
71859,29,P22107000242,271,0.32,0.02,0.316,6916.0
71859,30,P22107000244,271,0.78,0.03,0.774,11039.0
71859,31,P22107000258,273,2.66,0.18,2.624,38304.0
71859,32,P22107000261,273,2.88,0.14,2.852,38038.0
71859,33,P22107000262,273,2.81,0.16,2.778,40432.0
71859,34,P22107000263,273,1.26,0.07,1.246,15561.0
71859,35,P22107000273,272,1.49,0.12,1.466,23009.0
71859,36,O23107000280,273,2.51,0.14,2.482,46585.0
71859,37,O23107000281,273,2.47,0.17,2.436,49339.0
71859,38,O23107000287,427,1.35,0.22,1.306,40951.0
71859,39,O23107000289,271,0.36,0.008,0.358,14319.0
71859,40,J24107000297,273,4.41,0.04,4.402,102000.0
71859,41,K25107000301,273,0.93,0.12,0.906,23100.0
71859,42,E26107000303,273,0.74,0.02,0.736,15813.0
71859,43,E26107000304,273,1.36,0.04,1.352,28348.0
71859,44,E26107000305,273,1.04,0.04,1.032,22177.0
71859,45,E26107000306,273,1.65,0.17,1.616,56709.0
71859,46,E26107000307,273,1.97,0.03,1.964,29891.0
71859,47,E26107000308,273,0.94,0.02,0.936,17935.0
71859,48,E26107000309,273,2.94,0.07,2.926,51490.0
71859,49,E26107000310,273,2.97,0.16,2.938,58626.0
71859,50,E26107000311,273,2.73,0.18,2.694,57662.0
71859,51,E26107000312,273,2.44,0.16,2.408,69399.0
71859,52,E26107000313,273,2.66,0.2,2.62,56119.0
71859,53,E26107000314,273,2.46,0.11,2.438,48212.0
71859,54,E26107000315,399,1.33,0.09,1.312,30084.0
71859,55,E26107000316,399,2.0,0.22,1.956,71063.0
71859,56,E26107000317,399,1.02,0.02,1.016,20634.0
71859,57,E26107000318,399,0.99,0.07,0.976,23527.0
71859,58,E26107000319,399,0.65,0.05,0.64,16585.0
71859,59,E26107000320,399,1.05,0.03,1.044,20827.0
71859,60,E26107000321,399,1.1,0.04,1.092,24106.0
71859,61,E26107000322,399,1.07,0.04,1.062,23527.0
71859,62,E26107000323,399,1.16,0.06,1.148,22370.0
71859,63,E26107000324,273,1.03,0.03,1.024,23925.0
71859,64,E26107000325,273,1.16,0.07,1.146,24106.0
71859,65,E26107000326,273,1.14,0.03,1.134,20827.0
71859,66,E26107000327,273,1.26,0.07,1.246,47995.0
71859,67,E26107000328,273,1.05,0.04,1.042,21599.0
71859,68,E26107000329,273,0.96,0.1,0.94,26034.0
71859,69,E26107000330,273,1.49,0.13,1.464,47731.0
71859,70,E26107000331,427,1.58,0.15,1.55,52410.0
71859,71,E26107000332,427,1.08,0.02,1.076,20442.0
71859,72,E26107000333,427,1.0,0.04,0.992,20056.0
71859,73,E26107000334,427,0.53,0.01,0.528,11956.0
71859,74,E26107000335,427,1.26,0.07,1.246,38104.0
71859,75,E26107000336,427,0.47,0.03,0.464,13113.0
71859,76,E26107000337,427,0.65,0.07,0.636,19477.0
71859,77,E26107000348,271,0.24,0.02,0.236,9642.0
71859,78,E26107000349,271,0.25,0.02,0.246,9642.0
71859,79,E26107000350,271,0.41,0.04,0.402,13306.0
71859,80,E26107000351,271,0.36,0.008,0.358,20762.0
71859,81,E26107000352,271,0.43,0.02,0.426,13113.0
71859,82,E26107000353,271,0.42,0.02,0.416,11763.0
71859,83,E26107000354,271,0.39,0.02,0.386,11763.0
71859,84,E26107000355,271,0.38,0.02,0.376,11763.0
71859,85,E26107000356,271,0.41,0.02,0.406,13113.0
71859,86,E26107000357,271,0.4,0.04,0.392,13113.0
71859,87,E26107000358,271,0.47,0.05,0.46,13692.0
71859,88,E26107000359,271,0.34,0.01,0.338,9256.0
71859,89,E26107000360,271,0.32,0.02,0.316,10028.0
71859,90,E26107000361,271,0.21,0.01,0.208,8678.0
71859,91,E26107000362,271,0.35,0.05,0.34,14270.0
71859,92,E26107000363,271,0.6,0.06,0.588,14463.0
71859,93,E26107000364,271,0.78,0.03,0.774,16006.0
71859,94,E26107000365,271,0.6,0.06,0.588,14463.0
71859,95,E26107000366,271,0.15,0.02,0.146,8678.0
71859,96,E26107000367,271,0.42,0.04,0.412,13306.0
71859,97,E26107000338,427,0.56,0.03,0.554,12920.0
71859,98,E26107000339,427,0.38,0.01,0.378,9449.0
71859,99,E26107000340,427,0.66,0.02,0.656,15813.0
71859,100,E26107000341,427,1.93,0.13,1.904,38955.0
71859,101,E26107000342,271,0.29,0.6,0.17,16609.0
71859,102,E26107000343,271,0.31,0.01,0.308,7328.0
71859,103,E26107000344,271,0.35,0.06,0.338,17568.0
71859,104,E26107000345,271,0.32,0.01,0.318,9256.0
71859,105,E26107000346,271,0.4,0.04,0.392,12920.0
71859,106,E26107000347,271,0.24,0.01,0.238,8099.0
71860,1,P22107000118,273,2.5,0.06,2.488,29127.0
71860,2,P22107000121,273,0.94,0.06,0.928,13300.0
71860,3,P22107000123,273,1.22,0.07,1.206,18088.0
71860,4,P22107000129,273,0.76,0.04,0.752,11571.0
71860,5,P22107000130,273,1.57,0.05,1.56,23674.0
71860,6,P22107000145,273,2.26,0.05,2.25,27797.0
71860,7,P22107000147,273,2.37,0.06,2.358,32186.0
71860,8,P22107000158,273,1.6,0.07,1.586,21413.0
71860,9,P22107000159,273,1.19,0.1,1.17,17955.0
71860,10,P22107000197,399,0.82,0.02,0.816,12103.0
71860,11,P22107000258,273,2.66,0.18,2.624,38304.0
71860,12,P22107000261,273,2.88,0.14,2.852,38038.0
71860,13,P22107000262,273,2.81,0.16,2.778,40432.0
71860,14,P22107000263,273,1.26,0.07,1.246,15561.0
71860,15,O23107000280,273,2.51,0.14,2.482,46585.0
71860,16,O23107000281,273,2.47,0.17,2.436,49339.0
71860,17,O23107000287,427,1.35,0.22,1.306,40951.0
71860,18,J24107000297,273,4.41,0.04,4.402,102000.0
71860,19,E26107000303,273,0.74,0.02,0.736,15813.0
71860,20,E26107000304,273,1.36,0.04,1.352,28348.0
71860,21,E26107000305,273,1.04,0.04,1.032,22177.0
71860,22,E26107000306,273,1.65,0.17,1.616,56709.0
71860,23,E26107000307,273,1.97,0.03,1.964,29891.0
71860,24,E26107000308,273,0.94,0.02,0.936,17935.0
71860,25,E26107000309,273,2.94,0.07,2.926,51490.0
71860,26,E26107000310,273,2.97,0.16,2.938,58626.0
71860,27,E26107000311,273,2.73,0.18,2.694,57662.0
71860,28,E26107000312,273,2.44,0.16,2.408,69399.0
71860,29,E26107000313,273,2.66,0.2,2.62,56119.0
71860,30,E26107000314,273,2.46,0.11,2.438,48212.0
71860,31,K25107000301,273,0.93,0.12,0.906,23100.0
71860,32,E26107000315,399,1.33,0.09,1.312,30084.0
71860,33,E26107000316,399,2.0,0.22,1.956,71063.0
71860,34,E26107000317,399,1.02,0.02,1.016,20634.0
71860,35,E26107000318,399,0.99,0.07,0.976,23527.0
71860,36,E26107000319,399,0.65,0.05,0.64,16585.0
71860,37,E26107000320,399,1.05,0.03,1.044,20827.0
71860,38,E26107000321,399,1.1,0.04,1.092,24106.0
71860,39,E26107000322,399,1.07,0.04,1.062,23527.0
71860,40,E26107000323,399,1.16,0.06,1.148,22370.0
71860,41,E26107000324,273,1.03,0.03,1.024,23925.0
71860,42,E26107000325,273,1.16,0.07,1.146,24106.0
71860,43,E26107000326,273,1.14,0.03,1.134,20827.0
71860,44,E26107000327,273,1.26,0.07,1.246,47995.0
71860,45,E26107000328,273,1.05,0.04,1.042,21599.0
71860,46,E26107000329,273,0.96,0.1,0.94,26034.0
71860,47,E26107000330,273,1.49,0.13,1.464,47731.0
71860,48,E26107000331,427,1.58,0.15,1.55,52410.0
71860,49,E26107000332,427,1.08,0.02,1.076,20442.0
71860,50,E26107000333,427,1.0,0.04,0.992,20056.0
71860,51,E26107000334,427,0.53,0.01,0.528,11956.0
71860,52,E26107000335,427,1.26,0.07,1.246,38104.0
71860,53,E26107000336,427,0.47,0.03,0.464,13113.0
71860,54,E26107000337,427,0.65,0.07,0.636,19477.0
71860,55,E26107000338,427,0.56,0.03,0.554,12920.0
71860,56,E26107000339,427,0.38,0.01,0.378,9449.0
71860,57,E26107000340,427,0.66,0.02,0.656,15813.0
71860,58,E26107000341,427,1.93,0.13,1.904,38955.0
71860,59,E26107000342,271,0.29,0.6,0.17,16609.0
71860,60,E26107000343,271,0.31,0.01,0.308,7328.0
71860,61,E26107000344,271,0.35,0.06,0.338,17568.0
71860,62,E26107000345,271,0.32,0.01,0.318,9256.0
71860,63,E26107000346,271,0.4,0.04,0.392,12920.0
71860,64,E26107000347,271,0.24,0.01,0.238,8099.0
71860,65,E26107000348,271,0.24,0.02,0.236,9642.0
71860,66,E26107000349,271,0.25,0.02,0.246,9642.0
71860,67,E26107000350,271,0.41,0.04,0.402,13306.0
71860,68,E26107000351,271,0.36,0.008,0.358,20762.0
71860,69,E26107000352,271,0.43,0.02,0.426,13113.0
71860,70,E26107000353,271,0.42,0.02,0.416,11763.0
71860,71,E26107000354,271,0.39,0.02,0.386,11763.0
71860,72,E26107000355,271,0.38,0.02,0.376,11763.0
71860,73,E26107000356,271,0.41,0.02,0.406,13113.0
71860,74,E26107000357,271,0.4,0.04,0.392,13113.0
71860,75,E26107000358,271,0.47,0.05,0.46,13692.0
71860,76,E26107000359,271,0.34,0.01,0.338,9256.0
71860,77,E26107000360,271,0.32,0.02,0.316,10028.0
71860,78,E26107000361,271,0.21,0.01,0.208,8678.0
71860,79,E26107000362,271,0.35,0.05,0.34,14270.0
71860,80,E26107000363,271,0.6,0.06,0.588,14463.0
71860,81,E26107000364,271,0.78,0.03,0.774,16006.0
71860,82,E26107000365,271,0.6,0.06,0.588,14463.0
71860,83,E26107000366,271,0.15,0.02,0.146,8678.0
71860,84,E26107000367,271,0.42,0.04,0.412,13306.0
71861,1,P22107000118,273,2.5,0.06,2.488,29127.0
71861,2,P22107000121,273,0.94,0.06,0.928,13300.0
71861,3,P22107000123,273,1.22,0.07,1.206,18088.0
71861,4,P22107000129,273,0.76,0.04,0.752,11571.0
71861,5,P22107000130,273,1.57,0.05,1.56,23674.0
71861,6,P22107000145,273,2.26,0.05,2.25,27797.0
71861,7,P22107000147,273,2.37,0.06,2.358,32186.0
71861,8,P22107000158,273,1.6,0.07,1.586,21413.0
71861,9,P22107000159,273,1.19,0.1,1.17,17955.0
71861,10,P22107000197,399,0.82,0.02,0.816,12103.0
71861,11,O23107000280,273,2.51,0.14,2.482,46585.0
71861,12,O23107000281,273,2.47,0.17,2.436,49339.0
71861,13,O23107000287,427,1.35,0.22,1.306,40951.0
71861,14,P22107000258,273,2.66,0.18,2.624,38304.0
71861,15,P22107000261,273,2.88,0.14,2.852,38038.0
71861,16,P22107000262,273,2.81,0.16,2.778,40432.0
71861,17,P22107000263,273,1.26,0.07,1.246,15561.0
71861,18,J24107000297,273,4.41,0.04,4.402,102000.0
71861,19,K25107000301,273,0.93,0.12,0.906,23100.0
71861,20,E26107000303,273,0.74,0.02,0.736,15813.0
71861,21,E26107000304,273,1.36,0.04,1.352,28348.0
71861,22,E26107000305,273,1.04,0.04,1.032,22177.0
71861,23,E26107000306,273,1.65,0.17,1.616,56709.0
71861,24,E26107000307,273,1.97,0.03,1.964,29891.0
71861,25,E26107000308,273,0.94,0.02,0.936,17935.0
71861,26,E26107000309,273,2.94,0.07,2.926,51490.0
71861,27,E26107000310,273,2.97,0.16,2.938,58626.0
71861,28,E26107000311,273,2.73,0.18,2.694,57662.0
71861,29,E26107000312,273,2.44,0.16,2.408,69399.0
71861,30,E26107000313,273,2.66,0.2,2.62,56119.0
71861,31,E26107000314,273,2.46,0.11,2.438,48212.0
71861,32,E26107000315,399,1.33,0.09,1.312,30084.0
71861,33,E26107000316,399,2.0,0.22,1.956,71063.0
71861,34,E26107000317,399,1.02,0.02,1.016,20634.0
71861,35,E26107000318,399,0.99,0.07,0.976,23527.0
71861,36,E26107000319,399,0.65,0.05,0.64,16585.0
71861,37,E26107000320,399,1.05,0.03,1.044,20827.0
71861,38,E26107000321,399,1.1,0.04,1.092,24106.0
71861,39,E26107000322,399,1.07,0.04,1.062,23527.0
71861,40,E26107000323,399,1.16,0.06,1.148,22370.0
71861,41,E26107000324,273,1.03,0.03,1.024,23925.0
71861,42,E26107000325,273,1.16,0.07,1.146,24106.0
71861,43,E26107000326,273,1.14,0.03,1.134,20827.0
71861,44,E26107000327,273,1.26,0.07,1.246,47995.0
71861,45,E26107000328,273,1.05,0.04,1.042,21599.0
71861,46,E26107000329,273,0.96,0.1,0.94,26034.0
71861,47,E26107000330,273,1.49,0.13,1.464,47731.0
71861,48,E26107000331,427,1.58,0.15,1.55,52410.0
71861,49,E26107000332,427,1.08,0.02,1.076,20442.0
71861,50,E26107000333,427,1.0,0.04,0.992,20056.0
71861,51,E26107000334,427,0.53,0.01,0.528,11956.0
71861,52,E26107000335,427,1.26,0.07,1.246,38104.0
71861,53,E26107000336,427,0.47,0.03,0.464,13113.0
71861,54,E26107000337,427,0.65,0.07,0.636,19477.0
71861,55,E26107000338,427,0.56,0.03,0.554,12920.0
71861,56,E26107000339,427,0.38,0.01,0.378,9449.0
71861,57,E26107000340,427,0.66,0.02,0.656,15813.0
71861,58,E26107000341,427,1.93,0.13,1.904,38955.0
71861,59,E26107000342,271,0.29,0.6,0.17,16609.0
71861,60,E26107000343,271,0.31,0.01,0.308,7328.0
71861,61,E26107000344,271,0.35,0.06,0.338,17568.0
71861,62,E26107000345,271,0.32,0.01,0.318,9256.0
71861,63,E26107000346,271,0.4,0.04,0.392,12920.0
71861,64,E26107000347,271,0.24,0.01,0.238,8099.0
71861,65,E26107000348,271,0.24,0.02,0.236,9642.0
71861,66,E26107000349,271,0.25,0.02,0.246,9642.0
71861,67,E26107000350,271,0.41,0.04,0.402,13306.0
71861,68,E26107000351,271,0.36,0.008,0.358,20762.0
71861,69,E26107000352,271,0.43,0.02,0.426,13113.0
71861,70,E26107000353,271,0.42,0.02,0.416,11763.0
71861,71,E26107000354,271,0.39,0.02,0.386,11763.0
71861,72,E26107000355,271,0.38,0.02,0.376,11763.0
71861,73,E26107000356,271,0.41,0.02,0.406,13113.0
71861,74,E26107000357,271,0.4,0.04,0.392,13113.0
71861,75,E26107000358,271,0.47,0.05,0.46,13692.0
71861,76,E26107000359,271,0.34,0.01,0.338,9256.0
71861,77,E26107000360,271,0.32,0.02,0.316,10028.0
71861,78,E26107000361,271,0.21,0.01,0.208,8678.0
71861,79,E26107000362,271,0.35,0.05,0.34,14270.0
71861,80,E26107000363,271,0.6,0.06,0.588,14463.0
71861,81,E26107000364,271,0.78,0.03,0.774,16006.0
71861,82,E26107000365,271,0.6,0.06,0.588,14463.0
71861,83,E26107000366,271,0.15,0.02,0.146,8678.0
71861,84,E26107000367,271,0.42,0.04,0.412,13306.0
71861,85,E26107000368,399,1.49,0.12,1.466,33363.0
71861,86,E26107000369,399,1.02,0.05,1.01,22370.0
71861,87,E26107000370,273,2.37,0.06,2.358,46669.0
71861,88,E26107000371,273,2.88,0.14,2.852,55155.0
71861,89,E26107000372,273,2.66,0.18,2.624,55540.0
71861,90,E26107000373,273,2.5,0.06,2.488,42234.0
71861,91,E26107000374,273,2.47,0.17,2.436,71541.0
71861,92,E26107000375,273,2.51,0.14,2.482,67548.0
71861,93,E26107000376,273,2.26,0.05,2.25,40305.0
71861,94,E26107000377,273,2.81,0.16,2.778,58626.0
71861,95,E26107000378,273,0.94,0.06,0.928,19285.0
71861,96,E26107000379,273,1.19,0.1,1.17,26034.0
71861,97,E26107000380,273,0.93,0.12,0.906,33495.0
71861,98,E26107000381,273,1.22,0.07,1.206,26227.0
71861,99,E26107000382,273,1.6,0.07,1.586,31048.0
71861,100,E26107000383,273,0.76,0.04,0.752,16777.0
71861,101,E26107000384,427,1.35,0.22,1.306,59378.0
71862,1,F26104001545,351,13.65,0.0,13.65,0.0
72862,1,F26104001546,289,30.7,0.0,30.7,0.0
72863,1,F26103004589,102,3.39,0.0,3.39,0.0
72864,1,F26103004590,101,22.8,0.0,22.8,0.0
72865,1,F26104001547,440,3.5,0.0,3.5,0.0
72866,1,F26103004591,102,3.22,0.0,3.22,0.0
72866,2,F26103004592,102,3.52,0.0,3.52,0.0
72866,3,F26103004593,102,3.09,0.0,3.09,0.0
72866,4,F26103004594,102,3.03,0.0,3.03,0.0
72866,5,F26103004595,102,2.51,0.0,2.51,0.0
72866,6,F26103004596,102,2.98,0.0,2.98,0.0
72866,7,F26103004597,102,2.62,0.0,2.62,0.0
72866,8,F26103004598,102,2.9,0.0,2.9,0.0
72866,9,F26103004599,102,3.38,0.0,3.38,0.0
72866,10,F26103004600,102,2.53,0.0,2.53,0.0
72866,11,F26103004601,102,3.48,0.0,3.48,0.0
72866,12,F26103004602,331,2.23,0.0,2.23,0.0
72866,13,F26103004603,331,3.58,0.0,3.58,0.0
72866,14,F26103004604,331,1.98,0.0,1.98,0.0
72866,15,F26103004605,331,2.69,0.0,2.69,0.0
72866,16,F26103004606,331,1.51,0.0,1.51,0.0
72866,17,F26103004607,331,2.24,0.0,2.24,0.0
72866,18,F26103004608,331,2.19,0.0,2.19,0.0
72866,19,F26103004609,331,2.59,0.0,2.59,0.0
72866,20,F26103004610,331,2.55,0.0,2.55,0.0
72866,21,F26103004611,331,3.05,0.0,3.05,0.0
72866,22,F26103004612,331,2.3,0.0,2.3,0.0
72866,23,F26103004613,331,3.96,0.0,3.96,0.0
72866,24,F26103004614,331,2.54,0.0,2.54,0.0
72866,25,F26103004615,116,3.13,0.0,3.13,0.0
72866,26,F26103004616,116,6.12,0.0,6.12,0.0
72866,27,F26103004617,116,8.0,0.0,8.0,0.0
72866,28,F26103004618,235,4.83,0.0,4.83,0.0
72866,29,F26103004619,420,3.74,0.0,3.74,0.0
72866,30,F26103004620,420,2.33,0.0,2.33,0.0
72866,31,F26103004621,420,2.47,0.0,2.47,0.0
72866,32,F26103004622,420,3.11,0.0,3.11,0.0
72866,33,F26103004623,235,1.56,0.0,1.56,0.0
72866,34,F26103004624,116,1.81,0.0,1.81,0.0
72866,35,F26103004625,101,14.16,0.0,14.16,0.0
72866,36,F26103004626,101,20.58,0.0,20.58,0.0
72866,37,F26103004627,101,15.99,0.0,15.99,0.0
72866,38,F26103004628,235,4.32,0.0,4.32,0.0
72866,39,F26103004629,235,3.08,0.0,3.08,0.0
72866,40,F26103004630,114,26.52,0.0,26.52,0.0
72866,41,F26103004631,114,27.61,0.0,27.61,0.0
72866,42,F26103004632,114,14.32,0.0,14.32,0.0
72866,43,F26103004633,101,22.14,0.0,22.14,0.0
72866,44,F26103004634,112,4.01,0.0,4.01,0.0
72866,45,F26103004635,112,12.24,0.0,12.24,0.0
72866,46,F26103004636,112,8.01,0.0,8.01,0.0
72866,47,F26103004637,112,10.01,0.0,10.01,0.0
72866,48,F26103004638,112,5.12,0.0,5.12,0.0
72866,49,F26103004639,102,5.53,0.0,5.53,0.0
72866,50,F26103004640,102,5.01,0.0,5.01,0.0
72866,51,F26103004641,102,6.28,0.0,6.28,0.0
72866,52,F26103004642,235,5.62,0.0,5.62,0.0
72866,53,F26103004643,235,6.8,0.0,6.8,0.0
72866,54,F26103004644,235,6.86,0.0,6.86,0.0
72866,55,F26103004645,235,8.46,0.0,8.46,0.0
72866,56,F26103004646,235,5.66,0.0,5.66,0.0
72866,57,F26103004647,235,5.86,0.0,5.86,0.0
72866,58,F26103004648,235,2.55,0.0,2.55,0.0
72866,59,F26103004649,235,5.29,0.0,5.29,0.0
72866,60,F26103004650,235,6.67,0.0,6.67,0.0
72866,61,F26103004651,235,6.15,0.0,6.15,0.0
72866,62,F26103004652,235,3.68,0.0,3.68,0.0
72867,1,F26103004653,101,14.01,0.0,14.01,0.0
72867,2,F26103004654,101,11.75,0.0,11.75,0.0
72867,3,F26103004655,101,15.64,0.0,15.64,0.0
72867,4,F26103004656,101,15.82,0.0,15.82,0.0
72868,1,F26103004657,114,19.55,0.0,19.55,0.0
72868,2,F26103004658,331,1.99,0.0,1.99,0.0
72868,3,F26103004659,331,2.79,0.0,2.79,0.0
72868,4,F26103004660,331,3.23,0.0,3.23,0.0
72868,5,F26103004661,331,2.49,0.0,2.49,0.0
72868,6,F26103004662,331,2.54,0.0,2.54,0.0
72868,7,F26103004663,102,4.99,0.0,4.99,0.0
72868,8,F26103004664,102,5.54,0.0,5.54,0.0
72868,9,F26103004665,102,3.89,0.0,3.89,0.0
72868,10,F26103004666,102,3.36,0.0,3.36,0.0
72868,11,F26103004667,104,25.25,0.0,25.25,0.0
72869,1,F26103004668,114,21.48,0.0,21.48,0.0
72870,1,F26103004669,104,43.2,0.0,43.2,0.0
72871,1,F26103004670,109,13.57,0.0,13.57,0.0
72872,1,F26103004671,112,12.24,0.0,12.24,0.0
72873,1,F26104001548,353,28.92,0.0,28.92,0.0
72874,1,F26104001549,440,1.69,0.0,1.69,0.0
72875,1,F26103004672,101,11.1,0.0,11.1,0.0
72875,2,F26103004673,101,11.31,0.0,11.31,0.0
72875,3,F26103004674,101,9.54,0.0,9.54,0.0
72875,4,F26103004675,101,9.55,0.0,9.55,0.0
72875,5,F26103004676,101,22.12,0.0,22.12,0.0
72875,6,F26103004677,101,21.11,0.0,21.11,0.0
72875,7,F26103004678,101,16.68,0.0,16.68,0.0
72875,8,F26103004679,101,23.74,0.0,23.74,0.0
72876,1,F26103004680,101,23.74,0.0,23.74,0.0
72876,2,F26103004681,235,12.44,0.0,12.44,0.0
72876,3,F26103004682,235,6.01,0.0,6.01,0.0
72876,4,F26103004683,235,7.45,0.0,7.45,0.0
72876,5,F26103004684,235,6.2,0.0,6.2,0.0
72876,6,F26103004685,235,3.25,0.0,3.25,0.0
72876,7,F26103004686,235,3.22,0.0,3.22,0.0
72876,8,F26103004687,118,4.79,0.0,4.79,0.0
72876,9,F26103004688,118,4.68,0.0,4.68,0.0
72877,1,F26104001550,119,20.53,0.0,20.53,0.0
72878,1,F26103004689,104,99.44,0.0,99.44,0.0
72879,1,F26103004690,101,9.85,0.0,9.85,0.0
72880,1,F26103004691,101,8.77,0.0,8.77,0.0
72881,1,F26103004692,101,9.44,0.0,9.44,0.0
73878,1,F26104001551,119,25.01,0.0,25.01,0.0
73879,1,F26104001552,289,18.05,0.0,18.05,0.0
73880,1,F26104001553,134,2.4,0.0,2.4,0.0
73881,1,F26103004693,443,0.34,0.0,0.34,0.0
73882,1,F26104001554,440,2.34,0.0,2.34,0.0
73883,1,F26104001555,353,35.8,0.0,35.8,0.0
73884,1,F26103004694,101,10.2,0.0,10.2,0.0
73885,1,F26103004695,443,0.65,0.0,0.65,0.0
73886,1,F26104001556,119,68.55,0.0,68.55,0.0
73887,1,F26103004697,102,63.02,0.0,63.02,0.0
73888,1,F26103004698,101,11.52,0.0,11.52,0.0
74887,1,F26103004699,169,0.16,0.0,0.16,0.0
74888,1,F26103004700,169,0.2,0.0,0.2,0.0
74889,1,F26104001557,151,11.57,0.0,11.57,0.0
74890,1,G26103004701,102,10.71,0.0,10.71,0.0
74891,1,G26103004702,400,0.12,0.0,0.12,0.0
75891,1,G26104001558,127,2.5,0.0,2.5,0.0
75892,1,G26103004703,443,0.07,0.0,0.07,0.0
75893,1,F26103004696,118,4.63,0.0,4.63,0.0
75893,2,G26103004704,116,6.18,0.0,6.18,0.0
75893,3,G26103004705,112,25.1,0.0,25.1,0.0
75893,4,G26103004706,112,23.99,0.0,23.99,0.0
75893,5,G26103004707,420,3.6,0.0,3.6,0.0
75893,6,G26103004708,420,3.14,0.0,3.14,0.0
75893,7,G26103004709,101,11.63,0.0,11.63,0.0
75893,8,G26103004710,101,9.19,0.0,9.19,0.0
75894,1,G26104001559,119,23.21,0.0,23.21,0.0
75895,1,G26104001560,151,1.68,0.0,1.68,0.0
75896,1,G26104001561,134,1.9,0.0,1.9,0.0
75897,1,G26103004711,101,10.03,0.0,10.03,0.0
75897,2,G26103004712,101,15.7,0.0,15.7,0.0
75897,3,G26103004713,420,2.47,0.0,2.47,0.0
75897,4,G26103004714,420,3.19,0.0,3.19,0.0
75898,1,G26103004715,443,0.47,0.0,0.47,0.0
76898,1,G26103004716,235,2.2,0.0,2.2,0.0
76899,1,G26103004717,235,1.65,0.0,1.65,0.0
76900,1,G26103004718,235,1.71,0.0,1.71,0.0
76901,1,G26103004719,110,2.2,0.0,2.2,0.0
76901,2,G26103004720,110,2.87,0.0,2.87,0.0
76901,3,G26103004721,110,1.58,0.0,1.58,0.0
76901,4,G26103004722,110,2.56,0.0,2.56,0.0
76901,5,G26103004723,110,1.02,0.0,1.02,0.0
76901,6,G26103004724,110,2.04,0.0,2.04,0.0
76901,7,G26103004725,110,1.79,0.0,1.79,0.0
76901,8,G26103004726,110,0.7,0.0,0.7,0.0
76901,9,G26103004727,110,2.94,0.0,2.94,0.0
76901,10,G26103004728,110,2.75,0.0,2.75,0.0
76901,11,G26103004729,110,1.61,0.0,1.61,0.0
76901,12,G26103004730,110,1.89,0.0,1.89,0.0
76901,13,G26103004731,115,2.13,0.0,2.13,0.0
76901,14,G26103004732,115,2.79,0.0,2.79,0.0
76901,15,G26103004733,115,1.24,0.0,1.24,0.0
76901,16,G26103004734,115,2.77,0.0,2.77,0.0
76901,17,G26103004735,115,1.65,0.0,1.65,0.0
76901,18,G26103004736,115,2.56,0.0,2.56,0.0
76901,19,G26103004737,115,0.9,0.0,0.9,0.0
76901,20,G26103004738,115,1.25,0.0,1.25,0.0
76901,21,G26103004739,115,1.55,0.0,1.55,0.0
76901,22,G26103004740,115,2.42,0.0,2.42,0.0
76901,23,G26103004741,118,2.58,0.0,2.58,0.0
76902,1,G26103004742,235,1.85,0.0,1.85,0.0
76902,2,G26103004743,235,1.77,0.0,1.77,0.0
76903,1,G26103004744,400,0.55,0.0,0.55,0.0
77903,1,G26104001562,124,4.19,0.0,4.19,0.0
77904,1,G26103004745,116,2.47,0.0,2.47,0.0
77905,1,G26103004746,101,16.05,0.0,16.05,0.0
77905,2,G26103004747,235,2.72,0.0,2.72,0.0
77905,3,G26103004748,112,11.61,0.0,11.61,0.0
77906,1,G26103004749,101,16.05,0.0,16.05,0.0
77906,2,G26103004750,420,2.72,0.0,2.72,0.0
77907,1,G26103004751,176,20.0,0.0,20.0,0.0
77908,1,G26103004752,113,1.29,0.0,1.29,0.0
77909,1,G26104001563,353,24.33,0.0,24.33,0.0
77910,1,G26104001564,440,2.6,0.0,2.6,0.0
77911,1,G26103004753,331,11.77,0.0,11.77,0.0
77911,2,G26103004754,331,3.24,0.0,3.24,0.0
77911,3,G26103004755,102,4.47,0.0,4.47,0.0
77911,4,G26103004756,116,4.77,0.0,4.77,0.0
77912,1,H26103004757,331,2.25,0.0,2.25,0.0
78916,1,H26103004770,169,1.21,0.0,1.21,0.0
78917,1,H26103004771,404,1.52,0.0,1.52,0.0
78918,1,H26103004758,101,15.34,0.0,15.34,0.0
78918,2,H26103004759,101,20.89,0.0,20.89,0.0
78918,3,H26103004760,420,4.02,0.0,4.02,0.0
78918,4,H26103004761,235,8.05,0.0,8.05,0.0
78918,5,H26103004762,235,14.34,0.0,14.34,0.0
78918,6,H26103004763,420,3.21,0.0,3.21,0.0
78918,7,H26103004764,420,3.61,0.0,3.61,0.0
78918,8,H26103004765,420,3.2,0.0,3.2,0.0
78918,9,H26103004766,419,2.23,0.0,2.23,0.0
78918,10,H26103004767,406,5.15,0.0,5.15,0.0
78918,11,H26103004768,406,4.94,0.0,4.94,0.0
78918,12,H26103004769,406,6.64,0.0,6.64,0.0
78918,13,H26103004772,114,3.24,0.0,3.24,0.0
78918,14,H26103004773,114,1.31,0.0,1.31,0.0
78918,15,H26103004774,114,1.07,0.0,1.07,0.0
78918,16,H26103004775,114,1.27,0.0,1.27,0.0
78918,17,H26103004776,114,5.51,0.0,5.51,0.0
78918,18,H26103004777,114,3.92,0.0,3.92,0.0
78918,19,H26103004778,114,2.94,0.0,2.94,0.0
78918,20,H26103004779,114,2.82,0.0,2.82,0.0
78918,21,H26103004780,114,4.42,0.0,4.42,0.0
78918,22,H26103004781,114,3.52,0.0,3.52,0.0
78918,23,H26103004782,101,11.34,0.0,11.34,0.0
78918,24,H26103004783,420,1.94,0.0,1.94,0.0
78918,25,H26103004784,406,3.19,0.0,3.19,0.0
78918,26,H26103004785,420,2.82,0.0,2.82,0.0
78918,27,H26103004786,419,1.82,0.0,1.82,0.0
78918,28,H26103004787,419,1.71,0.0,1.71,0.0
78918,29,H26103004788,419,1.35,0.0,1.35,0.0
78918,30,H26103004789,419,2.19,0.0,2.19,0.0
78918,31,H26103004790,419,1.82,0.0,1.82,0.0
78918,32,H26103004791,419,1.09,0.0,1.09,0.0
78918,33,H26103004792,419,1.56,0.0,1.56,0.0
78918,34,H26103004793,419,1.14,0.0,1.14,0.0
78918,35,H26103004794,419,1.0,0.0,1.0,0.0
78918,36,H26103004795,419,1.75,0.0,1.75,0.0
78918,37,H26103004796,419,1.28,0.0,1.28,0.0
78918,38,H26103004797,419,1.52,0.0,1.52,0.0
78918,39,H26103004798,419,1.14,0.0,1.14,0.0
78918,40,H26103004799,419,1.71,0.0,1.71,0.0
78918,41,H26103004800,419,1.38,0.0,1.38,0.0
78918,42,H26103004801,419,1.05,0.0,1.05,0.0
78918,43,H26103004802,419,1.57,0.0,1.57,0.0
78919,1,H26103004803,331,2.71,0.0,2.71,0.0
78919,2,H26103004804,331,1.26,0.0,1.26,0.0
78919,3,H26103004805,331,2.92,0.0,2.92,0.0
78919,4,H26103004806,331,1.28,0.0,1.28,0.0
78919,5,H26103004807,331,1.58,0.0,1.58,0.0
78919,6,H26103004808,331,2.65,0.0,2.65,0.0
78919,7,H26103004809,331,1.86,0.0,1.86,0.0
78919,8,H26103004810,331,2.25,0.0,2.25,0.0
78919,9,H26103004811,331,1.65,0.0,1.65,0.0
78919,10,H26103004812,331,3.25,0.0,3.25,0.0
78919,11,H26103004813,331,2.98,0.0,2.98,0.0
78919,12,H26103004814,331,1.44,0.0,1.44,0.0
78919,13,H26103004815,331,1.48,0.0,1.48,0.0
78919,14,H26103004816,331,4.06,0.0,4.06,0.0
78919,15,H26103004817,331,1.81,0.0,1.81,0.0
78919,16,H26103004818,331,2.01,0.0,2.01,0.0
78919,17,H26103004819,331,3.3,0.0,3.3,0.0
78919,18,H26103004820,331,2.01,0.0,2.01,0.0
78919,19,H26103004821,331,2.04,0.0,2.04,0.0
78919,20,H26103004822,331,1.62,0.0,1.62,0.0
78919,21,H26103004823,331,4.96,0.0,4.96,0.0
78919,22,H26103004824,331,3.22,0.0,3.22,0.0
78919,23,H26103004825,331,2.33,0.0,2.33,0.0
78919,24,H26103004826,331,0.92,0.0,0.92,0.0
78919,25,H26103004827,102,2.38,0.0,2.38,0.0
78919,26,H26103004828,102,3.06,0.0,3.06,0.0
78919,27,H26103004829,102,4.82,0.0,4.82,0.0
78919,28,H26103004830,102,2.44,0.0,2.44,0.0
78919,29,H26103004831,102,2.63,0.0,2.63,0.0
78919,30,H26103004832,102,2.3,0.0,2.3,0.0
78919,31,H26103004833,102,6.24,0.0,6.24,0.0
78919,32,H26103004834,102,3.47,0.0,3.47,0.0
78919,33,H26103004835,102,2.96,0.0,2.96,0.0
78919,34,H26103004836,102,2.99,0.0,2.99,0.0
78919,35,H26103004837,102,1.58,0.0,1.58,0.0
78919,36,H26103004838,102,2.13,0.0,2.13,0.0
78919,37,H26103004839,102,5.21,0.0,5.21,0.0
78919,38,H26103004840,102,2.68,0.0,2.68,0.0
78919,39,H26103004841,102,5.31,0.0,5.31,0.0
78919,40,H26103004842,102,4.65,0.0,4.65,0.0
78919,41,H26103004843,102,1.74,0.0,1.74,0.0
78919,42,H26103004844,102,3.21,0.0,3.21,0.0
78919,43,H26103004845,102,4.0,0.0,4.0,0.0
78919,44,H26103004846,102,4.95,0.0,4.95,0.0
78919,45,H26103004847,102,3.68,0.0,3.68,0.0
78919,46,H26103004848,102,5.27,0.0,5.27,0.0
78919,47,H26103004849,102,10.46,0.0,10.46,0.0
78919,48,H26103004850,102,2.15,0.0,2.15,0.0
78919,49,H26103004851,331,0.86,0.0,0.86,0.0
78919,50,H26103004852,114,10.36,0.0,10.36,0.0
78919,51,H26103004853,114,7.2,0.0,7.2,0.0
78919,52,H26103004854,114,8.5,0.0,8.5,0.0
78919,53,H26103004855,114,15.36,0.0,15.36,0.0
78919,54,H26103004856,114,11.15,0.0,11.15,0.0
78919,55,H26103004857,114,9.45,0.0,9.45,0.0
78919,56,H26103004858,116,3.27,0.0,3.27,0.0
78919,57,H26103004859,116,1.94,0.0,1.94,0.0
78919,58,H26103004860,116,3.09,0.0,3.09,0.0
78919,59,H26103004861,116,2.31,0.0,2.31,0.0
78919,60,H26103004862,116,2.6,0.0,2.6,0.0
78919,61,H26103004863,116,2.21,0.0,2.21,0.0
78919,62,H26103004864,116,2.05,0.0,2.05,0.0
78919,63,H26103004865,103,2.23,0.0,2.23,0.0
78919,64,H26103004866,103,2.26,0.0,2.26,0.0
78920,1,H26104001565,351,7.44,0.0,7.44,0.0
78921,1,H26104001566,440,4.0,0.0,4.0,0.0
78922,1,H26104001567,151,5.11,0.0,5.11,0.0
78923,1,H26104001568,151,6.5,0.0,6.5,0.0
78924,1,H26104001569,130,1.21,0.0,1.21,0.0
79924,1,H26103004867,406,5.92,0.0,5.92,0.0
79924,2,H26103004868,420,1.87,0.0,1.87,0.0
79924,3,H26103004869,235,4.86,0.0,4.86,0.0
79924,4,H26103004870,235,4.87,0.0,4.87,0.0
79924,5,H26103004871,235,4.94,0.0,4.94,0.0
79924,6,H26103004872,235,4.99,0.0,4.99,0.0
79924,7,H26103004873,235,5.49,0.0,5.49,0.0
79924,8,H26103004874,420,9.42,0.0,9.42,0.0
79925,1,H26104001570,324,2.0,0.0,2.0,0.0
79926,1,H26103004875,101,3.26,0.0,3.26,0.0
80926,1,I26104001571,353,12.7,0.0,12.7,0.0
80927,1,I26104001572,351,24.47,0.0,24.47,0.0
80928,1,I26103004883,101,8.04,0.0,8.04,0.0
80928,2,I26103004884,420,1.88,0.0,1.88,0.0
81928,1,I26103004876,101,38.31,0.0,38.31,0.0
81928,2,I26103004877,101,18.0,0.0,18.0,0.0
81928,3,I26103004878,101,16.45,0.0,16.45,0.0
81928,4,I26103004879,235,6.54,0.0,6.54,0.0
81928,5,I26103004880,235,6.91,0.0,6.91,0.0
81928,6,I26103004881,235,5.88,0.0,5.88,0.0
81928,7,I26103004882,235,5.31,0.0,5.31,0.0
82928,1,I26103004885,406,1.32,0.0,1.32,0.0
82929,1,J26103004886,101,11.11,0.0,11.11,0.0
83929,1,J26103004887,112,12.1,0.0,12.1,0.0
84929,1,J26103004888,106,0.4,0.0,0.4,0.0
84930,1,J26103004889,101,32.82,0.0,32.82,0.0
84931,1,J26103004890,241,7.01,0.0,7.01,0.0
84932,1,J26103004891,235,5.97,0.0,5.97,0.0
84932,2,J26103004892,235,5.3,0.0,5.3,0.0
84932,3,J26103004893,241,5.1,0.0,5.1,0.0
84932,4,J26103004894,110,4.21,0.0,4.21,0.0
84932,5,J26103004895,235,2.3,0.0,2.3,0.0
84933,1,K26104001573,351,11.8,0.0,11.8,0.0
84934,1,K26103004896,101,17.95,0.0,17.95,0.0
84934,2,K26103004897,101,18.49,0.0,18.49,0.0
84934,3,K26103004898,235,1.79,0.0,1.79,0.0
84934,4,K26103004899,102,6.8,0.0,6.8,0.0
84935,1,K26103004900,110,1.6,0.0,1.6,0.0
84935,2,K26103004901,110,0.98,0.0,0.98,0.0
84935,3,K26103004902,110,2.14,0.0,2.14,0.0
84935,4,K26103004903,110,1.72,0.0,1.72,0.0
84935,5,K26103004904,115,2.01,0.0,2.01,0.0
84935,6,K26103004905,115,1.01,0.0,1.01,0.0
84935,7,K26103004906,115,1.01,0.0,1.01,0.0
84935,8,K26103004907,115,1.19,0.0,1.19,0.0
84936,1,K26104001574,151,7.0,0.0,7.0,0.0
84937,1,K26103004908,176,1.29,0.0,1.29,0.0
84938,1,K26104001575,119,10.28,0.0,10.28,0.0
85936,1,K26104001576,151,5.51,0.0,5.51,0.0
85937,1,K26104001577,134,1.32,0.0,1.32,0.0
85938,1,K26103004909,112,14.69,0.0,14.69,0.0
85938,2,K26103004910,112,7.89,0.0,7.89,0.0
85938,3,K26103004911,112,10.07,0.0,10.07,0.0
85938,4,K26103004912,112,7.26,0.0,7.26,0.0
85938,5,K26103004913,112,8.21,0.0,8.21,0.0
85938,6,K26103004914,410,6.26,0.0,6.26,0.0
85938,7,K26103004915,410,4.1,0.0,4.1,0.0
85938,8,K26103004916,410,3.85,0.0,3.85,0.0
85938,9,K26103004917,101,12.34,0.0,12.34,0.0
85938,10,K26103004918,235,2.73,0.0,2.73,0.0
85938,11,K26103004919,235,5.82,0.0,5.82,0.0
85938,12,K26103004920,331,8.6,0.0,8.6,0.0
85938,13,K26103004921,331,2.58,0.0,2.58,0.0
85938,14,K26103004922,331,2.92,0.0,2.92,0.0
85938,15,K26103004923,331,1.66,0.0,1.66,0.0
85938,16,K26103004924,331,1.88,0.0,1.88,0.0
85938,17,K26103004925,331,2.46,0.0,2.46,0.0
85938,18,K26103004926,331,2.26,0.0,2.26,0.0
85938,19,K26103004927,331,1.83,0.0,1.83,0.0
85938,20,K26103004928,331,2.85,0.0,2.85,0.0
85938,21,K26103004929,331,2.1,0.0,2.1,0.0
85938,22,K26103004930,331,1.43,0.0,1.43,0.0
85938,23,K26103004931,331,2.61,0.0,2.61,0.0
85938,24,K26103004932,331,1.98,0.0,1.98,0.0
85938,25,K26103004933,331,1.9,0.0,1.9,0.0
85938,26,K26103004934,331,3.14,0.0,3.14,0.0
85938,27,K26103004935,331,3.0,0.0,3.0,0.0
85938,28,K26103004936,331,2.39,0.0,2.39,0.0
85938,29,K26103004937,331,2.02,0.0,2.02,0.0
85938,30,K26103004938,331,2.14,0.0,2.14,0.0
85938,31,K26103004939,102,4.7,0.0,4.7,0.0
85938,32,K26103004940,102,4.86,0.0,4.86,0.0
85938,33,K26103004941,102,5.37,0.0,5.37,0.0
85938,34,K26103004942,102,2.88,0.0,2.88,0.0
85938,35,K26103004943,102,5.59,0.0,5.59,0.0
85938,36,K26103004944,102,3.86,0.0,3.86,0.0
85938,37,K26103004945,102,4.29,0.0,4.29,0.0
85938,38,K26103004946,102,2.6,0.0,2.6,0.0
85938,39,K26103004947,102,6.24,0.0,6.24,0.0
85939,1,L26107000385,273,4.56,0.074,4.545,0.0
85939,2,L26107000386,273,2.87,0.075,2.855,0.0
85939,3,L26107000387,273,2.97,0.064,2.957,0.0
85939,4,L26107000388,273,2.78,0.07,2.766,0.0
85939,5,L26107000389,273,2.18,0.086,2.163,0.0
85939,6,L26107000390,273,2.7,0.11,2.678,0.0
85939,7,L26107000391,273,1.69,0.037,1.683,0.0
85939,8,L26107000392,273,2.49,0.088,2.472,0.0
85939,9,L26107000393,273,2.48,0.057,2.469,0.0
85939,10,L26107000394,273,1.69,0.052,1.68,0.0
85939,11,L26107000395,273,2.16,0.051,2.15,0.0
85939,12,L26107000396,273,1.17,0.014,1.167,0.0
85939,13,L26107000397,273,2.03,0.047,2.021,0.0
85939,14,L26107000398,273,3.08,0.066,3.067,0.0
85939,15,L26107000399,273,1.41,0.036,1.403,0.0
85939,16,L26107000400,273,0.98,0.021,0.976,0.0
85939,17,L26107000401,273,1.8,0.058,1.788,0.0
85939,18,L26107000402,273,2.67,0.09,2.652,0.0
85940,1,L26107000403,273,4.56,0.074,4.545,131551.0
85940,2,L26107000404,273,2.87,0.075,2.855,100053.0
85940,3,L26107000405,273,2.97,0.064,2.957,109664.0
85940,4,L26107000406,273,2.78,0.07,2.766,95442.0
85940,5,L26107000407,273,2.18,0.086,2.163,92925.0
85940,6,L26107000408,273,2.7,0.11,2.678,116749.0
85940,7,L26107000409,273,1.69,0.037,1.683,55849.0
85940,8,L26107000410,273,2.49,0.088,2.472,100027.0
85940,9,L26107000411,273,2.48,0.057,2.469,82544.0
85940,10,L26107000412,273,0.98,0.021,0.976,34614.0
85940,11,L26107000413,273,1.41,0.036,1.403,49306.0
85940,12,L26107000414,273,3.08,0.066,3.067,98413.0
85940,13,L26107000415,273,2.67,0.09,2.652,104634.0
85940,14,L26107000416,273,1.69,0.052,1.68,63910.0
85940,15,L26107000417,273,2.16,0.051,2.15,72348.0
85940,16,L26107000418,273,1.17,0.014,1.167,32010.0
85940,17,L26107000419,273,2.03,0.047,2.021,66951.0
85940,18,L26107000420,273,1.8,0.058,1.788,69481.0
85940,19,L26107000421,272,2.04,0.038,2.032,63173.0
85940,20,L26107000422,272,1.59,0.044,1.581,58100.0
85940,21,L26107000423,272,2.02,0.07,2.006,81780.0
85940,22,L26107000424,272,2.1,0.043,2.091,67529.0
85940,23,L26107000425,272,1.73,0.038,1.722,57225.0
85940,24,L26107000426,272,2.2,0.03,2.194,61494.0
85940,25,L26107000427,271,0.5,0.004,0.499,15825.0
85940,26,L26107000428,271,0.34,0.018,0.336,20427.0
85941,1,L26104001578,151,3.54,0.0,3.54,0.0
85942,1,L26103004948,112,19.12,0.0,19.12,0.0
85942,2,L26103004949,112,13.5,0.0,13.5,0.0
85942,3,L26103004950,112,10.82,0.0,10.82,0.0
85942,4,L26103004951,112,9.71,0.0,9.71,0.0
85942,5,L26103004952,112,11.66,0.0,11.66,0.0
85942,6,L26103004953,112,5.68,0.0,5.68,0.0
85942,7,L26103004954,112,9.71,0.0,9.71,0.0
85942,8,L26103004955,112,5.2,0.0,5.2,0.0
85942,9,L26103004956,112,8.26,0.0,8.26,0.0
85942,10,L26103004957,112,12.18,0.0,12.18,0.0
85942,11,L26103004958,112,9.67,0.0,9.67,0.0
85942,12,L26103004959,112,5.06,0.0,5.06,0.0
85942,13,L26103004960,112,4.12,0.0,4.12,0.0
85942,14,L26103004961,112,3.57,0.0,3.57,0.0
85942,15,L26103004962,338,3.76,0.0,3.76,0.0
85942,16,L26103004963,338,3.78,0.0,3.78,0.0
85943,1,L26107000429,273,2.85,0.33,2.784,58198.0
85943,2,L26107000430,273,2.98,0.29,2.922,58198.0
85943,3,L26107000431,273,3.13,0.62,3.006,65758.0
85943,4,L26107000432,273,2.52,0.31,2.458,44638.0
85943,5,L26107000433,273,2.81,0.32,2.746,57118.0
85943,6,L26107000434,273,1.06,0.12,1.036,21958.0
85943,7,L26107000435,273,0.83,0.1,0.81,18718.0
85943,8,L26107000436,273,0.8,0.11,0.778,18478.0
85943,9,L26107000437,273,0.78,0.11,0.758,18598.0
85943,10,L26107000438,273,1.0,0.15,0.97,23158.0
85943,11,L26107000439,273,1.29,0.23,1.244,26158.0
85943,12,L26107000440,273,0.94,0.09,0.922,19558.0
85943,13,L26107000441,273,0.97,0.14,0.942,22318.0
85943,14,L26107000442,273,0.79,0.13,0.764,19678.0
85943,15,L26107000443,273,1.51,0.2,1.47,27598.0
85943,16,L26107000444,273,0.96,0.09,0.942,19798.0
85943,17,L26107000445,273,1.16,0.15,1.13,21238.0
85943,18,L26107000446,273,0.84,0.07,0.826,13438.0
85943,19,L26107000447,273,0.95,0.09,0.932,19678.0
85943,20,L26107000448,273,0.85,0.07,0.836,20398.0
85943,21,L26107000449,273,0.83,0.14,0.802,20638.0
85943,22,L26107000450,273,0.92,0.15,0.89,22198.0
85943,23,L26107000451,273,0.63,0.08,0.614,16078.0
85943,24,L26107000452,273,0.91,0.05,0.9,17038.0
85943,25,L26107000453,273,0.95,0.09,0.932,19678.0
85943,26,L26107000454,273,0.88,0.11,0.858,19438.0
85943,27,L26107000455,273,1.16,0.15,1.13,24838.0
85943,28,L26107000456,273,0.81,0.07,0.796,17038.0
85943,29,L26107000457,273,0.63,0.05,0.62,13918.0
85943,30,L26107000458,273,0.85,0.08,0.834,17998.0
85943,31,L26107000459,273,0.91,0.13,0.884,21118.0
85943,32,L26107000460,413,2.0,0.16,1.968,36238.0
85943,33,L26107000461,413,2.26,0.23,2.214,43438.0
85943,34,L26107000462,413,3.99,0.14,3.962,54598.0
85943,35,L26107000463,413,2.01,0.15,1.98,35998.0
85943,36,L26107000464,413,1.86,0.1,1.84,32758.0
85943,37,L26107000465,413,2.42,0.24,2.372,46198.0
85943,38,L26107000466,413,2.16,0.22,2.116,41518.0
85943,39,L26107000467,413,2.75,0.25,2.7,50758.0
85943,40,L26107000468,413,1.9,0.13,1.874,34318.0
85943,41,L26107000469,413,2.17,0.23,2.124,42118.0
85943,42,L26107000470,413,1.58,0.11,1.558,27718.0
85943,43,L26107000471,413,2.27,0.15,2.24,39478.0
85943,44,L26107000472,413,2.69,0.32,2.626,53518.0
85943,45,L26107000473,272,1.27,0.15,1.24,26518.0
85943,46,L26107000474,272,1.18,0.14,1.152,24718.0
85943,47,L26107000475,273,1.02,0.14,0.992,22318.0
85943,48,L26107000476,273,1.07,0.17,1.036,20758.0
85943,49,L26107000477,413,2.24,0.13,2.214,37918.0
85943,50,L26107000478,413,2.66,0.26,2.608,48718.0
85943,51,L26107000479,415,0.52,0.12,0.496,15598.0
85943,52,L26107000480,415,0.74,0.16,0.708,20038.0
85943,53,L26107000481,415,0.61,0.11,0.588,16198.0
85943,54,L26107000482,415,0.78,0.14,0.752,19678.0
85943,55,L26107000483,415,0.61,0.12,0.586,17158.0
85943,56,L26107000484,415,0.66,0.09,0.642,15838.0
85943,57,L26107000485,415,0.83,0.12,0.806,19318.0
85943,58,L26107000486,415,0.8,0.15,0.77,20398.0
85943,59,L26107000487,272,0.81,0.12,0.786,19078.0
85943,60,L26107000488,272,0.9,0.12,0.876,20158.0
85943,61,L26107000489,272,0.85,0.13,0.824,20038.0
85943,62,L26107000490,272,1.11,0.2,1.07,26038.0
85943,63,L26107000491,272,0.78,0.08,0.764,16798.0
85943,64,L26107000492,272,1.17,0.1,1.15,22198.0
85943,65,L26107000493,272,1.1,0.14,1.072,23158.0
85943,66,L26107000494,272,0.8,0.13,0.774,20038.0
85943,67,L26107000495,272,1.16,0.15,1.13,24838.0
85943,68,L26107000496,272,0.97,0.16,0.938,23278.0
85943,69,L26107000497,271,0.15,0.05,0.14,8248.0
85943,70,L26107000498,271,0.22,0.04,0.212,7648.0
85943,71,L26107000499,271,0.13,0.04,0.122,5626.0
85943,72,L26107000500,271,0.27,0.19,0.232,25345.0
85943,73,L26107000501,271,0.16,0.04,0.152,6928.0
85943,74,L26107000502,271,0.15,0.05,0.14,8082.0
85943,75,L26107000503,271,0.14,0.04,0.132,5611.0
85943,76,L26107000504,271,0.14,0.05,0.13,8061.0
85943,77,L26107000505,271,0.14,0.05,0.13,7741.0
85943,78,L26107000506,271,0.26,0.19,0.222,25263.0
85943,79,L26107000507,271,0.14,0.05,0.13,7803.0
85943,80,L26107000508,271,0.13,0.04,0.122,5644.0
85943,81,L26107000509,271,0.49,0.13,0.464,19998.0
85943,82,L26107000510,271,0.48,0.13,0.454,19684.0
85943,83,L26107000511,271,0.46,0.14,0.432,19982.0
85943,84,L26107000512,271,0.46,0.14,0.432,19982.0
85943,85,L26107000513,271,0.32,0.08,0.304,12122.0
85943,86,L26107000514,271,0.35,0.11,0.328,15157.0
85943,87,L26107000515,271,0.37,0.11,0.348,16270.0
85943,88,L26107000516,271,0.35,0.11,0.328,15853.0
85943,89,L26107000517,271,0.39,0.06,0.378,13634.0
85943,90,L26107000518,271,0.42,0.06,0.408,14260.0
85943,91,L26107000519,271,0.67,0.25,0.62,31084.0
85943,92,L26107000520,271,0.54,0.12,0.516,22206.0
85944,1,L26103004964,331,7.3,0.0,7.3,0.0
85945,1,L26103004965,113,5.1,0.0,5.1,0.0
85946,1,L26104001579,121,27.1,0.0,27.1,0.0
85947,1,L26104001580,351,12.1,0.0,12.1,0.0
85948,1,L26104001581,129,4.14,0.0,4.14,0.0
85949,1,L26103004966,101,18.86,0.0,18.86,0.0
85949,2,L26103004967,101,19.89,0.0,19.89,0.0
85949,3,L26103004968,101,14.35,0.0,14.35,0.0
85949,4,L26103004969,235,2.35,0.0,2.35,0.0
85949,5,L26103004970,235,3.8,0.0,3.8,0.0
85949,6,L26103004971,235,3.79,0.0,3.79,0.0
85950,1,L26104001582,142,3.38,0.0,3.38,0.0
86950,1,L26104001583,127,0.95,0.0,0.95,0.0
86951,1,L26104001584,142,6.5,0.0,6.5,0.0
86952,1,L26104001585,138,6.8,0.0,6.8,0.0
86953,1,L26103004972,233,6.0,0.0,6.0,0.0
86954,1,L26104001586,316,8.0,0.0,8.0,0.0
87951,1,L26103004973,115,3.47,0.0,3.47,0.0
87951,2,L26103004974,115,2.41,0.0,2.41,0.0
87951,3,L26103004975,115,2.55,0.0,2.55,0.0
87951,4,L26103004976,115,1.58,0.0,1.58,0.0
87951,5,L26103004977,115,1.91,0.0,1.91,0.0
87951,6,L26103004978,115,1.81,0.0,1.81,0.0
87951,7,L26103004979,115,1.56,0.0,1.56,0.0
87951,8,L26103004980,115,1.71,0.0,1.71,0.0
87951,9,L26103004981,115,3.48,0.0,3.48,0.0
87951,10,L26103004982,115,3.11,0.0,3.11,0.0
87951,11,L26103004983,115,2.1,0.0,2.1,0.0
87951,12,L26103004984,235,3.76,0.0,3.76,0.0
87951,13,L26103004985,235,3.87,0.0,3.87,0.0
87951,14,L26103004986,235,5.84,0.0,5.84,0.0
87951,15,L26103004987,235,1.4,0.0,1.4,0.0
87951,16,L26103004988,235,1.35,0.0,1.35,0.0
87951,17,L26103004989,112,10.05,0.0,10.05,0.0
87951,18,L26103004990,112,3.9,0.0,3.9,0.0
87951,19,L26103004991,112,19.67,0.0,19.67,0.0
87951,20,L26103004992,112,5.72,0.0,5.72,0.0
87951,21,L26103004993,112,8.08,0.0,8.08,0.0
87951,22,L26103004994,112,8.27,0.0,8.27,0.0
87951,23,L26103004995,112,4.26,0.0,4.26,0.0
87951,24,L26103004996,112,3.28,0.0,3.28,0.0
87951,25,L26103004997,112,4.15,0.0,4.15,0.0
87951,26,L26103004998,112,10.45,0.0,10.45,0.0
87951,27,L26103004999,112,8.79,0.0,8.79,0.0
87951,28,L26103005000,112,8.47,0.0,8.47,0.0
87951,29,L26103005001,112,14.15,0.0,14.15,0.0
87951,30,L26103005002,112,6.25,0.0,6.25,0.0
87951,31,L26103005003,112,4.45,0.0,4.45,0.0
87951,32,L26103005004,112,9.1,0.0,9.1,0.0
87951,33,L26103005005,112,3.91,0.0,3.91,0.0
87951,34,L26103005006,445,6.72,0.0,6.72,0.0
87951,35,L26103005007,445,4.58,0.0,4.58,0.0
87951,36,L26103005008,112,8.15,0.0,8.15,0.0
87951,37,L26103005009,112,9.22,0.0,9.22,0.0
87951,38,L26103005010,112,10.06,0.0,10.06,0.0
87951,39,L26103005011,112,22.1,0.0,22.1,0.0
87951,40,L26103005012,112,9.41,0.0,9.41,0.0
87951,41,L26103005013,112,16.14,0.0,16.14,0.0
87951,42,L26103005014,112,8.71,0.0,8.71,0.0
87951,43,L26103005015,327,10.47,0.0,10.47,0.0
87951,44,L26103005016,327,10.32,0.0,10.32,0.0
87951,45,L26103005017,327,6.28,0.0,6.28,0.0
87951,46,L26103005018,327,8.57,0.0,8.57,0.0
87951,47,L26103005019,327,5.45,0.0,5.45,0.0
87951,48,L26103005020,327,6.87,0.0,6.87,0.0
87951,49,L26103005021,327,8.34,0.0,8.34,0.0
87952,1,L26104001587,119,25.27,0.0,25.27,0.0
87953,1,L26104001588,119,17.15,0.0,17.15,0.0
87954,1,L26104001589,127,50.0,0.0,50.0,0.0
87955,1,L26104001590,127,50.0,0.0,50.0,0.0
87956,1,L26104001591,119,32.8,0.0,32.8,0.0
87957,1,L26103005022,116,3.4,0.0,3.4,0.0
87957,2,L26103005023,116,3.62,0.0,3.62,0.0
87957,3,L26103005024,116,2.77,0.0,2.77,0.0
87957,4,L26103005025,407,3.85,0.0,3.85,0.0
87957,5,L26103005026,407,4.99,0.0,4.99,0.0
87957,6,L26103005027,407,3.56,0.0,3.56,0.0
87958,1,L26104001592,353,3.63,0.0,3.63,0.0
87959,1,L26104001593,293,5.0,0.0,5.0,0.0
87960,1,L26104001594,151,22.86,0.0,22.86,0.0
87961,1,L26104001595,440,8.06,0.0,8.06,0.0
87962,1,L26104001596,440,3.52,0.0,3.52,0.0
87963,1,M26104001597,127,9.96,0.0,9.96,0.0
87964,1,M26104001598,268,66.0,0.0,66.0,0.0
88964,1,M26104001599,351,16.08,0.0,16.08,0.0
89964,1,M26103005028,404,0.98,0.0,0.98,0.0
89965,1,M26104001600,119,25.48,0.0,25.48,0.0
89966,1,M26104001601,120,8.75,0.0,8.75,0.0
