RJCT_ID,RJCT_DATE,FYR_ID,BCM_BAR_CODE,RJCT_BY,RJCT_GRS_WT,RJCT_STN_WT,RJCT_NET_WT,RJCT_MRP,IS_BULK,RJCT_NARR,RJCT_STATUS
1,2019-04-30 00:00:00,1,H19103000007,2,3.31,0.0,3.31,0.0,0,defect,New
2,2019-05-01 00:00:00,1,H19103000051,2,3.36,0.0,3.36,0.0,0,broken,New
3,2019-05-07 00:00:00,1,H19103000119,2,1.2,0.0,1.2,0.0,0,defect,New
4,2019-05-09 00:00:00,1,I19103000192,2,1.16,0.0,1.16,0.0,0,defect,New
5,2019-05-14 00:00:00,1,H19103000090,2,7.32,0.0,7.32,0.0,0,broken,New
6,2019-05-14 00:00:00,1,H19103000016,2,3.14,0.0,3.14,0.0,0,defect,New
7,2019-05-23 00:00:00,1,I19103000188,2,1.21,0.0,1.21,0.0,0,broken,New
8,2019-05-23 00:00:00,1,I19103000204,2,21.19,0.0,21.19,0.0,0,defect,New
9,2019-05-24 00:00:00,1,I19103000197,2,11.55,0.0,11.55,0.0,0,DEFECT,New
10,2019-05-28 00:00:00,1,H19103000049,2,3.98,0.0,3.98,0.0,0,DEFECT,New
11,2019-06-14 00:00:00,1,J19103000365,2,14.74,0.0,14.74,0.0,0,broken,New
12,2019-06-18 00:00:00,1,J19103000434,2,2.0,0.0,2.0,0.0,0,broken,New
13,2019-06-22 00:00:00,1,J19103000303,2,10.97,0.0,10.97,0.0,0,broken,New
14,2019-06-22 00:00:00,1,J19103000406,2,1.85,0.0,1.85,0.0,0,broken,New
15,2019-06-24 00:00:00,1,H19103000059,2,4.97,0.0,4.97,0.0,0,broken,New
16,2019-06-24 00:00:00,1,J19103000306,2,5.22,0.0,5.22,0.0,0,defect,New
17,2019-06-26 00:00:00,1,J19103000449,2,5.74,0.0,5.74,0.0,0,defect,New
18,2019-06-27 00:00:00,1,J19103000370,2,3.54,0.0,3.54,0.0,0,broken,New
19,2019-06-27 00:00:00,1,I19103000183,2,2.1,0.0,2.1,0.0,0,defect,New
20,2019-06-30 00:00:00,1,J19103000407,2,2.03,0.0,2.03,0.0,0,broken,New
21,2019-06-30 00:00:00,1,H19103000088,2,6.65,0.0,6.65,0.0,0,defect,New
22,2019-06-30 00:00:00,1,J19103000459,2,1.25,0.0,1.25,0.0,0,broken,New
23,2019-07-03 00:00:00,1,H19103000013,2,7.04,0.0,7.04,0.0,0,broken,New
24,2019-07-09 00:00:00,1,J19103000280,2,20.2,0.0,20.2,0.0,0,broken,New
25,2019-07-10 00:00:00,1,J19103000430,2,2.68,0.0,2.68,0.0,0,broken,New
26,2019-07-10 00:00:00,1,J19103000392,2,3.16,0.0,3.16,0.0,0,broken,New
27,2019-07-13 00:00:00,1,J19103000385,2,2.09,0.0,2.09,0.0,0,broken,New
28,2019-07-13 00:00:00,1,J19103000452,2,1.66,0.0,1.66,0.0,0,defect,New
29,2019-07-13 00:00:00,1,I19103000250,2,3.59,0.0,3.59,0.0,0,boken,New
30,2019-07-13 00:00:00,1,J19103000482,2,12.02,0.0,12.02,0.0,0,broken,New
31,2019-07-13 00:00:00,1,J19103000500,2,1.23,0.0,1.23,0.0,0,defect,New
32,2019-07-13 00:00:00,1,J19103000468,2,3.11,0.0,3.11,0.0,0,broken,New
33,2019-07-13 00:00:00,1,J19103000491,2,1.85,0.0,1.85,0.0,0,broke,New
34,2019-07-17 00:00:00,1,J19103000481,2,22.16,0.0,22.16,0.0,0,broken,New
35,2019-08-07 00:00:00,1,J19103000301,2,8.41,0.0,8.41,0.0,0,broken,New
36,2019-08-07 00:00:00,1,J19103000358,2,9.51,0.0,9.51,0.0,0,broken,New
37,2019-08-07 00:00:00,1,J19103000357,2,9.98,0.0,9.98,0.0,0,defect,New
38,2019-08-12 00:00:00,1,I19103000230,2,38.63,0.0,38.63,0.0,0,broken,New
39,2019-08-21 00:00:00,1,K19103000562,2,1.78,0.0,1.78,0.0,0,broken,New
40,2019-08-24 00:00:00,1,I19103000259,2,28.54,0.0,28.54,0.0,0,broken,New
41,2019-08-31 00:00:00,1,J19103000349,2,9.21,0.0,9.21,0.0,0,broken,New
42,2019-08-31 00:00:00,1,I19103000262,2,3.74,0.0,3.74,0.0,0,defect,New
43,2019-09-09 00:00:00,1,L19103000584,2,5.49,0.0,5.49,0.0,0,broke,New
44,2019-09-16 00:00:00,1,J19103000318,2,8.84,0.0,8.84,0.0,0,broken,New
45,2019-09-23 00:00:00,1,H19103000100,2,3.5,0.0,3.5,0.0,0,broken,New
46,2019-09-23 00:00:00,1,I19103000224,2,20.79,0.0,20.79,0.0,0,broken,New
47,2019-10-02 00:00:00,1,I19103000265,2,3.77,0.0,3.77,0.0,0,broke,New
48,2019-10-02 00:00:00,1,J19103000518,2,23.24,0.0,23.24,0.0,0,break,New
49,2019-10-02 00:00:00,1,J19103000350,2,20.08,0.0,20.08,0.0,0,broke,New
50,2019-10-02 00:00:00,1,J19103000489,2,15.98,0.0,15.98,0.0,0,defect,New
51,2019-10-02 00:00:00,1,H19103000104,2,5.85,0.0,5.85,0.0,0,break,New
52,2019-10-05 00:00:00,1,H19103000130,2,11.02,0.0,11.02,0.0,0,defect,New
53,2019-10-05 00:00:00,1,J19103000488,2,10.6,0.0,10.6,0.0,0,broken,New
54,2019-10-20 00:00:00,1,I19103000234,2,16.63,0.0,16.63,0.0,0,broken,New
55,2019-10-20 00:00:00,1,I19103000235,2,24.5,0.0,24.5,0.0,0,broken,New
56,2019-10-20 00:00:00,1,N19103000677,2,4.75,0.0,4.75,0.0,0,broken,New
57,2019-10-24 00:00:00,1,L19103000573,2,4.51,0.0,4.51,0.0,0,brk,New
58,2019-10-24 00:00:00,1,J19103000330,2,3.55,0.0,3.55,0.0,0,brk,New
59,2019-10-24 00:00:00,1,J19103000325,2,6.4,0.0,6.4,0.0,0,brk,New
60,2019-10-24 00:00:00,1,N19103000650,2,23.49,0.0,23.49,0.0,0,brk,New
61,2019-10-27 00:00:00,1,N19103000639,2,11.35,0.0,11.35,0.0,0,broken,New
62,2019-10-27 00:00:00,1,N19103000631,2,7.72,0.0,7.72,0.0,0,broken,New
63,2019-10-27 00:00:00,1,N19103000622,2,0.47,0.0,0.47,0.0,0,reject,New
64,2019-10-27 00:00:00,1,K19103000534,2,5.81,0.0,5.81,0.0,0,reject,New
65,2019-10-27 00:00:00,1,H19103000076,2,3.25,0.0,3.25,0.0,0,reject,New
66,2019-10-27 00:00:00,1,N19103000722,2,3.81,0.0,3.81,0.0,0,reject,New
67,2019-10-27 00:00:00,1,N19103000646,2,27.93,0.0,27.93,0.0,0,broken,New
68,2019-10-27 00:00:00,1,J19103000477,2,4.34,0.0,4.34,0.0,0,broke,New
69,2019-10-27 00:00:00,1,I19103000233,2,11.78,0.0,11.78,0.0,0,defect,New
70,2019-10-27 00:00:00,1,N19103000603,2,1.0,0.0,1.0,0.0,0,broke,New
71,2019-11-11 00:00:00,1,J19103000356,2,11.73,0.0,11.73,0.0,0,broken,New
72,2019-11-11 00:00:00,1,K19103000532,2,15.64,0.0,15.64,0.0,0,boken,New
73,2019-11-29 00:00:00,1,I19103000201,2,12.55,0.0,12.55,0.0,0,broke,New
74,2019-11-29 00:00:00,1,J19103000464,2,4.63,0.0,4.63,0.0,0,defect,New
75,2019-11-29 00:00:00,1,J19103000346,2,8.15,0.0,8.15,0.0,0,broke,New
76,2019-11-29 00:00:00,1,H19103000125,2,7.58,0.0,7.58,0.0,0,defect,New
77,2019-12-05 00:00:00,1,H19103000081,2,3.75,0.0,3.75,0.0,0,broken,New
78,2019-12-05 00:00:00,1,L19103000576,2,5.23,0.0,5.23,0.0,0,broken,New
79,2019-12-05 00:00:00,1,H19103000062,2,5.13,0.0,5.13,0.0,0,break,New
80,2019-12-05 00:00:00,1,N19103000628,2,16.66,0.0,16.66,0.0,0,BREAK,New
81,2019-12-05 00:00:00,1,J19103000300,2,8.43,0.0,8.43,0.0,0,BROKE,New
82,2019-12-05 00:00:00,1,J19103000348,2,17.01,0.0,17.01,0.0,0,DEFECT,New
83,2019-12-17 00:00:00,1,N19103000644,2,18.78,0.0,18.78,0.0,0,broke,New
84,2019-12-26 00:00:00,1,I19103000255,2,19.06,0.0,19.06,0.0,0,defect,New
85,2019-12-26 00:00:00,1,H19103000131,2,11.06,0.0,11.06,0.0,0,broke,New
86,2019-12-30 00:00:00,1,I19103000253,2,20.58,0.0,20.58,0.0,0,broke,New
87,2020-01-02 00:00:00,1,N19103000692,2,8.47,0.0,8.47,0.0,0,broke,New
88,2020-01-02 00:00:00,1,N19103000634,2,11.6,0.0,11.6,0.0,0,broke,New
89,2020-01-02 00:00:00,1,H19103000128,2,14.47,0.0,14.47,0.0,0,broken,New
90,2020-01-06 00:00:00,1,N19103000669,2,2.07,0.0,2.07,0.0,0,broken,New
91,2020-01-06 00:00:00,1,N19103000728,2,1.16,0.0,1.16,0.0,0,brke,New
92,2020-01-10 00:00:00,1,P19103000774,2,15.17,0.0,15.17,0.0,0,broke,New
93,2020-01-12 00:00:00,1,N19103000645,2,12.25,0.0,12.25,0.0,0,reject,New
94,2020-01-21 00:00:00,1,N19103000695,2,7.14,0.0,7.14,0.0,0,brk,New
95,2020-01-21 00:00:00,1,J19103000302,2,10.64,0.0,10.64,0.0,0,brk,New
96,2020-02-01 00:00:00,1,L19103000583,2,5.84,0.0,5.84,0.0,0,brk,New
97,2020-02-06 00:00:00,1,F20103000882,2,20.58,0.0,20.58,0.0,0,brk,New
98,2020-02-23 00:00:00,1,P19103000824,2,1.99,0.0,1.99,0.0,0,brk,New
99,2020-02-24 00:00:00,1,J19103000359,2,11.96,0.0,11.96,0.0,0,brk,New
100,2020-02-25 00:00:00,1,F20103000947,2,1.51,0.0,1.51,0.0,0,brk,New
101,2020-02-26 00:00:00,1,H19103000064,2,3.64,0.0,3.64,0.0,0,brk,New
102,2020-02-26 00:00:00,1,F20103000920,2,1.05,0.0,1.05,0.0,0,brk,New
103,2020-02-26 00:00:00,1,F20103000981,2,1.5,0.0,1.5,0.0,0,brk,New
104,2020-02-28 00:00:00,1,F20103000983,2,3.81,0.0,3.81,0.0,0,BRK,New
105,2020-02-28 00:00:00,1,N19103000670,2,4.73,0.0,4.73,0.0,0,BRK,New
106,2020-03-01 00:00:00,1,N19103000671,2,3.19,0.0,3.19,0.0,0,brk,New
107,2020-03-01 00:00:00,1,P19103000813,2,2.36,0.0,2.36,0.0,0,brk,New
108,2020-03-03 00:00:00,1,J19103000409,2,1.73,0.0,1.73,0.0,0,brk,New
109,2020-03-06 00:00:00,1,I19103000257,2,26.47,0.0,26.47,0.0,0,brk,New
110,2020-03-12 00:00:00,1,G20103001057,2,89.0,0.0,89.0,0.0,0,brk,New
111,2020-03-18 00:00:00,1,H19103000008,2,4.48,0.0,4.48,0.0,0,brk,New
112,2020-03-18 00:00:00,1,F20103000929,2,0.5,0.0,0.5,0.0,0,brk,New
113,2020-05-12 00:00:00,1,P19103000802,2,1.41,0.0,1.41,0.0,0,brk,New
114,2020-05-12 00:00:00,1,F20103000979,2,5.24,0.0,5.24,0.0,0,brk,New
115,2020-05-12 00:00:00,1,H19103000087,2,4.75,0.0,4.75,0.0,0,brk,New
116,2020-05-12 00:00:00,1,P19103000809,2,3.91,0.0,3.91,0.0,0,brk,New
117,2020-05-12 00:00:00,1,F20103000958,2,5.71,0.0,5.71,0.0,0,brk,New
118,2020-05-12 00:00:00,1,N19103000691,2,3.95,0.0,3.95,0.0,0,brk,New
119,2020-05-12 00:00:00,1,F20103000945,2,4.77,0.0,4.77,0.0,0,brk,New
120,2020-05-12 00:00:00,1,P19103000803,2,5.14,0.0,5.14,0.0,0,brk,New
121,2020-05-12 00:00:00,1,F20103000949,2,2.89,0.0,2.89,0.0,0,brk,New
122,2020-05-12 00:00:00,1,F20103000960,2,7.07,0.0,7.07,0.0,0,brk,New
123,2020-05-12 00:00:00,1,J19103000383,2,2.14,0.0,2.14,0.0,0,brk,New
124,2020-05-12 00:00:00,1,J19103000428,2,2.56,0.0,2.56,0.0,0,brk,New
125,2020-05-12 00:00:00,1,H19103000025,2,4.55,0.0,4.55,0.0,0,brk,New
126,2020-05-12 00:00:00,1,P19103000814,2,2.86,0.0,2.86,0.0,0,brk,New
127,2020-05-12 00:00:00,1,N19103000697,2,11.07,0.0,11.07,0.0,0,brk,New
128,2020-05-12 00:00:00,1,H19103000082,2,3.81,0.0,3.81,0.0,0,brk,New
129,2020-05-12 00:00:00,1,N19103000693,2,0.96,0.0,0.96,0.0,0,brk,New
130,2020-05-12 00:00:00,1,F20103000959,2,7.09,0.0,7.09,0.0,0,brk,New
131,2020-05-12 00:00:00,1,L19103000580,2,6.07,0.0,6.07,0.0,0,brk,New
132,2020-05-12 00:00:00,1,J19103000473,2,0.71,0.0,0.71,0.0,0,brk,New
133,2020-05-12 00:00:00,1,J19103000286,2,5.52,0.0,5.52,0.0,0,brk,New
134,2020-05-12 00:00:00,1,K19103000557,2,5.45,0.0,5.45,0.0,0,brk,New
135,2020-05-12 00:00:00,1,J19103000287,2,5.87,0.0,5.87,0.0,0,brk,New
136,2020-05-12 00:00:00,1,F20103000976,2,8.33,0.0,8.33,0.0,0,brk,New
137,2020-05-12 00:00:00,1,P19103000792,2,6.53,0.0,6.53,0.0,0,brk,New
138,2020-05-12 00:00:00,1,J19103000476,2,5.17,0.0,5.17,0.0,0,brk,New
139,2020-05-12 00:00:00,1,J19103000296,2,8.25,0.0,8.25,0.0,0,brk,New
140,2020-05-12 00:00:00,1,P19103000843,2,4.26,0.0,4.26,0.0,0,brk,New
141,2020-05-12 00:00:00,1,F20103000952,2,2.3,0.0,2.3,0.0,0,brk,New
142,2020-05-12 00:00:00,1,F20103000954,2,1.34,0.0,1.34,0.0,0,brk,New
143,2020-05-12 00:00:00,1,N19103000713,2,8.09,0.0,8.09,0.0,0,brk,New
144,2020-05-15 00:00:00,2,H19103000066,2,2.56,0.0,2.56,0.0,0,brk,New
145,2020-05-26 00:00:00,2,F20103000963,2,2.39,0.0,2.39,0.0,0,brk,New
146,2020-05-26 00:00:00,2,N19103000714,2,3.05,0.0,3.05,0.0,0,brk,New
147,2020-05-26 00:00:00,2,F20103000876,2,14.56,0.0,14.56,0.0,0,brk,New
148,2020-05-31 00:00:00,2,N19103000654,2,27.13,0.0,27.13,0.0,0,brk,New
149,2020-06-05 00:00:00,2,F20103000965,2,4.85,0.0,4.85,0.0,0,brk,New
150,2020-06-10 00:00:00,2,J19103000499,2,1.37,0.0,1.37,0.0,0,brk,New
151,2020-06-10 00:00:00,2,L19103000581,2,2.23,0.0,2.23,0.0,0,brk,New
152,2020-06-22 00:00:00,2,H19103000070,2,1.95,0.0,1.95,0.0,0,brk,New
153,2020-06-23 00:00:00,2,P19103000844,2,4.88,0.0,4.88,0.0,0,brk,New
154,2020-06-30 00:00:00,2,N19103000690,2,2.22,0.0,2.22,0.0,0,brk,New
155,2020-06-30 00:00:00,2,N19103000667,2,3.43,0.0,3.43,0.0,0,brk,New
156,2020-06-30 00:00:00,2,P19103000778,2,18.43,0.0,18.43,0.0,0,brk,New
157,2020-07-13 00:00:00,2,I19103000236,2,10.19,0.0,10.19,0.0,0,brk,New
158,2020-08-02 00:00:00,2,N19103000647,2,31.18,0.0,31.18,0.0,0,brk,New
159,2020-08-06 00:00:00,2,J19103000485,2,19.78,0.0,19.78,0.0,0,brk,New
160,2020-08-10 00:00:00,2,K20103001151,2,5.23,0.0,5.23,0.0,0,brk,New
161,2020-08-10 00:00:00,2,K19103000545,2,2.01,0.0,2.01,0.0,0,brk,New
162,2020-08-10 00:00:00,2,N19103000642,2,16.7,0.0,16.7,0.0,0,brk,New
163,2020-08-10 00:00:00,2,J19103000514,2,18.04,0.0,18.04,0.0,0,brk,New
164,2020-08-10 00:00:00,2,F20103001013,2,2.53,0.0,2.53,0.0,0,brk,New
165,2020-09-05 00:00:00,2,F20103000970,2,3.93,0.0,3.93,0.0,0,brk,New
166,2020-09-07 00:00:00,2,I19103000207,2,26.99,0.0,26.99,0.0,0,brk,New
167,2020-09-07 00:00:00,2,I19103000256,2,25.81,0.0,25.81,0.0,0,brk,New
168,2020-09-07 00:00:00,2,F20103001039,2,5.5,0.0,5.5,0.0,0,brk,New
169,2020-09-07 00:00:00,2,I19103000258,2,21.51,0.0,21.51,0.0,0,brk,New
170,2020-09-07 00:00:00,2,P19103000853,2,7.91,0.0,7.91,0.0,0,brk,New
171,2020-09-07 00:00:00,2,N19103000632,2,23.06,0.0,23.06,0.0,0,brk,New
172,2020-09-07 00:00:00,2,G20103001072,2,1.27,0.0,1.27,0.0,0,brk,New
173,2020-09-13 00:00:00,2,F20103001034,2,7.93,0.0,7.93,0.0,0,brk,New
174,2020-09-13 00:00:00,2,F20103000969,2,3.2,0.0,3.2,0.0,0,brk,New
175,2020-09-24 00:00:00,2,F20103000924,2,1.32,0.0,1.32,0.0,0,brk,New
176,2020-09-24 00:00:00,2,K20103001167,2,2.17,0.0,2.17,0.0,0,brk,New
177,2020-09-30 00:00:00,2,J19103000281,2,14.31,0.0,14.31,0.0,0,ear sticker,New
178,2020-10-08 00:00:00,1,F20103000997,2,7.48,0.0,7.48,0.0,0,brk,New
179,2020-10-13 00:00:00,2,N19103000649,2,11.51,0.0,11.51,0.0,0,brk,New
180,2020-10-19 00:00:00,2,F20103000890,2,11.51,0.0,11.51,0.0,0,BRK,New
181,2020-10-19 00:00:00,2,K20103001155,2,6.05,0.0,6.05,0.0,0,BRK,New
182,2020-10-22 00:00:00,2,K20103001140,2,1.82,0.0,1.82,0.0,0,brk,New
183,2020-10-22 00:00:00,2,J19103000465,2,2.73,0.0,2.73,0.0,0,brk,New
184,2020-10-22 00:00:00,2,F20103001040,2,5.85,0.0,5.85,0.0,0,brk,New
185,2020-10-24 00:00:00,2,K20103001166,2,1.36,0.0,1.36,0.0,0,BRK,New
186,2020-10-27 00:00:00,2,K20103001137,2,1.54,0.0,1.54,0.0,0,brk,New
187,2020-10-31 00:00:00,2,P19103000828,2,1.53,0.0,1.53,0.0,0,BRK,New
188,2020-10-31 00:00:00,2,N20103001233,2,0.78,0.0,0.78,0.0,0,BRK,New
189,2020-11-03 00:00:00,2,N20103001237,2,4.52,0.0,4.52,0.0,0,BRK,New
190,2020-11-03 00:00:00,2,L19103000574,2,4.91,0.0,4.91,0.0,0,BRK,New
191,2020-11-03 00:00:00,2,N20103001222,2,3.69,0.0,3.69,0.0,0,BRK,New
192,2020-11-05 00:00:00,2,J19103000353,2,2.8,0.0,2.8,0.0,0,BRK,New
193,2020-11-06 00:00:00,2,N19103000637,2,22.09,0.0,22.09,0.0,0,brk,New
194,2020-11-08 00:00:00,2,N20103001259,2,7.81,0.0,7.81,0.0,0,brk,New
195,2020-11-08 00:00:00,2,K19103000536,2,2.26,0.0,2.26,0.0,0,brk,New
196,2020-11-11 00:00:00,2,H19103000126,2,6.32,0.0,6.32,0.0,0,defect,New
197,2020-11-14 00:00:00,2,O20103001295,2,2.95,0.0,2.95,0.0,0,BRK,New
198,2020-11-14 00:00:00,2,G20103001074,2,1.13,0.0,1.13,0.0,0,BRK,New
199,2020-11-14 00:00:00,2,N20103001263,2,10.86,0.0,10.86,0.0,0,BRK,New
200,2020-11-14 00:00:00,2,L19103000585,2,3.9,0.0,3.9,0.0,0,BRK,New
201,2020-11-14 00:00:00,2,N20103001266,2,2.26,0.0,2.26,0.0,0,BRK,New
202,2020-11-14 00:00:00,2,N19103000676,2,4.16,0.0,4.16,0.0,0,BRK,New
203,2020-11-14 00:00:00,2,G20103001062,2,1.01,0.0,1.01,0.0,0,brk,New
204,2020-11-14 00:00:00,2,G20103001104,2,2.34,0.0,2.34,0.0,0,brk,New
205,2020-11-20 00:00:00,2,F20103000891,2,15.86,0.0,15.86,0.0,0,brk,New
206,2020-11-20 00:00:00,2,K20103001171,2,4.07,0.0,4.07,0.0,0,brk,New
207,2020-11-20 00:00:00,2,F20103000932,2,0.49,0.0,0.49,0.0,0,brk,New
208,2020-11-20 00:00:00,2,O20103001312,2,2.99,0.0,2.99,0.0,0,brk,New
209,2020-11-20 00:00:00,2,O20103001344,2,16.52,0.0,16.52,0.0,0,brk,New
210,2020-11-20 00:00:00,2,O20103001343,2,15.42,0.0,15.42,0.0,0,brk,New
211,2020-11-20 00:00:00,2,K20103001168,2,2.42,0.0,2.42,0.0,0,brk,New
212,2020-11-21 00:00:00,2,L19103000578,2,4.93,0.0,4.93,0.0,0,defec,New
213,2020-11-22 00:00:00,2,N20103001268,2,2.97,0.0,2.97,0.0,0,BRK,New
214,2020-11-28 00:00:00,2,O20103001307,2,2.57,0.0,2.57,0.0,0,brk,New
215,2020-11-28 00:00:00,2,K20103001193,2,3.24,0.0,3.24,0.0,0,brk,New
216,2020-11-29 00:00:00,2,G20103001061,2,1.79,0.0,1.79,0.0,0,BRK,New
217,2020-11-30 00:00:00,2,N20103001234,2,0.75,0.0,0.75,0.0,0,BRK,New
218,2020-11-30 00:00:00,2,O20103001318,2,3.27,0.0,3.27,0.0,0,BRK,New
219,2020-12-01 00:00:00,2,J19103000433,2,1.83,0.0,1.83,0.0,0,brk,New
220,2020-12-01 00:00:00,2,K20103001161,2,3.38,0.0,3.38,0.0,0,brk,New
221,2020-12-01 00:00:00,2,N20103001228,2,4.52,0.0,4.52,0.0,0,brk,New
222,2020-12-01 00:00:00,2,G20103001073,2,1.48,0.0,1.48,0.0,0,brk,New
223,2020-12-01 00:00:00,2,N20103001229,2,3.15,0.0,3.15,0.0,0,brk,New
224,2020-12-02 00:00:00,2,O20103001353,2,14.53,0.0,14.53,0.0,0,brk,New
225,2020-12-06 00:00:00,2,G20103001059,2,0.79,0.0,0.79,0.0,0,brk,New
226,2020-12-06 00:00:00,2,N20103001249,2,7.5,0.0,7.5,0.0,0,brk,New
227,2020-12-06 00:00:00,2,K20103001130,2,3.36,0.0,3.36,0.0,0,brk,New
228,2020-12-06 00:00:00,2,K20103001133,2,3.28,0.0,3.28,0.0,0,brk,New
229,2020-12-06 00:00:00,2,F20103000933,2,0.55,0.0,0.55,0.0,0,brk,New
230,2020-12-07 00:00:00,2,F20103000888,2,16.91,0.0,16.91,0.0,0,BRK,New
231,2020-12-07 00:00:00,2,H19103000101,2,5.14,0.0,5.14,0.0,0,BRK,New
232,2020-12-11 00:00:00,2,F20103000907,2,2.17,0.0,2.17,0.0,0,brk,New
233,2020-12-13 00:00:00,2,K20103001194,2,2.63,0.0,2.63,0.0,0,brk,New
234,2020-12-13 00:00:00,2,K20103001185,2,1.05,0.0,1.05,0.0,0,brk,New
235,2020-12-13 00:00:00,2,O20103001296,2,6.61,0.0,6.61,0.0,0,brk,New
236,2020-12-13 00:00:00,2,H19103000073,2,2.04,0.0,2.04,0.0,0,brk,New
237,2020-12-19 00:00:00,2,G20103001091,2,1.62,0.0,1.62,0.0,0,brk,New
238,2020-12-19 00:00:00,2,K20103001176,2,1.56,0.0,1.56,0.0,0,brk,New
239,2020-12-21 00:00:00,2,N20103001241,2,26.97,0.0,26.97,0.0,0,brk,New
240,2020-12-21 00:00:00,2,N19103000727,2,2.8,0.0,2.8,0.0,0,brk,New
241,2020-12-22 00:00:00,2,N20103001242,2,25.8,0.0,25.8,0.0,0,brk,New
242,2020-12-31 00:00:00,2,K20103001187,2,1.39,0.0,1.39,0.0,0,brk,New
243,2020-12-31 00:00:00,2,K20103001180,2,1.71,0.0,1.71,0.0,0,brk,New
244,2021-01-02 00:00:00,2,F20103001053,2,19.93,0.0,19.93,0.0,0,brk,New
245,2021-01-04 00:00:00,2,K20103001138,2,3.5,0.0,3.5,0.0,0,BRK,New
246,2021-01-04 00:00:00,2,N20103001220,2,2.72,0.0,2.72,0.0,0,BRK,New
247,2021-01-04 00:00:00,2,O20103001313,2,4.32,0.0,4.32,0.0,0,BRK,New
248,2021-01-10 00:00:00,2,I19103000266,2,4.11,0.0,4.11,0.0,0,brk,New
249,2021-01-22 00:00:00,2,P19103000850,2,10.63,0.0,10.63,0.0,0,BRK,New
250,2021-01-22 00:00:00,2,O20103001348,2,23.48,0.0,23.48,0.0,0,BRK,New
251,2021-02-22 00:00:00,2,N20103001256,2,7.75,0.0,7.75,0.0,0,BRK,New
252,2021-02-22 00:00:00,2,N20103001240,2,23.05,0.0,23.05,0.0,0,BRK,New
253,2021-02-22 00:00:00,2,F20103000975,2,10.64,0.0,10.64,0.0,0,BRK,New
254,2021-02-22 00:00:00,2,N20103001246,2,10.08,0.0,10.08,0.0,0,BRK,New
255,2021-02-22 00:00:00,2,F20103001004,2,7.28,0.0,7.28,0.0,0,BRK,New
256,2021-02-24 00:00:00,2,O20103001363,2,17.96,0.0,17.96,0.0,0,brk,New
257,2021-02-24 00:00:00,2,O20103001364,2,21.05,0.0,21.05,0.0,0,brk,New
258,2021-03-07 00:00:00,2,F21103001436,2,2.46,0.0,2.46,0.0,0,BRK,New
259,2021-03-07 00:00:00,2,G20103001100,2,1.89,0.0,1.89,0.0,0,BRK,New
260,2021-03-09 00:00:00,2,F21103001414,2,5.77,0.0,5.77,0.0,0,brf4k,New
261,2021-03-09 00:00:00,2,F20103000875,2,14.1,0.0,14.1,0.0,0,brk,New
262,2021-03-12 00:00:00,2,F20103001001,2,4.15,0.0,4.15,0.0,0,brk,New
263,2021-03-12 00:00:00,2,G20103001106,2,1.43,0.0,1.43,0.0,0,brk,New
264,2021-03-12 00:00:00,2,F21103001431,2,3.7,0.0,3.7,0.0,0,brk,New
265,2021-03-12 00:00:00,2,O20103001311,2,3.51,0.0,3.51,0.0,0,brk,New
266,2021-03-12 00:00:00,2,N20103001265,2,12.77,0.0,12.77,0.0,0,brk,New
267,2021-03-12 00:00:00,2,F20103001018,2,2.94,0.0,2.94,0.0,0,brk,New
268,2021-03-22 00:00:00,2,O20103001356,2,10.82,0.0,10.82,0.0,0,BRK,New
269,2021-03-22 00:00:00,2,F21103001405,2,4.79,0.0,4.79,0.0,0,BRK,New
270,2021-03-31 00:00:00,2,F21103001470,2,2.07,0.0,2.07,0.0,0,brk,New
271,2021-03-31 00:00:00,2,O20103001358,2,11.55,0.0,11.55,0.0,0,brk,New
272,2021-03-31 00:00:00,2,F21103001443,2,4.33,0.0,4.33,0.0,0,brk,New
273,2021-04-06 00:00:00,3,J19103000512,2,18.51,0.0,18.51,0.0,0,brk,New
274,2021-04-18 00:00:00,3,P19103000816,2,4.36,0.0,4.36,0.0,0,brk,New
275,2021-04-18 00:00:00,3,F20103000886,2,11.61,0.0,11.61,0.0,0,brk,New
276,2021-04-18 00:00:00,3,K20103001172,2,2.72,0.0,2.72,0.0,0,brk,New
277,2021-04-28 00:00:00,3,O20103001310,2,2.91,0.0,2.91,0.0,0,brk,New
278,2021-05-03 00:00:00,3,O20103001360,2,12.65,0.0,12.65,0.0,0,brk,New
279,2021-07-06 00:00:00,3,F21103001439,2,4.58,0.0,4.58,0.0,0,brk,New
280,2021-08-05 00:00:00,3,H21103001507,2,3.02,0.0,3.02,0.0,0,brk,New
281,2021-08-05 00:00:00,3,N19103000665,2,2.9,0.0,2.9,0.0,0,brk,New
282,2021-08-05 00:00:00,3,F21103001476,2,1.94,0.0,1.94,0.0,0,brk,New
283,2021-08-05 00:00:00,3,H21103001549,2,4.91,0.0,4.91,0.0,0,brk,New
284,2021-08-05 00:00:00,3,J19103000471,2,3.85,0.0,3.85,0.0,0,brk,New
285,2021-08-05 00:00:00,3,N20103001226,2,2.97,0.0,2.97,0.0,0,brk,New
286,2021-08-05 00:00:00,3,P19103000777,2,26.0,0.0,26.0,0.0,0,brk,New
287,2021-08-05 00:00:00,3,O20103001328,2,1.8,0.0,1.8,0.0,0,brk,New
288,2021-08-05 00:00:00,3,H21103001548,2,5.23,0.0,5.23,0.0,0,brk,New
289,2021-08-05 00:00:00,3,O20103001342,2,14.06,0.0,14.06,0.0,0,brk,New
290,2021-08-05 00:00:00,3,F21103001422,2,2.53,0.0,2.53,0.0,0,brk,New
291,2021-08-05 00:00:00,3,J19103000470,2,4.21,0.0,4.21,0.0,0,brk,New
292,2021-08-05 00:00:00,3,H21103001514,2,2.49,0.0,2.49,0.0,0,brk,New
293,2021-08-05 00:00:00,3,F21103001474,2,1.51,0.0,1.51,0.0,0,brk,New
294,2021-08-05 00:00:00,3,N20103001260,2,6.09,0.0,6.09,0.0,0,brk,New
295,2021-08-05 00:00:00,3,G20103001103,2,2.13,0.0,2.13,0.0,0,brk,New
296,2021-08-05 00:00:00,3,N20103001253,2,16.98,0.0,16.98,0.0,0,brk,New
297,2021-08-05 00:00:00,3,H21103001500,2,1.57,0.0,1.57,0.0,0,brk,New
298,2021-08-05 00:00:00,3,P19103000806,2,4.87,0.0,4.87,0.0,0,brk,New
299,2021-08-05 00:00:00,3,H21103001526,2,2.97,0.0,2.97,0.0,0,brk,New
300,2021-08-05 00:00:00,3,F20103000992,2,1.64,0.0,1.64,0.0,0,brk,New
301,2021-08-05 00:00:00,3,H21103001517,2,0.91,0.0,0.91,0.0,0,brk,New
302,2021-08-05 00:00:00,3,N20103001216,2,6.31,0.0,6.31,0.0,0,brk,New
303,2021-08-05 00:00:00,3,F21103001437,2,4.35,0.0,4.35,0.0,0,brk,New
304,2021-08-05 00:00:00,3,P19103000800,2,4.39,0.0,4.39,0.0,0,brk,New
305,2021-08-05 00:00:00,3,F21103001450,2,1.95,0.0,1.95,0.0,0,brk,New
306,2021-08-05 00:00:00,3,N20103001269,2,2.66,0.0,2.66,0.0,0,brk,New
307,2021-08-05 00:00:00,3,P19103000835,2,5.01,0.0,5.01,0.0,0,brk,New
308,2021-08-05 00:00:00,3,F21103001469,2,2.74,0.0,2.74,0.0,0,brk,New
309,2021-08-05 00:00:00,3,N19103000659,2,1.12,0.0,1.12,0.0,0,brk,New
310,2021-08-05 00:00:00,3,P19103000779,2,6.94,0.0,6.94,0.0,0,brk,New
311,2021-08-05 00:00:00,3,P19103000851,2,7.94,0.0,7.94,0.0,0,brk,New
312,2021-08-05 00:00:00,3,N19103000666,2,3.0,0.0,3.0,0.0,0,brk,New
313,2021-08-05 00:00:00,3,K19103000555,2,4.1,0.0,4.1,0.0,0,brk,New
314,2021-08-05 00:00:00,3,F21103001451,2,1.18,0.0,1.18,0.0,0,brk,New
315,2021-08-05 00:00:00,3,O20103001357,2,10.93,0.0,10.93,0.0,0,brk,New
316,2021-08-05 00:00:00,3,H21103001536,2,2.03,0.0,2.03,0.0,0,brk,New
317,2021-08-05 00:00:00,3,H21103001516,2,0.82,0.0,0.82,0.0,0,brk,New
318,2021-08-05 00:00:00,3,H21103001532,2,2.01,0.0,2.01,0.0,0,brk,New
319,2021-08-05 00:00:00,3,N19103000730,2,3.64,0.0,3.64,0.0,0,brk,New
320,2021-08-05 00:00:00,3,H21103001547,2,2.66,0.0,2.66,0.0,0,brk,New
321,2021-08-05 00:00:00,3,H21103001509,2,4.78,0.0,4.78,0.0,0,brk,New
322,2021-08-05 00:00:00,3,H21103001502,2,3.48,0.0,3.48,0.0,0,brk,New
323,2021-08-05 00:00:00,3,F20103001044,2,12.28,0.0,12.28,0.0,0,brk,New
324,2021-08-05 00:00:00,3,H21103001495,2,1.91,0.0,1.91,0.0,0,brk,New
325,2021-08-05 00:00:00,3,J19103000284,2,2.75,0.0,2.75,0.0,0,brk,New
326,2021-09-19 00:00:00,3,N19103000717,2,6.04,0.0,6.04,0.0,0,brk,New
327,2021-09-19 00:00:00,3,F21103001434,2,3.34,0.0,3.34,0.0,0,brk,New
328,2021-09-19 00:00:00,3,F21103001445,2,5.67,0.0,5.67,0.0,0,brk,New
329,2021-09-19 00:00:00,3,O20103001330,2,0.91,0.0,0.91,0.0,0,brk,New
330,2021-09-19 00:00:00,3,I19103000261,2,3.82,0.0,3.82,0.0,0,brk,New
331,2021-09-19 00:00:00,3,J19103000520,2,9.96,0.0,9.96,0.0,0,brk,New
332,2021-09-19 00:00:00,3,F20103001048,2,12.67,0.0,12.67,0.0,0,brk,New
333,2021-09-19 00:00:00,3,F20103000966,2,1.89,0.0,1.89,0.0,0,brk,New
334,2021-09-19 00:00:00,3,N19103000700,2,4.84,0.0,4.84,0.0,0,brk,New
335,2021-09-19 00:00:00,3,J19103000519,2,19.77,0.0,19.77,0.0,0,brk,New
336,2021-09-19 00:00:00,3,O20103001329,2,1.58,0.0,1.58,0.0,0,brk,New
337,2021-09-19 00:00:00,3,N20103001251,2,12.16,0.0,12.16,0.0,0,brk,New
338,2021-09-19 00:00:00,3,N19103000636,2,18.04,0.0,18.04,0.0,0,brk,New
339,2021-09-19 00:00:00,3,O20103001322,2,5.43,0.0,5.43,0.0,0,brk,New
340,2021-09-19 00:00:00,3,O20103001346,2,23.09,0.0,23.09,0.0,0,brk,New
341,2021-09-19 00:00:00,3,N19103000729,2,3.42,0.0,3.42,0.0,0,brk,New
342,2021-09-19 00:00:00,3,J19103000319,2,7.1,0.0,7.1,0.0,0,brk,New
343,2021-09-19 00:00:00,3,K20103001192,2,2.78,0.0,2.78,0.0,0,brk,New
344,2021-09-19 00:00:00,3,N19103000703,2,2.89,0.0,2.89,0.0,0,brk,New
345,2021-09-19 00:00:00,3,F21103001448,2,6.63,0.0,6.63,0.0,0,brk,New
346,2021-09-19 00:00:00,3,H19103000123,2,3.42,0.0,3.42,0.0,0,brk,New
347,2021-09-19 00:00:00,3,F21103001417,2,2.27,0.0,2.27,0.0,0,brk,New
348,2021-09-19 00:00:00,3,F21103001430,2,3.62,0.0,3.62,0.0,0,brk,New
349,2021-09-19 00:00:00,3,N20103001254,2,13.83,0.0,13.83,0.0,0,brk,New
350,2021-09-19 00:00:00,3,F21103001442,2,2.7,0.0,2.7,0.0,0,brk,New
351,2021-09-19 00:00:00,3,J19103000458,2,3.54,0.0,3.54,0.0,0,brk,New
352,2021-09-19 00:00:00,3,O20103001317,2,7.37,0.0,7.37,0.0,0,brk,New
353,2021-09-19 00:00:00,3,F21103001423,2,3.5,0.0,3.5,0.0,0,brk,New
354,2021-09-19 00:00:00,3,N19103000701,2,1.26,0.0,1.26,0.0,0,brk,New
355,2021-09-19 00:00:00,3,N19103000652,2,3.78,0.0,3.78,0.0,0,brk,New
356,2021-09-19 00:00:00,3,F21103001454,2,2.7,0.0,2.7,0.0,0,brk,New
357,2021-09-19 00:00:00,3,H19103000107,2,3.29,0.0,3.29,0.0,0,brk,New
358,2021-09-19 00:00:00,3,H19103000095,2,4.44,0.0,4.44,0.0,0,brk,New
359,2021-09-19 00:00:00,3,J19103000454,2,1.98,0.0,1.98,0.0,0,brk,New
360,2021-09-19 00:00:00,3,O20103001304,2,7.17,0.0,7.17,0.0,0,brk,New
361,2021-09-19 00:00:00,3,H21103001524,2,4.78,0.0,4.78,0.0,0,brk,New
362,2021-09-19 00:00:00,3,J19103000510,2,23.42,0.0,23.42,0.0,0,brk,New
363,2021-09-19 00:00:00,3,F20103000995,2,6.24,0.0,6.24,0.0,0,brk,New
364,2021-10-02 00:00:00,3,J19103000283,2,18.34,0.0,18.34,0.0,0,brk,New
365,2021-10-02 00:00:00,3,H21103001551,2,4.36,0.0,4.36,0.0,0,brk,New
366,2021-11-09 00:00:00,3,N21103001615,2,3.73,0.0,3.73,0.0,0,BRK,New
367,2021-11-09 00:00:00,3,F20103000988,2,4.09,0.0,4.09,0.0,0,BTK,New
368,2021-11-09 00:00:00,3,N21103001652,2,12.17,0.0,12.17,0.0,0,BRK,New
369,2021-11-09 00:00:00,3,H19103000045,2,3.41,0.0,3.41,0.0,0,BRK,New
370,2021-11-09 00:00:00,3,O21103001866,2,8.35,0.0,8.35,0.0,0,BRK,New
371,2021-11-09 00:00:00,3,N21103001692,2,0.45,0.0,0.45,0.0,0,BRK,New
372,2021-11-09 00:00:00,3,F20103000914,2,2.0,0.0,2.0,0.0,0,BRK,New
373,2021-11-09 00:00:00,3,N19103000699,2,4.58,0.0,4.58,0.0,0,BRK,New
374,2021-11-09 00:00:00,3,O21103001865,2,8.75,0.0,8.75,0.0,0,BRK,New
375,2021-11-09 00:00:00,3,N21103001616,2,5.01,0.0,5.01,0.0,0,BRK,New
376,2021-11-09 00:00:00,3,N21103001691,2,0.43,0.0,0.43,0.0,0,BRK,New
377,2021-11-09 00:00:00,3,O21103001762,2,1.29,0.0,1.29,0.0,0,BRK,New
378,2021-11-09 00:00:00,3,K20103001134,2,3.48,0.0,3.48,0.0,0,BRK,New
379,2021-11-19 00:00:00,3,H21103001493,2,0.67,0.0,0.67,0.0,0,bt,New
380,2021-11-19 00:00:00,3,O21103001750,2,29.4,0.0,29.4,0.0,0,brk,New
381,2021-11-19 00:00:00,3,N21103001649,2,11.83,0.0,11.83,0.0,0,brk,New
382,2021-11-19 00:00:00,3,N21103001643,2,13.25,0.0,13.25,0.0,0,brk,New
383,2021-12-06 00:00:00,3,N21103001644,2,8.72,0.0,8.72,0.0,0,brk,New
384,2021-12-06 00:00:00,3,M21103001573,2,3.33,0.0,3.33,0.0,0,brk,New
385,2021-12-06 00:00:00,3,I19103000222,2,26.08,0.0,26.08,0.0,0,brk,New
386,2021-12-20 00:00:00,3,N21103001655,2,30.59,0.0,30.59,0.0,0,brk,New
387,2022-01-13 00:00:00,3,E22107000027,2,0.0,0.0,0.0,0.0,0,wrong print,New
388,2022-02-03 00:00:00,3,E22107000024,2,0.0,0.0,0.0,0.0,0,brk,New
389,2022-02-03 00:00:00,3,O21103001718,2,3.1,0.0,3.1,0.0,0,brk,New
390,2022-02-03 00:00:00,3,M21103001570,2,10.05,0.0,10.05,0.0,0,brk,New
391,2022-03-04 00:00:00,3,F20103001049,2,6.09,0.0,6.09,0.0,0,brk,New
392,2022-03-12 00:00:00,3,O21103001751,2,18.35,0.0,18.35,0.0,0,brk,New
393,2022-03-12 00:00:00,3,F20103001054,2,10.86,0.0,10.86,0.0,0,brk,New
394,2022-03-15 00:00:00,3,O21103001729,2,7.97,0.0,7.97,0.0,0,brk,New
395,2022-03-31 00:00:00,3,I19103000220,2,22.1,0.0,22.1,0.0,0,bt,New
396,2022-03-31 00:00:00,3,K19103000559,2,4.65,0.0,4.65,0.0,0,bk,New
397,2022-03-31 00:00:00,3,M21103001576,2,4.85,0.0,4.85,0.0,0,bk,New
398,2022-03-31 00:00:00,3,F20103001023,2,3.89,0.0,3.89,0.0,0,bk,New
399,2022-03-31 00:00:00,3,J19103000513,2,27.01,0.0,27.01,0.0,0,bk,New
400,2022-03-31 00:00:00,3,I19103000228,2,9.63,0.0,9.63,0.0,0,brk,New
401,2022-03-31 00:00:00,3,O21103001843,2,33.2,0.0,33.2,0.0,0,brk,New
402,2022-03-31 00:00:00,3,J19103000364,2,7.65,0.0,7.65,0.0,0,brk,New
403,2022-03-31 00:00:00,3,O20103001314,2,4.98,0.0,4.98,0.0,0,brk,New
404,2022-03-31 00:00:00,3,F20103000989,2,5.63,0.0,5.63,0.0,0,brk,New
405,2022-03-31 00:00:00,3,M21103001571,2,11.28,0.0,11.28,0.0,0,bk,New
406,2022-04-11 00:00:00,4,I19103000229,2,29.08,0.0,29.08,0.0,0,brk,New
407,2022-04-18 00:00:00,4,O21103001709,2,10.34,0.0,10.34,0.0,0,brk,New
408,2022-04-18 00:00:00,4,N21103001698,2,10.72,0.0,10.72,0.0,0,brk,New
409,2022-04-18 00:00:00,4,N21103001687,2,2.82,0.0,2.82,0.0,0,brk,New
410,2022-04-27 00:00:00,4,O20103001338,2,13.5,0.0,13.5,0.0,0,brk,New
411,2022-05-03 00:00:00,4,K20103001145,2,1.79,0.0,1.79,0.0,0,brk,New
412,2022-05-03 00:00:00,4,O20103001354,2,23.47,0.0,23.47,0.0,0,brk,New
413,2022-05-03 00:00:00,4,E22107000034,2,0.0,0.0,0.0,0.0,0,brk,New
414,2022-05-03 00:00:00,4,N19103000625,2,0.35,0.0,0.35,0.0,0,brk,New
415,2022-05-03 00:00:00,4,E22107000013,2,0.0,0.0,0.0,0.0,0,brk,New
416,2022-05-03 00:00:00,4,E22107000022,2,0.0,0.0,0.0,0.0,0,brk,New
417,2022-05-03 00:00:00,4,I22103002088,2,6.01,0.0,6.01,0.0,0,brk,New
418,2022-06-10 00:00:00,4,O21103001738,2,5.45,0.0,5.45,0.0,0,brk,New
419,2022-06-10 00:00:00,4,O21103001713,2,26.86,0.0,26.86,0.0,0,brk,New
420,2022-06-10 00:00:00,4,I19103000208,2,24.34,0.0,24.34,0.0,0,brk,New
421,2022-06-10 00:00:00,4,O21103001754,2,19.09,0.0,19.09,0.0,0,brk,New
422,2022-06-20 00:00:00,4,J19103000451,2,8.97,0.0,8.97,0.0,0,BRK,New
423,2022-06-20 00:00:00,4,N21103001700,2,6.11,0.0,6.11,0.0,0,BRK,New
424,2022-06-20 00:00:00,4,N21103001639,2,15.56,0.0,15.56,0.0,0,BRK,New
425,2022-06-20 00:00:00,4,K20103001163,2,6.23,0.0,6.23,0.0,0,BRK,New
426,2022-06-20 00:00:00,4,H19103000057,2,5.97,0.0,5.97,0.0,0,BRK,New
427,2022-06-26 00:00:00,4,J22103002114,2,1.96,0.0,1.96,0.0,0,brk,New
428,2022-06-26 00:00:00,4,J22103002153,2,11.25,0.0,11.25,0.0,0,brk,New
429,2022-07-03 00:00:00,4,I22103002044,2,5.34,0.0,5.34,0.0,0,brk,New
430,2022-07-03 00:00:00,4,J22103002112,2,1.58,0.0,1.58,0.0,0,brk,New
431,2022-07-03 00:00:00,4,I22103002013,2,6.63,0.0,6.63,0.0,0,brk,New
432,2022-07-03 00:00:00,4,K20103001164,2,3.6,0.0,3.6,0.0,0,brk,New
433,2022-07-03 00:00:00,4,J22103002206,2,7.38,0.0,7.38,0.0,0,brk,New
434,2022-07-18 00:00:00,4,I22103002019,2,12.23,0.0,12.23,0.0,0,brk,New
435,2022-07-18 00:00:00,4,J22103002197,2,10.77,0.0,10.77,0.0,0,brk,New
436,2022-07-18 00:00:00,4,I22103002067,2,10.85,0.0,10.85,0.0,0,brk,New
437,2022-07-18 00:00:00,4,I22103002073,2,12.11,0.0,12.11,0.0,0,brk,New
438,2022-07-18 00:00:00,4,J22103002169,2,3.49,0.0,3.49,0.0,0,brk,New
439,2022-08-02 00:00:00,4,O21103001736,2,5.73,0.0,5.73,0.0,0,brk,New
440,2022-08-02 00:00:00,4,I22103002014,2,3.98,0.0,3.98,0.0,0,brk,New
441,2022-08-02 00:00:00,4,J22103002159,2,13.21,0.0,13.21,0.0,0,brk,New
442,2022-08-02 00:00:00,4,O21103001838,2,3.23,0.0,3.23,0.0,0,brk,New
443,2022-08-02 00:00:00,4,I22103002029,2,2.17,0.0,2.17,0.0,0,brk,New
444,2022-08-02 00:00:00,4,J22103002186,2,4.05,0.0,4.05,0.0,0,brk,New
445,2022-08-02 00:00:00,4,J22103002127,2,1.05,0.0,1.05,0.0,0,brk,New
446,2022-08-24 00:00:00,4,J22103002128,2,1.06,0.0,1.06,0.0,0,brk,New
447,2022-08-24 00:00:00,4,I22103002011,2,7.09,0.0,7.09,0.0,0,brk,New
448,2022-08-24 00:00:00,4,J22103002183,2,5.3,0.0,5.3,0.0,0,brk,New
449,2022-08-24 00:00:00,4,J22103002174,2,2.47,0.0,2.47,0.0,0,brk,New
450,2022-08-24 00:00:00,4,J22103002177,2,2.23,0.0,2.23,0.0,0,brk,New
451,2022-09-10 00:00:00,4,O21103001755,2,12.29,0.0,12.29,0.0,0,brk,New
452,2022-09-10 00:00:00,4,I22103002069,2,14.63,0.0,14.63,0.0,0,brk,New
453,2022-09-10 00:00:00,4,N21103001651,2,5.85,0.0,5.85,0.0,0,brk,New
454,2022-09-11 00:00:00,4,J22103002191,2,2.6,0.0,2.6,0.0,0,brk,New
455,2022-09-11 00:00:00,4,H19103000124,2,18.33,0.0,18.33,0.0,0,brk,New
456,2022-09-11 00:00:00,4,N21103001659,2,4.12,0.0,4.12,0.0,0,brk,New
457,2022-09-11 00:00:00,4,I22103001949,2,3.95,0.0,3.95,0.0,0,brk,New
458,2022-09-11 00:00:00,4,N19103000731,2,4.11,0.0,4.11,0.0,0,brk,New
459,2022-09-11 00:00:00,4,K20103001131,2,3.2,0.0,3.2,0.0,0,brk,New
460,2022-09-11 00:00:00,4,I22103002045,2,3.57,0.0,3.57,0.0,0,brk,New
461,2022-09-11 00:00:00,4,N21103001674,2,4.13,0.0,4.13,0.0,0,brk,New
462,2022-09-11 00:00:00,4,F21103001438,2,4.45,0.0,4.45,0.0,0,brk,New
463,2022-09-11 00:00:00,4,J19103000314,2,8.73,0.0,8.73,0.0,0,brk,New
464,2022-09-11 00:00:00,4,I22103001977,2,1.72,0.0,1.72,0.0,0,brk,New
465,2022-09-11 00:00:00,4,J19103000445,2,2.48,0.0,2.48,0.0,0,brk,New
466,2022-09-11 00:00:00,4,H21103001499,2,2.88,0.0,2.88,0.0,0,brk,New
467,2022-09-11 00:00:00,4,N19103000612,2,4.66,0.0,4.66,0.0,0,brk,New
468,2022-09-11 00:00:00,4,H19103000099,2,6.2,0.0,6.2,0.0,0,brk,New
469,2022-09-11 00:00:00,4,I22103001968,2,1.19,0.0,1.19,0.0,0,brk,New
470,2022-09-11 00:00:00,4,H19103000042,2,1.52,0.0,1.52,0.0,0,brk,New
471,2022-09-11 00:00:00,4,H21103001529,2,1.95,0.0,1.95,0.0,0,brk,New
472,2022-09-11 00:00:00,4,H19103000035,2,2.23,0.0,2.23,0.0,0,brk,New
473,2022-09-11 00:00:00,4,J19103000435,2,2.39,0.0,2.39,0.0,0,brk,New
474,2022-09-11 00:00:00,4,K19103000539,2,2.6,0.0,2.6,0.0,0,brk,New
475,2022-09-11 00:00:00,4,F21103001455,2,2.42,0.0,2.42,0.0,0,brk,New
476,2022-09-12 00:00:00,4,O20103001340,2,10.83,0.0,10.83,0.0,0,brk,New
477,2022-09-12 00:00:00,4,N19103000750,2,11.59,0.0,11.59,0.0,0,brk,New
478,2022-10-21 00:00:00,4,J22103002201,2,7.31,0.0,7.31,0.0,0,brk,New
479,2022-10-21 00:00:00,4,N22103002341,2,1.47,0.0,1.47,0.0,0,brk,New
480,2022-10-28 00:00:00,4,N21103001706,2,24.68,0.0,24.68,0.0,0,brk,New
481,2022-10-28 00:00:00,4,O20103001297,2,5.15,0.0,5.15,0.0,0,brk,New
482,2022-10-28 00:00:00,4,J22103002155,2,9.79,0.0,9.79,0.0,0,brk,New
483,2022-10-28 00:00:00,4,I22103002078,2,15.47,0.0,15.47,0.0,0,brk,New
484,2022-10-28 00:00:00,4,N22103002302,2,15.85,0.0,15.85,0.0,0,brk,New
485,2022-10-28 00:00:00,4,N22103002342,2,1.27,0.0,1.27,0.0,0,brk,New
486,2022-10-28 00:00:00,4,I22103002077,2,26.61,0.0,26.61,0.0,0,brk,New
487,2022-10-28 00:00:00,4,I22103002095,2,1.67,0.0,1.67,0.0,0,brk,New
488,2022-10-28 00:00:00,4,M22103002276,2,2.43,0.0,2.43,0.0,0,brk,New
489,2022-11-14 00:00:00,4,N22103002305,2,5.3,0.0,5.3,0.0,0,brk,New
490,2022-11-14 00:00:00,4,J22103002203,2,4.97,0.0,4.97,0.0,0,brk,New
491,2022-11-14 00:00:00,4,O20103001337,2,14.31,0.0,14.31,0.0,0,brk,New
492,2022-11-14 00:00:00,4,N22103002293,2,4.7,0.0,4.7,0.0,0,brk,New
493,2022-11-14 00:00:00,4,N19103000641,2,15.85,0.0,15.85,0.0,0,brk,New
494,2022-11-14 00:00:00,4,I22103002009,2,30.6,0.0,30.6,0.0,0,brk,New
495,2022-11-30 00:00:00,4,O22103002403,2,6.08,0.0,6.08,0.0,0,brk,New
496,2022-11-30 00:00:00,4,H21103001511,2,3.83,0.0,3.83,0.0,0,brk,New
497,2022-11-30 00:00:00,4,F20103001043,2,3.22,0.0,3.22,0.0,0,brk,New
498,2022-11-30 00:00:00,4,M22103002267,2,2.44,0.0,2.44,0.0,0,brk,New
499,2022-11-30 00:00:00,4,F20103001002,2,3.36,0.0,3.36,0.0,0,brk,New
500,2022-11-30 00:00:00,4,O21103001796,2,2.89,0.0,2.89,0.0,0,brk,New
501,2022-12-14 00:00:00,4,J22103002134,2,9.72,0.0,9.72,0.0,0,brk,New
502,2022-12-14 00:00:00,4,O21103001732,2,4.39,0.0,4.39,0.0,0,brk,New
503,2022-12-14 00:00:00,4,O21103001711,2,36.46,0.0,36.46,0.0,0,brk,New
504,2022-12-14 00:00:00,4,O21103001854,2,32.95,0.0,32.95,0.0,0,brk,New
505,2022-12-14 00:00:00,4,O22103002438,2,4.15,0.0,4.15,0.0,0,brk,New
506,2022-12-14 00:00:00,4,O21103001731,2,7.6,0.0,7.6,0.0,0,brtk,New
507,2022-12-14 00:00:00,4,O22103002393,2,1.25,0.0,1.25,0.0,0,brk,New
508,2022-12-14 00:00:00,4,I22103001935,2,5.35,0.0,5.35,0.0,0,brk,New
509,2022-12-14 00:00:00,4,J22103002238,2,1.02,0.0,1.02,0.0,0,brk,New
510,2022-12-14 00:00:00,4,N22103002313,2,2.69,0.0,2.69,0.0,0,brk,New
511,2022-12-14 00:00:00,4,O20103001294,2,4.73,0.0,4.73,0.0,0,brk,New
512,2022-12-14 00:00:00,4,N22103002353,2,0.8,0.0,0.8,0.0,0,brk,New
513,2022-12-14 00:00:00,4,N22103002304,2,5.05,0.0,5.05,0.0,0,brk,New
514,2022-12-14 00:00:00,4,O22103002396,2,1.23,0.0,1.23,0.0,0,brk,New
515,2022-12-14 00:00:00,4,J22103002152,2,12.09,0.0,12.09,0.0,0,brk,New
516,2022-12-14 00:00:00,4,O22103002405,2,2.01,0.0,2.01,0.0,0,brk,New
517,2022-12-18 00:00:00,4,I22103002038,2,3.53,0.0,3.53,0.0,0,brk,New
518,2022-12-18 00:00:00,4,N22103002297,2,19.82,0.0,19.82,0.0,0,brk,New
519,2022-12-22 00:00:00,4,J22103002180,2,2.56,0.0,2.56,0.0,0,brk,New
520,2022-12-23 00:00:00,4,P22107000206,2,0.0,0.0,0.0,0.0,0,repeat,New
521,2022-12-24 00:00:00,4,P22107000202,2,0.0,0.0,0.0,0.0,0,brk,New
522,2022-12-24 00:00:00,4,P22107000200,2,0.0,0.0,0.0,0.0,0,brk,New
523,2022-12-24 00:00:00,4,P22107000204,2,0.0,0.0,0.0,0.0,0,brk,New
524,2022-12-24 00:00:00,4,P22107000201,2,0.0,0.0,0.0,0.0,0,brk,New
525,2022-12-24 00:00:00,4,P22107000199,2,0.0,0.0,0.0,0.0,0,brk,New
526,2022-12-24 00:00:00,4,P22107000203,2,0.0,0.0,0.0,0.0,0,brk,New
527,2022-12-24 00:00:00,4,P22107000205,2,0.0,0.0,0.0,0.0,0,brk,New
528,2022-12-24 00:00:00,4,P22107000211,2,0.0,0.0,0.0,0.0,0,rong,New
529,2022-12-27 00:00:00,4,J22103002151,2,16.49,0.0,16.49,0.0,0,brk,New
530,2022-12-27 00:00:00,4,N21103001647,2,26.11,0.0,26.11,0.0,0,brk,New
531,2022-12-27 00:00:00,4,I22103002064,2,12.99,0.0,12.99,0.0,0,brk,New
532,2022-12-27 00:00:00,4,J22103002228,2,1.22,0.0,1.22,0.0,0,brk,New
533,2023-01-07 00:00:00,4,P22103002482,2,1.5,0.0,1.5,0.0,0,brk,New
534,2023-01-09 00:00:00,4,P22103002500,2,3.09,0.0,3.09,0.0,0,brk,New
535,2023-01-09 00:00:00,4,J19103000288,2,6.13,0.0,6.13,0.0,0,brk,New
536,2023-01-09 00:00:00,4,I22103001951,2,6.57,0.0,6.57,0.0,0,brk,New
537,2023-01-13 00:00:00,4,N22103002287,2,3.35,0.0,3.35,0.0,0,brk,New
538,2023-01-16 00:00:00,4,F21103001453,2,2.3,0.0,2.3,0.0,0,brk,New
539,2023-01-25 00:00:00,4,I22103001943,2,5.16,0.0,5.16,0.0,0,brk,New
540,2023-02-01 00:00:00,4,N22103002344,2,0.65,0.0,0.65,0.0,0,brk,New
541,2023-02-06 00:00:00,4,O22103002435,2,2.36,0.0,2.36,0.0,0,BRK,New
542,2023-02-10 00:00:00,4,F23103002569,2,1.51,0.0,1.51,0.0,0,brk,New
543,2023-02-10 00:00:00,4,N22103002299,2,24.65,0.0,24.65,0.0,0,brk,New
544,2023-02-10 00:00:00,4,O22103002423,2,2.17,0.0,2.17,0.0,0,brk,New
545,2023-02-14 00:00:00,4,J19103000374,2,5.14,0.0,5.14,0.0,0,brk,New
546,2023-02-15 00:00:00,4,O22103002391,2,1.35,0.0,1.35,0.0,0,b  rk,New
547,2023-02-16 00:00:00,4,F23103002559,2,3.13,0.0,3.13,0.0,0,brk,New
548,2023-02-17 00:00:00,4,J22103002160,2,2.42,0.0,2.42,0.0,0,brk,New
549,2023-02-17 00:00:00,4,P22103002458,2,2.66,0.0,2.66,0.0,0,brk,New
550,2023-02-22 00:00:00,4,F23103002622,2,17.99,0.0,17.99,0.0,0,brk,New
551,2023-03-02 00:00:00,4,N22103002358,2,1.53,0.0,1.53,0.0,0,brk,New
552,2023-03-02 00:00:00,4,F23103002558,2,1.61,0.0,1.61,0.0,0,brk,New
553,2023-03-12 00:00:00,4,H21103001519,2,0.98,0.0,0.98,0.0,0,brk,New
554,2023-03-12 00:00:00,4,I22103001984,2,1.99,0.0,1.99,0.0,0,brk,New
555,2023-03-12 00:00:00,4,F23103002546,2,1.96,0.0,1.96,0.0,0,brk,New
556,2023-03-18 00:00:00,4,I22103002066,2,21.79,0.0,21.79,0.0,0,brk,New
557,2023-03-29 00:00:00,4,F23103002582,2,2.81,0.0,2.81,0.0,0,brk,New
558,2023-03-31 00:00:00,4,I22103002097,2,8.58,0.0,8.58,0.0,0,brk,New
559,2023-04-01 00:00:00,4,I22103002079,2,10.73,0.0,10.73,0.0,0,BRK,New
560,2023-04-01 00:00:00,4,F21103001413,2,6.89,0.0,6.89,0.0,0,BRK,New
561,2023-04-01 00:00:00,4,F23103002594,2,3.74,0.0,3.74,0.0,0,BRK,New
562,2023-04-13 00:00:00,5,O22103002413,2,2.04,0.0,2.04,0.0,0,brk,New
563,2023-04-19 00:00:00,5,O22103002385,2,6.04,0.0,6.04,0.0,0,brk,New
564,2023-04-21 00:00:00,5,O22103002439,2,3.29,0.0,3.29,0.0,0,brk,New
565,2023-04-21 00:00:00,5,H23103002696,2,3.74,0.0,3.74,0.0,0,brk,New
566,2023-04-21 00:00:00,5,J19103000360,2,22.33,0.0,22.33,0.0,0,brk,New
567,2023-04-21 00:00:00,5,M22103002274,2,3.25,0.0,3.25,0.0,0,BRK,New
568,2023-04-21 00:00:00,5,M22103002266,2,3.48,0.0,3.48,0.0,0,BRK,New
569,2023-04-21 00:00:00,5,N22103002308,2,4.8,0.0,4.8,0.0,0,BRK,New
570,2023-04-21 00:00:00,5,O20103001315,2,7.94,0.0,7.94,0.0,0,BRK,New
571,2023-04-21 00:00:00,5,F21103001429,2,1.87,0.0,1.87,0.0,0,BRK,New
572,2023-04-21 00:00:00,5,J19103000292,2,4.13,0.0,4.13,0.0,0,BRK,New
573,2023-04-21 00:00:00,5,I22103002001,2,1.57,0.0,1.57,0.0,0,BRK,New
574,2023-04-21 00:00:00,5,O22103002388,2,2.17,0.0,2.17,0.0,0,BRK,New
575,2023-04-21 00:00:00,5,I22103001972,2,2.31,0.0,2.31,0.0,0,BRK,New
576,2023-04-21 00:00:00,5,O21103001830,2,1.83,0.0,1.83,0.0,0,BRK,New
577,2023-04-21 00:00:00,5,G20103001077,2,5.2,0.0,5.2,0.0,0,BRK,New
578,2023-04-21 00:00:00,5,N21103001672,2,2.23,0.0,2.23,0.0,0,BRK,New
579,2023-04-21 00:00:00,5,I19103000194,2,1.65,0.0,1.65,0.0,0,BRK,New
580,2023-04-22 00:00:00,5,J22103002236,2,0.87,0.0,0.87,0.0,0,brk,New
581,2023-04-22 00:00:00,5,O21103001774,2,3.88,0.0,3.88,0.0,0,brk,New
582,2023-04-24 00:00:00,5,O21103001820,2,2.25,0.0,2.25,0.0,0,brk,New
583,2023-04-24 00:00:00,5,F23103002527,2,4.65,0.0,4.65,0.0,0,brk,New
584,2023-04-24 00:00:00,5,O22103002434,2,2.32,0.0,2.32,0.0,0,brk,New
585,2023-04-25 00:00:00,5,P22103002488,2,2.6,0.0,2.6,0.0,0,brk,New
586,2023-05-10 00:00:00,5,F23103002530,2,2.86,0.0,2.86,0.0,0,brk,New
587,2023-05-10 00:00:00,5,F23103002533,2,2.84,0.0,2.84,0.0,0,brk,New
588,2023-05-25 00:00:00,5,F23103002621,2,12.3,0.0,12.3,0.0,0,BRK,New
589,2023-06-04 00:00:00,5,H23103002756,2,3.22,0.0,3.22,0.0,0,brk,New
590,2023-06-05 00:00:00,5,N21103001660,2,4.87,0.0,4.87,0.0,0,brk,New
591,2023-06-07 00:00:00,5,F23103002580,2,3.19,0.0,3.19,0.0,0,reparng,New
592,2023-06-07 00:00:00,5,K19103000556,2,5.95,0.0,5.95,0.0,0,brk,New
593,2023-06-08 00:00:00,5,J23103002943,2,1.22,0.0,1.22,0.0,0,mistake,New
594,2023-06-08 00:00:00,5,J23103002942,2,1.6,0.0,1.6,0.0,0,mistk,New
595,2023-06-08 00:00:00,5,J23103002944,2,1.73,0.0,1.73,0.0,0,brjk,New
596,2023-06-08 00:00:00,5,J23103002945,2,1.22,0.0,1.22,0.0,0,mstk,New
597,2023-06-10 00:00:00,5,I22103002016,2,5.35,0.0,5.35,0.0,0,brk,New
598,2023-06-17 00:00:00,5,N22103002296,2,2.7,0.0,2.7,0.0,0,brk,New
599,2023-06-17 00:00:00,5,H23103002761,2,2.33,0.0,2.33,0.0,0,brk,New
600,2023-06-17 00:00:00,5,O22103002410,2,4.8,0.0,4.8,0.0,0,brk,New
601,2023-06-17 00:00:00,5,N22103002324,2,6.86,0.0,6.86,0.0,0,brk,New
602,2023-06-17 00:00:00,5,I23103002862,2,3.18,0.0,3.18,0.0,0,brk,New
603,2023-06-17 00:00:00,5,H23103002719,2,10.18,0.0,10.18,0.0,0,brk,New
604,2023-06-17 00:00:00,5,I22103001973,2,4.23,0.0,4.23,0.0,0,brk,New
605,2023-06-19 00:00:00,5,F23103002585,2,3.24,0.0,3.24,0.0,0,brk,New
606,2023-06-19 00:00:00,5,H19103000020,2,2.79,0.0,2.79,0.0,0,brk,New
607,2023-06-19 00:00:00,5,N22103002290,2,5.02,0.0,5.02,0.0,0,brk,New
608,2023-06-22 00:00:00,5,I22103002021,2,12.04,0.0,12.04,0.0,0,brki,New
609,2023-06-22 00:00:00,5,F23103002598,2,5.17,0.0,5.17,0.0,0,brk,New
610,2023-06-22 00:00:00,5,N20103001231,2,2.97,0.0,2.97,0.0,0,brk,New
611,2023-06-23 00:00:00,5,I22103001982,2,1.44,0.0,1.44,0.0,0,brk,New
612,2023-06-23 00:00:00,5,F23103002554,2,1.73,0.0,1.73,0.0,0,brk,New
613,2023-06-23 00:00:00,5,N19103000608,2,1.53,0.0,1.53,0.0,0,brk,New
614,2023-06-25 00:00:00,5,J23103002960,2,0.92,0.0,0.92,0.0,0,brk,New
615,2023-06-28 00:00:00,5,I19103000238,2,6.73,0.0,6.73,0.0,0,brk,New
616,2023-06-30 00:00:00,5,J22103002170,2,2.85,0.0,2.85,0.0,0,brk,New
617,2023-06-30 00:00:00,5,O21103001853,2,4.97,0.0,4.97,0.0,0,brk,New
618,2023-07-04 00:00:00,5,O22103002379,2,9.87,0.0,9.87,0.0,0,rejct,New
619,2023-07-04 00:00:00,5,J23103002952,2,1.39,0.0,1.39,0.0,0,brk,New
620,2023-07-04 00:00:00,5,J22103002140,2,24.35,0.0,24.35,0.0,0,brk,New
621,2023-08-05 00:00:00,5,H23103002693,2,1.15,0.0,1.15,0.0,0,brk,New
622,2023-08-05 00:00:00,5,J23103002916,2,3.01,0.0,3.01,0.0,0,brk,New
623,2023-08-05 00:00:00,5,H23103002782,2,2.67,0.0,2.67,0.0,0,brk,New
624,2023-08-05 00:00:00,5,N22103002311,2,2.41,0.0,2.41,0.0,0,brk,New
625,2023-08-05 00:00:00,5,F23103002576,2,2.24,0.0,2.24,0.0,0,brk,New
626,2023-08-05 00:00:00,5,F23103002667,2,2.6,0.0,2.6,0.0,0,brk,New
627,2023-08-05 00:00:00,5,F23103002547,2,1.88,0.0,1.88,0.0,0,brk,New
628,2023-08-05 00:00:00,5,J23103002937,2,3.29,0.0,3.29,0.0,0,brk,New
629,2023-09-07 00:00:00,5,N22103002334,2,1.42,0.0,1.42,0.0,0,brk,New
630,2023-09-07 00:00:00,5,F23103002634,2,3.19,0.0,3.19,0.0,0,brk,New
631,2023-09-07 00:00:00,5,J23103002921,2,5.3,0.0,5.3,0.0,0,brk,New
632,2023-09-07 00:00:00,5,F23103002628,2,20.53,0.0,20.53,0.0,0,brk,New
633,2023-09-07 00:00:00,5,I22103001993,2,1.69,0.0,1.69,0.0,0,brk,New
634,2023-09-07 00:00:00,5,F23103002601,2,3.49,0.0,3.49,0.0,0,brk,New
635,2023-09-07 00:00:00,5,J23103002930,2,4.55,0.0,4.55,0.0,0,brk,New
636,2023-09-07 00:00:00,5,J23103002948,2,1.73,0.0,1.73,0.0,0,brk,New
637,2023-09-07 00:00:00,5,F23103002577,2,2.02,0.0,2.02,0.0,0,brk,New
638,2023-09-07 00:00:00,5,N21103001618,2,3.95,0.0,3.95,0.0,0,brk,New
639,2023-09-07 00:00:00,5,I23103002904,2,0.89,0.0,0.89,0.0,0,brk,New
640,2023-09-07 00:00:00,5,H23103002708,2,16.71,0.0,16.71,0.0,0,brk,New
641,2023-09-19 00:00:00,5,N21103001641,2,22.46,0.0,22.46,0.0,0,brk,New
642,2023-09-19 00:00:00,5,H23103002702,2,9.11,0.0,9.11,0.0,0,brk,New
643,2023-09-19 00:00:00,5,P22103002480,2,5.12,0.0,5.12,0.0,0,brk,New
644,2023-09-19 00:00:00,5,I23103002893,2,0.86,0.0,0.86,0.0,0,brk,New
645,2023-10-31 00:00:00,5,G20103001089,2,2.5,0.0,2.5,0.0,0,brk,New
646,2023-10-31 00:00:00,5,H23103002720,2,18.91,0.0,18.91,0.0,0,brk,New
647,2023-10-31 00:00:00,5,H23103002735,2,3.57,0.0,3.57,0.0,0,brk,New
648,2023-10-31 00:00:00,5,N23103003010,2,15.79,0.0,15.79,0.0,0,brk,New
649,2023-10-31 00:00:00,5,N23103003008,2,14.82,0.0,14.82,0.0,0,brk,New
650,2023-10-31 00:00:00,5,M22103002253,2,3.51,0.0,3.51,0.0,0,brk,New
651,2023-11-08 00:00:00,5,N23103003020,2,3.05,0.0,3.05,0.0,0,brk,New
652,2023-11-08 00:00:00,5,M21103001578,2,3.85,0.0,3.85,0.0,0,brk,New
653,2023-11-08 00:00:00,5,H23103002746,2,4.94,0.0,4.94,0.0,0,brk,New
654,2023-11-08 00:00:00,5,N23103002991,2,2.56,0.0,2.56,0.0,0,brk,New
655,2023-11-08 00:00:00,5,H23103002819,2,5.21,0.0,5.21,0.0,0,brk,New
656,2023-11-16 00:00:00,5,O21103001806,2,2.03,0.0,2.03,0.0,0,brk,New
657,2023-11-16 00:00:00,5,N23103002990,2,3.51,0.0,3.51,0.0,0,brk,New
658,2023-11-18 00:00:00,5,O22103002377,2,9.45,0.0,9.45,0.0,0,reject,New
659,2023-11-18 00:00:00,5,N20103001250,2,17.88,0.0,17.88,0.0,0,brk,New
660,2023-11-18 00:00:00,5,H23103002787,2,2.09,0.0,2.09,0.0,0,brk,New
661,2023-11-20 00:00:00,5,N23103003005,2,5.76,0.0,5.76,0.0,0,brk,New
662,2023-11-20 00:00:00,5,H23103002793,2,2.08,0.0,2.08,0.0,0,brk,New
663,2023-11-20 00:00:00,5,I23103002896,2,0.99,0.0,0.99,0.0,0,brk,New
664,2023-11-20 00:00:00,5,O23103003093,2,8.66,0.0,8.66,0.0,0,brk,New
665,2023-11-20 00:00:00,5,J23103002953,2,0.72,0.0,0.72,0.0,0,brk,New
666,2023-11-24 00:00:00,5,O21103001743,2,7.11,0.0,7.11,0.0,0,rjct,New
667,2023-11-24 00:00:00,5,N23103002998,2,1.23,0.0,1.23,0.0,0,brk,New
668,2023-11-24 00:00:00,5,F23103002538,2,2.96,0.0,2.96,0.0,0,brk,New
669,2023-11-24 00:00:00,5,F20103000938,2,0.51,0.0,0.51,0.0,0,brk,New
670,2023-11-24 00:00:00,5,O23103003063,2,15.72,0.0,15.72,0.0,0,rejct,New
671,2023-11-24 00:00:00,5,O23103003091,2,4.2,0.0,4.2,0.0,0,rejct,New
672,2023-11-24 00:00:00,5,H21103001542,2,2.58,0.0,2.58,0.0,0,brk,New
673,2023-11-24 00:00:00,5,N22103002289,2,2.6,0.0,2.6,0.0,0,brk,New
674,2023-11-25 00:00:00,5,N23103003021,2,3.25,0.0,3.25,0.0,0,brk,New
675,2023-11-26 00:00:00,5,F22107000066,2,0.0,0.0,0.0,0.0,0,brk,New
676,2023-11-26 00:00:00,5,F22107000065,2,0.0,0.0,0.0,0.0,0,brk,New
677,2023-11-27 00:00:00,5,I23103002890,2,0.88,0.0,0.88,0.0,0,brk,New
678,2023-12-03 00:00:00,5,O22103002416,2,3.61,0.0,3.61,0.0,0,brk,New
679,2023-12-03 00:00:00,5,H23103002713,2,4.83,0.0,4.83,0.0,0,brk,New
680,2023-12-03 00:00:00,5,O23104001095,2,40.27,0.0,40.27,0.0,0,brk,New
681,2023-12-10 00:00:00,5,O23104001162,2,42.75,0.0,42.75,0.0,0,brk,New
682,2024-01-13 00:00:00,5,E24103003164,2,2.13,0.0,2.13,0.0,0,brk,New
683,2024-01-17 00:00:00,5,O23103003148,2,15.72,0.0,15.72,0.0,0,reject,New
684,2024-01-17 00:00:00,5,N23103003003,2,8.6,0.0,8.6,0.0,0,brk,New
685,2024-01-21 00:00:00,5,H23103002742,2,2.47,0.0,2.47,0.0,0,brk,New
686,2024-02-07 00:00:00,5,F23103002586,2,1.35,0.0,1.35,0.0,0,brk,New
687,2024-02-07 00:00:00,5,N23103003011,2,4.56,0.0,4.56,0.0,0,brk,New
688,2024-02-07 00:00:00,5,M22103002256,2,3.78,0.0,3.78,0.0,0,brk,New
689,2024-02-07 00:00:00,5,O23104001068,2,19.1,0.0,19.1,0.0,0,brk,New
690,2024-02-11 00:00:00,5,O23104001157,2,39.33,0.0,39.33,0.0,0,brk,New
691,2024-02-19 00:00:00,5,O23104001061,2,27.24,0.0,27.24,0.0,0,brk,New
692,2024-02-21 00:00:00,5,O23104001018,2,75.8,0.0,75.8,0.0,0,brk,New
693,2024-02-25 00:00:00,5,G20103001097,2,3.72,0.0,3.72,0.0,0,brk,New
694,2024-02-25 00:00:00,5,O23104001040,2,22.1,0.0,22.1,0.0,0,BRK,New
695,2024-03-01 00:00:00,5,E24103003178,2,5.16,0.0,5.16,0.0,0,brk,New
696,2024-03-01 00:00:00,5,J23103002914,2,5.8,0.0,5.8,0.0,0,brk,New
697,2024-03-01 00:00:00,5,O23104001135,2,17.38,0.0,17.38,0.0,0,brk,New
698,2024-03-02 00:00:00,5,K20103001158,2,8.93,0.0,8.93,0.0,0,brk,New
699,2024-03-02 00:00:00,5,F23103002587,2,3.07,0.0,3.07,0.0,0,brk,New
700,2024-03-03 00:00:00,5,G24103003234,2,4.94,0.0,4.94,0.0,0,brk,New
701,2024-03-04 00:00:00,5,F24104001346,2,27.8,0.0,27.8,0.0,0,brk,New
702,2024-03-04 00:00:00,5,N22103002314,2,2.46,0.0,2.46,0.0,0,brk,New
703,2024-03-04 00:00:00,5,F20103001028,2,2.51,0.0,2.51,0.0,0,brk,New
704,2024-03-04 00:00:00,5,O23104001057,2,28.19,0.0,28.19,0.0,0,brk,New
705,2024-03-17 00:00:00,5,O23104001028,2,34.1,0.0,34.1,0.0,0,brk,New
706,2024-03-24 00:00:00,5,O21103001777,2,1.1,0.0,1.1,0.0,0,brk,New
707,2024-03-24 00:00:00,5,O23104001029,2,36.2,0.0,36.2,0.0,0,brk,New
708,2024-04-07 00:00:00,6,I23103002895,2,0.85,0.0,0.85,0.0,0,brk,New
709,2024-04-13 00:00:00,6,O23104000995,2,23.0,0.0,23.0,0.0,0,BRK,New
710,2024-04-13 00:00:00,6,N23103003027,2,2.63,0.0,2.63,0.0,0,BRK,New
711,2024-04-29 00:00:00,6,O23104000991,2,23.1,0.0,23.1,0.0,0,brk,New
712,2024-04-29 00:00:00,6,O23104000978,2,38.6,0.0,38.6,0.0,0,brk,New
713,2024-04-29 00:00:00,6,O23104001122,2,15.65,0.0,15.65,0.0,0,brk,New
714,2024-04-29 00:00:00,6,O23104001117,2,16.22,0.0,16.22,0.0,0,brk,New
715,2024-04-29 00:00:00,6,O23104001121,2,16.86,0.0,16.86,0.0,0,brk,New
716,2024-04-29 00:00:00,6,G24103003270,2,0.68,0.0,0.68,0.0,0,brk,New
717,2024-04-29 00:00:00,6,H24103003307,2,9.57,0.0,9.57,0.0,0,brk,New
718,2024-04-29 00:00:00,6,H23103002717,2,29.9,0.0,29.9,0.0,0,brk,New
719,2024-05-09 00:00:00,6,H23103002718,2,20.64,0.0,20.64,0.0,0,brk,New
720,2024-05-09 00:00:00,6,O23104000998,2,26.6,0.0,26.6,0.0,0,brk,New
721,2024-05-09 00:00:00,6,O23104001058,2,44.8,0.0,44.8,0.0,0,brk,New
722,2024-05-10 00:00:00,6,F23103002535,2,3.54,0.0,3.54,0.0,0,brk,New
723,2024-05-10 00:00:00,6,N23103003013,2,3.73,0.0,3.73,0.0,0,brk,New
724,2024-05-11 00:00:00,6,O23104001037,2,19.2,0.0,19.2,0.0,0,brk,New
725,2024-05-11 00:00:00,6,O23104001062,2,23.87,0.0,23.87,0.0,0,brk,New
726,2024-05-15 00:00:00,6,E24103003168,2,10.44,0.0,10.44,0.0,0,BRK,New
727,2024-05-15 00:00:00,6,O22103002375,2,12.57,0.0,12.57,0.0,0,BRK,New
728,2024-05-15 00:00:00,6,N21103001686,2,1.27,0.0,1.27,0.0,0,BRK,New
729,2024-05-15 00:00:00,6,G24103003249,2,1.33,0.0,1.33,0.0,0,BRK,New
730,2024-05-15 00:00:00,6,H24103003285,2,1.43,0.0,1.43,0.0,0,BRK,New
731,2024-05-15 00:00:00,6,H24103003291,2,1.59,0.0,1.59,0.0,0,BRK,New
732,2024-05-15 00:00:00,6,I24103003383,2,3.24,0.0,3.24,0.0,0,BRK,New
733,2024-05-15 00:00:00,6,N21103001673,2,3.65,0.0,3.65,0.0,0,BRK,New
734,2024-05-15 00:00:00,6,F20103001031,2,4.86,0.0,4.86,0.0,0,BRK,New
735,2024-05-15 00:00:00,6,F20103001027,2,4.71,0.0,4.71,0.0,0,BRK,New
736,2024-05-15 00:00:00,6,F23103002592,2,4.35,0.0,4.35,0.0,0,BRK,New
737,2024-05-15 00:00:00,6,H24103003282,2,3.1,0.0,3.1,0.0,0,BRK,New
738,2024-05-15 00:00:00,6,E24103003184,2,3.84,0.0,3.84,0.0,0,BRK,New
739,2024-05-15 00:00:00,6,I24103003369,2,1.55,0.0,1.55,0.0,0,BRK,New
740,2024-05-15 00:00:00,6,E24103003205,2,2.5,0.0,2.5,0.0,0,BRK,New
741,2024-05-15 00:00:00,6,E24103003209,2,2.72,0.0,2.72,0.0,0,BRK,New
742,2024-05-15 00:00:00,6,E24103003185,2,3.64,0.0,3.64,0.0,0,BRK,New
743,2024-05-15 00:00:00,6,H23103002803,2,0.92,0.0,0.92,0.0,0,BRK,New
744,2024-05-15 00:00:00,6,O21103001771,2,2.45,0.0,2.45,0.0,0,BRK,New
745,2024-05-18 00:00:00,6,I19103000223,2,15.97,0.0,15.97,0.0,0,brk,New
746,2024-05-18 00:00:00,6,I19103000219,2,15.59,0.0,15.59,0.0,0,brk,New
747,2024-05-18 00:00:00,6,H23103002824,2,17.93,0.0,17.93,0.0,0,brk,New
748,2024-05-18 00:00:00,6,N19103000678,2,5.48,0.0,5.48,0.0,0,brk,New
749,2024-05-18 00:00:00,6,M22103002272,2,6.25,0.0,6.25,0.0,0,brk,New
750,2024-05-21 00:00:00,6,N21103001680,2,3.44,0.0,3.44,0.0,0,brk,New
751,2024-05-21 00:00:00,6,I24103003336,2,3.15,0.0,3.15,0.0,0,brk,New
752,2024-05-24 00:00:00,6,O23104001119,2,26.87,0.0,26.87,0.0,0,brk,New
753,2024-05-24 00:00:00,6,N23103003014,2,3.63,0.0,3.63,0.0,0,brk,New
754,2024-05-24 00:00:00,6,H23103002784,2,5.31,0.0,5.31,0.0,0,brk,New
755,2024-05-24 00:00:00,6,I22103002063,2,3.05,0.0,3.05,0.0,0,brk,New
756,2024-05-24 00:00:00,6,J22103002139,2,19.08,0.0,19.08,0.0,0,brk,New
757,2024-05-29 00:00:00,6,P22107000251,2,0.0,0.0,0.0,0.0,0,brk,New
758,2024-06-08 00:00:00,6,F20103000902,2,5.38,0.0,5.38,0.0,0,brk,New
759,2024-06-08 00:00:00,6,O23103003120,2,1.08,0.0,1.08,0.0,0,brk,New
760,2024-06-21 00:00:00,6,O23104001060,2,19.92,0.0,19.92,0.0,0,brk,New
761,2024-06-22 00:00:00,6,O22103002415,2,2.41,0.0,2.41,0.0,0,brk,New
762,2024-07-06 00:00:00,6,N23103003045,2,2.6,0.0,2.6,0.0,0,brk,New
763,2024-07-06 00:00:00,6,O23104000996,2,27.5,0.0,27.5,0.0,0,brk,New
764,2024-07-06 00:00:00,6,O23104001125,2,15.65,0.0,15.65,0.0,0,brk,New
765,2024-07-08 00:00:00,6,E24103003206,2,2.83,0.0,2.83,0.0,0,bini,New
766,2024-07-12 00:00:00,6,J24103003431,2,6.65,0.0,6.65,0.0,0,brk,New
767,2024-07-12 00:00:00,6,N23103003016,2,2.01,0.0,2.01,0.0,0,brk,New
768,2024-07-20 00:00:00,6,J24103003428,2,1.63,0.0,1.63,0.0,0,brk,New
769,2024-07-20 00:00:00,6,O23104001174,2,10.75,0.0,10.75,0.0,0,brk,New
770,2024-07-20 00:00:00,6,I24103003356,2,1.76,0.0,1.76,0.0,0,brk,New
771,2024-07-20 00:00:00,6,O23104001161,2,44.76,0.0,44.76,0.0,0,brk,New
772,2024-07-20 00:00:00,6,I24103003331,2,3.09,0.0,3.09,0.0,0,brk,New
773,2024-07-20 00:00:00,6,K24103003461,2,1.49,0.0,1.49,0.0,0,brk,New
774,2024-07-29 00:00:00,6,I24103003390,2,11.95,0.0,11.95,0.0,0,brk,New
775,2024-07-29 00:00:00,6,O23104001116,2,16.15,0.0,16.15,0.0,0,brk,New
776,2024-07-29 00:00:00,6,O23104001114,2,15.77,0.0,15.77,0.0,0,brk,New
777,2024-07-29 00:00:00,6,E24103003180,2,5.01,0.0,5.01,0.0,0,brk,New
778,2024-07-29 00:00:00,6,K24103003449,2,0.75,0.0,0.75,0.0,0,brk,New
779,2024-07-29 00:00:00,6,N22103002333,2,1.25,0.0,1.25,0.0,0,brk,New
780,2024-07-29 00:00:00,6,F20103000996,2,6.5,0.0,6.5,0.0,0,brk,New
781,2024-08-03 00:00:00,6,E24103003162,2,8.1,0.0,8.1,0.0,0,brk,New
782,2024-08-03 00:00:00,6,J24103003418,2,1.72,0.0,1.72,0.0,0,brk,New
783,2024-09-07 00:00:00,6,H24103003314,2,23.23,0.0,23.23,0.0,0,yes,New
784,2024-09-07 00:00:00,6,K24103003468,2,4.02,0.0,4.02,0.0,0,brk,New
785,2024-09-07 00:00:00,6,I24103003368,2,3.19,0.0,3.19,0.0,0,brk,New
786,2024-09-07 00:00:00,6,O23104001112,2,18.1,0.0,18.1,0.0,0,brk,New
787,2024-09-07 00:00:00,6,N23103003004,2,9.9,0.0,9.9,0.0,0,brk,New
788,2024-09-07 00:00:00,6,F23103002653,2,4.21,0.0,4.21,0.0,0,brk,New
789,2024-09-07 00:00:00,6,F23103002639,2,2.68,0.0,2.68,0.0,0,brk,New
790,2024-09-07 00:00:00,6,L24103003507,2,1.11,0.0,1.11,0.0,0,brk,New
791,2024-09-07 00:00:00,6,O20103001305,2,5.38,0.0,5.38,0.0,0,brk,New
792,2024-09-07 00:00:00,6,O23104001118,2,17.67,0.0,17.67,0.0,0,brk,New
793,2024-09-07 00:00:00,6,H24103003292,2,1.43,0.0,1.43,0.0,0,brk,New
794,2024-09-07 00:00:00,6,N23103002987,2,4.23,0.0,4.23,0.0,0,brk,New
795,2024-09-07 00:00:00,6,I23103002899,2,1.05,0.0,1.05,0.0,0,brk,New
796,2024-09-07 00:00:00,6,O23103003085,2,3.07,0.0,3.07,0.0,0,brk,New
797,2024-09-20 00:00:00,6,O23104001173,2,10.73,0.0,10.73,0.0,0,BRK,New
1797,2024-09-27 00:00:00,6,I24103003360,2,1.84,0.0,1.84,0.0,0,brk,New
1798,2024-09-27 00:00:00,6,L24103003497,2,1.59,0.0,1.59,0.0,0,brk,New
1799,2024-09-27 00:00:00,6,K20103001144,2,1.92,0.0,1.92,0.0,0,brk,New
2797,2024-10-02 00:00:00,6,O23104001232,2,99.03,0.0,99.03,0.0,0,brk,New
3797,2024-10-08 00:00:00,6,L24103003509,2,1.64,0.0,1.64,0.0,0,brk,New
3798,2024-10-08 00:00:00,6,I24103003348,2,3.93,0.0,3.93,0.0,0,brk,New
3799,2024-10-10 00:00:00,6,N19103000653,2,27.23,0.0,27.23,0.0,0,BRK,New
3800,2024-10-28 00:00:00,6,N24103003620,2,2.5,0.0,2.5,0.0,0,brk,New
3801,2024-10-29 00:00:00,6,N23103003006,2,6.02,0.0,6.02,0.0,0,brk,New
3802,2024-11-05 00:00:00,6,H23103002726,2,22.04,0.0,22.04,0.0,0,brk,New
3803,2024-11-05 00:00:00,6,O23104001177,2,10.16,0.0,10.16,0.0,0,brk,New
3804,2024-11-05 00:00:00,6,O23104001120,2,22.89,0.0,22.89,0.0,0,brk,New
3805,2024-11-05 00:00:00,6,L24103003493,2,2.14,0.0,2.14,0.0,0,brk,New
3806,2024-11-05 00:00:00,6,N24103003576,2,1.14,0.0,1.14,0.0,0,brk,New
3807,2024-11-05 00:00:00,6,N24103003674,2,3.45,0.0,3.45,0.0,0,brk,New
3808,2024-11-05 00:00:00,6,H23103002750,2,3.13,0.0,3.13,0.0,0,brk,New
3809,2024-11-05 00:00:00,6,N24103003566,2,4.3,0.0,4.3,0.0,0,brk,New
3810,2024-11-05 00:00:00,6,H23103002798,2,1.1,0.0,1.1,0.0,0,brk,New
3811,2024-11-05 00:00:00,6,O23104001213,2,12.67,0.0,12.67,0.0,0,brk,New
3812,2024-11-05 00:00:00,6,L24103003492,2,2.77,0.0,2.77,0.0,0,brk,New
3813,2024-11-05 00:00:00,6,L24103003488,2,2.9,0.0,2.9,0.0,0,brk,New
3814,2024-11-05 00:00:00,6,N23103003015,2,1.58,0.0,1.58,0.0,0,brk,New
3815,2024-11-05 00:00:00,6,O24103003691,2,3.0,0.0,3.0,0.0,0,brk,New
3816,2024-11-06 00:00:00,6,H24103003288,2,2.46,0.0,2.46,0.0,0,brk,New
3817,2024-11-06 00:00:00,6,J23103002951,2,0.76,0.0,0.76,0.0,0,brk,New
3818,2024-11-06 00:00:00,6,N24103003569,2,2.98,0.0,2.98,0.0,0,brk,New
3819,2024-11-06 00:00:00,6,K24103003469,2,1.12,0.0,1.12,0.0,0,brk,New
4800,2024-11-10 00:00:00,6,P22103002472,2,7.95,0.0,7.95,0.0,0,brk,New
4801,2024-11-17 00:00:00,6,O23104001070,2,29.91,0.0,29.91,0.0,0,brk,New
4802,2024-11-18 00:00:00,6,E24103003160,2,4.14,0.0,4.14,0.0,0,tali chng,New
4803,2024-11-18 00:00:00,6,N24103003645,2,2.54,0.0,2.54,0.0,0,hallmark testing,New
4804,2024-11-18 00:00:00,6,O23104001054,2,30.67,0.0,30.67,0.0,0,brk,New
5801,2024-11-25 00:00:00,6,N24103003613,2,1.8,0.0,1.8,0.0,0,brk,New
5802,2024-11-25 00:00:00,6,N24103003562,2,18.25,0.0,18.25,0.0,0,brk,New
5803,2024-11-25 00:00:00,6,F23103002609,2,4.03,0.0,4.03,0.0,0,brk,New
5804,2024-11-25 00:00:00,6,N24103003591,2,15.43,0.0,15.43,0.0,0,brk,New
5805,2024-11-25 00:00:00,6,N24103003596,2,10.56,0.0,10.56,0.0,0,brk,New
6801,2024-11-29 00:00:00,6,O21103001805,2,5.07,0.0,5.07,0.0,0,brk,New
7801,2024-12-12 00:00:00,6,L24103003510,2,1.45,0.0,1.45,0.0,0,brk,New
7802,2024-12-12 00:00:00,6,L24103003494,2,1.25,0.0,1.25,0.0,0,brk,New
7803,2024-12-12 00:00:00,6,J24103003424,2,1.96,0.0,1.96,0.0,0,brk,New
7804,2024-12-12 00:00:00,6,K24103003441,2,2.68,0.0,2.68,0.0,0,brk,New
7805,2024-12-12 00:00:00,6,H23103002685,2,3.57,0.0,3.57,0.0,0,brk,New
7806,2024-12-12 00:00:00,6,H23103002689,2,4.02,0.0,4.02,0.0,0,brk,New
7807,2024-12-12 00:00:00,6,L24103003504,2,2.36,0.0,2.36,0.0,0,brk,New
7808,2024-12-12 00:00:00,6,H23103002682,2,4.27,0.0,4.27,0.0,0,brk,New
7809,2024-12-12 00:00:00,6,I24103003374,2,1.12,0.0,1.12,0.0,0,brk,New
7810,2024-12-12 00:00:00,6,I24103003373,2,1.63,0.0,1.63,0.0,0,brk,New
7811,2024-12-12 00:00:00,6,J24103003420,2,1.77,0.0,1.77,0.0,0,brk,New
7812,2024-12-12 00:00:00,6,J24103003422,2,2.05,0.0,2.05,0.0,0,brk,New
7813,2024-12-12 00:00:00,6,J24103003414,2,2.07,0.0,2.07,0.0,0,brk,New
7814,2024-12-12 00:00:00,6,H24103003317,2,5.57,0.0,5.57,0.0,0,brk,New
7815,2024-12-12 00:00:00,6,H24103003316,2,10.51,0.0,10.51,0.0,0,brk,New
7816,2024-12-12 00:00:00,6,G24103003260,2,2.16,0.0,2.16,0.0,0,brk,New
7817,2024-12-12 00:00:00,6,I24103003340,2,2.72,0.0,2.72,0.0,0,bnh,New
7818,2024-12-12 00:00:00,6,I24103003398,2,3.65,0.0,3.65,0.0,0,mbn,New
7819,2024-12-12 00:00:00,6,N24103003564,2,3.88,0.0,3.88,0.0,0,brk,New
7820,2024-12-12 00:00:00,6,O20103001341,2,22.17,0.0,22.17,0.0,0,brk,New
7821,2024-12-12 00:00:00,6,E24103003214,2,4.26,0.0,4.26,0.0,0,khjg,New
7822,2024-12-12 00:00:00,6,O23103003117,2,2.5,0.0,2.5,0.0,0,brk,New
7823,2024-12-12 00:00:00,6,I22103001946,2,3.78,0.0,3.78,0.0,0,fg,New
7824,2024-12-12 00:00:00,6,K24103003456,2,0.7,0.0,0.7,0.0,0,gf,New
7825,2024-12-12 00:00:00,6,K24103003455,2,0.8,0.0,0.8,0.0,0,brk,New
7826,2024-12-12 00:00:00,6,K24103003445,2,3.95,0.0,3.95,0.0,0,brk,New
7827,2024-12-12 00:00:00,6,N24103003608,2,1.61,0.0,1.61,0.0,0,brk,New
7828,2024-12-12 00:00:00,6,I24103003399,2,4.71,0.0,4.71,0.0,0,brk,New
7829,2024-12-12 00:00:00,6,I24103003400,2,4.86,0.0,4.86,0.0,0,brk,New
7830,2024-12-12 00:00:00,6,I24103003403,2,4.71,0.0,4.71,0.0,0,brk,New
7831,2024-12-21 00:00:00,6,I23103002882,2,1.52,0.0,1.52,0.0,0,brk,New
8801,2025-01-13 00:00:00,6,O23104001123,2,23.33,0.0,23.33,0.0,0,brk,New
8802,2025-01-13 00:00:00,6,O21103001802,2,3.67,0.0,3.67,0.0,0,brk,New
8803,2025-01-13 00:00:00,6,N24103003605,2,2.5,0.0,2.5,0.0,0,brk,New
8804,2025-01-13 00:00:00,6,N24103003662,2,1.83,0.0,1.83,0.0,0,brk,New
8805,2025-01-13 00:00:00,6,O23104001080,2,25.97,0.0,25.97,0.0,0,brk,New
8806,2025-01-13 00:00:00,6,O22103002433,2,3.6,0.0,3.6,0.0,0,brk,New
8807,2025-01-13 00:00:00,6,L24103003535,2,26.71,0.0,26.71,0.0,0,brk,New
8808,2025-01-13 00:00:00,6,N24103003650,2,2.71,0.0,2.71,0.0,0,brk,New
8809,2025-01-13 00:00:00,6,N24103003666,2,8.05,0.0,8.05,0.0,0,brk,New
9801,2025-01-22 00:00:00,6,O23104001001,2,32.4,0.0,32.4,0.0,0,brk,New
9802,2025-02-02 00:00:00,6,I22103002020,2,11.67,0.0,11.67,0.0,0,brk,New
9803,2025-02-02 00:00:00,6,N24103003619,2,2.84,0.0,2.84,0.0,0,brk,New
9804,2025-02-02 00:00:00,6,E25103003792,2,1.87,0.0,1.87,0.0,0,snt,New
9805,2025-02-02 00:00:00,6,P22103002465,2,1.25,0.0,1.25,0.0,0,brk,New
10801,2025-02-08 00:00:00,6,O23104001182,2,5.89,0.0,5.89,0.0,0,brk,New
10802,2025-02-22 00:00:00,6,F25103003811,2,0.99,0.0,0.99,0.0,0,brk,New
10803,2025-02-22 00:00:00,6,K24103003473,2,0.82,0.0,0.82,0.0,0,brk,New
10804,2025-02-22 00:00:00,6,L24103003522,2,1.55,0.0,1.55,0.0,0,brk,New
10805,2025-02-22 00:00:00,6,O23104001096,2,202.87,0.0,202.87,0.0,0,brk,New
10806,2025-02-24 00:00:00,6,O23104001005,2,53.1,0.0,53.1,0.0,0,brk,New
11802,2025-03-27 00:00:00,6,M21103001581,2,6.06,0.0,6.06,0.0,0,brk,New
11803,2025-03-27 00:00:00,6,I22103002070,2,14.58,0.0,14.58,0.0,0,brk,New
11804,2025-03-27 00:00:00,6,H19103000122,2,15.74,0.0,15.74,0.0,0,brk,New
11805,2025-03-27 00:00:00,6,J19103000285,2,6.11,0.0,6.11,0.0,0,brk,New
12802,2025-03-28 00:00:00,6,K24103003466,2,12.66,0.0,12.66,0.0,0,brk,New
12803,2025-03-28 00:00:00,6,G25103003925,2,2.99,0.0,2.99,0.0,0,brk,New
12804,2025-03-28 00:00:00,6,J22103002141,2,9.68,0.0,9.68,0.0,0,brk,New
12805,2025-03-28 00:00:00,6,G25103003924,2,3.33,0.0,3.33,0.0,0,brk,New
12806,2025-03-28 00:00:00,6,F25103003830,2,1.8,0.0,1.8,0.0,0,brk,New
12807,2025-03-28 00:00:00,6,N24103003593,2,10.65,0.0,10.65,0.0,0,brk,New
12808,2025-03-28 00:00:00,6,L24103003533,2,19.2,0.0,19.2,0.0,0,brk,New
12809,2025-03-28 00:00:00,6,O24103003696,2,8.55,0.0,8.55,0.0,0,brk,New
12810,2025-03-28 00:00:00,6,O22103002371,2,24.32,0.0,24.32,0.0,0,brk,New
12811,2025-03-28 00:00:00,6,F25103003834,2,1.9,0.0,1.9,0.0,0,brk,New
12812,2025-03-28 00:00:00,6,P24103003737,2,4.23,0.0,4.23,0.0,0,brk,New
12813,2025-03-28 00:00:00,6,G25103003912,2,4.21,0.0,4.21,0.0,0,brk,New
12814,2025-03-28 00:00:00,6,I23103002872,2,5.79,0.0,5.79,0.0,0,brk,New
12815,2025-03-28 00:00:00,6,P22103002471,2,26.12,0.0,26.12,0.0,0,brk,New
12816,2025-03-28 00:00:00,6,G25103003933,2,1.62,0.0,1.62,0.0,0,brk,New
12817,2025-03-28 00:00:00,6,I23103002873,2,4.45,0.0,4.45,0.0,0,brk,New
12818,2025-03-28 00:00:00,6,I23103002875,2,4.16,0.0,4.16,0.0,0,brk,New
12819,2025-03-28 00:00:00,6,F25103003820,2,14.3,0.0,14.3,0.0,0,brk,New
12820,2025-03-28 00:00:00,6,G25103003914,2,7.33,0.0,7.33,0.0,0,brk,New
12821,2025-03-28 00:00:00,6,F23103002602,2,6.24,0.0,6.24,0.0,0,brk,New
12822,2025-03-28 00:00:00,6,E25103003787,2,2.33,0.0,2.33,0.0,0,brk,New
12823,2025-03-28 00:00:00,6,F25103003891,2,12.82,0.0,12.82,0.0,0,brk,New
12824,2025-03-28 00:00:00,6,I24103003342,2,6.2,0.0,6.2,0.0,0,brk,New
12825,2025-03-28 00:00:00,6,H23103002704,2,12.83,0.0,12.83,0.0,0,brk,New
12826,2025-03-28 00:00:00,6,G25103003911,2,3.66,0.0,3.66,0.0,0,brk,New
12827,2025-03-28 00:00:00,6,F25103003801,2,6.95,0.0,6.95,0.0,0,brk,New
12828,2025-03-28 00:00:00,6,N21103001704,2,25.96,0.0,25.96,0.0,0,brk,New
12829,2025-03-28 00:00:00,6,N21103001705,2,25.22,0.0,25.22,0.0,0,brk,New
13802,2025-03-30 00:00:00,6,H23103002683,2,4.57,0.0,4.57,0.0,0,BRK,New
13803,2025-03-30 00:00:00,6,E24103003159,2,5.83,0.0,5.83,0.0,0,n,New
13804,2025-03-30 00:00:00,6,P24103003735,2,9.71,0.0,9.71,0.0,0,brk,New
13805,2025-03-30 00:00:00,6,F25103003894,2,12.21,0.0,12.21,0.0,0,brk,New
13806,2025-03-30 00:00:00,6,F25103003839,2,2.33,0.0,2.33,0.0,0,brk,New
13807,2025-03-30 00:00:00,6,O23103003132,2,15.61,0.0,15.61,0.0,0,brk,New
13808,2025-03-30 00:00:00,6,P24103003739,2,2.08,0.0,2.08,0.0,0,brk,New
13809,2025-03-30 00:00:00,6,N24103003609,2,2.57,0.0,2.57,0.0,0,brk,New
13810,2025-03-30 00:00:00,6,E25103003791,2,1.8,0.0,1.8,0.0,0,brk,New
13811,2025-03-30 00:00:00,6,P24103003747,2,9.98,0.0,9.98,0.0,0,brk,New
13812,2025-03-30 00:00:00,6,F25103003896,2,5.06,0.0,5.06,0.0,0,brk,New
13813,2025-03-30 00:00:00,6,N24103003602,2,1.58,0.0,1.58,0.0,0,brk,New
13814,2025-03-30 00:00:00,6,P22107000167,2,0.0,0.0,0.0,0.0,0,brk,New
13815,2025-03-30 00:00:00,6,P22107000155,2,0.0,0.0,0.0,0.0,0,brk,New
13816,2025-03-30 00:00:00,6,P22107000278,2,0.0,0.0,0.0,0.0,0,brk,New
13817,2025-03-30 00:00:00,6,O21103001817,2,1.58,0.0,1.58,0.0,0,brk,New
13818,2025-03-30 00:00:00,6,O21103001784,2,1.44,0.0,1.44,0.0,0,brk,New
13819,2025-03-30 00:00:00,6,G24103003265,2,1.04,0.0,1.04,0.0,0,brk,New
13820,2025-04-01 00:00:00,6,G24103003272,2,1.18,0.0,1.18,0.0,0,brk,New
13821,2025-04-01 00:00:00,6,L24103003517,2,1.5,0.0,1.5,0.0,0,bt,New
13822,2025-04-01 00:00:00,6,L24103003520,2,1.44,0.0,1.44,0.0,0,brk,New
13823,2025-04-01 00:00:00,6,N24103003561,2,4.76,0.0,4.76,0.0,0,brk,New
13824,2025-04-01 00:00:00,6,H24103003306,2,8.18,0.0,8.18,0.0,0,brk,New
13825,2025-04-01 00:00:00,6,E25103003788,2,2.69,0.0,2.69,0.0,0,brk,New
13826,2025-04-01 00:00:00,6,F25103003808,2,0.92,0.0,0.92,0.0,0,brk,New
13827,2025-04-11 00:00:00,7,O24103003705,2,4.59,0.0,4.59,0.0,0,brk,New
13828,2025-04-11 00:00:00,7,N24103003611,2,2.16,0.0,2.16,0.0,0,brk,New
13829,2025-04-11 00:00:00,7,L24103003516,2,1.43,0.0,1.43,0.0,0,brk,New
13830,2025-04-13 00:00:00,7,K24103003460,2,6.31,0.0,6.31,0.0,0,brk,New
13831,2025-04-13 00:00:00,7,F25103003805,2,2.02,0.0,2.02,0.0,0,brk,New
13832,2025-04-13 00:00:00,7,N24103003640,2,1.92,0.0,1.92,0.0,0,brk,New
13833,2025-04-13 00:00:00,7,F25103003895,2,12.88,0.0,12.88,0.0,0,brk,New
13834,2025-04-13 00:00:00,7,L24103003531,2,22.75,0.0,22.75,0.0,0,brk,New
13835,2025-04-13 00:00:00,7,E25103003771,2,1.65,0.0,1.65,0.0,0,brj,New
13836,2025-04-13 00:00:00,7,P24103003733,2,1.83,0.0,1.83,0.0,0,brk,New
13837,2025-04-13 00:00:00,7,I24103003335,2,2.83,0.0,2.83,0.0,0,brk,New
13838,2025-04-13 00:00:00,7,N24103003673,2,3.89,0.0,3.89,0.0,0,brk,New
13839,2025-04-13 00:00:00,7,F25103003802,2,4.59,0.0,4.59,0.0,0,brk,New
13840,2025-04-13 00:00:00,7,H23103002777,2,8.21,0.0,8.21,0.0,0,brk,New
13841,2025-04-13 00:00:00,7,N24103003626,2,13.17,0.0,13.17,0.0,0,brk,New
13842,2025-04-13 00:00:00,7,N22103002330,2,1.23,0.0,1.23,0.0,0,brk,New
13843,2025-04-13 00:00:00,7,F23103002572,2,3.62,0.0,3.62,0.0,0,brk,New
13844,2025-04-13 00:00:00,7,J24103003423,2,1.77,0.0,1.77,0.0,0,brk,New
13845,2025-04-13 00:00:00,7,N24103003646,2,2.48,0.0,2.48,0.0,0,brk,New
13846,2025-04-13 00:00:00,7,E24103003212,2,2.54,0.0,2.54,0.0,0,brk,New
13847,2025-04-13 00:00:00,7,E25103003762,2,2.68,0.0,2.68,0.0,0,brk,New
13848,2025-04-13 00:00:00,7,H19103000058,2,5.98,0.0,5.98,0.0,0,brk,New
13849,2025-04-13 00:00:00,7,P24103003742,2,1.06,0.0,1.06,0.0,0,brk,New
13850,2025-04-13 00:00:00,7,I24103003377,2,1.54,0.0,1.54,0.0,0,b,New
13851,2025-04-13 00:00:00,7,I24103003391,2,1.51,0.0,1.51,0.0,0,b,New
13852,2025-04-13 00:00:00,7,H24103003293,2,1.88,0.0,1.88,0.0,0,brk,New
13853,2025-04-13 00:00:00,7,O23103003066,2,5.02,0.0,5.02,0.0,0,brk,New
13854,2025-04-13 00:00:00,7,K24103003442,2,2.68,0.0,2.68,0.0,0,brk,New
13855,2025-04-13 00:00:00,7,E25103003780,2,3.25,0.0,3.25,0.0,0,brk,New
13856,2025-04-13 00:00:00,7,O24103003707,2,1.32,0.0,1.32,0.0,0,br,New
14827,2025-04-21 00:00:00,7,O23104000987,2,35.2,0.0,35.2,0.0,0,brj,New
15827,2025-04-24 00:00:00,7,N24103003550,2,17.25,0.0,17.25,0.0,0,brk,New
15828,2025-04-24 00:00:00,7,O23104001108,2,112.51,0.0,112.51,0.0,0,brk,New
15829,2025-04-24 00:00:00,7,N24103003549,2,18.07,0.0,18.07,0.0,0,brk,New
15830,2025-04-24 00:00:00,7,O23104001089,2,42.75,0.0,42.75,0.0,0,brk,New
15831,2025-04-24 00:00:00,7,H25103003987,2,29.17,0.0,29.17,0.0,0,brk,New
16827,2025-05-07 00:00:00,7,N24103003643,2,10.49,0.0,10.49,0.0,0,brk,New
16828,2025-05-07 00:00:00,7,H25103003958,2,3.73,0.0,3.73,0.0,0,br,New
16829,2025-05-07 00:00:00,7,G25103003923,2,3.6,0.0,3.6,0.0,0,brk,New
16830,2025-05-07 00:00:00,7,F25103003881,2,1.11,0.0,1.11,0.0,0,brk,New
16831,2025-05-07 00:00:00,7,F25103003876,2,1.44,0.0,1.44,0.0,0,brk,New
16832,2025-05-07 00:00:00,7,N24103003635,2,3.08,0.0,3.08,0.0,0,brk,New
16833,2025-05-07 00:00:00,7,H25103004018,2,7.0,0.0,7.0,0.0,0,brk,New
16834,2025-05-07 00:00:00,7,H25103004022,2,10.15,0.0,10.15,0.0,0,brk,New
16835,2025-05-07 00:00:00,7,H25103004003,2,14.53,0.0,14.53,0.0,0,brk,New
16836,2025-05-07 00:00:00,7,F25103003856,2,1.24,0.0,1.24,0.0,0,brk,New
16837,2025-05-07 00:00:00,7,H25103004009,2,1.57,0.0,1.57,0.0,0,brk,New
16838,2025-05-07 00:00:00,7,E25103003769,2,0.99,0.0,0.99,0.0,0,brk,New
16839,2025-05-07 00:00:00,7,K24103003457,2,0.7,0.0,0.7,0.0,0,brk,New
16840,2025-05-07 00:00:00,7,H25103003971,2,4.13,0.0,4.13,0.0,0,brk,New
16841,2025-05-07 00:00:00,7,F25103003888,2,1.46,0.0,1.46,0.0,0,brk,New
16842,2025-05-07 00:00:00,7,L24103003496,2,1.61,0.0,1.61,0.0,0,brk,New
16843,2025-05-07 00:00:00,7,F25103003899,2,2.05,0.0,2.05,0.0,0,brk,New
17827,2025-05-11 00:00:00,7,I25103004097,2,6.38,0.0,6.38,0.0,0,brk,New
17828,2025-05-11 00:00:00,7,H25103004023,2,27.99,0.0,27.99,0.0,0,brk,New
18827,2025-05-15 00:00:00,7,F25103003866,2,1.29,0.0,1.29,0.0,0,brk,New
19827,2025-05-20 00:00:00,7,J22103002135,2,4.13,0.0,4.13,0.0,0,brk,New
19828,2025-05-20 00:00:00,7,O21103001788,2,8.14,0.0,8.14,0.0,0,brk,New
19829,2025-05-20 00:00:00,7,J19103000487,2,17.12,0.0,17.12,0.0,0,brk,New
19830,2025-05-20 00:00:00,7,J19103000331,2,4.01,0.0,4.01,0.0,0,brk,New
19831,2025-05-20 00:00:00,7,J23103002968,2,1.44,0.0,1.44,0.0,0,brk,New
19832,2025-05-20 00:00:00,7,O21103001859,2,12.3,0.0,12.3,0.0,0,BRK,New
19833,2025-05-20 00:00:00,7,F25103003813,2,2.74,0.0,2.74,0.0,0,BRK,New
19834,2025-05-20 00:00:00,7,N24103003655,2,3.56,0.0,3.56,0.0,0,BRK,New
19835,2025-05-29 00:00:00,7,O23103003088,2,4.68,0.0,4.68,0.0,0,brk,New
19836,2025-05-29 00:00:00,7,G25103003921,2,2.85,0.0,2.85,0.0,0,brk,New
20835,2025-06-26 00:00:00,7,G25103003918,2,18.93,0.0,18.93,0.0,0,brk,New
20836,2025-06-26 00:00:00,7,O24103003708,2,1.64,0.0,1.64,0.0,0,brk,New
20837,2025-06-26 00:00:00,7,N24103003565,2,3.67,0.0,3.67,0.0,0,brk,New
20838,2025-06-26 00:00:00,7,H23103002714,2,24.16,0.0,24.16,0.0,0,brk,New
20839,2025-06-26 00:00:00,7,H25103004037,2,0.89,0.0,0.89,0.0,0,brk,New
20840,2025-06-26 00:00:00,7,N24103003680,2,3.49,0.0,3.49,0.0,0,brk,New
20841,2025-06-26 00:00:00,7,N24103003630,2,3.24,0.0,3.24,0.0,0,brk,New
20842,2025-06-26 00:00:00,7,G25103003902,2,1.65,0.0,1.65,0.0,0,brk,New
20843,2025-06-26 00:00:00,7,F23103002555,2,2.99,0.0,2.99,0.0,0,brk,New
20844,2025-06-26 00:00:00,7,N23103002995,2,3.39,0.0,3.39,0.0,0,brk,New
21835,2025-06-26 00:00:00,7,F25103003800,2,5.47,0.0,5.47,0.0,0,brk,New
21836,2025-06-26 00:00:00,7,E25103003765,2,1.19,0.0,1.19,0.0,0,brk,New
21837,2025-06-26 00:00:00,7,G25103003927,2,1.56,0.0,1.56,0.0,0,brk,New
21838,2025-06-26 00:00:00,7,E25103003764,2,1.74,0.0,1.74,0.0,0,brk,New
21839,2025-06-26 00:00:00,7,P24103003744,2,1.36,0.0,1.36,0.0,0,brk,New
21840,2025-06-26 00:00:00,7,O22103002417,2,2.07,0.0,2.07,0.0,0,brk,New
21841,2025-06-26 00:00:00,7,J25103004158,2,2.82,0.0,2.82,0.0,0,RONG,New
22835,2025-07-15 00:00:00,7,O21103001791,2,1.35,0.0,1.35,0.0,0,brk,New
22836,2025-07-15 00:00:00,7,O21103001823,2,1.92,0.0,1.92,0.0,0,brk,New
22837,2025-07-15 00:00:00,7,J22103002215,2,1.2,0.0,1.2,0.0,0,brk,New
22838,2025-07-15 00:00:00,7,I23103002900,2,1.13,0.0,1.13,0.0,0,brk,New
23835,2025-07-15 00:00:00,7,O21103001767,2,1.89,0.0,1.89,0.0,0,brk,New
23836,2025-07-15 00:00:00,7,L24103003508,2,1.1,0.0,1.1,0.0,0,brk,New
23837,2025-07-15 00:00:00,7,I23103002889,2,0.63,0.0,0.63,0.0,0,brk,New
23838,2025-07-15 00:00:00,7,K25103004173,2,1.51,0.0,1.51,0.0,0,brk,New
24835,2025-07-18 00:00:00,7,I25103004106,2,2.92,0.0,2.92,0.0,0,brk,New
24836,2025-07-18 00:00:00,7,I25103004110,2,1.58,0.0,1.58,0.0,0,brk,New
24837,2025-07-18 00:00:00,7,I25103004113,2,1.99,0.0,1.99,0.0,0,brk,New
25835,2025-07-23 00:00:00,7,E24103003181,2,4.23,0.0,4.23,0.0,0,brk,New
26835,2025-08-12 00:00:00,7,L25103004200,2,2.76,0.0,2.76,0.0,0,BRK,New
26836,2025-08-12 00:00:00,7,L25103004201,2,2.54,0.0,2.54,0.0,0,BRK,New
26837,2025-08-12 00:00:00,7,L25103004204,2,3.2,0.0,3.2,0.0,0,BRK,New
26838,2025-08-12 00:00:00,7,L25103004205,2,2.46,0.0,2.46,0.0,0,BRK,New
26839,2025-08-12 00:00:00,7,L25103004206,2,1.85,0.0,1.85,0.0,0,BRK,New
26840,2025-08-12 00:00:00,7,L25103004207,2,3.42,0.0,3.42,0.0,0,BRK,New
26841,2025-08-12 00:00:00,7,L25103004208,2,2.45,0.0,2.45,0.0,0,BRK,New
26842,2025-08-12 00:00:00,7,L25103004209,2,4.67,0.0,4.67,0.0,0,BRK,New
26843,2025-08-12 00:00:00,7,L25103004210,2,4.79,0.0,4.79,0.0,0,BRK,New
26844,2025-08-12 00:00:00,7,L25103004211,2,2.3,0.0,2.3,0.0,0,BRK,New
26845,2025-08-12 00:00:00,7,L25103004196,2,2.26,0.0,2.26,0.0,0,BRK,New
26846,2025-08-12 00:00:00,7,L25103004195,2,3.9,0.0,3.9,0.0,0,BRK,New
26847,2025-08-12 00:00:00,7,L25103004197,2,2.78,0.0,2.78,0.0,0,BRK,New
26848,2025-08-12 00:00:00,7,L25103004199,2,2.06,0.0,2.06,0.0,0,BRK,New
26849,2025-08-12 00:00:00,7,L25103004202,2,4.6,0.0,4.6,0.0,0,BRK,New
26850,2025-08-12 00:00:00,7,L25103004193,2,2.45,0.0,2.45,0.0,0,BRK,New
27835,2025-09-09 00:00:00,7,H25103003965,2,8.63,0.0,8.63,0.0,0,BRK,New
27836,2025-09-09 00:00:00,7,H25103004019,2,3.89,0.0,3.89,0.0,0,BRK,New
27837,2025-09-24 00:00:00,7,M25103004274,2,3.72,0.0,3.72,0.0,0,BRK,New
27838,2025-09-24 00:00:00,7,M25103004265,2,5.53,0.0,5.53,0.0,0,BRK,New
27839,2025-09-24 00:00:00,7,M25103004263,2,4.01,0.0,4.01,0.0,0,BRK,New
27840,2025-09-24 00:00:00,7,M25103004266,2,4.1,0.0,4.1,0.0,0,BRK,New
27841,2025-09-24 00:00:00,7,M25103004270,2,3.22,0.0,3.22,0.0,0,BRK,New
27842,2025-09-24 00:00:00,7,M25103004267,2,4.18,0.0,4.18,0.0,0,BRK,New
27843,2025-09-24 00:00:00,7,M25103004268,2,3.52,0.0,3.52,0.0,0,BRK,New
27844,2025-09-24 00:00:00,7,M25103004269,2,2.83,0.0,2.83,0.0,0,BRK,New
27845,2025-09-24 00:00:00,7,M25103004264,2,3.01,0.0,3.01,0.0,0,BRK,New
27846,2025-09-24 00:00:00,7,M25103004272,2,3.01,0.0,3.01,0.0,0,BRK,New
27847,2025-09-24 00:00:00,7,M25103004261,2,5.81,0.0,5.81,0.0,0,BRK,New
27848,2025-09-24 00:00:00,7,M25103004271,2,2.56,0.0,2.56,0.0,0,BRK,New
27849,2025-09-24 00:00:00,7,M25103004262,2,2.27,0.0,2.27,0.0,0,BRK,New
27850,2025-09-24 00:00:00,7,M25103004273,2,4.23,0.0,4.23,0.0,0,BRK,New
27851,2025-09-24 00:00:00,7,M25103004275,2,20.7,0.0,20.7,0.0,0,BRK,New
27852,2025-09-24 00:00:00,7,M25103004276,2,20.51,0.0,20.51,0.0,0,BRK,New
27853,2025-09-24 00:00:00,7,M25103004277,2,7.05,0.0,7.05,0.0,0,BRK,New
27854,2025-09-24 00:00:00,7,M25103004278,2,4.15,0.0,4.15,0.0,0,BRK,New
27855,2025-09-24 00:00:00,7,M25103004280,2,1.51,0.0,1.51,0.0,0,BRK,New
27856,2025-09-24 00:00:00,7,M25103004279,2,2.25,0.0,2.25,0.0,0,BRK,New
28837,2025-09-25 00:00:00,7,H23103002697,2,21.27,0.0,21.27,0.0,0,brk,New
28838,2025-09-25 00:00:00,7,H23103002825,2,18.52,0.0,18.52,0.0,0,brk,New
29837,2025-10-17 00:00:00,7,N25103004365,2,3.73,0.0,3.73,0.0,0,BRK,New
29838,2025-10-17 00:00:00,7,K25103004176,2,2.48,0.0,2.48,0.0,0,BRK,New
30837,2025-10-19 00:00:00,7,H25103003952,2,24.35,0.0,24.35,0.0,0,brk,New
30838,2025-10-19 00:00:00,7,O23103003149,2,2.9,0.0,2.9,0.0,0,brk,New
30839,2025-10-19 00:00:00,7,J22103002138,2,0.3,0.0,0.3,0.0,0,brk,New
30840,2025-10-19 00:00:00,7,H23103002694,2,4.41,0.0,4.41,0.0,0,brk,New
30841,2025-10-19 00:00:00,7,J22103002212,2,0.61,0.0,0.61,0.0,0,brk,New
30842,2025-10-19 00:00:00,7,O21103001810,2,3.47,0.0,3.47,0.0,0,brk,New
30843,2025-10-19 00:00:00,7,O23103003150,2,3.46,0.0,3.46,0.0,0,brk,New
30844,2025-10-19 00:00:00,7,P24103003732,2,4.1,0.0,4.1,0.0,0,brk,New
30845,2025-10-19 00:00:00,7,L25103004212,2,4.6,0.0,4.6,0.0,0,brk,New
30846,2025-10-19 00:00:00,7,O24103003704,2,4.84,0.0,4.84,0.0,0,brk,New
30847,2025-10-19 00:00:00,7,M25103004296,2,20.5,0.0,20.5,0.0,0,BRK,New
30848,2025-10-19 00:00:00,7,H25103003968,2,3.39,0.0,3.39,0.0,0,BRK,New
30849,2025-10-19 00:00:00,7,H25103003974,2,3.29,0.0,3.29,0.0,0,BRK,New
30850,2025-10-19 00:00:00,7,O23104001052,2,32.46,0.0,32.46,0.0,0,BRK,New
30851,2025-10-24 00:00:00,7,M25103004305,2,12.89,0.0,12.89,0.0,0,BRK,New
30852,2025-10-24 00:00:00,7,F25103003818,2,5.72,0.0,5.72,0.0,0,BRK,New
30853,2025-11-01 00:00:00,7,O25103004445,2,3.473,0.0,3.473,0.0,0,brk,New
30854,2025-11-01 00:00:00,7,H25103003991,2,7.05,0.0,7.05,0.0,0,brk,New
30855,2025-11-01 00:00:00,7,M25103004324,2,3.25,0.0,3.25,0.0,0,brk,New
30856,2025-11-06 00:00:00,7,J25103004129,2,2.18,0.0,2.18,0.0,0,brk,New
30857,2025-11-06 00:00:00,7,F25103003823,2,3.3,0.0,3.3,0.0,0,brk,New
30858,2025-11-11 00:00:00,7,O25103004509,2,0.62,0.0,0.62,0.0,0,BRK,New
30859,2025-11-13 00:00:00,7,O25103004528,2,3.93,0.0,3.93,0.0,0,brk,New
30860,2025-11-14 00:00:00,7,N25103004416,2,3.2,0.0,3.2,0.0,0,brk,New
30861,2025-11-23 00:00:00,7,H19103000092,2,4.19,0.0,4.19,0.0,0,brk,New
30862,2025-11-23 00:00:00,7,I22103002068,2,19.57,0.0,19.57,0.0,0,brk,New
30863,2025-11-23 00:00:00,7,H19103000021,2,3.18,0.0,3.18,0.0,0,brk,New
30864,2025-11-23 00:00:00,7,H19103000001,2,5.52,0.0,5.52,0.0,0,brk,New
30865,2025-11-23 00:00:00,7,H19103000019,2,2.27,0.0,2.27,0.0,0,brk,New
30866,2025-11-23 00:00:00,7,O21103001710,2,17.41,0.0,17.41,0.0,0,brk,New
30867,2025-11-30 00:00:00,7,O25103004488,2,10.51,0.0,10.51,0.0,0,BRK,New
30868,2025-11-30 00:00:00,7,O25103004495,2,2.31,0.0,2.31,0.0,0,BRK,New
30869,2025-12-02 00:00:00,7,L25103004219,2,2.45,0.0,2.45,0.0,0,brk,New
30870,2025-12-02 00:00:00,7,M25103004301,2,51.96,0.0,51.96,0.0,0,brk,New
30871,2025-12-02 00:00:00,7,H25103003953,2,13.35,0.0,13.35,0.0,0,brk,New
30872,2025-12-02 00:00:00,7,H25103003962,2,3.35,0.0,3.35,0.0,0,brk,New
30873,2025-12-02 00:00:00,7,L25103004257,2,1.82,0.0,1.82,0.0,0,brk,New
30874,2025-12-02 00:00:00,7,J25103004145,2,0.92,0.0,0.92,0.0,0,brk,New
30875,2025-12-02 00:00:00,7,J25103004144,2,0.93,0.0,0.93,0.0,0,brk,New
30876,2025-12-02 00:00:00,7,N24103003660,2,1.96,0.0,1.96,0.0,0,brk,New
30877,2025-12-02 00:00:00,7,H25103004004,2,2.04,0.0,2.04,0.0,0,brk,New
30878,2025-12-02 00:00:00,7,N25103004332,2,33.72,0.0,33.72,0.0,0,brk,New
30879,2025-12-02 00:00:00,7,I25103004109,2,1.99,0.0,1.99,0.0,0,brk,New
30880,2025-12-02 00:00:00,7,E25103003770,2,1.14,0.0,1.14,0.0,0,brk,New
30881,2025-12-02 00:00:00,7,H25103003985,2,20.86,0.0,20.86,0.0,0,brk,New
30882,2025-12-11 00:00:00,7,M25103004306,2,13.93,0.0,13.93,0.0,0,brk,New
30883,2025-12-11 00:00:00,7,N25103004327,2,13.21,0.0,13.21,0.0,0,brk,New
30884,2025-12-11 00:00:00,7,M25103004302,2,16.79,0.0,16.79,0.0,0,brk,New
30885,2025-12-11 00:00:00,7,N25103004336,2,2.06,0.0,2.06,0.0,0,brk,New
30886,2025-12-11 00:00:00,7,O25103004471,2,19.8,0.0,19.8,0.0,0,brk,New
30887,2025-12-11 00:00:00,7,N25103004334,2,2.3,0.0,2.3,0.0,0,brk,New
30888,2025-12-11 00:00:00,7,O25103004456,2,7.01,0.0,7.01,0.0,0,brk,New
30889,2025-12-11 00:00:00,7,O25103004468,2,9.89,0.0,9.89,0.0,0,brk,New
30890,2025-12-11 00:00:00,7,N25103004331,2,13.62,0.0,13.62,0.0,0,brk,New
30891,2026-01-02 00:00:00,7,P22107000271,2,0.0,0.0,0.0,0.0,0,BRK,New
30892,2026-01-02 00:00:00,7,P22107000154,2,0.0,0.0,0.0,0.0,0,BRK,New
30893,2026-01-02 00:00:00,7,K25107000299,2,0.0,0.0,0.0,0.0,0,BRK,New
30894,2026-01-07 00:00:00,7,G20103001092,2,2.33,0.0,2.33,0.0,0,brk,New
30895,2026-01-07 00:00:00,7,O23103003067,2,4.02,0.0,4.02,0.0,0,brk,New
30896,2026-01-07 00:00:00,7,K25103004175,2,2.24,0.0,2.24,0.0,0,brk,New
30897,2026-01-07 00:00:00,7,F23103002660,2,8.71,0.0,8.71,0.0,0,brk,New
30898,2026-01-07 00:00:00,7,N21103001682,2,2.67,0.0,2.67,0.0,0,brk,New
30899,2026-01-07 00:00:00,7,N24103003684,2,5.53,0.0,5.53,0.0,0,brk,New
30900,2026-01-07 00:00:00,7,N23103003007,2,2.51,0.0,2.51,0.0,0,brk,New
30901,2026-01-07 00:00:00,7,I24103003332,2,3.67,0.0,3.67,0.0,0,brk,New
30902,2026-01-29 00:00:00,7,P22107000135,2,0.0,0.0,0.0,0.0,0,brk,New
30903,2026-01-29 00:00:00,7,P22107000259,2,0.0,0.0,0.0,0.0,0,brk,New
30904,2026-01-29 00:00:00,7,P22107000141,2,0.0,0.0,0.0,0.0,0,brk,New
30905,2026-01-29 00:00:00,7,P22107000151,2,0.0,0.0,0.0,0.0,0,brk,New
30906,2026-01-29 00:00:00,7,P22107000138,2,0.0,0.0,0.0,0.0,0,brk,New
30907,2026-01-29 00:00:00,7,O23107000283,2,0.0,0.0,0.0,0.0,0,brk,New
30908,2026-01-29 00:00:00,7,P22107000148,2,0.0,0.0,0.0,0.0,0,brk,New
30909,2026-01-29 00:00:00,7,P22107000144,2,0.0,0.0,0.0,0.0,0,brk,New
30910,2026-01-29 00:00:00,7,O23107000286,2,0.0,0.0,0.0,0.0,0,brk,New
30911,2026-01-29 00:00:00,7,P22107000260,2,0.0,0.0,0.0,0.0,0,brk,New
30912,2026-01-29 00:00:00,7,P22107000140,2,0.0,0.0,0.0,0.0,0,brk,New
30913,2026-01-29 00:00:00,7,P22107000119,2,0.0,0.0,0.0,0.0,0,brk,New
30914,2026-01-30 00:00:00,7,O23107000284,2,0.0,0.0,0.0,0.0,0,brk,New
30915,2026-01-30 00:00:00,7,P22107000173,2,0.0,0.0,0.0,0.0,0,brk,New
30916,2026-01-30 00:00:00,7,K25107000300,2,0.0,0.0,0.0,0.0,0,brk,New
30917,2026-01-30 00:00:00,7,P22107000172,2,0.0,0.0,0.0,0.0,0,brk,New
30918,2026-01-30 00:00:00,7,P22107000128,2,0.0,0.0,0.0,0.0,0,brk,New
30919,2026-01-30 00:00:00,7,K25107000302,2,0.0,0.0,0.0,0.0,0,brk,New
30920,2026-01-30 00:00:00,7,P22107000134,2,0.0,0.0,0.0,0.0,0,brk,New
30921,2026-01-30 00:00:00,7,P22107000254,2,0.0,0.0,0.0,0.0,0,brk,New
30922,2026-01-30 00:00:00,7,P22107000268,2,0.0,0.0,0.0,0.0,0,brk,New
30923,2026-01-30 00:00:00,7,P22107000253,2,0.0,0.0,0.0,0.0,0,brk,New
30924,2026-01-30 00:00:00,7,P22107000246,2,0.0,0.0,0.0,0.0,0,brk,New
30925,2026-01-30 00:00:00,7,P22107000265,2,0.0,0.0,0.0,0.0,0,brk,New
30926,2026-01-30 00:00:00,7,P22107000267,2,0.0,0.0,0.0,0.0,0,brk,New
30927,2026-01-30 00:00:00,7,P22107000250,2,0.0,0.0,0.0,0.0,0,brk,New
30928,2026-01-30 00:00:00,7,K24107000298,2,0.0,0.0,0.0,0.0,0,brk,New
30929,2026-01-30 00:00:00,7,P22107000255,2,0.0,0.0,0.0,0.0,0,brk,New
30930,2026-01-30 00:00:00,7,P22107000248,2,0.0,0.0,0.0,0.0,0,brk,New
30931,2026-01-30 00:00:00,7,O23107000288,2,0.0,0.0,0.0,0.0,0,brk,New
30932,2026-01-30 00:00:00,7,P22107000274,2,0.0,0.0,0.0,0.0,0,brk,New
30933,2026-01-30 00:00:00,7,O23107000294,2,0.0,0.0,0.0,0.0,0,brk,New
30934,2026-01-30 00:00:00,7,P22107000181,2,0.0,0.0,0.0,0.0,0,brk,New
30935,2026-01-30 00:00:00,7,P22107000196,2,0.0,0.0,0.0,0.0,0,brk,New
30936,2026-01-30 00:00:00,7,P22107000177,2,0.0,0.0,0.0,0.0,0,brk,New
30937,2026-01-30 00:00:00,7,P22107000195,2,0.0,0.0,0.0,0.0,0,brk,New
30938,2026-01-30 00:00:00,7,P22107000270,2,0.0,0.0,0.0,0.0,0,brk,New
30939,2026-01-30 00:00:00,7,P22107000179,2,0.0,0.0,0.0,0.0,0,brk,New
30940,2026-01-30 00:00:00,7,P22107000183,2,0.0,0.0,0.0,0.0,0,brk,New
30941,2026-01-30 00:00:00,7,P22107000223,2,0.0,0.0,0.0,0.0,0,brk,New
30942,2026-01-30 00:00:00,7,O23107000291,2,0.0,0.0,0.0,0.0,0,brk,New
30943,2026-01-30 00:00:00,7,P22107000229,2,0.0,0.0,0.0,0.0,0,brk,New
30944,2026-01-30 00:00:00,7,P22107000209,2,0.0,0.0,0.0,0.0,0,brk,New
30945,2026-01-30 00:00:00,7,P22107000219,2,0.0,0.0,0.0,0.0,0,brk,New
30946,2026-01-30 00:00:00,7,O23107000295,2,0.0,0.0,0.0,0.0,0,brk,New
30947,2026-01-30 00:00:00,7,P22107000213,2,0.0,0.0,0.0,0.0,0,brk,New
30948,2026-01-30 00:00:00,7,P22107000244,2,0.0,0.0,0.0,0.0,0,brk,New
30949,2026-01-30 00:00:00,7,P22107000224,2,0.0,0.0,0.0,0.0,0,brk,New
30950,2026-01-30 00:00:00,7,P22107000218,2,0.0,0.0,0.0,0.0,0,brk,New
30951,2026-01-30 00:00:00,7,P22107000227,2,0.0,0.0,0.0,0.0,0,brk,New
30952,2026-01-30 00:00:00,7,P22107000226,2,0.0,0.0,0.0,0.0,0,brk,New
30953,2026-01-30 00:00:00,7,O23107000289,2,0.0,0.0,0.0,0.0,0,brk,New
30954,2026-01-30 00:00:00,7,P22107000228,2,0.0,0.0,0.0,0.0,0,brk,New
30955,2026-01-30 00:00:00,7,P22107000221,2,0.0,0.0,0.0,0.0,0,brk,New
30956,2026-01-30 00:00:00,7,P22107000208,2,0.0,0.0,0.0,0.0,0,brk,New
30957,2026-01-30 00:00:00,7,P22107000239,2,0.0,0.0,0.0,0.0,0,brk,New
30958,2026-01-30 00:00:00,7,P22107000210,2,0.0,0.0,0.0,0.0,0,brk,New
30959,2026-01-30 00:00:00,7,P22107000241,2,0.0,0.0,0.0,0.0,0,brk,New
30960,2026-01-30 00:00:00,7,P22107000214,2,0.0,0.0,0.0,0.0,0,brk,New
30961,2026-01-30 00:00:00,7,P22107000222,2,0.0,0.0,0.0,0.0,0,brk,New
30962,2026-01-30 00:00:00,7,P22107000236,2,0.0,0.0,0.0,0.0,0,brk,New
30963,2026-01-30 00:00:00,7,P22107000242,2,0.0,0.0,0.0,0.0,0,brk,New
30964,2026-01-30 00:00:00,7,P22107000238,2,0.0,0.0,0.0,0.0,0,brk,New
30965,2026-01-30 00:00:00,7,P22107000207,2,0.0,0.0,0.0,0.0,0,brk,New
30966,2026-01-30 00:00:00,7,P22107000216,2,0.0,0.0,0.0,0.0,0,brk,New
30967,2026-01-30 00:00:00,7,P22107000273,2,0.0,0.0,0.0,0.0,0,brk,New
30968,2026-01-30 00:00:00,7,P22107000198,2,0.0,0.0,0.0,0.0,0,brk,New
30969,2026-01-30 00:00:00,7,P22107000159,2,0.0,0.0,0.0,0.0,0,brk,New
30970,2026-01-30 00:00:00,7,P22107000129,2,0.0,0.0,0.0,0.0,0,brk,New
30971,2026-01-30 00:00:00,7,O23107000287,2,0.0,0.0,0.0,0.0,0,brk,New
30972,2026-01-30 00:00:00,7,P22107000147,2,0.0,0.0,0.0,0.0,0,brk,New
30973,2026-01-30 00:00:00,7,P22107000158,2,0.0,0.0,0.0,0.0,0,brk,New
30974,2026-01-30 00:00:00,7,P22107000262,2,0.0,0.0,0.0,0.0,0,brk,New
30975,2026-01-30 00:00:00,7,P22107000118,2,0.0,0.0,0.0,0.0,0,brk,New
30976,2026-01-30 00:00:00,7,K25107000301,2,0.0,0.0,0.0,0.0,0,brk,New
30977,2026-01-30 00:00:00,7,O23107000280,2,0.0,0.0,0.0,0.0,0,brk,New
30978,2026-01-30 00:00:00,7,P22107000121,2,0.0,0.0,0.0,0.0,0,brk,New
30979,2026-01-30 00:00:00,7,P22107000258,2,0.0,0.0,0.0,0.0,0,brk,New
30980,2026-01-30 00:00:00,7,P22107000145,2,0.0,0.0,0.0,0.0,0,brk,New
30981,2026-01-30 00:00:00,7,O23107000281,2,0.0,0.0,0.0,0.0,0,brk,New
30982,2026-01-30 00:00:00,7,P22107000123,2,0.0,0.0,0.0,0.0,0,brk,New
30983,2026-01-30 00:00:00,7,P22107000261,2,0.0,0.0,0.0,0.0,0,brk,New
30984,2026-02-02 00:00:00,7,I25103004100,2,4.77,0.0,4.77,0.0,0,brk,New
30985,2026-02-02 00:00:00,7,I25103004107,2,4.75,0.0,4.75,0.0,0,brk,New
31984,2026-02-09 00:00:00,7,N25103004429,2,22.91,0.0,22.91,0.0,0,brk,New
31985,2026-02-09 00:00:00,7,O25103004477,2,8.69,0.0,8.69,0.0,0,brk,New
31986,2026-02-09 00:00:00,7,F26103004635,2,12.24,0.0,12.24,0.0,0,BRK,New
31987,2026-02-09 00:00:00,7,O25103004474,2,6.57,0.0,6.57,0.0,0,BRK,New
31988,2026-02-10 00:00:00,7,E26103004584,2,4.78,0.0,4.78,0.0,0,brk,New
31989,2026-02-13 00:00:00,7,F26103004679,2,23.74,0.0,23.74,0.0,0,brk,New
31990,2026-02-17 00:00:00,7,H19103000098,2,4.24,0.0,4.24,0.0,0,brk,New
31991,2026-02-17 00:00:00,7,G24103003273,2,3.43,0.0,3.43,0.0,0,brk,New
31992,2026-02-17 00:00:00,7,M22103002273,2,5.43,0.0,5.43,0.0,0,brk,New
31993,2026-02-17 00:00:00,7,K25103004165,2,3.07,0.0,3.07,0.0,0,brk,New
31994,2026-02-17 00:00:00,7,I24103003401,2,3.65,0.0,3.65,0.0,0,brk,New
31995,2026-02-17 00:00:00,7,N22103002291,2,8.4,0.0,8.4,0.0,0,brk,New
31996,2026-02-17 00:00:00,7,H19103000067,2,3.36,0.0,3.36,0.0,0,brk,New
31997,2026-02-17 00:00:00,7,H19103000018,2,3.6,0.0,3.6,0.0,0,brk,New
31998,2026-02-17 00:00:00,7,H19103000037,2,1.8,0.0,1.8,0.0,0,brk,New
31999,2026-02-17 00:00:00,7,H19103000105,2,4.77,0.0,4.77,0.0,0,brk,New
32000,2026-02-17 00:00:00,7,F21103001440,2,4.65,0.0,4.65,0.0,0,brk,New
32001,2026-02-17 00:00:00,7,I22103002056,2,4.25,0.0,4.25,0.0,0,brk,New
32002,2026-02-17 00:00:00,7,H23103002821,2,4.45,0.0,4.45,0.0,0,brk,New
32003,2026-02-17 00:00:00,7,O23103003069,2,7.72,0.0,7.72,0.0,0,brk,New
32004,2026-02-22 00:00:00,7,O23103003065,2,2.36,0.0,2.36,0.0,0,brk,New
32005,2026-02-22 00:00:00,7,O25103004487,2,12.4,0.0,12.4,0.0,0,brk,New
32006,2026-02-23 00:00:00,7,F26103004677,2,21.11,0.0,21.11,0.0,0,brk,New
32007,2026-02-23 00:00:00,7,M25103004303,2,20.48,0.0,20.48,0.0,0,brk,New
32008,2026-02-23 00:00:00,7,O25103004444,2,2.08,0.0,2.08,0.0,0,brk,New
32009,2026-02-26 00:00:00,7,H24103003300,2,4.79,0.0,4.79,0.0,0,brk,New
32010,2026-02-28 00:00:00,7,N25103004355,2,42.79,0.0,42.79,0.0,0,brk,New
32011,2026-02-28 00:00:00,7,L25103004254,2,6.97,0.0,6.97,0.0,0,brk,New
32012,2026-02-28 00:00:00,7,F26103004616,2,6.12,0.0,6.12,0.0,0,brk,New
32013,2026-02-28 00:00:00,7,N25103004399,2,7.98,0.0,7.98,0.0,0,brk,New
32014,2026-02-28 00:00:00,7,O25103004499,2,1.97,0.0,1.97,0.0,0,brk,New
32015,2026-02-28 00:00:00,7,E26103004574,2,2.69,0.0,2.69,0.0,0,brk,New
32016,2026-02-28 00:00:00,7,J25103004132,2,1.42,0.0,1.42,0.0,0,brk,New
32017,2026-02-28 00:00:00,7,N25103004363,2,3.49,0.0,3.49,0.0,0,brk,New
32018,2026-02-28 00:00:00,7,O24103003700,2,1.95,0.0,1.95,0.0,0,brk,New
32019,2026-02-28 00:00:00,7,L25103004216,2,2.45,0.0,2.45,0.0,0,brk,New
32020,2026-02-28 00:00:00,7,O25103004481,2,2.12,0.0,2.12,0.0,0,brk,New
32021,2026-03-12 00:00:00,7,J23103002925,2,3.21,0.0,3.21,0.0,0,brk,New
32022,2026-03-12 00:00:00,7,N25103004330,2,8.77,0.0,8.77,0.0,0,brk,New
32023,2026-03-12 00:00:00,7,O25103004491,2,9.94,0.0,9.94,0.0,0,brk,New
32024,2026-03-12 00:00:00,7,O25103004489,2,9.85,0.0,9.85,0.0,0,brk,New
32025,2026-03-12 00:00:00,7,N25103004406,2,2.21,0.0,2.21,0.0,0,brk,New
32026,2026-03-12 00:00:00,7,M25103004299,2,2.25,0.0,2.25,0.0,0,brk,New
32027,2026-03-12 00:00:00,7,N24103003580,2,2.94,0.0,2.94,0.0,0,brk,New
32028,2026-03-12 00:00:00,7,K25103004187,2,0.82,0.0,0.82,0.0,0,brk,New
32029,2026-03-12 00:00:00,7,P25103004544,2,1.34,0.0,1.34,0.0,0,brk,New
32030,2026-03-12 00:00:00,7,H24103003287,2,2.57,0.0,2.57,0.0,0,brk,New
33021,2026-03-12 00:00:00,7,N25103004364,2,3.96,0.0,3.96,0.0,0,brk,New
33022,2026-03-12 00:00:00,7,O25103004521,2,1.0,0.0,1.0,0.0,0,brk,New
33023,2026-03-12 00:00:00,7,N25103004419,2,1.55,0.0,1.55,0.0,0,brk,New
33024,2026-03-19 00:00:00,7,F26103004597,2,2.62,0.0,2.62,0.0,0,brk,New
33025,2026-03-19 00:00:00,7,N24103003625,2,11.87,0.0,11.87,0.0,0,brk,New
33026,2026-03-21 00:00:00,7,F20103001021,2,1.77,0.0,1.77,0.0,0,brk,New
33027,2026-03-21 00:00:00,7,H25103003956,2,9.72,0.0,9.72,0.0,0,brk,New
33028,2026-03-21 00:00:00,7,H23103002817,2,16.7,0.0,16.7,0.0,0,brk,New
33029,2026-03-21 00:00:00,7,F20103001038,2,1.43,0.0,1.43,0.0,0,brk,New
33030,2026-03-21 00:00:00,7,F20103001035,2,1.51,0.0,1.51,0.0,0,brk,New
33031,2026-03-23 00:00:00,7,O25103004504,2,1.24,0.0,1.24,0.0,0,brk,New
33032,2026-03-23 00:00:00,7,O25103004501,2,1.17,0.0,1.17,0.0,0,brk,New
33033,2026-03-23 00:00:00,7,G25103003903,2,2.7,0.0,2.7,0.0,0,brk,New
33034,2026-03-24 00:00:00,7,O25103004511,2,1.18,0.0,1.18,0.0,0,brk,New
33035,2026-03-25 00:00:00,7,O25103004484,2,2.39,0.0,2.39,0.0,0,brk,New
33036,2026-03-25 00:00:00,7,O25103004510,2,0.69,0.0,0.69,0.0,0,brk,New
33037,2026-03-25 00:00:00,7,I25103004112,2,2.34,0.0,2.34,0.0,0,brk,New
33038,2026-03-25 00:00:00,7,I25103004114,2,2.28,0.0,2.28,0.0,0,brk,New
33039,2026-03-30 00:00:00,7,H25103004032,2,2.37,0.0,2.37,0.0,0,brk,New
33040,2026-03-30 00:00:00,7,G26103004746,2,16.05,0.0,16.05,0.0,0,brk,New
33041,2026-03-30 00:00:00,7,G26103004747,2,2.72,0.0,2.72,0.0,0,brk,New
33042,2026-04-02 00:00:00,7,H25103003955,2,21.1,0.0,21.1,0.0,0,BRK,New
33043,2026-04-02 00:00:00,7,H25103003995,2,17.78,0.0,17.78,0.0,0,BRK,New
33044,2026-04-16 00:00:00,8,J22103002214,2,1.47,0.0,1.47,0.0,0,brk,New
33045,2026-04-16 00:00:00,8,J22103002230,2,1.59,0.0,1.59,0.0,0,brk,New
33046,2026-04-16 00:00:00,8,O21103001786,2,0.95,0.0,0.95,0.0,0,brk,New
33047,2026-04-16 00:00:00,8,H25103003986,2,22.55,0.0,22.55,0.0,0,brk,New
33048,2026-04-16 00:00:00,8,I23103002868,2,8.75,0.0,8.75,0.0,0,brk,New
33049,2026-04-16 00:00:00,8,I23103002871,2,1.02,0.0,1.02,0.0,0,brk,New
33050,2026-04-16 00:00:00,8,G20103001094,2,2.11,0.0,2.11,0.0,0,brk,New
33051,2026-04-16 00:00:00,8,I22103002053,2,4.89,0.0,4.89,0.0,0,brk,New
33052,2026-04-16 00:00:00,8,O21103001836,2,2.07,0.0,2.07,0.0,0,brk,New
33053,2026-04-16 00:00:00,8,H23103002849,2,6.38,0.0,6.38,0.0,0,brk,New
34044,2026-04-19 00:00:00,8,E26103004571,2,3.31,0.0,3.31,0.0,0,BRK,New
34045,2026-04-23 00:00:00,8,O25103004470,2,25.87,0.0,25.87,0.0,0,brk,New
34046,2026-04-23 00:00:00,8,O25103004469,2,10.37,0.0,10.37,0.0,0,brk,New
34047,2026-04-23 00:00:00,8,F23103002624,2,18.73,0.0,18.73,0.0,0,brk,New
34048,2026-05-01 00:00:00,8,F25103003873,2,1.16,0.0,1.16,0.0,0,brk,New
34049,2026-05-07 00:00:00,8,O25103004508,2,0.71,0.0,0.71,0.0,0,brk,New
34050,2026-05-07 00:00:00,8,O25103004512,2,0.72,0.0,0.72,0.0,0,brk,New
34051,2026-05-07 00:00:00,8,O25103004507,2,0.7,0.0,0.7,0.0,0,brk,New
34052,2026-05-07 00:00:00,8,O25103004513,2,0.82,0.0,0.82,0.0,0,brk,New
34053,2026-05-07 00:00:00,8,O25103004503,2,1.11,0.0,1.11,0.0,0,brk,New
34054,2026-05-07 00:00:00,8,J25103004141,2,1.02,0.0,1.02,0.0,0,brk,New
34055,2026-05-12 00:00:00,8,M21103001586,2,7.38,0.0,7.38,0.0,0,brk,New
34056,2026-05-12 00:00:00,8,H25103003988,2,3.42,0.0,3.42,0.0,0,brk,New
34057,2026-05-12 00:00:00,8,J22103002229,2,0.63,0.0,0.63,0.0,0,brk,New
34058,2026-05-12 00:00:00,8,J19103000291,2,6.73,0.0,6.73,0.0,0,brk,New
34059,2026-05-12 00:00:00,8,O21103001839,2,1.09,0.0,1.09,0.0,0,brk,New
34060,2026-05-12 00:00:00,8,J22103002223,2,0.76,0.0,0.76,0.0,0,brk,New
34061,2026-05-12 00:00:00,8,K25103004168,2,1.57,0.0,1.57,0.0,0,brk,New
34062,2026-05-12 00:00:00,8,H23103002715,2,23.86,0.0,23.86,0.0,0,brk,New
34063,2026-05-12 00:00:00,8,H25103003994,2,17.02,0.0,17.02,0.0,0,brk,New
35055,2026-05-12 00:00:00,8,F26103004653,2,14.01,0.0,14.01,0.0,0,brk,New
35056,2026-05-30 00:00:00,8,O21103001794,2,1.32,0.0,1.32,0.0,0,BRK,New
35057,2026-05-30 00:00:00,8,H26103004818,2,2.01,0.0,2.01,0.0,0,BRK,New
35058,2026-05-30 00:00:00,8,E24103003207,2,1.9,0.0,1.9,0.0,0,BRK,New
35059,2026-05-30 00:00:00,8,F26103004605,2,2.69,0.0,2.69,0.0,0,BRK,New
35060,2026-06-02 00:00:00,8,G26103004705,2,25.1,0.0,25.1,0.0,0,brk,New
35061,2026-06-02 00:00:00,8,P24103003727,2,2.6,0.0,2.6,0.0,0,brk,New
35062,2026-06-02 00:00:00,8,F23103002593,2,6.72,0.0,6.72,0.0,0,brk,New
35063,2026-06-02 00:00:00,8,H23103002711,2,9.16,0.0,9.16,0.0,0,brk,New
35064,2026-06-02 00:00:00,8,H25103003997,2,10.01,0.0,10.01,0.0,0,brk,New
35065,2026-06-02 00:00:00,8,I26103004877,2,18.0,0.0,18.0,0.0,0,brk,New
35066,2026-06-02 00:00:00,8,I24103003389,2,16.95,0.0,16.95,0.0,0,brk,New
35067,2026-06-02 00:00:00,8,H25103003938,2,14.17,0.0,14.17,0.0,0,brk,New
35068,2026-06-02 00:00:00,8,P24103003728,2,2.86,0.0,2.86,0.0,0,brk,New
35069,2026-06-02 00:00:00,8,I26103004879,2,6.54,0.0,6.54,0.0,0,brk,New
35070,2026-06-06 00:00:00,8,L24103003482,2,0.64,0.0,0.64,0.0,0,brk,New
35071,2026-06-06 00:00:00,8,I25103004099,2,2.33,0.0,2.33,0.0,0,brk,New
35072,2026-06-06 00:00:00,8,E26103004567,2,2.0,0.0,2.0,0.0,0,brk,New
35073,2026-06-06 00:00:00,8,H26103004845,2,4.0,0.0,4.0,0.0,0,brk,New
35074,2026-06-06 00:00:00,8,H26103004873,2,5.49,0.0,5.49,0.0,0,brk,New
35075,2026-06-06 00:00:00,8,O25103004480,2,2.31,0.0,2.31,0.0,0,brk,New
35076,2026-06-06 00:00:00,8,F26103004603,2,3.58,0.0,3.58,0.0,0,brk,New
35077,2026-06-09 00:00:00,8,M25103004297,2,7.05,0.0,7.05,0.0,0,brk,New
36077,2026-06-18 00:00:00,8,F26103004626,2,20.58,0.0,20.58,0.0,0,brk,New
36078,2026-06-18 00:00:00,8,F26103004629,2,3.08,0.0,3.08,0.0,0,brk,New
36079,2026-06-18 00:00:00,8,F26103004631,2,27.61,0.0,27.61,0.0,0,brk,New
36080,2026-06-18 00:00:00,8,N22103002321,2,5.7,0.0,5.7,0.0,0,brk,New
36081,2026-06-18 00:00:00,8,M25103004295,2,20.71,0.0,20.71,0.0,0,brk,New
36082,2026-06-18 00:00:00,8,F26103004630,2,26.52,0.0,26.52,0.0,0,brk,New
36083,2026-06-18 00:00:00,8,I25103004090,2,13.09,0.0,13.09,0.0,0,brk,New
36084,2026-06-22 00:00:00,8,H26103004765,2,3.2,0.0,3.2,0.0,0,brk,New
36085,2026-06-22 00:00:00,8,N25103004386,2,1.32,0.0,1.32,0.0,0,brk,New
36086,2026-06-22 00:00:00,8,G26103004743,2,1.77,0.0,1.77,0.0,0,brk,New
36087,2026-06-22 00:00:00,8,H26103004769,2,6.64,0.0,6.64,0.0,0,brk,New
37084,2026-06-27 00:00:00,8,F26103004664,2,5.54,0.0,5.54,0.0,0,brk,New
37085,2026-07-03 00:00:00,8,N25103004388,2,1.85,0.0,1.85,0.0,0,brk,New
37086,2026-07-03 00:00:00,8,N25103004395,2,1.56,0.0,1.56,0.0,0,brk,New
37087,2026-07-03 00:00:00,8,F21103001457,2,2.51,0.0,2.51,0.0,0,brk,New
37088,2026-07-07 00:00:00,8,G25103003929,2,2.65,0.0,2.65,0.0,0,brk,New
37089,2026-07-15 00:00:00,8,G26103004733,2,1.24,0.0,1.24,0.0,0,brk,New
37090,2026-07-15 00:00:00,8,E26103004562,2,3.31,0.0,3.31,0.0,0,brk,New
37091,2026-07-27 00:00:00,8,G26103004706,2,23.99,0.0,23.99,0.0,0,brk,New
38091,2026-08-01 00:00:00,8,H26103004759,2,20.89,0.0,20.89,0.0,0,brk,New
38092,2026-08-01 00:00:00,8,L26107000396,2,0.0,0.0,0.0,0.0,0,brk,New
38093,2026-08-01 00:00:00,8,L26107000385,2,0.0,0.0,0.0,0.0,0,brk,New
38094,2026-08-01 00:00:00,8,L26107000386,2,0.0,0.0,0.0,0.0,0,brk,New
38095,2026-08-01 00:00:00,8,L26107000387,2,0.0,0.0,0.0,0.0,0,brk,New
38096,2026-08-01 00:00:00,8,L26107000388,2,0.0,0.0,0.0,0.0,0,brk,New
38097,2026-08-01 00:00:00,8,L26107000389,2,0.0,0.0,0.0,0.0,0,brk,New
38098,2026-08-01 00:00:00,8,L26107000390,2,0.0,0.0,0.0,0.0,0,brk,New
38099,2026-08-01 00:00:00,8,L26107000391,2,0.0,0.0,0.0,0.0,0,brk,New
38100,2026-08-01 00:00:00,8,L26107000392,2,0.0,0.0,0.0,0.0,0,brk,New
38101,2026-08-01 00:00:00,8,L26107000393,2,0.0,0.0,0.0,0.0,0,brk,New
38102,2026-08-01 00:00:00,8,L26107000394,2,0.0,0.0,0.0,0.0,0,brk,New
38103,2026-08-01 00:00:00,8,L26107000395,2,0.0,0.0,0.0,0.0,0,brk,New
38104,2026-08-01 00:00:00,8,L26107000397,2,0.0,0.0,0.0,0.0,0,brk,New
38105,2026-08-01 00:00:00,8,L26107000398,2,0.0,0.0,0.0,0.0,0,brk,New
38106,2026-08-01 00:00:00,8,L26107000399,2,0.0,0.0,0.0,0.0,0,brk,New
38107,2026-08-01 00:00:00,8,L26107000400,2,0.0,0.0,0.0,0.0,0,brk,New
38108,2026-08-01 00:00:00,8,L26107000401,2,0.0,0.0,0.0,0.0,0,brk,New
38109,2026-08-01 00:00:00,8,L26107000402,2,0.0,0.0,0.0,0.0,0,brk,New
38110,2026-08-04 00:00:00,8,I26103004880,2,6.91,0.0,6.91,0.0,0,brk,New
38111,2026-08-04 00:00:00,8,J25103004143,2,9.74,0.0,9.74,0.0,0,brk,New
38112,2026-08-04 00:00:00,8,H26103004761,2,8.05,0.0,8.05,0.0,0,brk,New
38113,2026-08-04 00:00:00,8,N25103004409,2,7.53,0.0,7.53,0.0,0,brk,New
38114,2026-08-04 00:00:00,8,N25103004408,2,7.48,0.0,7.48,0.0,0,brk,New
38115,2026-08-04 00:00:00,8,I22103001953,2,5.01,0.0,5.01,0.0,0,brk,New
38116,2026-08-04 00:00:00,8,O23103003073,2,8.21,0.0,8.21,0.0,0,brk,New
38117,2026-08-04 00:00:00,8,O23103003076,2,4.71,0.0,4.71,0.0,0,brk,New
38118,2026-08-04 00:00:00,8,H25103003980,2,4.77,0.0,4.77,0.0,0,brk,New
38119,2026-08-04 00:00:00,8,H19103000060,2,6.99,0.0,6.99,0.0,0,brk,New
38120,2026-08-04 00:00:00,8,H19103000094,2,4.27,0.0,4.27,0.0,0,brk,New
38121,2026-08-04 00:00:00,8,I22103002008,2,5.17,0.0,5.17,0.0,0,brk,New
38122,2026-08-04 00:00:00,8,N24103003573,2,2.61,0.0,2.61,0.0,0,brk,New
38123,2026-08-04 00:00:00,8,F20103000939,2,3.12,0.0,3.12,0.0,0,brk,New
38124,2026-08-04 00:00:00,8,P19103000787,2,2.28,0.0,2.28,0.0,0,brk,New
38125,2026-08-04 00:00:00,8,H19103000030,2,2.6,0.0,2.6,0.0,0,brk,New
38126,2026-08-04 00:00:00,8,I22103001974,2,4.85,0.0,4.85,0.0,0,brk,New
38127,2026-08-04 00:00:00,8,I22103001940,2,2.58,0.0,2.58,0.0,0,brk,New
38128,2026-08-04 00:00:00,8,I22103001985,2,2.69,0.0,2.69,0.0,0,brk,New
38129,2026-08-04 00:00:00,8,H23103002716,2,19.76,0.0,19.76,0.0,0,brk,New
38130,2026-08-04 00:00:00,8,I26103004878,2,16.45,0.0,16.45,0.0,0,brk,New
38131,2026-08-04 00:00:00,8,O23103003080,2,4.17,0.0,4.17,0.0,0,brk,New
38132,2026-08-04 00:00:00,8,H19103000022,2,2.63,0.0,2.63,0.0,0,brk,New
38133,2026-08-04 00:00:00,8,N25103004423,2,25.92,0.0,25.92,0.0,0,brk,New
38134,2026-08-04 00:00:00,8,H25103004025,2,23.68,0.0,23.68,0.0,0,brk,New
38135,2026-08-04 00:00:00,8,H23103002856,2,2.38,0.0,2.38,0.0,0,brk,New
38136,2026-08-04 00:00:00,8,H23103002860,2,2.29,0.0,2.29,0.0,0,brk,New
38137,2026-08-04 00:00:00,8,H23103002859,2,2.41,0.0,2.41,0.0,0,brk,New
38138,2026-08-04 00:00:00,8,H23103002858,2,2.33,0.0,2.33,0.0,0,brk,New
38139,2026-08-19 00:00:00,8,G25103003901,2,10.27,0.0,10.27,0.0,0,brk,New
38140,2026-08-19 00:00:00,8,F23103002605,2,10.35,0.0,10.35,0.0,0,brk,New
39139,2026-09-04 00:00:00,8,O23104001074,2,31.71,0.0,31.71,0.0,0,brk,New
39140,2026-09-04 00:00:00,8,O23104001050,2,36.13,0.0,36.13,0.0,0,brk,New
39141,2026-09-04 00:00:00,8,O23104001063,2,109.75,0.0,109.75,0.0,0,BRK,New
39142,2026-09-04 00:00:00,8,O23104001031,2,55.4,0.0,55.4,0.0,0,BRK,New
39143,2026-09-04 00:00:00,8,O23104001051,2,85.93,0.0,85.93,0.0,0,BRK,New
39144,2026-09-04 00:00:00,8,O23104001055,2,88.12,0.0,88.12,0.0,0,BRK,New
39145,2026-09-04 00:00:00,8,O23104001101,2,171.27,0.0,171.27,0.0,0,BRK,New
39146,2026-09-04 00:00:00,8,O23104001109,2,147.61,0.0,147.61,0.0,0,BRK,New
39147,2026-09-04 00:00:00,8,O23104001090,2,48.68,0.0,48.68,0.0,0,BRK,New
39148,2026-09-04 00:00:00,8,O23104001093,2,50.57,0.0,50.57,0.0,0,BRK,New
39149,2026-09-04 00:00:00,8,O23104001104,2,74.16,0.0,74.16,0.0,0,BRK,New
39150,2026-09-04 00:00:00,8,O23104001107,2,44.11,0.0,44.11,0.0,0,BRK,New
39151,2026-09-04 00:00:00,8,O23104001110,2,167.9,0.0,167.9,0.0,0,BRK,New
39152,2026-09-04 00:00:00,8,O23104001099,2,76.67,0.0,76.67,0.0,0,BRK,New
39153,2026-09-04 00:00:00,8,O23104001105,2,149.52,0.0,149.52,0.0,0,BRK,New
39154,2026-09-04 00:00:00,8,O23104001097,2,31.59,0.0,31.59,0.0,0,BRK,New
39155,2026-09-04 00:00:00,8,O23104001106,2,54.23,0.0,54.23,0.0,0,BRK,New
39156,2026-09-04 00:00:00,8,K26103004896,2,17.95,0.0,17.95,0.0,0,BRK,New
39157,2026-09-04 00:00:00,8,H26103004758,2,15.34,0.0,15.34,0.0,0,BRK,New
39158,2026-09-04 00:00:00,8,H26103004760,2,4.02,0.0,4.02,0.0,0,BRK,New
39159,2026-09-04 00:00:00,8,J22103002208,2,10.3,0.0,10.3,0.0,0,BRK,New
39160,2026-09-04 00:00:00,8,I26103004881,2,5.88,0.0,5.88,0.0,0,BRK,New
39161,2026-09-04 00:00:00,8,G26103004753,2,11.77,0.0,11.77,0.0,0,BRK,New
39162,2026-09-04 00:00:00,8,I26103004876,2,38.31,0.0,38.31,0.0,0,BRK,New
39163,2026-09-04 00:00:00,8,N25103004329,2,10.33,0.0,10.33,0.0,0,BRK,New
39164,2026-09-04 00:00:00,8,L26103005027,2,3.56,0.0,3.56,0.0,0,BRK,New
39165,2026-09-05 00:00:00,8,H26103004762,2,14.34,0.0,14.34,0.0,0,brk,New
39166,2026-09-05 00:00:00,8,E26103004585,2,1.7,0.0,1.7,0.0,0,brk,New
39167,2026-09-05 00:00:00,8,O23104001098,2,121.63,0.0,121.63,0.0,0,brk,New
40165,2026-09-21 00:00:00,8,I24103003333,2,4.22,0.0,4.22,0.0,0,brk,New
