CT_ID,CMP_ID,FYR_ID,PRDT_ID,CT_VRNO,CT_DATE,CTG_ID,CNTR_ID_FROM,CNTR_ID_TO,CONFRM_VRNO,CT_NRR,CT_STATUS
1,101,1,103,CNT/17-18/1,2019-04-01 00:00:00,0,101,104,0,,New
2,101,1,103,CNT/17-18/1,2019-04-02 00:00:00,0,101,104,0,,New
3,101,1,103,CNT/17-18/1,2019-04-27 00:00:00,0,101,104,0,,New
4,101,1,103,CNT/17-18/1,2019-04-03 00:00:00,0,101,104,0,,New
5,101,1,103,CNT/17-18/1,2019-04-04 00:00:00,0,101,104,0,,New
6,101,1,103,CNT/17-18/1,2019-04-05 00:00:00,0,101,104,0,,New
7,101,1,103,CNT/17-18/2,2019-04-06 00:00:00,0,101,104,0,,New
8,101,1,103,CNT/17-18/2,2019-04-06 00:00:00,0,101,104,0,,New
9,101,1,103,CNT/17-18/2,2019-04-06 00:00:00,0,101,104,0,,New
10,101,1,103,CNT/17-18/2,2019-04-06 00:00:00,0,101,104,0,,New
11,101,1,103,CNT/17-18/2,2019-04-28 00:00:00,0,101,104,0,,New
12,101,1,103,CNT/17-18/2,2019-04-07 00:00:00,0,101,104,0,,New
13,101,1,103,CNT/17-18/2,2019-04-08 00:00:00,0,101,104,0,,New
14,101,1,104,CNT/17-18/2,2019-04-09 00:00:00,0,101,112,0,,New
15,101,1,103,CNT/17-18/2,2019-04-09 00:00:00,0,101,104,0,,New
16,101,1,103,CNT/17-18/2,2019-04-10 00:00:00,0,101,104,0,,New
17,101,1,103,CNT/17-18/2,2019-04-11 00:00:00,0,101,104,0,,New
18,101,1,104,CNT/17-18/2,2019-04-12 00:00:00,0,101,112,0,,New
19,101,1,104,CNT/17-18/2,2019-04-11 00:00:00,0,101,112,0,,New
20,101,1,103,CNT/17-18/2,2019-04-14 00:00:00,0,101,104,0,,New
21,101,1,104,CNT/17-18/2,2019-04-15 00:00:00,0,101,112,0,,New
22,101,1,103,CNT/17-18/2,2019-04-15 00:00:00,0,101,104,0,,New
23,101,1,103,CNT/17-18/2,2019-04-15 00:00:00,0,101,104,0,,New
24,101,1,103,CNT/17-18/2,2019-04-16 00:00:00,0,101,104,0,,New
25,101,1,103,CNT/17-18/2,2019-04-16 00:00:00,0,101,104,0,,New
26,101,1,103,CNT/17-18/2,2019-04-17 00:00:00,0,101,104,0,,New
27,101,1,103,CNT/17-18/2,2019-04-18 00:00:00,0,101,104,0,,New
28,101,1,103,CNT/17-18/2,2019-04-18 00:00:00,0,101,104,0,,New
29,101,1,103,CNT/17-18/2,2019-04-19 00:00:00,0,101,104,0,,New
30,101,1,103,CNT/17-18/2,2019-04-20 00:00:00,0,101,104,0,,New
31,101,1,103,CNT/17-18/2,2019-04-21 00:00:00,0,101,104,0,,New
32,101,1,103,CNT/17-18/2,2019-04-21 00:00:00,0,101,104,0,,New
33,101,1,103,CNT/17-18/2,2019-04-21 00:00:00,0,101,104,0,,New
34,101,1,103,CNT/17-18/2,2019-04-22 00:00:00,0,101,104,0,,New
35,101,1,104,CNT/17-18/2,2019-04-22 00:00:00,0,101,112,0,,New
36,101,1,103,CNT/17-18/2,2019-04-23 00:00:00,0,101,104,0,,New
37,101,1,103,CNT/17-18/2,2019-04-23 00:00:00,0,101,104,0,,New
38,101,1,103,CNT/17-18/2,2019-04-23 00:00:00,0,101,104,0,,New
39,101,1,104,CNT/17-18/2,2019-04-23 00:00:00,0,101,112,0,,New
40,101,1,103,CNT/17-18/2,2019-04-24 00:00:00,0,101,104,0,,New
41,101,1,103,CNT/17-18/2,2019-04-25 00:00:00,0,101,104,0,,New
42,101,1,103,CNT/17-18/2,2019-04-26 00:00:00,0,101,104,0,,New
43,101,1,104,CNT/17-18/2,2019-04-26 00:00:00,0,101,112,0,,New
44,101,1,103,CNT/17-18/2,2019-04-27 00:00:00,0,101,104,0,,New
45,101,1,103,CNT/17-18/2,2019-04-27 00:00:00,0,101,104,0,,New
46,101,1,103,CNT/17-18/2,2019-04-27 00:00:00,0,101,104,0,,New
47,101,1,103,CNT/17-18/3,2019-04-28 00:00:00,0,101,104,0,,New
48,101,1,103,CNT/17-18/3,2019-04-28 00:00:00,0,101,104,0,,New
49,101,1,104,CNT/17-18/4,2019-04-28 00:00:00,0,101,112,0,,New
50,101,1,103,CNT/19-20/5,2019-04-29 00:00:00,0,101,104,0,,New
51,101,1,103,CNT/19-20/6,2019-04-30 00:00:00,0,101,104,0,,New
52,101,1,103,CNT/19-20/7,2019-04-30 00:00:00,0,101,104,0,,New
53,101,1,103,CNT/17-18/8,2019-04-30 00:00:00,0,101,104,0,,New
54,101,1,103,CNT/17-18/8,2019-05-01 00:00:00,0,101,104,0,,New
55,101,1,103,CNT/17-18/8,2019-05-02 00:00:00,0,101,104,0,,New
56,101,1,103,CNT/17-18/9,2019-05-08 00:00:00,0,101,104,0,,New
57,101,1,103,CNT/17-18/10,2019-05-07 00:00:00,0,101,104,0,,New
59,101,1,103,CNT/17-18/11,2019-05-15 00:00:00,0,101,104,0,,New
60,101,1,103,CNT/17-18/11,2019-05-15 00:00:00,0,101,104,0,,New
61,101,1,104,CNT/17-18/11,2019-05-15 00:00:00,0,101,112,0,,New
62,101,1,103,CNT/17-18/11,2019-05-16 00:00:00,0,101,104,0,,New
63,101,1,103,CNT/17-18/11,2019-05-16 00:00:00,0,101,104,0,,New
64,101,1,103,CNT/17-18/11,2019-05-16 00:00:00,0,101,104,0,,New
65,101,1,103,CNT/17-18/11,2019-05-18 00:00:00,0,101,104,0,,New
66,101,1,103,CNT/17-18/11,2019-05-18 00:00:00,0,101,104,0,,New
67,101,1,103,CNT/17-18/12,2019-05-20 00:00:00,0,101,104,0,,New
68,101,1,103,CNT/17-18/12,2019-05-21 00:00:00,0,101,104,0,,New
69,101,1,103,CNT/17-18/13,2019-05-22 00:00:00,0,101,104,0,,New
70,101,1,103,CNT/17-18/13,2019-05-22 00:00:00,0,101,104,0,,New
71,101,1,103,CNT/17-18/14,2019-05-24 00:00:00,0,101,104,0,,New
72,101,1,103,CNT/17-18/15,2019-05-26 00:00:00,0,101,104,0,,New
73,101,1,103,CNT/17-18/15,2019-05-27 00:00:00,0,101,104,0,,New
74,101,1,103,CNT/17-18/15,2019-05-28 00:00:00,0,101,104,0,,New
75,101,1,103,CNT/17-18/15,2019-05-29 00:00:00,0,101,104,0,,New
76,101,1,104,CNT/17-18/15,2019-05-29 00:00:00,0,101,112,0,,New
77,101,1,103,CNT/17-18/15,2019-05-30 00:00:00,0,101,104,0,,New
78,101,1,103,CNT/17-18/15,2019-05-30 00:00:00,0,101,104,0,,New
79,101,1,103,CNT/17-18/15,2019-05-31 00:00:00,0,101,104,0,,New
80,101,1,104,CNT/17-18/15,2019-05-31 00:00:00,0,101,112,0,,New
81,101,1,103,CNT/17-18/15,2019-06-01 00:00:00,0,101,104,0,,New
82,101,1,104,CNT/17-18/15,2019-06-03 00:00:00,0,101,112,0,,New
83,101,1,103,CNT/17-18/15,2019-06-03 00:00:00,0,101,104,0,,New
84,101,1,103,CNT/17-18/16,2019-06-06 00:00:00,0,101,104,0,,New
85,101,1,104,CNT/17-18/16,2019-06-06 00:00:00,0,101,112,0,,New
86,101,1,103,CNT/17-18/16,2019-06-07 00:00:00,0,101,104,0,,New
87,101,1,103,CNT/17-18/17,2019-06-07 00:00:00,0,101,104,0,,New
88,101,1,104,CNT/17-18/18,2019-06-07 00:00:00,0,101,112,0,,New
89,101,1,103,CNT/17-18/18,2019-06-08 00:00:00,0,101,104,0,,New
90,101,1,103,CNT/19-20/19,2019-06-09 00:00:00,0,101,104,0,,New
91,101,1,104,CNT/17-18/20,2019-06-10 00:00:00,0,101,112,0,,New
92,101,1,104,CNT/17-18/20,2019-06-11 00:00:00,0,101,112,0,,New
93,101,1,104,CNT/17-18/21,2019-06-11 00:00:00,0,101,112,0,,New
94,101,1,104,CNT/17-18/22,2019-06-13 00:00:00,0,101,112,0,,New
95,101,1,103,CNT/17-18/23,2019-06-15 00:00:00,0,101,104,0,,New
96,101,1,103,CNT/17-18/23,2019-06-15 00:00:00,0,101,104,0,,New
97,101,1,104,CNT/17-18/24,2019-06-16 00:00:00,0,101,112,0,,New
98,101,1,103,CNT/17-18/24,2019-06-17 00:00:00,0,101,104,0,,New
99,101,1,103,CNT/17-18/24,2019-06-18 00:00:00,0,101,104,0,,New
100,101,1,103,CNT/17-18/25,2019-06-18 00:00:00,0,101,104,0,,New
101,101,1,103,CNT/17-18/26,2019-06-18 00:00:00,0,101,104,0,,New
102,101,1,103,CNT/17-18/27,2019-06-18 00:00:00,0,101,104,0,,New
103,101,1,103,CNT/17-18/28,2019-06-19 00:00:00,0,101,104,0,,New
104,101,1,104,CNT/17-18/28,2019-06-20 00:00:00,0,101,112,0,,New
105,101,1,104,CNT/17-18/28,2019-06-20 00:00:00,0,101,112,0,,New
106,101,1,104,CNT/17-18/28,2019-06-21 00:00:00,0,101,112,0,,New
107,101,1,104,CNT/17-18/28,2019-06-22 00:00:00,0,101,112,0,,New
108,101,1,104,CNT/17-18/28,2019-06-22 00:00:00,0,101,112,0,,New
109,101,1,103,CNT/17-18/28,2019-06-23 00:00:00,0,101,104,0,,New
58,101,1,103,CNT/17-18/10,2019-05-07 00:00:00,0,101,104,0,,New
110,101,1,103,CNT/17-18/28,2019-06-24 00:00:00,0,101,104,0,,New
111,101,1,103,CNT/17-18/29,2019-06-24 00:00:00,0,101,104,0,,New
112,101,1,103,CNT/17-18/30,2019-06-24 00:00:00,0,101,104,0,,New
113,101,1,104,CNT/17-18/30,2019-06-24 00:00:00,0,101,112,0,,New
114,101,1,103,CNT/17-18/31,2019-06-27 00:00:00,0,101,104,0,,New
115,101,1,104,CNT/17-18/32,2019-06-29 00:00:00,0,101,112,0,,New
116,101,1,104,CNT/17-18/32,2019-07-02 00:00:00,0,101,112,0,,New
117,101,1,103,CNT/17-18/32,2019-07-03 00:00:00,0,101,104,0,,New
118,101,1,104,CNT/17-18/33,2019-07-04 00:00:00,0,101,112,0,,New
119,101,1,104,CNT/17-18/33,2019-07-04 00:00:00,0,101,112,0,,New
120,101,1,104,CNT/17-18/34,2019-07-07 00:00:00,0,101,112,0,,New
121,101,1,103,CNT/17-18/34,2019-07-09 00:00:00,0,101,104,0,,New
122,101,1,103,CNT/17-18/34,2019-07-09 00:00:00,0,101,104,0,,New
124,101,1,104,CNT/17-18/35,2019-07-10 00:00:00,0,101,112,0,,New
125,101,1,103,CNT/17-18/35,2019-07-10 00:00:00,0,101,104,0,,New
126,101,1,104,CNT/17-18/35,2019-07-11 00:00:00,0,101,112,0,,New
127,101,1,104,CNT/17-18/35,2019-07-12 00:00:00,0,101,112,0,,New
128,101,1,103,CNT/17-18/35,2019-07-13 00:00:00,0,101,104,0,,New
129,101,1,103,CNT/17-18/35,2019-07-13 00:00:00,0,101,104,0,,New
130,101,1,103,CNT/17-18/35,2019-07-13 00:00:00,0,101,104,0,,New
131,101,1,104,CNT/17-18/36,2019-07-14 00:00:00,0,101,112,0,,New
132,101,1,104,CNT/17-18/37,2019-07-15 00:00:00,0,101,112,0,,New
133,101,1,103,CNT/17-18/37,2019-07-17 00:00:00,0,101,104,0,,New
134,101,1,103,CNT/17-18/38,2019-07-19 00:00:00,0,101,104,0,,New
135,101,1,104,CNT/17-18/39,2019-07-24 00:00:00,0,101,112,0,,New
136,101,1,103,CNT/17-18/39,2019-07-22 00:00:00,0,101,104,0,,New
137,101,1,103,CNT/17-18/39,2019-07-24 00:00:00,0,101,104,0,,New
138,101,1,104,CNT/17-18/40,2019-07-23 00:00:00,0,101,112,0,,New
139,101,1,103,CNT/17-18/40,2019-07-25 00:00:00,0,101,104,0,,New
140,101,1,104,CNT/17-18/41,2019-07-25 00:00:00,0,101,112,0,,New
141,101,1,103,CNT/17-18/41,2019-07-26 00:00:00,0,101,104,0,,New
142,101,1,104,CNT/17-18/41,2019-07-27 00:00:00,0,101,112,0,,New
143,101,1,103,CNT/17-18/41,2019-07-27 00:00:00,0,101,104,0,,New
144,101,1,104,CNT/17-18/41,2019-07-27 00:00:00,0,101,112,0,,New
145,101,1,104,CNT/17-18/41,2019-07-27 00:00:00,0,101,112,0,,New
146,101,1,104,CNT/17-18/41,2019-07-27 00:00:00,0,101,112,0,,New
147,101,1,104,CNT/17-18/41,2019-07-28 00:00:00,0,101,112,0,,New
148,101,1,103,CNT/17-18/41,2019-07-29 00:00:00,0,101,104,0,,New
149,101,1,104,CNT/17-18/42,2019-07-30 00:00:00,0,101,112,0,,New
150,101,1,104,CNT/17-18/42,2019-08-02 00:00:00,0,101,112,0,,New
151,101,1,104,CNT/17-18/42,2019-08-02 00:00:00,0,101,112,0,,New
152,101,1,103,CNT/17-18/43,2019-08-06 00:00:00,0,101,104,0,,New
153,101,1,103,CNT/17-18/43,2019-08-07 00:00:00,0,101,104,0,,New
154,101,1,103,CNT/17-18/43,2019-08-07 00:00:00,0,101,104,0,,New
155,101,1,104,CNT/17-18/43,2019-08-08 00:00:00,0,101,112,0,,New
156,101,1,103,CNT/17-18/43,2019-08-10 00:00:00,0,101,104,0,,New
157,101,1,104,CNT/17-18/43,2019-08-11 00:00:00,0,101,112,0,,New
158,101,1,103,CNT/17-18/43,2019-08-12 00:00:00,0,101,104,0,,New
159,101,1,104,CNT/17-18/44,2019-08-12 00:00:00,0,101,112,0,,New
160,101,1,104,CNT/17-18/44,2019-08-13 00:00:00,0,101,112,0,,New
161,101,1,103,CNT/17-18/45,2019-08-14 00:00:00,0,101,104,0,,New
162,101,1,104,CNT/17-18/45,2019-08-15 00:00:00,0,101,112,0,,New
163,101,1,104,CNT/17-18/45,2019-08-16 00:00:00,0,101,112,0,,New
164,101,1,104,CNT/17-18/45,2019-08-17 00:00:00,0,101,112,0,,New
165,101,1,104,CNT/17-18/45,2019-08-18 00:00:00,0,101,112,0,,New
166,101,1,104,CNT/17-18/45,2019-08-19 00:00:00,0,101,112,0,,New
167,101,1,103,CNT/17-18/45,2019-08-20 00:00:00,0,101,104,0,,New
168,101,1,104,CNT/17-18/45,2019-08-21 00:00:00,0,101,112,0,,New
170,101,1,103,CNT/19-20/46,2019-08-22 00:00:00,0,101,104,0,,New
171,101,1,103,CNT/19-20/47,2019-08-22 00:00:00,0,101,104,0,,New
172,101,1,104,CNT/19-20/47,2019-08-22 00:00:00,0,101,112,0,,New
173,101,1,104,CNT/17-18/48,2019-08-23 00:00:00,0,101,112,0,,New
174,101,1,103,CNT/17-18/49,2019-08-24 00:00:00,0,101,104,0,,New
175,101,1,103,CNT/17-18/49,2019-08-24 00:00:00,0,101,104,0,,New
176,101,1,104,CNT/17-18/50,2019-08-25 00:00:00,0,101,112,0,,New
177,101,1,104,CNT/17-18/50,2019-08-26 00:00:00,0,101,112,0,,New
178,101,1,104,CNT/17-18/50,2019-08-27 00:00:00,0,101,112,0,,New
179,101,1,104,CNT/17-18/50,2019-08-27 00:00:00,0,101,112,0,,New
180,101,1,104,CNT/17-18/50,2019-08-28 00:00:00,0,101,112,0,,New
181,101,1,103,CNT/17-18/50,2019-08-29 00:00:00,0,101,104,0,,New
182,101,1,103,CNT/17-18/50,2019-08-30 00:00:00,0,101,104,0,,New
183,101,1,104,CNT/17-18/50,2019-08-30 00:00:00,0,101,112,0,,New
184,101,1,104,CNT/17-18/50,2019-08-31 00:00:00,0,101,112,0,,New
185,101,1,104,CNT/17-18/51,2019-09-01 00:00:00,0,101,112,0,,New
186,101,1,104,CNT/17-18/51,2019-09-03 00:00:00,0,101,112,0,,New
187,101,1,103,CNT/17-18/51,2019-09-04 00:00:00,0,101,104,0,,New
188,101,1,103,CNT/17-18/52,2019-09-08 00:00:00,0,101,104,0,,New
189,101,1,104,CNT/17-18/52,2019-09-09 00:00:00,0,101,112,0,,New
192,101,1,104,CNT/17-18/53,2019-09-10 00:00:00,0,101,112,0,,New
193,101,1,104,CNT/17-18/53,2019-09-11 00:00:00,0,101,112,0,,New
194,101,1,104,CNT/17-18/53,2019-09-14 00:00:00,0,101,112,0,,New
195,101,1,104,CNT/17-18/53,2019-09-15 00:00:00,0,101,112,0,,New
196,101,1,104,CNT/17-18/54,2019-09-16 00:00:00,0,101,112,0,,New
197,101,1,104,CNT/17-18/54,2019-09-17 00:00:00,0,101,112,0,,New
198,101,1,103,CNT/17-18/54,2019-09-18 00:00:00,0,101,104,0,,New
199,101,1,104,CNT/17-18/55,2019-09-21 00:00:00,0,101,112,0,,New
200,101,1,104,CNT/17-18/56,2019-09-23 00:00:00,0,101,112,0,,New
201,101,1,104,CNT/17-18/56,2019-09-24 00:00:00,0,101,112,0,,New
202,101,1,103,CNT/17-18/56,2019-09-25 00:00:00,0,101,104,0,,New
203,101,1,104,CNT/17-18/56,2019-09-26 00:00:00,0,101,112,0,,New
204,101,1,104,CNT/17-18/57,2019-09-26 00:00:00,0,101,112,0,,New
205,101,1,103,CNT/17-18/57,2019-09-28 00:00:00,0,101,104,0,,New
206,101,1,103,CNT/17-18/57,2019-09-28 00:00:00,0,101,104,0,,New
207,101,1,103,CNT/17-18/57,2019-09-29 00:00:00,0,101,104,0,,New
208,101,1,104,CNT/17-18/57,2019-09-30 00:00:00,0,101,112,0,,New
209,101,1,104,CNT/17-18/57,2019-09-30 00:00:00,0,101,112,0,,New
210,101,1,104,CNT/17-18/57,2019-10-01 00:00:00,0,101,112,0,,New
216,101,1,104,CNT/17-18/58,2019-10-09 00:00:00,0,101,112,0,,New
217,101,1,104,CNT/17-18/58,2019-10-10 00:00:00,0,101,112,0,,New
218,101,1,104,CNT/17-18/59,2019-10-12 00:00:00,0,101,112,0,,New
219,101,1,103,CNT/19-20/60,2019-10-20 00:00:00,0,101,104,0,,New
220,101,1,103,CNT/19-20/61,2019-10-20 00:00:00,0,101,104,0,,New
221,101,1,103,CNT/19-20/62,2019-10-20 00:00:00,0,101,104,0,,New
222,101,1,103,CNT/19-20/63,2019-10-20 00:00:00,0,101,104,0,,New
223,101,1,104,CNT/19-20/64,2019-10-20 00:00:00,0,101,112,0,,New
224,101,1,104,CNT/19-20/64,2019-10-21 00:00:00,0,101,112,0,,New
123,101,1,104,CNT/17-18/34,2019-07-09 00:00:00,0,101,112,0,,New
169,101,1,104,CNT/17-18/45,2019-08-21 00:00:00,0,101,112,0,,New
190,101,1,104,CNT/17-18/52,2019-09-09 00:00:00,0,101,112,0,,New
225,101,1,104,CNT/19-20/64,2019-10-21 00:00:00,0,101,112,0,,New
226,101,1,104,CNT/19-20/64,2019-10-22 00:00:00,0,101,112,0,,New
227,101,1,104,CNT/19-20/64,2019-10-24 00:00:00,0,101,112,0,,New
229,101,1,103,CNT/17-18/65,2019-10-24 00:00:00,0,101,104,0,,New
230,101,1,104,CNT/17-18/65,2019-10-25 00:00:00,0,101,112,0,,New
231,101,1,104,CNT/17-18/65,2019-10-25 00:00:00,0,101,112,0,,New
232,101,1,104,CNT/17-18/65,2019-10-25 00:00:00,0,101,112,0,,New
233,101,1,104,CNT/17-18/65,2019-10-25 00:00:00,0,101,112,0,,New
234,101,1,104,CNT/17-18/65,2019-10-25 00:00:00,0,101,112,0,,New
235,101,1,104,CNT/17-18/65,2019-10-25 00:00:00,0,101,112,0,,New
236,101,1,103,CNT/17-18/65,2019-10-25 00:00:00,0,101,104,0,,New
237,101,1,104,CNT/17-18/65,2019-10-25 00:00:00,0,101,112,0,,New
238,101,1,104,CNT/17-18/65,2019-10-25 00:00:00,0,101,112,0,,New
239,101,1,104,CNT/17-18/65,2019-10-25 00:00:00,0,101,112,0,,New
240,101,1,104,CNT/17-18/65,2019-10-25 00:00:00,0,101,112,0,,New
241,101,1,104,CNT/17-18/65,2019-10-25 00:00:00,0,101,112,0,,New
242,101,1,104,CNT/17-18/65,2019-10-25 00:00:00,0,101,112,0,,New
243,101,1,104,CNT/17-18/65,2019-10-25 00:00:00,0,101,112,0,,New
244,101,1,104,CNT/17-18/65,2019-10-25 00:00:00,0,101,112,0,,New
245,101,1,104,CNT/17-18/65,2019-10-25 00:00:00,0,101,112,0,,New
246,101,1,103,CNT/17-18/65,2019-10-25 00:00:00,0,101,104,0,,New
247,101,1,104,CNT/17-18/65,2019-10-25 00:00:00,0,101,112,0,,New
248,101,1,104,CNT/17-18/65,2019-10-25 00:00:00,0,101,112,0,,New
249,101,1,104,CNT/17-18/65,2019-10-25 00:00:00,0,101,112,0,,New
250,101,1,104,CNT/17-18/65,2019-10-25 00:00:00,0,101,112,0,,New
251,101,1,104,CNT/17-18/65,2019-10-25 00:00:00,0,101,112,0,,New
252,101,1,104,CNT/17-18/65,2019-10-25 00:00:00,0,101,112,0,,New
253,101,1,104,CNT/17-18/65,2019-10-30 00:00:00,0,101,112,0,,New
254,101,1,104,CNT/17-18/65,2019-10-25 00:00:00,0,101,112,0,,New
255,101,1,104,CNT/17-18/65,2019-10-25 00:00:00,0,101,112,0,,New
256,101,1,104,CNT/17-18/65,2019-10-25 00:00:00,0,101,112,0,,New
257,101,1,103,CNT/17-18/65,2019-10-30 00:00:00,0,101,104,0,,New
258,101,1,104,CNT/17-18/65,2019-10-25 00:00:00,0,101,112,0,,New
259,101,1,104,CNT/17-18/65,2019-10-25 00:00:00,0,101,112,0,,New
260,101,1,104,CNT/17-18/65,2019-10-25 00:00:00,0,101,112,0,,New
261,101,1,104,CNT/17-18/66,2019-10-26 00:00:00,0,101,112,0,,New
262,101,1,103,CNT/17-18/66,2019-10-26 00:00:00,0,101,104,0,,New
263,101,1,103,CNT/17-18/67,2019-10-26 00:00:00,0,101,104,0,,New
264,101,1,103,CNT/17-18/67,2019-10-26 00:00:00,0,101,104,0,,New
265,101,1,103,CNT/17-18/67,2019-10-26 00:00:00,0,101,104,0,,New
266,101,1,104,CNT/17-18/67,2019-10-26 00:00:00,0,101,112,0,,New
267,101,1,104,CNT/17-18/67,2019-10-26 00:00:00,0,101,112,0,,New
268,101,1,103,CNT/17-18/67,2019-10-26 00:00:00,0,101,104,0,,New
269,101,1,103,CNT/17-18/67,2019-10-26 00:00:00,0,101,104,0,,New
270,101,1,103,CNT/17-18/67,2019-10-26 00:00:00,0,101,104,0,,New
271,101,1,104,CNT/17-18/67,2019-10-26 00:00:00,0,101,112,0,,New
272,101,1,104,CNT/17-18/67,2019-10-26 00:00:00,0,101,112,0,,New
273,101,1,103,CNT/17-18/67,2019-10-26 00:00:00,0,101,104,0,,New
274,101,1,103,CNT/17-18/67,2019-10-26 00:00:00,0,101,104,0,,New
275,101,1,103,CNT/17-18/67,2019-10-26 00:00:00,0,101,104,0,,New
276,101,1,104,CNT/17-18/67,2019-10-26 00:00:00,0,101,112,0,,New
277,101,1,103,CNT/17-18/67,2019-10-26 00:00:00,0,101,104,0,,New
278,101,1,104,CNT/17-18/67,2019-10-26 00:00:00,0,101,112,0,,New
279,101,1,104,CNT/17-18/67,2019-10-26 00:00:00,0,101,112,0,,New
280,101,1,104,CNT/17-18/67,2019-10-27 00:00:00,0,101,112,0,,New
281,101,1,103,CNT/17-18/67,2019-10-27 00:00:00,0,101,104,0,,New
282,101,1,104,CNT/17-18/67,2019-10-31 00:00:00,0,101,112,0,,New
284,101,1,104,CNT/17-18/68,2019-11-01 00:00:00,0,101,112,0,,New
285,101,1,104,CNT/17-18/68,2019-11-03 00:00:00,0,101,112,0,,New
286,101,1,103,CNT/17-18/68,2019-11-05 00:00:00,0,101,104,0,,New
287,101,1,104,CNT/17-18/68,2019-11-06 00:00:00,0,101,112,0,,New
288,101,1,104,CNT/17-18/68,2019-11-06 00:00:00,0,101,112,0,,New
289,101,1,103,CNT/17-18/68,2019-11-07 00:00:00,0,101,104,0,,New
290,101,1,103,CNT/17-18/68,2019-11-08 00:00:00,0,101,104,0,,New
291,101,1,103,CNT/17-18/68,2019-11-10 00:00:00,0,101,104,0,,New
292,101,1,103,CNT/17-18/69,2019-11-11 00:00:00,0,101,104,0,,New
293,101,1,103,CNT/17-18/69,2019-11-11 00:00:00,0,101,104,0,,New
294,101,1,104,CNT/17-18/69,2019-11-11 00:00:00,0,101,112,0,,New
295,101,1,103,CNT/17-18/69,2019-11-12 00:00:00,0,101,104,0,,New
296,101,1,103,CNT/17-18/69,2019-11-12 00:00:00,0,101,104,0,,New
297,101,1,103,CNT/17-18/69,2019-11-12 00:00:00,0,101,104,0,,New
298,101,1,103,CNT/17-18/69,2019-11-12 00:00:00,0,101,104,0,,New
299,101,1,104,CNT/17-18/69,2019-11-12 00:00:00,0,101,112,0,,New
300,101,1,104,CNT/17-18/69,2019-11-12 00:00:00,0,101,112,0,,New
301,101,1,103,CNT/17-18/69,2019-11-18 00:00:00,0,101,104,0,,New
302,101,1,103,CNT/17-18/69,2019-11-18 00:00:00,0,101,104,0,,New
303,101,1,103,CNT/17-18/69,2019-11-27 00:00:00,0,101,104,0,,New
304,101,1,104,CNT/17-18/69,2019-11-27 00:00:00,0,101,112,0,,New
305,101,1,103,CNT/17-18/69,2019-11-28 00:00:00,0,101,104,0,,New
306,101,1,104,CNT/17-18/69,2019-11-28 00:00:00,0,101,112,0,,New
307,101,1,104,CNT/17-18/69,2019-11-29 00:00:00,0,101,112,0,,New
308,101,1,103,CNT/17-18/69,2019-11-29 00:00:00,0,101,104,0,,New
310,101,1,103,CNT/17-18/70,2019-12-01 00:00:00,0,101,104,0,,New
311,101,1,104,CNT/17-18/71,2019-12-01 00:00:00,0,101,112,0,,New
312,101,1,104,CNT/17-18/71,2019-12-01 00:00:00,0,101,112,0,,New
313,101,1,104,CNT/17-18/71,2019-12-02 00:00:00,0,101,112,0,,New
314,101,1,103,CNT/17-18/71,2019-12-04 00:00:00,0,101,104,0,,New
317,101,1,103,CNT/17-18/72,2019-12-08 00:00:00,0,101,104,0,,New
318,101,1,104,CNT/17-18/72,2019-12-10 00:00:00,0,101,112,0,,New
319,101,1,103,CNT/17-18/72,2019-12-12 00:00:00,0,101,104,0,"
",New
320,101,1,103,CNT/17-18/73,2019-12-14 00:00:00,0,101,104,0,,New
321,101,1,104,CNT/17-18/74,2019-12-13 00:00:00,0,101,112,0,,New
322,101,1,104,CNT/17-18/74,2019-12-14 00:00:00,0,101,112,0,,New
323,101,1,103,CNT/17-18/74,2019-12-15 00:00:00,0,101,104,0,,New
324,101,1,104,CNT/17-18/75,2019-12-16 00:00:00,0,101,112,0,,New
325,101,1,103,CNT/17-18/75,2019-12-17 00:00:00,0,101,104,0,,New
326,101,1,104,CNT/17-18/75,2019-12-18 00:00:00,0,101,112,0,,New
327,101,1,103,CNT/17-18/75,2019-12-23 00:00:00,0,101,104,0,,New
328,101,1,103,CNT/17-18/75,2019-12-24 00:00:00,0,101,104,0,,New
329,101,1,104,CNT/17-18/75,2019-12-24 00:00:00,0,101,112,0,,New
330,101,1,104,CNT/17-18/75,2019-12-25 00:00:00,0,101,112,0,,New
331,101,1,104,CNT/17-18/75,2019-12-25 00:00:00,0,101,112,0,,New
332,101,1,103,CNT/17-18/75,2019-12-26 00:00:00,0,101,104,0,,New
333,101,1,103,CNT/17-18/76,2019-12-27 00:00:00,0,101,104,0,,New
191,101,1,104,CNT/17-18/52,2019-09-09 00:00:00,0,101,112,0,,New
211,101,1,104,CNT/17-18/57,2019-10-03 00:00:00,0,101,112,0,,New
212,101,1,103,CNT/17-18/57,2019-10-04 00:00:00,0,101,104,0,,New
213,101,1,103,CNT/17-18/57,2019-10-05 00:00:00,0,101,104,0,,New
214,101,1,104,CNT/17-18/57,2019-10-05 00:00:00,0,101,112,0,,New
215,101,1,103,CNT/17-18/57,2019-10-05 00:00:00,0,101,104,0,,New
283,101,1,104,CNT/17-18/67,2019-10-30 00:00:00,0,101,112,0,,New
309,101,1,103,CNT/17-18/69,2019-11-30 00:00:00,0,101,104,0,,New
315,101,1,103,CNT/17-18/71,2019-12-05 00:00:00,0,101,104,0,,New
316,101,1,103,CNT/17-18/71,2019-12-05 00:00:00,0,101,104,0,,New
334,101,1,104,CNT/17-18/76,2019-12-28 00:00:00,0,101,112,0,,New
335,101,1,103,CNT/17-18/76,2019-12-29 00:00:00,0,101,104,0,,New
336,101,1,104,CNT/17-18/77,2019-12-30 00:00:00,0,101,112,0,,New
337,101,1,104,CNT/17-18/77,2020-01-02 00:00:00,0,101,112,0,,New
338,101,1,104,CNT/17-18/77,2020-01-03 00:00:00,0,101,112,0,,New
339,101,1,104,CNT/17-18/77,2020-01-03 00:00:00,0,101,112,0,,New
340,101,1,103,CNT/17-18/78,2020-01-05 00:00:00,0,101,104,0,,New
341,101,1,103,CNT/17-18/79,2020-01-06 00:00:00,0,101,104,0,,New
342,101,1,104,CNT/17-18/79,2020-01-06 00:00:00,0,101,112,0,,New
343,101,1,104,CNT/17-18/79,2020-01-06 00:00:00,0,101,112,0,,New
344,101,1,103,CNT/17-18/79,2020-01-10 00:00:00,0,101,104,0,,New
345,101,1,104,CNT/17-18/79,2020-01-10 00:00:00,0,101,112,0,,New
346,101,1,104,CNT/17-18/80,2020-01-11 00:00:00,0,101,112,0,,New
347,101,1,103,CNT/17-18/80,2020-01-12 00:00:00,0,101,104,0,,New
348,101,1,104,CNT/17-18/80,2020-01-12 00:00:00,0,101,112,0,,New
349,101,1,104,CNT/17-18/80,2020-01-12 00:00:00,0,101,112,0,,New
350,101,1,104,CNT/17-18/81,2020-01-15 00:00:00,0,101,112,0,,New
351,101,1,104,CNT/17-18/81,2020-01-17 00:00:00,0,101,112,0,,New
352,101,1,104,CNT/17-18/81,2020-01-17 00:00:00,0,101,112,0,,New
353,101,1,104,CNT/17-18/81,2020-01-18 00:00:00,0,101,112,0,,New
354,101,1,104,CNT/17-18/81,2020-01-18 00:00:00,0,101,112,0,,New
355,101,1,104,CNT/17-18/81,2020-01-18 00:00:00,0,101,112,0,,New
356,101,1,104,CNT/17-18/82,2020-01-19 00:00:00,0,101,112,0,,New
357,101,1,104,CNT/17-18/82,2020-01-19 00:00:00,0,101,112,0,,New
358,101,1,103,CNT/17-18/82,2020-01-19 00:00:00,0,101,104,0,,New
359,101,1,104,CNT/17-18/82,2020-01-21 00:00:00,0,101,112,0,,New
360,101,1,104,CNT/17-18/82,2020-01-21 00:00:00,0,101,112,0,,New
361,101,1,104,CNT/17-18/82,2020-01-22 00:00:00,0,101,112,0,,New
362,101,1,104,CNT/17-18/82,2020-01-22 00:00:00,0,101,112,0,,New
363,101,1,104,CNT/17-18/82,2020-01-23 00:00:00,0,101,112,0,,New
364,101,1,103,CNT/17-18/82,2020-01-23 00:00:00,0,101,104,0,,New
365,101,1,103,CNT/17-18/83,2020-01-23 00:00:00,0,101,104,0,,New
366,101,1,104,CNT/17-18/83,2020-01-24 00:00:00,0,101,112,0,,New
367,101,1,103,CNT/17-18/83,2020-01-24 00:00:00,0,101,104,0,,New
368,101,1,104,CNT/17-18/83,2020-01-25 00:00:00,0,101,112,0,,New
369,101,1,104,CNT/17-18/83,2020-01-25 00:00:00,0,101,112,0,,New
370,101,1,103,CNT/17-18/84,2020-01-27 00:00:00,0,101,104,0,,New
371,101,1,104,CNT/17-18/84,2020-01-27 00:00:00,0,101,112,0,,New
372,101,1,104,CNT/17-18/84,2020-01-28 00:00:00,0,101,112,0,,New
373,101,1,103,CNT/17-18/84,2020-01-29 00:00:00,0,101,104,0,,New
374,101,1,104,CNT/17-18/84,2020-01-29 00:00:00,0,101,112,0,,New
375,101,1,104,CNT/17-18/85,2020-01-31 00:00:00,0,101,112,0,,New
376,101,1,104,CNT/17-18/85,2020-02-01 00:00:00,0,101,112,0,,New
377,101,1,103,CNT/17-18/85,2020-02-01 00:00:00,0,101,104,0,,New
378,101,1,103,CNT/19-20/86,2020-02-02 00:00:00,0,101,104,0,,New
379,101,1,103,CNT/19-20/87,2020-02-02 00:00:00,0,101,104,0,,New
380,101,1,104,CNT/17-18/88,2020-02-02 00:00:00,0,101,112,0,,New
381,101,1,103,CNT/17-18/88,2020-02-03 00:00:00,0,101,104,0,,New
382,101,1,104,CNT/17-18/88,2020-02-04 00:00:00,0,101,112,0,,New
383,101,1,104,CNT/17-18/88,2020-02-04 00:00:00,0,101,112,0,,New
384,101,1,103,CNT/17-18/88,2020-02-04 00:00:00,0,101,104,0,,New
385,101,1,104,CNT/17-18/88,2020-02-05 00:00:00,0,101,112,0,,New
386,101,1,104,CNT/17-18/88,2020-02-05 00:00:00,0,101,112,0,,New
387,101,1,104,CNT/17-18/89,2020-02-07 00:00:00,0,101,112,0,,New
388,101,1,103,CNT/17-18/89,2020-02-08 00:00:00,0,101,104,0,,New
389,101,1,103,CNT/17-18/89,2020-02-08 00:00:00,0,101,104,0,,New
390,101,1,103,CNT/17-18/89,2020-02-09 00:00:00,0,101,104,0,,New
391,101,1,104,CNT/17-18/89,2020-02-12 00:00:00,0,101,112,0,,New
392,101,1,104,CNT/17-18/90,2020-02-13 00:00:00,0,101,112,0,,New
394,101,1,104,CNT/17-18/91,2020-02-14 00:00:00,0,101,112,0,,New
395,101,1,103,CNT/17-18/91,2020-02-14 00:00:00,0,101,104,0,,New
396,101,1,103,CNT/17-18/91,2020-02-14 00:00:00,0,101,104,0,,New
397,101,1,103,CNT/17-18/92,2020-02-17 00:00:00,0,101,104,0,,New
398,101,1,103,CNT/19-20/93,2020-02-21 00:00:00,0,101,104,0,,New
399,101,1,103,CNT/19-20/94,2020-02-21 00:00:00,0,101,104,0,,New
400,101,1,103,CNT/19-20/95,2020-02-21 00:00:00,0,101,104,0,"


",New
401,101,1,103,CNT/19-20/96,2020-02-21 00:00:00,0,101,104,0,,New
402,101,1,103,CNT/19-20/97,2020-02-23 00:00:00,0,101,104,0,,New
403,101,1,104,CNT/19-20/98,2020-02-22 00:00:00,0,101,112,0,,New
404,101,1,104,CNT/19-20/98,2020-02-23 00:00:00,0,101,112,0,,New
405,101,1,104,CNT/19-20/98,2020-02-23 00:00:00,0,101,112,0,,New
406,101,1,104,CNT/19-20/98,2020-02-23 00:00:00,0,101,112,0,,New
407,101,1,103,CNT/19-20/98,2020-02-24 00:00:00,0,101,104,0,,New
408,101,1,103,CNT/19-20/98,2020-02-24 00:00:00,0,101,104,0,,New
409,101,1,104,CNT/19-20/99,2020-02-24 00:00:00,0,101,112,0,,New
410,101,1,103,CNT/17-18/100,2020-02-26 00:00:00,0,101,104,0,,New
411,101,1,103,CNT/17-18/100,2020-02-27 00:00:00,0,101,104,0,,New
412,101,1,103,CNT/19-20/101,2020-03-03 00:00:00,0,101,104,0,,New
413,101,1,104,CNT/19-20/102,2020-03-03 00:00:00,0,101,112,0,,New
414,101,1,104,CNT/19-20/102,2020-03-03 00:00:00,0,101,112,0,,New
415,101,1,104,CNT/17-18/103,2020-03-06 00:00:00,0,101,112,0,,New
416,101,1,103,CNT/17-18/103,2020-03-06 00:00:00,0,101,104,0,,New
417,101,1,103,CNT/17-18/103,2020-03-07 00:00:00,0,101,104,0,,New
418,101,1,104,CNT/17-18/103,2020-03-07 00:00:00,0,101,112,0,,New
419,101,1,104,CNT/17-18/103,2020-03-09 00:00:00,0,101,112,0,,New
420,101,1,104,CNT/17-18/103,2020-03-09 00:00:00,0,101,112,0,,New
421,101,1,103,CNT/17-18/104,2020-03-13 00:00:00,0,101,104,0,,New
422,101,1,104,CNT/17-18/104,2020-03-14 00:00:00,0,101,112,0,,New
423,101,1,103,CNT/17-18/105,2020-03-16 00:00:00,0,101,104,0,,New
424,101,1,104,CNT/17-18/105,2020-03-16 00:00:00,0,101,112,0,,New
425,101,1,104,CNT/17-18/106,2020-03-16 00:00:00,0,101,112,0,,New
426,101,1,103,CNT/17-18/106,2020-03-17 00:00:00,0,101,104,0,,New
427,101,2,104,CNT/20-21/1,2020-05-13 00:00:00,0,101,112,0,,New
428,101,2,104,CNT/17-18/2,2020-05-16 00:00:00,0,101,112,0,,New
429,101,2,104,CNT/17-18/3,2020-05-22 00:00:00,0,101,112,0,,New
430,101,2,103,CNT/17-18/4,2020-05-27 00:00:00,0,101,104,0,,New
431,101,2,103,CNT/17-18/5,2020-05-29 00:00:00,0,101,104,0,,New
228,101,1,103,CNT/19-20/64,2019-10-24 00:00:00,0,101,104,0,,New
393,101,1,103,CNT/17-18/90,2020-02-13 00:00:00,0,101,104,0,,New
432,101,2,103,CNT/17-18/6,2020-06-04 00:00:00,0,101,104,0,,New
433,101,2,104,CNT/17-18/7,2020-06-05 00:00:00,0,101,112,0,,New
434,101,2,103,CNT/17-18/7,2020-06-05 00:00:00,0,101,104,0,,New
435,101,2,103,CNT/17-18/8,2020-06-09 00:00:00,0,101,104,0,,New
436,101,2,103,CNT/17-18/9,2020-06-17 00:00:00,0,101,104,0,,New
437,101,2,103,CNT/17-18/9,2020-06-17 00:00:00,0,101,104,0,,New
438,101,2,103,CNT/17-18/9,2020-06-17 00:00:00,0,101,104,0,,New
439,101,2,103,CNT/17-18/9,2020-06-17 00:00:00,0,101,104,0,,New
440,101,2,104,CNT/17-18/9,2020-06-18 00:00:00,0,101,112,0,,New
441,101,2,104,CNT/17-18/9,2020-06-18 00:00:00,0,101,112,0,,New
442,101,2,104,CNT/17-18/10,2020-06-24 00:00:00,0,101,112,0,,New
443,101,2,104,CNT/17-18/11,2020-06-30 00:00:00,0,101,112,0,,New
444,101,2,103,CNT/17-18/12,2020-07-02 00:00:00,0,101,104,0,,New
445,101,2,103,CNT/17-18/13,2020-07-03 00:00:00,0,101,104,0,,New
446,101,2,103,CNT/17-18/13,2020-07-06 00:00:00,0,101,104,0,,New
447,101,2,103,CNT/17-18/14,2020-07-13 00:00:00,0,101,104,0,,New
448,101,2,104,CNT/17-18/14,2020-07-13 00:00:00,0,101,112,0,,New
449,101,2,103,CNT/17-18/14,2020-07-13 00:00:00,0,101,104,0,,New
450,101,2,104,CNT/17-18/15,2020-07-14 00:00:00,0,101,112,0,,New
451,101,2,103,CNT/17-18/15,2020-07-16 00:00:00,0,101,104,0,,New
452,101,2,103,CNT/17-18/16,2020-07-16 00:00:00,0,101,104,0,"
",New
453,101,2,103,CNT/17-18/17,2020-07-16 00:00:00,0,101,104,0,,New
454,101,2,104,CNT/17-18/18,2020-07-16 00:00:00,0,101,112,0,,New
455,101,2,103,CNT/17-18/19,2020-07-17 00:00:00,0,101,104,0,,New
456,101,2,104,CNT/17-18/20,2020-08-03 00:00:00,0,101,112,0,,New
457,101,2,104,CNT/17-18/21,2020-08-05 00:00:00,0,101,112,0,,New
458,101,2,104,CNT/17-18/21,2020-08-06 00:00:00,0,101,112,0,,New
459,101,2,104,CNT/17-18/21,2020-08-06 00:00:00,0,101,112,0,,New
460,101,2,104,CNT/17-18/21,2020-08-06 00:00:00,0,101,112,0,,New
461,101,2,103,CNT/17-18/22,2020-08-07 00:00:00,0,101,104,0,,New
462,101,2,103,CNT/17-18/22,2020-08-07 00:00:00,0,101,104,0,,New
463,101,2,103,CNT/17-18/22,2020-08-10 00:00:00,0,101,104,0,,New
464,101,2,103,CNT/17-18/22,2020-08-10 00:00:00,0,101,104,0,,New
465,101,2,103,CNT/17-18/23,2020-08-11 00:00:00,0,101,104,0,,New
466,101,2,104,CNT/17-18/24,2020-08-17 00:00:00,0,101,112,0,,New
467,101,2,103,CNT/17-18/25,2020-08-20 00:00:00,0,101,104,0,,New
468,101,2,104,CNT/17-18/25,2020-08-20 00:00:00,0,101,112,0,,New
469,101,2,104,CNT/17-18/26,2020-08-24 00:00:00,0,101,112,0,,New
470,101,2,104,CNT/17-18/26,2020-09-05 00:00:00,0,101,112,0,,New
471,101,2,104,CNT/17-18/27,2020-09-06 00:00:00,0,101,112,0,,New
472,101,2,104,CNT/17-18/27,2020-09-07 00:00:00,0,101,112,0,,New
473,101,2,104,CNT/17-18/28,2020-09-07 00:00:00,0,101,112,0,,New
474,101,2,104,CNT/17-18/28,2020-09-08 00:00:00,0,101,112,0,,New
480,101,2,103,CNT/17-18/29,2020-09-18 00:00:00,0,101,104,0,,New
481,101,2,104,CNT/17-18/30,2020-09-21 00:00:00,0,101,112,0,,New
482,101,2,104,CNT/17-18/30,2020-09-20 00:00:00,0,101,112,0,,New
483,101,2,103,CNT/17-18/30,2020-09-21 00:00:00,0,101,104,0,,New
484,101,2,104,CNT/17-18/31,2020-09-22 00:00:00,0,101,112,0,,New
485,101,2,104,CNT/17-18/32,2020-09-24 00:00:00,0,101,112,0,,New
486,101,2,104,CNT/17-18/32,2020-09-28 00:00:00,0,101,112,0,,New
487,101,2,103,CNT/17-18/32,2020-09-29 00:00:00,0,101,104,0,,New
488,101,2,104,CNT/17-18/32,2020-09-29 00:00:00,0,101,112,0,,New
489,101,2,104,CNT/17-18/32,2020-09-29 00:00:00,0,101,112,0,,New
490,101,2,103,CNT/17-18/32,2020-09-29 00:00:00,0,101,104,0,,New
491,101,2,104,CNT/17-18/32,2020-09-29 00:00:00,0,101,112,0,,New
492,101,2,104,CNT/17-18/33,2020-10-03 00:00:00,0,101,112,0,,New
493,101,2,104,CNT/17-18/33,2020-10-05 00:00:00,0,101,112,0,,New
494,101,2,104,CNT/17-18/33,2020-10-06 00:00:00,0,101,112,0,,New
495,101,2,104,CNT/17-18/33,2020-10-07 00:00:00,0,101,112,0,,New
496,101,2,104,CNT/17-18/34,2020-10-11 00:00:00,0,101,112,0,,New
497,101,2,103,CNT/17-18/34,2020-10-12 00:00:00,0,101,104,0,,New
498,101,2,104,CNT/17-18/34,2020-10-17 00:00:00,0,101,112,0,,New
502,101,2,103,CNT/17-18/35,2020-10-20 00:00:00,0,101,104,0,,New
503,101,2,104,CNT/17-18/35,2020-10-20 00:00:00,0,101,112,0,,New
504,101,2,104,CNT/17-18/35,2020-10-20 00:00:00,0,101,112,0,,New
505,101,2,104,CNT/17-18/36,2020-10-21 00:00:00,0,101,112,0,,New
506,101,2,103,CNT/17-18/36,2020-10-22 00:00:00,0,101,104,0,,New
507,101,2,104,CNT/17-18/36,2020-10-22 00:00:00,0,101,112,0,,New
508,101,2,104,CNT/17-18/37,2020-10-23 00:00:00,0,101,112,0,,New
509,101,2,103,CNT/17-18/37,2020-10-23 00:00:00,0,101,104,0,,New
510,101,2,104,CNT/17-18/37,2020-10-24 00:00:00,0,101,112,0,,New
511,101,2,103,CNT/17-18/37,2020-10-24 00:00:00,0,101,104,0,,New
512,101,2,104,CNT/17-18/37,2020-10-24 00:00:00,0,101,112,0,,New
516,101,2,104,CNT/17-18/38,2020-10-28 00:00:00,0,101,112,0,,New
517,101,2,103,CNT/17-18/38,2020-10-29 00:00:00,0,101,104,0,,New
518,101,2,104,CNT/17-18/39,2020-10-30 00:00:00,0,101,112,0,,New
519,101,2,104,CNT/17-18/39,2020-10-30 00:00:00,0,101,112,0,,New
520,101,2,104,CNT/17-18/39,2020-10-30 00:00:00,0,101,112,0,,New
521,101,2,104,CNT/17-18/39,2020-10-30 00:00:00,0,101,112,0,,New
522,101,2,103,CNT/17-18/40,2020-10-31 00:00:00,0,101,104,0,,New
523,101,2,103,CNT/17-18/41,2020-11-01 00:00:00,0,101,104,0,,New
524,101,2,103,CNT/17-18/41,2020-11-01 00:00:00,0,101,104,0,,New
525,101,2,104,CNT/17-18/42,2020-11-02 00:00:00,0,101,112,0,,New
526,101,2,103,CNT/17-18/42,2020-11-03 00:00:00,0,101,104,0,,New
528,101,2,103,CNT/17-18/43,2020-11-05 00:00:00,0,101,104,0,,New
529,101,2,103,CNT/17-18/44,2020-11-06 00:00:00,0,101,104,0,,New
530,101,2,103,CNT/17-18/45,2020-11-03 00:00:00,0,101,104,0,,New
531,101,2,103,CNT/17-18/45,2020-11-03 00:00:00,0,101,104,0,,New
532,101,2,103,CNT/17-18/46,2020-11-08 00:00:00,0,101,104,0,,New
533,101,2,103,CNT/17-18/46,2020-11-08 00:00:00,0,101,104,0,,New
534,101,2,103,CNT/17-18/47,2020-11-09 00:00:00,0,101,104,0,,New
535,101,2,103,CNT/20-21/48,2020-11-09 00:00:00,0,101,104,0,,New
536,101,2,103,CNT/20-21/49,2020-11-09 00:00:00,0,101,104,0,,New
537,101,2,104,CNT/17-18/50,2020-11-09 00:00:00,0,101,112,0,,New
538,101,2,103,CNT/17-18/50,2020-11-10 00:00:00,0,101,104,0,,New
539,101,2,103,CNT/20-21/51,2020-11-10 00:00:00,0,101,104,0,,New
540,101,2,103,CNT/17-18/52,2020-11-11 00:00:00,0,101,104,0,,New
541,101,2,104,CNT/17-18/52,2020-11-11 00:00:00,0,101,112,0,,New
542,101,2,104,CNT/17-18/53,2020-11-12 00:00:00,0,101,112,0,,New
543,101,2,103,CNT/17-18/53,2020-11-12 00:00:00,0,101,104,0,,New
544,101,2,104,CNT/17-18/53,2020-11-12 00:00:00,0,101,112,0,,New
545,101,2,104,CNT/17-18/53,2020-11-12 00:00:00,0,101,112,0,,New
546,101,2,104,CNT/17-18/53,2020-11-12 00:00:00,0,101,112,0,,New
547,101,2,104,CNT/17-18/53,2020-11-12 00:00:00,0,101,112,0,,New
548,101,2,104,CNT/17-18/53,2020-11-12 00:00:00,0,101,112,0,,New
475,101,2,103,CNT/17-18/28,2020-09-09 00:00:00,0,101,104,0,,New
476,101,2,104,CNT/17-18/28,2020-09-10 00:00:00,0,101,112,0,,New
477,101,2,104,CNT/17-18/28,2020-09-11 00:00:00,0,101,112,0,,New
478,101,2,104,CNT/17-18/28,2020-09-14 00:00:00,0,101,112,0,,New
479,101,2,104,CNT/17-18/28,2020-09-16 00:00:00,0,101,112,0,,New
499,101,2,104,CNT/17-18/34,2020-10-18 00:00:00,0,101,112,0,,New
513,101,2,104,CNT/17-18/37,2020-10-24 00:00:00,0,101,112,0,,New
527,101,2,104,CNT/17-18/42,2020-11-03 00:00:00,0,101,112,0,,New
549,101,2,104,CNT/17-18/53,2020-11-12 00:00:00,0,101,112,0,,New
550,101,2,103,CNT/17-18/53,2020-11-12 00:00:00,0,101,104,0,,New
551,101,2,103,CNT/17-18/53,2020-11-12 00:00:00,0,101,104,0,,New
552,101,2,104,CNT/17-18/53,2020-11-12 00:00:00,0,101,112,0,,New
553,101,2,104,CNT/17-18/53,2020-11-12 00:00:00,0,101,112,0,,New
554,101,2,104,CNT/17-18/53,2020-11-12 00:00:00,0,101,112,0,,New
555,101,2,104,CNT/17-18/53,2020-11-12 00:00:00,0,101,112,0,,New
556,101,2,104,CNT/17-18/53,2020-11-12 00:00:00,0,101,112,0,,New
557,101,2,104,CNT/17-18/53,2020-11-12 00:00:00,0,101,112,0,,New
558,101,2,104,CNT/17-18/53,2020-11-12 00:00:00,0,101,112,0,,New
559,101,2,104,CNT/17-18/53,2020-11-12 00:00:00,0,101,112,0,,New
560,101,2,104,CNT/17-18/53,2020-11-12 00:00:00,0,101,112,0,,New
561,101,2,104,CNT/17-18/53,2020-11-12 00:00:00,0,101,112,0,,New
562,101,2,104,CNT/17-18/54,2020-11-13 00:00:00,0,101,112,0,,New
563,101,2,104,CNT/17-18/54,2020-11-13 00:00:00,0,101,112,0,,New
564,101,2,103,CNT/17-18/54,2020-11-13 00:00:00,0,101,104,0,,New
565,101,2,103,CNT/17-18/54,2020-11-13 00:00:00,0,101,104,0,,New
566,101,2,104,CNT/17-18/54,2020-11-13 00:00:00,0,101,112,0,,New
567,101,2,104,CNT/17-18/54,2020-11-13 00:00:00,0,101,112,0,,New
568,101,2,103,CNT/17-18/54,2020-11-13 00:00:00,0,101,104,0,,New
569,101,2,104,CNT/17-18/54,2020-11-13 00:00:00,0,101,112,0,,New
570,101,2,104,CNT/17-18/54,2020-11-13 00:00:00,0,101,112,0,,New
571,101,2,104,CNT/17-18/54,2020-11-13 00:00:00,0,101,112,0,,New
572,101,2,104,CNT/17-18/54,2020-11-13 00:00:00,0,101,112,0,,New
573,101,2,104,CNT/17-18/54,2020-11-13 00:00:00,0,101,112,0,,New
574,101,2,104,CNT/17-18/54,2020-11-13 00:00:00,0,101,112,0,,New
575,101,2,104,CNT/17-18/54,2020-11-13 00:00:00,0,101,112,0,,New
576,101,2,104,CNT/17-18/54,2020-11-13 00:00:00,0,101,112,0,,New
577,101,2,104,CNT/17-18/54,2020-11-13 00:00:00,0,101,112,0,,New
578,101,2,104,CNT/17-18/54,2020-11-13 00:00:00,0,101,112,0,,New
579,101,2,104,CNT/17-18/54,2020-11-13 00:00:00,0,101,112,0,,New
580,101,2,103,CNT/17-18/54,2020-11-13 00:00:00,0,101,104,0,,New
581,101,2,104,CNT/17-18/55,2020-11-14 00:00:00,0,101,112,0,,New
582,101,2,104,CNT/17-18/55,2020-11-13 00:00:00,0,101,112,0,,New
583,101,2,104,CNT/17-18/55,2020-11-13 00:00:00,0,101,112,0,,New
584,101,2,104,CNT/17-18/55,2020-11-13 00:00:00,0,101,112,0,,New
585,101,2,104,CNT/17-18/55,2020-11-13 00:00:00,0,101,112,0,,New
586,101,2,104,CNT/17-18/56,2020-11-14 00:00:00,0,101,112,0,,New
587,101,2,104,CNT/17-18/56,2020-11-14 00:00:00,0,101,112,0,,New
588,101,2,104,CNT/17-18/56,2020-11-13 00:00:00,0,101,112,0,,New
589,101,2,104,CNT/17-18/56,2020-11-13 00:00:00,0,101,112,0,,New
590,101,2,103,CNT/17-18/56,2020-11-13 00:00:00,0,101,104,0,,New
591,101,2,104,CNT/17-18/56,2020-11-13 00:00:00,0,101,112,0,,New
592,101,2,104,CNT/17-18/56,2020-11-13 00:00:00,0,101,112,0,,New
593,101,2,104,CNT/17-18/56,2020-11-13 00:00:00,0,101,112,0,,New
594,101,2,104,CNT/17-18/56,2020-11-13 00:00:00,0,101,112,0,,New
595,101,2,104,CNT/17-18/56,2020-11-13 00:00:00,0,101,112,0,,New
596,101,2,104,CNT/17-18/56,2020-11-14 00:00:00,0,101,112,0,,New
597,101,2,104,CNT/17-18/56,2020-11-14 00:00:00,0,101,112,0,,New
598,101,2,104,CNT/17-18/57,2020-11-14 00:00:00,0,101,112,0,,New
599,101,2,104,CNT/17-18/57,2020-11-15 00:00:00,0,101,112,0,,New
600,101,2,104,CNT/17-18/57,2020-11-17 00:00:00,0,101,112,0,,New
601,101,2,103,CNT/17-18/57,2020-11-17 00:00:00,0,101,104,0,,New
602,101,2,104,CNT/17-18/57,2020-11-17 00:00:00,0,101,112,0,,New
603,101,2,103,CNT/17-18/57,2020-11-17 00:00:00,0,101,104,0,,New
604,101,2,104,CNT/17-18/58,2020-11-17 00:00:00,0,101,112,0,,New
605,101,2,104,CNT/17-18/58,2020-11-17 00:00:00,0,101,112,0,,New
606,101,2,104,CNT/17-18/59,2020-11-18 00:00:00,0,101,112,0,,New
607,101,2,104,CNT/17-18/60,2020-11-20 00:00:00,0,101,112,0,,New
608,101,2,103,CNT/17-18/60,2020-11-21 00:00:00,0,101,104,0,,New
609,101,2,103,CNT/17-18/60,2020-11-22 00:00:00,0,101,104,0,,New
611,101,2,104,CNT/17-18/61,2020-11-22 00:00:00,0,101,112,0,,New
612,101,2,103,CNT/17-18/61,2020-11-23 00:00:00,0,101,104,0,,New
613,101,2,104,CNT/17-18/62,2020-11-25 00:00:00,0,101,112,0,,New
614,101,2,103,CNT/17-18/63,2020-11-27 00:00:00,0,101,104,0,,New
615,101,2,104,CNT/17-18/64,2020-11-29 00:00:00,0,101,112,0,,New
616,101,2,104,CNT/17-18/64,2020-11-29 00:00:00,0,101,112,0,,New
617,101,2,104,CNT/17-18/65,2020-11-30 00:00:00,0,101,112,0,,New
618,101,2,104,CNT/17-18/65,2020-11-30 00:00:00,0,101,112,0,,New
619,101,2,104,CNT/17-18/66,2020-12-01 00:00:00,0,101,112,0,,New
620,101,2,104,CNT/17-18/67,2020-12-01 00:00:00,0,101,112,0,,New
621,101,2,103,CNT/17-18/68,2020-12-06 00:00:00,0,101,104,0,,New
622,101,2,103,CNT/17-18/68,2020-12-06 00:00:00,0,101,104,0,,New
623,101,2,103,CNT/17-18/68,2020-12-07 00:00:00,0,101,104,0,,New
624,101,2,103,CNT/20-21/69,2020-12-09 00:00:00,0,101,104,0,,New
625,101,2,104,CNT/17-18/70,2020-12-10 00:00:00,0,101,112,0,,New
626,101,2,103,CNT/17-18/71,2020-12-11 00:00:00,0,101,104,0,,New
627,101,2,104,CNT/17-18/71,2020-12-11 00:00:00,0,101,112,0,,New
628,101,2,103,CNT/17-18/72,2020-12-11 00:00:00,0,101,104,0,,New
629,101,2,104,CNT/17-18/72,2020-12-11 00:00:00,0,101,112,0,,New
630,101,2,104,CNT/17-18/72,2020-12-11 00:00:00,0,101,112,0,,New
631,101,2,103,CNT/17-18/72,2020-12-11 00:00:00,0,101,104,0,,New
632,101,2,104,CNT/17-18/73,2020-12-13 00:00:00,0,101,112,0,,New
633,101,2,104,CNT/17-18/73,2020-12-14 00:00:00,0,101,112,0,,New
634,101,2,104,CNT/17-18/74,2020-12-16 00:00:00,0,101,112,0,,New
635,101,2,103,CNT/17-18/74,2020-12-16 00:00:00,0,101,104,0,,New
636,101,2,104,CNT/17-18/74,2020-12-16 00:00:00,0,101,112,0,,New
637,101,2,104,CNT/17-18/75,2020-12-16 00:00:00,0,101,112,0,,New
638,101,2,103,CNT/17-18/76,2020-12-18 00:00:00,0,101,104,0,,New
639,101,2,103,CNT/17-18/77,2020-12-19 00:00:00,0,101,104,0,,New
641,101,2,103,CNT/17-18/78,2020-12-20 00:00:00,0,101,104,0,,New
642,101,2,104,CNT/17-18/79,2020-12-20 00:00:00,0,101,112,0,,New
643,101,2,104,CNT/17-18/79,2020-12-21 00:00:00,0,101,112,0,,New
644,101,2,103,CNT/17-18/79,2020-12-21 00:00:00,0,101,104,0,,New
645,101,2,104,CNT/17-18/80,2020-12-22 00:00:00,0,101,112,0,,New
646,101,2,104,CNT/17-18/81,2020-12-24 00:00:00,0,101,112,0,,New
647,101,2,104,CNT/17-18/82,2020-12-26 00:00:00,0,101,112,0,,New
648,101,2,104,CNT/17-18/82,2020-12-27 00:00:00,0,101,112,0,,New
649,101,2,104,CNT/17-18/82,2020-12-28 00:00:00,0,101,112,0,,New
500,101,2,104,CNT/17-18/34,2020-10-19 00:00:00,0,101,112,0,,New
501,101,2,104,CNT/17-18/34,2020-10-19 00:00:00,0,101,112,0,,New
610,101,2,103,CNT/17-18/60,2020-11-22 00:00:00,0,101,104,0,,New
650,101,2,104,CNT/17-18/83,2020-12-29 00:00:00,0,101,112,0,,New
651,101,2,103,CNT/17-18/83,2020-12-31 00:00:00,0,101,104,0,,New
652,101,2,104,CNT/17-18/83,2020-12-31 00:00:00,0,101,112,0,,New
653,101,2,104,CNT/17-18/83,2020-12-31 00:00:00,0,101,112,0,,New
654,101,2,103,CNT/17-18/84,2021-01-02 00:00:00,0,101,104,0,,New
655,101,2,103,CNT/17-18/85,2021-01-05 00:00:00,0,101,104,0,,New
656,101,2,103,CNT/17-18/85,2021-01-05 00:00:00,0,101,104,0,,New
657,101,2,103,CNT/17-18/86,2021-01-11 00:00:00,0,101,104,0,,New
658,101,2,104,CNT/17-18/87,2021-01-12 00:00:00,0,101,112,0,,New
659,101,2,103,CNT/17-18/88,2021-01-14 00:00:00,0,101,104,0,,New
660,101,2,104,CNT/17-18/88,2021-01-14 00:00:00,0,101,112,0,,New
661,101,2,104,CNT/17-18/88,2021-01-14 00:00:00,0,101,112,0,,New
662,101,2,104,CNT/17-18/88,2021-01-14 00:00:00,0,101,112,0,,New
663,101,2,104,CNT/17-18/88,2021-01-14 00:00:00,0,101,112,0,,New
664,101,2,103,CNT/17-18/89,2021-01-15 00:00:00,0,101,104,0,,New
665,101,2,103,CNT/17-18/90,2021-01-18 00:00:00,0,101,104,0,,New
666,101,2,104,CNT/17-18/91,2021-01-20 00:00:00,0,101,112,0,,New
667,101,2,104,CNT/17-18/91,2021-01-21 00:00:00,0,101,112,0,,New
668,101,2,104,CNT/17-18/92,2021-01-23 00:00:00,0,101,112,0,,New
669,101,2,104,CNT/17-18/93,2021-01-26 00:00:00,0,101,112,0,,New
670,101,2,104,CNT/17-18/93,2021-01-26 00:00:00,0,101,112,0,,New
671,101,2,104,CNT/17-18/93,2021-01-28 00:00:00,0,101,112,0,,New
672,101,2,104,CNT/17-18/93,2021-01-28 00:00:00,0,101,112,0,,New
673,101,2,104,CNT/17-18/93,2021-01-29 00:00:00,0,101,112,0,,New
674,101,2,104,CNT/17-18/94,2021-01-30 00:00:00,0,101,112,0,,New
675,101,2,103,CNT/17-18/94,2021-01-30 00:00:00,0,101,104,0,,New
676,101,2,104,CNT/17-18/95,2021-01-30 00:00:00,0,101,112,0,,New
677,101,2,103,CNT/17-18/95,2021-01-31 00:00:00,0,101,104,0,,New
678,101,2,103,CNT/17-18/95,2021-01-31 00:00:00,0,101,104,0,,New
679,101,2,104,CNT/17-18/95,2021-01-31 00:00:00,0,101,112,0,,New
680,101,2,103,CNT/17-18/95,2021-01-31 00:00:00,0,101,104,0,,New
681,101,2,104,CNT/17-18/96,2021-02-02 00:00:00,0,101,112,0,,New
682,101,2,104,CNT/17-18/96,2021-02-04 00:00:00,0,101,112,0,,New
683,101,2,104,CNT/17-18/96,2021-02-04 00:00:00,0,101,112,0,,New
684,101,2,104,CNT/17-18/96,2021-02-06 00:00:00,0,101,112,0,,New
685,101,2,103,CNT/17-18/96,2021-02-07 00:00:00,0,101,104,0,,New
686,101,2,104,CNT/17-18/96,2021-02-07 00:00:00,0,101,112,0,,New
687,101,2,104,CNT/17-18/96,2021-02-08 00:00:00,0,101,112,0,,New
688,101,2,104,CNT/17-18/97,2021-02-12 00:00:00,0,101,112,0,,New
689,101,2,104,CNT/17-18/97,2021-02-12 00:00:00,0,101,112,0,,New
690,101,2,104,CNT/17-18/97,2021-02-13 00:00:00,0,101,112,0,,New
691,101,2,104,CNT/17-18/97,2021-02-17 00:00:00,0,101,112,0,,New
692,101,2,104,CNT/17-18/97,2021-02-17 00:00:00,0,101,112,0,,New
693,101,2,104,CNT/17-18/97,2021-02-17 00:00:00,0,101,112,0,,New
694,101,2,104,CNT/17-18/97,2021-02-17 00:00:00,0,101,112,0,,New
695,101,2,104,CNT/17-18/97,2021-02-20 00:00:00,0,101,112,0,,New
696,101,2,104,CNT/17-18/97,2021-02-21 00:00:00,0,101,112,0,,New
697,101,2,103,CNT/17-18/97,2021-02-21 00:00:00,0,101,104,0,,New
698,101,2,103,CNT/17-18/98,2021-02-23 00:00:00,0,101,104,0,,New
699,101,2,103,CNT/17-18/98,2021-02-23 00:00:00,0,101,104,0,,New
700,101,2,103,CNT/17-18/99,2021-02-24 00:00:00,0,101,104,0,,New
702,101,2,104,CNT/17-18/101,2021-02-27 00:00:00,0,101,112,0,,New
703,101,2,103,CNT/17-18/101,2021-02-27 00:00:00,0,101,104,0,,New
704,101,2,103,CNT/17-18/101,2021-02-27 00:00:00,0,101,104,0,,New
705,101,2,103,CNT/17-18/102,2021-02-27 00:00:00,0,101,104,0,,New
706,101,2,103,CNT/17-18/103,2021-03-01 00:00:00,0,101,104,0,,New
707,101,2,103,CNT/17-18/104,2021-03-03 00:00:00,0,101,104,0,,New
708,101,2,104,CNT/17-18/105,2021-03-03 00:00:00,0,101,112,0,,New
709,101,2,104,CNT/17-18/106,2021-03-05 00:00:00,0,101,112,0,,New
710,101,2,104,CNT/17-18/107,2021-03-07 00:00:00,0,101,112,0,,New
711,101,2,104,CNT/17-18/108,2021-03-10 00:00:00,0,101,112,0,,New
712,101,2,104,CNT/17-18/109,2021-03-12 00:00:00,0,101,112,0,,New
714,101,2,103,CNT/17-18/109,2021-03-12 00:00:00,0,101,104,0,,New
715,101,2,104,CNT/17-18/110,2021-03-13 00:00:00,0,101,112,0,,New
716,101,2,104,CNT/17-18/110,2021-03-15 00:00:00,0,101,112,0,,New
717,101,2,104,CNT/17-18/110,2021-03-16 00:00:00,0,101,112,0,,New
718,101,2,104,CNT/17-18/110,2021-03-17 00:00:00,0,101,112,0,,New
719,101,2,104,CNT/17-18/111,2021-03-20 00:00:00,0,101,112,0,,New
721,101,2,103,CNT/17-18/111,2021-03-21 00:00:00,0,101,104,0,,New
722,101,2,104,CNT/17-18/112,2021-03-22 00:00:00,0,101,112,0,,New
723,101,2,104,CNT/17-18/112,2021-03-23 00:00:00,0,101,112,0,,New
724,101,2,104,CNT/17-18/113,2021-03-25 00:00:00,0,101,112,0,,New
725,101,2,103,CNT/17-18/113,2021-03-28 00:00:00,0,101,104,0,,New
726,101,2,103,CNT/17-18/113,2021-03-30 00:00:00,0,101,104,0,,New
727,101,3,103,CNT/17-18/1,2021-04-01 00:00:00,0,101,104,0,,New
728,101,3,103,CNT/17-18/2,2021-04-05 00:00:00,0,101,104,0,,New
729,101,3,104,CNT/17-18/3,2021-04-06 00:00:00,0,101,112,0,,New
731,101,3,104,CNT/17-18/4,2021-04-09 00:00:00,0,101,112,0,,New
732,101,3,104,CNT/17-18/4,2021-04-10 00:00:00,0,101,112,0,,New
733,101,3,103,CNT/17-18/4,2021-04-11 00:00:00,0,101,104,0,,New
734,101,3,104,CNT/17-18/4,2021-04-12 00:00:00,0,101,112,0,,New
735,101,3,103,CNT/17-18/4,2021-04-13 00:00:00,0,101,104,0,,New
736,101,3,103,CNT/17-18/5,2021-04-21 00:00:00,0,101,104,0,,New
737,101,3,104,CNT/17-18/5,2021-04-21 00:00:00,0,101,112,0,,New
738,101,3,103,CNT/21-22/6,2021-04-26 00:00:00,0,101,104,0,,New
739,101,3,103,CNT/17-18/7,2021-04-28 00:00:00,0,101,104,0,,New
743,101,3,103,CNT/17-18/9,2021-05-03 00:00:00,0,101,104,0,,New
745,101,3,103,CNT/17-18/9,2021-05-03 00:00:00,0,101,104,0,,New
746,101,3,104,CNT/17-18/10,2021-05-04 00:00:00,0,101,112,0,,New
747,101,3,104,CNT/17-18/10,2021-05-04 00:00:00,0,101,112,0,,New
748,101,3,104,CNT/17-18/10,2021-05-04 00:00:00,0,101,112,0,,New
749,101,3,104,CNT/17-18/10,2021-05-04 00:00:00,0,101,112,0,,New
750,101,3,104,CNT/17-18/10,2021-06-21 00:00:00,0,101,112,0,,New
751,101,3,104,CNT/17-18/10,2021-06-23 00:00:00,0,101,112,0,,New
752,101,3,103,CNT/17-18/10,2021-06-23 00:00:00,0,101,104,0,,New
753,101,3,103,CNT/17-18/10,2021-06-23 00:00:00,0,101,104,0,,New
754,101,3,104,CNT/17-18/10,2021-06-24 00:00:00,0,101,112,0,,New
755,101,3,103,CNT/17-18/10,2021-06-24 00:00:00,0,101,104,0,,New
756,101,3,104,CNT/17-18/10,2021-06-24 00:00:00,0,101,112,0,,New
757,101,3,104,CNT/17-18/10,2021-07-01 00:00:00,0,101,112,0,,New
758,101,3,104,CNT/17-18/10,2021-07-02 00:00:00,0,101,112,0,,New
759,101,3,104,CNT/17-18/11,2021-07-06 00:00:00,0,101,112,0,,New
760,101,3,104,CNT/17-18/11,2021-07-07 00:00:00,0,101,112,0,,New
761,101,3,103,CNT/17-18/11,2021-07-08 00:00:00,0,101,104,0,,New
514,101,2,104,CNT/17-18/37,2020-10-24 00:00:00,0,101,112,0,,New
515,101,2,103,CNT/17-18/37,2020-10-25 00:00:00,0,101,104,0,,New
640,101,2,104,CNT/17-18/77,2020-12-19 00:00:00,0,101,112,0,,New
713,101,2,104,CNT/17-18/109,2021-03-12 00:00:00,0,101,112,0,,New
720,101,2,104,CNT/17-18/111,2021-03-21 00:00:00,0,101,112,0,,New
730,101,3,104,CNT/17-18/3,2021-04-07 00:00:00,0,101,112,0,,New
744,101,3,103,CNT/17-18/9,2021-05-03 00:00:00,0,101,104,0,,New
763,101,3,104,CNT/17-18/13,2021-07-23 00:00:00,0,101,112,0,,New
764,101,3,103,CNT/17-18/13,2021-07-27 00:00:00,0,101,104,0,,New
765,101,3,104,CNT/17-18/13,2021-07-27 00:00:00,0,101,112,0,,New
766,101,3,104,CNT/17-18/13,2021-07-27 00:00:00,0,101,112,0,,New
767,101,3,103,CNT/17-18/14,2021-07-29 00:00:00,0,101,104,0,,New
768,101,3,103,CNT/17-18/14,2021-08-04 00:00:00,0,101,104,0,,New
769,101,3,103,CNT/17-18/14,2021-08-05 00:00:00,0,101,104,0,,New
770,101,3,104,CNT/17-18/15,2021-08-06 00:00:00,0,101,112,0,,New
771,101,3,104,CNT/17-18/15,2021-08-06 00:00:00,0,101,112,0,,New
772,101,3,104,CNT/17-18/15,2021-08-09 00:00:00,0,101,112,0,,New
773,101,3,103,CNT/17-18/15,2021-08-10 00:00:00,0,101,104,0,,New
774,101,3,104,CNT/17-18/16,2021-09-10 00:00:00,0,101,112,0,,New
775,101,3,104,CNT/17-18/16,2021-09-10 00:00:00,0,101,112,0,,New
776,101,3,104,CNT/17-18/16,2021-09-11 00:00:00,0,101,112,0,,New
777,101,3,104,CNT/17-18/16,2021-09-12 00:00:00,0,101,112,0,,New
778,101,3,103,CNT/17-18/16,2021-09-13 00:00:00,0,101,104,0,,New
779,101,3,104,CNT/17-18/16,2021-09-14 00:00:00,0,101,112,0,,New
780,101,3,103,CNT/17-18/16,2021-09-15 00:00:00,0,101,104,0,,New
781,101,3,104,CNT/17-18/17,2021-09-16 00:00:00,0,101,112,0,,New
782,101,3,104,CNT/17-18/17,2021-09-16 00:00:00,0,101,112,0,,New
783,101,3,103,CNT/17-18/17,2021-09-17 00:00:00,0,101,104,0,,New
784,101,3,103,CNT/17-18/17,2021-09-17 00:00:00,0,101,104,0,,New
785,101,3,103,CNT/17-18/17,2021-09-18 00:00:00,0,101,104,0,,New
786,101,3,104,CNT/17-18/17,2021-09-19 00:00:00,0,101,112,0,,New
787,101,3,104,CNT/17-18/17,2021-09-20 00:00:00,0,101,112,0,,New
788,101,3,104,CNT/17-18/17,2021-09-21 00:00:00,0,101,112,0,,New
789,101,3,104,CNT/17-18/17,2021-09-22 00:00:00,0,101,112,0,,New
790,101,3,103,CNT/17-18/17,2021-09-23 00:00:00,0,101,104,0,,New
791,101,3,104,CNT/17-18/17,2021-09-23 00:00:00,0,101,112,0,,New
792,101,3,103,CNT/17-18/17,2021-09-23 00:00:00,0,101,104,0,,New
793,101,3,104,CNT/17-18/17,2021-09-23 00:00:00,0,101,112,0,,New
794,101,3,103,CNT/17-18/17,2021-09-23 00:00:00,0,101,104,0,,New
795,101,3,104,CNT/17-18/17,2021-09-24 00:00:00,0,101,112,0,,New
796,101,3,103,CNT/17-18/17,2021-09-25 00:00:00,0,101,104,0,,New
797,101,3,104,CNT/17-18/17,2021-09-26 00:00:00,0,101,112,0,,New
798,101,3,103,CNT/17-18/17,2021-09-27 00:00:00,0,101,104,0,,New
799,101,3,104,CNT/17-18/17,2021-09-28 00:00:00,0,101,112,0,,New
800,101,3,103,CNT/17-18/17,2021-09-29 00:00:00,0,101,104,0,,New
801,101,3,103,CNT/17-18/17,2021-09-30 00:00:00,0,101,104,0,,New
802,101,3,103,CNT/17-18/17,2021-10-02 00:00:00,0,101,104,0,,New
803,101,3,103,CNT/17-18/18,2021-10-01 00:00:00,0,101,104,0,,New
804,101,3,104,CNT/17-18/19,2021-10-03 00:00:00,0,101,112,0,,New
805,101,3,103,CNT/17-18/19,2021-10-04 00:00:00,0,101,104,0,,New
806,101,3,104,CNT/17-18/19,2021-10-05 00:00:00,0,101,112,0,,New
807,101,3,104,CNT/17-18/19,2021-10-07 00:00:00,0,101,112,0,,New
808,101,3,104,CNT/17-18/19,2021-10-08 00:00:00,0,101,112,0,,New
809,101,3,103,CNT/17-18/19,2021-10-09 00:00:00,0,101,104,0,,New
810,101,3,103,CNT/17-18/19,2021-10-10 00:00:00,0,101,104,0,,New
811,101,3,104,CNT/17-18/19,2021-10-12 00:00:00,0,101,112,0,,New
812,101,3,104,CNT/17-18/19,2021-10-10 00:00:00,0,101,112,0,,New
813,101,3,104,CNT/17-18/19,2021-10-10 00:00:00,0,101,112,0,,New
814,101,3,104,CNT/17-18/19,2021-10-11 00:00:00,0,101,112,0,,New
815,101,3,104,CNT/17-18/19,2021-10-11 00:00:00,0,101,112,0,,New
816,101,3,103,CNT/17-18/20,2021-10-13 00:00:00,0,101,104,0,,New
818,101,3,104,CNT/17-18/21,2021-10-14 00:00:00,0,101,112,0,,New
819,101,3,104,CNT/17-18/21,2021-10-14 00:00:00,0,101,112,0,,New
820,101,3,103,CNT/17-18/21,2021-10-14 00:00:00,0,101,104,0,,New
821,101,3,104,CNT/17-18/21,2021-10-15 00:00:00,0,101,112,0,,New
822,101,3,103,CNT/17-18/21,2021-10-19 00:00:00,0,101,104,0,,New
823,101,3,103,CNT/17-18/22,2021-10-21 00:00:00,0,101,104,0,,New
824,101,3,104,CNT/17-18/22,2021-10-22 00:00:00,0,101,112,0,,New
825,101,3,104,CNT/17-18/22,2021-10-25 00:00:00,0,101,112,0,,New
826,101,3,104,CNT/17-18/22,2021-10-22 00:00:00,0,101,112,0,,New
827,101,3,104,CNT/17-18/22,2021-10-23 00:00:00,0,101,112,0,,New
828,101,3,104,CNT/17-18/22,2021-10-24 00:00:00,0,101,112,0,,New
829,101,3,103,CNT/17-18/22,2021-10-24 00:00:00,0,101,104,0,,New
830,101,3,103,CNT/17-18/22,2021-10-25 00:00:00,0,101,104,0,,New
831,101,3,104,CNT/17-18/23,2021-10-25 00:00:00,0,101,112,0,,New
835,101,3,103,CNT/21-22/25,2021-10-30 00:00:00,0,101,104,0,,New
836,101,3,104,CNT/21-22/26,2021-10-30 00:00:00,0,101,112,0,,New
837,101,3,104,CNT/21-22/26,2021-10-29 00:00:00,0,101,112,0,,New
838,101,3,103,CNT/21-22/27,2021-11-01 00:00:00,0,101,104,0,,New
839,101,3,103,CNT/21-22/28,2021-11-01 00:00:00,0,101,104,0,,New
840,101,3,104,CNT/17-18/29,2021-11-03 00:00:00,0,101,112,0,,New
841,101,3,103,CNT/17-18/29,2021-11-01 00:00:00,0,101,104,0,,New
842,101,3,104,CNT/17-18/29,2021-11-01 00:00:00,0,101,112,0,,New
843,101,3,104,CNT/17-18/29,2021-11-02 00:00:00,0,101,112,0,,New
844,101,3,104,CNT/17-18/29,2021-11-02 00:00:00,0,101,112,0,,New
845,101,3,104,CNT/17-18/29,2021-11-02 00:00:00,0,101,112,0,,New
846,101,3,104,CNT/17-18/29,2021-11-02 00:00:00,0,101,112,0,,New
847,101,3,104,CNT/17-18/29,2021-11-02 00:00:00,0,101,112,0,,New
848,101,3,104,CNT/17-18/29,2021-11-02 00:00:00,0,101,112,0,,New
849,101,3,104,CNT/17-18/29,2021-11-02 00:00:00,0,101,112,0,,New
850,101,3,104,CNT/17-18/29,2021-11-02 00:00:00,0,101,112,0,,New
853,101,3,104,CNT/17-18/30,2021-11-02 00:00:00,0,101,112,0,,New
854,101,3,104,CNT/17-18/30,2021-11-02 00:00:00,0,101,112,0,,New
855,101,3,103,CNT/17-18/30,2021-11-02 00:00:00,0,101,104,0,,New
856,101,3,104,CNT/17-18/30,2021-11-02 00:00:00,0,101,112,0,,New
857,101,3,104,CNT/17-18/30,2021-11-02 00:00:00,0,101,112,0,,New
858,101,3,104,CNT/17-18/30,2021-11-02 00:00:00,0,101,112,0,,New
859,101,3,104,CNT/17-18/30,2021-11-02 00:00:00,0,101,112,0,,New
860,101,3,104,CNT/17-18/30,2021-11-02 00:00:00,0,101,112,0,,New
861,101,3,104,CNT/17-18/30,2021-11-07 00:00:00,0,101,112,0,,New
862,101,3,103,CNT/17-18/30,2021-11-02 00:00:00,0,101,104,0,,New
863,101,3,103,CNT/17-18/30,2021-11-02 00:00:00,0,101,104,0,,New
864,101,3,104,CNT/17-18/30,2021-11-02 00:00:00,0,101,112,0,,New
865,101,3,104,CNT/17-18/30,2021-11-02 00:00:00,0,101,112,0,,New
866,101,3,104,CNT/17-18/30,2021-11-02 00:00:00,0,101,112,0,,New
867,101,3,103,CNT/17-18/30,2021-11-02 00:00:00,0,101,104,0,,New
868,101,3,104,CNT/17-18/30,2021-11-02 00:00:00,0,101,112,0,,New
701,101,2,103,CNT/17-18/100,2021-02-25 00:00:00,0,101,104,0,,New
740,101,3,104,CNT/17-18/8,2021-04-30 00:00:00,0,101,112,0,,New
741,101,3,103,CNT/17-18/8,2021-04-30 00:00:00,0,101,104,0,,New
742,101,3,104,CNT/17-18/8,2021-04-30 00:00:00,0,101,112,0,,New
817,101,3,103,CNT/17-18/20,2021-10-13 00:00:00,0,101,104,0,,New
832,101,3,104,CNT/17-18/23,2021-10-26 00:00:00,0,101,112,0,,New
851,101,3,104,CNT/17-18/30,2021-11-02 00:00:00,0,101,112,0,,New
852,101,3,104,CNT/17-18/30,2021-11-02 00:00:00,0,101,112,0,,New
869,101,3,104,CNT/17-18/30,2021-11-02 00:00:00,0,101,112,0,,New
870,101,3,104,CNT/17-18/30,2021-11-03 00:00:00,0,101,112,0,,New
871,101,3,104,CNT/17-18/30,2021-11-07 00:00:00,0,101,112,0,,New
872,101,3,104,CNT/17-18/30,2021-11-03 00:00:00,0,101,112,0,,New
873,101,3,104,CNT/17-18/30,2021-11-03 00:00:00,0,101,112,0,,New
874,101,3,104,CNT/17-18/30,2021-11-03 00:00:00,0,101,112,0,,New
875,101,3,103,CNT/17-18/30,2021-11-03 00:00:00,0,101,104,0,,New
889,101,3,104,CNT/17-18/33,2021-11-24 00:00:00,0,101,112,0,,New
890,101,3,104,CNT/17-18/33,2021-11-20 00:00:00,0,101,112,0,,New
891,101,3,103,CNT/17-18/33,2021-11-22 00:00:00,0,101,104,0,,New
892,101,3,104,CNT/17-18/33,2021-11-23 00:00:00,0,101,112,0,,New
893,101,3,103,CNT/17-18/34,2021-11-24 00:00:00,0,101,104,0,,New
894,101,3,103,CNT/17-18/35,2021-11-28 00:00:00,0,101,104,0,,New
895,101,3,103,CNT/17-18/36,2021-11-30 00:00:00,0,101,104,0,,New
896,101,3,103,CNT/17-18/36,2021-11-30 00:00:00,0,101,104,0,,New
908,101,3,103,CNT/17-18/38,2021-12-11 00:00:00,0,101,104,0,,New
909,101,3,104,CNT/17-18/38,2021-12-13 00:00:00,0,101,112,0,,New
910,101,3,104,CNT/17-18/38,2021-12-14 00:00:00,0,101,112,0,,New
911,101,3,103,CNT/17-18/39,2021-12-17 00:00:00,0,101,104,0,,New
912,101,3,104,CNT/17-18/39,2021-12-18 00:00:00,0,101,112,0,,New
913,101,3,104,CNT/17-18/39,2021-12-19 00:00:00,0,101,112,0,,New
914,101,3,104,CNT/17-18/40,2021-12-20 00:00:00,0,101,112,0,,New
915,101,3,104,CNT/17-18/40,2021-12-23 00:00:00,0,101,112,0,,New
916,101,3,104,CNT/17-18/40,2021-12-23 00:00:00,0,101,112,0,,New
917,101,3,104,CNT/17-18/40,2021-12-27 00:00:00,0,101,112,0,,New
918,101,3,104,CNT/17-18/41,2022-01-27 00:00:00,0,101,112,0,,New
919,101,3,103,CNT/17-18/41,2021-12-28 00:00:00,0,101,104,0,,New
920,101,3,104,CNT/17-18/41,2021-12-29 00:00:00,0,101,112,0,,New
921,101,3,103,CNT/17-18/41,2021-12-30 00:00:00,0,101,104,0,,New
922,101,3,103,CNT/17-18/41,2021-12-31 00:00:00,0,101,104,0,,New
923,101,3,104,CNT/17-18/41,2022-01-02 00:00:00,0,101,112,0,,New
924,101,3,104,CNT/17-18/41,2022-01-03 00:00:00,0,101,112,0,,New
925,101,3,103,CNT/17-18/41,2022-01-03 00:00:00,0,101,104,0,,New
926,101,3,104,CNT/17-18/41,2022-01-04 00:00:00,0,101,112,0,,New
927,101,3,103,CNT/17-18/41,2022-01-05 00:00:00,0,101,104,0,,New
928,101,3,104,CNT/17-18/41,2022-01-05 00:00:00,0,101,112,0,,New
929,101,3,104,CNT/17-18/41,2022-01-06 00:00:00,0,101,112,0,,New
930,101,3,103,CNT/17-18/41,2022-01-08 00:00:00,0,101,104,0,,New
931,101,3,104,CNT/17-18/41,2022-01-07 00:00:00,0,101,112,0,,New
934,101,3,104,CNT/17-18/42,2022-01-08 00:00:00,0,101,112,0,,New
935,101,3,107,CNT/21-22/43,2022-01-13 00:00:00,0,101,113,0,,New
936,101,3,107,CNT/21-22/44,2022-01-13 00:00:00,0,101,113,0,,New
937,101,3,107,CNT/21-22/45,2022-01-13 00:00:00,0,101,113,0,,New
941,101,3,103,CNT/17-18/47,2022-01-19 00:00:00,0,101,104,0,,New
942,101,3,104,CNT/17-18/47,2022-01-19 00:00:00,0,101,112,0,,New
974,101,3,103,CNT/17-18/54,2022-02-21 00:00:00,0,101,104,0,,New
975,101,3,103,CNT/17-18/54,2022-02-21 00:00:00,0,101,104,0,,New
976,101,3,103,CNT/17-18/54,2022-02-21 00:00:00,0,101,104,0,,New
985,101,3,103,CNT/17-18/57,2022-03-03 00:00:00,0,101,104,0,,New
986,101,3,103,CNT/17-18/58,2022-03-06 00:00:00,0,101,104,0,,New
988,101,3,103,CNT/17-18/58,2022-03-08 00:00:00,0,101,104,0,,New
989,101,3,104,CNT/17-18/59,2022-03-08 00:00:00,0,101,112,0,,New
990,101,3,104,CNT/17-18/59,2022-03-08 00:00:00,0,101,112,0,,New
991,101,3,104,CNT/17-18/59,2022-03-09 00:00:00,0,101,112,0,,New
992,101,3,104,CNT/17-18/59,2022-03-09 00:00:00,0,101,112,0,,New
993,101,3,103,CNT/17-18/59,2022-03-11 00:00:00,0,101,104,0,,New
994,101,3,104,CNT/17-18/59,2022-03-11 00:00:00,0,101,112,0,,New
995,101,3,103,CNT/17-18/59,2022-03-11 00:00:00,0,101,104,0,,New
996,101,3,104,CNT/17-18/60,2022-03-14 00:00:00,0,101,112,0,,New
997,101,3,103,CNT/17-18/61,2022-03-15 00:00:00,0,101,104,0,,New
998,101,3,104,CNT/17-18/61,2022-03-16 00:00:00,0,101,112,0,,New
999,101,3,104,CNT/17-18/61,2022-03-17 00:00:00,0,101,112,0,,New
1000,101,3,103,CNT/17-18/61,2022-03-17 00:00:00,0,101,104,0,,New
1001,101,3,103,CNT/17-18/61,2022-03-18 00:00:00,0,101,104,0,,New
1002,101,3,103,CNT/17-18/61,2022-03-20 00:00:00,0,101,104,0,,New
1003,101,3,104,CNT/17-18/61,2022-03-21 00:00:00,0,101,112,0,,New
1004,101,3,104,CNT/17-18/62,2022-03-22 00:00:00,0,101,112,0,,New
1010,101,3,104,CNT/17-18/63,2022-03-29 00:00:00,0,101,112,0,,New
1011,101,3,104,CNT/17-18/63,2022-03-30 00:00:00,0,101,112,0,,New
1012,101,3,104,CNT/17-18/63,2022-03-31 00:00:00,0,101,112,0,,New
1013,101,3,104,CNT/17-18/63,2022-03-31 00:00:00,0,101,112,0,,New
1014,101,3,103,CNT/17-18/63,2022-03-31 00:00:00,0,101,104,0,,New
1015,101,4,103,CNT/17-18/1,2022-04-01 00:00:00,0,101,104,0,,New
1016,101,4,104,CNT/17-18/1,2022-04-02 00:00:00,0,101,112,0,,New
1017,101,4,104,CNT/17-18/1,2022-04-02 00:00:00,0,101,112,0,,New
1018,101,4,104,CNT/17-18/1,2022-04-04 00:00:00,0,101,112,0,,New
1019,101,4,104,CNT/17-18/1,2022-04-04 00:00:00,0,101,112,0,,New
1020,101,4,103,CNT/17-18/2,2022-04-06 00:00:00,0,101,104,0,,New
1021,101,4,104,CNT/17-18/2,2022-04-07 00:00:00,0,101,112,0,,New
1022,101,4,104,CNT/17-18/2,2022-04-08 00:00:00,0,101,112,0,,New
1023,101,4,104,CNT/17-18/2,2022-04-09 00:00:00,0,101,112,0,,New
1024,101,4,104,CNT/17-18/2,2022-04-10 00:00:00,0,101,112,0,,New
1025,101,4,103,CNT/17-18/2,2022-04-11 00:00:00,0,101,104,0,,New
1026,101,4,104,CNT/17-18/3,2022-04-11 00:00:00,0,101,112,0,,New
1027,101,4,104,CNT/17-18/3,2022-04-12 00:00:00,0,101,112,0,,New
1034,101,4,103,CNT/17-18/6,2022-04-20 00:00:00,0,101,104,0,,New
1035,101,4,103,CNT/17-18/6,2022-04-21 00:00:00,0,101,104,0,,New
1036,101,4,103,CNT/17-18/6,2022-04-21 00:00:00,0,101,104,0,,New
1037,101,4,103,CNT/17-18/6,2022-04-22 00:00:00,0,101,104,0,,New
1044,101,4,103,CNT/22-23/9,2022-05-02 00:00:00,0,101,104,0,,New
1060,101,4,104,CNT/17-18/14,2022-05-12 00:00:00,0,101,112,0,,New
1061,101,4,103,CNT/17-18/14,2022-05-11 00:00:00,0,101,104,0,,New
1062,101,4,104,CNT/17-18/15,2022-05-20 00:00:00,0,101,112,0,,New
1063,101,4,104,CNT/17-18/15,2022-05-20 00:00:00,0,101,112,0,,New
1064,101,4,104,CNT/17-18/15,2022-05-20 00:00:00,0,101,112,0,,New
1065,101,4,103,CNT/17-18/15,2022-05-20 00:00:00,0,101,104,0,,New
1066,101,4,104,CNT/17-18/15,2022-05-21 00:00:00,0,101,112,0,,New
1067,101,4,103,CNT/17-18/15,2022-05-22 00:00:00,0,101,104,0,,New
1068,101,4,104,CNT/17-18/15,2022-05-22 00:00:00,0,101,112,0,,New
1069,101,4,104,CNT/17-18/15,2022-05-23 00:00:00,0,101,112,0,,New
762,101,3,103,CNT/17-18/12,2021-07-09 00:00:00,0,101,104,0,,New
987,101,3,104,CNT/17-18/58,2022-03-06 00:00:00,0,101,112,0,,New
1005,101,3,104,CNT/17-18/62,2022-03-23 00:00:00,0,101,112,0,,New
1028,101,4,104,CNT/17-18/4,2022-04-14 00:00:00,0,101,112,0,,New
1029,101,4,107,CNT/17-18/4,2022-04-16 00:00:00,0,101,113,0,,New
1070,101,4,104,CNT/17-18/15,2022-05-24 00:00:00,0,101,112,0,,New
1071,101,4,103,CNT/17-18/15,2022-05-24 00:00:00,0,101,104,0,,New
1072,101,4,103,CNT/17-18/15,2022-05-25 00:00:00,0,101,104,0,,New
1073,101,4,103,CNT/17-18/15,2022-05-26 00:00:00,0,101,104,0,,New
1074,101,4,104,CNT/17-18/16,2022-05-28 00:00:00,0,101,112,0,,New
1075,101,4,104,CNT/17-18/16,2022-05-29 00:00:00,0,101,112,0,,New
1076,101,4,104,CNT/17-18/16,2022-05-30 00:00:00,0,101,112,0,,New
1077,101,4,104,CNT/17-18/16,2022-06-03 00:00:00,0,101,112,0,,New
1078,101,4,104,CNT/17-18/16,2022-06-10 00:00:00,0,101,112,0,,New
1079,101,4,103,CNT/17-18/16,2022-06-08 00:00:00,0,101,104,0,,New
1081,101,4,103,CNT/22-23/18,2022-06-18 00:00:00,0,101,104,0,,New
1093,101,4,103,CNT/22-23/20,2022-06-22 00:00:00,0,101,104,0,,New
1094,101,4,103,CNT/17-18/21,2022-06-21 00:00:00,0,101,104,0,,New
1095,101,4,103,CNT/17-18/21,2022-06-21 00:00:00,0,101,104,0,,New
1096,101,4,104,CNT/17-18/21,2022-06-23 00:00:00,0,101,112,0,,New
1097,101,4,104,CNT/17-18/21,2022-06-24 00:00:00,0,101,112,0,,New
1100,101,4,103,CNT/17-18/23,2022-06-28 00:00:00,0,101,104,0,,New
1101,101,4,104,CNT/17-18/23,2022-07-01 00:00:00,0,101,112,0,,New
1102,101,4,104,CNT/17-18/23,2022-07-02 00:00:00,0,101,112,0,,New
1103,101,4,104,CNT/17-18/24,2022-07-06 00:00:00,0,101,112,0,,New
1104,101,4,104,CNT/17-18/24,2022-07-07 00:00:00,0,101,112,0,,New
1105,101,4,104,CNT/17-18/24,2022-07-08 00:00:00,0,101,112,0,,New
1106,101,4,104,CNT/17-18/24,2022-07-09 00:00:00,0,101,112,0,,New
1107,101,4,104,CNT/17-18/24,2022-07-10 00:00:00,0,101,112,0,,New
1108,101,4,104,CNT/17-18/24,2022-07-11 00:00:00,0,101,112,0,,New
1109,101,4,104,CNT/17-18/24,2022-07-11 00:00:00,0,101,112,0,,New
1110,101,4,104,CNT/17-18/24,2022-07-13 00:00:00,0,101,112,0,,New
1111,101,4,104,CNT/17-18/24,2022-07-14 00:00:00,0,101,112,0,,New
1112,101,4,104,CNT/17-18/24,2022-07-16 00:00:00,0,101,112,0,,New
1113,101,4,104,CNT/17-18/24,2022-07-17 00:00:00,0,101,112,0,,New
1114,101,4,104,CNT/17-18/25,2022-07-20 00:00:00,0,101,112,0,,New
1115,101,4,104,CNT/17-18/25,2022-08-02 00:00:00,0,101,112,0,,New
1116,101,4,104,CNT/17-18/25,2022-07-28 00:00:00,0,101,112,0,,New
1117,101,4,104,CNT/17-18/25,2022-07-29 00:00:00,0,101,112,0,,New
1118,101,4,104,CNT/17-18/25,2022-07-29 00:00:00,0,101,112,0,,New
1119,101,4,104,CNT/17-18/25,2022-07-30 00:00:00,0,101,112,0,,New
1120,101,4,104,CNT/17-18/25,2022-07-31 00:00:00,0,101,112,0,,New
1121,101,4,104,CNT/17-18/25,2022-08-01 00:00:00,0,101,112,0,,New
1122,101,4,103,CNT/17-18/25,2022-08-01 00:00:00,0,101,104,0,,New
1123,101,4,103,CNT/17-18/25,2022-08-01 00:00:00,0,101,104,0,,New
1124,101,4,104,CNT/17-18/26,2022-08-04 00:00:00,0,101,112,0,,New
1125,101,4,104,CNT/17-18/26,2022-08-05 00:00:00,0,101,112,0,,New
1126,101,4,103,CNT/17-18/26,2022-08-06 00:00:00,0,101,104,0,,New
1127,101,4,104,CNT/17-18/27,2022-08-06 00:00:00,0,101,112,0,,New
1128,101,4,104,CNT/17-18/27,2022-08-07 00:00:00,0,101,112,0,,New
1129,101,4,104,CNT/17-18/27,2022-08-08 00:00:00,0,101,112,0,,New
1130,101,4,103,CNT/17-18/27,2022-08-24 00:00:00,0,101,104,0,,New
1131,101,4,104,CNT/17-18/27,2022-08-10 00:00:00,0,101,112,0,,New
1132,101,4,104,CNT/17-18/27,2022-08-10 00:00:00,0,101,112,0,,New
1133,101,4,104,CNT/17-18/27,2022-08-11 00:00:00,0,101,112,0,,New
1134,101,4,104,CNT/17-18/27,2022-08-11 00:00:00,0,101,112,0,,New
1135,101,4,104,CNT/17-18/27,2022-08-11 00:00:00,0,101,112,0,,New
1136,101,4,104,CNT/17-18/27,2022-08-12 00:00:00,0,101,112,0,,New
1137,101,4,103,CNT/17-18/27,2022-08-13 00:00:00,0,101,104,0,,New
1138,101,4,104,CNT/17-18/27,2022-08-14 00:00:00,0,101,112,0,,New
1139,101,4,104,CNT/17-18/27,2022-08-15 00:00:00,0,101,112,0,,New
1140,101,4,104,CNT/17-18/27,2022-08-16 00:00:00,0,101,112,0,,New
1141,101,4,104,CNT/17-18/27,2022-08-17 00:00:00,0,101,112,0,,New
1142,101,4,104,CNT/17-18/27,2022-08-18 00:00:00,0,101,112,0,,New
1143,101,4,104,CNT/17-18/27,2022-08-20 00:00:00,0,101,112,0,,New
1144,101,4,104,CNT/17-18/27,2022-08-22 00:00:00,0,101,112,0,,New
1145,101,4,104,CNT/17-18/27,2022-08-23 00:00:00,0,101,112,0,,New
1146,101,4,103,CNT/22-23/28,2022-09-10 00:00:00,0,101,104,0,,New
1147,101,4,104,CNT/22-23/29,2022-08-29 00:00:00,0,101,112,0,,New
1148,101,4,103,CNT/22-23/29,2022-08-30 00:00:00,0,101,104,0,,New
1149,101,4,103,CNT/22-23/29,2022-09-03 00:00:00,0,101,104,0,,New
1150,101,4,104,CNT/22-23/29,2022-09-05 00:00:00,0,101,112,0,,New
1151,101,4,104,CNT/22-23/29,2022-09-05 00:00:00,0,101,112,0,,New
1152,101,4,104,CNT/22-23/29,2022-09-06 00:00:00,0,101,112,0,,New
1153,101,4,104,CNT/22-23/29,2022-09-07 00:00:00,0,101,112,0,,New
1154,101,4,103,CNT/22-23/29,2022-09-08 00:00:00,0,101,104,0,,New
1155,101,4,104,CNT/22-23/29,2022-09-09 00:00:00,0,101,112,0,,New
1156,101,4,104,CNT/17-18/30,2022-09-11 00:00:00,0,101,112,0,,New
1157,101,4,104,CNT/17-18/30,2022-09-12 00:00:00,0,101,112,0,,New
1158,101,4,104,CNT/17-18/30,2022-09-13 00:00:00,0,101,112,0,,New
1159,101,4,104,CNT/17-18/30,2022-09-15 00:00:00,0,101,112,0,,New
1160,101,4,104,CNT/17-18/30,2022-09-15 00:00:00,0,101,112,0,,New
1161,101,4,104,CNT/17-18/30,2022-09-16 00:00:00,0,101,112,0,,New
1162,101,4,104,CNT/17-18/30,2022-09-17 00:00:00,0,101,112,0,,New
1163,101,4,104,CNT/17-18/30,2022-09-18 00:00:00,0,101,112,0,,New
1164,101,4,104,CNT/17-18/30,2022-09-19 00:00:00,0,101,112,0,,New
1165,101,4,104,CNT/17-18/30,2022-09-20 00:00:00,0,101,112,0,,New
1166,101,4,104,CNT/17-18/30,2022-09-21 00:00:00,0,101,112,0,,New
1167,101,4,103,CNT/17-18/30,2022-09-23 00:00:00,0,101,104,0,,New
1168,101,4,104,CNT/17-18/31,2022-09-26 00:00:00,0,101,112,0,,New
1169,101,4,103,CNT/17-18/31,2022-09-27 00:00:00,0,101,104,0,,New
1170,101,4,104,CNT/17-18/32,2022-09-29 00:00:00,0,101,112,0,,New
1171,101,4,104,CNT/17-18/32,2022-09-30 00:00:00,0,101,112,0,,New
1172,101,4,104,CNT/17-18/32,2022-10-02 00:00:00,0,101,112,0,,New
1173,101,4,104,CNT/17-18/32,2022-10-03 00:00:00,0,101,112,0,,New
1174,101,4,104,CNT/17-18/32,2022-10-03 00:00:00,0,101,112,0,,New
1175,101,4,103,CNT/17-18/32,2022-10-04 00:00:00,0,101,104,0,,New
1176,101,4,103,CNT/17-18/32,2022-10-07 00:00:00,0,101,104,0,,New
1177,101,4,104,CNT/17-18/33,2022-10-08 00:00:00,0,101,112,0,,New
1178,101,4,104,CNT/17-18/33,2022-10-12 00:00:00,0,101,112,0,,New
1179,101,4,104,CNT/17-18/33,2022-10-12 00:00:00,0,101,112,0,,New
1180,101,4,104,CNT/17-18/33,2022-10-13 00:00:00,0,101,112,0,,New
1181,101,4,104,CNT/17-18/33,2022-10-14 00:00:00,0,101,112,0,,New
1182,101,4,103,CNT/17-18/33,2022-10-17 00:00:00,0,101,104,0,,New
1183,101,4,103,CNT/17-18/33,2022-10-18 00:00:00,0,101,104,0,,New
1184,101,4,103,CNT/17-18/33,2022-10-18 00:00:00,0,101,104,0,,New
1185,101,4,104,CNT/17-18/33,2022-10-19 00:00:00,0,101,112,0,,New
833,101,3,104,CNT/17-18/24,2021-10-27 00:00:00,0,101,112,0,,New
834,101,3,104,CNT/17-18/24,2021-10-28 00:00:00,0,101,112,0,,New
977,101,3,104,CNT/17-18/55,2022-02-23 00:00:00,0,101,112,0,,New
978,101,3,104,CNT/17-18/55,2022-02-24 00:00:00,0,101,112,0,,New
979,101,3,104,CNT/17-18/56,2022-02-28 00:00:00,0,101,112,0,,New
980,101,3,104,CNT/17-18/56,2022-02-28 00:00:00,0,101,112,0,,New
981,101,3,103,CNT/17-18/56,2022-03-01 00:00:00,0,101,104,0,,New
982,101,3,104,CNT/17-18/56,2022-03-01 00:00:00,0,101,112,0,,New
983,101,3,104,CNT/17-18/56,2022-03-02 00:00:00,0,101,112,0,,New
984,101,3,104,CNT/17-18/56,2022-03-02 00:00:00,0,101,112,0,,New
1186,101,4,103,CNT/17-18/33,2022-10-19 00:00:00,0,101,104,0,,New
1187,101,4,104,CNT/17-18/33,2022-10-20 00:00:00,0,101,112,0,,New
1188,101,4,103,CNT/17-18/33,2022-10-21 00:00:00,0,101,104,0,,New
1189,101,4,103,CNT/17-18/33,2022-10-21 00:00:00,0,101,104,0,,New
1190,101,4,103,CNT/17-18/34,2022-10-21 00:00:00,0,101,104,0,,New
1191,101,4,104,CNT/17-18/35,2022-10-21 00:00:00,0,101,112,0,,New
1195,101,4,103,CNT/22-23/37,2022-10-28 00:00:00,0,101,104,0,,New
1196,101,4,104,CNT/22-23/38,2022-10-23 00:00:00,0,101,112,0,,New
1197,101,4,104,CNT/22-23/38,2022-10-23 00:00:00,0,101,112,0,,New
1198,101,4,104,CNT/22-23/38,2022-10-23 00:00:00,0,101,112,0,,New
1199,101,4,104,CNT/22-23/38,2022-10-23 00:00:00,0,101,112,0,,New
1200,101,4,104,CNT/22-23/38,2022-10-23 00:00:00,0,101,112,0,,New
1201,101,4,104,CNT/22-23/38,2022-10-23 00:00:00,0,101,112,0,,New
1202,101,4,104,CNT/22-23/38,2022-10-23 00:00:00,0,101,112,0,,New
1203,101,4,104,CNT/22-23/38,2022-10-23 00:00:00,0,101,112,0,,New
1204,101,4,104,CNT/22-23/38,2022-10-23 00:00:00,0,101,112,0,,New
1205,101,4,104,CNT/22-23/38,2022-10-23 00:00:00,0,101,112,0,,New
1206,101,4,104,CNT/22-23/38,2022-10-23 00:00:00,0,101,112,0,,New
1207,101,4,104,CNT/22-23/38,2022-10-23 00:00:00,0,101,112,0,,New
1208,101,4,104,CNT/22-23/38,2022-10-23 00:00:00,0,101,112,0,,New
1209,101,4,104,CNT/22-23/38,2022-10-23 00:00:00,0,101,112,0,,New
1210,101,4,104,CNT/22-23/38,2022-10-23 00:00:00,0,101,112,0,,New
1211,101,4,104,CNT/22-23/38,2022-10-23 00:00:00,0,101,112,0,,New
1212,101,4,104,CNT/22-23/38,2022-10-23 00:00:00,0,101,112,0,,New
1213,101,4,104,CNT/22-23/38,2022-10-23 00:00:00,0,101,112,0,,New
1214,101,4,104,CNT/22-23/38,2022-10-23 00:00:00,0,101,112,0,,New
1215,101,4,104,CNT/22-23/38,2022-10-23 00:00:00,0,101,112,0,,New
1216,101,4,104,CNT/22-23/38,2022-10-23 00:00:00,0,101,112,0,,New
1217,101,4,104,CNT/22-23/38,2022-10-23 00:00:00,0,101,112,0,,New
1218,101,4,104,CNT/22-23/38,2022-10-23 00:00:00,0,101,112,0,,New
1219,101,4,104,CNT/22-23/38,2022-10-23 00:00:00,0,101,112,0,,New
1220,101,4,104,CNT/22-23/38,2022-10-23 00:00:00,0,101,112,0,,New
1221,101,4,104,CNT/22-23/38,2022-10-24 00:00:00,0,101,112,0,,New
1222,101,4,104,CNT/22-23/38,2022-10-24 00:00:00,0,101,112,0,,New
1223,101,4,104,CNT/22-23/38,2022-10-26 00:00:00,0,101,112,0,,New
1224,101,4,104,CNT/22-23/38,2022-10-27 00:00:00,0,101,112,0,,New
1225,101,4,104,CNT/17-18/39,2022-10-31 00:00:00,0,101,112,0,,New
1226,101,4,104,CNT/17-18/40,2022-11-01 00:00:00,0,101,112,0,,New
1227,101,4,104,CNT/17-18/40,2022-11-04 00:00:00,0,101,112,0,,New
1228,101,4,104,CNT/17-18/40,2022-11-05 00:00:00,0,101,112,0,,New
1229,101,4,104,CNT/17-18/40,2022-11-06 00:00:00,0,101,112,0,,New
1230,101,4,104,CNT/17-18/40,2022-11-06 00:00:00,0,101,112,0,,New
1231,101,4,104,CNT/17-18/40,2022-11-06 00:00:00,0,101,112,0,,New
1232,101,4,104,CNT/17-18/40,2022-11-08 00:00:00,0,101,112,0,,New
1233,101,4,104,CNT/17-18/40,2022-11-13 00:00:00,0,101,112,0,,New
1234,101,4,103,CNT/22-23/41,2022-11-20 00:00:00,0,101,104,0,,New
1235,101,4,104,CNT/17-18/42,2022-11-17 00:00:00,0,101,112,0,,New
1237,101,4,104,CNT/17-18/42,2022-11-20 00:00:00,0,101,112,0,,New
1238,101,4,103,CNT/17-18/42,2022-11-22 00:00:00,0,101,104,0,,New
1239,101,4,103,CNT/17-18/43,2022-11-27 00:00:00,0,101,104,0,,New
1240,101,4,104,CNT/17-18/43,2022-11-28 00:00:00,0,101,112,0,,New
1241,101,4,103,CNT/17-18/43,2022-11-29 00:00:00,0,101,104,0,,New
1242,101,4,104,CNT/17-18/43,2022-11-29 00:00:00,0,101,112,0,,New
1243,101,4,107,CNT/22-23/44,2022-12-14 00:00:00,0,101,113,0,,New
1244,101,4,104,CNT/22-23/45,2022-12-04 00:00:00,0,101,112,0,,New
1245,101,4,104,CNT/22-23/45,2022-12-06 00:00:00,0,101,112,0,,New
1246,101,4,104,CNT/22-23/45,2022-12-07 00:00:00,0,101,112,0,,New
1247,101,4,104,CNT/22-23/45,2022-12-08 00:00:00,0,101,112,0,,New
1248,101,4,104,CNT/22-23/45,2022-12-09 00:00:00,0,101,112,0,,New
1249,101,4,104,CNT/22-23/45,2022-12-10 00:00:00,0,101,112,0,,New
1250,101,4,104,CNT/22-23/45,2022-12-11 00:00:00,0,101,112,0,,New
1251,101,4,104,CNT/22-23/45,2022-12-11 00:00:00,0,101,112,0,,New
1252,101,4,104,CNT/22-23/45,2022-12-12 00:00:00,0,101,112,0,,New
1253,101,4,104,CNT/17-18/46,2022-12-14 00:00:00,0,101,112,0,,New
1257,101,4,104,CNT/17-18/47,2022-12-18 00:00:00,0,101,112,0,,New
1258,101,4,104,CNT/17-18/47,2022-12-18 00:00:00,0,101,112,0,,New
1259,101,4,104,CNT/17-18/48,2022-12-19 00:00:00,0,101,112,0,,New
1260,101,4,104,CNT/17-18/48,2022-12-19 00:00:00,0,101,112,0,,New
1261,101,4,103,CNT/17-18/49,2022-12-20 00:00:00,0,101,104,0,,New
1262,101,4,104,CNT/17-18/49,2022-12-20 00:00:00,0,101,112,0,,New
1263,101,4,103,CNT/17-18/50,2022-12-22 00:00:00,0,101,104,0,,New
1267,101,4,107,CNT/22-23/52,2022-12-24 00:00:00,0,101,113,0,,New
1269,101,4,103,CNT/17-18/54,2022-12-26 00:00:00,0,101,104,0,,New
1270,101,4,103,CNT/22-23/55,2022-12-27 00:00:00,0,101,104,0,,New
1271,101,4,103,CNT/22-23/56,2022-12-27 00:00:00,0,101,104,0,,New
1272,101,4,103,CNT/22-23/56,2022-12-27 00:00:00,0,101,104,0,,New
1273,101,4,104,CNT/17-18/57,2022-12-28 00:00:00,0,101,112,0,,New
1276,101,4,103,CNT/17-18/59,2022-12-30 00:00:00,0,101,104,0,,New
1277,101,4,104,CNT/17-18/59,2022-12-31 00:00:00,0,101,112,0,,New
1278,101,4,103,CNT/17-18/59,2022-12-31 00:00:00,0,101,104,0,,New
1279,101,4,104,CNT/17-18/60,2023-01-02 00:00:00,0,101,112,0,,New
1280,101,4,104,CNT/17-18/61,2023-01-02 00:00:00,0,101,112,0,,New
1283,101,4,104,CNT/17-18/63,2023-01-06 00:00:00,0,101,112,0,,New
1284,101,4,103,CNT/17-18/64,2023-01-07 00:00:00,0,101,104,0,,New
1285,101,4,103,CNT/17-18/64,2023-01-07 00:00:00,0,101,104,0,,New
1286,101,4,103,CNT/17-18/65,2023-01-07 00:00:00,0,101,104,0,,New
1287,101,4,107,CNT/17-18/65,2023-01-07 00:00:00,0,101,113,0,,New
1289,101,4,104,CNT/17-18/67,2023-01-12 00:00:00,0,101,112,0,,New
1290,101,4,104,CNT/17-18/67,2023-01-12 00:00:00,0,101,112,0,,New
1293,101,4,104,CNT/17-18/69,2023-01-14 00:00:00,0,101,112,0,,New
1295,101,4,103,CNT/17-18/71,2023-01-16 00:00:00,0,101,104,0,,New
1296,101,4,104,CNT/17-18/72,2023-01-18 00:00:00,0,101,112,0,,New
1297,101,4,103,CNT/17-18/73,2023-01-20 00:00:00,0,101,104,0,,New
1298,101,4,103,CNT/17-18/74,2023-01-24 00:00:00,0,101,104,0,,New
1299,101,4,104,CNT/17-18/74,2023-01-24 00:00:00,0,101,112,0,,New
1300,101,4,103,CNT/17-18/74,2023-01-24 00:00:00,0,101,104,0,,New
1303,101,4,103,CNT/17-18/75,2023-01-25 00:00:00,0,101,104,0,,New
876,101,3,104,CNT/17-18/31,2021-11-09 00:00:00,0,101,112,0,,New
877,101,3,104,CNT/17-18/31,2021-11-03 00:00:00,0,101,112,0,,New
878,101,3,104,CNT/17-18/31,2021-11-03 00:00:00,0,101,112,0,,New
879,101,3,104,CNT/17-18/31,2021-11-03 00:00:00,0,101,112,0,,New
880,101,3,103,CNT/17-18/31,2021-11-04 00:00:00,0,101,104,0,,New
881,101,3,104,CNT/17-18/31,2021-11-04 00:00:00,0,101,112,0,,New
882,101,3,104,CNT/17-18/31,2021-11-06 00:00:00,0,101,112,0,,New
883,101,3,104,CNT/17-18/31,2021-11-07 00:00:00,0,101,112,0,,New
884,101,3,104,CNT/17-18/32,2021-11-10 00:00:00,0,101,112,0,,New
885,101,3,104,CNT/17-18/32,2021-11-11 00:00:00,0,101,112,0,,New
886,101,3,104,CNT/17-18/32,2021-11-14 00:00:00,0,101,112,0,,New
887,101,3,104,CNT/17-18/32,2021-11-16 00:00:00,0,101,112,0,,New
888,101,3,104,CNT/17-18/32,2021-11-19 00:00:00,0,101,112,0,,New
1080,101,4,103,CNT/22-23/17,2022-06-17 00:00:00,0,101,104,0,,New
1082,101,4,104,CNT/17-18/19,2022-06-10 00:00:00,0,101,112,0,,New
1083,101,4,104,CNT/17-18/19,2022-06-11 00:00:00,0,101,112,0,,New
1084,101,4,104,CNT/17-18/19,2022-06-13 00:00:00,0,101,112,0,,New
1085,101,4,104,CNT/17-18/19,2022-06-15 00:00:00,0,101,112,0,,New
1086,101,4,103,CNT/17-18/19,2022-06-14 00:00:00,0,101,104,0,,New
1087,101,4,104,CNT/17-18/19,2022-06-14 00:00:00,0,101,112,0,,New
1088,101,4,104,CNT/17-18/19,2022-06-18 00:00:00,0,101,112,0,,New
1089,101,4,104,CNT/17-18/19,2022-06-20 00:00:00,0,101,112,0,,New
1090,101,4,103,CNT/17-18/19,2022-06-20 00:00:00,0,101,104,0,,New
1091,101,4,104,CNT/17-18/19,2022-06-19 00:00:00,0,101,112,0,,New
1092,101,4,103,CNT/17-18/19,2022-06-20 00:00:00,0,101,104,0,,New
1236,101,4,104,CNT/17-18/42,2022-11-18 00:00:00,0,101,112,0,,New
1254,101,4,104,CNT/17-18/46,2022-12-15 00:00:00,0,101,112,0,,New
1268,101,4,103,CNT/22-23/53,2022-12-24 00:00:00,0,101,104,0,,New
1281,101,4,103,CNT/17-18/62,2023-01-04 00:00:00,0,101,104,0,,New
1282,101,4,104,CNT/17-18/62,2023-01-04 00:00:00,0,101,112,0,,New
1288,101,4,103,CNT/17-18/66,2023-01-11 00:00:00,0,101,104,0,,New
1291,101,4,104,CNT/17-18/68,2023-01-13 00:00:00,0,101,112,0,,New
1292,101,4,104,CNT/17-18/68,2023-01-13 00:00:00,0,101,112,0,,New
1301,101,4,103,CNT/17-18/75,2023-01-25 00:00:00,0,101,104,0,,New
1302,101,4,103,CNT/17-18/75,2023-01-25 00:00:00,0,101,104,0,,New
1304,101,4,103,CNT/17-18/75,2023-01-25 00:00:00,0,101,104,0,,New
1305,101,4,104,CNT/17-18/76,2023-01-26 00:00:00,0,101,112,0,,New
1306,101,4,103,CNT/17-18/77,2023-01-28 00:00:00,0,101,104,0,,New
1307,101,4,103,CNT/17-18/78,2023-01-29 00:00:00,0,101,104,0,,New
1308,101,4,103,CNT/17-18/78,2023-01-30 00:00:00,0,101,104,0,,New
1309,101,4,103,CNT/17-18/78,2023-01-31 00:00:00,0,101,104,0,,New
1310,101,4,103,CNT/17-18/78,2023-01-31 00:00:00,0,101,104,0,,New
1311,101,4,103,CNT/22-23/79,2023-02-02 00:00:00,0,101,104,0,,New
1312,101,4,104,CNT/17-18/80,2023-02-04 00:00:00,0,101,112,0,,New
1313,101,4,103,CNT/17-18/81,2023-02-09 00:00:00,0,101,104,0,,New
1314,101,4,104,CNT/17-18/82,2023-02-11 00:00:00,0,101,112,0,,New
1315,101,4,103,CNT/17-18/83,2023-02-12 00:00:00,0,101,104,0,,New
1316,101,4,103,CNT/17-18/83,2023-02-12 00:00:00,0,101,104,0,,New
1317,101,4,103,CNT/22-23/84,2023-02-14 00:00:00,0,101,104,0,,New
1318,101,4,103,CNT/17-18/85,2023-02-15 00:00:00,0,101,104,0,,New
1319,101,4,103,CNT/17-18/85,2023-02-15 00:00:00,0,101,104,0,,New
1321,101,4,103,CNT/17-18/87,2023-02-23 00:00:00,0,101,104,0,,New
1322,101,4,104,CNT/17-18/88,2023-02-26 00:00:00,0,101,112,0,,New
1323,101,4,103,CNT/17-18/89,2023-02-27 00:00:00,0,101,104,0,,New
1324,101,4,104,CNT/17-18/90,2023-02-28 00:00:00,0,101,112,0,,New
1325,101,4,104,CNT/17-18/90,2023-02-28 00:00:00,0,101,112,0,,New
1326,101,4,103,CNT/22-23/91,2023-03-02 00:00:00,0,101,104,0,,New
1328,101,4,103,CNT/17-18/93,2023-03-11 00:00:00,0,101,104,0,,New
1329,101,4,104,CNT/17-18/94,2023-03-13 00:00:00,0,101,112,0,,New
1331,101,4,104,CNT/17-18/95,2023-03-15 00:00:00,0,101,112,0,,New
1332,101,4,104,CNT/17-18/96,2023-03-16 00:00:00,0,101,112,0,,New
1333,101,4,104,CNT/17-18/97,2023-03-16 00:00:00,0,101,112,0,,New
1334,101,4,103,CNT/17-18/98,2023-03-18 00:00:00,0,101,104,0,,New
1335,101,4,103,CNT/17-18/98,2023-03-18 00:00:00,0,101,104,0,,New
1336,101,4,103,CNT/17-18/98,2023-03-18 00:00:00,0,101,104,0,,New
1338,101,4,103,CNT/17-18/99,2023-03-21 00:00:00,0,101,104,0,,New
1339,101,4,104,CNT/17-18/100,2023-03-22 00:00:00,0,101,112,0,,New
1340,101,4,104,CNT/17-18/100,2023-03-22 00:00:00,0,101,112,0,,New
1341,101,4,103,CNT/17-18/101,2023-03-26 00:00:00,0,101,104,0,,New
1342,101,5,103,CNT/23-24/1,2023-04-01 00:00:00,0,101,104,0,,New
1344,101,5,103,CNT/17-18/3,2023-04-10 00:00:00,0,101,104,0,,New
1345,101,5,104,CNT/17-18/3,2023-04-10 00:00:00,0,101,112,0,,New
1346,101,5,103,CNT/17-18/4,2023-04-12 00:00:00,0,101,104,0,,New
1348,101,5,103,CNT/23-24/6,2023-04-19 00:00:00,0,101,104,0,,New
1349,101,5,103,CNT/23-24/7,2023-04-18 00:00:00,0,101,104,0,,New
1350,101,5,103,CNT/23-24/7,2023-04-19 00:00:00,0,101,104,0,,New
1351,101,5,103,CNT/23-24/7,2023-04-19 00:00:00,0,101,104,0,,New
1360,101,5,103,CNT/23-24/10,2023-04-21 00:00:00,0,101,104,0,,New
1361,101,5,103,CNT/23-24/11,2023-04-21 00:00:00,0,101,104,0,,New
1362,101,5,103,CNT/23-24/11,2023-04-21 00:00:00,0,101,104,0,,New
1363,101,5,103,CNT/23-24/12,2023-04-21 00:00:00,0,101,104,0,,New
1364,101,5,103,CNT/23-24/13,2023-04-21 00:00:00,0,101,104,0,,New
1365,101,5,103,CNT/23-24/14,2023-04-21 00:00:00,0,101,104,0,,New
1366,101,5,103,CNT/23-24/15,2023-04-21 00:00:00,0,101,104,0,,New
1367,101,5,104,CNT/23-24/15,2023-04-21 00:00:00,0,101,112,0,,New
1370,101,5,104,CNT/17-18/18,2023-04-23 00:00:00,0,101,112,0,,New
1374,101,5,104,CNT/17-18/19,2023-04-25 00:00:00,0,101,112,0,,New
1375,101,5,104,CNT/17-18/19,2023-04-25 00:00:00,0,101,112,0,,New
1376,101,5,104,CNT/17-18/20,2023-04-28 00:00:00,0,101,112,0,,New
1377,101,5,104,CNT/17-18/20,2023-04-28 00:00:00,0,101,112,0,,New
1378,101,5,103,CNT/17-18/20,2023-04-28 00:00:00,0,101,104,0,,New
1379,101,5,104,CNT/17-18/21,2023-04-28 00:00:00,0,101,112,0,,New
1381,101,5,104,CNT/17-18/23,2023-05-05 00:00:00,0,101,112,0,,New
1382,101,5,103,CNT/17-18/24,2023-05-08 00:00:00,0,101,104,0,,New
1383,101,5,104,CNT/17-18/24,2023-05-09 00:00:00,0,101,112,0,,New
1384,101,5,104,CNT/17-18/25,2023-05-11 00:00:00,0,101,112,0,,New
1385,101,5,104,CNT/17-18/26,2023-05-14 00:00:00,0,101,112,0,,New
1386,101,5,104,CNT/17-18/27,2023-05-16 00:00:00,0,101,112,0,,New
1387,101,5,104,CNT/17-18/27,2023-05-16 00:00:00,0,101,112,0,,New
1388,101,5,103,CNT/23-24/28,2023-05-25 00:00:00,0,101,104,0,,New
1389,101,5,104,CNT/23-24/29,2023-05-25 00:00:00,0,101,112,0,,New
1390,101,5,104,CNT/17-18/30,2023-05-28 00:00:00,0,101,112,0,,New
1391,101,5,103,CNT/17-18/30,2023-05-28 00:00:00,0,101,104,0,,New
1392,101,5,103,CNT/17-18/31,2023-06-02 00:00:00,0,101,104,0,,New
1393,101,5,104,CNT/17-18/32,2023-06-03 00:00:00,0,101,112,0,,New
1394,101,5,103,CNT/17-18/33,2023-06-05 00:00:00,0,101,104,0,,New
1397,101,5,104,CNT/23-24/35,2023-06-08 00:00:00,0,101,112,0,,New
897,101,3,104,CNT/17-18/36,2021-12-01 00:00:00,0,101,112,0,,New
898,101,3,104,CNT/17-18/36,2021-12-02 00:00:00,0,101,112,0,,New
899,101,3,104,CNT/17-18/36,2021-12-05 00:00:00,0,101,112,0,,New
900,101,3,103,CNT/17-18/36,2021-12-06 00:00:00,0,101,104,0,,New
901,101,3,103,CNT/17-18/36,2021-12-06 00:00:00,0,101,104,0,,New
902,101,3,103,CNT/17-18/37,2021-12-07 00:00:00,0,101,104,0,,New
903,101,3,104,CNT/17-18/37,2021-12-07 00:00:00,0,101,112,0,,New
904,101,3,104,CNT/17-18/37,2021-12-07 00:00:00,0,101,112,0,,New
905,101,3,104,CNT/17-18/37,2021-12-08 00:00:00,0,101,112,0,,New
906,101,3,103,CNT/17-18/37,2021-12-10 00:00:00,0,101,104,0,,New
907,101,3,104,CNT/17-18/37,2021-12-10 00:00:00,0,101,112,0,,New
1274,101,4,104,CNT/17-18/58,2022-12-29 00:00:00,0,101,112,0,,New
1275,101,4,104,CNT/17-18/58,2022-12-29 00:00:00,0,101,112,0,,New
1294,101,4,103,CNT/17-18/70,2023-01-15 00:00:00,0,101,104,0,,New
1330,101,4,104,CNT/17-18/95,2023-03-15 00:00:00,0,101,112,0,,New
1347,101,5,104,CNT/17-18/5,2023-04-16 00:00:00,0,101,112,0,,New
1371,101,5,103,CNT/17-18/18,2023-04-23 00:00:00,0,101,104,0,,New
1380,101,5,104,CNT/17-18/22,2023-04-29 00:00:00,0,101,112,0,,New
1395,101,5,103,CNT/23-24/34,2023-06-08 00:00:00,0,101,104,0,,New
1396,101,5,104,CNT/23-24/35,2023-06-08 00:00:00,0,101,112,0,,New
1398,101,5,103,CNT/17-18/36,2023-06-11 00:00:00,0,101,104,0,,New
1399,101,5,104,CNT/17-18/36,2023-06-11 00:00:00,0,101,112,0,,New
1400,101,5,104,CNT/17-18/37,2023-06-15 00:00:00,0,101,112,0,,New
1401,101,5,103,CNT/17-18/38,2023-06-15 00:00:00,0,101,104,0,,New
1402,101,5,104,CNT/17-18/39,2023-06-18 00:00:00,0,101,112,0,,New
1403,101,5,103,CNT/17-18/40,2023-06-19 00:00:00,0,101,104,0,,New
1404,101,5,103,CNT/17-18/40,2023-06-19 00:00:00,0,101,104,0,,New
1405,101,5,103,CNT/17-18/41,2023-06-22 00:00:00,0,101,104,0,,New
1406,101,5,104,CNT/17-18/42,2023-06-23 00:00:00,0,101,112,0,,New
1407,101,5,104,CNT/17-18/42,2023-06-23 00:00:00,0,101,112,0,,New
1411,101,5,104,CNT/17-18/43,2023-06-28 00:00:00,0,101,112,0,,New
1412,101,5,104,CNT/17-18/44,2023-07-02 00:00:00,0,101,112,0,,New
1413,101,5,104,CNT/17-18/45,2023-07-09 00:00:00,0,101,112,0,,New
1414,101,5,104,CNT/17-18/46,2023-07-11 00:00:00,0,101,112,0,,New
1415,101,5,104,CNT/17-18/46,2023-07-12 00:00:00,0,101,112,0,,New
1416,101,5,104,CNT/17-18/46,2023-07-12 00:00:00,0,101,112,0,,New
1417,101,5,104,CNT/17-18/46,2023-07-13 00:00:00,0,101,112,0,,New
1418,101,5,104,CNT/17-18/46,2023-07-15 00:00:00,0,101,112,0,,New
1419,101,5,104,CNT/17-18/46,2023-07-16 00:00:00,0,101,112,0,,New
1420,101,5,104,CNT/17-18/46,2023-07-21 00:00:00,0,101,112,0,,New
1421,101,5,104,CNT/17-18/46,2023-07-29 00:00:00,0,101,112,0,,New
1422,101,5,104,CNT/17-18/46,2023-08-05 00:00:00,0,101,112,0,,New
1423,101,5,103,CNT/17-18/46,2023-07-31 00:00:00,0,101,104,0,,New
1424,101,5,103,CNT/17-18/47,2023-08-30 00:00:00,0,101,104,0,,New
1425,101,5,104,CNT/17-18/48,2023-09-02 00:00:00,0,101,112,0,,New
1426,101,5,104,CNT/17-18/48,2023-09-03 00:00:00,0,101,112,0,,New
1427,101,5,104,CNT/17-18/48,2023-09-04 00:00:00,0,101,112,0,,New
1428,101,5,104,CNT/17-18/49,2023-09-07 00:00:00,0,101,112,0,,New
1429,101,5,103,CNT/17-18/49,2023-09-08 00:00:00,0,101,104,0,,New
1430,101,5,104,CNT/17-18/49,2023-09-08 00:00:00,0,101,112,0,,New
1431,101,5,103,CNT/17-18/49,2023-09-10 00:00:00,0,101,104,0,,New
1432,101,5,104,CNT/17-18/49,2023-09-13 00:00:00,0,101,112,0,,New
1433,101,5,104,CNT/17-18/49,2023-09-16 00:00:00,0,101,112,0,,New
1434,101,5,103,CNT/17-18/49,2023-09-17 00:00:00,0,101,104,0,,New
1435,101,5,103,CNT/17-18/49,2023-09-19 00:00:00,0,101,104,0,,New
1436,101,5,103,CNT/17-18/50,2023-09-18 00:00:00,0,101,104,0,,New
1437,101,5,104,CNT/17-18/50,2023-09-19 00:00:00,0,101,112,0,,New
1438,101,5,104,CNT/17-18/50,2023-09-19 00:00:00,0,101,112,0,,New
1439,101,5,104,CNT/17-18/50,2023-09-19 00:00:00,0,101,112,0,,New
1440,101,5,103,CNT/17-18/50,2023-09-19 00:00:00,0,101,104,0,,New
1441,101,5,104,CNT/17-18/50,2023-09-19 00:00:00,0,101,112,0,,New
1442,101,5,104,CNT/17-18/50,2023-09-21 00:00:00,0,101,112,0,,New
1443,101,5,104,CNT/17-18/50,2023-09-21 00:00:00,0,101,112,0,,New
1444,101,5,103,CNT/17-18/50,2023-09-23 00:00:00,0,101,104,0,,New
1445,101,5,104,CNT/17-18/50,2023-09-23 00:00:00,0,101,112,0,,New
1446,101,5,104,CNT/17-18/50,2023-09-24 00:00:00,0,101,112,0,,New
1447,101,5,103,CNT/17-18/50,2023-09-25 00:00:00,0,101,104,0,,New
1448,101,5,104,CNT/17-18/50,2023-09-25 00:00:00,0,101,112,0,,New
1449,101,5,104,CNT/17-18/50,2023-09-25 00:00:00,0,101,112,0,,New
1450,101,5,104,CNT/17-18/50,2023-09-25 00:00:00,0,101,112,0,,New
1451,101,5,103,CNT/17-18/51,2023-09-29 00:00:00,0,101,104,0,,New
1456,101,5,104,CNT/17-18/53,2023-10-02 00:00:00,0,101,112,0,,New
1457,101,5,103,CNT/23-24/54,2023-10-03 00:00:00,0,101,104,0,,New
1461,101,5,103,CNT/17-18/57,2023-10-14 00:00:00,0,101,104,0,,New
1462,101,5,103,CNT/17-18/58,2023-10-15 00:00:00,0,101,104,0,,New
1463,101,5,104,CNT/17-18/58,2023-10-15 00:00:00,0,101,112,0,,New
1464,101,5,103,CNT/17-18/58,2023-10-15 00:00:00,0,101,104,0,,New
1465,101,5,103,CNT/17-18/58,2023-10-15 00:00:00,0,101,104,0,,New
1466,101,5,103,CNT/17-18/58,2023-10-16 00:00:00,0,101,104,0,,New
1467,101,5,104,CNT/17-18/58,2023-10-16 00:00:00,0,101,112,0,,New
1468,101,5,103,CNT/17-18/58,2023-10-16 00:00:00,0,101,104,0,,New
1469,101,5,104,CNT/17-18/58,2023-10-16 00:00:00,0,101,112,0,,New
1470,101,5,104,CNT/17-18/58,2023-10-16 00:00:00,0,101,112,0,,New
1471,101,5,104,CNT/17-18/58,2023-10-16 00:00:00,0,101,112,0,,New
1472,101,5,104,CNT/17-18/58,2023-10-17 00:00:00,0,101,112,0,,New
1473,101,5,104,CNT/17-18/58,2023-10-19 00:00:00,0,101,112,0,,New
1474,101,5,104,CNT/17-18/58,2023-10-19 00:00:00,0,101,112,0,,New
1475,101,5,103,CNT/17-18/59,2023-10-26 00:00:00,0,101,104,0,,New
1476,101,5,103,CNT/17-18/59,2023-10-26 00:00:00,0,101,104,0,,New
1477,101,5,103,CNT/17-18/60,2023-10-29 00:00:00,0,101,104,0,,New
1478,101,5,104,CNT/17-18/61,2023-11-05 00:00:00,0,101,112,0,,New
1479,101,5,103,CNT/23-24/62,2023-11-07 00:00:00,0,101,104,0,,New
1480,101,5,103,CNT/23-24/63,2023-11-07 00:00:00,0,101,104,0,,New
1481,101,5,104,CNT/23-24/63,2023-11-07 00:00:00,0,101,112,0,,New
1482,101,5,103,CNT/23-24/64,2023-11-09 00:00:00,0,101,104,0,,New
1483,101,5,103,CNT/23-24/65,2023-11-09 00:00:00,0,101,104,0,,New
1484,101,5,103,CNT/23-24/66,2023-11-10 00:00:00,0,101,104,0,,New
1485,101,5,104,CNT/17-18/67,2023-11-10 00:00:00,0,101,112,0,,New
1486,101,5,103,CNT/23-24/68,2023-11-14 00:00:00,0,101,104,0,,New
1487,101,5,104,CNT/23-24/69,2023-11-10 00:00:00,0,101,112,0,,New
1488,101,5,104,CNT/23-24/69,2023-11-10 00:00:00,0,101,112,0,,New
1489,101,5,104,CNT/23-24/69,2023-11-10 00:00:00,0,101,112,0,,New
1490,101,5,104,CNT/23-24/69,2023-11-14 00:00:00,0,101,112,0,,New
1491,101,5,104,CNT/23-24/69,2023-11-10 00:00:00,0,101,112,0,,New
1492,101,5,104,CNT/23-24/69,2023-11-10 00:00:00,0,101,112,0,,New
1495,101,5,104,CNT/17-18/70,2023-11-10 00:00:00,0,101,112,0,,New
1496,101,5,104,CNT/17-18/70,2023-11-10 00:00:00,0,101,112,0,,New
938,101,3,103,CNT/17-18/46,2022-01-14 00:00:00,0,101,104,0,,New
939,101,3,104,CNT/17-18/46,2022-01-15 00:00:00,0,101,112,0,,New
940,101,3,104,CNT/17-18/46,2022-01-16 00:00:00,0,101,112,0,,New
943,101,3,103,CNT/17-18/48,2022-01-25 00:00:00,0,101,104,0,,New
944,101,3,104,CNT/17-18/48,2022-01-25 00:00:00,0,101,112,0,,New
945,101,3,104,CNT/17-18/48,2022-01-26 00:00:00,0,101,112,0,,New
946,101,3,104,CNT/17-18/48,2022-01-27 00:00:00,0,101,112,0,,New
947,101,3,104,CNT/17-18/48,2022-01-28 00:00:00,0,101,112,0,,New
948,101,3,104,CNT/17-18/48,2022-01-29 00:00:00,0,101,112,0,,New
949,101,3,103,CNT/17-18/48,2022-01-29 00:00:00,0,101,104,0,,New
950,101,3,103,CNT/17-18/48,2022-01-30 00:00:00,0,101,104,0,,New
951,101,3,104,CNT/17-18/48,2022-01-30 00:00:00,0,101,112,0,,New
952,101,3,107,CNT/21-22/49,2022-02-03 00:00:00,0,101,113,0,,New
953,101,3,104,CNT/17-18/50,2022-02-03 00:00:00,0,101,112,0,,New
954,101,3,104,CNT/17-18/50,2022-02-04 00:00:00,0,101,112,0,,New
955,101,3,104,CNT/17-18/50,2022-02-05 00:00:00,0,101,112,0,,New
956,101,3,103,CNT/17-18/50,2022-02-05 00:00:00,0,101,104,0,,New
957,101,3,104,CNT/17-18/50,2022-02-07 00:00:00,0,101,112,0,,New
958,101,3,104,CNT/17-18/50,2022-02-07 00:00:00,0,101,112,0,,New
959,101,3,103,CNT/17-18/50,2022-02-08 00:00:00,0,101,104,0,,New
960,101,3,104,CNT/17-18/50,2022-02-08 00:00:00,0,101,112,0,,New
961,101,3,104,CNT/17-18/50,2022-02-08 00:00:00,0,101,112,0,,New
962,101,3,104,CNT/17-18/51,2022-02-09 00:00:00,0,101,112,0,,New
963,101,3,103,CNT/17-18/51,2022-02-09 00:00:00,0,101,104,0,,New
964,101,3,104,CNT/17-18/51,2022-02-13 00:00:00,0,101,112,0,,New
965,101,3,103,CNT/17-18/51,2022-02-10 00:00:00,0,101,104,0,,New
966,101,3,104,CNT/17-18/51,2022-02-11 00:00:00,0,101,112,0,,New
967,101,3,104,CNT/17-18/51,2022-02-12 00:00:00,0,101,112,0,,New
968,101,3,104,CNT/17-18/51,2022-02-12 00:00:00,0,101,112,0,,New
969,101,3,104,CNT/17-18/51,2022-02-13 00:00:00,0,101,112,0,,New
970,101,3,103,CNT/17-18/51,2022-02-13 00:00:00,0,101,104,0,,New
971,101,3,103,CNT/17-18/52,2022-02-15 00:00:00,0,101,104,0,,New
972,101,3,103,CNT/17-18/52,2022-02-16 00:00:00,0,101,104,0,,New
973,101,3,104,CNT/17-18/53,2022-02-20 00:00:00,0,101,112,0,,New
1038,101,4,103,CNT/17-18/7,2022-04-22 00:00:00,0,101,104,0,,New
1039,101,4,104,CNT/17-18/7,2022-04-24 00:00:00,0,101,112,0,,New
1040,101,4,104,CNT/17-18/7,2022-04-25 00:00:00,0,101,112,0,,New
1041,101,4,103,CNT/17-18/7,2022-04-26 00:00:00,0,101,104,0,,New
1042,101,4,103,CNT/17-18/8,2022-04-27 00:00:00,0,101,104,0,,New
1043,101,4,104,CNT/17-18/8,2022-04-28 00:00:00,0,101,112,0,,New
1050,101,4,104,CNT/17-18/13,2022-05-03 00:00:00,0,101,112,0,,New
1051,101,4,103,CNT/17-18/13,2022-05-03 00:00:00,0,101,104,0,,New
1052,101,4,104,CNT/17-18/13,2022-05-03 00:00:00,0,101,112,0,,New
1053,101,4,104,CNT/17-18/13,2022-05-03 00:00:00,0,101,112,0,,New
1054,101,4,104,CNT/17-18/13,2022-05-03 00:00:00,0,101,112,0,,New
1055,101,4,104,CNT/17-18/13,2022-05-03 00:00:00,0,101,112,0,,New
1056,101,4,104,CNT/17-18/13,2022-05-08 00:00:00,0,101,112,0,,New
1057,101,4,104,CNT/17-18/13,2022-05-05 00:00:00,0,101,112,0,,New
1058,101,4,103,CNT/17-18/13,2022-05-05 00:00:00,0,101,104,0,,New
1059,101,4,104,CNT/17-18/13,2022-05-08 00:00:00,0,101,112,0,,New
1320,101,4,104,CNT/17-18/86,2023-02-16 00:00:00,0,101,112,0,,New
1337,101,4,103,CNT/17-18/98,2023-03-18 00:00:00,0,101,104,0,,New
1343,101,5,103,CNT/17-18/2,2023-04-04 00:00:00,0,101,104,0,,New
1352,101,5,103,CNT/23-24/8,2023-04-20 00:00:00,0,101,104,0,,New
1353,101,5,104,CNT/23-24/9,2023-04-20 00:00:00,0,101,112,0,,New
1354,101,5,103,CNT/23-24/9,2023-04-20 00:00:00,0,101,104,0,,New
1355,101,5,103,CNT/23-24/9,2023-04-20 00:00:00,0,101,104,0,,New
1356,101,5,103,CNT/23-24/9,2023-04-20 00:00:00,0,101,104,0,,New
1357,101,5,103,CNT/23-24/9,2023-04-20 00:00:00,0,101,104,0,,New
1358,101,5,103,CNT/23-24/9,2023-04-20 00:00:00,0,101,104,0,,New
1359,101,5,103,CNT/23-24/9,2023-04-20 00:00:00,0,101,104,0,,New
1493,101,5,104,CNT/17-18/70,2023-11-10 00:00:00,0,101,112,0,,New
1497,101,5,104,CNT/17-18/70,2023-11-10 00:00:00,0,101,112,0,,New
1498,101,5,104,CNT/17-18/70,2023-11-10 00:00:00,0,101,112,0,,New
1499,101,5,104,CNT/17-18/70,2023-11-10 00:00:00,0,101,112,0,,New
1500,101,5,104,CNT/17-18/70,2023-11-10 00:00:00,0,101,112,0,,New
1501,101,5,104,CNT/17-18/70,2023-11-10 00:00:00,0,101,112,0,,New
1502,101,5,104,CNT/17-18/70,2023-11-10 00:00:00,0,101,112,0,,New
1503,101,5,104,CNT/17-18/70,2023-11-10 00:00:00,0,101,112,0,,New
1504,101,5,104,CNT/17-18/70,2023-11-10 00:00:00,0,101,112,0,,New
1505,101,5,104,CNT/17-18/70,2023-11-10 00:00:00,0,101,112,0,,New
1506,101,5,104,CNT/17-18/70,2023-11-10 00:00:00,0,101,112,0,,New
1507,101,5,104,CNT/17-18/70,2023-11-10 00:00:00,0,101,112,0,,New
1508,101,5,104,CNT/17-18/70,2023-11-10 00:00:00,0,101,112,0,,New
1509,101,5,104,CNT/17-18/70,2023-11-10 00:00:00,0,101,112,0,,New
1510,101,5,104,CNT/17-18/70,2023-11-10 00:00:00,0,101,112,0,,New
1511,101,5,104,CNT/17-18/70,2023-11-10 00:00:00,0,101,112,0,,New
1512,101,5,104,CNT/17-18/70,2023-11-10 00:00:00,0,101,112,0,,New
1513,101,5,104,CNT/17-18/70,2023-11-10 00:00:00,0,101,112,0,,New
1514,101,5,104,CNT/17-18/70,2023-11-10 00:00:00,0,101,112,0,,New
1515,101,5,104,CNT/17-18/70,2023-11-10 00:00:00,0,101,112,0,,New
1516,101,5,104,CNT/17-18/70,2023-11-10 00:00:00,0,101,112,0,,New
1517,101,5,104,CNT/17-18/70,2023-11-10 00:00:00,0,101,112,0,,New
1518,101,5,104,CNT/17-18/70,2023-11-10 00:00:00,0,101,112,0,,New
1519,101,5,104,CNT/17-18/70,2023-11-10 00:00:00,0,101,112,0,,New
1520,101,5,104,CNT/17-18/70,2023-11-10 00:00:00,0,101,112,0,,New
1521,101,5,104,CNT/17-18/70,2023-11-10 00:00:00,0,101,112,0,,New
1522,101,5,104,CNT/17-18/70,2023-11-10 00:00:00,0,101,112,0,,New
1523,101,5,104,CNT/17-18/70,2023-11-10 00:00:00,0,101,112,0,,New
1524,101,5,104,CNT/17-18/71,2023-11-10 00:00:00,0,101,112,0,,New
1525,101,5,104,CNT/17-18/71,2023-11-10 00:00:00,0,101,112,0,,New
1526,101,5,104,CNT/17-18/71,2023-11-10 00:00:00,0,101,112,0,,New
1527,101,5,104,CNT/17-18/71,2023-11-16 00:00:00,0,101,112,0,,New
1528,101,5,104,CNT/17-18/71,2023-11-10 00:00:00,0,101,112,0,,New
1529,101,5,104,CNT/17-18/71,2023-11-10 00:00:00,0,101,112,0,,New
1530,101,5,104,CNT/17-18/71,2023-11-10 00:00:00,0,101,112,0,,New
1531,101,5,104,CNT/17-18/71,2023-11-10 00:00:00,0,101,112,0,,New
1532,101,5,104,CNT/17-18/71,2023-11-10 00:00:00,0,101,112,0,,New
1533,101,5,104,CNT/17-18/71,2023-11-10 00:00:00,0,101,112,0,,New
1534,101,5,104,CNT/17-18/71,2023-11-10 00:00:00,0,101,112,0,,New
1535,101,5,104,CNT/17-18/71,2023-11-10 00:00:00,0,101,112,0,,New
1536,101,5,104,CNT/17-18/71,2023-11-10 00:00:00,0,101,112,0,,New
1537,101,5,104,CNT/17-18/71,2023-11-10 00:00:00,0,101,112,0,,New
1538,101,5,104,CNT/17-18/71,2023-11-16 00:00:00,0,101,112,0,,New
1539,101,5,104,CNT/17-18/71,2023-11-10 00:00:00,0,101,112,0,,New
1540,101,5,104,CNT/17-18/71,2023-11-10 00:00:00,0,101,112,0,,New
1541,101,5,104,CNT/17-18/71,2023-11-10 00:00:00,0,101,112,0,,New
1542,101,5,104,CNT/17-18/71,2023-11-10 00:00:00,0,101,112,0,,New
1006,101,3,103,CNT/17-18/62,2022-03-23 00:00:00,0,101,104,0,,New
1007,101,3,104,CNT/17-18/62,2022-03-26 00:00:00,0,101,112,0,,New
1008,101,3,104,CNT/17-18/62,2022-03-27 00:00:00,0,101,112,0,,New
1009,101,3,103,CNT/17-18/62,2022-03-28 00:00:00,0,101,104,0,,New
1192,101,4,104,CNT/17-18/36,2022-10-22 00:00:00,0,101,112,0,,New
1193,101,4,104,CNT/17-18/36,2022-10-22 00:00:00,0,101,112,0,,New
1194,101,4,104,CNT/17-18/36,2022-10-22 00:00:00,0,101,112,0,,New
1408,101,5,104,CNT/17-18/43,2023-06-26 00:00:00,0,101,112,0,,New
1409,101,5,103,CNT/17-18/43,2023-06-28 00:00:00,0,101,104,0,,New
1410,101,5,104,CNT/17-18/43,2023-06-28 00:00:00,0,101,112,0,,New
1452,101,5,103,CNT/17-18/52,2023-09-30 00:00:00,0,101,104,0,,New
1453,101,5,104,CNT/17-18/52,2023-09-30 00:00:00,0,101,112,0,,New
1454,101,5,104,CNT/17-18/52,2023-09-30 00:00:00,0,101,112,0,,New
1455,101,5,104,CNT/17-18/52,2023-09-30 00:00:00,0,101,112,0,,New
1458,101,5,103,CNT/23-24/55,2023-10-03 00:00:00,0,101,104,0,,New
1494,101,5,104,CNT/17-18/70,2023-11-10 00:00:00,0,101,112,0,,New
1543,101,5,104,CNT/17-18/71,2023-11-10 00:00:00,0,101,112,0,,New
1544,101,5,104,CNT/17-18/71,2023-11-10 00:00:00,0,101,112,0,,New
1545,101,5,103,CNT/17-18/71,2023-11-16 00:00:00,0,101,104,0,,New
1546,101,5,104,CNT/17-18/71,2023-11-10 00:00:00,0,101,112,0,,New
1547,101,5,104,CNT/17-18/71,2023-11-10 00:00:00,0,101,112,0,,New
1548,101,5,104,CNT/17-18/71,2023-11-10 00:00:00,0,101,112,0,,New
1549,101,5,104,CNT/17-18/71,2023-11-10 00:00:00,0,101,112,0,,New
1550,101,5,104,CNT/17-18/71,2023-11-11 00:00:00,0,101,112,0,,New
1551,101,5,104,CNT/17-18/71,2023-11-11 00:00:00,0,101,112,0,,New
1552,101,5,103,CNT/17-18/71,2023-11-11 00:00:00,0,101,104,0,,New
1553,101,5,104,CNT/17-18/71,2023-11-11 00:00:00,0,101,112,0,,New
1554,101,5,104,CNT/17-18/71,2023-11-11 00:00:00,0,101,112,0,,New
1555,101,5,107,CNT/17-18/71,2023-11-16 00:00:00,0,101,113,0,,New
1556,101,5,103,CNT/17-18/72,2023-11-11 00:00:00,0,101,104,0,,New
1557,101,5,104,CNT/17-18/72,2023-11-11 00:00:00,0,101,112,0,,New
1558,101,5,103,CNT/17-18/72,2023-11-12 00:00:00,0,101,104,0,,New
1559,101,5,103,CNT/17-18/72,2023-11-13 00:00:00,0,101,104,0,,New
1560,101,5,104,CNT/17-18/72,2023-11-13 00:00:00,0,101,112,0,,New
1561,101,5,104,CNT/17-18/72,2023-11-14 00:00:00,0,101,112,0,,New
1562,101,5,104,CNT/17-18/73,2023-11-15 00:00:00,0,101,112,0,,New
1563,101,5,104,CNT/17-18/73,2023-11-15 00:00:00,0,101,112,0,,New
1564,101,5,103,CNT/17-18/73,2023-11-15 00:00:00,0,101,104,0,,New
1565,101,5,104,CNT/17-18/73,2023-11-16 00:00:00,0,101,112,0,,New
1566,101,5,104,CNT/17-18/73,2023-11-17 00:00:00,0,101,112,0,,New
1567,101,5,104,CNT/17-18/73,2023-11-17 00:00:00,0,101,112,0,,New
1568,101,5,104,CNT/17-18/74,2023-11-18 00:00:00,0,101,112,0,,New
1569,101,5,104,CNT/17-18/74,2023-11-18 00:00:00,0,101,112,0,,New
1570,101,5,104,CNT/17-18/74,2023-11-18 00:00:00,0,101,112,0,,New
1571,101,5,104,CNT/17-18/74,2023-11-18 00:00:00,0,101,112,0,,New
1572,101,5,104,CNT/17-18/74,2023-11-18 00:00:00,0,101,112,0,,New
1573,101,5,104,CNT/17-18/74,2023-11-18 00:00:00,0,101,112,0,,New
1574,101,5,104,CNT/17-18/75,2023-11-20 00:00:00,0,101,112,0,,New
1575,101,5,104,CNT/17-18/75,2023-11-20 00:00:00,0,101,112,0,,New
1576,101,5,104,CNT/17-18/75,2023-11-20 00:00:00,0,101,112,0,,New
1577,101,5,103,CNT/17-18/76,2023-11-21 00:00:00,0,101,104,0,,New
1578,101,5,104,CNT/17-18/76,2023-11-21 00:00:00,0,101,112,0,,New
1579,101,5,104,CNT/17-18/76,2023-11-21 00:00:00,0,101,112,0,,New
1580,101,5,103,CNT/17-18/76,2023-11-21 00:00:00,0,101,104,0,,New
1581,101,5,104,CNT/17-18/77,2023-11-22 00:00:00,0,101,112,0,,New
1582,101,5,104,CNT/17-18/77,2023-11-22 00:00:00,0,101,112,0,,New
1583,101,5,104,CNT/17-18/77,2023-11-22 00:00:00,0,101,112,0,,New
1584,101,5,103,CNT/17-18/78,2023-11-24 00:00:00,0,101,104,0,,New
1585,101,5,103,CNT/17-18/78,2023-11-24 00:00:00,0,101,104,0,,New
1586,101,5,103,CNT/17-18/79,2023-11-24 00:00:00,0,101,104,0,,New
1587,101,5,103,CNT/17-18/80,2023-11-24 00:00:00,0,101,104,0,,New
1588,101,5,104,CNT/17-18/81,2023-11-24 00:00:00,0,101,112,0,,New
1589,101,5,103,CNT/17-18/82,2023-11-25 00:00:00,0,101,104,0,,New
1591,101,5,104,CNT/17-18/82,2023-11-25 00:00:00,0,101,112,0,,New
1592,101,5,107,CNT/17-18/82,2023-11-26 00:00:00,0,101,113,0,,New
1593,101,5,103,CNT/17-18/83,2023-11-26 00:00:00,0,101,104,0,,New
1594,101,5,104,CNT/17-18/83,2023-11-27 00:00:00,0,101,112,0,,New
1595,101,5,104,CNT/17-18/84,2023-11-27 00:00:00,0,101,112,0,,New
1596,101,5,104,CNT/17-18/85,2023-11-27 00:00:00,0,101,112,0,,New
1597,101,5,104,CNT/17-18/86,2023-11-27 00:00:00,0,101,112,0,,New
1598,101,5,104,CNT/17-18/87,2023-11-27 00:00:00,0,101,112,0,,New
1599,101,5,104,CNT/17-18/88,2023-11-27 00:00:00,0,101,112,0,,New
1600,101,5,104,CNT/17-18/89,2023-11-27 00:00:00,0,101,112,0,,New
1601,101,5,104,CNT/23-24/90,2023-11-28 00:00:00,0,101,112,0,,New
1602,101,5,104,CNT/23-24/91,2023-12-03 00:00:00,0,101,112,0,,New
1603,101,5,104,CNT/23-24/92,2023-11-30 00:00:00,0,101,112,0,,New
1604,101,5,104,CNT/23-24/92,2023-12-03 00:00:00,0,101,112,0,,New
1605,101,5,104,CNT/23-24/92,2023-12-03 00:00:00,0,101,112,0,,New
1606,101,5,104,CNT/17-18/93,2023-12-05 00:00:00,0,101,112,0,,New
1607,101,5,104,CNT/17-18/93,2023-12-07 00:00:00,0,101,112,0,,New
1608,101,5,104,CNT/17-18/94,2023-12-07 00:00:00,0,101,112,0,,New
1609,101,5,103,CNT/17-18/95,2023-12-08 00:00:00,0,101,104,0,,New
1610,101,5,104,CNT/17-18/96,2023-12-09 00:00:00,0,101,112,0,,New
1611,101,5,104,CNT/17-18/97,2023-12-15 00:00:00,0,101,112,0,,New
1612,101,5,104,CNT/17-18/98,2023-12-18 00:00:00,0,101,112,0,,New
1613,101,5,104,CNT/17-18/98,2023-12-18 00:00:00,0,101,112,0,,New
1614,101,5,104,CNT/17-18/98,2023-12-18 00:00:00,0,101,112,0,,New
1615,101,5,104,CNT/17-18/98,2023-12-19 00:00:00,0,101,112,0,,New
1616,101,5,103,CNT/17-18/98,2023-12-21 00:00:00,0,101,104,0,,New
1617,101,5,103,CNT/17-18/98,2023-12-22 00:00:00,0,101,104,0,,New
1618,101,5,104,CNT/17-18/99,2023-12-26 00:00:00,0,101,112,0,,New
1619,101,5,104,CNT/17-18/99,2023-12-26 00:00:00,0,101,112,0,,New
1622,101,5,104,CNT/17-18/101,2024-01-01 00:00:00,0,101,112,0,,New
1623,101,5,104,CNT/17-18/102,2024-01-05 00:00:00,0,101,112,0,,New
1626,101,5,103,CNT/23-24/104,2024-01-13 00:00:00,0,101,104,0,,New
1627,101,5,103,CNT/17-18/105,2024-01-19 00:00:00,0,101,104,0,,New
1628,101,5,104,CNT/17-18/105,2024-01-19 00:00:00,0,101,112,0,,New
1629,101,5,104,CNT/17-18/105,2024-01-19 00:00:00,0,101,112,0,,New
1630,101,5,103,CNT/17-18/105,2024-01-19 00:00:00,0,101,104,0,,New
1636,101,5,103,CNT/17-18/109,2024-01-24 00:00:00,0,101,104,0,,New
1637,101,5,104,CNT/17-18/110,2024-01-28 00:00:00,0,101,112,0,,New
1641,101,5,103,CNT/17-18/113,2024-02-06 00:00:00,0,101,104,0,,New
1642,101,5,103,CNT/17-18/113,2024-02-07 00:00:00,0,101,104,0,,New
1643,101,5,103,CNT/17-18/114,2024-02-08 00:00:00,0,101,104,0,,New
1645,101,5,104,CNT/17-18/116,2024-02-12 00:00:00,0,101,112,0,,New
1646,101,5,103,CNT/17-18/117,2024-02-16 00:00:00,0,101,104,0,,New
1647,101,5,103,CNT/17-18/117,2024-02-16 00:00:00,0,101,104,0,,New
1030,101,4,104,CNT/17-18/5,2022-04-16 00:00:00,0,101,112,0,,New
1031,101,4,104,CNT/17-18/5,2022-04-16 00:00:00,0,101,112,0,,New
1032,101,4,103,CNT/17-18/5,2022-04-17 00:00:00,0,101,104,0,,New
1033,101,4,103,CNT/17-18/5,2022-04-17 00:00:00,0,101,104,0,,New
1045,101,4,104,CNT/17-18/10,2022-04-30 00:00:00,0,101,112,0,,New
1046,101,4,104,CNT/17-18/10,2022-05-02 00:00:00,0,101,112,0,,New
1047,101,4,107,CNT/17-18/10,2022-05-03 00:00:00,0,101,113,0,,New
1048,101,4,103,CNT/17-18/11,2022-05-03 00:00:00,0,101,104,0,,New
1049,101,4,103,CNT/17-18/12,2022-05-03 00:00:00,0,101,104,0,,New
1590,101,5,104,CNT/17-18/82,2023-11-25 00:00:00,0,101,112,0,,New
1620,101,5,104,CNT/17-18/100,2023-12-27 00:00:00,0,101,112,0,,New
1621,101,5,103,CNT/17-18/100,2023-12-27 00:00:00,0,101,104,0,,New
1624,101,5,103,CNT/17-18/103,2024-01-07 00:00:00,0,101,104,0,,New
1625,101,5,104,CNT/17-18/103,2024-01-07 00:00:00,0,101,112,0,,New
1631,101,5,103,CNT/17-18/106,2024-01-21 00:00:00,0,101,104,0,,New
1632,101,5,103,CNT/23-24/107,2024-01-22 00:00:00,0,101,104,0,,New
1638,101,5,103,CNT/17-18/111,2024-01-29 00:00:00,0,101,104,0,,New
1639,101,5,104,CNT/17-18/111,2024-01-30 00:00:00,0,101,112,0,,New
1648,101,5,104,CNT/17-18/118,2024-02-17 00:00:00,0,101,112,0,,New
1649,101,5,103,CNT/17-18/118,2024-02-18 00:00:00,0,101,104,0,,New
1650,101,5,103,CNT/17-18/118,2024-02-18 00:00:00,0,101,104,0,,New
1651,101,5,104,CNT/17-18/118,2024-02-18 00:00:00,0,101,112,0,,New
1652,101,5,104,CNT/17-18/118,2024-02-19 00:00:00,0,101,112,0,,New
1653,101,5,104,CNT/17-18/118,2024-02-20 00:00:00,0,101,112,0,,New
1654,101,5,103,CNT/17-18/119,2024-02-22 00:00:00,0,101,104,0,,New
1655,101,5,104,CNT/17-18/119,2024-02-22 00:00:00,0,101,112,0,,New
1657,101,5,103,CNT/23-24/121,2024-02-25 00:00:00,0,101,104,0,,New
1658,101,5,103,CNT/17-18/122,2024-02-26 00:00:00,0,101,104,0,,New
1659,101,5,103,CNT/17-18/123,2024-02-29 00:00:00,0,101,104,0,,New
1660,101,5,103,CNT/17-18/124,2024-03-02 00:00:00,0,101,104,0,,New
1662,101,5,104,CNT/17-18/126,2024-03-04 00:00:00,0,101,112,0,,New
1663,101,5,103,CNT/23-24/127,2024-03-08 00:00:00,0,101,104,0,,New
1664,101,5,103,CNT/17-18/128,2024-03-12 00:00:00,0,101,104,0,,New
1665,101,5,104,CNT/17-18/129,2024-03-16 00:00:00,0,101,112,0,,New
1666,101,5,104,CNT/17-18/130,2024-03-16 00:00:00,0,101,112,0,,New
1668,101,6,103,CNT/24-25/1,2024-04-04 00:00:00,0,101,104,0,,New
1672,101,6,104,CNT/17-18/4,2024-04-12 00:00:00,0,101,112,0,,New
1673,101,6,104,CNT/17-18/4,2024-04-13 00:00:00,0,101,112,0,,New
1674,101,6,103,CNT/17-18/4,2024-04-13 00:00:00,0,101,104,0,,New
1675,101,6,103,CNT/17-18/4,2024-04-13 00:00:00,0,101,104,0,,New
1676,101,6,103,CNT/24-25/5,2024-04-24 00:00:00,0,101,104,0,,New
1677,101,6,104,CNT/17-18/6,2024-04-16 00:00:00,0,101,112,0,,New
1678,101,6,104,CNT/17-18/6,2024-04-18 00:00:00,0,101,112,0,,New
1679,101,6,103,CNT/17-18/6,2024-04-19 00:00:00,0,101,104,0,,New
1680,101,6,103,CNT/17-18/6,2024-04-20 00:00:00,0,101,104,0,,New
1681,101,6,104,CNT/17-18/6,2024-04-24 00:00:00,0,101,112,0,,New
1682,101,6,104,CNT/17-18/6,2024-04-25 00:00:00,0,101,112,0,,New
1683,101,6,104,CNT/17-18/6,2024-04-26 00:00:00,0,101,112,0,,New
1684,101,6,104,CNT/17-18/6,2024-04-28 00:00:00,0,101,112,0,,New
1685,101,6,103,CNT/17-18/6,2024-04-29 00:00:00,0,101,104,0,,New
1686,101,6,103,CNT/17-18/6,2024-04-29 00:00:00,0,101,104,0,,New
1687,101,6,104,CNT/17-18/7,2024-04-30 00:00:00,0,101,112,0,,New
1688,101,6,103,CNT/17-18/8,2024-05-07 00:00:00,0,101,104,0,,New
1689,101,6,103,CNT/17-18/8,2024-05-09 00:00:00,0,101,104,0,,New
1690,101,6,103,CNT/17-18/9,2024-05-09 00:00:00,0,101,104,0,,New
1691,101,6,103,CNT/17-18/10,2024-05-10 00:00:00,0,101,104,0,,New
1692,101,6,103,CNT/17-18/10,2024-05-10 00:00:00,0,101,104,0,,New
1693,101,6,104,CNT/17-18/10,2024-05-10 00:00:00,0,101,112,0,,New
1694,101,6,104,CNT/17-18/10,2024-05-10 00:00:00,0,101,112,0,,New
1695,101,6,103,CNT/17-18/10,2024-05-10 00:00:00,0,101,104,0,,New
1696,101,6,103,CNT/17-18/10,2024-05-10 00:00:00,0,101,104,0,,New
1697,101,6,104,CNT/17-18/10,2024-05-10 00:00:00,0,101,112,0,,New
1698,101,6,104,CNT/17-18/10,2024-05-10 00:00:00,0,101,112,0,,New
1699,101,6,103,CNT/24-25/11,2024-05-13 00:00:00,0,101,104,0,,New
1700,101,6,103,CNT/17-18/12,2024-05-12 00:00:00,0,101,104,0,,New
1701,101,6,103,CNT/17-18/12,2024-05-12 00:00:00,0,101,104,0,,New
1702,101,6,103,CNT/17-18/12,2024-05-12 00:00:00,0,101,104,0,,New
1703,101,6,104,CNT/17-18/12,2024-05-12 00:00:00,0,101,112,0,,New
1704,101,6,104,CNT/17-18/12,2024-05-12 00:00:00,0,101,112,0,,New
1705,101,6,103,CNT/17-18/12,2024-05-16 00:00:00,0,101,104,0,,New
1706,101,6,103,CNT/17-18/12,2024-05-17 00:00:00,0,101,104,0,,New
1707,101,6,104,CNT/17-18/12,2024-05-17 00:00:00,0,101,112,0,,New
1708,101,6,104,CNT/17-18/13,2024-05-23 00:00:00,0,101,112,0,,New
1709,101,6,104,CNT/17-18/13,2024-05-23 00:00:00,0,101,112,0,,New
1710,101,6,104,CNT/17-18/14,2024-05-26 00:00:00,0,101,112,0,,New
1711,101,6,103,CNT/17-18/15,2024-06-11 00:00:00,0,101,104,0,,New
1712,101,6,103,CNT/17-18/16,2024-06-12 00:00:00,0,101,104,0,,New
1713,101,6,107,CNT/24-25/17,2024-06-17 00:00:00,0,101,113,0,,New
1714,101,6,103,CNT/24-25/18,2024-06-22 00:00:00,0,101,104,0,,New
1715,101,6,103,CNT/24-25/19,2024-06-22 00:00:00,0,101,104,0,,New
1716,101,6,104,CNT/17-18/20,2024-06-23 00:00:00,0,101,112,0,,New
1717,101,6,104,CNT/17-18/21,2024-06-26 00:00:00,0,101,112,0,,New
1718,101,6,103,CNT/17-18/21,2024-06-28 00:00:00,0,101,104,0,,New
1719,101,6,103,CNT/17-18/21,2024-06-29 00:00:00,0,101,104,0,,New
1720,101,6,103,CNT/17-18/21,2024-07-01 00:00:00,0,101,104,0,,New
1721,101,6,103,CNT/17-18/21,2024-07-01 00:00:00,0,101,104,0,,New
1722,101,6,103,CNT/17-18/21,2024-07-06 00:00:00,0,101,104,0,,New
1723,101,6,103,CNT/17-18/22,2024-07-02 00:00:00,0,101,104,0,,New
1724,101,6,104,CNT/17-18/22,2024-07-02 00:00:00,0,101,112,0,,New
1725,101,6,104,CNT/17-18/22,2024-07-03 00:00:00,0,101,112,0,,New
1726,101,6,104,CNT/17-18/22,2024-07-04 00:00:00,0,101,112,0,,New
1727,101,6,103,CNT/17-18/22,2024-07-05 00:00:00,0,101,104,0,,New
1729,101,6,103,CNT/17-18/24,2024-07-12 00:00:00,0,101,104,0,,New
1730,101,6,103,CNT/17-18/25,2024-07-16 00:00:00,0,101,104,0,,New
1731,101,6,103,CNT/24-25/26,2024-07-20 00:00:00,0,101,104,0,,New
1735,101,6,103,CNT/24-25/29,2024-08-03 00:00:00,0,101,104,0,,New
1736,101,6,104,CNT/24-25/30,2024-08-02 00:00:00,0,101,112,0,,New
1737,101,6,103,CNT/24-25/30,2024-08-02 00:00:00,0,101,104,0,,New
1738,101,6,104,CNT/24-25/30,2024-08-02 00:00:00,0,101,112,0,,New
1739,101,6,104,CNT/17-18/31,2024-08-06 00:00:00,0,101,112,0,,New
1740,101,6,104,CNT/17-18/31,2024-08-08 00:00:00,0,101,112,0,,New
1743,101,6,104,CNT/17-18/34,2024-08-16 00:00:00,0,101,112,0,,New
1744,101,6,103,CNT/17-18/34,2024-08-16 00:00:00,0,101,104,0,,New
1745,101,6,103,CNT/17-18/35,2024-08-20 00:00:00,0,101,104,0,,New
1746,101,6,103,CNT/24-25/36,2024-08-28 00:00:00,0,101,104,0,,New
1750,101,6,103,CNT/17-18/39,2024-09-06 00:00:00,0,101,104,0,,New
1751,101,6,104,CNT/17-18/39,2024-09-06 00:00:00,0,101,112,0,,New
1098,101,4,104,CNT/17-18/22,2022-06-26 00:00:00,0,101,112,0,,New
1099,101,4,104,CNT/17-18/22,2022-06-26 00:00:00,0,101,112,0,,New
1327,101,4,103,CNT/17-18/92,2023-03-03 00:00:00,0,101,104,0,,New
1368,101,5,103,CNT/23-24/16,2023-04-22 00:00:00,0,101,104,0,,New
1369,101,5,104,CNT/23-24/17,2023-04-22 00:00:00,0,101,112,0,,New
1728,101,6,103,CNT/17-18/23,2024-07-10 00:00:00,0,101,104,0,,New
1734,101,6,104,CNT/17-18/28,2024-07-26 00:00:00,0,101,112,0,,New
1741,101,6,103,CNT/24-25/32,2024-08-11 00:00:00,0,101,104,0,,New
1742,101,6,103,CNT/17-18/33,2024-08-12 00:00:00,0,101,104,0,,New
1748,101,6,103,CNT/17-18/38,2024-09-03 00:00:00,0,101,104,0,,New
1749,101,6,103,CNT/17-18/38,2024-09-03 00:00:00,0,101,104,0,,New
1753,101,6,104,CNT/17-18/41,2024-09-07 00:00:00,0,101,112,0,,New
1754,101,6,104,CNT/17-18/41,2024-09-11 00:00:00,0,101,112,0,,New
1755,101,6,103,CNT/17-18/41,2024-09-12 00:00:00,0,101,104,0,,New
1756,101,6,103,CNT/17-18/41,2024-09-13 00:00:00,0,101,104,0,,New
1757,101,6,103,CNT/17-18/41,2024-09-14 00:00:00,0,101,104,0,,New
1758,101,6,103,CNT/17-18/41,2024-09-18 00:00:00,0,101,104,0,,New
1759,101,6,103,CNT/17-18/41,2024-09-20 00:00:00,0,101,104,0,,New
1760,101,6,104,CNT/17-18/42,2024-09-21 00:00:00,0,101,112,0,,New
1761,101,6,103,CNT/17-18/43,2024-09-22 00:00:00,0,101,104,0,,New
2753,101,6,103,CNT/17-18/44,2024-09-27 00:00:00,0,101,104,0,,New
3753,101,6,103,CNT/17-18/45,2024-10-02 00:00:00,0,101,104,0,,New
3754,101,6,103,CNT/24-25/46,2024-10-04 00:00:00,0,101,104,0,,New
4753,101,6,104,CNT/17-18/47,2024-10-06 00:00:00,0,101,112,0,,New
5753,101,6,104,CNT/17-18/48,2024-10-06 00:00:00,0,101,112,0,,New
5754,101,6,104,CNT/17-18/48,2024-10-07 00:00:00,0,101,112,0,,New
5755,101,6,104,CNT/17-18/49,2024-10-09 00:00:00,0,101,112,0,,New
5756,101,6,103,CNT/17-18/50,2024-10-10 00:00:00,0,101,104,0,,New
5757,101,6,103,CNT/17-18/50,2024-10-10 00:00:00,0,101,104,0,,New
5758,101,6,104,CNT/17-18/51,2024-10-12 00:00:00,0,101,112,0,,New
5759,101,6,104,CNT/17-18/51,2024-10-16 00:00:00,0,101,112,0,,New
5760,101,6,103,CNT/17-18/51,2024-10-21 00:00:00,0,101,104,0,,New
5761,101,6,104,CNT/17-18/52,2024-10-17 00:00:00,0,101,112,0,,New
5762,101,6,104,CNT/17-18/52,2024-10-18 00:00:00,0,101,112,0,,New
5763,101,6,104,CNT/17-18/52,2024-10-18 00:00:00,0,101,112,0,,New
6758,101,6,104,CNT/17-18/53,2024-10-22 00:00:00,0,101,112,0,,New
7758,101,6,103,CNT/24-25/54,2024-10-28 00:00:00,0,101,104,0,,New
7769,101,6,104,CNT/17-18/57,2024-10-29 00:00:00,0,101,112,0,,New
7770,101,6,103,CNT/17-18/57,2024-10-30 00:00:00,0,101,104,0,,New
8758,101,6,103,CNT/17-18/62,2024-11-09 00:00:00,0,101,104,0,,New
8759,101,6,104,CNT/17-18/63,2024-11-15 00:00:00,0,101,112,0,,New
8760,101,6,103,CNT/17-18/63,2024-11-17 00:00:00,0,101,104,0,,New
8761,101,6,104,CNT/17-18/64,2024-11-17 00:00:00,0,101,112,0,,New
8762,101,6,104,CNT/17-18/64,2024-11-17 00:00:00,0,101,112,0,,New
8763,101,6,104,CNT/17-18/65,2024-11-18 00:00:00,0,101,112,0,,New
8764,101,6,103,CNT/17-18/65,2024-11-18 00:00:00,0,101,104,0,,New
8765,101,6,104,CNT/17-18/65,2024-11-19 00:00:00,0,101,112,0,,New
8766,101,6,104,CNT/17-18/65,2024-11-19 00:00:00,0,101,112,0,,New
9763,101,6,104,CNT/17-18/66,2024-11-24 00:00:00,0,101,112,0,,New
9764,101,6,104,CNT/17-18/66,2024-11-24 00:00:00,0,101,112,0,,New
9765,101,6,104,CNT/17-18/66,2024-11-25 00:00:00,0,101,112,0,,New
10763,101,6,104,CNT/17-18/67,2024-11-26 00:00:00,0,101,112,0,,New
10764,101,6,104,CNT/17-18/67,2024-11-27 00:00:00,0,101,112,0,,New
10765,101,6,104,CNT/17-18/68,2024-11-30 00:00:00,0,101,112,0,,New
10766,101,6,104,CNT/17-18/68,2024-12-01 00:00:00,0,101,112,0,,New
10767,101,6,104,CNT/17-18/68,2024-12-02 00:00:00,0,101,112,0,,New
10768,101,6,103,CNT/17-18/68,2024-12-03 00:00:00,0,101,104,0,,New
10769,101,6,104,CNT/17-18/69,2024-12-06 00:00:00,0,101,112,0,,New
10775,101,6,103,CNT/17-18/71,2024-12-11 00:00:00,0,101,104,0,,New
11763,101,6,104,CNT/17-18/72,2024-12-13 00:00:00,0,101,112,0,,New
11765,101,6,104,CNT/17-18/74,2024-12-18 00:00:00,0,101,112,0,,New
12763,101,6,103,CNT/24-25/75,2024-12-22 00:00:00,0,101,104,0,,New
13763,101,6,104,CNT/17-18/76,2024-12-23 00:00:00,0,101,112,0,,New
14763,101,6,103,CNT/17-18/77,2024-12-28 00:00:00,0,101,104,0,,New
14764,101,6,104,CNT/17-18/78,2024-12-31 00:00:00,0,101,112,0,,New
15763,101,6,104,CNT/17-18/79,2025-01-08 00:00:00,0,101,112,0,,New
15764,101,6,104,CNT/17-18/79,2025-01-08 00:00:00,0,101,112,0,,New
15765,101,6,104,CNT/17-18/79,2025-01-10 00:00:00,0,101,112,0,,New
15766,101,6,104,CNT/17-18/79,2025-01-12 00:00:00,0,101,112,0,,New
15767,101,6,104,CNT/17-18/79,2025-01-13 00:00:00,0,101,112,0,,New
16763,101,6,103,CNT/17-18/80,2025-01-14 00:00:00,0,101,104,0,,New
16764,101,6,103,CNT/17-18/81,2025-01-15 00:00:00,0,101,104,0,,New
16765,101,6,103,CNT/17-18/81,2025-01-16 00:00:00,0,101,104,0,,New
17764,101,6,104,CNT/17-18/82,2025-01-18 00:00:00,0,101,112,0,,New
17765,101,6,103,CNT/17-18/82,2025-01-18 00:00:00,0,101,104,0,,New
17766,101,6,104,CNT/17-18/82,2025-01-21 00:00:00,0,101,112,0,,New
17767,101,6,104,CNT/17-18/82,2025-01-21 00:00:00,0,101,112,0,,New
17768,101,6,104,CNT/17-18/82,2025-01-22 00:00:00,0,101,112,0,,New
17769,101,6,103,CNT/17-18/83,2025-01-23 00:00:00,0,101,104,0,,New
17776,101,6,104,CNT/17-18/87,2025-01-28 00:00:00,0,101,112,0,,New
17777,101,6,104,CNT/17-18/87,2025-01-29 00:00:00,0,101,112,0,,New
17778,101,6,104,CNT/17-18/87,2025-01-29 00:00:00,0,101,112,0,,New
18764,101,6,103,CNT/17-18/88,2025-02-04 00:00:00,0,101,104,0,,New
19764,101,6,103,CNT/24-25/89,2025-02-05 00:00:00,0,101,104,0,,New
19765,101,6,104,CNT/17-18/90,2025-02-10 00:00:00,0,101,112,0,,New
19771,101,6,104,CNT/17-18/92,2025-02-13 00:00:00,0,101,112,0,,New
19772,101,6,103,CNT/17-18/92,2025-02-14 00:00:00,0,101,104,0,,New
19773,101,6,103,CNT/17-18/92,2025-02-17 00:00:00,0,101,104,0,,New
19774,101,6,104,CNT/17-18/93,2025-02-15 00:00:00,0,101,112,0,,New
19775,101,6,104,CNT/17-18/93,2025-02-16 00:00:00,0,101,112,0,,New
20771,101,6,103,CNT/17-18/94,2025-02-18 00:00:00,0,101,104,0,,New
21771,101,6,103,CNT/17-18/95,2025-02-21 00:00:00,0,101,104,0,,New
22771,101,6,103,CNT/24-25/98,2025-03-02 00:00:00,0,101,104,0,,New
22772,101,6,103,CNT/17-18/99,2025-03-02 00:00:00,0,101,104,0,,New
22773,101,6,104,CNT/17-18/100,2025-03-21 00:00:00,0,101,112,0,,New
23773,101,6,103,CNT/17-18/101,2025-03-25 00:00:00,0,101,104,0,,New
24773,101,6,103,CNT/17-18/102,2025-03-26 00:00:00,0,101,104,0,,New
25773,101,7,104,CNT/17-18/1,2025-04-01 00:00:00,0,101,112,0,,New
26773,101,7,104,CNT/17-18/2,2025-04-02 00:00:00,0,101,112,0,,New
26774,101,7,103,CNT/17-18/2,2025-04-03 00:00:00,0,101,104,0,,New
26775,101,7,104,CNT/17-18/2,2025-04-03 00:00:00,0,101,112,0,,New
26776,101,7,104,CNT/17-18/2,2025-04-05 00:00:00,0,101,112,0,,New
26777,101,7,104,CNT/17-18/2,2025-04-06 00:00:00,0,101,112,0,,New
26778,101,7,104,CNT/17-18/2,2025-04-06 00:00:00,0,101,112,0,,New
27773,101,7,103,CNT/25-26/5,2025-04-14 00:00:00,0,101,104,0,,New
28773,101,7,104,CNT/17-18/6,2025-04-20 00:00:00,0,101,112,0,,New
29773,101,7,103,CNT/17-18/7,2025-04-22 00:00:00,0,101,104,0,,New
1255,101,4,103,CNT/17-18/46,2022-12-15 00:00:00,0,101,104,0,,New
1256,101,4,103,CNT/17-18/46,2022-12-15 00:00:00,0,101,104,0,,New
1264,101,4,104,CNT/17-18/51,2022-12-23 00:00:00,0,101,112,0,,New
1265,101,4,104,CNT/17-18/51,2022-12-23 00:00:00,0,101,112,0,,New
1266,101,4,107,CNT/17-18/51,2022-12-23 00:00:00,0,101,113,0,,New
1669,101,6,103,CNT/17-18/2,2024-04-06 00:00:00,0,101,104,0,,New
1670,101,6,103,CNT/17-18/2,2024-04-06 00:00:00,0,101,104,0,,New
1671,101,6,103,CNT/17-18/3,2024-04-07 00:00:00,0,101,104,0,,New
1732,101,6,104,CNT/17-18/27,2024-07-18 00:00:00,0,101,112,0,,New
1733,101,6,103,CNT/17-18/27,2024-07-25 00:00:00,0,101,104,0,,New
1752,101,6,103,CNT/17-18/40,2024-09-06 00:00:00,0,101,104,0,,New
10770,101,6,104,CNT/17-18/70,2024-12-08 00:00:00,0,101,112,0,,New
11766,101,6,103,CNT/17-18/74,2024-12-19 00:00:00,0,101,104,0,,New
21772,101,6,103,CNT/24-25/96,2025-02-23 00:00:00,0,101,104,0,,New
21773,101,6,104,CNT/24-25/97,2025-02-23 00:00:00,0,101,112,0,,New
30773,101,7,103,CNT/25-26/8,2025-04-24 00:00:00,0,101,104,0,,New
31773,101,7,104,CNT/17-18/9,2025-04-25 00:00:00,0,101,112,0,,New
32773,101,7,103,CNT/17-18/10,2025-04-28 00:00:00,0,101,104,0,,New
33773,101,7,103,CNT/25-26/11,2025-04-30 00:00:00,0,101,104,0,,New
34773,101,7,103,CNT/25-26/12,2025-05-07 00:00:00,0,101,104,0,,New
34774,101,7,104,CNT/17-18/13,2025-05-08 00:00:00,0,101,112,0,,New
34775,101,7,104,CNT/17-18/13,2025-05-08 00:00:00,0,101,112,0,,New
35773,101,7,104,CNT/17-18/14,2025-05-11 00:00:00,0,101,112,0,,New
35774,101,7,104,CNT/17-18/14,2025-05-11 00:00:00,0,101,112,0,,New
36773,101,7,103,CNT/17-18/15,2025-05-20 00:00:00,0,101,104,0,,New
36774,101,7,104,CNT/17-18/16,2025-05-25 00:00:00,0,101,112,0,,New
36775,101,7,104,CNT/17-18/17,2025-05-26 00:00:00,0,101,112,0,,New
37774,101,7,103,CNT/17-18/18,2025-05-28 00:00:00,0,101,104,0,,New
38774,101,7,103,CNT/17-18/19,2025-05-30 00:00:00,0,101,104,0,,New
38775,101,7,103,CNT/17-18/19,2025-05-30 00:00:00,0,101,104,0,,New
39774,101,7,104,CNT/17-18/20,2025-06-02 00:00:00,0,101,112,0,,New
40774,101,7,104,CNT/17-18/21,2025-06-06 00:00:00,0,101,112,0,,New
40775,101,7,104,CNT/17-18/21,2025-06-05 00:00:00,0,101,112,0,,New
40776,101,7,104,CNT/17-18/21,2025-06-06 00:00:00,0,101,112,0,,New
41774,101,7,103,CNT/17-18/22,2025-06-07 00:00:00,0,101,104,0,,New
41775,101,7,103,CNT/17-18/22,2025-06-07 00:00:00,0,101,104,0,,New
41776,101,7,104,CNT/17-18/22,2025-06-07 00:00:00,0,101,112,0,,New
41777,101,7,103,CNT/17-18/22,2025-06-07 00:00:00,0,101,104,0,,New
41778,101,7,103,CNT/17-18/22,2025-06-07 00:00:00,0,101,104,0,,New
42774,101,7,103,CNT/17-18/23,2025-06-09 00:00:00,0,101,104,0,,New
42775,101,7,104,CNT/17-18/23,2025-06-08 00:00:00,0,101,112,0,,New
43774,101,7,103,CNT/25-26/24,2025-06-10 00:00:00,0,101,104,0,,New
43775,101,7,104,CNT/17-18/25,2025-06-11 00:00:00,0,101,112,0,,New
43776,101,7,103,CNT/25-26/26,2025-06-19 00:00:00,0,101,104,0,,New
44776,101,7,103,CNT/17-18/27,2025-06-22 00:00:00,0,101,104,0,,New
44777,101,7,104,CNT/17-18/27,2025-06-22 00:00:00,0,101,112,0,,New
44778,101,7,104,CNT/17-18/27,2025-06-22 00:00:00,0,101,112,0,,New
45776,101,7,103,CNT/17-18/28,2025-06-23 00:00:00,0,101,104,0,,New
46776,101,7,104,CNT/17-18/29,2025-06-24 00:00:00,0,101,112,0,,New
47776,101,7,103,CNT/17-18/30,2025-06-26 00:00:00,0,101,104,0,,New
47777,101,7,103,CNT/17-18/30,2025-06-26 00:00:00,0,101,104,0,"
",New
47778,101,7,103,CNT/17-18/31,2025-06-26 00:00:00,0,101,104,0,,New
48776,101,7,103,CNT/17-18/32,2025-06-26 00:00:00,0,101,104,0,,New
49776,101,7,103,CNT/17-18/33,2025-06-28 00:00:00,0,101,104,0,,New
50776,101,7,104,CNT/17-18/34,2025-07-01 00:00:00,0,101,112,0,,New
50777,101,7,104,CNT/17-18/34,2025-07-01 00:00:00,0,101,112,0,,New
50778,101,7,103,CNT/25-26/35,2025-07-02 00:00:00,0,101,104,0,,New
51776,101,7,104,CNT/17-18/36,2025-07-06 00:00:00,0,101,112,0,,New
52776,101,7,104,CNT/17-18/37,2025-07-09 00:00:00,0,101,112,0,,New
52777,101,7,104,CNT/17-18/38,2025-07-12 00:00:00,0,101,112,0,,New
52778,101,7,104,CNT/17-18/38,2025-07-12 00:00:00,0,101,112,0,,New
52779,101,7,103,CNT/17-18/39,2025-07-13 00:00:00,0,101,104,0,,New
53777,101,7,103,CNT/25-26/40,2025-07-15 00:00:00,0,101,104,0,,New
54777,101,7,104,CNT/17-18/41,2025-07-19 00:00:00,0,101,112,0,,New
54778,101,7,104,CNT/17-18/41,2025-07-19 00:00:00,0,101,112,0,,New
55777,101,7,103,CNT/25-26/42,2025-07-21 00:00:00,0,101,104,0,,New
56777,101,7,103,CNT/17-18/43,2025-07-24 00:00:00,0,101,104,0,,New
57777,101,7,104,CNT/17-18/44,2025-07-30 00:00:00,0,101,112,0,,New
57778,101,7,104,CNT/17-18/45,2025-08-07 00:00:00,0,101,112,0,,New
58778,101,7,104,CNT/17-18/46,2025-08-08 00:00:00,0,101,112,0,,New
58779,101,7,104,CNT/17-18/46,2025-08-08 00:00:00,0,101,112,0,,New
58780,101,7,104,CNT/17-18/46,2025-08-08 00:00:00,0,101,112,0,,New
59778,101,7,103,CNT/17-18/47,2025-08-12 00:00:00,0,101,104,0,,New
59779,101,7,103,CNT/17-18/47,2025-08-12 00:00:00,0,101,104,0,,New
59780,101,7,103,CNT/17-18/47,2025-08-12 00:00:00,0,101,104,0,,New
59781,101,7,103,CNT/17-18/48,2025-08-12 00:00:00,0,101,104,0,,New
60778,101,7,103,CNT/25-26/49,2025-09-01 00:00:00,0,101,104,0,,New
61778,101,7,103,CNT/17-18/50,2025-09-05 00:00:00,0,101,104,0,,New
61779,101,7,103,CNT/25-26/51,2025-09-09 00:00:00,0,101,104,0,"
",New
61780,101,7,104,CNT/17-18/52,2025-09-11 00:00:00,0,101,112,0,,New
61781,101,7,104,CNT/17-18/53,2025-09-14 00:00:00,0,101,112,0,,New
62781,101,7,103,CNT/25-26/54,2025-09-24 00:00:00,0,101,104,0,"


",New
62782,101,7,103,CNT/25-26/55,2025-09-24 00:00:00,0,101,104,0,,New
63781,101,7,104,CNT/17-18/56,2025-09-25 00:00:00,0,101,112,0,,New
64781,101,7,104,CNT/17-18/57,2025-09-26 00:00:00,0,101,112,0,,New
64782,101,7,104,CNT/17-18/57,2025-09-26 00:00:00,0,101,112,0,,New
64783,101,7,104,CNT/17-18/57,2025-09-26 00:00:00,0,101,112,0,,New
64784,101,7,104,CNT/17-18/57,2025-09-26 00:00:00,0,101,112,0,,New
65781,101,7,103,CNT/25-26/58,2025-09-26 00:00:00,0,101,104,0,,New
65782,101,7,103,CNT/25-26/59,2025-09-27 00:00:00,0,101,104,0,,New
66782,101,7,104,CNT/17-18/60,2025-09-29 00:00:00,0,101,112,0,,New
66783,101,7,104,CNT/17-18/60,2025-09-28 00:00:00,0,101,112,0,,New
66784,101,7,104,CNT/17-18/61,2025-10-04 00:00:00,0,101,112,0,,New
66785,101,7,103,CNT/17-18/61,2025-10-04 00:00:00,0,101,104,0,,New
66786,101,7,104,CNT/17-18/62,2025-10-08 00:00:00,0,101,112,0,,New
66787,101,7,103,CNT/25-26/63,2025-10-09 00:00:00,0,101,104,0,,New
66788,101,7,103,CNT/17-18/64,2025-10-10 00:00:00,0,101,104,0,,New
67788,101,7,104,CNT/17-18/65,2025-10-12 00:00:00,0,101,112,0,,New
67789,101,7,103,CNT/17-18/66,2025-10-14 00:00:00,0,101,104,0,,New
67790,101,7,103,CNT/17-18/66,2025-10-13 00:00:00,0,101,104,0,,New
67791,101,7,103,CNT/17-18/67,2025-10-16 00:00:00,0,101,104,0,,New
67792,101,7,104,CNT/17-18/67,2025-10-16 00:00:00,0,101,112,0,,New
68791,101,7,103,CNT/17-18/68,2025-10-16 00:00:00,0,101,104,0,,New
68792,101,7,103,CNT/17-18/68,2025-10-17 00:00:00,0,101,104,0,,New
69791,101,7,103,CNT/25-26/69,2025-10-17 00:00:00,0,101,104,0,,New
69792,101,7,104,CNT/17-18/70,2025-10-18 00:00:00,0,101,112,0,,New
69793,101,7,104,CNT/17-18/71,2025-10-18 00:00:00,0,101,112,0,,New
1372,101,5,103,CNT/17-18/18,2023-04-23 00:00:00,0,101,104,0,,New
1373,101,5,104,CNT/17-18/18,2023-04-23 00:00:00,0,101,112,0,,New
19766,101,6,104,CNT/17-18/91,2025-02-09 00:00:00,0,101,112,0,,New
19767,101,6,104,CNT/17-18/91,2025-02-10 00:00:00,0,101,112,0,,New
19768,101,6,104,CNT/17-18/91,2025-02-10 00:00:00,0,101,112,0,,New
19769,101,6,103,CNT/17-18/91,2025-02-10 00:00:00,0,101,104,0,,New
19770,101,6,103,CNT/17-18/91,2025-02-10 00:00:00,0,101,104,0,,New
69794,101,7,104,CNT/17-18/71,2025-10-18 00:00:00,0,101,112,0,,New
69795,101,7,104,CNT/17-18/71,2025-10-18 00:00:00,0,101,112,0,,New
69796,101,7,104,CNT/17-18/71,2025-10-18 00:00:00,0,101,112,0,,New
70793,101,7,104,CNT/17-18/72,2025-10-19 00:00:00,0,101,112,0,,New
70794,101,7,103,CNT/25-26/73,2025-10-22 00:00:00,0,101,104,0,,New
70795,101,7,103,CNT/25-26/74,2025-10-22 00:00:00,0,101,104,0,,New
70796,101,7,104,CNT/17-18/75,2025-10-18 00:00:00,0,101,112,0,,New
71796,101,7,104,CNT/17-18/76,2025-10-18 00:00:00,0,101,112,0,,New
71797,101,7,104,CNT/17-18/76,2025-10-18 00:00:00,0,101,112,0,,New
71798,101,7,104,CNT/17-18/76,2025-10-18 00:00:00,0,101,112,0,,New
71799,101,7,104,CNT/17-18/76,2025-10-18 00:00:00,0,101,112,0,,New
71800,101,7,104,CNT/17-18/76,2025-10-18 00:00:00,0,101,112,0,,New
71801,101,7,104,CNT/17-18/76,2025-10-18 00:00:00,0,101,112,0,,New
71802,101,7,104,CNT/17-18/76,2025-10-18 00:00:00,0,101,112,0,,New
71803,101,7,104,CNT/17-18/76,2025-10-18 00:00:00,0,101,112,0,,New
71804,101,7,104,CNT/17-18/76,2025-10-18 00:00:00,0,101,112,0,,New
71805,101,7,104,CNT/17-18/76,2025-10-18 00:00:00,0,101,112,0,,New
71806,101,7,104,CNT/17-18/76,2025-10-18 00:00:00,0,101,112,0,,New
71807,101,7,104,CNT/17-18/76,2025-10-18 00:00:00,0,101,112,0,,New
71808,101,7,104,CNT/17-18/76,2025-10-18 00:00:00,0,101,112,0,,New
71809,101,7,103,CNT/17-18/76,2025-10-18 00:00:00,0,101,104,0,,New
71810,101,7,104,CNT/17-18/76,2025-10-18 00:00:00,0,101,112,0,,New
71811,101,7,104,CNT/17-18/76,2025-10-19 00:00:00,0,101,112,0,,New
71812,101,7,104,CNT/17-18/76,2025-10-19 00:00:00,0,101,112,0,,New
71813,101,7,104,CNT/17-18/76,2025-10-20 00:00:00,0,101,112,0,,New
71814,101,7,103,CNT/25-26/77,2025-10-28 00:00:00,0,101,104,0,,New
71815,101,7,104,CNT/17-18/78,2025-10-28 00:00:00,0,101,112,0,,New
71816,101,7,103,CNT/17-18/79,2025-10-29 00:00:00,0,101,104,0,,New
71817,101,7,104,CNT/17-18/80,2025-10-31 00:00:00,0,101,112,0,,New
71818,101,7,103,CNT/25-26/81,2025-11-01 00:00:00,0,101,104,0,,New
71819,101,7,103,CNT/25-26/82,2025-11-01 00:00:00,0,101,104,0,,New
71820,101,7,104,CNT/17-18/83,2025-11-30 00:00:00,0,101,112,0,,New
71821,101,7,104,CNT/17-18/83,2025-11-18 00:00:00,0,101,112,0,,New
71822,101,7,104,CNT/17-18/83,2025-11-18 00:00:00,0,101,112,0,,New
71823,101,7,104,CNT/17-18/83,2025-11-18 00:00:00,0,101,112,0,,New
71824,101,7,104,CNT/17-18/83,2025-11-18 00:00:00,0,101,112,0,,New
71825,101,7,103,CNT/17-18/84,2025-11-05 00:00:00,0,101,104,0,,New
71826,101,7,103,CNT/17-18/85,2025-11-10 00:00:00,0,101,104,0,,New
71827,101,7,104,CNT/17-18/86,2025-11-11 00:00:00,0,101,112,0,,New
71828,101,7,103,CNT/17-18/86,2025-11-11 00:00:00,0,101,104,0,,New
71829,101,7,103,CNT/17-18/87,2025-11-11 00:00:00,0,101,104,0,"
",New
71830,101,7,103,CNT/25-26/88,2025-11-12 00:00:00,0,101,104,0,,New
71831,101,7,103,CNT/17-18/89,2025-11-13 00:00:00,0,101,104,0,,New
71832,101,7,103,CNT/17-18/90,2025-11-22 00:00:00,0,101,104,0,,New
71833,101,7,103,CNT/17-18/91,2025-11-25 00:00:00,0,101,104,0,,New
71834,101,7,104,CNT/17-18/92,2025-11-27 00:00:00,0,101,112,0,,New
71835,101,7,104,CNT/17-18/92,2025-11-26 00:00:00,0,101,112,0,,New
71836,101,7,104,CNT/17-18/92,2025-11-26 00:00:00,0,101,112,0,,New
71837,101,7,104,CNT/17-18/92,2025-11-26 00:00:00,0,101,112,0,,New
71838,101,7,103,CNT/17-18/93,2025-11-29 00:00:00,0,101,104,0,,New
71839,101,7,103,CNT/17-18/94,2025-11-30 00:00:00,0,101,104,0,,New
71840,101,7,103,CNT/17-18/94,2025-11-30 00:00:00,0,101,104,0,,New
71841,101,7,104,CNT/17-18/95,2025-12-02 00:00:00,0,101,112,0,,New
71842,101,7,104,CNT/17-18/96,2025-12-05 00:00:00,0,101,112,0,,New
71843,101,7,103,CNT/25-26/97,2025-12-14 00:00:00,0,101,104,0,,New
71844,101,7,103,CNT/25-26/98,2025-12-14 00:00:00,0,101,104,0,,New
71845,101,7,103,CNT/17-18/99,2025-12-17 00:00:00,0,101,104,0,,New
71846,101,7,104,CNT/17-18/100,2025-12-22 00:00:00,0,101,112,0,,New
71847,101,7,103,CNT/17-18/101,2025-12-24 00:00:00,0,101,104,0,,New
71848,101,7,103,CNT/17-18/102,2025-12-25 00:00:00,0,101,104,0,,New
71849,101,7,103,CNT/17-18/102,2025-12-25 00:00:00,0,101,104,0,,New
71850,101,7,107,CNT/25-26/103,2026-01-02 00:00:00,0,101,113,0,,New
71851,101,7,104,CNT/17-18/104,2026-01-04 00:00:00,0,101,112,0,,New
71852,101,7,103,CNT/17-18/105,2026-01-17 00:00:00,0,101,104,0,,New
71853,101,7,104,CNT/17-18/106,2026-01-18 00:00:00,0,101,112,0,,New
71854,101,7,104,CNT/17-18/106,2026-01-18 00:00:00,0,101,112,0,,New
71855,101,7,104,CNT/17-18/107,2026-01-21 00:00:00,0,101,112,0,,New
71856,101,7,103,CNT/25-26/108,2026-01-27 00:00:00,0,101,104,0,,New
71857,101,7,107,CNT/25-26/109,2026-01-30 00:00:00,0,101,113,0,,New
71858,101,7,107,CNT/25-26/110,2026-01-30 00:00:00,0,113,101,0,,New
71859,101,7,107,CNT/25-26/111,2026-01-30 00:00:00,0,101,113,0,"
",New
71860,101,7,107,CNT/25-26/112,2026-01-30 00:00:00,0,113,101,0,,New
71861,101,7,107,CNT/25-26/113,2026-01-30 00:00:00,0,101,113,0,,New
71862,101,7,104,CNT/17-18/114,2026-02-02 00:00:00,0,101,112,0,,New
72862,101,7,104,CNT/17-18/115,2026-02-06 00:00:00,0,101,112,0,,New
72863,101,7,103,CNT/17-18/115,2026-02-03 00:00:00,0,101,104,0,,New
72864,101,7,103,CNT/17-18/115,2026-02-04 00:00:00,0,101,104,0,,New
72865,101,7,104,CNT/17-18/115,2026-02-05 00:00:00,0,101,112,0,,New
72866,101,7,103,CNT/25-26/116,2026-02-07 00:00:00,0,101,104,0,,New
72867,101,7,103,CNT/25-26/117,2026-02-07 00:00:00,0,101,104,0,,New
72868,101,7,103,CNT/25-26/118,2026-02-08 00:00:00,0,101,104,0,,New
72869,101,7,103,CNT/17-18/119,2026-02-09 00:00:00,0,101,104,0,,New
72870,101,7,103,CNT/17-18/119,2026-02-09 00:00:00,0,101,104,0,,New
72871,101,7,103,CNT/17-18/119,2026-02-09 00:00:00,0,101,104,0,,New
72872,101,7,103,CNT/17-18/119,2026-02-09 00:00:00,0,101,104,0,,New
72873,101,7,104,CNT/17-18/120,2026-02-10 00:00:00,0,101,112,0,,New
72874,101,7,104,CNT/17-18/120,2026-02-10 00:00:00,0,101,112,0,,New
72875,101,7,103,CNT/25-26/121,2026-02-13 00:00:00,0,101,104,0,,New
72876,101,7,103,CNT/25-26/122,2026-02-13 00:00:00,0,101,104,0,,New
72877,101,7,104,CNT/17-18/123,2026-02-16 00:00:00,0,101,112,0,,New
72878,101,7,103,CNT/17-18/124,2026-02-19 00:00:00,0,101,104,0,,New
72879,101,7,103,CNT/17-18/124,2026-02-19 00:00:00,0,101,104,0,,New
72880,101,7,103,CNT/17-18/124,2026-02-19 00:00:00,0,101,104,0,,New
72881,101,7,103,CNT/17-18/124,2026-02-19 00:00:00,0,101,104,0,,New
73878,101,7,104,CNT/17-18/125,2026-02-20 00:00:00,0,101,112,0,,New
73879,101,7,104,CNT/17-18/125,2026-02-20 00:00:00,0,101,112,0,,New
73880,101,7,104,CNT/17-18/126,2026-02-21 00:00:00,0,101,112,0,,New
73881,101,7,103,CNT/17-18/127,2026-02-22 00:00:00,0,101,104,0,,New
73882,101,7,104,CNT/17-18/127,2026-02-22 00:00:00,0,101,112,0,,New
73883,101,7,104,CNT/17-18/128,2026-02-23 00:00:00,0,101,112,0,,New
1459,101,5,103,CNT/17-18/56,2023-10-12 00:00:00,0,101,104,0,,New
1460,101,5,103,CNT/17-18/56,2023-10-12 00:00:00,0,101,104,0,,New
73884,101,7,103,CNT/17-18/128,2026-02-23 00:00:00,0,101,104,0,,New
73885,101,7,103,CNT/17-18/128,2026-02-23 00:00:00,0,101,104,0,,New
73886,101,7,104,CNT/17-18/128,2026-02-23 00:00:00,0,101,112,0,,New
73887,101,7,103,CNT/17-18/129,2026-02-27 00:00:00,0,101,104,0,,New
73888,101,7,103,CNT/17-18/129,2026-02-27 00:00:00,0,101,104,0,,New
74887,101,7,103,CNT/17-18/130,2026-02-27 00:00:00,0,101,104,0,,New
74888,101,7,103,CNT/17-18/130,2026-02-27 00:00:00,0,101,104,0,,New
74889,101,7,104,CNT/17-18/130,2026-02-27 00:00:00,0,101,112,0,,New
74890,101,7,103,CNT/17-18/131,2026-03-05 00:00:00,0,101,104,0,,New
74891,101,7,103,CNT/17-18/132,2026-03-06 00:00:00,0,101,104,0,,New
75891,101,7,104,CNT/17-18/133,2026-03-09 00:00:00,0,101,112,0,,New
75892,101,7,103,CNT/17-18/134,2026-03-12 00:00:00,0,101,104,0,,New
75893,101,7,103,CNT/25-26/135,2026-03-13 00:00:00,0,101,104,0,,New
75894,101,7,104,CNT/17-18/136,2026-03-14 00:00:00,0,101,112,0,,New
75895,101,7,104,CNT/17-18/137,2026-03-15 00:00:00,0,101,112,0,,New
75896,101,7,104,CNT/17-18/137,2026-03-15 00:00:00,0,101,112,0,,New
75897,101,7,103,CNT/25-26/138,2026-03-18 00:00:00,0,101,104,0,,New
75898,101,7,103,CNT/17-18/139,2026-03-19 00:00:00,0,101,104,0,,New
76898,101,7,103,CNT/17-18/140,2026-03-23 00:00:00,0,101,104,0,,New
76899,101,7,103,CNT/17-18/140,2026-03-23 00:00:00,0,101,104,0,,New
76900,101,7,103,CNT/17-18/140,2026-03-23 00:00:00,0,101,104,0,,New
76901,101,7,103,CNT/25-26/141,2026-03-24 00:00:00,0,101,104,0,,New
76902,101,7,103,CNT/25-26/142,2026-03-25 00:00:00,0,101,104,0,,New
76903,101,7,103,CNT/17-18/143,2026-03-25 00:00:00,0,101,104,0,,New
77903,101,7,104,CNT/17-18/144,2026-03-29 00:00:00,0,101,112,0,,New
77904,101,7,103,CNT/17-18/145,2026-03-30 00:00:00,0,101,104,0,,New
77905,101,7,103,CNT/17-18/145,2026-03-30 00:00:00,0,101,104,0,,New
77906,101,7,103,CNT/17-18/146,2026-03-30 00:00:00,0,101,104,0,,New
77907,101,7,103,CNT/17-18/147,2026-03-30 00:00:00,0,101,104,0,,New
77908,101,7,103,CNT/17-18/148,2026-03-31 00:00:00,0,101,104,0,,New
77909,101,7,104,CNT/17-18/148,2026-03-31 00:00:00,0,101,112,0,,New
77910,101,7,104,CNT/17-18/148,2026-03-31 00:00:00,0,101,112,0,,New
77911,101,7,103,CNT/17-18/148,2026-03-31 00:00:00,0,101,104,0,,New
77912,101,8,103,CNT/17-18/1,2026-04-07 00:00:00,0,101,104,0,,New
78916,101,8,103,CNT/17-18/2,2026-04-10 00:00:00,0,101,104,0,,New
78917,101,8,103,CNT/17-18/2,2026-04-10 00:00:00,0,101,104,0,,New
78918,101,8,103,CNT/17-18/2,2026-04-14 00:00:00,0,101,104,0,,New
78919,101,8,103,CNT/17-18/3,2026-04-14 00:00:00,0,101,104,0,,New
78920,101,8,104,CNT/17-18/4,2026-04-19 00:00:00,0,101,112,0,,New
78921,101,8,104,CNT/17-18/4,2026-04-19 00:00:00,0,101,112,0,,New
78922,101,8,104,CNT/17-18/4,2026-04-19 00:00:00,0,101,112,0,,New
78923,101,8,104,CNT/17-18/4,2026-04-19 00:00:00,0,101,112,0,,New
78924,101,8,104,CNT/17-18/5,2026-04-20 00:00:00,0,101,112,0,,New
79924,101,8,103,CNT/26-27/6,2026-04-24 00:00:00,0,101,104,0,,New
79925,101,8,104,CNT/17-18/7,2026-04-25 00:00:00,0,101,112,0,,New
79926,101,8,103,CNT/17-18/8,2026-04-26 00:00:00,0,101,104,0,,New
80926,101,8,104,CNT/17-18/9,2026-05-04 00:00:00,0,101,112,0,,New
80927,101,8,104,CNT/17-18/10,2026-05-09 00:00:00,0,101,112,0,,New
80928,101,8,103,CNT/26-27/11,2026-05-26 00:00:00,0,101,104,0,,New
81928,101,8,103,CNT/26-27/12,2026-05-29 00:00:00,0,101,104,0,,New
82928,101,8,103,CNT/26-27/13,2026-05-30 00:00:00,0,101,104,0,,New
82929,101,8,103,CNT/26-27/14,2026-06-10 00:00:00,0,101,104,0,,New
83929,101,8,103,CNT/17-18/15,2026-06-15 00:00:00,0,101,104,0,,New
84929,101,8,103,CNT/17-18/16,2026-06-18 00:00:00,0,101,104,0,,New
84930,101,8,103,CNT/17-18/17,2026-06-26 00:00:00,0,101,104,0,,New
84931,101,8,103,CNT/17-18/17,2026-06-26 00:00:00,0,101,104,0,,New
84932,101,8,103,CNT/26-27/18,2026-06-30 00:00:00,0,101,104,0,,New
84933,101,8,104,CNT/17-18/19,2026-07-11 00:00:00,0,101,112,0,,New
84934,101,8,103,CNT/17-18/19,2026-07-11 00:00:00,0,101,104,0,,New
84935,101,8,103,CNT/26-27/20,2026-07-20 00:00:00,0,101,104,0,,New
84936,101,8,104,CNT/17-18/21,2026-07-20 00:00:00,0,101,112,0,,New
84937,101,8,103,CNT/17-18/22,2026-07-21 00:00:00,0,101,104,0,,New
85936,101,8,104,CNT/17-18/23,2026-07-24 00:00:00,0,101,112,0,,New
85937,101,8,104,CNT/17-18/23,2026-07-24 00:00:00,0,101,112,0,,New
85938,101,8,103,CNT/26-27/24,2026-07-29 00:00:00,0,101,104,0,,New
85939,101,8,107,CNT/26-27/25,2026-08-01 00:00:00,0,101,113,0,,New
85940,101,8,107,CNT/26-27/26,2026-08-01 00:00:00,0,101,113,0,,New
85941,101,8,104,CNT/26-27/27,2026-08-01 00:00:00,0,101,112,0,,New
85942,101,8,103,CNT/26-27/28,2026-08-02 00:00:00,0,101,104,0,,New
85943,101,8,107,CNT/26-27/29,2026-08-03 00:00:00,0,101,113,0,,New
85944,101,8,103,CNT/17-18/30,2026-07-29 00:00:00,0,101,104,0,,New
85945,101,8,103,CNT/17-18/30,2026-07-29 00:00:00,0,101,104,0,,New
85946,101,8,104,CNT/17-18/30,2026-07-30 00:00:00,0,101,112,0,,New
85947,101,8,104,CNT/17-18/30,2026-07-31 00:00:00,0,101,112,0,,New
85948,101,8,104,CNT/17-18/31,2026-08-08 00:00:00,0,101,112,0,,New
85949,101,8,103,CNT/26-27/32,2026-08-10 00:00:00,0,101,104,0,,New
85950,101,8,104,CNT/17-18/33,2026-08-14 00:00:00,0,101,112,0,,New
86950,101,8,104,CNT/17-18/34,2026-08-16 00:00:00,0,101,112,0,,New
86951,101,8,104,CNT/17-18/35,2026-08-16 00:00:00,0,101,112,0,,New
86952,101,8,104,CNT/17-18/35,2026-08-16 00:00:00,0,101,112,0,,New
86953,101,8,103,CNT/17-18/35,2026-08-19 00:00:00,0,101,104,0,,New
86954,101,8,104,CNT/17-18/36,2026-08-19 00:00:00,0,101,112,0,,New
87951,101,8,103,CNT/26-27/37,2026-08-21 00:00:00,0,101,104,0,,New
87952,101,8,104,CNT/26-27/38,2026-08-21 00:00:00,0,101,112,0,,New
87953,101,8,104,CNT/26-27/38,2026-08-21 00:00:00,0,101,112,0,,New
87954,101,8,104,CNT/17-18/39,2026-08-24 00:00:00,0,101,112,0,,New
87955,101,8,104,CNT/17-18/39,2026-08-24 00:00:00,0,101,112,0,,New
87956,101,8,104,CNT/17-18/39,2026-08-24 00:00:00,0,101,112,0,,New
87957,101,8,103,CNT/26-27/40,2026-08-25 00:00:00,0,101,104,0,,New
87958,101,8,104,CNT/17-18/41,2026-08-27 00:00:00,0,101,112,0,,New
87959,101,8,104,CNT/17-18/41,2026-08-27 00:00:00,0,101,112,0,,New
87960,101,8,104,CNT/17-18/41,2026-08-27 00:00:00,0,101,112,0,,New
87961,101,8,104,CNT/17-18/41,2026-08-27 00:00:00,0,101,112,0,,New
87962,101,8,104,CNT/17-18/41,2026-08-27 00:00:00,0,101,112,0,,New
87963,101,8,104,CNT/17-18/42,2026-09-03 00:00:00,0,101,112,0,,New
87964,101,8,104,CNT/17-18/43,2026-09-10 00:00:00,0,101,112,0,,New
88964,101,8,104,CNT/17-18/44,2026-09-13 00:00:00,0,101,112,0,,New
89964,101,8,103,CNT/17-18/45,2026-09-13 00:00:00,0,101,104,0,,New
89965,101,8,104,CNT/17-18/45,2026-09-13 00:00:00,0,101,112,0,,New
89966,101,8,104,CNT/17-18/46,2026-09-19 00:00:00,0,101,112,0,,New
1633,101,5,104,CNT/17-18/108,2024-01-23 00:00:00,0,101,112,0,,New
1634,101,5,104,CNT/17-18/108,2024-01-23 00:00:00,0,101,112,0,,New
1635,101,5,104,CNT/17-18/108,2024-01-23 00:00:00,0,101,112,0,,New
84938,101,8,104,CNT/17-18/22,2026-07-21 00:00:00,0,101,112,0,,New
1640,101,5,103,CNT/17-18/112,2024-01-31 00:00:00,0,101,104,0,,New
1644,101,5,103,CNT/17-18/115,2024-02-09 00:00:00,0,101,104,0,,New
7759,101,6,103,CNT/24-25/55,2024-10-28 00:00:00,0,101,104,0,,New
7760,101,6,104,CNT/17-18/56,2024-10-29 00:00:00,0,101,112,0,,New
7761,101,6,104,CNT/17-18/56,2024-10-29 00:00:00,0,101,112,0,,New
7762,101,6,104,CNT/17-18/56,2024-10-29 00:00:00,0,101,112,0,,New
7763,101,6,104,CNT/17-18/56,2024-10-29 00:00:00,0,101,112,0,,New
7764,101,6,104,CNT/17-18/56,2024-10-29 00:00:00,0,101,112,0,,New
7765,101,6,103,CNT/17-18/56,2024-10-29 00:00:00,0,101,104,0,,New
7766,101,6,103,CNT/17-18/56,2024-10-29 00:00:00,0,101,104,0,,New
7767,101,6,104,CNT/17-18/56,2024-10-29 00:00:00,0,101,112,0,,New
7768,101,6,104,CNT/17-18/56,2024-10-29 00:00:00,0,101,112,0,,New
7771,101,6,103,CNT/24-25/58,2024-11-05 00:00:00,0,101,104,0,,New
7772,101,6,104,CNT/24-25/59,2024-10-31 00:00:00,0,101,112,0,,New
7773,101,6,103,CNT/24-25/59,2024-11-05 00:00:00,0,101,104,0,,New
7774,101,6,103,CNT/24-25/60,2024-11-05 00:00:00,0,101,104,0,,New
7775,101,6,103,CNT/17-18/61,2024-11-06 00:00:00,0,101,104,0,,New
7776,101,6,104,CNT/17-18/61,2024-11-06 00:00:00,0,101,112,0,,New
7777,101,6,103,CNT/17-18/61,2024-11-06 00:00:00,0,101,104,0,,New
11764,101,6,103,CNT/17-18/73,2024-12-15 00:00:00,0,101,104,0,,New
17770,101,6,103,CNT/24-25/84,2025-01-25 00:00:00,0,101,104,0,,New
17771,101,6,104,CNT/24-25/85,2025-01-24 00:00:00,0,101,112,0,,New
17772,101,6,103,CNT/24-25/85,2025-01-25 00:00:00,0,101,104,0,,New
17773,101,6,103,CNT/24-25/85,2025-01-25 00:00:00,0,101,104,0,,New
17774,101,6,103,CNT/17-18/86,2025-01-26 00:00:00,0,101,104,0,,New
17775,101,6,103,CNT/17-18/86,2025-01-27 00:00:00,0,101,104,0,,New
1656,101,5,104,CNT/17-18/120,2024-02-23 00:00:00,0,101,112,0,,New
1661,101,5,103,CNT/17-18/125,2024-03-03 00:00:00,0,101,104,0,,New
1667,101,5,103,CNT/17-18/131,2024-03-22 00:00:00,0,101,104,0,,New
1747,101,6,104,CNT/17-18/37,2024-08-30 00:00:00,0,101,112,0,,New
10771,101,6,103,CNT/17-18/70,2024-12-08 00:00:00,0,101,104,0,,New
10772,101,6,104,CNT/17-18/70,2024-12-08 00:00:00,0,101,112,0,,New
10773,101,6,103,CNT/17-18/70,2024-12-08 00:00:00,0,101,104,0,,New
10774,101,6,104,CNT/17-18/70,2024-12-09 00:00:00,0,101,112,0,,New
26779,101,7,103,CNT/25-26/3,2025-04-12 00:00:00,0,101,104,0,,New
26780,101,7,103,CNT/17-18/4,2025-04-12 00:00:00,0,101,104,0,,New
26781,101,7,104,CNT/17-18/4,2025-04-12 00:00:00,0,101,112,0,,New
