RI_ID,RIO_SLNO,BCM_BRCD,CTG_ID,PRDT_ID,ITM_ID,DSGN_ID,PURT_ID,GRD_ID,RIO_GRS_WT,RIO_STN_WT,RIO_NET_WT,RIO_MTL_RATE,RIO_WT_DIFF,RIO_CUT_PCS,RIO_MKG_CHG,RIO_WSTG_PRCNT,RIO_WSTG_WT,RIO_WSTG_AMT,RIO_STN_AMT,RIO_OTHER_CHRGS,RIO_AMT,RIO_DISC_AMT,RIO_TAXABLE_AMT,RIO_TAX_AMT,RIO_TOTAL_AMT,RIO_DSC,RIO_NRR,RIO_SALE_TYPE,RIO_IS_BULK,RIO_PCS,SM_CODE
8906,1,N24103003559,102,103,338,102,102,103,3.21,0.0,3.21,7300.0,0.0,0.0,2915.74,0.0,0.0,0.0,0.0,350.0,26698.74,0.0,26698.74,800.96,27499.7,"Net Wt: 3.210 Gm.@Rate 7,300.00/Gm.",,Sale,0,1,0
2894,1,M24103003543,102,103,113,102,102,103,5.04,0.0,5.04,6790.0,0.0,0.0,3157.04,0.0,0.0,0.0,0.0,0.0,37378.64,0.0,37378.64,1121.36,38500.0,"Net Wt: 5.040 Gm.@Rate 6,790.00/Gm.",,Sale,0,1,0
8907,1,K24103003458,102,103,116,102,102,103,0.84,0.0,0.84,7300.0,0.0,0.0,655.38,0.0,0.0,0.0,0.0,300.0,7087.38,0.0,7087.38,212.62,7300.0,"Net Wt: 0.840 Gm.@Rate 7,300.00/Gm.",,Sale,0,1,0
9897,1,N24103003552,102,103,112,102,102,103,10.54,0.0,10.54,7300.0,0.0,0.0,7994.89,0.0,0.0,0.0,0.0,500.0,85436.89,0.0,85436.89,2563.1,88000.0,"Net Wt: 10.540 Gm.@Rate 7,300.00/Gm.",,Sale,0,1,0
9897,2,N24104001396,102,104,353,102,109,111,11.5,0.0,11.5,105.0,0.0,0.0,2470.17,0.0,0.0,0.0,0.0,400.0,4077.67,0.0,4077.67,122.34,4200.0,Net Wt: 11.500 Gm.@Rate 105.00/Gm.,,Sale,0,1,0
10897,1,N24104001397,102,104,127,129,109,111,5.0,0.0,5.0,105.0,0.0,0.0,154.61,0.0,0.0,0.0,0.0,0.0,679.61,0.0,679.61,20.38,700.0,Net Wt: 5.000 Gm.@Rate 105.00/Gm.,,Sale,0,1,0
10898,1,H23103002747,102,103,331,102,102,103,3.53,0.0,3.53,7350.0,0.0,0.0,1772.95,0.0,0.0,0.0,0.0,0.0,27718.45,0.0,27718.45,831.56,28550.0,"Net Wt: 3.530 Gm.@Rate 7,350.00/Gm.",,Sale,0,1,0
10898,2,N24103003681,102,103,116,102,102,103,3.33,0.0,3.33,7350.0,0.0,0.0,1688.09,0.0,0.0,0.0,0.0,50.0,26213.59,0.0,26213.59,786.4,27000.0,"Net Wt: 3.330 Gm.@Rate 7,350.00/Gm.",,Sale,0,1,0
10899,1,I24103003404,102,103,327,102,102,103,9.5,0.0,9.5,7370.0,0.0,0.0,7057.82,0.0,0.0,0.0,0.0,500.0,77572.82,0.0,77572.82,2327.18,79900.0,"Net Wt: 9.500 Gm.@Rate 7,370.00/Gm.",,Sale,0,1,0
10899,2,N24104001398,102,104,119,121,109,111,21.85,0.0,21.85,105.0,0.0,0.0,521.28,0.0,0.0,0.0,0.0,0.0,2815.53,0.0,2815.53,84.46,2900.0,Net Wt: 21.850 Gm.@Rate 105.00/Gm.,,Sale,0,1,0
10899,3,N24104001399,102,104,351,102,109,111,31.64,0.0,31.64,105.0,0.0,0.0,1240.91,0.0,0.0,0.0,0.0,0.0,4563.11,0.0,4563.11,136.9,4700.0,Net Wt: 31.640 Gm.@Rate 105.00/Gm.,,Sale,0,1,0
10899,4,N24104001400,102,104,249,102,109,111,17.7,0.0,17.7,105.0,0.0,0.0,1704.61,0.0,0.0,0.0,0.0,1000.0,4563.11,0.0,4563.11,136.9,4700.0,Net Wt: 17.700 Gm.@Rate 105.00/Gm.,,Sale,0,1,0
10900,1,N24104001401,102,104,119,121,109,111,21.21,0.0,21.21,105.0,0.0,0.0,491.4,0.0,0.0,0.0,0.0,0.0,2718.45,0.0,2718.45,81.56,2800.0,Net Wt: 21.210 Gm.@Rate 105.00/Gm.,,Sale,0,1,0
10901,1,N23103003030,102,103,444,102,103,104,2.53,0.0,2.53,6900.0,0.0,0.0,1610.48,0.0,0.0,0.0,0.0,350.0,19417.48,0.0,19417.48,582.52,20000.0,"Net Wt: 2.530 Gm.@Rate 6,900.00/Gm.",,Sale,0,1,0
10902,1,N24103003672,102,103,235,102,102,103,3.13,0.0,3.13,7390.0,0.0,0.0,1811.56,0.0,0.0,0.0,0.0,300.0,25242.26,0.0,25242.26,757.26,25999.53,"Net Wt: 3.130 Gm.@Rate 7,390.00/Gm.",,Sale,0,1,0
10904,1,N24103003553,102,103,112,102,102,103,5.95,0.0,5.95,7390.0,0.0,0.0,4420.28,0.0,0.0,0.0,0.0,250.0,48640.78,0.0,48640.78,1459.22,50100.0,"Net Wt: 5.950 Gm.@Rate 7,390.00/Gm.",,Sale,0,1,0
10904,2,N24103003683,102,103,116,102,102,103,6.52,0.0,6.52,7390.0,0.0,0.0,4868.17,0.0,0.0,0.0,0.0,250.0,53300.97,0.0,53300.97,1599.02,54900.0,"Net Wt: 6.520 Gm.@Rate 7,390.00/Gm.",,Sale,0,1,0
10905,1,L24103003487,102,103,444,102,103,104,0.6,0.0,0.6,6900.0,0.0,0.0,1199.81,0.0,0.0,0.0,0.0,0.0,5339.81,0.0,5339.81,160.2,5500.0,"Net Wt: 0.600 Gm.@Rate 6,900.00/Gm.",,Sale,0,1,0
10905,2,L24103003521,102,103,107,102,103,104,1.81,0.0,1.81,6900.0,0.0,0.0,2074.11,0.0,0.0,0.0,0.0,0.0,14563.11,0.0,14563.11,436.9,15000.0,"Net Wt: 1.810 Gm.@Rate 6,900.00/Gm.",,Sale,0,1,0
10906,1,H24103003299,102,103,235,102,102,103,4.67,0.0,4.67,7300.0,0.0,0.0,2887.64,0.0,0.0,0.0,0.0,400.0,37378.64,0.0,37378.64,1121.36,38500.0,"Net Wt: 4.670 Gm.@Rate 7,300.00/Gm.",,Sale,0,1,0
10907,1,K24103003467,102,103,235,102,102,103,9.01,0.0,9.01,7390.0,0.0,0.0,5931.56,0.0,0.0,0.0,0.0,300.0,72815.46,0.0,72815.46,2184.46,74999.92,"Net Wt: 9.010 Gm.@Rate 7,390.00/Gm.",,Sale,0,1,0
10907,2,J24103003430,102,103,102,102,102,103,2.74,0.0,2.74,7390.0,0.0,0.0,1781.5,0.0,0.0,0.0,0.0,300.0,22330.1,0.0,22330.1,669.9,23000.0,"Net Wt: 2.740 Gm.@Rate 7,390.00/Gm.",,Sale,0,1,0
10908,1,E24103003186,102,103,331,102,102,103,4.16,0.0,4.16,7390.0,0.0,0.0,3038.0,0.0,0.0,0.0,0.0,200.0,33980.58,0.0,33980.58,1019.42,35000.0,"Net Wt: 4.160 Gm.@Rate 7,390.00/Gm.",,Sale,0,1,0
10909,1,N24103003685,102,103,113,102,102,103,5.98,0.0,5.98,7350.0,0.0,0.0,4290.69,0.0,0.0,0.0,0.0,300.0,48543.69,0.0,48543.69,1456.32,50000.0,"Net Wt: 5.980 Gm.@Rate 7,350.00/Gm.",,Sale,0,1,0
10909,2,N24103003686,102,103,116,102,102,103,1.41,0.0,1.41,7350.0,0.0,0.0,986.99,0.0,0.0,0.0,0.0,300.0,11650.49,0.0,11650.49,349.52,12000.0,"Net Wt: 1.410 Gm.@Rate 7,350.00/Gm.",,Sale,0,1,0
10910,1,N24103003570,102,103,331,102,102,103,1.78,0.0,1.78,7350.0,0.0,0.0,1471.37,0.0,0.0,0.0,0.0,300.0,14854.37,0.0,14854.37,445.64,15300.0,"Net Wt: 1.780 Gm.@Rate 7,350.00/Gm.",,Sale,0,1,0
10911,1,J24103003429,102,103,102,102,102,103,2.72,0.0,2.72,7375.0,0.0,0.0,1631.0,0.0,0.0,0.0,0.0,100.0,21791.26,0.0,21791.26,653.74,22445.0,"Net Wt: 2.720 Gm.@Rate 7,375.00/Gm.",,Sale,0,1,0
10912,1,N24103003589,102,103,112,102,102,103,14.82,0.0,14.82,7390.0,0.0,0.0,14252.04,0.0,0.0,0.0,0.0,500.0,124271.84,0.0,124271.84,3728.16,128000.0,"Net Wt: 14.820 Gm.@Rate 7,390.00/Gm.",,Sale,0,1,0
10913,1,N23103003015,102,103,235,102,102,103,1.58,0.0,1.58,7390.0,0.0,0.0,1231.0,0.0,0.0,0.0,0.0,200.0,13106.8,0.0,13106.8,393.2,13500.0,"Net Wt: 1.580 Gm.@Rate 7,390.00/Gm.",,Sale,0,1,0
10923,1,I24103003351,102,103,235,102,102,103,3.89,0.0,3.89,7450.0,0.0,0.0,2372.9,0.0,0.0,0.0,0.0,200.0,31553.4,0.0,31553.4,946.6,32500.0,"Net Wt: 3.890 Gm.@Rate 7,450.00/Gm.",,Sale,0,1,0
10923,2,O23103003117,102,103,374,102,102,103,2.5,0.0,2.5,7390.0,0.0,0.0,1713.35,0.0,0.0,0.0,0.0,200.0,20388.35,0.0,20388.35,611.66,21000.0,"Net Wt: 2.500 Gm.@Rate 7,390.00/Gm.",,Return,0,1,0
11897,1,O24103003695,102,103,327,102,102,103,7.65,0.0,7.65,7300.0,0.0,0.0,1336.55,0.0,0.0,0.0,0.0,100.0,57281.55,0.0,57281.55,1718.44,59000.0,"Net Wt: 7.650 Gm.@Rate 7,300.00/Gm.",,Sale,0,1,0
11897,2,N24103003634,102,103,235,102,102,103,1.22,0.0,1.22,7300.0,0.0,0.0,317.3,0.0,0.0,0.0,0.0,0.0,9223.3,0.0,9223.3,276.7,9500.0,"Net Wt: 1.220 Gm.@Rate 7,300.00/Gm.",,Sale,0,1,0
11898,1,I24103003384,102,103,110,102,102,103,2.48,0.0,2.48,7300.0,0.0,0.0,1684.35,0.0,0.0,0.0,0.0,600.0,20388.35,0.0,20388.35,611.66,21000.0,"Net Wt: 2.480 Gm.@Rate 7,300.00/Gm.",,Sale,0,1,0
11899,1,J23103002957,102,103,116,102,102,103,1.01,0.0,1.01,7300.0,0.0,0.0,879.43,0.0,0.0,0.0,0.0,0.0,8252.43,0.0,8252.43,247.58,8500.0,"Net Wt: 1.010 Gm.@Rate 7,300.00/Gm.",,Sale,0,1,0
11900,1,N24103003654,102,103,102,102,102,103,2.9,0.0,2.9,7300.0,0.0,0.0,2801.84,0.0,0.0,0.0,0.0,300.0,24271.84,0.0,24271.84,728.16,25000.0,"Net Wt: 2.900 Gm.@Rate 7,300.00/Gm.",,Sale,0,1,0
11901,1,I24103003387,102,103,102,102,102,103,3.86,0.0,3.86,7300.0,0.0,0.0,2495.79,0.0,0.0,0.0,0.0,200.0,30873.79,0.0,30873.79,926.22,31800.0,"Net Wt: 3.860 Gm.@Rate 7,300.00/Gm.",,Sale,0,1,0
11902,1,H23103002770,102,103,110,102,102,103,8.8,0.0,8.8,7290.0,0.0,0.0,6292.66,0.0,0.0,0.0,0.0,1400.0,71844.66,0.0,71844.66,2155.34,74000.0,"Net Wt: 8.800 Gm.@Rate 7,290.00/Gm.",,Sale,0,1,0
11903,2,N24103003551,102,103,112,102,102,103,10.88,0.0,10.88,6950.0,0.0,0.0,7193.71,0.0,0.0,0.0,0.0,200.0,83009.71,0.0,83009.71,2490.3,85500.0,"Net Wt: 10.880 Gm.@Rate 6,950.00/Gm.",,Sale,0,1,0
11904,1,H24103003302,102,103,235,102,102,103,3.55,0.0,3.55,7000.0,0.0,0.0,2334.47,0.0,0.0,0.0,0.0,0.0,27184.47,0.0,27184.47,815.54,28000.0,"Net Wt: 3.550 Gm.@Rate 7,000.00/Gm.",,Sale,0,1,0
11904,2,O24104001407,102,104,119,121,109,111,65.15,0.0,65.15,99.0,0.0,0.0,4229.76,0.0,0.0,0.0,0.0,0.0,10679.61,0.0,10679.61,320.38,11000.0,Net Wt: 65.150 Gm.@Rate 99.00/Gm.,,Sale,0,1,0
11905,1,N24103003592,102,103,112,102,102,103,10.54,0.0,10.54,7100.0,0.0,0.0,3806.78,0.0,0.0,0.0,0.0,0.0,78640.78,0.0,78640.78,2359.22,81000.0,"Net Wt: 10.540 Gm.@Rate 7,100.00/Gm.",,Sale,0,1,0
11906,1,H23103002779,102,103,235,102,102,103,6.61,0.0,6.61,7100.0,0.0,0.0,6267.06,0.0,0.0,0.0,0.0,200.0,53398.06,0.0,53398.06,1601.94,55000.0,"Net Wt: 6.610 Gm.@Rate 7,100.00/Gm.",,Sale,0,1,0
11907,1,P22103002477,102,103,101,102,102,103,3.29,0.0,3.29,7050.0,0.0,0.0,1751.13,0.0,0.0,0.0,0.0,200.0,25145.63,0.0,25145.63,754.36,25900.0,"Net Wt: 3.290 Gm.@Rate 7,050.00/Gm.",,Sale,0,1,0
11907,2,O24103003715,102,103,101,102,102,103,5.61,0.0,5.61,7050.0,0.0,0.0,2967.95,0.0,0.0,0.0,0.0,200.0,42718.45,0.0,42718.45,1281.56,44000.0,"Net Wt: 5.610 Gm.@Rate 7,050.00/Gm.",,Sale,0,1,0
11907,3,I23103002867,102,103,101,102,102,103,2.71,0.0,2.71,7050.0,0.0,0.0,1471.2,0.0,0.0,0.0,0.0,200.0,20776.7,0.0,20776.7,623.3,21400.0,"Net Wt: 2.710 Gm.@Rate 7,050.00/Gm.",,Sale,0,1,0
11907,4,L24103003495,102,103,420,102,103,104,1.58,0.0,1.58,7050.0,0.0,0.0,505.74,0.0,0.0,0.0,0.0,200.0,11844.74,0.0,11844.74,355.34,12200.08,"Net Wt: 1.580 Gm.@Rate 7,050.00/Gm.",,Sale,0,1,0
11908,1,N24103003678,102,103,114,102,102,103,3.1,0.0,3.1,7390.0,0.0,0.0,1362.84,0.0,0.0,0.0,0.0,0.0,24271.84,0.0,24271.84,728.16,25000.0,"Net Wt: 3.100 Gm.@Rate 7,390.00/Gm.",,Sale,0,1,0
11909,1,P22103002484,102,103,110,102,102,103,6.22,0.0,6.22,6950.0,0.0,0.0,3828.87,0.0,0.0,0.0,0.0,1000.0,48057.87,0.0,48057.87,1441.74,49499.61,"Net Wt: 6.220 Gm.@Rate 6,950.00/Gm.",,Sale,0,1,0
11909,2,P22103002497,102,103,110,102,102,103,3.12,0.0,3.12,6950.0,0.0,0.0,2073.28,0.0,0.0,0.0,0.0,1000.0,24757.28,0.0,24757.28,742.72,25500.0,"Net Wt: 3.120 Gm.@Rate 6,950.00/Gm.",,Sale,0,1,0
11910,1,N24103003670,102,103,235,102,102,103,1.63,0.0,1.63,6950.0,0.0,0.0,1189.95,0.0,0.0,0.0,0.0,200.0,12718.45,0.0,12718.45,381.56,13100.0,"Net Wt: 1.630 Gm.@Rate 6,950.00/Gm.",,Sale,0,1,0
11911,1,N24103003675,102,103,235,102,102,103,1.67,0.0,1.67,6950.0,0.0,0.0,1203.21,0.0,0.0,0.0,0.0,200.0,13009.71,0.0,13009.71,390.3,13400.0,"Net Wt: 1.670 Gm.@Rate 6,950.00/Gm.",,Sale,0,1,0
11912,1,G24103003254,102,103,407,102,102,129,1.03,0.0,1.03,6930.0,0.0,0.0,914.53,0.0,0.0,0.0,0.0,200.0,8252.43,0.0,8252.43,247.58,8500.0,"Net Wt: 1.030 Gm.@Rate 6,930.00/Gm.",,Sale,0,1,0
11913,1,O24104001408,102,104,351,102,109,111,8.69,0.0,8.69,99.0,0.0,0.0,401.83,0.0,0.0,0.0,0.0,0.0,1262.14,0.0,1262.14,37.86,1300.0,Net Wt: 8.690 Gm.@Rate 99.00/Gm.,,Sale,0,1,0
11914,1,O24104001409,102,104,131,133,109,111,9.83,0.0,9.83,99.0,0.0,0.0,483.14,0.0,0.0,0.0,0.0,0.0,1456.31,0.0,1456.31,43.68,1500.0,Net Wt: 9.830 Gm.@Rate 99.00/Gm.,,Sale,0,1,0
11915,1,O24104001410,102,104,119,121,109,111,32.16,0.0,32.16,98.0,0.0,0.0,731.82,0.0,0.0,0.0,0.0,0.0,3883.5,0.0,3883.5,116.5,4000.0,Net Wt: 32.160 Gm.@Rate 98.00/Gm.,,Sale,0,1,0
11916,1,N24103003567,102,103,331,102,102,103,2.28,0.0,2.28,7000.0,0.0,0.0,1701.57,0.0,0.0,0.0,0.0,300.0,17961.57,0.0,17961.57,538.84,18500.42,"Net Wt: 2.280 Gm.@Rate 7,000.00/Gm.",,Sale,0,1,0
11916,2,N24103003568,102,103,331,102,102,103,2.24,0.0,2.24,7000.0,0.0,0.0,1981.57,0.0,0.0,0.0,0.0,300.0,17961.57,0.0,17961.57,538.84,18500.42,"Net Wt: 2.240 Gm.@Rate 7,000.00/Gm.",,Sale,0,1,0
10932,1,L24103003515,102,103,115,102,103,104,0.37,0.0,0.37,6900.0,0.0,0.0,359.62,0.0,0.0,0.0,0.0,0.0,2912.62,0.0,2912.62,87.38,3000.0,"Net Wt: 0.370 Gm.@Rate 6,900.00/Gm.",,Sale,0,1,0
10933,1,O24104001406,102,104,289,102,109,111,28.0,0.0,28.0,100.0,0.0,0.0,1180.58,0.0,0.0,0.0,0.0,0.0,3980.58,0.0,3980.58,119.42,4100.0,Net Wt: 28.000 Gm.@Rate 100.00/Gm.,,Sale,0,1,0
10934,1,K24103003439,102,103,101,102,102,103,17.06,0.0,17.06,7390.0,0.0,0.0,12755.73,0.0,0.0,0.0,0.0,200.0,139029.13,0.0,139029.13,4170.88,143200.0,"Net Wt: 17.060 Gm.@Rate 7,390.00/Gm.",,Sale,0,1,0
10934,2,N24103003652,102,103,102,102,102,103,2.96,0.0,2.96,7390.0,0.0,0.0,2197.44,0.0,0.0,0.0,0.0,200.0,24271.84,0.0,24271.84,728.16,25000.0,"Net Wt: 2.960 Gm.@Rate 7,390.00/Gm.",,Sale,0,1,0
10934,3,O24103003694,102,103,402,102,102,103,2.11,0.0,2.11,7390.0,0.0,0.0,1585.74,0.0,0.0,0.0,0.0,200.0,17378.64,0.0,17378.64,521.36,17900.0,"Net Wt: 2.110 Gm.@Rate 7,390.00/Gm.",,Sale,0,1,0
10926,1,E24103003217,102,103,101,102,102,103,13.5,0.0,13.5,7350.0,0.0,0.0,7856.55,0.0,0.0,0.0,0.0,200.0,107281.55,0.0,107281.55,3218.44,110500.0,"Net Wt: 13.500 Gm.@Rate 7,350.00/Gm.",,Sale,0,1,0
11916,3,J23103002928,102,103,107,102,102,103,5.31,0.0,5.31,7000.0,0.0,0.0,3800.43,0.0,0.0,0.0,0.0,0.0,40970.43,0.0,40970.43,1229.12,42199.54,"Net Wt: 5.310 Gm.@Rate 7,000.00/Gm.",,Sale,0,1,0
11916,4,O24103003722,102,103,106,102,102,103,1.2,0.0,1.2,7000.0,0.0,0.0,1794.17,0.0,0.0,0.0,0.0,0.0,10194.17,0.0,10194.17,305.82,10500.0,"Net Wt: 1.200 Gm.@Rate 7,000.00/Gm.",,Sale,0,1,0
11917,1,O24104001411,102,104,119,121,109,111,29.0,0.0,29.0,98.0,0.0,0.0,556.06,0.0,0.0,0.0,0.0,0.0,3398.06,0.0,3398.06,101.94,3500.0,Net Wt: 29.000 Gm.@Rate 98.00/Gm.,,Sale,0,1,0
11918,1,O24104001412,102,104,289,102,109,111,9.48,0.0,9.48,98.0,0.0,0.0,333.1,0.0,0.0,0.0,0.0,0.0,1262.14,0.0,1262.14,37.86,1300.0,Net Wt: 9.480 Gm.@Rate 98.00/Gm.,,Sale,0,1,0
11919,1,N24103003560,102,103,338,102,102,103,2.59,0.0,2.59,7150.0,0.0,0.0,1281.5,0.0,0.0,0.0,0.0,200.0,20000.0,0.0,20000.0,600.0,20600.0,"Net Wt: 2.590 Gm.@Rate 7,150.00/Gm.",,Sale,0,1,0
12915,1,G24103003242,102,103,235,102,102,103,1.82,0.0,1.82,7200.0,0.0,0.0,1403.28,0.0,0.0,0.0,0.0,250.0,14757.28,0.0,14757.28,442.72,15200.0,"Net Wt: 1.820 Gm.@Rate 7,200.00/Gm.",,Sale,0,1,0
12915,2,F23103002654,102,103,110,102,102,103,3.2,0.0,3.2,7200.0,0.0,0.0,2614.85,0.0,0.0,0.0,0.0,850.0,26504.85,0.0,26504.85,795.14,27300.0,"Net Wt: 3.200 Gm.@Rate 7,200.00/Gm.",,Sale,0,1,0
12916,1,O24103003719,102,103,110,102,102,103,1.56,0.0,1.56,7200.0,0.0,0.0,1360.23,0.0,0.0,0.0,0.0,1000.0,13592.23,0.0,13592.23,407.76,14000.0,"Net Wt: 1.560 Gm.@Rate 7,200.00/Gm.",,Sale,0,1,0
13915,1,H23103002745,102,103,102,102,102,103,4.93,0.0,4.93,7300.0,0.0,0.0,2302.26,0.0,0.0,0.0,0.0,0.0,38291.26,0.0,38291.26,1148.74,39440.0,"Net Wt: 4.930 Gm.@Rate 7,300.00/Gm.",,Sale,0,1,0
13916,1,G24103003248,102,103,331,102,102,103,2.12,0.0,2.12,7250.0,0.0,0.0,2882.43,0.0,0.0,0.0,0.0,0.0,18252.43,0.0,18252.43,547.58,18800.0,"Net Wt: 2.120 Gm.@Rate 7,250.00/Gm.",,Sale,0,1,0
13917,1,O23104001217,102,104,162,155,110,115,10.1,0.0,10.1,45.0,0.0,0.0,710.55,0.0,0.0,0.0,0.0,0.0,1165.05,0.0,1165.05,34.96,1200.0,Net Wt: 10.100 Gm.@Rate 45.00/Gm.,,Sale,0,1,0
13918,1,P22103002495,102,103,110,102,102,103,6.78,0.0,6.78,7150.0,0.0,0.0,4921.06,0.0,0.0,0.0,0.0,0.0,53398.06,0.0,53398.06,1601.94,55000.0,"Net Wt: 6.780 Gm.@Rate 7,150.00/Gm.",,Sale,0,1,0
13919,1,G24103003255,102,103,407,102,102,129,1.05,0.0,1.05,7000.0,0.0,0.0,1387.86,0.0,0.0,0.0,0.0,0.0,8737.86,0.0,8737.86,262.14,9000.0,"Net Wt: 1.050 Gm.@Rate 7,000.00/Gm.",,Sale,0,1,0
13920,2,O24104001413,102,104,132,134,109,111,10.8,0.0,10.8,97.0,0.0,0.0,117.45,0.0,0.0,0.0,0.0,0.0,1165.05,0.0,1165.05,34.96,1200.0,Net Wt: 10.800 Gm.@Rate 97.00/Gm.,,Sale,0,1,0
13921,1,O24104001414,102,104,351,102,109,111,16.7,0.0,16.7,98.0,0.0,0.0,479.9,0.0,0.0,0.0,0.0,0.0,2116.5,0.0,2116.5,63.5,2180.0,Net Wt: 16.700 Gm.@Rate 98.00/Gm.,,Sale,0,1,0
13922,1,O24103003713,102,103,101,102,102,103,5.55,0.0,5.55,7300.0,0.0,0.0,2688.88,0.0,0.0,0.0,0.0,0.0,43203.88,0.0,43203.88,1296.12,44500.0,"Net Wt: 5.550 Gm.@Rate 7,300.00/Gm.",,Sale,0,1,0
13922,2,N24103003610,102,103,420,102,103,104,2.45,0.0,2.45,7000.0,0.0,0.0,811.17,0.0,0.0,0.0,0.0,0.0,17961.17,0.0,17961.17,538.84,18500.01,"Net Wt: 2.450 Gm.@Rate 7,000.00/Gm.",,Sale,0,1,0
13922,3,L24103003489,102,103,420,102,103,104,2.28,0.0,2.28,7300.0,0.0,0.0,1414.25,0.0,0.0,0.0,0.0,0.0,18058.25,0.0,18058.25,541.74,18600.0,"Net Wt: 2.280 Gm.@Rate 7,300.00/Gm.",,Sale,0,1,0
13924,1,O24104001415,102,104,138,102,109,111,22.7,0.0,22.7,98.0,0.0,0.0,688.02,0.0,0.0,0.0,0.0,0.0,2912.62,0.0,2912.62,87.38,3000.0,Net Wt: 22.700 Gm.@Rate 98.00/Gm.,,Sale,0,1,0
14915,1,O24104001416,102,104,353,102,109,111,11.2,0.0,11.2,95.0,0.0,0.0,605.9,0.0,0.0,0.0,0.0,0.0,1669.9,0.0,1669.9,50.1,1720.0,Net Wt: 11.200 Gm.@Rate 95.00/Gm.,,Sale,0,1,0
14917,1,I23103002903,102,103,420,102,103,104,1.72,0.0,1.72,7000.0,0.0,0.0,581.36,0.0,0.0,0.0,0.0,0.0,12621.36,0.0,12621.36,378.64,13000.0,"Net Wt: 1.720 Gm.@Rate 7,000.00/Gm.",,Sale,0,1,0
14918,1,O24104001417,102,104,440,101,109,111,2.3,0.0,2.3,95.0,0.0,0.0,1140.72,0.0,0.0,0.0,0.0,0.0,1359.22,0.0,1359.22,40.78,1400.0,Net Wt: 2.300 Gm.@Rate 95.00/Gm.,,Sale,0,1,0
14919,1,N24103003617,102,103,444,102,103,104,2.7,0.0,2.7,6500.0,0.0,0.0,411.17,0.0,0.0,0.0,0.0,0.0,17961.17,0.0,17961.17,538.84,18500.01,"Net Wt: 2.700 Gm.@Rate 6,500.00/Gm.",,Sale,0,1,0
14920,1,I24103003353,102,103,235,102,102,103,2.52,0.0,2.52,7190.0,0.0,0.0,1589.94,0.0,0.0,0.0,0.0,0.0,19708.74,0.0,19708.74,591.26,20300.0,"Net Wt: 2.520 Gm.@Rate 7,190.00/Gm.",,Sale,0,1,0
14921,1,P24104001418,102,104,119,121,109,111,53.2,0.0,53.2,95.0,0.0,0.0,771.24,0.0,0.0,0.0,0.0,0.0,5825.24,0.0,5825.24,174.76,6000.0,Net Wt: 53.200 Gm.@Rate 95.00/Gm.,,Sale,0,1,0
14922,1,P24104001419,102,104,119,121,109,111,89.0,0.0,89.0,95.0,0.0,0.0,865.39,0.0,0.0,0.0,0.0,0.0,9320.39,0.0,9320.39,279.62,9600.0,Net Wt: 89.000 Gm.@Rate 95.00/Gm.,,Sale,0,1,0
14923,1,G24103003244,102,103,235,102,102,103,2.33,0.0,2.33,7150.0,0.0,0.0,1787.1,0.0,0.0,0.0,0.0,0.0,18446.6,0.0,18446.6,553.4,19000.0,"Net Wt: 2.330 Gm.@Rate 7,150.00/Gm.",,Sale,0,1,0
14924,1,P24104001420,102,104,132,134,109,111,2.87,0.0,2.87,95.0,0.0,0.0,504.05,0.0,0.0,0.0,0.0,0.0,776.7,0.0,776.7,23.3,800.0,Net Wt: 2.870 Gm.@Rate 95.00/Gm.,,Sale,0,1,0
14925,1,P24103003723,102,103,402,102,102,103,8.99,0.0,8.99,7190.0,0.0,0.0,7483.26,0.0,0.0,0.0,0.0,500.0,72621.36,0.0,72621.36,2178.64,74800.0,"Net Wt: 8.990 Gm.@Rate 7,190.00/Gm.",,Sale,0,1,0
14926,1,O23104001009,102,104,119,121,110,115,96.5,0.0,96.5,95.0,0.0,0.0,1900.46,0.0,0.0,0.0,0.0,0.0,11067.96,0.0,11067.96,332.04,11400.0,Net Wt: 96.500 Gm.@Rate 95.00/Gm.,,Sale,0,1,0
14927,1,P24104001421,102,104,346,102,109,111,17.2,0.0,17.2,95.0,0.0,0.0,16.49,0.0,0.0,0.0,0.0,0.0,1650.49,0.0,1650.49,49.52,1700.0,Net Wt: 17.200 Gm.@Rate 95.00/Gm.,,Sale,0,1,0
14928,1,N24103003629,102,103,235,102,102,103,1.3,0.0,1.3,7150.0,0.0,0.0,413.74,0.0,0.0,0.0,0.0,0.0,9708.74,0.0,9708.74,291.26,10000.0,"Net Wt: 1.300 Gm.@Rate 7,150.00/Gm.",,Sale,0,1,0
14928,2,I24103003346,102,103,235,102,102,103,2.09,0.0,2.09,7110.0,0.0,0.0,1256.6,0.0,0.0,0.0,0.0,0.0,16116.5,0.0,16116.5,483.5,16600.0,"Net Wt: 2.090 Gm.@Rate 7,110.00/Gm.",,Sale,0,1,0
14929,1,N24103003682,102,103,116,102,102,103,4.57,0.0,4.57,7110.0,0.0,0.0,2938.37,0.0,0.0,0.0,0.0,200.0,35631.07,0.0,35631.07,1068.94,36700.0,"Net Wt: 4.570 Gm.@Rate 7,110.00/Gm.",,Sale,0,1,0
14934,1,P24103003726,102,103,110,102,102,103,1.31,0.0,1.31,7280.0,0.0,0.0,736.99,0.0,0.0,0.0,0.0,600.0,10873.79,0.0,10873.79,326.22,11200.0,"Net Wt: 1.310 Gm.@Rate 7,280.00/Gm.",,Sale,0,1,0
15915,1,F23103002664,102,103,101,102,102,103,12.92,0.0,12.92,7290.0,0.0,0.0,8040.38,0.0,0.0,0.0,0.0,200.0,102427.18,0.0,102427.18,3072.82,105500.0,"Net Wt: 12.920 Gm.@Rate 7,290.00/Gm.",,Sale,0,1,0
15916,1,I24103003344,102,103,235,102,102,103,2.81,0.0,2.81,7290.0,0.0,0.0,1645.2,0.0,0.0,0.0,0.0,200.0,22330.1,0.0,22330.1,669.9,23000.0,"Net Wt: 2.810 Gm.@Rate 7,290.00/Gm.",,Sale,0,1,0
15916,2,L24103003478,102,103,444,102,103,104,1.29,0.0,1.29,6900.0,0.0,0.0,607.74,0.0,0.0,0.0,0.0,200.0,9708.74,0.0,9708.74,291.26,10000.0,"Net Wt: 1.290 Gm.@Rate 6,900.00/Gm.",,Sale,0,1,0
15916,3,E24103003216,102,103,101,102,102,103,10.76,0.0,10.76,7290.0,0.0,0.0,5729.03,0.0,0.0,0.0,0.0,200.0,84369.43,0.0,84369.43,2531.08,86900.51,"Net Wt: 10.760 Gm.@Rate 7,290.00/Gm.",,Sale,0,1,0
15917,1,O23103003124,102,103,374,102,102,103,1.26,0.0,1.26,7250.0,0.0,0.0,956.0,0.0,0.0,0.0,0.0,200.0,10291.17,0.0,10291.17,308.74,10599.91,"Net Wt: 1.260 Gm.@Rate 7,250.00/Gm.",,Sale,0,1,0
15917,3,P24104001425,102,104,367,102,109,111,18.4,0.0,18.4,98.0,0.0,0.0,1012.33,0.0,0.0,0.0,0.0,0.0,2815.53,0.0,2815.53,84.46,2900.0,Net Wt: 18.400 Gm.@Rate 98.00/Gm.,,Sale,0,1,0
15918,1,P24103003753,102,103,236,102,102,103,8.2,0.0,8.2,7170.0,0.0,0.0,4792.41,0.0,0.0,0.0,0.0,200.0,63786.41,0.0,63786.41,1913.6,65700.0,"Net Wt: 8.200 Gm.@Rate 7,170.00/Gm.",,Sale,0,1,0
15919,2,N24103003628,102,103,235,102,102,103,2.78,0.0,2.78,7150.0,0.0,0.0,2350.32,0.0,0.0,0.0,0.0,200.0,22427.32,0.0,22427.32,672.82,23100.14,"Net Wt: 2.780 Gm.@Rate 7,150.00/Gm.",,Sale,0,1,0
15919,3,N23103003019,102,103,235,102,102,103,0.99,0.0,0.99,7150.0,0.0,0.0,974.18,0.0,0.0,0.0,0.0,200.0,8252.68,0.0,8252.68,247.58,8500.26,"Net Wt: 0.990 Gm.@Rate 7,150.00/Gm.",,Sale,0,1,0
15920,1,I24103003376,102,103,331,102,102,103,1.18,0.0,1.18,7150.0,0.0,0.0,683.39,0.0,0.0,0.0,0.0,200.0,9320.39,0.0,9320.39,279.62,9600.0,"Net Wt: 1.180 Gm.@Rate 7,150.00/Gm.",,Sale,0,1,0
15921,1,O22103002428,102,103,107,102,102,103,2.57,0.0,2.57,7150.0,0.0,0.0,1618.67,0.0,0.0,0.0,0.0,200.0,20194.17,0.0,20194.17,605.82,20800.0,"Net Wt: 2.570 Gm.@Rate 7,150.00/Gm.",,Sale,0,1,0
15922,1,N24103003636,102,103,115,102,102,103,2.56,0.0,2.56,7190.0,0.0,0.0,1981.95,0.0,0.0,0.0,0.0,0.0,20388.35,0.0,20388.35,611.66,21000.0,"Net Wt: 2.560 Gm.@Rate 7,190.00/Gm.",,Sale,0,1,0
15923,1,P24104001426,102,104,353,102,109,111,50.0,0.0,50.0,95.0,0.0,0.0,4182.04,0.0,0.0,0.0,0.0,0.0,8932.04,0.0,8932.04,267.96,9200.0,Net Wt: 50.000 Gm.@Rate 95.00/Gm.,,Sale,0,1,0
15924,1,P24103003754,102,103,115,102,102,103,1.52,0.0,1.52,7150.0,0.0,0.0,1262.1,0.0,0.0,0.0,0.0,200.0,12330.1,0.0,12330.1,369.9,12700.0,"Net Wt: 1.520 Gm.@Rate 7,150.00/Gm.",,Sale,0,1,0
16915,1,N24103003632,102,103,235,102,102,103,2.07,0.0,2.07,7100.0,0.0,0.0,1413.68,0.0,0.0,0.0,0.0,200.0,16310.68,0.0,16310.68,489.32,16800.0,"Net Wt: 2.070 Gm.@Rate 7,100.00/Gm.",,Sale,0,1,0
16916,1,P24103003750,102,103,101,102,102,103,6.01,0.0,6.01,7050.0,0.0,0.0,3746.0,0.0,0.0,0.0,0.0,0.0,46116.5,0.0,46116.5,1383.5,47500.0,"Net Wt: 6.010 Gm.@Rate 7,050.00/Gm.",,Sale,0,1,0
16917,1,J22103002205,102,103,110,102,102,103,7.58,0.0,7.58,7100.0,0.0,0.0,5861.44,0.0,0.0,0.0,0.0,1000.0,60679.44,0.0,60679.44,1820.38,62499.82,"Net Wt: 7.580 Gm.@Rate 7,100.00/Gm.",,Sale,0,1,0
14930,1,L24103003490,102,103,420,102,103,104,2.34,0.0,2.34,6900.0,0.0,0.0,1329.73,0.0,0.0,0.0,0.0,0.0,17475.73,0.0,17475.73,524.28,18000.0,"Net Wt: 2.340 Gm.@Rate 6,900.00/Gm.",,Sale,0,1,0
14931,1,O24103003720,102,103,110,102,102,103,2.14,0.0,2.14,7115.0,0.0,0.0,1249.63,0.0,0.0,0.0,0.0,1000.0,17475.73,0.0,17475.73,524.28,18000.0,"Net Wt: 2.140 Gm.@Rate 7,115.00/Gm.",,Sale,0,1,0
14931,2,O21103001828,102,103,116,102,102,103,1.5,0.0,1.5,7115.0,0.0,0.0,977.99,0.0,0.0,0.0,0.0,0.0,11650.49,0.0,11650.49,349.52,12000.0,"Net Wt: 1.500 Gm.@Rate 7,115.00/Gm.",,Sale,0,1,0
14931,3,J23103002929,102,103,107,102,102,103,2.9,0.0,2.9,7115.0,0.0,0.0,2182.03,0.0,0.0,0.0,0.0,0.0,22815.53,0.0,22815.53,684.46,23500.0,"Net Wt: 2.900 Gm.@Rate 7,115.00/Gm.",,Sale,0,1,0
14931,4,P24104001422,102,104,119,121,109,111,106.0,0.0,106.0,95.0,0.0,0.0,3522.23,0.0,0.0,0.0,0.0,0.0,13592.23,0.0,13592.23,407.76,14000.0,Net Wt: 106.000 Gm.@Rate 95.00/Gm.,,Sale,0,1,0
14931,5,P24103003724,102,103,106,102,102,103,0.9,0.0,0.9,7115.0,0.0,0.0,878.05,0.0,0.0,0.0,0.0,0.0,7281.55,0.0,7281.55,218.44,7500.0,"Net Wt: 0.900 Gm.@Rate 7,115.00/Gm.",,Sale,0,1,0
14931,6,P24104001423,102,104,289,102,109,111,11.0,0.0,11.0,95.0,0.0,0.0,22.96,0.0,0.0,0.0,0.0,0.0,1067.96,0.0,1067.96,32.04,1100.0,Net Wt: 11.000 Gm.@Rate 95.00/Gm.,,Sale,0,1,0
14932,1,P24103003725,102,103,400,102,102,103,0.46,0.0,0.46,7115.0,0.0,0.0,1047.49,0.0,0.0,0.0,0.0,0.0,4320.39,0.0,4320.39,129.62,4450.0,"Net Wt: 0.460 Gm.@Rate 7,115.00/Gm.",,Sale,0,1,0
14933,1,O24103003716,102,103,110,102,102,103,1.52,0.0,1.52,7115.0,0.0,0.0,1292.0,0.0,0.0,0.0,0.0,1000.0,13106.8,0.0,13106.8,393.2,13500.0,"Net Wt: 1.520 Gm.@Rate 7,115.00/Gm.",,Sale,0,1,0
14933,2,O24103003718,102,103,110,102,102,103,1.55,0.0,1.55,7115.0,0.0,0.0,1078.55,0.0,0.0,0.0,0.0,1000.0,13106.8,0.0,13106.8,393.2,13500.0,"Net Wt: 1.550 Gm.@Rate 7,115.00/Gm.",,Sale,0,1,0
14933,3,P24104001424,102,104,119,121,109,111,50.0,0.0,50.0,95.0,0.0,0.0,104.37,0.0,0.0,0.0,0.0,0.0,4854.37,0.0,4854.37,145.64,5000.0,Net Wt: 50.000 Gm.@Rate 95.00/Gm.,,Sale,0,1,0
15917,2,I24103003323,102,103,112,102,102,103,11.3,0.0,11.3,7250.0,0.0,0.0,9725.61,0.0,0.0,0.0,0.0,0.0,91650.61,0.0,91650.61,2749.52,94400.13,"Net Wt: 11.300 Gm.@Rate 7,250.00/Gm.",,Sale,0,1,0
17915,1,H23103002822,102,103,327,102,102,103,22.83,0.0,22.83,7050.0,0.5,0.0,14762.09,0.0,0.0,0.0,0.0,500.0,176213.59,0.0,176213.59,5286.4,181500.0,"Net Wt: 22.830 Gm.@Rate 7,050.00/Gm.",,Sale,0,1,0
17915,2,P24103003752,102,103,107,102,102,103,7.69,0.0,7.69,7050.0,0.07,0.0,5094.24,0.0,0.0,0.0,0.0,400.0,59708.74,0.0,59708.74,1791.26,61500.0,"Net Wt: 7.690 Gm.@Rate 7,050.00/Gm.",,Sale,0,1,0
17916,1,J22103002234,102,103,116,102,102,103,0.92,0.0,0.92,7100.0,0.0,0.0,1234.99,0.0,0.0,0.0,0.0,0.0,7766.99,0.0,7766.99,233.0,8000.0,"Net Wt: 0.920 Gm.@Rate 7,100.00/Gm.",,Sale,0,1,0
17916,2,P24104001427,102,104,119,121,109,111,18.3,0.0,18.3,92.0,0.0,0.0,258.15,0.0,0.0,0.0,0.0,0.0,1941.75,0.0,1941.75,58.26,2000.0,Net Wt: 18.300 Gm.@Rate 92.00/Gm.,,Sale,0,1,0
18915,1,J24103003425,102,103,102,102,102,103,1.93,0.0,1.93,7190.0,0.0,0.0,1648.54,0.0,0.0,0.0,0.0,300.0,15825.24,0.0,15825.24,474.76,16300.0,"Net Wt: 1.930 Gm.@Rate 7,190.00/Gm.",,Sale,0,1,0
19915,1,O24103003699,102,103,331,102,102,103,2.56,0.0,2.56,7100.0,0.05,0.0,1526.91,0.0,0.0,0.0,0.0,200.0,19902.91,0.0,19902.91,597.08,20500.0,"Net Wt: 2.560 Gm.@Rate 7,100.00/Gm.",,Sale,0,1,0
19916,1,N24103003661,102,103,331,102,102,103,1.75,0.0,1.75,7000.0,0.0,0.0,1142.23,0.0,0.0,0.0,0.0,200.0,13592.23,0.0,13592.23,407.76,14000.0,"Net Wt: 1.750 Gm.@Rate 7,000.00/Gm.",,Sale,0,1,0
20915,1,P24103003755,102,103,113,102,102,103,5.6,0.0,5.6,7150.0,0.0,0.0,4328.93,0.0,0.0,0.0,0.0,0.0,44368.93,0.0,44368.93,1331.06,45700.0,"Net Wt: 5.600 Gm.@Rate 7,150.00/Gm.",,Sale,0,1,0
20916,1,P24104001428,102,104,119,121,109,111,21.3,0.0,21.3,94.0,0.0,0.0,322.07,0.0,0.0,0.0,0.0,200.0,2524.27,0.0,2524.27,75.72,2600.0,Net Wt: 21.300 Gm.@Rate 94.00/Gm.,,Sale,0,1,0
21915,1,I24103003345,102,103,235,102,102,103,2.97,0.0,2.97,7200.0,0.0,0.0,1716.97,0.0,0.0,0.0,0.0,200.0,23300.97,0.0,23300.97,699.02,24000.0,"Net Wt: 2.970 Gm.@Rate 7,200.00/Gm.",,Sale,0,1,0
21915,2,H23103002733,102,103,102,102,102,103,2.23,0.0,2.23,7200.0,0.0,0.0,1316.82,0.0,0.0,0.0,0.0,200.0,17572.82,0.0,17572.82,527.18,18100.0,"Net Wt: 2.230 Gm.@Rate 7,200.00/Gm.",,Sale,0,1,0
21917,1,N24103003583,102,103,102,102,102,103,4.27,0.0,4.27,7320.0,0.0,0.0,2330.01,0.0,0.0,0.0,0.0,200.0,33786.41,0.0,33786.41,1013.6,34800.0,"Net Wt: 4.270 Gm.@Rate 7,320.00/Gm.",,Sale,0,1,0
21918,1,O24103003717,102,103,110,102,102,103,2.07,0.0,2.07,7200.0,0.0,0.0,1100.82,0.0,0.0,0.0,0.0,500.0,16504.82,0.0,16504.82,495.14,16999.96,"Net Wt: 2.070 Gm.@Rate 7,200.00/Gm.",,Sale,0,1,0
21918,2,N24103003651,102,103,102,102,102,103,2.72,0.0,2.72,7200.0,0.0,0.0,1575.22,0.0,0.0,0.0,0.0,200.0,21359.22,0.0,21359.22,640.78,22000.0,"Net Wt: 2.720 Gm.@Rate 7,200.00/Gm.",,Sale,0,1,0
21918,3,I24103003359,102,103,235,102,102,103,2.3,0.0,2.3,7200.0,0.0,0.0,1201.17,0.0,0.0,0.0,0.0,200.0,17961.17,0.0,17961.17,538.84,18500.01,"Net Wt: 2.300 Gm.@Rate 7,200.00/Gm.",,Sale,0,1,0
21918,4,J24103003427,102,103,102,102,102,103,1.78,0.0,1.78,7200.0,0.0,0.0,1061.67,0.0,0.0,0.0,0.0,200.0,14077.67,0.0,14077.67,422.34,14500.0,"Net Wt: 1.780 Gm.@Rate 7,200.00/Gm.",,Sale,0,1,0
21919,1,H19103000004,102,103,102,102,102,103,4.42,0.0,4.42,7200.0,0.0,0.0,3612.43,0.0,0.0,0.0,0.0,0.0,35436.43,0.0,35436.43,1063.1,36499.52,"Net Wt: 4.420 Gm.@Rate 7,200.00/Gm.",,Sale,0,1,0
20917,1,H23103002723,102,103,342,102,102,103,23.46,0.0,23.46,7150.0,0.0,0.0,15256.15,0.0,0.0,0.0,0.0,500.0,183495.15,0.0,183495.15,5504.86,189000.0,"Net Wt: 23.460 Gm.@Rate 7,150.00/Gm.",,Sale,0,1,0
20918,1,O23104001082,102,104,346,102,110,115,30.44,0.0,30.44,95.0,0.0,0.0,894.61,0.0,0.0,0.0,0.0,0.0,3786.41,0.0,3786.41,113.6,3900.0,Net Wt: 30.440 Gm.@Rate 95.00/Gm.,,Sale,0,1,0
20919,1,N24103003575,102,103,331,102,102,103,1.81,0.0,1.81,7190.0,0.0,0.0,1349.21,0.0,0.0,0.0,0.0,200.0,14563.11,0.0,14563.11,436.9,15000.0,"Net Wt: 1.810 Gm.@Rate 7,190.00/Gm.",,Sale,0,1,0
20919,2,N24103003572,102,103,331,102,102,103,2.48,0.0,2.48,7190.0,0.0,0.0,1386.28,0.0,0.0,0.0,0.0,200.0,19417.48,0.0,19417.48,582.52,20000.0,"Net Wt: 2.480 Gm.@Rate 7,190.00/Gm.",,Sale,0,1,0
29929,1,F25103003804,102,103,235,102,102,103,2.41,0.0,2.41,8050.0,0.0,0.0,1958.72,0.0,0.0,0.0,0.0,0.0,21359.22,0.0,21359.22,640.78,22000.0,"Net Wt: 2.410 Gm.@Rate 8,050.00/Gm.",,Sale,0,1,0
21920,1,E25104001429,102,104,119,121,109,111,25.97,0.0,25.97,90.0,0.0,0.0,186.97,0.0,0.0,0.0,0.0,0.0,2524.27,0.0,2524.27,75.72,2600.0,Net Wt: 25.970 Gm.@Rate 90.00/Gm.,,Sale,0,1,0
21921,1,E25104001430,102,104,353,102,109,111,10.25,0.0,10.25,90.0,0.0,0.0,1650.32,0.0,0.0,0.0,0.0,0.0,2572.82,0.0,2572.82,77.18,2650.0,Net Wt: 10.250 Gm.@Rate 90.00/Gm.,,Sale,0,1,0
21922,1,E25104001431,102,104,352,102,109,111,35.0,0.0,35.0,90.0,0.0,0.0,248.06,0.0,0.0,0.0,0.0,0.0,3398.06,0.0,3398.06,101.94,3500.0,Net Wt: 35.000 Gm.@Rate 90.00/Gm.,,Sale,0,1,0
21923,1,P24103003741,102,103,331,102,102,103,1.35,0.0,1.35,7200.0,0.0,0.0,1347.96,0.0,0.0,0.0,0.0,0.0,11067.96,0.0,11067.96,332.04,11400.0,"Net Wt: 1.350 Gm.@Rate 7,200.00/Gm.",,Sale,0,1,0
21924,1,O24103003714,102,103,101,102,102,103,5.55,0.0,5.55,7300.0,0.0,0.0,4616.07,0.0,0.0,0.0,0.0,500.0,45631.07,0.0,45631.07,1368.94,47000.0,"Net Wt: 5.550 Gm.@Rate 7,300.00/Gm.",,Sale,0,1,0
21924,2,E25104001432,102,104,151,150,109,111,13.59,0.0,13.59,95.0,0.0,0.0,650.7,0.0,0.0,0.0,0.0,0.0,1941.75,0.0,1941.75,58.26,2000.0,Net Wt: 13.590 Gm.@Rate 95.00/Gm.,,Sale,0,1,0
21925,1,N24103003633,102,103,235,102,102,103,1.8,0.0,1.8,7200.0,0.0,0.0,1103.11,0.0,0.0,0.0,0.0,500.0,14563.11,0.0,14563.11,436.9,15000.0,"Net Wt: 1.800 Gm.@Rate 7,200.00/Gm.",,Sale,0,1,0
21926,1,I24103003352,102,103,235,102,102,103,3.34,0.0,3.34,7350.0,0.0,0.0,2435.47,0.0,0.0,0.0,0.0,200.0,27184.47,0.0,27184.47,815.54,28000.0,"Net Wt: 3.340 Gm.@Rate 7,350.00/Gm.",,Sale,0,1,0
21926,2,E25104001433,102,104,119,121,109,111,57.0,0.0,57.0,95.0,0.0,0.0,701.5,0.0,0.0,0.0,0.0,0.0,6116.5,0.0,6116.5,183.5,6300.0,Net Wt: 57.000 Gm.@Rate 95.00/Gm.,,Sale,0,1,0
22916,1,E25103003756,102,103,104,102,102,103,21.9,0.0,21.9,7200.0,0.0,0.0,12893.79,0.0,0.0,0.0,0.0,300.0,170873.79,0.0,170873.79,5126.22,176000.0,"Net Wt: 21.900 Gm.@Rate 7,200.00/Gm.",,Sale,0,1,0
22917,1,N24103003606,102,103,420,102,103,104,1.59,0.0,1.59,7000.0,0.0,0.0,1491.36,0.0,0.0,0.0,0.0,0.0,12621.36,0.0,12621.36,378.64,13000.0,"Net Wt: 1.590 Gm.@Rate 7,000.00/Gm.",,Sale,0,1,0
22917,2,P24103003731,102,103,235,102,102,103,1.56,0.0,1.56,7200.0,0.0,0.0,1389.36,0.0,0.0,0.0,0.0,0.0,12621.36,0.0,12621.36,378.64,13000.0,"Net Wt: 1.560 Gm.@Rate 7,200.00/Gm.",,Sale,0,1,0
22918,1,E25103003757,102,103,102,102,102,103,1.25,0.0,1.25,7390.0,0.0,0.0,568.33,0.0,0.0,0.0,0.0,0.0,9805.83,0.0,9805.83,294.18,10100.0,"Net Wt: 1.250 Gm.@Rate 7,390.00/Gm.",,Sale,0,1,0
22919,1,H23103002857,102,103,329,102,102,103,2.47,0.0,2.47,7390.0,0.0,0.0,1164.18,0.0,0.0,0.0,0.0,0.0,19417.48,0.0,19417.48,582.52,20000.0,"Net Wt: 2.470 Gm.@Rate 7,390.00/Gm.",,Sale,0,1,0
22920,1,N24103003659,102,103,102,102,102,103,2.57,0.0,2.57,7390.0,0.0,0.0,1681.49,0.0,0.0,0.0,0.0,200.0,20873.79,0.0,20873.79,626.22,21500.0,"Net Wt: 2.570 Gm.@Rate 7,390.00/Gm.",,Sale,0,1,0
22921,1,N24103003607,102,103,420,102,103,104,1.61,0.0,1.61,7000.0,0.0,0.0,1351.36,0.0,0.0,0.0,0.0,0.0,12621.36,0.0,12621.36,378.64,13000.0,"Net Wt: 1.610 Gm.@Rate 7,000.00/Gm.",,Sale,0,1,0
22922,1,E24103003182,102,103,102,102,102,103,6.59,0.0,6.59,7390.0,0.0,0.0,3727.08,0.0,0.0,0.0,0.0,0.0,52427.18,0.0,52427.18,1572.82,54000.0,"Net Wt: 6.590 Gm.@Rate 7,390.00/Gm.",,Sale,0,1,0
22923,1,I24103003363,102,103,235,102,102,103,1.74,0.0,1.74,7390.0,0.0,0.0,1219.07,0.0,0.0,0.0,0.0,0.0,14077.67,0.0,14077.67,422.34,14500.0,"Net Wt: 1.740 Gm.@Rate 7,390.00/Gm.",,Sale,0,1,0
22924,1,E25103003758,102,103,400,102,102,103,0.47,0.0,0.47,7390.0,0.0,0.0,1866.51,0.0,0.0,0.0,0.0,0.0,5339.81,0.0,5339.81,160.2,5500.0,"Net Wt: 0.470 Gm.@Rate 7,390.00/Gm.",,Sale,0,1,0
22925,1,G24103003271,102,103,407,102,102,129,1.1,0.0,1.1,6500.0,0.0,0.0,859.71,0.0,0.0,0.0,0.0,0.0,8009.71,0.0,8009.71,240.3,8250.0,"Net Wt: 1.100 Gm.@Rate 6,500.00/Gm.",,Sale,0,1,0
23917,1,E25104001434,102,104,151,150,109,111,3.76,0.0,3.76,95.0,0.0,0.0,128.24,0.0,0.0,0.0,0.0,0.0,485.44,0.0,485.44,14.56,500.0,Net Wt: 3.760 Gm.@Rate 95.00/Gm.,,Sale,0,1,0
23918,1,P24103003743,102,103,331,102,102,103,1.35,0.0,1.35,7390.0,0.0,0.0,703.11,0.0,0.0,0.0,0.0,0.0,10679.61,0.0,10679.61,320.38,11000.0,"Net Wt: 1.350 Gm.@Rate 7,390.00/Gm.",,Sale,0,1,0
23918,2,E25103003778,102,103,102,102,102,103,1.6,0.0,1.6,7390.0,0.0,0.0,1768.23,0.0,0.0,0.0,0.0,0.0,13592.23,0.0,13592.23,407.76,14000.0,"Net Wt: 1.600 Gm.@Rate 7,390.00/Gm.",,Sale,0,1,0
23919,1,K24103003451,102,103,116,102,102,103,0.98,0.0,0.98,7390.0,0.0,0.0,1155.86,0.0,0.0,0.0,0.0,0.0,8398.06,0.0,8398.06,251.94,8650.0,"Net Wt: 0.980 Gm.@Rate 7,390.00/Gm.",,Sale,0,1,0
23920,1,O23104001151,102,104,139,140,110,115,71.77,0.0,71.77,95.0,0.0,0.0,2890.59,0.0,0.0,0.0,0.0,0.0,9708.74,0.0,9708.74,291.26,10000.0,Net Wt: 71.770 Gm.@Rate 95.00/Gm.,,Sale,0,1,0
23920,2,O23104001178,102,104,136,137,110,115,15.02,0.0,15.02,95.0,0.0,0.0,1000.28,0.0,0.0,0.0,0.0,0.0,2427.18,0.0,2427.18,72.82,2500.0,Net Wt: 15.020 Gm.@Rate 95.00/Gm.,,Sale,0,1,0
23920,3,E25104001435,102,104,125,102,109,111,50.0,0.0,50.0,95.0,0.0,0.0,589.81,0.0,0.0,0.0,0.0,0.0,5339.81,0.0,5339.81,160.2,5500.0,Net Wt: 50.000 Gm.@Rate 95.00/Gm.,,Sale,0,1,0
23920,4,E25104001436,102,104,354,102,109,111,50.0,0.0,50.0,95.0,0.0,0.0,1075.24,0.0,0.0,0.0,0.0,0.0,5825.24,0.0,5825.24,174.76,6000.0,Net Wt: 50.000 Gm.@Rate 95.00/Gm.,,Sale,0,1,0
23921,1,E25104001437,102,104,119,121,109,111,70.0,0.0,70.0,95.0,0.0,0.0,3544.17,0.0,0.0,0.0,0.0,0.0,10194.17,0.0,10194.17,305.82,10500.0,Net Wt: 70.000 Gm.@Rate 95.00/Gm.,,Sale,0,1,0
23922,1,E25103003779,102,103,107,102,102,103,2.53,0.0,2.53,7550.0,0.0,0.0,1853.84,0.0,0.0,0.0,0.0,7200.0,28155.34,0.0,28155.34,844.66,29000.0,"Net Wt: 2.530 Gm.@Rate 7,550.00/Gm.",,Sale,0,1,0
23934,1,E25103003759,102,103,102,102,102,103,2.36,0.0,2.36,7740.0,0.0,0.0,1631.0,0.0,0.0,0.0,0.0,200.0,20097.09,0.0,20097.09,602.92,20700.0,"Net Wt: 2.360 Gm.@Rate 7,740.00/Gm.",,Sale,0,1,0
23934,2,E25103003775,102,103,235,102,102,103,1.95,0.0,1.95,7740.0,0.0,0.0,1503.12,0.0,0.0,0.0,0.0,200.0,16796.12,0.0,16796.12,503.88,17300.0,"Net Wt: 1.950 Gm.@Rate 7,740.00/Gm.",,Sale,0,1,0
23935,1,E25103003785,102,103,235,102,102,103,2.87,0.0,2.87,7500.0,0.0,0.0,2067.23,0.0,0.0,0.0,0.0,0.0,23592.23,0.0,23592.23,707.76,24300.0,"Net Wt: 2.870 Gm.@Rate 7,500.00/Gm.",,Sale,0,1,0
23936,1,O24103003711,102,103,241,102,102,103,12.1,0.0,12.1,7600.0,0.0,0.0,7554.56,0.0,0.0,0.0,0.0,0.0,99514.56,0.0,99514.56,2985.44,102500.0,"Net Wt: 12.100 Gm.@Rate 7,600.00/Gm.",,Sale,0,1,0
23937,1,O23104001158,102,104,125,102,110,115,44.97,0.0,44.97,95.0,0.0,0.0,2523.97,0.0,0.0,0.0,0.0,0.0,6796.12,0.0,6796.12,203.88,7000.0,Net Wt: 44.970 Gm.@Rate 95.00/Gm.,,Sale,0,1,0
23937,2,F25104001439,102,104,136,137,109,111,20.0,0.0,20.0,95.0,0.0,0.0,333.01,0.0,0.0,0.0,0.0,0.0,2233.01,0.0,2233.01,67.0,2300.0,Net Wt: 20.000 Gm.@Rate 95.00/Gm.,,Sale,0,1,0
23938,1,E25103003760,102,103,102,102,102,103,1.74,0.0,1.74,7600.0,0.0,0.0,853.67,0.0,0.0,0.0,0.0,0.0,14077.67,0.0,14077.67,422.34,14500.0,"Net Wt: 1.740 Gm.@Rate 7,600.00/Gm.",,Sale,0,1,0
23938,2,J24103003426,102,103,102,102,102,103,1.63,0.0,1.63,7600.0,0.0,0.0,1204.23,0.0,0.0,0.0,0.0,0.0,13592.23,0.0,13592.23,407.76,14000.0,"Net Wt: 1.630 Gm.@Rate 7,600.00/Gm.",,Sale,0,1,0
23938,3,F25104001440,102,104,119,121,109,111,40.0,0.0,40.0,95.0,0.0,0.0,1345.63,0.0,0.0,0.0,0.0,0.0,5145.63,0.0,5145.63,154.36,5300.0,Net Wt: 40.000 Gm.@Rate 95.00/Gm.,,Sale,0,1,0
23939,1,F25104001441,102,104,119,121,109,111,98.44,0.0,98.44,95.0,0.0,0.0,4240.43,0.0,0.0,0.0,0.0,0.0,13592.23,0.0,13592.23,407.76,14000.0,Net Wt: 98.440 Gm.@Rate 95.00/Gm.,,Sale,0,1,0
23940,1,N24103003555,102,103,112,102,102,103,4.55,0.0,4.55,7700.0,0.0,0.0,2829.08,0.0,0.0,0.0,0.0,0.0,37864.08,0.0,37864.08,1135.92,39000.0,"Net Wt: 4.550 Gm.@Rate 7,700.00/Gm.",,Sale,0,1,0
23941,1,E25103003786,102,103,235,102,102,103,2.44,0.0,2.44,7700.0,0.0,0.0,1114.91,0.0,0.0,0.0,0.0,0.0,19902.91,0.0,19902.91,597.08,20500.0,"Net Wt: 2.440 Gm.@Rate 7,700.00/Gm.",,Sale,0,1,0
23942,1,N24103003554,102,103,112,102,102,103,5.93,0.0,5.93,7700.0,0.0,0.0,4339.0,0.0,0.0,0.0,0.0,0.0,50000.0,0.0,50000.0,1500.0,51500.0,"Net Wt: 5.930 Gm.@Rate 7,700.00/Gm.",,Sale,0,1,0
23943,1,E25103003794,102,103,102,102,102,103,1.75,0.0,1.75,7740.0,0.0,0.0,1989.44,0.0,0.0,0.0,0.0,0.0,15534.44,0.0,15534.44,466.04,16000.47,"Net Wt: 1.750 Gm.@Rate 7,740.00/Gm.",,Sale,0,1,0
23943,2,O23104001026,102,104,119,121,110,115,71.2,0.0,71.2,95.0,0.0,0.0,1973.43,0.0,0.0,0.0,0.0,0.0,8737.43,0.0,8737.43,262.12,8999.55,Net Wt: 71.200 Gm.@Rate 95.00/Gm.,,Sale,0,1,0
23944,1,L24103003532,102,103,112,102,102,103,25.28,0.0,25.28,7700.0,0.0,0.0,17479.92,0.0,0.0,0.0,0.0,0.0,212135.92,0.0,212135.92,6364.08,218500.0,"Net Wt: 25.280 Gm.@Rate 7,700.00/Gm.",,Sale,0,1,0
24917,1,O24103003702,102,103,102,102,102,103,7.38,0.0,7.38,7790.0,0.0,0.0,5616.6,0.0,0.0,0.0,0.0,0.0,63106.8,0.0,63106.8,1893.2,65000.0,"Net Wt: 7.380 Gm.@Rate 7,790.00/Gm.",,Sale,0,1,0
24918,1,F25103003799,102,103,112,102,102,103,14.08,0.0,14.08,7745.0,0.0,0.0,10994.57,0.0,0.0,0.0,0.0,150.0,120194.17,0.0,120194.17,3605.82,123800.0,"Net Wt: 14.080 Gm.@Rate 7,745.00/Gm.",,Sale,0,1,0
24918,2,N24103003642,102,103,101,102,102,103,13.79,0.0,13.79,7745.0,0.0,0.0,10866.35,0.0,0.0,0.0,0.0,0.0,117669.9,0.0,117669.9,3530.1,121200.0,"Net Wt: 13.790 Gm.@Rate 7,745.00/Gm.",,Sale,0,1,0
25917,1,E25103003761,102,103,102,102,102,103,1.88,0.0,1.88,7900.0,0.0,0.0,1652.85,0.0,0.0,0.0,0.0,0.0,16504.85,0.0,16504.85,495.14,17000.0,"Net Wt: 1.880 Gm.@Rate 7,900.00/Gm.",,Sale,0,1,0
25918,1,O23104001133,102,104,346,102,110,115,15.59,0.0,15.59,95.0,0.0,0.0,460.7,0.0,0.0,0.0,0.0,0.0,1941.75,0.0,1941.75,58.26,2000.0,Net Wt: 15.590 Gm.@Rate 95.00/Gm.,,Sale,0,1,0
25918,2,O23104001084,102,104,346,102,110,115,28.77,0.0,28.77,95.0,0.0,0.0,1150.35,0.0,0.0,0.0,0.0,0.0,3883.5,0.0,3883.5,116.5,4000.01,Net Wt: 28.770 Gm.@Rate 95.00/Gm.,,Sale,0,1,0
25919,1,P24103003749,102,103,101,102,102,103,7.75,0.0,7.75,7930.0,0.0,0.0,4561.8,0.0,0.0,0.0,0.0,0.0,66019.3,0.0,66019.3,1980.58,67999.88,"Net Wt: 7.750 Gm.@Rate 7,930.00/Gm.",,Sale,0,1,0
23924,1,N24103003581,102,103,102,102,102,103,4.46,0.0,4.46,7550.0,0.0,0.0,4191.08,0.0,0.0,0.0,0.0,0.0,37864.08,0.0,37864.08,1135.92,39000.0,"Net Wt: 4.460 Gm.@Rate 7,550.00/Gm.",,Sale,0,1,0
23925,1,E25104001438,102,104,120,122,109,111,15.0,0.0,15.0,95.0,0.0,0.0,808.01,0.0,0.0,0.0,0.0,0.0,2233.01,0.0,2233.01,67.0,2300.0,Net Wt: 15.000 Gm.@Rate 95.00/Gm.,,Sale,0,1,0
23926,1,E25103003795,102,103,110,102,102,103,1.68,0.0,1.68,7550.0,0.0,0.0,2364.54,0.0,0.0,0.0,0.0,0.0,15048.54,0.0,15048.54,451.46,15500.0,"Net Wt: 1.680 Gm.@Rate 7,550.00/Gm.",,Sale,0,1,0
23927,1,E25103003796,102,103,331,102,102,103,2.25,0.0,2.25,7550.0,0.0,0.0,2006.67,0.0,0.0,0.0,0.0,1200.0,20194.17,0.0,20194.17,605.82,20800.0,"Net Wt: 2.250 Gm.@Rate 7,550.00/Gm.",,Sale,0,1,0
23928,1,E25103003797,102,103,103,102,102,129,2.16,0.0,2.16,7000.0,0.0,0.0,1870.29,0.0,0.0,0.0,0.0,0.0,16990.29,0.0,16990.29,509.7,17500.0,"Net Wt: 2.160 Gm.@Rate 7,000.00/Gm.",,Sale,0,1,0
23929,1,I24103003361,102,103,235,102,102,103,1.59,0.0,1.59,7550.0,0.0,0.0,902.3,0.0,0.0,0.0,0.0,200.0,13106.8,0.0,13106.8,393.2,13500.0,"Net Wt: 1.590 Gm.@Rate 7,550.00/Gm.",,Sale,0,1,0
23931,1,O24103003701,102,103,331,102,102,103,2.99,0.0,2.99,7540.0,0.0,0.0,2498.0,0.0,0.0,0.0,0.0,200.0,25242.72,0.0,25242.72,757.28,26000.0,"Net Wt: 2.990 Gm.@Rate 7,540.00/Gm.",,Sale,0,1,0
23931,2,N24103003641,102,103,101,102,102,103,14.22,0.0,14.22,7540.0,0.0,0.0,11028.0,0.0,0.0,0.0,0.0,200.0,118446.6,0.0,118446.6,3553.4,122000.0,"Net Wt: 14.220 Gm.@Rate 7,540.00/Gm.",,Sale,0,1,0
23932,1,N24103003557,102,103,338,102,102,103,2.26,0.0,2.26,7540.0,0.0,0.0,1551.83,0.0,0.0,0.0,0.0,0.0,18592.23,0.0,18592.23,557.76,19150.0,"Net Wt: 2.260 Gm.@Rate 7,540.00/Gm.",,Sale,0,1,0
23933,1,E25103003798,102,103,108,102,102,103,8.5,0.0,8.5,7540.0,0.0,0.0,6783.79,0.0,0.0,0.0,0.0,0.0,70873.79,0.0,70873.79,2126.22,73000.0,"Net Wt: 8.500 Gm.@Rate 7,540.00/Gm.",,Sale,0,1,0
25919,2,I23103002869,102,103,103,102,102,103,1.44,0.0,1.44,7900.0,0.0,0.0,274.44,0.0,0.0,0.0,0.0,0.0,11650.44,0.0,11650.44,349.52,11999.95,"Net Wt: 1.440 Gm.@Rate 7,900.00/Gm.",,Sale,0,1,0
25919,3,N24103003669,102,103,235,102,102,103,4.68,0.0,4.68,7930.0,0.0,0.0,2693.0,0.0,0.0,0.0,0.0,0.0,39805.53,0.0,39805.53,1194.16,40999.7,"Net Wt: 4.680 Gm.@Rate 7,930.00/Gm.",,Sale,0,1,0
25920,1,F25103003810,102,103,102,102,102,129,1.05,0.0,1.05,7930.0,0.0,0.0,1188.06,0.0,0.0,0.0,0.0,0.0,9514.56,0.0,9514.56,285.44,9800.0,"Net Wt: 1.050 Gm.@Rate 7,930.00/Gm.",,Sale,0,1,0
25920,2,L24103003506,102,103,115,102,103,104,0.94,0.0,0.94,7930.0,0.0,0.0,798.23,0.0,0.0,0.0,0.0,0.0,8252.43,0.0,8252.43,247.58,8500.0,"Net Wt: 0.940 Gm.@Rate 7,930.00/Gm.",,Sale,0,1,0
25921,1,J22103002241,102,103,116,102,102,103,0.63,0.0,0.63,7900.0,0.0,0.0,751.16,0.0,0.0,0.0,0.0,0.0,5728.16,0.0,5728.16,171.84,5900.0,"Net Wt: 0.630 Gm.@Rate 7,900.00/Gm.",,Sale,0,1,0
25924,1,F25104001443,102,104,139,140,109,112,4.25,0.0,4.25,98.0,0.0,0.0,369.91,0.0,0.0,0.0,0.0,0.0,786.41,0.0,786.41,23.6,810.0,Net Wt: 4.250 Gm.@Rate 98.00/Gm.,,Sale,0,1,0
25925,1,F25104001444,102,104,346,102,109,112,34.0,0.0,34.0,98.0,0.0,0.0,1134.02,0.0,0.0,0.0,0.0,0.0,4466.02,0.0,4466.02,133.98,4600.0,Net Wt: 34.000 Gm.@Rate 98.00/Gm.,,Sale,0,1,0
25925,2,F25104001445,102,104,351,102,109,112,18.14,0.0,18.14,98.0,0.0,0.0,940.73,0.0,0.0,0.0,0.0,0.0,2718.45,0.0,2718.45,81.56,2800.0,Net Wt: 18.140 Gm.@Rate 98.00/Gm.,,Sale,0,1,0
25926,1,F25103003864,102,103,113,102,102,103,4.56,0.0,4.56,7940.0,0.0,0.0,3599.43,0.0,0.0,0.0,0.0,0.0,39805.83,0.0,39805.83,1194.18,41000.0,"Net Wt: 4.560 Gm.@Rate 7,940.00/Gm.",,Sale,0,1,0
25926,2,F25103003865,102,103,420,102,102,129,2.52,0.0,2.52,7940.0,0.0,0.0,185.37,0.0,0.0,0.0,0.0,0.0,20194.17,0.0,20194.17,605.82,20800.0,"Net Wt: 2.520 Gm.@Rate 7,940.00/Gm.",,Sale,0,1,0
25928,1,N24103003590,102,103,112,102,102,103,12.01,0.0,12.01,7990.0,0.0,0.0,7438.16,0.0,0.0,0.0,0.0,0.0,103398.06,0.0,103398.06,3101.94,106500.0,"Net Wt: 12.010 Gm.@Rate 7,990.00/Gm.",,Sale,0,1,0
25928,2,P24103003736,102,103,116,102,102,103,4.3,0.0,4.3,7990.0,0.0,0.0,2730.38,0.0,0.0,0.0,0.0,0.0,37087.38,0.0,37087.38,1112.62,38200.0,"Net Wt: 4.300 Gm.@Rate 7,990.00/Gm.",,Sale,0,1,0
25928,3,E25103003783,102,103,235,102,102,103,3.45,0.0,3.45,7990.0,0.0,0.0,2337.41,0.0,0.0,0.0,0.0,0.0,29902.91,0.0,29902.91,897.08,30800.0,"Net Wt: 3.450 Gm.@Rate 7,990.00/Gm.",,Sale,0,1,0
25929,1,E25103003784,102,103,235,102,102,103,3.39,0.0,3.39,7980.0,0.0,0.0,2359.45,0.0,0.0,0.0,0.0,200.0,29611.65,0.0,29611.65,888.34,30500.0,"Net Wt: 3.390 Gm.@Rate 7,980.00/Gm.",,Sale,0,1,0
26929,1,F25104001446,102,104,119,121,109,111,28.12,0.0,28.12,98.0,0.0,0.0,253.95,0.0,0.0,0.0,0.0,0.0,3009.71,0.0,3009.71,90.3,3100.0,Net Wt: 28.120 Gm.@Rate 98.00/Gm.,,Sale,0,1,0
26930,1,F25103003882,102,103,238,102,102,103,0.82,0.0,0.82,7900.0,0.0,0.0,463.75,0.0,0.0,0.0,0.0,0.0,6941.75,0.0,6941.75,208.26,7150.0,"Net Wt: 0.820 Gm.@Rate 7,900.00/Gm.",,Sale,0,1,0
26931,1,F25103003838,102,103,420,102,103,104,2.49,0.0,2.49,7500.0,0.0,0.0,1771.6,0.0,0.0,0.0,0.0,0.0,20446.6,0.0,20446.6,613.4,21060.0,"Net Wt: 2.490 Gm.@Rate 7,500.00/Gm.",,Sale,0,1,0
26932,1,F25103003812,102,103,102,102,102,129,0.9,0.0,0.9,7500.0,0.0,0.0,1114.08,0.0,0.0,0.0,0.0,0.0,7864.08,0.0,7864.08,235.92,8100.0,"Net Wt: 0.900 Gm.@Rate 7,500.00/Gm.",,Sale,0,1,0
26933,1,F25104001447,102,104,119,121,109,111,35.0,0.0,35.0,95.0,0.0,0.0,3762.38,0.0,0.0,0.0,0.0,0.0,7087.38,0.0,7087.38,212.62,7300.0,Net Wt: 35.000 Gm.@Rate 95.00/Gm.,,Sale,0,1,0
1,1,H19103000137,102,103,102,102,102,103,3.58,0.0,3.58,2900.0,0.0,0.0,1074.31,0.0,0.0,0.0,0.0,0.0,11456.31,0.0,11456.31,343.68,11800.0,"Net Wt: 3.580 Gm.@Rate 2,900.00/Gm.",,Sale,0,1,0
2,1,H19103000138,102,103,103,102,102,103,2.35,0.0,2.35,2900.0,0.0,0.0,660.73,0.0,0.0,0.0,0.0,0.0,7475.73,0.0,7475.73,224.28,7700.0,"Net Wt: 2.350 Gm.@Rate 2,900.00/Gm.",,Sale,0,1,0
3,1,H19103000139,102,103,102,102,102,103,3.93,0.0,3.93,3100.0,0.0,0.0,1166.51,0.0,0.0,0.0,0.0,0.0,13349.51,0.0,13349.51,400.48,13750.0,"Net Wt: 3.930 Gm.@Rate 3,100.00/Gm.",,Sale,0,1,0
4,1,H19103000140,102,103,110,102,102,103,4.3,0.0,4.3,3100.0,0.0,0.0,1233.11,0.0,0.0,0.0,0.0,0.0,14563.11,0.0,14563.11,436.9,15000.0,"Net Wt: 4.300 Gm.@Rate 3,100.00/Gm.",,Sale,0,1,0
5,1,H19103000141,102,103,110,102,102,103,3.25,0.0,3.25,3100.0,0.0,0.0,604.61,0.0,0.0,0.0,0.0,0.0,10679.61,0.0,10679.61,320.38,11000.0,"Net Wt: 3.250 Gm.@Rate 3,100.00/Gm.",,Sale,0,1,0
6,1,H19103000142,102,103,239,102,102,103,2.15,0.0,2.15,3100.0,0.0,0.0,616.55,0.0,0.0,0.0,0.0,0.0,7281.55,0.0,7281.55,218.44,7500.0,"Net Wt: 2.150 Gm.@Rate 3,100.00/Gm.",,Sale,0,1,0
7,1,H19103000143,102,103,102,102,102,103,6.33,0.0,6.33,3100.0,0.0,0.0,1736.22,0.0,0.0,0.0,0.0,0.0,21359.22,0.0,21359.22,640.78,22000.0,"Net Wt: 6.330 Gm.@Rate 3,100.00/Gm.",,Sale,0,1,0
7,2,H19103000144,102,103,331,102,102,103,5.18,0.0,5.18,3100.0,0.0,0.0,1417.73,0.0,0.0,0.0,0.0,0.0,17475.73,0.0,17475.73,524.28,18000.0,"Net Wt: 5.180 Gm.@Rate 3,100.00/Gm.",,Sale,0,1,0
7,3,H19103000145,102,103,420,102,102,103,9.19,0.0,9.19,3100.0,0.0,0.0,2578.96,0.0,0.0,0.0,0.0,0.0,31067.96,0.0,31067.96,932.04,32000.0,"Net Wt: 9.190 Gm.@Rate 3,100.00/Gm.",,Sale,0,1,0
7,4,H19103000146,102,103,113,102,102,103,10.06,0.0,10.06,3100.0,0.0,0.0,2794.58,0.0,0.0,0.0,0.0,0.0,33980.58,0.0,33980.58,1019.42,35000.0,"Net Wt: 10.060 Gm.@Rate 3,100.00/Gm.",,Sale,0,1,0
8,1,H19103000147,102,103,239,102,102,103,0.35,0.0,0.35,3100.0,0.0,0.0,-17.04,0.0,0.0,0.0,0.0,0.0,1067.96,0.0,1067.96,32.04,1100.0,"Net Wt: 0.350 Gm.@Rate 3,100.00/Gm.",,Sale,0,1,0
9,1,H19103000148,102,103,107,102,102,103,3.25,0.0,3.25,3100.0,0.0,0.0,604.61,0.0,0.0,0.0,0.0,0.0,10679.61,0.0,10679.61,320.38,11000.0,"Net Wt: 3.250 Gm.@Rate 3,100.00/Gm.",,Sale,0,1,0
10,1,H19103000149,102,103,338,102,102,103,3.1,0.0,3.1,3100.0,0.0,0.0,778.35,0.0,0.0,0.0,0.0,0.0,10388.35,0.0,10388.35,311.66,10700.0,"Net Wt: 3.100 Gm.@Rate 3,100.00/Gm.",,Sale,0,1,0
11,1,H19104000001,102,104,125,102,109,112,68.32,0.0,68.32,54.0,0.0,0.0,1165.09,0.0,0.0,0.0,0.0,0.0,4854.37,0.0,4854.37,145.64,5000.0,Net Wt: 68.320 Gm.@Rate 54.00/Gm.,,Sale,0,1,0
12,1,H19103000150,102,103,105,102,102,103,3.5,0.0,3.5,3100.0,0.0,0.0,800.49,0.0,0.0,0.0,0.0,0.0,11650.49,0.0,11650.49,349.52,12000.0,"Net Wt: 3.500 Gm.@Rate 3,100.00/Gm.",,Sale,0,1,0
13,1,H19103000151,102,103,115,102,102,103,1.56,0.0,1.56,3100.0,0.0,0.0,406.72,0.0,0.0,0.0,0.0,0.0,5242.72,0.0,5242.72,157.28,5400.0,"Net Wt: 1.560 Gm.@Rate 3,100.00/Gm.",,Sale,0,1,0
14,1,H19103000152,102,103,238,102,102,103,0.62,0.0,0.62,3100.0,0.0,0.0,19.75,0.0,0.0,0.0,0.0,0.0,1941.75,0.0,1941.75,58.26,2000.0,"Net Wt: 0.620 Gm.@Rate 3,100.00/Gm.",,Sale,0,1,0
15,1,H19104000002,102,104,119,121,109,111,96.32,0.0,96.32,40.0,0.0,0.0,1778.27,0.0,0.0,0.0,0.0,0.0,5631.07,0.0,5631.07,168.94,5800.0,Net Wt: 96.320 Gm.@Rate 40.00/Gm.,,Sale,0,1,0
16,1,H19104000003,102,104,122,124,109,111,22.3,0.0,22.3,40.0,0.0,0.0,175.96,0.0,0.0,0.0,0.0,0.0,1067.96,0.0,1067.96,32.04,1100.0,Net Wt: 22.300 Gm.@Rate 40.00/Gm.,,Sale,0,1,0
17,1,H19103000153,102,103,238,102,102,103,0.4,0.0,0.4,3100.0,0.0,0.0,119.22,0.0,0.0,0.0,0.0,0.0,1359.22,0.0,1359.22,40.78,1400.0,"Net Wt: 0.400 Gm.@Rate 3,100.00/Gm.",,Sale,0,1,0
18,1,H19104000004,102,104,128,130,109,111,20.3,0.0,20.3,40.0,0.0,0.0,159.84,0.0,0.0,0.0,0.0,0.0,971.84,0.0,971.84,29.16,1001.0,Net Wt: 20.300 Gm.@Rate 40.00/Gm.,,Sale,0,1,0
19,1,H19103000154,102,103,338,102,102,103,5.61,0.0,5.61,3100.0,0.0,0.0,1638.13,0.0,0.0,0.0,0.0,0.0,19029.13,0.0,19029.13,570.88,19600.0,"Net Wt: 5.610 Gm.@Rate 3,100.00/Gm.",,Sale,0,1,0
20,1,H19103000155,102,103,331,102,102,103,2.39,0.0,2.39,3100.0,0.0,0.0,649.25,0.0,0.0,0.0,0.0,0.0,8058.25,0.0,8058.25,241.74,8300.0,"Net Wt: 2.390 Gm.@Rate 3,100.00/Gm.",,Sale,0,1,0
21,1,H19103000156,102,103,331,102,102,103,1.78,0.0,1.78,3100.0,0.0,0.0,549.96,0.0,0.0,0.0,0.0,0.0,6067.96,0.0,6067.96,182.04,6250.0,"Net Wt: 1.780 Gm.@Rate 3,100.00/Gm.",,Sale,0,1,0
22,1,H19103000157,102,103,118,102,102,103,2.32,0.0,2.32,3100.0,0.0,0.0,574.99,0.0,0.0,0.0,0.0,0.0,7766.99,0.0,7766.99,233.0,8000.0,"Net Wt: 2.320 Gm.@Rate 3,100.00/Gm.",,Sale,0,1,0
23,1,H19103000158,102,103,103,102,102,103,0.85,0.0,0.85,3100.0,0.0,0.0,180.53,0.0,0.0,0.0,0.0,0.0,2815.53,0.0,2815.53,84.46,2900.0,"Net Wt: 0.850 Gm.@Rate 3,100.00/Gm.",,Sale,0,1,0
24,1,H19103000159,102,103,116,102,102,103,0.88,0.0,0.88,3100.0,0.0,0.0,339.96,0.0,0.0,0.0,0.0,0.0,3067.96,0.0,3067.96,92.04,3160.0,"Net Wt: 0.880 Gm.@Rate 3,100.00/Gm.",,Sale,0,1,0
25,1,H19103000160,102,103,238,102,102,103,0.53,0.0,0.53,3100.0,0.0,0.0,104.57,0.0,0.0,0.0,0.0,0.0,1747.57,0.0,1747.57,52.42,1800.0,"Net Wt: 0.530 Gm.@Rate 3,100.00/Gm.",,Sale,0,1,0
26,1,H19103000161,102,103,102,102,102,103,2.28,0.0,2.28,3100.0,0.0,0.0,650.45,0.0,0.0,0.0,0.0,0.0,7718.45,0.0,7718.45,231.56,7950.0,"Net Wt: 2.280 Gm.@Rate 3,100.00/Gm.",,Sale,0,1,0
27,1,H19103000162,102,103,115,102,102,103,1.65,0.0,1.65,3100.0,0.0,0.0,418.98,0.0,0.0,0.0,0.0,0.0,5533.98,0.0,5533.98,166.02,5700.0,"Net Wt: 1.650 Gm.@Rate 3,100.00/Gm.",,Sale,0,1,0
28,1,H19103000163,102,103,116,102,102,103,0.58,0.0,0.58,3100.0,0.0,0.0,143.75,0.0,0.0,0.0,0.0,0.0,1941.75,0.0,1941.75,58.26,2000.0,"Net Wt: 0.580 Gm.@Rate 3,100.00/Gm.",,Sale,0,1,0
29,1,H19103000164,102,103,110,102,102,103,3.86,0.0,3.86,3100.0,0.0,0.0,1140.8,0.0,0.0,0.0,0.0,0.0,13106.8,0.0,13106.8,393.2,13500.0,"Net Wt: 3.860 Gm.@Rate 3,100.00/Gm.",,Sale,0,1,0
30,1,H19103000165,102,103,102,102,102,103,2.41,0.0,2.41,3100.0,0.0,0.0,684.34,0.0,0.0,0.0,0.0,0.0,8155.34,0.0,8155.34,244.66,8400.0,"Net Wt: 2.410 Gm.@Rate 3,100.00/Gm.",,Sale,0,1,0
31,1,H19103000166,102,103,338,102,102,103,2.74,0.0,2.74,3100.0,0.0,0.0,729.3,0.0,0.0,0.0,0.0,0.0,9223.3,0.0,9223.3,276.7,9500.0,"Net Wt: 2.740 Gm.@Rate 3,100.00/Gm.",,Sale,0,1,0
32,1,H19104000005,102,104,119,121,109,111,69.2,0.0,69.2,40.0,0.0,0.0,1309.67,0.0,0.0,0.0,0.0,0.0,4077.67,0.0,4077.67,122.34,4200.0,Net Wt: 69.200 Gm.@Rate 40.00/Gm.,,Sale,0,1,0
33,1,H19103000167,102,103,112,102,102,103,14.61,0.0,14.61,3100.0,0.0,0.0,4223.56,0.0,0.0,0.0,0.0,0.0,49514.56,0.0,49514.56,1485.44,51000.0,"Net Wt: 14.610 Gm.@Rate 3,100.00/Gm.",,Sale,0,1,0
33,2,H19103000168,102,103,110,102,102,103,5.01,0.0,5.01,3100.0,0.0,0.0,2915.6,0.0,0.0,0.0,0.0,0.0,18446.6,0.0,18446.6,553.4,19000.0,"Net Wt: 5.010 Gm.@Rate 3,100.00/Gm.",,Sale,0,1,0
33,3,H19103000169,102,103,102,102,102,103,1.72,0.0,1.72,3100.0,0.0,0.0,493.24,0.0,0.0,0.0,0.0,0.0,5825.24,0.0,5825.24,174.76,6000.0,"Net Wt: 1.720 Gm.@Rate 3,100.00/Gm.",,Sale,0,1,0
33,4,H19104000006,102,104,119,121,109,111,132.27,0.0,132.27,40.0,0.0,0.0,1990.75,0.0,0.0,0.0,0.0,0.0,7281.55,0.0,7281.55,218.44,7500.0,Net Wt: 132.270 Gm.@Rate 40.00/Gm.,,Sale,0,1,0
34,1,H19103000170,102,103,101,102,102,103,12.32,0.0,12.32,3100.0,0.0,0.0,3555.57,0.0,0.0,0.0,0.0,0.0,41747.57,0.0,41747.57,1252.42,43000.0,"Net Wt: 12.320 Gm.@Rate 3,100.00/Gm.",,Sale,0,1,0
35,1,H19103000171,102,103,102,102,102,103,1.95,0.0,1.95,3100.0,0.0,0.0,556.94,0.0,0.0,0.0,0.0,0.0,6601.94,0.0,6601.94,198.06,6800.0,"Net Wt: 1.950 Gm.@Rate 3,100.00/Gm.",,Sale,0,1,0
36,1,H19103000172,102,103,238,102,102,103,0.56,0.0,0.56,3100.0,0.0,0.0,205.75,0.0,0.0,0.0,0.0,0.0,1941.75,0.0,1941.75,58.26,2000.0,"Net Wt: 0.560 Gm.@Rate 3,100.00/Gm.",,Sale,0,1,0
37,1,H19104000007,102,104,119,121,109,111,125.32,0.0,125.32,40.0,0.0,0.0,2268.75,0.0,0.0,0.0,0.0,0.0,7281.55,0.0,7281.55,218.44,7500.0,Net Wt: 125.320 Gm.@Rate 40.00/Gm.,,Sale,0,1,0
38,1,H19103000173,102,103,102,102,102,103,5.85,0.0,5.85,3100.0,0.0,0.0,1282.48,0.0,0.0,0.0,0.0,0.0,19417.48,0.0,19417.48,582.52,20000.0,"Net Wt: 5.850 Gm.@Rate 3,100.00/Gm.",,Sale,0,1,0
39,1,H19103000174,102,103,110,102,102,103,1.23,0.0,1.23,3100.0,0.0,0.0,895.74,0.0,0.0,0.0,0.0,0.0,4708.74,0.0,4708.74,141.26,4850.0,"Net Wt: 1.230 Gm.@Rate 3,100.00/Gm.",,Sale,0,1,0
40,1,H19103000175,102,103,331,102,102,103,2.96,0.0,2.96,3100.0,0.0,0.0,1018.17,0.0,0.0,0.0,0.0,0.0,10194.17,0.0,10194.17,305.82,10500.0,"Net Wt: 2.960 Gm.@Rate 3,100.00/Gm.",,Sale,0,1,0
41,1,H19103000176,102,103,116,102,102,103,1.29,0.0,1.29,3100.0,0.0,0.0,369.93,0.0,0.0,0.0,0.0,0.0,4368.93,0.0,4368.93,131.06,4500.0,"Net Wt: 1.290 Gm.@Rate 3,100.00/Gm.",,Sale,0,1,0
41,2,H19103000177,102,103,374,101,102,103,2.04,0.0,2.04,3100.0,0.0,0.0,472.12,0.0,0.0,0.0,0.0,0.0,6796.12,0.0,6796.12,203.88,7000.0,"Net Wt: 2.040 Gm.@Rate 3,100.00/Gm.",,Sale,0,1,0
42,1,H19104000008,102,104,119,121,109,111,43.2,0.0,43.2,40.0,0.0,0.0,747.73,0.0,0.0,0.0,0.0,0.0,2475.73,0.0,2475.73,74.28,2550.0,Net Wt: 43.200 Gm.@Rate 40.00/Gm.,,Sale,0,1,0
43,1,H19103000003,102,103,102,102,102,103,7.24,0.0,7.24,3100.0,0.0,0.0,2313.28,0.0,0.0,0.0,0.0,0.0,24757.28,0.0,24757.28,742.72,25500.0,"Net Wt: 7.240 Gm.@Rate 3,100.00/Gm.",,Sale,0,1,0
44,1,H19103000069,102,103,331,102,102,103,2.63,0.0,2.63,3100.0,0.0,0.0,779.04,0.0,0.0,0.0,0.0,0.0,8932.04,0.0,8932.04,267.96,9200.0,"Net Wt: 2.630 Gm.@Rate 3,100.00/Gm.",,Sale,0,1,0
45,1,H19103000178,102,103,112,102,102,103,7.81,0.0,7.81,3100.0,0.0,0.0,2973.47,0.0,0.0,0.0,0.0,0.0,27184.47,0.0,27184.47,815.54,28000.0,"Net Wt: 7.810 Gm.@Rate 3,100.00/Gm.",,Sale,0,1,0
46,1,I19103000179,102,103,102,102,102,103,1.08,0.0,1.08,3100.0,0.0,0.0,438.41,0.0,0.0,0.0,0.0,0.0,3786.41,0.0,3786.41,113.6,3900.0,"Net Wt: 1.080 Gm.@Rate 3,100.00/Gm.",,Sale,0,1,0
47,1,H19103000117,102,103,102,102,102,103,1.54,0.0,1.54,3100.0,0.0,0.0,565.81,0.0,0.0,0.0,0.0,0.0,5339.81,0.0,5339.81,160.2,5500.0,"Net Wt: 1.540 Gm.@Rate 3,100.00/Gm.",,Sale,0,1,0
48,1,I19103000180,102,103,112,102,102,103,4.32,0.0,4.32,3100.0,0.0,0.0,1171.11,0.0,0.0,0.0,0.0,0.0,14563.11,0.0,14563.11,436.9,15000.0,"Net Wt: 4.320 Gm.@Rate 3,100.00/Gm.",,Sale,0,1,0
54,1,H19103000120,102,103,102,102,102,103,1.71,0.0,1.71,3100.0,0.0,0.0,524.24,0.0,0.0,0.0,0.0,0.0,5825.24,0.0,5825.24,174.76,6000.0,"Net Wt: 1.710 Gm.@Rate 3,100.00/Gm.",,Sale,0,1,0
55,1,I19103000182,102,103,444,102,102,103,1.07,0.0,1.07,3100.0,0.0,0.0,372.32,0.0,0.0,0.0,0.0,0.0,3689.32,0.0,3689.32,110.68,3800.0,"Net Wt: 1.070 Gm.@Rate 3,100.00/Gm.",,Sale,0,1,0
56,1,H19103000071,102,103,331,102,102,103,2.08,0.0,2.08,3100.0,0.0,0.0,833.55,0.0,0.0,0.0,0.0,0.0,7281.55,0.0,7281.55,218.44,7500.0,"Net Wt: 2.080 Gm.@Rate 3,100.00/Gm.",,Sale,0,1,0
49,1,H19103000024,102,103,331,102,102,103,3.4,0.0,3.4,3100.0,0.0,0.0,1110.49,0.0,0.0,0.0,0.0,0.0,11650.49,0.0,11650.49,349.52,12000.0,"Net Wt: 3.400 Gm.@Rate 3,100.00/Gm.",,Sale,0,1,0
50,1,H19103000116,102,103,102,102,102,103,1.28,0.0,1.28,3100.0,0.0,0.0,400.93,0.0,0.0,0.0,0.0,0.0,4368.93,0.0,4368.93,131.06,4500.0,"Net Wt: 1.280 Gm.@Rate 3,100.00/Gm.",,Sale,0,1,0
51,1,I19103000193,102,103,444,102,102,103,0.97,0.0,0.97,3100.0,0.0,0.0,196.88,0.0,0.0,0.0,0.0,0.0,3203.88,0.0,3203.88,96.12,3300.0,"Net Wt: 0.970 Gm.@Rate 3,100.00/Gm.",,Sale,0,1,0
52,1,I19103000210,102,103,110,102,102,103,3.65,0.0,3.65,3100.0,0.0,0.0,1015.1,0.0,0.0,0.0,0.0,0.0,12330.1,0.0,12330.1,369.9,12700.0,"Net Wt: 3.650 Gm.@Rate 3,100.00/Gm.",,Sale,0,1,0
53,1,I19103000211,102,103,115,102,102,103,1.85,0.0,1.85,3100.0,0.0,0.0,478.59,0.0,0.0,0.0,0.0,0.0,6213.59,0.0,6213.59,186.4,6400.0,"Net Wt: 1.850 Gm.@Rate 3,100.00/Gm.",,Sale,0,1,0
57,1,H19103000118,102,103,102,102,102,103,1.72,0.0,1.72,3100.0,0.0,0.0,493.24,0.0,0.0,0.0,0.0,0.0,5825.24,0.0,5825.24,174.76,6000.0,"Net Wt: 1.720 Gm.@Rate 3,100.00/Gm.",,Sale,0,1,0
58,1,H19103000113,102,103,102,102,102,103,1.29,0.0,1.29,3100.0,0.0,0.0,369.93,0.0,0.0,0.0,0.0,0.0,4368.93,0.0,4368.93,131.06,4500.0,"Net Wt: 1.290 Gm.@Rate 3,100.00/Gm.",,Sale,0,1,0
59,1,H19103000108,102,103,331,102,102,103,1.33,0.0,1.33,3100.0,0.0,0.0,440.11,0.0,0.0,0.0,0.0,0.0,4563.11,0.0,4563.11,136.9,4700.0,"Net Wt: 1.330 Gm.@Rate 3,100.00/Gm.",,Sale,0,1,0
60,1,H19103000110,102,103,102,102,102,103,1.41,0.0,1.41,3100.0,0.0,0.0,483.37,0.0,0.0,0.0,0.0,0.0,4854.37,0.0,4854.37,145.64,5000.0,"Net Wt: 1.410 Gm.@Rate 3,100.00/Gm.",,Sale,0,1,0
61,1,I19103000189,102,103,444,102,102,103,1.9,0.0,1.9,3100.0,0.0,0.0,711.94,0.0,0.0,0.0,0.0,0.0,6601.94,0.0,6601.94,198.06,6800.0,"Net Wt: 1.900 Gm.@Rate 3,100.00/Gm.",,Sale,0,1,0
62,1,H19103000065,102,103,331,102,102,103,2.51,0.0,2.51,3100.0,0.0,0.0,956.86,0.0,0.0,0.0,0.0,0.0,8737.86,0.0,8737.86,262.14,9000.0,"Net Wt: 2.510 Gm.@Rate 3,100.00/Gm.",,Sale,0,1,0
63,1,I19103000181,102,103,444,102,102,103,1.08,0.0,1.08,3100.0,0.0,0.0,341.32,0.0,0.0,0.0,0.0,0.0,3689.32,0.0,3689.32,110.68,3800.0,"Net Wt: 1.080 Gm.@Rate 3,100.00/Gm.",,Sale,0,1,0
64,1,H19103000074,102,103,331,102,102,103,2.24,0.0,2.24,3100.0,0.0,0.0,822.99,0.0,0.0,0.0,0.0,0.0,7766.99,0.0,7766.99,233.0,8000.0,"Net Wt: 2.240 Gm.@Rate 3,100.00/Gm.",,Sale,0,1,0
65,1,I19103000212,102,103,101,102,102,103,22.38,0.0,22.38,3200.0,0.0,0.0,3141.28,0.0,0.0,0.0,0.0,0.0,74757.28,0.0,74757.28,2242.72,77000.0,"Net Wt: 22.380 Gm.@Rate 3,200.00/Gm.",,Sale,0,1,0
65,2,I19103000213,102,103,103,102,102,103,3.9,0.0,3.9,3200.0,0.0,0.0,626.8,0.0,0.0,0.0,0.0,0.0,13106.8,0.0,13106.8,393.2,13500.0,"Net Wt: 3.900 Gm.@Rate 3,200.00/Gm.",,Sale,0,1,0
66,1,I19104000009,102,104,119,121,109,111,98.3,0.0,98.3,40.0,0.0,0.0,922.37,0.0,0.0,0.0,0.0,0.0,4854.37,0.0,4854.37,145.64,5000.0,Net Wt: 98.300 Gm.@Rate 40.00/Gm.,,Sale,0,1,0
67,1,I19103000214,102,103,103,102,102,103,4.27,0.0,4.27,3150.0,0.0,0.0,1112.61,0.0,0.0,0.0,0.0,0.0,14563.11,0.0,14563.11,436.9,15000.0,"Net Wt: 4.270 Gm.@Rate 3,150.00/Gm.",,Sale,0,1,0
68,1,I19103000215,102,103,110,102,102,103,1.09,0.0,1.09,3200.0,0.0,0.0,589.67,0.0,0.0,0.0,0.0,0.0,4077.67,0.0,4077.67,122.34,4200.0,"Net Wt: 1.090 Gm.@Rate 3,200.00/Gm.",,Sale,0,1,0
69,1,I19103000216,102,103,110,102,102,103,2.3,0.0,2.3,3200.0,0.0,0.0,1377.86,0.0,0.0,0.0,0.0,0.0,8737.86,0.0,8737.86,262.14,9000.0,"Net Wt: 2.300 Gm.@Rate 3,200.00/Gm.",,Sale,0,1,0
70,1,H19103000115,102,103,102,102,102,103,1.78,0.0,1.78,3100.0,0.0,0.0,695.59,0.0,0.0,0.0,0.0,0.0,6213.59,0.0,6213.59,186.4,6400.0,"Net Wt: 1.780 Gm.@Rate 3,100.00/Gm.",,Sale,0,1,0
71,1,I19103000187,102,103,444,102,102,103,1.17,0.0,1.17,3100.0,0.0,0.0,353.58,0.0,0.0,0.0,0.0,0.0,3980.58,0.0,3980.58,119.42,4100.0,"Net Wt: 1.170 Gm.@Rate 3,100.00/Gm.",,Sale,0,1,0
72,1,I19103000217,102,103,110,102,102,103,1.1,0.0,1.1,3100.0,0.0,0.0,473.5,0.0,0.0,0.0,0.0,0.0,3883.5,0.0,3883.5,116.5,4000.0,"Net Wt: 1.100 Gm.@Rate 3,100.00/Gm.",,Sale,0,1,0
73,1,I19103000239,102,103,331,102,102,103,2.08,0.0,2.08,3100.0,0.0,0.0,639.38,0.0,0.0,0.0,0.0,0.0,7087.38,0.0,7087.38,212.62,7300.0,"Net Wt: 2.080 Gm.@Rate 3,100.00/Gm.",,Sale,0,1,0
74,1,I19103000190,102,103,444,102,102,103,1.18,0.0,1.18,3100.0,0.0,0.0,322.58,0.0,0.0,0.0,0.0,0.0,3980.58,0.0,3980.58,119.42,4100.0,"Net Wt: 1.180 Gm.@Rate 3,100.00/Gm.",,Sale,0,1,0
75,1,H19103000012,102,103,102,102,102,103,3.21,0.0,3.21,3100.0,0.0,0.0,1214.05,0.0,0.0,0.0,0.0,0.0,11165.05,0.0,11165.05,334.96,11500.0,"Net Wt: 3.210 Gm.@Rate 3,100.00/Gm.",,Sale,0,1,0
75,2,I19103000240,102,103,103,102,102,103,2.48,0.0,2.48,3100.0,0.0,0.0,176.08,0.0,0.0,0.0,0.0,0.0,7864.08,0.0,7864.08,235.92,8100.0,"Net Wt: 2.480 Gm.@Rate 3,100.00/Gm.",,Sale,0,1,0
76,1,I19103000241,102,103,102,102,102,103,2.39,0.0,2.39,3100.0,0.0,0.0,843.43,0.0,0.0,0.0,0.0,0.0,8252.43,0.0,8252.43,247.58,8500.0,"Net Wt: 2.390 Gm.@Rate 3,100.00/Gm.",,Sale,0,1,0
77,1,I19103000242,102,103,110,102,102,103,1.31,0.0,1.31,3100.0,0.0,0.0,307.93,0.0,0.0,0.0,0.0,0.0,4368.93,0.0,4368.93,131.06,4500.0,"Net Wt: 1.310 Gm.@Rate 3,100.00/Gm.",,Sale,0,1,0
78,1,H19103000061,102,103,102,102,102,103,4.64,0.0,4.64,3100.0,0.0,0.0,2120.85,0.0,0.0,0.0,0.0,0.0,16504.85,0.0,16504.85,495.14,17000.0,"Net Wt: 4.640 Gm.@Rate 3,100.00/Gm.",,Sale,0,1,0
79,1,H19103000112,102,103,102,102,102,103,1.3,0.0,1.3,3100.0,0.0,0.0,338.93,0.0,0.0,0.0,0.0,0.0,4368.93,0.0,4368.93,131.06,4500.0,"Net Wt: 1.300 Gm.@Rate 3,100.00/Gm.",,Sale,0,1,0
80,1,H19103000009,102,103,102,102,102,103,3.84,0.0,3.84,3100.0,0.0,0.0,1202.8,0.0,0.0,0.0,0.0,0.0,13106.8,0.0,13106.8,393.2,13500.0,"Net Wt: 3.840 Gm.@Rate 3,100.00/Gm.",,Sale,0,1,0
81,1,I19103000243,102,103,331,102,102,103,0.79,0.0,0.79,3100.0,0.0,0.0,463.62,0.0,0.0,0.0,0.0,0.0,2912.62,0.0,2912.62,87.38,3000.0,"Net Wt: 0.790 Gm.@Rate 3,100.00/Gm.",,Sale,0,1,0
82,1,H19103000044,102,103,331,102,102,103,1.42,0.0,1.42,3100.0,0.0,0.0,452.37,0.0,0.0,0.0,0.0,0.0,4854.37,0.0,4854.37,145.64,5000.0,"Net Wt: 1.420 Gm.@Rate 3,100.00/Gm.",,Sale,0,1,0
83,1,I19103000244,102,103,103,102,102,103,2.01,0.0,2.01,3100.0,0.0,0.0,662.2,0.0,0.0,0.0,0.0,0.0,6893.2,0.0,6893.2,206.8,7100.0,"Net Wt: 2.010 Gm.@Rate 3,100.00/Gm.",,Sale,0,1,0
84,1,H19103000132,102,103,112,102,102,103,12.17,0.0,12.17,3100.0,0.0,0.0,3049.7,0.0,0.0,0.0,0.0,0.0,40776.7,0.0,40776.7,1223.3,42000.0,"Net Wt: 12.170 Gm.@Rate 3,100.00/Gm.",,Sale,0,1,0
85,1,I19103000245,102,103,331,102,102,103,3.25,0.0,3.25,3100.0,0.0,0.0,798.79,0.0,0.0,0.0,0.0,0.0,10873.79,0.0,10873.79,326.22,11200.0,"Net Wt: 3.250 Gm.@Rate 3,100.00/Gm.",,Sale,0,1,0
86,1,I19103000269,102,103,112,102,102,103,4.1,0.0,4.1,3100.0,0.0,0.0,882.23,0.0,0.0,0.0,0.0,0.0,13592.23,0.0,13592.23,407.76,14000.0,"Net Wt: 4.100 Gm.@Rate 3,100.00/Gm.",,Sale,0,1,0
87,1,I19103000184,102,103,444,102,102,103,1.3,0.0,1.3,3100.0,0.0,0.0,338.93,0.0,0.0,0.0,0.0,0.0,4368.93,0.0,4368.93,131.06,4500.0,"Net Wt: 1.300 Gm.@Rate 3,100.00/Gm.",,Sale,0,1,0
88,1,I19103000270,102,103,331,102,102,103,1.58,0.0,1.58,3100.0,0.0,0.0,538.89,0.0,0.0,0.0,0.0,0.0,5436.89,0.0,5436.89,163.1,5600.0,"Net Wt: 1.580 Gm.@Rate 3,100.00/Gm.",,Sale,0,1,0
89,1,H19103000109,102,103,331,102,102,103,1.36,0.0,1.36,3100.0,0.0,0.0,638.37,0.0,0.0,0.0,0.0,0.0,4854.37,0.0,4854.37,145.64,5000.0,"Net Wt: 1.360 Gm.@Rate 3,100.00/Gm.",,Sale,0,1,0
90,1,I19104000010,102,104,133,135,109,111,22.3,0.0,22.3,40.0,0.0,0.0,370.14,0.0,0.0,0.0,0.0,0.0,1262.14,0.0,1262.14,37.86,1300.0,Net Wt: 22.300 Gm.@Rate 40.00/Gm.,,Sale,0,1,0
91,1,J19103000271,102,103,102,102,102,103,6.32,0.0,6.32,3100.0,0.0,0.0,1767.22,0.0,0.0,0.0,0.0,0.0,21359.22,0.0,21359.22,640.78,22000.0,"Net Wt: 6.320 Gm.@Rate 3,100.00/Gm.",,Sale,0,1,0
92,1,J19103000272,102,103,101,102,102,103,18.3,0.0,18.3,3100.0,0.0,0.0,5405.92,0.0,0.0,0.0,0.0,0.0,62135.92,0.0,62135.92,1864.08,64000.0,"Net Wt: 18.300 Gm.@Rate 3,100.00/Gm.",,Sale,0,1,0
93,1,J19103000273,102,103,238,102,102,103,0.78,0.0,0.78,3100.0,0.0,0.0,300.45,0.0,0.0,0.0,0.0,0.0,2718.45,0.0,2718.45,81.56,2800.0,"Net Wt: 0.780 Gm.@Rate 3,100.00/Gm.",,Sale,0,1,0
94,1,J19104000011,102,104,353,102,109,111,26.3,0.0,26.3,40.0,0.0,0.0,161.59,0.0,0.0,0.0,0.0,0.0,1213.59,0.0,1213.59,36.4,1250.0,Net Wt: 26.300 Gm.@Rate 40.00/Gm.,,Sale,0,1,0
95,1,I19103000186,102,103,444,102,102,103,1.27,0.0,1.27,3100.0,0.0,0.0,431.93,0.0,0.0,0.0,0.0,0.0,4368.93,0.0,4368.93,131.06,4500.0,"Net Wt: 1.270 Gm.@Rate 3,100.00/Gm.",,Sale,0,1,0
96,1,H19103000046,102,103,331,102,102,103,2.29,0.0,2.29,3100.0,0.0,0.0,1153.43,0.0,0.0,0.0,0.0,0.0,8252.43,0.0,8252.43,247.58,8500.0,"Net Wt: 2.290 Gm.@Rate 3,100.00/Gm.",,Sale,0,1,0
97,1,J19103000274,102,103,115,102,102,103,1.35,0.0,1.35,3100.0,0.0,0.0,183.93,0.0,0.0,0.0,0.0,0.0,4368.93,0.0,4368.93,131.06,4500.0,"Net Wt: 1.350 Gm.@Rate 3,100.00/Gm.",,Sale,0,1,0
98,1,J19104000012,102,104,122,124,109,111,10.23,0.0,10.23,40.0,0.0,0.0,318.96,0.0,0.0,0.0,0.0,0.0,728.16,0.0,728.16,21.84,750.0,Net Wt: 10.230 Gm.@Rate 40.00/Gm.,,Sale,0,1,0
99,1,J19103000317,102,103,102,102,102,103,3.65,0.0,3.65,3100.0,0.0,0.0,1015.1,0.0,0.0,0.0,0.0,0.0,12330.1,0.0,12330.1,369.9,12700.0,"Net Wt: 3.650 Gm.@Rate 3,100.00/Gm.",,Sale,0,1,0
100,1,J19103000344,102,103,102,102,102,103,1.98,0.0,1.98,3100.0,0.0,0.0,755.2,0.0,0.0,0.0,0.0,0.0,6893.2,0.0,6893.2,206.8,7100.0,"Net Wt: 1.980 Gm.@Rate 3,100.00/Gm.",,Sale,0,1,0
101,1,J19104000013,102,104,119,121,109,111,23.2,0.0,23.2,40.0,0.0,0.0,431.22,0.0,0.0,0.0,0.0,0.0,1359.22,0.0,1359.22,40.78,1400.0,Net Wt: 23.200 Gm.@Rate 40.00/Gm.,,Sale,0,1,0
102,1,J19103000275,102,103,101,102,102,103,12.9,0.0,12.9,3250.0,0.0,0.0,3220.63,0.0,0.0,0.0,0.0,0.0,45145.63,0.0,45145.63,1354.36,46500.0,"Net Wt: 12.900 Gm.@Rate 3,250.00/Gm.",,Sale,0,1,0
102,2,J19103000345,102,103,103,102,102,103,6.98,0.0,6.98,3250.0,0.0,0.0,1586.84,0.0,0.0,0.0,0.0,0.0,24271.84,0.0,24271.84,728.16,25000.0,"Net Wt: 6.980 Gm.@Rate 3,250.00/Gm.",,Sale,0,1,0
103,1,J19104000014,102,104,119,121,109,111,21.35,0.0,21.35,40.0,0.0,0.0,311.05,0.0,0.0,0.0,0.0,0.0,1165.05,0.0,1165.05,34.96,1200.0,Net Wt: 21.350 Gm.@Rate 40.00/Gm.,,Sale,0,1,0
104,1,J19103000316,102,103,103,102,102,103,4.33,0.0,4.33,3100.0,0.0,0.0,1140.11,0.0,0.0,0.0,0.0,0.0,14563.11,0.0,14563.11,436.9,15000.0,"Net Wt: 4.330 Gm.@Rate 3,100.00/Gm.",,Sale,0,1,0
105,1,I19103000185,102,103,444,102,102,103,1.93,0.0,1.93,3100.0,0.0,0.0,813.12,0.0,0.0,0.0,0.0,0.0,6796.12,0.0,6796.12,203.88,7000.0,"Net Wt: 1.930 Gm.@Rate 3,100.00/Gm.",,Sale,0,1,0
106,1,H19103000034,102,103,331,102,102,103,4.04,0.0,4.04,3180.0,0.0,0.0,745.03,0.0,0.0,0.0,0.0,0.0,13592.23,0.0,13592.23,407.76,14000.0,"Net Wt: 4.040 Gm.@Rate 3,180.00/Gm.",,Sale,0,1,0
106,2,J19103000377,102,103,110,102,102,103,6.87,0.0,6.87,3180.0,0.0,0.0,1794.18,0.0,0.0,0.0,0.0,0.0,23640.78,0.0,23640.78,709.22,24350.0,"Net Wt: 6.870 Gm.@Rate 3,180.00/Gm.",,Sale,0,1,0
107,1,H19103000136,102,103,114,102,102,103,5.91,0.0,5.91,3100.0,0.0,0.0,2649.87,0.0,0.0,0.0,0.0,0.0,20970.87,0.0,20970.87,629.12,21600.0,"Net Wt: 5.910 Gm.@Rate 3,100.00/Gm.",,Sale,0,1,0
108,1,H19103000054,102,103,102,102,102,103,4.62,0.0,4.62,3100.0,0.0,0.0,1891.59,0.0,0.0,0.0,0.0,0.0,16213.59,0.0,16213.59,486.4,16700.0,"Net Wt: 4.620 Gm.@Rate 3,100.00/Gm.",,Sale,0,1,0
109,1,J19103000312,102,103,103,102,102,103,4.57,0.0,4.57,3100.0,0.0,0.0,2017.47,0.0,0.0,0.0,0.0,0.0,16184.47,0.0,16184.47,485.54,16670.0,"Net Wt: 4.570 Gm.@Rate 3,100.00/Gm.",,Sale,0,1,0
110,1,J19104000015,102,104,119,121,109,111,65.95,0.0,65.95,40.0,0.0,0.0,1245.5,0.0,0.0,0.0,0.0,0.0,3883.5,0.0,3883.5,116.5,4000.0,Net Wt: 65.950 Gm.@Rate 40.00/Gm.,,Sale,0,1,0
111,1,J19104000016,102,104,119,121,109,111,35.62,0.0,35.62,40.0,0.0,0.0,177.14,0.0,0.0,0.0,0.0,0.0,1601.94,0.0,1601.94,48.06,1650.0,Net Wt: 35.620 Gm.@Rate 40.00/Gm.,,Sale,0,1,0
112,1,J19104000017,102,104,119,121,109,111,40.32,0.0,40.32,40.0,0.0,0.0,377.49,0.0,0.0,0.0,0.0,0.0,1990.29,0.0,1990.29,59.7,2050.0,Net Wt: 40.320 Gm.@Rate 40.00/Gm.,,Sale,0,1,0
113,1,H19103000055,102,103,102,102,102,103,3.06,0.0,3.06,3100.0,0.0,0.0,1193.61,0.0,0.0,0.0,0.0,0.0,10679.61,0.0,10679.61,320.38,11000.0,"Net Wt: 3.060 Gm.@Rate 3,100.00/Gm.",,Sale,0,1,0
114,1,J19103000323,102,103,107,102,102,103,4.76,0.0,4.76,3100.0,0.0,0.0,2234.29,0.0,0.0,0.0,0.0,0.0,16990.29,0.0,16990.29,509.7,17500.0,"Net Wt: 4.760 Gm.@Rate 3,100.00/Gm.",,Sale,0,1,0
115,1,J19104000018,102,104,119,121,109,111,88.35,0.0,88.35,40.0,0.0,0.0,737.84,0.0,0.0,0.0,0.0,0.0,4271.84,0.0,4271.84,128.16,4400.0,Net Wt: 88.350 Gm.@Rate 40.00/Gm.,,Sale,0,1,0
116,1,I19103000249,102,103,102,102,102,103,5.93,0.0,5.93,3150.0,0.0,0.0,1708.85,0.0,0.0,0.0,0.0,0.0,20388.35,0.0,20388.35,611.66,21000.0,"Net Wt: 5.930 Gm.@Rate 3,150.00/Gm.",,Sale,0,1,0
117,1,J19103000278,102,103,101,102,102,103,14.9,0.0,14.9,3200.0,0.0,0.0,5718.06,0.0,0.0,0.0,0.0,0.0,53398.06,0.0,53398.06,1601.94,55000.0,"Net Wt: 14.900 Gm.@Rate 3,200.00/Gm.",,Sale,0,1,0
118,1,J19103000423,102,103,102,102,102,103,3.06,0.0,3.06,3200.0,0.0,0.0,887.61,0.0,0.0,0.0,0.0,0.0,10679.61,0.0,10679.61,320.38,11000.0,"Net Wt: 3.060 Gm.@Rate 3,200.00/Gm.",,Sale,0,1,0
119,1,J19103000337,102,103,107,102,102,103,2.12,0.0,2.12,3100.0,0.0,0.0,903.73,0.0,0.0,0.0,0.0,0.0,7475.73,0.0,7475.73,224.28,7700.0,"Net Wt: 2.120 Gm.@Rate 3,100.00/Gm.",,Sale,0,1,0
119,2,J19103000424,102,103,106,102,102,103,1.05,0.0,1.05,3100.0,0.0,0.0,434.32,0.0,0.0,0.0,0.0,0.0,3689.32,0.0,3689.32,110.68,3800.0,"Net Wt: 1.050 Gm.@Rate 3,100.00/Gm.",,Sale,0,1,0
120,1,J19104000019,102,104,119,121,109,111,68.35,0.0,68.35,40.0,0.0,0.0,858.23,0.0,0.0,0.0,0.0,0.0,3592.23,0.0,3592.23,107.76,3700.0,Net Wt: 68.350 Gm.@Rate 40.00/Gm.,,Sale,0,1,0
121,1,J19103000369,102,103,103,102,102,103,3.94,0.0,3.94,3200.0,0.0,0.0,984.23,0.0,0.0,0.0,0.0,0.0,13592.23,0.0,13592.23,407.76,14000.0,"Net Wt: 3.940 Gm.@Rate 3,200.00/Gm.",,Sale,0,1,0
122,1,J19103000425,102,103,110,102,102,103,2.3,0.0,2.3,3200.0,0.0,0.0,892.43,0.0,0.0,0.0,0.0,0.0,8252.43,0.0,8252.43,247.58,8500.0,"Net Wt: 2.300 Gm.@Rate 3,200.00/Gm.",,Sale,0,1,0
123,1,J19103000391,102,103,102,102,102,103,1.35,0.0,1.35,3200.0,0.0,0.0,340.19,0.0,0.0,0.0,0.0,0.0,4660.19,0.0,4660.19,139.8,4800.0,"Net Wt: 1.350 Gm.@Rate 3,200.00/Gm.",,Sale,0,1,0
124,1,H19103000033,102,103,331,102,102,103,1.59,0.0,1.59,3200.0,0.0,0.0,543.07,0.0,0.0,0.0,0.0,0.0,5631.07,0.0,5631.07,168.94,5800.0,"Net Wt: 1.590 Gm.@Rate 3,200.00/Gm.",,Sale,0,1,0
125,1,J19103000479,102,103,110,102,102,103,6.12,0.0,6.12,3200.0,0.0,0.0,1969.4,0.0,0.0,0.0,0.0,0.0,21553.4,0.0,21553.4,646.6,22200.0,"Net Wt: 6.120 Gm.@Rate 3,200.00/Gm.",,Sale,0,1,0
126,1,J19104000020,102,104,119,121,109,111,85.35,0.0,85.35,40.0,0.0,0.0,1440.37,0.0,0.0,0.0,0.0,0.0,4854.37,0.0,4854.37,145.64,5000.0,Net Wt: 85.350 Gm.@Rate 40.00/Gm.,,Sale,0,1,0
127,1,J19104000021,102,104,119,121,109,111,65.32,0.0,65.32,40.0,0.0,0.0,1076.52,0.0,0.0,0.0,0.0,0.0,3689.32,0.0,3689.32,110.68,3800.0,Net Wt: 65.320 Gm.@Rate 40.00/Gm.,,Sale,0,1,0
128,1,J19104000022,102,104,119,121,109,111,62.2,0.0,62.2,40.0,0.0,0.0,424.62,0.0,0.0,0.0,0.0,0.0,2912.62,0.0,2912.62,87.38,3000.0,Net Wt: 62.200 Gm.@Rate 40.00/Gm.,,Sale,0,1,0
129,1,J19103000308,102,103,103,102,102,103,4.07,0.0,4.07,3350.0,0.0,0.0,1219.87,0.0,0.0,0.0,0.0,0.0,14854.37,0.0,14854.37,445.64,15300.0,"Net Wt: 4.070 Gm.@Rate 3,350.00/Gm.",,Sale,0,1,0
130,1,J19103000405,102,103,102,102,102,103,1.93,0.0,1.93,3350.0,0.0,0.0,913.14,0.0,0.0,0.0,0.0,0.0,7378.64,0.0,7378.64,221.36,7600.0,"Net Wt: 1.930 Gm.@Rate 3,350.00/Gm.",,Sale,0,1,0
131,1,J19103000404,102,103,102,102,102,103,2.35,0.0,2.35,3350.0,0.0,0.0,865.36,0.0,0.0,0.0,0.0,0.0,8737.86,0.0,8737.86,262.14,9000.0,"Net Wt: 2.350 Gm.@Rate 3,350.00/Gm.",,Sale,0,1,0
132,1,J19103000442,102,103,102,102,102,103,5.4,0.0,5.4,3350.0,0.0,0.0,2298.35,0.0,0.0,0.0,0.0,0.0,20388.35,0.0,20388.35,611.66,21000.0,"Net Wt: 5.400 Gm.@Rate 3,350.00/Gm.",,Sale,0,1,0
133,1,J19103000322,102,103,107,102,102,103,3.7,0.0,3.7,3350.0,0.0,0.0,1682.67,0.0,0.0,0.0,0.0,0.0,14077.67,0.0,14077.67,422.34,14500.0,"Net Wt: 3.700 Gm.@Rate 3,350.00/Gm.",,Sale,0,1,0
134,1,J19104000023,102,104,119,121,109,111,66.2,0.0,66.2,40.0,0.0,0.0,1186.95,0.0,0.0,0.0,0.0,0.0,3834.95,0.0,3834.95,115.04,3950.0,Net Wt: 66.200 Gm.@Rate 40.00/Gm.,,Sale,0,1,0
135,1,J19104000024,102,104,125,102,109,111,52.32,0.0,52.32,40.0,0.0,0.0,819.82,0.0,0.0,0.0,0.0,0.0,2912.62,0.0,2912.62,87.38,3000.0,Net Wt: 52.320 Gm.@Rate 40.00/Gm.,,Sale,0,1,0
136,1,J19103000480,102,103,109,102,102,103,2.12,0.0,2.12,3350.0,0.0,0.0,664.99,0.0,0.0,0.0,0.0,0.0,7766.99,0.0,7766.99,233.0,8000.0,"Net Wt: 2.120 Gm.@Rate 3,350.00/Gm.",,Sale,0,1,0
137,1,J19103000293,102,103,103,102,102,103,3.57,0.0,3.57,3350.0,0.0,0.0,1438.56,0.0,0.0,0.0,0.0,0.0,13398.06,0.0,13398.06,401.94,13800.0,"Net Wt: 3.570 Gm.@Rate 3,350.00/Gm.",,Sale,0,1,0
138,1,J19103000463,102,103,103,102,102,103,3.22,0.0,3.22,3350.0,0.0,0.0,1154.75,0.0,0.0,0.0,0.0,0.0,11941.75,0.0,11941.75,358.26,12300.0,"Net Wt: 3.220 Gm.@Rate 3,350.00/Gm.",,Sale,0,1,0
139,1,J19103000403,102,103,102,102,102,103,1.92,0.0,1.92,3350.0,0.0,0.0,558.29,0.0,0.0,0.0,0.0,0.0,6990.29,0.0,6990.29,209.7,7200.0,"Net Wt: 1.920 Gm.@Rate 3,350.00/Gm.",,Sale,0,1,0
140,1,J19103000381,102,103,331,102,102,103,2.83,0.0,2.83,3350.0,0.0,0.0,1004.94,0.0,0.0,0.0,0.0,0.0,10485.44,0.0,10485.44,314.56,10800.0,"Net Wt: 2.830 Gm.@Rate 3,350.00/Gm.",,Sale,0,1,0
142,1,J19103000509,102,103,110,102,102,103,6.72,0.0,6.72,3350.0,0.0,0.0,1759.84,0.0,0.0,0.0,0.0,0.0,24271.84,0.0,24271.84,728.16,25000.0,"Net Wt: 6.720 Gm.@Rate 3,350.00/Gm.",,Sale,0,1,0
143,1,J19104000025,102,104,123,102,109,111,20.3,0.0,20.3,40.0,0.0,0.0,615.18,0.0,0.0,0.0,0.0,0.0,1427.18,0.0,1427.18,42.82,1470.0,Net Wt: 20.300 Gm.@Rate 40.00/Gm.,,Sale,0,1,0
144,1,J19103000490,102,103,102,102,102,103,1.24,0.0,1.24,3300.0,0.0,0.0,276.93,0.0,0.0,0.0,0.0,0.0,4368.93,0.0,4368.93,131.06,4500.0,"Net Wt: 1.240 Gm.@Rate 3,300.00/Gm.",,Sale,0,1,0
145,1,H19103000040,102,103,331,102,102,103,1.55,0.0,1.55,3300.0,0.0,0.0,467.52,0.0,0.0,0.0,0.0,0.0,5582.52,0.0,5582.52,167.48,5750.0,"Net Wt: 1.550 Gm.@Rate 3,300.00/Gm.",,Sale,0,1,0
146,1,J19103000440,102,103,102,102,102,103,2.88,0.0,2.88,3350.0,0.0,0.0,837.44,0.0,0.0,0.0,0.0,0.0,10485.44,0.0,10485.44,314.56,10800.0,"Net Wt: 2.880 Gm.@Rate 3,350.00/Gm.",,Sale,0,1,0
147,1,J19103000457,102,103,103,102,102,103,2.27,0.0,2.27,3300.0,0.0,0.0,761.43,0.0,0.0,0.0,0.0,0.0,8252.43,0.0,8252.43,247.58,8500.0,"Net Wt: 2.270 Gm.@Rate 3,300.00/Gm.",,Sale,0,1,0
148,1,J19103000382,102,103,331,102,102,103,2.3,0.0,2.3,3400.0,0.0,0.0,626.6,0.0,0.0,0.0,0.0,0.0,8446.6,0.0,8446.6,253.4,8700.0,"Net Wt: 2.300 Gm.@Rate 3,400.00/Gm.",,Sale,0,1,0
149,1,J19103000332,102,103,107,102,102,103,3.48,0.0,3.48,3400.0,0.0,0.0,1080.62,0.0,0.0,0.0,0.0,0.0,12912.62,0.0,12912.62,387.38,13300.0,"Net Wt: 3.480 Gm.@Rate 3,400.00/Gm.",,Sale,0,1,0
149,2,J19103000521,102,103,106,102,102,103,0.71,0.0,0.71,3400.0,0.0,0.0,207.36,0.0,0.0,0.0,0.0,0.0,2621.36,0.0,2621.36,78.64,2700.0,"Net Wt: 0.710 Gm.@Rate 3,400.00/Gm.",,Sale,0,1,0
150,1,J19103000507,102,103,102,102,102,103,1.36,0.0,1.36,3400.0,0.0,0.0,327.46,0.0,0.0,0.0,0.0,0.0,4951.46,0.0,4951.46,148.54,5100.0,"Net Wt: 1.360 Gm.@Rate 3,400.00/Gm.",,Sale,0,1,0
151,1,H19103000039,102,103,331,102,102,103,1.39,0.0,1.39,3400.0,0.0,0.0,419.63,0.0,0.0,0.0,0.0,0.0,5145.63,0.0,5145.63,154.36,5300.0,"Net Wt: 1.390 Gm.@Rate 3,400.00/Gm.",,Sale,0,1,0
152,1,J19103000380,102,103,331,102,102,103,2.27,0.0,2.27,3300.0,0.0,0.0,761.43,0.0,0.0,0.0,0.0,0.0,8252.43,0.0,8252.43,247.58,8500.0,"Net Wt: 2.270 Gm.@Rate 3,300.00/Gm.",,Sale,0,1,0
153,1,J19103000420,102,103,238,102,102,103,0.54,0.0,0.54,3300.0,0.0,0.0,159.75,0.0,0.0,0.0,0.0,0.0,1941.75,0.0,1941.75,58.26,2000.0,"Net Wt: 0.540 Gm.@Rate 3,300.00/Gm.",,Sale,0,1,0
154,1,J19103000501,102,103,102,102,102,103,1.29,0.0,1.29,3300.0,0.0,0.0,597.37,0.0,0.0,0.0,0.0,0.0,4854.37,0.0,4854.37,145.64,5000.0,"Net Wt: 1.290 Gm.@Rate 3,300.00/Gm.",,Sale,0,1,0
155,1,J19104000026,102,104,119,121,109,111,65.32,0.0,65.32,40.0,0.0,0.0,299.82,0.0,0.0,0.0,0.0,0.0,2912.62,0.0,2912.62,87.38,3000.0,Net Wt: 65.320 Gm.@Rate 40.00/Gm.,,Sale,0,1,0
156,1,J19103000390,102,103,102,102,102,103,3.64,0.0,3.64,3300.0,0.0,0.0,1094.8,0.0,0.0,0.0,0.0,0.0,13106.8,0.0,13106.8,393.2,13500.0,"Net Wt: 3.640 Gm.@Rate 3,300.00/Gm.",,Sale,0,1,0
157,1,J19103000400,102,103,102,102,102,103,3.2,0.0,3.2,3350.0,0.0,0.0,1221.75,0.0,0.0,0.0,0.0,0.0,11941.75,0.0,11941.75,358.26,12300.0,"Net Wt: 3.200 Gm.@Rate 3,350.00/Gm.",,Sale,0,1,0
158,1,I19103000198,102,103,112,102,102,103,6.5,0.0,6.5,3350.0,0.0,0.0,2011.41,0.0,0.0,0.0,0.0,0.0,23786.41,0.0,23786.41,713.6,24500.0,"Net Wt: 6.500 Gm.@Rate 3,350.00/Gm.",,Sale,0,1,0
159,1,K19104000027,102,104,119,121,109,111,85.32,0.0,85.32,40.0,0.0,0.0,956.13,0.0,0.0,0.0,0.0,0.0,4368.93,0.0,4368.93,131.06,4500.0,Net Wt: 85.320 Gm.@Rate 40.00/Gm.,,Sale,0,1,0
160,1,H19103000135,102,103,114,102,102,103,8.75,0.0,8.75,3350.0,0.0,0.0,3697.21,0.0,0.0,0.0,0.0,0.0,33009.71,0.0,33009.71,990.3,34000.0,"Net Wt: 8.750 Gm.@Rate 3,350.00/Gm.",,Sale,0,1,0
161,1,K19103000522,102,103,110,102,102,103,1.1,0.0,1.1,3400.0,0.0,0.0,628.93,0.0,0.0,0.0,0.0,0.0,4368.93,0.0,4368.93,131.06,4500.0,"Net Wt: 1.100 Gm.@Rate 3,400.00/Gm.",,Sale,0,1,0
162,1,K19104000028,102,104,129,131,109,111,8.5,0.0,8.5,40.0,0.0,0.0,242.52,0.0,0.0,0.0,0.0,0.0,582.52,0.0,582.52,17.48,600.0,Net Wt: 8.500 Gm.@Rate 40.00/Gm.,,Sale,0,1,0
141,1,J19103000493,102,103,102,102,102,103,1.2,0.0,1.2,3300.0,0.0,0.0,408.93,0.0,0.0,0.0,0.0,0.0,4368.93,0.0,4368.93,131.06,4500.0,"Net Wt: 1.200 Gm.@Rate 3,300.00/Gm.",,Sale,0,1,0
141,2,J19103000508,102,103,110,102,102,103,2.63,0.0,2.63,3300.0,0.0,0.0,1515.17,0.0,0.0,0.0,0.0,0.0,10194.17,0.0,10194.17,305.82,10500.0,"Net Wt: 2.630 Gm.@Rate 3,300.00/Gm.",,Sale,0,1,0
163,1,K19104000029,102,104,119,121,109,111,65.32,0.0,65.32,40.0,0.0,0.0,1076.52,0.0,0.0,0.0,0.0,0.0,3689.32,0.0,3689.32,110.68,3800.0,Net Wt: 65.320 Gm.@Rate 40.00/Gm.,,Sale,0,1,0
164,1,J19103000290,102,103,103,102,102,103,4.35,0.0,4.35,3300.0,0.0,0.0,1178.98,0.0,0.0,0.0,0.0,0.0,15533.98,0.0,15533.98,466.02,16000.0,"Net Wt: 4.350 Gm.@Rate 3,300.00/Gm.",,Sale,0,1,0
165,1,J19103000492,102,103,102,102,102,103,1.31,0.0,1.31,3300.0,0.0,0.0,531.37,0.0,0.0,0.0,0.0,0.0,4854.37,0.0,4854.37,145.64,5000.0,"Net Wt: 1.310 Gm.@Rate 3,300.00/Gm.",,Sale,0,1,0
166,1,J19103000498,102,103,102,102,102,103,1.78,0.0,1.78,3300.0,0.0,0.0,630.85,0.0,0.0,0.0,0.0,0.0,6504.85,0.0,6504.85,195.14,6700.0,"Net Wt: 1.780 Gm.@Rate 3,300.00/Gm.",,Sale,0,1,0
167,1,J19103000446,102,103,102,102,102,103,2.06,0.0,2.06,3300.0,0.0,0.0,677.73,0.0,0.0,0.0,0.0,0.0,7475.73,0.0,7475.73,224.28,7700.0,"Net Wt: 2.060 Gm.@Rate 3,300.00/Gm.",,Sale,0,1,0
168,1,I19103000195,102,103,444,102,102,103,1.91,0.0,1.91,3350.0,0.0,0.0,688.88,0.0,0.0,0.0,0.0,0.0,7087.38,0.0,7087.38,212.62,7300.0,"Net Wt: 1.910 Gm.@Rate 3,350.00/Gm.",,Sale,0,1,0
169,1,J19103000408,102,103,102,102,102,103,1.7,0.0,1.7,3350.0,0.0,0.0,615.68,0.0,0.0,0.0,0.0,0.0,6310.68,0.0,6310.68,189.32,6500.0,"Net Wt: 1.700 Gm.@Rate 3,350.00/Gm.",,Sale,0,1,0
170,1,K19104000030,102,104,119,121,109,111,41.2,0.0,41.2,40.0,0.0,0.0,293.75,0.0,0.0,0.0,0.0,0.0,1941.75,0.0,1941.75,58.26,2000.0,Net Wt: 41.200 Gm.@Rate 40.00/Gm.,,Sale,0,1,0
171,1,J19103000395,102,103,102,102,102,103,1.37,0.0,1.37,3350.0,0.0,0.0,459.04,0.0,0.0,0.0,0.0,0.0,5048.54,0.0,5048.54,151.46,5200.0,"Net Wt: 1.370 Gm.@Rate 3,350.00/Gm.",,Sale,0,1,0
172,1,J19103000502,102,103,102,102,102,103,1.67,0.0,1.67,3350.0,0.0,0.0,716.18,0.0,0.0,0.0,0.0,0.0,6310.68,0.0,6310.68,189.32,6500.0,"Net Wt: 1.670 Gm.@Rate 3,350.00/Gm.",,Sale,0,1,0
173,1,I19103000260,102,103,112,102,102,103,16.59,0.0,16.59,3400.0,0.0,0.0,6700.8,0.0,0.0,0.0,0.0,0.0,63106.8,0.0,63106.8,1893.2,65000.0,"Net Wt: 16.590 Gm.@Rate 3,400.00/Gm.",,Sale,0,1,0
174,1,K19103000523,102,103,110,102,102,103,3.1,0.0,3.1,3450.0,0.0,0.0,1440.92,0.0,0.0,0.0,0.0,0.0,12135.92,0.0,12135.92,364.08,12500.0,"Net Wt: 3.100 Gm.@Rate 3,450.00/Gm.",,Sale,0,1,0
180,1,K19104000032,102,104,119,121,109,111,65.31,0.0,65.31,40.0,0.0,0.0,494.4,0.0,0.0,0.0,0.0,0.0,3106.8,0.0,3106.8,93.2,3200.0,Net Wt: 65.310 Gm.@Rate 40.00/Gm.,,Sale,0,1,0
181,1,K19103000525,102,103,102,102,102,103,1.23,0.0,1.23,3400.0,0.0,0.0,478.19,0.0,0.0,0.0,0.0,0.0,4660.19,0.0,4660.19,139.8,4800.0,"Net Wt: 1.230 Gm.@Rate 3,400.00/Gm.",,Sale,0,1,0
182,1,K19104000033,102,104,119,121,109,111,35.6,0.0,35.6,40.0,0.0,0.0,469.2,0.0,0.0,0.0,0.0,0.0,1893.2,0.0,1893.2,56.8,1950.0,Net Wt: 35.600 Gm.@Rate 40.00/Gm.,,Sale,0,1,0
183,1,K19104000034,102,104,119,121,109,111,89.65,0.0,89.65,40.0,0.0,0.0,782.93,0.0,0.0,0.0,0.0,0.0,4368.93,0.0,4368.93,131.06,4500.0,Net Wt: 89.650 Gm.@Rate 40.00/Gm.,,Sale,0,1,0
184,1,K19103000526,102,103,347,101,102,103,1.25,0.0,1.25,3400.0,0.0,0.0,313.11,0.0,0.0,0.0,0.0,0.0,4563.11,0.0,4563.11,136.9,4700.0,"Net Wt: 1.250 Gm.@Rate 3,400.00/Gm.",,Sale,0,1,0
185,1,K19103000527,102,103,116,102,102,103,0.8,0.0,0.8,3400.0,0.0,0.0,289.71,0.0,0.0,0.0,0.0,0.0,3009.71,0.0,3009.71,90.3,3100.0,"Net Wt: 0.800 Gm.@Rate 3,400.00/Gm.",,Sale,0,1,0
186,1,K19103000528,102,103,331,102,102,103,0.95,0.0,0.95,3400.0,0.0,0.0,362.23,0.0,0.0,0.0,0.0,0.0,3592.23,0.0,3592.23,107.76,3700.0,"Net Wt: 0.950 Gm.@Rate 3,400.00/Gm.",,Sale,0,1,0
187,1,K19104000035,102,104,119,121,109,111,40.23,0.0,40.23,40.0,0.0,0.0,332.55,0.0,0.0,0.0,0.0,0.0,1941.75,0.0,1941.75,58.26,2000.0,Net Wt: 40.230 Gm.@Rate 40.00/Gm.,,Sale,0,1,0
188,1,K19104000036,102,104,119,121,109,111,45.2,0.0,45.2,40.0,0.0,0.0,327.92,0.0,0.0,0.0,0.0,0.0,2135.92,0.0,2135.92,64.08,2200.0,Net Wt: 45.200 Gm.@Rate 40.00/Gm.,,Sale,0,1,0
189,1,H19103000036,102,103,331,102,102,103,3.2,0.0,3.2,3450.0,0.0,0.0,1095.92,0.0,0.0,0.0,0.0,0.0,12135.92,0.0,12135.92,364.08,12500.0,"Net Wt: 3.200 Gm.@Rate 3,450.00/Gm.",,Sale,0,1,0
190,1,H19103000103,102,103,102,102,102,103,4.28,0.0,4.28,3450.0,0.0,0.0,1253.42,0.0,0.0,0.0,0.0,0.0,16019.42,0.0,16019.42,480.58,16500.0,"Net Wt: 4.280 Gm.@Rate 3,450.00/Gm.",,Sale,0,1,0
191,1,H19103000056,102,103,102,102,102,103,5.78,0.0,5.78,3450.0,0.0,0.0,1418.22,0.0,0.0,0.0,0.0,0.0,21359.22,0.0,21359.22,640.78,22000.0,"Net Wt: 5.780 Gm.@Rate 3,450.00/Gm.",,Sale,0,1,0
192,1,K19103000529,102,103,110,102,102,103,7.16,0.0,7.16,3450.0,0.0,0.0,2967.9,0.0,0.0,0.0,0.0,0.0,27669.9,0.0,27669.9,830.1,28500.0,"Net Wt: 7.160 Gm.@Rate 3,450.00/Gm.",,Sale,0,1,0
193,1,J19103000497,102,103,102,102,102,103,1.55,0.0,1.55,3480.0,0.0,0.0,722.5,0.0,0.0,0.0,0.0,0.0,6116.5,0.0,6116.5,183.5,6300.0,"Net Wt: 1.550 Gm.@Rate 3,480.00/Gm.",,Sale,0,1,0
194,1,K19103000530,102,103,115,102,102,103,0.75,0.0,0.75,3480.0,0.0,0.0,302.62,0.0,0.0,0.0,0.0,0.0,2912.62,0.0,2912.62,87.38,3000.0,"Net Wt: 0.750 Gm.@Rate 3,480.00/Gm.",,Sale,0,1,0
175,1,J19103000311,102,103,103,102,102,103,3.42,0.0,3.42,3450.0,0.0,0.0,1307.8,0.0,0.0,0.0,0.0,0.0,13106.8,0.0,13106.8,393.2,13500.0,"Net Wt: 3.420 Gm.@Rate 3,450.00/Gm.",,Sale,0,1,0
176,1,J19103000401,102,103,102,102,102,103,1.61,0.0,1.61,3450.0,0.0,0.0,270.74,0.0,0.0,0.0,0.0,0.0,5825.24,0.0,5825.24,174.76,6000.0,"Net Wt: 1.610 Gm.@Rate 3,450.00/Gm.",,Sale,0,1,0
177,1,J19103000329,102,103,107,102,102,103,3.65,0.0,3.65,3450.0,0.0,0.0,1388.08,0.0,0.0,0.0,0.0,0.0,13980.58,0.0,13980.58,419.42,14400.0,"Net Wt: 3.650 Gm.@Rate 3,450.00/Gm.",,Sale,0,1,0
178,1,K19103000524,102,103,102,102,102,103,3.16,0.0,3.16,3450.0,0.0,0.0,360.14,0.0,0.0,0.0,0.0,0.0,11262.14,0.0,11262.14,337.86,11600.0,"Net Wt: 3.160 Gm.@Rate 3,450.00/Gm.",,Sale,0,1,0
179,1,K19104000031,102,104,119,121,109,111,80.2,0.0,80.2,40.0,0.0,0.0,190.06,0.0,0.0,0.0,0.0,0.0,3398.06,0.0,3398.06,101.94,3500.0,Net Wt: 80.200 Gm.@Rate 40.00/Gm.,,Sale,0,1,0
190,2,J19103000426,102,103,331,102,102,103,6.38,0.0,6.38,3450.0,0.0,0.0,1775.41,0.0,0.0,0.0,0.0,0.0,23786.41,0.0,23786.41,713.6,24500.0,"Net Wt: 6.380 Gm.@Rate 3,450.00/Gm.",,Sale,0,1,0
195,1,K19104000037,102,104,119,121,109,111,52.3,0.0,52.3,40.0,0.0,0.0,335.18,0.0,0.0,0.0,0.0,0.0,2427.18,0.0,2427.18,72.82,2500.0,Net Wt: 52.300 Gm.@Rate 40.00/Gm.,,Sale,0,1,0
196,1,I19103000248,102,103,102,102,102,103,3.41,0.0,3.41,3450.0,0.0,0.0,1827.73,0.0,0.0,0.0,0.0,0.0,13592.23,0.0,13592.23,407.76,14000.0,"Net Wt: 3.410 Gm.@Rate 3,450.00/Gm.",,Sale,0,1,0
197,1,K19103000531,102,103,110,102,102,103,9.9,0.0,9.9,3480.0,0.0,0.0,2926.64,0.0,0.0,0.0,0.0,0.0,37378.64,0.0,37378.64,1121.36,38500.0,"Net Wt: 9.900 Gm.@Rate 3,480.00/Gm.",,Sale,0,1,0
198,1,J19103000516,102,103,342,102,102,103,25.19,0.0,25.19,3480.0,0.0,0.0,6513.56,0.0,0.0,0.0,0.0,0.0,94174.76,0.0,94174.76,2825.24,97000.0,"Net Wt: 25.190 Gm.@Rate 3,480.00/Gm.",,Sale,0,1,0
199,1,K19104000038,102,104,131,133,109,111,61.2,0.0,61.2,40.0,0.0,0.0,1435.5,0.0,0.0,0.0,0.0,0.0,3883.5,0.0,3883.5,116.5,4000.0,Net Wt: 61.200 Gm.@Rate 40.00/Gm.,,Sale,0,1,0
200,1,J19103000418,102,103,238,102,102,103,0.47,0.0,0.47,3450.0,0.0,0.0,223.16,0.0,0.0,0.0,0.0,0.0,1844.66,0.0,1844.66,55.34,1900.0,"Net Wt: 0.470 Gm.@Rate 3,450.00/Gm.",,Sale,0,1,0
201,1,K19104000039,102,104,119,121,109,111,89.32,0.0,89.32,40.0,0.0,0.0,796.13,0.0,0.0,0.0,0.0,0.0,4368.93,0.0,4368.93,131.06,4500.0,Net Wt: 89.320 Gm.@Rate 40.00/Gm.,,Sale,0,1,0
202,1,K19103000563,102,103,102,102,102,103,2.63,0.0,2.63,3500.0,0.0,0.0,795.0,0.0,0.0,0.0,0.0,0.0,10000.0,0.0,10000.0,300.0,10300.0,"Net Wt: 2.630 Gm.@Rate 3,500.00/Gm.",,Sale,0,1,0
203,1,K19104000040,102,104,119,121,109,111,31.2,0.0,31.2,40.0,0.0,0.0,353.94,0.0,0.0,0.0,0.0,0.0,1601.94,0.0,1601.94,48.06,1650.0,Net Wt: 31.200 Gm.@Rate 40.00/Gm.,,Sale,0,1,0
204,1,K19103000564,102,103,116,102,102,103,0.72,0.0,0.72,3500.0,0.0,0.0,295.53,0.0,0.0,0.0,0.0,0.0,2815.53,0.0,2815.53,84.46,2900.0,"Net Wt: 0.720 Gm.@Rate 3,500.00/Gm.",,Sale,0,1,0
204,2,K19104000041,102,104,119,121,109,111,29.11,0.0,29.11,40.0,0.0,0.0,466.67,0.0,0.0,0.0,0.0,0.0,1631.07,0.0,1631.07,48.94,1680.0,Net Wt: 29.110 Gm.@Rate 40.00/Gm.,,Sale,0,1,0
204,3,K19104000042,102,104,328,102,109,111,5.07,0.0,5.07,40.0,0.0,0.0,10.79,0.0,0.0,0.0,0.0,0.0,213.59,0.0,213.59,6.4,220.0,Net Wt: 5.070 Gm.@Rate 40.00/Gm.,,Sale,0,1,0
205,1,H19103000015,102,103,102,102,102,103,3.53,0.0,3.53,3500.0,0.0,0.0,945.97,0.0,0.0,0.0,0.0,0.0,13300.97,0.0,13300.97,399.02,13700.0,"Net Wt: 3.530 Gm.@Rate 3,500.00/Gm.",,Sale,0,1,0
205,2,K19104000043,102,104,119,121,109,111,97.4,0.0,97.4,40.0,0.0,0.0,1249.63,0.0,0.0,0.0,0.0,0.0,5145.63,0.0,5145.63,154.36,5300.0,Net Wt: 97.400 Gm.@Rate 40.00/Gm.,,Sale,0,1,0
206,1,K19104000044,102,104,119,121,109,111,98.32,0.0,98.32,40.0,0.0,0.0,1407.01,0.0,0.0,0.0,0.0,0.0,5339.81,0.0,5339.81,160.2,5500.0,Net Wt: 98.320 Gm.@Rate 40.00/Gm.,,Sale,0,1,0
207,1,K19103000565,102,103,110,102,102,103,3.0,0.0,3.0,3500.0,0.0,0.0,1150.49,0.0,0.0,0.0,0.0,0.0,11650.49,0.0,11650.49,349.52,12000.0,"Net Wt: 3.000 Gm.@Rate 3,500.00/Gm.",,Sale,0,1,0
208,1,J19103000343,102,103,112,102,102,103,11.53,0.0,11.53,3500.0,0.0,0.0,2363.45,0.0,0.0,0.0,0.0,0.0,42718.45,0.0,42718.45,1281.56,44000.0,"Net Wt: 11.530 Gm.@Rate 3,500.00/Gm.",,Sale,0,1,0
209,1,L19104000045,102,104,119,121,109,111,69.2,0.0,69.2,40.0,0.0,0.0,630.06,0.0,0.0,0.0,0.0,0.0,3398.06,0.0,3398.06,101.94,3500.0,Net Wt: 69.200 Gm.@Rate 40.00/Gm.,,Sale,0,1,0
210,1,J19103000503,102,103,102,102,102,103,1.25,0.0,1.25,3500.0,0.0,0.0,479.37,0.0,0.0,0.0,0.0,0.0,4854.37,0.0,4854.37,145.64,5000.0,"Net Wt: 1.250 Gm.@Rate 3,500.00/Gm.",,Sale,0,1,0
211,1,K19103000560,102,103,103,102,102,103,5.38,0.0,5.38,3500.0,0.0,0.0,2043.79,0.0,0.0,0.0,0.0,0.0,20873.79,0.0,20873.79,626.22,21500.0,"Net Wt: 5.380 Gm.@Rate 3,500.00/Gm.",,Sale,0,1,0
212,1,I19103000209,102,103,112,102,102,103,28.53,0.0,28.53,3550.0,6.45,0.0,11145.68,0.0,0.0,0.0,0.0,0.0,112427.18,0.0,112427.18,3372.82,115800.0,"Net Wt: 28.530 Gm.@Rate 3,550.00/Gm.",,Sale,0,1,0
213,1,L19104000046,102,104,119,121,109,111,135.3,0.0,135.3,40.0,0.0,0.0,2354.99,0.0,0.0,0.0,0.0,0.0,7766.99,0.0,7766.99,233.0,8000.0,Net Wt: 135.300 Gm.@Rate 40.00/Gm.,,Sale,0,1,0
214,1,L19104000047,102,104,128,130,109,111,1.0,0.0,1.0,40.0,0.0,0.0,57.09,0.0,0.0,0.0,0.0,0.0,97.09,0.0,97.09,2.92,100.0,Net Wt: 1.000 Gm.@Rate 40.00/Gm.,,Sale,0,1,0
215,1,J19103000347,102,103,112,102,102,103,11.82,0.0,11.82,3550.0,0.0,0.0,3087.54,0.0,0.0,0.0,0.0,0.0,45048.54,0.0,45048.54,1351.46,46400.0,"Net Wt: 11.820 Gm.@Rate 3,550.00/Gm.",,Sale,0,1,0
216,1,J19103000496,102,103,102,102,102,103,1.65,0.0,1.65,3550.0,0.0,0.0,453.18,0.0,0.0,0.0,0.0,0.0,6310.68,0.0,6310.68,189.32,6500.0,"Net Wt: 1.650 Gm.@Rate 3,550.00/Gm.",,Sale,0,1,0
217,1,J19103000455,102,103,103,102,102,103,2.1,0.0,2.1,3550.0,0.0,0.0,797.43,0.0,0.0,0.0,0.0,0.0,8252.43,0.0,8252.43,247.58,8500.0,"Net Wt: 2.100 Gm.@Rate 3,550.00/Gm.",,Sale,0,1,0
218,1,L19103000566,102,103,102,102,102,103,2.55,0.0,2.55,3500.0,0.0,0.0,783.74,0.0,0.0,0.0,0.0,0.0,9708.74,0.0,9708.74,291.26,10000.0,"Net Wt: 2.550 Gm.@Rate 3,500.00/Gm.",,Sale,0,1,0
219,1,L19103000567,102,103,102,102,102,103,4.61,0.0,4.61,3500.0,0.0,0.0,1340.73,0.0,0.0,0.0,0.0,0.0,17475.73,0.0,17475.73,524.28,18000.0,"Net Wt: 4.610 Gm.@Rate 3,500.00/Gm.",,Sale,0,1,0
220,1,I19103000252,102,103,114,102,102,103,15.85,0.0,15.85,3600.0,0.0,0.0,3619.61,0.0,0.0,0.0,0.0,0.0,60679.61,0.0,60679.61,1820.38,62500.0,"Net Wt: 15.850 Gm.@Rate 3,600.00/Gm.",,Sale,0,1,0
221,1,L19103000568,102,103,102,102,102,103,3.84,0.0,3.84,3600.0,0.0,0.0,981.83,0.0,0.0,0.0,0.0,0.0,14805.83,0.0,14805.83,444.18,15250.0,"Net Wt: 3.840 Gm.@Rate 3,600.00/Gm.",,Sale,0,1,0
222,1,L19104000048,102,104,119,121,109,111,65.3,0.0,65.3,40.0,0.0,0.0,300.62,0.0,0.0,0.0,0.0,0.0,2912.62,0.0,2912.62,87.38,3000.0,Net Wt: 65.300 Gm.@Rate 40.00/Gm.,,Sale,0,1,0
223,1,H19103000127,102,103,112,102,102,103,18.03,0.0,18.03,3600.0,0.0,0.0,4994.91,0.0,0.0,0.0,0.0,0.0,69902.91,0.0,69902.91,2097.08,72000.0,"Net Wt: 18.030 Gm.@Rate 3,600.00/Gm.",,Sale,0,1,0
224,1,L19103000569,102,103,110,102,102,103,3.52,0.0,3.52,3600.0,0.0,0.0,920.23,0.0,0.0,0.0,0.0,0.0,13592.23,0.0,13592.23,407.76,14000.0,"Net Wt: 3.520 Gm.@Rate 3,600.00/Gm.",,Sale,0,1,0
225,1,L19104000049,102,104,119,121,109,111,68.3,0.0,68.3,40.0,0.0,0.0,666.06,0.0,0.0,0.0,0.0,0.0,3398.06,0.0,3398.06,101.94,3500.0,Net Wt: 68.300 Gm.@Rate 40.00/Gm.,,Sale,0,1,0
226,1,L19103000570,102,103,331,102,102,103,9.98,0.0,9.98,3750.0,0.0,0.0,3788.59,0.0,0.0,0.0,0.0,0.0,41213.59,0.0,41213.59,1236.4,42450.0,"Net Wt: 9.980 Gm.@Rate 3,750.00/Gm.",,Sale,0,1,0
227,1,L19104000050,102,104,128,130,109,111,12.3,0.0,12.3,40.0,0.0,0.0,187.61,0.0,0.0,0.0,0.0,0.0,679.61,0.0,679.61,20.38,700.0,Net Wt: 12.300 Gm.@Rate 40.00/Gm.,,Sale,0,1,0
228,1,L19104000051,102,104,119,121,109,111,69.23,0.0,69.23,40.0,0.0,0.0,337.6,0.0,0.0,0.0,0.0,0.0,3106.8,0.0,3106.8,93.2,3200.0,Net Wt: 69.230 Gm.@Rate 40.00/Gm.,,Sale,0,1,0
229,1,L19103000571,102,103,115,102,102,103,2.44,0.0,2.44,3600.0,0.0,0.0,730.56,0.0,0.0,0.0,0.0,0.0,9514.56,0.0,9514.56,285.44,9800.0,"Net Wt: 2.440 Gm.@Rate 3,600.00/Gm.",,Sale,0,1,0
230,1,L19104000052,102,104,119,121,109,111,26.3,0.0,26.3,40.0,0.0,0.0,307.22,0.0,0.0,0.0,0.0,0.0,1359.22,0.0,1359.22,40.78,1400.0,Net Wt: 26.300 Gm.@Rate 40.00/Gm.,,Sale,0,1,0
231,1,L19104000053,102,104,127,129,109,111,15.0,0.0,15.0,40.0,0.0,0.0,196.12,0.0,0.0,0.0,0.0,0.0,796.12,0.0,796.12,23.88,820.0,Net Wt: 15.000 Gm.@Rate 40.00/Gm.,,Sale,0,1,0
232,1,L19104000054,102,104,119,121,109,111,65.32,0.0,65.32,40.0,0.0,0.0,396.91,0.0,0.0,0.0,0.0,0.0,3009.71,0.0,3009.71,90.3,3100.0,Net Wt: 65.320 Gm.@Rate 40.00/Gm.,,Sale,0,1,0
233,1,L19104000055,102,104,119,121,109,111,23.36,4.04,19.32,40.0,0.0,0.0,198.07,0.0,0.0,0.0,0.0,0.0,970.87,0.0,970.87,29.12,1000.0,Net Wt: 19.320 Gm.@Rate 40.00/Gm./Stn Weight: 4.040,,Sale,0,1,0
234,1,L19104000056,102,104,119,121,109,111,36.3,0.0,36.3,40.0,0.0,0.0,295.57,0.0,0.0,0.0,0.0,0.0,1747.57,0.0,1747.57,52.42,1800.0,Net Wt: 36.300 Gm.@Rate 40.00/Gm.,,Sale,0,1,0
235,1,L19103000572,102,103,331,102,102,103,2.6,0.0,2.6,3600.0,0.0,0.0,834.17,0.0,0.0,0.0,0.0,0.0,10194.17,0.0,10194.17,305.82,10500.0,"Net Wt: 2.600 Gm.@Rate 3,600.00/Gm.",,Sale,0,1,0
236,1,L19104000057,102,104,289,102,109,111,31.41,0.0,31.41,42.0,0.0,0.0,622.53,0.0,0.0,0.0,0.0,0.0,1941.75,0.0,1941.75,58.26,2000.0,Net Wt: 31.410 Gm.@Rate 42.00/Gm.,,Sale,0,1,0
238,1,L19103000587,102,103,116,102,102,103,0.67,0.0,0.67,3600.0,0.0,0.0,354.99,0.0,0.0,0.0,0.0,0.0,2766.99,0.0,2766.99,83.0,2850.0,"Net Wt: 0.670 Gm.@Rate 3,600.00/Gm.",,Sale,0,1,0
239,1,L19104000059,102,104,119,121,109,111,55.3,0.0,55.3,43.0,0.0,0.0,816.27,0.0,0.0,0.0,0.0,0.0,3194.17,0.0,3194.17,95.82,3290.0,Net Wt: 55.300 Gm.@Rate 43.00/Gm.,,Sale,0,1,0
240,1,K19103000549,102,103,331,102,102,103,1.37,0.0,1.37,3650.0,0.0,0.0,436.39,0.0,0.0,0.0,0.0,0.0,5436.89,0.0,5436.89,163.1,5600.0,"Net Wt: 1.370 Gm.@Rate 3,650.00/Gm.",,Sale,0,1,0
240,2,L19104000060,102,104,119,121,109,111,89.5,0.0,89.5,43.0,0.0,0.0,423.34,0.0,0.0,0.0,0.0,0.0,4271.84,0.0,4271.84,128.16,4400.0,Net Wt: 89.500 Gm.@Rate 43.00/Gm.,,Sale,0,1,0
243,1,L19104000061,102,104,134,162,109,111,12.35,0.0,12.35,43.0,0.0,0.0,148.56,0.0,0.0,0.0,0.0,0.0,679.61,0.0,679.61,20.38,700.0,Net Wt: 12.350 Gm.@Rate 43.00/Gm.,,Sale,0,1,0
244,1,L19104000062,102,104,136,137,109,111,32.2,0.0,32.2,43.0,0.0,0.0,265.89,0.0,0.0,0.0,0.0,0.0,1650.49,0.0,1650.49,49.52,1700.0,Net Wt: 32.200 Gm.@Rate 43.00/Gm.,,Sale,0,1,0
245,1,L19104000063,102,104,120,122,109,111,21.65,0.0,21.65,43.0,0.0,0.0,573.9,0.0,0.0,0.0,0.0,0.0,1504.85,0.0,1504.85,45.14,1550.0,Net Wt: 21.650 Gm.@Rate 43.00/Gm.,,Sale,0,1,0
237,1,L19104000058,102,104,119,121,109,111,83.5,0.0,83.5,43.0,0.0,0.0,1409.5,0.0,0.0,0.0,0.0,0.0,5000.0,0.0,5000.0,150.0,5150.0,Net Wt: 83.500 Gm.@Rate 43.00/Gm.,,Sale,0,1,0
241,1,L19103000588,102,103,116,102,102,103,1.28,0.0,1.28,3750.0,0.0,0.0,200.0,0.0,0.0,0.0,0.0,0.0,5000.0,0.0,5000.0,150.0,5150.0,"Net Wt: 1.280 Gm.@Rate 3,750.00/Gm.",,Sale,0,1,0
242,1,L19103000589,102,103,102,102,102,103,4.53,0.0,4.53,3750.0,0.0,0.0,1459.1,0.0,0.0,0.0,0.0,0.0,18446.6,0.0,18446.6,553.4,19000.0,"Net Wt: 4.530 Gm.@Rate 3,750.00/Gm.",,Sale,0,1,0
246,1,L19104000064,102,104,123,102,109,111,12.3,0.0,12.3,43.0,0.0,0.0,247.8,0.0,0.0,0.0,0.0,0.0,776.7,0.0,776.7,23.3,800.0,Net Wt: 12.300 Gm.@Rate 43.00/Gm.,,Sale,0,1,0
247,1,L19104000065,102,104,125,102,109,111,65.3,0.0,65.3,43.0,0.0,0.0,298.9,0.0,0.0,0.0,0.0,0.0,3106.8,0.0,3106.8,93.2,3200.0,Net Wt: 65.300 Gm.@Rate 43.00/Gm.,,Sale,0,1,0
248,1,J19103000494,102,103,102,102,102,103,1.62,0.0,1.62,3850.0,0.0,0.0,753.29,0.0,0.0,0.0,0.0,0.0,6990.29,0.0,6990.29,209.7,7200.0,"Net Wt: 1.620 Gm.@Rate 3,850.00/Gm.",,Sale,0,1,0
249,1,L19103000590,102,103,110,102,102,103,3.04,0.0,3.04,3850.0,0.0,0.0,917.36,0.0,0.0,0.0,0.0,0.0,12621.36,0.0,12621.36,378.64,13000.0,"Net Wt: 3.040 Gm.@Rate 3,850.00/Gm.",,Sale,0,1,0
250,1,I19103000267,102,103,338,102,102,103,4.7,0.0,4.7,3850.0,0.0,0.0,1807.91,0.0,0.0,0.0,0.0,0.0,19902.91,0.0,19902.91,597.08,20500.0,"Net Wt: 4.700 Gm.@Rate 3,850.00/Gm.",,Sale,0,1,0
250,2,L19103000591,102,103,238,102,102,103,0.98,0.0,0.98,3850.0,0.0,0.0,498.84,0.0,0.0,0.0,0.0,0.0,4271.84,0.0,4271.84,128.16,4400.0,"Net Wt: 0.980 Gm.@Rate 3,850.00/Gm.",,Sale,0,1,0
251,1,L19104000066,102,104,119,121,109,111,98.36,0.0,98.36,43.0,0.0,0.0,624.89,0.0,0.0,0.0,0.0,0.0,4854.37,0.0,4854.37,145.64,5000.0,Net Wt: 98.360 Gm.@Rate 43.00/Gm.,,Sale,0,1,0
252,1,L19104000067,102,104,119,121,109,111,29.1,0.0,29.1,43.0,0.0,0.0,302.1,0.0,0.0,0.0,0.0,0.0,1553.4,0.0,1553.4,46.6,1600.0,Net Wt: 29.100 Gm.@Rate 43.00/Gm.,,Sale,0,1,0
253,1,M19104000068,102,104,119,121,109,111,65.32,0.0,65.32,45.0,0.0,0.0,944.1,0.0,0.0,0.0,0.0,0.0,3883.5,0.0,3883.5,116.5,4000.0,Net Wt: 65.320 Gm.@Rate 45.00/Gm.,,Sale,0,1,0
254,1,H19103000047,102,103,331,102,102,103,3.47,0.0,3.47,3850.0,0.0,0.0,1689.04,0.0,0.0,0.0,0.0,0.0,15048.54,0.0,15048.54,451.46,15500.0,"Net Wt: 3.470 Gm.@Rate 3,850.00/Gm.",,Sale,0,1,0
255,1,M19104000069,102,104,119,121,109,111,15.2,0.0,15.2,45.0,0.0,0.0,44.16,0.0,0.0,0.0,0.0,0.0,728.16,0.0,728.16,21.84,750.0,Net Wt: 15.200 Gm.@Rate 45.00/Gm.,,Sale,0,1,0
256,1,M19103000592,102,103,116,102,102,103,0.45,0.0,0.45,3900.0,0.0,0.0,186.75,0.0,0.0,0.0,0.0,0.0,1941.75,0.0,1941.75,58.26,2000.0,"Net Wt: 0.450 Gm.@Rate 3,900.00/Gm.",,Sale,0,1,0
257,1,J19103000414,102,103,238,102,102,103,0.63,0.0,0.63,3900.0,0.0,0.0,309.99,0.0,0.0,0.0,0.0,0.0,2766.99,0.0,2766.99,83.0,2850.0,"Net Wt: 0.630 Gm.@Rate 3,900.00/Gm.",,Sale,0,1,0
258,1,J19103000461,102,103,103,102,102,103,1.11,0.0,1.11,3800.0,0.0,0.0,539.28,0.0,0.0,0.0,0.0,0.0,4757.28,0.0,4757.28,142.72,4900.0,"Net Wt: 1.110 Gm.@Rate 3,800.00/Gm.",,Sale,0,1,0
259,1,J19103000277,102,103,101,102,102,103,16.35,0.0,16.35,3800.0,0.0,0.0,1947.67,0.0,0.0,0.0,0.0,0.0,64077.67,0.0,64077.67,1922.34,66000.0,"Net Wt: 16.350 Gm.@Rate 3,800.00/Gm.",,Sale,0,1,0
260,1,J19103000366,102,103,101,102,102,103,18.38,0.0,18.38,3780.0,0.0,0.0,5766.32,0.0,0.0,0.0,0.0,0.0,75242.72,0.0,75242.72,2257.28,77500.0,"Net Wt: 18.380 Gm.@Rate 3,780.00/Gm.",,Sale,0,1,0
260,2,M19103000593,102,103,331,102,102,103,2.2,0.0,2.2,3780.0,0.0,0.0,907.3,0.0,0.0,0.0,0.0,0.0,9223.3,0.0,9223.3,276.7,9500.0,"Net Wt: 2.200 Gm.@Rate 3,780.00/Gm.",,Sale,0,1,0
261,1,I19103000227,102,103,101,102,102,103,36.1,0.0,36.1,3780.0,0.0,0.0,11600.25,0.0,0.0,0.0,0.0,0.0,148058.25,0.0,148058.25,4441.74,152500.0,"Net Wt: 36.100 Gm.@Rate 3,780.00/Gm.",,Sale,0,1,0
261,2,J19103000372,102,103,235,102,102,103,5.34,0.0,5.34,3780.0,0.0,0.0,1174.02,0.0,0.0,0.0,0.0,0.0,21359.22,0.0,21359.22,640.78,22000.0,"Net Wt: 5.340 Gm.@Rate 3,780.00/Gm.",,Sale,0,1,0
262,1,K19103000548,102,103,331,102,102,103,1.38,0.0,1.38,3850.0,0.0,0.0,512.24,0.0,0.0,0.0,0.0,0.0,5825.24,0.0,5825.24,174.76,6000.0,"Net Wt: 1.380 Gm.@Rate 3,850.00/Gm.",,Sale,0,1,0
262,2,J19103000462,102,103,103,102,102,103,2.03,0.0,2.03,3850.0,0.0,0.0,1407.8,0.0,0.0,0.0,0.0,0.0,9223.3,0.0,9223.3,276.7,9500.0,"Net Wt: 2.030 Gm.@Rate 3,850.00/Gm.",,Sale,0,1,0
263,1,M19104000070,102,104,119,121,109,111,56.2,0.0,56.2,45.0,0.0,0.0,869.06,0.0,0.0,0.0,0.0,0.0,3398.06,0.0,3398.06,101.94,3500.0,Net Wt: 56.200 Gm.@Rate 45.00/Gm.,,Sale,0,1,0
266,1,M19104000073,102,104,119,121,109,111,65.3,0.0,65.3,45.0,0.0,0.0,459.56,0.0,0.0,0.0,0.0,0.0,3398.06,0.0,3398.06,101.94,3500.0,Net Wt: 65.300 Gm.@Rate 45.00/Gm.,,Sale,0,1,0
267,1,M19104000074,102,104,119,121,109,111,34.8,0.0,34.8,45.0,0.0,0.0,472.83,0.0,0.0,0.0,0.0,0.0,2038.83,0.0,2038.83,61.16,2100.0,Net Wt: 34.800 Gm.@Rate 45.00/Gm.,,Sale,0,1,0
268,1,I19103000202,102,103,112,102,102,103,10.96,0.0,10.96,3780.0,0.0,0.0,3231.39,0.0,0.0,0.0,0.0,0.0,44660.19,0.0,44660.19,1339.8,46000.0,"Net Wt: 10.960 Gm.@Rate 3,780.00/Gm.",,Sale,0,1,0
269,1,H19103000011,102,103,102,102,102,103,4.0,0.0,4.0,3780.0,0.0,0.0,1384.85,0.0,0.0,0.0,0.0,0.0,16504.85,0.0,16504.85,495.14,17000.0,"Net Wt: 4.000 Gm.@Rate 3,780.00/Gm.",,Sale,0,1,0
264,1,M19104000071,102,104,125,102,109,111,22.11,0.0,22.11,45.0,0.0,0.0,655.54,0.0,0.0,0.0,0.0,0.0,1650.49,0.0,1650.49,49.52,1700.0,Net Wt: 22.110 Gm.@Rate 45.00/Gm.,,Sale,0,1,0
265,1,M19104000072,102,104,127,129,109,111,15.0,0.0,15.0,45.0,0.0,0.0,295.87,0.0,0.0,0.0,0.0,0.0,970.87,0.0,970.87,29.12,1000.0,Net Wt: 15.000 Gm.@Rate 45.00/Gm.,,Sale,0,1,0
270,1,H19103000006,102,103,102,102,102,103,5.4,0.0,5.4,3780.0,0.0,0.0,1918.1,0.0,0.0,0.0,0.0,0.0,22330.1,0.0,22330.1,669.9,23000.0,"Net Wt: 5.400 Gm.@Rate 3,780.00/Gm.",,Sale,0,1,0
271,1,M19104000075,102,104,119,121,109,111,98.36,0.0,98.36,45.0,0.0,0.0,913.61,0.0,0.0,0.0,0.0,0.0,5339.81,0.0,5339.81,160.2,5500.0,Net Wt: 98.360 Gm.@Rate 45.00/Gm.,,Sale,0,1,0
272,1,J19103000456,102,103,103,102,102,103,2.66,0.0,2.66,3780.0,0.0,0.0,818.99,0.0,0.0,0.0,0.0,0.0,10873.79,0.0,10873.79,326.22,11200.0,"Net Wt: 2.660 Gm.@Rate 3,780.00/Gm.",,Sale,0,1,0
273,1,M19104000076,102,104,126,128,109,111,85.3,0.0,85.3,45.0,0.0,0.0,530.43,0.0,0.0,0.0,0.0,0.0,4368.93,0.0,4368.93,131.06,4500.0,Net Wt: 85.300 Gm.@Rate 45.00/Gm.,,Sale,0,1,0
274,1,M19104000077,102,104,132,134,109,111,65.32,0.0,65.32,45.0,0.0,0.0,458.66,0.0,0.0,0.0,0.0,0.0,3398.06,0.0,3398.06,101.94,3500.0,Net Wt: 65.320 Gm.@Rate 45.00/Gm.,,Sale,0,1,0
275,1,M19104000078,102,104,126,128,109,111,36.2,0.0,36.2,45.0,0.0,0.0,312.75,0.0,0.0,0.0,0.0,0.0,1941.75,0.0,1941.75,58.26,2000.0,Net Wt: 36.200 Gm.@Rate 45.00/Gm.,,Sale,0,1,0
276,1,M19103000594,102,103,116,102,102,103,0.5,0.0,0.5,3700.0,0.0,0.0,237.38,0.0,0.0,0.0,0.0,0.0,2087.38,0.0,2087.38,62.62,2150.0,"Net Wt: 0.500 Gm.@Rate 3,700.00/Gm.",,Sale,0,1,0
277,1,J19103000384,102,103,331,102,102,103,1.99,0.0,1.99,3700.0,0.0,0.0,403.99,0.0,0.0,0.0,0.0,0.0,7766.99,0.0,7766.99,233.0,8000.0,"Net Wt: 1.990 Gm.@Rate 3,700.00/Gm.",,Sale,0,1,0
278,1,J19103000506,102,103,102,102,102,103,1.6,0.0,1.6,3700.0,0.0,0.0,876.12,0.0,0.0,0.0,0.0,0.0,6796.12,0.0,6796.12,203.88,7000.0,"Net Wt: 1.600 Gm.@Rate 3,700.00/Gm.",,Sale,0,1,0
279,1,M19104000079,102,104,119,121,109,111,96.32,0.0,96.32,43.0,0.0,0.0,712.61,0.0,0.0,0.0,0.0,0.0,4854.37,0.0,4854.37,145.64,5000.0,Net Wt: 96.320 Gm.@Rate 43.00/Gm.,,Sale,0,1,0
280,1,J19103000427,102,103,331,102,102,103,3.71,0.0,3.71,3700.0,0.0,0.0,1321.54,0.0,0.0,0.0,0.0,0.0,15048.54,0.0,15048.54,451.46,15500.0,"Net Wt: 3.710 Gm.@Rate 3,700.00/Gm.",,Sale,0,1,0
281,1,M19104000080,102,104,119,121,109,111,63.2,0.0,63.2,45.0,0.0,0.0,651.15,0.0,0.0,0.0,0.0,0.0,3495.15,0.0,3495.15,104.86,3600.0,Net Wt: 63.200 Gm.@Rate 45.00/Gm.,,Sale,0,1,0
282,1,M19104000081,102,104,119,121,109,111,53.23,0.0,53.23,45.0,0.0,0.0,517.27,0.0,0.0,0.0,0.0,0.0,2912.62,0.0,2912.62,87.38,3000.0,Net Wt: 53.230 Gm.@Rate 45.00/Gm.,,Sale,0,1,0
283,1,M19103000595,102,103,103,102,102,103,3.0,0.0,3.0,3700.0,0.0,0.0,550.49,0.0,0.0,0.0,0.0,0.0,11650.49,0.0,11650.49,349.52,12000.0,"Net Wt: 3.000 Gm.@Rate 3,700.00/Gm.",,Sale,0,1,0
284,1,K19103000546,102,103,331,102,102,103,2.31,0.0,2.31,3700.0,0.0,0.0,190.86,0.0,0.0,0.0,0.0,0.0,8737.86,0.0,8737.86,262.14,9000.0,"Net Wt: 2.310 Gm.@Rate 3,700.00/Gm.",,Sale,0,1,0
285,1,M19104000082,102,104,119,121,109,111,105.0,0.0,105.0,45.0,0.0,0.0,323.54,0.0,0.0,0.0,0.0,0.0,5048.54,0.0,5048.54,151.46,5200.0,Net Wt: 105.000 Gm.@Rate 45.00/Gm.,,Sale,0,1,0
286,1,N19104000083,102,104,119,121,109,111,85.32,0.0,85.32,45.0,0.0,0.0,626.62,0.0,0.0,0.0,0.0,0.0,4466.02,0.0,4466.02,133.98,4600.0,Net Wt: 85.320 Gm.@Rate 45.00/Gm.,,Sale,0,1,0
287,1,J19103000422,102,103,238,102,102,103,0.43,0.0,0.43,3750.0,0.0,0.0,426.33,0.0,0.0,0.0,0.0,0.0,2038.83,0.0,2038.83,61.16,2100.0,"Net Wt: 0.430 Gm.@Rate 3,750.00/Gm.",,Sale,0,1,0
288,1,N19103000596,102,103,116,102,102,103,0.67,0.0,0.67,3750.0,0.0,0.0,303.03,0.0,0.0,0.0,0.0,0.0,2815.53,0.0,2815.53,84.46,2900.0,"Net Wt: 0.670 Gm.@Rate 3,750.00/Gm.",,Sale,0,1,0
289,1,N19103000597,102,103,102,102,102,103,5.1,0.0,5.1,3750.0,0.0,0.0,1263.35,0.0,0.0,0.0,0.0,0.0,20388.35,0.0,20388.35,611.66,21000.0,"Net Wt: 5.100 Gm.@Rate 3,750.00/Gm.",,Sale,0,1,0
290,1,N19103000598,102,103,113,102,102,103,3.2,0.0,3.2,3750.0,0.0,0.0,815.53,0.0,0.0,0.0,0.0,0.0,12815.53,0.0,12815.53,384.46,13200.0,"Net Wt: 3.200 Gm.@Rate 3,750.00/Gm.",,Sale,0,1,0
291,1,N19104000084,102,104,127,129,109,111,15.0,0.0,15.0,45.0,0.0,0.0,150.24,0.0,0.0,0.0,0.0,0.0,825.24,0.0,825.24,24.76,850.0,Net Wt: 15.000 Gm.@Rate 45.00/Gm.,,Sale,0,1,0
292,1,N19104000085,102,104,125,102,109,111,35.62,0.0,35.62,45.0,0.0,0.0,533.02,0.0,0.0,0.0,0.0,0.0,2135.92,0.0,2135.92,64.08,2200.0,Net Wt: 35.620 Gm.@Rate 45.00/Gm.,,Sale,0,1,0
293,1,N19104000086,102,104,124,126,109,111,45.32,0.0,45.32,45.0,0.0,0.0,387.78,0.0,0.0,0.0,0.0,0.0,2427.18,0.0,2427.18,72.82,2500.0,Net Wt: 45.320 Gm.@Rate 45.00/Gm.,,Sale,0,1,0
302,1,J19103000342,102,103,112,102,102,103,3.1,0.0,3.1,3750.0,0.0,0.0,996.36,0.0,0.0,0.0,0.0,0.0,12621.36,0.0,12621.36,378.64,13000.0,"Net Wt: 3.100 Gm.@Rate 3,750.00/Gm.",,Sale,0,1,0
303,1,N19104000089,102,104,119,121,109,111,25.36,0.0,25.36,40.0,0.0,0.0,441.91,0.0,0.0,0.0,0.0,0.0,1456.31,0.0,1456.31,43.68,1500.0,Net Wt: 25.360 Gm.@Rate 40.00/Gm.,,Sale,0,1,0
304,1,H19103000077,102,103,331,102,102,103,3.28,0.0,3.28,3750.0,0.0,0.0,806.8,0.0,0.0,0.0,0.0,0.0,13106.8,0.0,13106.8,393.2,13500.0,"Net Wt: 3.280 Gm.@Rate 3,750.00/Gm.",,Sale,0,1,0
294,1,N19104000087,102,104,119,121,109,111,45.32,0.0,45.32,45.0,0.0,0.0,581.96,0.0,0.0,0.0,0.0,0.0,2621.36,0.0,2621.36,78.64,2700.0,Net Wt: 45.320 Gm.@Rate 45.00/Gm.,,Sale,0,1,0
295,1,N19103000599,102,103,342,102,102,103,33.43,0.0,33.43,3750.0,0.0,0.0,10074.39,0.0,0.0,0.0,0.0,0.0,135436.89,0.0,135436.89,4063.1,139500.0,"Net Wt: 33.430 Gm.@Rate 3,750.00/Gm.",,Sale,0,1,0
296,1,J19103000276,102,103,101,102,102,103,17.04,0.0,17.04,3750.0,0.0,0.0,4546.6,0.0,0.0,0.0,0.0,0.0,68446.6,0.0,68446.6,2053.4,70500.0,"Net Wt: 17.040 Gm.@Rate 3,750.00/Gm.",,Sale,0,1,0
297,1,K19103000542,102,103,331,102,102,103,2.24,0.0,2.24,3750.0,0.0,0.0,726.21,0.0,0.0,0.0,0.0,0.0,9126.21,0.0,9126.21,273.78,9400.0,"Net Wt: 2.240 Gm.@Rate 3,750.00/Gm.",,Sale,0,1,0
298,1,J19103000393,102,103,102,102,102,103,3.3,0.0,3.3,3750.0,0.0,0.0,1217.23,0.0,0.0,0.0,0.0,0.0,13592.23,0.0,13592.23,407.76,14000.0,"Net Wt: 3.300 Gm.@Rate 3,750.00/Gm.",,Sale,0,1,0
299,1,N19103000600,102,103,104,102,102,103,1.6,0.0,1.6,3750.0,0.0,0.0,699.03,0.0,0.0,0.0,0.0,0.0,6699.03,0.0,6699.03,200.98,6900.0,"Net Wt: 1.600 Gm.@Rate 3,750.00/Gm.",,Sale,0,1,0
300,1,N19104000088,102,104,353,102,109,111,46.1,0.0,46.1,45.0,0.0,0.0,1323.56,0.0,0.0,0.0,0.0,0.0,3398.06,0.0,3398.06,101.94,3500.0,Net Wt: 46.100 Gm.@Rate 45.00/Gm.,,Sale,0,1,0
301,1,I19103000221,102,103,101,102,102,103,17.84,0.0,17.84,3750.0,0.0,0.0,5430.1,0.0,0.0,0.0,0.0,0.0,72330.1,0.0,72330.1,2169.9,74500.0,"Net Wt: 17.840 Gm.@Rate 3,750.00/Gm.",,Sale,0,1,0
301,2,N19103000601,102,103,112,102,102,103,7.77,0.0,7.77,3750.0,0.0,0.0,2415.9,0.0,0.0,0.0,0.0,0.0,31553.4,0.0,31553.4,946.6,32500.0,"Net Wt: 7.770 Gm.@Rate 3,750.00/Gm.",,Sale,0,1,0
305,1,J19103000517,102,103,342,102,102,103,26.68,0.0,26.68,3750.0,0.31,0.0,3833.5,0.0,0.0,0.0,0.0,0.0,103883.5,0.0,103883.5,3116.5,107000.0,"Net Wt: 26.680 Gm.@Rate 3,750.00/Gm.",,Sale,0,1,0
305,2,K19103000561,102,103,103,102,102,103,4.51,0.0,4.51,3750.0,0.0,0.0,563.23,0.0,0.0,0.0,0.0,0.0,17475.73,0.0,17475.73,524.28,18000.0,"Net Wt: 4.510 Gm.@Rate 3,750.00/Gm.",,Sale,0,1,0
306,1,N19104000090,102,104,119,121,109,111,30.0,0.0,30.0,44.0,0.0,0.0,524.66,0.0,0.0,0.0,0.0,0.0,1844.66,0.0,1844.66,55.34,1900.0,Net Wt: 30.000 Gm.@Rate 44.00/Gm.,,Sale,0,1,0
307,1,J19103000432,102,103,331,102,102,103,1.8,0.0,1.8,3750.0,0.0,0.0,531.55,0.0,0.0,0.0,0.0,0.0,7281.55,0.0,7281.55,218.44,7500.0,"Net Wt: 1.800 Gm.@Rate 3,750.00/Gm.",,Sale,0,1,0
308,1,N19104000091,102,104,119,121,109,111,41.3,0.0,41.3,43.0,0.0,0.0,165.85,0.0,0.0,0.0,0.0,0.0,1941.75,0.0,1941.75,58.26,2000.0,Net Wt: 41.300 Gm.@Rate 43.00/Gm.,,Sale,0,1,0
309,1,J19103000478,102,103,236,102,102,103,2.91,0.0,2.91,3750.0,0.0,0.0,932.16,0.0,0.0,0.0,0.0,0.0,11844.66,0.0,11844.66,355.34,12200.0,"Net Wt: 2.910 Gm.@Rate 3,750.00/Gm.",,Sale,0,1,0
310,1,J19103000474,102,103,103,102,102,103,0.89,0.0,0.89,3750.0,0.0,0.0,254.73,0.0,0.0,0.0,0.0,0.0,3592.23,0.0,3592.23,107.76,3700.0,"Net Wt: 0.890 Gm.@Rate 3,750.00/Gm.",,Sale,0,1,0
311,1,H19103000089,102,103,331,102,102,103,2.74,0.0,2.74,3750.0,0.0,0.0,890.05,0.0,0.0,0.0,0.0,0.0,11165.05,0.0,11165.05,334.96,11500.0,"Net Wt: 2.740 Gm.@Rate 3,750.00/Gm.",,Sale,0,1,0
312,1,H19103000002,102,103,102,102,102,103,5.71,0.0,5.71,3750.0,0.0,0.0,2373.91,0.0,0.0,0.0,0.0,0.0,23786.41,0.0,23786.41,713.6,24500.0,"Net Wt: 5.710 Gm.@Rate 3,750.00/Gm.",,Sale,0,1,0
313,1,J19103000355,102,103,338,102,102,103,4.29,0.0,4.29,3750.0,0.0,0.0,1873.67,0.0,0.0,0.0,0.0,0.0,17961.17,0.0,17961.17,538.84,18500.01,"Net Wt: 4.290 Gm.@Rate 3,750.00/Gm.",,Sale,0,1,0
314,1,H19103000048,102,103,331,102,102,103,2.08,0.0,2.08,3750.0,0.0,0.0,937.86,0.0,0.0,0.0,0.0,0.0,8737.86,0.0,8737.86,262.14,9000.0,"Net Wt: 2.080 Gm.@Rate 3,750.00/Gm.",,Sale,0,1,0
315,1,J19103000387,102,103,331,102,102,103,3.12,0.0,3.12,3750.0,0.0,0.0,921.36,0.0,0.0,0.0,0.0,0.0,12621.36,0.0,12621.36,378.64,13000.0,"Net Wt: 3.120 Gm.@Rate 3,750.00/Gm.",,Sale,0,1,0
316,1,K19103000541,102,103,331,102,102,103,2.2,0.0,2.2,3750.0,0.0,0.0,682.04,0.0,0.0,0.0,0.0,0.0,8932.04,0.0,8932.04,267.96,9200.0,"Net Wt: 2.200 Gm.@Rate 3,750.00/Gm.",,Sale,0,1,0
317,1,N19104000092,102,104,119,121,109,111,65.32,0.0,65.32,40.0,0.0,0.0,591.08,0.0,0.0,0.0,0.0,0.0,3203.88,0.0,3203.88,96.12,3300.0,Net Wt: 65.320 Gm.@Rate 40.00/Gm.,,Sale,0,1,0
318,1,N19104000093,102,104,133,135,109,111,19.23,0.0,19.23,45.0,0.0,0.0,289.99,0.0,0.0,0.0,0.0,0.0,1155.34,0.0,1155.34,34.66,1190.0,Net Wt: 19.230 Gm.@Rate 45.00/Gm.,,Sale,0,1,0
319,1,N19104000094,102,104,119,121,109,111,36.3,0.0,36.3,40.0,0.0,0.0,295.57,0.0,0.0,0.0,0.0,0.0,1747.57,0.0,1747.57,52.42,1800.0,Net Wt: 36.300 Gm.@Rate 40.00/Gm.,,Sale,0,1,0
320,1,J19103000413,102,103,102,102,102,103,3.01,0.0,3.01,3750.0,0.0,0.0,1139.68,0.0,0.0,0.0,0.0,0.0,12427.18,0.0,12427.18,372.82,12800.0,"Net Wt: 3.010 Gm.@Rate 3,750.00/Gm.",,Sale,0,1,0
320,2,L19103000579,102,103,331,102,102,103,3.88,0.0,3.88,3750.0,0.0,0.0,1469.42,0.0,0.0,0.0,0.0,0.0,16019.42,0.0,16019.42,480.58,16500.0,"Net Wt: 3.880 Gm.@Rate 3,750.00/Gm.",,Sale,0,1,0
320,3,N19104000095,102,104,119,121,109,111,75.32,0.0,75.32,40.0,0.0,0.0,676.52,0.0,0.0,0.0,0.0,0.0,3689.32,0.0,3689.32,110.68,3800.0,Net Wt: 75.320 Gm.@Rate 40.00/Gm.,,Sale,0,1,0
321,1,N19104000096,102,104,119,121,109,111,52.3,0.0,52.3,43.0,0.0,0.0,663.72,0.0,0.0,0.0,0.0,0.0,2912.62,0.0,2912.62,87.38,3000.0,Net Wt: 52.300 Gm.@Rate 43.00/Gm.,,Sale,0,1,0
322,1,H19103000032,102,103,331,102,102,103,3.44,0.0,3.44,3750.0,0.0,0.0,1468.93,0.0,0.0,0.0,0.0,0.0,14368.93,0.0,14368.93,431.06,14800.0,"Net Wt: 3.440 Gm.@Rate 3,750.00/Gm.",,Sale,0,1,0
323,1,I19103000268,102,103,338,102,102,103,5.45,0.0,5.45,3750.0,0.0,0.0,1892.6,0.0,0.0,0.0,0.0,0.0,22330.1,0.0,22330.1,669.9,23000.0,"Net Wt: 5.450 Gm.@Rate 3,750.00/Gm.",,Sale,0,1,0
324,1,J19103000469,102,103,103,102,102,103,3.18,0.0,3.18,3750.0,0.0,0.0,696.36,0.0,0.0,0.0,0.0,0.0,12621.36,0.0,12621.36,378.64,13000.0,"Net Wt: 3.180 Gm.@Rate 3,750.00/Gm.",,Sale,0,1,0
325,1,H19103000086,102,103,331,102,102,103,5.81,0.0,5.81,3850.0,0.0,0.0,1417.91,0.0,0.0,0.0,0.0,0.0,23786.41,0.0,23786.41,713.6,24500.0,"Net Wt: 5.810 Gm.@Rate 3,850.00/Gm.",,Sale,0,1,0
325,2,J19103000389,102,103,102,102,102,103,3.29,0.0,3.29,3850.0,0.0,0.0,731.56,0.0,0.0,0.0,0.0,0.0,13398.06,0.0,13398.06,401.94,13800.0,"Net Wt: 3.290 Gm.@Rate 3,850.00/Gm.",,Sale,0,1,0
325,3,N19103000736,102,103,105,102,102,103,5.55,0.0,5.55,3850.0,0.0,0.0,1156.77,0.0,0.0,0.0,0.0,0.0,22524.27,0.0,22524.27,675.72,23200.0,"Net Wt: 5.550 Gm.@Rate 3,850.00/Gm.",,Sale,0,1,0
326,1,L19103000586,102,103,107,102,102,103,2.46,0.0,2.46,3850.0,0.0,0.0,529.0,0.0,0.0,0.0,0.0,0.0,10000.0,0.0,10000.0,300.0,10300.0,"Net Wt: 2.460 Gm.@Rate 3,850.00/Gm.",,Sale,0,1,0
327,1,N19104000097,102,104,122,124,109,111,55.34,0.0,55.34,45.0,0.0,0.0,567.95,0.0,0.0,0.0,0.0,0.0,3058.25,0.0,3058.25,91.74,3150.0,Net Wt: 55.340 Gm.@Rate 45.00/Gm.,,Sale,0,1,0
328,1,N19103000710,102,103,235,102,102,103,3.61,0.0,3.61,3850.0,0.0,0.0,664.61,0.0,0.0,0.0,0.0,0.0,14563.11,0.0,14563.11,436.9,15000.0,"Net Wt: 3.610 Gm.@Rate 3,850.00/Gm.",,Sale,0,1,0
329,1,N19104000098,102,104,119,121,109,111,20.0,0.0,20.0,45.0,0.0,0.0,167.96,0.0,0.0,0.0,0.0,0.0,1067.96,0.0,1067.96,32.04,1100.0,Net Wt: 20.000 Gm.@Rate 45.00/Gm.,,Sale,0,1,0
330,1,N19104000099,102,104,123,102,109,111,10.0,0.0,10.0,45.0,0.0,0.0,132.52,0.0,0.0,0.0,0.0,0.0,582.52,0.0,582.52,17.48,600.0,Net Wt: 10.000 Gm.@Rate 45.00/Gm.,,Sale,0,1,0
331,1,J19103000504,102,103,102,102,102,103,1.55,0.0,1.55,3850.0,0.0,0.0,246.09,0.0,0.0,0.0,0.0,0.0,6213.59,0.0,6213.59,186.4,6400.0,"Net Wt: 1.550 Gm.@Rate 3,850.00/Gm.",,Sale,0,1,0
332,1,N19104000100,102,104,123,102,109,111,25.3,0.0,25.3,45.0,0.0,0.0,220.72,0.0,0.0,0.0,0.0,0.0,1359.22,0.0,1359.22,40.78,1400.0,Net Wt: 25.300 Gm.@Rate 45.00/Gm.,,Sale,0,1,0
333,1,N19104000101,102,104,285,102,109,111,200.0,0.0,200.0,45.0,0.0,0.0,1873.79,0.0,0.0,0.0,0.0,0.0,10873.79,0.0,10873.79,326.22,11200.0,Net Wt: 200.000 Gm.@Rate 45.00/Gm.,,Sale,0,1,0
334,1,N19104000102,102,104,120,122,109,111,11.2,0.0,11.2,45.0,0.0,0.0,78.52,0.0,0.0,0.0,0.0,0.0,582.52,0.0,582.52,17.48,600.0,Net Wt: 11.200 Gm.@Rate 45.00/Gm.,,Sale,0,1,0
335,1,N19103000737,102,103,101,102,102,103,5.0,0.0,5.0,3850.0,0.0,0.0,1138.35,0.0,0.0,0.0,0.0,0.0,20388.35,0.0,20388.35,611.66,21000.0,"Net Wt: 5.000 Gm.@Rate 3,850.00/Gm.",,Sale,0,1,0
336,1,J19103000505,102,103,102,102,102,103,1.34,0.0,1.34,3850.0,0.0,0.0,472.07,0.0,0.0,0.0,0.0,0.0,5631.07,0.0,5631.07,168.94,5800.0,"Net Wt: 1.340 Gm.@Rate 3,850.00/Gm.",,Sale,0,1,0
337,1,N19104000103,102,104,122,124,109,111,11.2,0.0,11.2,45.0,0.0,0.0,78.52,0.0,0.0,0.0,0.0,0.0,582.52,0.0,582.52,17.48,600.0,Net Wt: 11.200 Gm.@Rate 45.00/Gm.,,Sale,0,1,0
338,1,N19104000104,102,104,119,121,109,111,36.3,0.0,36.3,45.0,0.0,0.0,502.42,0.0,0.0,0.0,0.0,0.0,2135.92,0.0,2135.92,64.08,2200.0,Net Wt: 36.300 Gm.@Rate 45.00/Gm.,,Sale,0,1,0
339,1,N19104000105,102,104,124,126,109,111,10.0,0.0,10.0,45.0,0.0,0.0,132.52,0.0,0.0,0.0,0.0,0.0,582.52,0.0,582.52,17.48,600.0,Net Wt: 10.000 Gm.@Rate 45.00/Gm.,,Sale,0,1,0
340,1,N19104000106,102,104,119,121,109,111,20.0,0.0,20.0,45.0,0.0,0.0,119.42,0.0,0.0,0.0,0.0,0.0,1019.42,0.0,1019.42,30.58,1050.0,Net Wt: 20.000 Gm.@Rate 45.00/Gm.,,Sale,0,1,0
341,1,K19103000537,102,103,331,102,102,103,1.03,0.0,1.03,3850.0,0.0,0.0,160.71,0.0,0.0,0.0,0.0,0.0,4126.21,0.0,4126.21,123.78,4250.0,"Net Wt: 1.030 Gm.@Rate 3,850.00/Gm.",,Sale,0,1,0
342,1,N19103000711,102,103,235,102,102,103,2.7,0.0,2.7,3850.0,0.0,0.0,1449.66,0.0,0.0,0.0,0.0,0.0,11844.66,0.0,11844.66,355.34,12200.0,"Net Wt: 2.700 Gm.@Rate 3,850.00/Gm.",,Sale,0,1,0
343,1,N19104000107,102,104,119,121,109,111,20.0,0.0,20.0,45.0,0.0,0.0,70.87,0.0,0.0,0.0,0.0,0.0,970.87,0.0,970.87,29.12,1000.0,Net Wt: 20.000 Gm.@Rate 45.00/Gm.,,Sale,0,1,0
344,1,N19104000108,102,104,123,102,109,111,10.0,0.0,10.0,45.0,0.0,0.0,83.98,0.0,0.0,0.0,0.0,0.0,533.98,0.0,533.98,16.02,550.0,Net Wt: 10.000 Gm.@Rate 45.00/Gm.,,Sale,0,1,0
345,1,N19104000109,102,104,119,121,109,111,85.3,0.0,85.3,45.0,0.0,0.0,239.17,0.0,0.0,0.0,0.0,0.0,4077.67,0.0,4077.67,122.34,4200.0,Net Wt: 85.300 Gm.@Rate 45.00/Gm.,,Sale,0,1,0
346,1,N19104000110,102,104,120,122,109,111,10.0,0.0,10.0,45.0,0.0,0.0,132.52,0.0,0.0,0.0,0.0,0.0,582.52,0.0,582.52,17.48,600.0,Net Wt: 10.000 Gm.@Rate 45.00/Gm.,,Sale,0,1,0
347,1,N19104000111,102,104,120,122,109,111,15.31,0.0,15.31,45.0,0.0,0.0,136.29,0.0,0.0,0.0,0.0,0.0,825.24,0.0,825.24,24.76,850.0,Net Wt: 15.310 Gm.@Rate 45.00/Gm.,,Sale,0,1,0
348,1,N19103000738,102,103,102,102,102,103,6.25,0.0,6.25,3850.0,0.0,0.0,2248.18,0.0,0.0,0.0,0.0,0.0,26310.68,0.0,26310.68,789.32,27100.0,"Net Wt: 6.250 Gm.@Rate 3,850.00/Gm.",,Sale,0,1,0
349,1,I19103000247,102,103,102,102,102,103,3.4,0.0,3.4,3850.0,0.0,0.0,308.06,0.0,0.0,0.0,0.0,0.0,13398.06,0.0,13398.06,401.94,13800.0,"Net Wt: 3.400 Gm.@Rate 3,850.00/Gm.",,Sale,0,1,0
350,1,N19104000112,102,104,122,124,109,111,10.0,0.0,10.0,45.0,0.0,0.0,132.52,0.0,0.0,0.0,0.0,0.0,582.52,0.0,582.52,17.48,600.0,Net Wt: 10.000 Gm.@Rate 45.00/Gm.,,Sale,0,1,0
351,1,N19104000113,102,104,122,124,109,111,20.0,0.0,20.0,45.0,0.0,0.0,459.22,0.0,0.0,0.0,0.0,0.0,1359.22,0.0,1359.22,40.78,1400.0,Net Wt: 20.000 Gm.@Rate 45.00/Gm.,,Sale,0,1,0
352,1,N19104000114,102,104,122,124,109,111,10.0,0.0,10.0,45.0,0.0,0.0,132.52,0.0,0.0,0.0,0.0,0.0,582.52,0.0,582.52,17.48,600.0,Net Wt: 10.000 Gm.@Rate 45.00/Gm.,,Sale,0,1,0
353,1,N19104000115,102,104,119,121,109,111,25.3,0.0,25.3,45.0,0.0,0.0,414.9,0.0,0.0,0.0,0.0,0.0,1553.4,0.0,1553.4,46.6,1600.0,Net Wt: 25.300 Gm.@Rate 45.00/Gm.,,Sale,0,1,0
354,1,N19104000116,102,104,119,121,109,111,83.3,0.0,83.3,45.0,0.0,0.0,377.71,0.0,0.0,0.0,0.0,0.0,4126.21,0.0,4126.21,123.78,4250.0,Net Wt: 83.300 Gm.@Rate 45.00/Gm.,,Sale,0,1,0
355,1,J19103000297,102,103,103,102,102,103,6.54,0.0,6.54,3850.0,0.0,0.0,1228.77,0.0,0.0,0.0,0.0,0.0,26407.77,0.0,26407.77,792.24,27200.0,"Net Wt: 6.540 Gm.@Rate 3,850.00/Gm.",,Sale,0,1,0
356,1,N19104000117,102,104,122,124,109,111,20.0,0.0,20.0,45.0,0.0,0.0,70.87,0.0,0.0,0.0,0.0,0.0,970.87,0.0,970.87,29.12,1000.0,Net Wt: 20.000 Gm.@Rate 45.00/Gm.,,Sale,0,1,0
357,1,N19104000118,102,104,122,124,109,111,35.0,0.0,35.0,45.0,0.0,0.0,124.03,0.0,0.0,0.0,0.0,0.0,1699.03,0.0,1699.03,50.98,1750.0,Net Wt: 35.000 Gm.@Rate 45.00/Gm.,,Sale,0,1,0
358,1,K19103000550,102,103,331,102,102,103,1.96,0.0,1.96,3850.0,0.0,0.0,512.25,0.0,0.0,0.0,0.0,0.0,8058.25,0.0,8058.25,241.74,8300.0,"Net Wt: 1.960 Gm.@Rate 3,850.00/Gm.",,Sale,0,1,0
359,1,N19104000119,102,104,125,102,109,111,35.2,0.0,35.2,45.0,0.0,0.0,454.83,0.0,0.0,0.0,0.0,0.0,2038.83,0.0,2038.83,61.16,2100.0,Net Wt: 35.200 Gm.@Rate 45.00/Gm.,,Sale,0,1,0
360,1,N19104000120,102,104,126,128,109,111,48.6,0.0,48.6,45.0,0.0,0.0,677.08,0.0,0.0,0.0,0.0,0.0,2864.08,0.0,2864.08,85.92,2950.0,Net Wt: 48.600 Gm.@Rate 45.00/Gm.,,Sale,0,1,0
361,1,N19104000121,102,104,127,129,109,111,5.0,0.0,5.0,45.0,0.0,0.0,66.26,0.0,0.0,0.0,0.0,0.0,291.26,0.0,291.26,8.74,300.0,Net Wt: 5.000 Gm.@Rate 45.00/Gm.,,Sale,0,1,0
362,1,N19103000739,102,103,103,102,102,103,2.12,0.0,2.12,3850.0,0.0,0.0,284.6,0.0,0.0,0.0,0.0,0.0,8446.6,0.0,8446.6,253.4,8700.0,"Net Wt: 2.120 Gm.@Rate 3,850.00/Gm.",,Sale,0,1,0
363,1,N19104000122,102,104,127,129,109,111,5.0,0.0,5.0,45.0,0.0,0.0,66.26,0.0,0.0,0.0,0.0,0.0,291.26,0.0,291.26,8.74,300.0,Net Wt: 5.000 Gm.@Rate 45.00/Gm.,,Sale,0,1,0
364,1,N19104000123,102,104,119,121,109,111,35.2,0.0,35.2,45.0,0.0,0.0,260.66,0.0,0.0,0.0,0.0,0.0,1844.66,0.0,1844.66,55.34,1900.0,Net Wt: 35.200 Gm.@Rate 45.00/Gm.,,Sale,0,1,0
365,1,N19104000124,102,104,119,121,109,111,41.2,0.0,41.2,45.0,0.0,0.0,87.75,0.0,0.0,0.0,0.0,0.0,1941.75,0.0,1941.75,58.26,2000.0,Net Wt: 41.200 Gm.@Rate 45.00/Gm.,,Sale,0,1,0
366,1,N19103000734,102,103,374,101,102,103,1.36,0.0,1.36,3850.0,0.0,0.0,395.07,0.0,0.0,0.0,0.0,0.0,5631.07,0.0,5631.07,168.94,5800.0,"Net Wt: 1.360 Gm.@Rate 3,850.00/Gm.",,Sale,0,1,0
367,1,J19103000375,102,103,235,102,102,103,11.98,0.0,11.98,3850.0,4.36,0.0,2420.69,0.0,0.0,0.0,0.0,0.0,48543.69,0.0,48543.69,1456.32,50000.0,"Net Wt: 11.980 Gm.@Rate 3,850.00/Gm.",,Sale,0,1,0
368,1,J19103000295,102,103,103,102,102,103,2.47,0.0,2.47,3850.0,0.0,0.0,878.85,0.0,0.0,0.0,0.0,0.0,10388.35,0.0,10388.35,311.66,10700.0,"Net Wt: 2.470 Gm.@Rate 3,850.00/Gm.",,Sale,0,1,0
369,1,H19103000014,102,103,102,102,102,103,4.88,0.0,4.88,3850.0,0.0,0.0,1988.7,0.0,0.0,0.0,0.0,0.0,20776.7,0.0,20776.7,623.3,21400.0,"Net Wt: 4.880 Gm.@Rate 3,850.00/Gm.",,Sale,0,1,0
370,1,N19103000712,102,103,235,102,102,103,2.52,0.0,2.52,3850.0,0.0,0.0,783.44,0.0,0.0,0.0,0.0,0.0,10485.44,0.0,10485.44,314.56,10800.0,"Net Wt: 2.520 Gm.@Rate 3,850.00/Gm.",,Sale,0,1,0
371,1,J19103000472,102,103,103,102,102,103,1.06,0.0,1.06,3850.0,0.0,0.0,287.93,0.0,0.0,0.0,0.0,0.0,4368.93,0.0,4368.93,131.06,4500.0,"Net Wt: 1.060 Gm.@Rate 3,850.00/Gm.",,Sale,0,1,0
372,1,N19103000640,102,103,112,102,102,103,11.75,0.0,11.75,3850.0,0.0,0.0,3306.19,0.0,0.0,0.0,0.0,0.0,48543.69,0.0,48543.69,1456.32,50000.0,"Net Wt: 11.750 Gm.@Rate 3,850.00/Gm.",,Sale,0,1,0
373,1,H19103000085,102,103,331,102,102,103,3.81,0.0,3.81,3850.0,0.0,0.0,1350.92,0.0,0.0,0.0,0.0,0.0,16019.42,0.0,16019.42,480.58,16500.0,"Net Wt: 3.810 Gm.@Rate 3,850.00/Gm.",,Sale,0,1,0
373,2,K19103000540,102,103,331,102,102,103,3.75,0.0,3.75,3850.0,0.0,0.0,1096.48,0.0,0.0,0.0,0.0,0.0,15533.98,0.0,15533.98,466.02,16000.0,"Net Wt: 3.750 Gm.@Rate 3,850.00/Gm.",,Sale,0,1,0
373,3,J19103000386,102,103,331,102,102,103,4.79,0.0,4.79,3850.0,0.0,0.0,1946.85,0.0,0.0,0.0,0.0,0.0,20388.35,0.0,20388.35,611.66,21000.0,"Net Wt: 4.790 Gm.@Rate 3,850.00/Gm.",,Sale,0,1,0
374,1,N19104000125,102,104,126,128,109,111,55.32,0.0,55.32,45.0,0.0,0.0,1005.75,0.0,0.0,0.0,0.0,0.0,3495.15,0.0,3495.15,104.86,3600.0,Net Wt: 55.320 Gm.@Rate 45.00/Gm.,,Sale,0,1,0
375,1,N19103000740,102,103,446,102,101,102,2.0,0.0,2.0,4000.0,0.0,0.0,155.34,0.0,0.0,0.0,0.0,0.0,8155.34,0.0,8155.34,244.66,8400.0,"Net Wt: 2.000 Gm.@Rate 4,000.00/Gm.",,Sale,1,1,0
376,1,N19103000741,102,103,102,102,102,103,3.51,0.0,3.51,3850.0,0.0,0.0,564.17,0.0,0.0,0.0,0.0,0.0,14077.67,0.0,14077.67,422.34,14500.0,"Net Wt: 3.510 Gm.@Rate 3,850.00/Gm.",,Sale,0,1,0
377,1,N19103000742,102,103,103,102,102,103,3.95,0.0,3.95,3850.0,0.0,0.0,1006.09,0.0,0.0,0.0,0.0,0.0,16213.59,0.0,16213.59,486.4,16700.0,"Net Wt: 3.950 Gm.@Rate 3,850.00/Gm.",,Sale,0,1,0
378,1,N19103000743,102,103,102,102,102,103,1.85,0.0,1.85,3850.0,0.0,0.0,450.32,0.0,0.0,0.0,0.0,0.0,7572.82,0.0,7572.82,227.18,7800.0,"Net Wt: 1.850 Gm.@Rate 3,850.00/Gm.",,Sale,0,1,0
379,1,N19104000126,102,104,127,129,109,111,10.0,0.0,10.0,45.0,0.0,0.0,132.52,0.0,0.0,0.0,0.0,0.0,582.52,0.0,582.52,17.48,600.0,Net Wt: 10.000 Gm.@Rate 45.00/Gm.,,Sale,0,1,0
380,1,N19104000127,102,104,119,121,109,111,45.3,0.0,45.3,45.0,0.0,0.0,388.68,0.0,0.0,0.0,0.0,0.0,2427.18,0.0,2427.18,72.82,2500.0,Net Wt: 45.300 Gm.@Rate 45.00/Gm.,,Sale,0,1,0
381,1,N19103000744,102,103,103,102,102,103,1.54,0.0,1.54,3850.0,0.0,0.0,187.5,0.0,0.0,0.0,0.0,0.0,6116.5,0.0,6116.5,183.5,6300.0,"Net Wt: 1.540 Gm.@Rate 3,850.00/Gm.",,Sale,0,1,0
382,1,N19103000745,102,103,103,102,102,103,1.95,0.0,1.95,3850.0,0.0,0.0,502.21,0.0,0.0,0.0,0.0,0.0,8009.71,0.0,8009.71,240.3,8250.0,"Net Wt: 1.950 Gm.@Rate 3,850.00/Gm.",,Sale,0,1,0
383,1,N19103000746,102,103,103,102,102,103,2.3,0.0,2.3,3850.0,0.0,0.0,1096.46,0.0,0.0,0.0,0.0,0.0,9951.46,0.0,9951.46,298.54,10250.0,"Net Wt: 2.300 Gm.@Rate 3,850.00/Gm.",,Sale,0,1,0
384,1,N19104000128,102,104,127,129,109,111,5.0,0.0,5.0,45.0,0.0,0.0,46.84,0.0,0.0,0.0,0.0,0.0,271.84,0.0,271.84,8.16,280.0,Net Wt: 5.000 Gm.@Rate 45.00/Gm.,,Sale,0,1,0
385,1,N19104000129,102,104,128,130,109,111,3.0,0.0,3.0,45.0,0.0,0.0,59.17,0.0,0.0,0.0,0.0,0.0,194.17,0.0,194.17,5.82,200.0,Net Wt: 3.000 Gm.@Rate 45.00/Gm.,,Sale,0,1,0
386,1,N19103000747,102,103,102,102,102,103,3.1,0.0,3.1,3850.0,0.0,0.0,1171.8,0.0,0.0,0.0,0.0,0.0,13106.8,0.0,13106.8,393.2,13500.0,"Net Wt: 3.100 Gm.@Rate 3,850.00/Gm.",,Sale,0,1,0
387,1,N19103000748,102,103,110,102,102,103,2.95,0.0,2.95,3850.0,0.0,0.0,1555.12,0.0,0.0,0.0,0.0,0.0,12912.62,0.0,12912.62,387.38,13300.0,"Net Wt: 2.950 Gm.@Rate 3,850.00/Gm.",,Sale,0,1,0
388,1,N19103000749,102,103,238,102,102,103,0.55,0.0,0.55,3850.0,0.0,0.0,309.68,0.0,0.0,0.0,0.0,0.0,2427.18,0.0,2427.18,72.82,2500.0,"Net Wt: 0.550 Gm.@Rate 3,850.00/Gm.",,Sale,0,1,0
389,1,N19104000130,102,104,129,131,109,111,7.3,0.0,7.3,45.0,0.0,0.0,88.98,0.0,0.0,0.0,0.0,0.0,417.48,0.0,417.48,12.52,430.0,Net Wt: 7.300 Gm.@Rate 45.00/Gm.,,Sale,0,1,0
390,1,N19103000750,102,103,101,102,102,103,11.59,0.0,11.59,3850.0,0.0,0.0,3922.19,0.0,0.0,0.0,0.0,0.0,48543.69,0.0,48543.69,1456.32,50000.0,"Net Wt: 11.590 Gm.@Rate 3,850.00/Gm.",,Sale,0,1,0
391,1,N19104000131,102,104,120,122,109,111,19.2,0.0,19.2,45.0,0.0,0.0,398.14,0.0,0.0,0.0,0.0,0.0,1262.14,0.0,1262.14,37.86,1300.0,Net Wt: 19.200 Gm.@Rate 45.00/Gm.,,Sale,0,1,0
392,1,N19104000132,102,104,119,121,109,111,38.2,0.0,38.2,45.0,0.0,0.0,319.83,0.0,0.0,0.0,0.0,0.0,2038.83,0.0,2038.83,61.16,2100.0,Net Wt: 38.200 Gm.@Rate 45.00/Gm.,,Sale,0,1,0
393,1,L19103000575,102,103,102,102,102,103,3.87,0.0,3.87,3850.0,0.0,0.0,1119.92,0.0,0.0,0.0,0.0,0.0,16019.42,0.0,16019.42,480.58,16500.0,"Net Wt: 3.870 Gm.@Rate 3,850.00/Gm.",,Sale,0,1,0
394,1,N19103000687,102,103,374,101,102,103,3.22,0.0,3.22,3850.0,0.0,0.0,1195.23,0.0,0.0,0.0,0.0,0.0,13592.23,0.0,13592.23,407.76,14000.0,"Net Wt: 3.220 Gm.@Rate 3,850.00/Gm.",,Sale,0,1,0
395,1,J19103000313,102,103,103,102,102,103,4.23,0.0,4.23,3850.0,0.0,0.0,1578.58,0.0,0.0,0.0,0.0,0.0,17864.08,0.0,17864.08,535.92,18400.0,"Net Wt: 4.230 Gm.@Rate 3,850.00/Gm.",,Sale,0,1,0
396,1,H19103000041,102,103,331,102,102,103,4.16,0.0,4.16,3850.0,0.0,0.0,1459.73,0.0,0.0,0.0,0.0,0.0,17475.73,0.0,17475.73,524.28,18000.0,"Net Wt: 4.160 Gm.@Rate 3,850.00/Gm.",,Sale,0,1,0
397,1,N19103000685,102,103,236,102,102,103,3.77,0.0,3.77,3850.0,0.0,0.0,1019.48,0.0,0.0,0.0,0.0,0.0,15533.98,0.0,15533.98,466.02,16000.0,"Net Wt: 3.770 Gm.@Rate 3,850.00/Gm.",,Sale,0,1,0
398,1,N19104000133,102,104,120,122,109,111,32.3,0.0,32.3,45.0,0.0,0.0,148.44,0.0,0.0,0.0,0.0,0.0,1601.94,0.0,1601.94,48.06,1650.0,Net Wt: 32.300 Gm.@Rate 45.00/Gm.,,Sale,0,1,0
399,1,J19103000361,102,103,108,102,102,103,13.63,0.0,13.63,3850.0,0.0,0.0,1893.43,0.0,0.0,0.0,0.0,0.0,54368.93,0.0,54368.93,1631.06,56000.0,"Net Wt: 13.630 Gm.@Rate 3,850.00/Gm.",,Sale,0,1,0
400,1,N19103000751,102,103,331,102,102,103,3.1,0.0,3.1,3850.0,0.0,0.0,783.45,0.0,0.0,0.0,0.0,0.0,12718.45,0.0,12718.45,381.56,13100.0,"Net Wt: 3.100 Gm.@Rate 3,850.00/Gm.",,Sale,0,1,0
401,1,J19103000335,102,103,107,102,102,103,4.17,0.0,4.17,3850.0,0.0,0.0,1421.23,0.0,0.0,0.0,0.0,0.0,17475.73,0.0,17475.73,524.28,18000.0,"Net Wt: 4.170 Gm.@Rate 3,850.00/Gm.",,Sale,0,1,0
402,1,J19103000450,102,103,235,102,102,103,11.98,0.0,11.98,3850.0,0.0,0.0,2420.69,0.0,0.0,0.0,0.0,0.0,48543.69,0.0,48543.69,1456.32,50000.0,"Net Wt: 11.980 Gm.@Rate 3,850.00/Gm.",,Sale,0,1,0
403,1,N19103000726,102,103,374,101,102,103,2.37,0.0,2.37,3850.0,0.0,0.0,584.24,0.0,0.0,0.0,0.0,0.0,9708.74,0.0,9708.74,291.26,10000.0,"Net Wt: 2.370 Gm.@Rate 3,850.00/Gm.",,Sale,0,1,0
404,1,K19103000535,102,103,331,102,102,103,2.62,0.0,2.62,3850.0,0.0,0.0,592.61,0.0,0.0,0.0,0.0,0.0,10679.61,0.0,10679.61,320.38,11000.0,"Net Wt: 2.620 Gm.@Rate 3,850.00/Gm.",,Sale,0,1,0
405,1,N19103000680,102,103,235,102,102,103,2.11,0.0,2.11,3850.0,0.0,0.0,614.36,0.0,0.0,0.0,0.0,0.0,8737.86,0.0,8737.86,262.14,9000.0,"Net Wt: 2.110 Gm.@Rate 3,850.00/Gm.",,Sale,0,1,0
408,1,N19103000668,102,103,235,102,102,103,3.99,0.0,3.99,3850.0,0.0,0.0,1143.35,0.0,0.0,0.0,0.0,0.0,16504.85,0.0,16504.85,495.14,17000.0,"Net Wt: 3.990 Gm.@Rate 3,850.00/Gm.",,Sale,0,1,0
409,1,N19103000705,102,103,374,102,102,103,1.1,0.0,1.1,3850.0,0.0,0.0,425.19,0.0,0.0,0.0,0.0,0.0,4660.19,0.0,4660.19,139.8,4800.0,"Net Wt: 1.100 Gm.@Rate 3,850.00/Gm.",,Sale,0,1,0
410,1,J19103000416,102,103,238,102,102,103,0.44,0.0,0.44,3850.0,0.0,0.0,150.66,0.0,0.0,0.0,0.0,0.0,1844.66,0.0,1844.66,55.34,1900.0,"Net Wt: 0.440 Gm.@Rate 3,850.00/Gm.",,Sale,0,1,0
411,1,N19103000708,102,103,235,102,102,103,2.91,0.0,2.91,3850.0,0.0,0.0,1029.51,0.0,0.0,0.0,0.0,0.0,12233.01,0.0,12233.01,367.0,12600.0,"Net Wt: 2.910 Gm.@Rate 3,850.00/Gm.",,Sale,0,1,0
412,1,K19103000538,102,103,331,102,102,103,0.97,0.0,0.97,3850.0,0.0,0.0,343.17,0.0,0.0,0.0,0.0,0.0,4077.67,0.0,4077.67,122.34,4200.0,"Net Wt: 0.970 Gm.@Rate 3,850.00/Gm.",,Sale,0,1,0
413,1,O19104000136,102,104,119,121,109,111,35.2,0.0,35.2,45.0,0.0,0.0,454.83,0.0,0.0,0.0,0.0,0.0,2038.83,0.0,2038.83,61.16,2100.0,Net Wt: 35.200 Gm.@Rate 45.00/Gm.,,Sale,0,1,0
414,1,J19103000341,102,103,112,102,102,103,3.35,0.0,3.35,3850.0,0.0,0.0,1180.17,0.0,0.0,0.0,0.0,0.0,14077.67,0.0,14077.67,422.34,14500.0,"Net Wt: 3.350 Gm.@Rate 3,850.00/Gm.",,Sale,0,1,0
415,1,O19104000137,102,104,125,102,109,111,54.3,0.0,54.3,45.0,0.0,0.0,469.12,0.0,0.0,0.0,0.0,0.0,2912.62,0.0,2912.62,87.38,3000.0,Net Wt: 54.300 Gm.@Rate 45.00/Gm.,,Sale,0,1,0
416,1,J19103000371,102,103,235,102,102,103,6.4,0.0,6.4,3850.0,0.0,0.0,1573.59,0.0,0.0,0.0,0.0,0.0,26213.59,0.0,26213.59,786.4,27000.0,"Net Wt: 6.400 Gm.@Rate 3,850.00/Gm.",,Sale,0,1,0
417,1,O19103000752,102,103,110,102,102,103,2.9,0.0,2.9,3850.0,0.0,0.0,1456.36,0.0,0.0,0.0,0.0,0.0,12621.36,0.0,12621.36,378.64,13000.0,"Net Wt: 2.900 Gm.@Rate 3,850.00/Gm.",,Sale,0,1,0
418,1,O19104000138,102,104,119,121,109,111,25.3,0.0,25.3,45.0,0.0,0.0,356.65,0.0,0.0,0.0,0.0,0.0,1495.15,0.0,1495.15,44.86,1540.0,Net Wt: 25.300 Gm.@Rate 45.00/Gm.,,Sale,0,1,0
419,1,O19104000139,102,104,119,121,109,111,56.35,0.0,56.35,45.0,0.0,0.0,182.7,0.0,0.0,0.0,0.0,0.0,2718.45,0.0,2718.45,81.56,2800.0,Net Wt: 56.350 Gm.@Rate 45.00/Gm.,,Sale,0,1,0
420,1,O19103000753,102,103,103,102,102,103,4.01,0.0,4.01,3850.0,0.0,0.0,1163.44,0.0,0.0,0.0,0.0,0.0,16601.94,0.0,16601.94,498.06,17100.0,"Net Wt: 4.010 Gm.@Rate 3,850.00/Gm.",,Sale,0,1,0
421,1,O19103000754,102,103,116,102,102,103,0.63,0.0,0.63,3850.0,0.0,0.0,244.4,0.0,0.0,0.0,0.0,0.0,2669.9,0.0,2669.9,80.1,2750.0,"Net Wt: 0.630 Gm.@Rate 3,850.00/Gm.",,Sale,0,1,0
422,1,I19103000206,102,103,112,102,102,103,17.39,0.0,17.39,3850.0,0.0,0.0,5864.03,0.0,0.0,0.0,0.0,0.0,72815.53,0.0,72815.53,2184.46,75000.0,"Net Wt: 17.390 Gm.@Rate 3,850.00/Gm.",,Sale,0,1,0
423,1,O19103000755,102,103,115,102,102,103,1.16,0.0,1.16,3850.0,0.0,0.0,388.37,0.0,0.0,0.0,0.0,0.0,4854.37,0.0,4854.37,145.64,5000.0,"Net Wt: 1.160 Gm.@Rate 3,850.00/Gm.",,Sale,0,1,0
424,1,N19103000613,102,103,102,102,102,103,4.39,0.0,4.39,3850.0,0.0,0.0,768.4,0.0,0.0,0.0,0.0,0.0,17669.9,0.0,17669.9,530.1,18200.0,"Net Wt: 4.390 Gm.@Rate 3,850.00/Gm.",,Sale,0,1,0
425,1,O19103000756,102,103,116,102,102,103,1.69,0.0,1.69,3850.0,0.0,0.0,483.79,0.0,0.0,0.0,0.0,0.0,6990.29,0.0,6990.29,209.7,7200.0,"Net Wt: 1.690 Gm.@Rate 3,850.00/Gm.",,Sale,0,1,0
426,1,O19103000757,102,103,102,102,102,103,4.48,0.0,4.48,3850.0,0.0,0.0,2169.48,0.0,0.0,0.0,0.0,0.0,19417.48,0.0,19417.48,582.52,20000.0,"Net Wt: 4.480 Gm.@Rate 3,850.00/Gm.",,Sale,0,1,0
427,1,O19104000140,102,104,119,121,109,111,18.0,0.0,18.0,45.0,0.0,0.0,160.87,0.0,0.0,0.0,0.0,0.0,970.87,0.0,970.87,29.12,1000.0,Net Wt: 18.000 Gm.@Rate 45.00/Gm.,,Sale,0,1,0
428,1,O19103000758,102,103,118,102,102,103,4.78,0.0,4.78,3780.0,0.0,0.0,1834.51,0.0,0.0,0.0,0.0,0.0,19902.91,0.0,19902.91,597.08,20500.0,"Net Wt: 4.780 Gm.@Rate 3,780.00/Gm.",,Sale,0,1,0
428,2,O19103000759,102,103,331,102,102,103,3.83,0.0,3.83,3850.0,0.0,0.0,1468.09,0.0,0.0,0.0,0.0,0.0,16213.59,0.0,16213.59,486.4,16700.0,"Net Wt: 3.830 Gm.@Rate 3,850.00/Gm.",,Sale,0,1,0
428,3,K19103000554,102,103,235,102,102,103,3.09,0.0,3.09,3780.0,0.0,0.0,1135.33,0.0,0.0,0.0,0.0,0.0,12815.53,0.0,12815.53,384.46,13200.0,"Net Wt: 3.090 Gm.@Rate 3,780.00/Gm.",,Sale,0,1,0
428,4,O19103000760,102,103,110,102,102,103,4.48,0.0,4.48,3780.0,0.0,0.0,2094.73,0.0,0.0,0.0,0.0,0.0,19029.13,0.0,19029.13,570.88,19600.0,"Net Wt: 4.480 Gm.@Rate 3,780.00/Gm.",,Sale,0,1,0
428,5,O19103000761,102,103,112,102,102,103,11.36,0.0,11.36,3780.0,0.0,0.0,5117.45,0.0,0.0,0.0,0.0,0.0,48058.25,0.0,48058.25,1441.74,49500.0,"Net Wt: 11.360 Gm.@Rate 3,780.00/Gm.",,Sale,0,1,0
429,1,I19103000263,102,103,338,102,102,103,3.55,0.0,3.55,3800.0,0.0,0.0,878.93,0.0,0.0,0.0,0.0,0.0,14368.93,0.0,14368.93,431.06,14800.0,"Net Wt: 3.550 Gm.@Rate 3,800.00/Gm.",,Sale,0,1,0
430,1,O19104000141,102,104,122,124,109,111,25.3,0.0,25.3,45.0,0.0,0.0,123.64,0.0,0.0,0.0,0.0,0.0,1262.14,0.0,1262.14,37.86,1300.0,Net Wt: 25.300 Gm.@Rate 45.00/Gm.,,Sale,0,1,0
431,1,O19104000142,102,104,126,128,109,111,22.35,0.0,22.35,45.0,0.0,0.0,207.84,0.0,0.0,0.0,0.0,0.0,1213.59,0.0,1213.59,36.4,1250.0,Net Wt: 22.350 Gm.@Rate 45.00/Gm.,,Sale,0,1,0
406,1,N19104000134,102,104,120,122,109,111,45.3,0.0,45.3,45.0,0.0,0.0,679.95,0.0,0.0,0.0,0.0,0.0,2718.45,0.0,2718.45,81.56,2800.0,Net Wt: 45.300 Gm.@Rate 45.00/Gm.,,Sale,0,1,0
407,1,N19104000135,102,104,120,122,109,111,28.3,0.0,28.3,45.0,0.0,0.0,376.99,0.0,0.0,0.0,0.0,0.0,1650.49,0.0,1650.49,49.52,1700.0,Net Wt: 28.300 Gm.@Rate 45.00/Gm.,,Sale,0,1,0
432,1,N19103000633,102,103,338,102,102,103,3.73,0.0,3.73,3850.0,0.0,0.0,1173.48,0.0,0.0,0.0,0.0,0.0,15533.98,0.0,15533.98,466.02,16000.0,"Net Wt: 3.730 Gm.@Rate 3,850.00/Gm.",,Sale,0,1,0
433,1,K19103000547,102,103,331,102,102,103,1.82,0.0,1.82,3850.0,0.0,0.0,565.82,0.0,0.0,0.0,0.0,0.0,7572.82,0.0,7572.82,227.18,7800.0,"Net Wt: 1.820 Gm.@Rate 3,850.00/Gm.",,Sale,0,1,0
434,1,O19103000762,102,103,238,102,102,103,0.5,0.0,0.5,3850.0,0.0,0.0,308.01,0.0,0.0,0.0,0.0,0.0,2233.01,0.0,2233.01,67.0,2300.0,"Net Wt: 0.500 Gm.@Rate 3,850.00/Gm.",,Sale,0,1,0
435,1,O19103000763,102,103,116,102,102,103,1.36,0.0,1.36,3850.0,0.0,0.0,103.81,0.0,0.0,0.0,0.0,0.0,5339.81,0.0,5339.81,160.2,5500.0,"Net Wt: 1.360 Gm.@Rate 3,850.00/Gm.",,Sale,0,1,0
436,1,N19103000609,102,103,331,102,102,103,1.08,0.0,1.08,3850.0,0.0,0.0,210.93,0.0,0.0,0.0,0.0,0.0,4368.93,0.0,4368.93,131.06,4500.0,"Net Wt: 1.080 Gm.@Rate 3,850.00/Gm.",,Sale,0,1,0
437,1,H19103000133,102,103,112,102,102,103,6.97,0.0,6.97,3850.0,0.0,0.0,2291.71,0.0,0.0,0.0,0.0,0.0,29126.21,0.0,29126.21,873.78,30000.0,"Net Wt: 6.970 Gm.@Rate 3,850.00/Gm.",,Sale,0,1,0
438,1,N19103000719,102,103,235,102,102,103,2.95,0.0,2.95,3850.0,0.0,0.0,1069.68,0.0,0.0,0.0,0.0,0.0,12427.18,0.0,12427.18,372.82,12800.0,"Net Wt: 2.950 Gm.@Rate 3,850.00/Gm.",,Sale,0,1,0
439,1,N19103000607,102,103,331,102,102,103,1.13,0.0,1.13,3850.0,0.0,0.0,503.87,0.0,0.0,0.0,0.0,0.0,4854.37,0.0,4854.37,145.64,5000.0,"Net Wt: 1.130 Gm.@Rate 3,850.00/Gm.",,Sale,0,1,0
440,1,J19103000436,102,103,331,102,102,103,2.0,0.0,2.0,3850.0,0.0,0.0,552.43,0.0,0.0,0.0,0.0,0.0,8252.43,0.0,8252.43,247.58,8500.0,"Net Wt: 2.000 Gm.@Rate 3,850.00/Gm.",,Sale,0,1,0
441,1,N19103000689,102,103,374,101,102,103,0.95,0.0,0.95,3850.0,0.0,0.0,226.0,0.0,0.0,0.0,0.0,0.0,3883.5,0.0,3883.5,116.5,4000.0,"Net Wt: 0.950 Gm.@Rate 3,850.00/Gm.",,Sale,0,1,0
442,1,N19103000606,102,103,331,102,102,103,1.45,0.0,1.45,3850.0,0.0,0.0,436.92,0.0,0.0,0.0,0.0,0.0,6019.42,0.0,6019.42,180.58,6200.0,"Net Wt: 1.450 Gm.@Rate 3,850.00/Gm.",,Sale,0,1,0
443,1,O19103000764,102,103,110,102,102,103,1.82,0.0,1.82,3850.0,0.0,0.0,420.18,0.0,0.0,0.0,0.0,0.0,7427.18,0.0,7427.18,222.82,7650.0,"Net Wt: 1.820 Gm.@Rate 3,850.00/Gm.",,Sale,0,1,0
444,1,O19104000143,102,104,119,121,109,111,68.5,0.0,68.5,45.0,0.0,0.0,606.82,0.0,0.0,0.0,0.0,0.0,3689.32,0.0,3689.32,110.68,3800.0,Net Wt: 68.500 Gm.@Rate 45.00/Gm.,,Sale,0,1,0
445,1,O19103000765,102,103,102,102,102,103,3.11,0.0,3.11,3850.0,0.0,0.0,647.86,0.0,0.0,0.0,0.0,0.0,12621.36,0.0,12621.36,378.64,13000.0,"Net Wt: 3.110 Gm.@Rate 3,850.00/Gm.",,Sale,0,1,0
446,1,O19104000144,102,104,119,121,109,111,55.0,0.0,55.0,45.0,0.0,0.0,583.25,0.0,0.0,0.0,0.0,0.0,3058.25,0.0,3058.25,91.74,3150.0,Net Wt: 55.000 Gm.@Rate 45.00/Gm.,,Sale,0,1,0
447,1,O19104000145,102,104,119,121,109,111,89.0,0.0,89.0,45.0,0.0,0.0,849.37,0.0,0.0,0.0,0.0,0.0,4854.37,0.0,4854.37,145.64,5000.0,Net Wt: 89.000 Gm.@Rate 45.00/Gm.,,Sale,0,1,0
448,1,O19103000766,102,103,336,102,102,103,1.93,0.0,1.93,3800.0,0.0,0.0,627.17,0.0,0.0,0.0,0.0,0.0,7961.17,0.0,7961.17,238.84,8200.0,"Net Wt: 1.930 Gm.@Rate 3,800.00/Gm.",,Sale,0,1,0
449,1,J19103000299,102,103,103,102,102,103,6.3,0.0,6.3,3850.0,0.0,0.0,1764.42,0.0,0.0,0.0,0.0,0.0,26019.42,0.0,26019.42,780.58,26800.0,"Net Wt: 6.300 Gm.@Rate 3,850.00/Gm.",,Sale,0,1,0
450,1,O19103000767,102,103,110,102,102,103,1.23,0.0,1.23,3800.0,0.0,0.0,762.89,0.0,0.0,0.0,0.0,0.0,5436.89,0.0,5436.89,163.1,5600.0,"Net Wt: 1.230 Gm.@Rate 3,800.00/Gm.",,Sale,0,1,0
451,1,P19103000768,102,103,331,102,102,103,2.41,0.0,2.41,3850.0,0.0,0.0,430.24,0.0,0.0,0.0,0.0,0.0,9708.74,0.0,9708.74,291.26,10000.0,"Net Wt: 2.410 Gm.@Rate 3,850.00/Gm.",,Sale,0,1,0
452,1,P19104000146,102,104,119,121,109,111,87.0,0.0,87.0,45.0,0.0,0.0,1230.63,0.0,0.0,0.0,0.0,0.0,5145.63,0.0,5145.63,154.36,5300.0,Net Wt: 87.000 Gm.@Rate 45.00/Gm.,,Sale,0,1,0
453,1,P19104000147,102,104,119,121,109,111,89.6,0.0,89.6,45.0,0.0,0.0,822.37,0.0,0.0,0.0,0.0,0.0,4854.37,0.0,4854.37,145.64,5000.0,Net Wt: 89.600 Gm.@Rate 45.00/Gm.,,Sale,0,1,0
454,1,I19103000218,102,103,101,102,102,103,19.85,0.0,19.85,3800.0,0.0,0.0,3210.78,0.0,0.0,0.0,0.0,0.0,78640.78,0.0,78640.78,2359.22,81000.0,"Net Wt: 19.850 Gm.@Rate 3,800.00/Gm.",,Sale,0,1,0
455,1,P19104000148,102,104,123,102,109,111,19.18,0.0,19.18,45.0,0.0,0.0,447.58,0.0,0.0,0.0,0.0,0.0,1310.68,0.0,1310.68,39.32,1350.0,Net Wt: 19.180 Gm.@Rate 45.00/Gm.,,Sale,0,1,0
456,1,P19103000769,102,103,102,102,102,103,0.9,0.0,0.9,3850.0,0.0,0.0,321.41,0.0,0.0,0.0,0.0,0.0,3786.41,0.0,3786.41,113.6,3900.0,"Net Wt: 0.900 Gm.@Rate 3,850.00/Gm.",,Sale,0,1,0
457,1,N19103000707,102,103,235,102,102,103,3.76,0.0,3.76,3850.0,0.0,0.0,1057.98,0.0,0.0,0.0,0.0,0.0,15533.98,0.0,15533.98,466.02,16000.0,"Net Wt: 3.760 Gm.@Rate 3,850.00/Gm.",,Sale,0,1,0
457,2,K19103000551,102,103,331,102,102,103,4.78,0.0,4.78,3850.0,0.0,0.0,1985.35,0.0,0.0,0.0,0.0,0.0,20388.35,0.0,20388.35,611.66,21000.0,"Net Wt: 4.780 Gm.@Rate 3,850.00/Gm.",,Sale,0,1,0
457,3,N19103000704,102,103,374,102,102,103,0.68,0.0,0.68,3850.0,0.0,0.0,294.62,0.0,0.0,0.0,0.0,0.0,2912.62,0.0,2912.62,87.38,3000.0,"Net Wt: 0.680 Gm.@Rate 3,850.00/Gm.",,Sale,0,1,0
458,1,J19103000388,102,103,331,102,102,103,4.7,0.0,4.7,3850.0,0.0,0.0,2293.35,0.0,0.0,0.0,0.0,0.0,20388.35,0.0,20388.35,611.66,21000.0,"Net Wt: 4.700 Gm.@Rate 3,850.00/Gm.",,Sale,0,1,0
459,1,P19103000770,102,103,103,102,102,103,2.56,0.0,2.56,3850.0,0.0,0.0,823.61,0.0,0.0,0.0,0.0,0.0,10679.61,0.0,10679.61,320.38,11000.0,"Net Wt: 2.560 Gm.@Rate 3,850.00/Gm.",,Sale,0,1,0
460,1,N19103000619,102,103,238,102,102,103,0.47,0.0,0.47,3850.0,0.0,0.0,132.25,0.0,0.0,0.0,0.0,0.0,1941.75,0.0,1941.75,58.26,2000.0,"Net Wt: 0.470 Gm.@Rate 3,850.00/Gm.",,Sale,0,1,0
461,1,P19103000771,102,103,116,102,102,103,0.49,0.0,0.49,3850.0,0.0,0.0,55.25,0.0,0.0,0.0,0.0,0.0,1941.75,0.0,1941.75,58.26,2000.0,"Net Wt: 0.490 Gm.@Rate 3,850.00/Gm.",,Sale,0,1,0
462,1,N19103000688,102,103,374,101,102,103,1.64,0.0,1.64,3850.0,0.0,0.0,482.12,0.0,0.0,0.0,0.0,0.0,6796.12,0.0,6796.12,203.88,7000.0,"Net Wt: 1.640 Gm.@Rate 3,850.00/Gm.",,Sale,0,1,0
463,1,J19103000411,102,103,102,102,102,103,1.94,0.0,1.94,3850.0,0.0,0.0,589.25,0.0,0.0,0.0,0.0,0.0,8058.25,0.0,8058.25,241.74,8300.0,"Net Wt: 1.940 Gm.@Rate 3,850.00/Gm.",,Sale,0,1,0
464,1,N19103000624,102,103,238,102,102,103,0.52,0.0,0.52,3850.0,0.0,0.0,328.1,0.0,0.0,0.0,0.0,0.0,2330.1,0.0,2330.1,69.9,2400.0,"Net Wt: 0.520 Gm.@Rate 3,850.00/Gm.",,Sale,0,1,0
465,1,P19103000772,102,103,102,102,102,103,1.15,0.0,1.15,3850.0,0.0,0.0,378.33,0.0,0.0,0.0,0.0,0.0,4805.83,0.0,4805.83,144.18,4950.0,"Net Wt: 1.150 Gm.@Rate 3,850.00/Gm.",,Sale,0,1,0
466,1,N19103000627,102,103,238,102,102,103,0.5,0.0,0.5,3850.0,0.0,0.0,210.92,0.0,0.0,0.0,0.0,0.0,2135.92,0.0,2135.92,64.08,2200.0,"Net Wt: 0.500 Gm.@Rate 3,850.00/Gm.",,Sale,0,1,0
717,1,K20103001125,102,103,102,102,102,103,2.1,0.0,2.1,4900.0,0.0,0.0,583.79,0.0,0.0,0.0,0.0,0.0,10873.79,0.0,10873.79,326.22,11200.0,"Net Wt: 2.100 Gm.@Rate 4,900.00/Gm.",,Sale,0,1,0
718,1,K20103001126,102,103,103,102,102,103,2.86,0.0,2.86,4900.0,0.0,0.0,743.28,0.0,0.0,0.0,0.0,0.0,14757.28,0.0,14757.28,442.72,15200.0,"Net Wt: 2.860 Gm.@Rate 4,900.00/Gm.",,Sale,0,1,0
469,1,J19103000431,102,103,331,102,102,103,2.56,0.0,2.56,3850.0,0.0,0.0,532.35,0.0,0.0,0.0,0.0,0.0,10388.35,0.0,10388.35,311.66,10700.0,"Net Wt: 2.560 Gm.@Rate 3,850.00/Gm.",,Sale,0,1,0
719,1,F20103000921,102,103,407,102,102,103,1.71,0.0,1.71,4900.0,0.0,0.0,650.13,0.0,0.0,0.0,0.0,0.0,9029.13,0.0,9029.13,270.88,9300.0,"Net Wt: 1.710 Gm.@Rate 4,900.00/Gm.",,Sale,0,1,0
720,1,G20103001087,102,103,115,102,102,103,3.82,0.0,3.82,4900.0,0.0,0.0,1184.91,0.0,0.0,0.0,0.0,0.0,19902.91,0.0,19902.91,597.08,20500.0,"Net Wt: 3.820 Gm.@Rate 4,900.00/Gm.",,Sale,0,1,0
721,1,G20103001067,102,103,419,102,102,103,1.32,0.0,1.32,4950.0,0.0,0.0,456.09,0.0,0.0,0.0,0.0,0.0,6990.09,0.0,6990.09,209.7,7199.79,"Net Wt: 1.320 Gm.@Rate 4,950.00/Gm.",,Sale,0,1,0
473,1,P19103000855,102,103,101,102,102,103,22.54,0.0,22.54,3750.0,0.0,0.0,6251.7,0.0,0.0,0.0,0.0,0.0,90776.7,0.0,90776.7,2723.3,93500.0,"Net Wt: 22.540 Gm.@Rate 3,750.00/Gm.",,Sale,0,1,0
722,1,G20103001064,102,103,419,102,102,103,1.05,0.0,1.05,4950.0,0.0,0.0,142.31,0.0,0.0,0.0,0.0,0.0,5339.81,0.0,5339.81,160.2,5500.0,"Net Wt: 1.050 Gm.@Rate 4,950.00/Gm.",,Sale,0,1,0
723,1,P19103000840,102,103,102,102,102,103,4.08,0.0,4.08,4950.0,0.0,0.0,1648.66,0.0,0.0,0.0,0.0,0.0,21844.66,0.0,21844.66,655.34,22500.0,"Net Wt: 4.080 Gm.@Rate 4,950.00/Gm.",,Sale,0,1,0
724,1,F20103001037,102,103,110,102,102,103,3.03,0.0,3.03,4950.0,0.0,0.0,972.45,0.0,0.0,0.0,0.0,0.0,15970.95,0.0,15970.95,479.12,16450.08,"Net Wt: 3.030 Gm.@Rate 4,950.00/Gm.",,Sale,0,1,0
477,1,P19103000794,102,103,103,102,102,103,1.53,0.0,1.53,3850.0,0.0,0.0,420.18,0.0,0.0,0.0,0.0,0.0,6310.68,0.0,6310.68,189.32,6500.0,"Net Wt: 1.530 Gm.@Rate 3,850.00/Gm.",,Sale,0,1,0
478,1,J19103000443,102,103,102,102,102,103,2.95,0.0,2.95,3850.0,0.0,0.0,1263.86,0.0,0.0,0.0,0.0,0.0,12621.36,0.0,12621.36,378.64,13000.0,"Net Wt: 2.950 Gm.@Rate 3,850.00/Gm.",,Sale,0,1,0
479,1,N19103000673,102,103,235,102,102,103,3.13,0.0,3.13,3850.0,0.0,0.0,1250.47,0.0,0.0,0.0,0.0,0.0,13300.97,0.0,13300.97,399.02,13700.0,"Net Wt: 3.130 Gm.@Rate 3,850.00/Gm.",,Sale,0,1,0
480,1,P19103000819,102,103,331,102,102,103,4.44,0.0,4.44,3850.0,0.0,0.0,1838.04,0.0,0.0,0.0,0.0,0.0,18932.04,0.0,18932.04,567.96,19500.0,"Net Wt: 4.440 Gm.@Rate 3,850.00/Gm.",,Sale,0,1,0
481,1,P19103000857,102,103,347,101,102,103,0.78,0.0,0.78,3850.0,0.0,0.0,297.97,0.0,0.0,0.0,0.0,0.0,3300.97,0.0,3300.97,99.02,3400.0,"Net Wt: 0.780 Gm.@Rate 3,850.00/Gm.",,Sale,0,1,0
482,1,P19103000858,102,103,107,102,102,103,2.4,0.0,2.4,3850.0,0.0,0.0,808.54,0.0,0.0,0.0,0.0,0.0,10048.54,0.0,10048.54,301.46,10350.0,"Net Wt: 2.400 Gm.@Rate 3,850.00/Gm.",,Sale,0,1,0
725,1,F20103001006,102,103,110,102,102,103,2.49,0.0,2.49,4950.0,0.0,0.0,1266.73,0.0,0.0,0.0,0.0,0.0,13592.23,0.0,13592.23,407.76,14000.0,"Net Wt: 2.490 Gm.@Rate 4,950.00/Gm.",,Sale,0,1,0
484,1,P19104000155,102,104,119,121,109,111,33.5,0.0,33.5,45.0,0.0,0.0,434.25,0.0,0.0,0.0,0.0,0.0,1941.75,0.0,1941.75,58.26,2000.0,Net Wt: 33.500 Gm.@Rate 45.00/Gm.,,Sale,0,1,0
726,1,F20103000916,102,103,419,102,102,103,1.84,0.0,1.84,4950.0,0.0,0.0,697.83,0.0,0.0,0.0,0.0,0.0,9805.83,0.0,9805.83,294.18,10100.0,"Net Wt: 1.840 Gm.@Rate 4,950.00/Gm.",,Sale,0,1,0
486,1,P19103000859,102,103,110,102,102,103,2.04,0.0,2.04,3850.0,0.0,0.0,1078.04,0.0,0.0,0.0,0.0,0.0,8932.04,0.0,8932.04,267.96,9200.0,"Net Wt: 2.040 Gm.@Rate 3,850.00/Gm.",,Sale,0,1,0
487,1,P19103000860,102,103,115,102,102,103,1.56,0.0,1.56,3800.0,0.0,0.0,285.59,0.0,0.0,0.0,0.0,0.0,6213.59,0.0,6213.59,186.4,6400.0,"Net Wt: 1.560 Gm.@Rate 3,800.00/Gm.",,Sale,0,1,0
727,1,P19103000846,102,103,112,102,102,103,5.58,0.0,5.58,4950.0,0.0,0.0,1505.21,0.0,0.0,0.0,0.0,0.0,29126.21,0.0,29126.21,873.78,30000.0,"Net Wt: 5.580 Gm.@Rate 4,950.00/Gm.",,Sale,0,1,0
489,1,P19103000861,102,103,112,102,102,103,14.82,0.0,14.82,3850.0,0.0,0.0,3622.61,0.0,0.0,0.0,0.0,0.0,60679.61,0.0,60679.61,1820.38,62500.0,"Net Wt: 14.820 Gm.@Rate 3,850.00/Gm.",,Sale,0,1,0
490,1,E20104000158,102,104,122,124,109,111,15.3,0.0,15.3,45.0,0.0,0.0,282.37,0.0,0.0,0.0,0.0,0.0,970.87,0.0,970.87,29.12,1000.0,Net Wt: 15.300 Gm.@Rate 45.00/Gm.,,Sale,0,1,0
491,1,J19103000376,102,103,235,102,102,103,6.35,0.0,6.35,3850.0,0.0,0.0,2251.53,0.0,0.0,0.0,0.0,0.0,26699.03,0.0,26699.03,800.98,27500.0,"Net Wt: 6.350 Gm.@Rate 3,850.00/Gm.",,Sale,0,1,0
492,1,N19103000660,102,103,374,101,102,103,1.62,0.0,1.62,3850.0,0.0,0.0,559.12,0.0,0.0,0.0,0.0,0.0,6796.12,0.0,6796.12,203.88,7000.0,"Net Wt: 1.620 Gm.@Rate 3,850.00/Gm.",,Sale,0,1,0
493,1,P19103000796,102,103,103,102,102,103,1.46,0.0,1.46,3850.0,0.0,0.0,495.5,0.0,0.0,0.0,0.0,0.0,6116.5,0.0,6116.5,183.5,6300.0,"Net Wt: 1.460 Gm.@Rate 3,850.00/Gm.",,Sale,0,1,0
494,1,E20104000159,102,104,119,121,109,111,52.2,0.0,52.2,45.0,0.0,0.0,369.45,0.0,0.0,0.0,0.0,0.0,2718.45,0.0,2718.45,81.56,2800.0,Net Wt: 52.200 Gm.@Rate 45.00/Gm.,,Sale,0,1,0
495,1,P19103000801,102,103,235,102,102,103,4.44,0.0,4.44,3850.0,0.0,0.0,964.25,0.0,0.0,0.0,0.0,0.0,18058.25,0.0,18058.25,541.74,18600.0,"Net Wt: 4.440 Gm.@Rate 3,850.00/Gm.",,Sale,0,1,0
496,1,E20104000160,102,104,123,102,109,111,16.3,0.0,16.3,45.0,0.0,0.0,237.37,0.0,0.0,0.0,0.0,0.0,970.87,0.0,970.87,29.12,1000.0,Net Wt: 16.300 Gm.@Rate 45.00/Gm.,,Sale,0,1,0
497,1,E20104000161,102,104,119,121,109,111,38.2,0.0,38.2,45.0,0.0,0.0,222.75,0.0,0.0,0.0,0.0,0.0,1941.75,0.0,1941.75,58.26,2000.0,Net Wt: 38.200 Gm.@Rate 45.00/Gm.,,Sale,0,1,0
498,1,K19103000533,102,103,112,102,102,103,15.55,0.0,15.55,3980.0,0.0,0.0,7528.48,0.0,0.0,0.0,0.0,0.0,69417.48,0.0,69417.48,2082.52,71500.0,"Net Wt: 15.550 Gm.@Rate 3,980.00/Gm.",,Sale,0,1,0
498,2,H19103000031,102,103,331,102,102,103,2.5,0.0,2.5,3980.0,0.0,0.0,1846.51,0.0,0.0,0.0,0.0,0.0,11796.51,0.0,11796.51,353.9,12150.41,"Net Wt: 2.500 Gm.@Rate 3,980.00/Gm.",,Sale,0,1,0
498,3,I19103000251,102,103,331,102,102,103,7.54,0.0,7.54,3980.0,0.0,0.0,3680.12,0.0,0.0,0.0,0.0,0.0,33689.32,0.0,33689.32,1010.68,34700.0,"Net Wt: 7.540 Gm.@Rate 3,980.00/Gm.",,Sale,0,1,0
499,1,E20103000862,102,103,116,102,102,103,0.4,0.0,0.4,3950.0,0.0,0.0,361.75,0.0,0.0,0.0,0.0,0.0,1941.75,0.0,1941.75,58.26,2000.0,"Net Wt: 0.400 Gm.@Rate 3,950.00/Gm.",,Sale,0,1,0
500,1,P19103000788,102,103,331,102,102,103,1.89,0.0,1.89,4000.0,0.0,0.0,789.51,0.0,0.0,0.0,0.0,0.0,8349.51,0.0,8349.51,250.48,8600.0,"Net Wt: 1.890 Gm.@Rate 4,000.00/Gm.",,Sale,0,1,0
501,1,E20103000863,102,103,115,102,102,103,0.74,0.0,0.74,3950.0,0.0,0.0,504.18,0.0,0.0,0.0,0.0,0.0,3427.18,0.0,3427.18,102.82,3530.0,"Net Wt: 0.740 Gm.@Rate 3,950.00/Gm.",,Sale,0,1,0
502,1,E20104000162,102,104,119,121,109,111,35.0,0.0,35.0,45.0,0.0,0.0,366.75,0.0,0.0,0.0,0.0,0.0,1941.75,0.0,1941.75,58.26,2000.0,Net Wt: 35.000 Gm.@Rate 45.00/Gm.,,Sale,0,1,0
503,1,E20104000163,102,104,119,121,109,111,96.3,0.0,96.3,45.0,0.0,0.0,1006.31,0.0,0.0,0.0,0.0,0.0,5339.81,0.0,5339.81,160.2,5500.0,Net Wt: 96.300 Gm.@Rate 45.00/Gm.,,Sale,0,1,0
504,1,N19103000617,102,103,238,102,102,103,0.41,0.0,0.41,3950.0,0.0,0.0,322.25,0.0,0.0,0.0,0.0,0.0,1941.75,0.0,1941.75,58.26,2000.0,"Net Wt: 0.410 Gm.@Rate 3,950.00/Gm.",,Sale,0,1,0
504,2,N19103000618,102,103,238,102,102,103,0.4,0.0,0.4,3950.0,0.0,0.0,361.75,0.0,0.0,0.0,0.0,0.0,1941.75,0.0,1941.75,58.26,2000.0,"Net Wt: 0.400 Gm.@Rate 3,950.00/Gm.",,Sale,0,1,0
505,1,N19103000675,102,103,235,102,102,103,3.24,0.0,3.24,3950.0,0.0,0.0,1279.67,0.0,0.0,0.0,0.0,0.0,14077.67,0.0,14077.67,422.34,14500.0,"Net Wt: 3.240 Gm.@Rate 3,950.00/Gm.",,Sale,0,1,0
506,1,P19103000848,102,103,112,102,102,103,9.25,0.0,9.25,3950.0,0.0,0.0,4239.2,0.0,0.0,0.0,0.0,0.0,40776.7,0.0,40776.7,1223.3,42000.0,"Net Wt: 9.250 Gm.@Rate 3,950.00/Gm.",,Sale,0,1,0
507,1,P19103000799,102,103,235,102,102,103,3.59,0.0,3.59,3950.0,0.0,0.0,1353.48,0.0,0.0,0.0,0.0,0.0,15533.98,0.0,15533.98,466.02,16000.0,"Net Wt: 3.590 Gm.@Rate 3,950.00/Gm.",,Sale,0,1,0
507,2,E20103000864,102,103,108,102,102,103,7.65,0.0,7.65,3950.0,0.0,0.0,1335.9,0.0,0.0,0.0,0.0,0.0,31553.4,0.0,31553.4,946.6,32500.0,"Net Wt: 7.650 Gm.@Rate 3,950.00/Gm.",,Sale,0,1,0
508,1,E20104000164,102,104,122,124,109,111,15.0,0.0,15.0,45.0,0.0,0.0,198.79,0.0,0.0,0.0,0.0,0.0,873.79,0.0,873.79,26.22,900.0,Net Wt: 15.000 Gm.@Rate 45.00/Gm.,,Sale,0,1,0
509,1,E20104000165,102,104,119,121,109,111,51.0,0.0,51.0,45.0,0.0,0.0,617.62,0.0,0.0,0.0,0.0,0.0,2912.62,0.0,2912.62,87.38,3000.0,Net Wt: 51.000 Gm.@Rate 45.00/Gm.,,Sale,0,1,0
510,1,P19103000784,102,103,331,102,102,103,3.7,0.0,3.7,3950.0,0.0,0.0,1695.68,0.0,0.0,0.0,0.0,0.0,16310.68,0.0,16310.68,489.32,16800.0,"Net Wt: 3.700 Gm.@Rate 3,950.00/Gm.",,Sale,0,1,0
500,2,J19103000419,102,103,238,102,102,103,0.43,0.0,0.43,3850.0,0.0,0.0,431.88,0.0,0.0,0.0,0.0,0.0,2087.38,0.0,2087.38,62.62,2150.0,"Net Wt: 0.430 Gm.@Rate 3,850.00/Gm.",,Sale,0,1,0
511,1,E20103000865,102,103,116,102,102,103,1.05,0.0,1.05,3950.0,0.0,0.0,512.69,0.0,0.0,0.0,0.0,0.0,4660.19,0.0,4660.19,139.8,4800.0,"Net Wt: 1.050 Gm.@Rate 3,950.00/Gm.",,Sale,0,1,0
512,1,N19103000718,102,103,235,102,102,103,4.35,0.0,4.35,3980.0,0.0,0.0,1133.6,0.0,0.0,0.0,0.0,0.0,18446.6,0.0,18446.6,553.4,19000.0,"Net Wt: 4.350 Gm.@Rate 3,980.00/Gm.",,Sale,0,1,0
513,1,E20104000166,102,104,119,121,109,111,132.9,0.0,132.9,45.0,0.0,0.0,2660.28,0.0,0.0,0.0,0.0,0.0,8640.78,0.0,8640.78,259.22,8900.0,Net Wt: 132.900 Gm.@Rate 45.00/Gm.,,Sale,0,1,0
514,1,H19103000084,102,103,331,102,102,103,2.21,0.0,2.21,3950.0,0.0,0.0,979.24,0.0,0.0,0.0,0.0,0.0,9708.74,0.0,9708.74,291.26,10000.0,"Net Wt: 2.210 Gm.@Rate 3,950.00/Gm.",,Sale,0,1,0
515,1,E20104000167,102,104,125,102,109,111,16.35,0.0,16.35,45.0,0.0,0.0,468.13,0.0,0.0,0.0,0.0,0.0,1203.88,0.0,1203.88,36.12,1240.0,Net Wt: 16.350 Gm.@Rate 45.00/Gm.,,Sale,0,1,0
516,1,N19103000696,102,103,235,102,102,103,4.52,0.0,4.52,3950.0,0.0,0.0,1563.48,0.0,0.0,0.0,0.0,0.0,19417.48,0.0,19417.48,582.52,20000.0,"Net Wt: 4.520 Gm.@Rate 3,950.00/Gm.",,Sale,0,1,0
517,1,J19103000378,102,103,331,102,102,103,2.34,0.0,2.34,3950.0,0.0,0.0,951.17,0.0,0.0,0.0,0.0,0.0,10194.17,0.0,10194.17,305.82,10500.0,"Net Wt: 2.340 Gm.@Rate 3,950.00/Gm.",,Sale,0,1,0
518,1,P19103000841,102,103,102,102,102,103,3.74,0.0,3.74,3950.0,0.0,0.0,1586.22,0.0,0.0,0.0,0.0,0.0,16359.22,0.0,16359.22,490.78,16850.0,"Net Wt: 3.740 Gm.@Rate 3,950.00/Gm.",,Sale,0,1,0
519,1,P19103000782,102,103,331,102,102,103,2.33,0.0,2.33,3850.0,0.0,0.0,738.24,0.0,0.0,0.0,0.0,0.0,9708.74,0.0,9708.74,291.26,10000.0,"Net Wt: 2.330 Gm.@Rate 3,850.00/Gm.",,Sale,0,1,0
520,1,E20104000168,102,104,119,121,109,111,35.2,0.0,35.2,45.0,0.0,0.0,357.75,0.0,0.0,0.0,0.0,0.0,1941.75,0.0,1941.75,58.26,2000.0,Net Wt: 35.200 Gm.@Rate 45.00/Gm.,,Sale,0,1,0
521,1,I19103000196,102,103,444,102,102,103,1.66,0.0,1.66,3850.0,0.0,0.0,502.2,0.0,0.0,0.0,0.0,0.0,6893.2,0.0,6893.2,206.8,7100.0,"Net Wt: 1.660 Gm.@Rate 3,850.00/Gm.",,Sale,0,1,0
522,1,N19103000605,102,103,331,102,102,103,1.06,0.0,1.06,3850.0,0.0,0.0,287.93,0.0,0.0,0.0,0.0,0.0,4368.93,0.0,4368.93,131.06,4500.0,"Net Wt: 1.060 Gm.@Rate 3,850.00/Gm.",,Sale,0,1,0
523,1,N19103000615,102,103,102,102,102,103,4.28,0.0,4.28,3850.0,0.0,0.0,1774.43,0.0,0.0,0.0,0.0,0.0,18252.43,0.0,18252.43,547.58,18800.0,"Net Wt: 4.280 Gm.@Rate 3,850.00/Gm.",,Sale,0,1,0
523,2,J19103000397,102,103,102,102,102,103,2.4,0.0,2.4,3850.0,0.0,0.0,662.91,0.0,0.0,0.0,0.0,0.0,9902.91,0.0,9902.91,297.08,10200.0,"Net Wt: 2.400 Gm.@Rate 3,850.00/Gm.",,Sale,0,1,0
524,1,E20104000169,102,104,119,121,109,111,55.0,0.0,55.0,45.0,0.0,0.0,340.53,0.0,0.0,0.0,0.0,0.0,2815.53,0.0,2815.53,84.46,2900.0,Net Wt: 55.000 Gm.@Rate 45.00/Gm.,,Sale,0,1,0
525,1,E20104000170,102,104,119,121,109,111,33.2,0.0,33.2,45.0,0.0,0.0,447.75,0.0,0.0,0.0,0.0,0.0,1941.75,0.0,1941.75,58.26,2000.0,Net Wt: 33.200 Gm.@Rate 45.00/Gm.,,Sale,0,1,0
526,1,P19103000827,102,103,102,102,102,103,1.91,0.0,1.91,3980.0,0.0,0.0,359.74,0.0,0.0,0.0,0.0,0.0,7961.54,0.0,7961.54,238.84,8200.39,"Net Wt: 1.910 Gm.@Rate 3,980.00/Gm.",,Sale,0,1,0
526,2,E20104000171,102,104,123,102,109,111,19.8,0.0,19.8,45.0,0.0,0.0,371.14,0.0,0.0,0.0,0.0,0.0,1262.14,0.0,1262.14,37.86,1300.0,Net Wt: 19.800 Gm.@Rate 45.00/Gm.,,Sale,0,1,0
527,1,E20104000172,102,104,119,121,109,111,24.3,0.0,24.3,45.0,0.0,0.0,459.9,0.0,0.0,0.0,0.0,0.0,1553.4,0.0,1553.4,46.6,1600.0,Net Wt: 24.300 Gm.@Rate 45.00/Gm.,,Sale,0,1,0
528,1,E20104000173,102,104,119,121,109,111,15.0,0.0,15.0,45.0,0.0,0.0,101.7,0.0,0.0,0.0,0.0,0.0,776.7,0.0,776.7,23.3,800.0,Net Wt: 15.000 Gm.@Rate 45.00/Gm.,,Sale,0,1,0
529,1,E20104000174,102,104,119,121,109,111,91.5,0.0,91.5,45.0,0.0,0.0,736.87,0.0,0.0,0.0,0.0,0.0,4854.37,0.0,4854.37,145.64,5000.0,Net Wt: 91.500 Gm.@Rate 45.00/Gm.,,Sale,0,1,0
530,1,E20104000175,102,104,120,122,109,111,42.0,0.0,42.0,45.0,0.0,0.0,294.47,0.0,0.0,0.0,0.0,0.0,2184.47,0.0,2184.47,65.54,2250.0,Net Wt: 42.000 Gm.@Rate 45.00/Gm.,,Sale,0,1,0
531,1,E20103000866,102,103,112,102,102,103,13.5,0.0,13.5,3950.0,0.0,0.0,4927.43,0.0,0.0,0.0,0.0,0.0,58252.43,0.0,58252.43,1747.58,60000.0,"Net Wt: 13.500 Gm.@Rate 3,950.00/Gm.",,Sale,0,1,0
532,1,P19103000823,102,103,102,102,102,103,1.8,0.0,1.8,3950.0,0.0,0.0,656.99,0.0,0.0,0.0,0.0,0.0,7766.99,0.0,7766.99,233.0,8000.0,"Net Wt: 1.800 Gm.@Rate 3,950.00/Gm.",,Sale,0,1,0
533,1,E20104000176,102,104,122,124,109,111,41.3,0.0,41.3,45.0,0.0,0.0,423.05,0.0,0.0,0.0,0.0,0.0,2281.55,0.0,2281.55,68.44,2350.0,Net Wt: 41.300 Gm.@Rate 45.00/Gm.,,Sale,0,1,0
534,1,E20104000177,102,104,119,121,109,111,56.3,0.0,56.3,45.0,0.0,0.0,379.12,0.0,0.0,0.0,0.0,0.0,2912.62,0.0,2912.62,87.38,3000.0,Net Wt: 56.300 Gm.@Rate 45.00/Gm.,,Sale,0,1,0
535,1,E20104000178,102,104,119,121,109,111,33.6,0.0,33.6,45.0,0.0,0.0,429.75,0.0,0.0,0.0,0.0,0.0,1941.75,0.0,1941.75,58.26,2000.0,Net Wt: 33.600 Gm.@Rate 45.00/Gm.,,Sale,0,1,0
536,1,E20104000179,102,104,119,121,109,111,15.6,0.0,15.6,45.0,0.0,0.0,268.87,0.0,0.0,0.0,0.0,0.0,970.87,0.0,970.87,29.12,1000.0,Net Wt: 15.600 Gm.@Rate 45.00/Gm.,,Sale,0,1,0
537,1,J19103000486,102,103,101,102,102,103,8.3,0.0,8.3,3950.0,0.0,0.0,3622.77,0.0,0.0,0.0,0.0,0.0,36407.77,0.0,36407.77,1092.24,37500.0,"Net Wt: 8.300 Gm.@Rate 3,950.00/Gm.",,Sale,0,1,0
538,1,E20104000180,102,104,123,102,109,111,11.1,0.0,11.1,45.0,0.0,0.0,24.77,0.0,0.0,0.0,0.0,0.0,524.27,0.0,524.27,15.72,540.0,Net Wt: 11.100 Gm.@Rate 45.00/Gm.,,Sale,0,1,0
539,1,I19103000246,102,103,102,102,102,103,1.6,0.0,1.6,3950.0,0.0,0.0,476.12,0.0,0.0,0.0,0.0,0.0,6796.12,0.0,6796.12,203.88,7000.0,"Net Wt: 1.600 Gm.@Rate 3,950.00/Gm.",,Sale,0,1,0
540,1,E20103000867,102,103,116,102,102,103,0.87,0.0,0.87,3850.0,0.0,0.0,339.82,0.0,0.0,0.0,0.0,0.0,3689.32,0.0,3689.32,110.68,3800.0,"Net Wt: 0.870 Gm.@Rate 3,850.00/Gm.",,Sale,0,1,0
541,1,E20103000868,102,103,101,102,102,103,22.5,0.0,22.5,3950.0,0.0,0.0,8212.38,0.0,0.0,0.0,0.0,0.0,97087.38,0.0,97087.38,2912.62,100000.0,"Net Wt: 22.500 Gm.@Rate 3,950.00/Gm.",,Sale,0,1,0
542,1,P19103000810,102,103,331,102,102,103,4.41,0.0,4.41,3950.0,0.0,0.0,1997.98,0.0,0.0,0.0,0.0,0.0,19417.48,0.0,19417.48,582.52,20000.0,"Net Wt: 4.410 Gm.@Rate 3,950.00/Gm.",,Sale,0,1,0
543,1,P19103000785,102,103,331,102,102,103,2.22,0.0,2.22,3950.0,0.0,0.0,1036.83,0.0,0.0,0.0,0.0,0.0,9805.83,0.0,9805.83,294.18,10100.0,"Net Wt: 2.220 Gm.@Rate 3,950.00/Gm.",,Sale,0,1,0
544,1,L19103000577,102,103,102,102,102,103,5.74,0.0,5.74,3950.0,0.0,0.0,1404.67,0.0,0.0,0.0,0.0,0.0,24077.67,0.0,24077.67,722.34,24800.0,"Net Wt: 5.740 Gm.@Rate 3,950.00/Gm.",,Sale,0,1,0
545,1,N19103000621,102,103,238,102,102,103,0.38,0.0,0.38,3950.0,0.0,0.0,450.71,0.0,0.0,0.0,0.0,0.0,1951.71,0.0,1951.71,58.56,2010.26,"Net Wt: 0.380 Gm.@Rate 3,950.00/Gm.",,Sale,0,1,0
546,1,H19103000102,102,103,102,102,102,103,3.07,0.0,3.07,3950.0,0.0,0.0,1465.73,0.0,0.0,0.0,0.0,0.0,13592.23,0.0,13592.23,407.76,14000.0,"Net Wt: 3.070 Gm.@Rate 3,950.00/Gm.",,Sale,0,1,0
546,2,I19103000191,102,103,444,102,102,103,2.03,0.0,2.03,3950.0,0.0,0.0,913.54,0.0,0.0,0.0,0.0,0.0,8932.04,0.0,8932.04,267.96,9200.0,"Net Wt: 2.030 Gm.@Rate 3,950.00/Gm.",,Sale,0,1,0
546,3,E20104000181,102,104,123,102,109,111,45.0,0.0,45.0,45.0,0.0,0.0,208.01,0.0,0.0,0.0,0.0,0.0,2233.01,0.0,2233.01,67.0,2300.0,Net Wt: 45.000 Gm.@Rate 45.00/Gm.,,Sale,0,1,0
547,1,E20103000869,102,103,101,102,102,103,6.2,0.0,6.2,3950.0,0.0,0.0,2209.03,0.0,0.0,0.0,0.0,0.0,26699.03,0.0,26699.03,800.98,27500.0,"Net Wt: 6.200 Gm.@Rate 3,950.00/Gm.",,Sale,0,1,0
548,1,E20104000182,102,104,139,140,109,111,130.2,0.0,130.2,45.0,0.0,0.0,2393.43,0.0,0.0,0.0,0.0,0.0,8252.43,0.0,8252.43,247.58,8500.0,Net Wt: 130.200 Gm.@Rate 45.00/Gm.,,Sale,0,1,0
549,1,E20104000183,102,104,132,134,109,111,8.5,0.0,8.5,45.0,0.0,0.0,73.81,0.0,0.0,0.0,0.0,0.0,456.31,0.0,456.31,13.68,470.0,Net Wt: 8.500 Gm.@Rate 45.00/Gm.,,Sale,0,1,0
550,1,N19103000638,102,103,112,102,102,103,13.22,0.0,13.22,3950.0,0.0,0.0,5062.55,0.0,0.0,0.0,0.0,0.0,57281.55,0.0,57281.55,1718.44,59000.0,"Net Wt: 13.220 Gm.@Rate 3,950.00/Gm.",,Sale,0,1,0
551,1,E20103000870,102,103,110,102,102,103,3.65,0.0,3.65,3950.0,0.0,0.0,922.31,0.0,0.0,0.0,0.0,0.0,15339.81,0.0,15339.81,460.2,15800.0,"Net Wt: 3.650 Gm.@Rate 3,950.00/Gm.",,Sale,0,1,0
552,1,J19103000368,102,103,103,102,102,103,4.12,0.0,4.12,3950.0,0.0,0.0,1201.73,0.0,0.0,0.0,0.0,0.0,17475.73,0.0,17475.73,524.28,18000.0,"Net Wt: 4.120 Gm.@Rate 3,950.00/Gm.",,Sale,0,1,0
553,1,E20104000184,102,104,124,126,109,111,58.3,0.0,58.3,45.0,0.0,0.0,774.56,0.0,0.0,0.0,0.0,0.0,3398.06,0.0,3398.06,101.94,3500.0,Net Wt: 58.300 Gm.@Rate 45.00/Gm.,,Sale,0,1,0
554,1,N19103000611,102,103,102,102,102,103,2.47,0.0,2.47,3950.0,0.0,0.0,923.11,0.0,0.0,0.0,0.0,0.0,10679.61,0.0,10679.61,320.38,11000.0,"Net Wt: 2.470 Gm.@Rate 3,950.00/Gm.",,Sale,0,1,0
554,2,J19103000415,102,103,238,102,102,103,0.62,0.0,0.62,3950.0,0.0,0.0,463.62,0.0,0.0,0.0,0.0,0.0,2912.62,0.0,2912.62,87.38,3000.0,"Net Wt: 0.620 Gm.@Rate 3,950.00/Gm.",,Sale,0,1,0
554,3,E20104000185,102,104,123,102,109,111,25.0,0.0,25.0,45.0,0.0,0.0,331.31,0.0,0.0,0.0,0.0,0.0,1456.31,0.0,1456.31,43.68,1500.0,Net Wt: 25.000 Gm.@Rate 45.00/Gm.,,Sale,0,1,0
555,1,J19103000398,102,103,102,102,102,103,1.51,0.0,1.51,3950.0,0.0,0.0,346.18,0.0,0.0,0.0,0.0,0.0,6310.68,0.0,6310.68,189.32,6500.0,"Net Wt: 1.510 Gm.@Rate 3,950.00/Gm.",,Sale,0,1,0
556,1,J19103000399,102,103,102,102,102,103,1.52,0.0,1.52,3950.0,0.0,0.0,500.85,0.0,0.0,0.0,0.0,0.0,6504.85,0.0,6504.85,195.14,6700.0,"Net Wt: 1.520 Gm.@Rate 3,950.00/Gm.",,Sale,0,1,0
557,1,N19103000672,102,103,235,102,102,103,2.74,0.0,2.74,3950.0,0.0,0.0,1118.75,0.0,0.0,0.0,0.0,0.0,11941.75,0.0,11941.75,358.26,12300.0,"Net Wt: 2.740 Gm.@Rate 3,950.00/Gm.",,Sale,0,1,0
558,1,N19103000723,102,103,374,101,102,103,3.05,0.0,3.05,3950.0,0.0,0.0,1302.01,0.0,0.0,0.0,0.0,0.0,13349.51,0.0,13349.51,400.48,13750.0,"Net Wt: 3.050 Gm.@Rate 3,950.00/Gm.",,Sale,0,1,0
558,2,E20103000871,102,103,116,102,102,103,1.77,0.0,1.77,3950.0,0.0,0.0,726.95,0.0,0.0,0.0,0.0,0.0,7718.45,0.0,7718.45,231.56,7950.0,"Net Wt: 1.770 Gm.@Rate 3,950.00/Gm.",,Sale,0,1,0
559,1,E20104000186,102,104,119,121,109,111,115.0,0.0,115.0,45.0,0.0,0.0,1232.77,0.0,0.0,0.0,0.0,0.0,6407.77,0.0,6407.77,192.24,6600.0,Net Wt: 115.000 Gm.@Rate 45.00/Gm.,,Sale,0,1,0
569,1,F20104000189,102,104,120,122,109,111,7.2,0.0,7.2,45.0,0.0,0.0,64.35,0.0,0.0,0.0,0.0,0.0,388.35,0.0,388.35,11.66,400.0,Net Wt: 7.200 Gm.@Rate 45.00/Gm.,,Sale,0,1,0
561,1,J19103000336,102,103,107,102,102,103,5.41,0.0,5.41,4000.0,0.0,0.0,2146.41,0.0,0.0,0.0,0.0,0.0,23786.41,0.0,23786.41,713.6,24500.0,"Net Wt: 5.410 Gm.@Rate 4,000.00/Gm.",,Sale,0,1,0
560,1,N19103000626,102,103,238,102,102,103,0.41,0.0,0.41,4000.0,0.0,0.0,156.12,0.0,0.0,0.0,0.0,0.0,1796.12,0.0,1796.12,53.88,1850.0,"Net Wt: 0.410 Gm.@Rate 4,000.00/Gm.",,Sale,0,1,0
562,1,P19103000808,102,103,103,102,102,103,4.79,0.0,4.79,4000.0,0.0,0.0,2199.22,0.0,0.0,0.0,0.0,0.0,21359.22,0.0,21359.22,640.78,22000.0,"Net Wt: 4.790 Gm.@Rate 4,000.00/Gm.",,Sale,0,1,0
563,1,J19103000338,102,103,107,102,102,103,3.04,0.0,3.04,4000.0,0.0,0.0,1238.06,0.0,0.0,0.0,0.0,0.0,13398.06,0.0,13398.06,401.94,13800.0,"Net Wt: 3.040 Gm.@Rate 4,000.00/Gm.",,Sale,0,1,0
564,1,F20104000187,102,104,119,121,109,111,38.1,0.0,38.1,45.0,0.0,0.0,324.33,0.0,0.0,0.0,0.0,0.0,2038.83,0.0,2038.83,61.16,2100.0,Net Wt: 38.100 Gm.@Rate 45.00/Gm.,,Sale,0,1,0
565,1,I19103000254,102,103,114,102,102,103,12.25,0.0,12.25,4000.0,0.0,0.0,3233.01,0.0,0.0,0.0,0.0,0.0,52233.01,0.0,52233.01,1567.0,53800.0,"Net Wt: 12.250 Gm.@Rate 4,000.00/Gm.",,Sale,0,1,0
566,1,N19103000663,102,103,331,102,102,103,4.38,0.0,4.38,4000.0,0.0,0.0,1897.48,0.0,0.0,0.0,0.0,0.0,19417.48,0.0,19417.48,582.52,20000.0,"Net Wt: 4.380 Gm.@Rate 4,000.00/Gm.",,Sale,0,1,0
567,1,F20104000188,102,104,120,122,109,111,19.9,0.0,19.9,45.0,0.0,0.0,201.59,0.0,0.0,0.0,0.0,0.0,1097.09,0.0,1097.09,32.92,1130.0,Net Wt: 19.900 Gm.@Rate 45.00/Gm.,,Sale,0,1,0
568,1,F20103000872,102,103,116,102,102,103,1.67,0.0,1.67,4000.0,0.0,0.0,407.38,0.0,0.0,0.0,0.0,0.0,7087.38,0.0,7087.38,212.62,7300.0,"Net Wt: 1.670 Gm.@Rate 4,000.00/Gm.",,Sale,0,1,0
570,1,P19103000815,102,103,331,102,102,103,3.84,0.0,3.84,4000.0,0.0,0.0,1630.29,0.0,0.0,0.0,0.0,0.0,16990.29,0.0,16990.29,509.7,17500.0,"Net Wt: 3.840 Gm.@Rate 4,000.00/Gm.",,Sale,0,1,0
571,1,N19103000614,102,103,102,102,102,103,4.82,0.0,4.82,4000.0,0.0,0.0,1593.79,0.0,0.0,0.0,0.0,0.0,20873.79,0.0,20873.79,626.22,21500.0,"Net Wt: 4.820 Gm.@Rate 4,000.00/Gm.",,Sale,0,1,0
572,1,F20103000893,102,103,102,102,102,103,0.98,0.0,0.98,4000.0,0.0,0.0,109.13,0.0,0.0,0.0,0.0,0.0,4029.13,0.0,4029.13,120.88,4150.0,"Net Wt: 0.980 Gm.@Rate 4,000.00/Gm.",,Sale,0,1,0
573,1,J19103000298,102,103,103,102,102,103,5.1,0.0,5.1,4000.0,0.0,0.0,2221.36,0.0,0.0,0.0,0.0,0.0,22621.36,0.0,22621.36,678.64,23300.0,"Net Wt: 5.100 Gm.@Rate 4,000.00/Gm.",,Sale,0,1,0
573,2,F20104000190,102,104,119,121,109,111,104.6,0.0,104.6,45.0,0.0,0.0,2089.12,0.0,0.0,0.0,0.0,0.0,6796.12,0.0,6796.12,203.88,7000.0,Net Wt: 104.600 Gm.@Rate 45.00/Gm.,,Sale,0,1,0
574,1,F20104000191,102,104,123,102,109,111,10.2,0.0,10.2,45.0,0.0,0.0,74.98,0.0,0.0,0.0,0.0,0.0,533.98,0.0,533.98,16.02,550.0,Net Wt: 10.200 Gm.@Rate 45.00/Gm.,,Sale,0,1,0
575,1,F20103000894,102,103,116,102,102,103,3.25,0.0,3.25,4000.0,0.0,0.0,1077.67,0.0,0.0,0.0,0.0,0.0,14077.67,0.0,14077.67,422.34,14500.0,"Net Wt: 3.250 Gm.@Rate 4,000.00/Gm.",,Sale,0,1,0
576,1,J19103000379,102,103,331,102,102,103,2.33,0.0,2.33,4000.0,0.0,0.0,1068.35,0.0,0.0,0.0,0.0,0.0,10388.35,0.0,10388.35,311.66,10700.0,"Net Wt: 2.330 Gm.@Rate 4,000.00/Gm.",,Sale,0,1,0
577,1,F20104000192,102,104,119,121,109,111,37.2,0.0,37.2,45.0,0.0,0.0,267.75,0.0,0.0,0.0,0.0,0.0,1941.75,0.0,1941.75,58.26,2000.0,Net Wt: 37.200 Gm.@Rate 45.00/Gm.,,Sale,0,1,0
578,1,F20104000193,102,104,119,121,109,111,29.0,0.0,29.0,45.0,0.0,0.0,491.12,0.0,0.0,0.0,0.0,0.0,1796.12,0.0,1796.12,53.88,1850.0,Net Wt: 29.000 Gm.@Rate 45.00/Gm.,,Sale,0,1,0
579,1,I19103000200,102,103,112,102,102,103,3.93,0.0,3.93,4000.0,0.0,0.0,1755.73,0.0,0.0,0.0,0.0,0.0,17475.73,0.0,17475.73,524.28,18000.0,"Net Wt: 3.930 Gm.@Rate 4,000.00/Gm.",,Sale,0,1,0
580,1,J19103000484,102,103,101,102,102,103,14.98,0.0,14.98,4000.0,0.0,0.0,7070.29,0.0,0.0,0.0,0.0,0.0,66990.29,0.0,66990.29,2009.7,69000.0,"Net Wt: 14.980 Gm.@Rate 4,000.00/Gm.",,Sale,0,1,0
581,1,J19103000438,102,103,102,102,102,103,3.15,0.0,3.15,4000.0,0.0,0.0,1477.67,0.0,0.0,0.0,0.0,0.0,14077.67,0.0,14077.67,422.34,14500.0,"Net Wt: 3.150 Gm.@Rate 4,000.00/Gm.",,Sale,0,1,0
582,1,H19103000005,102,103,102,102,102,103,3.23,0.0,3.23,4000.0,0.0,0.0,1157.67,0.0,0.0,0.0,0.0,0.0,14077.67,0.0,14077.67,422.34,14500.0,"Net Wt: 3.230 Gm.@Rate 4,000.00/Gm.",,Sale,0,1,0
583,1,P19103000797,102,103,103,102,102,103,1.64,0.0,1.64,4000.0,0.0,0.0,721.55,0.0,0.0,0.0,0.0,0.0,7281.55,0.0,7281.55,218.44,7500.0,"Net Wt: 1.640 Gm.@Rate 4,000.00/Gm.",,Sale,0,1,0
585,1,H19103000068,102,103,331,102,102,103,2.17,0.0,2.17,4000.0,0.0,0.0,1028.74,0.0,0.0,0.0,0.0,0.0,9708.74,0.0,9708.74,291.26,10000.0,"Net Wt: 2.170 Gm.@Rate 4,000.00/Gm.",,Sale,0,1,0
586,1,F20104000194,102,104,119,121,109,111,65.32,0.0,65.32,45.0,0.0,0.0,652.83,0.0,0.0,0.0,0.0,0.0,3592.23,0.0,3592.23,107.76,3700.0,Net Wt: 65.320 Gm.@Rate 45.00/Gm.,,Sale,0,1,0
587,1,K19103000544,102,103,331,102,102,103,2.94,0.0,2.94,4000.0,0.0,0.0,1249.91,0.0,0.0,0.0,0.0,0.0,13009.91,0.0,13009.91,390.3,13400.21,"Net Wt: 2.940 Gm.@Rate 4,000.00/Gm.",,Sale,0,1,0
588,1,F20103000895,102,103,331,102,102,103,1.53,0.0,1.53,4000.0,0.0,0.0,676.12,0.0,0.0,0.0,0.0,0.0,6796.12,0.0,6796.12,203.88,7000.0,"Net Wt: 1.530 Gm.@Rate 4,000.00/Gm.",,Sale,0,1,0
589,1,F20103000896,102,103,116,102,102,103,1.3,0.0,1.3,4000.0,0.0,0.0,625.24,0.0,0.0,0.0,0.0,0.0,5825.24,0.0,5825.24,174.76,6000.0,"Net Wt: 1.300 Gm.@Rate 4,000.00/Gm.",,Sale,0,1,0
584,1,K19103000558,102,103,103,102,102,103,3.16,0.0,3.16,4000.0,0.0,0.0,1437.67,0.0,0.0,0.0,0.0,0.0,14077.67,0.0,14077.67,422.34,14500.0,"Net Wt: 3.160 Gm.@Rate 4,000.00/Gm.",,Sale,0,1,0
590,1,F20103000897,102,103,110,102,102,103,2.42,0.0,2.42,4000.0,0.0,0.0,514.17,0.0,0.0,0.0,0.0,0.0,10194.17,0.0,10194.17,305.82,10500.0,"Net Wt: 2.420 Gm.@Rate 4,000.00/Gm.",,Sale,0,1,0
591,1,J19103000447,102,103,102,102,102,103,2.37,0.0,2.37,4000.0,0.0,0.0,1005.44,0.0,0.0,0.0,0.0,0.0,10485.44,0.0,10485.44,314.56,10800.0,"Net Wt: 2.370 Gm.@Rate 4,000.00/Gm.",,Sale,0,1,0
592,1,N19103000658,102,103,374,101,102,103,1.33,0.0,1.33,4000.0,0.0,0.0,505.24,0.0,0.0,0.0,0.0,0.0,5825.24,0.0,5825.24,174.76,6000.0,"Net Wt: 1.330 Gm.@Rate 4,000.00/Gm.",,Sale,0,1,0
593,1,N19103000657,102,103,236,102,102,103,7.35,0.0,7.35,4000.0,0.0,0.0,3415.53,0.0,0.0,0.0,0.0,0.0,32815.53,0.0,32815.53,984.46,33800.0,"Net Wt: 7.350 Gm.@Rate 4,000.00/Gm.",,Sale,0,1,0
594,1,H19103000079,102,103,331,102,102,103,1.81,0.0,1.81,4000.0,0.0,0.0,526.99,0.0,0.0,0.0,0.0,0.0,7766.99,0.0,7766.99,233.0,8000.0,"Net Wt: 1.810 Gm.@Rate 4,000.00/Gm.",,Sale,0,1,0
595,1,F20104000195,102,104,119,121,109,111,33.5,0.0,33.5,45.0,0.0,0.0,385.7,0.0,0.0,0.0,0.0,0.0,1893.2,0.0,1893.2,56.8,1950.0,Net Wt: 33.500 Gm.@Rate 45.00/Gm.,,Sale,0,1,0
596,1,N19103000664,102,103,235,102,102,103,3.0,0.0,3.0,4000.0,0.0,0.0,1203.88,0.0,0.0,0.0,0.0,0.0,13203.88,0.0,13203.88,396.12,13600.0,"Net Wt: 3.000 Gm.@Rate 4,000.00/Gm.",,Sale,0,1,0
597,1,P19103000812,102,103,331,102,102,103,4.03,0.0,4.03,4000.0,0.0,0.0,1355.73,0.0,0.0,0.0,0.0,0.0,17475.73,0.0,17475.73,524.28,18000.0,"Net Wt: 4.030 Gm.@Rate 4,000.00/Gm.",,Sale,0,1,0
598,1,J19103000410,102,103,102,102,102,103,1.85,0.0,1.85,4000.0,0.0,0.0,755.34,0.0,0.0,0.0,0.0,0.0,8155.34,0.0,8155.34,244.66,8400.0,"Net Wt: 1.850 Gm.@Rate 4,000.00/Gm.",,Sale,0,1,0
599,1,J19103000310,102,103,103,102,102,103,5.8,0.0,5.8,4000.0,0.0,0.0,2042.72,0.0,0.0,0.0,0.0,0.0,25242.72,0.0,25242.72,757.28,26000.0,"Net Wt: 5.800 Gm.@Rate 4,000.00/Gm.",,Sale,0,1,0
603,1,F20103000883,102,103,114,102,102,103,10.86,0.0,10.86,4000.0,0.0,0.0,5006.6,0.0,0.0,0.0,0.0,0.0,48446.6,0.0,48446.6,1453.4,49900.0,"Net Wt: 10.860 Gm.@Rate 4,000.00/Gm.",,Sale,0,1,0
604,1,J19103000417,102,103,238,102,102,103,0.46,0.0,0.46,4000.0,0.0,0.0,295.92,0.0,0.0,0.0,0.0,0.0,2135.92,0.0,2135.92,64.08,2200.0,"Net Wt: 0.460 Gm.@Rate 4,000.00/Gm.",,Sale,0,1,0
605,1,P19103000830,102,103,102,102,102,103,2.01,0.0,2.01,4000.0,0.0,0.0,697.86,0.0,0.0,0.0,0.0,0.0,8737.86,0.0,8737.86,262.14,9000.0,"Net Wt: 2.010 Gm.@Rate 4,000.00/Gm.",,Sale,0,1,0
606,1,F20104000197,102,104,119,121,109,111,69.1,0.0,69.1,45.0,0.0,0.0,774.0,0.0,0.0,0.0,0.0,0.0,3883.5,0.0,3883.5,116.5,4000.0,Net Wt: 69.100 Gm.@Rate 45.00/Gm.,,Sale,0,1,0
606,2,F20103000899,102,103,103,102,102,103,3.56,0.0,3.56,4000.0,0.0,0.0,1293.98,0.0,0.0,0.0,0.0,0.0,15533.98,0.0,15533.98,466.02,16000.0,"Net Wt: 3.560 Gm.@Rate 4,000.00/Gm.",,Sale,0,1,0
607,1,F20103000900,102,103,331,102,102,103,3.14,0.0,3.14,4000.0,0.0,0.0,1032.23,0.0,0.0,0.0,0.0,0.0,13592.23,0.0,13592.23,407.76,14000.0,"Net Wt: 3.140 Gm.@Rate 4,000.00/Gm.",,Sale,0,1,0
608,1,P19103000821,102,103,331,102,102,103,1.92,0.0,1.92,4000.0,0.0,0.0,86.99,0.0,0.0,0.0,0.0,0.0,7766.99,0.0,7766.99,233.0,8000.0,"Net Wt: 1.920 Gm.@Rate 4,000.00/Gm.",,Sale,0,1,0
609,1,J19103000282,102,103,114,102,102,103,16.15,0.0,16.15,4100.0,0.0,0.0,8542.28,0.0,0.0,0.0,0.0,0.0,74757.28,0.0,74757.28,2242.72,77000.0,"Net Wt: 16.150 Gm.@Rate 4,100.00/Gm.",,Sale,0,1,0
610,1,F20103000901,102,103,331,102,102,103,18.98,0.0,18.98,4150.0,0.0,0.0,6669.89,0.0,0.0,0.0,0.0,0.0,85436.89,0.0,85436.89,2563.1,88000.0,"Net Wt: 18.980 Gm.@Rate 4,150.00/Gm.",,Sale,0,1,0
611,1,J19103000328,102,103,107,102,102,103,3.71,0.0,3.71,4050.0,0.0,0.0,1673.53,0.0,0.0,0.0,0.0,0.0,16699.03,0.0,16699.03,500.98,17200.0,"Net Wt: 3.710 Gm.@Rate 4,050.00/Gm.",,Sale,0,1,0
612,1,P19103000783,102,103,331,102,102,103,1.96,0.0,1.96,4050.0,0.0,0.0,799.86,0.0,0.0,0.0,0.0,0.0,8737.86,0.0,8737.86,262.14,9000.0,"Net Wt: 1.960 Gm.@Rate 4,050.00/Gm.",,Sale,0,1,0
613,1,J19103000412,102,103,102,102,102,103,4.19,0.0,4.19,4050.0,0.0,0.0,1477.1,0.0,0.0,0.0,0.0,0.0,18446.6,0.0,18446.6,553.4,19000.0,"Net Wt: 4.190 Gm.@Rate 4,050.00/Gm.",,Sale,0,1,0
614,1,P19103000826,102,103,102,102,102,103,1.81,0.0,1.81,4050.0,0.0,0.0,630.67,0.0,0.0,0.0,0.0,0.0,7961.17,0.0,7961.17,238.84,8200.01,"Net Wt: 1.810 Gm.@Rate 4,050.00/Gm.",,Sale,0,1,0
615,1,H19103000023,102,103,331,102,102,103,2.64,0.0,2.64,4100.0,0.0,0.0,826.49,0.0,0.0,0.0,0.0,0.0,11650.49,0.0,11650.49,349.52,12000.0,"Net Wt: 2.640 Gm.@Rate 4,100.00/Gm.",,Sale,0,1,0
616,1,N19103000662,102,103,331,102,102,103,4.2,0.0,4.2,4100.0,0.0,0.0,1712.04,0.0,0.0,0.0,0.0,0.0,18932.04,0.0,18932.04,567.96,19500.0,"Net Wt: 4.200 Gm.@Rate 4,100.00/Gm.",,Sale,0,1,0
617,1,F20103000892,102,103,338,102,102,103,3.04,0.0,3.04,4100.0,0.0,0.0,1128.23,0.0,0.0,0.0,0.0,0.0,13592.23,0.0,13592.23,407.76,14000.0,"Net Wt: 3.040 Gm.@Rate 4,100.00/Gm.",,Sale,0,1,0
618,1,H19103000026,102,103,331,102,102,103,3.3,0.0,3.3,4150.0,0.0,0.0,1353.54,0.0,0.0,0.0,0.0,0.0,15048.54,0.0,15048.54,451.46,15500.0,"Net Wt: 3.300 Gm.@Rate 4,150.00/Gm.",,Sale,0,1,0
619,1,F20103000918,102,103,407,102,102,103,1.05,0.0,1.05,4150.0,0.0,0.0,496.87,0.0,0.0,0.0,0.0,0.0,4854.37,0.0,4854.37,145.64,5000.0,"Net Wt: 1.050 Gm.@Rate 4,150.00/Gm.",,Sale,0,1,0
600,1,F20103000885,102,103,338,102,102,103,4.49,0.0,4.49,4000.0,0.0,0.0,1457.48,0.0,0.0,0.0,0.0,0.0,19417.48,0.0,19417.48,582.52,20000.0,"Net Wt: 4.490 Gm.@Rate 4,000.00/Gm.",,Sale,0,1,0
601,1,F20104000196,102,104,128,130,109,111,22.3,0.0,22.3,45.0,0.0,0.0,452.81,0.0,0.0,0.0,0.0,0.0,1456.31,0.0,1456.31,43.68,1500.0,Net Wt: 22.300 Gm.@Rate 45.00/Gm.,,Sale,0,1,0
602,1,F20103000898,102,103,102,102,102,103,0.86,0.0,0.86,4000.0,0.0,0.0,443.5,0.0,0.0,0.0,0.0,0.0,3883.5,0.0,3883.5,116.5,4000.0,"Net Wt: 0.860 Gm.@Rate 4,000.00/Gm.",,Sale,0,1,0
620,1,F20103000950,102,103,331,102,102,103,1.78,0.0,1.78,4150.0,0.0,0.0,574.17,0.0,0.0,0.0,0.0,0.0,7961.17,0.0,7961.17,238.84,8200.01,"Net Wt: 1.780 Gm.@Rate 4,150.00/Gm.",,Sale,0,1,0
621,1,P19103000839,102,103,102,102,102,103,4.75,0.0,4.75,4150.0,0.0,0.0,1646.72,0.0,0.0,0.0,0.0,0.0,21359.22,0.0,21359.22,640.78,22000.0,"Net Wt: 4.750 Gm.@Rate 4,150.00/Gm.",,Sale,0,1,0
622,1,J19103000466,102,103,103,102,102,103,2.95,0.0,2.95,4150.0,0.0,0.0,1058.47,0.0,0.0,0.0,0.0,0.0,13300.97,0.0,13300.97,399.02,13700.0,"Net Wt: 2.950 Gm.@Rate 4,150.00/Gm.",,Sale,0,1,0
623,1,F20103000928,102,103,411,102,102,103,0.5,0.0,0.5,4150.0,0.0,0.0,60.92,0.0,0.0,0.0,0.0,0.0,2135.92,0.0,2135.92,64.08,2200.0,"Net Wt: 0.500 Gm.@Rate 4,150.00/Gm.",,Sale,0,1,0
624,1,F20104000198,102,104,123,102,109,111,18.3,0.0,18.3,45.0,0.0,0.0,147.37,0.0,0.0,0.0,0.0,0.0,970.87,0.0,970.87,29.12,1000.0,Net Wt: 18.300 Gm.@Rate 45.00/Gm.,,Sale,0,1,0
625,1,F20103000906,102,103,331,102,102,103,1.74,0.0,1.74,4150.0,0.0,0.0,545.99,0.0,0.0,0.0,0.0,0.0,7766.99,0.0,7766.99,233.0,8000.0,"Net Wt: 1.740 Gm.@Rate 4,150.00/Gm.",,Sale,0,1,0
626,1,F20103000917,102,103,407,102,102,103,1.47,0.0,1.47,4150.0,0.0,0.0,695.62,0.0,0.0,0.0,0.0,0.0,6796.12,0.0,6796.12,203.88,7000.0,"Net Wt: 1.470 Gm.@Rate 4,150.00/Gm.",,Sale,0,1,0
627,1,F20104000199,102,104,119,121,109,111,65.0,0.0,65.0,45.0,0.0,0.0,764.32,0.0,0.0,0.0,0.0,0.0,3689.32,0.0,3689.32,110.68,3800.0,Net Wt: 65.000 Gm.@Rate 45.00/Gm.,,Sale,0,1,0
628,1,F20104000200,102,104,119,121,109,111,75.1,0.0,75.1,45.0,0.0,0.0,601.08,0.0,0.0,0.0,0.0,0.0,3980.58,0.0,3980.58,119.42,4100.0,Net Wt: 75.100 Gm.@Rate 45.00/Gm.,,Sale,0,1,0
629,1,F20104000201,102,104,122,124,109,111,65.32,0.0,65.32,45.0,0.0,0.0,944.1,0.0,0.0,0.0,0.0,0.0,3883.5,0.0,3883.5,116.5,4000.0,Net Wt: 65.320 Gm.@Rate 45.00/Gm.,,Sale,0,1,0
630,1,F20103001026,102,103,404,102,102,103,2.44,0.0,2.44,4250.0,0.0,0.0,1668.83,0.0,0.0,0.0,0.0,0.0,12038.83,0.0,12038.83,361.16,12400.0,"Net Wt: 2.440 Gm.@Rate 4,250.00/Gm.",,Sale,0,1,0
631,1,F20103000971,102,103,103,102,102,103,4.82,0.0,4.82,4300.0,0.0,0.0,1118.66,0.0,0.0,0.0,0.0,0.0,21844.66,0.0,21844.66,655.34,22500.0,"Net Wt: 4.820 Gm.@Rate 4,300.00/Gm.",,Sale,0,1,0
632,1,F20103000922,102,103,407,102,102,103,0.92,0.0,0.92,4300.0,0.0,0.0,412.93,0.0,0.0,0.0,0.0,0.0,4368.93,0.0,4368.93,131.06,4500.0,"Net Wt: 0.920 Gm.@Rate 4,300.00/Gm.",,Sale,0,1,0
633,1,P19103000825,102,103,102,102,102,103,1.88,0.0,1.88,4300.0,0.0,0.0,653.86,0.0,0.0,0.0,0.0,0.0,8737.86,0.0,8737.86,262.14,9000.0,"Net Wt: 1.880 Gm.@Rate 4,300.00/Gm.",,Sale,0,1,0
634,1,F20103000977,102,103,235,102,102,103,3.17,0.0,3.17,4300.0,0.0,0.0,932.11,0.0,0.0,0.0,0.0,0.0,14563.11,0.0,14563.11,436.9,15000.0,"Net Wt: 3.170 Gm.@Rate 4,300.00/Gm.",,Sale,0,1,0
635,1,N19103000733,102,103,374,101,102,103,1.35,0.0,1.35,4300.0,0.0,0.0,505.68,0.0,0.0,0.0,0.0,0.0,6310.68,0.0,6310.68,189.32,6500.0,"Net Wt: 1.350 Gm.@Rate 4,300.00/Gm.",,Sale,0,1,0
635,2,F20104000202,102,104,119,121,109,111,125.3,0.0,125.3,45.0,0.0,0.0,672.18,0.0,0.0,0.0,0.0,0.0,6310.68,0.0,6310.68,189.32,6500.0,Net Wt: 125.300 Gm.@Rate 45.00/Gm.,,Sale,0,1,0
636,1,F20103000953,102,103,235,102,102,103,3.2,0.0,3.2,4300.0,0.0,0.0,1094.37,0.0,0.0,0.0,0.0,0.0,14854.37,0.0,14854.37,445.64,15300.0,"Net Wt: 3.200 Gm.@Rate 4,300.00/Gm.",,Sale,0,1,0
637,1,H19103000097,102,103,102,102,102,103,4.51,0.0,4.51,4300.0,0.0,0.0,1966.22,0.0,0.0,0.0,0.0,0.0,21359.22,0.0,21359.22,640.78,22000.0,"Net Wt: 4.510 Gm.@Rate 4,300.00/Gm.",,Sale,0,1,0
638,1,J19103000351,102,103,338,102,102,103,2.45,0.0,2.45,4300.0,0.0,0.0,1115.49,0.0,0.0,0.0,0.0,0.0,11650.49,0.0,11650.49,349.52,12000.0,"Net Wt: 2.450 Gm.@Rate 4,300.00/Gm.",,Sale,0,1,0
639,1,J19103000394,102,103,102,102,102,103,3.42,0.0,3.42,4300.0,0.0,0.0,1313.42,0.0,0.0,0.0,0.0,0.0,16019.42,0.0,16019.42,480.58,16500.0,"Net Wt: 3.420 Gm.@Rate 4,300.00/Gm.",,Sale,0,1,0
640,1,F20103000937,102,103,411,102,102,103,0.38,0.0,0.38,4300.0,0.0,0.0,113.57,0.0,0.0,0.0,0.0,0.0,1747.57,0.0,1747.57,52.42,1800.0,"Net Wt: 0.380 Gm.@Rate 4,300.00/Gm.",,Sale,0,1,0
641,1,L19103000582,102,103,102,102,102,103,3.42,0.0,3.42,4300.0,0.0,0.0,1313.42,0.0,0.0,0.0,0.0,0.0,16019.42,0.0,16019.42,480.58,16500.0,"Net Wt: 3.420 Gm.@Rate 4,300.00/Gm.",,Sale,0,1,0
642,1,F20103001055,102,103,104,102,102,103,37.79,0.0,37.79,3960.0,0.0,0.0,9574.9,0.0,0.0,0.0,0.0,0.0,159223.3,0.0,159223.3,4776.7,164000.0,"Net Wt: 37.790 Gm.@Rate 3,960.00/Gm.",,Sale,0,1,0
643,1,F20103001056,102,103,109,102,102,103,41.24,0.0,41.24,3960.0,0.0,0.0,10476.01,0.0,0.0,0.0,0.0,0.0,173786.41,0.0,173786.41,5213.6,179000.0,"Net Wt: 41.240 Gm.@Rate 3,960.00/Gm.",,Sale,0,1,0
644,1,N19103000610,102,103,331,102,102,103,1.09,0.0,1.09,4250.0,0.0,0.0,416.04,0.0,0.0,0.0,0.0,0.0,5048.54,0.0,5048.54,151.46,5200.0,"Net Wt: 1.090 Gm.@Rate 4,250.00/Gm.",,Sale,0,1,0
645,1,J19103000495,102,103,102,102,102,103,1.69,0.0,1.69,4250.0,0.0,0.0,584.49,0.0,0.0,0.0,0.0,0.0,7766.99,0.0,7766.99,233.0,8000.0,"Net Wt: 1.690 Gm.@Rate 4,250.00/Gm.",,Sale,0,1,0
646,1,F20103000962,102,103,235,102,102,103,1.55,0.0,1.55,4150.0,0.0,0.0,606.33,0.0,0.0,0.0,0.0,0.0,7038.83,0.0,7038.83,211.16,7249.99,"Net Wt: 1.550 Gm.@Rate 4,150.00/Gm.",,Sale,0,1,0
647,1,J19103000402,102,103,235,102,102,103,6.04,0.0,6.04,4150.0,0.0,0.0,1633.03,0.0,0.0,0.0,0.0,0.0,26699.03,0.0,26699.03,800.98,27500.0,"Net Wt: 6.040 Gm.@Rate 4,150.00/Gm.",,Sale,0,1,0
648,1,P19103000805,102,103,103,102,102,103,3.07,0.0,3.07,4150.0,0.0,0.0,1337.17,0.0,0.0,0.0,0.0,0.0,14077.67,0.0,14077.67,422.34,14500.0,"Net Wt: 3.070 Gm.@Rate 4,150.00/Gm.",,Sale,0,1,0
649,1,N19103000651,102,103,101,102,102,103,10.47,0.0,10.47,4150.0,0.0,0.0,4122.32,0.0,0.0,0.0,0.0,0.0,47572.82,0.0,47572.82,1427.18,49000.0,"Net Wt: 10.470 Gm.@Rate 4,150.00/Gm.",,Sale,0,1,0
650,1,H19103000075,102,103,331,102,102,103,2.56,0.0,2.56,4150.0,0.0,0.0,1026.49,0.0,0.0,0.0,0.0,0.0,11650.49,0.0,11650.49,349.52,12000.0,"Net Wt: 2.560 Gm.@Rate 4,150.00/Gm.",,Sale,0,1,0
651,1,N19103000656,102,103,236,102,102,103,6.34,0.0,6.34,4150.0,0.0,0.0,1844.13,0.0,0.0,0.0,0.0,0.0,28155.13,0.0,28155.13,844.66,28999.78,"Net Wt: 6.340 Gm.@Rate 4,150.00/Gm.",,Sale,0,1,0
651,2,N19103000694,102,103,374,101,102,103,1.49,0.0,1.49,4150.0,0.0,0.0,612.62,0.0,0.0,0.0,0.0,0.0,6796.12,0.0,6796.12,203.88,7000.0,"Net Wt: 1.490 Gm.@Rate 4,150.00/Gm.",,Sale,0,1,0
652,1,P19103000786,102,103,331,102,102,103,2.49,0.0,2.49,4150.0,0.0,0.0,831.55,0.0,0.0,0.0,0.0,0.0,11165.05,0.0,11165.05,334.96,11500.0,"Net Wt: 2.490 Gm.@Rate 4,150.00/Gm.",,Sale,0,1,0
653,1,I19103000205,102,103,112,102,102,103,33.56,0.0,33.56,4150.0,0.0,0.0,7813.38,0.0,0.0,0.0,0.0,0.0,147087.38,0.0,147087.38,4412.62,151500.0,"Net Wt: 33.560 Gm.@Rate 4,150.00/Gm.",,Sale,0,1,0
654,1,G20104000203,102,104,119,121,109,111,69.35,0.0,69.35,45.0,0.0,0.0,762.75,0.0,0.0,0.0,0.0,0.0,3883.5,0.0,3883.5,116.5,4000.0,Net Wt: 69.350 Gm.@Rate 45.00/Gm.,,Sale,0,1,0
655,1,G20104000204,102,104,133,135,109,111,21.3,0.0,21.3,45.0,0.0,0.0,206.55,0.0,0.0,0.0,0.0,0.0,1165.05,0.0,1165.05,34.96,1200.0,Net Wt: 21.300 Gm.@Rate 45.00/Gm.,,Sale,0,1,0
656,1,F20103001052,102,103,114,102,102,103,12.21,0.0,12.21,4150.0,0.0,0.0,2726.56,0.0,0.0,0.0,0.0,0.0,53398.06,0.0,53398.06,1601.94,55000.0,"Net Wt: 12.210 Gm.@Rate 4,150.00/Gm.",,Sale,0,1,0
657,1,J19103000396,102,103,102,102,102,103,1.55,0.0,1.55,4200.0,0.0,0.0,723.01,0.0,0.0,0.0,0.0,0.0,7233.01,0.0,7233.01,217.0,7450.0,"Net Wt: 1.550 Gm.@Rate 4,200.00/Gm.",,Sale,0,1,0
658,1,P19103000829,102,103,102,102,102,103,1.94,0.0,1.94,4250.0,0.0,0.0,492.86,0.0,0.0,0.0,0.0,0.0,8737.86,0.0,8737.86,262.14,9000.0,"Net Wt: 1.940 Gm.@Rate 4,250.00/Gm.",,Sale,0,1,0
659,1,N19103000623,102,103,238,102,102,103,0.48,0.0,0.48,4200.0,0.0,0.0,119.92,0.0,0.0,0.0,0.0,0.0,2135.92,0.0,2135.92,64.08,2200.0,"Net Wt: 0.480 Gm.@Rate 4,200.00/Gm.",,Sale,0,1,0
660,1,K19103000543,102,103,331,102,102,103,2.3,0.0,2.3,4350.0,0.0,0.0,674.61,0.0,0.0,0.0,0.0,0.0,10679.61,0.0,10679.61,320.38,11000.0,"Net Wt: 2.300 Gm.@Rate 4,350.00/Gm.",,Sale,0,1,0
661,1,F20103001008,102,103,110,102,102,103,2.56,0.0,2.56,4350.0,0.0,0.0,999.92,0.0,0.0,0.0,0.0,0.0,12135.92,0.0,12135.92,364.08,12500.0,"Net Wt: 2.560 Gm.@Rate 4,350.00/Gm.",,Sale,0,1,0
662,1,J19103000439,102,103,102,102,102,103,2.51,0.0,2.51,4350.0,0.0,0.0,731.99,0.0,0.0,0.0,0.0,0.0,11650.49,0.0,11650.49,349.52,12000.0,"Net Wt: 2.510 Gm.@Rate 4,350.00/Gm.",,Sale,0,1,0
663,1,H19103000028,102,103,331,102,102,103,2.62,0.0,2.62,4350.0,0.0,0.0,1224.36,0.0,0.0,0.0,0.0,0.0,12621.36,0.0,12621.36,378.64,13000.0,"Net Wt: 2.620 Gm.@Rate 4,350.00/Gm.",,Sale,0,1,0
663,2,F20103000956,102,103,235,102,102,103,2.77,0.0,2.77,4350.0,0.0,0.0,1057.3,0.0,0.0,0.0,0.0,0.0,13106.8,0.0,13106.8,393.2,13500.0,"Net Wt: 2.770 Gm.@Rate 4,350.00/Gm.",,Sale,0,1,0
663,3,J19103000354,102,103,338,102,102,103,3.31,0.0,3.31,4350.0,0.0,0.0,1620.92,0.0,0.0,0.0,0.0,0.0,16019.42,0.0,16019.42,480.58,16500.0,"Net Wt: 3.310 Gm.@Rate 4,350.00/Gm.",,Sale,0,1,0
664,1,G20104000205,102,104,119,121,109,111,56.8,0.0,56.8,45.0,0.0,0.0,356.62,0.0,0.0,0.0,0.0,0.0,2912.62,0.0,2912.62,87.38,3000.0,Net Wt: 56.800 Gm.@Rate 45.00/Gm.,,Sale,0,1,0
665,1,G20103001065,102,103,419,102,102,103,1.44,0.0,1.44,4350.0,0.0,0.0,532.12,0.0,0.0,0.0,0.0,0.0,6796.12,0.0,6796.12,203.88,7000.0,"Net Wt: 1.440 Gm.@Rate 4,350.00/Gm.",,Sale,0,1,0
665,2,G20103001110,102,103,101,102,102,103,13.2,0.0,13.2,4350.0,0.0,0.0,3745.05,0.0,0.0,0.0,0.0,0.0,61165.05,0.0,61165.05,1834.96,63000.0,"Net Wt: 13.200 Gm.@Rate 4,350.00/Gm.",,Sale,0,1,0
666,1,G20103001111,102,103,102,102,102,103,1.46,0.0,1.46,4350.0,0.0,0.0,-40.32,0.0,0.0,0.0,0.0,0.0,6310.68,0.0,6310.68,189.32,6500.0,"Net Wt: 1.460 Gm.@Rate 4,350.00/Gm.",,Sale,0,1,0
667,1,G20104000206,102,104,122,124,109,111,29.34,0.0,29.34,45.0,0.0,0.0,718.53,0.0,0.0,0.0,0.0,0.0,2038.83,0.0,2038.83,61.16,2100.0,Net Wt: 29.340 Gm.@Rate 45.00/Gm.,,Sale,0,1,0
668,1,N19103000725,102,103,374,101,102,103,2.28,0.0,2.28,4250.0,0.0,0.0,795.44,0.0,0.0,0.0,0.0,0.0,10485.44,0.0,10485.44,314.56,10800.0,"Net Wt: 2.280 Gm.@Rate 4,250.00/Gm.",,Sale,0,1,0
669,1,G20104000207,102,104,119,121,109,111,58.6,0.0,58.6,45.0,0.0,0.0,761.06,0.0,0.0,0.0,0.0,0.0,3398.06,0.0,3398.06,101.94,3500.0,Net Wt: 58.600 Gm.@Rate 45.00/Gm.,,Sale,0,1,0
670,1,G20103001058,102,103,419,102,102,103,0.94,0.0,0.94,4250.0,0.0,0.0,276.84,0.0,0.0,0.0,0.0,0.0,4271.84,0.0,4271.84,128.16,4400.0,"Net Wt: 0.940 Gm.@Rate 4,250.00/Gm.",,Sale,0,1,0
671,1,G20104000208,102,104,119,121,109,111,69.3,0.0,69.3,45.0,0.0,0.0,765.0,0.0,0.0,0.0,0.0,0.0,3883.5,0.0,3883.5,116.5,4000.0,Net Wt: 69.300 Gm.@Rate 45.00/Gm.,,Sale,0,1,0
672,1,F20103001000,102,103,110,102,102,103,8.44,0.0,8.44,4250.0,0.0,0.0,2382.43,0.0,0.0,0.0,0.0,0.0,38252.43,0.0,38252.43,1147.58,39400.0,"Net Wt: 8.440 Gm.@Rate 4,250.00/Gm.",,Sale,0,1,0
673,1,G20103001063,102,103,419,102,102,103,0.93,0.0,0.93,4250.0,0.0,0.0,416.43,0.0,0.0,0.0,0.0,0.0,4368.93,0.0,4368.93,131.06,4500.0,"Net Wt: 0.930 Gm.@Rate 4,250.00/Gm.",,Sale,0,1,0
674,1,G20103001112,102,103,102,102,102,103,6.1,0.0,6.1,4250.0,0.0,0.0,1599.27,0.0,0.0,0.0,0.0,0.0,27524.27,0.0,27524.27,825.72,28350.0,"Net Wt: 6.100 Gm.@Rate 4,250.00/Gm.",,Sale,0,1,0
675,1,G20104000209,102,104,119,121,109,111,54.0,0.0,54.0,45.0,0.0,0.0,1065.15,0.0,0.0,0.0,0.0,0.0,3495.15,0.0,3495.15,104.86,3600.0,Net Wt: 54.000 Gm.@Rate 45.00/Gm.,,Sale,0,1,0
676,1,P19103000781,102,103,101,102,102,103,24.4,0.0,24.4,4280.0,0.0,0.0,7218.49,0.0,0.0,0.0,0.0,0.0,111650.49,0.0,111650.49,3349.52,115000.0,"Net Wt: 24.400 Gm.@Rate 4,280.00/Gm.",,Sale,0,1,0
677,1,P19103000775,102,103,101,102,102,103,25.04,0.0,25.04,4200.0,0.0,0.0,7453.36,0.0,0.0,0.0,0.0,0.0,112621.36,0.0,112621.36,3378.64,116000.0,"Net Wt: 25.040 Gm.@Rate 4,200.00/Gm.",,Sale,0,1,0
677,2,F20103000910,102,103,331,102,102,103,7.76,0.0,7.76,4200.0,0.0,0.0,2359.46,0.0,0.0,0.0,0.0,0.0,34951.46,0.0,34951.46,1048.54,36000.0,"Net Wt: 7.760 Gm.@Rate 4,200.00/Gm.",,Sale,0,1,0
677,3,G20103001113,102,103,105,102,102,103,3.78,0.0,3.78,4200.0,0.0,0.0,1114.29,0.0,0.0,0.0,0.0,0.0,16990.29,0.0,16990.29,509.7,17500.0,"Net Wt: 3.780 Gm.@Rate 4,200.00/Gm.",,Sale,0,1,0
678,1,G20104000210,102,104,119,121,109,111,22.3,0.0,22.3,45.0,0.0,0.0,219.8,0.0,0.0,0.0,0.0,0.0,1223.3,0.0,1223.3,36.7,1260.0,Net Wt: 22.300 Gm.@Rate 45.00/Gm.,,Sale,0,1,0
679,1,G20104000211,102,104,119,121,109,111,90.65,0.0,90.65,45.0,0.0,0.0,775.12,0.0,0.0,0.0,0.0,0.0,4854.37,0.0,4854.37,145.64,5000.0,Net Wt: 90.650 Gm.@Rate 45.00/Gm.,,Sale,0,1,0
680,1,N19103000630,102,103,112,102,102,103,5.37,0.0,5.37,4180.0,0.0,0.0,1825.24,0.0,0.0,0.0,0.0,0.0,24271.84,0.0,24271.84,728.16,25000.0,"Net Wt: 5.370 Gm.@Rate 4,180.00/Gm.",,Sale,0,1,0
680,2,H19103000091,102,103,102,102,102,103,3.31,0.0,3.31,4180.0,0.0,0.0,727.31,0.0,0.0,0.0,0.0,0.0,14563.11,0.0,14563.11,436.9,15000.0,"Net Wt: 3.310 Gm.@Rate 4,180.00/Gm.",,Sale,0,1,0
681,1,G20103001114,102,103,102,102,102,103,3.45,0.0,3.45,4180.0,0.0,0.0,1112.98,0.0,0.0,0.0,0.0,0.0,15533.98,0.0,15533.98,466.02,16000.0,"Net Wt: 3.450 Gm.@Rate 4,180.00/Gm.",,Sale,0,1,0
682,1,P19103000847,102,103,112,102,102,103,6.94,0.0,6.94,4280.0,0.0,0.0,1364.76,0.0,0.0,0.0,0.0,0.0,31067.96,0.0,31067.96,932.04,32000.0,"Net Wt: 6.940 Gm.@Rate 4,280.00/Gm.",,Sale,0,1,0
683,1,N19103000681,102,103,235,102,102,103,3.73,0.0,3.73,3850.0,0.0,0.0,2338.44,0.0,0.0,0.0,0.0,0.0,16698.94,0.0,16698.94,500.96,17199.91,"Net Wt: 3.730 Gm.@Rate 3,850.00/Gm.",,Sale,0,1,0
683,2,F20103000967,102,103,235,102,102,103,3.6,0.0,3.6,3850.0,0.0,0.0,2159.07,0.0,0.0,0.0,0.0,0.0,16019.07,0.0,16019.07,480.58,16499.64,"Net Wt: 3.600 Gm.@Rate 3,850.00/Gm.",,Sale,0,1,0
685,1,P19103000789,102,103,331,102,102,103,7.07,0.0,7.07,4800.0,0.0,0.0,1986.33,0.0,0.0,0.0,0.0,0.0,35922.33,0.0,35922.33,1077.66,37000.0,"Net Wt: 7.070 Gm.@Rate 4,800.00/Gm.",,Sale,0,1,0
685,2,F20103000942,102,103,331,102,102,103,1.91,0.0,1.91,4800.0,0.0,0.0,540.74,0.0,0.0,0.0,0.0,0.0,9708.74,0.0,9708.74,291.26,10000.0,"Net Wt: 1.910 Gm.@Rate 4,800.00/Gm.",,Sale,0,1,0
686,1,I20104000213,102,104,151,150,109,111,22.49,0.0,22.49,46.0,0.0,0.0,810.12,0.0,0.0,0.0,0.0,0.0,1844.66,0.0,1844.66,55.34,1900.0,Net Wt: 22.490 Gm.@Rate 46.00/Gm.,,Sale,0,1,0
687,1,F20103001033,102,103,110,102,102,103,2.41,0.0,2.41,4800.0,0.0,0.0,1053.36,0.0,0.0,0.0,0.0,0.0,12621.36,0.0,12621.36,378.64,13000.0,"Net Wt: 2.410 Gm.@Rate 4,800.00/Gm.",,Sale,0,1,0
688,1,I20104000214,102,104,119,121,109,111,15.95,0.0,15.95,45.0,0.0,0.0,253.12,0.0,0.0,0.0,0.0,0.0,970.87,0.0,970.87,29.12,1000.0,Net Wt: 15.950 Gm.@Rate 45.00/Gm.,,Sale,0,1,0
689,1,I20103001115,102,103,443,102,102,129,0.2,0.0,0.2,4700.0,0.0,0.0,1.75,0.0,0.0,0.0,0.0,0.0,941.75,0.0,941.75,28.26,970.0,"Net Wt: 0.200 Gm.@Rate 4,700.00/Gm.",,Sale,0,1,0
690,1,I20103001116,102,103,116,102,102,103,0.5,0.0,0.5,4800.0,0.0,0.0,512.62,0.0,0.0,0.0,0.0,0.0,2912.62,0.0,2912.62,87.38,3000.0,"Net Wt: 0.500 Gm.@Rate 4,800.00/Gm.",,Sale,0,1,0
691,1,N19103000715,102,103,374,102,102,103,1.59,0.0,1.59,4750.0,0.0,0.0,554.11,0.0,0.0,0.0,0.0,0.0,8106.61,0.0,8106.61,243.2,8349.81,"Net Wt: 1.590 Gm.@Rate 4,750.00/Gm.",,Sale,0,1,0
691,2,J20103001117,102,103,404,102,102,103,1.41,0.0,1.41,4750.0,0.0,0.0,923.86,0.0,0.0,0.0,0.0,0.0,7621.36,0.0,7621.36,228.64,7850.0,"Net Wt: 1.410 Gm.@Rate 4,750.00/Gm.",,Sale,0,1,0
692,1,J20104000215,102,104,119,121,109,111,20.71,0.0,20.71,45.0,0.0,0.0,427.27,0.0,0.0,0.0,0.0,0.0,1359.22,0.0,1359.22,40.78,1400.0,Net Wt: 20.710 Gm.@Rate 45.00/Gm.,,Sale,0,1,0
693,1,I19103000232,102,103,101,102,102,103,12.1,0.0,12.1,4750.0,0.0,0.0,2719.17,0.0,0.0,0.0,0.0,0.0,60194.17,0.0,60194.17,1805.82,62000.0,"Net Wt: 12.100 Gm.@Rate 4,750.00/Gm.",,Sale,0,1,0
694,1,J20103001118,102,103,101,102,102,103,22.8,0.0,22.8,4850.0,0.0,0.0,5924.85,0.0,0.0,0.0,0.0,0.0,116504.85,0.0,116504.85,3495.14,120000.0,"Net Wt: 22.800 Gm.@Rate 4,850.00/Gm.",,Sale,0,1,0
695,1,N19103000635,102,103,112,102,102,103,5.39,0.0,5.39,4800.0,0.0,0.0,3254.21,0.0,0.0,0.0,0.0,0.0,29126.21,0.0,29126.21,873.78,30000.0,"Net Wt: 5.390 Gm.@Rate 4,800.00/Gm.",,Sale,0,1,0
696,1,J20103001119,102,103,113,102,102,103,4.56,0.0,4.56,4700.0,0.0,0.0,1868.97,0.0,0.0,0.0,0.0,0.0,23300.97,0.0,23300.97,699.02,24000.0,"Net Wt: 4.560 Gm.@Rate 4,700.00/Gm.",,Sale,0,1,0
697,1,G20103001088,102,103,115,102,102,103,0.93,0.0,0.93,4800.0,0.0,0.0,196.19,0.0,0.0,0.0,0.0,0.0,4660.19,0.0,4660.19,139.8,4800.0,"Net Wt: 0.930 Gm.@Rate 4,800.00/Gm.",,Sale,0,1,0
698,1,N19103000750,102,103,101,102,102,103,10.5,0.0,10.5,3850.0,1.09,0.0,6758.53,0.0,0.0,0.0,0.0,0.0,47183.53,0.0,47183.53,1415.5,48599.04,"Net Wt: 10.500 Gm.@Rate 3,850.00/Gm.",,Return,0,1,0
698,2,J20103001120,102,103,103,102,102,103,7.62,0.0,7.62,3850.0,0.0,0.0,1729.99,0.0,0.0,0.0,0.0,0.0,31066.99,0.0,31066.99,932.0,31999.0,"Net Wt: 7.620 Gm.@Rate 3,850.00/Gm.",,Sale,0,1,0
698,3,J20103001121,102,103,110,102,102,103,4.26,0.0,4.26,3850.0,0.0,0.0,492.2,0.0,0.0,0.0,0.0,0.0,16893.2,0.0,16893.2,506.8,17400.0,"Net Wt: 4.260 Gm.@Rate 3,850.00/Gm.",,Sale,0,1,0
699,1,J20103001122,102,103,103,102,102,103,7.62,0.0,7.62,3850.0,0.0,0.0,1925.14,0.0,0.0,0.0,0.0,0.0,31262.14,0.0,31262.14,937.86,32200.0,"Net Wt: 7.620 Gm.@Rate 3,850.00/Gm.",,Sale,0,1,0
699,2,J20103001123,102,103,110,102,102,103,4.26,0.0,4.26,3850.0,0.0,0.0,1657.25,0.0,0.0,0.0,0.0,0.0,18058.25,0.0,18058.25,541.74,18600.0,"Net Wt: 4.260 Gm.@Rate 3,850.00/Gm.",,Sale,0,1,0
700,1,F20103000978,102,103,235,102,102,103,3.02,0.0,3.02,4750.0,0.0,0.0,703.54,0.0,0.0,0.0,0.0,0.0,15048.54,0.0,15048.54,451.46,15500.0,"Net Wt: 3.020 Gm.@Rate 4,750.00/Gm.",,Sale,0,1,0
701,1,J20104000216,102,104,119,121,109,111,15.6,0.0,15.6,45.0,0.0,0.0,74.7,0.0,0.0,0.0,0.0,0.0,776.7,0.0,776.7,23.3,800.0,Net Wt: 15.600 Gm.@Rate 45.00/Gm.,,Sale,0,1,0
702,1,J20104000217,102,104,119,121,109,111,56.0,0.0,56.0,45.0,0.0,0.0,392.62,0.0,0.0,0.0,0.0,0.0,2912.62,0.0,2912.62,87.38,3000.0,Net Wt: 56.000 Gm.@Rate 45.00/Gm.,,Sale,0,1,0
703,1,N19103000602,102,103,331,102,102,103,2.02,0.0,2.02,4950.0,0.0,0.0,680.61,0.0,0.0,0.0,0.0,0.0,10679.61,0.0,10679.61,320.38,11000.0,"Net Wt: 2.020 Gm.@Rate 4,950.00/Gm.",,Sale,0,1,0
704,1,F20103001041,102,103,107,102,102,103,2.67,0.0,2.67,4900.0,0.0,0.0,800.5,0.0,0.0,0.0,0.0,0.0,13883.5,0.0,13883.5,416.5,14300.01,"Net Wt: 2.670 Gm.@Rate 4,900.00/Gm.",,Sale,0,1,0
705,1,P19103000820,102,103,331,102,102,103,3.16,0.0,3.16,4900.0,0.0,0.0,1020.85,0.0,0.0,0.0,0.0,0.0,16504.85,0.0,16504.85,495.14,17000.0,"Net Wt: 3.160 Gm.@Rate 4,900.00/Gm.",,Sale,0,1,0
706,1,J20104000218,102,104,119,121,109,111,15.0,0.0,15.0,45.0,0.0,0.0,101.7,0.0,0.0,0.0,0.0,0.0,776.7,0.0,776.7,23.3,800.0,Net Wt: 15.000 Gm.@Rate 45.00/Gm.,,Sale,0,1,0
707,1,F20103000919,102,103,407,102,102,103,1.21,0.0,1.21,4900.0,0.0,0.0,381.68,0.0,0.0,0.0,0.0,0.0,6310.68,0.0,6310.68,189.32,6500.0,"Net Wt: 1.210 Gm.@Rate 4,900.00/Gm.",,Sale,0,1,0
708,1,G20103001066,102,103,419,102,102,103,1.77,0.0,1.77,4850.0,0.0,0.0,638.8,0.0,0.0,0.0,0.0,0.0,9223.3,0.0,9223.3,276.7,9500.0,"Net Wt: 1.770 Gm.@Rate 4,850.00/Gm.",,Sale,0,1,0
709,1,G20103001060,102,103,419,102,102,103,0.96,0.0,0.96,4850.0,0.0,0.0,198.37,0.0,0.0,0.0,0.0,0.0,4854.37,0.0,4854.37,145.64,5000.0,"Net Wt: 0.960 Gm.@Rate 4,850.00/Gm.",,Sale,0,1,0
709,2,P19103000822,102,103,102,102,102,103,1.82,0.0,1.82,4850.0,0.0,0.0,396.3,0.0,0.0,0.0,0.0,0.0,9223.3,0.0,9223.3,276.7,9500.0,"Net Wt: 1.820 Gm.@Rate 4,850.00/Gm.",,Sale,0,1,0
709,3,F20103000913,102,103,419,102,102,103,1.63,0.0,1.63,4850.0,0.0,0.0,346.93,0.0,0.0,0.0,0.0,0.0,8252.43,0.0,8252.43,247.58,8500.0,"Net Wt: 1.630 Gm.@Rate 4,850.00/Gm.",,Sale,0,1,0
710,1,J19103000444,102,103,102,102,102,103,1.73,0.0,1.73,4850.0,0.0,0.0,541.54,0.0,0.0,0.0,0.0,0.0,8932.04,0.0,8932.04,267.96,9200.0,"Net Wt: 1.730 Gm.@Rate 4,850.00/Gm.",,Sale,0,1,0
710,2,N19103000686,102,103,236,102,102,103,2.82,0.0,2.82,4850.0,0.0,0.0,886.11,0.0,0.0,0.0,0.0,0.0,14563.11,0.0,14563.11,436.9,15000.0,"Net Wt: 2.820 Gm.@Rate 4,850.00/Gm.",,Sale,0,1,0
711,1,J19103000352,102,103,338,102,102,103,2.79,0.0,2.79,4850.0,0.0,0.0,837.43,0.0,0.0,0.0,0.0,0.0,14368.93,0.0,14368.93,431.06,14800.0,"Net Wt: 2.790 Gm.@Rate 4,850.00/Gm.",,Sale,0,1,0
712,1,G20103001068,102,103,419,102,102,103,1.74,0.0,1.74,4850.0,0.0,0.0,298.86,0.0,0.0,0.0,0.0,0.0,8737.86,0.0,8737.86,262.14,9000.0,"Net Wt: 1.740 Gm.@Rate 4,850.00/Gm.",,Sale,0,1,0
713,1,F20103001011,102,103,110,102,102,103,2.59,0.0,2.59,4850.0,0.0,0.0,1030.73,0.0,0.0,0.0,0.0,0.0,13592.23,0.0,13592.23,407.76,14000.0,"Net Wt: 2.590 Gm.@Rate 4,850.00/Gm.",,Sale,0,1,0
713,2,J20104000219,102,104,119,121,109,111,18.0,0.0,18.0,45.0,0.0,0.0,160.87,0.0,0.0,0.0,0.0,0.0,970.87,0.0,970.87,29.12,1000.0,Net Wt: 18.000 Gm.@Rate 45.00/Gm.,,Sale,0,1,0
714,1,F20103000915,102,103,419,102,102,103,0.84,0.0,0.84,4850.0,0.0,0.0,294.93,0.0,0.0,0.0,0.0,0.0,4368.93,0.0,4368.93,131.06,4500.0,"Net Wt: 0.840 Gm.@Rate 4,850.00/Gm.",,Sale,0,1,0
715,1,F20103001012,102,103,110,102,102,103,1.96,0.0,1.96,4900.0,0.0,0.0,881.44,0.0,0.0,0.0,0.0,0.0,10485.44,0.0,10485.44,314.56,10800.0,"Net Wt: 1.960 Gm.@Rate 4,900.00/Gm.",,Sale,0,1,0
716,1,K20103001124,102,103,116,102,102,103,0.41,0.0,0.41,4950.0,0.0,0.0,300.6,0.0,0.0,0.0,0.0,0.0,2330.1,0.0,2330.1,69.9,2400.0,"Net Wt: 0.410 Gm.@Rate 4,950.00/Gm.",,Sale,0,1,0
476,1,P19104000153,102,104,123,102,109,111,433.35,0.0,433.35,45.0,390.0,0.0,887.6,0.0,0.0,0.0,0.0,0.0,20388.35,0.0,20388.35,611.66,21000.0,Net Wt: 433.350 Gm.@Rate 45.00/Gm.,,Sale,0,1,0
483,1,P19104000154,102,104,120,122,109,111,125.3,0.0,125.3,45.0,100.0,0.0,3099.12,0.0,0.0,0.0,0.0,0.0,8737.62,0.0,8737.62,262.12,8999.75,Net Wt: 125.300 Gm.@Rate 45.00/Gm.,,Sale,0,1,0
485,1,P19104000156,102,104,123,102,109,111,92.0,0.0,92.0,45.0,60.0,0.0,2656.12,0.0,0.0,0.0,0.0,0.0,6796.12,0.0,6796.12,203.88,7000.0,Net Wt: 92.000 Gm.@Rate 45.00/Gm.,,Sale,0,1,0
488,1,P19104000157,102,104,119,121,109,111,186.3,0.0,186.3,45.0,70.0,0.0,3752.42,0.0,0.0,0.0,0.0,0.0,12135.92,0.0,12135.92,364.08,12500.0,Net Wt: 186.300 Gm.@Rate 45.00/Gm.,,Sale,0,1,0
474,1,P19104000152,102,104,119,121,109,111,212.35,0.0,212.35,45.0,100.0,0.0,5007.0,0.0,0.0,0.0,0.0,0.0,14563.11,0.0,14563.11,436.9,15000.0,Net Wt: 212.350 Gm.@Rate 45.00/Gm.,,Sale,0,1,0
472,1,P19104000151,102,104,119,121,109,111,135.3,0.0,135.3,45.0,100.0,0.0,3620.57,0.0,0.0,0.0,0.0,0.0,9709.07,0.0,9709.07,291.28,10000.34,Net Wt: 135.300 Gm.@Rate 45.00/Gm.,,Sale,0,1,0
471,1,P19104000150,102,104,119,121,109,111,215.32,0.0,215.32,45.0,150.0,0.0,4388.0,0.0,0.0,0.0,0.0,0.0,14077.67,0.0,14077.67,422.34,14500.0,Net Wt: 215.320 Gm.@Rate 45.00/Gm.,,Sale,0,1,0
470,1,H19103000106,102,103,331,102,102,103,8.02,0.0,8.02,3850.0,6.0,0.0,3297.76,0.0,0.0,0.0,0.0,0.0,34174.76,0.0,34174.76,1025.24,35200.0,"Net Wt: 8.020 Gm.@Rate 3,850.00/Gm.",,Sale,0,1,0
468,1,P19104000149,102,104,119,121,109,111,228.36,0.0,228.36,45.0,130.0,0.0,4481.08,0.0,0.0,0.0,0.0,0.0,14757.28,0.0,14757.28,442.72,15200.0,Net Wt: 228.360 Gm.@Rate 45.00/Gm.,,Sale,0,1,0
467,1,N19103000682,102,103,236,102,102,103,12.33,0.0,12.33,3850.0,9.0,0.0,4082.9,0.0,0.0,0.0,0.0,0.0,51553.4,0.0,51553.4,1546.6,53100.0,"Net Wt: 12.330 Gm.@Rate 3,850.00/Gm.",,Sale,0,1,0
475,1,P19103000856,102,103,102,102,102,103,3.95,0.0,3.95,3850.0,1.55,0.0,1248.82,0.0,0.0,0.0,0.0,0.0,16456.32,0.0,16456.32,493.68,16950.01,"Net Wt: 3.950 Gm.@Rate 3,850.00/Gm.",,Sale,0,1,0
728,1,K20103001127,102,103,116,102,102,103,0.6,0.0,0.6,4950.0,0.0,0.0,233.88,0.0,0.0,0.0,0.0,0.0,3203.88,0.0,3203.88,96.12,3300.0,"Net Wt: 0.600 Gm.@Rate 4,950.00/Gm.",,Sale,0,1,0
729,1,K20104000220,102,104,119,121,109,111,18.0,0.0,18.0,45.0,0.0,0.0,63.79,0.0,0.0,0.0,0.0,0.0,873.79,0.0,873.79,26.22,900.0,Net Wt: 18.000 Gm.@Rate 45.00/Gm.,,Sale,0,1,0
730,1,K20103001128,102,103,102,102,102,103,1.19,0.0,1.19,4950.0,0.0,0.0,517.27,0.0,0.0,0.0,0.0,0.0,6407.77,0.0,6407.77,192.24,6600.0,"Net Wt: 1.190 Gm.@Rate 4,950.00/Gm.",,Sale,0,1,0
731,1,K20104000221,102,104,120,122,109,111,23.0,0.0,23.0,45.0,0.0,0.0,227.14,0.0,0.0,0.0,0.0,0.0,1262.14,0.0,1262.14,37.86,1300.0,Net Wt: 23.000 Gm.@Rate 45.00/Gm.,,Sale,0,1,0
732,1,J19103000333,102,103,107,102,102,103,4.1,0.0,4.1,4950.0,0.0,0.0,1064.22,0.0,0.0,0.0,0.0,0.0,21359.22,0.0,21359.22,640.78,22000.0,"Net Wt: 4.100 Gm.@Rate 4,950.00/Gm.",,Sale,0,1,0
733,1,F20103001014,102,103,110,102,102,103,2.02,0.0,2.02,4950.0,0.0,0.0,1068.96,0.0,0.0,0.0,0.0,0.0,11067.96,0.0,11067.96,332.04,11400.0,"Net Wt: 2.020 Gm.@Rate 4,950.00/Gm.",,Sale,0,1,0
734,1,F20103001009,102,103,110,102,102,103,2.56,0.0,2.56,4950.0,0.0,0.0,1308.58,0.0,0.0,0.0,0.0,0.0,13980.58,0.0,13980.58,419.42,14400.0,"Net Wt: 2.560 Gm.@Rate 4,950.00/Gm.",,Sale,0,1,0
735,1,F20103000926,102,103,407,102,102,103,1.16,0.0,1.16,4950.0,0.0,0.0,471.59,0.0,0.0,0.0,0.0,0.0,6213.59,0.0,6213.59,186.4,6400.0,"Net Wt: 1.160 Gm.@Rate 4,950.00/Gm.",,Sale,0,1,0
736,1,F20103001022,102,103,110,102,102,103,2.85,0.0,2.85,4950.0,0.0,0.0,1572.11,0.0,0.0,0.0,0.0,0.0,15679.61,0.0,15679.61,470.38,16150.0,"Net Wt: 2.850 Gm.@Rate 4,950.00/Gm.",,Sale,0,1,0
737,1,K20104000222,102,104,119,121,109,111,55.0,0.0,55.0,45.0,0.0,0.0,758.01,0.0,0.0,0.0,0.0,0.0,3233.01,0.0,3233.01,97.0,3330.0,Net Wt: 55.000 Gm.@Rate 45.00/Gm.,,Sale,0,1,0
738,1,G20103001070,102,103,407,102,102,103,0.97,0.0,0.97,4950.0,0.0,0.0,247.04,0.0,0.0,0.0,0.0,0.0,5048.54,0.0,5048.54,151.46,5200.0,"Net Wt: 0.970 Gm.@Rate 4,950.00/Gm.",,Sale,0,1,0
739,1,K20103001150,102,103,235,102,102,103,4.44,0.0,4.44,4950.0,0.0,0.0,1322.97,0.0,0.0,0.0,0.0,0.0,23300.97,0.0,23300.97,699.02,24000.0,"Net Wt: 4.440 Gm.@Rate 4,950.00/Gm.",,Sale,0,1,0
740,1,F20103000884,102,103,338,102,102,103,3.09,0.0,3.09,4950.0,0.0,0.0,1015.18,0.0,0.0,0.0,0.0,0.0,16310.68,0.0,16310.68,489.32,16800.0,"Net Wt: 3.090 Gm.@Rate 4,950.00/Gm.",,Sale,0,1,0
741,1,F20103001015,102,103,110,102,102,103,2.5,0.0,2.5,4950.0,0.0,0.0,925.97,0.0,0.0,0.0,0.0,0.0,13300.97,0.0,13300.97,399.02,13700.0,"Net Wt: 2.500 Gm.@Rate 4,950.00/Gm.",,Sale,0,1,0
742,1,F20103000909,102,103,331,102,102,103,3.19,0.0,3.19,4950.0,0.0,0.0,1199.79,0.0,0.0,0.0,0.0,0.0,16990.29,0.0,16990.29,509.7,17500.0,"Net Wt: 3.190 Gm.@Rate 4,950.00/Gm.",,Sale,0,1,0
743,1,L20103001195,102,103,112,102,102,103,8.81,0.0,8.81,4950.0,0.0,0.0,2604.09,0.0,0.0,0.0,0.0,0.0,46213.59,0.0,46213.59,1386.4,47600.0,"Net Wt: 8.810 Gm.@Rate 4,950.00/Gm.",,Sale,0,1,0
744,1,L20104000223,102,104,119,121,109,111,38.1,0.0,38.1,49.0,0.0,0.0,560.28,0.0,0.0,0.0,0.0,0.0,2427.18,0.0,2427.18,72.82,2500.0,Net Wt: 38.100 Gm.@Rate 49.00/Gm.,,Sale,0,1,0
745,1,G20103001071,102,103,407,102,102,103,1.03,0.0,1.03,5400.0,0.0,0.0,360.33,0.0,0.0,0.0,0.0,0.0,5922.33,0.0,5922.33,177.66,6100.0,"Net Wt: 1.030 Gm.@Rate 5,400.00/Gm.",,Sale,0,1,0
746,1,L20104000224,102,104,119,121,109,111,75.6,0.0,75.6,65.0,0.0,0.0,425.81,0.0,0.0,0.0,0.0,0.0,5339.81,0.0,5339.81,160.2,5500.0,Net Wt: 75.600 Gm.@Rate 65.00/Gm.,,Sale,0,1,0
747,1,F20103000878,102,103,338,102,102,103,4.12,0.0,4.12,5490.0,0.0,0.0,1167.61,0.0,0.0,0.0,0.0,0.0,23786.41,0.0,23786.41,713.6,24500.0,"Net Wt: 4.120 Gm.@Rate 5,490.00/Gm.",,Sale,0,1,0
747,2,L20104000225,102,104,119,121,109,111,72.6,0.0,72.6,68.0,0.0,0.0,1373.88,0.0,0.0,0.0,0.0,0.0,6310.68,0.0,6310.68,189.32,6500.0,Net Wt: 72.600 Gm.@Rate 68.00/Gm.,,Sale,0,1,0
748,1,L20104000226,102,104,125,102,109,111,58.67,0.0,58.67,70.0,0.0,0.0,1718.34,0.0,0.0,0.0,0.0,0.0,5825.24,0.0,5825.24,174.76,6000.0,Net Wt: 58.670 Gm.@Rate 70.00/Gm.,,Sale,0,1,0
748,2,L20104000227,102,104,249,102,109,111,96.7,0.0,96.7,70.0,0.0,0.0,2939.74,0.0,0.0,0.0,0.0,0.0,9708.74,0.0,9708.74,291.26,10000.0,Net Wt: 96.700 Gm.@Rate 70.00/Gm.,,Sale,0,1,0
749,1,L20103001196,102,103,101,102,102,103,18.33,0.0,18.33,4850.0,0.0,0.0,4740.28,0.0,0.0,0.0,0.0,0.0,93640.78,0.0,93640.78,2809.22,96450.0,"Net Wt: 18.330 Gm.@Rate 4,850.00/Gm.",,Sale,0,1,0
749,2,L20103001197,102,103,235,102,102,103,3.43,0.0,3.43,4850.0,0.0,0.0,888.77,0.0,0.0,0.0,0.0,0.0,17524.27,0.0,17524.27,525.72,18050.0,"Net Wt: 3.430 Gm.@Rate 4,850.00/Gm.",,Sale,0,1,0
750,1,I19103000231,102,103,101,102,102,103,24.01,0.0,24.01,5450.0,0.0,0.0,6524.14,0.0,0.0,0.0,0.0,0.0,137378.64,0.0,137378.64,4121.36,141500.0,"Net Wt: 24.010 Gm.@Rate 5,450.00/Gm.",,Sale,0,1,0
750,2,K20103001157,102,103,235,102,102,103,5.21,0.0,5.21,5450.0,0.0,0.0,1314.24,0.0,0.0,0.0,0.0,0.0,29708.74,0.0,29708.74,891.26,30600.0,"Net Wt: 5.210 Gm.@Rate 5,450.00/Gm.",,Sale,0,1,0
751,1,L20103001198,102,103,113,102,102,103,9.72,0.0,9.72,5450.0,0.0,0.0,2365.81,0.0,0.0,0.0,0.0,0.0,55339.81,0.0,55339.81,1660.2,57000.0,"Net Wt: 9.720 Gm.@Rate 5,450.00/Gm.",,Sale,0,1,0
751,2,L20103001199,102,103,103,102,102,103,6.0,0.0,6.0,5450.0,0.0,0.0,1668.93,0.0,0.0,0.0,0.0,0.0,34368.93,0.0,34368.93,1031.06,35400.0,"Net Wt: 6.000 Gm.@Rate 5,450.00/Gm.",,Sale,0,1,0
752,1,N19103000648,102,103,101,102,102,103,21.96,0.0,21.96,5450.0,0.0,0.0,8280.0,0.0,0.0,0.0,0.0,0.0,127961.56,0.0,127961.56,3838.84,131800.41,"Net Wt: 21.960 Gm.@Rate 5,450.00/Gm.",,Sale,0,1,0
752,2,H19103000134,102,103,114,102,102,103,14.69,0.0,14.69,5450.0,0.0,0.0,5571.0,0.0,0.0,0.0,0.0,0.0,85631.24,0.0,85631.24,2568.94,88200.18,"Net Wt: 14.690 Gm.@Rate 5,450.00/Gm.",,Sale,0,1,0
752,3,L20103001200,102,103,101,102,102,103,11.55,0.0,11.55,5450.0,0.0,0.0,4528.23,0.0,0.0,0.0,0.0,0.0,67475.73,0.0,67475.73,2024.28,69500.0,"Net Wt: 11.550 Gm.@Rate 5,450.00/Gm.",,Sale,0,1,0
753,1,F20103000972,102,103,101,102,102,103,36.46,0.0,36.46,5400.0,0.0,0.0,8941.0,0.0,0.0,0.0,0.0,0.0,205825.24,0.0,205825.24,6174.76,212000.0,"Net Wt: 36.460 Gm.@Rate 5,400.00/Gm.",,Sale,0,1,0
753,2,F20103000973,102,103,235,102,102,103,10.0,0.0,10.0,5450.0,0.0,0.0,1811.0,0.0,0.0,0.0,0.0,0.0,56310.68,0.0,56310.68,1689.32,58000.0,"Net Wt: 10.000 Gm.@Rate 5,450.00/Gm.",,Sale,0,1,0
754,1,K20103001153,102,103,235,102,102,103,6.05,0.0,6.05,5200.0,0.0,0.0,1743.88,0.0,0.0,0.0,0.0,0.0,33203.88,0.0,33203.88,996.12,34200.0,"Net Wt: 6.050 Gm.@Rate 5,200.00/Gm.",,Sale,0,1,0
755,1,P19103000836,102,103,102,102,102,103,2.89,0.0,2.89,5350.0,0.0,0.0,752.09,0.0,0.0,0.0,0.0,0.0,16213.59,0.0,16213.59,486.4,16700.0,"Net Wt: 2.890 Gm.@Rate 5,350.00/Gm.",,Sale,0,1,0
756,1,L20104000228,102,104,120,122,109,111,26.0,0.0,26.0,60.0,0.0,0.0,381.75,0.0,0.0,0.0,0.0,0.0,1941.75,0.0,1941.75,58.26,2000.0,Net Wt: 26.000 Gm.@Rate 60.00/Gm.,,Sale,0,1,0
757,1,F20103000911,102,103,331,102,102,103,1.69,0.0,1.69,5200.0,0.0,0.0,726.56,0.0,0.0,0.0,0.0,0.0,9514.56,0.0,9514.56,285.44,9800.0,"Net Wt: 1.690 Gm.@Rate 5,200.00/Gm.",,Sale,0,1,0
758,1,L20103001201,102,103,101,102,102,103,9.0,0.0,9.0,5200.0,0.0,0.0,2714.56,0.0,0.0,0.0,0.0,0.0,49514.56,0.0,49514.56,1485.44,51000.0,"Net Wt: 9.000 Gm.@Rate 5,200.00/Gm.",,Sale,0,1,0
758,2,F20103000944,102,103,331,102,102,103,3.74,0.0,3.74,5200.0,0.0,0.0,940.35,0.0,0.0,0.0,0.0,0.0,20388.35,0.0,20388.35,611.66,21000.0,"Net Wt: 3.740 Gm.@Rate 5,200.00/Gm.",,Sale,0,1,0
758,3,J19103000373,102,103,235,102,102,103,6.34,0.0,6.34,5200.0,0.0,0.0,1983.46,0.0,0.0,0.0,0.0,0.0,34951.46,0.0,34951.46,1048.54,36000.0,"Net Wt: 6.340 Gm.@Rate 5,200.00/Gm.",,Sale,0,1,0
758,4,F20103001020,102,103,110,102,102,103,4.77,0.0,4.77,5200.0,0.0,0.0,1895.03,0.0,0.0,0.0,0.0,0.0,26699.03,0.0,26699.03,800.98,27500.0,"Net Wt: 4.770 Gm.@Rate 5,200.00/Gm.",,Sale,0,1,0
758,5,L20104000229,102,104,119,121,109,111,87.1,0.0,87.1,65.0,0.0,0.0,2658.89,0.0,0.0,0.0,0.0,0.0,8320.39,0.0,8320.39,249.62,8570.0,Net Wt: 87.100 Gm.@Rate 65.00/Gm.,,Sale,0,1,0
764,1,F20103001045,102,103,107,102,102,103,2.87,0.0,2.87,4950.0,0.0,0.0,1424.57,0.0,0.0,0.0,0.0,0.0,15631.07,0.0,15631.07,468.94,16100.0,"Net Wt: 2.870 Gm.@Rate 4,950.00/Gm.",,Sale,0,1,0
765,1,P19103000811,102,103,331,102,102,103,2.37,0.0,2.37,4970.0,0.0,0.0,842.46,0.0,0.0,0.0,0.0,0.0,12621.36,0.0,12621.36,378.64,13000.0,"Net Wt: 2.370 Gm.@Rate 4,970.00/Gm.",,Sale,0,1,0
766,1,K20103001182,102,103,331,102,102,103,1.4,0.0,1.4,5000.0,0.0,0.0,766.99,0.0,0.0,0.0,0.0,0.0,7766.99,0.0,7766.99,233.0,8000.0,"Net Wt: 1.400 Gm.@Rate 5,000.00/Gm.",,Sale,0,1,0
759,1,L20104000230,102,104,122,124,109,111,19.95,0.0,19.95,65.0,0.0,0.0,936.26,0.0,0.0,0.0,0.0,0.0,2233.01,0.0,2233.01,67.0,2300.0,Net Wt: 19.950 Gm.@Rate 65.00/Gm.,,Sale,0,1,0
760,1,F20103000955,102,103,235,102,102,103,1.88,0.0,1.88,5200.0,0.0,0.0,806.52,0.0,0.0,0.0,0.0,0.0,10582.52,0.0,10582.52,317.48,10900.0,"Net Wt: 1.880 Gm.@Rate 5,200.00/Gm.",,Sale,0,1,0
761,1,M20104000231,102,104,119,121,109,111,36.0,0.0,36.0,65.0,0.0,0.0,572.62,0.0,0.0,0.0,0.0,0.0,2912.62,0.0,2912.62,87.38,3000.0,Net Wt: 36.000 Gm.@Rate 65.00/Gm.,,Sale,0,1,0
762,1,F20103001030,102,103,110,102,102,103,7.83,0.0,7.83,5050.0,0.0,0.0,3176.95,0.0,0.0,0.0,0.0,0.0,42718.45,0.0,42718.45,1281.56,44000.0,"Net Wt: 7.830 Gm.@Rate 5,050.00/Gm.",,Sale,0,1,0
763,1,J19103000475,102,103,103,102,102,103,2.95,0.0,2.95,5050.0,0.0,0.0,1316.09,0.0,0.0,0.0,0.0,0.0,16213.59,0.0,16213.59,486.4,16700.0,"Net Wt: 2.950 Gm.@Rate 5,050.00/Gm.",,Sale,0,1,0
766,2,M20104000232,102,104,119,121,109,111,23.2,0.0,23.2,65.0,0.0,0.0,433.75,0.0,0.0,0.0,0.0,0.0,1941.75,0.0,1941.75,58.26,2000.0,Net Wt: 23.200 Gm.@Rate 65.00/Gm.,,Sale,0,1,0
767,1,M20104000233,102,104,119,121,109,111,47.0,0.0,47.0,60.0,0.0,0.0,432.43,0.0,0.0,0.0,0.0,0.0,3252.43,0.0,3252.43,97.58,3350.0,Net Wt: 47.000 Gm.@Rate 60.00/Gm.,,Sale,0,1,0
780,1,M20103001203,102,103,404,102,102,103,1.21,0.0,1.21,5000.0,0.0,0.0,746.12,0.0,0.0,0.0,0.0,0.0,6796.12,0.0,6796.12,203.88,7000.0,"Net Wt: 1.210 Gm.@Rate 5,000.00/Gm.",,Sale,0,1,0
781,1,M20104000240,102,104,119,121,109,111,25.9,0.0,25.9,65.0,0.0,0.0,355.33,0.0,0.0,0.0,0.0,0.0,2038.83,0.0,2038.83,61.16,2100.0,Net Wt: 25.900 Gm.@Rate 65.00/Gm.,,Sale,0,1,0
782,1,M20104000241,102,104,120,122,109,111,50.2,0.0,50.2,65.0,0.0,0.0,620.5,0.0,0.0,0.0,0.0,0.0,3883.5,0.0,3883.5,116.5,4000.0,Net Wt: 50.200 Gm.@Rate 65.00/Gm.,,Sale,0,1,0
783,1,M20103001204,102,103,407,102,102,103,1.39,0.0,1.39,5050.0,0.0,0.0,650.4,0.0,0.0,0.0,0.0,0.0,7669.9,0.0,7669.9,230.1,7900.0,"Net Wt: 1.390 Gm.@Rate 5,050.00/Gm.",,Sale,0,1,0
784,1,M20104000242,102,104,128,130,109,111,12.3,0.0,12.3,65.0,0.0,0.0,171.37,0.0,0.0,0.0,0.0,0.0,970.87,0.0,970.87,29.12,1000.0,Net Wt: 12.300 Gm.@Rate 65.00/Gm.,,Sale,0,1,0
785,1,K20103001146,102,103,103,102,102,103,1.8,0.0,1.8,5000.0,0.0,0.0,708.74,0.0,0.0,0.0,0.0,0.0,9708.74,0.0,9708.74,291.26,10000.0,"Net Wt: 1.800 Gm.@Rate 5,000.00/Gm.",,Sale,0,1,0
786,1,M20104000243,102,104,119,121,109,111,58.65,0.0,58.65,65.0,0.0,0.0,556.68,0.0,0.0,0.0,0.0,0.0,4368.93,0.0,4368.93,131.06,4500.0,Net Wt: 58.650 Gm.@Rate 65.00/Gm.,,Sale,0,1,0
787,1,P19103000790,102,103,331,102,102,103,3.53,0.0,3.53,4950.0,0.0,0.0,973.1,0.0,0.0,0.0,0.0,0.0,18446.6,0.0,18446.6,553.4,19000.0,"Net Wt: 3.530 Gm.@Rate 4,950.00/Gm.",,Sale,0,1,0
788,1,K20103001154,102,103,235,102,102,103,5.61,0.0,5.61,4950.0,0.0,0.0,1356.71,0.0,0.0,0.0,0.0,0.0,29126.21,0.0,29126.21,873.78,30000.0,"Net Wt: 5.610 Gm.@Rate 4,950.00/Gm.",,Sale,0,1,0
789,1,M20104000244,102,104,119,121,109,111,56.32,0.0,56.32,65.0,0.0,0.0,319.78,0.0,0.0,0.0,0.0,0.0,3980.58,0.0,3980.58,119.42,4100.0,Net Wt: 56.320 Gm.@Rate 65.00/Gm.,,Sale,0,1,0
790,1,I19103000264,102,103,338,102,102,103,2.85,0.0,2.85,4950.0,0.0,0.0,1135.22,0.0,0.0,0.0,0.0,0.0,15242.72,0.0,15242.72,457.28,15700.0,"Net Wt: 2.850 Gm.@Rate 4,950.00/Gm.",,Sale,0,1,0
790,2,M20103001205,102,103,113,102,102,103,3.16,0.0,3.16,4950.0,0.0,0.0,959.74,0.0,0.0,0.0,0.0,0.0,16601.74,0.0,16601.74,498.06,17099.79,"Net Wt: 3.160 Gm.@Rate 4,950.00/Gm.",,Sale,0,1,0
791,1,M20104000245,102,104,119,121,109,111,30.7,0.0,30.7,65.0,0.0,0.0,140.42,0.0,0.0,0.0,0.0,0.0,2135.92,0.0,2135.92,64.08,2200.0,Net Wt: 30.700 Gm.@Rate 65.00/Gm.,,Sale,0,1,0
791,2,M20104000246,102,104,352,102,109,111,16.61,0.0,16.61,65.0,0.0,0.0,85.4,0.0,0.0,0.0,0.0,0.0,1165.05,0.0,1165.05,34.96,1200.0,Net Wt: 16.610 Gm.@Rate 65.00/Gm.,,Sale,0,1,0
792,1,M20103001206,102,103,338,102,102,103,4.65,0.0,4.65,4950.0,0.0,0.0,1739.78,0.0,0.0,0.0,0.0,0.0,24757.28,0.0,24757.28,742.72,25500.0,"Net Wt: 4.650 Gm.@Rate 4,950.00/Gm.",,Sale,0,1,0
792,2,M20104000247,102,104,351,102,109,111,16.0,0.0,16.0,65.0,0.0,0.0,901.75,0.0,0.0,0.0,0.0,0.0,1941.75,0.0,1941.75,58.26,2000.0,Net Wt: 16.000 Gm.@Rate 65.00/Gm.,,Sale,0,1,0
793,1,P19103000817,102,103,331,102,102,103,4.45,0.0,4.45,4950.0,0.0,0.0,1273.47,0.0,0.0,0.0,0.0,0.0,23300.97,0.0,23300.97,699.02,24000.0,"Net Wt: 4.450 Gm.@Rate 4,950.00/Gm.",,Sale,0,1,0
794,1,J19103000453,102,103,103,102,102,103,2.26,0.0,2.26,4950.0,0.0,0.0,463.49,0.0,0.0,0.0,0.0,0.0,11650.49,0.0,11650.49,349.52,12000.0,"Net Wt: 2.260 Gm.@Rate 4,950.00/Gm.",,Sale,0,1,0
795,1,N19103000698,102,103,374,102,102,103,3.28,0.0,3.28,4950.0,0.0,0.0,1239.73,0.0,0.0,0.0,0.0,0.0,17475.73,0.0,17475.73,524.28,18000.0,"Net Wt: 3.280 Gm.@Rate 4,950.00/Gm.",,Sale,0,1,0
796,1,N20104000248,102,104,119,121,109,111,25.6,0.0,25.6,65.0,0.0,0.0,277.75,0.0,0.0,0.0,0.0,0.0,1941.75,0.0,1941.75,58.26,2000.0,Net Wt: 25.600 Gm.@Rate 65.00/Gm.,,Sale,0,1,0
797,1,N20104000249,102,104,119,121,109,111,41.3,0.0,41.3,65.0,0.0,0.0,422.3,0.0,0.0,0.0,0.0,0.0,3106.8,0.0,3106.8,93.2,3200.0,Net Wt: 41.300 Gm.@Rate 65.00/Gm.,,Sale,0,1,0
798,1,N20104000250,102,104,119,121,109,111,32.6,0.0,32.6,65.0,0.0,0.0,308.18,0.0,0.0,0.0,0.0,0.0,2427.18,0.0,2427.18,72.82,2500.0,Net Wt: 32.600 Gm.@Rate 65.00/Gm.,,Sale,0,1,0
768,1,M20104000234,102,104,119,121,109,111,16.5,0.0,16.5,65.0,0.0,0.0,480.9,0.0,0.0,0.0,0.0,0.0,1553.4,0.0,1553.4,46.6,1600.0,Net Wt: 16.500 Gm.@Rate 65.00/Gm.,,Sale,0,1,0
769,1,M20104000235,102,104,119,121,109,111,88.65,0.0,88.65,65.0,0.0,0.0,548.43,0.0,0.0,0.0,0.0,0.0,6310.68,0.0,6310.68,189.32,6500.0,Net Wt: 88.650 Gm.@Rate 65.00/Gm.,,Sale,0,1,0
770,1,M20103001202,102,103,238,102,102,103,0.55,0.0,0.55,4950.0,0.0,0.0,190.12,0.0,0.0,0.0,0.0,0.0,2912.62,0.0,2912.62,87.38,3000.0,"Net Wt: 0.550 Gm.@Rate 4,950.00/Gm.",,Sale,0,1,0
771,1,M20104000236,102,104,119,121,109,111,45.5,0.0,45.5,65.0,0.0,0.0,440.56,0.0,0.0,0.0,0.0,0.0,3398.06,0.0,3398.06,101.94,3500.0,Net Wt: 45.500 Gm.@Rate 65.00/Gm.,,Sale,0,1,0
772,1,M20104000237,102,104,119,121,109,111,45.3,0.0,45.3,65.0,0.0,0.0,453.56,0.0,0.0,0.0,0.0,0.0,3398.06,0.0,3398.06,101.94,3500.0,Net Wt: 45.300 Gm.@Rate 65.00/Gm.,,Sale,0,1,0
773,1,P19103000833,102,103,102,102,102,103,4.21,0.0,4.21,4950.0,0.0,0.0,1490.6,0.0,0.0,0.0,0.0,0.0,22330.1,0.0,22330.1,669.9,23000.0,"Net Wt: 4.210 Gm.@Rate 4,950.00/Gm.",,Sale,0,1,0
774,1,H19103000038,102,103,331,102,102,103,2.11,0.0,2.11,4950.0,0.0,0.0,914.72,0.0,0.0,0.0,0.0,0.0,11359.22,0.0,11359.22,340.78,11700.0,"Net Wt: 2.110 Gm.@Rate 4,950.00/Gm.",,Sale,0,1,0
775,1,M20104000238,102,104,353,102,109,111,16.72,0.0,16.72,65.0,0.0,0.0,175.34,0.0,0.0,0.0,0.0,0.0,1262.14,0.0,1262.14,37.86,1300.0,Net Wt: 16.720 Gm.@Rate 65.00/Gm.,,Sale,0,1,0
776,1,F20103000974,102,103,235,102,102,103,4.86,0.0,4.86,4950.0,0.0,0.0,2447.85,0.0,0.0,0.0,0.0,0.0,26504.85,0.0,26504.85,795.14,27300.0,"Net Wt: 4.860 Gm.@Rate 4,950.00/Gm.",,Sale,0,1,0
777,1,K20103001152,102,103,235,102,102,103,3.61,0.0,3.61,5000.0,0.0,0.0,1367.48,0.0,0.0,0.0,0.0,0.0,19417.48,0.0,19417.48,582.52,20000.0,"Net Wt: 3.610 Gm.@Rate 5,000.00/Gm.",,Sale,0,1,0
777,2,F20103000946,102,103,331,102,102,103,2.55,0.0,2.55,4950.0,0.0,0.0,969.73,0.0,0.0,0.0,0.0,0.0,13592.23,0.0,13592.23,407.76,14000.0,"Net Wt: 2.550 Gm.@Rate 4,950.00/Gm.",,Sale,0,1,0
778,1,M20104000239,102,104,119,121,109,111,56.32,0.0,56.32,65.0,0.0,0.0,416.87,0.0,0.0,0.0,0.0,0.0,4077.67,0.0,4077.67,122.34,4200.0,Net Wt: 56.320 Gm.@Rate 65.00/Gm.,,Sale,0,1,0
779,1,F20103000930,102,103,411,102,102,103,0.48,0.0,0.48,4950.0,0.0,0.0,390.99,0.0,0.0,0.0,0.0,0.0,2766.99,0.0,2766.99,83.0,2850.0,"Net Wt: 0.480 Gm.@Rate 4,950.00/Gm.",,Sale,0,1,0
799,1,N20104000251,102,104,136,137,109,111,15.3,0.0,15.3,65.0,0.0,0.0,267.64,0.0,0.0,0.0,0.0,0.0,1262.14,0.0,1262.14,37.86,1300.0,Net Wt: 15.300 Gm.@Rate 65.00/Gm.,,Sale,0,1,0
800,1,H19103000093,102,103,102,102,102,103,3.31,0.0,3.31,4950.0,0.0,0.0,1091.23,0.0,0.0,0.0,0.0,0.0,17475.73,0.0,17475.73,524.28,18000.0,"Net Wt: 3.310 Gm.@Rate 4,950.00/Gm.",,Sale,0,1,0
801,1,K20103001136,102,103,235,102,102,103,3.31,0.0,3.31,4950.0,0.0,0.0,1091.23,0.0,0.0,0.0,0.0,0.0,17475.73,0.0,17475.73,524.28,18000.0,"Net Wt: 3.310 Gm.@Rate 4,950.00/Gm.",,Sale,0,1,0
802,1,K20103001132,102,103,235,102,102,103,2.74,0.0,2.74,4980.0,0.0,0.0,917.91,0.0,0.0,0.0,0.0,0.0,14563.11,0.0,14563.11,436.9,15000.0,"Net Wt: 2.740 Gm.@Rate 4,980.00/Gm.",,Sale,0,1,0
803,1,N20104000252,102,104,119,121,109,111,56.32,0.0,56.32,65.0,0.0,0.0,416.87,0.0,0.0,0.0,0.0,0.0,4077.67,0.0,4077.67,122.34,4200.0,Net Wt: 56.320 Gm.@Rate 65.00/Gm.,,Sale,0,1,0
804,1,N20103001207,102,103,102,102,102,103,2.3,0.0,2.3,4950.0,0.0,0.0,1042.18,0.0,0.0,0.0,0.0,0.0,12427.18,0.0,12427.18,372.82,12800.0,"Net Wt: 2.300 Gm.@Rate 4,950.00/Gm.",,Sale,0,1,0
805,1,G20103001069,102,103,331,102,102,103,4.51,0.0,4.51,4950.0,0.0,0.0,976.47,0.0,0.0,0.0,0.0,0.0,23300.97,0.0,23300.97,699.02,24000.0,"Net Wt: 4.510 Gm.@Rate 4,950.00/Gm.",,Sale,0,1,0
806,1,N19103000702,102,103,374,102,102,103,1.81,0.0,1.81,4950.0,0.0,0.0,555.06,0.0,0.0,0.0,0.0,0.0,9514.56,0.0,9514.56,285.44,9800.0,"Net Wt: 1.810 Gm.@Rate 4,950.00/Gm.",,Sale,0,1,0
807,1,J19103000483,102,103,101,102,102,103,29.16,0.0,29.16,4950.0,0.0,0.0,10997.81,0.0,0.0,0.0,0.0,0.0,155339.81,0.0,155339.81,4660.2,160000.0,"Net Wt: 29.160 Gm.@Rate 4,950.00/Gm.",,Sale,0,1,0
808,1,H19103000063,102,103,102,102,102,103,4.68,0.0,4.68,4950.0,0.0,0.0,2076.72,0.0,0.0,0.0,0.0,0.0,25242.72,0.0,25242.72,757.28,26000.0,"Net Wt: 4.680 Gm.@Rate 4,950.00/Gm.",,Sale,0,1,0
809,1,N20104000253,102,104,119,121,109,111,56.3,0.0,56.3,65.0,0.0,0.0,709.43,0.0,0.0,0.0,0.0,0.0,4368.93,0.0,4368.93,131.06,4500.0,Net Wt: 56.300 Gm.@Rate 65.00/Gm.,,Sale,0,1,0
810,1,J19103000367,102,103,103,102,102,103,3.55,0.0,3.55,5100.0,0.0,0.0,1118.3,0.0,0.0,0.0,0.0,0.0,19223.3,0.0,19223.3,576.7,19800.0,"Net Wt: 3.550 Gm.@Rate 5,100.00/Gm.",,Sale,0,1,0
810,2,N19103000709,102,103,235,102,102,103,2.81,0.0,2.81,5100.0,0.0,0.0,814.9,0.0,0.0,0.0,0.0,0.0,15145.9,0.0,15145.9,454.38,15600.28,"Net Wt: 2.810 Gm.@Rate 5,100.00/Gm.",,Sale,0,1,0
810,3,N19103000706,102,103,374,102,102,103,0.6,0.0,0.6,5100.0,0.0,0.0,240.97,0.0,0.0,0.0,0.0,0.0,3300.97,0.0,3300.97,99.02,3400.0,"Net Wt: 0.600 Gm.@Rate 5,100.00/Gm.",,Sale,0,1,0
810,4,N20104000254,102,104,119,121,109,111,34.1,0.0,34.1,65.0,0.0,0.0,210.68,0.0,0.0,0.0,0.0,0.0,2427.18,0.0,2427.18,72.82,2500.0,Net Wt: 34.100 Gm.@Rate 65.00/Gm.,,Sale,0,1,0
813,1,N20103001208,102,103,110,102,102,103,3.4,0.0,3.4,5000.0,0.0,0.0,1252.43,0.0,0.0,0.0,0.0,0.0,18252.43,0.0,18252.43,547.58,18800.0,"Net Wt: 3.400 Gm.@Rate 5,000.00/Gm.",,Sale,0,1,0
811,1,N20104000255,102,104,353,102,109,111,17.07,0.0,17.07,70.0,0.0,0.0,455.59,0.0,0.0,0.0,0.0,0.0,1650.49,0.0,1650.49,49.52,1700.0,Net Wt: 17.070 Gm.@Rate 70.00/Gm.,,Sale,0,1,0
812,1,N20104000256,102,104,119,121,109,111,36.0,0.0,36.0,65.0,0.0,0.0,1058.06,0.0,0.0,0.0,0.0,0.0,3398.06,0.0,3398.06,101.94,3500.0,Net Wt: 36.000 Gm.@Rate 65.00/Gm.,,Sale,0,1,0
813,2,N20104000257,102,104,119,121,109,111,87.0,0.0,87.0,65.0,0.0,0.0,2403.25,0.0,0.0,0.0,0.0,0.0,8058.25,0.0,8058.25,241.74,8300.0,Net Wt: 87.000 Gm.@Rate 65.00/Gm.,,Sale,0,1,0
814,1,N19103000724,102,103,374,101,102,103,1.55,0.0,1.55,5050.0,0.0,0.0,910.36,0.0,0.0,0.0,0.0,0.0,8737.86,0.0,8737.86,262.14,9000.0,"Net Wt: 1.550 Gm.@Rate 5,050.00/Gm.",,Sale,0,1,0
815,1,F20103000999,102,103,110,102,102,103,3.72,0.0,3.72,5050.0,0.0,0.0,1602.35,0.0,0.0,0.0,0.0,0.0,20388.35,0.0,20388.35,611.66,21000.0,"Net Wt: 3.720 Gm.@Rate 5,050.00/Gm.",,Sale,0,1,0
815,2,N20104000258,102,104,119,121,109,111,15.0,0.0,15.0,65.0,0.0,0.0,287.14,0.0,0.0,0.0,0.0,0.0,1262.14,0.0,1262.14,37.86,1300.0,Net Wt: 15.000 Gm.@Rate 65.00/Gm.,,Sale,0,1,0
816,1,F20103000951,102,103,235,102,102,103,2.65,0.0,2.65,5050.0,0.0,0.0,1180.61,0.0,0.0,0.0,0.0,0.0,14563.11,0.0,14563.11,436.9,15000.0,"Net Wt: 2.650 Gm.@Rate 5,050.00/Gm.",,Sale,0,1,0
817,1,N20104000259,102,104,128,130,109,111,3.8,0.0,3.8,65.0,0.0,0.0,189.89,0.0,0.0,0.0,0.0,0.0,436.89,0.0,436.89,13.1,450.0,Net Wt: 3.800 Gm.@Rate 65.00/Gm.,,Sale,0,1,0
818,1,N20103001209,102,103,116,102,102,103,0.99,0.0,0.99,5100.0,0.0,0.0,290.81,0.0,0.0,0.0,0.0,0.0,5339.81,0.0,5339.81,160.2,5500.0,"Net Wt: 0.990 Gm.@Rate 5,100.00/Gm.",,Sale,0,1,0
819,1,N20104000260,102,104,138,102,109,111,31.0,0.0,31.0,65.0,0.0,0.0,703.45,0.0,0.0,0.0,0.0,0.0,2718.45,0.0,2718.45,81.56,2800.0,Net Wt: 31.000 Gm.@Rate 65.00/Gm.,,Sale,0,1,0
820,1,F20103000923,102,103,407,102,102,103,1.08,0.0,1.08,5100.0,0.0,0.0,268.7,0.0,0.0,0.0,0.0,0.0,5776.7,0.0,5776.7,173.3,5950.0,"Net Wt: 1.080 Gm.@Rate 5,100.00/Gm.",,Sale,0,1,0
821,1,N20104000261,102,104,120,122,109,111,18.9,0.0,18.9,65.0,0.0,0.0,227.81,0.0,0.0,0.0,0.0,0.0,1456.31,0.0,1456.31,43.68,1500.0,Net Wt: 18.900 Gm.@Rate 65.00/Gm.,,Sale,0,1,0
822,1,N20103001210,102,103,116,102,102,103,1.45,0.0,1.45,5000.0,0.0,0.0,516.99,0.0,0.0,0.0,0.0,0.0,7766.99,0.0,7766.99,233.0,8000.0,"Net Wt: 1.450 Gm.@Rate 5,000.00/Gm.",,Sale,0,1,0
823,1,N20104000262,102,104,119,121,109,111,25.85,0.0,25.85,65.0,0.0,0.0,649.85,0.0,0.0,0.0,0.0,0.0,2330.1,0.0,2330.1,69.9,2400.0,Net Wt: 25.850 Gm.@Rate 65.00/Gm.,,Sale,0,1,0
824,1,F20103001042,102,103,107,102,102,103,8.45,0.0,8.45,5050.0,0.0,0.0,2958.57,0.0,0.0,0.0,0.0,0.0,45631.07,0.0,45631.07,1368.94,47000.0,"Net Wt: 8.450 Gm.@Rate 5,050.00/Gm.",,Sale,0,1,0
824,2,N20103001211,102,103,106,102,102,103,0.85,0.0,0.85,5050.0,0.0,0.0,561.87,0.0,0.0,0.0,0.0,0.0,4854.37,0.0,4854.37,145.64,5000.0,"Net Wt: 0.850 Gm.@Rate 5,050.00/Gm.",,Sale,0,1,0
825,1,N20104000263,102,104,119,121,109,111,78.5,0.0,78.5,68.0,0.0,0.0,1263.94,0.0,0.0,0.0,0.0,0.0,6601.94,0.0,6601.94,198.06,6800.0,Net Wt: 78.500 Gm.@Rate 68.00/Gm.,,Sale,0,1,0
829,1,J19103000511,102,103,342,102,102,103,25.59,0.0,25.59,5090.0,0.0,0.0,8581.85,0.0,0.0,0.0,0.0,0.0,138834.95,0.0,138834.95,4165.04,143000.0,"Net Wt: 25.590 Gm.@Rate 5,090.00/Gm.",,Sale,0,1,0
830,1,P19103000831,102,103,102,102,102,103,3.3,0.0,3.3,5150.0,0.0,0.0,1451.6,0.0,0.0,0.0,0.0,0.0,18446.6,0.0,18446.6,553.4,19000.0,"Net Wt: 3.300 Gm.@Rate 5,150.00/Gm.",,Sale,0,1,0
831,1,K20103001135,102,103,235,102,102,103,3.19,0.0,3.19,5150.0,0.0,0.0,1532.67,0.0,0.0,0.0,0.0,0.0,17961.17,0.0,17961.17,538.84,18500.01,"Net Wt: 3.190 Gm.@Rate 5,150.00/Gm.",,Sale,0,1,0
832,1,N20104000266,102,104,119,121,109,111,50.2,0.0,50.2,68.0,0.0,0.0,1440.77,0.0,0.0,0.0,0.0,0.0,4854.37,0.0,4854.37,145.64,5000.0,Net Wt: 50.200 Gm.@Rate 68.00/Gm.,,Sale,0,1,0
833,1,N20104000267,102,104,120,122,109,111,35.2,0.0,35.2,65.0,0.0,0.0,430.45,0.0,0.0,0.0,0.0,0.0,2718.45,0.0,2718.45,81.56,2800.0,Net Wt: 35.200 Gm.@Rate 65.00/Gm.,,Sale,0,1,0
834,1,N20104000268,102,104,119,121,109,111,30.0,0.0,30.0,65.0,0.0,0.0,457.77,0.0,0.0,0.0,0.0,0.0,2407.77,0.0,2407.77,72.24,2480.0,Net Wt: 30.000 Gm.@Rate 65.00/Gm.,,Sale,0,1,0
835,1,N20104000269,102,104,119,121,109,111,183.5,0.0,183.5,68.0,0.0,0.0,3541.42,0.0,0.0,0.0,0.0,0.0,16019.42,0.0,16019.42,480.58,16500.0,Net Wt: 183.500 Gm.@Rate 68.00/Gm.,,Sale,0,1,0
835,2,N20104000270,102,104,164,161,109,111,10.03,0.0,10.03,68.0,0.0,0.0,288.83,0.0,0.0,0.0,0.0,0.0,970.87,0.0,970.87,29.12,1000.0,Net Wt: 10.030 Gm.@Rate 68.00/Gm.,,Sale,0,1,0
836,1,P19103000804,102,103,103,102,102,103,2.55,0.0,2.55,5050.0,0.0,0.0,908.91,0.0,0.0,0.0,0.0,0.0,13786.41,0.0,13786.41,413.6,14200.0,"Net Wt: 2.550 Gm.@Rate 5,050.00/Gm.",,Sale,0,1,0
837,1,N20103001232,102,103,331,102,102,103,2.18,0.0,2.18,5090.0,0.0,0.0,1039.91,0.0,0.0,0.0,0.0,0.0,12136.11,0.0,12136.11,364.08,12500.19,"Net Wt: 2.180 Gm.@Rate 5,090.00/Gm.",,Sale,0,1,0
838,1,N20103001278,102,103,400,102,102,103,0.25,0.0,0.25,5100.0,0.0,0.0,472.57,0.0,0.0,0.0,0.0,0.0,1747.57,0.0,1747.57,52.42,1800.0,"Net Wt: 0.250 Gm.@Rate 5,100.00/Gm.",,Sale,0,1,0
839,1,N20103001218,102,103,102,102,102,103,4.79,0.0,4.79,5090.0,0.0,0.0,1638.32,0.0,0.0,0.0,0.0,0.0,26019.42,0.0,26019.42,780.58,26800.0,"Net Wt: 4.790 Gm.@Rate 5,090.00/Gm.",,Sale,0,1,0
826,1,N20104000264,102,104,120,122,109,111,13.2,0.0,13.2,65.0,0.0,0.0,209.96,0.0,0.0,0.0,0.0,0.0,1067.96,0.0,1067.96,32.04,1100.0,Net Wt: 13.200 Gm.@Rate 65.00/Gm.,,Sale,0,1,0
827,1,N20104000265,102,104,119,121,109,111,48.5,0.0,48.5,68.0,0.0,0.0,391.32,0.0,0.0,0.0,0.0,0.0,3689.32,0.0,3689.32,110.68,3800.0,Net Wt: 48.500 Gm.@Rate 68.00/Gm.,,Sale,0,1,0
828,1,N20103001212,102,103,116,102,102,103,0.92,0.0,0.92,5100.0,0.0,0.0,259.46,0.0,0.0,0.0,0.0,0.0,4951.46,0.0,4951.46,148.54,5100.0,"Net Wt: 0.920 Gm.@Rate 5,100.00/Gm.",,Sale,0,1,0
840,1,N20103001262,102,103,241,102,102,103,8.47,0.0,8.47,5150.0,0.0,0.0,2010.57,0.0,0.0,0.0,0.0,0.0,45631.07,0.0,45631.07,1368.94,47000.0,"Net Wt: 8.470 Gm.@Rate 5,150.00/Gm.",,Sale,0,1,0
841,1,O20103001279,102,103,374,101,102,103,1.85,0.0,1.85,5100.0,0.0,0.0,662.09,0.0,0.0,0.0,0.0,0.0,10097.09,0.0,10097.09,302.92,10400.0,"Net Wt: 1.850 Gm.@Rate 5,100.00/Gm.",,Sale,0,1,0
842,1,O20103001280,102,103,102,102,102,103,3.65,0.0,3.65,5100.0,0.0,0.0,802.48,0.0,0.0,0.0,0.0,0.0,19417.48,0.0,19417.48,582.52,20000.0,"Net Wt: 3.650 Gm.@Rate 5,100.00/Gm.",,Sale,0,1,0
843,1,O20104000271,102,104,120,122,109,111,32.0,0.0,32.0,65.0,0.0,0.0,347.18,0.0,0.0,0.0,0.0,0.0,2427.18,0.0,2427.18,72.82,2500.0,Net Wt: 32.000 Gm.@Rate 65.00/Gm.,,Sale,0,1,0
844,1,N20103001224,102,103,331,102,102,103,3.63,0.0,3.63,5150.0,0.0,0.0,1693.85,0.0,0.0,0.0,0.0,0.0,20388.35,0.0,20388.35,611.66,21000.0,"Net Wt: 3.630 Gm.@Rate 5,150.00/Gm.",,Sale,0,1,0
845,1,K20103001160,102,103,236,102,102,103,3.91,0.0,3.91,5150.0,1.22,0.0,1222.72,0.0,0.0,0.0,0.0,0.0,21359.22,0.0,21359.22,640.78,22000.0,"Net Wt: 3.910 Gm.@Rate 5,150.00/Gm.",,Sale,0,1,0
845,2,O20103001281,102,103,371,102,102,103,6.78,0.0,6.78,5150.0,1.87,0.0,1976.2,0.0,0.0,0.0,0.0,0.0,36893.2,0.0,36893.2,1106.8,38000.0,"Net Wt: 6.780 Gm.@Rate 5,150.00/Gm.",,Sale,0,1,0
846,1,O20104000272,102,104,132,134,109,111,5.2,0.0,5.2,65.0,0.0,0.0,225.11,0.0,0.0,0.0,0.0,0.0,563.11,0.0,563.11,16.9,580.0,Net Wt: 5.200 Gm.@Rate 65.00/Gm.,,Sale,0,1,0
847,1,N20103001273,102,103,107,102,102,103,2.68,0.0,2.68,5150.0,0.0,0.0,955.28,0.0,0.0,0.0,0.0,0.0,14757.28,0.0,14757.28,442.72,15200.0,"Net Wt: 2.680 Gm.@Rate 5,150.00/Gm.",,Sale,0,1,0
848,1,K20103001175,102,103,331,102,102,103,4.27,0.0,4.27,5180.0,0.0,0.0,1570.72,0.0,0.0,0.0,0.0,0.0,23689.32,0.0,23689.32,710.68,24400.0,"Net Wt: 4.270 Gm.@Rate 5,180.00/Gm.",,Sale,0,1,0
849,1,O20103001282,102,103,102,102,102,103,1.39,0.0,1.39,5150.0,0.0,0.0,462.86,0.0,0.0,0.0,0.0,0.0,7621.36,0.0,7621.36,228.64,7850.0,"Net Wt: 1.390 Gm.@Rate 5,150.00/Gm.",,Sale,0,1,0
850,1,I19103000225,102,103,101,102,102,103,21.29,0.0,21.29,5250.0,0.0,0.0,6188.67,0.0,0.0,0.0,0.0,0.0,117961.17,0.0,117961.17,3538.84,121500.01,"Net Wt: 21.290 Gm.@Rate 5,250.00/Gm.",,Sale,0,1,0
851,1,O20103001283,102,103,103,102,102,103,8.29,0.0,8.29,5200.0,0.0,0.0,4464.82,0.0,0.0,0.0,0.0,0.0,47572.82,0.0,47572.82,1427.18,49000.0,"Net Wt: 8.290 Gm.@Rate 5,200.00/Gm.",,Sale,0,1,0
852,1,O20103001284,102,103,102,102,102,103,4.91,0.0,4.91,5150.0,0.0,0.0,1897.97,0.0,0.0,0.0,0.0,0.0,27184.47,0.0,27184.47,815.54,28000.0,"Net Wt: 4.910 Gm.@Rate 5,150.00/Gm.",,Sale,0,1,0
852,2,O20103001285,102,103,331,102,102,103,4.52,0.0,4.52,5150.0,0.0,0.0,1479.28,0.0,0.0,0.0,0.0,0.0,24757.28,0.0,24757.28,742.72,25500.0,"Net Wt: 4.520 Gm.@Rate 5,150.00/Gm.",,Sale,0,1,0
853,1,O20103001286,102,103,331,102,102,103,0.75,0.0,0.75,5250.0,3.22,0.0,334.34,0.0,0.0,0.0,0.0,0.0,4271.84,0.0,4271.84,128.16,4400.0,"Net Wt: 0.750 Gm.@Rate 5,250.00/Gm.",,Sale,0,1,0
854,1,O20103001287,102,103,331,102,102,103,3.97,0.0,3.97,5250.0,0.0,0.0,1681.77,0.0,0.0,0.0,0.0,0.0,22524.27,0.0,22524.27,675.72,23200.0,"Net Wt: 3.970 Gm.@Rate 5,250.00/Gm.",,Sale,0,1,0
855,1,P19103000832,102,103,102,102,102,103,5.34,0.0,5.34,5250.0,0.0,0.0,2256.26,0.0,0.0,0.0,0.0,0.0,30291.26,0.0,30291.26,908.74,31200.0,"Net Wt: 5.340 Gm.@Rate 5,250.00/Gm.",,Sale,0,1,0
856,1,F20103000998,102,103,110,102,102,103,4.57,0.0,4.57,5250.0,0.0,0.0,1881.29,0.0,0.0,0.0,0.0,0.0,25873.79,0.0,25873.79,776.22,26650.0,"Net Wt: 4.570 Gm.@Rate 5,250.00/Gm.",,Sale,0,1,0
857,1,O20103001288,102,103,107,102,102,103,5.85,0.0,5.85,5250.0,0.0,0.0,355.46,0.0,0.0,0.0,0.0,0.0,31067.96,0.0,31067.96,932.04,32000.0,"Net Wt: 5.850 Gm.@Rate 5,250.00/Gm.",,Sale,0,1,0
858,1,O20104000273,102,104,119,121,109,111,28.0,0.0,28.0,65.0,0.0,0.0,801.36,0.0,0.0,0.0,0.0,0.0,2621.36,0.0,2621.36,78.64,2700.0,Net Wt: 28.000 Gm.@Rate 65.00/Gm.,,Sale,0,1,0
859,1,O20103001351,102,103,103,102,102,103,12.23,0.0,12.23,5100.0,0.0,0.0,3355.16,0.0,0.0,0.0,0.0,0.0,65728.16,0.0,65728.16,1971.84,67700.0,"Net Wt: 12.230 Gm.@Rate 5,100.00/Gm.",,Sale,0,1,0
859,2,O20103001306,102,103,331,102,102,103,4.75,0.0,4.75,5100.0,0.0,0.0,1308.98,0.0,0.0,0.0,0.0,0.0,25533.98,0.0,25533.98,766.02,26300.0,"Net Wt: 4.750 Gm.@Rate 5,100.00/Gm.",,Sale,0,1,0
860,1,O20103001365,102,103,114,102,102,103,9.4,0.0,9.4,5150.0,0.0,0.0,2075.44,0.0,0.0,0.0,0.0,0.0,50485.44,0.0,50485.44,1514.56,52000.0,"Net Wt: 9.400 Gm.@Rate 5,150.00/Gm.",,Sale,0,1,0
861,1,K20103001129,102,103,235,102,102,103,1.54,0.0,1.54,5150.0,0.0,0.0,515.6,0.0,0.0,0.0,0.0,0.0,8446.6,0.0,8446.6,253.4,8700.0,"Net Wt: 1.540 Gm.@Rate 5,150.00/Gm.",,Sale,0,1,0
862,1,O20104000274,102,104,119,121,109,111,86.35,0.0,86.35,68.0,0.0,0.0,1895.19,0.0,0.0,0.0,0.0,0.0,7766.99,0.0,7766.99,233.0,8000.0,Net Wt: 86.350 Gm.@Rate 68.00/Gm.,,Sale,0,1,0
863,1,O20104000275,102,104,151,150,109,111,15.3,0.0,15.3,65.0,0.0,0.0,170.55,0.0,0.0,0.0,0.0,0.0,1165.05,0.0,1165.05,34.96,1200.0,Net Wt: 15.300 Gm.@Rate 65.00/Gm.,,Sale,0,1,0
864,1,O20103001366,102,103,113,102,102,103,4.56,0.0,4.56,5100.0,0.0,0.0,1986.72,0.0,0.0,0.0,0.0,0.0,25242.72,0.0,25242.72,757.28,26000.0,"Net Wt: 4.560 Gm.@Rate 5,100.00/Gm.",,Sale,0,1,0
865,1,O20104000276,102,104,127,129,109,111,10.0,0.0,10.0,65.0,0.0,0.0,29.61,0.0,0.0,0.0,0.0,0.0,679.61,0.0,679.61,20.38,700.0,Net Wt: 10.000 Gm.@Rate 65.00/Gm.,,Sale,0,1,0
866,1,O20104000277,102,104,127,129,109,111,10.0,0.0,10.0,65.0,0.0,0.0,19.9,0.0,0.0,0.0,0.0,0.0,669.9,0.0,669.9,20.1,690.0,Net Wt: 10.000 Gm.@Rate 65.00/Gm.,,Sale,0,1,0
867,1,O20104000278,102,104,127,129,109,111,10.0,0.0,10.0,65.0,0.0,0.0,126.7,0.0,0.0,0.0,0.0,0.0,776.7,0.0,776.7,23.3,800.0,Net Wt: 10.000 Gm.@Rate 65.00/Gm.,,Sale,0,1,0
868,1,O20103001308,102,103,235,102,102,103,3.55,0.0,3.55,5100.0,0.0,0.0,1118.3,0.0,0.0,0.0,0.0,0.0,19223.3,0.0,19223.3,576.7,19800.0,"Net Wt: 3.550 Gm.@Rate 5,100.00/Gm.",,Sale,0,1,0
869,1,O20104000279,102,104,127,129,109,111,5.0,0.0,5.0,65.0,0.0,0.0,63.35,0.0,0.0,0.0,0.0,0.0,388.35,0.0,388.35,11.66,400.0,Net Wt: 5.000 Gm.@Rate 65.00/Gm.,,Sale,0,1,0
869,2,O20104000280,102,104,119,121,109,111,22.2,0.0,22.2,65.0,0.0,0.0,401.66,0.0,0.0,0.0,0.0,0.0,1844.66,0.0,1844.66,55.34,1900.0,Net Wt: 22.200 Gm.@Rate 65.00/Gm.,,Sale,0,1,0
869,3,O20104000281,102,104,151,150,109,111,5.15,0.0,5.15,65.0,0.0,0.0,53.6,0.0,0.0,0.0,0.0,0.0,388.35,0.0,388.35,11.66,400.0,Net Wt: 5.150 Gm.@Rate 65.00/Gm.,,Sale,0,1,0
870,1,O20103001367,102,103,400,102,102,103,0.52,0.0,0.52,5100.0,0.0,0.0,260.62,0.0,0.0,0.0,0.0,0.0,2912.62,0.0,2912.62,87.38,3000.0,"Net Wt: 0.520 Gm.@Rate 5,100.00/Gm.",,Sale,0,1,0
870,2,O20103001368,102,103,106,102,102,103,0.2,0.0,0.2,4950.0,0.0,0.0,77.96,0.0,0.0,0.0,0.0,0.0,1067.96,0.0,1067.96,32.04,1100.0,"Net Wt: 0.200 Gm.@Rate 4,950.00/Gm.",,Sale,0,1,0
871,1,O20104000282,102,104,125,102,109,111,18.0,0.0,18.0,65.0,0.0,0.0,577.57,0.0,0.0,0.0,0.0,0.0,1747.57,0.0,1747.57,52.42,1800.0,Net Wt: 18.000 Gm.@Rate 65.00/Gm.,,Sale,0,1,0
872,1,O20104000283,102,104,139,140,109,111,100.3,0.0,100.3,65.0,0.0,0.0,3189.24,0.0,0.0,0.0,0.0,0.0,9708.74,0.0,9708.74,291.26,10000.0,Net Wt: 100.300 Gm.@Rate 65.00/Gm.,,Sale,0,1,0
873,1,O20104000284,102,104,127,129,109,111,10.0,0.0,10.0,65.0,0.0,0.0,78.16,0.0,0.0,0.0,0.0,0.0,728.16,0.0,728.16,21.84,750.0,Net Wt: 10.000 Gm.@Rate 65.00/Gm.,,Sale,0,1,0
874,1,O20103001345,102,103,101,102,102,103,14.41,0.0,14.41,5100.0,0.0,0.0,5149.78,0.0,0.0,0.0,0.0,0.0,78640.78,0.0,78640.78,2359.22,81000.0,"Net Wt: 14.410 Gm.@Rate 5,100.00/Gm.",,Sale,0,1,0
875,1,O20104000285,102,104,151,150,109,111,5.72,0.0,5.72,68.0,0.0,0.0,242.11,0.0,0.0,0.0,0.0,0.0,631.07,0.0,631.07,18.94,650.0,Net Wt: 5.720 Gm.@Rate 68.00/Gm.,,Sale,0,1,0
876,1,O20103001309,102,103,235,102,102,103,4.82,0.0,4.82,5100.0,0.0,0.0,2214.12,0.0,0.0,0.0,0.0,0.0,26796.12,0.0,26796.12,803.88,27600.0,"Net Wt: 4.820 Gm.@Rate 5,100.00/Gm.",,Sale,0,1,0
876,2,O20104000286,102,104,127,129,109,111,20.0,0.0,20.0,68.0,0.0,0.0,96.31,0.0,0.0,0.0,0.0,0.0,1456.31,0.0,1456.31,43.68,1500.0,Net Wt: 20.000 Gm.@Rate 68.00/Gm.,,Sale,0,1,0
877,1,O20104000287,102,104,127,129,109,111,60.0,0.0,60.0,65.0,0.0,0.0,468.93,0.0,0.0,0.0,0.0,0.0,4368.93,0.0,4368.93,131.06,4500.0,Net Wt: 60.000 Gm.@Rate 65.00/Gm.,,Sale,0,1,0
878,1,N19103000721,102,103,374,101,102,103,1.3,0.0,1.3,5100.0,0.0,0.0,651.55,0.0,0.0,0.0,0.0,0.0,7281.55,0.0,7281.55,218.44,7500.0,"Net Wt: 1.300 Gm.@Rate 5,100.00/Gm.",,Sale,0,1,0
879,1,O20104000288,102,104,127,129,109,111,20.0,0.0,20.0,65.0,0.0,0.0,301.94,0.0,0.0,0.0,0.0,0.0,1601.94,0.0,1601.94,48.06,1650.0,Net Wt: 20.000 Gm.@Rate 65.00/Gm.,,Sale,0,1,0
880,1,P19103000842,102,103,338,102,102,103,4.55,0.0,4.55,5100.0,0.0,0.0,2037.72,0.0,0.0,0.0,0.0,0.0,25242.72,0.0,25242.72,757.28,26000.0,"Net Wt: 4.550 Gm.@Rate 5,100.00/Gm.",,Sale,0,1,0
881,1,K20103001156,102,103,235,102,102,103,5.64,0.0,5.64,5100.0,0.0,0.0,2303.96,0.0,0.0,0.0,0.0,0.0,31067.96,0.0,31067.96,932.04,32000.0,"Net Wt: 5.640 Gm.@Rate 5,100.00/Gm.",,Sale,0,1,0
882,1,O20104000289,102,104,119,121,109,111,40.3,0.0,40.3,65.0,0.0,0.0,1118.36,0.0,0.0,0.0,0.0,0.0,3737.86,0.0,3737.86,112.14,3850.0,Net Wt: 40.300 Gm.@Rate 65.00/Gm.,,Sale,0,1,0
882,2,O20104000290,102,104,127,129,109,111,10.0,0.0,10.0,65.0,0.0,0.0,78.16,0.0,0.0,0.0,0.0,0.0,728.16,0.0,728.16,21.84,750.0,Net Wt: 10.000 Gm.@Rate 65.00/Gm.,,Sale,0,1,0
883,1,O20104000291,102,104,127,129,109,111,10.0,0.0,10.0,65.0,0.0,0.0,78.16,0.0,0.0,0.0,0.0,0.0,728.16,0.0,728.16,21.84,750.0,Net Wt: 10.000 Gm.@Rate 65.00/Gm.,,Sale,0,1,0
884,1,O20104000292,102,104,119,121,109,111,28.2,0.0,28.2,68.0,0.0,0.0,606.67,0.0,0.0,0.0,0.0,0.0,2524.27,0.0,2524.27,75.72,2600.0,Net Wt: 28.200 Gm.@Rate 68.00/Gm.,,Sale,0,1,0
884,2,O20104000293,102,104,127,129,109,111,5.0,0.0,5.0,68.0,0.0,0.0,48.35,0.0,0.0,0.0,0.0,0.0,388.35,0.0,388.35,11.66,400.0,Net Wt: 5.000 Gm.@Rate 68.00/Gm.,,Sale,0,1,0
885,1,O20103001369,102,103,402,102,102,103,0.32,0.0,0.32,5100.0,0.0,0.0,309.75,0.0,0.0,0.0,0.0,0.0,1941.75,0.0,1941.75,58.26,2000.0,"Net Wt: 0.320 Gm.@Rate 5,100.00/Gm.",,Sale,0,1,0
885,2,K20103001179,102,103,331,102,102,103,1.32,0.0,1.32,5100.0,0.0,0.0,646.64,0.0,0.0,0.0,0.0,0.0,7378.64,0.0,7378.64,221.36,7600.0,"Net Wt: 1.320 Gm.@Rate 5,100.00/Gm.",,Sale,0,1,0
886,1,N20103001217,102,103,102,102,102,103,3.56,0.0,3.56,5050.0,0.0,0.0,1051.13,0.0,0.0,0.0,0.0,0.0,19029.13,0.0,19029.13,570.88,19600.0,"Net Wt: 3.560 Gm.@Rate 5,050.00/Gm.",,Sale,0,1,0
886,2,F20103000889,102,103,112,102,102,103,11.46,0.0,11.46,5050.0,0.0,0.0,3389.14,0.0,0.0,0.0,0.0,0.0,61262.14,0.0,61262.14,1837.86,63100.0,"Net Wt: 11.460 Gm.@Rate 5,050.00/Gm.",,Sale,0,1,0
886,3,O20103001327,102,103,235,102,102,103,1.66,0.0,1.66,5050.0,0.0,0.0,549.09,0.0,0.0,0.0,0.0,0.0,8932.09,0.0,8932.09,267.96,9200.05,"Net Wt: 1.660 Gm.@Rate 5,050.00/Gm.",,Sale,0,1,0
887,1,O20103001370,102,103,102,102,102,103,2.02,0.0,2.02,5100.0,0.0,0.0,960.14,0.0,0.0,0.0,0.0,0.0,11262.14,0.0,11262.14,337.86,11600.0,"Net Wt: 2.020 Gm.@Rate 5,100.00/Gm.",,Sale,0,1,0
888,1,O20104000294,102,104,119,121,109,111,49.68,0.0,49.68,68.0,0.0,0.0,1767.39,0.0,0.0,0.0,0.0,0.0,5145.63,0.0,5145.63,154.36,5300.0,Net Wt: 49.680 Gm.@Rate 68.00/Gm.,,Sale,0,1,0
889,1,O20104000295,102,104,127,129,109,111,5.0,0.0,5.0,68.0,0.0,0.0,48.35,0.0,0.0,0.0,0.0,0.0,388.35,0.0,388.35,11.66,400.0,Net Wt: 5.000 Gm.@Rate 68.00/Gm.,,Sale,0,1,0
890,1,O20103001371,102,103,406,102,102,103,0.68,0.0,0.68,5090.0,0.0,0.0,325.21,0.0,0.0,0.0,0.0,0.0,3786.41,0.0,3786.41,113.6,3900.0,"Net Wt: 0.680 Gm.@Rate 5,090.00/Gm.",,Sale,0,1,0
891,1,O20103001300,102,103,331,102,102,103,3.97,0.0,3.97,5070.0,0.0,0.0,1328.17,0.0,0.0,0.0,0.0,0.0,21456.07,0.0,21456.07,643.68,22099.75,"Net Wt: 3.970 Gm.@Rate 5,070.00/Gm.",,Sale,0,1,0
891,2,O20103001301,102,103,331,102,102,103,1.95,0.0,1.95,5070.0,0.0,0.0,793.17,0.0,0.0,0.0,0.0,0.0,10679.67,0.0,10679.67,320.4,11000.06,"Net Wt: 1.950 Gm.@Rate 5,070.00/Gm.",,Sale,0,1,0
891,3,O20104000296,102,104,151,150,109,111,6.7,0.0,6.7,68.0,0.0,0.0,224.01,0.0,0.0,0.0,0.0,0.0,679.61,0.0,679.61,20.38,700.0,Net Wt: 6.700 Gm.@Rate 68.00/Gm.,,Sale,0,1,0
892,1,O20104000297,102,104,127,129,109,111,10.0,0.0,10.0,68.0,0.0,0.0,48.16,0.0,0.0,0.0,0.0,0.0,728.16,0.0,728.16,21.84,750.0,Net Wt: 10.000 Gm.@Rate 68.00/Gm.,,Sale,0,1,0
893,1,O20104000298,102,104,151,150,109,111,3.5,0.0,3.5,68.0,0.0,0.0,72.68,0.0,0.0,0.0,0.0,0.0,310.68,0.0,310.68,9.32,320.0,Net Wt: 3.500 Gm.@Rate 68.00/Gm.,,Sale,0,1,0
894,1,O20104000299,102,104,119,121,109,111,43.8,0.0,43.8,67.0,0.0,0.0,1143.07,0.0,0.0,0.0,0.0,0.0,4077.67,0.0,4077.67,122.34,4200.0,Net Wt: 43.800 Gm.@Rate 67.00/Gm.,,Sale,0,1,0
895,1,O20104000300,102,104,139,140,109,111,29.5,0.0,29.5,65.0,0.0,0.0,995.12,0.0,0.0,0.0,0.0,0.0,2912.62,0.0,2912.62,87.38,3000.0,Net Wt: 29.500 Gm.@Rate 65.00/Gm.,,Sale,0,1,0
896,1,O20104000301,102,104,127,129,109,111,10.0,0.0,10.0,65.0,0.0,0.0,78.16,0.0,0.0,0.0,0.0,0.0,728.16,0.0,728.16,21.84,750.0,Net Wt: 10.000 Gm.@Rate 65.00/Gm.,,Sale,0,1,0
897,1,O20104000302,102,104,127,129,109,111,10.0,0.0,10.0,65.0,0.0,0.0,78.16,0.0,0.0,0.0,0.0,0.0,728.16,0.0,728.16,21.84,750.0,Net Wt: 10.000 Gm.@Rate 65.00/Gm.,,Sale,0,1,0
898,1,O20104000303,102,104,127,129,109,111,10.0,0.0,10.0,65.0,0.0,0.0,78.16,0.0,0.0,0.0,0.0,0.0,728.16,0.0,728.16,21.84,750.0,Net Wt: 10.000 Gm.@Rate 65.00/Gm.,,Sale,0,1,0
899,1,N20103001221,102,103,102,102,102,103,3.69,0.0,3.69,5090.0,0.0,0.0,1314.99,0.0,0.0,0.0,0.0,0.0,20097.09,0.0,20097.09,602.92,20700.0,"Net Wt: 3.690 Gm.@Rate 5,090.00/Gm.",,Sale,0,1,0
900,1,O20104000304,102,104,127,129,109,111,10.0,0.0,10.0,67.0,0.0,0.0,58.16,0.0,0.0,0.0,0.0,0.0,728.16,0.0,728.16,21.84,750.0,Net Wt: 10.000 Gm.@Rate 67.00/Gm.,,Sale,0,1,0
901,1,N20103001271,102,103,107,102,102,103,2.41,0.0,2.41,5050.0,0.0,0.0,936.3,0.0,0.0,0.0,0.0,0.0,13106.8,0.0,13106.8,393.2,13500.0,"Net Wt: 2.410 Gm.@Rate 5,050.00/Gm.",,Sale,0,1,0
902,1,O20104000305,102,104,284,102,109,111,12.0,0.0,12.0,67.0,0.0,0.0,361.05,0.0,0.0,0.0,0.0,0.0,1165.05,0.0,1165.05,34.96,1200.0,Net Wt: 12.000 Gm.@Rate 67.00/Gm.,,Sale,0,1,0
902,2,O20104000306,102,104,426,102,109,111,15.0,0.0,15.0,67.0,0.0,0.0,160.05,0.0,0.0,0.0,0.0,0.0,1165.05,0.0,1165.05,34.96,1200.0,Net Wt: 15.000 Gm.@Rate 67.00/Gm.,,Sale,0,1,0
903,1,O20103001372,102,103,110,102,102,103,4.12,0.0,4.12,5090.0,0.0,0.0,2038.91,0.0,0.0,0.0,0.0,0.0,23009.71,0.0,23009.71,690.3,23700.0,"Net Wt: 4.120 Gm.@Rate 5,090.00/Gm.",,Sale,0,1,0
904,1,K20103001173,102,103,331,102,102,103,2.78,0.0,2.78,5090.0,0.0,0.0,995.43,0.0,0.0,0.0,0.0,0.0,15145.63,0.0,15145.63,454.36,15600.0,"Net Wt: 2.780 Gm.@Rate 5,090.00/Gm.",,Sale,0,1,0
905,1,O20104000307,102,104,127,129,109,111,25.0,0.0,25.0,67.0,0.0,0.0,315.29,0.0,0.0,0.0,0.0,0.0,1990.29,0.0,1990.29,59.7,2050.0,Net Wt: 25.000 Gm.@Rate 67.00/Gm.,,Sale,0,1,0
906,1,O20104000308,102,104,127,129,109,111,10.0,0.0,10.0,65.0,0.0,0.0,78.16,0.0,0.0,0.0,0.0,0.0,728.16,0.0,728.16,21.84,750.0,Net Wt: 10.000 Gm.@Rate 65.00/Gm.,,Sale,0,1,0
907,1,O20104000309,102,104,119,121,109,111,26.0,0.0,26.0,65.0,0.0,0.0,348.83,0.0,0.0,0.0,0.0,0.0,2038.83,0.0,2038.83,61.16,2100.0,Net Wt: 26.000 Gm.@Rate 65.00/Gm.,,Sale,0,1,0
908,1,O20104000310,102,104,119,121,109,111,69.3,0.0,69.3,65.0,0.0,0.0,1709.09,0.0,0.0,0.0,0.0,0.0,6213.59,0.0,6213.59,186.4,6400.0,Net Wt: 69.300 Gm.@Rate 65.00/Gm.,,Sale,0,1,0
909,1,O20103001316,102,103,235,102,102,103,2.93,0.0,2.93,5100.0,0.0,0.0,1076.42,0.0,0.0,0.0,0.0,0.0,16019.42,0.0,16019.42,480.58,16500.0,"Net Wt: 2.930 Gm.@Rate 5,100.00/Gm.",,Sale,0,1,0
910,1,O20104000311,102,104,127,129,109,111,10.0,0.0,10.0,65.0,0.0,0.0,78.16,0.0,0.0,0.0,0.0,0.0,728.16,0.0,728.16,21.84,750.0,Net Wt: 10.000 Gm.@Rate 65.00/Gm.,,Sale,0,1,0
911,1,O20104000312,102,104,127,129,109,111,25.0,0.0,25.0,65.0,0.0,0.0,268.2,0.0,0.0,0.0,0.0,0.0,1893.2,0.0,1893.2,56.8,1950.0,Net Wt: 25.000 Gm.@Rate 65.00/Gm.,,Sale,0,1,0
912,1,O20104000313,102,104,127,129,109,111,14.0,0.0,14.0,65.0,0.0,0.0,60.87,0.0,0.0,0.0,0.0,0.0,970.87,0.0,970.87,29.12,1000.0,Net Wt: 14.000 Gm.@Rate 65.00/Gm.,,Sale,0,1,0
913,1,O20104000314,102,104,120,122,109,111,8.0,0.0,8.0,65.0,0.0,0.0,111.07,0.0,0.0,0.0,0.0,0.0,631.07,0.0,631.07,18.94,650.0,Net Wt: 8.000 Gm.@Rate 65.00/Gm.,,Sale,0,1,0
914,1,O20104000315,102,104,127,129,109,111,10.0,0.0,10.0,65.0,0.0,0.0,58.74,0.0,0.0,0.0,0.0,0.0,708.74,0.0,708.74,21.26,730.0,Net Wt: 10.000 Gm.@Rate 65.00/Gm.,,Sale,0,1,0
915,1,O20103001373,102,103,113,102,102,103,1.6,0.0,1.6,5050.0,0.0,0.0,560.78,0.0,0.0,0.0,0.0,0.0,8640.78,0.0,8640.78,259.22,8900.0,"Net Wt: 1.600 Gm.@Rate 5,050.00/Gm.",,Sale,0,1,0
916,1,O20104000316,102,104,120,122,109,111,11.0,0.0,11.0,65.0,0.0,0.0,61.7,0.0,0.0,0.0,0.0,0.0,776.7,0.0,776.7,23.3,800.0,Net Wt: 11.000 Gm.@Rate 65.00/Gm.,,Sale,0,1,0
917,1,O20104000317,102,104,127,129,109,111,5.0,0.0,5.0,65.0,0.0,0.0,43.93,0.0,0.0,0.0,0.0,0.0,368.93,0.0,368.93,11.06,380.0,Net Wt: 5.000 Gm.@Rate 65.00/Gm.,,Sale,0,1,0
918,1,O20104000318,102,104,122,124,109,111,12.0,0.0,12.0,65.0,0.0,0.0,93.79,0.0,0.0,0.0,0.0,0.0,873.79,0.0,873.79,26.22,900.0,Net Wt: 12.000 Gm.@Rate 65.00/Gm.,,Sale,0,1,0
919,1,O20104000319,102,104,127,129,109,111,10.0,0.0,10.0,65.0,0.0,0.0,78.16,0.0,0.0,0.0,0.0,0.0,728.16,0.0,728.16,21.84,750.0,Net Wt: 10.000 Gm.@Rate 65.00/Gm.,,Sale,0,1,0
920,1,O20104000320,102,104,119,121,109,111,78.5,0.0,78.5,65.0,0.0,0.0,1693.62,0.0,0.0,0.0,0.0,0.0,6796.12,0.0,6796.12,203.88,7000.0,Net Wt: 78.500 Gm.@Rate 65.00/Gm.,,Sale,0,1,0
921,1,O20104000321,102,104,127,129,109,111,10.0,0.0,10.0,65.0,0.0,0.0,29.61,0.0,0.0,0.0,0.0,0.0,679.61,0.0,679.61,20.38,700.0,Net Wt: 10.000 Gm.@Rate 65.00/Gm.,,Sale,0,1,0
922,1,J19103000279,102,103,101,102,102,103,36.56,0.0,36.56,5050.0,0.0,0.0,9546.76,0.0,0.0,0.0,0.0,0.0,194174.76,0.0,194174.76,5825.24,200000.0,"Net Wt: 36.560 Gm.@Rate 5,050.00/Gm.",,Sale,0,1,0
923,1,O20104000322,102,104,127,129,109,111,10.0,0.0,10.0,65.0,0.0,0.0,29.61,0.0,0.0,0.0,0.0,0.0,679.61,0.0,679.61,20.38,700.0,Net Wt: 10.000 Gm.@Rate 65.00/Gm.,,Sale,0,1,0
924,1,O20104000323,102,104,127,129,109,111,20.0,0.0,20.0,65.0,0.0,0.0,59.22,0.0,0.0,0.0,0.0,0.0,1359.22,0.0,1359.22,40.78,1400.0,Net Wt: 20.000 Gm.@Rate 65.00/Gm.,,Sale,0,1,0
925,1,O20104000324,102,104,289,102,109,111,45.2,0.0,45.2,65.0,0.0,0.0,1916.37,0.0,0.0,0.0,0.0,0.0,4854.37,0.0,4854.37,145.64,5000.0,Net Wt: 45.200 Gm.@Rate 65.00/Gm.,,Sale,0,1,0
926,1,O20104000325,102,104,128,130,109,111,6.5,0.0,6.5,65.0,0.0,0.0,130.9,0.0,0.0,0.0,0.0,0.0,553.4,0.0,553.4,16.6,570.0,Net Wt: 6.500 Gm.@Rate 65.00/Gm.,,Sale,0,1,0
927,1,O20103001374,102,103,406,102,102,103,1.56,0.0,1.56,5090.0,0.33,0.0,797.46,0.0,0.0,0.0,0.0,0.0,8737.86,0.0,8737.86,262.14,9000.0,"Net Wt: 1.560 Gm.@Rate 5,090.00/Gm.",,Sale,0,1,0
928,1,O20104000326,102,104,151,150,109,111,6.7,0.0,6.7,65.0,0.0,0.0,176.15,0.0,0.0,0.0,0.0,0.0,611.65,0.0,611.65,18.34,630.0,Net Wt: 6.700 Gm.@Rate 65.00/Gm.,,Sale,0,1,0
929,1,O20103001375,102,103,406,102,102,103,1.2,0.0,1.2,5100.0,0.0,0.0,481.94,0.0,0.0,0.0,0.0,0.0,6601.94,0.0,6601.94,198.06,6800.0,"Net Wt: 1.200 Gm.@Rate 5,100.00/Gm.",,Sale,0,1,0
929,2,O20104000327,102,104,119,121,109,111,46.8,0.0,46.8,65.0,0.0,0.0,1229.84,0.0,0.0,0.0,0.0,0.0,4271.84,0.0,4271.84,128.16,4400.0,Net Wt: 46.800 Gm.@Rate 65.00/Gm.,,Sale,0,1,0
929,3,O20104000328,102,104,151,150,109,111,6.0,0.0,6.0,65.0,0.0,0.0,192.52,0.0,0.0,0.0,0.0,0.0,582.52,0.0,582.52,17.48,600.0,Net Wt: 6.000 Gm.@Rate 65.00/Gm.,,Sale,0,1,0
930,1,N20103001276,102,103,107,102,102,103,2.13,0.0,2.13,5100.0,0.0,0.0,981.66,0.0,0.0,0.0,0.0,0.0,11844.66,0.0,11844.66,355.34,12200.0,"Net Wt: 2.130 Gm.@Rate 5,100.00/Gm.",,Sale,0,1,0
931,1,O20104000329,102,104,119,121,109,111,40.5,0.0,40.5,65.0,0.0,0.0,571.38,0.0,0.0,0.0,0.0,0.0,3203.88,0.0,3203.88,96.12,3300.0,Net Wt: 40.500 Gm.@Rate 65.00/Gm.,,Sale,0,1,0
932,1,K20103001141,102,103,103,102,102,103,2.02,0.0,2.02,5050.0,0.0,0.0,478.61,0.0,0.0,0.0,0.0,0.0,10679.61,0.0,10679.61,320.38,11000.0,"Net Wt: 2.020 Gm.@Rate 5,050.00/Gm.",,Sale,0,1,0
933,1,O20104000330,102,104,123,102,109,111,6.32,0.0,6.32,65.0,0.0,0.0,171.72,0.0,0.0,0.0,0.0,0.0,582.52,0.0,582.52,17.48,600.0,Net Wt: 6.320 Gm.@Rate 65.00/Gm.,,Sale,0,1,0
934,1,O20103001376,102,103,102,102,102,103,4.84,0.0,4.84,5000.0,0.0,0.0,1528.16,0.0,0.0,0.0,0.0,0.0,25728.16,0.0,25728.16,771.84,26500.0,"Net Wt: 4.840 Gm.@Rate 5,000.00/Gm.",,Sale,0,1,0
935,1,K20103001191,102,103,102,102,102,103,3.0,0.0,3.0,5050.0,0.0,0.0,898.54,0.0,0.0,0.0,0.0,0.0,16048.54,0.0,16048.54,481.46,16530.0,"Net Wt: 3.000 Gm.@Rate 5,050.00/Gm.",,Sale,0,1,0
935,2,K20103001189,102,103,102,102,102,103,2.57,0.0,2.57,5050.0,0.0,0.0,778.78,0.0,0.0,0.0,0.0,0.0,13757.28,0.0,13757.28,412.72,14170.0,"Net Wt: 2.570 Gm.@Rate 5,050.00/Gm.",,Sale,0,1,0
935,3,O20103001377,102,103,404,102,102,103,1.16,0.0,1.16,5050.0,0.0,0.0,743.94,0.0,0.0,0.0,0.0,0.0,6601.94,0.0,6601.94,198.06,6800.0,"Net Wt: 1.160 Gm.@Rate 5,050.00/Gm.",,Sale,0,1,0
936,1,N20103001261,102,103,241,102,102,103,10.75,0.0,10.75,5050.0,0.0,0.0,3673.67,0.0,0.0,0.0,0.0,0.0,57961.17,0.0,57961.17,1738.84,59700.01,"Net Wt: 10.750 Gm.@Rate 5,050.00/Gm.",,Sale,0,1,0
937,1,O20103001378,102,103,406,102,102,103,0.67,0.0,0.67,5050.0,0.0,0.0,402.91,0.0,0.0,0.0,0.0,0.0,3786.41,0.0,3786.41,113.6,3900.0,"Net Wt: 0.670 Gm.@Rate 5,050.00/Gm.",,Sale,0,1,0
938,1,O20104000331,102,104,128,130,109,111,5.0,0.0,5.0,65.0,0.0,0.0,14.81,0.0,0.0,0.0,0.0,0.0,339.81,0.0,339.81,10.2,350.0,Net Wt: 5.000 Gm.@Rate 65.00/Gm.,,Sale,0,1,0
939,1,J19103000339,102,103,107,102,102,103,3.05,0.0,3.05,5100.0,0.0,0.0,1241.12,0.0,0.0,0.0,0.0,0.0,16796.12,0.0,16796.12,503.88,17300.0,"Net Wt: 3.050 Gm.@Rate 5,100.00/Gm.",,Sale,0,1,0
939,2,F20103000986,102,103,110,102,102,103,1.36,0.0,1.36,5100.0,0.0,0.0,928.08,0.0,0.0,0.0,0.0,0.0,7864.08,0.0,7864.08,235.92,8100.0,"Net Wt: 1.360 Gm.@Rate 5,100.00/Gm.",,Sale,0,1,0
939,3,O20103001379,102,103,106,102,102,103,0.9,0.0,0.9,5100.0,0.0,0.0,1041.07,0.0,0.0,0.0,0.0,0.0,5631.07,0.0,5631.07,168.94,5800.0,"Net Wt: 0.900 Gm.@Rate 5,100.00/Gm.",,Sale,0,1,0
940,1,N20103001236,102,103,331,102,102,103,2.47,0.0,2.47,5050.0,0.0,0.0,827.47,0.0,0.0,0.0,0.0,0.0,13300.97,0.0,13300.97,399.02,13700.0,"Net Wt: 2.470 Gm.@Rate 5,050.00/Gm.",,Sale,0,1,0
941,1,O20104000332,102,104,139,140,109,111,48.94,0.0,48.94,65.0,0.0,0.0,1673.27,0.0,0.0,0.0,0.0,0.0,4854.37,0.0,4854.37,145.64,5000.0,Net Wt: 48.940 Gm.@Rate 65.00/Gm.,,Sale,0,1,0
942,1,H19103000080,102,103,331,102,102,103,3.6,0.0,3.6,5050.0,0.0,0.0,1431.65,0.0,0.0,0.0,0.0,0.0,19611.65,0.0,19611.65,588.34,20200.0,"Net Wt: 3.600 Gm.@Rate 5,050.00/Gm.",,Sale,0,1,0
942,2,H19103000083,102,103,331,102,102,103,3.44,0.0,3.44,5050.0,0.0,0.0,1366.08,0.0,0.0,0.0,0.0,0.0,18738.08,0.0,18738.08,562.14,19300.22,"Net Wt: 3.440 Gm.@Rate 5,050.00/Gm.",,Sale,0,1,0
942,3,O20103001380,102,103,113,102,102,103,5.99,0.0,5.99,5050.0,0.21,0.0,2274.77,0.0,0.0,0.0,0.0,0.0,32524.27,0.0,32524.27,975.72,33500.0,"Net Wt: 5.990 Gm.@Rate 5,050.00/Gm.",,Sale,0,1,0
943,1,K20103001148,102,103,103,102,102,103,0.61,0.0,0.61,5050.0,0.0,0.0,317.56,0.0,0.0,0.0,0.0,0.0,3398.06,0.0,3398.06,101.94,3500.0,"Net Wt: 0.610 Gm.@Rate 5,050.00/Gm.",,Sale,0,1,0
944,1,G20103001086,102,103,115,102,102,103,2.05,0.0,2.05,5050.0,0.0,0.0,812.55,0.0,0.0,0.0,0.0,0.0,11165.05,0.0,11165.05,334.96,11500.0,"Net Wt: 2.050 Gm.@Rate 5,050.00/Gm.",,Sale,0,1,0
944,2,G20103001090,102,103,115,102,102,103,2.32,0.0,2.32,5050.0,0.0,0.0,905.36,0.0,0.0,0.0,0.0,0.0,12621.36,0.0,12621.36,378.64,13000.0,"Net Wt: 2.320 Gm.@Rate 5,050.00/Gm.",,Sale,0,1,0
945,1,O20104000333,102,104,119,121,109,111,23.4,0.0,23.4,62.0,0.0,0.0,490.95,0.0,0.0,0.0,0.0,0.0,1941.75,0.0,1941.75,58.26,2000.0,Net Wt: 23.400 Gm.@Rate 62.00/Gm.,,Sale,0,1,0
945,2,O20104000334,102,104,351,102,109,111,25.8,0.0,25.8,62.0,0.0,0.0,536.32,0.0,0.0,0.0,0.0,0.0,2135.92,0.0,2135.92,64.08,2200.0,Net Wt: 25.800 Gm.@Rate 62.00/Gm.,,Sale,0,1,0
946,1,N20103001235,102,103,331,102,102,103,1.27,0.0,1.27,5000.0,0.0,0.0,543.2,0.0,0.0,0.0,0.0,0.0,6893.2,0.0,6893.2,206.8,7100.0,"Net Wt: 1.270 Gm.@Rate 5,000.00/Gm.",,Sale,0,1,0
947,1,O20103001333,102,103,235,102,102,103,3.3,0.0,3.3,5000.0,0.0,0.0,1072.82,0.0,0.0,0.0,0.0,0.0,17572.82,0.0,17572.82,527.18,18100.0,"Net Wt: 3.300 Gm.@Rate 5,000.00/Gm.",,Sale,0,1,0
948,1,O20104000335,102,104,351,102,109,111,10.0,0.0,10.0,65.0,0.0,0.0,126.7,0.0,0.0,0.0,0.0,0.0,776.7,0.0,776.7,23.3,800.0,Net Wt: 10.000 Gm.@Rate 65.00/Gm.,,Sale,0,1,0
949,1,O20103001320,102,103,235,102,102,103,3.84,0.0,3.84,4900.0,0.0,0.0,1572.35,0.0,0.0,0.0,0.0,0.0,20388.35,0.0,20388.35,611.66,21000.0,"Net Wt: 3.840 Gm.@Rate 4,900.00/Gm.",,Sale,0,1,0
950,1,O20104000336,102,104,351,102,109,111,5.6,0.0,5.6,65.0,0.0,0.0,121.44,0.0,0.0,0.0,0.0,0.0,485.44,0.0,485.44,14.56,500.0,Net Wt: 5.600 Gm.@Rate 65.00/Gm.,,Sale,0,1,0
951,1,H19103000072,102,103,331,102,102,103,1.9,0.0,1.9,4950.0,0.0,0.0,497.91,0.0,0.0,0.0,0.0,0.0,9902.91,0.0,9902.91,297.08,10200.0,"Net Wt: 1.900 Gm.@Rate 4,950.00/Gm.",,Sale,0,1,0
952,1,P20104000337,102,104,119,121,109,111,88.11,0.0,88.11,60.0,0.0,0.0,1315.34,0.0,0.0,0.0,0.0,0.0,6601.94,0.0,6601.94,198.06,6800.0,Net Wt: 88.110 Gm.@Rate 60.00/Gm.,,Sale,0,1,0
953,1,N20103001238,102,103,331,102,102,103,3.96,0.0,3.96,4910.0,0.0,0.0,1138.92,0.0,0.0,0.0,0.0,0.0,20582.52,0.0,20582.52,617.48,21200.0,"Net Wt: 3.960 Gm.@Rate 4,910.00/Gm.",,Sale,0,1,0
954,1,P20104000338,102,104,119,121,109,111,30.0,0.0,30.0,65.0,0.0,0.0,768.45,0.0,0.0,0.0,0.0,0.0,2718.45,0.0,2718.45,81.56,2800.0,Net Wt: 30.000 Gm.@Rate 65.00/Gm.,,Sale,0,1,0
955,1,P19103000793,102,103,235,102,102,103,2.36,0.0,2.36,4950.0,0.0,0.0,453.92,0.0,0.0,0.0,0.0,0.0,12135.92,0.0,12135.92,364.08,12500.0,"Net Wt: 2.360 Gm.@Rate 4,950.00/Gm.",,Sale,0,1,0
956,1,K20103001149,102,103,235,102,102,103,4.95,0.0,4.95,4950.0,0.0,0.0,2196.53,0.0,0.0,0.0,0.0,0.0,26699.03,0.0,26699.03,800.98,27500.0,"Net Wt: 4.950 Gm.@Rate 4,950.00/Gm.",,Sale,0,1,0
957,1,F20103000908,102,103,331,102,102,103,2.2,0.0,2.2,4950.0,0.0,0.0,663.4,0.0,0.0,0.0,0.0,0.0,11553.4,0.0,11553.4,346.6,11900.0,"Net Wt: 2.200 Gm.@Rate 4,950.00/Gm.",,Sale,0,1,0
958,1,P20103001381,102,103,110,102,102,103,1.2,0.0,1.2,4950.0,0.0,0.0,856.12,0.0,0.0,0.0,0.0,0.0,6796.12,0.0,6796.12,203.88,7000.0,"Net Wt: 1.200 Gm.@Rate 4,950.00/Gm.",,Sale,0,1,0
959,1,P20103001382,102,103,101,102,102,103,14.8,0.0,14.8,4950.0,0.0,0.0,4409.9,0.0,0.0,0.0,0.0,0.0,77669.9,0.0,77669.9,2330.1,80000.0,"Net Wt: 14.800 Gm.@Rate 4,950.00/Gm.",,Sale,0,1,0
960,1,J19103000309,102,103,103,102,102,103,4.08,0.0,4.08,4950.0,0.0,0.0,1357.4,0.0,0.0,0.0,0.0,0.0,21553.4,0.0,21553.4,646.6,22200.0,"Net Wt: 4.080 Gm.@Rate 4,950.00/Gm.",,Sale,0,1,0
961,1,J19103000467,102,103,103,102,102,103,2.47,0.0,2.47,4950.0,0.0,0.0,734.67,0.0,0.0,0.0,0.0,0.0,12961.17,0.0,12961.17,388.84,13350.01,"Net Wt: 2.470 Gm.@Rate 4,950.00/Gm.",,Sale,0,1,0
962,1,P20103001383,102,103,419,102,102,103,1.6,0.0,1.6,4950.0,0.0,0.0,526.6,0.0,0.0,0.0,0.0,0.0,8446.6,0.0,8446.6,253.4,8700.0,"Net Wt: 1.600 Gm.@Rate 4,950.00/Gm.",,Sale,0,1,0
963,1,O20103001319,102,103,235,102,102,103,4.34,0.0,4.34,4950.0,0.0,0.0,1332.53,0.0,0.0,0.0,0.0,0.0,22815.53,0.0,22815.53,684.46,23500.0,"Net Wt: 4.340 Gm.@Rate 4,950.00/Gm.",,Sale,0,1,0
964,1,P20103001384,102,103,446,102,101,102,9.81,0.0,9.81,5150.0,0.0,0.0,2876.56,0.0,0.0,0.0,0.0,0.0,53398.06,0.0,53398.06,1601.94,55000.0,"Net Wt: 9.810 Gm.@Rate 5,150.00/Gm.",,Sale,1,1,0
965,1,K20103001181,102,103,331,102,102,103,1.52,0.0,1.52,4950.0,0.0,0.0,631.34,0.0,0.0,0.0,0.0,0.0,8155.34,0.0,8155.34,244.66,8400.0,"Net Wt: 1.520 Gm.@Rate 4,950.00/Gm.",,Sale,0,1,0
966,1,P20104000339,102,104,128,130,109,111,6.0,0.0,6.0,65.0,0.0,0.0,95.44,0.0,0.0,0.0,0.0,0.0,485.44,0.0,485.44,14.56,500.0,Net Wt: 6.000 Gm.@Rate 65.00/Gm.,,Sale,0,1,0
967,1,P20103001385,102,103,404,102,102,103,1.11,0.0,1.11,4950.0,0.0,0.0,719.09,0.0,0.0,0.0,0.0,0.0,6213.59,0.0,6213.59,186.4,6400.0,"Net Wt: 1.110 Gm.@Rate 4,950.00/Gm.",,Sale,0,1,0
968,1,K20103001165,102,103,331,102,102,103,1.11,0.0,1.11,4950.0,0.0,0.0,330.74,0.0,0.0,0.0,0.0,0.0,5825.24,0.0,5825.24,174.76,6000.0,"Net Wt: 1.110 Gm.@Rate 4,950.00/Gm.",,Sale,0,1,0
968,2,P20104000340,102,104,119,121,109,111,85.9,0.0,85.9,62.0,0.0,0.0,499.44,0.0,0.0,0.0,0.0,0.0,5825.24,0.0,5825.24,174.76,6000.0,Net Wt: 85.900 Gm.@Rate 62.00/Gm.,,Sale,0,1,0
969,1,P20103001386,102,103,110,102,102,103,1.85,0.0,1.85,4950.0,0.0,0.0,1230.85,0.0,0.0,0.0,0.0,0.0,10388.35,0.0,10388.35,311.66,10700.0,"Net Wt: 1.850 Gm.@Rate 4,950.00/Gm.",,Sale,0,1,0
970,1,P20104000341,102,104,138,102,109,111,9.0,0.0,9.0,65.0,0.0,0.0,288.79,0.0,0.0,0.0,0.0,0.0,873.79,0.0,873.79,26.22,900.0,Net Wt: 9.000 Gm.@Rate 65.00/Gm.,,Sale,0,1,0
971,1,P20104000342,102,104,119,121,109,111,34.0,0.0,34.0,60.0,0.0,0.0,678.45,0.0,0.0,0.0,0.0,0.0,2718.45,0.0,2718.45,81.56,2800.0,Net Wt: 34.000 Gm.@Rate 60.00/Gm.,,Sale,0,1,0
972,1,P20103001387,102,103,110,102,102,103,1.5,0.0,1.5,4950.0,0.0,0.0,827.43,0.0,0.0,0.0,0.0,0.0,8252.43,0.0,8252.43,247.58,8500.0,"Net Wt: 1.500 Gm.@Rate 4,950.00/Gm.",,Sale,0,1,0
973,1,K20103001188,102,103,102,102,102,103,2.42,0.0,2.42,4950.0,0.0,0.0,642.36,0.0,0.0,0.0,0.0,0.0,12621.36,0.0,12621.36,378.64,13000.0,"Net Wt: 2.420 Gm.@Rate 4,950.00/Gm.",,Sale,0,1,0
974,1,K20103001177,102,103,331,102,102,103,2.13,0.0,2.13,4950.0,0.0,0.0,621.55,0.0,0.0,0.0,0.0,0.0,11165.05,0.0,11165.05,334.96,11500.0,"Net Wt: 2.130 Gm.@Rate 4,950.00/Gm.",,Sale,0,1,0
975,1,P20104000343,102,104,122,124,109,111,10.5,0.0,10.5,65.0,0.0,0.0,288.37,0.0,0.0,0.0,0.0,0.0,970.87,0.0,970.87,29.12,1000.0,Net Wt: 10.500 Gm.@Rate 65.00/Gm.,,Sale,0,1,0
976,1,P20104000344,102,104,149,149,109,111,31.0,0.0,31.0,65.0,0.0,0.0,897.62,0.0,0.0,0.0,0.0,0.0,2912.62,0.0,2912.62,87.38,3000.0,Net Wt: 31.000 Gm.@Rate 65.00/Gm.,,Sale,0,1,0
977,1,P20104000345,102,104,119,121,109,111,25.3,0.0,25.3,65.0,0.0,0.0,297.25,0.0,0.0,0.0,0.0,0.0,1941.75,0.0,1941.75,58.26,2000.0,Net Wt: 25.300 Gm.@Rate 65.00/Gm.,,Sale,0,1,0
978,1,P20103001388,102,103,404,102,102,103,1.23,0.0,1.23,5000.0,0.0,0.0,1131.55,0.0,0.0,0.0,0.0,0.0,7281.55,0.0,7281.55,218.44,7500.0,"Net Wt: 1.230 Gm.@Rate 5,000.00/Gm.",,Sale,0,1,0
978,2,P20104000346,102,104,351,102,109,111,14.5,0.0,14.5,64.0,0.0,0.0,431.22,0.0,0.0,0.0,0.0,0.0,1359.22,0.0,1359.22,40.78,1400.0,Net Wt: 14.500 Gm.@Rate 64.00/Gm.,,Sale,0,1,0
979,1,P20104000347,102,104,354,102,109,111,79.0,0.0,79.0,65.0,0.0,0.0,2631.99,0.0,0.0,0.0,0.0,0.0,7766.99,0.0,7766.99,233.0,8000.0,Net Wt: 79.000 Gm.@Rate 65.00/Gm.,,Sale,0,1,0
980,1,N19103000720,102,103,374,102,102,103,3.63,0.0,3.63,5050.0,0.0,0.0,1085.98,0.0,0.0,0.0,0.0,0.0,19417.48,0.0,19417.48,582.52,20000.0,"Net Wt: 3.630 Gm.@Rate 5,050.00/Gm.",,Sale,0,1,0
981,1,P19103000845,102,103,112,102,102,103,11.26,0.0,11.26,4950.0,0.0,0.0,4457.17,0.0,0.0,0.0,0.0,0.0,60194.17,0.0,60194.17,1805.82,62000.0,"Net Wt: 11.260 Gm.@Rate 4,950.00/Gm.",,Sale,0,1,0
982,1,P20103001389,102,103,404,102,102,103,1.24,0.0,1.24,5100.0,0.0,0.0,860.47,0.0,0.0,0.0,0.0,0.0,7184.47,0.0,7184.47,215.54,7400.0,"Net Wt: 1.240 Gm.@Rate 5,100.00/Gm.",,Sale,0,1,0
983,1,N20103001275,102,103,107,102,102,103,2.34,0.0,2.34,5050.0,0.0,0.0,1289.8,0.0,0.0,0.0,0.0,0.0,13106.8,0.0,13106.8,393.2,13500.0,"Net Wt: 2.340 Gm.@Rate 5,050.00/Gm.",,Sale,0,1,0
984,1,P20103001390,102,103,404,102,102,103,1.19,0.0,1.19,5100.0,0.0,0.0,727.12,0.0,0.0,0.0,0.0,0.0,6796.12,0.0,6796.12,203.88,7000.0,"Net Wt: 1.190 Gm.@Rate 5,100.00/Gm.",,Sale,0,1,0
985,1,F20103000940,102,103,331,102,102,103,1.63,0.0,1.63,5100.0,0.0,0.0,424.86,0.0,0.0,0.0,0.0,0.0,8737.86,0.0,8737.86,262.14,9000.0,"Net Wt: 1.630 Gm.@Rate 5,100.00/Gm.",,Sale,0,1,0
987,1,P20103001391,102,103,113,102,102,103,3.82,0.0,3.82,5050.0,0.0,0.0,1097.35,0.0,0.0,0.0,0.0,0.0,20388.35,0.0,20388.35,611.66,21000.0,"Net Wt: 3.820 Gm.@Rate 5,050.00/Gm.",,Sale,0,1,0
988,1,P20104000349,102,104,119,121,109,111,32.3,0.0,32.3,65.0,0.0,0.0,327.68,0.0,0.0,0.0,0.0,0.0,2427.18,0.0,2427.18,72.82,2500.0,Net Wt: 32.300 Gm.@Rate 65.00/Gm.,,Sale,0,1,0
989,1,P20104000350,102,104,119,121,109,111,20.0,0.0,20.0,63.0,0.0,0.0,99.22,0.0,0.0,0.0,0.0,0.0,1359.22,0.0,1359.22,40.78,1400.0,Net Wt: 20.000 Gm.@Rate 63.00/Gm.,,Sale,0,1,0
990,1,P20103001392,102,103,102,102,102,103,1.99,0.0,1.99,5050.0,0.0,0.0,1600.99,0.0,0.0,0.0,0.0,0.0,11650.49,0.0,11650.49,349.52,12000.0,"Net Wt: 1.990 Gm.@Rate 5,050.00/Gm.",,Sale,0,1,0
991,1,P20104000351,102,104,289,102,109,111,21.5,0.0,21.5,65.0,0.0,0.0,544.25,0.0,0.0,0.0,0.0,0.0,1941.75,0.0,1941.75,58.26,2000.0,Net Wt: 21.500 Gm.@Rate 65.00/Gm.,,Sale,0,1,0
992,1,H19103000129,102,103,112,102,102,103,4.01,0.0,4.01,5050.0,0.0,0.0,1594.16,0.0,0.0,0.0,0.0,0.0,21844.66,0.0,21844.66,655.34,22500.0,"Net Wt: 4.010 Gm.@Rate 5,050.00/Gm.",,Sale,0,1,0
993,1,N20103001215,102,103,102,102,102,103,5.34,0.0,5.34,5070.0,0.0,0.0,2052.41,0.0,0.0,0.0,0.0,0.0,29126.21,0.0,29126.21,873.78,30000.0,"Net Wt: 5.340 Gm.@Rate 5,070.00/Gm.",,Sale,0,1,0
993,2,P19103000838,102,103,102,102,102,103,4.1,0.0,4.1,5070.0,0.0,0.0,1543.1,0.0,0.0,0.0,0.0,0.0,22330.1,0.0,22330.1,669.9,23000.0,"Net Wt: 4.100 Gm.@Rate 5,070.00/Gm.",,Sale,0,1,0
994,1,O20103001361,102,103,112,102,102,103,11.61,0.0,11.61,5050.0,0.0,0.0,4476.3,0.0,0.0,0.0,0.0,0.0,63106.8,0.0,63106.8,1893.2,65000.0,"Net Wt: 11.610 Gm.@Rate 5,050.00/Gm.",,Sale,0,1,0
995,1,P20104000352,102,104,440,101,109,111,6.6,0.0,6.6,65.0,0.0,0.0,104.98,0.0,0.0,0.0,0.0,0.0,533.98,0.0,533.98,16.02,550.0,Net Wt: 6.600 Gm.@Rate 65.00/Gm.,,Sale,0,1,0
996,1,F20103000935,102,103,411,102,102,103,0.35,0.0,0.35,5050.0,0.0,0.0,368.42,0.0,0.0,0.0,0.0,0.0,2135.92,0.0,2135.92,64.08,2200.0,"Net Wt: 0.350 Gm.@Rate 5,050.00/Gm.",,Sale,0,1,0
997,1,P20104000353,102,104,119,121,109,111,36.3,0.0,36.3,65.0,0.0,0.0,553.12,0.0,0.0,0.0,0.0,0.0,2912.62,0.0,2912.62,87.38,3000.0,Net Wt: 36.300 Gm.@Rate 65.00/Gm.,,Sale,0,1,0
998,1,P20104000354,102,104,354,102,109,111,7.0,0.0,7.0,65.0,0.0,0.0,30.44,0.0,0.0,0.0,0.0,0.0,485.44,0.0,485.44,14.56,500.0,Net Wt: 7.000 Gm.@Rate 65.00/Gm.,,Sale,0,1,0
999,1,P20104000355,102,104,151,150,109,111,25.0,0.0,25.0,65.0,0.0,0.0,899.27,0.0,0.0,0.0,0.0,0.0,2524.27,0.0,2524.27,75.72,2600.0,Net Wt: 25.000 Gm.@Rate 65.00/Gm.,,Sale,0,1,0
1000,1,P20104000356,102,104,136,137,109,111,12.55,0.0,12.55,68.0,0.0,0.0,408.74,0.0,0.0,0.0,0.0,0.0,1262.14,0.0,1262.14,37.86,1300.0,Net Wt: 12.550 Gm.@Rate 68.00/Gm.,,Sale,0,1,0
1001,1,F20103000881,102,103,114,102,102,103,19.05,0.0,19.05,4950.0,0.0,0.0,5703.0,0.0,0.0,0.0,0.0,0.0,100000.0,0.0,100000.0,3000.0,103000.0,"Net Wt: 19.050 Gm.@Rate 4,950.00/Gm.",,Sale,0,1,0
1001,2,O20103001298,102,103,331,102,102,103,6.33,0.0,6.33,4950.0,0.0,0.0,1675.83,0.0,0.0,0.0,0.0,0.0,33009.33,0.0,33009.33,990.28,33999.61,"Net Wt: 6.330 Gm.@Rate 4,950.00/Gm.",,Sale,0,1,0
1001,3,P20103001393,102,103,113,102,102,103,6.01,0.0,6.01,4950.0,0.0,0.0,1318.46,0.0,0.0,0.0,0.0,0.0,31067.96,0.0,31067.96,932.04,32000.0,"Net Wt: 6.010 Gm.@Rate 4,950.00/Gm.",,Sale,0,1,0
1002,1,P20104000357,102,104,353,102,109,111,43.5,0.0,43.5,68.0,0.0,0.0,537.15,0.0,0.0,0.0,0.0,0.0,3495.15,0.0,3495.15,104.86,3600.0,Net Wt: 43.500 Gm.@Rate 68.00/Gm.,,Sale,0,1,0
1003,1,P20104000358,102,104,351,102,109,111,5.8,0.0,5.8,68.0,0.0,0.0,188.12,0.0,0.0,0.0,0.0,0.0,582.52,0.0,582.52,17.48,600.0,Net Wt: 5.800 Gm.@Rate 68.00/Gm.,,Sale,0,1,0
1004,1,N19103000629,102,103,112,102,102,103,13.34,0.0,13.34,5100.0,0.0,0.0,4296.1,0.0,0.0,0.0,0.0,0.0,72330.1,0.0,72330.1,2169.9,74500.0,"Net Wt: 13.340 Gm.@Rate 5,100.00/Gm.",,Sale,0,1,0
1005,1,E21103001394,102,103,101,102,102,103,24.36,0.0,24.36,5100.0,0.0,0.0,7317.4,0.0,0.0,0.0,0.0,0.0,131553.4,0.0,131553.4,3946.6,135500.0,"Net Wt: 24.360 Gm.@Rate 5,100.00/Gm.",,Sale,0,1,0
1006,1,K19103000553,102,103,235,102,102,103,11.17,0.0,11.17,5100.0,0.0,0.0,4246.59,0.0,0.0,0.0,0.0,0.0,61213.59,0.0,61213.59,1836.4,63050.0,"Net Wt: 11.170 Gm.@Rate 5,100.00/Gm.",,Sale,0,1,0
1007,1,E21103001395,102,103,235,102,102,103,3.7,0.0,3.7,5150.0,0.0,0.0,945.0,0.0,0.0,0.0,0.0,0.0,20000.0,0.0,20000.0,600.0,20600.0,"Net Wt: 3.700 Gm.@Rate 5,150.00/Gm.",,Sale,0,1,0
1007,2,E21103001396,102,103,113,102,102,103,4.94,0.0,4.94,5150.0,0.0,0.0,1355.12,0.0,0.0,0.0,0.0,0.0,26796.12,0.0,26796.12,803.88,27600.0,"Net Wt: 4.940 Gm.@Rate 5,150.00/Gm.",,Sale,0,1,0
1008,1,G20103001107,102,103,115,102,102,103,3.53,0.0,3.53,5150.0,0.0,0.0,1432.15,0.0,0.0,0.0,0.0,0.0,19611.65,0.0,19611.65,588.34,20200.0,"Net Wt: 3.530 Gm.@Rate 5,150.00/Gm.",,Sale,0,1,0
1009,1,O20103001293,102,103,102,102,102,103,3.65,0.0,3.65,5150.0,0.0,0.0,1590.85,0.0,0.0,0.0,0.0,0.0,20388.35,0.0,20388.35,611.66,21000.0,"Net Wt: 3.650 Gm.@Rate 5,150.00/Gm.",,Sale,0,1,0
986,1,P20104000348,102,104,119,121,109,111,32.3,0.0,32.3,65.0,0.0,0.0,618.95,0.0,0.0,0.0,0.0,0.0,2718.45,0.0,2718.45,81.56,2800.0,Net Wt: 32.300 Gm.@Rate 65.00/Gm.,,Sale,0,1,0
1010,1,O20103001334,102,103,235,102,102,103,3.17,0.0,3.17,5020.0,0.0,0.0,1562.33,0.0,0.0,0.0,0.0,0.0,17475.73,0.0,17475.73,524.28,18000.0,"Net Wt: 3.170 Gm.@Rate 5,020.00/Gm.",,Sale,0,1,0
1011,1,E21103001397,102,103,406,102,102,103,0.47,0.0,0.47,5000.0,0.0,0.0,368.45,0.0,0.0,0.0,0.0,0.0,2718.45,0.0,2718.45,81.56,2800.0,"Net Wt: 0.470 Gm.@Rate 5,000.00/Gm.",,Sale,0,1,0
1012,1,F20103000880,102,103,114,102,102,103,6.1,0.0,6.1,4980.0,0.0,0.0,2049.18,0.0,0.0,0.0,0.0,0.0,32427.18,0.0,32427.18,972.82,33400.0,"Net Wt: 6.100 Gm.@Rate 4,980.00/Gm.",,Sale,0,1,0
1013,1,F20103000980,102,103,235,102,102,103,2.91,0.0,2.91,5000.0,0.0,0.0,983.98,0.0,0.0,0.0,0.0,0.0,15533.98,0.0,15533.98,466.02,16000.0,"Net Wt: 2.910 Gm.@Rate 5,000.00/Gm.",,Sale,0,1,0
1014,1,E21104000359,102,104,119,121,109,111,18.6,0.0,18.6,65.0,0.0,0.0,732.75,0.0,0.0,0.0,0.0,0.0,1941.75,0.0,1941.75,58.26,2000.0,Net Wt: 18.600 Gm.@Rate 65.00/Gm.,,Sale,0,1,0
1015,1,P20103001384,102,103,446,102,101,102,20.35,0.0,20.35,5350.0,0.0,0.0,2292.55,0.0,0.0,0.0,0.0,0.0,111165.05,0.0,111165.05,3334.96,114500.0,"Net Wt: 20.350 Gm.@Rate 5,350.00/Gm.",,Sale,1,1,0
1016,1,F20103000948,102,103,331,102,102,103,1.22,0.0,1.22,4950.0,0.0,0.0,562.94,0.0,0.0,0.0,0.0,0.0,6601.94,0.0,6601.94,198.06,6800.0,"Net Wt: 1.220 Gm.@Rate 4,950.00/Gm.",,Sale,0,1,0
1017,1,E21103001398,102,103,103,102,102,103,2.29,0.0,2.29,4980.0,0.0,0.0,828.81,0.0,0.0,0.0,0.0,0.0,12233.01,0.0,12233.01,367.0,12600.0,"Net Wt: 2.290 Gm.@Rate 4,980.00/Gm.",,Sale,0,1,0
1018,1,E21104000360,102,104,119,121,109,111,25.3,0.0,25.3,68.0,0.0,0.0,512.61,0.0,0.0,0.0,0.0,0.0,2233.01,0.0,2233.01,67.0,2300.0,Net Wt: 25.300 Gm.@Rate 68.00/Gm.,,Sale,0,1,0
1019,1,E21104000361,102,104,119,121,109,111,135.5,0.0,135.5,68.0,0.0,0.0,2436.49,0.0,0.0,0.0,0.0,0.0,11650.49,0.0,11650.49,349.52,12000.0,Net Wt: 135.500 Gm.@Rate 68.00/Gm.,,Sale,0,1,0
1019,2,E21104000362,102,104,440,101,109,111,10.6,0.0,10.6,68.0,0.0,0.0,250.07,0.0,0.0,0.0,0.0,0.0,970.87,0.0,970.87,29.12,1000.0,Net Wt: 10.600 Gm.@Rate 68.00/Gm.,,Sale,0,1,0
1019,3,E21104000363,102,104,354,102,109,111,26.1,0.0,26.1,68.0,0.0,0.0,1137.82,0.0,0.0,0.0,0.0,0.0,2912.62,0.0,2912.62,87.38,3000.0,Net Wt: 26.100 Gm.@Rate 68.00/Gm.,,Sale,0,1,0
1020,1,E21103001399,102,103,116,102,102,103,1.56,0.0,1.56,5000.0,0.0,0.0,549.51,0.0,0.0,0.0,0.0,0.0,8349.51,0.0,8349.51,250.48,8600.0,"Net Wt: 1.560 Gm.@Rate 5,000.00/Gm.",,Sale,0,1,0
1021,1,N19103000679,102,103,235,102,102,103,3.57,0.0,3.57,4950.0,0.0,0.0,969.28,0.0,0.0,0.0,0.0,0.0,18640.78,0.0,18640.78,559.22,19200.0,"Net Wt: 3.570 Gm.@Rate 4,950.00/Gm.",,Sale,0,1,0
1022,1,E21103001400,102,103,116,102,102,103,1.57,0.0,1.57,4900.0,0.0,0.0,705.06,0.0,0.0,0.0,0.0,0.0,8398.06,0.0,8398.06,251.94,8650.0,"Net Wt: 1.570 Gm.@Rate 4,900.00/Gm.",,Sale,0,1,0
1023,1,F20103000943,102,103,331,102,102,103,1.55,0.0,1.55,4950.0,0.0,0.0,579.93,0.0,0.0,0.0,0.0,0.0,8252.43,0.0,8252.43,247.58,8500.0,"Net Wt: 1.550 Gm.@Rate 4,950.00/Gm.",,Sale,0,1,0
1024,1,E21104000364,102,104,119,121,109,111,35.2,0.0,35.2,65.0,0.0,0.0,624.62,0.0,0.0,0.0,0.0,0.0,2912.62,0.0,2912.62,87.38,3000.0,Net Wt: 35.200 Gm.@Rate 65.00/Gm.,,Sale,0,1,0
1025,1,F20103000990,102,103,110,102,102,103,7.3,0.0,7.3,5050.0,0.0,0.0,3911.7,0.0,0.0,0.0,0.0,0.0,40776.7,0.0,40776.7,1223.3,42000.0,"Net Wt: 7.300 Gm.@Rate 5,050.00/Gm.",,Sale,0,1,0
1026,1,E21104000365,102,104,120,122,109,111,15.32,0.0,15.32,65.0,0.0,0.0,266.34,0.0,0.0,0.0,0.0,0.0,1262.14,0.0,1262.14,37.86,1300.0,Net Wt: 15.320 Gm.@Rate 65.00/Gm.,,Sale,0,1,0
1027,1,K20103001184,102,103,102,102,102,103,2.68,0.0,2.68,4950.0,0.0,0.0,811.67,0.0,0.0,0.0,0.0,0.0,14077.67,0.0,14077.67,422.34,14500.0,"Net Wt: 2.680 Gm.@Rate 4,950.00/Gm.",,Sale,0,1,0
1027,2,F20103000987,102,103,110,102,102,103,3.97,0.0,3.97,4950.0,0.0,0.0,1707.72,0.0,0.0,0.0,0.0,0.0,21359.22,0.0,21359.22,640.78,22000.0,"Net Wt: 3.970 Gm.@Rate 4,950.00/Gm.",,Sale,0,1,0
1028,1,N19103000604,102,103,331,102,102,103,1.25,0.0,1.25,4950.0,0.0,0.0,608.62,0.0,0.0,0.0,0.0,0.0,6796.12,0.0,6796.12,203.88,7000.0,"Net Wt: 1.250 Gm.@Rate 4,950.00/Gm.",,Sale,0,1,0
1029,1,E21104000366,102,104,119,121,109,111,29.95,0.0,29.95,65.0,0.0,0.0,965.87,0.0,0.0,0.0,0.0,0.0,2912.62,0.0,2912.62,87.38,3000.0,Net Wt: 29.950 Gm.@Rate 65.00/Gm.,,Sale,0,1,0
1030,1,O20103001323,102,103,235,102,102,103,7.83,0.0,7.83,4950.0,0.0,0.0,1532.76,0.0,0.0,0.0,0.0,0.0,40291.26,0.0,40291.26,1208.74,41500.0,"Net Wt: 7.830 Gm.@Rate 4,950.00/Gm.",,Sale,0,1,0
1031,1,J19103000441,102,103,102,102,102,103,6.96,0.0,6.96,4980.0,0.0,0.0,2232.4,0.0,0.0,0.0,0.0,0.0,36893.2,0.0,36893.2,1106.8,38000.0,"Net Wt: 6.960 Gm.@Rate 4,980.00/Gm.",,Sale,0,1,0
1032,1,E21104000367,102,104,119,121,109,111,33.8,0.0,33.8,65.0,0.0,0.0,715.62,0.0,0.0,0.0,0.0,0.0,2912.62,0.0,2912.62,87.38,3000.0,Net Wt: 33.800 Gm.@Rate 65.00/Gm.,,Sale,0,1,0
1033,1,E21104000368,102,104,123,102,109,111,25.35,0.0,25.35,65.0,0.0,0.0,672.64,0.0,0.0,0.0,0.0,0.0,2320.39,0.0,2320.39,69.62,2390.0,Net Wt: 25.350 Gm.@Rate 65.00/Gm.,,Sale,0,1,0
1034,1,J19103000448,102,103,102,102,102,103,2.52,0.0,2.52,4950.0,0.0,0.0,632.8,0.0,0.0,0.0,0.0,0.0,13106.8,0.0,13106.8,393.2,13500.0,"Net Wt: 2.520 Gm.@Rate 4,950.00/Gm.",,Sale,0,1,0
1035,1,E21104000369,102,104,351,102,109,111,5.6,0.0,5.6,65.0,0.0,0.0,169.98,0.0,0.0,0.0,0.0,0.0,533.98,0.0,533.98,16.02,550.0,Net Wt: 5.600 Gm.@Rate 65.00/Gm.,,Sale,0,1,0
1036,1,E21104000370,102,104,132,134,109,111,2.2,0.0,2.2,65.0,0.0,0.0,51.17,0.0,0.0,0.0,0.0,0.0,194.17,0.0,194.17,5.82,200.0,Net Wt: 2.200 Gm.@Rate 65.00/Gm.,,Sale,0,1,0
1037,1,E21104000371,102,104,440,101,109,111,5.0,0.0,5.0,65.0,0.0,0.0,500.24,0.0,0.0,0.0,0.0,0.0,825.24,0.0,825.24,24.76,850.0,Net Wt: 5.000 Gm.@Rate 65.00/Gm.,,Sale,0,1,0
1038,1,F20103000927,102,103,411,102,102,103,0.55,0.0,0.55,4950.0,0.0,0.0,287.21,0.0,0.0,0.0,0.0,0.0,3009.71,0.0,3009.71,90.3,3100.0,"Net Wt: 0.550 Gm.@Rate 4,950.00/Gm.",,Sale,0,1,0
1039,1,G20103001082,102,103,115,102,102,103,3.06,0.0,3.06,4950.0,0.0,0.0,1202.51,0.0,0.0,0.0,0.0,0.0,16349.51,0.0,16349.51,490.48,16840.0,"Net Wt: 3.060 Gm.@Rate 4,950.00/Gm.",,Sale,0,1,0
1040,1,E21104000372,102,104,440,101,109,111,5.0,0.0,5.0,65.0,0.0,0.0,63.35,0.0,0.0,0.0,0.0,0.0,388.35,0.0,388.35,11.66,400.0,Net Wt: 5.000 Gm.@Rate 65.00/Gm.,,Sale,0,1,0
1041,1,E21103001401,102,103,110,102,102,103,1.45,0.0,1.45,4950.0,0.0,0.0,977.84,0.0,0.0,0.0,0.0,0.0,8155.34,0.0,8155.34,244.66,8400.0,"Net Wt: 1.450 Gm.@Rate 4,950.00/Gm.",,Sale,0,1,0
1042,1,E21104000373,102,104,119,121,109,111,35.6,0.0,35.6,65.0,0.0,0.0,1035.51,0.0,0.0,0.0,0.0,0.0,3349.51,0.0,3349.51,100.48,3450.0,Net Wt: 35.600 Gm.@Rate 65.00/Gm.,,Sale,0,1,0
1043,1,E21103001402,102,103,103,102,102,103,2.5,0.0,2.5,4950.0,0.0,0.0,731.8,0.0,0.0,0.0,0.0,0.0,13106.8,0.0,13106.8,393.2,13500.0,"Net Wt: 2.500 Gm.@Rate 4,950.00/Gm.",,Sale,0,1,0
1044,1,E21103001403,102,103,407,102,102,103,1.65,0.0,1.65,4950.0,0.0,0.0,570.36,0.0,0.0,0.0,0.0,0.0,8737.86,0.0,8737.86,262.14,9000.0,"Net Wt: 1.650 Gm.@Rate 4,950.00/Gm.",,Sale,0,1,0
1045,1,E21104000374,102,104,119,121,109,111,37.4,0.0,37.4,68.0,0.0,0.0,466.51,0.0,0.0,0.0,0.0,0.0,3009.71,0.0,3009.71,90.3,3100.0,Net Wt: 37.400 Gm.@Rate 68.00/Gm.,,Sale,0,1,0
1046,1,E21103001404,102,103,102,102,102,103,1.0,0.0,1.0,4950.0,0.0,0.0,292.72,0.0,0.0,0.0,0.0,0.0,5242.72,0.0,5242.72,157.28,5400.0,"Net Wt: 1.000 Gm.@Rate 4,950.00/Gm.",,Sale,0,1,0
1047,1,F20103000968,102,103,235,102,102,103,2.59,0.0,2.59,4950.0,0.0,0.0,771.73,0.0,0.0,0.0,0.0,0.0,13592.23,0.0,13592.23,407.76,14000.0,"Net Wt: 2.590 Gm.@Rate 4,950.00/Gm.",,Sale,0,1,0
1048,1,F21104000375,102,104,119,121,109,111,38.5,0.0,38.5,65.0,0.0,0.0,555.75,0.0,0.0,0.0,0.0,0.0,3058.25,0.0,3058.25,91.74,3150.0,Net Wt: 38.500 Gm.@Rate 65.00/Gm.,,Sale,0,1,0
1049,1,K20103001147,102,103,103,102,102,103,2.25,0.0,2.25,4950.0,0.0,0.0,512.99,0.0,0.0,0.0,0.0,0.0,11650.49,0.0,11650.49,349.52,12000.0,"Net Wt: 2.250 Gm.@Rate 4,950.00/Gm.",,Sale,0,1,0
1050,1,F21104000376,102,104,119,121,109,111,33.5,0.0,33.5,65.0,0.0,0.0,346.77,0.0,0.0,0.0,0.0,0.0,2524.27,0.0,2524.27,75.72,2600.0,Net Wt: 33.500 Gm.@Rate 65.00/Gm.,,Sale,0,1,0
1051,1,N20103001274,102,103,107,102,102,103,2.85,0.0,2.85,4950.0,0.0,0.0,941.04,0.0,0.0,0.0,0.0,0.0,15048.54,0.0,15048.54,451.46,15500.0,"Net Wt: 2.850 Gm.@Rate 4,950.00/Gm.",,Sale,0,1,0
1051,2,F21104000377,102,104,119,121,109,111,38.5,0.0,38.5,65.0,0.0,0.0,410.12,0.0,0.0,0.0,0.0,0.0,2912.62,0.0,2912.62,87.38,3000.0,Net Wt: 38.500 Gm.@Rate 65.00/Gm.,,Sale,0,1,0
1052,1,F20103000961,102,103,235,102,102,103,2.18,0.0,2.18,4950.0,0.0,0.0,859.49,0.0,0.0,0.0,0.0,0.0,11650.49,0.0,11650.49,349.52,12000.0,"Net Wt: 2.180 Gm.@Rate 4,950.00/Gm.",,Sale,0,1,0
1053,1,F21104000378,102,104,119,121,109,111,25.3,0.0,25.3,65.0,0.0,0.0,297.25,0.0,0.0,0.0,0.0,0.0,1941.75,0.0,1941.75,58.26,2000.0,Net Wt: 25.300 Gm.@Rate 65.00/Gm.,,Sale,0,1,0
1054,1,N19103000716,102,103,374,102,102,103,1.88,0.0,1.88,4950.0,0.0,0.0,1373.61,0.0,0.0,0.0,0.0,0.0,10679.61,0.0,10679.61,320.38,11000.0,"Net Wt: 1.880 Gm.@Rate 4,950.00/Gm.",,Sale,0,1,0
1055,1,F21103001406,102,103,102,102,102,103,1.39,0.0,1.39,4950.0,0.0,0.0,498.14,0.0,0.0,0.0,0.0,0.0,7378.64,0.0,7378.64,221.36,7600.0,"Net Wt: 1.390 Gm.@Rate 4,950.00/Gm.",,Sale,0,1,0
1056,1,F21104000379,102,104,127,129,109,111,15.0,0.0,15.0,65.0,0.0,0.0,238.59,0.0,0.0,0.0,0.0,0.0,1213.59,0.0,1213.59,36.4,1250.0,Net Wt: 15.000 Gm.@Rate 65.00/Gm.,,Sale,0,1,0
1057,1,F21104000380,102,104,129,131,109,111,7.0,0.0,7.0,65.0,0.0,0.0,30.44,0.0,0.0,0.0,0.0,0.0,485.44,0.0,485.44,14.56,500.0,Net Wt: 7.000 Gm.@Rate 65.00/Gm.,,Sale,0,1,0
1058,1,K20103001159,102,103,236,102,102,103,1.88,0.0,1.88,4950.0,0.0,0.0,402.74,0.0,0.0,0.0,0.0,0.0,9708.74,0.0,9708.74,291.26,10000.0,"Net Wt: 1.880 Gm.@Rate 4,950.00/Gm.",,Sale,0,1,0
1059,1,O20103001291,102,103,102,102,102,103,4.12,0.0,4.12,4950.0,0.0,0.0,1450.66,0.0,0.0,0.0,0.0,0.0,21844.66,0.0,21844.66,655.34,22500.0,"Net Wt: 4.120 Gm.@Rate 4,950.00/Gm.",,Sale,0,1,0
1060,1,J19103000334,102,103,107,102,102,103,4.19,0.0,4.19,4950.0,0.0,0.0,1589.6,0.0,0.0,0.0,0.0,0.0,22330.1,0.0,22330.1,669.9,23000.0,"Net Wt: 4.190 Gm.@Rate 4,950.00/Gm.",,Sale,0,1,0
1061,1,F21104000381,102,104,120,122,109,111,7.2,0.0,7.2,65.0,0.0,0.0,366.95,0.0,0.0,0.0,0.0,0.0,834.95,0.0,834.95,25.04,860.0,Net Wt: 7.200 Gm.@Rate 65.00/Gm.,,Sale,0,1,0
1062,1,O20103001302,102,103,331,102,102,103,2.38,0.0,2.38,4850.0,0.0,0.0,738.55,0.0,0.0,0.0,0.0,0.0,12281.55,0.0,12281.55,368.44,12650.0,"Net Wt: 2.380 Gm.@Rate 4,850.00/Gm.",,Sale,0,1,0
1063,1,F21104000382,102,104,128,130,109,111,2.0,0.0,2.0,65.0,0.0,0.0,15.63,0.0,0.0,0.0,0.0,0.0,145.63,0.0,145.63,4.36,150.0,Net Wt: 2.000 Gm.@Rate 65.00/Gm.,,Sale,0,1,0
1064,1,F21104000383,102,104,289,102,109,111,55.6,0.0,55.6,65.0,0.0,0.0,1919.98,0.0,0.0,0.0,0.0,0.0,5533.98,0.0,5533.98,166.02,5700.0,Net Wt: 55.600 Gm.@Rate 65.00/Gm.,,Sale,0,1,0
1065,1,O20103001324,102,103,235,102,102,103,6.77,0.0,6.77,4950.0,0.0,0.0,2410.83,0.0,0.0,0.0,0.0,0.0,35922.33,0.0,35922.33,1077.66,37000.0,"Net Wt: 6.770 Gm.@Rate 4,950.00/Gm.",,Sale,0,1,0
1066,1,K20103001186,102,103,102,102,102,103,2.88,0.0,2.88,4950.0,0.0,0.0,1083.81,0.0,0.0,0.0,0.0,0.0,15339.81,0.0,15339.81,460.2,15800.0,"Net Wt: 2.880 Gm.@Rate 4,950.00/Gm.",,Sale,0,1,0
1067,1,O20103001350,102,103,101,102,102,103,26.13,0.0,26.13,5000.0,0.0,0.0,11097.57,0.0,0.0,0.0,0.0,0.0,141747.57,0.0,141747.57,4252.42,146000.0,"Net Wt: 26.130 Gm.@Rate 5,000.00/Gm.",,Sale,0,1,0
1068,1,F20103000964,102,103,235,102,102,103,2.45,0.0,2.45,4950.0,0.0,0.0,979.3,0.0,0.0,0.0,0.0,0.0,13106.8,0.0,13106.8,393.2,13500.0,"Net Wt: 2.450 Gm.@Rate 4,950.00/Gm.",,Sale,0,1,0
1069,1,F21104000384,102,104,119,121,109,111,50.23,0.0,50.23,65.0,0.0,0.0,618.55,0.0,0.0,0.0,0.0,0.0,3883.5,0.0,3883.5,116.5,4000.0,Net Wt: 50.230 Gm.@Rate 65.00/Gm.,,Sale,0,1,0
1070,1,F21104000385,102,104,119,121,109,111,25.3,0.0,25.3,65.0,0.0,0.0,724.43,0.0,0.0,0.0,0.0,0.0,2368.93,0.0,2368.93,71.06,2440.0,Net Wt: 25.300 Gm.@Rate 65.00/Gm.,,Sale,0,1,0
1071,1,F21104000386,102,104,128,130,109,111,3.5,0.0,3.5,65.0,0.0,0.0,63.76,0.0,0.0,0.0,0.0,0.0,291.26,0.0,291.26,8.74,300.0,Net Wt: 3.500 Gm.@Rate 65.00/Gm.,,Sale,0,1,0
1072,1,F21104000387,102,104,119,121,109,111,9.2,0.0,9.2,65.0,0.0,0.0,178.7,0.0,0.0,0.0,0.0,0.0,776.7,0.0,776.7,23.3,800.0,Net Wt: 9.200 Gm.@Rate 65.00/Gm.,,Sale,0,1,0
1073,1,F20103000912,102,103,331,102,102,103,1.55,0.0,1.55,4950.0,0.0,0.0,579.93,0.0,0.0,0.0,0.0,0.0,8252.43,0.0,8252.43,247.58,8500.0,"Net Wt: 1.550 Gm.@Rate 4,950.00/Gm.",,Sale,0,1,0
1074,1,N20103001213,102,103,102,102,102,103,3.98,0.0,3.98,4950.0,0.0,0.0,978.61,0.0,0.0,0.0,0.0,0.0,20679.61,0.0,20679.61,620.38,21300.0,"Net Wt: 3.980 Gm.@Rate 4,950.00/Gm.",,Sale,0,1,0
1075,1,F21104000388,102,104,120,122,109,111,9.6,0.0,9.6,65.0,0.0,0.0,443.96,0.0,0.0,0.0,0.0,0.0,1067.96,0.0,1067.96,32.04,1100.0,Net Wt: 9.600 Gm.@Rate 65.00/Gm.,,Sale,0,1,0
1076,1,F21104000389,102,104,119,121,109,111,68.2,0.0,68.2,65.0,0.0,0.0,1877.68,0.0,0.0,0.0,0.0,0.0,6310.68,0.0,6310.68,189.32,6500.0,Net Wt: 68.200 Gm.@Rate 65.00/Gm.,,Sale,0,1,0
1077,1,F21103001407,102,103,169,102,102,103,0.4,0.0,0.4,4800.0,0.0,0.0,21.75,0.0,0.0,0.0,0.0,0.0,1941.75,0.0,1941.75,58.26,2000.0,"Net Wt: 0.400 Gm.@Rate 4,800.00/Gm.",,Sale,0,1,0
1078,1,P19103000818,102,103,331,102,102,103,1.98,0.0,1.98,4850.0,0.0,0.0,785.35,0.0,0.0,0.0,0.0,0.0,10388.35,0.0,10388.35,311.66,10700.0,"Net Wt: 1.980 Gm.@Rate 4,850.00/Gm.",,Sale,0,1,0
1082,1,N20103001239,102,103,112,102,102,103,21.51,0.0,21.51,4650.0,0.0,0.0,5803.74,0.0,0.0,0.0,0.0,0.0,105825.24,0.0,105825.24,3174.76,109000.0,"Net Wt: 21.510 Gm.@Rate 4,650.00/Gm.",,Sale,0,1,0
1083,1,F21103001410,102,103,113,102,102,103,5.19,0.0,5.19,4700.0,0.0,0.0,3859.43,0.0,0.0,0.0,0.0,0.0,28252.43,0.0,28252.43,847.58,29100.0,"Net Wt: 5.190 Gm.@Rate 4,700.00/Gm.",,Sale,0,1,0
1085,1,O20103001362,102,103,114,102,102,103,8.17,0.0,8.17,4680.0,0.0,0.0,2832.36,0.0,0.0,0.0,0.0,0.0,41067.96,0.0,41067.96,1232.04,42300.0,"Net Wt: 8.170 Gm.@Rate 4,680.00/Gm.",,Sale,0,1,0
1086,1,F21104000390,102,104,128,130,109,111,2.5,0.0,2.5,65.0,0.0,0.0,128.76,0.0,0.0,0.0,0.0,0.0,291.26,0.0,291.26,8.74,300.0,Net Wt: 2.500 Gm.@Rate 65.00/Gm.,,Sale,0,1,0
1087,1,F21103001412,102,103,102,102,102,103,1.35,0.0,1.35,4680.0,0.0,0.0,575.2,0.0,0.0,0.0,0.0,0.0,6893.2,0.0,6893.2,206.8,7100.0,"Net Wt: 1.350 Gm.@Rate 4,680.00/Gm.",,Sale,0,1,0
1088,1,N20103001257,102,103,112,102,102,103,7.95,0.0,7.95,4650.0,0.0,0.0,1867.45,0.0,0.0,0.0,0.0,0.0,38834.95,0.0,38834.95,1165.04,40000.0,"Net Wt: 7.950 Gm.@Rate 4,650.00/Gm.",,Sale,0,1,0
1089,1,F21103001459,102,103,331,102,102,103,1.92,0.0,1.92,4700.0,0.0,0.0,684.74,0.0,0.0,0.0,0.0,0.0,9708.74,0.0,9708.74,291.26,10000.0,"Net Wt: 1.920 Gm.@Rate 4,700.00/Gm.",,Sale,0,1,0
1090,1,J19103000305,102,103,103,102,102,103,6.56,0.0,6.56,4700.0,0.0,0.0,2177.71,0.0,0.0,0.0,0.0,0.0,33009.71,0.0,33009.71,990.3,34000.0,"Net Wt: 6.560 Gm.@Rate 4,700.00/Gm.",,Sale,0,1,0
1092,1,N20103001255,102,103,112,102,102,103,10.78,0.0,10.78,4550.0,0.0,0.0,3184.01,0.0,0.0,0.0,0.0,0.0,52233.01,0.0,52233.01,1567.0,53800.0,"Net Wt: 10.780 Gm.@Rate 4,550.00/Gm.",,Sale,0,1,0
1092,2,G21103001481,102,103,407,102,102,103,0.97,0.0,0.97,4550.0,0.0,0.0,149.61,0.0,0.0,0.0,0.0,0.0,4563.11,0.0,4563.11,136.9,4700.0,"Net Wt: 0.970 Gm.@Rate 4,550.00/Gm.",,Sale,0,1,0
1097,1,N19103000735,102,103,102,102,102,103,3.45,0.0,3.45,4550.0,0.0,0.0,1292.79,0.0,0.0,0.0,0.0,0.0,16990.29,0.0,16990.29,509.7,17500.0,"Net Wt: 3.450 Gm.@Rate 4,550.00/Gm.",,Sale,0,1,0
1097,2,H19103000096,102,103,102,102,102,103,4.5,0.0,4.5,4550.0,0.0,0.0,1563.83,0.0,0.0,0.0,0.0,0.0,22038.83,0.0,22038.83,661.16,22699.99,"Net Wt: 4.500 Gm.@Rate 4,550.00/Gm.",,Sale,0,1,0
1098,1,O20103001292,102,103,102,102,102,103,3.84,0.0,3.84,4580.0,0.0,0.0,1441.93,0.0,0.0,0.0,0.0,0.0,19029.13,0.0,19029.13,570.88,19600.0,"Net Wt: 3.840 Gm.@Rate 4,580.00/Gm.",,Sale,0,1,0
1079,1,P19103000854,102,103,112,102,102,103,7.27,0.0,7.27,4690.0,0.0,0.0,2602.73,0.0,0.0,0.0,0.0,0.0,36699.03,0.0,36699.03,1100.98,37800.0,"Net Wt: 7.270 Gm.@Rate 4,690.00/Gm.",,Sale,0,1,0
1080,1,F21103001408,102,103,238,102,102,103,0.47,0.0,0.47,4800.0,0.0,0.0,947.88,0.0,0.0,0.0,0.0,0.0,3203.88,0.0,3203.88,96.12,3300.0,"Net Wt: 0.470 Gm.@Rate 4,800.00/Gm.",,Sale,0,1,0
1081,1,F21103001409,102,103,404,102,102,103,2.1,0.0,2.1,4800.0,0.0,0.0,2250.1,0.0,0.0,0.0,0.0,0.0,12330.1,0.0,12330.1,369.9,12700.0,"Net Wt: 2.100 Gm.@Rate 4,800.00/Gm.",,Sale,0,1,0
1084,1,F21103001411,102,103,115,102,102,103,0.64,0.0,0.64,4800.0,0.0,0.0,277.51,0.0,0.0,0.0,0.0,0.0,3349.51,0.0,3349.51,100.48,3450.0,"Net Wt: 0.640 Gm.@Rate 4,800.00/Gm.",,Sale,0,1,0
1091,1,G21103001480,102,103,113,102,102,103,3.24,0.0,3.24,4700.0,0.0,0.0,888.5,0.0,0.0,0.0,0.0,0.0,16116.5,0.0,16116.5,483.5,16600.0,"Net Wt: 3.240 Gm.@Rate 4,700.00/Gm.",,Sale,0,1,0
1099,1,G21104000393,102,104,119,121,109,111,31.2,0.0,31.2,65.0,0.0,0.0,884.62,0.0,0.0,0.0,0.0,0.0,2912.62,0.0,2912.62,87.38,3000.0,Net Wt: 31.200 Gm.@Rate 65.00/Gm.,,Sale,0,1,0
1100,1,F20103000904,102,103,331,102,102,103,4.67,0.0,4.67,4400.0,0.0,0.0,1782.1,0.0,0.0,0.0,0.0,0.0,22330.1,0.0,22330.1,669.9,23000.0,"Net Wt: 4.670 Gm.@Rate 4,400.00/Gm.",,Sale,0,1,0
1101,1,P19103000773,102,103,101,102,102,103,11.72,0.0,11.72,4350.0,0.0,0.0,3386.87,0.0,0.0,0.0,0.0,0.0,54368.87,0.0,54368.87,1631.06,55999.94,"Net Wt: 11.720 Gm.@Rate 4,350.00/Gm.",,Sale,0,1,0
1101,2,O20103001336,102,103,101,102,102,103,9.81,0.0,9.81,4350.0,0.0,0.0,2957.57,0.0,0.0,0.0,0.0,0.0,45631.07,0.0,45631.07,1368.94,47000.0,"Net Wt: 9.810 Gm.@Rate 4,350.00/Gm.",,Sale,0,1,0
1102,1,F21103001461,102,103,331,102,102,103,2.65,0.0,2.65,4300.0,0.0,0.0,740.92,0.0,0.0,0.0,0.0,0.0,12135.92,0.0,12135.92,364.08,12500.0,"Net Wt: 2.650 Gm.@Rate 4,300.00/Gm.",,Sale,0,1,0
1103,1,F21103001427,102,103,103,102,102,103,2.85,0.0,2.85,4350.0,0.0,0.0,2165.61,0.0,0.0,0.0,0.0,0.0,14563.11,0.0,14563.11,436.9,15000.0,"Net Wt: 2.850 Gm.@Rate 4,350.00/Gm.",,Sale,0,1,0
1104,1,N20103001227,102,103,331,102,102,103,2.62,0.0,2.62,4350.0,0.0,0.0,738.92,0.0,0.0,0.0,0.0,0.0,12135.92,0.0,12135.92,364.08,12500.0,"Net Wt: 2.620 Gm.@Rate 4,350.00/Gm.",,Sale,0,1,0
1105,1,G21104000394,102,104,119,121,109,111,25.6,0.0,25.6,65.0,0.0,0.0,763.18,0.0,0.0,0.0,0.0,0.0,2427.18,0.0,2427.18,72.82,2500.0,Net Wt: 25.600 Gm.@Rate 65.00/Gm.,,Sale,0,1,0
1106,1,O20103001335,102,103,101,102,102,103,6.84,0.0,6.84,4450.0,0.0,0.0,6455.2,0.0,0.0,0.0,0.0,0.0,36893.2,0.0,36893.2,1106.8,38000.0,"Net Wt: 6.840 Gm.@Rate 4,450.00/Gm.",,Sale,0,1,0
1107,1,G21104000395,102,104,119,121,109,111,28.75,0.0,28.75,65.0,0.0,0.0,655.52,0.0,0.0,0.0,0.0,0.0,2524.27,0.0,2524.27,75.72,2600.0,Net Wt: 28.750 Gm.@Rate 65.00/Gm.,,Sale,0,1,0
1108,1,G21104000396,102,104,119,121,109,111,97.0,0.0,97.0,65.0,0.0,0.0,976.55,0.0,0.0,0.0,0.0,0.0,7281.55,0.0,7281.55,218.44,7500.0,Net Wt: 97.000 Gm.@Rate 65.00/Gm.,,Sale,0,1,0
1109,1,G21103001482,102,103,406,102,102,103,0.45,0.0,0.45,4450.0,0.0,0.0,424.68,0.0,0.0,0.0,0.0,0.0,2427.18,0.0,2427.18,72.82,2500.0,"Net Wt: 0.450 Gm.@Rate 4,450.00/Gm.",,Sale,0,1,0
1110,1,G21104000397,102,104,119,121,109,111,38.2,0.0,38.2,65.0,0.0,0.0,623.8,0.0,0.0,0.0,0.0,0.0,3106.8,0.0,3106.8,93.2,3200.0,Net Wt: 38.200 Gm.@Rate 65.00/Gm.,,Sale,0,1,0
1111,1,P19103000795,102,103,103,102,102,103,2.22,0.0,2.22,4500.0,0.0,0.0,689.61,0.0,0.0,0.0,0.0,0.0,10679.61,0.0,10679.61,320.38,11000.0,"Net Wt: 2.220 Gm.@Rate 4,500.00/Gm.",,Sale,0,1,0
1112,1,G21104000398,102,104,119,121,109,111,25.3,0.0,25.3,65.0,0.0,0.0,103.07,0.0,0.0,0.0,0.0,0.0,1747.57,0.0,1747.57,52.42,1800.0,Net Wt: 25.300 Gm.@Rate 65.00/Gm.,,Sale,0,1,0
1113,1,G21104000399,102,104,119,121,109,111,52.01,0.0,52.01,65.0,0.0,0.0,502.85,0.0,0.0,0.0,0.0,0.0,3883.5,0.0,3883.5,116.5,4000.0,Net Wt: 52.010 Gm.@Rate 65.00/Gm.,,Sale,0,1,0
1114,1,I19103000237,102,103,101,102,102,103,7.87,0.0,7.87,4350.0,0.0,0.0,3241.23,0.0,0.0,0.0,0.0,0.0,37475.73,0.0,37475.73,1124.28,38600.0,"Net Wt: 7.870 Gm.@Rate 4,350.00/Gm.",,Sale,0,1,0
1115,1,G21104000400,102,104,119,121,109,111,35.2,0.0,35.2,65.0,0.0,0.0,624.62,0.0,0.0,0.0,0.0,0.0,2912.62,0.0,2912.62,87.38,3000.0,Net Wt: 35.200 Gm.@Rate 65.00/Gm.,,Sale,0,1,0
1116,1,N20103001214,102,103,102,102,102,103,5.78,0.0,5.78,4400.0,0.0,0.0,2237.9,0.0,0.0,0.0,0.0,0.0,27669.9,0.0,27669.9,830.1,28500.0,"Net Wt: 5.780 Gm.@Rate 4,400.00/Gm.",,Sale,0,1,0
1117,1,F20103001029,102,103,110,102,102,103,4.43,0.0,4.43,4500.0,0.0,0.0,1909.66,0.0,0.0,0.0,0.0,0.0,21844.66,0.0,21844.66,655.34,22500.0,"Net Wt: 4.430 Gm.@Rate 4,500.00/Gm.",,Sale,0,1,0
1120,1,G21104000402,102,104,353,102,109,111,21.3,0.0,21.3,65.0,0.0,0.0,363.07,0.0,0.0,0.0,0.0,0.0,1747.57,0.0,1747.57,52.42,1800.0,Net Wt: 21.300 Gm.@Rate 65.00/Gm.,,Sale,0,1,0
1121,1,G20103001076,102,103,118,102,102,103,2.67,0.0,2.67,4400.0,0.0,0.0,1164.62,0.0,0.0,0.0,0.0,0.0,12912.62,0.0,12912.62,387.38,13300.0,"Net Wt: 2.670 Gm.@Rate 4,400.00/Gm.",,Sale,0,1,0
1122,1,H19103000043,102,103,331,102,102,103,2.1,0.0,2.1,4450.0,0.0,0.0,655.0,0.0,0.0,0.0,0.0,0.0,10000.0,0.0,10000.0,300.0,10300.0,"Net Wt: 2.100 Gm.@Rate 4,450.00/Gm.",,Sale,0,1,0
1122,2,H19103000114,102,103,102,102,102,103,1.62,0.0,1.62,4450.0,0.0,0.0,460.9,0.0,0.0,0.0,0.0,0.0,7669.9,0.0,7669.9,230.1,7900.0,"Net Wt: 1.620 Gm.@Rate 4,450.00/Gm.",,Sale,0,1,0
1093,1,G21104000391,102,104,151,150,109,111,6.5,0.0,6.5,65.0,0.0,0.0,14.39,0.0,0.0,0.0,0.0,0.0,436.89,0.0,436.89,13.1,450.0,Net Wt: 6.500 Gm.@Rate 65.00/Gm.,,Sale,0,1,0
1094,1,N20103001219,102,103,102,102,102,103,3.34,0.0,3.34,4550.0,0.0,0.0,822.42,0.0,0.0,0.0,0.0,0.0,16019.42,0.0,16019.42,480.58,16500.0,"Net Wt: 3.340 Gm.@Rate 4,550.00/Gm.",,Sale,0,1,0
1095,1,G21104000392,102,104,353,102,109,111,28.65,0.0,28.65,67.0,0.0,0.0,895.98,0.0,0.0,0.0,0.0,0.0,2815.53,0.0,2815.53,84.46,2900.0,Net Wt: 28.650 Gm.@Rate 67.00/Gm.,,Sale,0,1,0
1096,1,F20103000936,102,103,411,102,102,103,0.53,0.0,0.53,4570.0,0.0,0.0,490.52,0.0,0.0,0.0,0.0,0.0,2912.62,0.0,2912.62,87.38,3000.0,"Net Wt: 0.530 Gm.@Rate 4,570.00/Gm.",,Sale,0,1,0
1118,1,G20103001080,102,103,118,102,102,103,4.99,0.0,4.99,4400.0,0.0,0.0,1830.41,0.0,0.0,0.0,0.0,0.0,23786.41,0.0,23786.41,713.6,24500.0,"Net Wt: 4.990 Gm.@Rate 4,400.00/Gm.",,Sale,0,1,0
1119,1,G21104000401,102,104,119,121,109,111,52.3,0.0,52.3,65.0,0.0,0.0,484.0,0.0,0.0,0.0,0.0,0.0,3883.5,0.0,3883.5,116.5,4000.0,Net Wt: 52.300 Gm.@Rate 65.00/Gm.,,Sale,0,1,0
1122,3,G21103001483,102,103,115,102,102,103,0.38,0.0,0.38,4450.0,0.0,0.0,56.57,0.0,0.0,0.0,0.0,0.0,1747.57,0.0,1747.57,52.42,1800.0,"Net Wt: 0.380 Gm.@Rate 4,450.00/Gm.",,Sale,0,1,0
1123,1,G21104000403,102,104,119,121,109,111,86.3,0.0,86.3,65.0,0.0,0.0,701.18,0.0,0.0,0.0,0.0,0.0,6310.68,0.0,6310.68,189.32,6500.0,Net Wt: 86.300 Gm.@Rate 65.00/Gm.,,Sale,0,1,0
1124,1,G21104000404,102,104,119,121,109,111,25.3,0.0,25.3,65.0,0.0,0.0,491.42,0.0,0.0,0.0,0.0,0.0,2135.92,0.0,2135.92,64.08,2200.0,Net Wt: 25.300 Gm.@Rate 65.00/Gm.,,Sale,0,1,0
1125,1,F21103001475,102,103,331,102,102,103,2.22,0.0,2.22,4300.0,0.0,0.0,1133.61,0.0,0.0,0.0,0.0,0.0,10679.61,0.0,10679.61,320.38,11000.0,"Net Wt: 2.220 Gm.@Rate 4,300.00/Gm.",,Sale,0,1,0
1126,1,G21104000405,102,104,119,121,109,111,23.5,0.0,23.5,65.0,0.0,0.0,608.42,0.0,0.0,0.0,0.0,0.0,2135.92,0.0,2135.92,64.08,2200.0,Net Wt: 23.500 Gm.@Rate 65.00/Gm.,,Sale,0,1,0
1127,1,F21103001479,102,103,331,102,102,103,2.01,0.0,2.01,4400.0,0.0,0.0,1156.0,0.0,0.0,0.0,0.0,0.0,10000.0,0.0,10000.0,300.0,10300.0,"Net Wt: 2.010 Gm.@Rate 4,400.00/Gm.",,Sale,0,1,0
1128,1,G21103001484,102,103,115,102,102,103,10.98,0.0,10.98,4500.0,0.0,0.0,5929.81,0.0,0.0,0.0,0.0,0.0,55339.81,0.0,55339.81,1660.2,57000.0,"Net Wt: 10.980 Gm.@Rate 4,500.00/Gm.",,Sale,0,1,0
1129,1,G20103001101,102,103,115,102,102,103,1.94,0.0,1.94,4400.0,0.0,0.0,687.3,0.0,0.0,0.0,0.0,0.0,9223.3,0.0,9223.3,276.7,9500.0,"Net Wt: 1.940 Gm.@Rate 4,400.00/Gm.",,Sale,0,1,0
1129,2,G20103001093,102,103,115,102,102,103,1.73,0.0,1.73,4400.0,0.0,0.0,640.43,0.0,0.0,0.0,0.0,0.0,8252.43,0.0,8252.43,247.58,8500.0,"Net Wt: 1.730 Gm.@Rate 4,400.00/Gm.",,Sale,0,1,0
1129,3,G21103001485,102,103,115,102,102,103,1.99,0.0,1.99,4400.0,0.0,0.0,952.74,0.0,0.0,0.0,0.0,0.0,9708.74,0.0,9708.74,291.26,10000.0,"Net Wt: 1.990 Gm.@Rate 4,400.00/Gm.",,Sale,0,1,0
1130,1,K20103001170,102,103,331,102,102,103,2.47,0.0,2.47,4400.0,0.0,0.0,782.49,0.0,0.0,0.0,0.0,0.0,11650.49,0.0,11650.49,349.52,12000.0,"Net Wt: 2.470 Gm.@Rate 4,400.00/Gm.",,Sale,0,1,0
1131,1,H21103001486,102,103,331,102,102,103,0.96,0.0,0.96,4500.0,0.0,0.0,243.11,0.0,0.0,0.0,0.0,0.0,4563.11,0.0,4563.11,136.9,4700.0,"Net Wt: 0.960 Gm.@Rate 4,500.00/Gm.",,Sale,0,1,0
1132,1,F21103001421,102,103,103,102,102,103,3.51,0.0,3.51,4350.0,0.0,0.0,1430.53,0.0,0.0,0.0,0.0,0.0,16699.03,0.0,16699.03,500.98,17200.0,"Net Wt: 3.510 Gm.@Rate 4,350.00/Gm.",,Sale,0,1,0
1133,1,P19103000798,102,103,235,102,102,103,2.04,0.0,2.04,4350.0,0.0,0.0,834.74,0.0,0.0,0.0,0.0,0.0,9708.74,0.0,9708.74,291.26,10000.0,"Net Wt: 2.040 Gm.@Rate 4,350.00/Gm.",,Sale,0,1,0
1133,2,H21103001487,102,103,102,102,102,103,2.1,0.0,2.1,4350.0,0.0,0.0,1059.17,0.0,0.0,0.0,0.0,0.0,10194.17,0.0,10194.17,305.82,10500.0,"Net Wt: 2.100 Gm.@Rate 4,350.00/Gm.",,Sale,0,1,0
1134,1,N20103001252,102,103,112,102,102,103,12.39,0.0,12.39,4350.0,0.0,0.0,8239.42,0.0,0.0,0.0,0.0,0.0,62135.92,0.0,62135.92,1864.08,64000.0,"Net Wt: 12.390 Gm.@Rate 4,350.00/Gm.",,Sale,0,1,0
1135,1,F20103000903,102,103,102,102,102,103,3.16,0.0,3.16,4500.0,0.0,0.0,1313.98,0.0,0.0,0.0,0.0,0.0,15533.98,0.0,15533.98,466.02,16000.0,"Net Wt: 3.160 Gm.@Rate 4,500.00/Gm.",,Sale,0,1,0
1136,1,H21104000406,102,104,119,121,109,111,25.0,0.0,25.0,65.0,0.0,0.0,802.18,0.0,0.0,0.0,0.0,0.0,2427.18,0.0,2427.18,72.82,2500.0,Net Wt: 25.000 Gm.@Rate 65.00/Gm.,,Sale,0,1,0
1137,1,H21104000407,102,104,119,121,109,111,30.0,0.0,30.0,65.0,0.0,0.0,88.83,0.0,0.0,0.0,0.0,0.0,2038.83,0.0,2038.83,61.16,2100.0,Net Wt: 30.000 Gm.@Rate 65.00/Gm.,,Sale,0,1,0
1138,1,F21103001471,102,103,331,102,102,103,2.24,0.0,2.24,4500.0,0.0,0.0,599.61,0.0,0.0,0.0,0.0,0.0,10679.61,0.0,10679.61,320.38,11000.0,"Net Wt: 2.240 Gm.@Rate 4,500.00/Gm.",,Sale,0,1,0
1139,1,F20103000931,102,103,411,102,102,103,0.49,0.0,0.49,4500.0,0.0,0.0,222.18,0.0,0.0,0.0,0.0,0.0,2427.18,0.0,2427.18,72.82,2500.0,"Net Wt: 0.490 Gm.@Rate 4,500.00/Gm.",,Sale,0,1,0
1140,1,H21104000408,102,104,119,121,109,111,21.3,0.0,21.3,65.0,0.0,0.0,1042.68,0.0,0.0,0.0,0.0,0.0,2427.18,0.0,2427.18,72.82,2500.0,Net Wt: 21.300 Gm.@Rate 65.00/Gm.,,Sale,0,1,0
1141,1,H21104000409,102,104,119,121,109,111,98.8,0.0,98.8,65.0,0.0,0.0,374.12,0.0,0.0,0.0,0.0,0.0,6796.12,0.0,6796.12,203.88,7000.0,Net Wt: 98.800 Gm.@Rate 65.00/Gm.,,Sale,0,1,0
1142,1,H21103001488,102,103,101,102,102,103,6.32,0.0,6.32,4500.0,0.0,0.0,2627.96,0.0,0.0,0.0,0.0,0.0,31067.96,0.0,31067.96,932.04,32000.0,"Net Wt: 6.320 Gm.@Rate 4,500.00/Gm.",,Sale,0,1,0
1143,1,H21104000410,102,104,119,121,109,111,25.6,0.0,25.6,65.0,0.0,0.0,471.92,0.0,0.0,0.0,0.0,0.0,2135.92,0.0,2135.92,64.08,2200.0,Net Wt: 25.600 Gm.@Rate 65.00/Gm.,,Sale,0,1,0
1144,1,H21103001489,102,103,116,102,102,103,1.25,0.0,1.25,4500.0,0.0,0.0,200.24,0.0,0.0,0.0,0.0,0.0,5825.24,0.0,5825.24,174.76,6000.0,"Net Wt: 1.250 Gm.@Rate 4,500.00/Gm.",,Sale,0,1,0
1146,1,N19103000684,102,103,235,102,102,103,3.76,0.0,3.76,4500.0,0.0,0.0,1526.6,0.0,0.0,0.0,0.0,0.0,18446.6,0.0,18446.6,553.4,19000.0,"Net Wt: 3.760 Gm.@Rate 4,500.00/Gm.",,Sale,0,1,0
1147,1,J19103000315,102,103,103,102,102,103,5.28,0.0,5.28,4500.0,0.0,0.0,1773.98,0.0,0.0,0.0,0.0,0.0,25533.98,0.0,25533.98,766.02,26300.0,"Net Wt: 5.280 Gm.@Rate 4,500.00/Gm.",,Sale,0,1,0
1148,1,N20103001258,102,103,112,102,102,103,5.85,0.0,5.85,4650.0,0.0,0.0,2409.15,0.0,0.0,0.0,0.0,0.0,29611.65,0.0,29611.65,888.34,30500.0,"Net Wt: 5.850 Gm.@Rate 4,650.00/Gm.",,Sale,0,1,0
1149,1,N19103000683,102,103,235,102,102,103,2.52,0.0,2.52,4500.0,0.0,0.0,1281.36,0.0,0.0,0.0,0.0,0.0,12621.36,0.0,12621.36,378.64,13000.0,"Net Wt: 2.520 Gm.@Rate 4,500.00/Gm.",,Sale,0,1,0
1150,1,O20103001321,102,103,235,102,102,103,4.42,0.0,4.42,4500.0,0.0,0.0,1954.66,0.0,0.0,0.0,0.0,0.0,21844.66,0.0,21844.66,655.34,22500.0,"Net Wt: 4.420 Gm.@Rate 4,500.00/Gm.",,Sale,0,1,0
1151,1,F21103001441,102,103,235,102,102,103,4.06,0.0,4.06,4550.0,0.0,0.0,2012.92,0.0,0.0,0.0,0.0,0.0,20485.92,0.0,20485.92,614.58,21100.5,"Net Wt: 4.060 Gm.@Rate 4,550.00/Gm.",,Sale,0,1,0
1151,2,H21103001490,102,103,113,102,102,103,8.1,0.0,8.1,4550.0,0.1,0.0,3436.26,0.0,0.0,0.0,0.0,0.0,40291.26,0.0,40291.26,1208.74,41500.0,"Net Wt: 8.100 Gm.@Rate 4,550.00/Gm.",,Sale,0,1,0
1151,3,H21104000411,102,104,119,121,109,111,35.6,0.0,35.6,67.0,4.0,0.0,1207.03,0.0,0.0,0.0,0.0,0.0,3592.23,0.0,3592.23,107.76,3700.0,Net Wt: 35.600 Gm.@Rate 67.00/Gm.,,Sale,0,1,0
1152,1,O20103001352,102,103,101,102,102,103,20.78,0.0,20.78,4400.0,0.0,0.0,8568.0,0.0,0.0,0.0,0.0,0.0,100000.0,0.0,100000.0,3000.0,103000.0,"Net Wt: 20.780 Gm.@Rate 4,400.00/Gm.",,Sale,0,1,0
1153,1,N20103001244,102,103,338,102,102,103,2.14,0.0,2.14,4500.0,0.0,0.0,952.52,0.0,0.0,0.0,0.0,0.0,10582.52,0.0,10582.52,317.48,10900.0,"Net Wt: 2.140 Gm.@Rate 4,500.00/Gm.",,Sale,0,1,0
1154,1,H21103001553,102,103,374,101,102,103,1.45,0.0,1.45,4500.0,0.0,0.0,465.29,0.0,0.0,0.0,0.0,0.0,6990.29,0.0,6990.29,209.7,7200.0,"Net Wt: 1.450 Gm.@Rate 4,500.00/Gm.",,Sale,0,1,0
1155,1,H21103001506,102,103,102,102,102,103,1.82,0.0,1.82,4500.0,0.0,0.0,547.86,0.0,0.0,0.0,0.0,0.0,8737.86,0.0,8737.86,262.14,9000.0,"Net Wt: 1.820 Gm.@Rate 4,500.00/Gm.",,Sale,0,1,0
1156,1,F21103001416,102,103,236,102,102,103,4.72,0.0,4.72,4500.0,0.0,0.0,2060.97,0.0,0.0,0.0,0.0,0.0,23300.97,0.0,23300.97,699.02,24000.0,"Net Wt: 4.720 Gm.@Rate 4,500.00/Gm.",,Sale,0,1,0
1157,1,N20103001245,102,103,338,102,102,103,5.17,0.0,5.17,4450.0,0.0,0.0,1653.69,0.0,0.0,0.0,0.0,0.0,24660.19,0.0,24660.19,739.8,25400.0,"Net Wt: 5.170 Gm.@Rate 4,450.00/Gm.",,Sale,0,1,0
1160,1,I21103001555,102,103,112,102,102,103,11.51,0.0,11.51,4600.0,0.0,0.0,5306.43,0.0,0.0,0.0,0.0,0.0,58252.43,0.0,58252.43,1747.58,60000.0,"Net Wt: 11.510 Gm.@Rate 4,600.00/Gm.",,Sale,0,1,0
1160,2,I21103001556,102,103,107,102,102,103,3.65,0.0,3.65,4500.0,0.0,0.0,1778.88,0.0,0.0,0.0,0.0,0.0,18203.88,0.0,18203.88,546.12,18750.0,"Net Wt: 3.650 Gm.@Rate 4,500.00/Gm.",,Sale,0,1,0
1161,1,J19103000321,102,103,107,102,102,103,3.91,0.0,3.91,4500.0,0.0,0.0,1822.48,0.0,0.0,0.0,0.0,0.0,19417.48,0.0,19417.48,582.52,20000.0,"Net Wt: 3.910 Gm.@Rate 4,500.00/Gm.",,Sale,0,1,0
1161,2,I21103001557,102,103,106,102,102,103,0.89,0.0,0.89,4500.0,0.0,0.0,363.93,0.0,0.0,0.0,0.0,0.0,4368.93,0.0,4368.93,131.06,4500.0,"Net Wt: 0.890 Gm.@Rate 4,500.00/Gm.",,Sale,0,1,0
1162,1,P19103000807,102,103,103,102,102,103,3.83,0.0,3.83,4500.0,0.0,0.0,1697.04,0.0,0.0,0.0,0.0,0.0,18932.04,0.0,18932.04,567.96,19500.0,"Net Wt: 3.830 Gm.@Rate 4,500.00/Gm.",,Sale,0,1,0
1162,2,K21104000414,102,104,119,121,109,111,38.5,0.0,38.5,65.0,0.0,0.0,1332.45,0.0,0.0,0.0,0.0,0.0,3834.95,0.0,3834.95,115.04,3950.0,Net Wt: 38.500 Gm.@Rate 65.00/Gm.,,Sale,0,1,0
1163,1,F20103000941,102,103,331,102,102,103,3.04,0.0,3.04,4500.0,0.0,0.0,1077.28,0.0,0.0,0.0,0.0,0.0,14757.28,0.0,14757.28,442.72,15200.0,"Net Wt: 3.040 Gm.@Rate 4,500.00/Gm.",,Sale,0,1,0
1163,2,K21104000415,102,104,119,121,109,111,68.3,0.0,68.3,60.0,0.0,0.0,1533.07,0.0,0.0,0.0,0.0,0.0,5631.07,0.0,5631.07,168.94,5800.0,Net Wt: 68.300 Gm.@Rate 60.00/Gm.,,Sale,0,1,0
1164,1,N19103000732,102,103,374,101,102,103,2.22,0.0,2.22,4500.0,0.0,0.0,883.79,0.0,0.0,0.0,0.0,0.0,10873.79,0.0,10873.79,326.22,11200.0,"Net Wt: 2.220 Gm.@Rate 4,500.00/Gm.",,Sale,0,1,0
1164,2,K21104000416,102,104,122,124,109,111,25.6,0.0,25.6,65.0,0.0,0.0,374.83,0.0,0.0,0.0,0.0,0.0,2038.83,0.0,2038.83,61.16,2100.0,Net Wt: 25.600 Gm.@Rate 65.00/Gm.,,Sale,0,1,0
1165,1,K21104000417,102,104,119,121,109,111,32.2,0.0,32.2,60.0,0.0,0.0,592.27,0.0,0.0,0.0,0.0,0.0,2524.27,0.0,2524.27,75.72,2600.0,Net Wt: 32.200 Gm.@Rate 60.00/Gm.,,Sale,0,1,0
1166,1,F20103000994,102,103,110,102,102,103,6.96,0.0,6.96,4800.0,0.0,0.0,2999.77,0.0,0.0,0.0,0.0,0.0,36407.77,0.0,36407.77,1092.24,37500.0,"Net Wt: 6.960 Gm.@Rate 4,800.00/Gm.",,Sale,0,1,0
1145,1,J19103000307,102,103,103,102,102,103,6.13,0.0,6.13,4500.0,0.0,0.0,2512.09,0.0,0.0,0.0,0.0,0.0,30097.09,0.0,30097.09,902.92,31000.0,"Net Wt: 6.130 Gm.@Rate 4,500.00/Gm.",,Sale,0,1,0
1157,2,H21104000412,102,104,352,102,109,111,38.64,0.0,38.64,70.0,0.0,0.0,1081.61,0.0,0.0,0.0,0.0,0.0,3786.41,0.0,3786.41,113.6,3900.0,Net Wt: 38.640 Gm.@Rate 70.00/Gm.,,Sale,0,1,0
1166,2,H21103001543,102,103,331,102,102,103,1.85,0.0,1.85,4500.0,0.0,0.0,412.86,0.0,0.0,0.0,0.0,0.0,8737.86,0.0,8737.86,262.14,9000.0,"Net Wt: 1.850 Gm.@Rate 4,500.00/Gm.",,Sale,0,1,0
1166,3,K21104000418,102,104,119,121,109,111,79.28,0.0,79.28,65.0,0.0,0.0,2807.97,0.0,0.0,0.0,0.0,0.0,7961.17,0.0,7961.17,238.84,8200.0,Net Wt: 79.280 Gm.@Rate 65.00/Gm.,,Sale,0,1,0
1167,1,K21104000419,102,104,124,126,109,111,36.3,0.0,36.3,65.0,0.0,0.0,553.12,0.0,0.0,0.0,0.0,0.0,2912.62,0.0,2912.62,87.38,3000.0,Net Wt: 36.300 Gm.@Rate 65.00/Gm.,,Sale,0,1,0
1168,1,H21103001540,102,103,331,102,102,103,2.77,0.0,2.77,4800.0,0.0,0.0,1072.93,0.0,0.0,0.0,0.0,0.0,14368.93,0.0,14368.93,431.06,14800.0,"Net Wt: 2.770 Gm.@Rate 4,800.00/Gm.",,Sale,0,1,0
1168,2,F20103000879,102,103,114,102,102,103,15.99,0.0,15.99,4800.0,0.0,0.0,6354.8,0.0,0.0,0.0,0.0,0.0,83106.8,0.0,83106.8,2493.2,85600.0,"Net Wt: 15.990 Gm.@Rate 4,800.00/Gm.",,Sale,0,1,0
1168,3,K21103001558,102,103,110,102,102,103,2.1,0.0,2.1,4800.0,0.0,0.0,1085.05,0.0,0.0,0.0,0.0,0.0,11165.05,0.0,11165.05,334.96,11500.0,"Net Wt: 2.100 Gm.@Rate 4,800.00/Gm.",,Sale,0,1,0
1169,1,N19103000643,102,103,101,102,102,103,27.32,0.0,27.32,4800.0,0.0,0.0,13524.19,0.0,0.0,0.0,0.0,0.0,144660.19,0.0,144660.19,4339.8,149000.0,"Net Wt: 27.320 Gm.@Rate 4,800.00/Gm.",,Sale,0,1,0
1170,1,K21103001559,102,103,112,102,102,103,12.71,0.0,12.71,4800.0,0.0,0.0,5011.42,0.0,0.0,0.0,0.0,0.0,66019.42,0.0,66019.42,1980.58,68000.0,"Net Wt: 12.710 Gm.@Rate 4,800.00/Gm.",,Sale,0,1,0
1171,1,K21104000420,102,104,119,121,109,111,170.2,0.0,170.2,65.0,0.0,0.0,4373.89,0.0,0.0,0.0,0.0,0.0,15436.89,0.0,15436.89,463.1,15900.0,Net Wt: 170.200 Gm.@Rate 65.00/Gm.,,Sale,0,1,0
1172,1,H21103001537,102,103,331,102,102,103,3.82,0.0,3.82,4850.0,0.0,0.0,1084.65,0.0,0.0,0.0,0.0,0.0,19611.65,0.0,19611.65,588.34,20200.0,"Net Wt: 3.820 Gm.@Rate 4,850.00/Gm.",,Sale,0,1,0
1172,2,K21103001560,102,103,110,102,102,103,5.95,0.0,5.95,4850.0,0.0,0.0,2113.37,0.0,0.0,0.0,0.0,0.0,30970.87,0.0,30970.87,929.12,31900.0,"Net Wt: 5.950 Gm.@Rate 4,850.00/Gm.",,Sale,0,1,0
1172,3,K21104000421,102,104,151,150,109,111,15.71,0.0,15.71,65.0,0.0,0.0,435.16,0.0,0.0,0.0,0.0,0.0,1456.31,0.0,1456.31,43.68,1500.0,Net Wt: 15.710 Gm.@Rate 65.00/Gm.,,Sale,0,1,0
1173,1,H21103001494,102,103,235,102,102,103,2.44,0.0,2.44,4850.0,0.0,0.0,1272.8,0.0,0.0,0.0,0.0,0.0,13106.8,0.0,13106.8,393.2,13500.0,"Net Wt: 2.440 Gm.@Rate 4,850.00/Gm.",,Sale,0,1,0
1174,1,F21103001463,102,103,331,102,102,103,1.97,0.0,1.97,4850.0,0.0,0.0,639.67,0.0,0.0,0.0,0.0,0.0,10194.17,0.0,10194.17,305.82,10500.0,"Net Wt: 1.970 Gm.@Rate 4,850.00/Gm.",,Sale,0,1,0
1175,1,F21103001466,102,103,331,102,102,103,2.66,0.0,2.66,4850.0,0.0,0.0,691.23,0.0,0.0,0.0,0.0,0.0,13592.23,0.0,13592.23,407.76,14000.0,"Net Wt: 2.660 Gm.@Rate 4,850.00/Gm.",,Sale,0,1,0
1176,1,P19103000852,102,103,112,102,102,103,7.74,0.0,7.74,4850.0,0.0,0.0,1781.39,0.0,0.0,0.0,0.0,0.0,39320.39,0.0,39320.39,1179.62,40500.0,"Net Wt: 7.740 Gm.@Rate 4,850.00/Gm.",,Sale,0,1,0
1177,1,K21104000422,102,104,119,121,109,111,65.3,0.0,65.3,65.0,0.0,0.0,1580.74,0.0,0.0,0.0,0.0,0.0,5825.24,0.0,5825.24,174.76,6000.0,Net Wt: 65.300 Gm.@Rate 65.00/Gm.,,Sale,0,1,0
1178,1,H21103001501,102,103,102,102,102,103,1.65,0.0,1.65,4850.0,0.0,0.0,735.36,0.0,0.0,0.0,0.0,0.0,8737.86,0.0,8737.86,262.14,9000.0,"Net Wt: 1.650 Gm.@Rate 4,850.00/Gm.",,Sale,0,1,0
1178,2,K21104000423,102,104,120,122,109,111,10.2,0.0,10.2,65.0,0.0,0.0,307.87,0.0,0.0,0.0,0.0,0.0,970.87,0.0,970.87,29.12,1000.0,Net Wt: 10.200 Gm.@Rate 65.00/Gm.,,Sale,0,1,0
1179,1,H21103001550,102,103,102,102,102,103,3.84,0.0,3.84,4850.0,0.0,0.0,1570.17,0.0,0.0,0.0,0.0,0.0,20194.17,0.0,20194.17,605.82,20800.0,"Net Wt: 3.840 Gm.@Rate 4,850.00/Gm.",,Sale,0,1,0
1180,1,H21103001545,102,103,102,102,102,103,6.52,0.0,6.52,4800.0,0.0,0.0,1713.71,0.0,0.0,0.0,0.0,0.0,33009.71,0.0,33009.71,990.3,34000.0,"Net Wt: 6.520 Gm.@Rate 4,800.00/Gm.",,Sale,0,1,0
1208,1,M21104000434,102,104,120,122,109,111,56.32,0.0,56.32,65.0,0.0,0.0,416.87,0.0,0.0,0.0,0.0,0.0,4077.67,0.0,4077.67,122.34,4200.0,Net Wt: 56.320 Gm.@Rate 65.00/Gm.,,Sale,0,1,0
1236,1,N21104000448,102,104,119,121,109,111,23.5,0.0,23.5,65.0,0.0,0.0,365.7,0.0,0.0,0.0,0.0,0.0,1893.2,0.0,1893.2,56.8,1950.0,Net Wt: 23.500 Gm.@Rate 65.00/Gm.,,Sale,0,1,0
1237,1,N21103001600,102,103,102,102,102,103,11.35,0.0,11.35,4600.0,10.0,0.0,5071.55,0.0,0.0,0.0,0.0,0.0,57281.55,0.0,57281.55,1718.44,59000.0,"Net Wt: 11.350 Gm.@Rate 4,600.00/Gm.",,Sale,0,1,0
1238,1,N21104000449,102,104,119,121,109,111,131.0,0.0,131.0,65.0,100.0,0.0,2164.61,0.0,0.0,0.0,0.0,0.0,10679.61,0.0,10679.61,320.38,11000.0,Net Wt: 131.000 Gm.@Rate 65.00/Gm.,,Sale,0,1,0
1239,1,K20103001174,102,103,331,102,102,103,3.35,0.0,3.35,4600.0,0.0,0.0,1580.29,0.0,0.0,0.0,0.0,0.0,16990.29,0.0,16990.29,509.7,17500.0,"Net Wt: 3.350 Gm.@Rate 4,600.00/Gm.",,Sale,0,1,0
1240,1,N21104000450,102,104,119,121,109,111,78.3,0.0,78.3,65.0,0.0,0.0,2483.32,0.0,0.0,0.0,0.0,0.0,7572.82,0.0,7572.82,227.18,7800.0,Net Wt: 78.300 Gm.@Rate 65.00/Gm.,,Sale,0,1,0
1158,1,H21103001554,102,103,113,102,102,103,5.02,0.0,5.02,4500.0,0.0,0.0,1681.84,0.0,0.0,0.0,0.0,0.0,24271.84,0.0,24271.84,728.16,25000.0,"Net Wt: 5.020 Gm.@Rate 4,500.00/Gm.",,Sale,0,1,0
1159,1,H21104000413,102,104,119,121,109,111,65.63,0.0,65.63,65.0,0.0,0.0,1559.29,0.0,0.0,0.0,0.0,0.0,5825.24,0.0,5825.24,174.76,6000.0,Net Wt: 65.630 Gm.@Rate 65.00/Gm.,,Sale,0,1,0
1189,1,K21104000426,102,104,127,129,109,111,5.0,0.0,5.0,65.0,0.0,0.0,208.98,0.0,0.0,0.0,0.0,0.0,533.98,0.0,533.98,16.02,550.0,Net Wt: 5.000 Gm.@Rate 65.00/Gm.,,Sale,0,1,0
1190,1,H21103001498,102,103,102,102,102,103,8.18,0.0,8.18,4700.0,7.0,0.0,2816.14,0.0,0.0,0.0,0.0,0.0,41262.14,0.0,41262.14,1237.86,42500.0,"Net Wt: 8.180 Gm.@Rate 4,700.00/Gm.",,Sale,0,1,0
1191,1,K21103001563,102,103,103,102,102,103,4.41,0.0,4.41,4750.0,0.0,0.0,1868.03,0.0,0.0,0.0,0.0,0.0,22815.53,0.0,22815.53,684.46,23500.0,"Net Wt: 4.410 Gm.@Rate 4,750.00/Gm.",,Sale,0,1,0
1192,1,K21104000427,102,104,119,121,109,111,29.3,0.0,29.3,65.0,0.0,0.0,1105.21,0.0,0.0,0.0,0.0,0.0,3009.71,0.0,3009.71,90.3,3100.0,Net Wt: 29.300 Gm.@Rate 65.00/Gm.,,Sale,0,1,0
1193,1,K21104000428,102,104,120,122,109,111,31.4,0.0,31.4,65.0,0.0,0.0,1259.97,0.0,0.0,0.0,0.0,0.0,3300.97,0.0,3300.97,99.02,3400.0,Net Wt: 31.400 Gm.@Rate 65.00/Gm.,,Sale,0,1,0
1194,1,F20103000957,102,103,235,102,102,103,1.84,0.0,1.84,4700.0,0.0,0.0,575.3,0.0,0.0,0.0,0.0,0.0,9223.3,0.0,9223.3,276.7,9500.0,"Net Wt: 1.840 Gm.@Rate 4,700.00/Gm.",,Sale,0,1,0
1195,1,L21103001564,102,103,103,102,102,103,1.84,0.0,1.84,4850.0,0.0,0.0,881.83,0.0,0.0,0.0,0.0,0.0,9805.83,0.0,9805.83,294.18,10100.0,"Net Wt: 1.840 Gm.@Rate 4,850.00/Gm.",,Sale,0,1,0
1196,1,G20103001084,102,103,115,102,102,103,3.75,0.0,3.75,4700.0,0.0,0.0,1792.48,0.0,0.0,0.0,0.0,0.0,19417.48,0.0,19417.48,582.52,20000.0,"Net Wt: 3.750 Gm.@Rate 4,700.00/Gm.",,Sale,0,1,0
1197,1,L21103001565,102,103,331,102,102,103,1.94,0.0,1.94,4750.0,0.0,0.0,493.74,0.0,0.0,0.0,0.0,0.0,9708.74,0.0,9708.74,291.26,10000.0,"Net Wt: 1.940 Gm.@Rate 4,750.00/Gm.",,Sale,0,1,0
1198,1,L21103001566,102,103,331,102,102,103,2.49,0.0,2.49,4790.0,0.0,0.0,694.26,0.0,0.0,0.0,0.0,0.0,12621.36,0.0,12621.36,378.64,13000.0,"Net Wt: 2.490 Gm.@Rate 4,790.00/Gm.",,Sale,0,1,0
1199,1,L21104000429,102,104,128,130,109,111,10.3,0.0,10.3,65.0,0.0,0.0,107.2,0.0,0.0,0.0,0.0,0.0,776.7,0.0,776.7,23.3,800.0,Net Wt: 10.300 Gm.@Rate 65.00/Gm.,,Sale,0,1,0
1200,1,J19103000515,102,103,342,102,102,103,17.73,0.0,17.73,4750.0,0.0,0.0,6074.0,0.0,0.0,0.0,0.0,0.0,90291.26,0.0,90291.26,2708.74,93000.0,"Net Wt: 17.730 Gm.@Rate 4,750.00/Gm.",,Sale,0,1,0
1200,2,F21103001458,102,103,331,102,102,103,2.08,0.0,2.08,4750.0,0.0,0.0,800.0,0.0,0.0,0.0,0.0,0.0,10679.61,0.0,10679.61,320.38,11000.0,"Net Wt: 2.080 Gm.@Rate 4,750.00/Gm.",,Sale,0,1,0
1201,1,L21104000430,102,104,120,122,109,111,15.35,0.0,15.35,65.0,0.0,0.0,458.56,0.0,0.0,0.0,0.0,0.0,1456.31,0.0,1456.31,43.68,1500.0,Net Wt: 15.350 Gm.@Rate 65.00/Gm.,,Sale,0,1,0
1202,1,L21104000431,102,104,119,121,109,111,21.7,0.0,21.7,65.0,0.0,0.0,725.42,0.0,0.0,0.0,0.0,0.0,2135.92,0.0,2135.92,64.08,2200.0,Net Wt: 21.700 Gm.@Rate 65.00/Gm.,,Sale,0,1,0
1203,1,L21103001567,102,103,103,102,102,103,4.2,0.0,4.2,4650.0,0.0,0.0,1295.24,0.0,0.0,0.0,0.0,0.0,20825.24,0.0,20825.24,624.76,21450.0,"Net Wt: 4.200 Gm.@Rate 4,650.00/Gm.",,Sale,0,1,0
1204,1,M21104000432,102,104,119,121,109,111,28.95,0.0,28.95,65.0,0.0,0.0,739.61,0.0,0.0,0.0,0.0,0.0,2621.36,0.0,2621.36,78.64,2700.0,Net Wt: 28.950 Gm.@Rate 65.00/Gm.,,Sale,0,1,0
1205,1,H21103001496,102,103,102,102,102,103,3.33,0.0,3.33,4600.0,0.0,0.0,1186.85,0.0,0.0,0.0,0.0,0.0,16504.85,0.0,16504.85,495.14,17000.0,"Net Wt: 3.330 Gm.@Rate 4,600.00/Gm.",,Sale,0,1,0
1205,2,F21103001424,102,103,103,102,102,103,2.85,0.0,2.85,4600.0,0.0,0.0,967.67,0.0,0.0,0.0,0.0,0.0,14077.67,0.0,14077.67,422.34,14500.0,"Net Wt: 2.850 Gm.@Rate 4,600.00/Gm.",,Sale,0,1,0
1206,1,K20103001183,102,103,102,102,102,103,2.74,0.0,2.74,4500.0,0.0,0.0,776.8,0.0,0.0,0.0,0.0,0.0,13106.8,0.0,13106.8,393.2,13500.0,"Net Wt: 2.740 Gm.@Rate 4,500.00/Gm.",,Sale,0,1,0
1207,1,M21104000433,102,104,119,121,109,111,16.3,0.0,16.3,65.0,0.0,0.0,299.72,0.0,0.0,0.0,0.0,0.0,1359.22,0.0,1359.22,40.78,1400.0,Net Wt: 16.300 Gm.@Rate 65.00/Gm.,,Sale,0,1,0
1183,1,K21103001561,102,103,113,102,102,103,33.94,0.0,33.94,4880.0,30.0,0.0,7188.33,0.0,0.0,0.0,0.0,0.0,172815.53,0.0,172815.53,5184.46,178000.0,"Net Wt: 33.940 Gm.@Rate 4,880.00/Gm.",,Sale,0,1,0
1187,1,H21103001535,102,103,331,102,102,103,10.42,0.0,10.42,4700.0,7.0,0.0,3938.62,0.0,0.0,0.0,0.0,0.0,52912.62,0.0,52912.62,1587.38,54500.0,"Net Wt: 10.420 Gm.@Rate 4,700.00/Gm.",,Sale,0,1,0
1182,1,K21104000425,102,104,119,121,109,111,256.3,0.0,256.3,65.0,200.0,0.0,4699.72,0.0,0.0,0.0,0.0,0.0,21359.22,0.0,21359.22,640.78,22000.0,Net Wt: 256.300 Gm.@Rate 65.00/Gm.,,Sale,0,1,0
1181,1,K21104000424,102,104,119,121,109,111,168.3,0.0,168.3,65.0,100.0,0.0,2167.0,0.0,0.0,0.0,0.0,0.0,13106.8,0.0,13106.8,393.2,13500.0,Net Wt: 168.300 Gm.@Rate 65.00/Gm.,,Sale,0,1,0
1188,1,J19103000460,102,103,103,102,102,103,2.83,0.0,2.83,4700.0,0.92,0.0,679.58,0.0,0.0,0.0,0.0,0.0,13980.58,0.0,13980.58,419.42,14400.0,"Net Wt: 2.830 Gm.@Rate 4,700.00/Gm.",,Sale,0,1,0
1186,1,N20103001270,102,103,107,102,102,103,7.62,0.0,7.62,4700.0,1.0,0.0,2001.15,0.0,0.0,0.0,0.0,0.0,37815.15,0.0,37815.15,1134.46,38949.6,"Net Wt: 7.620 Gm.@Rate 4,700.00/Gm.",,Sale,0,1,0
1184,1,K21103001562,102,103,102,102,102,103,4.91,0.0,4.91,4700.0,0.0,0.0,1000.67,0.0,0.0,0.0,0.0,0.0,24077.67,0.0,24077.67,722.34,24800.0,"Net Wt: 4.910 Gm.@Rate 4,700.00/Gm.",,Sale,0,1,0
1185,1,H21103001527,102,103,331,102,102,103,2.97,0.0,2.97,4800.0,0.0,0.0,2248.85,0.0,0.0,0.0,0.0,0.0,16504.85,0.0,16504.85,495.14,17000.0,"Net Wt: 2.970 Gm.@Rate 4,800.00/Gm.",,Sale,0,1,0
1209,1,M21104000435,102,104,119,121,109,111,125.36,0.0,125.36,65.0,100.0,0.0,1560.34,0.0,0.0,0.0,0.0,0.0,9708.74,0.0,9708.74,291.26,10000.0,Net Wt: 125.360 Gm.@Rate 65.00/Gm.,,Sale,0,1,0
1210,1,M21103001587,102,103,102,102,102,103,18.3,0.0,18.3,4500.0,3.0,0.0,7941.26,0.0,0.0,0.0,0.0,0.0,90291.26,0.0,90291.26,2708.74,93000.0,"Net Wt: 18.300 Gm.@Rate 4,500.00/Gm.",,Sale,0,1,0
1211,1,M21104000436,102,104,122,124,109,111,215.36,0.0,215.36,65.0,100.0,0.0,5419.08,0.0,0.0,0.0,0.0,0.0,19417.48,0.0,19417.48,582.52,20000.0,Net Wt: 215.360 Gm.@Rate 65.00/Gm.,,Sale,0,1,0
1212,1,M21103001588,102,103,103,102,102,103,2.98,0.0,2.98,4500.0,0.0,0.0,1153.11,0.0,0.0,0.0,0.0,0.0,14563.11,0.0,14563.11,436.9,15000.0,"Net Wt: 2.980 Gm.@Rate 4,500.00/Gm.",,Sale,0,1,0
1241,1,N21104000451,102,104,119,121,109,111,156.3,0.0,156.3,65.0,100.0,0.0,1976.42,0.0,0.0,0.0,0.0,0.0,12135.92,0.0,12135.92,364.08,12500.0,Net Wt: 156.300 Gm.@Rate 65.00/Gm.,,Sale,0,1,0
1242,1,N21103001601,102,103,116,102,102,103,15.8,0.0,15.8,4600.0,15.0,0.0,9844.27,0.0,0.0,0.0,0.0,0.0,82524.27,0.0,82524.27,2475.72,85000.0,"Net Wt: 15.800 Gm.@Rate 4,600.00/Gm.",,Sale,0,1,0
1243,1,N21103001602,102,103,113,102,102,103,5.9,0.0,5.9,4700.0,0.0,0.0,3337.96,0.0,0.0,0.0,0.0,0.0,31067.96,0.0,31067.96,932.04,32000.0,"Net Wt: 5.900 Gm.@Rate 4,700.00/Gm.",,Sale,0,1,0
1244,1,N21104000452,102,104,119,121,109,111,138.9,0.0,138.9,65.0,100.0,0.0,4078.3,0.0,0.0,0.0,0.0,0.0,13106.8,0.0,13106.8,393.2,13500.0,Net Wt: 138.900 Gm.@Rate 65.00/Gm.,,Sale,0,1,0
1245,1,N21104000453,102,104,119,121,109,111,185.35,0.0,185.35,65.0,0.0,0.0,5913.42,0.0,0.0,0.0,0.0,0.0,17961.17,0.0,17961.17,538.84,18500.0,Net Wt: 185.350 Gm.@Rate 65.00/Gm.,,Sale,0,1,0
1246,1,N21104000454,102,104,119,121,109,111,16.8,0.0,16.8,65.0,0.0,0.0,267.22,0.0,0.0,0.0,0.0,0.0,1359.22,0.0,1359.22,40.78,1400.0,Net Wt: 16.800 Gm.@Rate 65.00/Gm.,,Sale,0,1,0
1247,1,N21104000455,102,104,119,121,109,111,33.69,0.0,33.69,65.0,0.0,0.0,1188.79,0.0,0.0,0.0,0.0,0.0,3378.64,0.0,3378.64,101.36,3480.0,Net Wt: 33.690 Gm.@Rate 65.00/Gm.,,Sale,0,1,0
1248,1,N21104000456,102,104,119,121,109,111,49.6,0.0,49.6,65.0,0.0,0.0,1630.37,0.0,0.0,0.0,0.0,0.0,4854.37,0.0,4854.37,145.64,5000.0,Net Wt: 49.600 Gm.@Rate 65.00/Gm.,,Sale,0,1,0
1228,1,N21103001595,102,103,116,102,102,103,12.82,0.0,12.82,4500.0,12.0,0.0,5416.8,0.0,0.0,0.0,0.0,0.0,63106.8,0.0,63106.8,1893.2,65000.0,"Net Wt: 12.820 Gm.@Rate 4,500.00/Gm.",,Sale,0,1,0
1221,1,N21104000442,102,104,119,121,109,111,239.25,0.0,239.25,65.0,200.0,0.0,3866.23,0.0,0.0,0.0,0.0,0.0,19417.48,0.0,19417.48,582.52,20000.0,Net Wt: 239.250 Gm.@Rate 65.00/Gm.,,Sale,0,1,0
1219,1,N21104000440,102,104,119,121,109,111,145.4,0.0,145.4,65.0,100.0,0.0,3801.63,0.0,0.0,0.0,0.0,0.0,13252.63,0.0,13252.63,397.58,13650.21,Net Wt: 145.400 Gm.@Rate 65.00/Gm.,,Sale,0,1,0
1220,1,N21104000441,102,104,119,121,109,111,82.6,0.0,82.6,65.0,50.0,0.0,2252.36,0.0,0.0,0.0,0.0,0.0,7621.36,0.0,7621.36,228.64,7850.0,Net Wt: 82.600 Gm.@Rate 65.00/Gm.,,Sale,0,1,0
1251,1,N21104000457,102,104,119,121,109,111,88.3,0.0,88.3,65.0,40.0,0.0,1930.4,0.0,0.0,0.0,0.0,0.0,7669.9,0.0,7669.9,230.1,7900.0,Net Wt: 88.300 Gm.@Rate 65.00/Gm.,,Sale,0,1,0
1252,1,N21104000458,102,104,351,102,109,111,10.3,0.0,10.3,65.0,0.0,0.0,204.29,0.0,0.0,0.0,0.0,0.0,873.79,0.0,873.79,26.22,900.0,Net Wt: 10.300 Gm.@Rate 65.00/Gm.,,Sale,0,1,0
1253,1,N21103001605,102,103,112,102,102,103,9.99,0.0,9.99,4500.0,0.0,0.0,3588.69,0.0,0.0,0.0,0.0,0.0,48543.69,0.0,48543.69,1456.32,50000.0,"Net Wt: 9.990 Gm.@Rate 4,500.00/Gm.",,Sale,0,1,0
1254,1,N21104000459,102,104,125,102,109,111,113.3,0.0,113.3,65.0,90.0,0.0,4285.99,0.0,0.0,0.0,0.0,0.0,11650.49,0.0,11650.49,349.52,12000.0,Net Wt: 113.300 Gm.@Rate 65.00/Gm.,,Sale,0,1,0
1255,1,G20103001102,102,103,115,102,102,103,2.42,0.0,2.42,4650.0,0.0,0.0,2047.97,0.0,0.0,0.0,0.0,0.0,13300.97,0.0,13300.97,399.02,13700.0,"Net Wt: 2.420 Gm.@Rate 4,650.00/Gm.",,Sale,0,1,0
1256,1,N21103001606,102,103,116,102,102,103,9.85,0.0,9.85,4500.0,9.0,0.0,4218.69,0.0,0.0,0.0,0.0,0.0,48543.69,0.0,48543.69,1456.32,50000.0,"Net Wt: 9.850 Gm.@Rate 4,500.00/Gm.",,Sale,0,1,0
1257,1,H21103001522,102,103,331,102,102,103,3.35,0.0,3.35,4500.0,0.0,0.0,1429.85,0.0,0.0,0.0,0.0,0.0,16504.85,0.0,16504.85,495.14,17000.0,"Net Wt: 3.350 Gm.@Rate 4,500.00/Gm.",,Sale,0,1,0
1260,1,N21104000461,102,104,119,121,109,111,30.2,0.0,30.2,65.0,0.0,0.0,755.45,0.0,0.0,0.0,0.0,0.0,2718.45,0.0,2718.45,81.56,2800.0,Net Wt: 30.200 Gm.@Rate 65.00/Gm.,,Sale,0,1,0
1261,1,N21104000462,102,104,119,121,109,111,256.3,0.0,256.3,65.0,200.0,0.0,6641.47,0.0,0.0,0.0,0.0,0.0,23300.97,0.0,23300.97,699.02,24000.0,Net Wt: 256.300 Gm.@Rate 65.00/Gm.,,Sale,0,1,0
1262,1,N21104000463,102,104,126,128,109,111,228.9,0.0,228.9,65.0,200.0,0.0,4538.98,0.0,0.0,0.0,0.0,0.0,19417.48,0.0,19417.48,582.52,20000.0,Net Wt: 228.900 Gm.@Rate 65.00/Gm.,,Sale,0,1,0
1263,1,N21104000464,102,104,119,121,109,111,32.3,0.0,32.3,65.0,0.0,0.0,570.4,0.0,0.0,0.0,0.0,0.0,2669.9,0.0,2669.9,80.1,2750.0,Net Wt: 32.300 Gm.@Rate 65.00/Gm.,,Sale,0,1,0
1213,1,N21104000437,102,104,351,102,109,111,5.63,0.0,5.63,65.0,0.0,0.0,119.49,0.0,0.0,0.0,0.0,0.0,485.44,0.0,485.44,14.56,500.0,Net Wt: 5.630 Gm.@Rate 65.00/Gm.,,Sale,0,1,0
1214,1,N21104000438,102,104,128,130,109,111,2.0,0.0,2.0,65.0,0.0,0.0,54.47,0.0,0.0,0.0,0.0,0.0,184.47,0.0,184.47,5.54,190.0,Net Wt: 2.000 Gm.@Rate 65.00/Gm.,,Sale,0,1,0
1215,1,N21103001589,102,103,103,102,102,103,5.67,0.0,5.67,4700.0,0.0,0.0,1506.34,0.0,0.0,0.0,0.0,0.0,28155.34,0.0,28155.34,844.66,29000.0,"Net Wt: 5.670 Gm.@Rate 4,700.00/Gm.",,Sale,0,1,0
1216,1,N21103001590,102,103,115,102,102,103,1.8,0.0,1.8,4700.0,0.0,0.0,763.3,0.0,0.0,0.0,0.0,0.0,9223.3,0.0,9223.3,276.7,9500.0,"Net Wt: 1.800 Gm.@Rate 4,700.00/Gm.",,Sale,0,1,0
1217,1,N21103001591,102,103,116,102,102,103,4.01,0.0,4.01,4650.0,0.0,0.0,770.98,0.0,0.0,0.0,0.0,0.0,19417.48,0.0,19417.48,582.52,20000.0,"Net Wt: 4.010 Gm.@Rate 4,650.00/Gm.",,Sale,0,1,0
1218,1,N21104000439,102,104,128,130,109,111,2.0,0.0,2.0,65.0,0.0,0.0,112.72,0.0,0.0,0.0,0.0,0.0,242.72,0.0,242.72,7.28,250.0,Net Wt: 2.000 Gm.@Rate 65.00/Gm.,,Sale,0,1,0
1258,1,N21103001607,102,103,113,102,102,103,10.6,0.0,10.6,4500.0,6.0,0.0,5212.62,0.0,0.0,0.0,0.0,0.0,52912.62,0.0,52912.62,1587.38,54500.0,"Net Wt: 10.600 Gm.@Rate 4,500.00/Gm.",,Sale,0,1,0
1264,1,N21103001608,102,103,116,102,102,103,15.88,0.0,15.88,4600.0,14.0,0.0,9476.27,0.0,0.0,0.0,0.0,0.0,82524.27,0.0,82524.27,2475.72,85000.0,"Net Wt: 15.880 Gm.@Rate 4,600.00/Gm.",,Sale,0,1,0
1274,1,O21104000471,102,104,119,121,109,111,156.3,0.0,156.3,69.0,100.0,0.0,2807.53,0.0,0.0,0.0,0.0,0.0,13592.23,0.0,13592.23,407.76,14000.0,Net Wt: 156.300 Gm.@Rate 69.00/Gm.,,Sale,0,1,0
1222,1,N21103001592,102,103,114,102,102,103,8.52,0.0,8.52,4600.0,0.0,0.0,1584.7,0.0,0.0,0.0,0.0,0.0,40776.7,0.0,40776.7,1223.3,42000.0,"Net Wt: 8.520 Gm.@Rate 4,600.00/Gm.",,Sale,0,1,0
1223,1,N21104000443,102,104,119,121,109,111,26.39,0.0,26.39,65.0,0.0,0.0,1139.02,0.0,0.0,0.0,0.0,0.0,2854.37,0.0,2854.37,85.64,2940.0,Net Wt: 26.390 Gm.@Rate 65.00/Gm.,,Sale,0,1,0
1224,1,N21103001593,102,103,102,102,102,103,2.78,0.0,2.78,4600.0,0.0,0.0,221.71,0.0,0.0,0.0,0.0,0.0,13009.71,0.0,13009.71,390.3,13400.0,"Net Wt: 2.780 Gm.@Rate 4,600.00/Gm.",,Sale,0,1,0
1225,1,N21104000444,102,104,119,121,109,111,69.63,0.0,69.63,65.0,0.0,0.0,1784.73,0.0,0.0,0.0,0.0,0.0,6310.68,0.0,6310.68,189.32,6500.0,Net Wt: 69.630 Gm.@Rate 65.00/Gm.,,Sale,0,1,0
1226,1,N21103001594,102,103,107,102,102,103,4.01,0.0,4.01,4600.0,0.0,0.0,971.48,0.0,0.0,0.0,0.0,0.0,19417.48,0.0,19417.48,582.52,20000.0,"Net Wt: 4.010 Gm.@Rate 4,600.00/Gm.",,Sale,0,1,0
1227,1,N21104000445,102,104,120,122,109,111,16.3,0.0,16.3,65.0,0.0,0.0,396.81,0.0,0.0,0.0,0.0,0.0,1456.31,0.0,1456.31,43.68,1500.0,Net Wt: 16.300 Gm.@Rate 65.00/Gm.,,Sale,0,1,0
1275,1,O21103001867,102,103,406,102,102,103,0.42,0.0,0.42,4650.0,0.0,0.0,377.1,0.0,0.0,0.0,0.0,0.0,2330.1,0.0,2330.1,69.9,2400.0,"Net Wt: 0.420 Gm.@Rate 4,650.00/Gm.",,Sale,0,1,0
1229,1,N21104000446,102,104,120,122,109,111,54.3,0.0,54.3,65.0,0.0,0.0,354.0,0.0,0.0,0.0,0.0,0.0,3883.5,0.0,3883.5,116.5,4000.0,Net Wt: 54.300 Gm.@Rate 65.00/Gm.,,Sale,0,1,0
1230,1,N21103001596,102,103,331,102,102,103,3.23,0.0,3.23,4650.0,0.0,0.0,902.83,0.0,0.0,0.0,0.0,0.0,15922.33,0.0,15922.33,477.66,16400.0,"Net Wt: 3.230 Gm.@Rate 4,650.00/Gm.",,Sale,0,1,0
1231,1,N21104000447,102,104,119,121,109,111,61.32,0.0,61.32,65.0,0.0,0.0,965.66,0.0,0.0,0.0,0.0,0.0,4951.46,0.0,4951.46,148.54,5100.0,Net Wt: 61.320 Gm.@Rate 65.00/Gm.,,Sale,0,1,0
1232,1,N21103001597,102,103,103,102,102,103,1.23,0.0,1.23,4600.0,0.0,0.0,361.42,0.0,0.0,0.0,0.0,0.0,6019.42,0.0,6019.42,180.58,6200.0,"Net Wt: 1.230 Gm.@Rate 4,600.00/Gm.",,Sale,0,1,0
1233,1,N21103001598,102,103,116,102,102,103,0.41,0.0,0.41,4600.0,0.0,0.0,589.73,0.0,0.0,0.0,0.0,0.0,2475.73,0.0,2475.73,74.28,2550.0,"Net Wt: 0.410 Gm.@Rate 4,600.00/Gm.",,Sale,0,1,0
1234,1,M21103001574,102,103,235,102,102,103,1.92,0.0,1.92,4600.0,0.0,0.0,1168.0,0.0,0.0,0.0,0.0,0.0,10000.0,0.0,10000.0,300.0,10300.0,"Net Wt: 1.920 Gm.@Rate 4,600.00/Gm.",,Sale,0,1,0
1235,1,N21103001599,102,103,103,102,102,103,2.51,0.0,2.51,4700.0,0.0,0.0,1309.8,0.0,0.0,0.0,0.0,0.0,13106.8,0.0,13106.8,393.2,13500.0,"Net Wt: 2.510 Gm.@Rate 4,700.00/Gm.",,Sale,0,1,0
1276,1,O21104000472,102,104,119,121,109,111,52.3,0.0,52.3,65.0,0.0,0.0,1163.61,0.0,0.0,0.0,0.0,0.0,4563.11,0.0,4563.11,136.9,4700.0,Net Wt: 52.300 Gm.@Rate 65.00/Gm.,,Sale,0,1,0
1277,1,O21104000473,102,104,127,129,109,111,10.0,0.0,10.0,65.0,0.0,0.0,126.7,0.0,0.0,0.0,0.0,0.0,776.7,0.0,776.7,23.3,800.0,Net Wt: 10.000 Gm.@Rate 65.00/Gm.,,Sale,0,1,0
1278,1,O21104000474,102,104,127,129,109,111,20.0,0.0,20.0,70.0,0.0,0.0,444.66,0.0,0.0,0.0,0.0,0.0,1844.66,0.0,1844.66,55.34,1900.0,Net Wt: 20.000 Gm.@Rate 70.00/Gm.,,Sale,0,1,0
1279,1,O21104000475,102,104,127,129,109,111,20.0,0.0,20.0,70.0,0.0,0.0,541.75,0.0,0.0,0.0,0.0,0.0,1941.75,0.0,1941.75,58.26,2000.0,Net Wt: 20.000 Gm.@Rate 70.00/Gm.,,Sale,0,1,0
1280,1,O21104000476,102,104,127,129,109,111,10.0,0.0,10.0,70.0,0.0,0.0,76.7,0.0,0.0,0.0,0.0,0.0,776.7,0.0,776.7,23.3,800.0,Net Wt: 10.000 Gm.@Rate 70.00/Gm.,,Sale,0,1,0
1281,1,O21104000477,102,104,119,121,109,111,175.5,0.0,175.5,70.0,0.0,0.0,5481.99,0.0,0.0,0.0,0.0,0.0,17766.99,0.0,17766.99,533.0,18300.0,Net Wt: 175.500 Gm.@Rate 70.00/Gm.,,Sale,0,1,0
1249,1,F20103000984,102,103,110,102,102,103,5.57,0.0,5.57,4700.0,0.0,0.0,1490.9,0.0,0.0,0.0,0.0,0.0,27669.9,0.0,27669.9,830.1,28500.0,"Net Wt: 5.570 Gm.@Rate 4,700.00/Gm.",,Sale,0,1,0
1250,1,N21103001603,102,103,331,102,102,103,2.8,0.0,2.8,4750.0,0.0,0.0,680.58,0.0,0.0,0.0,0.0,0.0,13980.58,0.0,13980.58,419.42,14400.0,"Net Wt: 2.800 Gm.@Rate 4,750.00/Gm.",,Sale,0,1,0
1250,2,N21103001604,102,103,169,102,102,103,0.11,0.0,0.11,4750.0,0.0,0.0,351.29,0.0,0.0,0.0,0.0,0.0,873.79,0.0,873.79,26.22,900.0,"Net Wt: 0.110 Gm.@Rate 4,750.00/Gm.",,Sale,0,1,0
1259,1,N21104000460,102,104,119,121,109,111,118.3,0.0,118.3,65.0,40.0,0.0,3960.99,0.0,0.0,0.0,0.0,0.0,11650.49,0.0,11650.49,349.52,12000.0,Net Wt: 118.300 Gm.@Rate 65.00/Gm.,,Sale,0,1,0
1268,1,N21104000467,102,104,119,121,109,111,161.3,0.0,161.3,65.0,145.0,0.0,2136.86,0.0,0.0,0.0,0.0,0.0,12621.36,0.0,12621.36,378.64,13000.0,Net Wt: 161.300 Gm.@Rate 65.00/Gm.,,Sale,0,1,0
1269,1,N21104000468,102,104,119,121,109,111,14.3,0.0,14.3,65.0,0.0,0.0,332.64,0.0,0.0,0.0,0.0,0.0,1262.14,0.0,1262.14,37.86,1300.0,Net Wt: 14.300 Gm.@Rate 65.00/Gm.,,Sale,0,1,0
1282,1,O21104000478,102,104,127,129,109,111,5.0,0.0,5.0,70.0,0.0,0.0,38.35,0.0,0.0,0.0,0.0,0.0,388.35,0.0,388.35,11.66,400.0,Net Wt: 5.000 Gm.@Rate 70.00/Gm.,,Sale,0,1,0
1283,1,O21104000479,102,104,127,129,109,111,10.0,0.0,10.0,70.0,0.0,0.0,76.7,0.0,0.0,0.0,0.0,0.0,776.7,0.0,776.7,23.3,800.0,Net Wt: 10.000 Gm.@Rate 70.00/Gm.,,Sale,0,1,0
1284,1,O21104000480,102,104,127,129,109,111,10.0,0.0,10.0,70.0,0.0,0.0,76.7,0.0,0.0,0.0,0.0,0.0,776.7,0.0,776.7,23.3,800.0,Net Wt: 10.000 Gm.@Rate 70.00/Gm.,,Sale,0,1,0
1285,1,O21104000481,102,104,127,129,109,111,10.0,0.0,10.0,65.0,0.0,0.0,78.16,0.0,0.0,0.0,0.0,0.0,728.16,0.0,728.16,21.84,750.0,Net Wt: 10.000 Gm.@Rate 65.00/Gm.,,Sale,0,1,0
1286,1,O21104000482,102,104,127,129,109,111,20.0,0.0,20.0,65.0,0.0,0.0,156.31,0.0,0.0,0.0,0.0,0.0,1456.31,0.0,1456.31,43.68,1500.0,Net Wt: 20.000 Gm.@Rate 65.00/Gm.,,Sale,0,1,0
1287,1,O21104000483,102,104,127,129,109,111,10.0,0.0,10.0,65.0,0.0,0.0,126.7,0.0,0.0,0.0,0.0,0.0,776.7,0.0,776.7,23.3,800.0,Net Wt: 10.000 Gm.@Rate 65.00/Gm.,,Sale,0,1,0
1288,1,O21104000484,102,104,127,129,109,111,20.0,0.0,20.0,65.0,0.0,0.0,59.22,0.0,0.0,0.0,0.0,0.0,1359.22,0.0,1359.22,40.78,1400.0,Net Wt: 20.000 Gm.@Rate 65.00/Gm.,,Sale,0,1,0
1289,1,O21103001868,102,103,102,102,102,103,1.9,0.0,1.9,4600.0,0.0,0.0,968.74,0.0,0.0,0.0,0.0,0.0,9708.74,0.0,9708.74,291.26,10000.0,"Net Wt: 1.900 Gm.@Rate 4,600.00/Gm.",,Sale,0,1,0
1290,1,O21104000485,102,104,127,129,109,111,15.0,0.0,15.0,65.0,0.0,0.0,287.14,0.0,0.0,0.0,0.0,0.0,1262.14,0.0,1262.14,37.86,1300.0,Net Wt: 15.000 Gm.@Rate 65.00/Gm.,,Sale,0,1,0
1290,2,O21104000486,102,104,119,121,109,111,22.3,0.0,22.3,65.0,0.0,0.0,686.42,0.0,0.0,0.0,0.0,0.0,2135.92,0.0,2135.92,64.08,2200.0,Net Wt: 22.300 Gm.@Rate 65.00/Gm.,,Sale,0,1,0
1291,1,O21104000487,102,104,127,129,109,111,10.0,0.0,10.0,65.0,0.0,0.0,126.7,0.0,0.0,0.0,0.0,0.0,776.7,0.0,776.7,23.3,800.0,Net Wt: 10.000 Gm.@Rate 65.00/Gm.,,Sale,0,1,0
1292,1,O21104000488,102,104,127,129,109,111,10.0,0.0,10.0,65.0,0.0,0.0,126.7,0.0,0.0,0.0,0.0,0.0,776.7,0.0,776.7,23.3,800.0,Net Wt: 10.000 Gm.@Rate 65.00/Gm.,,Sale,0,1,0
1293,1,O21104000489,102,104,119,121,109,111,18.3,0.0,18.3,65.0,0.0,0.0,266.81,0.0,0.0,0.0,0.0,0.0,1456.31,0.0,1456.31,43.68,1500.0,Net Wt: 18.300 Gm.@Rate 65.00/Gm.,,Sale,0,1,0
1294,1,O21104000490,102,104,119,121,109,111,22.36,0.0,22.36,65.0,0.0,0.0,488.35,0.0,0.0,0.0,0.0,0.0,1941.75,0.0,1941.75,58.26,2000.0,Net Wt: 22.360 Gm.@Rate 65.00/Gm.,,Sale,0,1,0
1295,1,O21103001869,102,103,102,102,102,103,1.8,0.0,1.8,4500.0,0.0,0.0,637.86,0.0,0.0,0.0,0.0,0.0,8737.86,0.0,8737.86,262.14,9000.0,"Net Wt: 1.800 Gm.@Rate 4,500.00/Gm.",,Sale,0,1,0
1296,1,O21103001870,102,103,103,102,102,103,2.69,0.0,2.69,4500.0,0.0,0.0,1001.8,0.0,0.0,0.0,0.0,0.0,13106.8,0.0,13106.8,393.2,13500.0,"Net Wt: 2.690 Gm.@Rate 4,500.00/Gm.",,Sale,0,1,0
1297,1,O21104000491,102,104,119,121,109,111,35.9,0.0,35.9,65.0,0.0,0.0,870.38,0.0,0.0,0.0,0.0,0.0,3203.88,0.0,3203.88,96.12,3300.0,Net Wt: 35.900 Gm.@Rate 65.00/Gm.,,Sale,0,1,0
1298,1,N19103000740,102,103,446,102,101,102,20.0,0.0,20.0,5000.0,0.0,0.0,4854.37,0.0,0.0,0.0,0.0,0.0,104854.37,0.0,104854.37,3145.64,108000.0,"Net Wt: 20.000 Gm.@Rate 5,000.00/Gm.",,Sale,1,1,0
1299,1,O21104000492,102,104,131,133,109,111,52.3,0.0,52.3,65.0,0.0,0.0,998.56,0.0,0.0,0.0,0.0,0.0,4398.06,0.0,4398.06,131.94,4530.0,Net Wt: 52.300 Gm.@Rate 65.00/Gm.,,Sale,0,1,0
1300,1,O21104000493,102,104,119,121,109,111,18.3,0.0,18.3,65.0,0.0,0.0,461.0,0.0,0.0,0.0,0.0,0.0,1650.49,0.0,1650.49,49.52,1700.0,Net Wt: 18.300 Gm.@Rate 65.00/Gm.,,Sale,0,1,0
1301,1,O21103001871,102,103,103,102,102,103,1.71,0.0,1.71,4500.0,0.0,0.0,654.51,0.0,0.0,0.0,0.0,0.0,8349.51,0.0,8349.51,250.48,8600.0,"Net Wt: 1.710 Gm.@Rate 4,500.00/Gm.",,Sale,0,1,0
1302,1,O21104000494,102,104,127,129,109,111,20.0,0.0,20.0,65.0,0.0,0.0,156.31,0.0,0.0,0.0,0.0,0.0,1456.31,0.0,1456.31,43.68,1500.0,Net Wt: 20.000 Gm.@Rate 65.00/Gm.,,Sale,0,1,0
1303,1,O21104000495,102,104,127,129,109,111,20.0,0.0,20.0,65.0,0.0,0.0,156.31,0.0,0.0,0.0,0.0,0.0,1456.31,0.0,1456.31,43.68,1500.0,Net Wt: 20.000 Gm.@Rate 65.00/Gm.,,Sale,0,1,0
1265,1,N21104000465,102,104,122,124,109,111,99.63,0.0,99.63,65.0,60.0,0.0,2650.26,0.0,0.0,0.0,0.0,0.0,9126.21,0.0,9126.21,273.78,9400.0,Net Wt: 99.630 Gm.@Rate 65.00/Gm.,,Sale,0,1,0
1266,1,N21103001634,102,103,112,102,102,103,10.55,0.0,10.55,4590.0,0.0,0.0,6332.78,0.0,0.0,0.0,0.0,0.0,54757.28,0.0,54757.28,1642.72,56400.0,"Net Wt: 10.550 Gm.@Rate 4,590.00/Gm.",,Sale,0,1,0
1266,2,M21103001580,102,103,235,102,102,103,2.7,0.0,2.7,4590.0,0.0,0.0,1587.58,0.0,0.0,0.0,0.0,0.0,13980.58,0.0,13980.58,419.42,14400.0,"Net Wt: 2.700 Gm.@Rate 4,590.00/Gm.",,Sale,0,1,0
1267,1,N21104000466,102,104,160,102,109,111,216.5,0.0,216.5,65.0,200.0,0.0,5636.24,0.0,0.0,0.0,0.0,0.0,19708.74,0.0,19708.74,591.26,20300.0,Net Wt: 216.500 Gm.@Rate 65.00/Gm.,,Sale,0,1,0
1270,1,F21103001419,102,103,103,102,102,103,1.93,0.0,1.93,4500.0,0.0,0.0,926.65,0.0,0.0,0.0,0.0,0.0,9611.65,0.0,9611.65,288.34,9900.0,"Net Wt: 1.930 Gm.@Rate 4,500.00/Gm.",,Sale,0,1,0
1271,1,N21104000469,102,104,119,121,109,111,17.3,0.0,17.3,65.0,0.0,0.0,623.07,0.0,0.0,0.0,0.0,0.0,1747.57,0.0,1747.57,52.42,1800.0,Net Wt: 17.300 Gm.@Rate 65.00/Gm.,,Sale,0,1,0
1272,1,N21104000470,102,104,128,130,109,111,4.3,0.0,4.3,65.0,0.0,0.0,205.94,0.0,0.0,0.0,0.0,0.0,485.44,0.0,485.44,14.56,500.0,Net Wt: 4.300 Gm.@Rate 65.00/Gm.,,Sale,0,1,0
1273,1,N21103001614,102,103,102,102,102,103,3.41,0.0,3.41,4690.0,0.0,0.0,1968.27,0.0,0.0,0.0,0.0,0.0,17961.17,0.0,17961.17,538.84,18500.01,"Net Wt: 3.410 Gm.@Rate 4,690.00/Gm.",,Sale,0,1,0
1304,1,G20103001079,102,103,118,102,102,103,3.97,0.0,3.97,4500.0,0.0,0.0,1552.48,0.0,0.0,0.0,0.0,0.0,19417.48,0.0,19417.48,582.52,20000.0,"Net Wt: 3.970 Gm.@Rate 4,500.00/Gm.",,Sale,0,1,0
1305,1,G20103001099,102,103,115,102,102,103,1.8,0.0,1.8,4500.0,0.0,0.0,637.86,0.0,0.0,0.0,0.0,0.0,8737.86,0.0,8737.86,262.14,9000.0,"Net Wt: 1.800 Gm.@Rate 4,500.00/Gm.",,Sale,0,1,0
1306,1,O20103001290,102,103,102,102,102,103,4.04,0.0,4.04,4500.0,0.0,0.0,1722.91,0.0,0.0,0.0,0.0,0.0,19902.91,0.0,19902.91,597.08,20500.0,"Net Wt: 4.040 Gm.@Rate 4,500.00/Gm.",,Sale,0,1,0
1307,1,O21103001723,102,103,107,102,102,103,3.27,0.0,3.27,4500.0,0.0,0.0,1401.5,0.0,0.0,0.0,0.0,0.0,16116.5,0.0,16116.5,483.5,16600.0,"Net Wt: 3.270 Gm.@Rate 4,500.00/Gm.",,Sale,0,1,0
1308,1,M21103001585,102,103,235,102,102,103,3.26,0.0,3.26,4500.0,0.0,0.0,1349.42,0.0,0.0,0.0,0.0,0.0,16019.42,0.0,16019.42,480.58,16500.0,"Net Wt: 3.260 Gm.@Rate 4,500.00/Gm.",,Sale,0,1,0
1309,1,O21103001757,102,103,114,102,102,103,9.23,0.0,9.23,4500.0,0.0,0.0,4096.07,0.0,0.0,0.0,0.0,0.0,45631.07,0.0,45631.07,1368.94,47000.0,"Net Wt: 9.230 Gm.@Rate 4,500.00/Gm.",,Sale,0,1,0
1309,2,H21103001492,102,103,235,102,102,103,2.4,0.0,2.4,4500.0,0.0,0.0,850.49,0.0,0.0,0.0,0.0,0.0,11650.49,0.0,11650.49,349.52,12000.0,"Net Wt: 2.400 Gm.@Rate 4,500.00/Gm.",,Sale,0,1,0
1309,3,N21103001610,102,103,102,102,102,103,3.12,0.0,3.12,4500.0,0.0,0.0,1299.81,0.0,0.0,0.0,0.0,0.0,15339.81,0.0,15339.81,460.2,15800.0,"Net Wt: 3.120 Gm.@Rate 4,500.00/Gm.",,Sale,0,1,0
1309,4,O21103001772,102,103,115,102,102,103,2.45,0.0,2.45,4500.0,0.0,0.0,819.66,0.0,0.0,0.0,0.0,0.0,11844.66,0.0,11844.66,355.34,12200.0,"Net Wt: 2.450 Gm.@Rate 4,500.00/Gm.",,Sale,0,1,0
1309,5,O21104000496,102,104,119,121,109,111,22.36,0.0,22.36,65.0,0.0,0.0,488.35,0.0,0.0,0.0,0.0,0.0,1941.75,0.0,1941.75,58.26,2000.0,Net Wt: 22.360 Gm.@Rate 65.00/Gm.,,Sale,0,1,0
1310,1,O21104000497,102,104,127,129,109,111,20.0,0.0,20.0,65.0,0.0,0.0,156.31,0.0,0.0,0.0,0.0,0.0,1456.31,0.0,1456.31,43.68,1500.0,Net Wt: 20.000 Gm.@Rate 65.00/Gm.,,Sale,0,1,0
1311,1,O21104000498,102,104,119,121,109,111,21.0,0.0,21.0,65.0,0.0,0.0,91.31,0.0,0.0,0.0,0.0,0.0,1456.31,0.0,1456.31,43.68,1500.0,Net Wt: 21.000 Gm.@Rate 65.00/Gm.,,Sale,0,1,0
1312,1,O21104000499,102,104,119,121,109,111,85.3,0.0,85.3,65.0,0.0,0.0,1348.7,0.0,0.0,0.0,0.0,0.0,6893.2,0.0,6893.2,206.8,7100.0,Net Wt: 85.300 Gm.@Rate 65.00/Gm.,,Sale,0,1,0
1313,1,O21104000500,102,104,127,129,109,111,10.0,0.0,10.0,65.0,0.0,0.0,126.7,0.0,0.0,0.0,0.0,0.0,776.7,0.0,776.7,23.3,800.0,Net Wt: 10.000 Gm.@Rate 65.00/Gm.,,Sale,0,1,0
1314,1,F20103000874,102,103,112,102,102,103,19.39,0.0,19.39,4500.0,0.0,0.0,8861.5,0.0,0.0,0.0,0.0,0.0,96116.5,0.0,96116.5,2883.5,99000.0,"Net Wt: 19.390 Gm.@Rate 4,500.00/Gm.",,Sale,0,1,0
1315,1,O21103001872,102,103,239,102,102,103,0.56,0.0,0.56,4500.0,0.0,0.0,392.62,0.0,0.0,0.0,0.0,0.0,2912.62,0.0,2912.62,87.38,3000.0,"Net Wt: 0.560 Gm.@Rate 4,500.00/Gm.",,Sale,0,1,0
1348,1,O21104000513,102,104,128,130,109,111,2.0,0.0,2.0,65.0,0.0,0.0,15.63,0.0,0.0,0.0,0.0,0.0,145.63,0.0,145.63,4.36,150.0,Net Wt: 2.000 Gm.@Rate 65.00/Gm.,,Sale,0,1,0
1349,1,O21104000514,102,104,119,121,109,111,56.3,0.0,56.3,65.0,0.0,0.0,709.43,0.0,0.0,0.0,0.0,0.0,4368.93,0.0,4368.93,131.06,4500.0,Net Wt: 56.300 Gm.@Rate 65.00/Gm.,,Sale,0,1,0
1350,1,O21103001749,102,103,374,101,102,103,2.87,0.0,2.87,4600.0,0.0,0.0,1361.11,0.0,0.0,0.0,0.0,0.0,14563.11,0.0,14563.11,436.9,15000.0,"Net Wt: 2.870 Gm.@Rate 4,600.00/Gm.",,Sale,0,1,0
1350,2,O21103001745,102,103,235,102,102,103,2.74,0.0,2.74,4600.0,0.0,0.0,1959.11,0.0,0.0,0.0,0.0,0.0,14563.11,0.0,14563.11,436.9,15000.0,"Net Wt: 2.740 Gm.@Rate 4,600.00/Gm.",,Sale,0,1,0
1351,1,O21103001874,102,103,115,102,102,103,3.3,0.0,3.3,4690.0,0.0,0.0,833.68,0.0,0.0,0.0,0.0,0.0,16310.68,0.0,16310.68,489.32,16800.0,"Net Wt: 3.300 Gm.@Rate 4,690.00/Gm.",,Sale,0,1,0
1316,1,O21104000501,102,104,127,129,109,111,7.0,0.0,7.0,65.0,0.0,0.0,176.07,0.0,0.0,0.0,0.0,0.0,631.07,0.0,631.07,18.94,650.0,Net Wt: 7.000 Gm.@Rate 65.00/Gm.,,Sale,0,1,0
1317,1,O21104000502,102,104,127,129,109,111,10.0,0.0,10.0,65.0,0.0,0.0,126.7,0.0,0.0,0.0,0.0,0.0,776.7,0.0,776.7,23.3,800.0,Net Wt: 10.000 Gm.@Rate 65.00/Gm.,,Sale,0,1,0
1318,1,O21104000503,102,104,119,121,109,111,20.0,0.0,20.0,65.0,0.0,0.0,156.31,0.0,0.0,0.0,0.0,0.0,1456.31,0.0,1456.31,43.68,1500.0,Net Wt: 20.000 Gm.@Rate 65.00/Gm.,,Sale,0,1,0
1319,1,O21103001801,102,103,116,102,102,103,4.03,0.0,4.03,4500.0,0.0,0.0,2253.35,0.0,0.0,0.0,0.0,0.0,20388.35,0.0,20388.35,611.66,21000.0,"Net Wt: 4.030 Gm.@Rate 4,500.00/Gm.",,Sale,0,1,0
1319,2,O21103001758,102,103,115,102,102,103,4.34,0.0,4.34,4500.0,0.0,0.0,858.35,0.0,0.0,0.0,0.0,0.0,20388.35,0.0,20388.35,611.66,21000.0,"Net Wt: 4.340 Gm.@Rate 4,500.00/Gm.",,Sale,0,1,0
1320,1,O21104000504,102,104,119,121,109,111,65.3,0.0,65.3,65.0,0.0,0.0,1095.31,0.0,0.0,0.0,0.0,0.0,5339.81,0.0,5339.81,160.2,5500.0,Net Wt: 65.300 Gm.@Rate 65.00/Gm.,,Sale,0,1,0
1321,1,J19103000340,102,103,107,102,102,103,4.23,0.0,4.23,4500.0,0.0,0.0,1353.35,0.0,0.0,0.0,0.0,0.0,20388.35,0.0,20388.35,611.66,21000.0,"Net Wt: 4.230 Gm.@Rate 4,500.00/Gm.",,Sale,0,1,0
1322,1,H21103001530,102,103,331,102,102,103,1.71,0.0,1.71,4600.0,0.0,0.0,871.86,0.0,0.0,0.0,0.0,0.0,8737.86,0.0,8737.86,262.14,9000.0,"Net Wt: 1.710 Gm.@Rate 4,600.00/Gm.",,Sale,0,1,0
1323,1,G20103001098,102,103,115,102,102,103,3.85,0.0,3.85,4500.0,0.0,0.0,1607.04,0.0,0.0,0.0,0.0,0.0,18932.04,0.0,18932.04,567.96,19500.0,"Net Wt: 3.850 Gm.@Rate 4,500.00/Gm.",,Sale,0,1,0
1324,1,O21103001873,102,103,113,102,102,103,5.38,0.0,5.38,4600.0,0.0,0.0,2921.9,0.0,0.0,0.0,0.0,0.0,27669.9,0.0,27669.9,830.1,28500.0,"Net Wt: 5.380 Gm.@Rate 4,600.00/Gm.",,Sale,0,1,0
1325,1,O21104000505,102,104,127,129,109,111,20.0,0.0,20.0,65.0,0.0,0.0,156.31,0.0,0.0,0.0,0.0,0.0,1456.31,0.0,1456.31,43.68,1500.0,Net Wt: 20.000 Gm.@Rate 65.00/Gm.,,Sale,0,1,0
1326,1,F20103001005,102,103,110,102,102,103,3.52,0.0,3.52,4500.0,0.0,0.0,1635.73,0.0,0.0,0.0,0.0,0.0,17475.73,0.0,17475.73,524.28,18000.0,"Net Wt: 3.520 Gm.@Rate 4,500.00/Gm.",,Sale,0,1,0
1327,1,F21103001435,102,103,235,102,102,103,4.91,0.0,4.91,4500.0,0.0,0.0,2176.84,0.0,0.0,0.0,0.0,0.0,24271.84,0.0,24271.84,728.16,25000.0,"Net Wt: 4.910 Gm.@Rate 4,500.00/Gm.",,Sale,0,1,0
1328,1,N21103001627,102,103,331,102,102,103,4.14,0.0,4.14,4500.0,2.0,0.0,2049.61,0.0,0.0,0.0,0.0,0.0,20679.61,0.0,20679.61,620.38,21300.0,"Net Wt: 4.140 Gm.@Rate 4,500.00/Gm.",,Sale,0,1,0
1329,1,N21103001665,102,103,403,102,102,103,0.92,0.0,0.92,4500.0,0.0,0.0,228.93,0.0,0.0,0.0,0.0,0.0,4368.93,0.0,4368.93,131.06,4500.0,"Net Wt: 0.920 Gm.@Rate 4,500.00/Gm.",,Sale,0,1,0
1329,2,O21104000506,102,104,119,121,109,111,15.36,0.0,15.36,65.0,0.0,0.0,69.56,0.0,0.0,0.0,0.0,0.0,1067.96,0.0,1067.96,32.04,1100.0,Net Wt: 15.360 Gm.@Rate 65.00/Gm.,,Sale,0,1,0
1330,1,O21103001827,102,103,116,102,102,103,2.47,0.0,2.47,4500.0,0.0,0.0,438.4,0.0,0.0,0.0,0.0,0.0,11553.4,0.0,11553.4,346.6,11900.0,"Net Wt: 2.470 Gm.@Rate 4,500.00/Gm.",,Sale,0,1,0
1331,1,O21104000507,102,104,119,121,109,111,42.3,0.0,42.3,65.0,0.0,0.0,1036.91,0.0,0.0,0.0,0.0,0.0,3786.41,0.0,3786.41,113.6,3900.0,Net Wt: 42.300 Gm.@Rate 65.00/Gm.,,Sale,0,1,0
1332,1,H21103001505,102,103,102,102,102,103,3.73,0.0,3.73,4750.0,0.0,0.0,1311.63,0.0,0.0,0.0,0.0,0.0,19029.13,0.0,19029.13,570.88,19600.0,"Net Wt: 3.730 Gm.@Rate 4,750.00/Gm.",,Sale,0,1,0
1333,1,H21103001539,102,103,331,102,102,103,6.57,0.0,6.57,4600.0,3.0,0.0,2302.27,0.0,0.0,0.0,0.0,0.0,32524.27,0.0,32524.27,975.72,33500.0,"Net Wt: 6.570 Gm.@Rate 4,600.00/Gm.",,Sale,0,1,0
1334,1,O21103001852,102,103,118,102,102,103,3.96,0.0,3.96,4500.0,0.0,0.0,1597.48,0.0,0.0,0.0,0.0,0.0,19417.48,0.0,19417.48,582.52,20000.0,"Net Wt: 3.960 Gm.@Rate 4,500.00/Gm.",,Sale,0,1,0
1335,1,O20103001332,102,103,235,102,102,103,14.2,0.0,14.2,4600.0,10.0,0.0,7495.53,0.0,0.0,0.0,0.0,0.0,72815.53,0.0,72815.53,2184.46,75000.0,"Net Wt: 14.200 Gm.@Rate 4,600.00/Gm.",,Sale,0,1,0
1336,1,O21104000508,102,104,119,121,109,111,90.01,0.0,90.01,65.0,40.0,0.0,2887.21,0.0,0.0,0.0,0.0,0.0,8737.86,0.0,8737.86,262.14,9000.0,Net Wt: 90.010 Gm.@Rate 65.00/Gm.,,Sale,0,1,0
1337,1,O21104000509,102,104,119,121,109,111,69.96,0.0,69.96,65.0,0.0,0.0,792.41,0.0,0.0,0.0,0.0,0.0,5339.81,0.0,5339.81,160.2,5500.0,Net Wt: 69.960 Gm.@Rate 65.00/Gm.,,Sale,0,1,0
1338,1,J19103000320,102,103,107,102,102,103,8.03,0.0,8.03,4500.0,0.0,0.0,2699.95,0.0,0.0,0.0,0.0,0.0,38834.95,0.0,38834.95,1165.04,40000.0,"Net Wt: 8.030 Gm.@Rate 4,500.00/Gm.",,Sale,0,1,0
1339,1,O21103001726,102,103,107,102,102,103,3.03,0.0,3.03,4500.0,0.0,0.0,928.11,0.0,0.0,0.0,0.0,0.0,14563.11,0.0,14563.11,436.9,15000.0,"Net Wt: 3.030 Gm.@Rate 4,500.00/Gm.",,Sale,0,1,0
1340,1,O21104000510,102,104,119,121,109,111,16.3,0.0,16.3,65.0,0.0,0.0,493.9,0.0,0.0,0.0,0.0,0.0,1553.4,0.0,1553.4,46.6,1600.0,Net Wt: 16.300 Gm.@Rate 65.00/Gm.,,Sale,0,1,0
1341,1,J19103000363,102,103,107,102,102,103,8.83,0.0,8.83,4500.0,0.0,0.0,3954.32,0.0,0.0,0.0,0.0,0.0,43689.32,0.0,43689.32,1310.68,45000.0,"Net Wt: 8.830 Gm.@Rate 4,500.00/Gm.",,Sale,0,1,0
1342,1,F20103001050,102,103,241,102,102,103,5.51,0.0,5.51,4500.0,0.0,0.0,2389.47,0.0,0.0,0.0,0.0,0.0,27184.47,0.0,27184.47,815.54,28000.0,"Net Wt: 5.510 Gm.@Rate 4,500.00/Gm.",,Sale,0,1,0
1343,1,O21104000511,102,104,120,122,109,111,6.3,0.0,6.3,65.0,0.0,0.0,318.66,0.0,0.0,0.0,0.0,0.0,728.16,0.0,728.16,21.84,750.0,Net Wt: 6.300 Gm.@Rate 65.00/Gm.,,Sale,0,1,0
1344,1,N21103001699,102,103,101,102,102,103,16.82,0.0,16.82,4500.0,0.0,0.0,9746.89,0.0,0.0,0.0,0.0,0.0,85436.89,0.0,85436.89,2563.1,88000.0,"Net Wt: 16.820 Gm.@Rate 4,500.00/Gm.",,Sale,0,1,0
1345,1,O21103001781,102,103,115,102,102,103,4.07,0.0,4.07,4500.0,3.0,0.0,2073.35,0.0,0.0,0.0,0.0,0.0,20388.35,0.0,20388.35,611.66,21000.0,"Net Wt: 4.070 Gm.@Rate 4,500.00/Gm.",,Sale,0,1,0
1352,1,O21104000515,102,104,119,121,109,111,155.3,0.0,155.3,65.0,100.0,0.0,4468.61,0.0,0.0,0.0,0.0,0.0,14563.11,0.0,14563.11,436.9,15000.0,Net Wt: 155.300 Gm.@Rate 65.00/Gm.,,Sale,0,1,0
1347,1,O21104000512,102,104,440,101,109,111,6.0,0.0,6.0,65.0,0.0,0.0,872.14,0.0,0.0,0.0,0.0,0.0,1262.14,0.0,1262.14,37.86,1300.0,Net Wt: 6.000 Gm.@Rate 65.00/Gm.,,Sale,0,1,0
1356,1,N19103000616,102,103,102,102,102,103,4.64,0.0,4.64,4500.0,3.0,0.0,1547.0,0.0,0.0,0.0,0.0,0.0,22427.0,0.0,22427.0,672.8,23099.81,"Net Wt: 4.640 Gm.@Rate 4,500.00/Gm.",,Sale,0,1,0
1353,1,P19103000780,102,103,101,102,102,103,13.5,0.0,13.5,4590.0,0.0,0.0,4054.42,0.0,0.0,0.0,0.0,0.0,66019.42,0.0,66019.42,1980.58,68000.0,"Net Wt: 13.500 Gm.@Rate 4,590.00/Gm.",,Sale,0,1,0
1354,1,O21103001769,102,103,115,102,102,103,1.31,0.0,1.31,4590.0,0.0,0.0,783.22,0.0,0.0,0.0,0.0,0.0,6796.12,0.0,6796.12,203.88,7000.0,"Net Wt: 1.310 Gm.@Rate 4,590.00/Gm.",,Sale,0,1,0
1355,1,O21103001875,102,103,112,102,102,103,6.33,0.0,6.33,4550.0,0.0,0.0,2266.46,0.0,0.0,0.0,0.0,0.0,31067.96,0.0,31067.96,932.04,32000.0,"Net Wt: 6.330 Gm.@Rate 4,550.00/Gm.",,Sale,0,1,0
1355,2,O21103001808,102,103,116,102,102,103,1.28,0.0,1.28,4550.0,0.0,0.0,486.68,0.0,0.0,0.0,0.0,0.0,6310.68,0.0,6310.68,189.32,6500.0,"Net Wt: 1.280 Gm.@Rate 4,550.00/Gm.",,Sale,0,1,0
1364,1,P21103001878,102,103,109,102,102,103,5.6,0.0,5.6,4500.0,4.0,0.0,2469.9,0.0,0.0,0.0,0.0,0.0,27669.9,0.0,27669.9,830.1,28500.0,"Net Wt: 5.600 Gm.@Rate 4,500.00/Gm.",,Sale,0,1,0
1357,1,H21103001541,102,103,331,102,102,103,4.12,0.0,4.12,4500.0,0.0,0.0,1848.35,0.0,0.0,0.0,0.0,0.0,20388.35,0.0,20388.35,611.66,21000.0,"Net Wt: 4.120 Gm.@Rate 4,500.00/Gm.",,Sale,0,1,0
1358,1,H21103001533,102,103,331,102,102,103,2.57,0.0,2.57,4500.0,0.0,0.0,1056.36,0.0,0.0,0.0,0.0,0.0,12621.36,0.0,12621.36,378.64,13000.0,"Net Wt: 2.570 Gm.@Rate 4,500.00/Gm.",,Sale,0,1,0
1359,1,H19103000111,102,103,102,102,102,103,1.67,0.0,1.67,4790.0,0.0,0.0,447.17,0.0,0.0,0.0,0.0,0.0,8446.47,0.0,8446.47,253.4,8699.86,"Net Wt: 1.670 Gm.@Rate 4,790.00/Gm.",,Sale,0,1,0
1359,2,O21103001876,102,103,110,102,102,103,2.43,0.0,2.43,4790.0,0.0,0.0,302.05,0.0,0.0,0.0,0.0,0.0,11941.75,0.0,11941.75,358.26,12300.0,"Net Wt: 2.430 Gm.@Rate 4,790.00/Gm.",,Sale,0,1,0
1360,1,F21103001418,102,103,103,102,102,103,9.19,0.0,9.19,4500.0,6.0,0.0,4276.07,0.0,0.0,0.0,0.0,0.0,45631.07,0.0,45631.07,1368.94,47000.0,"Net Wt: 9.190 Gm.@Rate 4,500.00/Gm.",,Sale,0,1,0
1361,1,F21103001456,102,103,331,102,102,103,1.42,0.0,1.42,4500.0,0.0,0.0,745.92,0.0,0.0,0.0,0.0,0.0,7135.92,0.0,7135.92,214.08,7350.0,"Net Wt: 1.420 Gm.@Rate 4,500.00/Gm.",,Sale,0,1,0
1362,1,O21103001722,102,103,107,102,102,103,3.1,0.0,3.1,4500.0,0.0,0.0,1292.72,0.0,0.0,0.0,0.0,0.0,15242.72,0.0,15242.72,457.28,15700.0,"Net Wt: 3.100 Gm.@Rate 4,500.00/Gm.",,Sale,0,1,0
1382,1,N21103001626,102,103,331,102,102,103,1.94,0.0,1.94,4500.0,0.0,0.0,493.3,0.0,0.0,0.0,0.0,0.0,9223.3,0.0,9223.3,276.7,9500.0,"Net Wt: 1.940 Gm.@Rate 4,500.00/Gm.",,Sale,0,1,0
1383,1,P21103001883,102,103,113,102,102,103,1.75,0.0,1.75,4500.0,0.0,0.0,377.43,0.0,0.0,0.0,0.0,0.0,8252.43,0.0,8252.43,247.58,8500.0,"Net Wt: 1.750 Gm.@Rate 4,500.00/Gm.",,Sale,0,1,0
1384,1,O21103001719,102,103,102,102,102,103,3.13,0.0,3.13,4500.0,0.0,0.0,1448.98,0.0,0.0,0.0,0.0,0.0,15533.98,0.0,15533.98,466.02,16000.0,"Net Wt: 3.130 Gm.@Rate 4,500.00/Gm.",,Sale,0,1,0
1385,1,F21103001415,102,103,236,102,102,103,9.46,0.0,9.46,4500.0,0.0,0.0,3061.07,0.0,0.0,0.0,0.0,0.0,45631.07,0.0,45631.07,1368.94,47000.0,"Net Wt: 9.460 Gm.@Rate 4,500.00/Gm.",,Sale,0,1,0
1385,2,N21103001684,102,103,235,102,102,103,3.0,0.0,3.0,4500.0,0.0,0.0,1063.11,0.0,0.0,0.0,0.0,0.0,14563.11,0.0,14563.11,436.9,15000.0,"Net Wt: 3.000 Gm.@Rate 4,500.00/Gm.",,Sale,0,1,0
1386,1,G20103001108,102,103,115,102,102,103,2.06,0.0,2.06,4500.0,0.0,0.0,438.74,0.0,0.0,0.0,0.0,0.0,9708.74,0.0,9708.74,291.26,10000.0,"Net Wt: 2.060 Gm.@Rate 4,500.00/Gm.",,Sale,0,1,0
1386,2,H21103001523,102,103,331,102,102,103,0.9,0.0,0.9,4500.0,0.0,0.0,318.93,0.0,0.0,0.0,0.0,0.0,4368.93,0.0,4368.93,131.06,4500.0,"Net Wt: 0.900 Gm.@Rate 4,500.00/Gm.",,Sale,0,1,0
1387,1,P21104000523,102,104,351,102,109,111,7.5,0.0,7.5,45.0,0.0,0.0,245.02,0.0,0.0,0.0,0.0,0.0,582.52,0.0,582.52,17.48,600.0,Net Wt: 7.500 Gm.@Rate 45.00/Gm.,,Sale,0,1,0
1388,1,P21104000524,102,104,119,121,109,111,56.32,0.0,56.32,65.0,0.0,0.0,1193.57,0.0,0.0,0.0,0.0,0.0,4854.37,0.0,4854.37,145.64,5000.0,Net Wt: 56.320 Gm.@Rate 65.00/Gm.,,Sale,0,1,0
1389,1,O21103001727,102,103,107,102,102,103,2.49,0.0,2.49,4500.0,0.0,0.0,1222.18,0.0,0.0,0.0,0.0,0.0,12427.18,0.0,12427.18,372.82,12800.0,"Net Wt: 2.490 Gm.@Rate 4,500.00/Gm.",,Sale,0,1,0
1390,1,H21103001544,102,103,102,102,102,103,4.31,0.0,4.31,4500.0,0.0,0.0,1770.05,0.0,0.0,0.0,0.0,0.0,21165.05,0.0,21165.05,634.96,21800.0,"Net Wt: 4.310 Gm.@Rate 4,500.00/Gm.",,Sale,0,1,0
1363,1,P21103001877,102,103,116,102,102,103,1.95,0.0,1.95,4500.0,0.0,0.0,351.21,0.0,0.0,0.0,0.0,0.0,9126.21,0.0,9126.21,273.78,9400.0,"Net Wt: 1.950 Gm.@Rate 4,500.00/Gm.",,Sale,0,1,0
1391,1,O21103001764,102,103,115,102,102,103,2.93,0.0,2.93,4500.0,0.0,0.0,1378.11,0.0,0.0,0.0,0.0,0.0,14563.11,0.0,14563.11,436.9,15000.0,"Net Wt: 2.930 Gm.@Rate 4,500.00/Gm.",,Sale,0,1,0
1378,1,J19103000324,102,103,107,102,102,103,16.12,0.0,16.12,4500.0,10.0,0.0,8042.52,0.0,0.0,0.0,0.0,0.0,80582.52,0.0,80582.52,2417.48,83000.0,"Net Wt: 16.120 Gm.@Rate 4,500.00/Gm.",,Sale,0,1,0
1366,1,P21104000517,102,104,119,121,109,111,56.32,0.0,56.32,45.0,0.0,0.0,378.22,0.0,0.0,0.0,0.0,0.0,2912.62,0.0,2912.62,87.38,3000.0,Net Wt: 56.320 Gm.@Rate 45.00/Gm.,,Sale,0,1,0
1367,1,O21103001848,102,103,235,102,102,103,3.63,0.0,3.63,4500.0,0.0,0.0,2111.6,0.0,0.0,0.0,0.0,0.0,18446.6,0.0,18446.6,553.4,19000.0,"Net Wt: 3.630 Gm.@Rate 4,500.00/Gm.",,Sale,0,1,0
1368,1,N21103001661,102,103,338,102,102,103,3.66,0.0,3.66,4500.0,0.0,0.0,1976.43,0.0,0.0,0.0,0.0,0.0,18446.43,0.0,18446.43,553.4,18999.82,"Net Wt: 3.660 Gm.@Rate 4,500.00/Gm.",,Sale,0,1,0
1368,2,O21103001834,102,103,116,102,102,103,2.47,0.0,2.47,4590.0,0.0,0.0,1089.88,0.0,0.0,0.0,0.0,0.0,12427.18,0.0,12427.18,372.82,12800.0,"Net Wt: 2.470 Gm.@Rate 4,590.00/Gm.",,Sale,0,1,0
1369,1,P21104000518,102,104,124,126,109,111,23.0,0.0,23.0,45.0,0.0,0.0,421.31,0.0,0.0,0.0,0.0,0.0,1456.31,0.0,1456.31,43.68,1500.0,Net Wt: 23.000 Gm.@Rate 45.00/Gm.,,Sale,0,1,0
1370,1,P21103001879,102,103,113,102,102,103,4.9,0.0,4.9,4500.0,0.0,0.0,2221.84,0.0,0.0,0.0,0.0,0.0,24271.84,0.0,24271.84,728.16,25000.0,"Net Wt: 4.900 Gm.@Rate 4,500.00/Gm.",,Sale,0,1,0
1371,1,O21103001845,102,103,235,102,102,103,3.41,0.0,3.41,4500.0,0.0,0.0,1645.29,0.0,0.0,0.0,0.0,0.0,16990.29,0.0,16990.29,509.7,17500.0,"Net Wt: 3.410 Gm.@Rate 4,500.00/Gm.",,Sale,0,1,0
1371,2,P21103001880,102,103,102,102,102,103,2.17,0.0,2.17,4500.0,0.0,0.0,-250.44,0.0,0.0,0.0,0.0,0.0,9514.56,0.0,9514.56,285.44,9800.0,"Net Wt: 2.170 Gm.@Rate 4,500.00/Gm.",,Sale,0,1,0
1372,1,P21103001881,102,103,102,102,102,103,1.78,0.0,1.78,4500.0,0.0,0.0,727.86,0.0,0.0,0.0,0.0,0.0,8737.86,0.0,8737.86,262.14,9000.0,"Net Wt: 1.780 Gm.@Rate 4,500.00/Gm.",,Sale,0,1,0
1373,1,P21104000519,102,104,119,121,109,111,20.5,0.0,20.5,65.0,0.0,0.0,317.99,0.0,0.0,0.0,0.0,0.0,1650.49,0.0,1650.49,49.52,1700.0,Net Wt: 20.500 Gm.@Rate 65.00/Gm.,,Sale,0,1,0
1374,1,P21104000520,102,104,119,121,109,111,19.6,0.0,19.6,65.0,0.0,0.0,182.31,0.0,0.0,0.0,0.0,0.0,1456.31,0.0,1456.31,43.68,1500.0,Net Wt: 19.600 Gm.@Rate 65.00/Gm.,,Sale,0,1,0
1375,1,J19103000421,102,103,238,102,102,103,0.91,0.0,0.91,4500.0,0.0,0.0,273.93,0.0,0.0,0.0,0.0,0.0,4368.93,0.0,4368.93,131.06,4500.0,"Net Wt: 0.910 Gm.@Rate 4,500.00/Gm.",,Sale,0,1,0
1376,1,J19103000327,102,103,107,102,102,103,5.05,0.0,5.05,4500.0,0.0,0.0,2517.72,0.0,0.0,0.0,0.0,0.0,25242.72,0.0,25242.72,757.28,26000.0,"Net Wt: 5.050 Gm.@Rate 4,500.00/Gm.",,Sale,0,1,0
1377,1,P21104000521,102,104,119,121,109,111,85.63,0.0,85.63,65.0,0.0,0.0,744.73,0.0,0.0,0.0,0.0,0.0,6310.68,0.0,6310.68,189.32,6500.0,Net Wt: 85.630 Gm.@Rate 65.00/Gm.,,Sale,0,1,0
1380,1,N21103001629,102,103,331,102,102,103,6.63,0.0,6.63,4500.0,4.0,0.0,3174.71,0.0,0.0,0.0,0.0,0.0,33009.71,0.0,33009.71,990.3,34000.0,"Net Wt: 6.630 Gm.@Rate 4,500.00/Gm.",,Sale,0,1,0
1379,1,N21103001621,102,103,331,102,102,103,2.36,0.0,2.36,4500.0,0.0,0.0,1030.49,0.0,0.0,0.0,0.0,0.0,11650.49,0.0,11650.49,349.52,12000.0,"Net Wt: 2.360 Gm.@Rate 4,500.00/Gm.",,Sale,0,1,0
1379,2,P21103001882,102,103,110,102,102,103,9.05,0.0,9.05,4500.0,0.0,0.0,2964.32,0.0,0.0,0.0,0.0,0.0,43689.32,0.0,43689.32,1310.68,45000.0,"Net Wt: 9.050 Gm.@Rate 4,500.00/Gm.",,Sale,0,1,0
1380,2,F20103000934,102,103,411,102,102,103,0.53,0.0,0.53,4500.0,0.0,0.0,236.36,0.0,0.0,0.0,0.0,0.0,2621.36,0.0,2621.36,78.64,2700.0,"Net Wt: 0.530 Gm.@Rate 4,500.00/Gm.",,Sale,0,1,0
1395,1,P21104000525,102,104,119,121,109,111,189.3,0.0,189.3,65.0,100.0,0.0,2258.61,0.0,0.0,0.0,0.0,0.0,14563.11,0.0,14563.11,436.9,15000.0,Net Wt: 189.300 Gm.@Rate 65.00/Gm.,,Sale,0,1,0
1381,1,P21104000522,102,104,119,121,109,111,36.3,0.0,36.3,65.0,0.0,0.0,553.12,0.0,0.0,0.0,0.0,0.0,2912.62,0.0,2912.62,87.38,3000.0,Net Wt: 36.300 Gm.@Rate 65.00/Gm.,,Sale,0,1,0
1346,1,O21103001861,102,103,107,102,102,103,8.34,0.0,8.34,4500.0,6.0,0.0,4217.57,0.0,0.0,0.0,0.0,0.0,41747.57,0.0,41747.57,1252.42,43000.0,"Net Wt: 8.340 Gm.@Rate 4,500.00/Gm.",,Sale,0,1,0
1391,2,F20103000873,102,103,112,102,102,103,17.89,0.0,17.89,4500.0,0.0,0.0,8815.39,0.0,0.0,0.0,0.0,0.0,89320.39,0.0,89320.39,2679.62,92000.0,"Net Wt: 17.890 Gm.@Rate 4,500.00/Gm.",,Sale,0,1,0
1392,1,N21103001694,102,103,238,102,102,103,0.38,0.0,0.38,4500.0,0.0,0.0,183.2,0.0,0.0,0.0,0.0,0.0,1893.2,0.0,1893.2,56.8,1950.0,"Net Wt: 0.380 Gm.@Rate 4,500.00/Gm.",,Sale,0,1,0
1393,1,M21103001568,102,103,235,102,102,103,3.82,0.0,3.82,4500.0,0.0,0.0,1256.6,0.0,0.0,0.0,0.0,0.0,18446.6,0.0,18446.6,553.4,19000.0,"Net Wt: 3.820 Gm.@Rate 4,500.00/Gm.",,Sale,0,1,0
1394,1,P21103001884,102,103,116,102,102,103,0.56,0.0,0.56,4500.0,0.0,0.0,392.62,0.0,0.0,0.0,0.0,0.0,2912.62,0.0,2912.62,87.38,3000.0,"Net Wt: 0.560 Gm.@Rate 4,500.00/Gm.",,Sale,0,1,0
1439,1,E22103001892,102,103,169,102,102,103,0.38,0.0,0.38,4500.0,0.0,0.0,717.18,0.0,0.0,0.0,0.0,0.0,2427.18,0.0,2427.18,72.82,2500.0,"Net Wt: 0.380 Gm.@Rate 4,500.00/Gm.",,Sale,0,1,0
1396,1,P21104000526,102,104,139,140,109,111,125.3,0.0,125.3,65.0,0.0,0.0,1564.24,0.0,0.0,0.0,0.0,0.0,9708.74,0.0,9708.74,291.26,10000.0,Net Wt: 125.300 Gm.@Rate 65.00/Gm.,,Sale,0,1,0
1397,1,N21103001635,102,103,112,102,102,103,13.89,0.0,13.89,4500.0,0.0,0.0,6427.04,0.0,0.0,0.0,0.0,0.0,68932.04,0.0,68932.04,2067.96,71000.0,"Net Wt: 13.890 Gm.@Rate 4,500.00/Gm.",,Sale,0,1,0
1398,1,P21104000527,102,104,134,162,109,111,15.6,0.0,15.6,65.0,0.0,0.0,248.14,0.0,0.0,0.0,0.0,0.0,1262.14,0.0,1262.14,37.86,1300.0,Net Wt: 15.600 Gm.@Rate 65.00/Gm.,,Sale,0,1,0
1399,1,F21103001433,102,103,235,102,102,103,3.87,0.0,3.87,4500.0,0.0,0.0,1808.3,0.0,0.0,0.0,0.0,0.0,19223.3,0.0,19223.3,576.7,19800.0,"Net Wt: 3.870 Gm.@Rate 4,500.00/Gm.",,Sale,0,1,0
1400,1,N21103001666,102,103,403,102,102,103,1.6,0.0,1.6,4500.0,0.0,0.0,761.17,0.0,0.0,0.0,0.0,0.0,7961.17,0.0,7961.17,238.84,8200.01,"Net Wt: 1.600 Gm.@Rate 4,500.00/Gm.",,Sale,0,1,0
1401,1,H21103001521,102,103,331,102,102,103,1.98,0.0,1.98,4500.0,0.0,0.0,992.91,0.0,0.0,0.0,0.0,0.0,9902.91,0.0,9902.91,297.08,10200.0,"Net Wt: 1.980 Gm.@Rate 4,500.00/Gm.",,Sale,0,1,0
1402,1,P21104000528,102,104,119,121,109,111,119.89,0.0,119.89,65.0,50.0,0.0,1721.71,0.0,0.0,0.0,0.0,0.0,9514.56,0.0,9514.56,285.44,9800.0,Net Wt: 119.890 Gm.@Rate 65.00/Gm.,,Sale,0,1,0
1403,1,P21104000529,102,104,126,128,109,111,185.3,0.0,185.3,65.0,0.0,0.0,2518.61,0.0,0.0,0.0,0.0,0.0,14563.11,0.0,14563.11,436.9,15000.0,Net Wt: 185.300 Gm.@Rate 65.00/Gm.,,Sale,0,1,0
1404,1,O21103001747,102,103,235,102,102,103,3.96,0.0,3.96,4500.0,1.9,0.0,2083.3,0.0,0.0,0.0,0.0,0.0,19903.3,0.0,19903.3,597.1,20500.4,"Net Wt: 3.960 Gm.@Rate 4,500.00/Gm.",,Sale,0,1,0
1405,1,O21103001840,102,103,116,102,102,103,4.39,0.0,4.39,4500.0,2.6,0.0,1507.14,0.0,0.0,0.0,0.0,0.0,21262.14,0.0,21262.14,637.86,21900.0,"Net Wt: 4.390 Gm.@Rate 4,500.00/Gm.",,Sale,0,1,0
1406,1,O21103001733,102,103,235,102,102,103,6.2,0.0,6.2,4500.0,2.0,0.0,4527.18,0.0,0.0,0.0,0.0,0.0,32427.18,0.0,32427.18,972.82,33400.0,"Net Wt: 6.200 Gm.@Rate 4,500.00/Gm.",,Sale,0,1,0
1407,1,P21104000530,102,104,139,140,109,111,253.3,0.0,253.3,65.0,0.0,0.0,1982.1,0.0,0.0,0.0,0.0,0.0,18446.6,0.0,18446.6,553.4,19000.0,Net Wt: 253.300 Gm.@Rate 65.00/Gm.,,Sale,0,1,0
1408,1,E22104000531,102,104,119,121,109,111,36.36,0.0,36.36,65.0,0.0,0.0,743.4,0.0,0.0,0.0,0.0,0.0,3106.8,0.0,3106.8,93.2,3200.0,Net Wt: 36.360 Gm.@Rate 65.00/Gm.,,Sale,0,1,0
1409,1,E22103001885,102,103,112,102,102,103,8.06,0.0,8.06,4500.0,0.0,0.0,2564.95,0.0,0.0,0.0,0.0,0.0,38834.95,0.0,38834.95,1165.04,40000.0,"Net Wt: 8.060 Gm.@Rate 4,500.00/Gm.",,Sale,0,1,0
1410,1,E22104000532,102,104,119,121,109,111,112.23,0.0,112.23,65.0,0.0,0.0,957.48,0.0,0.0,0.0,0.0,0.0,8252.43,0.0,8252.43,247.58,8500.0,Net Wt: 112.230 Gm.@Rate 65.00/Gm.,,Sale,0,1,0
1411,1,E22103001886,102,103,108,102,102,103,25.32,0.0,25.32,4500.0,23.0,0.0,12273.59,0.0,0.0,0.0,0.0,0.0,126213.59,0.0,126213.59,3786.4,130000.0,"Net Wt: 25.320 Gm.@Rate 4,500.00/Gm.",,Sale,0,1,0
1412,1,E22103001887,102,103,107,102,102,103,22.39,0.0,22.39,4500.0,20.0,0.0,12837.23,0.0,0.0,0.0,0.0,0.0,113592.23,0.0,113592.23,3407.76,117000.0,"Net Wt: 22.390 Gm.@Rate 4,500.00/Gm.",,Sale,0,1,0
1413,1,N20103001230,102,103,331,102,102,103,3.51,0.0,3.51,4500.0,0.0,0.0,1583.64,0.0,0.0,0.0,0.0,0.0,17378.64,0.0,17378.64,521.36,17900.0,"Net Wt: 3.510 Gm.@Rate 4,500.00/Gm.",,Sale,0,1,0
1414,1,E22104000533,102,104,131,133,109,111,56.32,0.0,56.32,65.0,0.0,0.0,902.31,0.0,0.0,0.0,0.0,0.0,4563.11,0.0,4563.11,136.9,4700.0,Net Wt: 56.320 Gm.@Rate 65.00/Gm.,,Sale,0,1,0
1415,1,E22104000534,102,104,351,102,109,111,19.23,0.0,19.23,45.0,0.0,0.0,930.77,0.0,0.0,0.0,0.0,0.0,1796.12,0.0,1796.12,53.88,1850.0,Net Wt: 19.230 Gm.@Rate 45.00/Gm.,,Sale,0,1,0
1416,1,E22103001888,102,103,116,102,102,103,0.57,0.0,0.57,4500.0,0.0,0.0,347.62,0.0,0.0,0.0,0.0,0.0,2912.62,0.0,2912.62,87.38,3000.0,"Net Wt: 0.570 Gm.@Rate 4,500.00/Gm.",,Sale,0,1,0
1417,1,E22104000535,102,104,119,121,109,111,35.63,0.0,35.63,65.0,0.0,0.0,596.67,0.0,0.0,0.0,0.0,0.0,2912.62,0.0,2912.62,87.38,3000.0,Net Wt: 35.630 Gm.@Rate 65.00/Gm.,,Sale,0,1,0
1418,1,E22103001889,102,103,116,102,102,103,0.58,0.0,0.58,4600.0,0.0,0.0,438.8,0.0,0.0,0.0,0.0,0.0,3106.8,0.0,3106.8,93.2,3200.0,"Net Wt: 0.580 Gm.@Rate 4,600.00/Gm.",,Sale,0,1,0
1418,2,E22104000536,102,104,136,137,109,111,20.0,0.0,20.0,68.0,0.0,0.0,970.1,0.0,0.0,0.0,0.0,0.0,2330.1,0.0,2330.1,69.9,2400.0,Net Wt: 20.000 Gm.@Rate 68.00/Gm.,,Sale,0,1,0
1419,1,E22104000537,102,104,132,134,109,111,3.0,0.0,3.0,65.0,0.0,0.0,76.84,0.0,0.0,0.0,0.0,0.0,271.84,0.0,271.84,8.16,280.0,Net Wt: 3.000 Gm.@Rate 65.00/Gm.,,Sale,0,1,0
1420,1,E22103001890,102,103,116,102,102,103,5.49,0.0,5.49,4500.0,5.0,0.0,3644.51,0.0,0.0,0.0,0.0,0.0,28349.51,0.0,28349.51,850.48,29200.0,"Net Wt: 5.490 Gm.@Rate 4,500.00/Gm.",,Sale,0,1,0
1421,1,E22104000538,102,104,119,121,109,111,35.3,0.0,35.3,65.0,10.0,0.0,356.45,0.0,0.0,0.0,0.0,0.0,2650.95,0.0,2650.95,79.52,2730.48,Net Wt: 35.300 Gm.@Rate 65.00/Gm.,,Sale,0,1,0
1424,1,E22104000539,102,104,119,121,109,111,56.9,0.0,56.9,65.0,0.0,0.0,961.69,0.0,0.0,0.0,0.0,0.0,4660.19,0.0,4660.19,139.8,4800.0,Net Wt: 56.900 Gm.@Rate 65.00/Gm.,,Sale,0,1,0
1365,1,P21104000516,102,104,119,121,109,111,163.32,0.0,163.32,65.0,100.0,0.0,1520.12,0.0,0.0,0.0,0.0,0.0,12135.92,0.0,12135.92,364.08,12500.0,Net Wt: 163.320 Gm.@Rate 65.00/Gm.,,Sale,0,1,0
1425,1,N21103001681,102,103,235,102,102,103,2.28,0.0,2.28,4500.0,0.0,0.0,875.87,0.0,0.0,0.0,0.0,0.0,11135.87,0.0,11135.87,334.08,11469.95,"Net Wt: 2.280 Gm.@Rate 4,500.00/Gm.",,Sale,0,1,0
1426,1,N21103001620,102,103,331,102,102,103,3.23,0.0,3.23,4500.0,0.0,0.0,1484.42,0.0,0.0,0.0,0.0,0.0,16019.42,0.0,16019.42,480.58,16500.0,"Net Wt: 3.230 Gm.@Rate 4,500.00/Gm.",,Sale,0,1,0
1427,1,F21103001465,102,103,331,102,102,103,2.7,0.0,2.7,4500.0,0.0,0.0,1150.97,0.0,0.0,0.0,0.0,0.0,13300.97,0.0,13300.97,399.02,13700.0,"Net Wt: 2.700 Gm.@Rate 4,500.00/Gm.",,Sale,0,1,0
1428,1,H19103000027,102,103,331,102,102,103,2.73,0.0,2.73,4500.0,0.0,0.0,1307.23,0.0,0.0,0.0,0.0,0.0,13592.23,0.0,13592.23,407.76,14000.0,"Net Wt: 2.730 Gm.@Rate 4,500.00/Gm.",,Sale,0,1,0
1429,1,F21103001425,102,103,103,102,102,103,2.14,0.0,2.14,4500.0,0.0,0.0,855.44,0.0,0.0,0.0,0.0,0.0,10485.44,0.0,10485.44,314.56,10800.0,"Net Wt: 2.140 Gm.@Rate 4,500.00/Gm.",,Sale,0,1,0
1430,1,H21103001546,102,103,102,102,102,103,12.99,0.0,12.99,4500.0,10.3,0.0,7370.24,0.0,0.0,0.0,0.0,0.0,65825.24,0.0,65825.24,1974.76,67800.0,"Net Wt: 12.990 Gm.@Rate 4,500.00/Gm.",,Sale,0,1,0
1431,1,E22103001891,102,103,113,102,102,103,1.63,0.0,1.63,4500.0,0.0,0.0,431.99,0.0,0.0,0.0,0.0,0.0,7766.99,0.0,7766.99,233.0,8000.0,"Net Wt: 1.630 Gm.@Rate 4,500.00/Gm.",,Sale,0,1,0
1433,1,E22104000540,102,104,119,121,109,111,85.63,0.0,85.63,65.0,0.0,0.0,744.73,0.0,0.0,0.0,0.0,0.0,6310.68,0.0,6310.68,189.32,6500.0,Net Wt: 85.630 Gm.@Rate 65.00/Gm.,,Sale,0,1,0
1434,1,E22104000541,102,104,119,121,109,111,89.35,0.0,89.35,65.0,0.0,0.0,891.28,0.0,0.0,0.0,0.0,0.0,6699.03,0.0,6699.03,200.98,6900.0,Net Wt: 89.350 Gm.@Rate 65.00/Gm.,,Sale,0,1,0
1436,1,N20103001247,102,103,338,102,102,103,3.99,0.0,3.99,4500.0,0.0,0.0,1462.48,0.0,0.0,0.0,0.0,0.0,19417.48,0.0,19417.48,582.52,20000.0,"Net Wt: 3.990 Gm.@Rate 4,500.00/Gm.",,Sale,0,1,0
1437,1,N21103001701,102,103,101,102,102,103,8.48,0.0,8.48,4690.0,0.0,0.0,2947.25,0.0,0.0,0.0,0.0,0.0,42718.45,0.0,42718.45,1281.56,44000.0,"Net Wt: 8.480 Gm.@Rate 4,690.00/Gm.",,Sale,0,1,0
1438,1,O21103001721,102,103,107,102,102,103,2.64,0.0,2.64,4500.0,0.0,0.0,1323.88,0.0,0.0,0.0,0.0,0.0,13203.88,0.0,13203.88,396.12,13600.0,"Net Wt: 2.640 Gm.@Rate 4,500.00/Gm.",,Sale,0,1,0
1440,1,N21103001695,102,103,101,102,102,103,10.91,0.0,10.91,4500.0,0.0,0.0,5273.93,0.0,0.0,0.0,0.0,0.0,54368.93,0.0,54368.93,1631.06,56000.0,"Net Wt: 10.910 Gm.@Rate 4,500.00/Gm.",,Sale,0,1,0
1441,1,E22104000542,102,104,123,102,109,111,26.0,0.0,26.0,65.0,0.0,0.0,834.27,0.0,0.0,0.0,0.0,0.0,2524.27,0.0,2524.27,75.72,2600.0,Net Wt: 26.000 Gm.@Rate 65.00/Gm.,,Sale,0,1,0
1442,1,O21103001787,102,103,116,102,102,103,1.79,0.0,1.79,4500.0,0.0,0.0,682.86,0.0,0.0,0.0,0.0,0.0,8737.86,0.0,8737.86,262.14,9000.0,"Net Wt: 1.790 Gm.@Rate 4,500.00/Gm.",,Sale,0,1,0
1443,1,O21103001734,102,103,235,102,102,103,5.94,0.0,5.94,4500.0,0.0,0.0,2396.21,0.0,0.0,0.0,0.0,0.0,29126.21,0.0,29126.21,873.78,30000.0,"Net Wt: 5.940 Gm.@Rate 4,500.00/Gm.",,Sale,0,1,0
1444,1,N20103001225,102,103,331,102,102,103,2.86,0.0,2.86,4500.0,0.0,0.0,1207.67,0.0,0.0,0.0,0.0,0.0,14077.67,0.0,14077.67,422.34,14500.0,"Net Wt: 2.860 Gm.@Rate 4,500.00/Gm.",,Sale,0,1,0
1445,1,O21103001725,102,103,107,102,102,103,3.13,0.0,3.13,4500.0,0.0,0.0,1448.98,0.0,0.0,0.0,0.0,0.0,15533.98,0.0,15533.98,466.02,16000.0,"Net Wt: 3.130 Gm.@Rate 4,500.00/Gm.",,Sale,0,1,0
1446,1,H21103001525,102,103,331,102,102,103,3.63,0.0,3.63,4500.0,0.0,0.0,1140.73,0.0,0.0,0.0,0.0,0.0,17475.73,0.0,17475.73,524.28,18000.0,"Net Wt: 3.630 Gm.@Rate 4,500.00/Gm.",,Sale,0,1,0
1447,1,F21103001420,102,103,103,102,102,103,12.71,0.0,12.71,4500.0,10.0,0.0,6397.23,0.0,0.0,0.0,0.0,0.0,63592.23,0.0,63592.23,1907.76,65500.0,"Net Wt: 12.710 Gm.@Rate 4,500.00/Gm.",,Sale,0,1,0
1448,1,N20103001223,102,103,331,102,102,103,4.98,0.0,4.98,4500.0,0.0,0.0,1861.84,0.0,0.0,0.0,0.0,0.0,24271.84,0.0,24271.84,728.16,25000.0,"Net Wt: 4.980 Gm.@Rate 4,500.00/Gm.",,Sale,0,1,0
1449,1,F20103001003,102,103,110,102,102,103,13.18,0.0,13.18,4690.0,10.0,0.0,6146.97,0.0,0.0,0.0,0.0,0.0,67961.17,0.0,67961.17,2038.84,70000.01,"Net Wt: 13.180 Gm.@Rate 4,690.00/Gm.",,Sale,0,1,0
1450,1,E22103001893,102,103,110,102,102,103,3.21,0.0,3.21,4590.0,0.0,0.0,2256.39,0.0,0.0,0.0,0.0,0.0,16990.29,0.0,16990.29,509.7,17500.0,"Net Wt: 3.210 Gm.@Rate 4,590.00/Gm.",,Sale,0,1,0
1451,1,E22104000543,102,104,119,121,109,111,45.3,0.0,45.3,65.0,0.0,0.0,1230.26,0.0,0.0,0.0,0.0,0.0,4174.76,0.0,4174.76,125.24,4300.0,Net Wt: 45.300 Gm.@Rate 65.00/Gm.,,Sale,0,1,0
1452,1,H21103001518,102,103,331,102,102,103,1.49,0.0,1.49,4590.0,0.0,0.0,1316.24,0.0,0.0,0.0,0.0,0.0,8155.34,0.0,8155.34,244.66,8400.0,"Net Wt: 1.490 Gm.@Rate 4,590.00/Gm.",,Sale,0,1,0
1453,1,E22104000544,102,104,119,121,109,111,25.3,0.0,25.3,65.0,0.0,0.0,491.42,0.0,0.0,0.0,0.0,0.0,2135.92,0.0,2135.92,64.08,2200.0,Net Wt: 25.300 Gm.@Rate 65.00/Gm.,,Sale,0,1,0
1454,1,N21103001693,102,103,238,102,102,103,0.33,0.0,0.33,4590.0,0.0,0.0,232.87,0.0,0.0,0.0,0.0,0.0,1747.57,0.0,1747.57,52.42,1800.0,"Net Wt: 0.330 Gm.@Rate 4,590.00/Gm.",,Sale,0,1,0
1455,1,E22104000545,102,104,119,121,109,111,12.3,0.0,12.3,65.0,0.0,0.0,25.74,0.0,0.0,0.0,0.0,0.0,825.24,0.0,825.24,24.76,850.0,Net Wt: 12.300 Gm.@Rate 65.00/Gm.,,Sale,0,1,0
1456,1,E22104000546,102,104,119,121,109,111,60.6,0.0,60.6,65.0,0.0,0.0,1206.63,0.0,0.0,0.0,0.0,0.0,5145.63,0.0,5145.63,154.36,5300.0,Net Wt: 60.600 Gm.@Rate 65.00/Gm.,,Sale,0,1,0
1457,1,K20103001142,102,103,103,102,102,103,1.91,0.0,1.91,4500.0,0.0,0.0,628.3,0.0,0.0,0.0,0.0,0.0,9223.3,0.0,9223.3,276.7,9500.0,"Net Wt: 1.910 Gm.@Rate 4,500.00/Gm.",,Sale,0,1,0
1458,1,H21103001504,102,103,102,102,102,103,3.13,0.0,3.13,4500.0,0.0,0.0,963.54,0.0,0.0,0.0,0.0,0.0,15048.54,0.0,15048.54,451.46,15500.0,"Net Wt: 3.130 Gm.@Rate 4,500.00/Gm.",,Sale,0,1,0
1459,1,E22104000547,102,104,367,102,109,111,5.3,0.0,5.3,65.0,0.0,0.0,43.85,0.0,0.0,0.0,0.0,0.0,388.35,0.0,388.35,11.66,400.0,Net Wt: 5.300 Gm.@Rate 65.00/Gm.,,Sale,0,1,0
1460,1,E22103001894,102,103,101,102,102,103,33.98,0.0,33.98,4500.0,0.0,0.0,10682.23,0.0,0.0,0.0,0.0,0.0,163592.23,0.0,163592.23,4907.76,168500.0,"Net Wt: 33.980 Gm.@Rate 4,500.00/Gm.",,Sale,0,1,0
1461,1,E22103001895,102,103,115,102,102,103,0.56,0.0,0.56,4500.0,0.0,0.0,538.25,0.0,0.0,0.0,0.0,0.0,3058.25,0.0,3058.25,91.74,3150.0,"Net Wt: 0.560 Gm.@Rate 4,500.00/Gm.",,Sale,0,1,0
1462,1,E22104000548,102,104,119,121,109,111,30.8,0.0,30.8,65.0,0.0,0.0,425.18,0.0,0.0,0.0,0.0,0.0,2427.18,0.0,2427.18,72.82,2500.0,Net Wt: 30.800 Gm.@Rate 65.00/Gm.,,Sale,0,1,0
1463,1,O21103001864,102,103,107,102,102,103,4.59,0.0,4.59,4500.0,0.0,0.0,1675.1,0.0,0.0,0.0,0.0,0.0,22330.1,0.0,22330.1,669.9,23000.0,"Net Wt: 4.590 Gm.@Rate 4,500.00/Gm.",,Sale,0,1,0
1464,1,F21103001464,102,103,331,102,102,103,1.87,0.0,1.87,4500.0,0.0,0.0,808.3,0.0,0.0,0.0,0.0,0.0,9223.3,0.0,9223.3,276.7,9500.0,"Net Wt: 1.870 Gm.@Rate 4,500.00/Gm.",,Sale,0,1,0
1465,1,O21103001720,102,103,102,102,102,103,2.74,0.0,2.74,4500.0,0.0,0.0,1262.23,0.0,0.0,0.0,0.0,0.0,13592.23,0.0,13592.23,407.76,14000.0,"Net Wt: 2.740 Gm.@Rate 4,500.00/Gm.",,Sale,0,1,0
1466,1,O21103001775,102,103,115,102,102,103,10.94,0.0,10.94,4500.0,10.0,0.0,4168.06,0.0,0.0,0.0,0.0,0.0,53398.06,0.0,53398.06,1601.94,55000.0,"Net Wt: 10.940 Gm.@Rate 4,500.00/Gm.",,Sale,0,1,0
1467,1,O21103001779,102,103,115,102,102,103,5.95,0.0,5.95,4500.0,5.0,0.0,2351.21,0.0,0.0,0.0,0.0,0.0,29126.21,0.0,29126.21,873.78,30000.0,"Net Wt: 5.950 Gm.@Rate 4,500.00/Gm.",,Sale,0,1,0
1468,1,N21103001656,102,103,338,102,102,103,4.45,0.0,4.45,4500.0,0.0,0.0,1916.75,0.0,0.0,0.0,0.0,0.0,21941.75,0.0,21941.75,658.26,22600.0,"Net Wt: 4.450 Gm.@Rate 4,500.00/Gm.",,Sale,0,1,0
1469,1,O21103001735,102,103,235,102,102,103,5.07,0.0,5.07,4500.0,0.0,0.0,2233.54,0.0,0.0,0.0,0.0,0.0,25048.54,0.0,25048.54,751.46,25800.0,"Net Wt: 5.070 Gm.@Rate 4,500.00/Gm.",,Sale,0,1,0
1470,1,F21103001452,102,103,331,102,102,103,8.03,0.0,8.03,4500.0,5.0,0.0,3670.83,0.0,0.0,0.0,0.0,0.0,39805.83,0.0,39805.83,1194.18,41000.0,"Net Wt: 8.030 Gm.@Rate 4,500.00/Gm.",,Sale,0,1,0
1471,1,M21103001569,102,103,235,102,102,103,3.47,0.0,3.47,4500.0,0.0,0.0,889.85,0.0,0.0,0.0,0.0,0.0,16504.85,0.0,16504.85,495.14,17000.0,"Net Wt: 3.470 Gm.@Rate 4,500.00/Gm.",,Sale,0,1,0
1472,1,F22104000549,102,104,139,140,109,111,157.7,0.0,157.7,65.0,270.0,0.0,4312.61,0.0,0.0,0.0,0.0,0.0,14563.11,0.0,14563.11,436.9,15000.0,Net Wt: 157.700 Gm.@Rate 65.00/Gm.,,Sale,0,1,0
1473,1,F22104000550,102,104,119,121,109,111,56.3,0.0,56.3,65.0,0.0,0.0,224.0,0.0,0.0,0.0,0.0,0.0,3883.5,0.0,3883.5,116.5,4000.0,Net Wt: 56.300 Gm.@Rate 65.00/Gm.,,Sale,0,1,0
1474,1,O21103001766,102,103,115,102,102,103,2.25,0.0,2.25,4500.0,0.0,0.0,1040.05,0.0,0.0,0.0,0.0,0.0,11165.05,0.0,11165.05,334.96,11500.0,"Net Wt: 2.250 Gm.@Rate 4,500.00/Gm.",,Sale,0,1,0
1475,1,F22104000551,102,104,138,102,109,111,28.75,0.0,28.75,65.0,0.0,0.0,558.43,0.0,0.0,0.0,0.0,0.0,2427.18,0.0,2427.18,72.82,2500.0,Net Wt: 28.750 Gm.@Rate 65.00/Gm.,,Sale,0,1,0
1476,1,F22103001896,102,103,238,102,102,103,0.37,0.0,0.37,4500.0,0.0,0.0,470.92,0.0,0.0,0.0,0.0,0.0,2135.92,0.0,2135.92,64.08,2200.0,"Net Wt: 0.370 Gm.@Rate 4,500.00/Gm.",,Sale,0,1,0
1477,1,O20103001289,102,103,102,102,102,103,0.93,0.0,0.93,4500.0,13.0,0.0,669.37,0.0,0.0,0.0,0.0,0.0,4854.37,0.0,4854.37,145.64,5000.0,"Net Wt: 0.930 Gm.@Rate 4,500.00/Gm.",,Sale,0,1,0
1478,1,M21103001572,102,103,235,102,102,103,11.2,0.0,11.2,4500.0,0.0,0.0,5716.5,0.0,0.0,0.0,0.0,0.0,56116.5,0.0,56116.5,1683.5,57800.0,"Net Wt: 11.200 Gm.@Rate 4,500.00/Gm.",,Sale,0,1,0
1479,1,F22104000552,102,104,119,121,109,111,22.1,0.0,22.1,65.0,0.0,0.0,311.07,0.0,0.0,0.0,0.0,0.0,1747.57,0.0,1747.57,52.42,1800.0,Net Wt: 22.100 Gm.@Rate 65.00/Gm.,,Sale,0,1,0
1480,1,F22104000553,102,104,353,102,109,111,41.34,0.0,41.34,65.0,0.0,0.0,1196.4,0.0,0.0,0.0,0.0,0.0,3883.5,0.0,3883.5,116.5,4000.0,Net Wt: 41.340 Gm.@Rate 65.00/Gm.,,Sale,0,1,0
1481,1,K20103001139,102,103,235,102,102,103,1.62,0.0,1.62,4590.0,0.0,0.0,622.45,0.0,0.0,0.0,0.0,0.0,8058.25,0.0,8058.25,241.74,8300.0,"Net Wt: 1.620 Gm.@Rate 4,590.00/Gm.",,Sale,0,1,0
1481,2,O21103001748,102,103,374,102,102,103,1.76,0.0,1.76,4590.0,0.0,0.0,1047.81,0.0,0.0,0.0,0.0,0.0,9126.21,0.0,9126.21,273.78,9400.0,"Net Wt: 1.760 Gm.@Rate 4,590.00/Gm.",,Sale,0,1,0
1482,1,F22103001897,102,103,235,102,102,103,4.59,0.0,4.59,4590.0,0.0,0.0,2329.96,0.0,0.0,0.0,0.0,0.0,23398.06,0.0,23398.06,701.94,24100.0,"Net Wt: 4.590 Gm.@Rate 4,590.00/Gm.",,Sale,0,1,0
1482,2,F22104000554,102,104,119,121,109,111,35.2,0.0,35.2,65.0,0.0,0.0,1304.23,0.0,0.0,0.0,0.0,0.0,3592.23,0.0,3592.23,107.76,3700.0,Net Wt: 35.200 Gm.@Rate 65.00/Gm.,,Sale,0,1,0
1483,1,N21103001638,102,103,112,102,102,103,10.85,0.0,10.85,4590.0,0.0,0.0,4567.43,0.0,0.0,0.0,0.0,0.0,54368.93,0.0,54368.93,1631.06,56000.0,"Net Wt: 10.850 Gm.@Rate 4,590.00/Gm.",,Sale,0,1,0
1483,2,O21103001770,102,103,115,102,102,103,1.6,0.0,1.6,4590.0,0.0,0.0,908.43,0.0,0.0,0.0,0.0,0.0,8252.43,0.0,8252.43,247.58,8500.0,"Net Wt: 1.600 Gm.@Rate 4,590.00/Gm.",,Sale,0,1,0
1483,3,F22104000555,102,104,119,121,109,111,125.3,0.0,125.3,65.0,0.0,0.0,2049.67,0.0,0.0,0.0,0.0,0.0,10194.17,0.0,10194.17,305.82,10500.0,Net Wt: 125.300 Gm.@Rate 65.00/Gm.,,Sale,0,1,0
1484,1,J19103000326,102,103,107,102,102,103,6.93,0.0,6.93,4590.0,0.0,0.0,3142.76,0.0,0.0,0.0,0.0,0.0,34951.46,0.0,34951.46,1048.54,36000.0,"Net Wt: 6.930 Gm.@Rate 4,590.00/Gm.",,Sale,0,1,0
1485,1,F22104000556,102,104,119,121,109,111,15.32,0.0,15.32,65.0,0.0,0.0,169.25,0.0,0.0,0.0,0.0,0.0,1165.05,0.0,1165.05,34.96,1200.0,Net Wt: 15.320 Gm.@Rate 65.00/Gm.,,Sale,0,1,0
1486,1,F22103001898,102,103,102,102,102,103,1.98,0.0,1.98,4590.0,0.0,0.0,911.8,0.0,0.0,0.0,0.0,0.0,10000.0,0.0,10000.0,300.0,10300.0,"Net Wt: 1.980 Gm.@Rate 4,590.00/Gm.",,Sale,0,1,0
1487,1,F22104000557,102,104,119,121,109,111,55.36,0.0,55.36,65.0,0.0,0.0,770.53,0.0,0.0,0.0,0.0,0.0,4368.93,0.0,4368.93,131.06,4500.0,Net Wt: 55.360 Gm.@Rate 65.00/Gm.,,Sale,0,1,0
1489,1,F21103001426,102,103,103,102,102,103,13.09,0.0,13.09,4590.0,10.0,0.0,5936.32,0.0,0.0,0.0,0.0,0.0,66019.42,0.0,66019.42,1980.58,68000.0,"Net Wt: 13.090 Gm.@Rate 4,590.00/Gm.",,Sale,0,1,0
1490,1,O20103001303,102,103,331,102,102,103,2.63,0.0,2.63,4590.0,0.0,0.0,1326.26,0.0,0.0,0.0,0.0,0.0,13397.96,0.0,13397.96,401.94,13799.9,"Net Wt: 2.630 Gm.@Rate 4,590.00/Gm.",,Sale,0,1,0
1490,2,F22103001899,102,103,331,102,102,103,2.48,0.0,2.48,4590.0,0.0,0.0,1723.6,0.0,0.0,0.0,0.0,0.0,13106.8,0.0,13106.8,393.2,13500.0,"Net Wt: 2.480 Gm.@Rate 4,590.00/Gm.",,Sale,0,1,0
1491,1,F22104000558,102,104,131,133,109,111,258.3,0.0,258.3,65.0,300.0,0.0,6268.38,0.0,0.0,0.0,0.0,0.0,23057.88,0.0,23057.88,691.74,23749.62,Net Wt: 258.300 Gm.@Rate 65.00/Gm.,,Sale,0,1,0
1492,1,N21103001648,102,103,112,102,102,103,8.31,0.0,8.31,4690.0,0.0,0.0,4715.42,0.0,0.0,0.0,0.0,0.0,43689.32,0.0,43689.32,1310.68,45000.0,"Net Wt: 8.310 Gm.@Rate 4,690.00/Gm.",,Sale,0,1,0
1493,1,F22104000559,102,104,440,101,109,111,6.3,0.0,6.3,65.0,0.0,0.0,1046.81,0.0,0.0,0.0,0.0,0.0,1456.31,0.0,1456.31,43.68,1500.0,Net Wt: 6.300 Gm.@Rate 65.00/Gm.,,Sale,0,1,0
1494,1,F22104000560,102,104,119,121,109,111,19.5,0.0,19.5,65.0,0.0,0.0,43.18,0.0,0.0,0.0,0.0,0.0,1310.68,0.0,1310.68,39.32,1350.0,Net Wt: 19.500 Gm.@Rate 65.00/Gm.,,Sale,0,1,0
1495,1,F22104000561,102,104,351,102,109,111,5.9,0.0,5.9,65.0,0.0,0.0,150.48,0.0,0.0,0.0,0.0,0.0,533.98,0.0,533.98,16.02,550.0,Net Wt: 5.900 Gm.@Rate 65.00/Gm.,,Sale,0,1,0
1496,1,F21103001467,102,103,331,102,102,103,2.38,0.0,2.38,4690.0,0.0,0.0,1944.6,0.0,0.0,0.0,0.0,0.0,13106.8,0.0,13106.8,393.2,13500.0,"Net Wt: 2.380 Gm.@Rate 4,690.00/Gm.",,Sale,0,1,0
1497,1,F22103001900,102,103,113,102,102,103,3.78,0.0,3.78,4690.0,0.0,0.0,1495.1,0.0,0.0,0.0,0.0,0.0,19223.3,0.0,19223.3,576.7,19800.0,"Net Wt: 3.780 Gm.@Rate 4,690.00/Gm.",,Sale,0,1,0
1498,1,K20103001162,102,103,236,102,102,103,3.79,0.0,3.79,4500.0,0.0,0.0,1877.04,0.0,0.0,0.0,0.0,0.0,18932.04,0.0,18932.04,567.96,19500.0,"Net Wt: 3.790 Gm.@Rate 4,500.00/Gm.",,Sale,0,1,0
1499,1,F22103001901,102,103,112,102,102,103,10.38,0.0,10.38,4600.0,0.0,0.0,4485.01,0.0,0.0,0.0,0.0,0.0,52233.01,0.0,52233.01,1567.0,53800.0,"Net Wt: 10.380 Gm.@Rate 4,600.00/Gm.",,Sale,0,1,0
1500,1,F22103001902,102,103,110,102,102,103,4.25,0.0,4.25,4690.0,0.0,0.0,1912.16,0.0,0.0,0.0,0.0,0.0,21844.66,0.0,21844.66,655.34,22500.0,"Net Wt: 4.250 Gm.@Rate 4,690.00/Gm.",,Sale,0,1,0
1501,1,N21103001624,102,103,331,102,102,103,1.89,0.0,1.89,4500.0,0.0,0.0,766.84,0.0,0.0,0.0,0.0,0.0,9271.84,0.0,9271.84,278.16,9550.0,"Net Wt: 1.890 Gm.@Rate 4,500.00/Gm.",,Sale,0,1,0
1502,1,O21103001742,102,103,235,102,102,103,15.68,0.0,15.68,4500.0,10.0,0.0,8080.78,0.0,0.0,0.0,0.0,0.0,78640.78,0.0,78640.78,2359.22,81000.0,"Net Wt: 15.680 Gm.@Rate 4,500.00/Gm.",,Sale,0,1,0
1503,1,N21103001622,102,103,331,102,102,103,11.81,0.0,11.81,4500.0,10.0,0.0,7049.17,0.0,0.0,0.0,0.0,0.0,60194.17,0.0,60194.17,1805.82,62000.0,"Net Wt: 11.810 Gm.@Rate 4,500.00/Gm.",,Sale,0,1,0
1504,1,N21103001645,102,103,112,102,102,103,6.98,0.0,6.98,4500.0,0.0,0.0,2764.76,0.0,0.0,0.0,0.0,0.0,34174.76,0.0,34174.76,1025.24,35200.0,"Net Wt: 6.980 Gm.@Rate 4,500.00/Gm.",,Sale,0,1,0
1505,1,N19103000655,102,103,236,102,102,103,14.52,0.0,14.52,4500.0,10.0,0.0,7475.53,0.0,0.0,0.0,0.0,0.0,72815.53,0.0,72815.53,2184.46,75000.0,"Net Wt: 14.520 Gm.@Rate 4,500.00/Gm.",,Sale,0,1,0
1506,1,F22104000562,102,104,119,121,109,111,36.1,0.0,36.1,65.0,0.0,0.0,1051.56,0.0,0.0,0.0,0.0,0.0,3398.06,0.0,3398.06,101.94,3500.0,Net Wt: 36.100 Gm.@Rate 65.00/Gm.,,Sale,0,1,0
1507,1,F22103001903,102,103,102,102,102,103,1.65,0.0,1.65,4690.0,0.0,0.0,902.28,0.0,0.0,0.0,0.0,0.0,8640.78,0.0,8640.78,259.22,8900.0,"Net Wt: 1.650 Gm.@Rate 4,690.00/Gm.",,Sale,0,1,0
1508,1,F22103001904,102,103,404,102,102,103,1.11,0.0,1.11,4690.0,0.0,0.0,1201.87,0.0,0.0,0.0,0.0,0.0,6407.77,0.0,6407.77,192.24,6600.0,"Net Wt: 1.110 Gm.@Rate 4,690.00/Gm.",,Sale,0,1,0
1508,2,F22103001905,102,103,404,102,102,103,1.2,0.0,1.2,4690.0,0.0,0.0,585.59,0.0,0.0,0.0,0.0,0.0,6213.59,0.0,6213.59,186.4,6400.0,"Net Wt: 1.200 Gm.@Rate 4,690.00/Gm.",,Sale,0,1,0
1509,1,J19103000429,102,103,331,102,102,103,1.97,0.0,1.97,4690.0,0.0,0.0,954.87,0.0,0.0,0.0,0.0,0.0,10194.17,0.0,10194.17,305.82,10500.0,"Net Wt: 1.970 Gm.@Rate 4,690.00/Gm.",,Sale,0,1,0
1510,1,F20103001010,102,103,110,102,102,103,1.45,0.0,1.45,4500.0,0.0,0.0,1048.27,0.0,0.0,0.0,0.0,0.0,7573.27,0.0,7573.27,227.2,7800.47,"Net Wt: 1.450 Gm.@Rate 4,500.00/Gm.",,Sale,0,1,0
1511,1,M21103001579,102,103,235,102,102,103,4.1,0.0,4.1,4690.0,0.0,0.0,2130.22,0.0,0.0,0.0,0.0,0.0,21359.22,0.0,21359.22,640.78,22000.0,"Net Wt: 4.100 Gm.@Rate 4,690.00/Gm.",,Sale,0,1,0
1511,2,O21103001761,102,103,115,102,102,103,2.28,0.0,2.28,4690.0,0.0,0.0,957.0,0.0,0.0,0.0,0.0,0.0,11650.33,0.0,11650.33,349.5,11999.84,"Net Wt: 2.280 Gm.@Rate 4,690.00/Gm.",,Sale,0,1,0
1526,1,G22103001907,102,103,110,102,102,103,1.18,0.0,1.18,4750.0,0.0,0.0,1191.12,0.0,0.0,0.0,0.0,0.0,6796.12,0.0,6796.12,203.88,7000.0,"Net Wt: 1.180 Gm.@Rate 4,750.00/Gm.",,Sale,0,1,0
1527,1,N21103001702,102,103,101,102,102,103,11.9,0.0,11.9,4690.0,0.0,0.0,5354.05,0.0,0.0,0.0,0.0,0.0,61165.05,0.0,61165.05,1834.96,63000.0,"Net Wt: 11.900 Gm.@Rate 4,690.00/Gm.",,Sale,0,1,0
1528,1,G22103001908,102,103,113,102,102,103,5.6,0.0,5.6,4790.0,0.0,0.0,2302.21,0.0,0.0,0.0,0.0,0.0,29126.21,0.0,29126.21,873.78,30000.0,"Net Wt: 5.600 Gm.@Rate 4,790.00/Gm.",,Sale,0,1,0
1528,2,G22104000570,102,104,351,102,109,111,6.2,0.0,6.2,69.0,0.0,0.0,57.64,0.0,0.0,0.0,0.0,0.0,485.44,0.0,485.44,14.56,500.0,Net Wt: 6.200 Gm.@Rate 69.00/Gm.,,Sale,0,1,0
1529,1,N21103001685,102,103,235,102,102,103,2.0,0.0,2.0,4690.0,0.0,0.0,1008.35,0.0,0.0,0.0,0.0,0.0,10388.35,0.0,10388.35,311.66,10700.0,"Net Wt: 2.000 Gm.@Rate 4,690.00/Gm.",,Sale,0,1,0
1529,2,N21103001667,102,103,403,102,102,103,1.79,0.0,1.79,4690.0,0.0,0.0,925.29,0.0,0.0,0.0,0.0,0.0,9320.39,0.0,9320.39,279.62,9600.0,"Net Wt: 1.790 Gm.@Rate 4,690.00/Gm.",,Sale,0,1,0
1530,1,N21103001662,102,103,338,102,102,103,12.81,0.0,12.81,4690.0,10.0,0.0,5940.52,0.0,0.0,0.0,0.0,0.0,66019.42,0.0,66019.42,1980.58,68000.0,"Net Wt: 12.810 Gm.@Rate 4,690.00/Gm.",,Sale,0,1,0
1532,1,G22103001909,102,103,113,102,102,103,4.9,0.0,4.9,4850.0,0.0,0.0,1963.16,0.0,0.0,0.0,0.0,0.0,25728.16,0.0,25728.16,771.84,26500.0,"Net Wt: 4.900 Gm.@Rate 4,850.00/Gm.",,Sale,0,1,0
1533,1,P19103000834,102,103,102,102,102,103,13.79,0.0,13.79,4850.0,10.0,0.0,10788.4,0.0,0.0,0.0,0.0,0.0,77669.9,0.0,77669.9,2330.1,80000.0,"Net Wt: 13.790 Gm.@Rate 4,850.00/Gm.",,Sale,0,1,0
1534,1,G22104000571,102,104,119,121,109,111,45.6,0.0,45.6,69.0,0.0,0.0,1610.88,0.0,0.0,0.0,0.0,0.0,4757.28,0.0,4757.28,142.72,4900.0,Net Wt: 45.600 Gm.@Rate 69.00/Gm.,,Sale,0,1,0
1535,1,H21103001534,102,103,331,102,102,103,2.48,0.0,2.48,4850.0,0.0,0.0,1078.8,0.0,0.0,0.0,0.0,0.0,13106.8,0.0,13106.8,393.2,13500.0,"Net Wt: 2.480 Gm.@Rate 4,850.00/Gm.",,Sale,0,1,0
1545,1,N21103001697,102,103,101,102,102,103,20.41,0.0,20.41,4850.0,0.0,0.0,8778.49,0.0,0.0,0.0,0.0,0.0,107766.99,0.0,107766.99,3233.0,111000.0,"Net Wt: 20.410 Gm.@Rate 4,850.00/Gm.",,Sale,0,1,0
1545,2,F20103000982,102,103,110,102,102,103,3.88,0.0,3.88,4850.0,0.0,0.0,2055.79,0.0,0.0,0.0,0.0,0.0,20873.79,0.0,20873.79,626.22,21500.0,"Net Wt: 3.880 Gm.@Rate 4,850.00/Gm.",,Sale,0,1,0
1546,1,N21103001657,102,103,338,102,102,103,3.59,0.0,3.59,4850.0,0.0,0.0,1520.54,0.0,0.0,0.0,0.0,0.0,18932.04,0.0,18932.04,567.96,19500.0,"Net Wt: 3.590 Gm.@Rate 4,850.00/Gm.",,Sale,0,1,0
1546,2,N20103001243,102,103,338,102,102,103,3.95,0.0,3.95,4850.0,0.0,0.0,1716.29,0.0,0.0,0.0,0.0,0.0,20873.79,0.0,20873.79,626.22,21500.0,"Net Wt: 3.950 Gm.@Rate 4,850.00/Gm.",,Sale,0,1,0
1547,1,N21103001690,102,103,411,102,102,103,0.29,0.0,0.29,4850.0,0.0,0.0,49.81,0.0,0.0,0.0,0.0,0.0,1456.31,0.0,1456.31,43.68,1500.0,"Net Wt: 0.290 Gm.@Rate 4,850.00/Gm.",,Sale,0,1,0
1547,2,G22104000576,102,104,119,121,109,111,35.3,0.0,35.3,65.0,0.0,0.0,909.38,0.0,0.0,0.0,0.0,0.0,3203.88,0.0,3203.88,96.12,3300.0,Net Wt: 35.300 Gm.@Rate 65.00/Gm.,,Sale,0,1,0
1548,1,G22103001912,102,103,327,102,102,103,9.65,0.0,9.65,4890.0,0.0,0.0,4267.81,0.0,0.0,0.0,0.0,0.0,51456.31,0.0,51456.31,1543.68,53000.0,"Net Wt: 9.650 Gm.@Rate 4,890.00/Gm.",,Sale,0,1,0
1549,1,G22104000577,102,104,119,121,109,111,25.63,0.0,25.63,65.0,0.0,0.0,275.8,0.0,0.0,0.0,0.0,0.0,1941.75,0.0,1941.75,58.26,2000.0,Net Wt: 25.630 Gm.@Rate 65.00/Gm.,,Sale,0,1,0
1550,1,G22104000578,102,104,128,130,109,111,3.6,0.0,3.6,65.0,0.0,0.0,154.35,0.0,0.0,0.0,0.0,0.0,388.35,0.0,388.35,11.66,400.0,Net Wt: 3.600 Gm.@Rate 65.00/Gm.,,Sale,0,1,0
1551,1,G22103001913,102,103,102,102,102,103,5.63,0.0,5.63,4790.0,0.0,0.0,2158.51,0.0,0.0,0.0,0.0,0.0,29126.21,0.0,29126.21,873.78,30000.0,"Net Wt: 5.630 Gm.@Rate 4,790.00/Gm.",,Sale,0,1,0
1552,1,G22103001914,102,103,115,102,102,103,0.4,0.0,0.4,4690.0,0.0,0.0,1036.62,0.0,0.0,0.0,0.0,0.0,2912.62,0.0,2912.62,87.38,3000.0,"Net Wt: 0.400 Gm.@Rate 4,690.00/Gm.",,Sale,0,1,0
1553,1,G22103001915,102,103,102,102,102,103,3.23,0.0,3.23,4690.0,0.0,0.0,1356.15,0.0,0.0,0.0,0.0,0.0,16504.85,0.0,16504.85,495.14,17000.0,"Net Wt: 3.230 Gm.@Rate 4,690.00/Gm.",,Sale,0,1,0
1554,1,G22104000579,102,104,128,130,109,111,5.6,0.0,5.6,65.0,0.0,0.0,121.44,0.0,0.0,0.0,0.0,0.0,485.44,0.0,485.44,14.56,500.0,Net Wt: 5.600 Gm.@Rate 65.00/Gm.,,Sale,0,1,0
1563,1,H22104000584,102,104,125,102,109,111,45.0,0.0,45.0,60.0,0.0,0.0,115.53,0.0,0.0,0.0,0.0,0.0,2815.53,0.0,2815.53,84.46,2900.0,Net Wt: 45.000 Gm.@Rate 60.00/Gm.,,Sale,0,1,0
1564,1,H22104000585,102,104,151,150,109,111,13.52,0.0,13.52,65.0,0.0,0.0,286.25,0.0,0.0,0.0,0.0,0.0,1165.05,0.0,1165.05,34.96,1200.0,Net Wt: 13.520 Gm.@Rate 65.00/Gm.,,Sale,0,1,0
1512,1,F22104000563,102,104,119,121,109,111,56.32,0.0,56.32,65.0,0.0,0.0,902.31,0.0,0.0,0.0,0.0,0.0,4563.11,0.0,4563.11,136.9,4700.0,Net Wt: 56.320 Gm.@Rate 65.00/Gm.,,Sale,0,1,0
1513,1,F22104000564,102,104,351,102,109,111,4.63,0.0,4.63,45.0,0.0,0.0,131.46,0.0,0.0,0.0,0.0,0.0,339.81,0.0,339.81,10.2,350.0,Net Wt: 4.630 Gm.@Rate 45.00/Gm.,,Sale,0,1,0
1514,1,O21103001728,102,103,235,102,102,103,12.37,0.0,12.37,4690.0,7.8,0.0,6693.53,0.0,0.0,0.0,0.0,0.0,64708.83,0.0,64708.83,1941.26,66650.09,"Net Wt: 12.370 Gm.@Rate 4,690.00/Gm.",,Sale,0,1,0
1515,1,N21103001679,102,103,235,102,102,103,7.22,0.0,7.22,4690.0,5.0,0.0,4973.15,0.0,0.0,0.0,0.0,0.0,38834.95,0.0,38834.95,1165.04,40000.0,"Net Wt: 7.220 Gm.@Rate 4,690.00/Gm.",,Sale,0,1,0
1516,1,O21103001863,102,103,107,102,102,103,23.41,0.0,23.41,4690.0,20.0,0.0,11566.32,0.0,0.0,0.0,0.0,0.0,121359.22,0.0,121359.22,3640.78,125000.0,"Net Wt: 23.410 Gm.@Rate 4,690.00/Gm.",,Sale,0,1,0
1517,1,F21103001468,102,103,331,102,102,103,1.81,0.0,1.81,4690.0,0.0,0.0,1025.66,0.0,0.0,0.0,0.0,0.0,9514.56,0.0,9514.56,285.44,9800.0,"Net Wt: 1.810 Gm.@Rate 4,690.00/Gm.",,Sale,0,1,0
1518,1,H21103001513,102,103,102,102,102,103,3.47,0.0,3.47,4690.0,0.0,0.0,1686.87,0.0,0.0,0.0,0.0,0.0,17961.17,0.0,17961.17,538.84,18500.01,"Net Wt: 3.470 Gm.@Rate 4,690.00/Gm.",,Sale,0,1,0
1519,1,G22104000565,102,104,119,121,109,111,56.3,0.0,56.3,65.0,0.0,0.0,1583.22,0.0,0.0,0.0,0.0,0.0,5242.72,0.0,5242.72,157.28,5400.0,Net Wt: 56.300 Gm.@Rate 65.00/Gm.,,Sale,0,1,0
1520,1,G22104000566,102,104,122,124,109,111,15.3,0.0,15.3,65.0,0.0,0.0,170.55,0.0,0.0,0.0,0.0,0.0,1165.05,0.0,1165.05,34.96,1200.0,Net Wt: 15.300 Gm.@Rate 65.00/Gm.,,Sale,0,1,0
1521,1,G22103001906,102,103,103,102,102,103,2.29,0.0,2.29,4790.0,0.0,0.0,1069.73,0.0,0.0,0.0,0.0,0.0,12038.83,0.0,12038.83,361.16,12400.0,"Net Wt: 2.290 Gm.@Rate 4,790.00/Gm.",,Sale,0,1,0
1522,1,G22104000567,102,104,119,121,109,111,55.03,0.0,55.03,65.0,0.0,0.0,1471.59,0.0,0.0,0.0,0.0,0.0,5048.54,0.0,5048.54,151.46,5200.0,Net Wt: 55.030 Gm.@Rate 65.00/Gm.,,Sale,0,1,0
1524,1,G22104000568,102,104,119,121,109,111,265.0,0.0,265.0,65.0,200.0,0.0,7046.84,0.0,0.0,0.0,0.0,0.0,24271.84,0.0,24271.84,728.16,25000.0,Net Wt: 265.000 Gm.@Rate 65.00/Gm.,,Sale,0,1,0
1525,1,G22104000569,102,104,119,121,109,111,18.61,0.0,18.61,65.0,0.0,0.0,489.38,0.0,0.0,0.0,0.0,0.0,1699.03,0.0,1699.03,50.98,1750.0,Net Wt: 18.610 Gm.@Rate 65.00/Gm.,,Sale,0,1,0
1555,1,G22104000580,102,104,119,121,109,111,145.36,0.0,145.36,65.0,100.0,0.0,1716.65,0.0,0.0,0.0,0.0,0.0,11165.05,0.0,11165.05,334.96,11500.0,Net Wt: 145.360 Gm.@Rate 65.00/Gm.,,Sale,0,1,0
1556,1,G22104000581,102,104,120,122,109,111,12.3,0.0,12.3,65.0,0.0,0.0,171.37,0.0,0.0,0.0,0.0,0.0,970.87,0.0,970.87,29.12,1000.0,Net Wt: 12.300 Gm.@Rate 65.00/Gm.,,Sale,0,1,0
1582,1,H22104000596,102,104,119,121,109,111,68.2,0.0,68.2,65.0,0.0,0.0,1586.42,0.0,0.0,0.0,0.0,0.0,6019.42,0.0,6019.42,180.58,6200.0,Net Wt: 68.200 Gm.@Rate 65.00/Gm.,,Sale,0,1,0
1583,1,H22104000597,102,104,120,122,109,111,15.2,0.0,15.2,65.0,0.0,0.0,177.05,0.0,0.0,0.0,0.0,0.0,1165.05,0.0,1165.05,34.96,1200.0,Net Wt: 15.200 Gm.@Rate 65.00/Gm.,,Sale,0,1,0
1585,1,H22104000598,102,104,119,121,109,111,56.32,0.0,56.32,65.0,0.0,0.0,708.13,0.0,0.0,0.0,0.0,0.0,4368.93,0.0,4368.93,131.06,4500.0,Net Wt: 56.320 Gm.@Rate 65.00/Gm.,,Sale,0,1,0
1593,1,N21103001630,102,103,331,102,102,103,3.18,0.0,3.18,4950.0,0.0,0.0,1734.73,0.0,0.0,0.0,0.0,0.0,17475.73,0.0,17475.73,524.28,18000.0,"Net Wt: 3.180 Gm.@Rate 4,950.00/Gm.",,Sale,0,1,0
1594,1,H22103001924,102,103,110,102,102,103,3.98,0.0,3.98,4990.0,0.0,0.0,2664.07,0.0,0.0,0.0,0.0,0.0,22524.27,0.0,22524.27,675.72,23200.0,"Net Wt: 3.980 Gm.@Rate 4,990.00/Gm.",,Sale,0,1,0
1595,1,H22103001925,102,103,103,102,102,103,2.01,0.0,2.01,4990.0,0.0,0.0,940.97,0.0,0.0,0.0,0.0,0.0,10970.87,0.0,10970.87,329.12,11300.0,"Net Wt: 2.010 Gm.@Rate 4,990.00/Gm.",,Sale,0,1,0
1596,1,H22103001926,102,103,110,102,102,103,1.04,0.0,1.04,4990.0,0.0,0.0,926.9,0.0,0.0,0.0,0.0,0.0,6116.5,0.0,6116.5,183.5,6300.0,"Net Wt: 1.040 Gm.@Rate 4,990.00/Gm.",,Sale,0,1,0
1597,1,H21103001497,102,103,102,102,102,103,3.02,0.0,3.02,4990.0,0.0,0.0,1435.05,0.0,0.0,0.0,0.0,0.0,16504.85,0.0,16504.85,495.14,17000.0,"Net Wt: 3.020 Gm.@Rate 4,990.00/Gm.",,Sale,0,1,0
1597,2,H22103001927,102,103,103,102,102,103,3.1,0.0,3.1,4990.0,0.0,0.0,2006.73,0.0,0.0,0.0,0.0,0.0,17475.73,0.0,17475.73,524.28,18000.0,"Net Wt: 3.100 Gm.@Rate 4,990.00/Gm.",,Sale,0,1,0
1598,1,H22103001928,102,103,110,102,102,103,6.1,0.0,6.1,4990.0,0.0,0.0,4027.02,0.0,0.0,0.0,0.0,0.0,34466.02,0.0,34466.02,1033.98,35500.0,"Net Wt: 6.100 Gm.@Rate 4,990.00/Gm.",,Sale,0,1,0
1629,1,N21103001658,102,103,338,102,102,103,2.32,0.0,2.32,4890.0,0.0,0.0,985.3,0.0,0.0,0.0,0.0,0.0,12330.1,0.0,12330.1,369.9,12700.0,"Net Wt: 2.320 Gm.@Rate 4,890.00/Gm.",,Sale,0,1,0
1630,1,I22103001979,102,103,102,102,102,103,1.21,0.0,1.21,4890.0,0.0,0.0,587.95,0.0,0.0,0.0,0.0,0.0,6504.85,0.0,6504.85,195.14,6700.0,"Net Wt: 1.210 Gm.@Rate 4,890.00/Gm.",,Sale,0,1,0
1631,1,I22103002010,102,103,112,102,102,103,7.32,0.0,7.32,4890.0,0.0,0.0,4011.03,0.0,0.0,0.0,0.0,0.0,39805.83,0.0,39805.83,1194.18,41000.0,"Net Wt: 7.320 Gm.@Rate 4,890.00/Gm.",,Sale,0,1,0
1631,2,O21103001740,102,103,235,102,102,103,2.63,0.0,2.63,4890.0,0.0,0.0,1508.23,0.0,0.0,0.0,0.0,0.0,14368.93,0.0,14368.93,431.06,14800.0,"Net Wt: 2.630 Gm.@Rate 4,890.00/Gm.",,Sale,0,1,0
1535,2,G22104000572,102,104,119,121,109,111,18.3,0.0,18.3,65.0,0.0,0.0,266.81,0.0,0.0,0.0,0.0,0.0,1456.31,0.0,1456.31,43.68,1500.0,Net Wt: 18.300 Gm.@Rate 65.00/Gm.,,Sale,0,1,0
1536,1,O20103001299,102,103,331,102,102,103,5.14,0.0,5.14,4850.0,0.0,0.0,2255.47,0.0,0.0,0.0,0.0,0.0,27184.47,0.0,27184.47,815.54,28000.0,"Net Wt: 5.140 Gm.@Rate 4,850.00/Gm.",,Sale,0,1,0
1537,1,O21103001818,102,103,116,102,102,103,0.85,0.0,0.85,4850.0,0.0,0.0,343.52,0.0,0.0,0.0,0.0,0.0,4466.02,0.0,4466.02,133.98,4600.0,"Net Wt: 0.850 Gm.@Rate 4,850.00/Gm.",,Sale,0,1,0
1537,2,G22104000573,102,104,346,102,109,111,61.3,0.0,61.3,69.0,45.0,0.0,1110.11,0.0,0.0,0.0,0.0,0.0,5339.81,0.0,5339.81,160.2,5500.0,Net Wt: 61.300 Gm.@Rate 69.00/Gm.,,Sale,0,1,0
1538,1,G22104000574,102,104,119,121,109,111,32.3,0.0,32.3,69.0,0.0,0.0,683.92,0.0,0.0,0.0,0.0,0.0,2912.62,0.0,2912.62,87.38,3000.0,Net Wt: 32.300 Gm.@Rate 69.00/Gm.,,Sale,0,1,0
1539,1,N21103001619,102,103,102,102,102,103,4.44,0.0,4.44,4850.0,0.0,0.0,1766.97,0.0,0.0,0.0,0.0,0.0,23300.97,0.0,23300.97,699.02,24000.0,"Net Wt: 4.440 Gm.@Rate 4,850.00/Gm.",,Sale,0,1,0
1540,1,G22103001910,102,103,113,102,102,103,6.9,0.0,6.9,4850.0,0.0,0.0,3234.03,0.0,0.0,0.0,0.0,0.0,36699.03,0.0,36699.03,1100.98,37800.0,"Net Wt: 6.900 Gm.@Rate 4,850.00/Gm.",,Sale,0,1,0
1541,1,N21103001650,102,103,112,102,102,103,4.56,0.0,4.56,4890.0,0.0,0.0,1973.44,0.0,0.0,0.0,0.0,0.0,24271.84,0.0,24271.84,728.16,25000.0,"Net Wt: 4.560 Gm.@Rate 4,890.00/Gm.",,Sale,0,1,0
1542,1,N21103001688,102,103,331,102,102,103,4.52,0.0,4.52,4890.0,0.0,0.0,1877.78,0.0,0.0,0.0,0.0,0.0,23980.58,0.0,23980.58,719.42,24700.0,"Net Wt: 4.520 Gm.@Rate 4,890.00/Gm.",,Sale,0,1,0
1543,1,G22104000575,102,104,151,150,109,111,8.5,0.0,8.5,69.0,0.0,0.0,190.2,0.0,0.0,0.0,0.0,0.0,776.7,0.0,776.7,23.3,800.0,Net Wt: 8.500 Gm.@Rate 69.00/Gm.,,Sale,0,1,0
1544,1,G22103001911,102,103,327,102,102,103,8.27,0.0,8.27,4890.0,0.0,0.0,3734.46,0.0,0.0,0.0,0.0,0.0,44174.76,0.0,44174.76,1325.24,45500.0,"Net Wt: 8.270 Gm.@Rate 4,890.00/Gm.",,Sale,0,1,0
1587,1,N21103001636,102,103,112,102,102,103,11.39,0.0,11.39,4990.0,0.0,0.0,4086.23,0.0,0.0,0.0,0.0,0.0,60922.33,0.0,60922.33,1827.66,62750.0,"Net Wt: 11.390 Gm.@Rate 4,990.00/Gm.",,Sale,0,1,0
1599,1,M21103001577,102,103,235,102,102,103,3.63,0.0,3.63,4950.0,0.0,0.0,1934.41,0.0,0.0,0.0,0.0,0.0,19902.91,0.0,19902.91,597.08,20500.0,"Net Wt: 3.630 Gm.@Rate 4,950.00/Gm.",,Sale,0,1,0
1631,3,I22103002005,102,103,102,102,102,103,1.96,0.0,1.96,4890.0,0.0,0.0,1095.21,0.0,0.0,0.0,0.0,0.0,10679.61,0.0,10679.61,320.38,11000.0,"Net Wt: 1.960 Gm.@Rate 4,890.00/Gm.",,Sale,0,1,0
1631,4,I22104000614,102,104,139,140,109,111,356.3,0.0,356.3,65.0,0.0,0.0,9364.77,0.0,0.0,0.0,0.0,0.0,32524.27,0.0,32524.27,975.72,33500.0,Net Wt: 356.300 Gm.@Rate 65.00/Gm.,,Sale,0,1,0
1632,1,I22103002104,102,103,102,102,102,103,4.56,0.0,4.56,4890.0,0.0,0.0,1973.44,0.0,0.0,0.0,0.0,0.0,24271.84,0.0,24271.84,728.16,25000.0,"Net Wt: 4.560 Gm.@Rate 4,890.00/Gm.",,Sale,0,1,0
1633,1,O20103001326,102,103,235,102,102,103,6.04,0.0,6.04,4890.0,0.0,0.0,3959.55,0.0,0.0,0.0,0.0,0.0,33495.15,0.0,33495.15,1004.86,34500.0,"Net Wt: 6.040 Gm.@Rate 4,890.00/Gm.",,Sale,0,1,0
1634,1,I22103002101,102,103,331,102,102,103,1.69,0.0,1.69,4890.0,0.0,0.0,473.76,0.0,0.0,0.0,0.0,0.0,8737.86,0.0,8737.86,262.14,9000.0,"Net Wt: 1.690 Gm.@Rate 4,890.00/Gm.",,Sale,0,1,0
1635,1,I22103001981,102,103,331,102,102,103,1.32,0.0,1.32,4890.0,0.0,0.0,535.49,0.0,0.0,0.0,0.0,0.0,6990.29,0.0,6990.29,209.7,7200.0,"Net Wt: 1.320 Gm.@Rate 4,890.00/Gm.",,Sale,0,1,0
1636,1,F21103001472,102,103,331,102,102,103,2.92,0.0,2.92,4890.0,0.0,0.0,1255.18,0.0,0.0,0.0,0.0,0.0,15533.98,0.0,15533.98,466.02,16000.0,"Net Wt: 2.920 Gm.@Rate 4,890.00/Gm.",,Sale,0,1,0
1637,1,N20103001264,102,103,114,102,102,103,8.45,0.0,8.45,4890.0,0.0,0.0,3825.13,0.0,0.0,0.0,0.0,0.0,45145.63,0.0,45145.63,1354.36,46500.0,"Net Wt: 8.450 Gm.@Rate 4,890.00/Gm.",,Sale,0,1,0
1638,1,O21103001768,102,103,115,102,102,103,3.15,0.0,3.15,4890.0,0.0,0.0,1101.35,0.0,0.0,0.0,0.0,0.0,16504.85,0.0,16504.85,495.14,17000.0,"Net Wt: 3.150 Gm.@Rate 4,890.00/Gm.",,Sale,0,1,0
1639,1,H21103001531,102,103,331,102,102,103,2.35,0.0,2.35,4890.0,0.0,0.0,1129.86,0.0,0.0,0.0,0.0,0.0,12621.36,0.0,12621.36,378.64,13000.0,"Net Wt: 2.350 Gm.@Rate 4,890.00/Gm.",,Sale,0,1,0
1639,2,I22103001944,102,103,331,102,102,103,2.67,0.0,2.67,4890.0,0.0,0.0,1293.4,0.0,0.0,0.0,0.0,0.0,14349.7,0.0,14349.7,430.5,14780.19,"Net Wt: 2.670 Gm.@Rate 4,890.00/Gm.",,Sale,0,1,0
1640,1,H21103001508,102,103,102,102,102,103,2.95,0.0,2.95,4890.0,0.0,0.0,1108.48,0.0,0.0,0.0,0.0,0.0,15533.98,0.0,15533.98,466.02,16000.0,"Net Wt: 2.950 Gm.@Rate 4,890.00/Gm.",,Sale,0,1,0
1641,1,I22104000615,102,104,132,134,109,111,15.3,0.0,15.3,65.0,0.0,0.0,364.72,0.0,0.0,0.0,0.0,0.0,1359.22,0.0,1359.22,40.78,1400.0,Net Wt: 15.300 Gm.@Rate 65.00/Gm.,,Sale,0,1,0
1642,1,N19103000661,102,103,102,102,102,103,6.61,0.0,6.61,4890.0,0.0,0.0,3113.99,0.0,0.0,0.0,0.0,0.0,35436.89,0.0,35436.89,1063.1,36500.0,"Net Wt: 6.610 Gm.@Rate 4,890.00/Gm.",,Sale,0,1,0
1642,2,I22103001958,102,103,411,102,102,103,0.36,0.0,0.36,4890.0,0.0,0.0,181.35,0.0,0.0,0.0,0.0,0.0,1941.75,0.0,1941.75,58.26,2000.0,"Net Wt: 0.360 Gm.@Rate 4,890.00/Gm.",,Sale,0,1,0
1642,3,I22104000616,102,104,123,102,109,111,15.3,0.0,15.3,65.0,0.0,0.0,461.81,0.0,0.0,0.0,0.0,0.0,1456.31,0.0,1456.31,43.68,1500.0,Net Wt: 15.300 Gm.@Rate 65.00/Gm.,,Sale,0,1,0
1557,1,N21103001625,102,103,331,102,102,103,2.24,0.0,2.24,4650.0,0.0,0.0,1234.49,0.0,0.0,0.0,0.0,0.0,11650.49,0.0,11650.49,349.52,12000.0,"Net Wt: 2.240 Gm.@Rate 4,650.00/Gm.",,Sale,0,1,0
1557,2,G22103001916,102,103,103,102,102,103,5.48,0.0,5.48,4650.0,0.0,0.0,3401.5,0.0,0.0,0.0,0.0,0.0,28883.5,0.0,28883.5,866.5,29750.0,"Net Wt: 5.480 Gm.@Rate 4,650.00/Gm.",,Sale,0,1,0
1558,1,O20103001331,102,103,235,102,102,103,3.56,0.0,3.56,4650.0,0.0,0.0,1407.17,0.0,0.0,0.0,0.0,0.0,17961.17,0.0,17961.17,538.84,18500.01,"Net Wt: 3.560 Gm.@Rate 4,650.00/Gm.",,Sale,0,1,0
1559,1,F20103000877,102,103,112,102,102,103,19.59,0.0,19.59,4650.0,0.0,0.0,7935.63,0.0,0.0,0.0,0.0,0.0,99029.13,0.0,99029.13,2970.88,102000.0,"Net Wt: 19.590 Gm.@Rate 4,650.00/Gm.",,Sale,0,1,0
1560,1,G22104000582,102,104,119,121,109,111,96.32,0.0,96.32,65.0,40.0,0.0,3447.94,0.0,0.0,0.0,0.0,0.0,9708.74,0.0,9708.74,291.26,10000.0,Net Wt: 96.320 Gm.@Rate 65.00/Gm.,,Sale,0,1,0
1561,1,G22104000583,102,104,119,121,109,111,51.3,0.0,51.3,65.0,0.0,0.0,549.0,0.0,0.0,0.0,0.0,0.0,3883.5,0.0,3883.5,116.5,4000.0,Net Wt: 51.300 Gm.@Rate 65.00/Gm.,,Sale,0,1,0
1562,1,F21103001462,102,103,331,102,102,103,2.36,0.0,2.36,4790.0,0.0,0.0,831.52,0.0,0.0,0.0,0.0,0.0,12135.92,0.0,12135.92,364.08,12500.0,"Net Wt: 2.360 Gm.@Rate 4,790.00/Gm.",,Sale,0,1,0
1562,2,G22103001917,102,103,113,102,102,103,5.51,0.0,5.51,4790.0,0.0,0.0,1762.44,0.0,0.0,0.0,0.0,0.0,28155.34,0.0,28155.34,844.66,29000.0,"Net Wt: 5.510 Gm.@Rate 4,790.00/Gm.",,Sale,0,1,0
1643,1,I22103001959,102,103,411,102,102,103,0.51,0.0,0.51,4890.0,0.0,0.0,418.72,0.0,0.0,0.0,0.0,0.0,2912.62,0.0,2912.62,87.38,3000.0,"Net Wt: 0.510 Gm.@Rate 4,890.00/Gm.",,Sale,0,1,0
1643,2,I22104000617,102,104,119,121,109,111,15.63,0.0,15.63,65.0,0.0,0.0,440.36,0.0,0.0,0.0,0.0,0.0,1456.31,0.0,1456.31,43.68,1500.0,Net Wt: 15.630 Gm.@Rate 65.00/Gm.,,Sale,0,1,0
1644,1,I22103002105,102,103,113,102,102,103,5.32,0.0,5.32,4890.0,0.0,0.0,3111.41,0.0,0.0,0.0,0.0,0.0,29126.21,0.0,29126.21,873.78,30000.0,"Net Wt: 5.320 Gm.@Rate 4,890.00/Gm.",,Sale,0,1,0
1645,1,I22104000618,102,104,119,121,109,111,56.32,0.0,56.32,65.0,0.0,0.0,222.7,0.0,0.0,0.0,0.0,0.0,3883.5,0.0,3883.5,116.5,4000.0,Net Wt: 56.320 Gm.@Rate 65.00/Gm.,,Sale,0,1,0
1646,1,I22103002106,102,103,102,102,102,103,2.95,0.0,2.95,4800.0,0.0,0.0,403.11,0.0,0.0,0.0,0.0,0.0,14563.11,0.0,14563.11,436.9,15000.0,"Net Wt: 2.950 Gm.@Rate 4,800.00/Gm.",,Sale,0,1,0
1647,1,I22104000619,102,104,122,124,109,111,25.36,0.0,25.36,65.0,0.0,0.0,584.61,0.0,0.0,0.0,0.0,0.0,2233.01,0.0,2233.01,67.0,2300.0,Net Wt: 25.360 Gm.@Rate 65.00/Gm.,,Sale,0,1,0
1648,1,P19103000849,102,103,112,102,102,103,18.01,0.0,18.01,4890.0,0.0,0.0,9018.48,0.0,0.0,0.0,0.0,0.0,97087.38,0.0,97087.38,2912.62,100000.0,"Net Wt: 18.010 Gm.@Rate 4,890.00/Gm.",,Sale,0,1,0
1648,2,I22104000620,102,104,119,121,109,111,159.63,0.0,159.63,65.0,0.0,0.0,303.66,0.0,0.0,0.0,0.0,0.0,10679.61,0.0,10679.61,320.38,11000.0,Net Wt: 159.630 Gm.@Rate 65.00/Gm.,,Sale,0,1,0
1649,1,I22104000621,102,104,119,121,109,111,78.63,0.0,78.63,65.0,0.0,0.0,2364.78,0.0,0.0,0.0,0.0,0.0,7475.73,0.0,7475.73,224.28,7700.0,Net Wt: 78.630 Gm.@Rate 65.00/Gm.,,Sale,0,1,0
1650,1,I22103002107,102,103,331,102,102,103,4.43,0.0,4.43,4890.0,0.0,0.0,2609.14,0.0,0.0,0.0,0.0,0.0,24271.84,0.0,24271.84,728.16,25000.0,"Net Wt: 4.430 Gm.@Rate 4,890.00/Gm.",,Sale,0,1,0
1651,1,I22103002108,102,103,331,102,102,103,2.37,0.0,2.37,4890.0,0.0,0.0,1032.06,0.0,0.0,0.0,0.0,0.0,12621.36,0.0,12621.36,378.64,13000.0,"Net Wt: 2.370 Gm.@Rate 4,890.00/Gm.",,Sale,0,1,0
1652,1,I22103002109,102,103,102,102,102,103,7.58,0.0,7.58,4850.0,0.0,0.0,4013.7,0.0,0.0,0.0,0.0,0.0,40776.7,0.0,40776.7,1223.3,42000.0,"Net Wt: 7.580 Gm.@Rate 4,850.00/Gm.",,Sale,0,1,0
1653,1,I22103001952,102,103,235,102,102,103,5.48,0.0,5.48,4890.0,0.0,0.0,4270.76,0.0,0.0,0.0,0.0,0.0,31067.96,0.0,31067.96,932.04,32000.0,"Net Wt: 5.480 Gm.@Rate 4,890.00/Gm.",,Sale,0,1,0
1655,1,J22104000622,102,104,119,121,109,111,18.93,0.0,18.93,65.0,0.0,0.0,225.86,0.0,0.0,0.0,0.0,0.0,1456.31,0.0,1456.31,43.68,1500.0,Net Wt: 18.930 Gm.@Rate 65.00/Gm.,,Sale,0,1,0
1656,1,M21103001584,102,103,235,102,102,103,4.89,0.0,4.89,4890.0,0.0,0.0,2194.7,0.0,0.0,0.0,0.0,0.0,26106.8,0.0,26106.8,783.2,26890.0,"Net Wt: 4.890 Gm.@Rate 4,890.00/Gm.",,Sale,0,1,0
1657,1,J22104000623,102,104,119,121,109,111,39.35,0.0,39.35,65.0,0.0,0.0,257.78,0.0,0.0,0.0,0.0,0.0,2815.53,0.0,2815.53,84.46,2900.0,Net Wt: 39.350 Gm.@Rate 65.00/Gm.,,Sale,0,1,0
1658,1,I22103002043,102,103,374,101,102,103,1.88,0.0,1.88,4890.0,0.0,0.0,1486.41,0.0,0.0,0.0,0.0,0.0,10679.61,0.0,10679.61,320.38,11000.0,"Net Wt: 1.880 Gm.@Rate 4,890.00/Gm.",,Sale,0,1,0
1659,1,J22104000624,102,104,119,121,109,111,19.85,0.0,19.85,65.0,0.0,0.0,845.67,0.0,0.0,0.0,0.0,0.0,2135.92,0.0,2135.92,64.08,2200.0,Net Wt: 19.850 Gm.@Rate 65.00/Gm.,,Sale,0,1,0
1660,1,F21103001428,102,103,103,102,102,103,2.64,0.0,2.64,4890.0,0.0,0.0,1168.07,0.0,0.0,0.0,0.0,0.0,14077.67,0.0,14077.67,422.34,14500.0,"Net Wt: 2.640 Gm.@Rate 4,890.00/Gm.",,Sale,0,1,0
1661,1,I22103001961,102,103,411,102,102,103,0.39,0.0,0.39,4890.0,0.0,0.0,520.08,0.0,0.0,0.0,0.0,0.0,2427.18,0.0,2427.18,72.82,2500.0,"Net Wt: 0.390 Gm.@Rate 4,890.00/Gm.",,Sale,0,1,0
1661,2,I22103001999,102,103,331,102,102,103,3.05,0.0,3.05,4890.0,0.0,0.0,1590.35,0.0,0.0,0.0,0.0,0.0,16504.85,0.0,16504.85,495.14,17000.0,"Net Wt: 3.050 Gm.@Rate 4,890.00/Gm.",,Sale,0,1,0
1565,1,H22104000586,102,104,119,121,109,111,65.0,0.0,65.0,65.0,0.0,0.0,143.93,0.0,0.0,0.0,0.0,0.0,4368.93,0.0,4368.93,131.06,4500.0,Net Wt: 65.000 Gm.@Rate 65.00/Gm.,,Sale,0,1,0
1566,1,H22104000587,102,104,119,121,109,111,49.0,0.0,49.0,65.0,4.0,0.0,698.67,0.0,0.0,0.0,0.0,0.0,3883.67,0.0,3883.67,116.52,4000.18,Net Wt: 49.000 Gm.@Rate 65.00/Gm.,,Sale,0,1,0
1567,1,H22103001918,102,103,112,102,102,103,25.36,0.0,25.36,4790.0,17.0,0.0,25127.35,0.0,0.0,0.0,0.0,0.0,146601.75,0.0,146601.75,4398.06,150999.8,"Net Wt: 25.360 Gm.@Rate 4,790.00/Gm.",,Sale,0,1,0
1568,1,H22103001919,102,103,169,102,102,103,0.75,0.0,0.75,4790.0,0.0,0.0,291.0,0.0,0.0,0.0,0.0,0.0,3883.5,0.0,3883.5,116.5,4000.0,"Net Wt: 0.750 Gm.@Rate 4,790.00/Gm.",,Sale,0,1,0
1569,1,H22104000588,102,104,127,129,109,111,5.0,0.0,5.0,65.0,0.0,0.0,257.52,0.0,0.0,0.0,0.0,0.0,582.52,0.0,582.52,17.48,600.0,Net Wt: 5.000 Gm.@Rate 65.00/Gm.,,Sale,0,1,0
1570,1,H22104000589,102,104,119,121,109,111,26.1,0.0,26.1,65.0,0.0,0.0,342.33,0.0,0.0,0.0,0.0,0.0,2038.83,0.0,2038.83,61.16,2100.0,Net Wt: 26.100 Gm.@Rate 65.00/Gm.,,Sale,0,1,0
1571,1,O21103001844,102,103,112,102,102,103,5.2,0.0,5.2,4790.0,0.0,0.0,4218.21,0.0,0.0,0.0,0.0,0.0,29126.21,0.0,29126.21,873.78,30000.0,"Net Wt: 5.200 Gm.@Rate 4,790.00/Gm.",,Sale,0,1,0
1572,1,H22104000590,102,104,289,102,109,111,31.2,0.0,31.2,65.0,0.0,0.0,399.18,0.0,0.0,0.0,0.0,0.0,2427.18,0.0,2427.18,72.82,2500.0,Net Wt: 31.200 Gm.@Rate 65.00/Gm.,,Sale,0,1,0
1573,1,H22104000591,102,104,120,122,109,111,10.3,0.0,10.3,65.0,0.0,0.0,204.29,0.0,0.0,0.0,0.0,0.0,873.79,0.0,873.79,26.22,900.0,Net Wt: 10.300 Gm.@Rate 65.00/Gm.,,Sale,0,1,0
1574,1,N21103001670,102,103,403,102,102,103,1.48,0.0,1.48,4790.0,0.0,0.0,1163.23,0.0,0.0,0.0,0.0,0.0,8252.43,0.0,8252.43,247.58,8500.0,"Net Wt: 1.480 Gm.@Rate 4,790.00/Gm.",,Sale,0,1,0
1575,1,H21103001552,102,103,102,102,102,103,3.15,0.0,3.15,4800.0,0.0,0.0,1384.85,0.0,0.0,0.0,0.0,0.0,16504.85,0.0,16504.85,495.14,17000.0,"Net Wt: 3.150 Gm.@Rate 4,800.00/Gm.",,Sale,0,1,0
1575,2,N21103001668,102,103,403,102,102,103,1.61,0.0,1.61,4800.0,0.0,0.0,524.43,0.0,0.0,0.0,0.0,0.0,8252.43,0.0,8252.43,247.58,8500.0,"Net Wt: 1.610 Gm.@Rate 4,800.00/Gm.",,Sale,0,1,0
1576,1,I19103000203,102,103,445,102,102,103,4.32,0.0,4.32,4800.0,0.0,0.0,2080.0,0.0,0.0,0.0,0.0,0.0,22815.53,0.0,22815.53,684.46,23500.0,"Net Wt: 4.320 Gm.@Rate 4,800.00/Gm.",,Sale,0,1,0
1576,2,N21103001669,102,103,403,102,102,103,2.1,0.0,2.1,4800.0,0.0,0.0,1085.05,0.0,0.0,0.0,0.0,0.0,11165.05,0.0,11165.05,334.96,11500.0,"Net Wt: 2.100 Gm.@Rate 4,800.00/Gm.",,Sale,0,1,0
1576,3,H22103001920,102,103,102,102,102,103,2.1,0.0,2.1,4800.0,0.0,0.0,1279.22,0.0,0.0,0.0,0.0,0.0,11359.22,0.0,11359.22,340.78,11700.0,"Net Wt: 2.100 Gm.@Rate 4,800.00/Gm.",,Sale,0,1,0
1577,3,H22104000592,102,104,119,121,109,111,15.32,0.0,15.32,65.0,0.0,0.0,72.16,0.0,0.0,0.0,0.0,0.0,1067.96,0.0,1067.96,32.04,1100.0,Net Wt: 15.320 Gm.@Rate 65.00/Gm.,,Sale,0,1,0
1578,1,H22104000593,102,104,119,121,109,111,56.32,0.0,56.32,65.0,0.0,0.0,222.7,0.0,0.0,0.0,0.0,0.0,3883.5,0.0,3883.5,116.5,4000.0,Net Wt: 56.320 Gm.@Rate 65.00/Gm.,,Sale,0,1,0
1579,1,H22104000594,102,104,122,124,109,111,23.32,0.0,23.32,65.0,0.0,0.0,299.73,0.0,0.0,0.0,0.0,0.0,1815.53,0.0,1815.53,54.46,1870.0,Net Wt: 23.320 Gm.@Rate 65.00/Gm.,,Sale,0,1,0
1580,1,H22104000595,102,104,119,121,109,111,32.63,0.0,32.63,65.0,0.0,0.0,306.23,0.0,0.0,0.0,0.0,0.0,2427.18,0.0,2427.18,72.82,2500.0,Net Wt: 32.630 Gm.@Rate 65.00/Gm.,,Sale,0,1,0
1581,1,H22103001921,102,103,105,102,102,103,3.33,0.0,3.33,4850.0,0.0,0.0,2296.1,0.0,0.0,0.0,0.0,0.0,18446.6,0.0,18446.6,553.4,19000.0,"Net Wt: 3.330 Gm.@Rate 4,850.00/Gm.",,Sale,0,1,0
1675,1,J22104000627,102,104,351,102,109,111,9.7,0.0,9.7,65.0,0.0,0.0,146.2,0.0,0.0,0.0,0.0,0.0,776.7,0.0,776.7,23.3,800.0,Net Wt: 9.700 Gm.@Rate 65.00/Gm.,,Sale,0,1,0
1676,1,J22104000628,102,104,119,121,109,111,23.3,0.0,23.3,65.0,0.0,0.0,233.07,0.0,0.0,0.0,0.0,0.0,1747.57,0.0,1747.57,52.42,1800.0,Net Wt: 23.300 Gm.@Rate 65.00/Gm.,,Sale,0,1,0
1677,1,I22103002059,102,103,107,102,102,103,4.67,0.0,4.67,4850.0,0.0,0.0,2593.22,0.0,0.0,0.0,0.0,0.0,25242.72,0.0,25242.72,757.28,26000.0,"Net Wt: 4.670 Gm.@Rate 4,850.00/Gm.",,Sale,0,1,0
1678,1,J22104000629,102,104,351,102,109,111,12.6,0.0,12.6,65.0,0.0,0.0,394.59,0.0,0.0,0.0,0.0,0.0,1213.59,0.0,1213.59,36.4,1250.0,Net Wt: 12.600 Gm.@Rate 65.00/Gm.,,Sale,0,1,0
1679,1,I22103001971,102,103,331,102,102,103,1.09,0.0,1.09,4850.0,0.0,0.0,538.74,0.0,0.0,0.0,0.0,0.0,5825.24,0.0,5825.24,174.76,6000.0,"Net Wt: 1.090 Gm.@Rate 4,850.00/Gm.",,Sale,0,1,0
1680,1,J22104000630,102,104,119,121,109,111,55.3,0.0,55.3,65.0,0.0,0.0,1599.67,0.0,0.0,0.0,0.0,0.0,5194.17,0.0,5194.17,155.82,5350.0,Net Wt: 55.300 Gm.@Rate 65.00/Gm.,,Sale,0,1,0
1681,1,M21103001575,102,103,235,102,102,103,3.86,0.0,3.86,4850.0,0.0,0.0,1667.35,0.0,0.0,0.0,0.0,0.0,20388.35,0.0,20388.35,611.66,21000.0,"Net Wt: 3.860 Gm.@Rate 4,850.00/Gm.",,Sale,0,1,0
1682,1,J22103002194,102,103,116,102,102,103,0.6,0.0,0.6,4850.0,0.0,0.0,876.41,0.0,0.0,0.0,0.0,0.0,3786.41,0.0,3786.41,113.6,3900.0,"Net Wt: 0.600 Gm.@Rate 4,850.00/Gm.",,Sale,0,1,0
1683,1,J19103000437,102,103,102,102,102,103,6.21,0.0,6.21,4850.0,0.0,0.0,2891.21,0.0,0.0,0.0,0.0,0.0,33009.71,0.0,33009.71,990.3,34000.0,"Net Wt: 6.210 Gm.@Rate 4,850.00/Gm.",,Sale,0,1,0
1587,2,G20103001085,102,103,115,102,102,103,3.66,0.0,3.66,4990.0,0.0,0.0,1396.79,0.0,0.0,0.0,0.0,0.0,19660.19,0.0,19660.19,589.8,20250.0,"Net Wt: 3.660 Gm.@Rate 4,990.00/Gm.",,Sale,0,1,0
1587,3,O21103001753,102,103,114,102,102,103,8.55,0.0,8.55,4990.0,0.0,0.0,2966.57,0.0,0.0,0.0,0.0,0.0,45631.07,0.0,45631.07,1368.94,47000.0,"Net Wt: 8.550 Gm.@Rate 4,990.00/Gm.",,Sale,0,1,0
1588,1,H22104000599,102,104,119,121,109,111,137.0,0.0,137.0,65.0,0.0,0.0,3716.36,0.0,0.0,0.0,0.0,0.0,12621.36,0.0,12621.36,378.64,13000.0,Net Wt: 137.000 Gm.@Rate 65.00/Gm.,,Sale,0,1,0
1588,2,H22104000600,102,104,139,140,109,111,50.0,0.0,50.0,65.0,0.0,0.0,2283.98,0.0,0.0,0.0,0.0,0.0,5533.98,0.0,5533.98,166.02,5700.0,Net Wt: 50.000 Gm.@Rate 65.00/Gm.,,Sale,0,1,0
1589,1,H22103001922,102,103,102,102,102,103,1.66,0.0,1.66,4950.0,0.0,0.0,423.78,0.0,0.0,0.0,0.0,0.0,8640.78,0.0,8640.78,259.22,8900.0,"Net Wt: 1.660 Gm.@Rate 4,950.00/Gm.",,Sale,0,1,0
1590,1,H22103001923,102,103,102,102,102,103,1.2,0.0,1.2,4950.0,0.0,0.0,370.68,0.0,0.0,0.0,0.0,0.0,6310.68,0.0,6310.68,189.32,6500.0,"Net Wt: 1.200 Gm.@Rate 4,950.00/Gm.",,Sale,0,1,0
1591,1,H21103001510,102,103,102,102,102,103,4.3,0.0,4.3,4950.0,0.0,0.0,1530.53,0.0,0.0,0.0,0.0,0.0,22815.53,0.0,22815.53,684.46,23500.0,"Net Wt: 4.300 Gm.@Rate 4,950.00/Gm.",,Sale,0,1,0
1592,1,F20103000991,102,103,110,102,102,103,3.99,0.0,3.99,4950.0,0.0,0.0,1608.72,0.0,0.0,0.0,0.0,0.0,21359.22,0.0,21359.22,640.78,22000.0,"Net Wt: 3.990 Gm.@Rate 4,950.00/Gm.",,Sale,0,1,0
1654,1,O21103001795,102,103,116,102,102,103,1.32,0.0,1.32,4890.0,0.0,0.0,341.32,0.0,0.0,0.0,0.0,0.0,6796.12,0.0,6796.12,203.88,7000.0,"Net Wt: 1.320 Gm.@Rate 4,890.00/Gm.",,Sale,0,1,0
1683,2,I22103001966,102,103,331,102,102,103,1.07,0.0,1.07,4850.0,0.0,0.0,635.74,0.0,0.0,0.0,0.0,0.0,5825.24,0.0,5825.24,174.76,6000.0,"Net Wt: 1.070 Gm.@Rate 4,850.00/Gm.",,Sale,0,1,0
1684,1,N21103001654,102,103,112,102,102,103,6.03,0.0,6.03,4850.0,0.0,0.0,2793.33,0.0,0.0,0.0,0.0,0.0,32038.83,0.0,32038.83,961.16,32999.99,"Net Wt: 6.030 Gm.@Rate 4,850.00/Gm.",,Sale,0,1,0
1684,2,I22103001955,102,103,235,102,102,103,5.51,0.0,5.51,4850.0,0.0,0.0,3373.59,0.0,0.0,0.0,0.0,0.0,30097.09,0.0,30097.09,902.92,31000.0,"Net Wt: 5.510 Gm.@Rate 4,850.00/Gm.",,Sale,0,1,0
1684,3,I22103002046,102,103,235,102,102,103,2.98,0.0,2.98,4850.0,0.0,0.0,2051.85,0.0,0.0,0.0,0.0,0.0,16504.85,0.0,16504.85,495.14,17000.0,"Net Wt: 2.980 Gm.@Rate 4,850.00/Gm.",,Sale,0,1,0
1684,4,J22104000631,102,104,119,121,109,111,55.6,0.0,55.6,65.0,0.0,0.0,1143.28,0.0,0.0,0.0,0.0,0.0,4757.28,0.0,4757.28,142.72,4900.0,Net Wt: 55.600 Gm.@Rate 65.00/Gm.,,Sale,0,1,0
1685,1,I22103001967,102,103,331,102,102,103,0.81,0.0,0.81,4850.0,0.0,0.0,634.61,0.0,0.0,0.0,0.0,0.0,4563.11,0.0,4563.11,136.9,4700.0,"Net Wt: 0.810 Gm.@Rate 4,850.00/Gm.",,Sale,0,1,0
1686,1,I22103002007,102,103,102,102,102,103,6.88,0.0,6.88,4850.0,0.0,0.0,2554.33,0.0,0.0,0.0,0.0,0.0,35922.33,0.0,35922.33,1077.66,37000.0,"Net Wt: 6.880 Gm.@Rate 4,850.00/Gm.",,Sale,0,1,0
1687,1,N21103001703,102,103,101,102,102,103,24.25,0.0,24.25,4850.0,0.0,0.0,11513.71,0.0,0.0,0.0,0.0,0.0,129126.21,0.0,129126.21,3873.78,133000.0,"Net Wt: 24.250 Gm.@Rate 4,850.00/Gm.",,Sale,0,1,0
1687,2,O21103001855,102,103,112,102,102,103,12.44,0.0,12.44,4850.0,0.0,0.0,4715.0,0.0,0.0,0.0,0.0,0.0,65048.54,0.0,65048.54,1951.46,67000.0,"Net Wt: 12.440 Gm.@Rate 4,850.00/Gm.",,Sale,0,1,0
1688,1,J22104000632,102,104,119,121,109,111,120.32,0.0,120.32,65.0,0.0,0.0,1887.94,0.0,0.0,0.0,0.0,0.0,9708.74,0.0,9708.74,291.26,10000.0,Net Wt: 120.320 Gm.@Rate 65.00/Gm.,,Sale,0,1,0
1689,1,F21103001444,102,103,235,102,102,103,6.47,0.0,6.47,4850.0,0.0,0.0,3086.52,0.0,0.0,0.0,0.0,0.0,34466.02,0.0,34466.02,1033.98,35500.0,"Net Wt: 6.470 Gm.@Rate 4,850.00/Gm.",,Sale,0,1,0
1689,2,I22103002022,102,103,327,102,102,103,7.01,0.0,7.01,4850.0,0.0,0.0,4351.01,0.0,0.0,0.0,0.0,0.0,38349.51,0.0,38349.51,1150.48,39500.0,"Net Wt: 7.010 Gm.@Rate 4,850.00/Gm.",,Sale,0,1,0
1689,3,J22104000633,102,104,119,121,109,111,68.32,0.0,68.32,65.0,0.0,0.0,1384.44,0.0,0.0,0.0,0.0,0.0,5825.24,0.0,5825.24,174.76,6000.0,Net Wt: 68.320 Gm.@Rate 65.00/Gm.,,Sale,0,1,0
1690,1,J22103002195,102,103,103,102,102,103,2.98,0.0,2.98,4790.0,0.0,0.0,1793.76,0.0,0.0,0.0,0.0,0.0,16067.96,0.0,16067.96,482.04,16550.0,"Net Wt: 2.980 Gm.@Rate 4,790.00/Gm.",,Sale,0,1,0
1691,1,J22104000634,102,104,119,121,109,111,32.3,0.0,32.3,65.0,0.0,0.0,36.42,0.0,0.0,0.0,0.0,0.0,2135.92,0.0,2135.92,64.08,2200.0,Net Wt: 32.300 Gm.@Rate 65.00/Gm.,,Sale,0,1,0
1692,1,J22103002157,102,103,112,102,102,103,12.58,0.0,12.58,4850.0,0.0,0.0,6948.17,0.0,0.0,0.0,0.0,0.0,67961.17,0.0,67961.17,2038.84,70000.01,"Net Wt: 12.580 Gm.@Rate 4,850.00/Gm.",,Sale,0,1,0
1692,2,J22103002196,102,103,103,102,102,103,3.52,0.0,3.52,4850.0,0.0,0.0,4287.22,0.0,0.0,0.0,0.0,0.0,21359.22,0.0,21359.22,640.78,22000.0,"Net Wt: 3.520 Gm.@Rate 4,850.00/Gm.",,Sale,0,1,0
1693,1,J22103002242,102,103,169,102,102,103,0.11,0.0,0.11,4890.0,0.0,0.0,530.06,0.0,0.0,0.0,0.0,0.0,1067.96,0.0,1067.96,32.04,1100.0,"Net Wt: 0.110 Gm.@Rate 4,890.00/Gm.",,Sale,0,1,0
1693,2,J22103002243,102,103,402,102,102,103,0.5,0.0,0.5,4890.0,0.0,0.0,661.8,0.0,0.0,0.0,0.0,0.0,3106.8,0.0,3106.8,93.2,3200.0,"Net Wt: 0.500 Gm.@Rate 4,890.00/Gm.",,Sale,0,1,0
1694,1,I22103002012,102,103,112,102,102,103,4.48,0.0,4.48,4890.0,0.0,0.0,1879.21,0.0,0.0,0.0,0.0,0.0,23786.41,0.0,23786.41,713.6,24500.0,"Net Wt: 4.480 Gm.@Rate 4,890.00/Gm.",,Sale,0,1,0
1600,1,H22104000601,102,104,119,121,109,111,78.96,0.0,78.96,65.0,0.0,0.0,692.84,0.0,0.0,0.0,0.0,0.0,5825.24,0.0,5825.24,174.76,6000.0,Net Wt: 78.960 Gm.@Rate 65.00/Gm.,,Sale,0,1,0
1601,1,H22104000602,102,104,119,121,109,111,63.32,0.0,63.32,65.0,0.0,0.0,738.57,0.0,0.0,0.0,0.0,0.0,4854.37,0.0,4854.37,145.64,5000.0,Net Wt: 63.320 Gm.@Rate 65.00/Gm.,,Sale,0,1,0
1602,1,H22103001929,102,103,116,102,102,103,4.47,0.0,4.47,4950.0,0.0,0.0,689.03,0.0,0.0,0.0,0.0,0.0,22815.53,0.0,22815.53,684.46,23500.0,"Net Wt: 4.470 Gm.@Rate 4,950.00/Gm.",,Sale,0,1,0
1603,1,H22103001930,102,103,102,102,102,103,1.32,0.0,1.32,4950.0,0.0,0.0,747.55,0.0,0.0,0.0,0.0,0.0,7281.55,0.0,7281.55,218.44,7500.0,"Net Wt: 1.320 Gm.@Rate 4,950.00/Gm.",,Sale,0,1,0
1604,1,H22104000603,102,104,119,121,109,111,65.63,0.0,65.63,65.0,0.0,0.0,588.42,0.0,0.0,0.0,0.0,0.0,4854.37,0.0,4854.37,145.64,5000.0,Net Wt: 65.630 Gm.@Rate 65.00/Gm.,,Sale,0,1,0
1605,1,O21103001759,102,103,115,102,102,103,3.15,0.0,3.15,4990.0,0.0,0.0,1563.05,0.0,0.0,0.0,0.0,0.0,17281.55,0.0,17281.55,518.44,17800.0,"Net Wt: 3.150 Gm.@Rate 4,990.00/Gm.",,Sale,0,1,0
1606,1,F21103001460,102,103,331,102,102,103,2.38,0.0,2.38,4990.0,0.0,0.0,2686.91,0.0,0.0,0.0,0.0,0.0,14563.11,0.0,14563.11,436.9,15000.0,"Net Wt: 2.380 Gm.@Rate 4,990.00/Gm.",,Sale,0,1,0
1612,1,I22104000606,102,104,123,102,109,111,12.32,0.0,12.32,65.0,0.0,0.0,170.07,0.0,0.0,0.0,0.0,0.0,970.87,0.0,970.87,29.12,1000.0,Net Wt: 12.320 Gm.@Rate 65.00/Gm.,,Sale,0,1,0
1613,1,I22103002102,102,103,113,102,102,103,5.2,0.0,5.2,4950.0,0.0,0.0,2415.34,0.0,0.0,0.0,0.0,0.0,28155.34,0.0,28155.34,844.66,29000.0,"Net Wt: 5.200 Gm.@Rate 4,950.00/Gm.",,Sale,0,1,0
1613,2,H19103000010,102,103,102,102,102,103,4.31,0.0,4.31,4950.0,0.0,0.0,3908.22,0.0,0.0,0.0,0.0,0.0,25242.72,0.0,25242.72,757.28,26000.0,"Net Wt: 4.310 Gm.@Rate 4,950.00/Gm.",,Sale,0,1,0
1613,3,I22104000607,102,104,127,129,109,111,10.0,0.0,10.0,65.0,0.0,0.0,126.7,0.0,0.0,0.0,0.0,0.0,776.7,0.0,776.7,23.3,800.0,Net Wt: 10.000 Gm.@Rate 65.00/Gm.,,Sale,0,1,0
1614,1,I22103001969,102,103,331,102,102,103,0.83,0.0,0.83,4950.0,0.0,0.0,260.43,0.0,0.0,0.0,0.0,0.0,4368.93,0.0,4368.93,131.06,4500.0,"Net Wt: 0.830 Gm.@Rate 4,950.00/Gm.",,Sale,0,1,0
1615,1,I22104000608,102,104,120,122,109,111,2.3,0.0,2.3,65.0,0.0,0.0,132.05,0.0,0.0,0.0,0.0,0.0,281.55,0.0,281.55,8.44,290.0,Net Wt: 2.300 Gm.@Rate 65.00/Gm.,,Sale,0,1,0
1617,1,I22104000609,102,104,119,121,109,111,25.3,0.0,25.3,65.0,0.0,0.0,151.62,0.0,0.0,0.0,0.0,0.0,1796.12,0.0,1796.12,53.88,1850.0,Net Wt: 25.300 Gm.@Rate 65.00/Gm.,,Sale,0,1,0
1618,1,I22104000610,102,104,119,121,109,111,45.7,0.0,45.7,65.0,0.0,0.0,1398.43,0.0,0.0,0.0,0.0,0.0,4368.93,0.0,4368.93,131.06,4500.0,Net Wt: 45.700 Gm.@Rate 65.00/Gm.,,Sale,0,1,0
1619,1,I22103001998,102,103,331,102,102,103,3.65,0.0,3.65,4950.0,0.0,0.0,1835.41,0.0,0.0,0.0,0.0,0.0,19902.91,0.0,19902.91,597.08,20500.0,"Net Wt: 3.650 Gm.@Rate 4,950.00/Gm.",,Sale,0,1,0
1620,1,I22104000611,102,104,119,121,109,111,22.3,0.0,22.3,65.0,0.0,0.0,103.9,0.0,0.0,0.0,0.0,0.0,1553.4,0.0,1553.4,46.6,1600.0,Net Wt: 22.300 Gm.@Rate 65.00/Gm.,,Sale,0,1,0
1621,1,H21103001491,102,103,235,102,102,103,4.73,0.0,4.73,4950.0,0.0,0.0,3091.35,0.0,0.0,0.0,0.0,0.0,26504.85,0.0,26504.85,795.14,27300.0,"Net Wt: 4.730 Gm.@Rate 4,950.00/Gm.",,Sale,0,1,0
1622,1,I22104000612,102,104,119,121,109,111,72.37,0.0,72.37,65.0,0.0,0.0,1800.8,0.0,0.0,0.0,0.0,0.0,6504.85,0.0,6504.85,195.14,6700.0,Net Wt: 72.370 Gm.@Rate 65.00/Gm.,,Sale,0,1,0
1623,1,I22103002103,102,103,101,102,102,103,12.32,0.0,12.32,4950.0,0.0,0.0,5035.42,0.0,0.0,0.0,0.0,0.0,66019.42,0.0,66019.42,1980.58,68000.0,"Net Wt: 12.320 Gm.@Rate 4,950.00/Gm.",,Sale,0,1,0
1624,1,I22103001976,102,103,102,102,102,103,1.2,0.0,1.2,4950.0,0.0,0.0,613.4,0.0,0.0,0.0,0.0,0.0,6553.4,0.0,6553.4,196.6,6750.0,"Net Wt: 1.200 Gm.@Rate 4,950.00/Gm.",,Sale,0,1,0
1625,1,I22104000613,102,104,119,121,109,111,56.32,0.0,56.32,65.0,0.0,0.0,222.7,0.0,0.0,0.0,0.0,0.0,3883.5,0.0,3883.5,116.5,4000.0,Net Wt: 56.320 Gm.@Rate 65.00/Gm.,,Sale,0,1,0
1626,1,O21103001785,102,103,116,102,102,103,3.09,0.0,3.09,4950.0,0.0,0.0,1209.35,0.0,0.0,0.0,0.0,0.0,16504.85,0.0,16504.85,495.14,17000.0,"Net Wt: 3.090 Gm.@Rate 4,950.00/Gm.",,Sale,0,1,0
1627,1,I22103001933,102,103,102,102,102,103,4.62,0.0,4.62,4890.0,0.0,0.0,1874.22,0.0,0.0,0.0,0.0,0.0,24466.02,0.0,24466.02,733.98,25200.0,"Net Wt: 4.620 Gm.@Rate 4,890.00/Gm.",,Sale,0,1,0
1628,1,I22103001980,102,103,102,102,102,103,1.2,0.0,1.2,4890.0,0.0,0.0,248.5,0.0,0.0,0.0,0.0,0.0,6116.5,0.0,6116.5,183.5,6300.0,"Net Wt: 1.200 Gm.@Rate 4,890.00/Gm.",,Sale,0,1,0
1697,1,N21103001678,102,103,235,102,102,103,3.5,0.0,3.5,4890.0,0.0,0.0,1331.6,0.0,0.0,0.0,0.0,0.0,18446.6,0.0,18446.6,553.4,19000.0,"Net Wt: 3.500 Gm.@Rate 4,890.00/Gm.",,Sale,0,1,0
1698,1,I22103001941,102,103,331,102,102,103,2.47,0.0,2.47,4890.0,0.0,0.0,1125.58,0.0,0.0,0.0,0.0,0.0,13203.88,0.0,13203.88,396.12,13600.0,"Net Wt: 2.470 Gm.@Rate 4,890.00/Gm.",,Sale,0,1,0
1699,1,J22104000636,102,104,128,130,109,111,15.3,0.0,15.3,65.0,0.0,0.0,73.46,0.0,0.0,0.0,0.0,0.0,1067.96,0.0,1067.96,32.04,1100.0,Net Wt: 15.300 Gm.@Rate 65.00/Gm.,,Sale,0,1,0
1700,1,J22103002158,102,103,112,102,102,103,9.43,0.0,9.43,4890.0,0.0,0.0,4858.17,0.0,0.0,0.0,0.0,0.0,50970.87,0.0,50970.87,1529.12,52500.0,"Net Wt: 9.430 Gm.@Rate 4,890.00/Gm.",,Sale,0,1,0
1607,1,I22104000604,102,104,119,121,109,111,69.3,0.0,69.3,65.0,0.0,0.0,835.31,0.0,0.0,0.0,0.0,0.0,5339.81,0.0,5339.81,160.2,5500.0,Net Wt: 69.300 Gm.@Rate 65.00/Gm.,,Sale,0,1,0
1608,1,O21103001708,102,103,101,102,102,103,17.01,0.0,17.01,4990.0,0.0,0.0,9294.86,0.0,0.0,0.0,0.0,0.0,94174.76,0.0,94174.76,2825.24,97000.0,"Net Wt: 17.010 Gm.@Rate 4,990.00/Gm.",,Sale,0,1,0
1608,2,O21103001715,102,103,102,102,102,103,6.13,0.0,6.13,4990.0,0.0,0.0,3391.88,0.0,0.0,0.0,0.0,0.0,33980.58,0.0,33980.58,1019.42,35000.0,"Net Wt: 6.130 Gm.@Rate 4,990.00/Gm.",,Sale,0,1,0
1609,1,I22103001995,102,103,331,102,102,103,2.97,0.0,2.97,4950.0,0.0,0.0,1317.92,0.0,0.0,0.0,0.0,0.0,16019.42,0.0,16019.42,480.58,16500.0,"Net Wt: 2.970 Gm.@Rate 4,950.00/Gm.",,Sale,0,1,0
1610,1,I22104000605,102,104,119,121,109,111,35.6,0.0,35.6,65.0,0.0,0.0,598.62,0.0,0.0,0.0,0.0,0.0,2912.62,0.0,2912.62,87.38,3000.0,Net Wt: 35.600 Gm.@Rate 65.00/Gm.,,Sale,0,1,0
1611,1,M21103001583,102,103,235,102,102,103,4.68,0.0,4.68,4950.0,0.0,0.0,3047.87,0.0,0.0,0.0,0.0,0.0,26213.87,0.0,26213.87,786.42,27000.29,"Net Wt: 4.680 Gm.@Rate 4,950.00/Gm.",,Sale,0,1,0
1611,2,I22103001989,102,103,331,102,102,103,1.26,0.0,1.26,4950.0,0.0,0.0,1044.55,0.0,0.0,0.0,0.0,0.0,7281.55,0.0,7281.55,218.44,7500.0,"Net Wt: 1.260 Gm.@Rate 4,950.00/Gm.",,Sale,0,1,0
1695,1,I22103001987,102,103,331,102,102,103,2.51,0.0,2.51,4890.0,0.0,0.0,1318.33,0.0,0.0,0.0,0.0,0.0,13592.23,0.0,13592.23,407.76,14000.0,"Net Wt: 2.510 Gm.@Rate 4,890.00/Gm.",,Sale,0,1,0
1696,1,J22104000635,102,104,123,102,109,111,18.32,0.0,18.32,65.0,0.0,0.0,750.95,0.0,0.0,0.0,0.0,0.0,1941.75,0.0,1941.75,58.26,2000.0,Net Wt: 18.320 Gm.@Rate 65.00/Gm.,,Sale,0,1,0
1701,1,I22103001963,102,103,331,102,102,103,0.9,0.0,0.9,4800.0,0.0,0.0,534.37,0.0,0.0,0.0,0.0,0.0,4854.37,0.0,4854.37,145.64,5000.0,"Net Wt: 0.900 Gm.@Rate 4,800.00/Gm.",,Sale,0,1,0
1702,1,G20103001096,102,103,115,102,102,103,2.29,0.0,2.29,4890.0,0.0,0.0,1132.0,0.0,0.0,0.0,0.0,0.0,12330.1,0.0,12330.1,369.9,12700.0,"Net Wt: 2.290 Gm.@Rate 4,890.00/Gm.",,Sale,0,1,0
1707,1,K22103002244,102,103,113,102,102,103,4.29,0.0,4.29,4890.0,0.0,0.0,1837.43,0.0,0.0,0.0,0.0,0.0,22815.53,0.0,22815.53,684.46,23500.0,"Net Wt: 4.290 Gm.@Rate 4,890.00/Gm.",,Sale,0,1,0
1708,1,I22103002061,102,103,107,102,102,103,6.93,0.0,6.93,4890.0,0.0,0.0,3976.38,0.0,0.0,0.0,0.0,0.0,37864.08,0.0,37864.08,1135.92,39000.0,"Net Wt: 6.930 Gm.@Rate 4,890.00/Gm.",,Sale,0,1,0
1708,2,I22103002090,102,103,110,102,102,103,2.6,0.0,2.6,4890.0,0.0,0.0,1363.67,0.0,0.0,0.0,0.0,0.0,14077.67,0.0,14077.67,422.34,14500.0,"Net Wt: 2.600 Gm.@Rate 4,890.00/Gm.",,Sale,0,1,0
1709,1,J19103000294,102,103,103,102,102,103,5.39,0.0,5.39,4890.0,0.0,0.0,2283.68,0.0,0.0,0.0,0.0,0.0,28640.78,0.0,28640.78,859.22,29500.0,"Net Wt: 5.390 Gm.@Rate 4,890.00/Gm.",,Sale,0,1,0
1709,2,J22103002126,102,103,102,102,102,103,3.82,0.0,3.82,4890.0,0.0,0.0,2193.99,0.0,0.0,0.0,0.0,0.0,20873.79,0.0,20873.79,626.22,21500.0,"Net Wt: 3.820 Gm.@Rate 4,890.00/Gm.",,Sale,0,1,0
1710,1,N21103001628,102,103,331,102,102,103,2.36,0.0,2.36,4890.0,0.0,0.0,1080.96,0.0,0.0,0.0,0.0,0.0,12621.36,0.0,12621.36,378.64,13000.0,"Net Wt: 2.360 Gm.@Rate 4,890.00/Gm.",,Sale,0,1,0
1711,1,K22104000639,102,104,119,121,109,111,52.32,0.0,52.32,65.0,0.0,0.0,1453.57,0.0,0.0,0.0,0.0,0.0,4854.37,0.0,4854.37,145.64,5000.0,Net Wt: 52.320 Gm.@Rate 65.00/Gm.,,Sale,0,1,0
1712,1,J22103002115,102,103,331,102,102,103,1.16,0.0,1.16,4890.0,0.0,0.0,638.28,0.0,0.0,0.0,0.0,0.0,6310.68,0.0,6310.68,189.32,6500.0,"Net Wt: 1.160 Gm.@Rate 4,890.00/Gm.",,Sale,0,1,0
1718,1,N21103001633,102,103,331,102,102,103,2.49,0.0,2.49,4890.0,0.0,0.0,1319.05,0.0,0.0,0.0,0.0,0.0,13495.15,0.0,13495.15,404.86,13900.0,"Net Wt: 2.490 Gm.@Rate 4,890.00/Gm.",,Sale,0,1,0
1719,1,J22103002190,102,103,235,102,102,103,2.05,0.0,2.05,4890.0,0.0,0.0,655.11,0.0,0.0,0.0,0.0,0.0,10679.61,0.0,10679.61,320.38,11000.0,"Net Wt: 2.050 Gm.@Rate 4,890.00/Gm.",,Sale,0,1,0
1714,1,I22103002026,102,103,374,101,102,103,3.87,0.0,3.87,4890.0,0.0,0.0,1949.49,0.0,0.0,0.0,0.0,0.0,20873.79,0.0,20873.79,626.22,21500.0,"Net Wt: 3.870 Gm.@Rate 4,890.00/Gm.",,Sale,0,1,0
1714,2,I22103001936,102,103,331,102,102,103,1.19,0.0,1.19,4890.0,0.0,0.0,491.58,0.0,0.0,0.0,0.0,0.0,6310.68,0.0,6310.68,189.32,6500.0,"Net Wt: 1.190 Gm.@Rate 4,890.00/Gm.",,Sale,0,1,0
1715,1,J22103002188,102,103,235,102,102,103,3.75,0.0,3.75,4890.0,0.0,0.0,2050.85,0.0,0.0,0.0,0.0,0.0,20388.35,0.0,20388.35,611.66,21000.0,"Net Wt: 3.750 Gm.@Rate 4,890.00/Gm.",,Sale,0,1,0
1716,1,I22103002082,102,103,110,102,102,103,3.0,0.0,3.0,4890.0,0.0,0.0,2320.29,0.0,0.0,0.0,0.0,0.0,16990.29,0.0,16990.29,509.7,17500.0,"Net Wt: 3.000 Gm.@Rate 4,890.00/Gm.",,Sale,0,1,0
1717,1,O21103001746,102,103,235,102,102,103,2.84,0.0,2.84,4890.0,0.0,0.0,1160.94,0.0,0.0,0.0,0.0,0.0,15048.54,0.0,15048.54,451.46,15500.0,"Net Wt: 2.840 Gm.@Rate 4,890.00/Gm.",,Sale,0,1,0
1717,2,J22103002222,102,103,116,102,102,103,0.57,0.0,0.57,4890.0,0.0,0.0,319.5,0.0,0.0,0.0,0.0,0.0,3106.8,0.0,3106.8,93.2,3200.0,"Net Wt: 0.570 Gm.@Rate 4,890.00/Gm.",,Sale,0,1,0
1717,3,J22103002235,102,103,116,102,102,103,0.69,0.0,0.69,4890.0,0.0,0.0,412.31,0.0,0.0,0.0,0.0,0.0,3786.41,0.0,3786.41,113.6,3900.0,"Net Wt: 0.690 Gm.@Rate 4,890.00/Gm.",,Sale,0,1,0
1720,1,J22103002133,102,103,102,102,102,103,0.72,0.0,0.72,4890.0,0.0,0.0,362.7,0.0,0.0,0.0,0.0,0.0,3883.5,0.0,3883.5,116.5,4000.01,"Net Wt: 0.720 Gm.@Rate 4,890.00/Gm.",,Sale,0,1,0
1662,1,P19103000837,102,103,102,102,102,103,3.6,0.0,3.6,4890.0,0.0,0.0,1813.48,0.0,0.0,0.0,0.0,0.0,19417.48,0.0,19417.48,582.52,20000.0,"Net Wt: 3.600 Gm.@Rate 4,890.00/Gm.",,Sale,0,1,0
1663,1,I22103002042,102,103,374,101,102,103,1.79,0.0,1.79,4890.0,0.0,0.0,1149.81,0.0,0.0,0.0,0.0,0.0,9902.91,0.0,9902.91,297.08,10200.0,"Net Wt: 1.790 Gm.@Rate 4,890.00/Gm.",,Sale,0,1,0
1664,1,N21103001653,102,103,112,102,102,103,5.08,0.0,5.08,4890.0,0.0,0.0,886.96,0.0,0.0,0.0,0.0,0.0,25728.16,0.0,25728.16,771.84,26500.0,"Net Wt: 5.080 Gm.@Rate 4,890.00/Gm.",,Sale,0,1,0
1665,1,I22103002037,102,103,374,101,102,103,1.95,0.0,1.95,4890.0,0.0,0.0,658.67,0.0,0.0,0.0,0.0,0.0,10194.17,0.0,10194.17,305.82,10500.0,"Net Wt: 1.950 Gm.@Rate 4,890.00/Gm.",,Sale,0,1,0
1666,1,I22103002060,102,103,107,102,102,103,5.33,0.0,5.33,4890.0,0.0,0.0,2577.08,0.0,0.0,0.0,0.0,0.0,28640.78,0.0,28640.78,859.22,29500.0,"Net Wt: 5.330 Gm.@Rate 4,890.00/Gm.",,Sale,0,1,0
1666,2,I22103002006,102,103,102,102,102,103,4.51,0.0,4.51,4890.0,0.0,0.0,1247.07,0.0,0.0,0.0,0.0,0.0,23300.97,0.0,23300.97,699.02,24000.0,"Net Wt: 4.510 Gm.@Rate 4,890.00/Gm.",,Sale,0,1,0
1667,1,J22104000625,102,104,120,122,109,111,15.32,0.0,15.32,65.0,0.0,0.0,363.42,0.0,0.0,0.0,0.0,0.0,1359.22,0.0,1359.22,40.78,1400.0,Net Wt: 15.320 Gm.@Rate 65.00/Gm.,,Sale,0,1,0
1668,1,J22104000626,102,104,127,129,109,111,10.0,0.0,10.0,65.0,0.0,0.0,320.87,0.0,0.0,0.0,0.0,0.0,970.87,0.0,970.87,29.12,1000.0,Net Wt: 10.000 Gm.@Rate 65.00/Gm.,,Sale,0,1,0
1669,1,O21103001778,102,103,115,102,102,103,3.34,0.0,3.34,4890.0,0.0,0.0,1143.13,0.0,0.0,0.0,0.0,0.0,17475.73,0.0,17475.73,524.28,18000.0,"Net Wt: 3.340 Gm.@Rate 4,890.00/Gm.",,Sale,0,1,0
1669,2,I22103002015,102,103,338,102,102,103,3.63,0.0,3.63,4890.0,0.0,0.0,695.9,0.0,0.0,0.0,0.0,0.0,18446.6,0.0,18446.6,553.4,19000.0,"Net Wt: 3.630 Gm.@Rate 4,890.00/Gm.",,Sale,0,1,0
1670,1,I22103002031,102,103,374,101,102,103,1.64,0.0,1.64,4890.0,0.0,0.0,718.26,0.0,0.0,0.0,0.0,0.0,8737.86,0.0,8737.86,262.14,9000.0,"Net Wt: 1.640 Gm.@Rate 4,890.00/Gm.",,Sale,0,1,0
1671,1,O21103001850,102,103,235,102,102,103,1.81,0.0,1.81,4890.0,0.0,0.0,857.84,0.0,0.0,0.0,0.0,0.0,9708.74,0.0,9708.74,291.26,10000.0,"Net Wt: 1.810 Gm.@Rate 4,890.00/Gm.",,Sale,0,1,0
1672,1,O21103001856,102,103,112,102,102,103,12.7,0.0,12.7,4890.0,0.0,0.0,5858.17,0.0,0.0,0.0,0.0,0.0,67961.17,0.0,67961.17,2038.84,70000.01,"Net Wt: 12.700 Gm.@Rate 4,890.00/Gm.",,Sale,0,1,0
1673,1,J22103002110,102,103,101,102,102,103,12.2,0.0,12.2,4890.0,0.0,0.0,9759.48,0.0,0.0,0.0,0.0,0.0,69417.48,0.0,69417.48,2082.52,71500.0,"Net Wt: 12.200 Gm.@Rate 4,890.00/Gm.",,Sale,0,1,0
1674,1,N20103001267,102,103,338,102,102,103,3.81,0.0,3.81,4500.0,0.0,0.0,1787.04,0.0,0.0,0.0,0.0,0.0,18932.04,0.0,18932.04,567.96,19500.0,"Net Wt: 3.810 Gm.@Rate 4,500.00/Gm.",,Sale,0,1,0
1674,2,I22103002099,102,103,110,102,102,103,5.12,0.0,5.12,4890.0,0.0,0.0,2536.02,0.0,0.0,0.0,0.0,0.0,27572.82,0.0,27572.82,827.18,28400.0,"Net Wt: 5.120 Gm.@Rate 4,890.00/Gm.",,Sale,0,1,0
1721,1,K22104000641,102,104,119,121,109,111,25.3,0.0,25.3,65.0,0.0,0.0,782.68,0.0,0.0,0.0,0.0,0.0,2427.18,0.0,2427.18,72.82,2500.0,Net Wt: 25.300 Gm.@Rate 65.00/Gm.,,Sale,0,1,0
1722,1,J22103002119,102,103,331,102,102,103,2.05,0.0,2.05,4890.0,0.0,0.0,1140.55,0.0,0.0,0.0,0.0,0.0,11165.05,0.0,11165.05,334.96,11500.0,"Net Wt: 2.050 Gm.@Rate 4,890.00/Gm.",,Sale,0,1,0
1723,1,K22104000642,102,104,119,121,109,111,23.6,0.0,23.6,65.0,0.0,0.0,407.75,0.0,0.0,0.0,0.0,0.0,1941.75,0.0,1941.75,58.26,2000.0,Net Wt: 23.600 Gm.@Rate 65.00/Gm.,,Sale,0,1,0
1724,1,J22103002129,102,103,102,102,102,103,1.06,0.0,1.06,4890.0,0.0,0.0,253.49,0.0,0.0,0.0,0.0,0.0,5436.89,0.0,5436.89,163.1,5600.0,"Net Wt: 1.060 Gm.@Rate 4,890.00/Gm.",,Sale,0,1,0
1724,2,J22103002132,102,103,102,102,102,103,1.06,0.0,1.06,4890.0,0.0,0.0,544.76,0.0,0.0,0.0,0.0,0.0,5728.16,0.0,5728.16,171.84,5900.0,"Net Wt: 1.060 Gm.@Rate 4,890.00/Gm.",,Sale,0,1,0
1725,1,K22104000643,102,104,119,121,109,111,23.56,0.0,23.56,65.0,0.0,0.0,798.7,0.0,0.0,0.0,0.0,0.0,2330.1,0.0,2330.1,69.9,2400.0,Net Wt: 23.560 Gm.@Rate 65.00/Gm.,,Sale,0,1,0
1726,1,O21103001739,102,103,235,102,102,103,3.98,0.0,3.98,4890.0,0.0,0.0,1411.59,0.0,0.0,0.0,0.0,0.0,20873.79,0.0,20873.79,626.22,21500.0,"Net Wt: 3.980 Gm.@Rate 4,890.00/Gm.",,Sale,0,1,0
1727,1,F21103001477,102,103,331,102,102,103,2.18,0.0,2.18,4890.0,0.0,0.0,796.11,0.0,0.0,0.0,0.0,0.0,11456.31,0.0,11456.31,343.68,11800.0,"Net Wt: 2.180 Gm.@Rate 4,890.00/Gm.",,Sale,0,1,0
1728,1,K22104000644,102,104,128,130,109,111,2.3,0.0,2.3,65.0,0.0,0.0,93.22,0.0,0.0,0.0,0.0,0.0,242.72,0.0,242.72,7.28,250.0,Net Wt: 2.300 Gm.@Rate 65.00/Gm.,,Sale,0,1,0
1729,1,I22103002033,102,103,374,101,102,103,2.35,0.0,2.35,4890.0,0.0,0.0,1129.86,0.0,0.0,0.0,0.0,0.0,12621.36,0.0,12621.36,378.64,13000.0,"Net Wt: 2.350 Gm.@Rate 4,890.00/Gm.",,Sale,0,1,0
1730,1,K22104000645,102,104,119,121,109,111,66.86,0.0,66.86,65.0,0.0,0.0,3129.83,0.0,0.0,0.0,0.0,0.0,7475.73,0.0,7475.73,224.28,7700.0,Net Wt: 66.860 Gm.@Rate 65.00/Gm.,,Sale,0,1,0
1731,1,K22104000646,102,104,128,130,109,111,5.0,0.0,5.0,65.0,0.0,0.0,160.44,0.0,0.0,0.0,0.0,0.0,485.44,0.0,485.44,14.56,500.0,Net Wt: 5.000 Gm.@Rate 65.00/Gm.,,Sale,0,1,0
1732,1,K22104000647,102,104,119,121,109,111,25.63,0.0,25.63,65.0,0.0,0.0,955.41,0.0,0.0,0.0,0.0,0.0,2621.36,0.0,2621.36,78.64,2700.0,Net Wt: 25.630 Gm.@Rate 65.00/Gm.,,Sale,0,1,0
1703,1,J22104000637,102,104,119,121,109,111,33.2,0.0,33.2,65.0,0.0,0.0,1434.23,0.0,0.0,0.0,0.0,0.0,3592.23,0.0,3592.23,107.76,3700.0,Net Wt: 33.200 Gm.@Rate 65.00/Gm.,,Sale,0,1,0
1704,1,J22104000638,102,104,119,121,109,111,25.3,0.0,25.3,65.0,0.0,0.0,588.51,0.0,0.0,0.0,0.0,0.0,2233.01,0.0,2233.01,67.0,2300.0,Net Wt: 25.300 Gm.@Rate 65.00/Gm.,,Sale,0,1,0
1705,1,I22103001964,102,103,331,102,102,103,1.12,0.0,1.12,4890.0,0.0,0.0,1804.75,0.0,0.0,0.0,0.0,0.0,7281.55,0.0,7281.55,218.44,7500.0,"Net Wt: 1.120 Gm.@Rate 4,890.00/Gm.",,Sale,0,1,0
1706,1,I22103001988,102,103,331,102,102,103,2.45,0.0,2.45,4890.0,0.0,0.0,1223.38,0.0,0.0,0.0,0.0,0.0,13203.88,0.0,13203.88,396.12,13600.0,"Net Wt: 2.450 Gm.@Rate 4,890.00/Gm.",,Sale,0,1,0
1713,1,K20103001190,102,103,102,102,102,103,3.08,0.0,3.08,4890.0,0.0,0.0,1249.91,0.0,0.0,0.0,0.0,0.0,16311.11,0.0,16311.11,489.34,16800.44,"Net Wt: 3.080 Gm.@Rate 4,890.00/Gm.",,Sale,0,1,0
1713,2,K22104000640,102,104,119,121,109,111,85.01,0.0,85.01,66.0,0.0,0.0,2835.94,0.0,0.0,0.0,0.0,0.0,8446.6,0.0,8446.6,253.4,8700.0,Net Wt: 85.010 Gm.@Rate 66.00/Gm.,,Sale,0,1,0
1742,1,L22104000652,102,104,123,102,109,111,8.02,0.0,8.02,65.0,0.0,0.0,255.4,0.0,0.0,0.0,0.0,0.0,776.7,0.0,776.7,23.3,800.0,Net Wt: 8.020 Gm.@Rate 65.00/Gm.,,Sale,0,1,0
1743,1,I22103002024,102,103,327,102,102,103,7.8,0.0,7.8,4890.0,0.0,0.0,4576.45,0.0,0.0,0.0,0.0,0.0,42718.45,0.0,42718.45,1281.56,44000.0,"Net Wt: 7.800 Gm.@Rate 4,890.00/Gm.",,Sale,0,1,0
1743,2,O21103001858,102,103,107,102,102,103,5.63,0.0,5.63,4890.0,0.0,0.0,2566.39,0.0,0.0,0.0,0.0,0.0,30097.09,0.0,30097.09,902.92,31000.0,"Net Wt: 5.630 Gm.@Rate 4,890.00/Gm.",,Sale,0,1,0
1743,3,N21103001683,102,103,235,102,102,103,2.45,0.0,2.45,4890.0,0.0,0.0,640.86,0.0,0.0,0.0,0.0,0.0,12621.36,0.0,12621.36,378.64,13000.0,"Net Wt: 2.450 Gm.@Rate 4,890.00/Gm.",,Sale,0,1,0
1744,1,N19103000620,102,103,238,102,102,103,0.35,0.0,0.35,4890.0,0.0,0.0,230.25,0.0,0.0,0.0,0.0,0.0,1941.75,0.0,1941.75,58.26,2000.0,"Net Wt: 0.350 Gm.@Rate 4,890.00/Gm.",,Sale,0,1,0
1745,1,I22103002027,102,103,374,101,102,103,2.64,0.0,2.64,4890.0,0.0,0.0,2624.38,0.0,0.0,0.0,0.0,0.0,15533.98,0.0,15533.98,466.02,16000.0,"Net Wt: 2.640 Gm.@Rate 4,890.00/Gm.",,Sale,0,1,0
1746,1,K20103001169,102,103,331,102,102,103,1.71,0.0,1.71,4890.0,0.0,0.0,375.96,0.0,0.0,0.0,0.0,0.0,8737.86,0.0,8737.86,262.14,9000.0,"Net Wt: 1.710 Gm.@Rate 4,890.00/Gm.",,Sale,0,1,0
1747,1,L22104000653,102,104,128,130,109,111,3.6,0.0,3.6,65.0,0.0,0.0,8.72,0.0,0.0,0.0,0.0,0.0,242.72,0.0,242.72,7.28,250.0,Net Wt: 3.600 Gm.@Rate 65.00/Gm.,,Sale,0,1,0
1748,1,I22103002039,102,103,374,101,102,103,3.79,0.0,3.79,4890.0,0.0,0.0,2729.04,0.0,0.0,0.0,0.0,0.0,21262.14,0.0,21262.14,637.86,21900.0,"Net Wt: 3.790 Gm.@Rate 4,890.00/Gm.",,Sale,0,1,0
1749,1,J22103002167,102,103,331,102,102,103,2.83,0.0,2.83,4890.0,0.0,0.0,724.41,0.0,0.0,0.0,0.0,0.0,14563.11,0.0,14563.11,436.9,15000.0,"Net Wt: 2.830 Gm.@Rate 4,890.00/Gm.",,Sale,0,1,0
1750,1,H21103001528,102,103,331,102,102,103,2.1,0.0,2.1,4890.0,0.0,0.0,896.05,0.0,0.0,0.0,0.0,0.0,11165.05,0.0,11165.05,334.96,11500.0,"Net Wt: 2.100 Gm.@Rate 4,890.00/Gm.",,Sale,0,1,0
1751,1,L22104000654,102,104,119,121,109,111,85.36,0.0,85.36,65.0,0.0,0.0,1053.54,0.0,0.0,0.0,0.0,0.0,6601.94,0.0,6601.94,198.06,6800.0,Net Wt: 85.360 Gm.@Rate 65.00/Gm.,,Sale,0,1,0
1752,1,L22104000655,102,104,119,121,109,111,55.63,0.0,55.63,65.0,0.0,0.0,1238.42,0.0,0.0,0.0,0.0,0.0,4854.37,0.0,4854.37,145.64,5000.0,Net Wt: 55.630 Gm.@Rate 65.00/Gm.,,Sale,0,1,0
1753,1,L22104000656,102,104,119,121,109,111,18.5,0.0,18.5,65.0,0.0,0.0,496.53,0.0,0.0,0.0,0.0,0.0,1699.03,0.0,1699.03,50.98,1750.0,Net Wt: 18.500 Gm.@Rate 65.00/Gm.,,Sale,0,1,0
1754,1,L22104000657,102,104,119,121,109,111,25.3,0.0,25.3,65.0,0.0,0.0,782.68,0.0,0.0,0.0,0.0,0.0,2427.18,0.0,2427.18,72.82,2500.0,Net Wt: 25.300 Gm.@Rate 65.00/Gm.,,Sale,0,1,0
1755,1,L22104000658,102,104,119,121,109,111,65.3,0.0,65.3,65.0,0.0,0.0,609.87,0.0,0.0,0.0,0.0,0.0,4854.37,0.0,4854.37,145.64,5000.0,Net Wt: 65.300 Gm.@Rate 65.00/Gm.,,Sale,0,1,0
1756,1,I22103002036,102,103,374,101,102,103,2.25,0.0,2.25,4890.0,0.0,0.0,1618.86,0.0,0.0,0.0,0.0,0.0,12621.36,0.0,12621.36,378.64,13000.0,"Net Wt: 2.250 Gm.@Rate 4,890.00/Gm.",,Sale,0,1,0
1756,2,L22104000659,102,104,119,121,109,111,25.3,0.0,25.3,65.0,0.0,0.0,297.25,0.0,0.0,0.0,0.0,0.0,1941.75,0.0,1941.75,58.26,2000.0,Net Wt: 25.300 Gm.@Rate 65.00/Gm.,,Sale,0,1,0
1757,1,L22103002245,102,103,112,102,102,103,12.67,0.0,12.67,4890.0,0.0,0.0,7946.61,0.0,0.0,0.0,0.0,0.0,69902.91,0.0,69902.91,2097.08,72000.0,"Net Wt: 12.670 Gm.@Rate 4,890.00/Gm.",,Sale,0,1,0
1757,2,L22103002246,102,103,103,102,102,103,3.79,0.0,3.79,4890.0,0.0,0.0,2340.69,0.0,0.0,0.0,0.0,0.0,20873.79,0.0,20873.79,626.22,21500.0,"Net Wt: 3.790 Gm.@Rate 4,890.00/Gm.",,Sale,0,1,0
1758,1,J22103002176,102,103,235,102,102,103,2.49,0.0,2.49,4890.0,0.0,0.0,1610.31,0.0,0.0,0.0,0.0,0.0,13786.41,0.0,13786.41,413.6,14200.0,"Net Wt: 2.490 Gm.@Rate 4,890.00/Gm.",,Sale,0,1,0
1759,1,O21103001804,102,103,116,102,102,103,1.63,0.0,1.63,4890.0,0.0,0.0,767.16,0.0,0.0,0.0,0.0,0.0,8737.86,0.0,8737.86,262.14,9000.0,"Net Wt: 1.630 Gm.@Rate 4,890.00/Gm.",,Sale,0,1,0
1760,1,N21103001631,102,103,331,102,102,103,1.8,0.0,1.8,4850.0,0.0,0.0,1172.91,0.0,0.0,0.0,0.0,0.0,9902.91,0.0,9902.91,297.08,10200.0,"Net Wt: 1.800 Gm.@Rate 4,850.00/Gm.",,Sale,0,1,0
1733,1,N19103000674,102,103,235,102,102,103,4.11,0.0,4.11,4890.0,0.0,0.0,1261.32,0.0,0.0,0.0,0.0,0.0,21359.22,0.0,21359.22,640.78,22000.0,"Net Wt: 4.110 Gm.@Rate 4,890.00/Gm.",,Sale,0,1,0
1734,1,K22104000648,102,104,119,121,109,111,52.32,0.0,52.32,65.0,0.0,0.0,385.61,0.0,0.0,0.0,0.0,0.0,3786.41,0.0,3786.41,113.6,3900.0,Net Wt: 52.320 Gm.@Rate 65.00/Gm.,,Sale,0,1,0
1735,1,K22104000649,102,104,119,121,109,111,63.2,0.0,63.2,65.0,0.0,0.0,260.93,0.0,0.0,0.0,0.0,0.0,4368.93,0.0,4368.93,131.06,4500.0,Net Wt: 63.200 Gm.@Rate 65.00/Gm.,,Sale,0,1,0
1736,1,N21103001675,102,103,235,102,102,103,5.43,0.0,5.43,4890.0,0.0,0.0,2573.51,0.0,0.0,0.0,0.0,0.0,29126.21,0.0,29126.21,873.78,30000.0,"Net Wt: 5.430 Gm.@Rate 4,890.00/Gm.",,Sale,0,1,0
1737,1,K22104000650,102,104,119,121,109,111,45.63,0.0,45.63,65.0,0.0,0.0,140.85,0.0,0.0,0.0,0.0,0.0,3106.8,0.0,3106.8,93.2,3200.0,Net Wt: 45.630 Gm.@Rate 65.00/Gm.,,Sale,0,1,0
1738,1,K22104000651,102,104,119,121,109,111,85.63,0.0,85.63,65.0,0.0,0.0,259.29,0.0,0.0,0.0,0.0,0.0,5825.24,0.0,5825.24,174.76,6000.0,Net Wt: 85.630 Gm.@Rate 65.00/Gm.,,Sale,0,1,0
1739,1,N21103001640,102,103,112,102,102,103,22.27,0.0,22.27,4850.0,0.0,0.0,11407.98,0.0,0.0,0.0,0.0,0.0,119417.48,0.0,119417.48,3582.52,123000.0,"Net Wt: 22.270 Gm.@Rate 4,850.00/Gm.",,Sale,0,1,0
1740,1,N21103001611,102,103,102,102,102,103,6.23,0.0,6.23,4800.0,0.0,0.0,4562.02,0.0,0.0,0.0,0.0,0.0,34466.02,0.0,34466.02,1033.98,35500.0,"Net Wt: 6.230 Gm.@Rate 4,800.00/Gm.",,Sale,0,1,0
1741,1,N21103001609,102,103,102,102,102,103,4.45,0.0,4.45,4800.0,0.0,0.0,3397.28,0.0,0.0,0.0,0.0,0.0,24757.28,0.0,24757.28,742.72,25500.0,"Net Wt: 4.450 Gm.@Rate 4,800.00/Gm.",,Sale,0,1,0
1761,1,L22104000660,102,104,127,129,109,111,10.0,0.0,10.0,65.0,0.0,0.0,126.7,0.0,0.0,0.0,0.0,0.0,776.7,0.0,776.7,23.3,800.0,Net Wt: 10.000 Gm.@Rate 65.00/Gm.,,Sale,0,1,0
1762,1,J22103002122,102,103,331,102,102,103,2.32,0.0,2.32,4850.0,0.0,0.0,883.92,0.0,0.0,0.0,0.0,0.0,12135.92,0.0,12135.92,364.08,12500.0,"Net Wt: 2.320 Gm.@Rate 4,850.00/Gm.",,Sale,0,1,0
1763,1,L22104000661,102,104,119,121,109,111,63.2,0.0,63.2,65.0,0.0,0.0,746.37,0.0,0.0,0.0,0.0,0.0,4854.37,0.0,4854.37,145.64,5000.0,Net Wt: 63.200 Gm.@Rate 65.00/Gm.,,Sale,0,1,0
1764,1,L22103002247,102,103,112,102,102,103,16.32,0.0,16.32,4890.0,0.0,0.0,11457.34,0.0,0.0,0.0,0.0,0.0,91262.14,0.0,91262.14,2737.86,94000.0,"Net Wt: 16.320 Gm.@Rate 4,890.00/Gm.",,Sale,0,1,0
1765,1,L22104000662,102,104,128,130,109,111,3.2,0.0,3.2,65.0,0.0,0.0,83.26,0.0,0.0,0.0,0.0,0.0,291.26,0.0,291.26,8.74,300.0,Net Wt: 3.200 Gm.@Rate 65.00/Gm.,,Sale,0,1,0
1766,1,L22104000663,102,104,119,121,109,111,65.32,0.0,65.32,65.0,0.0,0.0,608.57,0.0,0.0,0.0,0.0,0.0,4854.37,0.0,4854.37,145.64,5000.0,Net Wt: 65.320 Gm.@Rate 65.00/Gm.,,Sale,0,1,0
1767,1,L22104000664,102,104,119,121,109,111,65.3,0.0,65.3,65.0,0.0,0.0,512.78,0.0,0.0,0.0,0.0,0.0,4757.28,0.0,4757.28,142.72,4900.0,Net Wt: 65.300 Gm.@Rate 65.00/Gm.,,Sale,0,1,0
1768,1,L22103002248,102,103,113,102,102,103,6.08,0.0,6.08,4890.0,0.0,0.0,4249.38,0.0,0.0,0.0,0.0,0.0,33980.58,0.0,33980.58,1019.42,35000.0,"Net Wt: 6.080 Gm.@Rate 4,890.00/Gm.",,Sale,0,1,0
1768,2,J22103002240,102,103,116,102,102,103,0.99,0.0,0.99,4890.0,0.0,0.0,498.71,0.0,0.0,0.0,0.0,0.0,5339.81,0.0,5339.81,160.2,5500.0,"Net Wt: 0.990 Gm.@Rate 4,890.00/Gm.",,Sale,0,1,0
1768,3,J22103002231,102,103,116,102,102,103,0.58,0.0,0.58,4890.0,0.0,0.0,561.86,0.0,0.0,0.0,0.0,0.0,3398.06,0.0,3398.06,101.94,3500.0,"Net Wt: 0.580 Gm.@Rate 4,890.00/Gm.",,Sale,0,1,0
1769,1,I22103001947,102,103,374,101,102,103,3.76,0.0,3.76,4890.0,0.0,0.0,3943.7,0.0,0.0,0.0,0.0,0.0,22330.1,0.0,22330.1,669.9,23000.0,"Net Wt: 3.760 Gm.@Rate 4,890.00/Gm.",,Sale,0,1,0
1770,1,L22104000665,102,104,316,102,109,111,8.8,0.0,8.8,65.0,0.0,0.0,398.87,0.0,0.0,0.0,0.0,0.0,970.87,0.0,970.87,29.12,1000.0,Net Wt: 8.800 Gm.@Rate 65.00/Gm.,,Sale,0,1,0
1771,1,N20103001277,102,103,107,102,102,103,2.26,0.0,2.26,4890.0,0.0,0.0,1569.96,0.0,0.0,0.0,0.0,0.0,12621.36,0.0,12621.36,378.64,13000.0,"Net Wt: 2.260 Gm.@Rate 4,890.00/Gm.",,Sale,0,1,0
1771,2,L22104000666,102,104,119,121,109,111,98.63,0.0,98.63,65.0,0.0,0.0,3783.22,0.0,0.0,0.0,0.0,0.0,10194.17,0.0,10194.17,305.82,10500.0,Net Wt: 98.630 Gm.@Rate 65.00/Gm.,,Sale,0,1,0
1772,1,L22104000667,102,104,119,121,109,111,12.6,0.0,12.6,65.0,0.0,0.0,248.96,0.0,0.0,0.0,0.0,0.0,1067.96,0.0,1067.96,32.04,1100.0,Net Wt: 12.600 Gm.@Rate 65.00/Gm.,,Sale,0,1,0
1773,1,L22104000668,102,104,120,122,109,111,16.86,0.0,16.86,65.0,0.0,0.0,457.5,0.0,0.0,0.0,0.0,0.0,1553.4,0.0,1553.4,46.6,1600.0,Net Wt: 16.860 Gm.@Rate 65.00/Gm.,,Sale,0,1,0
1774,1,L22104000669,102,104,122,124,109,111,28.0,0.0,28.0,65.0,0.0,0.0,898.45,0.0,0.0,0.0,0.0,0.0,2718.45,0.0,2718.45,81.56,2800.0,Net Wt: 28.000 Gm.@Rate 65.00/Gm.,,Sale,0,1,0
1775,1,L22104000670,102,104,119,121,109,111,23.3,0.0,23.3,65.0,0.0,0.0,427.25,0.0,0.0,0.0,0.0,0.0,1941.75,0.0,1941.75,58.26,2000.0,Net Wt: 23.300 Gm.@Rate 65.00/Gm.,,Sale,0,1,0
1776,1,L22103002249,102,103,103,102,102,103,5.56,0.0,5.56,4890.0,0.0,0.0,2908.69,0.0,0.0,0.0,0.0,0.0,30097.09,0.0,30097.09,902.92,31000.0,"Net Wt: 5.560 Gm.@Rate 4,890.00/Gm.",,Sale,0,1,0
1777,1,I22103002028,102,103,374,101,102,103,2.59,0.0,2.59,4890.0,0.0,0.0,1412.57,0.0,0.0,0.0,0.0,0.0,14077.67,0.0,14077.67,422.34,14500.0,"Net Wt: 2.590 Gm.@Rate 4,890.00/Gm.",,Sale,0,1,0
1777,2,J22103002224,102,103,116,102,102,103,1.31,0.0,1.31,4890.0,0.0,0.0,875.65,0.0,0.0,0.0,0.0,0.0,7281.55,0.0,7281.55,218.44,7500.0,"Net Wt: 1.310 Gm.@Rate 4,890.00/Gm.",,Sale,0,1,0
1778,1,L22104000671,102,104,119,121,109,111,36.3,0.0,36.3,65.0,0.0,0.0,553.12,0.0,0.0,0.0,0.0,0.0,2912.62,0.0,2912.62,87.38,3000.0,Net Wt: 36.300 Gm.@Rate 65.00/Gm.,,Sale,0,1,0
1779,1,L22104000672,102,104,119,121,109,111,56.3,0.0,56.3,65.0,0.0,0.0,709.43,0.0,0.0,0.0,0.0,0.0,4368.93,0.0,4368.93,131.06,4500.0,Net Wt: 56.300 Gm.@Rate 65.00/Gm.,,Sale,0,1,0
1780,1,L22104000673,102,104,123,102,109,111,16.3,0.0,16.3,65.0,0.0,0.0,105.55,0.0,0.0,0.0,0.0,0.0,1165.05,0.0,1165.05,34.96,1200.0,Net Wt: 16.300 Gm.@Rate 65.00/Gm.,,Sale,0,1,0
1781,1,L22104000674,102,104,124,126,109,111,56.3,0.0,56.3,65.0,0.0,0.0,709.43,0.0,0.0,0.0,0.0,0.0,4368.93,0.0,4368.93,131.06,4500.0,Net Wt: 56.300 Gm.@Rate 65.00/Gm.,,Sale,0,1,0
1782,1,L22104000675,102,104,119,121,109,111,56.32,0.0,56.32,65.0,0.0,0.0,708.13,0.0,0.0,0.0,0.0,0.0,4368.93,0.0,4368.93,131.06,4500.0,Net Wt: 56.320 Gm.@Rate 65.00/Gm.,,Sale,0,1,0
1783,1,I22103002098,102,103,110,102,102,103,10.15,0.0,10.15,4890.0,0.0,0.0,7648.05,0.0,0.0,0.0,0.0,0.0,57281.55,0.0,57281.55,1718.44,59000.0,"Net Wt: 10.150 Gm.@Rate 4,890.00/Gm.",,Sale,0,1,0
1784,1,L22104000676,102,104,128,130,109,111,3.5,0.0,3.5,65.0,0.0,0.0,63.76,0.0,0.0,0.0,0.0,0.0,291.26,0.0,291.26,8.74,300.0,Net Wt: 3.500 Gm.@Rate 65.00/Gm.,,Sale,0,1,0
1785,1,J22103002124,102,103,331,102,102,103,2.16,0.0,2.16,4890.0,0.0,0.0,1088.09,0.0,0.0,0.0,0.0,0.0,11650.49,0.0,11650.49,349.52,12000.0,"Net Wt: 2.160 Gm.@Rate 4,890.00/Gm.",,Sale,0,1,0
1786,1,I22103001975,102,103,102,102,102,103,3.4,0.0,3.4,4890.0,0.0,0.0,2791.48,0.0,0.0,0.0,0.0,0.0,19417.48,0.0,19417.48,582.52,20000.0,"Net Wt: 3.400 Gm.@Rate 4,890.00/Gm.",,Sale,0,1,0
1787,1,J22103002225,102,103,116,102,102,103,0.69,0.0,0.69,4890.0,0.0,0.0,509.4,0.0,0.0,0.0,0.0,0.0,3883.5,0.0,3883.5,116.5,4000.01,"Net Wt: 0.690 Gm.@Rate 4,890.00/Gm.",,Sale,0,1,0
1788,1,L22104000677,102,104,122,124,109,111,11.0,0.0,11.0,65.0,0.0,0.0,158.79,0.0,0.0,0.0,0.0,0.0,873.79,0.0,873.79,26.22,900.0,Net Wt: 11.000 Gm.@Rate 65.00/Gm.,,Sale,0,1,0
1789,1,L22104000678,102,104,119,121,109,111,25.33,0.0,25.33,65.0,0.0,0.0,780.73,0.0,0.0,0.0,0.0,0.0,2427.18,0.0,2427.18,72.82,2500.0,Net Wt: 25.330 Gm.@Rate 65.00/Gm.,,Sale,0,1,0
1790,1,J22103002117,102,103,331,102,102,103,1.81,0.0,1.81,4890.0,0.0,0.0,1343.27,0.0,0.0,0.0,0.0,0.0,10194.17,0.0,10194.17,305.82,10500.0,"Net Wt: 1.810 Gm.@Rate 4,890.00/Gm.",,Sale,0,1,0
1791,1,J22103002175,102,103,235,102,102,103,2.43,0.0,2.43,4850.0,0.0,0.0,1321.3,0.0,0.0,0.0,0.0,0.0,13106.8,0.0,13106.8,393.2,13500.0,"Net Wt: 2.430 Gm.@Rate 4,850.00/Gm.",,Sale,0,1,0
1792,1,K20103001143,102,103,103,102,102,103,1.9,0.0,1.9,4850.0,0.0,0.0,979.17,0.0,0.0,0.0,0.0,0.0,10194.17,0.0,10194.17,305.82,10500.0,"Net Wt: 1.900 Gm.@Rate 4,850.00/Gm.",,Sale,0,1,0
1793,1,J22103002226,102,103,116,102,102,103,0.69,0.0,0.69,4850.0,0.0,0.0,148.65,0.0,0.0,0.0,0.0,0.0,3495.15,0.0,3495.15,104.86,3600.0,"Net Wt: 0.690 Gm.@Rate 4,850.00/Gm.",,Sale,0,1,0
1794,1,I22103001960,102,103,411,102,102,103,0.37,0.0,0.37,4850.0,0.0,0.0,244.33,0.0,0.0,0.0,0.0,0.0,2038.83,0.0,2038.83,61.16,2099.99,"Net Wt: 0.370 Gm.@Rate 4,850.00/Gm.",,Sale,0,1,0
1795,1,J22103002185,102,103,235,102,102,103,3.63,0.0,3.63,4858.0,0.0,0.0,2268.37,0.0,0.0,0.0,0.0,0.0,19902.91,0.0,19902.91,597.08,20500.0,"Net Wt: 3.630 Gm.@Rate 4,858.00/Gm.",,Sale,0,1,0
1796,1,M22104000679,102,104,119,121,109,111,195.0,0.0,195.0,65.0,0.0,0.0,8198.79,0.0,0.0,0.0,0.0,0.0,20873.79,0.0,20873.79,626.22,21500.0,Net Wt: 195.000 Gm.@Rate 65.00/Gm.,,Sale,0,1,0
1797,1,M22103002278,102,103,102,102,102,103,1.05,0.0,1.05,4850.0,0.0,0.0,247.31,0.0,0.0,0.0,0.0,0.0,5339.81,0.0,5339.81,160.2,5500.0,"Net Wt: 1.050 Gm.@Rate 4,850.00/Gm.",,Sale,0,1,0
1798,1,H21103001512,102,103,102,102,102,103,3.65,0.0,3.65,4850.0,0.0,0.0,1714.98,0.0,0.0,0.0,0.0,0.0,19417.48,0.0,19417.48,582.52,20000.0,"Net Wt: 3.650 Gm.@Rate 4,850.00/Gm.",,Sale,0,1,0
1799,1,I22103002035,102,103,374,101,102,103,2.97,0.0,2.97,4850.0,0.0,0.0,1906.18,0.0,0.0,0.0,0.0,0.0,16310.68,0.0,16310.68,489.32,16800.0,"Net Wt: 2.970 Gm.@Rate 4,850.00/Gm.",,Sale,0,1,0
1800,1,N21103001612,102,103,102,102,102,103,4.54,0.0,4.54,4850.0,0.0,0.0,2252.84,0.0,0.0,0.0,0.0,0.0,24271.84,0.0,24271.84,728.16,25000.0,"Net Wt: 4.540 Gm.@Rate 4,850.00/Gm.",,Sale,0,1,0
1801,1,M22103002279,102,103,338,102,102,103,3.22,0.0,3.22,4850.0,0.0,0.0,790.77,0.0,0.0,0.0,0.0,0.0,16407.77,0.0,16407.77,492.24,16900.0,"Net Wt: 3.220 Gm.@Rate 4,850.00/Gm.",,Sale,0,1,0
1802,1,M22104000680,102,104,119,121,109,111,56.32,0.0,56.32,65.0,0.0,0.0,708.13,0.0,0.0,0.0,0.0,0.0,4368.93,0.0,4368.93,131.06,4500.0,Net Wt: 56.320 Gm.@Rate 65.00/Gm.,,Sale,0,1,0
1803,1,M22104000681,102,104,119,121,109,111,56.32,0.0,56.32,65.0,0.0,0.0,416.87,0.0,0.0,0.0,0.0,0.0,4077.67,0.0,4077.67,122.34,4200.0,Net Wt: 56.320 Gm.@Rate 65.00/Gm.,,Sale,0,1,0
1804,1,M22104000682,102,104,119,121,109,111,45.3,0.0,45.3,65.0,0.0,0.0,453.56,0.0,0.0,0.0,0.0,0.0,3398.06,0.0,3398.06,101.94,3500.0,Net Wt: 45.300 Gm.@Rate 65.00/Gm.,,Sale,0,1,0
1805,1,J22103002154,102,103,112,102,102,103,10.6,0.0,10.6,4850.0,0.0,0.0,6842.43,0.0,0.0,0.0,0.0,0.0,58252.43,0.0,58252.43,1747.58,60000.0,"Net Wt: 10.600 Gm.@Rate 4,850.00/Gm.",,Sale,0,1,0
1805,2,I22103002072,102,103,101,102,102,103,14.23,0.0,14.23,4850.0,0.0,0.0,8654.4,0.0,0.0,0.0,0.0,0.0,77669.9,0.0,77669.9,2330.1,80000.0,"Net Wt: 14.230 Gm.@Rate 4,850.00/Gm.",,Sale,0,1,0
1805,3,M22104000683,102,104,119,121,109,111,115.3,0.0,115.3,65.0,0.0,0.0,2214.24,0.0,0.0,0.0,0.0,0.0,9708.74,0.0,9708.74,291.26,10000.0,Net Wt: 115.300 Gm.@Rate 65.00/Gm.,,Sale,0,1,0
1806,1,M22103002280,102,103,115,102,102,103,1.41,0.0,1.41,4850.0,0.0,0.0,1219.75,0.0,0.0,0.0,0.0,0.0,8058.25,0.0,8058.25,241.74,8300.0,"Net Wt: 1.410 Gm.@Rate 4,850.00/Gm.",,Sale,0,1,0
1807,1,M22104000684,102,104,119,121,109,111,63.1,0.0,63.1,65.0,0.0,0.0,752.87,0.0,0.0,0.0,0.0,0.0,4854.37,0.0,4854.37,145.64,5000.0,Net Wt: 63.100 Gm.@Rate 65.00/Gm.,,Sale,0,1,0
1808,1,I22103002034,102,103,374,101,102,103,1.8,0.0,1.8,4890.0,0.0,0.0,1198.0,0.0,0.0,0.0,0.0,0.0,10000.0,0.0,10000.0,300.0,10300.0,"Net Wt: 1.800 Gm.@Rate 4,890.00/Gm.",,Sale,0,1,0
1809,1,M22104000685,102,104,119,121,109,111,65.3,0.0,65.3,65.0,0.0,0.0,804.04,0.0,0.0,0.0,0.0,0.0,5048.54,0.0,5048.54,151.46,5200.0,Net Wt: 65.300 Gm.@Rate 65.00/Gm.,,Sale,0,1,0
1810,1,M22104000686,102,104,119,121,109,111,85.32,0.0,85.32,65.0,0.0,0.0,1056.14,0.0,0.0,0.0,0.0,0.0,6601.94,0.0,6601.94,198.06,6800.0,Net Wt: 85.320 Gm.@Rate 65.00/Gm.,,Sale,0,1,0
1811,1,M22104000687,102,104,119,121,109,111,28.3,0.0,28.3,65.0,0.0,0.0,587.68,0.0,0.0,0.0,0.0,0.0,2427.18,0.0,2427.18,72.82,2500.0,Net Wt: 28.300 Gm.@Rate 65.00/Gm.,,Sale,0,1,0
1812,1,J22103002199,102,103,110,102,102,103,5.79,0.0,5.79,4890.0,0.0,0.0,5667.48,0.0,0.0,0.0,0.0,0.0,33980.58,0.0,33980.58,1019.42,35000.0,"Net Wt: 5.790 Gm.@Rate 4,890.00/Gm.",,Sale,0,1,0
1812,2,J22103002218,102,103,116,102,102,103,0.76,0.0,0.76,4890.0,0.0,0.0,652.53,0.0,0.0,0.0,0.0,0.0,4368.93,0.0,4368.93,131.06,4500.0,"Net Wt: 0.760 Gm.@Rate 4,890.00/Gm.",,Sale,0,1,0
1812,3,J22103002211,102,103,116,102,102,103,0.7,0.0,0.7,4890.0,0.0,0.0,460.83,0.0,0.0,0.0,0.0,0.0,3883.83,0.0,3883.83,116.52,4000.34,"Net Wt: 0.700 Gm.@Rate 4,890.00/Gm.",,Sale,0,1,0
1812,4,M22103002251,102,103,338,102,102,103,4.81,0.0,4.81,4890.0,0.0,0.0,2207.62,0.0,0.0,0.0,0.0,0.0,25728.52,0.0,25728.52,771.86,26500.38,"Net Wt: 4.810 Gm.@Rate 4,890.00/Gm.",,Sale,0,1,0
1813,1,M22104000688,102,104,119,121,109,111,89.6,0.0,89.6,65.0,0.0,0.0,2137.17,0.0,0.0,0.0,0.0,0.0,7961.17,0.0,7961.17,238.84,8200.0,Net Wt: 89.600 Gm.@Rate 65.00/Gm.,,Sale,0,1,0
1814,1,M22104000689,102,104,119,121,109,111,50.3,0.0,50.3,65.0,0.0,0.0,1196.52,0.0,0.0,0.0,0.0,0.0,4466.02,0.0,4466.02,133.98,4600.0,Net Wt: 50.300 Gm.@Rate 65.00/Gm.,,Sale,0,1,0
1815,1,M22104000690,102,104,119,121,109,111,22.3,0.0,22.3,65.0,0.0,0.0,298.07,0.0,0.0,0.0,0.0,0.0,1747.57,0.0,1747.57,52.42,1800.0,Net Wt: 22.300 Gm.@Rate 65.00/Gm.,,Sale,0,1,0
1816,1,M22104000691,102,104,120,122,109,111,23.0,0.0,23.0,65.0,0.0,0.0,446.75,0.0,0.0,0.0,0.0,0.0,1941.75,0.0,1941.75,58.26,2000.0,Net Wt: 23.000 Gm.@Rate 65.00/Gm.,,Sale,0,1,0
1817,1,M22104000692,102,104,119,121,109,111,26.3,0.0,26.3,65.0,0.0,0.0,232.25,0.0,0.0,0.0,0.0,0.0,1941.75,0.0,1941.75,58.26,2000.0,Net Wt: 26.300 Gm.@Rate 65.00/Gm.,,Sale,0,1,0
1818,1,M22104000693,102,104,130,132,109,111,15.63,0.0,15.63,65.0,0.0,0.0,925.8,0.0,0.0,0.0,0.0,0.0,1941.75,0.0,1941.75,58.26,2000.0,Net Wt: 15.630 Gm.@Rate 65.00/Gm.,,Sale,0,1,0
1819,1,M22104000694,102,104,119,121,109,111,23.0,0.0,23.0,65.0,0.0,0.0,446.75,0.0,0.0,0.0,0.0,0.0,1941.75,0.0,1941.75,58.26,2000.0,Net Wt: 23.000 Gm.@Rate 65.00/Gm.,,Sale,0,1,0
1820,1,M22104000695,102,104,132,134,109,111,50.3,0.0,50.3,65.0,0.0,0.0,614.0,0.0,0.0,0.0,0.0,0.0,3883.5,0.0,3883.5,116.5,4000.0,Net Wt: 50.300 Gm.@Rate 65.00/Gm.,,Sale,0,1,0
1821,1,I22103001992,102,103,331,102,102,103,3.18,0.0,3.18,4890.0,0.0,0.0,2022.62,0.0,0.0,0.0,0.0,0.0,17572.82,0.0,17572.82,527.18,18100.0,"Net Wt: 3.180 Gm.@Rate 4,890.00/Gm.",,Sale,0,1,0
1822,1,M22103002281,102,103,115,102,102,103,1.0,0.0,1.0,4890.0,0.0,0.0,449.81,0.0,0.0,0.0,0.0,0.0,5339.81,0.0,5339.81,160.2,5500.0,"Net Wt: 1.000 Gm.@Rate 4,890.00/Gm.",,Sale,0,1,0
1823,1,I22103002018,102,103,112,102,102,103,11.95,0.0,11.95,4850.0,0.0,0.0,5149.3,0.0,0.0,0.0,0.0,0.0,63106.8,0.0,63106.8,1893.2,65000.0,"Net Wt: 11.950 Gm.@Rate 4,850.00/Gm.",,Sale,0,1,0
1824,1,I22103001957,102,103,411,102,102,103,0.51,0.0,0.51,4890.0,0.0,0.0,418.72,0.0,0.0,0.0,0.0,0.0,2912.62,0.0,2912.62,87.38,3000.0,"Net Wt: 0.510 Gm.@Rate 4,890.00/Gm.",,Sale,0,1,0
1825,1,M22104000696,102,104,119,121,109,111,67.2,0.0,67.2,65.0,0.0,0.0,486.37,0.0,0.0,0.0,0.0,0.0,4854.37,0.0,4854.37,145.64,5000.0,Net Wt: 67.200 Gm.@Rate 65.00/Gm.,,Sale,0,1,0
1826,1,M22103002282,102,103,103,102,102,103,4.01,0.0,4.01,4890.0,0.0,0.0,1750.32,0.0,0.0,0.0,0.0,0.0,21359.22,0.0,21359.22,640.78,22000.0,"Net Wt: 4.010 Gm.@Rate 4,890.00/Gm.",,Sale,0,1,0
1827,1,O21103001857,102,103,112,102,102,103,11.42,0.0,11.42,4850.0,0.0,0.0,7719.44,0.0,0.0,0.0,0.0,0.0,63106.44,0.0,63106.44,1893.2,64999.63,"Net Wt: 11.420 Gm.@Rate 4,850.00/Gm.",,Sale,0,1,0
1828,1,N22104000697,102,104,119,121,109,111,21.3,0.0,21.3,65.0,0.0,0.0,557.25,0.0,0.0,0.0,0.0,0.0,1941.75,0.0,1941.75,58.26,2000.0,Net Wt: 21.300 Gm.@Rate 65.00/Gm.,,Sale,0,1,0
1829,1,N22104000698,102,104,120,122,109,111,15.32,0.0,15.32,65.0,0.0,0.0,266.34,0.0,0.0,0.0,0.0,0.0,1262.14,0.0,1262.14,37.86,1300.0,Net Wt: 15.320 Gm.@Rate 65.00/Gm.,,Sale,0,1,0
1830,1,J22103002150,102,103,112,102,102,103,10.01,0.0,10.01,4890.0,0.0,0.0,6391.13,0.0,0.0,0.0,0.0,0.0,55340.03,0.0,55340.03,1660.2,57000.23,"Net Wt: 10.010 Gm.@Rate 4,890.00/Gm.",,Sale,0,1,0
1830,2,N21103001671,102,103,403,102,102,103,2.58,0.0,2.58,4890.0,0.0,0.0,976.0,0.0,0.0,0.0,0.0,0.0,13592.32,0.0,13592.32,407.76,14000.09,"Net Wt: 2.580 Gm.@Rate 4,890.00/Gm.",,Sale,0,1,0
1830,3,N21103001663,102,103,403,102,102,103,1.82,0.0,1.82,4890.0,0.0,0.0,808.94,0.0,0.0,0.0,0.0,0.0,9708.74,0.0,9708.74,291.26,10000.0,"Net Wt: 1.820 Gm.@Rate 4,890.00/Gm.",,Sale,0,1,0
1831,1,I22103001962,102,103,411,102,102,103,0.51,0.0,0.51,4800.0,0.0,0.0,464.62,0.0,0.0,0.0,0.0,0.0,2912.62,0.0,2912.62,87.38,3000.0,"Net Wt: 0.510 Gm.@Rate 4,800.00/Gm.",,Sale,0,1,0
1832,1,N22104000699,102,104,119,121,109,111,25.3,0.0,25.3,65.0,0.0,0.0,297.25,0.0,0.0,0.0,0.0,0.0,1941.75,0.0,1941.75,58.26,2000.0,Net Wt: 25.300 Gm.@Rate 65.00/Gm.,,Sale,0,1,0
1833,1,J22103002172,102,103,331,102,102,103,2.78,0.0,2.78,4800.0,0.0,0.0,1219.11,0.0,0.0,0.0,0.0,0.0,14563.11,0.0,14563.11,436.9,15000.0,"Net Wt: 2.780 Gm.@Rate 4,800.00/Gm.",,Sale,0,1,0
1834,1,N22104000700,102,104,119,121,109,111,52.3,0.0,52.3,65.0,0.0,0.0,484.0,0.0,0.0,0.0,0.0,0.0,3883.5,0.0,3883.5,116.5,4000.0,Net Wt: 52.300 Gm.@Rate 65.00/Gm.,,Sale,0,1,0
1835,1,N22104000701,102,104,119,121,109,111,65.3,0.0,65.3,65.0,0.0,0.0,609.87,0.0,0.0,0.0,0.0,0.0,4854.37,0.0,4854.37,145.64,5000.0,Net Wt: 65.300 Gm.@Rate 65.00/Gm.,,Sale,0,1,0
1836,1,O21103001752,102,103,114,102,102,103,29.23,0.0,29.23,4890.0,0.0,0.0,27259.47,0.0,0.0,0.0,0.0,0.0,170194.17,0.0,170194.17,5105.82,175300.0,"Net Wt: 29.230 Gm.@Rate 4,890.00/Gm.",,Sale,0,1,0
1837,1,N22103002283,102,103,110,102,102,103,4.1,0.0,4.1,4790.0,0.0,0.0,2399.83,0.0,0.0,0.0,0.0,0.0,22038.83,0.0,22038.83,661.16,22700.0,"Net Wt: 4.100 Gm.@Rate 4,790.00/Gm.",,Sale,0,1,0
1838,1,I22103002048,102,103,107,102,102,103,4.95,0.0,4.95,4800.0,0.0,0.0,2987.8,0.0,0.0,0.0,0.0,0.0,26747.8,0.0,26747.8,802.44,27550.23,"Net Wt: 4.950 Gm.@Rate 4,800.00/Gm.",,Sale,0,1,0
1839,1,I22103001942,102,103,331,102,102,103,1.19,0.0,1.19,4800.0,0.0,0.0,647.22,0.0,0.0,0.0,0.0,0.0,6359.22,0.0,6359.22,190.78,6550.0,"Net Wt: 1.190 Gm.@Rate 4,800.00/Gm.",,Sale,0,1,0
1840,1,M22103002258,102,103,338,102,102,103,2.31,0.0,2.31,4800.0,0.0,0.0,2504.23,0.0,0.0,0.0,0.0,0.0,13592.23,0.0,13592.23,407.76,14000.0,"Net Wt: 2.310 Gm.@Rate 4,800.00/Gm.",,Sale,0,1,0
1841,1,N22103002284,102,103,132,134,102,103,3.43,0.0,3.43,4800.0,0.0,0.0,1982.6,0.0,0.0,0.0,0.0,0.0,18446.6,0.0,18446.6,553.4,19000.0,"Net Wt: 3.430 Gm.@Rate 4,800.00/Gm.",,Sale,0,1,0
1842,1,N22104000702,102,104,151,150,109,111,9.3,0.0,9.3,65.0,0.0,0.0,269.29,0.0,0.0,0.0,0.0,0.0,873.79,0.0,873.79,26.22,900.0,Net Wt: 9.300 Gm.@Rate 65.00/Gm.,,Sale,0,1,0
1843,1,I22103001986,102,103,331,102,102,103,2.24,0.0,2.24,4850.0,0.0,0.0,1679.69,0.0,0.0,0.0,0.0,0.0,12543.69,0.0,12543.69,376.32,12920.0,"Net Wt: 2.240 Gm.@Rate 4,850.00/Gm.",,Sale,0,1,0
1844,1,O21103001814,102,103,116,102,102,103,0.85,0.0,0.85,4850.0,0.0,0.0,731.87,0.0,0.0,0.0,0.0,0.0,4854.37,0.0,4854.37,145.64,5000.0,"Net Wt: 0.850 Gm.@Rate 4,850.00/Gm.",,Sale,0,1,0
1845,1,F20103001019,102,103,110,102,102,103,3.99,0.0,3.99,4850.0,0.0,0.0,2007.72,0.0,0.0,0.0,0.0,0.0,21359.22,0.0,21359.22,640.78,22000.0,"Net Wt: 3.990 Gm.@Rate 4,850.00/Gm.",,Sale,0,1,0
1845,2,I22103001934,102,103,102,102,102,103,4.21,0.0,4.21,4800.0,0.0,0.0,2607.53,0.0,0.0,0.0,0.0,0.0,22815.53,0.0,22815.53,684.46,23500.0,"Net Wt: 4.210 Gm.@Rate 4,800.00/Gm.",,Sale,0,1,0
1846,1,N22104000703,102,104,119,121,109,111,65.3,0.0,65.3,65.0,0.0,0.0,609.87,0.0,0.0,0.0,0.0,0.0,4854.37,0.0,4854.37,145.64,5000.0,Net Wt: 65.300 Gm.@Rate 65.00/Gm.,,Sale,0,1,0
1847,1,I22103001997,102,103,331,102,102,103,2.57,0.0,2.57,4820.0,0.0,0.0,1690.0,0.0,0.0,0.0,0.0,0.0,14077.67,0.0,14077.67,422.34,14500.0,"Net Wt: 2.570 Gm.@Rate 4,820.00/Gm.",,Sale,0,1,0
1847,2,N21103001632,102,103,331,102,102,103,2.4,0.0,2.4,4820.0,0.0,0.0,2024.56,0.0,0.0,0.0,0.0,0.0,13592.56,0.0,13592.56,407.78,14000.34,"Net Wt: 2.400 Gm.@Rate 4,820.00/Gm.",,Sale,0,1,0
1847,3,N22104000704,102,104,119,121,109,111,25.3,0.0,25.3,65.0,0.0,0.0,297.25,0.0,0.0,0.0,0.0,0.0,1941.75,0.0,1941.75,58.26,2000.0,Net Wt: 25.300 Gm.@Rate 65.00/Gm.,,Sale,0,1,0
1848,1,N22104000705,102,104,119,121,109,111,55.3,0.0,55.3,65.0,0.0,0.0,2230.74,0.0,0.0,0.0,0.0,0.0,5825.24,0.0,5825.24,174.76,6000.0,Net Wt: 55.300 Gm.@Rate 65.00/Gm.,,Sale,0,1,0
1849,1,N22104000706,102,104,119,121,109,111,36.3,0.0,36.3,65.0,0.0,0.0,164.77,0.0,0.0,0.0,0.0,0.0,2524.27,0.0,2524.27,75.72,2600.0,Net Wt: 36.300 Gm.@Rate 65.00/Gm.,,Sale,0,1,0
1850,1,I22103002080,102,103,101,102,102,103,12.52,0.0,12.52,4800.0,0.0,0.0,5923.42,0.0,0.0,0.0,0.0,0.0,66019.42,0.0,66019.42,1980.58,68000.0,"Net Wt: 12.520 Gm.@Rate 4,800.00/Gm.",,Sale,0,1,0
1851,1,O21103001812,102,103,116,102,102,103,2.17,0.0,2.17,4850.0,0.0,0.0,931.81,0.0,0.0,0.0,0.0,0.0,11456.31,0.0,11456.31,343.68,11800.0,"Net Wt: 2.170 Gm.@Rate 4,850.00/Gm.",,Sale,0,1,0
1851,2,N22103002325,102,103,115,102,102,103,1.49,0.0,1.49,4850.0,0.0,0.0,540.49,0.0,0.0,0.0,0.0,0.0,7766.99,0.0,7766.99,233.0,8000.0,"Net Wt: 1.490 Gm.@Rate 4,850.00/Gm.",,Sale,0,1,0
1852,1,N22103002326,102,103,103,102,102,103,1.9,0.0,1.9,4850.0,0.0,0.0,493.74,0.0,0.0,0.0,0.0,0.0,9708.74,0.0,9708.74,291.26,10000.0,"Net Wt: 1.900 Gm.@Rate 4,850.00/Gm.",,Sale,0,1,0
1853,1,N22103002327,102,103,101,102,102,103,19.1,0.0,19.1,4850.0,0.0,0.0,4452.38,0.0,0.0,0.0,0.0,0.0,97087.38,0.0,97087.38,2912.62,100000.0,"Net Wt: 19.100 Gm.@Rate 4,850.00/Gm.",,Sale,0,1,0
1854,1,N22104000707,102,104,119,121,109,111,22.3,0.0,22.3,65.0,0.0,0.0,395.16,0.0,0.0,0.0,0.0,0.0,1844.66,0.0,1844.66,55.34,1900.0,Net Wt: 22.300 Gm.@Rate 65.00/Gm.,,Sale,0,1,0
1855,1,N22103002328,102,103,102,102,102,103,2.05,0.0,2.05,4850.0,0.0,0.0,931.29,0.0,0.0,0.0,0.0,0.0,10873.79,0.0,10873.79,326.22,11200.0,"Net Wt: 2.050 Gm.@Rate 4,850.00/Gm.",,Sale,0,1,0
1856,1,N22104000708,102,104,119,121,109,111,23.6,0.0,23.6,65.0,0.0,0.0,796.1,0.0,0.0,0.0,0.0,0.0,2330.1,0.0,2330.1,69.9,2400.0,Net Wt: 23.600 Gm.@Rate 65.00/Gm.,,Sale,0,1,0
1857,1,N22103002329,102,103,102,102,102,103,1.53,0.0,1.53,4800.0,0.0,0.0,908.43,0.0,0.0,0.0,0.0,0.0,8252.43,0.0,8252.43,247.58,8500.0,"Net Wt: 1.530 Gm.@Rate 4,800.00/Gm.",,Sale,0,1,0
1858,1,N22104000709,102,104,119,121,109,111,32.3,0.0,32.3,65.0,0.0,0.0,813.12,0.0,0.0,0.0,0.0,0.0,2912.62,0.0,2912.62,87.38,3000.0,Net Wt: 32.300 Gm.@Rate 65.00/Gm.,,Sale,0,1,0
1859,1,N20103001248,102,103,112,102,102,103,13.6,0.0,13.6,4700.0,0.0,0.0,5497.48,0.0,0.0,0.0,0.0,0.0,69417.48,0.0,69417.48,2082.52,71500.0,"Net Wt: 13.600 Gm.@Rate 4,700.00/Gm.",,Sale,0,1,0
1871,1,I22103002076,102,103,101,102,102,103,15.63,0.0,15.63,4790.0,0.0,0.0,8821.62,0.0,0.0,0.0,0.0,0.0,83689.32,0.0,83689.32,2510.68,86200.0,"Net Wt: 15.630 Gm.@Rate 4,790.00/Gm.",,Sale,0,1,0
1872,1,N22103002370,102,103,374,101,102,103,2.97,0.0,2.97,4790.0,0.0,0.0,1307.68,0.0,0.0,0.0,0.0,0.0,15533.98,0.0,15533.98,466.02,16000.0,"Net Wt: 2.970 Gm.@Rate 4,790.00/Gm.",,Sale,0,1,0
1873,1,I22103002040,102,103,374,101,102,103,2.34,0.0,2.34,4790.0,0.0,0.0,927.32,0.0,0.0,0.0,0.0,0.0,12135.92,0.0,12135.92,364.08,12500.0,"Net Wt: 2.340 Gm.@Rate 4,790.00/Gm.",,Sale,0,1,0
1874,1,I19103000226,102,103,101,102,102,103,6.8,0.0,6.8,4790.0,0.0,0.0,3350.33,0.0,0.0,0.0,0.0,0.0,35922.33,0.0,35922.33,1077.66,37000.0,"Net Wt: 6.800 Gm.@Rate 4,790.00/Gm.",,Sale,0,1,0
1875,1,N22103002295,102,103,102,102,102,103,6.3,0.0,6.3,4790.0,0.0,0.0,2832.71,0.0,0.0,0.0,0.0,0.0,33009.71,0.0,33009.71,990.3,34000.0,"Net Wt: 6.300 Gm.@Rate 4,790.00/Gm.",,Sale,0,1,0
1876,1,O20103001325,102,103,235,102,102,103,2.26,0.0,2.26,4500.0,0.0,0.0,995.05,0.0,0.0,0.0,0.0,0.0,11165.05,0.0,11165.05,334.96,11500.0,"Net Wt: 2.260 Gm.@Rate 4,500.00/Gm.",,Sale,0,1,0
1877,1,M22103002270,102,103,235,102,102,103,4.94,0.0,4.94,4790.0,0.0,0.0,2550.99,0.0,0.0,0.0,0.0,0.0,26213.59,0.0,26213.59,786.4,27000.0,"Net Wt: 4.940 Gm.@Rate 4,790.00/Gm.",,Sale,0,1,0
1878,1,I22103001950,102,103,235,102,102,103,4.19,0.0,4.19,4790.0,0.0,0.0,3036.7,0.0,0.0,0.0,0.0,0.0,23106.8,0.0,23106.8,693.2,23800.0,"Net Wt: 4.190 Gm.@Rate 4,790.00/Gm.",,Sale,0,1,0
1879,1,N22104000713,102,104,119,121,109,111,55.32,0.0,55.32,65.0,0.0,0.0,627.5,0.0,0.0,0.0,0.0,0.0,4223.3,0.0,4223.3,126.7,4350.0,Net Wt: 55.320 Gm.@Rate 65.00/Gm.,,Sale,0,1,0
1880,1,N22104000714,102,104,127,129,109,111,10.0,0.0,10.0,65.0,0.0,0.0,126.7,0.0,0.0,0.0,0.0,0.0,776.7,0.0,776.7,23.3,800.0,Net Wt: 10.000 Gm.@Rate 65.00/Gm.,,Sale,0,1,0
1881,1,N22104000715,102,104,127,129,109,111,10.0,0.0,10.0,65.0,0.0,0.0,175.24,0.0,0.0,0.0,0.0,0.0,825.24,0.0,825.24,24.76,850.0,Net Wt: 10.000 Gm.@Rate 65.00/Gm.,,Sale,0,1,0
1882,1,N22104000716,102,104,127,129,109,111,5.0,0.0,5.0,65.0,0.0,0.0,14.81,0.0,0.0,0.0,0.0,0.0,339.81,0.0,339.81,10.2,350.0,Net Wt: 5.000 Gm.@Rate 65.00/Gm.,,Sale,0,1,0
1883,1,N21103001623,102,103,331,102,102,103,2.81,0.0,2.81,4790.0,0.0,0.0,1103.21,0.0,0.0,0.0,0.0,0.0,14563.11,0.0,14563.11,436.9,15000.0,"Net Wt: 2.810 Gm.@Rate 4,790.00/Gm.",,Sale,0,1,0
1883,2,J22103002232,102,103,116,102,102,103,0.39,0.0,0.39,4790.0,0.0,0.0,267.82,0.0,0.0,0.0,0.0,0.0,2135.92,0.0,2135.92,64.08,2200.0,"Net Wt: 0.390 Gm.@Rate 4,790.00/Gm.",,Sale,0,1,0
1883,3,N22103002348,102,103,103,102,102,129,0.68,0.0,0.68,3500.0,0.0,0.0,338.83,0.0,0.0,0.0,0.0,0.0,2718.83,0.0,2718.83,81.56,2800.39,"Net Wt: 0.680 Gm.@Rate 3,500.00/Gm.",,Sale,0,1,0
1884,1,N22104000717,102,104,127,129,109,111,5.0,0.0,5.0,65.0,0.0,0.0,14.81,0.0,0.0,0.0,0.0,0.0,339.81,0.0,339.81,10.2,350.0,Net Wt: 5.000 Gm.@Rate 65.00/Gm.,,Sale,0,1,0
1885,1,N22104000718,102,104,127,129,109,111,5.0,0.0,5.0,65.0,0.0,0.0,111.89,0.0,0.0,0.0,0.0,0.0,436.89,0.0,436.89,13.1,450.0,Net Wt: 5.000 Gm.@Rate 65.00/Gm.,,Sale,0,1,0
1886,1,N22104000719,102,104,128,130,109,111,4.0,0.0,4.0,65.0,0.0,0.0,31.26,0.0,0.0,0.0,0.0,0.0,291.26,0.0,291.26,8.74,300.0,Net Wt: 4.000 Gm.@Rate 65.00/Gm.,,Sale,0,1,0
1887,1,N22104000720,102,104,119,121,109,111,45.32,0.0,45.32,65.0,0.0,0.0,840.61,0.0,0.0,0.0,0.0,0.0,3786.41,0.0,3786.41,113.6,3900.0,Net Wt: 45.320 Gm.@Rate 65.00/Gm.,,Sale,0,1,0
1888,1,N22104000721,102,104,127,129,109,111,10.0,0.0,10.0,65.0,0.0,0.0,68.45,0.0,0.0,0.0,0.0,0.0,718.45,0.0,718.45,21.56,740.0,Net Wt: 10.000 Gm.@Rate 65.00/Gm.,,Sale,0,1,0
1889,1,N22104000722,102,104,127,129,109,111,10.0,0.0,10.0,65.0,0.0,0.0,175.24,0.0,0.0,0.0,0.0,0.0,825.24,0.0,825.24,24.76,850.0,Net Wt: 10.000 Gm.@Rate 65.00/Gm.,,Sale,0,1,0
1890,1,N22104000723,102,104,119,121,109,111,55.63,0.0,55.63,65.0,0.0,0.0,1238.42,0.0,0.0,0.0,0.0,0.0,4854.37,0.0,4854.37,145.64,5000.0,Net Wt: 55.630 Gm.@Rate 65.00/Gm.,,Sale,0,1,0
1861,1,N21103001689,102,103,331,102,102,103,3.55,0.0,3.55,4790.0,0.0,0.0,2412.98,0.0,0.0,0.0,0.0,0.0,19417.48,0.0,19417.48,582.52,20000.0,"Net Wt: 3.550 Gm.@Rate 4,790.00/Gm.",,Sale,0,1,0
1862,1,J22103002189,102,103,235,102,102,103,4.43,0.0,4.43,4790.0,0.0,0.0,1110.4,0.0,0.0,0.0,0.0,0.0,22330.1,0.0,22330.1,669.9,23000.0,"Net Wt: 4.430 Gm.@Rate 4,790.00/Gm.",,Sale,0,1,0
1863,1,N22103002319,102,103,374,102,102,103,1.85,0.0,1.85,4790.0,0.0,0.0,847.24,0.0,0.0,0.0,0.0,0.0,9708.74,0.0,9708.74,291.26,10000.0,"Net Wt: 1.850 Gm.@Rate 4,790.00/Gm.",,Sale,0,1,0
1864,1,N22104000710,102,104,119,121,109,111,26.3,0.0,26.3,65.0,0.0,0.0,1106.03,0.0,0.0,0.0,0.0,0.0,2815.53,0.0,2815.53,84.46,2900.0,Net Wt: 26.300 Gm.@Rate 65.00/Gm.,,Sale,0,1,0
1865,1,M21103001582,102,103,235,102,102,103,2.6,0.0,2.6,4790.0,0.0,0.0,1138.23,0.0,0.0,0.0,0.0,0.0,13592.23,0.0,13592.23,407.76,14000.0,"Net Wt: 2.600 Gm.@Rate 4,790.00/Gm.",,Sale,0,1,0
1866,1,F21103001478,102,103,331,102,102,103,2.41,0.0,2.41,4790.0,0.0,0.0,1077.46,0.0,0.0,0.0,0.0,0.0,12621.36,0.0,12621.36,378.64,13000.0,"Net Wt: 2.410 Gm.@Rate 4,790.00/Gm.",,Sale,0,1,0
1866,2,J22103002217,102,103,116,102,102,103,0.51,0.0,0.51,4790.0,0.0,0.0,469.72,0.0,0.0,0.0,0.0,0.0,2912.62,0.0,2912.62,87.38,3000.0,"Net Wt: 0.510 Gm.@Rate 4,790.00/Gm.",,Sale,0,1,0
1867,1,O21103001851,102,103,118,102,102,103,4.59,0.0,4.59,4790.0,0.0,0.0,2285.74,0.0,0.0,0.0,0.0,0.0,24271.84,0.0,24271.84,728.16,25000.0,"Net Wt: 4.590 Gm.@Rate 4,790.00/Gm.",,Sale,0,1,0
1868,1,N22104000711,102,104,127,129,109,111,10.0,0.0,10.0,65.0,0.0,0.0,126.7,0.0,0.0,0.0,0.0,0.0,776.7,0.0,776.7,23.3,800.0,Net Wt: 10.000 Gm.@Rate 65.00/Gm.,,Sale,0,1,0
1931,1,I22103002054,102,103,107,102,102,103,3.05,0.0,3.05,4790.0,0.0,0.0,1701.18,0.0,0.0,0.0,0.0,0.0,16310.68,0.0,16310.68,489.32,16800.0,"Net Wt: 3.050 Gm.@Rate 4,790.00/Gm.",,Sale,0,1,0
1932,1,N22103002356,102,103,419,102,102,129,1.38,0.0,1.38,3500.0,0.0,0.0,995.24,0.0,0.0,0.0,0.0,0.0,5825.24,0.0,5825.24,174.76,6000.0,"Net Wt: 1.380 Gm.@Rate 3,500.00/Gm.",,Sale,0,1,0
1870,1,N22104000712,102,104,126,128,109,111,50.0,0.0,50.0,65.0,0.0,0.0,1604.37,0.0,0.0,0.0,0.0,0.0,4854.37,0.0,4854.37,145.64,5000.0,Net Wt: 50.000 Gm.@Rate 65.00/Gm.,,Sale,0,1,0
1891,1,O21103001825,102,103,116,102,102,103,1.72,0.0,1.72,4790.0,0.0,0.0,499.06,0.0,0.0,0.0,0.0,0.0,8737.86,0.0,8737.86,262.14,9000.0,"Net Wt: 1.720 Gm.@Rate 4,790.00/Gm.",,Sale,0,1,0
1892,1,O21103001798,102,103,116,102,102,103,1.43,0.0,1.43,4790.0,0.0,0.0,917.29,0.0,0.0,0.0,0.0,0.0,7766.99,0.0,7766.99,233.0,8000.0,"Net Wt: 1.430 Gm.@Rate 4,790.00/Gm.",,Sale,0,1,0
1893,1,N22104000724,102,104,127,129,109,111,10.0,0.0,10.0,65.0,0.0,0.0,78.16,0.0,0.0,0.0,0.0,0.0,728.16,0.0,728.16,21.84,750.0,Net Wt: 10.000 Gm.@Rate 65.00/Gm.,,Sale,0,1,0
1894,1,N22104000725,102,104,127,129,109,111,10.0,0.0,10.0,65.0,0.0,0.0,126.7,0.0,0.0,0.0,0.0,0.0,776.7,0.0,776.7,23.3,800.0,Net Wt: 10.000 Gm.@Rate 65.00/Gm.,,Sale,0,1,0
1895,1,N22104000726,102,104,127,129,109,111,10.0,0.0,10.0,65.0,0.0,0.0,175.24,0.0,0.0,0.0,0.0,0.0,825.24,0.0,825.24,24.76,850.0,Net Wt: 10.000 Gm.@Rate 65.00/Gm.,,Sale,0,1,0
1896,1,M22103002271,102,103,235,102,102,103,2.66,0.0,2.66,4790.0,0.0,0.0,2792.58,0.0,0.0,0.0,0.0,0.0,15533.98,0.0,15533.98,466.02,16000.0,"Net Wt: 2.660 Gm.@Rate 4,790.00/Gm.",,Sale,0,1,0
1897,1,N22103002318,102,103,374,102,102,103,2.59,0.0,2.59,4790.0,0.0,0.0,2157.01,0.0,0.0,0.0,0.0,0.0,14563.11,0.0,14563.11,436.9,15000.0,"Net Wt: 2.590 Gm.@Rate 4,790.00/Gm.",,Sale,0,1,0
1897,2,O21103001744,102,103,235,102,102,103,2.74,0.0,2.74,4790.0,0.0,0.0,1438.51,0.0,0.0,0.0,0.0,0.0,14563.11,0.0,14563.11,436.9,15000.0,"Net Wt: 2.740 Gm.@Rate 4,790.00/Gm.",,Sale,0,1,0
1897,3,N22104000727,102,104,127,129,109,111,25.0,0.0,25.0,65.0,0.0,0.0,705.1,0.0,0.0,0.0,0.0,0.0,2330.1,0.0,2330.1,69.9,2400.0,Net Wt: 25.000 Gm.@Rate 65.00/Gm.,,Sale,0,1,0
1898,1,I22103002047,102,103,107,102,102,103,10.27,0.0,10.27,4790.0,0.0,0.0,14884.37,0.0,0.0,0.0,0.0,0.0,64077.67,0.0,64077.67,1922.34,66000.0,"Net Wt: 10.270 Gm.@Rate 4,790.00/Gm.",,Sale,0,1,0
1899,1,N22104000728,102,104,119,121,109,111,95.3,0.0,95.3,65.0,0.0,0.0,2252.1,0.0,0.0,0.0,0.0,0.0,8446.6,0.0,8446.6,253.4,8700.0,Net Wt: 95.300 Gm.@Rate 65.00/Gm.,,Sale,0,1,0
1900,1,N21103001646,102,103,112,102,102,103,10.09,0.0,10.09,4790.0,0.0,0.0,5066.96,0.0,0.0,0.0,0.0,0.0,53398.06,0.0,53398.06,1601.94,55000.0,"Net Wt: 10.090 Gm.@Rate 4,790.00/Gm.",,Sale,0,1,0
1901,1,I22103002004,102,103,102,102,102,103,4.83,0.0,4.83,4790.0,0.0,0.0,2592.46,0.0,0.0,0.0,0.0,0.0,25728.16,0.0,25728.16,771.84,26500.0,"Net Wt: 4.830 Gm.@Rate 4,790.00/Gm.",,Sale,0,1,0
1902,1,J22103002165,102,103,102,102,102,103,3.81,0.0,3.81,4790.0,0.0,0.0,4080.2,0.0,0.0,0.0,0.0,0.0,22330.1,0.0,22330.1,669.9,23000.0,"Net Wt: 3.810 Gm.@Rate 4,790.00/Gm.",,Sale,0,1,0
1903,1,N22104000729,102,104,127,129,109,111,20.0,0.0,20.0,65.0,0.0,0.0,350.49,0.0,0.0,0.0,0.0,0.0,1650.49,0.0,1650.49,49.52,1700.0,Net Wt: 20.000 Gm.@Rate 65.00/Gm.,,Sale,0,1,0
1904,1,N22104000730,102,104,119,121,109,111,55.32,0.0,55.32,65.0,0.0,0.0,773.13,0.0,0.0,0.0,0.0,0.0,4368.93,0.0,4368.93,131.06,4500.0,Net Wt: 55.320 Gm.@Rate 65.00/Gm.,,Sale,0,1,0
1905,1,N22104000731,102,104,119,121,109,111,32.3,0.0,32.3,65.0,0.0,0.0,327.68,0.0,0.0,0.0,0.0,0.0,2427.18,0.0,2427.18,72.82,2500.0,Net Wt: 32.300 Gm.@Rate 65.00/Gm.,,Sale,0,1,0
1906,1,J22103002161,102,103,102,102,102,103,3.91,0.0,3.91,4790.0,0.0,0.0,3601.2,0.0,0.0,0.0,0.0,0.0,22330.1,0.0,22330.1,669.9,23000.0,"Net Wt: 3.910 Gm.@Rate 4,790.00/Gm.",,Sale,0,1,0
1907,1,N22104000732,102,104,119,121,109,111,65.3,0.0,65.3,65.0,0.0,0.0,1580.74,0.0,0.0,0.0,0.0,0.0,5825.24,0.0,5825.24,174.76,6000.0,Net Wt: 65.300 Gm.@Rate 65.00/Gm.,,Sale,0,1,0
1908,1,N22104000733,102,104,127,129,109,111,10.0,0.0,10.0,65.0,0.0,0.0,223.79,0.0,0.0,0.0,0.0,0.0,873.79,0.0,873.79,26.22,900.0,Net Wt: 10.000 Gm.@Rate 65.00/Gm.,,Sale,0,1,0
1909,1,N22104000734,102,104,119,121,109,111,21.3,0.0,21.3,65.0,0.0,0.0,168.9,0.0,0.0,0.0,0.0,0.0,1553.4,0.0,1553.4,46.6,1600.0,Net Wt: 21.300 Gm.@Rate 65.00/Gm.,,Sale,0,1,0
1910,1,N22104000735,102,104,127,129,109,111,20.0,0.0,20.0,65.0,0.0,0.0,544.66,0.0,0.0,0.0,0.0,0.0,1844.66,0.0,1844.66,55.34,1900.0,Net Wt: 20.000 Gm.@Rate 65.00/Gm.,,Sale,0,1,0
1911,1,N22104000736,102,104,131,133,109,111,55.3,0.0,55.3,65.0,0.0,0.0,1259.87,0.0,0.0,0.0,0.0,0.0,4854.37,0.0,4854.37,145.64,5000.0,Net Wt: 55.300 Gm.@Rate 65.00/Gm.,,Sale,0,1,0
1912,1,N22104000737,102,104,127,129,109,111,10.0,0.0,10.0,65.0,0.0,0.0,29.61,0.0,0.0,0.0,0.0,0.0,679.61,0.0,679.61,20.38,700.0,Net Wt: 10.000 Gm.@Rate 65.00/Gm.,,Sale,0,1,0
1913,1,J22103002182,102,103,235,102,102,103,2.47,0.0,2.47,4790.0,0.0,0.0,1760.93,0.0,0.0,0.0,0.0,0.0,13592.23,0.0,13592.23,407.76,14000.0,"Net Wt: 2.470 Gm.@Rate 4,790.00/Gm.",,Sale,0,1,0
1914,1,M22103002268,102,103,235,102,102,103,1.16,0.0,1.16,4790.0,0.0,0.0,948.45,0.0,0.0,0.0,0.0,0.0,6504.85,0.0,6504.85,195.14,6700.0,"Net Wt: 1.160 Gm.@Rate 4,790.00/Gm.",,Sale,0,1,0
1915,1,J22103002210,102,103,116,102,102,103,0.57,0.0,0.57,4790.0,0.0,0.0,376.5,0.0,0.0,0.0,0.0,0.0,3106.8,0.0,3106.8,93.2,3200.0,"Net Wt: 0.570 Gm.@Rate 4,790.00/Gm.",,Sale,0,1,0
1916,1,N22103002312,102,103,374,102,102,103,2.22,0.0,2.22,4790.0,0.0,0.0,1502.12,0.0,0.0,0.0,0.0,0.0,12135.92,0.0,12135.92,364.08,12500.0,"Net Wt: 2.220 Gm.@Rate 4,790.00/Gm.",,Sale,0,1,0
1917,1,N22104000738,102,104,119,121,109,111,49.3,0.0,49.3,65.0,0.0,0.0,2135.31,0.0,0.0,0.0,0.0,0.0,5339.81,0.0,5339.81,160.2,5500.0,Net Wt: 49.300 Gm.@Rate 65.00/Gm.,,Sale,0,1,0
1918,1,N22103002306,102,103,235,102,102,103,5.13,0.0,5.13,4790.0,0.0,0.0,3582.64,0.0,0.0,0.0,0.0,0.0,28155.34,0.0,28155.34,844.66,29000.0,"Net Wt: 5.130 Gm.@Rate 4,790.00/Gm.",,Sale,0,1,0
1919,1,N22104000739,102,104,119,121,109,111,21.3,0.0,21.3,65.0,0.0,0.0,71.81,0.0,0.0,0.0,0.0,0.0,1456.31,0.0,1456.31,43.68,1500.0,Net Wt: 21.300 Gm.@Rate 65.00/Gm.,,Sale,0,1,0
1920,1,M22103002265,102,103,235,102,102,103,3.77,0.0,3.77,4790.0,0.0,0.0,3786.36,0.0,0.0,0.0,0.0,0.0,21844.66,0.0,21844.66,655.34,22500.0,"Net Wt: 3.770 Gm.@Rate 4,790.00/Gm.",,Sale,0,1,0
1921,1,N22104000740,102,104,119,121,109,111,23.6,0.0,23.6,65.0,0.0,0.0,407.75,0.0,0.0,0.0,0.0,0.0,1941.75,0.0,1941.75,58.26,2000.0,Net Wt: 23.600 Gm.@Rate 65.00/Gm.,,Sale,0,1,0
1922,1,M22103002252,102,103,338,102,102,103,3.78,0.0,3.78,4790.0,0.0,0.0,2282.15,0.0,0.0,0.0,0.0,0.0,20388.35,0.0,20388.35,611.66,21000.0,"Net Wt: 3.780 Gm.@Rate 4,790.00/Gm.",,Sale,0,1,0
1923,1,N22104000741,102,104,119,121,109,111,25.63,0.0,25.63,65.0,0.0,0.0,275.8,0.0,0.0,0.0,0.0,0.0,1941.75,0.0,1941.75,58.26,2000.0,Net Wt: 25.630 Gm.@Rate 65.00/Gm.,,Sale,0,1,0
1924,1,I22103002041,102,103,374,101,102,103,2.58,0.0,2.58,4790.0,0.0,0.0,1234.03,0.0,0.0,0.0,0.0,0.0,13592.23,0.0,13592.23,407.76,14000.0,"Net Wt: 2.580 Gm.@Rate 4,790.00/Gm.",,Sale,0,1,0
1869,1,O21103001717,102,103,102,102,102,103,5.83,0.0,5.83,4790.0,0.0,0.0,3045.45,0.0,0.0,0.0,0.0,0.0,30971.15,0.0,30971.15,929.14,31900.28,"Net Wt: 5.830 Gm.@Rate 4,790.00/Gm.",,Sale,0,1,0
1869,2,K19103000552,102,103,102,102,102,103,7.3,0.0,7.3,4790.0,0.0,0.0,2509.0,0.0,0.0,0.0,0.0,0.0,37476.17,0.0,37476.17,1124.28,38600.46,"Net Wt: 7.300 Gm.@Rate 4,790.00/Gm.",,Sale,0,1,0
1925,1,I22103002081,102,103,110,102,102,103,2.6,0.0,2.6,4790.0,0.0,0.0,2109.11,0.0,0.0,0.0,0.0,0.0,14563.11,0.0,14563.11,436.9,15000.0,"Net Wt: 2.600 Gm.@Rate 4,790.00/Gm.",,Sale,0,1,0
1925,2,M22103002275,102,103,235,102,102,103,3.51,0.0,3.51,4790.0,0.0,0.0,2604.58,0.0,0.0,0.0,0.0,0.0,19417.48,0.0,19417.48,582.52,20000.0,"Net Wt: 3.510 Gm.@Rate 4,790.00/Gm.",,Sale,0,1,0
1926,1,M22103002254,102,103,338,102,102,103,4.25,0.0,4.25,4790.0,0.0,0.0,2943.47,0.0,0.0,0.0,0.0,0.0,23300.97,0.0,23300.97,699.02,24000.0,"Net Wt: 4.250 Gm.@Rate 4,790.00/Gm.",,Sale,0,1,0
1927,1,N22103002351,102,103,103,102,102,129,0.73,0.0,0.73,3500.0,0.0,0.0,357.62,0.0,0.0,0.0,0.0,0.0,2912.62,0.0,2912.62,87.38,3000.0,"Net Wt: 0.730 Gm.@Rate 3,500.00/Gm.",,Sale,0,1,0
1928,1,O22104000742,102,104,119,121,109,111,65.3,0.0,65.3,65.0,0.0,0.0,609.87,0.0,0.0,0.0,0.0,0.0,4854.37,0.0,4854.37,145.64,5000.0,Net Wt: 65.300 Gm.@Rate 65.00/Gm.,,Sale,0,1,0
1929,1,O21103001809,102,103,116,102,102,103,2.42,0.0,2.42,4790.0,0.0,0.0,1029.56,0.0,0.0,0.0,0.0,0.0,12621.36,0.0,12621.36,378.64,13000.0,"Net Wt: 2.420 Gm.@Rate 4,790.00/Gm.",,Sale,0,1,0
1929,2,O22104000743,102,104,119,121,109,111,19.0,0.0,19.0,65.0,0.0,0.0,27.14,0.0,0.0,0.0,0.0,0.0,1262.14,0.0,1262.14,37.86,1300.0,Net Wt: 19.000 Gm.@Rate 65.00/Gm.,,Sale,0,1,0
1930,1,J22103002181,102,103,235,102,102,103,3.05,0.0,3.05,4790.0,0.0,0.0,730.31,0.0,0.0,0.0,0.0,0.0,15339.81,0.0,15339.81,460.2,15800.0,"Net Wt: 3.050 Gm.@Rate 4,790.00/Gm.",,Sale,0,1,0
1933,1,O22104000744,102,104,132,134,109,111,2.5,0.0,2.5,65.0,0.0,0.0,80.22,0.0,0.0,0.0,0.0,0.0,242.72,0.0,242.72,7.28,250.0,Net Wt: 2.500 Gm.@Rate 65.00/Gm.,,Sale,0,1,0
1934,1,O22104000745,102,104,119,121,109,111,18.32,0.0,18.32,65.0,0.0,0.0,556.77,0.0,0.0,0.0,0.0,0.0,1747.57,0.0,1747.57,52.42,1800.0,Net Wt: 18.320 Gm.@Rate 65.00/Gm.,,Sale,0,1,0
1935,1,J22103002192,102,103,235,102,102,103,3.8,0.0,3.8,4790.0,0.0,0.0,2186.35,0.0,0.0,0.0,0.0,0.0,20388.35,0.0,20388.35,611.66,21000.0,"Net Wt: 3.800 Gm.@Rate 4,790.00/Gm.",,Sale,0,1,0
1936,1,O22104000746,102,104,120,122,109,111,12.0,0.0,12.0,65.0,0.0,0.0,287.96,0.0,0.0,0.0,0.0,0.0,1067.96,0.0,1067.96,32.04,1100.0,Net Wt: 12.000 Gm.@Rate 65.00/Gm.,,Sale,0,1,0
1937,1,O22104000747,102,104,119,121,109,111,18.0,0.0,18.0,65.0,0.0,0.0,771.75,0.0,0.0,0.0,0.0,0.0,1941.75,0.0,1941.75,58.26,2000.0,Net Wt: 18.000 Gm.@Rate 65.00/Gm.,,Sale,0,1,0
1938,1,O22104000748,102,104,127,129,109,111,12.3,0.0,12.3,65.0,0.0,0.0,268.46,0.0,0.0,0.0,0.0,0.0,1067.96,0.0,1067.96,32.04,1100.0,Net Wt: 12.300 Gm.@Rate 65.00/Gm.,,Sale,0,1,0
1939,1,I22103002083,102,103,110,102,102,103,2.18,0.0,2.18,4790.0,0.0,0.0,1208.29,0.0,0.0,0.0,0.0,0.0,11650.49,0.0,11650.49,349.52,12000.0,"Net Wt: 2.180 Gm.@Rate 4,790.00/Gm.",,Sale,0,1,0
1939,2,I22103002092,102,103,110,102,102,103,2.12,0.0,2.12,4790.0,0.0,0.0,1495.69,0.0,0.0,0.0,0.0,0.0,11650.49,0.0,11650.49,349.52,12000.0,"Net Wt: 2.120 Gm.@Rate 4,790.00/Gm.",,Sale,0,1,0
1940,1,O22104000749,102,104,119,121,109,111,68.3,0.0,68.3,65.0,0.0,0.0,511.96,0.0,0.0,0.0,0.0,0.0,4951.46,0.0,4951.46,148.54,5100.0,Net Wt: 68.300 Gm.@Rate 65.00/Gm.,,Sale,0,1,0
1941,1,J22103002130,102,103,102,102,102,103,4.83,0.0,4.83,4790.0,0.0,0.0,2883.72,0.0,0.0,0.0,0.0,0.0,26019.42,0.0,26019.42,780.58,26800.0,"Net Wt: 4.830 Gm.@Rate 4,790.00/Gm.",,Sale,0,1,0
1941,2,O20103001359,102,103,112,102,102,103,17.63,0.0,17.63,4790.0,0.0,0.0,8756.18,0.0,0.0,0.0,0.0,0.0,93203.88,0.0,93203.88,2796.12,96000.0,"Net Wt: 17.630 Gm.@Rate 4,790.00/Gm.",,Sale,0,1,0
1942,1,O21103001712,102,103,101,102,102,103,31.37,0.0,31.37,4790.0,0.0,0.0,14786.24,0.0,0.0,0.0,0.0,0.0,165048.54,0.0,165048.54,4951.46,170000.0,"Net Wt: 31.370 Gm.@Rate 4,790.00/Gm.",,Sale,0,1,0
1943,1,I22103001931,102,103,102,102,102,103,7.95,0.0,7.95,4790.0,0.0,0.0,4637.95,0.0,0.0,0.0,0.0,0.0,42718.45,0.0,42718.45,1281.56,44000.0,"Net Wt: 7.950 Gm.@Rate 4,790.00/Gm.",,Sale,0,1,0
1944,1,P19103000791,102,103,331,102,102,103,3.82,0.0,3.82,4790.0,0.0,0.0,2090.55,0.0,0.0,0.0,0.0,0.0,20388.35,0.0,20388.35,611.66,21000.0,"Net Wt: 3.820 Gm.@Rate 4,790.00/Gm.",,Sale,0,1,0
1945,1,N22103002365,102,103,407,102,102,129,1.55,0.0,1.55,3500.0,0.0,0.0,2827.43,0.0,0.0,0.0,0.0,0.0,8252.43,0.0,8252.43,247.58,8500.0,"Net Wt: 1.550 Gm.@Rate 3,500.00/Gm.",,Sale,0,1,0
1946,1,N22103002286,102,103,331,102,102,103,2.46,0.0,2.46,4790.0,0.0,0.0,1226.31,0.0,0.0,0.0,0.0,0.0,13009.71,0.0,13009.71,390.3,13400.0,"Net Wt: 2.460 Gm.@Rate 4,790.00/Gm.",,Sale,0,1,0
1947,1,O22104000750,102,104,119,121,109,111,35.6,0.0,35.6,65.0,0.0,0.0,1084.06,0.0,0.0,0.0,0.0,0.0,3398.06,0.0,3398.06,101.94,3500.0,Net Wt: 35.600 Gm.@Rate 65.00/Gm.,,Sale,0,1,0
1948,1,O22103002387,102,103,331,102,102,103,3.11,0.0,3.11,4790.0,0.0,0.0,2093.39,0.0,0.0,0.0,0.0,0.0,16990.29,0.0,16990.29,509.7,17500.0,"Net Wt: 3.110 Gm.@Rate 4,790.00/Gm.",,Sale,0,1,0
1949,1,N22103002363,102,103,407,102,102,129,1.26,0.0,1.26,3500.0,0.0,0.0,444.37,0.0,0.0,0.0,0.0,0.0,4854.37,0.0,4854.37,145.64,5000.0,"Net Wt: 1.260 Gm.@Rate 3,500.00/Gm.",,Sale,0,1,0
1950,1,I22103002089,102,103,110,102,102,103,2.62,0.0,2.62,4790.0,0.0,0.0,1527.87,0.0,0.0,0.0,0.0,0.0,14077.67,0.0,14077.67,422.34,14500.0,"Net Wt: 2.620 Gm.@Rate 4,790.00/Gm.",,Sale,0,1,0
1951,1,O22104000751,102,104,119,121,109,111,65.32,0.0,65.32,65.0,0.0,0.0,608.57,0.0,0.0,0.0,0.0,0.0,4854.37,0.0,4854.37,145.64,5000.0,Net Wt: 65.320 Gm.@Rate 65.00/Gm.,,Sale,0,1,0
1952,1,O22104000752,102,104,119,121,109,111,96.5,0.0,96.5,65.0,0.0,0.0,1009.05,0.0,0.0,0.0,0.0,0.0,7281.55,0.0,7281.55,218.44,7500.0,Net Wt: 96.500 Gm.@Rate 65.00/Gm.,,Sale,0,1,0
1953,1,I22103002087,102,103,110,102,102,103,2.6,0.0,2.6,4790.0,0.0,0.0,1429.5,0.0,0.0,0.0,0.0,0.0,13883.5,0.0,13883.5,416.5,14300.01,"Net Wt: 2.600 Gm.@Rate 4,790.00/Gm.",,Sale,0,1,0
1954,1,O22104000753,102,104,119,121,109,111,65.3,0.0,65.3,65.0,0.0,0.0,1095.31,0.0,0.0,0.0,0.0,0.0,5339.81,0.0,5339.81,160.2,5500.0,Net Wt: 65.300 Gm.@Rate 65.00/Gm.,,Sale,0,1,0
1955,1,I22103002091,102,103,110,102,102,103,3.16,0.0,3.16,4790.0,0.0,0.0,2339.33,0.0,0.0,0.0,0.0,0.0,17475.73,0.0,17475.73,524.28,18000.0,"Net Wt: 3.160 Gm.@Rate 4,790.00/Gm.",,Sale,0,1,0
1956,1,J22103002137,102,103,235,102,102,103,3.88,0.0,3.88,4790.0,0.0,0.0,2288.59,0.0,0.0,0.0,0.0,0.0,20873.79,0.0,20873.79,626.22,21500.0,"Net Wt: 3.880 Gm.@Rate 4,790.00/Gm.",,Sale,0,1,0
1957,1,O22103002440,102,103,116,102,102,103,2.98,0.0,2.98,4790.0,0.0,0.0,1745.22,0.0,0.0,0.0,0.0,0.0,16019.42,0.0,16019.42,480.58,16500.0,"Net Wt: 2.980 Gm.@Rate 4,790.00/Gm.",,Sale,0,1,0
1958,1,H19103000029,102,103,331,102,102,103,2.83,0.0,2.83,4850.0,0.0,0.0,1323.04,0.0,0.0,0.0,0.0,0.0,15048.54,0.0,15048.54,451.46,15500.0,"Net Wt: 2.830 Gm.@Rate 4,850.00/Gm.",,Sale,0,1,0
1959,1,M22103002260,102,103,331,102,102,103,3.49,0.0,3.49,4850.0,0.0,0.0,2490.98,0.0,0.0,0.0,0.0,0.0,19417.48,0.0,19417.48,582.52,20000.0,"Net Wt: 3.490 Gm.@Rate 4,850.00/Gm.",,Sale,0,1,0
1960,1,F21103001473,102,103,331,102,102,103,4.78,0.0,4.78,4850.0,0.0,0.0,3807.29,0.0,0.0,0.0,0.0,0.0,26990.29,0.0,26990.29,809.7,27800.0,"Net Wt: 4.780 Gm.@Rate 4,850.00/Gm.",,Sale,0,1,0
1961,1,J22103002233,102,103,116,102,102,103,0.83,0.0,0.83,4850.0,0.0,0.0,828.87,0.0,0.0,0.0,0.0,0.0,4854.37,0.0,4854.37,145.64,5000.0,"Net Wt: 0.830 Gm.@Rate 4,850.00/Gm.",,Sale,0,1,0
1983,1,P22104000763,102,104,119,121,109,111,15.3,0.0,15.3,65.0,0.0,0.0,73.46,0.0,0.0,0.0,0.0,0.0,1067.96,0.0,1067.96,32.04,1100.0,Net Wt: 15.300 Gm.@Rate 65.00/Gm.,,Sale,0,1,0
1963,1,I22103002086,102,103,110,102,102,103,3.08,0.0,3.08,4850.0,0.0,0.0,1761.03,0.0,0.0,0.0,0.0,0.0,16699.03,0.0,16699.03,500.98,17200.0,"Net Wt: 3.080 Gm.@Rate 4,850.00/Gm.",,Sale,0,1,0
1999,1,P22103002446,102,103,338,102,102,103,5.47,0.0,5.47,5090.0,0.0,0.0,2740.22,0.0,0.0,0.0,0.0,0.0,30582.52,0.0,30582.52,917.48,31500.0,"Net Wt: 5.470 Gm.@Rate 5,090.00/Gm.",,Sale,0,1,0
2000,1,P22104000772,102,104,346,102,109,111,38.24,0.0,38.24,65.0,0.0,0.0,135.76,0.0,0.0,0.0,0.0,0.0,2621.36,0.0,2621.36,78.64,2700.0,Net Wt: 38.240 Gm.@Rate 65.00/Gm.,,Sale,0,2,0
1965,1,O21103001756,102,103,114,102,102,103,9.3,0.0,9.3,4850.0,0.0,0.0,3438.69,0.0,0.0,0.0,0.0,0.0,48543.69,0.0,48543.69,1456.32,50000.0,"Net Wt: 9.300 Gm.@Rate 4,850.00/Gm.",,Sale,0,1,0
1965,2,I22103001937,102,103,331,102,102,103,6.31,0.0,6.31,4850.0,0.0,0.0,2406.56,0.0,0.0,0.0,0.0,0.0,33010.06,0.0,33010.06,990.3,34000.36,"Net Wt: 6.310 Gm.@Rate 4,850.00/Gm.",,Sale,0,1,0
1965,3,O22103002422,102,103,115,102,102,103,0.89,0.0,0.89,4850.0,0.0,0.0,51.99,0.0,0.0,0.0,0.0,0.0,4368.49,0.0,4368.49,131.06,4499.54,"Net Wt: 0.890 Gm.@Rate 4,850.00/Gm.",,Sale,0,1,0
1966,1,O22104000754,102,104,119,121,109,111,65.0,0.0,65.0,65.0,0.0,0.0,629.37,0.0,0.0,0.0,0.0,0.0,4854.37,0.0,4854.37,145.64,5000.0,Net Wt: 65.000 Gm.@Rate 65.00/Gm.,,Sale,0,1,0
1967,1,F20103000905,102,103,331,102,102,103,2.63,0.0,2.63,4850.0,0.0,0.0,1322.17,0.0,0.0,0.0,0.0,0.0,14077.67,0.0,14077.67,422.34,14500.0,"Net Wt: 2.630 Gm.@Rate 4,850.00/Gm.",,Sale,0,1,0
1967,2,I22103001990,102,103,331,102,102,103,2.55,0.0,2.55,4850.0,0.0,0.0,1710.17,0.0,0.0,0.0,0.0,0.0,14077.67,0.0,14077.67,422.34,14500.0,"Net Wt: 2.550 Gm.@Rate 4,850.00/Gm.",,Sale,0,1,0
1967,3,O22103002442,102,103,331,102,102,103,2.69,0.0,2.69,4850.0,0.0,0.0,545.73,0.0,0.0,0.0,0.0,0.0,13592.23,0.0,13592.23,407.76,14000.0,"Net Wt: 2.690 Gm.@Rate 4,850.00/Gm.",,Sale,0,1,0
1967,4,O22104000755,102,104,119,121,109,111,115.3,0.0,115.3,65.0,0.0,0.0,3670.55,0.0,0.0,0.0,0.0,0.0,11165.05,0.0,11165.05,334.96,11500.0,Net Wt: 115.300 Gm.@Rate 65.00/Gm.,,Sale,0,1,0
2002,1,P22103002447,102,103,113,102,102,103,3.22,0.0,3.22,4999.0,0.0,0.0,1864.39,0.0,0.0,0.0,0.0,0.0,17961.17,0.0,17961.17,538.84,18500.0,"Net Wt: 3.220 Gm.@Rate 4,999.00/Gm.",,Sale,0,1,0
1969,1,N22103002361,102,103,407,102,102,129,1.6,0.0,1.6,3500.0,0.0,0.0,1099.03,0.0,0.0,0.0,0.0,0.0,6699.03,0.0,6699.03,200.98,6900.0,"Net Wt: 1.600 Gm.@Rate 3,500.00/Gm.",,Sale,0,1,0
1970,1,I22103001994,102,103,331,102,102,103,2.99,0.0,2.99,4790.0,0.0,0.0,2182.75,0.0,0.0,0.0,0.0,0.0,16504.85,0.0,16504.85,495.14,17000.0,"Net Wt: 2.990 Gm.@Rate 4,790.00/Gm.",,Sale,0,1,0
1971,1,J22103002149,102,103,114,102,102,103,13.04,0.0,13.04,4790.0,0.0,0.0,9383.06,0.0,0.0,0.0,0.0,0.0,71844.66,0.0,71844.66,2155.34,74000.0,"Net Wt: 13.040 Gm.@Rate 4,790.00/Gm.",,Sale,0,1,0
2003,1,O21103001842,102,103,116,102,102,103,1.04,0.0,1.04,5090.0,0.0,0.0,531.64,0.0,0.0,0.0,0.0,0.0,5825.24,0.0,5825.24,174.76,6000.0,"Net Wt: 1.040 Gm.@Rate 5,090.00/Gm.",,Sale,0,1,0
2004,1,P22103002448,102,103,116,102,102,103,1.01,0.0,1.01,5100.0,0.0,0.0,382.98,0.0,0.0,0.0,0.0,0.0,5533.98,0.0,5533.98,166.02,5700.0,"Net Wt: 1.010 Gm.@Rate 5,100.00/Gm.",,Sale,0,1,0
1974,1,P22104000756,102,104,119,121,109,111,65.32,0.0,65.32,65.0,0.0,0.0,608.57,0.0,0.0,0.0,0.0,0.0,4854.37,0.0,4854.37,145.64,5000.0,Net Wt: 65.320 Gm.@Rate 65.00/Gm.,,Sale,0,1,0
1975,1,M22103002264,102,103,101,102,102,103,16.08,0.0,16.08,4790.0,0.0,0.0,12103.01,0.0,0.0,0.0,0.0,0.0,89126.21,0.0,89126.21,2673.78,91800.0,"Net Wt: 16.080 Gm.@Rate 4,790.00/Gm.",,Sale,0,1,0
2005,1,P22103002501,102,103,369,102,102,103,1.63,0.0,1.63,5100.0,0.0,0.0,910.3,0.0,0.0,0.0,0.0,0.0,9223.3,0.0,9223.3,276.7,9500.0,"Net Wt: 1.630 Gm.@Rate 5,100.00/Gm.",,Sale,0,1,0
2006,1,M22103002277,102,103,235,102,102,103,2.61,0.0,2.61,5100.0,0.0,0.0,1737.54,0.0,0.0,0.0,0.0,0.0,15048.54,0.0,15048.54,451.46,15500.0,"Net Wt: 2.610 Gm.@Rate 5,100.00/Gm.",,Sale,0,1,0
2007,1,I22103001956,102,103,235,102,102,103,11.27,0.0,11.27,5100.0,0.0,0.0,5629.8,0.0,0.0,0.0,0.0,0.0,63106.8,0.0,63106.8,1893.2,65000.0,"Net Wt: 11.270 Gm.@Rate 5,100.00/Gm.",,Sale,0,1,0
2008,1,O22103002414,102,103,115,102,102,103,1.35,0.0,1.35,4990.0,0.0,0.0,835.97,0.0,0.0,0.0,0.0,0.0,7572.47,0.0,7572.47,227.18,7799.64,"Net Wt: 1.350 Gm.@Rate 4,990.00/Gm.",,Sale,0,1,0
2008,2,O22103002421,102,103,115,102,102,103,1.25,0.0,1.25,4990.0,0.0,0.0,753.09,0.0,0.0,0.0,0.0,0.0,6990.59,0.0,6990.59,209.72,7200.31,"Net Wt: 1.250 Gm.@Rate 4,990.00/Gm.",,Sale,0,1,0
1980,1,N22103002294,102,103,102,102,102,103,5.07,0.0,5.07,5050.0,0.0,0.0,3328.54,0.0,0.0,0.0,0.0,0.0,28932.04,0.0,28932.04,867.96,29800.0,"Net Wt: 5.070 Gm.@Rate 5,050.00/Gm.",,Sale,0,1,0
1980,2,P22104000760,102,104,151,150,109,111,8.6,0.0,8.6,65.0,0.0,0.0,217.7,0.0,0.0,0.0,0.0,0.0,776.7,0.0,776.7,23.3,800.0,Net Wt: 8.600 Gm.@Rate 65.00/Gm.,,Sale,0,1,0
1981,1,P22104000761,102,104,119,121,109,111,15.3,0.0,15.3,65.0,0.0,0.0,219.09,0.0,0.0,0.0,0.0,0.0,1213.59,0.0,1213.59,36.4,1250.0,Net Wt: 15.300 Gm.@Rate 65.00/Gm.,,Sale,0,1,0
1982,1,P22104000762,102,104,119,121,109,111,15.3,0.0,15.3,65.0,0.0,0.0,704.53,0.0,0.0,0.0,0.0,0.0,1699.03,0.0,1699.03,50.98,1750.0,Net Wt: 15.300 Gm.@Rate 65.00/Gm.,,Sale,0,1,0
1994,1,P22104000767,102,104,351,102,109,111,9.34,0.0,9.34,65.0,0.0,0.0,315.23,0.0,0.0,0.0,0.0,0.0,922.33,0.0,922.33,27.66,950.0,Net Wt: 9.340 Gm.@Rate 65.00/Gm.,,Sale,0,1,0
1984,1,P22104000764,102,104,127,129,109,111,10.0,0.0,10.0,65.0,0.0,0.0,58.74,0.0,0.0,0.0,0.0,0.0,708.74,0.0,708.74,21.26,730.0,Net Wt: 10.000 Gm.@Rate 65.00/Gm.,,Sale,0,1,0
1985,1,N22103002368,102,103,407,102,102,129,1.45,0.0,1.45,3500.0,0.0,0.0,1235.68,0.0,0.0,0.0,0.0,0.0,6310.68,0.0,6310.68,189.32,6500.0,"Net Wt: 1.450 Gm.@Rate 3,500.00/Gm.",,Sale,0,1,0
1986,1,N22103002309,102,103,235,102,102,103,5.01,0.0,5.01,4950.0,0.0,0.0,3355.84,0.0,0.0,0.0,0.0,0.0,28155.34,0.0,28155.34,844.66,29000.0,"Net Wt: 5.010 Gm.@Rate 4,950.00/Gm.",,Sale,0,1,0
1995,1,P22104000768,102,104,353,102,109,111,9.5,0.0,9.5,65.0,0.0,0.0,2295.12,0.0,0.0,0.0,0.0,0.0,2912.62,0.0,2912.62,87.38,3000.0,Net Wt: 9.500 Gm.@Rate 65.00/Gm.,,Sale,0,1,0
1996,1,P22104000769,102,104,351,102,109,111,9.29,0.0,9.29,65.0,0.0,0.0,367.02,0.0,0.0,0.0,0.0,0.0,970.87,0.0,970.87,29.12,1000.0,Net Wt: 9.290 Gm.@Rate 65.00/Gm.,,Sale,0,1,0
1997,1,P22104000770,102,104,119,121,109,111,61.2,0.0,61.2,65.0,0.0,0.0,1555.98,0.0,0.0,0.0,0.0,0.0,5533.98,0.0,5533.98,166.02,5700.0,Net Wt: 61.200 Gm.@Rate 65.00/Gm.,,Sale,0,1,0
1998,1,P22103002445,102,103,116,102,102,103,0.71,0.0,0.71,5100.0,0.0,0.0,359.58,0.0,0.0,0.0,0.0,0.0,3980.58,0.0,3980.58,119.42,4100.0,"Net Wt: 0.710 Gm.@Rate 5,100.00/Gm.",,Sale,0,1,0
1998,2,P22104000771,102,104,119,121,109,111,31.57,0.0,31.57,65.0,0.0,0.0,957.66,0.0,0.0,0.0,0.0,0.0,3009.71,0.0,3009.71,90.3,3100.0,Net Wt: 31.570 Gm.@Rate 65.00/Gm.,,Sale,0,1,0
1962,1,J22103002204,102,103,110,102,102,103,3.51,0.0,3.51,4850.0,0.0,0.0,1908.54,0.0,0.0,0.0,0.0,0.0,18932.04,0.0,18932.04,567.96,19500.0,"Net Wt: 3.510 Gm.@Rate 4,850.00/Gm.",,Sale,0,1,0
1964,1,G20103001078,102,103,118,102,102,103,5.49,0.0,5.49,4850.0,0.0,0.0,3471.0,0.0,0.0,0.0,0.0,0.0,30097.38,0.0,30097.38,902.92,31000.3,"Net Wt: 5.490 Gm.@Rate 4,850.00/Gm.",,Sale,0,1,0
1964,2,O22103002441,102,103,103,102,102,103,3.98,0.0,3.98,4850.0,0.0,0.0,2541.66,0.0,0.0,0.0,0.0,0.0,21844.66,0.0,21844.66,655.34,22500.0,"Net Wt: 3.980 Gm.@Rate 4,850.00/Gm.",,Sale,0,1,0
2001,1,P22104000773,102,104,127,129,109,111,10.0,0.0,10.0,65.0,0.0,0.0,78.16,0.0,0.0,0.0,0.0,0.0,728.16,0.0,728.16,21.84,750.0,Net Wt: 10.000 Gm.@Rate 65.00/Gm.,,Sale,0,1,0
2009,1,P22104000774,102,104,119,121,109,111,33.1,0.0,33.1,65.0,0.0,0.0,761.12,0.0,0.0,0.0,0.0,0.0,2912.62,0.0,2912.62,87.38,3000.0,Net Wt: 33.100 Gm.@Rate 65.00/Gm.,,Sale,0,1,0
2015,1,P22103002503,102,103,400,102,102,103,0.38,0.0,0.38,5100.0,0.0,0.0,780.45,0.0,0.0,0.0,0.0,0.0,2718.45,0.0,2718.45,81.56,2800.0,"Net Wt: 0.380 Gm.@Rate 5,100.00/Gm.",,Sale,0,1,0
2016,1,J22103002178,102,103,235,102,102,103,1.57,0.0,1.57,5100.0,0.0,0.0,245.43,0.0,0.0,0.0,0.0,0.0,8252.43,0.0,8252.43,247.58,8500.0,"Net Wt: 1.570 Gm.@Rate 5,100.00/Gm.",,Sale,0,1,0
2017,1,P22104000777,102,104,440,101,109,111,2.9,0.0,2.9,65.0,0.0,0.0,879.46,0.0,0.0,0.0,0.0,0.0,1067.96,0.0,1067.96,32.04,1100.0,Net Wt: 2.900 Gm.@Rate 65.00/Gm.,,Sale,0,1,0
2018,1,P22103002504,102,103,101,102,102,103,15.4,0.0,15.4,5050.0,0.0,0.0,6696.02,0.0,0.0,0.0,0.0,0.0,84466.02,0.0,84466.02,2533.98,87000.0,"Net Wt: 15.400 Gm.@Rate 5,050.00/Gm.",,Sale,0,1,0
2019,1,O22103002397,102,103,102,102,103,104,0.85,0.0,0.85,5000.0,0.0,0.0,701.46,0.0,0.0,0.0,0.0,0.0,4951.46,0.0,4951.46,148.54,5100.0,"Net Wt: 0.850 Gm.@Rate 5,000.00/Gm.",,Sale,0,1,0
2019,2,E23104000778,102,104,151,150,109,111,4.46,0.0,4.46,65.0,0.0,0.0,1.36,0.0,0.0,0.0,0.0,0.0,291.26,0.0,291.26,8.74,300.0,Net Wt: 4.460 Gm.@Rate 65.00/Gm.,,Sale,0,1,0
2020,1,E23104000779,102,104,346,102,109,111,23.67,0.0,23.67,65.0,0.0,0.0,791.55,0.0,0.0,0.0,0.0,0.0,2330.1,0.0,2330.1,69.9,2400.0,Net Wt: 23.670 Gm.@Rate 65.00/Gm.,,Sale,0,1,0
2021,1,I22103001938,102,103,331,102,102,103,6.56,0.0,6.56,5120.0,0.0,0.0,4276.88,0.0,0.0,0.0,0.0,0.0,37864.08,0.0,37864.08,1135.92,39000.0,"Net Wt: 6.560 Gm.@Rate 5,120.00/Gm.",,Sale,0,1,0
2022,1,E23103002505,102,103,113,102,102,103,4.58,0.0,4.58,5100.0,0.0,0.0,913.84,0.0,0.0,0.0,0.0,0.0,24271.84,0.0,24271.84,728.16,25000.0,"Net Wt: 4.580 Gm.@Rate 5,100.00/Gm.",,Sale,0,1,0
2023,1,E23104000780,102,104,289,102,109,111,12.2,0.0,12.2,65.0,0.0,0.0,274.96,0.0,0.0,0.0,0.0,0.0,1067.96,0.0,1067.96,32.04,1100.0,Net Wt: 12.200 Gm.@Rate 65.00/Gm.,,Sale,0,1,0
2024,1,N21103001617,102,103,102,102,102,103,5.59,0.0,5.59,5200.0,0.0,0.0,1999.96,0.0,0.0,0.0,0.0,0.0,31067.96,0.0,31067.96,932.04,32000.0,"Net Wt: 5.590 Gm.@Rate 5,200.00/Gm.",,Sale,0,1,0
2025,1,O22103002386,102,103,102,102,102,103,4.6,0.0,4.6,5290.0,0.0,0.0,1831.46,0.0,0.0,0.0,0.0,0.0,26165.46,0.0,26165.46,784.96,26950.42,"Net Wt: 4.600 Gm.@Rate 5,290.00/Gm.",,Sale,0,1,0
2026,1,E23104000781,102,104,119,121,109,111,24.28,0.0,24.28,70.0,0.0,0.0,581.95,0.0,0.0,0.0,0.0,0.0,2281.55,0.0,2281.55,68.44,2350.0,Net Wt: 24.280 Gm.@Rate 70.00/Gm.,,Sale,0,1,0
1989,1,I22103002032,102,103,374,101,102,103,9.73,0.0,9.73,4950.0,8.0,0.0,10574.36,0.0,0.0,0.0,0.0,0.0,58737.86,0.0,58737.86,1762.14,60500.0,"Net Wt: 9.730 Gm.@Rate 4,950.00/Gm.",,Sale,0,1,0
1988,1,O22103002394,102,103,102,102,103,104,0.93,0.0,0.93,2510.0,0.0,0.0,1063.76,0.0,0.0,0.0,0.0,0.0,3398.06,0.0,3398.06,101.94,3500.0,"Net Wt: 0.930 Gm.@Rate 2,510.00/Gm.",,Sale,0,1,0
1990,1,P22104000765,102,104,119,121,109,111,68.3,0.0,68.3,65.0,0.0,0.0,1385.74,0.0,0.0,0.0,0.0,0.0,5825.24,0.0,5825.24,174.76,6000.0,Net Wt: 68.300 Gm.@Rate 65.00/Gm.,,Sale,0,1,0
1991,1,P22104000766,102,104,119,121,109,111,86.5,0.0,86.5,65.0,0.0,0.0,1173.62,0.0,0.0,0.0,0.0,0.0,6796.12,0.0,6796.12,203.88,7000.0,Net Wt: 86.500 Gm.@Rate 65.00/Gm.,,Sale,0,1,0
1992,1,P22103002443,102,103,101,102,102,103,32.35,0.0,32.35,4850.0,0.0,0.0,30286.97,0.0,0.0,0.0,0.0,0.0,187184.47,0.0,187184.47,5615.54,192800.0,"Net Wt: 32.350 Gm.@Rate 4,850.00/Gm.",,Sale,0,1,0
1993,1,P22103002444,102,103,338,102,102,103,3.78,0.0,3.78,4950.0,0.0,0.0,2648.22,0.0,0.0,0.0,0.0,0.0,21359.22,0.0,21359.22,640.78,22000.0,"Net Wt: 3.780 Gm.@Rate 4,950.00/Gm.",,Sale,0,1,0
1979,1,P22104000759,102,104,119,121,109,111,85.3,0.0,85.3,65.0,0.0,0.0,766.18,0.0,0.0,0.0,0.0,0.0,6310.68,0.0,6310.68,189.32,6500.0,Net Wt: 85.300 Gm.@Rate 65.00/Gm.,,Sale,0,1,0
1978,1,J22103002171,102,103,331,102,102,103,2.35,0.0,2.35,4790.0,0.0,0.0,3306.61,0.0,0.0,0.0,0.0,0.0,14563.11,0.0,14563.11,436.9,15000.0,"Net Wt: 2.350 Gm.@Rate 4,790.00/Gm.",,Sale,0,1,0
1987,1,O22103002437,102,103,101,102,102,103,6.8,0.0,6.8,4990.0,0.0,0.0,4902.95,0.0,0.0,0.0,0.0,0.0,38834.95,0.0,38834.95,1165.04,40000.0,"Net Wt: 6.800 Gm.@Rate 4,990.00/Gm.",,Sale,0,1,0
1976,1,P22104000757,102,104,119,121,109,111,65.3,0.0,65.3,65.0,0.0,0.0,124.43,0.0,0.0,0.0,0.0,0.0,4368.93,0.0,4368.93,131.06,4500.0,Net Wt: 65.300 Gm.@Rate 65.00/Gm.,,Sale,0,1,0
1977,1,O22103002395,102,103,102,102,103,104,1.27,0.0,1.27,2510.0,0.0,0.0,1181.23,0.0,0.0,0.0,0.0,0.0,4368.93,0.0,4368.93,131.06,4500.0,"Net Wt: 1.270 Gm.@Rate 2,510.00/Gm.",,Sale,0,1,0
1977,2,P22104000758,102,104,119,121,109,111,25.32,0.0,25.32,65.0,0.0,0.0,295.95,0.0,0.0,0.0,0.0,0.0,1941.75,0.0,1941.75,58.26,2000.0,Net Wt: 25.320 Gm.@Rate 65.00/Gm.,,Sale,0,1,0
2010,1,N22103002298,102,103,101,102,102,103,25.32,0.0,25.32,4990.0,0.0,0.0,14430.0,0.0,0.0,0.0,0.0,0.0,140776.42,0.0,140776.42,4223.3,144999.71,"Net Wt: 25.320 Gm.@Rate 4,990.00/Gm.",,Sale,0,1,0
1973,1,I22103002075,102,103,101,102,102,103,8.46,0.0,8.46,4790.0,0.0,0.0,5107.67,0.0,0.0,0.0,0.0,0.0,45631.07,0.0,45631.07,1368.94,47000.0,"Net Wt: 8.460 Gm.@Rate 4,790.00/Gm.",,Sale,0,1,0
1972,1,N22103002357,102,103,407,102,102,129,1.57,0.0,1.57,3500.0,0.0,0.0,912.77,0.0,0.0,0.0,0.0,0.0,6407.77,0.0,6407.77,192.24,6600.0,"Net Wt: 1.570 Gm.@Rate 3,500.00/Gm.",,Sale,0,1,0
1968,1,F21103001432,102,103,235,102,102,103,4.28,0.0,4.28,4800.0,0.0,0.0,1786.1,0.0,0.0,0.0,0.0,0.0,22330.1,0.0,22330.1,669.9,23000.0,"Net Wt: 4.280 Gm.@Rate 4,800.00/Gm.",,Sale,0,1,0
2010,2,N22103002307,102,103,235,102,102,103,5.4,0.0,5.4,4990.0,0.0,0.0,2180.21,0.0,0.0,0.0,0.0,0.0,29126.21,0.0,29126.21,873.78,30000.0,"Net Wt: 5.400 Gm.@Rate 4,990.00/Gm.",,Sale,0,1,0
2011,1,P22104000775,102,104,351,102,109,111,9.63,0.0,9.63,65.0,0.0,0.0,247.84,0.0,0.0,0.0,0.0,0.0,873.79,0.0,873.79,26.22,900.0,Net Wt: 9.630 Gm.@Rate 65.00/Gm.,,Sale,0,1,0
2012,1,N22103002369,102,103,407,102,102,129,1.75,0.0,1.75,5000.0,0.0,0.0,716.37,0.0,0.0,0.0,0.0,0.0,9466.37,0.0,9466.37,284.0,9750.36,"Net Wt: 1.750 Gm.@Rate 5,000.00/Gm.",,Sale,0,1,0
2012,2,N22103002362,102,103,407,102,102,129,1.72,0.0,1.72,5000.0,0.0,0.0,866.37,0.0,0.0,0.0,0.0,0.0,9466.37,0.0,9466.37,284.0,9750.36,"Net Wt: 1.720 Gm.@Rate 5,000.00/Gm.",,Sale,0,1,0
2013,1,P22104000776,102,104,132,134,109,111,16.5,0.0,16.5,65.0,0.0,0.0,383.81,0.0,0.0,0.0,0.0,0.0,1456.31,0.0,1456.31,43.68,1500.0,Net Wt: 16.500 Gm.@Rate 65.00/Gm.,,Sale,0,1,0
2014,1,N22103002347,102,103,103,102,102,129,0.62,0.0,0.62,5000.0,0.0,0.0,298.06,0.0,0.0,0.0,0.0,0.0,3398.06,0.0,3398.06,101.94,3500.0,"Net Wt: 0.620 Gm.@Rate 5,000.00/Gm.",,Sale,0,1,0
2027,1,E23103002506,102,103,235,102,102,103,7.81,0.0,7.81,5350.0,0.0,0.0,1905.82,0.0,0.0,0.0,0.0,0.0,43689.32,0.0,43689.32,1310.68,45000.0,"Net Wt: 7.810 Gm.@Rate 5,350.00/Gm.",,Sale,0,1,0
2028,1,E23103002507,102,103,101,102,102,103,35.15,0.0,35.15,5350.0,0.0,0.0,10976.63,0.0,0.0,0.0,0.0,0.0,199029.13,0.0,199029.13,5970.88,205000.0,"Net Wt: 35.150 Gm.@Rate 5,350.00/Gm.",,Sale,0,1,0
2029,1,P22103002486,102,103,110,102,102,103,3.0,0.0,3.0,5100.0,0.0,0.0,1010.68,0.0,0.0,0.0,0.0,0.0,16310.68,0.0,16310.68,489.32,16800.0,"Net Wt: 3.000 Gm.@Rate 5,100.00/Gm.",,Sale,0,1,0
2030,1,E23103002508,102,103,411,102,102,103,0.5,0.0,0.5,5350.0,0.0,0.0,1208.5,0.0,0.0,0.0,0.0,0.0,3883.5,0.0,3883.5,116.5,4000.0,"Net Wt: 0.500 Gm.@Rate 5,350.00/Gm.",,Sale,0,1,0
2032,1,E23103002509,102,103,102,102,102,103,6.23,0.0,6.23,5200.0,0.0,0.0,1924.39,0.0,0.0,0.0,0.0,0.0,34320.39,0.0,34320.39,1029.62,35350.0,"Net Wt: 6.230 Gm.@Rate 5,200.00/Gm.",,Sale,0,1,0
2033,1,E23104000782,102,104,440,101,109,111,5.2,0.0,5.2,65.0,0.0,0.0,827.05,0.0,0.0,0.0,0.0,0.0,1165.05,0.0,1165.05,34.96,1200.0,Net Wt: 5.200 Gm.@Rate 65.00/Gm.,,Sale,0,1,0
2034,1,E23104000783,102,104,440,101,109,111,4.5,0.0,4.5,65.0,0.0,0.0,144.39,0.0,0.0,0.0,0.0,0.0,436.89,0.0,436.89,13.1,450.0,Net Wt: 4.500 Gm.@Rate 65.00/Gm.,,Sale,0,1,0
2035,1,O22103002429,102,103,107,102,102,103,2.76,0.0,2.76,5290.0,0.0,0.0,1904.45,0.0,0.0,0.0,0.0,0.0,16504.85,0.0,16504.85,495.14,17000.0,"Net Wt: 2.760 Gm.@Rate 5,290.00/Gm.",,Sale,0,1,0
2035,2,G20103001081,102,103,115,102,102,103,2.68,0.0,2.68,5290.0,0.0,0.0,1356.91,0.0,0.0,0.0,0.0,0.0,15534.11,0.0,15534.11,466.02,16000.13,"Net Wt: 2.680 Gm.@Rate 5,290.00/Gm.",,Sale,0,1,0
2036,1,J19103000304,102,103,235,102,102,103,10.97,0.0,10.97,5290.0,0.0,0.0,8958.99,0.0,0.0,0.0,0.0,0.0,66990.29,0.0,66990.29,2009.7,69000.0,"Net Wt: 10.970 Gm.@Rate 5,290.00/Gm.",,Sale,0,1,0
2037,1,P22103002479,102,103,112,102,102,103,6.06,0.0,6.06,5290.0,0.0,0.0,4350.0,0.0,0.0,0.0,0.0,0.0,36407.33,0.0,36407.33,1092.22,37499.55,"Net Wt: 6.060 Gm.@Rate 5,290.00/Gm.",,Sale,0,1,0
2037,2,O21103001789,102,103,116,102,102,103,1.67,0.0,1.67,5290.0,0.0,0.0,874.44,0.0,0.0,0.0,0.0,0.0,9708.74,0.0,9708.74,291.26,10000.0,"Net Wt: 1.670 Gm.@Rate 5,290.00/Gm.",,Sale,0,1,0
2037,3,E23104000784,102,104,351,102,109,111,15.2,0.0,15.2,65.0,0.0,0.0,468.31,0.0,0.0,0.0,0.0,0.0,1456.31,0.0,1456.31,43.68,1500.0,Net Wt: 15.200 Gm.@Rate 65.00/Gm.,,Sale,0,1,0
2038,1,E23104000785,102,104,351,102,109,111,5.2,0.0,5.2,65.0,0.0,0.0,147.44,0.0,0.0,0.0,0.0,0.0,485.44,0.0,485.44,14.56,500.0,Net Wt: 5.200 Gm.@Rate 65.00/Gm.,,Sale,0,1,0
2039,1,F20103001016,102,103,110,102,102,103,3.86,0.0,3.86,5290.0,0.0,0.0,3367.01,0.0,0.0,0.0,0.0,0.0,23786.41,0.0,23786.41,713.6,24500.0,"Net Wt: 3.860 Gm.@Rate 5,290.00/Gm.",,Sale,0,1,0
2052,1,E23103002512,102,103,402,102,102,103,0.38,0.0,0.38,5290.0,0.0,0.0,805.33,0.0,0.0,0.0,0.0,0.0,2815.53,0.0,2815.53,84.46,2900.0,"Net Wt: 0.380 Gm.@Rate 5,290.00/Gm.",,Sale,0,1,0
2053,1,O21103001780,102,103,115,102,102,103,2.54,0.0,2.54,5290.0,0.0,0.0,1903.21,0.0,0.0,0.0,0.0,0.0,15339.81,0.0,15339.81,460.2,15800.0,"Net Wt: 2.540 Gm.@Rate 5,290.00/Gm.",,Sale,0,1,0
2054,1,O22103002390,102,103,102,102,103,104,1.25,0.0,1.25,5290.0,0.0,0.0,669.05,0.0,0.0,0.0,0.0,0.0,7281.55,0.0,7281.55,218.44,7500.0,"Net Wt: 1.250 Gm.@Rate 5,290.00/Gm.",,Sale,0,1,0
2055,1,O22103002427,102,103,107,102,102,103,4.25,0.0,4.25,5290.0,0.0,0.0,5867.01,0.0,0.0,0.0,0.0,0.0,28349.51,0.0,28349.51,850.48,29200.0,"Net Wt: 4.250 Gm.@Rate 5,290.00/Gm.",,Sale,0,1,0
2055,2,O21103001714,102,103,102,102,102,103,2.97,0.0,2.97,5290.0,0.0,0.0,1376.08,0.0,0.0,0.0,0.0,0.0,17087.38,0.0,17087.38,512.62,17600.0,"Net Wt: 2.970 Gm.@Rate 5,290.00/Gm.",,Sale,0,1,0
2056,1,P22103002490,102,103,110,102,102,103,2.9,0.0,2.9,5220.0,0.0,0.0,1997.92,0.0,0.0,0.0,0.0,0.0,17135.92,0.0,17135.92,514.08,17650.0,"Net Wt: 2.900 Gm.@Rate 5,220.00/Gm.",,Sale,0,1,0
2057,1,P22103002457,102,103,102,102,102,103,3.05,0.0,3.05,5300.0,0.0,0.0,1796.17,0.0,0.0,0.0,0.0,0.0,17961.17,0.0,17961.17,538.84,18500.01,"Net Wt: 3.050 Gm.@Rate 5,300.00/Gm.",,Sale,0,1,0
2058,1,E23103002513,102,103,400,102,102,103,0.45,0.0,0.45,5290.0,0.0,0.0,726.3,0.0,0.0,0.0,0.0,0.0,3106.8,0.0,3106.8,93.2,3200.0,"Net Wt: 0.450 Gm.@Rate 5,290.00/Gm.",,Sale,0,1,0
2058,2,E23104000788,102,104,119,121,109,111,18.9,0.0,18.9,65.0,0.0,0.0,519.07,0.0,0.0,0.0,0.0,0.0,1747.57,0.0,1747.57,52.42,1800.0,Net Wt: 18.900 Gm.@Rate 65.00/Gm.,,Sale,0,1,0
2059,1,E23103002514,102,103,116,102,102,103,1.0,0.0,1.0,5290.0,0.0,0.0,146.89,0.0,0.0,0.0,0.0,0.0,5436.89,0.0,5436.89,163.1,5600.0,"Net Wt: 1.000 Gm.@Rate 5,290.00/Gm.",,Sale,0,1,0
2060,1,I22103001948,102,103,374,101,102,103,3.63,0.0,3.63,5290.0,0.0,0.0,2156.52,0.0,0.0,0.0,0.0,0.0,21359.22,0.0,21359.22,640.78,22000.0,"Net Wt: 3.630 Gm.@Rate 5,290.00/Gm.",,Sale,0,1,0
2061,1,E23103002515,102,103,102,102,102,103,6.15,0.0,6.15,5400.0,0.0,0.0,2712.33,0.0,0.0,0.0,0.0,0.0,35922.33,0.0,35922.33,1077.66,37000.0,"Net Wt: 6.150 Gm.@Rate 5,400.00/Gm.",,Sale,0,1,0
2063,1,E23103002516,102,103,400,102,102,103,0.94,0.0,0.94,5390.0,0.0,0.0,758.64,0.0,0.0,0.0,0.0,0.0,5825.24,0.0,5825.24,174.76,6000.0,"Net Wt: 0.940 Gm.@Rate 5,390.00/Gm.",,Sale,0,1,0
2064,1,E23103002517,102,103,331,102,102,103,5.63,0.0,5.63,5400.0,0.0,0.0,5034.89,0.0,0.0,0.0,0.0,0.0,35436.89,0.0,35436.89,1063.1,36500.0,"Net Wt: 5.630 Gm.@Rate 5,400.00/Gm.",,Sale,0,1,0
2064,2,P22103002454,102,103,331,102,102,103,3.29,0.0,3.29,5400.0,0.0,0.0,1651.48,0.0,0.0,0.0,0.0,0.0,19417.48,0.0,19417.48,582.52,20000.0,"Net Wt: 3.290 Gm.@Rate 5,400.00/Gm.",,Sale,0,1,0
2065,1,N22103002355,102,103,419,102,102,129,1.25,0.0,1.25,5350.0,0.0,0.0,594.05,0.0,0.0,0.0,0.0,0.0,7281.55,0.0,7281.55,218.44,7500.0,"Net Wt: 1.250 Gm.@Rate 5,350.00/Gm.",,Sale,0,1,0
2066,1,E23103002518,102,103,402,102,102,103,0.39,0.0,0.39,5350.0,0.0,0.0,729.03,0.0,0.0,0.0,0.0,0.0,2815.53,0.0,2815.53,84.46,2900.0,"Net Wt: 0.390 Gm.@Rate 5,350.00/Gm.",,Sale,0,1,0
2067,1,P22103002474,102,103,419,102,103,104,1.07,0.0,1.07,5290.0,0.0,0.0,650.38,0.0,0.0,0.0,0.0,0.0,6310.68,0.0,6310.68,189.32,6500.0,"Net Wt: 1.070 Gm.@Rate 5,290.00/Gm.",,Sale,0,1,0
2067,2,N22103002354,102,103,419,102,102,129,1.23,0.0,1.23,5290.0,0.0,0.0,774.85,0.0,0.0,0.0,0.0,0.0,7281.55,0.0,7281.55,218.44,7500.0,"Net Wt: 1.230 Gm.@Rate 5,290.00/Gm.",,Sale,0,1,0
2068,1,E23104000789,102,104,353,102,109,111,7.8,0.0,7.8,70.0,0.0,0.0,230.7,0.0,0.0,0.0,0.0,0.0,776.7,0.0,776.7,23.3,800.0,Net Wt: 7.800 Gm.@Rate 70.00/Gm.,,Sale,0,1,0
2069,1,O21103001849,102,103,235,102,102,103,1.05,0.0,1.05,5290.0,0.0,0.0,1144.53,0.0,0.0,0.0,0.0,0.0,6699.03,0.0,6699.03,200.98,6900.0,"Net Wt: 1.050 Gm.@Rate 5,290.00/Gm.",,Sale,0,1,0
2040,1,O22103002420,102,103,115,102,102,103,1.89,0.0,1.89,5290.0,0.0,0.0,1069.86,0.0,0.0,0.0,0.0,0.0,11067.96,0.0,11067.96,332.04,11400.0,"Net Wt: 1.890 Gm.@Rate 5,290.00/Gm.",,Sale,0,1,0
2041,1,E23104000786,102,104,119,121,109,111,25.3,0.0,25.3,65.0,0.0,0.0,782.68,0.0,0.0,0.0,0.0,0.0,2427.18,0.0,2427.18,72.82,2500.0,Net Wt: 25.300 Gm.@Rate 65.00/Gm.,,Sale,0,1,0
2043,1,J22103002120,102,103,331,102,102,103,1.95,0.0,1.95,5290.0,0.0,0.0,849.55,0.0,0.0,0.0,0.0,0.0,11165.05,0.0,11165.05,334.96,11500.0,"Net Wt: 1.950 Gm.@Rate 5,290.00/Gm.",,Sale,0,1,0
2043,2,E23103002511,102,103,331,102,102,103,2.39,0.0,2.39,5290.0,0.0,0.0,1046.22,0.0,0.0,0.0,0.0,0.0,13689.32,0.0,13689.32,410.68,14100.0,"Net Wt: 2.390 Gm.@Rate 5,290.00/Gm.",,Sale,0,1,0
2044,1,I22103001965,102,103,331,102,102,103,3.19,0.0,3.19,5290.0,0.0,0.0,2057.18,0.0,0.0,0.0,0.0,0.0,18932.28,0.0,18932.28,567.96,19500.25,"Net Wt: 3.190 Gm.@Rate 5,290.00/Gm.",,Sale,0,1,0
2045,1,N21103001696,102,103,101,102,102,103,7.91,0.0,7.91,5290.0,0.0,0.0,5146.39,0.0,0.0,0.0,0.0,0.0,46990.29,0.0,46990.29,1409.7,48400.0,"Net Wt: 7.910 Gm.@Rate 5,290.00/Gm.",,Sale,0,1,0
2046,1,M22103002261,102,103,331,102,102,103,1.8,0.0,1.8,5290.0,0.0,0.0,1157.61,0.0,0.0,0.0,0.0,0.0,10679.61,0.0,10679.61,320.38,11000.0,"Net Wt: 1.800 Gm.@Rate 5,290.00/Gm.",,Sale,0,1,0
2047,1,E23104000787,102,104,123,102,109,111,12.0,0.0,12.0,65.0,0.0,0.0,385.05,0.0,0.0,0.0,0.0,0.0,1165.05,0.0,1165.05,34.96,1200.0,Net Wt: 12.000 Gm.@Rate 65.00/Gm.,,Sale,0,1,0
2048,1,M22103002263,102,103,101,102,102,103,6.1,0.0,6.1,5190.0,0.0,0.0,1861.39,0.0,0.0,0.0,0.0,0.0,33520.39,0.0,33520.39,1005.62,34526.0,"Net Wt: 6.100 Gm.@Rate 5,190.00/Gm.",,Sale,0,1,0
2049,1,J19103000362,102,103,108,102,102,103,16.45,0.0,16.45,5290.0,0.0,0.0,10066.88,0.0,0.0,0.0,0.0,0.0,97087.38,0.0,97087.38,2912.62,100000.0,"Net Wt: 16.450 Gm.@Rate 5,290.00/Gm.",,Sale,0,1,0
2051,1,N22103002360,102,103,407,102,102,129,1.49,0.0,1.49,5190.0,0.0,0.0,907.68,0.0,0.0,0.0,0.0,0.0,8640.78,0.0,8640.78,259.22,8900.0,"Net Wt: 1.490 Gm.@Rate 5,190.00/Gm.",,Sale,0,1,0
2062,1,O22103002412,102,103,235,102,102,103,3.83,0.0,3.83,5400.0,0.0,0.0,2618.97,0.0,0.0,0.0,0.0,0.0,23300.97,0.0,23300.97,699.02,24000.0,"Net Wt: 3.830 Gm.@Rate 5,400.00/Gm.",,Sale,0,1,0
2072,1,E23103002519,102,103,404,102,102,103,1.14,0.0,1.14,5290.0,0.0,0.0,1056.78,0.0,0.0,0.0,0.0,0.0,7087.38,0.0,7087.38,212.62,7300.0,"Net Wt: 1.140 Gm.@Rate 5,290.00/Gm.",,Sale,0,1,0
2073,1,K20103001178,102,103,331,102,102,103,1.95,0.0,1.95,5290.0,0.0,0.0,849.55,0.0,0.0,0.0,0.0,0.0,11165.05,0.0,11165.05,334.96,11500.0,"Net Wt: 1.950 Gm.@Rate 5,290.00/Gm.",,Sale,0,1,0
2074,1,N22103002285,102,103,331,102,102,103,3.22,0.0,3.22,5290.0,0.0,0.0,1509.89,0.0,0.0,0.0,0.0,0.0,18543.69,0.0,18543.69,556.32,19100.0,"Net Wt: 3.220 Gm.@Rate 5,290.00/Gm.",,Sale,0,1,0
2075,1,P22103002494,102,103,110,102,102,103,1.87,0.0,1.87,5390.0,0.0,0.0,1571.19,0.0,0.0,0.0,0.0,0.0,11650.49,0.0,11650.49,349.52,12000.0,"Net Wt: 1.870 Gm.@Rate 5,390.00/Gm.",,Sale,0,1,0
2076,1,F23103002520,102,103,113,102,102,103,3.9,0.0,3.9,5290.0,0.0,0.0,2669.97,0.0,0.0,0.0,0.0,0.0,23300.97,0.0,23300.97,699.02,24000.0,"Net Wt: 3.900 Gm.@Rate 5,290.00/Gm.",,Sale,0,1,0
2110,1,M22103002259,102,103,338,102,102,103,3.05,0.0,3.05,5390.0,0.0,0.0,1715.84,0.0,0.0,0.0,0.0,0.0,18155.34,0.0,18155.34,544.66,18700.0,"Net Wt: 3.050 Gm.@Rate 5,390.00/Gm.",,Sale,0,1,0
2078,1,F23103002522,102,103,412,102,102,103,5.28,0.0,5.28,5390.0,0.0,0.0,958.28,0.0,0.0,0.0,0.0,0.0,29417.48,0.0,29417.48,882.52,30300.0,"Net Wt: 5.280 Gm.@Rate 5,390.00/Gm.",,Sale,0,1,0
2079,1,F23103002523,102,103,110,102,102,103,8.95,0.0,8.95,5450.0,0.0,0.0,7533.18,0.0,0.0,0.0,0.0,0.0,56310.68,0.0,56310.68,1689.32,58000.0,"Net Wt: 8.950 Gm.@Rate 5,450.00/Gm.",,Sale,0,1,0
2080,1,O22103002373,102,103,112,102,102,103,14.55,0.0,14.55,5390.0,0.0,0.0,7497.44,0.0,0.0,0.0,0.0,0.0,85921.94,0.0,85921.94,2577.66,88499.6,"Net Wt: 14.550 Gm.@Rate 5,390.00/Gm.",,Sale,0,1,0
2081,1,P22103002475,102,103,103,102,103,104,0.8,0.0,0.8,4750.0,0.0,0.0,763.11,0.0,0.0,0.0,0.0,0.0,4563.11,0.0,4563.11,136.9,4700.0,"Net Wt: 0.800 Gm.@Rate 4,750.00/Gm.",,Sale,0,1,0
2082,1,I22103002051,102,103,107,102,102,103,2.67,0.0,2.67,5290.0,0.0,0.0,4807.74,0.0,0.0,0.0,0.0,0.0,18932.04,0.0,18932.04,567.96,19500.0,"Net Wt: 2.670 Gm.@Rate 5,290.00/Gm.",,Sale,0,1,0
2111,1,J22103002143,102,103,445,102,102,103,10.83,0.0,10.83,5290.0,0.0,0.0,4359.79,0.0,0.0,0.0,0.0,0.0,61650.49,0.0,61650.49,1849.52,63500.0,"Net Wt: 10.830 Gm.@Rate 5,290.00/Gm.",,Sale,0,1,0
2093,1,F23104000791,102,104,119,121,109,111,39.2,0.0,39.2,68.0,0.0,0.0,926.63,0.0,0.0,0.0,0.0,0.0,3592.23,0.0,3592.23,107.76,3700.0,Net Wt: 39.200 Gm.@Rate 68.00/Gm.,,Sale,0,1,0
2091,1,P22103002485,102,103,110,102,102,103,6.31,0.0,6.31,5390.0,0.0,0.0,4824.05,0.0,0.0,0.0,0.0,0.0,38834.95,0.0,38834.95,1165.04,40000.0,"Net Wt: 6.310 Gm.@Rate 5,390.00/Gm.",,Sale,0,1,0
2091,2,J22103002163,102,103,102,102,102,103,4.51,0.0,4.51,5390.0,0.0,0.0,2875.57,0.0,0.0,0.0,0.0,0.0,27184.47,0.0,27184.47,815.54,28000.0,"Net Wt: 4.510 Gm.@Rate 5,390.00/Gm.",,Sale,0,1,0
2094,1,O21103001707,102,103,101,102,102,103,21.73,0.0,21.73,5250.0,0.0,0.0,11160.35,0.0,0.0,0.0,0.0,0.0,125242.85,0.0,125242.85,3757.28,129000.14,"Net Wt: 21.730 Gm.@Rate 5,250.00/Gm.",,Sale,0,1,0
2094,2,O22103002378,102,103,112,102,102,103,18.22,0.0,18.22,5250.0,0.0,0.0,9684.0,0.0,0.0,0.0,0.0,0.0,105339.44,0.0,105339.44,3160.18,108499.62,"Net Wt: 18.220 Gm.@Rate 5,250.00/Gm.",,Sale,0,1,0
2042,1,E23103002510,102,103,239,102,102,103,1.4,0.0,1.4,5290.0,0.0,0.0,1331.86,0.0,0.0,0.0,0.0,0.0,8737.86,0.0,8737.86,262.14,9000.0,"Net Wt: 1.400 Gm.@Rate 5,290.00/Gm.",,Sale,0,1,0
2082,2,I22103002093,102,103,110,102,102,103,2.05,0.0,2.05,5290.0,0.0,0.0,2262.3,0.0,0.0,0.0,0.0,0.0,13106.8,0.0,13106.8,393.2,13500.0,"Net Wt: 2.050 Gm.@Rate 5,290.00/Gm.",,Sale,0,1,0
2094,3,F23103002532,102,103,102,102,102,103,5.79,0.0,5.79,5250.0,0.0,0.0,3098.0,0.0,0.0,0.0,0.0,0.0,33495.15,0.0,33495.15,1004.86,34500.0,"Net Wt: 5.790 Gm.@Rate 5,250.00/Gm.",,Sale,0,1,0
2095,1,F23103002596,102,103,113,102,102,103,4.1,0.0,4.1,5440.0,0.0,0.0,1967.84,0.0,0.0,0.0,0.0,0.0,24271.84,0.0,24271.84,728.16,25000.0,"Net Wt: 4.100 Gm.@Rate 5,440.00/Gm.",,Sale,0,1,0
2096,1,F23103002597,102,103,102,102,102,103,6.58,0.0,6.58,5390.0,0.0,0.0,4339.63,0.0,0.0,0.0,0.0,0.0,39805.83,0.0,39805.83,1194.18,41000.0,"Net Wt: 6.580 Gm.@Rate 5,390.00/Gm.",,Sale,0,1,0
2112,1,N22103002301,102,103,112,102,102,103,18.35,0.0,18.35,5390.0,0.0,0.0,9831.36,0.0,0.0,0.0,0.0,0.0,108737.86,0.0,108737.86,3262.14,112000.0,"Net Wt: 18.350 Gm.@Rate 5,390.00/Gm.",,Sale,0,1,0
2113,1,F23103002656,102,103,110,102,102,103,1.62,0.0,1.62,4790.0,0.0,0.0,2434.37,0.0,0.0,0.0,0.0,0.0,10194.17,0.0,10194.17,305.82,10500.0,"Net Wt: 1.620 Gm.@Rate 4,790.00/Gm.",,Sale,0,1,0
2114,1,F23103002525,102,103,102,102,102,103,4.92,0.0,4.92,4790.0,0.0,0.0,4103.1,0.0,0.0,0.0,0.0,0.0,27669.9,0.0,27669.9,830.1,28500.0,"Net Wt: 4.920 Gm.@Rate 4,790.00/Gm.",,Sale,0,1,0
2125,1,G23103002672,102,103,115,102,102,129,0.27,0.0,0.27,5290.0,0.0,0.0,610.53,0.0,0.0,0.0,0.0,0.0,2038.83,0.0,2038.83,61.16,2100.0,"Net Wt: 0.270 Gm.@Rate 5,290.00/Gm.",,Sale,0,1,0
2126,1,F23103002616,102,103,331,102,102,103,3.41,0.0,3.41,5290.0,0.0,0.0,2834.89,0.0,0.0,0.0,0.0,0.0,20873.79,0.0,20873.79,626.22,21500.0,"Net Wt: 3.410 Gm.@Rate 5,290.00/Gm.",,Sale,0,1,0
2127,1,N21103001664,102,103,403,102,102,103,1.85,0.0,1.85,5390.0,0.0,0.0,1678.99,0.0,0.0,0.0,0.0,0.0,11650.49,0.0,11650.49,349.52,12000.0,"Net Wt: 1.850 Gm.@Rate 5,390.00/Gm.",,Sale,0,1,0
2128,1,F23103002578,102,103,103,102,102,103,1.75,0.0,1.75,5350.0,0.0,0.0,831.67,0.0,0.0,0.0,0.0,0.0,10194.17,0.0,10194.17,305.82,10500.0,"Net Wt: 1.750 Gm.@Rate 5,350.00/Gm.",,Sale,0,1,0
2129,1,O22103002407,102,103,235,102,102,103,4.7,0.0,4.7,5290.0,0.0,0.0,3777.78,0.0,0.0,0.0,0.0,0.0,28640.78,0.0,28640.78,859.22,29500.0,"Net Wt: 4.700 Gm.@Rate 5,290.00/Gm.",,Sale,0,1,0
2130,1,G23103002673,102,103,169,102,102,129,0.37,0.0,0.37,4500.0,0.0,0.0,859.27,0.0,0.0,0.0,0.0,0.0,2524.27,0.0,2524.27,75.72,2600.0,"Net Wt: 0.370 Gm.@Rate 4,500.00/Gm.",,Sale,0,1,0
2131,1,O22103002398,102,103,102,102,103,104,1.25,0.0,1.25,5000.0,0.0,0.0,1031.55,0.0,0.0,0.0,0.0,0.0,7281.55,0.0,7281.55,218.44,7500.0,"Net Wt: 1.250 Gm.@Rate 5,000.00/Gm.",,Sale,0,1,0
2132,1,G23104000796,102,104,140,141,109,111,24.36,0.0,24.36,65.0,0.0,0.0,746.7,0.0,0.0,0.0,0.0,0.0,2330.1,0.0,2330.1,69.9,2400.0,Net Wt: 24.360 Gm.@Rate 65.00/Gm.,,Sale,0,1,0
2133,1,G23104000797,102,104,119,121,109,111,85.9,0.0,85.9,65.0,0.0,0.0,2280.58,0.0,0.0,0.0,0.0,0.0,7864.08,0.0,7864.08,235.92,8100.0,Net Wt: 85.900 Gm.@Rate 65.00/Gm.,,Sale,0,1,0
2134,1,G23104000798,102,104,351,102,109,111,12.3,0.0,12.3,65.0,0.0,0.0,365.55,0.0,0.0,0.0,0.0,0.0,1165.05,0.0,1165.05,34.96,1200.0,Net Wt: 12.300 Gm.@Rate 65.00/Gm.,,Sale,0,1,0
2135,1,G23104000799,102,104,120,122,109,111,15.99,0.0,15.99,69.0,0.0,0.0,401.54,0.0,0.0,0.0,0.0,0.0,1504.85,0.0,1504.85,45.14,1550.0,Net Wt: 15.990 Gm.@Rate 69.00/Gm.,,Sale,0,1,0
2136,1,O22103002376,102,103,112,102,102,103,10.6,0.0,10.6,5300.0,0.0,0.0,6926.8,0.0,0.0,0.0,0.0,0.0,63106.8,0.0,63106.8,1893.2,65000.0,"Net Wt: 10.600 Gm.@Rate 5,300.00/Gm.",,Sale,0,1,0
2137,1,G23104000800,102,104,119,121,109,111,20.36,0.0,20.36,65.0,0.0,0.0,132.91,0.0,0.0,0.0,0.0,0.0,1456.31,0.0,1456.31,43.68,1500.0,Net Wt: 20.360 Gm.@Rate 65.00/Gm.,,Sale,0,1,0
2138,1,N22103002350,102,103,103,102,102,129,0.69,0.0,0.69,5400.0,0.0,0.0,1807.8,0.0,0.0,0.0,0.0,0.0,5533.8,0.0,5533.8,166.02,5699.81,"Net Wt: 0.690 Gm.@Rate 5,400.00/Gm.",,Sale,0,1,0
2138,2,N22103002346,102,103,103,102,102,129,0.53,0.0,0.53,5400.0,0.0,0.0,1022.0,0.0,0.0,0.0,0.0,0.0,3883.5,0.0,3883.5,116.5,4000.01,"Net Wt: 0.530 Gm.@Rate 5,400.00/Gm.",,Sale,0,1,0
2139,1,O22103002425,102,103,107,102,102,103,1.97,0.0,1.97,5350.0,0.0,0.0,528.46,0.0,0.0,0.0,0.0,0.0,11067.96,0.0,11067.96,332.04,11400.0,"Net Wt: 1.970 Gm.@Rate 5,350.00/Gm.",,Sale,0,1,0
2140,1,P22103002478,102,103,112,102,102,103,4.34,0.0,4.34,5350.0,0.0,0.0,2023.72,0.0,0.0,0.0,0.0,0.0,25242.72,0.0,25242.72,757.28,26000.0,"Net Wt: 4.340 Gm.@Rate 5,350.00/Gm.",,Sale,0,1,0
2140,2,G23103002674,102,103,116,102,102,103,1.53,0.0,1.53,5350.0,0.0,0.0,66.93,0.0,0.0,0.0,0.0,0.0,8252.43,0.0,8252.43,247.58,8500.0,"Net Wt: 1.530 Gm.@Rate 5,350.00/Gm.",,Sale,0,1,0
2141,1,G23103002675,102,103,101,102,102,103,12.63,0.0,12.63,5550.0,0.0,0.0,5631.66,0.0,0.0,0.0,0.0,0.0,75728.16,0.0,75728.16,2271.84,78000.0,"Net Wt: 12.630 Gm.@Rate 5,550.00/Gm.",,Sale,0,1,0
2142,1,G23103002676,102,103,101,102,102,103,9.16,0.0,9.16,5550.0,0.0,0.0,4501.81,0.0,0.0,0.0,0.0,0.0,55339.81,0.0,55339.81,1660.2,57000.0,"Net Wt: 9.160 Gm.@Rate 5,550.00/Gm.",,Sale,0,1,0
2144,1,I22103002057,102,103,107,102,102,103,2.94,0.0,2.94,5450.0,0.0,0.0,967.29,0.0,0.0,0.0,0.0,0.0,16990.29,0.0,16990.29,509.7,17500.0,"Net Wt: 2.940 Gm.@Rate 5,450.00/Gm.",,Sale,0,1,0
2082,3,F23104000790,102,104,353,102,109,111,16.9,0.0,16.9,69.0,0.0,0.0,387.3,0.0,0.0,0.0,0.0,0.0,1553.4,0.0,1553.4,46.6,1600.0,Net Wt: 16.900 Gm.@Rate 69.00/Gm.,,Sale,0,1,0
2083,1,O22103002372,102,103,112,102,102,103,8.67,0.0,8.67,5290.0,0.0,0.0,5592.01,0.0,0.0,0.0,0.0,0.0,51456.31,0.0,51456.31,1543.68,53000.0,"Net Wt: 8.670 Gm.@Rate 5,290.00/Gm.",,Sale,0,1,0
2084,1,I22103002094,102,103,110,102,102,103,2.59,0.0,2.59,5290.0,0.0,0.0,2609.58,0.0,0.0,0.0,0.0,0.0,16310.68,0.0,16310.68,489.32,16800.0,"Net Wt: 2.590 Gm.@Rate 5,290.00/Gm.",,Sale,0,1,0
2085,1,J22103002198,102,103,110,102,102,103,10.93,0.0,10.93,5290.0,0.0,0.0,2374.47,0.0,0.0,0.0,0.0,0.0,60194.17,0.0,60194.17,1805.82,62000.0,"Net Wt: 10.930 Gm.@Rate 5,290.00/Gm.",,Sale,0,1,0
2086,1,P22103002451,102,103,235,102,102,103,3.74,0.0,3.74,5350.0,0.0,0.0,2709.45,0.0,0.0,0.0,0.0,0.0,22718.45,0.0,22718.45,681.56,23400.0,"Net Wt: 3.740 Gm.@Rate 5,350.00/Gm.",,Sale,0,1,0
2087,1,O22103002411,102,103,235,102,102,103,3.31,0.0,3.31,5390.0,0.0,0.0,1577.0,0.0,0.0,0.0,0.0,0.0,19417.48,0.0,19417.48,582.52,20000.0,"Net Wt: 3.310 Gm.@Rate 5,390.00/Gm.",,Sale,0,1,0
2089,1,J22103002162,102,103,102,102,102,103,3.98,0.0,3.98,5390.0,0.0,0.0,2625.47,0.0,0.0,0.0,0.0,0.0,24077.67,0.0,24077.67,722.34,24800.0,"Net Wt: 3.980 Gm.@Rate 5,390.00/Gm.",,Sale,0,1,0
2090,1,O22103002432,102,103,107,102,102,103,5.91,0.0,5.91,5390.0,0.0,0.0,2125.0,0.0,0.0,0.0,0.0,0.0,33980.15,0.0,33980.15,1019.4,34999.55,"Net Wt: 5.910 Gm.@Rate 5,390.00/Gm.",,Sale,0,1,0
2090,2,F23103002595,102,103,101,102,102,103,9.33,0.0,9.33,5390.0,0.0,0.0,1653.05,0.0,0.0,0.0,0.0,0.0,51941.75,0.0,51941.75,1558.26,53500.0,"Net Wt: 9.330 Gm.@Rate 5,390.00/Gm.",,Sale,0,1,0
2099,1,P22103002466,102,103,238,102,102,103,0.77,0.0,0.77,5400.0,0.0,0.0,599.28,0.0,0.0,0.0,0.0,0.0,4757.28,0.0,4757.28,142.72,4900.0,"Net Wt: 0.770 Gm.@Rate 5,400.00/Gm.",,Sale,0,1,0
2100,1,P22103002460,102,103,102,102,102,103,2.97,0.0,2.97,5450.0,0.0,0.0,1289.23,0.0,0.0,0.0,0.0,0.0,17475.73,0.0,17475.73,524.28,18000.0,"Net Wt: 2.970 Gm.@Rate 5,450.00/Gm.",,Sale,0,1,0
2092,1,F23103002524,102,103,102,102,102,103,3.26,0.0,3.26,5250.0,0.0,0.0,1331.6,0.0,0.0,0.0,0.0,0.0,18446.6,0.0,18446.6,553.4,19000.0,"Net Wt: 3.260 Gm.@Rate 5,250.00/Gm.",,Sale,0,1,0
2101,1,J22103002164,102,103,102,102,102,103,2.4,0.0,2.4,5450.0,0.0,0.0,1968.54,0.0,0.0,0.0,0.0,0.0,15048.54,0.0,15048.54,451.46,15500.0,"Net Wt: 2.400 Gm.@Rate 5,450.00/Gm.",,Sale,0,1,0
2101,2,F23103002629,102,103,102,102,102,103,2.76,0.0,2.76,5450.0,0.1,0.0,1463.0,0.0,0.0,0.0,0.0,0.0,16504.56,0.0,16504.56,495.14,16999.7,"Net Wt: 2.760 Gm.@Rate 5,450.00/Gm.",,Sale,0,1,0
2101,3,F23103002630,102,103,102,102,102,103,2.44,0.0,2.44,5450.0,0.0,0.0,1750.54,0.0,0.0,0.0,0.0,0.0,15048.54,0.0,15048.54,451.46,15500.0,"Net Wt: 2.440 Gm.@Rate 5,450.00/Gm.",,Sale,0,1,0
2077,1,F23103002521,102,103,116,102,102,103,3.59,0.0,3.59,5450.0,0.0,0.0,1793.72,0.0,0.0,0.0,0.0,0.0,21359.22,0.0,21359.22,640.78,22000.0,"Net Wt: 3.590 Gm.@Rate 5,450.00/Gm.",,Sale,0,1,0
2109,1,F23103002528,102,103,102,102,102,103,5.5,0.0,5.5,5390.0,0.0,0.0,2393.83,0.0,0.0,0.0,0.0,0.0,32038.83,0.0,32038.83,961.16,32999.99,"Net Wt: 5.500 Gm.@Rate 5,390.00/Gm.",,Sale,0,1,0
2145,1,N22103002292,102,103,102,102,102,103,2.66,0.0,2.66,5450.0,0.0,0.0,745.72,0.0,0.0,0.0,0.0,0.0,15242.72,0.0,15242.72,457.28,15700.0,"Net Wt: 2.660 Gm.@Rate 5,450.00/Gm.",,Sale,0,1,0
2147,1,H19103000050,102,103,102,102,102,103,4.62,0.0,4.62,5550.0,0.0,0.0,3970.65,0.0,0.0,0.0,0.0,0.0,29611.65,0.0,29611.65,888.34,30500.0,"Net Wt: 4.620 Gm.@Rate 5,550.00/Gm.",,Sale,0,1,0
2148,1,O22103002384,102,103,112,102,102,103,30.6,0.0,30.6,5550.0,0.0,0.0,21432.14,0.0,0.0,0.0,0.0,0.0,191262.14,0.0,191262.14,5737.86,197000.0,"Net Wt: 30.600 Gm.@Rate 5,550.00/Gm.",,Sale,0,1,0
2148,2,O22103002404,102,103,102,102,102,103,3.9,0.0,3.9,5550.0,0.0,0.0,3597.72,0.0,0.0,0.0,0.0,0.0,25242.72,0.0,25242.72,757.28,26000.0,"Net Wt: 3.900 Gm.@Rate 5,550.00/Gm.",,Sale,0,1,0
2148,3,I22103002055,102,103,107,102,102,103,3.42,0.0,3.42,5550.0,0.0,0.0,2378.22,0.0,0.0,0.0,0.0,0.0,21359.22,0.0,21359.22,640.78,22000.0,"Net Wt: 3.420 Gm.@Rate 5,550.00/Gm.",,Sale,0,1,0
2148,4,F20103001051,102,103,241,102,102,103,5.1,0.0,5.1,5550.0,0.0,0.0,3248.4,0.0,0.0,0.0,0.0,0.0,31553.4,0.0,31553.4,946.6,32500.0,"Net Wt: 5.100 Gm.@Rate 5,550.00/Gm.",,Sale,0,1,0
2149,1,F23103002659,102,103,101,102,102,103,5.38,0.0,5.38,5550.0,0.0,0.0,1694.4,0.0,0.0,0.0,0.0,0.0,31553.4,0.0,31553.4,946.6,32500.0,"Net Wt: 5.380 Gm.@Rate 5,550.00/Gm.",,Sale,0,1,0
2149,2,F23103002658,102,103,101,102,102,103,5.21,0.0,5.21,5550.0,0.0,0.0,2638.0,0.0,0.0,0.0,0.0,0.0,31553.4,0.0,31553.4,946.6,32500.0,"Net Wt: 5.210 Gm.@Rate 5,550.00/Gm.",,Sale,0,1,0
2150,1,M22103002250,102,103,338,102,102,103,3.26,0.0,3.26,5550.0,0.0,0.0,1712.83,0.0,0.0,0.0,0.0,0.0,19805.83,0.0,19805.83,594.18,20400.0,"Net Wt: 3.260 Gm.@Rate 5,550.00/Gm.",,Sale,0,1,0
2151,1,G23104000801,102,104,120,122,109,111,8.9,0.0,8.9,65.0,0.0,0.0,489.46,0.0,0.0,0.0,0.0,0.0,1067.96,0.0,1067.96,32.04,1100.0,Net Wt: 8.900 Gm.@Rate 65.00/Gm.,,Sale,0,1,0
2151,2,G23104000802,102,104,351,102,109,111,9.0,0.0,9.0,65.0,0.0,0.0,288.79,0.0,0.0,0.0,0.0,0.0,873.79,0.0,873.79,26.22,900.0,Net Wt: 9.000 Gm.@Rate 65.00/Gm.,,Sale,0,1,0
2152,1,O20103001347,102,103,101,102,102,103,29.92,0.0,29.92,5500.0,0.0,0.0,15051.65,0.0,0.0,0.0,0.0,0.0,179611.65,0.0,179611.65,5388.34,185000.0,"Net Wt: 29.920 Gm.@Rate 5,500.00/Gm.",,Sale,0,1,0
2102,1,F23103002611,102,103,112,102,102,103,5.02,0.0,5.02,5390.0,0.0,0.0,3039.29,0.0,0.0,0.0,0.0,0.0,30097.09,0.0,30097.09,902.92,31000.0,"Net Wt: 5.020 Gm.@Rate 5,390.00/Gm.",,Sale,0,1,0
2103,1,P22103002455,102,103,331,102,102,103,3.49,0.0,3.49,5390.0,0.0,0.0,994.73,0.0,0.0,0.0,0.0,0.0,19805.83,0.0,19805.83,594.18,20400.0,"Net Wt: 3.490 Gm.@Rate 5,390.00/Gm.",,Sale,0,1,0
2104,1,J22103002116,102,103,331,102,102,103,1.12,0.0,1.12,5100.0,0.0,0.0,598.68,0.0,0.0,0.0,0.0,0.0,6310.68,0.0,6310.68,189.32,6500.0,"Net Wt: 1.120 Gm.@Rate 5,100.00/Gm.",,Sale,0,1,0
2088,1,P22103002462,102,103,102,102,102,103,2.48,0.0,2.48,5400.0,0.28,0.0,1656.54,0.0,0.0,0.0,0.0,0.0,15048.54,0.0,15048.54,451.46,15500.0,"Net Wt: 2.480 Gm.@Rate 5,400.00/Gm.",,Sale,0,1,0
2105,1,F23103002565,102,103,103,102,102,103,1.33,0.0,1.33,5200.0,0.0,0.0,850.99,0.0,0.0,0.0,0.0,0.0,7766.99,0.0,7766.99,233.0,8000.0,"Net Wt: 1.330 Gm.@Rate 5,200.00/Gm.",,Sale,0,1,0
2106,1,F23104000792,102,104,122,124,109,111,52.63,0.0,52.63,70.0,0.0,0.0,1655.71,0.0,0.0,0.0,0.0,0.0,5339.81,0.0,5339.81,160.2,5500.0,Net Wt: 52.630 Gm.@Rate 70.00/Gm.,,Sale,0,1,0
2143,1,G23103002677,102,103,103,102,102,103,1.43,0.0,1.43,5550.0,0.0,0.0,1286.8,0.0,0.0,0.0,0.0,0.0,9223.3,0.0,9223.3,276.7,9500.0,"Net Wt: 1.430 Gm.@Rate 5,550.00/Gm.",,Sale,0,1,0
2146,1,G23103002678,102,103,114,102,102,103,30.86,0.0,30.86,5690.0,0.0,0.0,14697.86,0.0,0.0,0.0,0.0,0.0,190291.26,0.0,190291.26,5708.74,196000.0,"Net Wt: 30.860 Gm.@Rate 5,690.00/Gm.",,Sale,0,1,0
2153,1,F23103002534,102,103,102,102,102,103,4.8,0.0,4.8,5500.0,0.0,0.0,3697.09,0.0,0.0,0.0,0.0,0.0,30097.09,0.0,30097.09,902.92,31000.0,"Net Wt: 4.800 Gm.@Rate 5,500.00/Gm.",,Sale,0,1,0
2154,1,O21103001846,102,103,235,102,102,103,3.98,0.0,3.98,5500.0,0.0,0.0,3158.54,0.0,0.0,0.0,0.0,0.0,25048.54,0.0,25048.54,751.46,25800.0,"Net Wt: 3.980 Gm.@Rate 5,500.00/Gm.",,Sale,0,1,0
2155,1,F23103002625,102,103,101,102,102,103,17.15,0.0,17.15,5500.0,0.0,0.0,12471.13,0.0,0.0,0.0,0.0,0.0,106796.13,0.0,106796.13,3203.88,110000.01,"Net Wt: 17.150 Gm.@Rate 5,500.00/Gm.",,Sale,0,1,0
2155,2,F21103001447,102,103,235,102,102,103,5.65,0.0,5.65,5500.0,0.0,0.0,2905.58,0.0,0.0,0.0,0.0,0.0,33980.58,0.0,33980.58,1019.42,35000.0,"Net Wt: 5.650 Gm.@Rate 5,500.00/Gm.",,Sale,0,1,0
2156,1,F20103001036,102,103,110,102,102,103,4.57,0.0,4.57,5500.0,0.0,0.0,2534.9,0.0,0.0,0.0,0.0,0.0,27669.9,0.0,27669.9,830.1,28500.0,"Net Wt: 4.570 Gm.@Rate 5,500.00/Gm.",,Sale,0,1,0
2156,2,F23103002615,102,103,331,102,102,103,4.3,0.0,4.3,5500.0,0.0,0.0,3534.47,0.0,0.0,0.0,0.0,0.0,27184.47,0.0,27184.47,815.54,28000.0,"Net Wt: 4.300 Gm.@Rate 5,500.00/Gm.",,Sale,0,1,0
2157,1,F23103002632,102,103,235,102,102,103,7.95,0.0,7.95,5500.0,0.0,0.0,4818.69,0.0,0.0,0.0,0.0,0.0,48543.69,0.0,48543.69,1456.32,50000.0,"Net Wt: 7.950 Gm.@Rate 5,500.00/Gm.",,Sale,0,1,0
2158,1,G23103002679,102,103,428,101,102,103,1.75,0.0,1.75,5690.0,0.0,0.0,1207.55,0.0,0.0,0.0,0.0,0.0,11165.05,0.0,11165.05,334.96,11500.0,"Net Wt: 1.750 Gm.@Rate 5,690.00/Gm.",,Sale,0,1,0
2160,1,I22103002052,102,103,107,102,102,103,2.56,0.0,2.56,5500.0,0.0,0.0,2133.59,0.0,0.0,0.0,0.0,0.0,16213.59,0.0,16213.59,486.4,16700.0,"Net Wt: 2.560 Gm.@Rate 5,500.00/Gm.",,Sale,0,1,0
2162,1,F23103002614,102,103,112,102,102,103,16.1,0.0,16.1,5500.0,0.0,0.0,8537.38,0.0,0.0,0.0,0.0,0.0,97087.38,0.0,97087.38,2912.62,100000.0,"Net Wt: 16.100 Gm.@Rate 5,500.00/Gm.",,Sale,0,1,0
2162,2,F23103002540,102,103,102,102,102,103,2.75,0.0,2.75,5500.0,0.0,0.0,408.98,0.0,0.0,0.0,0.0,0.0,15533.98,0.0,15533.98,466.02,16000.0,"Net Wt: 2.750 Gm.@Rate 5,500.00/Gm.",,Sale,0,1,0
2163,1,F23103002669,102,103,102,102,102,103,3.35,0.0,3.35,5700.0,0.0,0.0,1778.79,0.0,0.0,0.0,0.0,0.0,20873.79,0.0,20873.79,626.22,21500.0,"Net Wt: 3.350 Gm.@Rate 5,700.00/Gm.",,Sale,0,1,0
2165,1,O21103001716,102,103,102,102,102,103,2.97,0.0,2.97,5790.0,0.0,0.0,1344.48,0.0,0.0,0.0,0.0,100.0,18640.78,0.0,18640.78,559.22,19200.0,"Net Wt: 2.970 Gm.@Rate 5,790.00/Gm.",,Sale,0,1,0
2167,1,N22103002300,102,103,112,102,102,103,22.8,0.0,22.8,5690.0,0.0,0.0,16869.94,0.0,0.0,0.0,0.0,0.0,146601.94,0.0,146601.94,4398.06,151000.0,"Net Wt: 22.800 Gm.@Rate 5,690.00/Gm.",,Sale,0,1,0
2169,1,P22103002456,102,103,331,102,102,103,3.87,0.0,3.87,5690.0,0.0,0.0,2249.0,0.0,0.0,0.0,0.0,200.0,24469.3,0.0,24469.3,734.08,25203.38,"Net Wt: 3.870 Gm.@Rate 5,690.00/Gm.",,Sale,0,1,0
2169,2,P22103002483,102,103,110,102,102,103,3.11,0.0,3.11,5690.0,0.0,0.0,1880.8,0.0,0.0,0.0,0.0,1200.0,20776.7,0.0,20776.7,623.3,21400.0,"Net Wt: 3.110 Gm.@Rate 5,690.00/Gm.",,Sale,0,1,0
2170,1,H23103002699,102,103,116,102,102,103,0.95,0.0,0.95,5650.0,0.0,0.0,554.83,0.0,0.0,0.0,0.0,0.0,5922.33,0.0,5922.33,177.66,6100.0,"Net Wt: 0.950 Gm.@Rate 5,650.00/Gm.",,Sale,0,1,0
2170,2,H23104000803,102,104,351,102,109,111,13.77,0.0,13.77,70.0,0.0,0.0,686.59,0.0,0.0,0.0,0.0,0.0,1650.49,0.0,1650.49,49.52,1700.0,Net Wt: 13.770 Gm.@Rate 70.00/Gm.,,Sale,0,1,0
2174,1,F23103002666,102,103,235,102,102,103,2.69,0.0,2.69,5690.0,0.0,0.0,1684.19,0.0,0.0,0.0,0.0,0.0,16990.29,0.0,16990.29,509.7,17500.0,"Net Wt: 2.690 Gm.@Rate 5,690.00/Gm.",,Sale,0,1,0
2175,1,H23103002687,102,103,235,102,102,103,4.67,0.0,4.67,5690.0,0.0,0.0,3621.87,0.0,0.0,0.0,0.0,0.0,30194.17,0.0,30194.17,905.82,31100.0,"Net Wt: 4.670 Gm.@Rate 5,690.00/Gm.",,Sale,0,1,0
2176,1,F23103002570,102,103,103,102,102,103,1.56,0.0,1.56,5690.0,0.0,0.0,1609.04,0.0,0.0,0.0,0.0,0.0,10485.44,0.0,10485.44,314.56,10800.0,"Net Wt: 1.560 Gm.@Rate 5,690.00/Gm.",,Sale,0,1,0
2116,1,F23104000793,102,104,142,143,109,111,13.5,0.0,13.5,65.0,0.0,0.0,384.64,0.0,0.0,0.0,0.0,0.0,1262.14,0.0,1262.14,37.86,1300.0,Net Wt: 13.500 Gm.@Rate 65.00/Gm.,,Sale,0,1,0
2117,1,F23103002671,102,103,102,102,102,103,5.08,0.0,5.08,5350.0,0.0,0.0,2802.58,0.0,0.0,0.0,0.0,0.0,29980.58,0.0,29980.58,899.42,30880.0,"Net Wt: 5.080 Gm.@Rate 5,350.00/Gm.",,Sale,0,1,0
2118,1,P22103002468,102,103,238,102,102,103,0.82,0.0,0.82,5350.0,0.0,0.0,515.91,0.0,0.0,0.0,0.0,0.0,4902.91,0.0,4902.91,147.08,5050.0,"Net Wt: 0.820 Gm.@Rate 5,350.00/Gm.",,Sale,0,1,0
2115,1,O22103002383,102,103,112,102,102,103,15.4,0.0,15.4,5350.0,0.0,0.0,6930.0,0.0,0.0,0.0,0.0,0.0,89320.39,0.0,89320.39,2679.62,92000.0,"Net Wt: 15.400 Gm.@Rate 5,350.00/Gm.",,Sale,0,1,0
2122,1,F23103002537,102,103,102,102,102,103,2.26,0.0,2.26,5290.0,0.0,0.0,666.27,0.0,0.0,0.0,0.0,0.0,12621.67,0.0,12621.67,378.66,13000.32,"Net Wt: 2.260 Gm.@Rate 5,290.00/Gm.",,Sale,0,1,0
2122,2,F23103002641,102,103,110,102,102,103,2.42,0.0,2.42,5290.0,0.0,0.0,305.0,0.0,0.0,0.0,0.0,0.0,13106.8,0.0,13106.8,393.2,13500.0,"Net Wt: 2.420 Gm.@Rate 5,290.00/Gm.",,Sale,0,1,0
2123,1,F23103002657,102,103,101,102,102,103,8.65,0.0,8.65,5290.0,0.0,0.0,3756.06,0.0,0.0,0.0,0.0,0.0,49514.56,0.0,49514.56,1485.44,51000.0,"Net Wt: 8.650 Gm.@Rate 5,290.00/Gm.",,Sale,0,1,0
2124,1,F23103002549,102,103,331,102,102,103,1.69,0.0,1.69,5290.0,0.0,0.0,1011.36,0.0,0.0,0.0,0.0,0.0,9951.46,0.0,9951.46,298.54,10250.0,"Net Wt: 1.690 Gm.@Rate 5,290.00/Gm.",,Sale,0,1,0
2164,1,H23103002698,102,103,406,102,102,103,0.47,0.0,0.47,5600.0,0.0,0.0,668.97,0.0,0.0,0.0,0.0,0.0,3300.97,0.0,3300.97,99.02,3400.0,"Net Wt: 0.470 Gm.@Rate 5,600.00/Gm.",,Sale,0,1,0
2177,1,F23103002556,102,103,331,102,102,103,2.59,0.0,2.59,5690.0,0.0,0.0,2253.19,0.0,0.0,0.0,0.0,0.0,16990.29,0.0,16990.29,509.7,17500.0,"Net Wt: 2.590 Gm.@Rate 5,690.00/Gm.",,Sale,0,1,0
2177,2,I22103001983,102,103,331,102,102,103,3.43,0.0,3.43,5690.0,0.0,0.0,2327.96,0.0,0.0,0.0,0.0,0.0,21844.66,0.0,21844.66,655.34,22500.0,"Net Wt: 3.430 Gm.@Rate 5,690.00/Gm.",,Sale,0,1,0
2177,3,H23103002687,102,103,235,102,102,103,4.67,0.0,4.67,5690.0,0.0,0.0,3621.87,0.0,0.0,0.0,0.0,0.0,30194.17,0.0,30194.17,905.82,31100.0,"Net Wt: 4.670 Gm.@Rate 5,690.00/Gm.",,Return,0,1,0
2179,1,P22103002489,102,103,110,102,102,103,2.4,0.0,2.4,5700.0,0.0,0.0,1853.98,0.0,0.0,0.0,0.0,0.0,15533.98,0.0,15533.98,466.02,16000.0,"Net Wt: 2.400 Gm.@Rate 5,700.00/Gm.",,Sale,0,1,0
2180,1,F23103002626,102,103,101,102,102,103,27.49,0.0,27.49,5700.0,0.0,0.0,18064.38,0.0,0.0,0.0,0.0,0.0,174757.38,0.0,174757.38,5242.72,180000.1,"Net Wt: 27.490 Gm.@Rate 5,700.00/Gm.",,Sale,0,1,0
2181,1,F23103002590,102,103,235,102,102,103,5.13,0.0,5.13,5700.0,0.0,0.0,4254.15,0.0,0.0,0.0,0.0,0.0,33495.15,0.0,33495.15,1004.86,34500.0,"Net Wt: 5.130 Gm.@Rate 5,700.00/Gm.",,Sale,0,1,0
2181,2,H23103002768,102,103,102,102,102,103,5.14,0.0,5.14,5700.0,0.0,0.0,3226.27,0.0,0.0,0.0,0.0,0.0,32524.27,0.0,32524.27,975.72,33500.0,"Net Wt: 5.140 Gm.@Rate 5,700.00/Gm.",,Sale,0,1,0
2182,1,H23103002769,102,103,116,102,102,103,2.09,0.0,2.09,5700.0,0.0,0.0,1096.71,0.0,0.0,0.0,0.0,0.0,13009.71,0.0,13009.71,390.3,13400.0,"Net Wt: 2.090 Gm.@Rate 5,700.00/Gm.",,Sale,0,1,0
2185,1,O22103002381,102,103,112,102,102,103,14.89,0.0,14.89,5690.0,0.0,0.0,9936.12,0.0,0.0,0.0,0.0,0.0,94660.22,0.0,94660.22,2839.8,97500.03,"Net Wt: 14.890 Gm.@Rate 5,690.00/Gm.",,Sale,0,1,0
2185,2,H23103002794,102,103,107,102,102,103,7.49,0.0,7.49,5690.0,0.0,0.0,4954.57,0.0,0.0,0.0,0.0,0.0,47572.67,0.0,47572.67,1427.18,48999.85,"Net Wt: 7.490 Gm.@Rate 5,690.00/Gm.",,Sale,0,1,0
2185,3,H23103002823,102,103,106,102,102,103,2.92,0.0,2.92,5690.0,0.0,0.0,1831.8,0.0,0.0,0.0,0.0,0.0,18446.6,0.0,18446.6,553.4,19000.0,"Net Wt: 2.920 Gm.@Rate 5,690.00/Gm.",,Sale,0,1,0
2186,1,H23103002834,102,103,115,102,102,103,0.43,0.0,0.43,5700.0,0.0,0.0,947.06,0.0,0.0,0.0,0.0,0.0,3398.06,0.0,3398.06,101.94,3500.0,"Net Wt: 0.430 Gm.@Rate 5,700.00/Gm.",,Sale,0,1,0
2187,1,H23103002762,102,103,331,102,102,103,2.96,0.0,2.96,5690.0,0.0,0.0,1118.77,0.0,0.0,0.0,0.0,0.0,17961.17,0.0,17961.17,538.84,18500.01,"Net Wt: 2.960 Gm.@Rate 5,690.00/Gm.",,Sale,0,1,0
2188,1,H23104000806,102,104,351,102,109,111,17.83,0.0,17.83,65.0,0.0,0.0,297.36,0.0,0.0,0.0,0.0,0.0,1456.31,0.0,1456.31,43.68,1500.0,Net Wt: 17.830 Gm.@Rate 65.00/Gm.,,Sale,0,1,0
2189,1,O22103002392,102,103,102,102,103,104,1.81,0.0,1.81,5690.0,0.0,0.0,1351.59,0.0,0.0,0.0,0.0,0.0,11650.49,0.0,11650.49,349.52,12000.0,"Net Wt: 1.810 Gm.@Rate 5,690.00/Gm.",,Sale,0,1,0
2207,1,H23104000810,102,104,329,102,109,111,4.38,0.0,4.38,75.0,0.0,0.0,137.52,0.0,0.0,0.0,0.0,0.0,466.02,0.0,466.02,13.98,480.0,Net Wt: 4.380 Gm.@Rate 75.00/Gm.,,Sale,0,1,0
2208,1,H23104000811,102,104,329,102,109,111,6.18,0.0,6.18,75.0,0.0,0.0,167.57,0.0,0.0,0.0,0.0,0.0,631.07,0.0,631.07,18.94,650.0,Net Wt: 6.180 Gm.@Rate 75.00/Gm.,,Sale,0,1,0
2209,1,H23104000812,102,104,124,126,109,111,55.32,0.0,55.32,69.0,0.0,0.0,2008.16,0.0,0.0,0.0,0.0,0.0,5825.24,0.0,5825.24,174.76,6000.0,Net Wt: 55.320 Gm.@Rate 69.00/Gm.,,Sale,0,1,0
2209,2,H23104000813,102,104,351,102,109,111,28.85,0.0,28.85,69.0,0.0,0.0,921.97,0.0,0.0,0.0,0.0,0.0,2912.62,0.0,2912.62,87.38,3000.0,Net Wt: 28.850 Gm.@Rate 69.00/Gm.,,Sale,0,1,0
2210,1,F23103002665,102,103,101,102,102,103,12.82,0.0,12.82,5690.0,0.0,0.0,7536.72,0.0,0.0,0.0,0.0,100.0,80582.52,0.0,80582.52,2417.48,83000.0,"Net Wt: 12.820 Gm.@Rate 5,690.00/Gm.",,Sale,0,1,0
2119,1,O22103002424,102,103,107,102,102,103,2.2,0.0,2.2,5400.0,0.0,0.0,1712.23,0.0,0.0,0.0,0.0,0.0,13592.23,0.0,13592.23,407.76,14000.0,"Net Wt: 2.200 Gm.@Rate 5,400.00/Gm.",,Sale,0,1,0
2120,1,F23104000794,102,104,346,102,109,111,19.1,0.0,19.1,65.0,0.0,0.0,506.07,0.0,0.0,0.0,0.0,0.0,1747.57,0.0,1747.57,52.42,1800.0,Net Wt: 19.100 Gm.@Rate 65.00/Gm.,,Sale,0,1,0
2120,2,F23104000795,102,104,151,150,109,111,3.31,0.0,3.31,65.0,0.0,0.0,76.11,0.0,0.0,0.0,0.0,0.0,291.26,0.0,291.26,8.74,300.0,Net Wt: 3.310 Gm.@Rate 65.00/Gm.,,Sale,0,1,0
2121,1,O22103002406,102,103,235,102,102,103,3.17,0.0,3.17,5450.0,0.0,0.0,2378.0,0.0,0.0,0.0,0.0,0.0,19654.5,0.0,19654.5,589.64,20244.14,"Net Wt: 3.170 Gm.@Rate 5,450.00/Gm.",,Sale,0,1,0
2121,2,N22103002310,102,103,374,102,102,103,3.45,0.0,3.45,5450.0,0.0,0.0,2416.92,0.0,0.0,0.0,0.0,0.0,21219.42,0.0,21219.42,636.58,21856.0,"Net Wt: 3.450 Gm.@Rate 5,450.00/Gm.",,Sale,0,1,0
2121,3,M22103002255,102,103,338,102,102,103,2.75,0.0,2.75,5450.0,0.0,0.0,2391.14,0.0,0.0,0.0,0.0,0.0,17378.64,0.0,17378.64,521.36,17900.0,"Net Wt: 2.750 Gm.@Rate 5,450.00/Gm.",,Sale,0,1,0
2189,2,H23103002818,102,103,101,102,102,103,7.95,0.0,7.95,5690.0,0.0,0.0,6220.87,0.0,0.0,0.0,0.0,0.0,51456.37,0.0,51456.37,1543.7,53000.06,"Net Wt: 7.950 Gm.@Rate 5,690.00/Gm.",,Sale,0,1,0
2210,2,H23103002853,102,103,112,102,102,103,10.32,0.0,10.32,5690.0,0.0,0.0,5742.31,0.0,0.0,0.0,0.0,100.0,64563.11,0.0,64563.11,1936.9,66500.0,"Net Wt: 10.320 Gm.@Rate 5,690.00/Gm.",,Sale,0,1,0
2210,3,F23103002606,102,103,235,102,102,103,11.9,0.0,11.9,5690.0,0.0,0.0,6461.0,0.0,0.0,0.0,0.0,100.0,74271.84,0.0,74271.84,2228.16,76500.0,"Net Wt: 11.900 Gm.@Rate 5,690.00/Gm.",,Sale,0,1,0
2211,1,H23104000814,102,104,119,121,109,111,145.3,0.0,145.3,69.0,0.0,0.0,4537.41,0.0,0.0,0.0,0.0,0.0,14563.11,0.0,14563.11,436.9,15000.0,Net Wt: 145.300 Gm.@Rate 69.00/Gm.,,Sale,0,1,0
2215,1,H23103002757,102,103,331,102,102,103,2.88,0.0,2.88,5600.0,0.0,0.0,1347.73,0.0,0.0,0.0,0.0,0.0,17475.73,0.0,17475.73,524.28,18000.0,"Net Wt: 2.880 Gm.@Rate 5,600.00/Gm.",,Sale,0,1,0
2216,1,I23104000816,102,104,140,141,109,111,14.84,0.0,14.84,77.0,0.0,0.0,799.07,0.0,0.0,0.0,0.0,0.0,1941.75,0.0,1941.75,58.26,2000.0,Net Wt: 14.840 Gm.@Rate 77.00/Gm.,,Sale,0,1,0
2217,1,G20103001109,102,103,115,102,102,103,2.2,0.0,2.2,5700.0,0.0,0.0,1052.23,0.0,0.0,0.0,0.0,0.0,13592.23,0.0,13592.23,407.76,14000.0,"Net Wt: 2.200 Gm.@Rate 5,700.00/Gm.",,Sale,0,1,0
2218,1,F23103002568,102,103,103,102,102,103,1.38,0.0,1.38,5700.0,0.0,0.0,871.86,0.0,0.0,0.0,0.0,0.0,8737.86,0.0,8737.86,262.14,9000.0,"Net Wt: 1.380 Gm.@Rate 5,700.00/Gm.",,Sale,0,1,0
2219,1,H23103002781,102,103,235,102,102,103,3.5,0.0,3.5,5690.0,0.0,0.0,3677.23,0.0,0.0,0.0,0.0,0.0,23592.23,0.0,23592.23,707.76,24300.0,"Net Wt: 3.500 Gm.@Rate 5,690.00/Gm.",,Sale,0,1,0
2228,1,F23103002542,102,103,102,102,102,103,1.92,0.0,1.92,5690.0,0.0,0.0,1696.56,0.0,0.0,0.0,0.0,0.0,12621.36,0.0,12621.36,378.64,13000.0,"Net Wt: 1.920 Gm.@Rate 5,690.00/Gm.",,Sale,0,1,0
2229,1,H23103002755,102,103,331,102,102,103,2.59,0.0,2.59,5690.0,0.0,0.0,1961.93,0.0,0.0,0.0,0.0,0.0,16699.03,0.0,16699.03,500.98,17200.0,"Net Wt: 2.590 Gm.@Rate 5,690.00/Gm.",,Sale,0,1,0
2230,1,I23104000819,102,104,289,102,109,111,17.86,0.0,17.86,75.0,0.0,0.0,408.07,0.0,0.0,0.0,0.0,0.0,1747.57,0.0,1747.57,52.42,1800.0,Net Wt: 17.860 Gm.@Rate 75.00/Gm.,,Sale,0,1,0
2231,1,H23103002780,102,103,235,102,102,103,8.69,0.0,8.69,5690.0,0.0,0.0,6664.58,0.0,0.0,0.0,0.0,200.0,56310.68,0.0,56310.68,1689.32,58000.0,"Net Wt: 8.690 Gm.@Rate 5,690.00/Gm.",,Sale,0,1,0
2232,1,F23103002607,102,103,338,102,102,103,5.05,0.0,5.05,5750.0,0.0,0.0,2030.46,0.0,0.0,0.0,0.0,0.0,31067.96,0.0,31067.96,932.04,32000.0,"Net Wt: 5.050 Gm.@Rate 5,750.00/Gm.",,Sale,0,1,0
2233,1,I23104000820,102,104,119,121,109,111,20.26,0.0,20.26,69.0,0.0,0.0,640.89,0.0,0.0,0.0,0.0,0.0,2038.83,0.0,2038.83,61.16,2100.0,Net Wt: 20.260 Gm.@Rate 69.00/Gm.,,Sale,0,1,0
2233,2,I23104000821,102,104,151,150,109,111,8.5,0.0,8.5,69.0,0.0,0.0,238.74,0.0,0.0,0.0,0.0,0.0,825.24,0.0,825.24,24.76,850.0,Net Wt: 8.500 Gm.@Rate 69.00/Gm.,,Sale,0,1,0
2235,1,J22103002227,102,103,116,102,102,103,1.48,0.0,1.48,5750.0,0.0,0.0,1198.74,0.0,0.0,0.0,0.0,0.0,9708.74,0.0,9708.74,291.26,10000.0,"Net Wt: 1.480 Gm.@Rate 5,750.00/Gm.",,Sale,0,1,0
2236,1,H23103002800,102,103,331,102,102,103,2.52,0.0,2.52,5750.0,0.0,0.0,2500.29,0.0,0.0,0.0,0.0,0.0,16990.29,0.0,16990.29,509.7,17500.0,"Net Wt: 2.520 Gm.@Rate 5,750.00/Gm.",,Sale,0,1,0
2237,1,F23103002620,102,103,114,102,102,103,8.09,0.0,8.09,5750.0,0.0,0.0,4324.25,0.0,0.0,0.0,0.0,1100.0,51941.75,0.0,51941.75,1558.26,53500.0,"Net Wt: 8.090 Gm.@Rate 5,750.00/Gm.",,Sale,0,1,0
2238,1,H23103002734,102,103,102,102,102,103,2.43,0.0,2.43,5690.0,0.0,0.0,1409.82,0.0,0.0,0.0,0.0,200.0,15436.52,0.0,15436.52,463.1,15899.62,"Net Wt: 2.430 Gm.@Rate 5,690.00/Gm.",,Sale,0,1,0
2238,2,P22103002492,102,103,110,102,102,103,1.52,0.0,1.52,5690.0,0.0,0.0,942.91,0.0,0.0,0.0,0.0,700.0,10291.71,0.0,10291.71,308.76,10600.46,"Net Wt: 1.520 Gm.@Rate 5,690.00/Gm.",,Sale,0,1,0
2240,1,J22103002111,102,103,331,102,102,103,1.49,0.0,1.49,5750.0,0.0,0.0,996.0,0.0,0.0,0.0,0.0,0.0,9563.11,0.0,9563.11,286.9,9850.0,"Net Wt: 1.490 Gm.@Rate 5,750.00/Gm.",,Sale,0,1,0
2242,1,H23103002775,102,103,110,102,102,103,4.22,0.0,4.22,5690.0,0.0,0.0,2187.23,0.0,0.0,0.0,0.0,500.0,26699.03,0.0,26699.03,800.98,27500.0,"Net Wt: 4.220 Gm.@Rate 5,690.00/Gm.",,Sale,0,1,0
2159,1,N22103002323,102,103,116,102,102,103,5.1,0.0,5.1,5690.0,0.0,0.0,3505.27,0.0,0.0,0.0,0.0,0.0,32524.27,0.0,32524.27,975.72,33500.0,"Net Wt: 5.100 Gm.@Rate 5,690.00/Gm.",,Sale,0,1,0
2161,1,O21103001773,102,103,115,102,102,103,1.07,0.0,1.07,5500.0,0.0,0.0,619.85,0.0,0.0,0.0,0.0,0.0,6504.85,0.0,6504.85,195.14,6700.0,"Net Wt: 1.070 Gm.@Rate 5,500.00/Gm.",,Sale,0,1,0
2168,1,F23103002610,102,103,112,102,102,103,7.86,0.0,7.86,5700.0,0.0,0.0,5683.44,0.0,0.0,0.0,0.0,0.0,50485.44,0.0,50485.44,1514.56,52000.0,"Net Wt: 7.860 Gm.@Rate 5,700.00/Gm.",,Sale,0,1,0
2173,1,H23103002700,102,103,169,102,102,129,0.17,0.0,0.17,5500.0,0.0,0.0,909.66,0.0,0.0,0.0,0.0,0.0,1844.66,0.0,1844.66,55.34,1900.0,"Net Wt: 0.170 Gm.@Rate 5,500.00/Gm.",,Sale,0,1,0
2183,1,H23104000805,102,104,351,102,109,111,14.61,0.0,14.61,65.0,0.0,0.0,409.57,0.0,0.0,0.0,0.0,0.0,1359.22,0.0,1359.22,40.78,1400.0,Net Wt: 14.610 Gm.@Rate 65.00/Gm.,,Sale,0,1,0
2184,1,H23103002811,102,103,112,102,102,103,16.89,0.0,16.89,5690.0,0.0,0.0,10692.02,0.0,0.0,0.0,0.0,0.0,106796.12,0.0,106796.12,3203.88,110000.0,"Net Wt: 16.890 Gm.@Rate 5,690.00/Gm.",,Sale,0,1,0
2184,2,H23103002812,102,103,112,102,102,103,12.47,0.0,12.47,5690.0,0.0,0.0,8074.83,0.0,0.0,0.0,0.0,0.0,79029.13,0.0,79029.13,2370.88,81400.0,"Net Wt: 12.470 Gm.@Rate 5,690.00/Gm.",,Sale,0,1,0
2184,3,H23103002813,102,103,101,102,102,103,9.15,0.0,9.15,5690.0,0.0,0.0,5897.67,0.0,0.0,0.0,0.0,0.0,57961.17,0.0,57961.17,1738.84,59700.0,"Net Wt: 9.150 Gm.@Rate 5,690.00/Gm.",,Sale,0,1,0
2184,4,H23103002814,102,103,113,102,102,103,3.72,0.0,3.72,5690.0,0.0,0.0,2425.43,0.0,0.0,0.0,0.0,0.0,23592.23,0.0,23592.23,707.76,24300.0,"Net Wt: 3.720 Gm.@Rate 5,690.00/Gm.",,Sale,0,1,0
2184,5,H23103002815,102,103,113,102,102,103,4.24,0.0,4.24,5690.0,0.0,0.0,2670.52,0.0,0.0,0.0,0.0,0.0,26796.12,0.0,26796.12,803.88,27600.0,"Net Wt: 4.240 Gm.@Rate 5,690.00/Gm.",,Sale,0,1,0
2184,6,H23103002816,102,103,101,102,102,103,5.38,0.0,5.38,5690.0,0.0,0.0,3368.38,0.0,0.0,0.0,0.0,0.0,33980.58,0.0,33980.58,1019.42,35000.0,"Net Wt: 5.380 Gm.@Rate 5,690.00/Gm.",,Sale,0,1,0
2239,1,J22103002147,102,103,114,102,102,103,12.39,0.0,12.39,5750.0,0.0,0.0,9625.46,0.0,0.0,0.0,0.0,200.0,81067.96,0.0,81067.96,2432.04,83500.0,"Net Wt: 12.390 Gm.@Rate 5,750.00/Gm.",,Sale,0,1,0
2241,1,F23103002557,102,103,331,102,102,103,2.53,0.0,2.53,5690.0,0.0,0.0,1327.0,0.0,0.0,0.0,0.0,200.0,15922.33,0.0,15922.33,477.66,16400.0,"Net Wt: 2.530 Gm.@Rate 5,690.00/Gm.",,Sale,0,1,0
2245,1,I22103001939,102,103,331,102,102,103,5.36,0.0,5.36,5690.0,0.0,0.0,3967.62,0.0,0.0,0.0,0.0,0.0,34466.02,0.0,34466.02,1033.98,35500.0,"Net Wt: 5.360 Gm.@Rate 5,690.00/Gm.",,Sale,0,1,0
2246,1,I23104000823,102,104,346,102,109,111,65.59,0.0,65.59,65.0,0.0,0.0,202.67,0.0,0.0,0.0,0.0,0.0,4466.02,0.0,4466.02,133.98,4600.0,Net Wt: 65.590 Gm.@Rate 65.00/Gm.,,Sale,0,1,0
2247,1,H21103001515,102,103,331,102,102,103,1.36,0.0,1.36,5790.0,0.0,0.0,863.46,0.0,0.0,0.0,0.0,0.0,8737.86,0.0,8737.86,262.14,9000.0,"Net Wt: 1.360 Gm.@Rate 5,790.00/Gm.",,Sale,0,1,0
2247,2,H23103002730,102,103,102,102,102,103,1.46,0.0,1.46,5790.0,0.0,0.0,1255.34,0.0,0.0,0.0,0.0,0.0,9708.74,0.0,9708.74,291.26,10000.0,"Net Wt: 1.460 Gm.@Rate 5,790.00/Gm.",,Sale,0,1,0
2248,1,I23103002911,102,103,169,102,102,103,0.16,0.0,0.16,4790.0,0.0,0.0,689.91,0.0,0.0,0.0,0.0,0.0,1456.31,0.0,1456.31,43.68,1500.0,"Net Wt: 0.160 Gm.@Rate 4,790.00/Gm.",,Sale,0,1,0
2249,1,N22103002288,102,103,331,102,102,103,3.39,0.0,3.39,5650.0,0.0,0.0,749.41,0.0,0.0,0.0,0.0,0.0,19902.91,0.0,19902.91,597.08,20500.0,"Net Wt: 3.390 Gm.@Rate 5,650.00/Gm.",,Sale,0,1,0
2250,1,F21103001449,102,103,331,102,102,103,2.07,0.0,2.07,5690.0,0.0,0.0,1522.67,0.0,0.0,0.0,0.0,0.0,13300.97,0.0,13300.97,399.02,13700.0,"Net Wt: 2.070 Gm.@Rate 5,690.00/Gm.",,Sale,0,1,0
2255,1,F23103002600,102,103,235,102,102,103,4.55,0.0,4.55,5690.0,0.0,0.0,3037.0,0.0,0.0,0.0,0.0,200.0,29126.21,0.0,29126.21,873.78,30000.0,"Net Wt: 4.550 Gm.@Rate 5,690.00/Gm.",,Sale,0,1,0
2256,1,J22103002142,102,103,112,102,102,103,11.77,0.0,11.77,5680.0,0.0,0.0,6247.0,0.0,0.0,0.0,0.0,200.0,73300.97,0.0,73300.97,2199.02,75500.0,"Net Wt: 11.770 Gm.@Rate 5,680.00/Gm.",,Sale,0,1,0
2260,1,F23103002651,102,103,110,102,102,103,2.61,0.0,2.61,5650.0,0.0,0.0,1729.23,0.0,0.0,0.0,0.0,1000.0,17475.73,0.0,17475.73,524.28,18000.0,"Net Wt: 2.610 Gm.@Rate 5,650.00/Gm.",,Sale,0,1,0
2261,1,I23103002880,102,103,407,102,103,104,0.93,0.0,0.93,5590.0,0.0,0.0,529.4,0.0,0.0,0.0,0.0,200.0,5928.1,0.0,5928.1,177.84,6105.94,"Net Wt: 0.930 Gm.@Rate 5,590.00/Gm.",,Sale,0,1,0
2261,2,N22103002366,102,103,407,102,102,129,1.62,0.0,1.62,5590.0,0.0,0.0,841.0,0.0,0.0,0.0,0.0,200.0,10096.72,0.0,10096.72,302.9,10399.62,"Net Wt: 1.620 Gm.@Rate 5,590.00/Gm.",,Sale,0,1,0
2262,1,J23104000825,102,104,142,143,109,111,11.0,0.0,11.0,65.0,0.0,0.0,304.42,0.0,0.0,0.0,0.0,0.0,1019.42,0.0,1019.42,30.58,1050.0,Net Wt: 11.000 Gm.@Rate 65.00/Gm.,,Sale,0,1,0
2262,2,J23104000826,102,104,132,134,109,111,4.0,0.0,4.0,65.0,0.0,0.0,225.44,0.0,0.0,0.0,0.0,0.0,485.44,0.0,485.44,14.56,500.0,Net Wt: 4.000 Gm.@Rate 65.00/Gm.,,Sale,0,1,0
2263,1,O22103002380,102,103,112,102,102,103,6.95,0.0,6.95,5590.0,0.0,0.0,4053.38,0.0,0.0,0.0,0.0,300.0,43203.88,0.0,43203.88,1296.12,44500.0,"Net Wt: 6.950 Gm.@Rate 5,590.00/Gm.",,Sale,0,1,0
2265,1,J23103002969,102,103,406,102,102,103,0.89,0.0,0.89,5690.0,0.0,0.0,664.06,0.0,0.0,0.0,0.0,0.0,5728.16,0.0,5728.16,171.84,5900.0,"Net Wt: 0.890 Gm.@Rate 5,690.00/Gm.",,Sale,0,1,0
2171,1,P22103002459,102,103,102,102,102,103,3.42,0.0,3.42,5690.0,0.0,0.0,2384.86,0.0,0.0,0.0,0.0,0.0,21844.66,0.0,21844.66,655.34,22500.0,"Net Wt: 3.420 Gm.@Rate 5,690.00/Gm.",,Sale,0,1,0
2171,2,J22103002118,102,103,331,102,102,103,2.48,0.0,2.48,5690.0,0.0,0.0,1714.04,0.0,0.0,0.0,0.0,0.0,15825.24,0.0,15825.24,474.76,16300.0,"Net Wt: 2.480 Gm.@Rate 5,690.00/Gm.",,Sale,0,1,0
2171,3,J22103002168,102,103,331,102,102,103,3.53,0.0,3.53,5690.0,0.0,0.0,2438.57,0.0,0.0,0.0,0.0,0.0,22524.27,0.0,22524.27,675.72,23200.0,"Net Wt: 3.530 Gm.@Rate 5,690.00/Gm.",,Sale,0,1,0
2172,1,F23103002617,102,103,331,102,102,103,4.01,0.0,4.01,5690.0,0.0,0.0,2911.26,0.0,0.0,0.0,0.0,0.0,25728.16,0.0,25728.16,771.84,26500.0,"Net Wt: 4.010 Gm.@Rate 5,690.00/Gm.",,Sale,0,1,0
2172,2,F23103002545,102,103,331,102,102,103,2.41,0.0,2.41,5690.0,0.0,0.0,850.21,0.0,0.0,0.0,0.0,0.0,14563.11,0.0,14563.11,436.9,15000.0,"Net Wt: 2.410 Gm.@Rate 5,690.00/Gm.",,Sale,0,1,0
2178,1,H23104000804,102,104,119,121,109,111,30.9,0.0,30.9,68.0,0.0,0.0,472.0,0.0,0.0,0.0,0.0,0.0,2572.82,0.0,2572.82,77.18,2650.0,Net Wt: 30.900 Gm.@Rate 68.00/Gm.,,Sale,0,1,0
2255,2,H23103002684,102,103,235,102,102,103,3.79,0.0,3.79,5690.0,0.0,0.0,2992.44,0.0,0.0,0.0,0.0,200.0,24757.54,0.0,24757.54,742.72,25500.27,"Net Wt: 3.790 Gm.@Rate 5,690.00/Gm.",,Sale,0,1,0
2265,2,J23104000827,102,104,351,102,109,111,11.38,0.0,11.38,72.0,0.0,0.0,394.23,0.0,0.0,0.0,0.0,0.0,1213.59,0.0,1213.59,36.4,1250.0,Net Wt: 11.380 Gm.@Rate 72.00/Gm.,,Sale,0,1,0
2266,1,H23103002736,102,103,102,102,102,103,4.53,0.0,4.53,5690.0,0.0,0.0,3151.0,0.0,0.0,0.0,0.0,200.0,29126.21,0.0,29126.21,873.78,30000.0,"Net Wt: 4.530 Gm.@Rate 5,690.00/Gm.",,Sale,0,1,0
2267,1,J23103002940,102,103,114,102,102,103,10.43,0.0,10.43,5690.0,0.0,0.0,1818.0,0.0,0.0,0.0,0.0,0.0,61165.05,0.0,61165.05,1834.96,63000.0,"Net Wt: 10.430 Gm.@Rate 5,690.00/Gm.",,Sale,0,1,0
2267,2,N21103001642,102,103,112,102,102,103,16.16,0.0,16.16,5690.0,0.0,0.0,7078.48,0.0,0.0,0.0,0.0,0.0,99028.88,0.0,99028.88,2970.86,101999.75,"Net Wt: 16.160 Gm.@Rate 5,690.00/Gm.",,Sale,0,1,0
2268,1,F23103002631,102,103,235,102,102,103,3.89,0.0,3.89,5550.0,0.0,0.0,2870.65,0.0,0.0,0.0,0.0,200.0,24660.15,0.0,24660.15,739.8,25399.95,"Net Wt: 3.890 Gm.@Rate 5,550.00/Gm.",,Sale,0,1,0
2268,2,J23104000828,102,104,119,121,109,111,36.1,0.0,36.1,70.0,0.0,0.0,871.06,0.0,0.0,0.0,0.0,0.0,3398.06,0.0,3398.06,101.94,3500.0,Net Wt: 36.100 Gm.@Rate 70.00/Gm.,,Sale,0,1,0
2269,2,J23103002970,102,103,106,102,102,103,0.6,0.0,0.6,5690.0,0.0,0.0,469.5,0.0,0.0,0.0,0.0,0.0,3883.5,0.0,3883.5,116.5,4000.0,"Net Wt: 0.600 Gm.@Rate 5,690.00/Gm.",,Sale,0,1,0
2270,1,H23103002691,102,103,235,102,102,103,2.35,0.0,2.35,5690.0,0.04,0.0,1282.87,0.0,0.0,0.0,0.0,200.0,14854.37,0.0,14854.37,445.64,15300.0,"Net Wt: 2.350 Gm.@Rate 5,690.00/Gm.",,Sale,0,1,0
2270,2,H23103002767,102,103,331,102,102,103,2.75,0.0,2.75,5690.0,0.05,0.0,1434.05,0.0,0.0,0.0,0.0,200.0,17281.55,0.0,17281.55,518.44,17800.0,"Net Wt: 2.750 Gm.@Rate 5,690.00/Gm.",,Sale,0,1,0
2271,1,J23104000829,102,104,351,102,109,111,19.75,0.0,19.75,73.0,0.0,0.0,597.08,0.0,0.0,0.0,0.0,0.0,2038.83,0.0,2038.83,61.16,2100.0,Net Wt: 19.750 Gm.@Rate 73.00/Gm.,,Sale,0,1,0
2272,1,J23103002971,102,103,235,102,102,103,3.49,0.0,3.49,5560.0,0.0,0.0,1757.74,0.0,0.0,0.0,0.0,100.0,21262.14,0.0,21262.14,637.86,21900.0,"Net Wt: 3.490 Gm.@Rate 5,560.00/Gm.",,Sale,0,1,0
2272,2,J23103002972,102,103,331,102,102,103,2.79,0.0,2.79,5560.0,0.0,0.0,1474.98,0.0,0.0,0.0,0.0,100.0,17087.38,0.0,17087.38,512.62,17600.0,"Net Wt: 2.790 Gm.@Rate 5,560.00/Gm.",,Sale,0,1,0
2273,1,G20103001083,102,103,115,102,102,103,2.74,0.0,2.74,5650.0,0.0,0.0,1639.1,0.0,0.0,0.0,0.0,210.0,17330.1,0.0,17330.1,519.9,17850.0,"Net Wt: 2.740 Gm.@Rate 5,650.00/Gm.",,Sale,0,1,0
2274,1,J23103002973,102,103,327,102,102,103,12.4,0.0,12.4,5590.0,0.0,0.0,8353.9,0.0,0.0,0.0,0.0,200.0,77869.9,0.0,77869.9,2336.1,80206.0,"Net Wt: 12.400 Gm.@Rate 5,590.00/Gm.",,Sale,0,1,0
2274,2,J23103002926,102,103,107,102,102,103,7.59,0.0,7.59,5590.0,0.0,0.0,5435.98,0.0,0.0,0.0,0.0,0.0,47864.08,0.0,47864.08,1435.92,49300.0,"Net Wt: 7.590 Gm.@Rate 5,590.00/Gm.",,Sale,0,1,0
2275,1,N21103001676,102,103,235,102,102,103,1.89,0.0,1.89,5590.0,0.0,0.0,1370.82,0.0,0.0,0.0,0.0,200.0,12135.92,0.0,12135.92,364.08,12500.0,"Net Wt: 1.890 Gm.@Rate 5,590.00/Gm.",,Sale,0,1,0
2276,1,J23104000830,102,104,346,102,109,111,105.13,0.0,105.13,70.0,0.0,0.0,2349.64,0.0,0.0,0.0,0.0,0.0,9708.74,0.0,9708.74,291.26,10000.0,Net Wt: 105.130 Gm.@Rate 70.00/Gm.,,Sale,0,1,0
2277,1,J23103002941,102,103,114,102,102,103,9.61,0.0,9.61,5590.0,0.2,0.0,5303.4,0.0,0.0,0.0,0.0,200.0,59223.3,0.0,59223.3,1776.7,61000.0,"Net Wt: 9.610 Gm.@Rate 5,590.00/Gm.",,Sale,0,1,0
2278,1,H23103002855,102,103,112,102,102,103,7.91,0.0,7.91,5590.0,0.1,0.0,4797.66,0.0,0.0,0.0,0.0,500.0,49514.56,0.0,49514.56,1485.44,51000.0,"Net Wt: 7.910 Gm.@Rate 5,590.00/Gm.",,Sale,0,1,0
2279,1,J22103002207,102,103,110,102,102,103,6.51,0.0,6.51,5590.0,0.0,0.0,4385.8,0.0,0.0,0.0,0.0,0.0,40776.7,0.0,40776.7,1223.3,42000.0,"Net Wt: 6.510 Gm.@Rate 5,590.00/Gm.",,Sale,0,1,0
2280,1,H23103002846,102,103,101,102,102,103,4.55,0.0,4.55,5690.0,0.0,0.0,3237.12,0.0,0.0,0.0,0.0,0.0,29126.62,0.0,29126.62,873.8,30000.42,"Net Wt: 4.550 Gm.@Rate 5,690.00/Gm.",,Sale,0,1,0
2280,2,H23103002826,102,103,103,102,102,103,1.39,0.0,1.39,5690.0,0.0,0.0,343.21,0.0,0.0,0.0,0.0,0.0,8252.31,0.0,8252.31,247.56,8499.88,"Net Wt: 1.390 Gm.@Rate 5,690.00/Gm.",,Sale,0,1,0
2190,1,F23103002571,102,103,103,102,102,103,6.7,0.0,6.7,5680.0,0.0,0.0,4468.27,0.0,0.0,0.0,0.0,0.0,42524.27,0.0,42524.27,1275.72,43800.0,"Net Wt: 6.700 Gm.@Rate 5,680.00/Gm.",,Sale,0,1,0
2190,2,F23103002637,102,103,110,102,102,103,2.98,0.0,2.98,5690.0,0.0,0.0,2752.54,0.0,0.0,0.0,0.0,0.0,19708.74,0.0,19708.74,591.26,20300.0,"Net Wt: 2.980 Gm.@Rate 5,690.00/Gm.",,Sale,0,1,0
2190,3,H23104000807,102,104,119,121,109,111,42.5,0.0,42.5,65.0,0.0,0.0,1509.34,0.0,0.0,0.0,0.0,0.0,4271.84,0.0,4271.84,128.16,4400.0,Net Wt: 42.500 Gm.@Rate 65.00/Gm.,,Sale,0,1,0
2190,4,H23103002816,102,103,101,102,102,103,5.38,0.0,5.38,5690.0,0.0,0.0,2980.03,0.0,0.0,0.0,0.0,0.0,33592.23,0.0,33592.23,1007.76,34600.0,"Net Wt: 5.380 Gm.@Rate 5,690.00/Gm.",,Return,0,1,0
2206,1,H23103002709,102,103,112,102,102,103,4.75,0.0,4.75,5550.0,0.0,0.0,3634.59,0.0,0.0,0.0,0.0,100.0,30097.09,0.0,30097.09,902.92,31000.0,"Net Wt: 4.750 Gm.@Rate 5,550.00/Gm.",,Sale,0,1,0
2206,2,J22103002193,102,103,235,102,102,103,3.15,0.0,3.15,5550.0,0.0,0.0,2805.85,0.0,0.0,0.0,0.0,100.0,20388.35,0.0,20388.35,611.66,21000.0,"Net Wt: 3.150 Gm.@Rate 5,550.00/Gm.",,Sale,0,1,0
2282,1,H23103002799,102,103,116,102,102,103,1.14,0.0,1.14,5690.0,0.0,0.0,697.87,0.0,0.0,0.0,0.0,0.0,7184.47,0.0,7184.47,215.54,7400.0,"Net Wt: 1.140 Gm.@Rate 5,690.00/Gm.",,Sale,0,1,0
2284,1,H23103002688,102,103,235,102,102,103,4.73,0.0,4.73,5590.0,0.0,0.0,1714.52,0.0,0.0,0.0,0.0,0.0,28155.22,0.0,28155.22,844.66,28999.88,"Net Wt: 4.730 Gm.@Rate 5,590.00/Gm.",,Sale,0,1,0
2284,2,H23103002722,102,103,114,102,102,103,16.14,0.0,16.14,5590.0,0.0,0.0,2010.0,0.0,0.0,0.0,0.0,0.0,92233.01,0.0,92233.01,2767.0,95000.0,"Net Wt: 16.140 Gm.@Rate 5,590.00/Gm.",,Sale,0,1,0
2285,1,H23103002786,102,103,235,102,102,103,1.8,0.0,1.8,5650.0,0.0,0.0,995.05,0.0,0.0,0.0,0.0,0.0,11165.05,0.0,11165.05,334.96,11500.0,"Net Wt: 1.800 Gm.@Rate 5,650.00/Gm.",,Sale,0,1,0
2286,1,I23103002876,102,103,407,102,103,104,1.19,0.0,1.19,5550.0,0.0,0.0,677.05,0.0,0.0,0.0,0.0,0.0,7281.55,0.0,7281.55,218.44,7500.0,"Net Wt: 1.190 Gm.@Rate 5,550.00/Gm.",,Sale,0,1,0
2296,1,H23103002772,102,103,110,102,102,103,4.15,0.0,4.15,5590.0,0.0,0.0,3471.4,0.0,0.0,0.0,0.0,1000.0,27669.9,0.0,27669.9,830.1,28500.0,"Net Wt: 4.150 Gm.@Rate 5,590.00/Gm.",,Sale,0,1,0
2270,3,F23103002649,102,103,110,102,102,103,1.86,0.0,1.86,5690.0,0.0,0.0,950.0,0.0,0.0,0.0,0.0,700.0,12233.49,0.0,12233.49,367.0,12600.49,"Net Wt: 1.860 Gm.@Rate 5,690.00/Gm.",,Sale,0,1,0
2297,1,H23103002731,102,103,102,102,102,103,2.54,0.0,2.54,5590.0,0.0,0.0,2106.0,0.0,0.0,0.0,0.0,200.0,16504.5,0.0,16504.5,495.14,16999.64,"Net Wt: 2.540 Gm.@Rate 5,590.00/Gm.",,Sale,0,1,0
2297,3,F23103002539,102,103,102,102,102,103,2.6,0.0,2.6,5590.0,0.0,0.0,2256.26,0.0,0.0,0.0,0.0,200.0,16990.26,0.0,16990.26,509.7,17499.97,"Net Wt: 2.600 Gm.@Rate 5,590.00/Gm.",,Sale,0,1,0
2297,4,J23103002920,102,103,102,102,102,103,2.16,0.0,2.16,5590.0,0.0,0.0,1803.17,0.0,0.0,0.0,0.0,200.0,14077.57,0.0,14077.57,422.32,14499.9,"Net Wt: 2.160 Gm.@Rate 5,590.00/Gm.",,Sale,0,1,0
2297,5,P22103002487,102,103,110,102,102,103,2.43,0.0,2.43,5590.0,0.0,0.0,2206.35,0.0,0.0,0.0,0.0,1200.0,16990.05,0.0,16990.05,509.7,17499.75,"Net Wt: 2.430 Gm.@Rate 5,590.00/Gm.",,Sale,0,1,0
2370,1,N23103003052,102,103,338,102,102,103,2.25,0.0,2.25,5590.0,0.0,0.0,1014.73,0.0,0.0,0.0,0.0,0.0,13592.23,0.0,13592.23,407.76,14000.0,"Net Wt: 2.250 Gm.@Rate 5,590.00/Gm.",,Sale,0,1,0
2299,1,K23104000835,102,104,351,102,109,111,9.29,0.0,9.29,65.0,0.0,0.0,192.27,0.0,0.0,0.0,0.0,0.0,796.12,0.0,796.12,23.88,820.0,Net Wt: 9.290 Gm.@Rate 65.00/Gm.,,Sale,0,1,0
2301,1,H23103002765,102,103,331,102,102,103,3.2,0.0,3.2,5590.0,0.0,0.0,2785.79,0.0,0.0,0.0,0.0,200.0,20873.79,0.0,20873.79,626.22,21500.0,"Net Wt: 3.200 Gm.@Rate 5,590.00/Gm.",,Sale,0,1,0
2302,1,I22103001991,102,103,331,102,102,103,2.35,0.0,2.35,5450.0,0.0,0.0,687.65,0.0,0.0,0.0,0.0,0.0,13495.15,0.0,13495.15,404.86,13900.0,"Net Wt: 2.350 Gm.@Rate 5,450.00/Gm.",,Sale,0,1,0
2303,1,H23103002820,102,103,112,102,102,103,3.74,0.0,3.74,5690.0,0.0,0.0,2597.07,0.0,0.0,0.0,0.0,200.0,24077.67,0.0,24077.67,722.34,24800.0,"Net Wt: 3.740 Gm.@Rate 5,690.00/Gm.",,Sale,0,1,0
2304,1,I23103002878,102,103,407,102,103,104,1.0,0.0,1.0,5500.0,0.0,0.0,516.5,0.0,0.0,0.0,0.0,100.0,6116.5,0.0,6116.5,183.5,6300.0,"Net Wt: 1.000 Gm.@Rate 5,500.00/Gm.",,Sale,0,1,0
2305,2,J23103002934,102,103,235,102,102,103,4.26,0.0,4.26,5600.0,0.1,0.0,3128.47,0.0,0.0,0.0,0.0,200.0,27184.47,0.0,27184.47,815.54,28000.0,"Net Wt: 4.260 Gm.@Rate 5,600.00/Gm.",,Sale,0,1,0
2305,3,F23103002583,102,103,103,102,102,103,3.96,0.0,3.96,5600.0,0.0,0.0,2866.56,0.0,0.0,0.0,0.0,200.0,25242.56,0.0,25242.56,757.28,25999.84,"Net Wt: 3.960 Gm.@Rate 5,600.00/Gm.",,Sale,0,1,0
2305,4,F23103002613,102,103,112,102,102,103,15.85,0.0,15.85,5600.0,0.0,0.0,12011.0,0.0,0.0,0.0,0.0,200.0,100970.87,0.0,100970.87,3029.12,104000.0,"Net Wt: 15.850 Gm.@Rate 5,600.00/Gm.",,Sale,0,1,0
2305,5,K23104000836,102,104,351,102,109,111,31.2,0.0,31.2,72.0,0.0,0.0,1151.66,0.0,0.0,0.0,0.0,0.0,3398.06,0.0,3398.06,101.94,3500.0,Net Wt: 31.200 Gm.@Rate 72.00/Gm.,,Sale,0,1,0
2305,1,J23103002924,102,103,107,102,102,103,4.75,0.0,4.75,5600.0,0.14,0.0,3683.0,0.0,0.0,0.0,0.0,300.0,30582.52,0.0,30582.52,917.48,31500.0,"Net Wt: 4.750 Gm.@Rate 5,600.00/Gm.",,Sale,0,1,0
2306,1,F23103002553,102,103,331,102,102,103,2.61,0.0,2.61,5690.0,0.0,0.0,3395.7,0.0,0.0,0.0,0.0,200.0,18446.6,0.0,18446.6,553.4,19000.0,"Net Wt: 2.610 Gm.@Rate 5,690.00/Gm.",,Sale,0,1,0
2191,1,H23103002766,102,103,331,102,102,103,2.74,0.0,2.74,5690.0,0.0,0.0,1493.87,0.0,0.0,0.0,0.0,100.0,17184.47,0.0,17184.47,515.54,17700.0,"Net Wt: 2.740 Gm.@Rate 5,690.00/Gm.",,Sale,0,1,0
2192,1,H23103002805,102,103,115,102,102,103,1.32,0.0,1.32,5590.0,0.0,0.0,873.63,0.0,0.0,0.0,0.0,0.0,8252.43,0.0,8252.43,247.58,8500.0,"Net Wt: 1.320 Gm.@Rate 5,590.00/Gm.",,Sale,0,1,0
2192,2,F21103001446,102,103,235,102,102,103,6.41,0.0,6.41,5590.0,0.0,0.0,3388.49,0.0,0.0,0.0,0.0,100.0,39320.39,0.0,39320.39,1179.62,40500.0,"Net Wt: 6.410 Gm.@Rate 5,590.00/Gm.",,Sale,0,1,0
2193,1,F23103002563,102,103,103,102,102,103,5.09,0.0,5.09,5690.0,0.0,0.0,2591.3,0.0,0.0,0.0,0.0,0.0,31553.4,0.0,31553.4,946.6,32500.0,"Net Wt: 5.090 Gm.@Rate 5,690.00/Gm.",,Sale,0,1,0
2193,2,H19103000121,102,103,112,102,102,103,19.14,0.0,19.14,5690.0,0.0,0.0,9540.0,0.0,0.0,0.0,0.0,0.0,118446.6,0.0,118446.6,3553.4,122000.0,"Net Wt: 19.140 Gm.@Rate 5,690.00/Gm.",,Sale,0,1,0
2194,1,P22103002491,102,103,110,102,102,103,6.89,0.0,6.89,5690.0,0.0,0.0,3399.78,0.0,0.0,0.0,0.0,600.0,43203.88,0.0,43203.88,1296.12,44500.0,"Net Wt: 6.890 Gm.@Rate 5,690.00/Gm.",,Sale,0,1,0
2194,2,H23104000808,102,104,440,101,109,111,5.0,0.0,5.0,65.0,0.0,0.0,645.87,0.0,0.0,0.0,0.0,0.0,970.87,0.0,970.87,29.12,1000.0,Net Wt: 5.000 Gm.@Rate 65.00/Gm.,,Sale,0,1,0
2195,1,H23103002810,102,103,115,102,102,103,3.37,0.0,3.37,5690.0,0.0,0.0,2083.56,0.0,0.0,0.0,0.0,100.0,21358.86,0.0,21358.86,640.76,21999.63,"Net Wt: 3.370 Gm.@Rate 5,690.00/Gm.",,Sale,0,1,0
2196,1,J22103002156,102,103,112,102,102,103,14.58,0.0,14.58,5650.0,0.0,0.0,8885.13,0.0,0.0,0.0,0.0,0.0,91262.13,0.0,91262.13,2737.86,93999.99,"Net Wt: 14.580 Gm.@Rate 5,650.00/Gm.",,Sale,0,1,0
2196,2,I22103002025,102,103,374,101,102,103,3.79,0.0,3.79,5650.0,0.0,0.0,1887.87,0.0,0.0,0.0,0.0,0.0,23301.37,0.0,23301.37,699.04,24000.41,"Net Wt: 3.790 Gm.@Rate 5,650.00/Gm.",,Sale,0,1,0
2197,1,P22103002476,102,103,101,102,102,103,6.8,0.0,6.8,5690.0,0.0,0.0,4026.45,0.0,0.0,0.0,0.0,0.0,42718.45,0.0,42718.45,1281.56,44000.0,"Net Wt: 6.800 Gm.@Rate 5,690.00/Gm.",,Sale,0,1,0
2198,1,H23103002850,102,103,113,102,102,103,4.02,0.0,4.02,5650.0,0.0,0.0,2044.28,0.0,0.0,0.0,0.0,0.0,24757.28,0.0,24757.28,742.72,25500.0,"Net Wt: 4.020 Gm.@Rate 5,650.00/Gm.",,Sale,0,1,0
2198,2,H23103002851,102,103,113,102,102,103,4.24,0.0,4.24,5650.0,0.0,0.0,1772.16,0.0,0.0,0.0,0.0,0.0,25728.16,0.0,25728.16,771.84,26500.0,"Net Wt: 4.240 Gm.@Rate 5,650.00/Gm.",,Sale,0,1,0
2199,1,F23103002574,102,103,103,102,102,103,2.79,0.0,2.79,5650.0,0.0,0.0,2391.84,0.0,0.0,0.0,0.0,0.0,18155.34,0.0,18155.34,544.66,18700.0,"Net Wt: 2.790 Gm.@Rate 5,650.00/Gm.",,Sale,0,1,0
2200,1,H23103002830,102,103,103,102,102,103,1.02,0.0,1.02,5690.0,0.0,0.0,1477.75,0.0,0.0,0.0,0.0,0.0,7281.55,0.0,7281.55,218.44,7500.0,"Net Wt: 1.020 Gm.@Rate 5,690.00/Gm.",,Sale,0,1,0
2201,1,H23104000809,102,104,119,121,109,111,46.21,0.0,46.21,68.0,0.0,0.0,1381.99,0.0,0.0,0.0,0.0,0.0,4524.27,0.0,4524.27,135.72,4660.0,Net Wt: 46.210 Gm.@Rate 68.00/Gm.,,Sale,0,1,0
2202,1,H23103002710,102,103,112,102,102,103,12.26,0.0,12.26,5690.0,0.0,0.0,5968.76,0.0,0.0,0.0,0.0,0.0,75728.16,0.0,75728.16,2271.84,78000.0,"Net Wt: 12.260 Gm.@Rate 5,690.00/Gm.",,Sale,0,1,0
2205,1,H23103002706,102,103,112,102,102,103,23.13,0.0,23.13,5690.0,0.0,0.0,10137.87,0.0,0.0,0.0,0.0,0.0,141747.57,0.0,141747.57,4252.42,146000.0,"Net Wt: 23.130 Gm.@Rate 5,690.00/Gm.",,Sale,0,1,0
2288,1,J23104000832,102,104,351,102,109,111,11.73,0.0,11.73,70.0,0.0,0.0,411.91,0.0,0.0,0.0,0.0,0.0,1233.01,0.0,1233.01,37.0,1270.0,Net Wt: 11.730 Gm.@Rate 70.00/Gm.,,Sale,0,1,0
2289,1,F23103002648,102,103,110,102,102,103,8.39,0.0,8.39,5590.0,0.0,0.0,5497.88,0.0,0.0,0.0,0.0,1000.0,53397.98,0.0,53397.98,1601.94,54999.92,"Net Wt: 8.390 Gm.@Rate 5,590.00/Gm.",,Sale,0,1,0
2289,2,H23103002832,102,103,407,102,102,103,1.65,0.0,1.65,5590.0,0.0,0.0,1456.0,0.0,0.0,0.0,0.0,0.0,10679.35,0.0,10679.35,320.38,10999.73,"Net Wt: 1.650 Gm.@Rate 5,590.00/Gm.",,Sale,0,1,0
2290,1,G20103001105,102,103,115,102,102,103,2.58,0.0,2.58,5590.0,0.0,0.0,2082.65,0.0,0.0,0.0,0.0,0.0,16504.85,0.0,16504.85,495.14,17000.0,"Net Wt: 2.580 Gm.@Rate 5,590.00/Gm.",,Sale,0,1,0
2291,1,O21103001730,102,103,235,102,102,103,6.39,0.0,6.39,5590.0,0.0,0.0,3114.85,0.0,0.0,0.0,0.0,0.0,38834.95,0.0,38834.95,1165.04,40000.0,"Net Wt: 6.390 Gm.@Rate 5,590.00/Gm.",,Sale,0,1,0
2292,1,J23103002938,102,103,235,102,102,103,3.28,0.0,3.28,5590.0,0.0,0.0,596.84,0.0,0.0,0.0,0.0,0.0,18932.04,0.0,18932.04,567.96,19500.0,"Net Wt: 3.280 Gm.@Rate 5,590.00/Gm.",,Sale,0,1,0
2293,1,J23103002974,102,103,428,101,102,103,3.62,0.0,3.62,5590.0,0.0,0.0,1608.86,0.0,0.0,0.0,0.0,0.0,21844.66,0.0,21844.66,655.34,22500.0,"Net Wt: 3.620 Gm.@Rate 5,590.00/Gm.",,Sale,0,1,0
2294,1,I23103002887,102,103,115,102,103,104,2.16,0.0,2.16,5590.0,0.0,0.0,1026.1,0.0,0.0,0.0,0.0,200.0,13300.5,0.0,13300.5,399.02,13699.52,"Net Wt: 2.160 Gm.@Rate 5,590.00/Gm.",,Sale,0,1,0
2294,3,J23104000833,102,104,119,121,109,111,46.7,0.0,46.7,71.0,0.0,0.0,1150.32,0.0,0.0,0.0,0.0,0.0,4466.02,0.0,4466.02,133.98,4600.0,Net Wt: 46.700 Gm.@Rate 71.00/Gm.,,Sale,0,1,0
2307,3,F23103002536,102,103,102,102,102,103,2.24,0.0,2.24,5690.0,0.0,0.0,647.12,0.0,0.0,0.0,0.0,200.0,13592.72,0.0,13592.72,407.78,14000.5,"Net Wt: 2.240 Gm.@Rate 5,690.00/Gm.",,Sale,0,1,0
2308,1,L23104000837,102,104,119,121,109,111,20.3,0.0,20.3,65.0,0.0,0.0,719.33,0.0,0.0,0.0,0.0,0.0,2038.83,0.0,2038.83,61.16,2100.0,Net Wt: 20.300 Gm.@Rate 65.00/Gm.,,Sale,0,1,0
2212,1,F23103002618,102,103,327,102,102,103,6.69,0.0,6.69,5700.0,0.0,0.0,4000.01,0.0,0.0,0.0,0.0,100.0,42233.01,0.0,42233.01,1267.0,43500.0,"Net Wt: 6.690 Gm.@Rate 5,700.00/Gm.",,Sale,0,1,0
2212,2,H23104000815,102,104,119,121,109,111,25.99,0.0,25.99,69.0,0.0,0.0,1213.49,0.0,0.0,0.0,0.0,100.0,3106.8,0.0,3106.8,93.2,3200.0,Net Wt: 25.990 Gm.@Rate 69.00/Gm.,,Sale,0,1,0
2213,1,O22103002408,102,103,235,102,102,103,4.15,0.0,4.15,5700.0,0.0,0.0,3523.64,0.0,0.0,0.0,0.0,200.0,27378.64,0.0,27378.64,821.36,28200.0,"Net Wt: 4.150 Gm.@Rate 5,700.00/Gm.",,Sale,0,1,0
2220,1,I23103002861,102,103,407,102,102,129,3.25,0.0,3.25,4750.0,0.0,0.0,1677.06,0.0,0.0,0.0,0.0,7400.0,24514.56,0.0,24514.56,735.44,25250.0,"Net Wt: 3.250 Gm.@Rate 4,750.00/Gm.",,Sale,0,1,0
2221,1,H23103002827,102,103,103,102,102,103,1.08,0.0,1.08,5690.0,0.0,0.0,1039.27,0.0,0.0,0.0,0.0,0.0,7184.47,0.0,7184.47,215.54,7400.0,"Net Wt: 1.080 Gm.@Rate 5,690.00/Gm.",,Sale,0,1,0
2222,1,F23103002652,102,103,110,102,102,103,3.24,0.0,3.24,5690.0,0.0,0.0,1952.75,0.0,0.0,0.0,0.0,0.0,20388.35,0.0,20388.35,611.66,21000.0,"Net Wt: 3.240 Gm.@Rate 5,690.00/Gm.",,Sale,0,1,0
2222,2,H23103002686,102,103,235,102,102,103,3.88,0.0,3.88,5690.0,0.0,0.0,2874.26,0.0,0.0,0.0,0.0,0.0,24951.46,0.0,24951.46,748.54,25700.0,"Net Wt: 3.880 Gm.@Rate 5,690.00/Gm.",,Sale,0,1,0
2223,1,I23104000817,102,104,119,121,109,111,165.01,0.0,165.01,65.0,0.0,0.0,5274.35,0.0,0.0,0.0,0.0,0.0,16000.0,0.0,16000.0,480.0,16480.0,Net Wt: 165.010 Gm.@Rate 65.00/Gm.,,Sale,0,1,0
2224,1,F23103002589,102,103,103,102,102,103,4.77,0.0,4.77,5690.0,0.0,0.0,3926.66,0.0,0.0,0.0,0.0,0.0,31067.96,0.0,31067.96,932.04,32000.0,"Net Wt: 4.770 Gm.@Rate 5,690.00/Gm.",,Sale,0,1,0
2225,1,H23103002758,102,103,331,102,102,103,2.33,0.0,2.33,5650.0,0.0,0.0,1689.87,0.0,0.0,0.0,0.0,0.0,14854.37,0.0,14854.37,445.64,15300.0,"Net Wt: 2.330 Gm.@Rate 5,650.00/Gm.",,Sale,0,1,0
2225,2,J22103002123,102,103,331,102,102,103,2.88,0.0,2.88,5650.0,0.0,0.0,2174.6,0.0,0.0,0.0,0.0,0.0,18446.6,0.0,18446.6,553.4,19000.0,"Net Wt: 2.880 Gm.@Rate 5,650.00/Gm.",,Sale,0,1,0
2225,3,F23103002670,102,103,102,102,102,103,3.28,0.0,3.28,5650.0,0.0,0.0,2438.87,0.0,0.0,0.0,0.0,0.0,20970.87,0.0,20970.87,629.12,21600.0,"Net Wt: 3.280 Gm.@Rate 5,650.00/Gm.",,Sale,0,1,0
2225,4,I23104000818,102,104,119,121,109,111,135.3,0.0,135.3,65.0,0.0,0.0,4312.3,0.0,0.0,0.0,0.0,0.0,13106.8,0.0,13106.8,393.2,13500.0,Net Wt: 135.300 Gm.@Rate 65.00/Gm.,,Sale,0,1,0
2226,1,H23103002728,102,103,102,102,102,103,1.32,0.0,1.32,5690.0,0.0,0.0,1129.98,0.0,0.0,0.0,0.0,0.0,8640.78,0.0,8640.78,259.22,8900.0,"Net Wt: 1.320 Gm.@Rate 5,690.00/Gm.",,Sale,0,1,0
2227,1,O22103002374,102,103,112,102,102,103,11.63,0.0,11.63,5650.0,0.0,0.0,6135.16,0.0,0.0,0.0,0.0,0.0,71844.66,0.0,71844.66,2155.34,74000.0,"Net Wt: 11.630 Gm.@Rate 5,650.00/Gm.",,Sale,0,1,0
2227,2,H23103002845,102,103,101,102,102,103,5.36,0.0,5.36,5650.0,0.0,0.0,2725.71,0.0,0.0,0.0,0.0,0.0,33009.71,0.0,33009.71,990.3,34000.0,"Net Wt: 5.360 Gm.@Rate 5,650.00/Gm.",,Sale,0,1,0
2307,1,H23103002754,102,103,331,102,102,103,2.51,0.0,2.51,5690.0,0.0,0.0,81.13,0.0,0.0,0.0,0.0,200.0,14563.03,0.0,14563.03,436.9,14999.92,"Net Wt: 2.510 Gm.@Rate 5,690.00/Gm.",,Sale,0,1,0
2309,1,L23104000838,102,104,119,121,109,111,105.3,0.0,105.3,65.0,0.0,0.0,1893.36,0.0,0.0,0.0,0.0,0.0,8737.86,0.0,8737.86,262.14,9000.0,Net Wt: 105.300 Gm.@Rate 65.00/Gm.,,Sale,0,1,0
2310,1,L23104000839,102,104,119,121,109,111,32.3,0.0,32.3,65.0,0.0,0.0,813.12,0.0,0.0,0.0,0.0,0.0,2912.62,0.0,2912.62,87.38,3000.0,Net Wt: 32.300 Gm.@Rate 65.00/Gm.,,Sale,0,1,0
2311,1,L23104000840,102,104,122,124,109,111,45.3,0.0,45.3,65.0,0.0,0.0,1812.78,0.0,0.0,0.0,0.0,0.0,4757.28,0.0,4757.28,142.72,4900.0,Net Wt: 45.300 Gm.@Rate 65.00/Gm.,,Sale,0,1,0
2312,1,J23103002962,102,103,116,102,102,103,1.25,0.0,1.25,5690.0,0.0,0.0,1139.93,0.0,0.0,0.0,0.0,0.0,8252.43,0.0,8252.43,247.58,8500.0,"Net Wt: 1.250 Gm.@Rate 5,690.00/Gm.",,Sale,0,1,0
2312,2,J22103002220,102,103,116,102,102,103,1.45,0.0,1.45,5690.0,0.0,0.0,487.36,0.0,0.0,0.0,0.0,0.0,8737.86,0.0,8737.86,262.14,9000.0,"Net Wt: 1.450 Gm.@Rate 5,690.00/Gm.",,Sale,0,1,0
2313,1,P22103002502,102,103,116,102,102,103,1.22,0.0,1.22,5690.0,0.0,0.0,825.0,0.0,0.0,0.0,0.0,0.0,7766.99,0.0,7766.99,233.0,8000.0,"Net Wt: 1.220 Gm.@Rate 5,690.00/Gm.",,Sale,0,1,0
2313,2,I23103002909,102,103,103,102,103,104,0.65,0.0,0.65,5690.0,0.0,0.0,961.69,0.0,0.0,0.0,0.0,0.0,4660.19,0.0,4660.19,139.8,4800.0,"Net Wt: 0.650 Gm.@Rate 5,690.00/Gm.",,Sale,0,1,0
2314,1,L23104000841,102,104,353,102,109,111,24.9,0.0,24.9,65.0,0.0,0.0,905.77,0.0,0.0,0.0,0.0,0.0,2524.27,0.0,2524.27,75.72,2600.0,Net Wt: 24.900 Gm.@Rate 65.00/Gm.,,Sale,0,1,0
2315,1,L23104000842,102,104,289,102,109,111,55.9,0.0,55.9,65.0,0.0,0.0,2385.92,0.0,0.0,0.0,0.0,0.0,6019.42,0.0,6019.42,180.58,6200.0,Net Wt: 55.900 Gm.@Rate 65.00/Gm.,,Sale,0,1,0
2316,1,L23104000843,102,104,119,121,109,111,27.8,0.0,27.8,65.0,0.0,0.0,620.18,0.0,0.0,0.0,0.0,0.0,2427.18,0.0,2427.18,72.82,2500.0,Net Wt: 27.800 Gm.@Rate 65.00/Gm.,,Sale,0,1,0
2317,1,J23103002933,102,103,235,102,102,103,3.53,0.0,3.53,5690.0,0.0,0.0,885.17,0.0,0.0,0.0,0.0,0.0,20970.87,0.0,20970.87,629.12,21600.0,"Net Wt: 3.530 Gm.@Rate 5,690.00/Gm.",,Sale,0,1,0
2318,1,L23104000844,102,104,353,102,109,111,61.2,0.0,61.2,65.0,0.0,0.0,1944.33,0.0,0.0,0.0,0.0,0.0,5922.33,0.0,5922.33,177.66,6100.0,Net Wt: 61.200 Gm.@Rate 65.00/Gm.,,Sale,0,1,0
2243,1,I23103002908,102,103,103,102,103,104,0.72,0.0,0.72,5500.0,0.0,0.0,894.56,0.0,0.0,0.0,0.0,0.0,4854.56,0.0,4854.56,145.64,5000.2,"Net Wt: 0.720 Gm.@Rate 5,500.00/Gm.",,Sale,0,1,0
2243,2,I23103002874,102,103,407,102,103,104,4.86,0.0,4.86,5500.0,0.0,0.0,454.47,0.0,0.0,0.0,0.0,0.0,27184.47,0.0,27184.47,815.54,28000.0,"Net Wt: 4.860 Gm.@Rate 5,500.00/Gm.",,Sale,0,1,0
2244,1,I22103001978,102,103,102,102,102,103,3.85,0.0,3.85,5690.0,0.0,0.0,3335.88,0.0,0.0,0.0,0.0,0.0,25242.38,0.0,25242.38,757.28,25999.65,"Net Wt: 3.850 Gm.@Rate 5,690.00/Gm.",,Sale,0,1,0
2244,2,H23103002764,102,103,331,102,102,103,4.8,0.0,4.8,5690.0,0.0,0.0,2785.22,0.0,0.0,0.0,0.0,0.0,30097.22,0.0,30097.22,902.92,31000.14,"Net Wt: 4.800 Gm.@Rate 5,690.00/Gm.",,Sale,0,1,0
2244,3,I23104000822,102,104,119,121,109,111,62.0,0.0,62.0,65.0,0.0,0.0,1309.81,0.0,0.0,0.0,0.0,0.0,5339.81,0.0,5339.81,160.2,5500.0,Net Wt: 62.000 Gm.@Rate 65.00/Gm.,,Sale,0,1,0
2251,1,J23103002912,102,103,169,102,102,129,0.4,0.0,0.4,5790.0,0.0,0.0,499.53,0.0,0.0,0.0,0.0,0.0,2815.53,0.0,2815.53,84.46,2900.0,"Net Wt: 0.400 Gm.@Rate 5,790.00/Gm.",,Sale,0,1,0
2252,1,J23104000824,102,104,346,102,109,111,54.3,0.0,54.3,68.0,0.0,0.0,1161.97,0.0,0.0,0.0,0.0,0.0,4854.37,0.0,4854.37,145.64,5000.0,Net Wt: 54.300 Gm.@Rate 68.00/Gm.,,Sale,0,1,0
2253,1,F23103002642,102,103,110,102,102,103,2.1,0.0,2.1,5690.0,0.0,0.0,1428.67,0.0,0.0,0.0,0.0,700.0,14077.67,0.0,14077.67,422.34,14500.0,"Net Wt: 2.100 Gm.@Rate 5,690.00/Gm.",,Sale,0,1,0
2254,1,N22103002364,102,103,407,102,102,129,1.61,0.0,1.61,5500.0,0.0,0.0,1139.17,0.0,0.0,0.0,0.0,200.0,10194.17,0.0,10194.17,305.82,10500.0,"Net Wt: 1.610 Gm.@Rate 5,500.00/Gm.",,Sale,0,1,0
2257,1,I22103002100,102,103,235,102,102,103,6.39,0.0,6.39,5690.0,0.0,0.0,3632.16,0.0,0.0,0.0,0.0,300.0,40291.26,0.0,40291.26,1208.74,41500.0,"Net Wt: 6.390 Gm.@Rate 5,690.00/Gm.",,Sale,0,1,0
2258,1,F23103002662,102,103,101,102,102,103,15.94,0.0,15.94,5680.0,0.0,0.0,8775.36,0.0,0.0,0.0,0.0,200.0,99514.56,0.0,99514.56,2985.44,102500.0,"Net Wt: 15.940 Gm.@Rate 5,680.00/Gm.",,Sale,0,1,0
2258,2,J23103002913,102,103,105,102,102,103,3.17,0.0,3.17,5690.0,0.0,0.0,1665.61,0.0,0.0,0.0,0.0,200.0,19902.91,0.0,19902.91,597.08,20500.0,"Net Wt: 3.170 Gm.@Rate 5,690.00/Gm.",,Sale,0,1,0
2258,3,J22103002142,102,103,112,102,102,103,11.77,0.0,11.77,5690.0,0.0,0.0,6129.67,0.0,0.0,0.0,0.0,200.0,73300.97,0.0,73300.97,2199.02,75500.0,"Net Wt: 11.770 Gm.@Rate 5,690.00/Gm.",,Return,0,1,0
2259,1,H23103002847,102,103,101,102,102,103,4.8,0.0,4.8,5690.0,0.0,0.0,1328.78,0.0,0.0,0.0,0.0,0.0,28640.78,0.0,28640.78,859.22,29500.0,"Net Wt: 4.800 Gm.@Rate 5,690.00/Gm.",,Sale,0,1,0
2264,1,J22103002142,102,103,112,102,102,103,11.77,0.0,11.77,5590.0,0.0,0.0,4302.66,0.0,0.0,0.0,0.0,0.0,70096.96,0.0,70096.96,2102.9,72199.87,"Net Wt: 11.770 Gm.@Rate 5,590.00/Gm.",,Sale,0,1,0
2264,2,J23103002958,102,103,116,102,102,103,1.05,0.0,1.05,5590.0,0.0,0.0,441.18,0.0,0.0,0.0,0.0,0.0,6310.68,0.0,6310.68,189.32,6500.0,"Net Wt: 1.050 Gm.@Rate 5,590.00/Gm.",,Sale,0,1,0
2319,1,L23104000845,102,104,353,102,109,111,11.7,0.0,11.7,65.0,0.0,0.0,598.72,0.0,0.0,0.0,0.0,0.0,1359.22,0.0,1359.22,40.78,1400.0,Net Wt: 11.700 Gm.@Rate 65.00/Gm.,,Sale,0,1,0
2320,1,L23103002975,102,103,113,102,102,103,4.01,0.0,4.01,5690.0,0.0,0.0,1454.94,0.0,0.0,0.0,0.0,0.0,24271.84,0.0,24271.84,728.16,25000.0,"Net Wt: 4.010 Gm.@Rate 5,690.00/Gm.",,Sale,0,1,0
2321,1,L23103002976,102,103,112,102,102,103,10.46,0.0,10.46,5450.0,0.0,0.0,5028.92,0.0,0.0,0.0,0.0,100.0,62135.92,0.0,62135.92,1864.08,64000.0,"Net Wt: 10.460 Gm.@Rate 5,450.00/Gm.",,Sale,0,1,0
2322,1,F20103000887,102,103,112,102,102,103,13.07,0.0,13.07,5550.0,0.0,0.0,7844.02,0.0,0.0,0.0,0.0,200.0,80582.52,0.0,80582.52,2417.48,83000.0,"Net Wt: 13.070 Gm.@Rate 5,550.00/Gm.",,Sale,0,1,0
2323,1,I22103002065,102,103,114,102,102,103,10.88,0.0,10.88,5550.0,0.0,0.0,6406.29,0.0,0.0,0.0,0.0,200.0,66990.29,0.0,66990.29,2009.7,69000.0,"Net Wt: 10.880 Gm.@Rate 5,550.00/Gm.",,Sale,0,1,0
2324,1,M23104000846,102,104,119,121,109,111,24.35,0.0,24.35,65.0,0.0,0.0,1038.61,0.0,0.0,0.0,0.0,0.0,2621.36,0.0,2621.36,78.64,2700.0,Net Wt: 24.350 Gm.@Rate 65.00/Gm.,,Sale,0,1,0
2325,1,M23104000847,102,104,119,121,109,111,18.75,0.0,18.75,70.0,0.0,0.0,920.51,0.0,0.0,0.0,0.0,0.0,2233.01,0.0,2233.01,67.0,2300.0,Net Wt: 18.750 Gm.@Rate 70.00/Gm.,,Sale,0,1,0
2326,1,M23104000848,102,104,119,121,109,111,29.32,0.0,29.32,70.0,0.0,0.0,860.22,0.0,0.0,0.0,0.0,0.0,2912.62,0.0,2912.62,87.38,3000.0,Net Wt: 29.320 Gm.@Rate 70.00/Gm.,,Sale,0,1,0
2327,1,J23103002922,102,103,102,102,102,103,4.65,0.0,4.65,5550.0,0.0,0.0,2347.84,0.0,0.0,0.0,0.0,0.0,28155.34,0.0,28155.34,844.66,29000.0,"Net Wt: 4.650 Gm.@Rate 5,550.00/Gm.",,Sale,0,1,0
2328,1,M23104000849,102,104,119,121,109,111,38.3,0.0,38.3,70.0,0.0,0.0,522.88,0.0,0.0,0.0,0.0,0.0,3203.88,0.0,3203.88,96.12,3300.0,Net Wt: 38.300 Gm.@Rate 70.00/Gm.,,Sale,0,1,0
2329,1,M23103002977,102,103,169,102,102,103,0.12,0.0,0.12,5505.0,0.0,0.0,164.64,0.0,0.0,0.0,0.0,0.0,825.24,0.0,825.24,24.76,850.0,"Net Wt: 0.120 Gm.@Rate 5,505.00/Gm.",,Sale,0,1,0
2330,1,M23104000850,102,104,119,121,109,111,28.9,0.0,28.9,70.0,0.0,0.0,889.62,0.0,0.0,0.0,0.0,0.0,2912.62,0.0,2912.62,87.38,3000.0,Net Wt: 28.900 Gm.@Rate 70.00/Gm.,,Sale,0,1,0
2331,1,M23103002978,102,103,169,102,102,103,0.25,0.0,0.25,5505.0,0.0,0.0,759.67,0.0,0.0,0.0,0.0,0.0,2135.92,0.0,2135.92,64.08,2200.0,"Net Wt: 0.250 Gm.@Rate 5,505.00/Gm.",,Sale,0,1,0
2297,2,I23103002879,102,103,407,102,103,104,1.13,0.0,1.13,5590.0,0.0,0.0,959.18,0.0,0.0,0.0,0.0,200.0,7475.88,0.0,7475.88,224.28,7700.16,"Net Wt: 1.130 Gm.@Rate 5,590.00/Gm.",,Sale,0,1,0
2307,2,J23103002959,102,103,116,102,102,103,0.76,0.0,0.76,5690.0,0.0,0.0,329.83,0.0,0.0,0.0,0.0,200.0,4854.23,0.0,4854.23,145.62,4999.86,"Net Wt: 0.760 Gm.@Rate 5,690.00/Gm.",,Sale,0,1,0
2332,1,F23103002612,102,103,112,102,102,103,11.21,0.0,11.21,5505.0,0.0,0.0,6250.12,0.0,0.0,0.0,0.0,0.0,67961.17,0.0,67961.17,2038.84,70000.01,"Net Wt: 11.210 Gm.@Rate 5,505.00/Gm.",,Sale,0,1,0
2333,1,I23103002863,102,103,235,102,102,103,3.45,0.0,3.45,5505.0,0.0,0.0,3532.02,0.0,0.0,0.0,0.0,0.0,22524.27,0.0,22524.27,675.72,23200.0,"Net Wt: 3.450 Gm.@Rate 5,505.00/Gm.",,Sale,0,1,0
2334,2,J22103002136,102,103,235,102,102,103,4.26,0.0,4.26,5505.0,0.0,0.0,3248.0,0.0,0.0,0.0,0.0,0.0,26699.17,0.0,26699.17,800.98,27500.15,"Net Wt: 4.260 Gm.@Rate 5,505.00/Gm.",,Sale,0,1,0
2335,1,M23104000851,102,104,119,121,109,111,35.4,0.0,35.4,70.0,0.0,0.0,920.06,0.0,0.0,0.0,0.0,0.0,3398.06,0.0,3398.06,101.94,3500.0,Net Wt: 35.400 Gm.@Rate 70.00/Gm.,,Sale,0,1,0
2336,1,H23103002783,102,103,235,102,102,103,6.04,0.0,6.04,5505.0,0.0,0.0,2186.69,0.0,0.0,0.0,0.0,0.0,35436.89,0.0,35436.89,1063.1,36500.0,"Net Wt: 6.040 Gm.@Rate 5,505.00/Gm.",,Sale,0,1,0
2337,1,M23104000852,102,104,351,102,109,111,8.6,0.0,8.6,70.0,0.0,0.0,203.83,0.0,0.0,0.0,0.0,0.0,805.83,0.0,805.83,24.18,830.0,Net Wt: 8.600 Gm.@Rate 70.00/Gm.,,Sale,0,1,0
2338,1,M23103002979,102,103,112,102,102,103,7.18,0.0,7.18,5650.0,0.0,0.0,4869.89,0.0,0.0,0.0,0.0,0.0,45436.89,0.0,45436.89,1363.1,46800.0,"Net Wt: 7.180 Gm.@Rate 5,650.00/Gm.",,Sale,0,1,0
2339,1,F20103001025,102,103,110,102,102,103,2.67,0.0,2.67,5600.0,0.0,0.0,3009.17,0.0,0.0,0.0,0.0,0.0,17961.17,0.0,17961.17,538.84,18500.01,"Net Wt: 2.670 Gm.@Rate 5,600.00/Gm.",,Sale,0,1,0
2340,1,J23103002939,102,103,235,102,102,103,2.9,0.0,2.9,5505.0,0.0,0.0,2185.18,0.0,0.0,0.0,0.0,200.0,18349.68,0.0,18349.68,550.5,18900.17,"Net Wt: 2.900 Gm.@Rate 5,505.00/Gm.",,Sale,0,1,0
2340,2,N21103001677,102,103,235,102,102,103,2.9,0.0,2.9,5505.0,0.0,0.0,2185.18,0.0,0.0,0.0,0.0,200.0,18349.68,0.0,18349.68,550.5,18900.17,"Net Wt: 2.900 Gm.@Rate 5,505.00/Gm.",,Sale,0,1,0
2340,3,M23103002980,102,103,102,102,102,103,1.2,0.0,1.2,5505.0,0.0,0.0,863.9,0.0,0.0,0.0,0.0,200.0,7669.9,0.0,7669.9,230.1,7900.0,"Net Wt: 1.200 Gm.@Rate 5,505.00/Gm.",,Sale,0,1,0
2341,1,M23103002981,102,103,235,102,102,103,2.38,0.0,2.38,5590.0,0.0,0.0,1258.91,0.0,0.0,0.0,0.0,0.0,14563.11,0.0,14563.11,436.9,15000.0,"Net Wt: 2.380 Gm.@Rate 5,590.00/Gm.",,Sale,0,1,0
2342,2,F20103001025,102,103,110,102,102,103,2.67,0.0,2.67,5590.0,0.0,0.0,3035.87,0.0,0.0,0.0,0.0,0.0,17961.17,0.0,17961.17,538.84,18500.01,"Net Wt: 2.670 Gm.@Rate 5,590.00/Gm.",,Return,0,1,0
2343,1,M23104000853,102,104,122,124,109,111,36.0,0.0,36.0,70.0,0.0,0.0,975.15,0.0,0.0,0.0,0.0,0.0,3495.15,0.0,3495.15,104.86,3600.0,Net Wt: 36.000 Gm.@Rate 70.00/Gm.,,Sale,0,1,0
2344,1,M23104000854,102,104,120,122,109,111,15.3,0.0,15.3,65.0,0.0,0.0,267.64,0.0,0.0,0.0,0.0,0.0,1262.14,0.0,1262.14,37.86,1300.0,Net Wt: 15.300 Gm.@Rate 65.00/Gm.,,Sale,0,1,0
2345,1,M23104000855,102,104,119,121,109,111,33.3,0.0,33.3,65.0,0.0,0.0,748.12,0.0,0.0,0.0,0.0,0.0,2912.62,0.0,2912.62,87.38,3000.0,Net Wt: 33.300 Gm.@Rate 65.00/Gm.,,Sale,0,1,0
2346,1,M23103002982,102,103,113,102,102,103,4.1,0.0,4.1,5590.0,0.0,0.0,2906.24,0.0,0.0,0.0,0.0,0.0,25825.24,0.0,25825.24,774.76,26600.0,"Net Wt: 4.100 Gm.@Rate 5,590.00/Gm.",,Sale,0,1,0
2347,1,M23104000856,102,104,119,121,109,111,42.3,0.0,42.3,65.0,0.0,0.0,939.82,0.0,0.0,0.0,0.0,0.0,3689.32,0.0,3689.32,110.68,3800.0,Net Wt: 42.300 Gm.@Rate 65.00/Gm.,,Sale,0,1,0
2348,1,M23104000857,102,104,119,121,109,111,26.82,0.0,26.82,70.0,0.0,0.0,938.13,0.0,0.0,0.0,0.0,0.0,2815.53,0.0,2815.53,84.46,2900.0,Net Wt: 26.820 Gm.@Rate 70.00/Gm.,,Sale,0,1,0
2349,1,M23104000858,102,104,119,121,109,111,95.3,0.0,95.3,65.0,0.0,0.0,2446.28,0.0,0.0,0.0,0.0,0.0,8640.78,0.0,8640.78,259.22,8900.0,Net Wt: 95.300 Gm.@Rate 65.00/Gm.,,Sale,0,1,0
2350,1,M22103002257,102,103,338,102,102,103,2.53,0.0,2.53,5590.0,0.0,0.0,1876.72,0.0,0.0,0.0,0.0,0.0,16019.42,0.0,16019.42,480.58,16500.0,"Net Wt: 2.530 Gm.@Rate 5,590.00/Gm.",,Sale,0,1,0
2351,1,M23103002983,102,103,235,102,102,103,2.09,0.0,2.09,5690.0,0.0,0.0,1214.7,0.0,0.0,0.0,0.0,0.0,13106.8,0.0,13106.8,393.2,13500.0,"Net Wt: 2.090 Gm.@Rate 5,690.00/Gm.",,Sale,0,1,0
2351,2,M23104000859,102,104,351,102,109,111,5.1,0.0,5.1,70.0,0.0,0.0,128.44,0.0,0.0,0.0,0.0,0.0,485.44,0.0,485.44,14.56,500.0,Net Wt: 5.100 Gm.@Rate 70.00/Gm.,,Sale,0,1,0
2352,1,H23103002743,102,103,102,102,102,103,2.41,0.0,2.41,5650.0,0.0,0.0,1917.48,0.0,0.0,0.0,0.0,0.0,15533.98,0.0,15533.98,466.02,16000.0,"Net Wt: 2.410 Gm.@Rate 5,650.00/Gm.",,Sale,0,1,0
2353,1,M23104000860,102,104,119,121,109,111,23.5,0.0,23.5,70.0,0.0,0.0,665.68,0.0,0.0,0.0,0.0,0.0,2310.68,0.0,2310.68,69.32,2380.0,Net Wt: 23.500 Gm.@Rate 70.00/Gm.,,Sale,0,1,0
2354,1,M23103002984,102,103,116,102,102,103,0.97,0.0,0.97,5650.0,0.0,0.0,247.66,0.0,0.0,0.0,0.0,0.0,5728.16,0.0,5728.16,171.84,5900.0,"Net Wt: 0.970 Gm.@Rate 5,650.00/Gm.",,Sale,0,1,0
2355,1,M23104000861,102,104,289,102,109,111,23.2,0.0,23.2,70.0,0.0,0.0,706.1,0.0,0.0,0.0,0.0,0.0,2330.1,0.0,2330.1,69.9,2400.0,Net Wt: 23.200 Gm.@Rate 70.00/Gm.,,Sale,0,1,0
2281,1,J23104000831,102,104,119,121,109,111,146.9,0.0,146.9,73.0,0.0,0.0,4810.28,0.0,0.0,0.0,0.0,0.0,15533.98,0.0,15533.98,466.02,16000.0,Net Wt: 146.900 Gm.@Rate 73.00/Gm.,,Sale,0,1,0
2295,1,J23104000834,102,104,346,102,109,111,37.55,0.0,37.55,65.0,0.0,0.0,860.22,0.0,0.0,0.0,0.0,0.0,3300.97,0.0,3300.97,99.02,3400.0,Net Wt: 37.550 Gm.@Rate 65.00/Gm.,,Sale,0,1,0
2355,2,M23104000862,102,104,351,102,109,111,21.3,0.0,21.3,70.0,0.0,0.0,547.83,0.0,0.0,0.0,0.0,0.0,2038.83,0.0,2038.83,61.16,2100.0,Net Wt: 21.300 Gm.@Rate 70.00/Gm.,,Sale,0,1,0
2356,1,M23104000863,102,104,353,102,109,111,27.0,0.0,27.0,70.0,0.0,0.0,2964.37,0.0,0.0,0.0,0.0,0.0,4854.37,0.0,4854.37,145.64,5000.0,Net Wt: 27.000 Gm.@Rate 70.00/Gm.,,Sale,0,1,0
2357,1,J23103002955,102,103,116,102,102,103,0.62,0.0,0.62,5650.0,0.0,0.0,477.58,0.0,0.0,0.0,0.0,0.0,3980.58,0.0,3980.58,119.42,4100.0,"Net Wt: 0.620 Gm.@Rate 5,650.00/Gm.",,Sale,0,1,0
2358,1,H23103002759,102,103,331,102,102,103,2.45,0.0,2.45,5690.0,0.0,0.0,1102.22,0.0,0.0,0.0,0.0,200.0,15242.72,0.0,15242.72,457.28,15700.0,"Net Wt: 2.450 Gm.@Rate 5,690.00/Gm.",,Sale,0,1,0
2362,1,P22103002496,102,103,110,102,102,103,3.29,0.0,3.29,5390.0,0.0,0.0,2155.25,0.0,0.0,0.0,0.0,500.0,20388.35,0.0,20388.35,611.66,21000.0,"Net Wt: 3.290 Gm.@Rate 5,390.00/Gm.",,Sale,0,1,0
2363,1,N23104000867,102,104,351,102,109,111,29.5,0.0,29.5,75.0,0.0,0.0,2059.34,0.0,0.0,0.0,0.0,0.0,4271.84,0.0,4271.84,128.16,4400.0,Net Wt: 29.500 Gm.@Rate 75.00/Gm.,,Sale,0,1,0
2298,1,H23103002839,102,103,102,102,102,103,5.79,0.0,5.79,5590.0,0.0,0.0,4521.18,0.0,0.0,0.0,0.0,200.0,37087.28,0.0,37087.28,1112.62,38199.9,"Net Wt: 5.790 Gm.@Rate 5,590.00/Gm.",,Sale,0,1,0
2364,1,P19103000776,102,103,101,102,102,103,22.43,0.0,22.43,5390.0,0.0,0.0,12882.88,0.0,0.0,0.0,0.0,200.0,133980.58,0.0,133980.58,4019.42,138000.0,"Net Wt: 22.430 Gm.@Rate 5,390.00/Gm.",,Sale,0,1,0
2364,2,H23103002854,102,103,112,102,102,103,7.6,0.0,7.6,5390.0,0.0,0.0,4467.07,0.0,0.0,0.0,0.0,200.0,45631.07,0.0,45631.07,1368.94,47000.0,"Net Wt: 7.600 Gm.@Rate 5,390.00/Gm.",,Sale,0,1,0
2371,1,N23103003001,102,103,114,102,102,103,9.46,0.0,9.46,5550.0,0.0,0.0,4098.94,0.0,0.0,0.0,0.0,0.0,56601.94,0.0,56601.94,1698.06,58300.0,"Net Wt: 9.460 Gm.@Rate 5,550.00/Gm.",,Sale,0,1,0
2372,1,N23103003023,102,103,235,102,102,103,4.27,0.0,4.27,5590.0,0.0,0.0,2926.82,0.0,0.0,0.0,0.0,0.0,26796.12,0.0,26796.12,803.88,27600.0,"Net Wt: 4.270 Gm.@Rate 5,590.00/Gm.",,Sale,0,1,0
2372,2,N23103003053,102,103,169,102,102,103,0.3,0.0,0.3,5590.0,0.0,0.0,1235.62,0.0,0.0,0.0,0.0,0.0,2912.62,0.0,2912.62,87.38,3000.0,"Net Wt: 0.300 Gm.@Rate 5,590.00/Gm.",,Sale,0,1,0
2372,3,N23104000868,102,104,119,121,109,111,56.5,0.0,56.5,70.0,0.0,0.0,2549.85,0.0,0.0,0.0,0.0,0.0,6504.85,0.0,6504.85,195.14,6700.0,Net Wt: 56.500 Gm.@Rate 70.00/Gm.,,Sale,0,1,0
2373,1,P22103002493,102,103,110,102,102,103,2.1,0.0,2.1,5590.0,0.0,0.0,1253.23,0.0,0.0,0.0,0.0,600.0,13592.23,0.0,13592.23,407.76,14000.0,"Net Wt: 2.100 Gm.@Rate 5,590.00/Gm.",,Sale,0,1,0
2373,2,N23103003054,102,103,113,102,102,103,4.9,0.0,4.9,5590.0,0.0,0.0,1735.21,0.0,0.0,0.0,0.0,0.0,29126.21,0.0,29126.21,873.78,30000.0,"Net Wt: 4.900 Gm.@Rate 5,590.00/Gm.",,Sale,0,1,0
2373,4,N23103003055,102,103,109,102,102,103,4.6,0.0,4.6,5590.0,0.0,0.0,2441.34,0.0,0.0,0.0,0.0,0.0,28155.34,0.0,28155.34,844.66,29000.0,"Net Wt: 4.600 Gm.@Rate 5,590.00/Gm.",,Sale,0,1,0
2374,1,H23103002778,102,103,235,102,102,103,8.2,0.0,8.2,5590.0,0.0,0.0,2705.69,0.0,0.0,0.0,0.0,0.0,48543.69,0.0,48543.69,1456.32,50000.0,"Net Wt: 8.200 Gm.@Rate 5,590.00/Gm.",,Sale,0,1,0
2374,2,H23103002749,102,103,331,102,102,103,3.7,0.0,3.7,5590.0,0.0,0.0,2617.97,0.0,0.0,0.0,0.0,0.0,23300.97,0.0,23300.97,699.02,24000.0,"Net Wt: 3.700 Gm.@Rate 5,590.00/Gm.",,Sale,0,1,0
2374,3,H23103002773,102,103,110,102,102,103,5.52,0.0,5.52,5590.0,0.0,0.0,5036.4,0.0,0.0,0.0,0.0,1000.0,36893.2,0.0,36893.2,1106.8,38000.0,"Net Wt: 5.520 Gm.@Rate 5,590.00/Gm.",,Sale,0,1,0
2374,4,H23103002842,102,103,331,102,102,103,2.41,0.0,2.41,5590.0,0.0,0.0,1576.64,0.0,0.0,0.0,0.0,0.0,15048.54,0.0,15048.54,451.46,15500.0,"Net Wt: 2.410 Gm.@Rate 5,590.00/Gm.",,Sale,0,1,0
2375,1,O20103001339,102,103,101,102,102,103,24.06,0.0,24.06,5590.0,0.0,0.0,11136.13,0.0,0.0,0.0,0.0,0.0,145631.53,0.0,145631.53,4368.94,150000.48,"Net Wt: 24.060 Gm.@Rate 5,590.00/Gm.",,Sale,0,1,0
2375,3,N23103003056,102,103,169,102,102,103,0.1,0.0,0.1,4790.0,0.0,0.0,394.79,0.0,0.0,0.0,0.0,0.0,873.79,0.0,873.79,26.22,900.0,"Net Wt: 0.100 Gm.@Rate 4,790.00/Gm.",,Sale,0,1,0
2375,4,N23104000869,102,104,119,121,109,111,32.3,0.0,32.3,70.0,0.0,0.0,651.62,0.0,0.0,0.0,0.0,0.0,2912.62,0.0,2912.62,87.38,3000.0,Net Wt: 32.300 Gm.@Rate 70.00/Gm.,,Sale,0,1,0
2376,1,N23103003057,102,103,113,102,102,103,3.2,0.0,3.2,5590.0,0.0,0.0,2500.35,0.0,0.0,0.0,0.0,0.0,20388.35,0.0,20388.35,611.66,21000.0,"Net Wt: 3.200 Gm.@Rate 5,590.00/Gm.",,Sale,0,1,0
2377,1,N23104000870,102,104,119,121,109,111,45.8,0.0,45.8,70.0,0.0,0.0,1065.84,0.0,0.0,0.0,0.0,0.0,4271.84,0.0,4271.84,128.16,4400.0,Net Wt: 45.800 Gm.@Rate 70.00/Gm.,,Sale,0,1,0
2378,1,N23104000871,102,104,119,121,109,111,48.3,0.0,48.3,70.0,0.0,0.0,1929.68,0.0,0.0,0.0,0.0,0.0,5310.68,0.0,5310.68,159.32,5470.0,Net Wt: 48.300 Gm.@Rate 70.00/Gm.,,Sale,0,1,0
2379,1,N23104000872,102,104,119,121,109,111,45.3,0.0,45.3,70.0,0.0,0.0,1586.28,0.0,0.0,0.0,0.0,0.0,4757.28,0.0,4757.28,142.72,4900.0,Net Wt: 45.300 Gm.@Rate 70.00/Gm.,,Sale,0,1,0
2300,1,P22103002499,102,103,110,102,102,103,1.57,0.0,1.57,5550.0,0.0,0.0,786.5,0.0,0.0,0.0,0.0,500.0,10000.0,0.0,10000.0,300.0,10300.0,"Net Wt: 1.570 Gm.@Rate 5,550.00/Gm.",,Sale,0,1,0
2300,2,J22103002113,102,103,331,102,102,103,1.51,0.0,1.51,5550.0,0.0,0.0,745.71,0.0,0.0,0.0,0.0,0.0,9126.21,0.0,9126.21,273.78,9400.0,"Net Wt: 1.510 Gm.@Rate 5,550.00/Gm.",,Sale,0,1,0
2360,1,F23103002567,102,103,103,102,102,103,2.37,0.0,2.37,5590.0,0.0,0.0,1023.54,0.0,0.0,0.0,0.0,0.0,14271.84,0.0,14271.84,428.16,14700.0,"Net Wt: 2.370 Gm.@Rate 5,590.00/Gm.",,Sale,0,1,0
2360,2,M23103002986,102,103,110,102,102,103,7.9,0.0,7.9,5590.0,0.0,0.0,4182.69,0.0,0.0,0.0,0.0,200.0,48543.69,0.0,48543.69,1456.32,50000.0,"Net Wt: 7.900 Gm.@Rate 5,590.00/Gm.",,Sale,0,1,0
2361,1,N22103002316,102,103,374,102,102,103,3.21,0.0,3.21,5390.0,0.0,0.0,1896.16,0.0,0.0,0.0,0.0,200.0,19398.06,0.0,19398.06,581.94,19980.0,"Net Wt: 3.210 Gm.@Rate 5,390.00/Gm.",,Sale,0,1,0
2361,2,N22103002320,102,103,374,102,102,103,2.67,0.0,2.67,5390.0,0.0,0.0,1525.2,0.0,0.0,0.0,0.0,200.0,16116.5,0.0,16116.5,483.5,16600.0,"Net Wt: 2.670 Gm.@Rate 5,390.00/Gm.",,Sale,0,1,0
2361,3,M23104000864,102,104,119,121,109,111,43.2,0.0,43.2,75.0,0.0,0.0,449.32,0.0,0.0,0.0,0.0,0.0,3689.32,0.0,3689.32,110.68,3800.0,Net Wt: 43.200 Gm.@Rate 75.00/Gm.,,Sale,0,1,0
2361,4,M23104000865,102,104,119,121,109,111,32.3,0.0,32.3,75.0,0.0,0.0,295.95,0.0,0.0,0.0,0.0,0.0,2718.45,0.0,2718.45,81.56,2800.0,Net Wt: 32.300 Gm.@Rate 75.00/Gm.,,Sale,0,1,0
2361,5,M23104000866,102,104,119,121,109,111,48.33,0.0,48.33,75.0,0.0,0.0,569.42,0.0,0.0,0.0,0.0,0.0,4194.17,0.0,4194.17,125.82,4320.0,Net Wt: 48.330 Gm.@Rate 75.00/Gm.,,Sale,0,1,0
2380,1,N23104000873,102,104,119,121,109,111,27.58,0.0,27.58,70.0,0.0,0.0,787.85,0.0,0.0,0.0,0.0,0.0,2718.45,0.0,2718.45,81.56,2800.0,Net Wt: 27.580 Gm.@Rate 70.00/Gm.,,Sale,0,1,0
2381,1,J23103002946,102,103,115,102,102,103,1.6,0.0,1.6,5590.0,0.0,0.0,1056.0,0.0,0.0,0.0,0.0,0.0,10000.0,0.0,10000.0,300.0,10300.0,"Net Wt: 1.600 Gm.@Rate 5,590.00/Gm.",,Sale,0,1,0
2382,1,N23104000874,102,104,127,129,109,111,120.0,0.0,120.0,70.0,0.0,0.0,337.86,0.0,0.0,0.0,0.0,0.0,8737.86,0.0,8737.86,262.14,9000.0,Net Wt: 120.000 Gm.@Rate 70.00/Gm.,,Sale,0,1,0
2383,1,N23104000875,102,104,119,121,109,111,16.3,0.0,16.3,70.0,0.0,0.0,509.49,0.0,0.0,0.0,0.0,0.0,1650.49,0.0,1650.49,49.52,1700.0,Net Wt: 16.300 Gm.@Rate 70.00/Gm.,,Sale,0,1,0
2384,1,P22103002461,102,103,102,102,102,103,2.48,0.0,2.48,5590.0,0.0,0.0,2441.65,0.0,0.0,0.0,0.0,200.0,16504.85,0.0,16504.85,495.14,17000.0,"Net Wt: 2.480 Gm.@Rate 5,590.00/Gm.",,Sale,0,1,0
2385,1,N23103003058,102,103,113,102,102,103,4.1,0.0,4.1,5660.0,0.0,0.0,2376.52,0.0,0.0,0.0,0.0,0.0,25582.52,0.0,25582.52,767.48,26350.0,"Net Wt: 4.100 Gm.@Rate 5,660.00/Gm.",,Sale,0,1,0
2386,1,N23103003059,102,103,113,102,102,103,3.9,0.0,3.9,5650.0,0.0,0.0,2236.84,0.0,0.0,0.0,0.0,0.0,24271.84,0.0,24271.84,728.16,25000.0,"Net Wt: 3.900 Gm.@Rate 5,650.00/Gm.",,Sale,0,1,0
2387,1,N23103003060,102,103,102,102,102,103,3.31,0.0,3.31,5750.0,0.0,0.0,1741.29,0.0,0.0,0.0,0.0,100.0,20873.79,0.0,20873.79,626.22,21500.0,"Net Wt: 3.310 Gm.@Rate 5,750.00/Gm.",,Sale,0,1,0
2388,1,H23103002705,102,103,112,102,102,103,11.22,0.0,11.22,5790.0,0.0,0.0,6195.42,0.0,0.0,0.0,0.0,200.0,71359.22,0.0,71359.22,2140.78,73500.0,"Net Wt: 11.220 Gm.@Rate 5,790.00/Gm.",,Sale,0,1,0
2389,1,H23103002837,102,103,101,102,102,103,9.72,0.0,9.72,5790.0,0.0,0.0,5365.86,0.0,0.0,0.0,0.0,200.0,61844.66,0.0,61844.66,1855.34,63700.0,"Net Wt: 9.720 Gm.@Rate 5,790.00/Gm.",,Sale,0,1,0
2389,2,I22103002096,102,103,110,102,102,103,4.71,0.0,4.71,5790.0,0.0,0.0,2597.06,0.0,0.0,0.0,0.0,1200.0,31067.96,0.0,31067.96,932.04,32000.0,"Net Wt: 4.710 Gm.@Rate 5,790.00/Gm.",,Sale,0,1,0
2389,3,P22103002498,102,103,110,102,102,103,2.53,0.0,2.53,5790.0,0.0,0.0,1432.85,0.0,0.0,0.0,0.0,1200.0,17281.55,0.0,17281.55,518.44,17800.0,"Net Wt: 2.530 Gm.@Rate 5,790.00/Gm.",,Sale,0,1,0
2389,4,N23103002999,102,103,331,102,102,103,1.07,0.0,1.07,5790.0,0.0,0.0,594.99,0.0,0.0,0.0,0.0,200.0,6990.29,0.0,6990.29,209.7,7200.0,"Net Wt: 1.070 Gm.@Rate 5,790.00/Gm.",,Sale,0,1,0
2389,5,I23103002877,102,103,407,102,103,104,1.07,0.0,1.07,5500.0,0.0,0.0,614.03,0.0,0.0,0.0,0.0,200.0,6699.03,0.0,6699.03,200.98,6900.0,"Net Wt: 1.070 Gm.@Rate 5,500.00/Gm.",,Sale,0,1,0
2389,6,I23103002910,102,103,103,102,103,104,1.09,0.0,1.09,5500.0,0.0,0.0,601.12,0.0,0.0,0.0,0.0,200.0,6796.12,0.0,6796.12,203.88,7000.0,"Net Wt: 1.090 Gm.@Rate 5,500.00/Gm.",,Sale,0,1,0
2390,1,O21103001737,102,103,235,102,102,103,6.55,0.0,6.55,5750.0,0.0,0.0,5055.95,0.0,0.0,0.0,0.0,0.0,42718.45,0.0,42718.45,1281.56,44000.0,"Net Wt: 6.550 Gm.@Rate 5,750.00/Gm.",,Sale,0,1,0
2391,1,F23103002663,102,103,101,102,102,103,9.71,0.0,9.71,5690.0,0.0,0.0,6200.59,0.0,0.0,0.0,0.0,200.0,61650.49,0.0,61650.49,1849.52,63500.0,"Net Wt: 9.710 Gm.@Rate 5,690.00/Gm.",,Sale,0,1,0
2392,1,O23104000876,102,104,353,102,109,111,23.7,0.0,23.7,75.0,0.0,0.0,649.68,0.0,0.0,0.0,0.0,0.0,2427.18,0.0,2427.18,72.82,2500.0,Net Wt: 23.700 Gm.@Rate 75.00/Gm.,,Sale,0,1,0
2393,1,F23103002588,102,103,236,102,102,103,2.69,0.0,2.69,5690.0,0.0,0.0,1969.63,0.0,0.0,0.0,0.0,200.0,17475.73,0.0,17475.73,524.28,18000.0,"Net Wt: 2.690 Gm.@Rate 5,690.00/Gm.",,Sale,0,1,0
2393,2,N23103003025,102,103,235,102,102,103,1.79,0.0,1.79,5690.0,0.0,0.0,2236.26,0.0,0.0,0.0,0.0,200.0,12621.36,0.0,12621.36,378.64,13000.0,"Net Wt: 1.790 Gm.@Rate 5,690.00/Gm.",,Sale,0,1,0
2359,1,M23103002985,102,103,101,102,102,103,7.33,0.0,7.33,5450.0,0.0,0.0,4220.43,0.0,0.0,0.0,0.0,200.0,44368.93,0.0,44368.93,1331.06,45700.0,"Net Wt: 7.330 Gm.@Rate 5,450.00/Gm.",,Sale,0,1,0
2505,4,O23104000954,102,104,128,130,109,111,2.0,0.0,2.0,75.0,0.0,0.0,238.35,0.0,0.0,0.0,0.0,0.0,388.35,0.0,388.35,11.66,400.0,Net Wt: 2.000 Gm.@Rate 75.00/Gm.,,Sale,0,1,0
2395,1,O23104000877,102,104,126,128,109,111,145.2,0.0,145.2,73.0,0.0,0.0,3478.07,0.0,0.0,0.0,0.0,0.0,14077.67,0.0,14077.67,422.34,14500.0,Net Wt: 145.200 Gm.@Rate 73.00/Gm.,,Sale,0,1,0
2396,1,O23103003127,102,103,230,172,101,102,5.0,0.0,5.0,6100.0,0.0,0.0,1296.12,0.0,0.0,0.0,0.0,0.0,31796.12,0.0,31796.12,953.88,32750.0,"Net Wt: 5.000 Gm.@Rate 6,100.00/Gm.",,Sale,0,1,0
2397,1,O23103003135,102,103,230,172,101,102,10.0,0.0,10.0,6150.0,0.0,0.0,2577.67,0.0,0.0,0.0,0.0,0.0,64077.67,0.0,64077.67,1922.34,66000.0,"Net Wt: 10.000 Gm.@Rate 6,150.00/Gm.",,Sale,0,1,0
2398,1,O23103003134,102,103,230,172,101,102,10.0,0.0,10.0,6150.0,0.0,0.0,2577.67,0.0,0.0,0.0,0.0,0.0,64077.67,0.0,64077.67,1922.34,66000.0,"Net Wt: 10.000 Gm.@Rate 6,150.00/Gm.",,Sale,0,1,0
2399,1,F23103002604,102,103,235,102,102,103,12.08,0.0,12.08,5650.0,0.0,0.0,8247.03,0.0,0.0,0.0,0.0,200.0,76699.03,0.0,76699.03,2300.98,79000.0,"Net Wt: 12.080 Gm.@Rate 5,650.00/Gm.",,Sale,0,1,0
2400,1,O23104000878,102,104,136,137,109,111,7.28,0.0,7.28,75.0,0.0,0.0,327.79,0.0,0.0,0.0,0.0,0.0,873.79,0.0,873.79,26.22,900.0,Net Wt: 7.280 Gm.@Rate 75.00/Gm.,,Sale,0,1,0
2401,1,O23103003136,102,103,230,172,101,102,1.0,0.0,1.0,6150.0,0.0,0.0,257.77,0.0,0.0,0.0,0.0,0.0,6407.77,0.0,6407.77,192.24,6600.0,"Net Wt: 1.000 Gm.@Rate 6,150.00/Gm.",,Sale,0,1,0
2402,1,O23103003137,102,103,230,172,101,102,2.0,0.0,2.0,6150.0,0.0,0.0,418.45,0.0,0.0,0.0,0.0,0.0,12718.45,0.0,12718.45,381.56,13100.0,"Net Wt: 2.000 Gm.@Rate 6,150.00/Gm.",,Sale,0,1,0
2403,1,O23104000879,102,104,127,129,109,111,70.0,0.0,70.0,65.0,0.0,0.0,1954.85,0.0,0.0,0.0,0.0,0.0,6504.85,0.0,6504.85,195.14,6700.0,Net Wt: 70.000 Gm.@Rate 65.00/Gm.,,Sale,0,1,0
2404,1,N23103003046,102,103,115,102,103,104,1.32,0.0,1.32,5600.0,0.0,0.0,951.69,0.0,0.0,0.0,0.0,200.0,8543.69,0.0,8543.69,256.32,8800.0,"Net Wt: 1.320 Gm.@Rate 5,600.00/Gm.",,Sale,0,1,0
2405,1,O23103003079,102,103,102,102,102,103,4.55,0.0,4.55,5690.0,0.0,0.0,4007.59,0.0,0.0,0.0,0.0,200.0,30097.09,0.0,30097.09,902.92,31000.0,"Net Wt: 4.550 Gm.@Rate 5,690.00/Gm.",,Sale,0,1,0
2406,1,O23104000880,102,104,127,129,109,111,10.0,0.0,10.0,75.0,0.0,0.0,26.7,0.0,0.0,0.0,0.0,0.0,776.7,0.0,776.7,23.3,800.0,Net Wt: 10.000 Gm.@Rate 75.00/Gm.,,Sale,0,1,0
2407,1,O23104000881,102,104,127,129,109,111,5.0,0.0,5.0,75.0,0.0,0.0,61.89,0.0,0.0,0.0,0.0,0.0,436.89,0.0,436.89,13.1,450.0,Net Wt: 5.000 Gm.@Rate 75.00/Gm.,,Sale,0,1,0
2408,1,O23104000882,102,104,127,129,109,111,10.0,0.0,10.0,75.0,0.0,0.0,75.24,0.0,0.0,0.0,0.0,0.0,825.24,0.0,825.24,24.76,850.0,Net Wt: 10.000 Gm.@Rate 75.00/Gm.,,Sale,0,1,0
2409,1,F23103002646,102,103,110,102,102,103,6.12,0.0,6.12,5650.0,0.0,0.0,4256.95,0.0,0.0,0.0,0.0,0.0,38834.95,0.0,38834.95,1165.04,40000.0,"Net Wt: 6.120 Gm.@Rate 5,650.00/Gm.",,Sale,0,1,0
2409,2,H23103002852,102,103,112,102,102,103,6.2,0.0,6.2,5650.0,0.0,0.0,5747.0,0.0,0.0,0.0,0.0,0.0,40776.7,0.0,40776.7,1223.3,42000.0,"Net Wt: 6.200 Gm.@Rate 5,650.00/Gm.",,Sale,0,1,0
2410,1,O23104000883,102,104,122,124,109,111,150.32,0.0,150.32,75.0,0.0,0.0,10861.92,0.0,0.0,0.0,0.0,0.0,22135.92,0.0,22135.92,664.08,22800.0,Net Wt: 150.320 Gm.@Rate 75.00/Gm.,,Sale,0,1,0
2411,1,O23104000884,102,104,127,129,109,111,5.0,0.0,5.0,75.0,0.0,0.0,13.35,0.0,0.0,0.0,0.0,0.0,388.35,0.0,388.35,11.66,400.0,Net Wt: 5.000 Gm.@Rate 75.00/Gm.,,Sale,0,1,0
2412,1,O23104000885,102,104,127,129,109,111,10.0,0.0,10.0,75.0,0.0,0.0,26.7,0.0,0.0,0.0,0.0,0.0,776.7,0.0,776.7,23.3,800.0,Net Wt: 10.000 Gm.@Rate 75.00/Gm.,,Sale,0,1,0
2414,1,O23104000887,102,104,127,129,109,111,5.0,0.0,5.0,75.0,0.0,0.0,129.85,0.0,0.0,0.0,0.0,0.0,504.85,0.0,504.85,15.14,520.0,Net Wt: 5.000 Gm.@Rate 75.00/Gm.,,Sale,0,1,0
2415,1,O23104000888,102,104,119,121,109,111,35.2,0.0,35.2,75.0,0.0,0.0,855.15,0.0,0.0,0.0,0.0,0.0,3495.15,0.0,3495.15,104.86,3600.0,Net Wt: 35.200 Gm.@Rate 75.00/Gm.,,Sale,0,1,0
2416,1,O23104000889,102,104,127,129,109,111,10.0,0.0,10.0,75.0,0.0,0.0,26.7,0.0,0.0,0.0,0.0,0.0,776.7,0.0,776.7,23.3,800.0,Net Wt: 10.000 Gm.@Rate 75.00/Gm.,,Sale,0,1,0
2417,1,O23104000890,102,104,127,129,109,111,10.0,0.0,10.0,75.0,0.0,0.0,26.7,0.0,0.0,0.0,0.0,0.0,776.7,0.0,776.7,23.3,800.0,Net Wt: 10.000 Gm.@Rate 75.00/Gm.,,Sale,0,1,0
2418,1,N23103003017,102,103,235,102,102,103,1.86,0.0,1.86,5650.0,0.0,0.0,170.12,0.0,0.0,0.0,0.0,0.0,10679.12,0.0,10679.12,320.38,10999.49,"Net Wt: 1.860 Gm.@Rate 5,650.00/Gm.",,Sale,0,1,0
2418,2,N23103003018,102,103,235,102,102,103,3.29,0.0,3.29,5650.0,0.0,0.0,829.13,0.0,0.0,0.0,0.0,0.0,19417.63,0.0,19417.63,582.52,20000.16,"Net Wt: 3.290 Gm.@Rate 5,650.00/Gm.",,Sale,0,1,0
2419,1,O23103003118,102,103,374,102,102,103,1.41,0.0,1.41,5650.0,0.0,0.0,771.36,0.0,0.0,0.0,0.0,0.0,8737.86,0.0,8737.86,262.14,9000.0,"Net Wt: 1.410 Gm.@Rate 5,650.00/Gm.",,Sale,0,1,0
2419,2,O23104000891,102,104,119,121,109,111,32.2,0.0,32.2,75.0,0.0,0.0,497.62,0.0,0.0,0.0,0.0,0.0,2912.62,0.0,2912.62,87.38,3000.0,Net Wt: 32.200 Gm.@Rate 75.00/Gm.,,Sale,0,1,0
2364,3,J22103002121,102,103,331,102,102,103,2.33,0.0,2.33,5390.0,0.0,0.0,1318.97,0.0,0.0,0.0,0.0,200.0,14077.67,0.0,14077.67,422.34,14500.0,"Net Wt: 2.330 Gm.@Rate 5,390.00/Gm.",,Sale,0,1,0
2364,4,N23103002994,102,103,331,102,102,103,4.81,0.0,4.81,5390.0,0.0,0.0,2806.14,0.0,0.0,0.0,0.0,200.0,28932.04,0.0,28932.04,867.96,29800.0,"Net Wt: 4.810 Gm.@Rate 5,390.00/Gm.",,Sale,0,1,0
2364,5,P22103002453,102,103,235,102,102,103,5.13,0.0,5.13,5390.0,0.0,0.0,3023.09,0.0,0.0,0.0,0.0,200.0,30873.79,0.0,30873.79,926.22,31800.0,"Net Wt: 5.130 Gm.@Rate 5,390.00/Gm.",,Sale,0,1,0
2364,6,H23103002791,102,103,374,102,102,103,1.23,0.0,1.23,5390.0,0.0,0.0,943.12,0.0,0.0,0.0,0.0,0.0,7572.82,0.0,7572.82,227.18,7800.0,"Net Wt: 1.230 Gm.@Rate 5,390.00/Gm.",,Sale,0,1,0
2364,7,O22103002382,102,103,112,102,102,103,12.51,0.0,12.51,5390.0,0.0,0.0,7516.73,0.0,0.0,0.0,0.0,200.0,75145.63,0.0,75145.63,2254.36,77400.0,"Net Wt: 12.510 Gm.@Rate 5,390.00/Gm.",,Sale,0,1,0
2364,8,N23103002989,102,103,102,102,102,103,4.59,0.0,4.59,5390.0,0.0,0.0,2729.8,0.0,0.0,0.0,0.0,200.0,27669.9,0.0,27669.9,830.1,28500.0,"Net Wt: 4.590 Gm.@Rate 5,390.00/Gm.",,Sale,0,1,0
2364,9,N23103003050,102,103,113,102,102,103,7.35,0.0,7.35,5390.0,0.0,0.0,4067.0,0.0,0.0,0.0,0.0,200.0,43883.5,0.0,43883.5,1316.5,45200.0,"Net Wt: 7.350 Gm.@Rate 5,390.00/Gm.",,Sale,0,1,0
2365,1,P22103002464,102,103,238,102,102,103,0.94,0.0,0.94,5390.0,0.0,0.0,661.56,0.0,0.0,0.0,0.0,0.0,5728.16,0.0,5728.16,171.84,5900.0,"Net Wt: 0.940 Gm.@Rate 5,390.00/Gm.",,Sale,0,1,0
2366,1,H23103002841,102,103,102,102,102,103,4.95,0.0,4.95,5150.0,0.0,0.0,3433.71,0.0,0.0,0.0,0.0,200.0,29126.21,0.0,29126.21,873.78,30000.0,"Net Wt: 4.950 Gm.@Rate 5,150.00/Gm.",,Sale,0,1,0
2366,2,N23103003022,102,103,235,102,102,103,7.42,0.0,7.42,5150.0,0.0,0.0,5276.09,0.0,0.0,0.0,0.0,200.0,43689.09,0.0,43689.09,1310.68,44999.76,"Net Wt: 7.420 Gm.@Rate 5,150.00/Gm.",,Sale,0,1,0
2367,1,O22103002426,102,103,107,102,102,103,5.14,0.0,5.14,5200.0,0.0,0.0,4625.4,0.0,0.0,0.0,0.0,200.0,31553.4,0.0,31553.4,946.6,32500.0,"Net Wt: 5.140 Gm.@Rate 5,200.00/Gm.",,Sale,0,1,0
2367,2,J23103002918,102,103,102,102,102,103,6.15,0.0,6.15,5200.0,0.0,0.0,5198.64,0.0,0.0,0.0,0.0,200.0,37378.64,0.0,37378.64,1121.36,38500.0,"Net Wt: 6.150 Gm.@Rate 5,200.00/Gm.",,Sale,0,1,0
2368,1,J22103002125,102,103,102,102,102,103,5.97,0.0,5.97,5200.0,0.0,0.0,4478.33,0.0,0.0,0.0,0.0,400.0,35922.33,0.0,35922.33,1077.66,37000.0,"Net Wt: 5.970 Gm.@Rate 5,200.00/Gm.",,Sale,0,1,0
2369,1,N23103003051,102,103,112,102,102,103,9.65,0.0,9.65,5150.0,0.0,0.0,10199.59,0.0,0.0,0.0,0.0,200.0,60097.09,0.0,60097.09,1802.92,61900.0,"Net Wt: 9.650 Gm.@Rate 5,150.00/Gm.",,Sale,0,1,0
2413,1,O23104000886,102,104,127,129,109,111,12.0,0.0,12.0,75.0,0.0,0.0,167.96,0.0,0.0,0.0,0.0,0.0,1067.96,0.0,1067.96,32.04,1100.0,Net Wt: 12.000 Gm.@Rate 75.00/Gm.,,Sale,0,1,0
2420,1,O23104000892,102,104,119,121,109,111,42.3,0.0,42.3,75.0,0.0,0.0,711.0,0.0,0.0,0.0,0.0,0.0,3883.5,0.0,3883.5,116.5,4000.0,Net Wt: 42.300 Gm.@Rate 75.00/Gm.,,Sale,0,1,0
2421,1,O23104000893,102,104,120,122,109,111,10.0,0.0,10.0,75.0,0.0,0.0,221.84,0.0,0.0,0.0,0.0,0.0,971.84,0.0,971.84,29.16,1001.0,Net Wt: 10.000 Gm.@Rate 75.00/Gm.,,Sale,0,1,0
2422,1,O23104000894,102,104,127,129,109,111,10.0,0.0,10.0,75.0,0.0,0.0,26.7,0.0,0.0,0.0,0.0,0.0,776.7,0.0,776.7,23.3,800.0,Net Wt: 10.000 Gm.@Rate 75.00/Gm.,,Sale,0,1,0
2423,1,F23103002531,102,103,102,102,102,103,5.12,0.0,5.12,5650.0,0.0,0.0,3110.83,0.0,0.0,0.0,0.0,0.0,32038.83,0.0,32038.83,961.16,32999.99,"Net Wt: 5.120 Gm.@Rate 5,650.00/Gm.",,Sale,0,1,0
2424,1,H23103002751,102,103,331,102,102,103,2.44,0.0,2.44,5650.0,0.0,0.0,2518.85,0.0,0.0,0.0,0.0,200.0,16504.85,0.0,16504.85,495.14,17000.0,"Net Wt: 2.440 Gm.@Rate 5,650.00/Gm.",,Sale,0,1,0
2425,1,O23104000895,102,104,127,129,109,111,5.0,0.0,5.0,75.0,0.0,0.0,61.89,0.0,0.0,0.0,0.0,0.0,436.89,0.0,436.89,13.1,450.0,Net Wt: 5.000 Gm.@Rate 75.00/Gm.,,Sale,0,1,0
2426,1,O23104000896,102,104,127,129,109,111,10.0,0.0,10.0,75.0,0.0,0.0,75.24,0.0,0.0,0.0,0.0,0.0,825.24,0.0,825.24,24.76,850.0,Net Wt: 10.000 Gm.@Rate 75.00/Gm.,,Sale,0,1,0
2427,1,O23104000897,102,104,127,129,109,111,20.0,0.0,20.0,75.0,0.0,0.0,296.12,0.0,0.0,0.0,0.0,0.0,1796.12,0.0,1796.12,53.88,1850.0,Net Wt: 20.000 Gm.@Rate 75.00/Gm.,,Sale,0,1,0
2428,1,O23103003121,102,103,374,102,102,103,1.26,0.0,1.26,5650.0,0.0,0.0,647.99,0.0,0.0,0.0,0.0,0.0,7766.99,0.0,7766.99,233.0,8000.0,"Net Wt: 1.260 Gm.@Rate 5,650.00/Gm.",,Sale,0,1,0
2429,1,O23104000898,102,104,127,129,109,111,5.0,0.0,5.0,75.0,0.0,0.0,110.44,0.0,0.0,0.0,0.0,0.0,485.44,0.0,485.44,14.56,500.0,Net Wt: 5.000 Gm.@Rate 75.00/Gm.,,Sale,0,1,0
2430,1,F23103002635,102,103,102,102,102,103,2.19,0.0,2.19,5650.0,0.0,0.0,247.86,0.0,0.0,0.0,0.0,0.0,12621.36,0.0,12621.36,378.64,13000.0,"Net Wt: 2.190 Gm.@Rate 5,650.00/Gm.",,Sale,0,1,0
2431,1,O23104000899,102,104,249,102,109,111,63.2,0.0,63.2,75.0,0.0,0.0,1085.24,0.0,0.0,0.0,0.0,0.0,5825.24,0.0,5825.24,174.76,6000.0,Net Wt: 63.200 Gm.@Rate 75.00/Gm.,,Sale,0,1,0
2432,1,O23104000900,102,104,127,129,109,111,5.0,0.0,5.0,75.0,0.0,0.0,13.35,0.0,0.0,0.0,0.0,0.0,388.35,0.0,388.35,11.66,400.0,Net Wt: 5.000 Gm.@Rate 75.00/Gm.,,Sale,0,1,0
2433,1,O23104000901,102,104,127,129,109,111,10.0,0.0,10.0,75.0,0.0,0.0,123.79,0.0,0.0,0.0,0.0,0.0,873.79,0.0,873.79,26.22,900.0,Net Wt: 10.000 Gm.@Rate 75.00/Gm.,,Sale,0,1,0
2434,1,O23104000902,102,104,127,129,109,111,20.0,0.0,20.0,75.0,0.0,0.0,281.55,0.0,0.0,0.0,0.0,0.0,1781.55,0.0,1781.55,53.44,1835.0,Net Wt: 20.000 Gm.@Rate 75.00/Gm.,,Sale,0,1,0
2435,1,O23104000903,102,104,127,129,109,111,20.0,0.0,20.0,75.0,0.0,0.0,101.94,0.0,0.0,0.0,0.0,0.0,1601.94,0.0,1601.94,48.06,1650.0,Net Wt: 20.000 Gm.@Rate 75.00/Gm.,,Sale,0,1,0
2436,1,O23103003113,102,103,331,102,102,103,3.47,0.0,3.47,5650.0,0.0,0.0,1462.46,0.0,0.0,0.0,0.0,0.0,21067.96,0.0,21067.96,632.04,21700.0,"Net Wt: 3.470 Gm.@Rate 5,650.00/Gm.",,Sale,0,1,0
2437,1,J23103002967,102,103,103,102,102,103,1.39,0.0,1.39,5650.0,0.0,0.0,1224.17,0.0,0.0,0.0,0.0,0.0,9077.67,0.0,9077.67,272.34,9350.0,"Net Wt: 1.390 Gm.@Rate 5,650.00/Gm.",,Sale,0,1,0
2438,1,O23104000904,102,104,127,129,109,111,10.0,0.0,10.0,75.0,0.0,0.0,220.87,0.0,0.0,0.0,0.0,0.0,970.87,0.0,970.87,29.12,1000.0,Net Wt: 10.000 Gm.@Rate 75.00/Gm.,,Sale,0,1,0
2439,1,O23104000905,102,104,122,124,109,111,65.3,0.0,65.3,75.0,0.0,0.0,927.74,0.0,0.0,0.0,0.0,0.0,5825.24,0.0,5825.24,174.76,6000.0,Net Wt: 65.300 Gm.@Rate 75.00/Gm.,,Sale,0,1,0
2440,1,O23104000906,102,104,127,129,109,111,10.0,0.0,10.0,75.0,0.0,0.0,26.7,0.0,0.0,0.0,0.0,0.0,776.7,0.0,776.7,23.3,800.0,Net Wt: 10.000 Gm.@Rate 75.00/Gm.,,Sale,0,1,0
2441,1,I23103002886,102,103,115,102,103,104,1.97,0.0,1.97,5650.0,0.0,0.0,519.99,0.0,0.0,0.0,0.0,0.0,11650.49,0.0,11650.49,349.52,12000.0,"Net Wt: 1.970 Gm.@Rate 5,650.00/Gm.",,Sale,0,1,0
2441,2,O23104000907,102,104,127,129,109,111,20.0,0.0,20.0,75.0,0.0,0.0,441.75,0.0,0.0,0.0,0.0,0.0,1941.75,0.0,1941.75,58.26,2000.0,Net Wt: 20.000 Gm.@Rate 75.00/Gm.,,Sale,0,1,0
2442,1,O23104000908,102,104,127,129,109,111,40.0,0.0,40.0,75.0,0.0,0.0,495.15,0.0,0.0,0.0,0.0,0.0,3495.15,0.0,3495.15,104.86,3600.0,Net Wt: 40.000 Gm.@Rate 75.00/Gm.,,Sale,0,1,0
2443,1,O23104000909,102,104,120,122,109,111,10.2,0.0,10.2,75.0,0.0,0.0,302.96,0.0,0.0,0.0,0.0,0.0,1067.96,0.0,1067.96,32.04,1100.0,Net Wt: 10.200 Gm.@Rate 75.00/Gm.,,Sale,0,1,0
2444,1,O23104000910,102,104,127,129,109,111,30.0,0.0,30.0,75.0,0.0,0.0,371.36,0.0,0.0,0.0,0.0,0.0,2621.36,0.0,2621.36,78.64,2700.0,Net Wt: 30.000 Gm.@Rate 75.00/Gm.,,Sale,0,1,0
2445,1,O23104000911,102,104,127,129,109,111,10.0,0.0,10.0,75.0,0.0,0.0,123.79,0.0,0.0,0.0,0.0,0.0,873.79,0.0,873.79,26.22,900.0,Net Wt: 10.000 Gm.@Rate 75.00/Gm.,,Sale,0,1,0
2446,1,O23104000912,102,104,127,129,109,111,10.0,0.0,10.0,75.0,0.0,0.0,123.79,0.0,0.0,0.0,0.0,0.0,873.79,0.0,873.79,26.22,900.0,Net Wt: 10.000 Gm.@Rate 75.00/Gm.,,Sale,0,1,0
2447,1,O23104000913,102,104,127,129,109,111,10.0,0.0,10.0,75.0,0.0,0.0,172.33,0.0,0.0,0.0,0.0,0.0,922.33,0.0,922.33,27.66,950.0,Net Wt: 10.000 Gm.@Rate 75.00/Gm.,,Sale,0,1,0
2448,1,O23104000914,102,104,127,129,109,111,20.0,0.0,20.0,75.0,0.0,0.0,296.12,0.0,0.0,0.0,0.0,0.0,1796.12,0.0,1796.12,53.88,1850.0,Net Wt: 20.000 Gm.@Rate 75.00/Gm.,,Sale,0,1,0
2449,1,O23103003089,102,103,235,102,102,103,3.01,0.0,3.01,5650.0,0.0,0.0,954.67,0.0,0.0,0.0,0.0,0.0,17961.17,0.0,17961.17,538.84,18500.01,"Net Wt: 3.010 Gm.@Rate 5,650.00/Gm.",,Sale,0,1,0
2449,2,O23103003122,102,103,374,102,102,103,1.28,0.0,1.28,5650.0,0.0,0.0,1505.86,0.0,0.0,0.0,0.0,0.0,8737.86,0.0,8737.86,262.14,9000.0,"Net Wt: 1.280 Gm.@Rate 5,650.00/Gm.",,Sale,0,1,0
2449,3,O23104000915,102,104,119,121,109,111,25.0,0.0,25.0,75.0,0.0,0.0,66.75,0.0,0.0,0.0,0.0,0.0,1941.75,0.0,1941.75,58.26,2000.0,Net Wt: 25.000 Gm.@Rate 75.00/Gm.,,Sale,0,1,0
2450,1,O23103003133,102,103,112,102,102,103,15.95,0.0,15.95,5600.0,0.0,0.0,7281.94,0.0,0.0,0.0,0.0,0.0,96601.94,0.0,96601.94,2898.06,99500.0,"Net Wt: 15.950 Gm.@Rate 5,600.00/Gm.",,Sale,0,1,0
2451,1,O23104000916,102,104,127,129,109,111,15.0,0.0,15.0,75.0,0.0,0.0,234.22,0.0,0.0,0.0,0.0,0.0,1359.22,0.0,1359.22,40.78,1400.0,Net Wt: 15.000 Gm.@Rate 75.00/Gm.,,Sale,0,1,0
2452,1,O23104000917,102,104,120,122,109,111,15.3,0.0,15.3,75.0,0.0,0.0,502.99,0.0,0.0,0.0,0.0,0.0,1650.49,0.0,1650.49,49.52,1700.0,Net Wt: 15.300 Gm.@Rate 75.00/Gm.,,Sale,0,1,0
2453,1,O23104000918,102,104,127,129,109,111,5.0,0.0,5.0,75.0,0.0,0.0,13.35,0.0,0.0,0.0,0.0,0.0,388.35,0.0,388.35,11.66,400.0,Net Wt: 5.000 Gm.@Rate 75.00/Gm.,,Sale,0,1,0
2454,1,O23104000919,102,104,119,121,109,111,45.3,0.0,45.3,75.0,0.0,0.0,388.91,0.0,0.0,0.0,0.0,0.0,3786.41,0.0,3786.41,113.6,3900.0,Net Wt: 45.300 Gm.@Rate 75.00/Gm.,,Sale,0,1,0
2455,1,O23103003099,102,103,110,102,102,103,5.59,0.0,5.59,5650.0,0.0,0.0,3138.83,0.0,0.0,0.0,0.0,1200.0,35922.33,0.0,35922.33,1077.66,37000.0,"Net Wt: 5.590 Gm.@Rate 5,650.00/Gm.",,Sale,0,1,0
2456,1,O23104000920,102,104,129,131,109,111,10.2,0.0,10.2,75.0,0.0,0.0,691.31,0.0,0.0,0.0,0.0,0.0,1456.31,0.0,1456.31,43.68,1500.0,Net Wt: 10.200 Gm.@Rate 75.00/Gm.,,Sale,0,1,0
2457,1,O23104000921,102,104,249,102,109,111,35.3,0.0,35.3,75.0,0.0,0.0,3134.05,0.0,0.0,0.0,0.0,1500.0,7281.55,0.0,7281.55,218.44,7500.0,Net Wt: 35.300 Gm.@Rate 75.00/Gm.,,Sale,0,1,0
2457,2,O23104000922,102,104,119,121,109,111,29.63,0.0,29.63,75.0,0.0,0.0,204.93,0.0,0.0,0.0,0.0,0.0,2427.18,0.0,2427.18,72.82,2500.0,Net Wt: 29.630 Gm.@Rate 75.00/Gm.,,Sale,0,1,0
2458,1,O23104000923,102,104,123,102,109,111,10.2,0.0,10.2,75.0,0.0,0.0,458.3,0.0,0.0,0.0,0.0,0.0,1223.3,0.0,1223.3,36.7,1260.0,Net Wt: 10.200 Gm.@Rate 75.00/Gm.,,Sale,0,1,0
2459,1,O23104000924,102,104,119,121,109,111,39.2,0.0,39.2,75.0,0.0,0.0,1234.76,0.0,0.0,0.0,0.0,0.0,4174.76,0.0,4174.76,125.24,4300.0,Net Wt: 39.200 Gm.@Rate 75.00/Gm.,,Sale,0,1,0
2460,1,O23104000925,102,104,127,129,109,111,20.0,0.0,20.0,75.0,0.0,0.0,247.57,0.0,0.0,0.0,0.0,0.0,1747.57,0.0,1747.57,52.42,1800.0,Net Wt: 20.000 Gm.@Rate 75.00/Gm.,,Sale,0,1,0
2461,1,O23104000926,102,104,126,128,109,111,256.3,0.0,256.3,75.0,0.0,0.0,9418.28,0.0,0.0,0.0,0.0,0.0,28640.78,0.0,28640.78,859.22,29500.0,Net Wt: 256.300 Gm.@Rate 75.00/Gm.,,Sale,0,1,0
2462,1,O23104000927,102,104,119,121,109,111,45.3,0.0,45.3,75.0,0.0,0.0,1456.87,0.0,0.0,0.0,0.0,0.0,4854.37,0.0,4854.37,145.64,5000.0,Net Wt: 45.300 Gm.@Rate 75.00/Gm.,,Sale,0,1,0
2463,1,H23103002829,102,103,103,102,102,103,1.2,0.0,1.2,5650.0,0.0,0.0,1272.43,0.0,0.0,0.0,0.0,200.0,8252.43,0.0,8252.43,247.58,8500.0,"Net Wt: 1.200 Gm.@Rate 5,650.00/Gm.",,Sale,0,1,0
2464,1,O23103003115,102,103,374,102,102,103,1.2,0.0,1.2,5650.0,0.0,0.0,786.99,0.0,0.0,0.0,0.0,200.0,7766.99,0.0,7766.99,233.0,8000.0,"Net Wt: 1.200 Gm.@Rate 5,650.00/Gm.",,Sale,0,1,0
2464,2,J23103002964,102,103,116,102,102,103,0.75,0.0,0.75,5650.0,0.0,0.0,616.87,0.0,0.0,0.0,0.0,0.0,4854.37,0.0,4854.37,145.64,5000.0,"Net Wt: 0.750 Gm.@Rate 5,650.00/Gm.",,Sale,0,1,0
2464,3,O23104000928,102,104,119,121,109,111,35.63,0.0,35.63,75.0,0.0,0.0,240.37,0.0,0.0,0.0,0.0,0.0,2912.62,0.0,2912.62,87.38,3000.0,Net Wt: 35.630 Gm.@Rate 75.00/Gm.,,Sale,0,1,0
2465,1,O23104000929,102,104,127,129,109,111,10.0,0.0,10.0,75.0,0.0,0.0,26.7,0.0,0.0,0.0,0.0,0.0,776.7,0.0,776.7,23.3,800.0,Net Wt: 10.000 Gm.@Rate 75.00/Gm.,,Sale,0,1,0
2466,1,O23104000930,102,104,119,121,109,111,23.3,0.0,23.3,75.0,0.0,0.0,679.68,0.0,0.0,0.0,0.0,0.0,2427.18,0.0,2427.18,72.82,2500.0,Net Wt: 23.300 Gm.@Rate 75.00/Gm.,,Sale,0,1,0
2467,1,O23104000931,102,104,127,129,109,111,5.0,0.0,5.0,75.0,0.0,0.0,110.44,0.0,0.0,0.0,0.0,0.0,485.44,0.0,485.44,14.56,500.0,Net Wt: 5.000 Gm.@Rate 75.00/Gm.,,Sale,0,1,0
2468,1,O23103003128,102,103,112,102,102,103,12.22,0.0,12.22,5650.0,0.0,0.0,13281.62,0.0,0.0,0.0,0.0,200.0,82524.62,0.0,82524.62,2475.74,85000.36,"Net Wt: 12.220 Gm.@Rate 5,650.00/Gm.",,Sale,0,1,0
2468,2,O23103003078,102,103,102,102,102,103,5.27,0.0,5.27,5650.0,0.0,0.0,4205.08,0.0,0.0,0.0,0.0,0.0,33980.58,0.0,33980.58,1019.42,35000.0,"Net Wt: 5.270 Gm.@Rate 5,650.00/Gm.",,Sale,0,1,0
2469,1,O23104000932,102,104,127,129,109,111,10.0,0.0,10.0,75.0,0.0,0.0,123.79,0.0,0.0,0.0,0.0,0.0,873.79,0.0,873.79,26.22,900.0,Net Wt: 10.000 Gm.@Rate 75.00/Gm.,,Sale,0,1,0
2470,1,O23104000933,102,104,119,121,109,111,39.25,0.0,39.25,75.0,0.0,0.0,1182.46,0.0,0.0,0.0,0.0,0.0,4126.21,0.0,4126.21,123.78,4250.0,Net Wt: 39.250 Gm.@Rate 75.00/Gm.,,Sale,0,1,0
2471,1,O23104000934,102,104,119,121,109,111,85.3,0.0,85.3,75.0,0.0,0.0,1854.93,0.0,0.0,0.0,0.0,0.0,8252.43,0.0,8252.43,247.58,8500.0,Net Wt: 85.300 Gm.@Rate 75.00/Gm.,,Sale,0,1,0
2471,2,O23104000935,102,104,125,102,109,111,58.3,0.0,58.3,75.0,0.0,0.0,1841.09,0.0,0.0,0.0,0.0,0.0,6213.59,0.0,6213.59,186.4,6400.0,Net Wt: 58.300 Gm.@Rate 75.00/Gm.,,Sale,0,1,0
2472,1,O23104000936,102,104,126,128,109,111,75.0,0.0,75.0,75.0,0.0,0.0,2627.43,0.0,0.0,0.0,0.0,0.0,8252.43,0.0,8252.43,247.58,8500.0,Net Wt: 75.000 Gm.@Rate 75.00/Gm.,,Sale,0,1,0
2473,1,O23103003138,102,103,102,102,102,103,2.35,0.0,2.35,5650.0,0.0,0.0,800.17,0.0,0.0,0.0,0.0,0.0,14077.67,0.0,14077.67,422.34,14500.0,"Net Wt: 2.350 Gm.@Rate 5,650.00/Gm.",,Sale,0,1,0
2474,1,O23104000937,102,104,122,124,109,111,32.56,0.0,32.56,75.0,0.0,0.0,470.62,0.0,0.0,0.0,0.0,0.0,2912.62,0.0,2912.62,87.38,3000.0,Net Wt: 32.560 Gm.@Rate 75.00/Gm.,,Sale,0,1,0
2475,1,O23104000938,102,104,119,121,109,111,85.32,0.0,85.32,75.0,0.0,0.0,2338.86,0.0,0.0,0.0,0.0,0.0,8737.86,0.0,8737.86,262.14,9000.0,Net Wt: 85.320 Gm.@Rate 75.00/Gm.,,Sale,0,1,0
2476,1,O23104000939,102,104,127,129,109,111,15.0,0.0,15.0,75.0,0.0,0.0,331.31,0.0,0.0,0.0,0.0,0.0,1456.31,0.0,1456.31,43.68,1500.0,Net Wt: 15.000 Gm.@Rate 75.00/Gm.,,Sale,0,1,0
2477,1,O23104000940,102,104,119,121,109,111,65.3,0.0,65.3,75.0,0.0,0.0,1704.44,0.0,0.0,0.0,0.0,0.0,6601.94,0.0,6601.94,198.06,6800.0,Net Wt: 65.300 Gm.@Rate 75.00/Gm.,,Sale,0,1,0
2478,1,O23104000941,102,104,127,129,109,111,20.0,0.0,20.0,75.0,0.0,0.0,247.57,0.0,0.0,0.0,0.0,0.0,1747.57,0.0,1747.57,52.42,1800.0,Net Wt: 20.000 Gm.@Rate 75.00/Gm.,,Sale,0,1,0
2479,1,O23104000942,102,104,127,129,109,111,10.0,0.0,10.0,75.0,0.0,0.0,123.79,0.0,0.0,0.0,0.0,0.0,873.79,0.0,873.79,26.22,900.0,Net Wt: 10.000 Gm.@Rate 75.00/Gm.,,Sale,0,1,0
2481,1,H23103002703,102,103,112,102,102,103,7.84,0.0,7.84,5650.0,0.0,0.0,4733.13,0.0,0.0,0.0,0.0,0.0,49029.13,0.0,49029.13,1470.88,50500.0,"Net Wt: 7.840 Gm.@Rate 5,650.00/Gm.",,Sale,0,1,0
2481,2,O23103003129,102,103,112,102,102,103,11.93,0.0,11.93,5650.0,0.0,0.0,9779.97,0.0,0.0,0.0,0.0,0.0,77184.47,0.0,77184.47,2315.54,79500.0,"Net Wt: 11.930 Gm.@Rate 5,650.00/Gm.",,Sale,0,1,0
2482,1,O23103003139,102,103,235,102,102,103,7.11,0.0,7.11,5650.0,0.0,0.0,3517.82,0.0,0.0,0.0,0.0,0.0,43689.32,0.0,43689.32,1310.68,45000.0,"Net Wt: 7.110 Gm.@Rate 5,650.00/Gm.",,Sale,0,1,0
2483,1,N23103003026,102,103,235,102,102,103,3.02,0.0,3.02,5650.0,0.0,0.0,1869.04,0.0,0.0,0.0,0.0,0.0,18932.04,0.0,18932.04,567.96,19500.0,"Net Wt: 3.020 Gm.@Rate 5,650.00/Gm.",,Sale,0,1,0
2484,1,N23103003012,102,103,112,102,102,103,5.78,0.0,5.78,5650.0,0.0,0.0,3265.33,0.0,0.0,0.0,0.0,0.0,35922.33,0.0,35922.33,1077.66,37000.0,"Net Wt: 5.780 Gm.@Rate 5,650.00/Gm.",,Sale,0,1,0
2485,1,J19103000289,102,103,103,102,102,103,3.44,0.0,3.44,5650.0,0.0,0.0,1437.79,0.0,0.0,0.0,0.0,0.0,20873.79,0.0,20873.79,626.22,21500.0,"Net Wt: 3.440 Gm.@Rate 5,650.00/Gm.",,Sale,0,1,0
2486,1,O23104000943,102,104,119,121,109,111,25.3,0.0,25.3,75.0,0.0,0.0,529.68,0.0,0.0,0.0,0.0,0.0,2427.18,0.0,2427.18,72.82,2500.0,Net Wt: 25.300 Gm.@Rate 75.00/Gm.,,Sale,0,1,0
2487,1,O23104000944,102,104,119,121,109,111,26.3,0.0,26.3,75.0,0.0,0.0,940.12,0.0,0.0,0.0,0.0,0.0,2912.62,0.0,2912.62,87.38,3000.0,Net Wt: 26.300 Gm.@Rate 75.00/Gm.,,Sale,0,1,0
2489,1,O23103003140,102,103,374,101,102,103,1.2,0.0,1.2,5650.0,0.0,0.0,1472.43,0.0,0.0,0.0,0.0,0.0,8252.43,0.0,8252.43,247.58,8500.0,"Net Wt: 1.200 Gm.@Rate 5,650.00/Gm.",,Sale,0,1,0
2489,2,O23104000945,102,104,119,121,109,111,33.2,0.0,33.2,75.0,0.0,0.0,908.06,0.0,0.0,0.0,0.0,0.0,3398.06,0.0,3398.06,101.94,3500.0,Net Wt: 33.200 Gm.@Rate 75.00/Gm.,,Sale,0,1,0
2490,1,N23103003002,102,103,114,102,102,103,12.81,0.0,12.81,5650.0,0.0,0.0,7235.15,0.0,0.0,0.0,0.0,0.0,79611.65,0.0,79611.65,2388.34,82000.0,"Net Wt: 12.810 Gm.@Rate 5,650.00/Gm.",,Sale,0,1,0
2491,1,O23103003141,102,103,374,101,102,103,3.29,0.0,3.29,5650.0,0.0,0.0,2640.63,0.0,0.0,0.0,0.0,0.0,21229.13,0.0,21229.13,636.88,21866.0,"Net Wt: 3.290 Gm.@Rate 5,650.00/Gm.",,Sale,0,1,0
2492,1,I23103002864,102,103,101,102,102,103,11.37,0.0,11.37,5650.0,0.0,0.0,3720.67,0.0,0.0,0.0,0.0,0.0,67961.17,0.0,67961.17,2038.84,70000.01,"Net Wt: 11.370 Gm.@Rate 5,650.00/Gm.",,Sale,0,1,0
2493,1,J23103002950,102,103,116,102,102,103,1.07,0.0,1.07,5650.0,0.0,0.0,265.18,0.0,0.0,0.0,0.0,0.0,6310.68,0.0,6310.68,189.32,6500.0,"Net Wt: 1.070 Gm.@Rate 5,650.00/Gm.",,Sale,0,1,0
2494,1,O23103003142,102,103,116,102,102,103,0.75,0.0,0.75,5650.0,0.0,0.0,131.43,0.0,0.0,0.0,0.0,0.0,4368.93,0.0,4368.93,131.06,4500.0,"Net Wt: 0.750 Gm.@Rate 5,650.00/Gm.",,Sale,0,1,0
2495,1,O23104000946,102,104,119,121,109,111,33.25,0.0,33.25,75.0,0.0,0.0,904.31,0.0,0.0,0.0,0.0,0.0,3398.06,0.0,3398.06,101.94,3500.0,Net Wt: 33.250 Gm.@Rate 75.00/Gm.,,Sale,0,1,0
2496,1,O23104000947,102,104,351,102,109,111,35.3,0.0,35.3,75.0,0.0,0.0,750.56,0.0,0.0,0.0,0.0,0.0,3398.06,0.0,3398.06,101.94,3500.0,Net Wt: 35.300 Gm.@Rate 75.00/Gm.,,Sale,0,1,0
2394,1,O23103003096,102,103,102,102,102,103,3.37,0.0,3.37,5690.0,0.0,0.0,2183.92,0.0,0.0,0.0,0.0,0.0,21359.22,0.0,21359.22,640.78,22000.0,"Net Wt: 3.370 Gm.@Rate 5,690.00/Gm.",,Sale,0,1,0
2497,1,H23103002721,102,103,101,102,102,103,22.09,0.0,22.09,5650.0,0.0,0.0,6544.9,0.0,0.0,0.0,0.0,200.0,131553.4,0.0,131553.4,3946.6,135500.0,"Net Wt: 22.090 Gm.@Rate 5,650.00/Gm.",,Sale,0,1,0
2497,2,H23103002763,102,103,331,102,102,103,3.33,0.0,3.33,5650.0,0.0,0.0,986.0,0.0,0.0,0.0,0.0,200.0,20000.0,0.0,20000.0,600.0,20600.0,"Net Wt: 3.330 Gm.@Rate 5,650.00/Gm.",,Sale,0,1,0
2498,1,J22103002219,102,103,116,102,102,103,1.15,0.0,1.15,5650.0,0.0,0.0,875.32,0.0,0.0,0.0,0.0,200.0,7572.82,0.0,7572.82,227.18,7800.0,"Net Wt: 1.150 Gm.@Rate 5,650.00/Gm.",,Sale,0,1,0
2499,1,O23104000948,102,104,120,122,109,111,10.5,0.0,10.5,75.0,0.0,0.0,620.27,0.0,0.0,0.0,0.0,0.0,1407.77,0.0,1407.77,42.24,1450.0,Net Wt: 10.500 Gm.@Rate 75.00/Gm.,,Sale,0,1,0
2500,2,J22103002144,102,103,445,102,102,103,6.58,0.0,6.58,5650.0,0.0,0.0,4570.87,0.0,0.0,0.0,0.0,0.0,41747.87,0.0,41747.87,1252.44,43000.31,"Net Wt: 6.580 Gm.@Rate 5,650.00/Gm.",,Sale,0,1,0
2500,3,O23104000949,102,104,119,121,109,111,46.0,0.0,46.0,75.0,0.0,0.0,1889.81,0.0,0.0,0.0,0.0,0.0,5339.81,0.0,5339.81,160.2,5500.0,Net Wt: 46.000 Gm.@Rate 75.00/Gm.,,Sale,0,1,0
2500,4,O23103003143,102,103,374,101,102,103,1.79,0.0,1.79,5650.0,0.0,0.0,1536.99,0.0,0.0,0.0,0.0,0.0,11650.49,0.0,11650.49,349.52,12000.0,"Net Wt: 1.790 Gm.@Rate 5,650.00/Gm.",,Sale,0,1,0
2501,1,O23104000950,102,104,119,121,109,111,39.01,0.0,39.01,75.0,0.0,0.0,957.75,0.0,0.0,0.0,0.0,0.0,3883.5,0.0,3883.5,116.5,4000.0,Net Wt: 39.010 Gm.@Rate 75.00/Gm.,,Sale,0,1,0
2502,1,O23104000951,102,104,352,102,109,111,13.62,0.0,13.62,75.0,0.0,0.0,434.81,0.0,0.0,0.0,0.0,0.0,1456.31,0.0,1456.31,43.68,1500.0,Net Wt: 13.620 Gm.@Rate 75.00/Gm.,,Sale,0,1,0
2503,1,O23104000952,102,104,130,132,109,111,10.0,0.0,10.0,75.0,0.0,0.0,1774.27,0.0,0.0,0.0,0.0,0.0,2524.27,0.0,2524.27,75.72,2600.0,Net Wt: 10.000 Gm.@Rate 75.00/Gm.,,Sale,0,1,0
2503,2,J23103002927,102,103,107,102,102,103,3.26,0.0,3.26,5650.0,0.0,0.0,2254.79,0.0,0.0,0.0,0.0,200.0,20873.79,0.0,20873.79,626.22,21500.0,"Net Wt: 3.260 Gm.@Rate 5,650.00/Gm.",,Sale,0,1,0
2504,1,H23103002737,102,103,102,102,102,103,4.33,0.0,4.33,5690.0,0.0,0.0,1181.72,0.0,0.0,0.0,0.0,200.0,26019.42,0.0,26019.42,780.58,26800.0,"Net Wt: 4.330 Gm.@Rate 5,690.00/Gm.",,Sale,0,1,0
2505,1,N23103003024,102,103,235,102,102,103,2.72,0.0,2.72,5690.0,0.0,0.0,2041.65,0.0,0.0,0.0,0.0,200.0,17718.45,0.0,17718.45,531.56,18250.0,"Net Wt: 2.720 Gm.@Rate 5,690.00/Gm.",,Sale,0,1,0
2505,2,O23103003068,102,103,102,102,102,103,2.48,0.0,2.48,5690.0,0.0,0.0,1853.85,0.0,0.0,0.0,0.0,200.0,16165.05,0.0,16165.05,484.96,16650.0,"Net Wt: 2.480 Gm.@Rate 5,690.00/Gm.",,Sale,0,1,0
2505,3,O23104000953,102,104,138,102,109,111,23.77,0.0,23.77,76.0,0.0,0.0,766.3,0.0,0.0,0.0,0.0,0.0,2572.82,0.0,2572.82,77.18,2650.0,Net Wt: 23.770 Gm.@Rate 76.00/Gm.,,Sale,0,1,0
2506,1,O23104000955,102,104,120,122,109,111,9.5,0.0,9.5,75.0,0.0,0.0,743.81,0.0,0.0,0.0,0.0,0.0,1456.31,0.0,1456.31,43.68,1500.0,Net Wt: 9.500 Gm.@Rate 75.00/Gm.,,Sale,0,1,0
2506,2,O23104000956,102,104,124,126,109,111,20.9,0.0,20.9,75.0,0.0,0.0,762.6,0.0,0.0,0.0,0.0,0.0,2330.1,0.0,2330.1,69.9,2400.0,Net Wt: 20.900 Gm.@Rate 75.00/Gm.,,Sale,0,1,0
2506,3,O23104000957,102,104,249,102,109,111,16.3,0.0,16.3,75.0,0.0,0.0,816.33,0.0,0.0,0.0,0.0,0.0,2038.83,0.0,2038.83,61.16,2100.0,Net Wt: 16.300 Gm.@Rate 75.00/Gm.,,Sale,0,1,0
2507,1,O23104000958,102,104,440,101,109,111,3.3,0.0,3.3,75.0,0.0,0.0,1451.53,0.0,0.0,0.0,0.0,0.0,1699.03,0.0,1699.03,50.98,1750.0,Net Wt: 3.300 Gm.@Rate 75.00/Gm.,,Sale,0,1,0
2516,1,O23104000964,102,104,352,102,109,111,51.28,0.0,51.28,78.0,0.0,0.0,1145.79,0.0,0.0,0.0,0.0,0.0,5145.63,0.0,5145.63,154.36,5300.0,Net Wt: 51.280 Gm.@Rate 78.00/Gm.,,Sale,0,1,0
2517,1,O23104000965,102,104,119,121,109,111,25.9,0.0,25.9,75.0,0.0,0.0,873.03,0.0,0.0,0.0,0.0,0.0,2815.53,0.0,2815.53,84.46,2900.0,Net Wt: 25.900 Gm.@Rate 75.00/Gm.,,Sale,0,1,0
2517,2,O23104000966,102,104,289,102,109,111,6.9,0.0,6.9,75.0,0.0,0.0,356.29,0.0,0.0,0.0,0.0,0.0,873.79,0.0,873.79,26.22,900.0,Net Wt: 6.900 Gm.@Rate 75.00/Gm.,,Sale,0,1,0
2518,1,O23103003146,102,103,113,102,102,103,4.2,0.0,4.2,5650.0,0.0,0.0,1512.72,0.0,0.0,0.0,0.0,0.0,25242.72,0.0,25242.72,757.28,26000.0,"Net Wt: 4.200 Gm.@Rate 5,650.00/Gm.",,Sale,0,1,0
2519,1,O23104000967,102,104,289,102,109,111,25.36,0.0,25.36,78.0,0.0,0.0,643.28,0.0,0.0,0.0,0.0,0.0,2621.36,0.0,2621.36,78.64,2700.0,Net Wt: 25.360 Gm.@Rate 78.00/Gm.,,Sale,0,1,0
2520,1,O23103003152,102,103,169,102,102,129,0.12,0.0,0.12,3500.0,0.0,0.0,939.22,0.0,0.0,0.0,0.0,0.0,1359.22,0.0,1359.22,40.78,1400.0,"Net Wt: 0.120 Gm.@Rate 3,500.00/Gm.",,Sale,0,1,0
2520,2,O23104000968,102,104,151,150,109,111,4.2,0.0,4.2,78.0,0.0,0.0,60.75,0.0,0.0,0.0,0.0,0.0,388.35,0.0,388.35,11.66,400.0,Net Wt: 4.200 Gm.@Rate 78.00/Gm.,,Sale,0,1,0
2521,1,O23104000969,102,104,249,102,109,111,23.52,0.0,23.52,78.0,0.0,0.0,495.54,0.0,0.0,0.0,0.0,0.0,2330.1,0.0,2330.1,69.9,2400.0,Net Wt: 23.520 Gm.@Rate 78.00/Gm.,,Sale,0,1,0
2523,1,H23103002788,102,103,235,102,102,103,1.88,0.0,1.88,5650.0,0.0,0.0,348.87,0.0,0.0,0.0,0.0,0.0,10970.87,0.0,10970.87,329.12,11300.0,"Net Wt: 1.880 Gm.@Rate 5,650.00/Gm.",,Sale,0,1,0
2525,1,I23103002890,102,103,115,102,103,104,0.88,0.0,0.88,5750.0,0.0,0.0,571.07,0.0,0.0,0.0,0.0,0.0,5631.07,0.0,5631.07,168.94,5800.0,"Net Wt: 0.880 Gm.@Rate 5,750.00/Gm.",,Sale,0,1,0
2526,1,O23103003153,102,103,115,102,102,103,0.88,0.0,0.88,5750.0,0.0,0.0,571.07,0.0,0.0,0.0,0.0,0.0,5631.07,0.0,5631.07,168.94,5800.0,"Net Wt: 0.880 Gm.@Rate 5,750.00/Gm.",,Sale,0,1,0
2527,1,I23103002890,102,103,115,102,103,104,0.88,0.0,0.88,5750.0,0.0,0.0,571.07,0.0,0.0,0.0,0.0,0.0,5631.07,0.0,5631.07,168.94,5800.0,"Net Wt: 0.880 Gm.@Rate 5,750.00/Gm.",,Return,0,1,0
2528,1,H23103002707,102,103,112,102,102,103,16.87,0.0,16.87,5690.0,0.0,0.0,15660.19,0.0,0.0,0.0,0.0,0.0,111650.49,0.0,111650.49,3349.52,115000.0,"Net Wt: 16.870 Gm.@Rate 5,690.00/Gm.",,Sale,0,1,0
2529,1,O23104001094,102,104,346,102,110,115,19.71,0.0,19.71,45.0,0.0,0.0,938.29,0.0,0.0,0.0,0.0,0.0,1825.24,0.0,1825.24,54.76,1880.0,Net Wt: 19.710 Gm.@Rate 45.00/Gm.,,Sale,0,1,0
2531,1,P23104001254,102,104,351,102,109,111,28.3,0.0,28.3,78.0,0.0,0.0,802.31,0.0,0.0,0.0,0.0,0.0,3009.71,0.0,3009.71,90.3,3100.0,Net Wt: 28.300 Gm.@Rate 78.00/Gm.,,Sale,0,1,0
2532,1,I23103002865,102,103,101,102,102,103,8.5,0.0,8.5,5750.0,0.0,0.0,2581.31,0.0,0.0,0.0,0.0,0.0,51456.31,0.0,51456.31,1543.68,53000.0,"Net Wt: 8.500 Gm.@Rate 5,750.00/Gm.",,Sale,0,1,0
2533,1,O23103003081,102,103,102,102,102,103,3.22,0.0,3.22,5750.0,0.0,0.0,1873.35,0.0,0.0,0.0,0.0,0.0,20388.35,0.0,20388.35,611.66,21000.0,"Net Wt: 3.220 Gm.@Rate 5,750.00/Gm.",,Sale,0,1,0
2534,1,O23104001079,102,104,346,102,110,115,14.23,0.0,14.23,75.0,0.0,0.0,874.5,0.0,0.0,0.0,0.0,0.0,1941.75,0.0,1941.75,58.26,2000.0,Net Wt: 14.230 Gm.@Rate 75.00/Gm.,,Sale,0,1,0
2534,2,P23104001255,102,104,351,102,109,111,12.0,0.0,12.0,78.0,0.0,0.0,34.87,0.0,0.0,0.0,0.0,0.0,970.87,0.0,970.87,29.12,1000.0,Net Wt: 12.000 Gm.@Rate 78.00/Gm.,,Sale,0,1,0
2535,1,P23104001256,102,104,351,102,109,111,7.0,0.0,7.0,75.0,0.0,0.0,445.87,0.0,0.0,0.0,0.0,0.0,970.87,0.0,970.87,29.12,1000.0,Net Wt: 7.000 Gm.@Rate 75.00/Gm.,,Sale,0,1,0
2536,1,H23103002776,102,103,235,102,102,103,9.2,0.0,9.2,5790.0,0.0,0.0,4984.43,0.0,0.0,0.0,0.0,0.0,58252.43,0.0,58252.43,1747.58,60000.0,"Net Wt: 9.200 Gm.@Rate 5,790.00/Gm.",,Sale,0,1,0
2537,1,N23103003043,102,103,420,102,103,104,2.55,0.0,2.55,5850.0,0.0,0.0,1387.35,0.0,0.0,0.0,0.0,200.0,16504.85,0.0,16504.85,495.14,17000.0,"Net Wt: 2.550 Gm.@Rate 5,850.00/Gm.",,Sale,0,1,0
2537,2,H23103002740,102,103,102,102,102,103,1.46,0.0,1.46,5850.0,0.0,0.0,870.65,0.0,0.0,0.0,0.0,200.0,9611.65,0.0,9611.65,288.34,9900.0,"Net Wt: 1.460 Gm.@Rate 5,850.00/Gm.",,Sale,0,1,0
2537,3,O23104001004,102,104,119,121,110,115,53.8,0.0,53.8,75.0,0.0,0.0,2373.09,0.0,0.0,0.0,0.0,0.0,6408.09,0.0,6408.09,192.24,6600.33,Net Wt: 53.800 Gm.@Rate 75.00/Gm.,,Sale,0,1,0
2538,1,N22103002303,102,103,112,102,102,103,23.24,0.0,23.24,5850.0,0.0,0.0,20156.68,0.0,0.0,0.0,0.0,200.0,156310.68,0.0,156310.68,4689.32,161000.0,"Net Wt: 23.240 Gm.@Rate 5,850.00/Gm.",,Sale,0,1,0
2508,1,H23103002789,102,103,235,102,102,103,2.08,0.0,2.08,5690.0,0.0,0.0,2042.83,0.0,0.0,0.0,0.0,200.0,14078.03,0.0,14078.03,422.34,14500.37,"Net Wt: 2.080 Gm.@Rate 5,690.00/Gm.",,Sale,0,1,0
2509,1,O23104000959,102,104,351,102,109,111,8.88,0.0,8.88,65.0,0.0,0.0,199.5,0.0,0.0,0.0,0.0,0.0,776.7,0.0,776.7,23.3,800.0,Net Wt: 8.880 Gm.@Rate 65.00/Gm.,,Sale,0,1,0
2510,1,O23104000960,102,104,440,101,109,111,2.3,0.0,2.3,78.0,0.0,0.0,1956.52,0.0,0.0,0.0,0.0,0.0,2135.92,0.0,2135.92,64.08,2200.0,Net Wt: 2.300 Gm.@Rate 78.00/Gm.,,Sale,0,1,0
2511,1,O23104000961,102,104,134,162,109,111,3.563,0.0,3.563,75.0,0.0,0.0,121.13,0.0,0.0,0.0,0.0,0.0,388.36,0.0,388.36,11.66,400.0,Net Wt: 3.563 Gm.@Rate 75.00/Gm.,,Sale,0,1,0
2512,1,O23103003112,102,103,331,102,102,103,1.7,0.0,1.7,5750.0,0.0,0.0,1189.91,0.0,0.0,0.0,0.0,200.0,11164.91,0.0,11164.91,334.94,11499.86,"Net Wt: 1.700 Gm.@Rate 5,750.00/Gm.",,Sale,0,1,0
2513,1,O23103003144,102,103,169,102,102,129,0.32,0.0,0.32,3500.0,0.0,0.0,821.75,0.0,0.0,0.0,0.0,0.0,1941.75,0.0,1941.75,58.26,2000.0,"Net Wt: 0.320 Gm.@Rate 3,500.00/Gm.",,Sale,0,1,0
2514,1,O23104000962,102,104,119,121,109,111,31.0,0.0,31.0,78.0,0.0,0.0,688.8,0.0,0.0,0.0,0.0,0.0,3106.8,0.0,3106.8,93.2,3200.0,Net Wt: 31.000 Gm.@Rate 78.00/Gm.,,Sale,0,1,0
2514,2,O23104000963,102,104,353,102,109,111,8.0,0.0,8.0,78.0,0.0,0.0,929.4,0.0,0.0,0.0,0.0,0.0,1553.4,0.0,1553.4,46.6,1600.0,Net Wt: 8.000 Gm.@Rate 78.00/Gm.,,Sale,0,1,0
2515,1,O23103003145,102,103,102,102,102,103,9.14,0.0,9.14,5750.0,0.0,0.0,5297.43,0.0,0.0,0.0,0.0,400.0,58252.43,0.0,58252.43,1747.58,60000.0,"Net Wt: 9.140 Gm.@Rate 5,750.00/Gm.",,Sale,0,1,0
2530,1,O21103001790,102,103,116,102,102,103,1.68,0.0,1.68,5650.0,0.0,0.0,216.74,0.0,0.0,0.0,0.0,0.0,9708.74,0.0,9708.74,291.26,10000.0,"Net Wt: 1.680 Gm.@Rate 5,650.00/Gm.",,Sale,0,1,0
2538,2,P23104001257,102,104,353,102,109,111,71.79,0.0,71.79,78.0,0.0,0.0,2264.46,0.0,0.0,0.0,0.0,0.0,7864.08,0.0,7864.08,235.92,8100.0,Net Wt: 71.790 Gm.@Rate 78.00/Gm.,,Sale,0,1,0
2539,1,I23103002907,102,103,103,102,103,104,0.68,0.0,0.68,5750.0,0.0,0.0,1429.81,0.0,0.0,0.0,0.0,0.0,5339.81,0.0,5339.81,160.2,5500.0,"Net Wt: 0.680 Gm.@Rate 5,750.00/Gm.",,Sale,0,1,0
2540,1,P23104001321,102,104,353,102,109,111,16.86,0.0,16.86,78.0,0.0,0.0,2374.24,0.0,0.0,0.0,0.0,0.0,3689.32,0.0,3689.32,110.68,3800.0,Net Wt: 16.860 Gm.@Rate 78.00/Gm.,,Sale,0,1,0
2541,1,P23103003154,102,103,110,102,102,103,1.16,0.0,1.16,5800.0,0.0,0.0,1038.99,0.0,0.0,0.0,0.0,0.0,7766.99,0.0,7766.99,233.0,8000.0,"Net Wt: 1.160 Gm.@Rate 5,800.00/Gm.",,Sale,0,1,0
2546,1,O21103001837,102,103,116,102,102,103,1.28,0.0,1.28,5790.0,0.0,0.0,841.23,0.0,0.0,0.0,0.0,0.0,8252.43,0.0,8252.43,247.58,8500.0,"Net Wt: 1.280 Gm.@Rate 5,790.00/Gm.",,Sale,0,1,0
2546,2,O23104001013,102,104,119,121,110,115,30.3,0.0,30.3,75.0,0.0,0.0,1125.56,0.0,0.0,0.0,0.0,0.0,3398.06,0.0,3398.06,101.94,3500.0,Net Wt: 30.300 Gm.@Rate 75.00/Gm.,,Sale,0,1,0
2547,1,F23103002541,102,103,102,102,102,103,2.66,0.0,2.66,5790.0,0.0,0.0,1388.56,0.0,0.0,0.0,0.0,200.0,16989.96,0.0,16989.96,509.7,17499.66,"Net Wt: 2.660 Gm.@Rate 5,790.00/Gm.",,Sale,0,1,0
2547,2,O23103003074,102,103,102,102,102,103,3.07,0.0,3.07,5790.0,0.0,0.0,956.74,0.0,0.0,0.0,0.0,200.0,18932.04,0.0,18932.04,567.96,19500.0,"Net Wt: 3.070 Gm.@Rate 5,790.00/Gm.",,Sale,0,1,0
2547,3,F23103002623,102,103,101,102,102,103,7.37,0.0,7.37,5790.0,0.0,0.0,5185.56,0.0,0.0,0.0,0.0,200.0,48057.86,0.0,48057.86,1441.74,49499.6,"Net Wt: 7.370 Gm.@Rate 5,790.00/Gm.",,Sale,0,1,0
2551,1,H23103002752,102,103,331,102,102,103,2.66,0.0,2.66,5790.0,0.0,0.0,1291.91,0.0,0.0,0.0,0.0,200.0,16893.31,0.0,16893.31,506.8,17400.11,"Net Wt: 2.660 Gm.@Rate 5,790.00/Gm.",,Sale,0,1,0
2552,1,F23103002608,102,103,338,102,102,103,5.18,0.0,5.18,5790.0,0.0,0.0,4759.26,0.0,0.0,0.0,0.0,200.0,34951.46,0.0,34951.46,1048.54,36000.0,"Net Wt: 5.180 Gm.@Rate 5,790.00/Gm.",,Sale,0,1,0
2553,1,O23104001132,102,104,346,102,110,115,13.67,0.0,13.67,75.0,0.0,0.0,333.97,0.0,0.0,0.0,0.0,0.0,1359.22,0.0,1359.22,40.78,1400.0,Net Wt: 13.670 Gm.@Rate 75.00/Gm.,,Sale,0,1,0
2553,2,O23104001064,102,104,119,121,110,115,15.86,0.0,15.86,75.0,0.0,0.0,266.81,0.0,0.0,0.0,0.0,0.0,1456.31,0.0,1456.31,43.68,1500.0,Net Wt: 15.860 Gm.@Rate 75.00/Gm.,,Sale,0,1,0
2554,1,O23104001016,102,104,119,121,110,115,35.1,0.0,35.1,75.0,0.0,0.0,1153.91,0.0,0.0,0.0,0.0,0.0,3786.41,0.0,3786.41,113.6,3900.0,Net Wt: 35.100 Gm.@Rate 75.00/Gm.,,Sale,0,1,0
2554,2,P23104001323,102,104,309,102,109,111,28.3,0.0,28.3,78.0,0.0,0.0,705.22,0.0,0.0,0.0,0.0,0.0,2912.62,0.0,2912.62,87.38,3000.0,Net Wt: 28.300 Gm.@Rate 78.00/Gm.,,Sale,0,1,0
2557,1,O23104001077,102,104,346,102,110,115,13.91,0.0,13.91,75.0,0.0,0.0,315.97,0.0,0.0,0.0,0.0,0.0,1359.22,0.0,1359.22,40.78,1400.0,Net Wt: 13.910 Gm.@Rate 75.00/Gm.,,Sale,0,1,0
2564,1,H23103002838,102,103,101,102,102,103,8.26,0.0,8.26,5800.0,0.0,0.0,5290.06,0.0,0.0,0.0,0.0,200.0,53398.06,0.0,53398.06,1601.94,55000.0,"Net Wt: 8.260 Gm.@Rate 5,800.00/Gm.",,Sale,0,1,0
2566,1,O23104000984,102,104,119,121,110,115,34.2,0.0,34.2,65.0,0.0,0.0,1466.32,0.0,0.0,0.0,0.0,0.0,3689.32,0.0,3689.32,110.68,3800.0,Net Wt: 34.200 Gm.@Rate 65.00/Gm.,,Sale,0,1,0
2566,2,P23104001328,102,104,289,102,109,111,12.6,0.0,12.6,75.0,0.0,0.0,220.05,0.0,0.0,0.0,0.0,0.0,1165.05,0.0,1165.05,34.96,1200.0,Net Wt: 12.600 Gm.@Rate 75.00/Gm.,,Sale,0,1,0
2542,1,F23103002560,102,103,331,102,102,103,2.24,0.0,2.24,5850.0,0.0,0.0,1744.54,0.0,0.0,0.0,0.0,200.0,15048.54,0.0,15048.54,451.46,15500.0,"Net Wt: 2.240 Gm.@Rate 5,850.00/Gm.",,Sale,0,1,0
2549,1,H21103001538,102,103,331,102,102,103,2.44,0.0,2.44,5790.0,0.0,0.0,2080.17,0.0,0.0,0.0,0.0,200.0,16407.77,0.0,16407.77,492.24,16900.0,"Net Wt: 2.440 Gm.@Rate 5,790.00/Gm.",,Sale,0,1,0
2550,1,H23103002796,102,103,107,102,102,103,2.09,0.0,2.09,5790.0,0.0,0.0,520.26,0.0,0.0,0.0,0.0,0.0,12621.36,0.0,12621.36,378.64,13000.0,"Net Wt: 2.090 Gm.@Rate 5,790.00/Gm.",,Sale,0,1,0
2555,1,O23103003111,102,103,331,102,102,103,1.83,0.0,1.83,5750.0,0.0,0.0,1127.99,0.0,0.0,0.0,0.0,0.0,11650.49,0.0,11650.49,349.52,12000.0,"Net Wt: 1.830 Gm.@Rate 5,750.00/Gm.",,Sale,0,1,0
2556,1,O23103003110,102,103,331,102,102,103,4.77,0.0,4.77,5750.0,0.0,0.0,1242.4,0.0,0.0,0.0,0.0,0.0,28669.9,0.0,28669.9,860.1,29530.0,"Net Wt: 4.770 Gm.@Rate 5,750.00/Gm.",,Sale,0,1,0
2558,1,O23104001076,102,104,346,102,110,115,19.57,0.0,19.57,75.0,0.0,0.0,765.26,0.0,0.0,0.0,0.0,0.0,2233.01,0.0,2233.01,67.0,2300.0,Net Wt: 19.570 Gm.@Rate 75.00/Gm.,,Sale,0,1,0
2558,2,P23104001324,102,104,151,150,109,111,7.65,0.0,7.65,75.0,0.0,0.0,397.12,0.0,0.0,0.0,0.0,0.0,970.87,0.0,970.87,29.12,1000.0,Net Wt: 7.650 Gm.@Rate 75.00/Gm.,,Sale,0,1,0
2565,1,J23103002965,102,103,327,102,102,103,11.52,0.0,11.52,5800.0,0.0,0.0,7353.39,0.0,0.0,0.0,0.0,200.0,74369.39,0.0,74369.39,2231.08,76600.47,"Net Wt: 11.520 Gm.@Rate 5,800.00/Gm.",,Sale,0,1,0
2565,2,I22103002030,102,103,374,101,102,103,1.92,0.0,1.92,5800.0,0.0,0.0,702.47,0.0,0.0,0.0,0.0,200.0,12038.47,0.0,12038.47,361.16,12399.62,"Net Wt: 1.920 Gm.@Rate 5,800.00/Gm.",,Sale,0,1,0
2566,3,P23104001329,102,104,157,153,109,111,14.5,0.0,14.5,75.0,0.0,0.0,1533.86,0.0,0.0,0.0,0.0,0.0,2621.36,0.0,2621.36,78.64,2700.0,Net Wt: 14.500 Gm.@Rate 75.00/Gm.,,Sale,0,1,0
2573,1,H23103002808,102,103,115,102,102,103,2.46,0.0,2.46,5950.0,0.0,0.0,1085.33,0.0,0.0,0.0,0.0,200.0,15922.33,0.0,15922.33,477.66,16400.0,"Net Wt: 2.460 Gm.@Rate 5,950.00/Gm.",,Sale,0,1,0
2574,1,N23103003042,102,103,420,102,103,104,2.46,0.0,2.46,5700.0,0.0,0.0,1894.5,0.0,0.0,0.0,0.0,200.0,16116.5,0.0,16116.5,483.5,16600.0,"Net Wt: 2.460 Gm.@Rate 5,700.00/Gm.",,Sale,0,1,0
2575,1,O23104001020,102,104,119,121,110,115,43.4,0.0,43.4,70.0,0.0,0.0,1719.28,0.0,0.0,0.0,0.0,0.0,4757.28,0.0,4757.28,142.72,4900.0,Net Wt: 43.400 Gm.@Rate 70.00/Gm.,,Sale,0,1,0
2576,1,E24104001331,102,104,353,102,109,111,53.15,0.0,53.15,70.0,0.0,0.0,2104.74,0.0,0.0,0.0,0.0,0.0,5825.24,0.0,5825.24,174.76,6000.0,Net Wt: 53.150 Gm.@Rate 70.00/Gm.,,Sale,0,1,0
2577,1,O23104001014,102,104,119,121,110,115,32.2,0.0,32.2,78.0,0.0,0.0,983.55,0.0,0.0,0.0,0.0,0.0,3495.15,0.0,3495.15,104.86,3600.0,Net Wt: 32.200 Gm.@Rate 78.00/Gm.,,Sale,0,1,0
2577,2,H23103002681,102,103,235,102,102,103,3.55,0.0,3.55,5960.0,0.0,0.0,2428.41,0.0,0.0,0.0,0.0,200.0,23786.41,0.0,23786.41,713.6,24500.0,"Net Wt: 3.550 Gm.@Rate 5,960.00/Gm.",,Sale,0,1,0
2577,3,N23103003035,102,103,444,102,103,104,0.6,0.0,0.6,5500.0,0.0,0.0,1068.93,0.0,0.0,0.0,0.0,0.0,4368.93,0.0,4368.93,131.06,4500.0,"Net Wt: 0.600 Gm.@Rate 5,500.00/Gm.",,Sale,0,1,0
2578,1,O23104000982,102,104,119,121,110,115,18.5,0.0,18.5,78.0,0.0,0.0,595.83,0.0,0.0,0.0,0.0,0.0,2038.83,0.0,2038.83,61.16,2099.99,Net Wt: 18.500 Gm.@Rate 78.00/Gm.,,Sale,0,1,0
2578,2,E24104001332,102,104,163,156,109,111,15.66,0.0,15.66,78.0,0.0,0.0,137.74,0.0,0.0,0.0,0.0,0.0,1359.22,0.0,1359.22,40.78,1400.0,Net Wt: 15.660 Gm.@Rate 78.00/Gm.,,Sale,0,1,0
2579,2,E24103003165,102,103,406,102,102,103,0.7,0.0,0.7,5890.0,0.0,0.0,731.37,0.0,0.0,0.0,0.0,0.0,4854.37,0.0,4854.37,145.64,5000.0,"Net Wt: 0.700 Gm.@Rate 5,890.00/Gm.",,Sale,0,1,0
2581,1,J23103002949,102,103,115,102,102,103,1.22,0.0,1.22,5790.0,0.0,0.0,994.45,0.0,0.0,0.0,0.0,0.0,8058.25,0.0,8058.25,241.74,8300.0,"Net Wt: 1.220 Gm.@Rate 5,790.00/Gm.",,Sale,0,1,0
2580,1,E24104001333,102,104,151,150,109,111,6.5,0.0,6.5,65.0,0.0,0.0,257.11,0.0,0.0,0.0,0.0,0.0,679.61,0.0,679.61,20.38,700.0,Net Wt: 6.500 Gm.@Rate 65.00/Gm.,,Sale,0,1,0
2582,1,N23103003009,102,103,112,102,102,103,13.65,0.0,13.65,5790.0,0.0,0.0,9116.01,0.0,0.0,0.0,0.0,200.0,88349.51,0.0,88349.51,2650.48,91000.0,"Net Wt: 13.650 Gm.@Rate 5,790.00/Gm.",,Sale,0,1,0
2583,1,F23103002548,102,103,331,102,102,103,2.59,0.0,2.59,5940.0,0.09,0.0,1791.13,0.0,0.0,0.0,0.0,300.0,17475.73,0.0,17475.73,524.28,18000.0,"Net Wt: 2.590 Gm.@Rate 5,940.00/Gm.",,Sale,0,1,0
2584,1,H23103002792,102,103,374,102,102,103,2.1,0.0,2.1,5950.0,0.0,0.0,2838.98,0.0,0.0,0.0,0.0,200.0,15533.98,0.0,15533.98,466.02,16000.0,"Net Wt: 2.100 Gm.@Rate 5,950.00/Gm.",,Sale,0,1,0
2586,1,O23104001142,102,104,139,140,110,115,39.02,0.0,39.02,78.0,0.0,0.0,1810.81,0.0,0.0,0.0,0.0,0.0,4854.37,0.0,4854.37,145.64,5000.0,Net Wt: 39.020 Gm.@Rate 78.00/Gm.,,Sale,0,1,0
2586,2,O23104001164,102,104,125,102,110,115,51.79,0.0,51.79,78.0,0.0,0.0,2756.5,0.0,0.0,0.0,0.0,0.0,6796.12,0.0,6796.12,203.88,7000.0,Net Wt: 51.790 Gm.@Rate 78.00/Gm.,,Sale,0,1,0
2587,1,N23103003038,102,103,444,102,103,104,0.58,0.0,0.58,5500.0,0.0,0.0,693.5,0.0,0.0,0.0,0.0,0.0,3883.5,0.0,3883.5,116.5,4000.01,"Net Wt: 0.580 Gm.@Rate 5,500.00/Gm.",,Sale,0,1,0
2588,1,O23104001088,102,104,346,102,110,115,34.43,0.0,34.43,78.0,0.0,0.0,1197.96,0.0,0.0,0.0,0.0,0.0,3883.5,0.0,3883.5,116.5,4000.01,Net Wt: 34.430 Gm.@Rate 78.00/Gm.,,Sale,0,1,0
2543,1,O23104000986,102,104,119,121,110,115,32.3,0.0,32.3,75.0,0.0,0.0,975.56,0.0,0.0,0.0,0.0,0.0,3398.06,0.0,3398.06,101.94,3500.0,Net Wt: 32.300 Gm.@Rate 75.00/Gm.,,Sale,0,1,0
2544,1,P23104001322,102,104,120,122,109,111,17.2,0.0,17.2,78.0,0.0,0.0,503.06,0.0,0.0,0.0,0.0,0.0,1844.66,0.0,1844.66,55.34,1900.0,Net Wt: 17.200 Gm.@Rate 78.00/Gm.,,Sale,0,1,0
2545,1,O23104001002,102,104,119,121,110,115,16.8,0.0,16.8,78.0,0.0,0.0,243.0,0.0,0.0,0.0,0.0,0.0,1553.4,0.0,1553.4,46.6,1600.0,Net Wt: 16.800 Gm.@Rate 78.00/Gm.,,Sale,0,1,0
2594,1,O23103003102,102,103,110,102,103,104,2.57,0.0,2.57,5850.0,0.0,0.0,678.96,0.0,0.0,0.0,0.0,500.0,16213.46,0.0,16213.46,486.4,16699.86,"Net Wt: 2.570 Gm.@Rate 5,850.00/Gm.",,Sale,0,1,0
2589,1,O23104001066,102,104,119,121,110,115,15.3,0.0,15.3,78.0,0.0,0.0,1039.61,0.0,0.0,0.0,0.0,0.0,2233.01,0.0,2233.01,67.0,2300.0,Net Wt: 15.300 Gm.@Rate 78.00/Gm.,,Sale,0,1,0
2590,1,H23103002712,102,103,338,102,102,103,5.15,0.0,5.15,5940.0,0.0,0.0,3189.58,0.0,0.0,0.0,0.0,200.0,33980.58,0.0,33980.58,1019.42,35000.0,"Net Wt: 5.150 Gm.@Rate 5,940.00/Gm.",,Sale,0,1,0
2594,2,F23103002562,102,103,102,102,102,103,2.46,0.0,2.46,5850.0,0.0,0.0,943.13,0.0,0.0,0.0,0.0,200.0,15534.13,0.0,15534.13,466.02,16000.15,"Net Wt: 2.460 Gm.@Rate 5,850.00/Gm.",,Sale,0,1,0
2595,1,O23104001030,102,104,119,121,110,115,31.9,0.0,31.9,78.0,0.0,0.0,424.42,0.0,0.0,0.0,0.0,0.0,2912.62,0.0,2912.62,87.38,3000.0,Net Wt: 31.900 Gm.@Rate 78.00/Gm.,,Sale,0,1,0
2598,1,O23104001078,102,104,346,102,110,115,14.07,0.0,14.07,78.0,0.0,0.0,455.94,0.0,0.0,0.0,0.0,0.0,1553.4,0.0,1553.4,46.6,1600.0,Net Wt: 14.070 Gm.@Rate 78.00/Gm.,,Sale,0,1,0
2599,1,O23104001081,102,104,346,102,110,115,25.36,0.0,25.36,78.0,0.0,0.0,934.54,0.0,0.0,0.0,0.0,0.0,2912.62,0.0,2912.62,87.38,3000.0,Net Wt: 25.360 Gm.@Rate 78.00/Gm.,,Sale,0,1,0
2600,1,O23104001130,102,104,346,102,110,115,14.36,0.0,14.36,78.0,0.0,0.0,578.95,0.0,0.0,0.0,0.0,0.0,1699.03,0.0,1699.03,50.98,1750.0,Net Wt: 14.360 Gm.@Rate 78.00/Gm.,,Sale,0,1,0
2608,1,E24103003200,102,103,102,102,102,103,2.34,0.0,2.34,5850.0,0.0,0.0,1644.98,0.0,0.0,0.0,0.0,200.0,15533.98,0.0,15533.98,466.02,16000.0,"Net Wt: 2.340 Gm.@Rate 5,850.00/Gm.",,Sale,0,1,0
2609,1,N22103002349,102,103,103,102,102,129,0.53,0.0,0.53,5890.0,0.0,0.0,1053.06,0.0,0.0,0.0,0.0,0.0,4174.76,0.0,4174.76,125.24,4300.0,"Net Wt: 0.530 Gm.@Rate 5,890.00/Gm.",,Sale,0,1,0
2610,1,E24103003169,102,103,112,102,102,103,10.98,0.0,10.98,5890.0,0.0,0.0,6972.46,0.0,0.0,0.0,0.0,200.0,71844.66,0.0,71844.66,2155.34,74000.0,"Net Wt: 10.980 Gm.@Rate 5,890.00/Gm.",,Sale,0,1,0
2610,2,H23103002727,102,103,102,102,102,103,1.49,0.0,1.49,5850.0,0.0,0.0,986.41,0.0,0.0,0.0,0.0,200.0,9902.91,0.0,9902.91,297.08,10200.0,"Net Wt: 1.490 Gm.@Rate 5,850.00/Gm.",,Sale,0,1,0
2610,3,I22103002062,102,103,107,102,102,103,2.75,0.0,2.75,5890.0,0.0,0.0,2811.24,0.0,0.0,0.0,0.0,700.0,19708.74,0.0,19708.74,591.26,20300.0,"Net Wt: 2.750 Gm.@Rate 5,890.00/Gm.",,Sale,0,1,0
2610,4,P22103002473,102,103,407,102,103,104,1.57,0.0,1.57,5890.0,0.0,0.0,942.0,0.0,0.0,0.0,0.0,200.0,10389.3,0.0,10389.3,311.68,10700.98,"Net Wt: 1.570 Gm.@Rate 5,890.00/Gm.",,Sale,0,1,0
2611,1,O23104000975,102,104,119,121,110,115,49.3,0.0,49.3,78.0,0.0,0.0,1494.41,0.0,0.0,0.0,0.0,0.0,5339.81,0.0,5339.81,160.2,5500.0,Net Wt: 49.300 Gm.@Rate 78.00/Gm.,,Sale,0,1,0
2612,1,O23103003114,102,103,331,102,102,103,1.53,0.0,1.53,5890.0,0.0,0.0,988.3,0.0,0.0,0.0,0.0,0.0,10000.0,0.0,10000.0,300.0,10300.0,"Net Wt: 1.530 Gm.@Rate 5,890.00/Gm.",,Sale,0,1,0
2613,1,N23103002997,102,103,331,102,102,103,1.68,0.0,1.68,5890.0,0.0,0.0,1075.67,0.0,0.0,0.0,0.0,0.0,10970.87,0.0,10970.87,329.12,11300.0,"Net Wt: 1.680 Gm.@Rate 5,890.00/Gm.",,Sale,0,1,0
2614,1,F23103002529,102,103,102,102,102,103,2.85,0.0,2.85,5890.0,0.0,0.0,1368.84,0.0,0.0,0.0,0.0,0.0,18155.34,0.0,18155.34,544.66,18700.0,"Net Wt: 2.850 Gm.@Rate 5,890.00/Gm.",,Sale,0,1,0
2616,1,E24104001336,102,104,351,102,109,111,12.86,0.0,12.86,80.0,0.0,0.0,641.1,0.0,0.0,0.0,0.0,0.0,1669.9,0.0,1669.9,50.1,1720.0,Net Wt: 12.860 Gm.@Rate 80.00/Gm.,,Sale,0,1,0
2616,2,E24104001337,102,104,157,153,109,111,6.06,0.0,6.06,80.0,0.0,0.0,301.61,0.0,0.0,0.0,0.0,0.0,786.41,0.0,786.41,23.6,810.0,Net Wt: 6.060 Gm.@Rate 80.00/Gm.,,Sale,0,1,0
2616,3,E24104001338,102,104,134,162,109,111,2.74,0.0,2.74,80.0,0.0,0.0,334.2,0.0,0.0,0.0,0.0,0.0,553.4,0.0,553.4,16.6,570.0,Net Wt: 2.740 Gm.@Rate 80.00/Gm.,,Sale,0,1,0
2617,1,I19103000199,102,103,112,102,102,103,19.75,0.0,19.75,5850.0,0.0,0.0,13388.71,0.0,0.0,0.0,0.0,200.0,129126.21,0.0,129126.21,3873.78,133000.0,"Net Wt: 19.750 Gm.@Rate 5,850.00/Gm.",,Sale,0,1,0
2623,1,N23103003036,102,103,444,102,103,104,0.57,0.0,0.57,5500.0,0.0,0.0,748.5,0.0,0.0,0.0,0.0,0.0,3883.5,0.0,3883.5,116.5,4000.01,"Net Wt: 0.570 Gm.@Rate 5,500.00/Gm.",,Sale,0,1,0
2624,1,O23104001045,102,104,119,121,110,115,31.9,0.0,31.9,75.0,0.0,0.0,1491.0,0.0,0.0,0.0,0.0,0.0,3883.5,0.0,3883.5,116.5,4000.01,Net Wt: 31.900 Gm.@Rate 75.00/Gm.,,Sale,0,1,0
2624,2,O23104001075,102,104,346,102,110,115,19.76,0.0,19.76,75.0,0.0,0.0,1430.62,0.0,0.0,0.0,0.0,0.0,2912.62,0.0,2912.62,87.38,3000.0,Net Wt: 19.760 Gm.@Rate 75.00/Gm.,,Sale,0,1,0
2624,3,E24104001339,102,104,125,102,109,111,43.2,0.0,43.2,75.0,0.0,0.0,2099.81,0.0,0.0,0.0,0.0,0.0,5339.81,0.0,5339.81,160.2,5500.0,Net Wt: 43.200 Gm.@Rate 75.00/Gm.,,Sale,0,1,0
2558,3,P23104001325,102,104,351,102,109,111,10.13,0.0,10.13,75.0,0.0,0.0,405.3,0.0,0.0,0.0,0.0,0.0,1165.05,0.0,1165.05,34.96,1200.0,Net Wt: 10.130 Gm.@Rate 75.00/Gm.,,Sale,0,1,0
2558,4,O23104001077,102,104,346,102,110,115,13.91,0.0,13.91,75.0,0.0,0.0,315.97,0.0,0.0,0.0,0.0,0.0,1359.22,0.0,1359.22,40.78,1400.0,Net Wt: 13.910 Gm.@Rate 75.00/Gm.,,Return,0,1,0
2559,1,P23104001326,102,104,119,121,109,111,40.3,0.0,40.3,75.0,0.0,0.0,861.0,0.0,0.0,0.0,0.0,0.0,3883.5,0.0,3883.5,116.5,4000.0,Net Wt: 40.300 Gm.@Rate 75.00/Gm.,,Sale,0,1,0
2560,1,P23104001327,102,104,351,102,109,111,5.2,0.0,5.2,75.0,0.0,0.0,192.52,0.0,0.0,0.0,0.0,0.0,582.52,0.0,582.52,17.48,600.0,Net Wt: 5.200 Gm.@Rate 75.00/Gm.,,Sale,0,1,0
2562,1,P23103003155,102,103,115,102,102,129,0.4,0.0,0.4,5500.0,0.0,0.0,906.8,0.0,0.0,0.0,0.0,0.0,3106.8,0.0,3106.8,93.2,3200.0,"Net Wt: 0.400 Gm.@Rate 5,500.00/Gm.",,Sale,0,1,0
2563,1,H23103002732,102,103,102,102,102,103,1.45,0.0,1.45,5890.0,0.0,0.0,876.98,0.0,0.0,0.0,0.0,0.0,9417.48,0.0,9417.48,282.52,9700.0,"Net Wt: 1.450 Gm.@Rate 5,890.00/Gm.",,Sale,0,1,0
2563,2,P23103003156,102,103,404,102,102,129,1.16,0.0,1.16,5700.0,0.0,0.0,654.99,0.0,0.0,0.0,0.0,500.0,7766.99,0.0,7766.99,233.0,8000.0,"Net Wt: 1.160 Gm.@Rate 5,700.00/Gm.",,Sale,0,1,0
2625,1,E24103003213,102,103,235,102,102,103,8.41,0.0,8.41,5780.0,0.0,0.0,7050.39,0.0,0.0,0.0,0.0,0.0,55660.19,0.0,55660.19,1669.8,57330.0,"Net Wt: 8.410 Gm.@Rate 5,780.00/Gm.",,Sale,0,1,0
2627,1,O23104000981,102,104,119,121,110,115,17.0,0.0,17.0,80.0,0.0,0.0,1067.18,0.0,0.0,0.0,0.0,0.0,2427.18,0.0,2427.18,72.82,2500.0,Net Wt: 17.000 Gm.@Rate 80.00/Gm.,,Sale,0,1,0
2633,1,N22103002335,102,103,103,102,102,129,1.12,0.0,1.12,5500.0,0.0,0.0,636.12,0.0,0.0,0.0,0.0,0.0,6796.12,0.0,6796.12,203.88,7000.0,"Net Wt: 1.120 Gm.@Rate 5,500.00/Gm.",,Sale,0,1,0
2636,1,F20103001007,102,103,110,102,102,103,1.64,0.0,1.64,5890.0,0.0,0.0,1408.36,0.0,0.0,0.0,0.0,0.0,11067.96,0.0,11067.96,332.04,11400.0,"Net Wt: 1.640 Gm.@Rate 5,890.00/Gm.",,Sale,0,1,0
2637,1,F23103002544,102,103,331,102,102,103,1.78,0.0,1.78,5850.0,0.0,0.0,1431.66,0.0,0.0,0.0,0.0,0.0,11844.66,0.0,11844.66,355.34,12200.0,"Net Wt: 1.780 Gm.@Rate 5,850.00/Gm.",,Sale,0,1,0
2637,2,I22103002084,102,103,110,102,102,103,2.61,0.0,2.61,5850.0,0.0,0.0,2013.05,0.0,0.0,0.0,0.0,0.0,17281.55,0.0,17281.55,518.44,17800.0,"Net Wt: 2.610 Gm.@Rate 5,850.00/Gm.",,Sale,0,1,0
2638,1,N23103002996,102,103,331,102,102,103,1.72,0.0,1.72,5850.0,0.0,0.0,1200.14,0.0,0.0,0.0,0.0,0.0,11262.14,0.0,11262.14,337.86,11600.0,"Net Wt: 1.720 Gm.@Rate 5,850.00/Gm.",,Sale,0,1,0
2639,1,F24103003222,102,103,102,102,102,103,3.25,0.0,3.25,5850.0,0.0,0.0,1952.55,0.0,0.0,0.0,0.0,200.0,21165.05,0.0,21165.05,634.96,21800.0,"Net Wt: 3.250 Gm.@Rate 5,850.00/Gm.",,Sale,0,1,0
2640,1,F23103002566,102,103,103,102,102,103,1.18,0.0,1.18,5850.0,0.0,0.0,760.91,0.0,0.0,0.0,0.0,200.0,7863.91,0.0,7863.91,235.92,8099.83,"Net Wt: 1.180 Gm.@Rate 5,850.00/Gm.",,Sale,0,1,0
2640,2,E24103003172,102,103,374,102,102,103,1.29,0.0,1.29,5850.0,0.0,0.0,894.28,0.0,0.0,0.0,0.0,200.0,8640.78,0.0,8640.78,259.22,8900.0,"Net Wt: 1.290 Gm.@Rate 5,850.00/Gm.",,Sale,0,1,0
2641,1,J23103002954,102,103,116,102,102,103,0.67,0.0,0.67,5800.0,0.0,0.0,313.03,0.0,0.0,0.0,0.0,0.0,4199.03,0.0,4199.03,125.98,4325.0,"Net Wt: 0.670 Gm.@Rate 5,800.00/Gm.",,Sale,0,1,0
2642,1,E24103003210,102,103,331,102,102,103,1.93,0.0,1.93,5850.0,0.0,0.0,1330.86,0.0,0.0,0.0,0.0,0.0,12621.36,0.0,12621.36,378.64,13000.0,"Net Wt: 1.930 Gm.@Rate 5,850.00/Gm.",,Sale,0,1,0
2643,1,O23104001091,102,104,346,102,110,115,46.83,0.0,46.83,75.0,0.0,0.0,1633.38,0.0,0.0,0.0,0.0,0.0,5145.63,0.0,5145.63,154.36,5300.0,Net Wt: 46.830 Gm.@Rate 75.00/Gm.,,Sale,0,1,0
2644,1,F24103003223,102,103,338,102,102,103,4.85,0.0,4.85,5850.0,0.0,0.0,2501.29,0.0,0.0,0.0,0.0,0.0,30873.79,0.0,30873.79,926.22,31800.0,"Net Wt: 4.850 Gm.@Rate 5,850.00/Gm.",,Sale,0,1,0
2646,1,F24103003224,102,103,235,102,102,103,10.99,0.0,10.99,5800.0,0.0,0.0,5960.91,0.0,0.0,0.0,0.0,200.0,69902.91,0.0,69902.91,2097.08,72000.0,"Net Wt: 10.990 Gm.@Rate 5,800.00/Gm.",,Sale,0,1,0
2647,1,F24103003225,102,103,235,102,102,103,3.93,0.0,3.93,5850.0,0.0,0.0,3023.09,0.0,0.0,0.0,0.0,200.0,26213.59,0.0,26213.59,786.4,27000.0,"Net Wt: 3.930 Gm.@Rate 5,850.00/Gm.",,Sale,0,1,0
2648,1,E24103003211,102,103,102,102,102,103,3.31,0.0,3.31,5890.0,0.0,0.0,1954.59,0.0,0.0,0.0,0.0,200.0,21650.49,0.0,21650.49,649.52,22300.0,"Net Wt: 3.310 Gm.@Rate 5,890.00/Gm.",,Sale,0,1,0
2649,1,F24104001341,102,104,151,150,109,111,5.3,0.0,5.3,80.0,0.0,0.0,276.0,0.0,0.0,0.0,0.0,0.0,700.0,0.0,700.0,21.0,721.0,Net Wt: 5.300 Gm.@Rate 80.00/Gm.,,Sale,0,1,0
2650,2,H23103002738,102,103,102,102,102,103,3.62,0.0,3.62,5890.0,0.0,0.0,2361.7,0.0,0.0,0.0,0.0,200.0,23883.5,0.0,23883.5,716.5,24600.01,"Net Wt: 3.620 Gm.@Rate 5,890.00/Gm.",,Sale,0,1,0
2650,3,H23103002840,102,103,102,102,102,103,5.33,0.0,5.33,5890.0,0.0,0.0,3649.26,0.0,0.0,0.0,0.0,200.0,35242.96,0.0,35242.96,1057.28,36300.25,"Net Wt: 5.330 Gm.@Rate 5,890.00/Gm.",,Sale,0,1,0
2650,4,O22103002430,102,103,107,102,102,103,3.19,0.0,3.19,5890.0,0.0,0.0,2078.77,0.0,0.0,0.0,0.0,200.0,21067.87,0.0,21067.87,632.04,21699.91,"Net Wt: 3.190 Gm.@Rate 5,890.00/Gm.",,Sale,0,1,0
2650,5,E24103003179,102,103,118,102,102,103,4.98,0.0,4.98,5890.0,0.0,0.0,3283.33,0.0,0.0,0.0,0.0,200.0,32815.53,0.0,32815.53,984.46,33800.0,"Net Wt: 4.980 Gm.@Rate 5,890.00/Gm.",,Sale,0,1,0
2567,1,O23103003082,102,103,102,102,102,103,3.46,0.0,3.46,5850.0,0.0,0.0,2083.0,0.0,0.0,0.0,0.0,200.0,22524.27,0.0,22524.27,675.72,23200.0,"Net Wt: 3.460 Gm.@Rate 5,850.00/Gm.",,Sale,0,1,0
2568,1,O23104001067,102,104,119,121,110,115,18.29,0.0,18.29,75.0,0.0,0.0,570.0,0.0,0.0,0.0,0.0,0.0,1941.75,0.0,1941.75,58.26,2000.0,Net Wt: 18.290 Gm.@Rate 75.00/Gm.,,Sale,0,1,0
2568,2,P23104001330,102,104,351,102,109,111,10.26,0.0,10.26,75.0,0.0,0.0,201.37,0.0,0.0,0.0,0.0,0.0,970.87,0.0,970.87,29.12,1000.0,Net Wt: 10.260 Gm.@Rate 75.00/Gm.,,Sale,0,1,0
2569,1,P23103003157,102,103,169,102,102,129,0.29,0.0,0.29,5000.0,0.0,0.0,928.64,0.0,0.0,0.0,0.0,0.0,2378.64,0.0,2378.64,71.36,2450.0,"Net Wt: 0.290 Gm.@Rate 5,000.00/Gm.",,Sale,0,1,0
2570,1,O21103001763,102,103,115,102,102,103,5.2,0.0,5.2,5850.0,0.0,0.0,4046.02,0.0,0.0,0.0,0.0,0.0,34466.02,0.0,34466.02,1033.98,35500.0,"Net Wt: 5.200 Gm.@Rate 5,850.00/Gm.",,Sale,0,1,0
2571,1,J23103002966,102,103,103,102,102,103,3.07,0.0,3.07,5980.0,0.0,0.0,2218.1,0.0,0.0,0.0,0.0,200.0,20776.7,0.0,20776.7,623.3,21400.0,"Net Wt: 3.070 Gm.@Rate 5,980.00/Gm.",,Sale,0,1,0
2572,1,O22103002419,102,103,115,102,102,103,3.02,0.0,3.02,5900.0,0.0,0.0,1884.91,0.0,0.0,0.0,0.0,200.0,19902.91,0.0,19902.91,597.08,20500.0,"Net Wt: 3.020 Gm.@Rate 5,900.00/Gm.",,Sale,0,1,0
2596,1,I22103002023,102,103,327,102,102,103,5.37,0.0,5.37,5850.0,0.0,0.0,3336.96,0.0,0.0,0.0,0.0,200.0,34951.46,0.0,34951.46,1048.54,36000.0,"Net Wt: 5.370 Gm.@Rate 5,850.00/Gm.",,Sale,0,1,0
2597,1,O23104000979,102,104,119,121,110,115,25.1,0.0,25.1,78.0,0.0,0.0,954.82,0.0,0.0,0.0,0.0,0.0,2912.62,0.0,2912.62,87.38,3000.0,Net Wt: 25.100 Gm.@Rate 78.00/Gm.,,Sale,0,1,0
2601,1,E24103003183,102,103,102,102,102,103,5.15,0.0,5.15,5850.0,0.0,0.0,3847.26,0.0,0.0,0.0,0.0,200.0,34174.76,0.0,34174.76,1025.24,35200.0,"Net Wt: 5.150 Gm.@Rate 5,850.00/Gm.",,Sale,0,1,0
2601,2,E24103003198,102,103,113,102,102,103,8.8,0.0,8.8,5850.0,0.0,0.0,6384.08,0.0,0.0,0.0,0.0,0.0,57864.08,0.0,57864.08,1735.92,59600.0,"Net Wt: 8.800 Gm.@Rate 5,850.00/Gm.",,Sale,0,1,0
2601,3,E24104001334,102,104,119,121,109,111,176.34,0.0,176.34,78.0,0.0,0.0,3715.38,0.0,0.0,0.0,0.0,200.0,17669.9,0.0,17669.9,530.1,18200.0,Net Wt: 176.340 Gm.@Rate 78.00/Gm.,,Sale,0,1,0
2602,1,F23103002579,102,103,103,102,102,103,2.18,0.0,2.18,5900.0,0.0,0.0,1118.58,0.0,0.0,0.0,0.0,0.0,13980.58,0.0,13980.58,419.42,14400.0,"Net Wt: 2.180 Gm.@Rate 5,900.00/Gm.",,Sale,0,1,0
2603,1,E24104001335,102,104,440,101,109,111,6.0,0.0,6.0,78.0,0.0,0.0,1444.62,0.0,0.0,0.0,0.0,1000.0,2912.62,0.0,2912.62,87.38,3000.0,Net Wt: 6.000 Gm.@Rate 78.00/Gm.,,Sale,0,1,0
2604,1,E24103003199,102,103,116,102,102,103,6.13,0.0,6.13,5980.0,0.0,0.0,3993.09,0.0,0.0,0.0,0.0,1000.0,41650.49,0.0,41650.49,1249.52,42900.0,"Net Wt: 6.130 Gm.@Rate 5,980.00/Gm.",,Sale,0,1,0
2605,1,H23103002725,102,103,342,102,102,103,13.73,0.0,13.73,5980.0,0.0,0.0,8933.43,0.0,0.0,0.0,0.0,1000.0,92038.83,0.0,92038.83,2761.16,94799.99,"Net Wt: 13.730 Gm.@Rate 5,980.00/Gm.",,Sale,0,1,0
2606,1,N23103002992,102,103,102,102,102,103,2.65,0.0,2.65,5890.0,0.0,0.0,1667.23,0.0,0.0,0.0,0.0,200.0,17475.73,0.0,17475.73,524.28,18000.0,"Net Wt: 2.650 Gm.@Rate 5,890.00/Gm.",,Sale,0,1,0
2607,1,O23104001163,102,104,125,102,110,115,50.72,0.0,50.72,78.0,0.0,0.0,898.21,0.0,0.0,0.0,0.0,0.0,4854.37,0.0,4854.37,145.64,5000.0,Net Wt: 50.720 Gm.@Rate 78.00/Gm.,,Sale,0,1,0
2618,1,H23103002695,102,103,235,102,102,103,1.66,0.0,1.66,5890.0,0.0,0.0,416.77,0.0,0.0,0.0,0.0,0.0,10194.17,0.0,10194.17,305.82,10500.0,"Net Wt: 1.660 Gm.@Rate 5,890.00/Gm.",,Sale,0,1,0
2619,1,E24103003161,102,103,112,102,102,103,8.02,0.0,8.02,5800.0,0.0,0.0,5031.57,0.0,0.0,0.0,0.0,200.0,51747.57,0.0,51747.57,1552.42,53300.0,"Net Wt: 8.020 Gm.@Rate 5,800.00/Gm.",,Sale,0,1,0
2620,1,J23103002961,102,103,116,102,102,103,0.68,0.0,0.68,5890.0,0.0,0.0,266.64,0.0,0.0,0.0,0.0,0.0,4271.84,0.0,4271.84,128.16,4400.0,"Net Wt: 0.680 Gm.@Rate 5,890.00/Gm.",,Sale,0,1,0
2620,2,E24103003219,102,103,428,101,102,103,4.25,0.0,4.25,5890.0,0.0,0.0,2637.4,0.0,0.0,0.0,0.0,0.0,27669.9,0.0,27669.9,830.1,28500.0,"Net Wt: 4.250 Gm.@Rate 5,890.00/Gm.",,Sale,0,1,0
2621,1,O23104001083,102,104,346,102,110,115,32.0,0.0,32.0,75.0,0.0,0.0,512.62,0.0,0.0,0.0,0.0,0.0,2912.62,0.0,2912.62,87.38,3000.0,Net Wt: 32.000 Gm.@Rate 75.00/Gm.,,Sale,0,1,0
2622,1,F23103002643,102,103,110,102,102,103,1.96,0.0,1.96,5850.0,0.0,0.0,1232.06,0.0,0.0,0.0,0.0,700.0,13398.06,0.0,13398.06,401.94,13800.0,"Net Wt: 1.960 Gm.@Rate 5,850.00/Gm.",,Sale,0,1,0
2634,1,H23103002802,102,103,238,102,102,103,0.87,0.0,0.87,5890.0,0.0,0.0,798.03,0.0,0.0,0.0,0.0,0.0,5922.33,0.0,5922.33,177.66,6100.0,"Net Wt: 0.870 Gm.@Rate 5,890.00/Gm.",,Sale,0,1,0
2634,2,P22103002469,102,103,238,102,102,103,0.83,0.0,0.83,5890.0,0.0,0.0,693.82,0.0,0.0,0.0,0.0,0.0,5582.52,0.0,5582.52,167.48,5750.0,"Net Wt: 0.830 Gm.@Rate 5,890.00/Gm.",,Sale,0,1,0
2635,1,N23103003000,102,103,331,102,102,103,1.2,0.0,1.2,5890.0,0.0,0.0,1184.43,0.0,0.0,0.0,0.0,0.0,8252.43,0.0,8252.43,247.58,8500.0,"Net Wt: 1.200 Gm.@Rate 5,890.00/Gm.",,Sale,0,1,0
2657,1,F23103002581,102,103,103,102,102,103,2.89,0.0,2.89,5800.0,0.0,0.0,1684.6,0.0,0.0,0.0,0.0,0.0,18446.6,0.0,18446.6,553.4,19000.0,"Net Wt: 2.890 Gm.@Rate 5,800.00/Gm.",,Sale,0,1,0
2657,2,E24103003171,102,103,112,102,102,103,12.23,0.0,12.23,5800.0,0.0,0.0,6735.9,0.0,0.0,0.0,0.0,0.0,77669.9,0.0,77669.9,2330.1,80000.0,"Net Wt: 12.230 Gm.@Rate 5,800.00/Gm.",,Sale,0,1,0
2591,1,O23103003130,102,103,112,102,102,103,14.27,0.0,14.27,5900.0,0.0,0.0,10073.0,0.0,0.0,0.0,0.0,200.0,94466.41,0.0,94466.41,2834.0,97300.4,"Net Wt: 14.270 Gm.@Rate 5,900.00/Gm.",,Sale,0,1,0
2591,2,O23103003086,102,103,235,102,102,103,5.88,0.0,5.88,5900.0,0.0,0.0,4137.0,0.0,0.0,0.0,0.0,200.0,39029.13,0.0,39029.13,1170.88,40200.0,"Net Wt: 5.880 Gm.@Rate 5,900.00/Gm.",,Sale,0,1,0
2591,3,N22103002322,102,103,116,102,102,103,6.23,0.0,6.23,5900.0,0.0,0.0,4305.0,0.0,0.0,0.0,0.0,200.0,41262.14,0.0,41262.14,1237.86,42500.0,"Net Wt: 6.230 Gm.@Rate 5,900.00/Gm.",,Sale,0,1,0
2592,1,F23103002661,102,103,101,102,102,103,9.54,0.0,9.54,5850.0,0.0,0.0,5641.49,0.0,0.0,0.0,0.0,200.0,61650.49,0.0,61650.49,1849.52,63500.0,"Net Wt: 9.540 Gm.@Rate 5,850.00/Gm.",,Sale,0,1,0
2592,2,P22103002470,102,103,338,102,102,103,2.34,0.0,2.34,5850.0,0.0,0.0,1451.09,0.0,0.0,0.0,0.0,200.0,15340.09,0.0,15340.09,460.2,15800.29,"Net Wt: 2.340 Gm.@Rate 5,850.00/Gm.",,Sale,0,1,0
2592,3,H23103002785,102,103,235,102,102,103,3.08,0.0,3.08,5850.0,0.0,0.0,1879.09,0.0,0.0,0.0,0.0,200.0,20097.09,0.0,20097.09,602.92,20700.0,"Net Wt: 3.080 Gm.@Rate 5,850.00/Gm.",,Sale,0,1,0
2593,1,O23104001039,102,104,119,121,110,115,19.7,0.0,19.7,78.0,0.0,0.0,744.95,0.0,0.0,0.0,0.0,0.0,2281.55,0.0,2281.55,68.44,2350.0,Net Wt: 19.700 Gm.@Rate 78.00/Gm.,,Sale,0,1,0
2585,1,O23103003075,102,103,102,102,102,103,2.61,0.0,2.61,6090.0,0.0,0.0,1726.46,0.0,0.0,0.0,0.0,0.0,17621.36,0.0,17621.36,528.64,18150.0,"Net Wt: 2.610 Gm.@Rate 6,090.00/Gm.",,Sale,0,1,0
2585,2,N23103003042,102,103,420,102,103,104,2.46,0.0,2.46,5550.0,0.0,0.0,2463.5,0.0,0.0,0.0,0.0,0.0,16116.5,0.0,16116.5,483.5,16600.0,"Net Wt: 2.460 Gm.@Rate 5,550.00/Gm.",,Return,0,1,0
2650,1,E24103003166,102,103,112,102,102,103,12.37,0.0,12.37,5890.0,0.0,0.0,8008.66,0.0,0.0,0.0,0.0,200.0,81067.96,0.0,81067.96,2432.04,83500.0,"Net Wt: 12.370 Gm.@Rate 5,890.00/Gm.",,Sale,0,1,0
2657,3,F24103003226,102,103,113,102,102,103,4.1,0.0,4.1,5800.0,0.0,0.0,3404.47,0.0,0.0,0.0,0.0,0.0,27184.47,0.0,27184.47,815.54,28000.0,"Net Wt: 4.100 Gm.@Rate 5,800.00/Gm.",,Sale,0,1,0
2657,4,F24103003227,102,103,102,102,102,103,1.45,0.0,1.45,5800.0,0.0,0.0,1298.74,0.0,0.0,0.0,0.0,0.0,9708.74,0.0,9708.74,291.26,10000.0,"Net Wt: 1.450 Gm.@Rate 5,800.00/Gm.",,Sale,0,1,0
2658,1,E24103003174,102,103,374,102,102,103,2.14,0.0,2.14,5850.0,0.0,0.0,1164.5,0.0,0.0,0.0,0.0,200.0,13883.5,0.0,13883.5,416.5,14300.01,"Net Wt: 2.140 Gm.@Rate 5,850.00/Gm.",,Sale,0,1,0
2659,1,E24103003201,102,103,114,102,102,103,12.2,0.0,12.2,5800.0,0.0,0.0,4191.46,0.0,0.0,0.0,0.0,0.0,74951.46,0.0,74951.46,2248.54,77200.0,"Net Wt: 12.200 Gm.@Rate 5,800.00/Gm.",,Sale,0,1,0
2660,1,F24104001342,102,104,151,150,109,111,10.2,0.0,10.2,75.0,0.0,0.0,351.5,0.0,0.0,0.0,0.0,0.0,1116.5,0.0,1116.5,33.5,1150.0,Net Wt: 10.200 Gm.@Rate 75.00/Gm.,,Sale,0,1,0
2661,1,F24103003228,102,103,102,102,102,103,1.58,0.0,1.58,5800.0,0.0,0.0,632.12,0.0,0.0,0.0,0.0,0.0,9796.12,0.0,9796.12,293.88,10090.0,"Net Wt: 1.580 Gm.@Rate 5,800.00/Gm.",,Sale,0,1,0
2662,1,F24103003229,102,103,102,102,102,103,1.55,0.0,1.55,5850.0,0.0,0.0,2568.42,0.0,0.0,0.0,0.0,500.0,12135.92,0.0,12135.92,364.08,12500.0,"Net Wt: 1.550 Gm.@Rate 5,850.00/Gm.",,Sale,0,1,0
2663,1,F24104001343,102,104,119,121,109,111,27.24,0.0,27.24,70.0,0.0,0.0,132.03,0.0,0.0,0.0,0.0,0.0,2038.83,0.0,2038.83,61.16,2100.0,Net Wt: 27.240 Gm.@Rate 70.00/Gm.,,Sale,0,1,0
2664,1,F24104001344,102,104,352,102,109,111,63.42,0.0,63.42,78.0,0.0,0.0,2820.23,0.0,0.0,0.0,0.0,0.0,7766.99,0.0,7766.99,233.0,8000.0,Net Wt: 63.420 Gm.@Rate 78.00/Gm.,,Sale,0,1,0
2665,1,F23103002575,102,103,103,102,102,103,2.42,0.0,2.42,5800.0,0.0,0.0,1012.54,0.0,0.0,0.0,0.0,0.0,15048.54,0.0,15048.54,451.46,15500.0,"Net Wt: 2.420 Gm.@Rate 5,800.00/Gm.",,Sale,0,1,0
2666,1,O23104001141,102,104,139,140,110,115,24.4,0.0,24.4,78.0,0.0,0.0,1009.42,0.0,0.0,0.0,0.0,0.0,2912.62,0.0,2912.62,87.38,3000.0,Net Wt: 24.400 Gm.@Rate 78.00/Gm.,,Sale,0,1,0
2667,1,O23104001166,102,104,136,137,110,115,12.52,0.0,12.52,78.0,0.0,0.0,383.0,0.0,0.0,0.0,0.0,0.0,1359.22,0.0,1359.22,40.78,1400.0,Net Wt: 12.520 Gm.@Rate 78.00/Gm.,,Sale,0,1,0
2667,2,F24104001345,102,104,354,102,109,111,44.91,0.0,44.91,78.0,0.0,0.0,2322.26,0.0,0.0,0.0,0.0,0.0,5825.24,0.0,5825.24,174.76,6000.0,Net Wt: 44.910 Gm.@Rate 78.00/Gm.,,Sale,0,1,0
2668,1,E24103003170,102,103,112,102,102,103,7.95,0.0,7.95,5850.0,0.0,0.0,5234.25,0.0,0.0,0.0,0.0,200.0,51941.75,0.0,51941.75,1558.26,53500.0,"Net Wt: 7.950 Gm.@Rate 5,850.00/Gm.",,Sale,0,1,0
2674,1,O23103003083,102,103,102,102,102,103,2.75,0.0,2.75,5850.0,0.0,0.0,1188.23,0.0,0.0,0.0,0.0,200.0,17475.73,0.0,17475.73,524.28,18000.0,"Net Wt: 2.750 Gm.@Rate 5,850.00/Gm.",,Sale,0,1,0
2675,1,H23103002790,102,103,374,102,102,103,1.23,0.0,1.23,5800.0,0.0,0.0,918.43,0.0,0.0,0.0,0.0,200.0,8252.43,0.0,8252.43,247.58,8500.0,"Net Wt: 1.230 Gm.@Rate 5,800.00/Gm.",,Sale,0,1,0
2676,1,H23103002807,102,103,115,102,102,103,1.89,0.0,1.89,5800.0,0.0,0.0,973.92,0.0,0.0,0.0,0.0,200.0,12135.92,0.0,12135.92,364.08,12500.0,"Net Wt: 1.890 Gm.@Rate 5,800.00/Gm.",,Sale,0,1,0
2676,2,I23103002883,102,103,115,102,103,104,3.02,0.0,3.02,5800.0,0.0,0.0,1701.48,0.0,0.0,0.0,0.0,200.0,19417.48,0.0,19417.48,582.52,20000.0,"Net Wt: 3.020 Gm.@Rate 5,800.00/Gm.",,Sale,0,1,0
2677,1,F24103003231,102,103,176,102,101,102,20.0,0.0,20.0,6350.0,0.0,0.0,9013.59,0.0,0.0,0.0,0.0,200.0,136213.59,0.0,136213.59,4086.4,140300.0,"Net Wt: 20.000 Gm.@Rate 6,350.00/Gm.",,Sale,0,1,0
2628,1,E24103003167,102,103,112,102,102,103,5.83,0.0,5.83,5780.0,0.0,0.0,2292.89,0.0,0.0,0.0,0.0,0.0,35990.29,0.0,35990.29,1079.7,37070.0,"Net Wt: 5.830 Gm.@Rate 5,780.00/Gm.",,Sale,0,1,0
2629,1,E24103003220,102,103,102,102,102,103,5.09,0.0,5.09,5780.0,0.0,0.0,8729.31,0.0,0.0,0.0,0.0,200.0,38349.51,0.0,38349.51,1150.48,39500.0,"Net Wt: 5.090 Gm.@Rate 5,780.00/Gm.",,Sale,0,1,0
2630,1,E24104001340,102,104,151,150,109,111,17.8,0.0,17.8,80.0,0.0,0.0,420.66,0.0,0.0,0.0,0.0,0.0,1844.66,0.0,1844.66,55.34,1900.0,Net Wt: 17.800 Gm.@Rate 80.00/Gm.,,Sale,0,1,0
2631,1,E24103003189,102,103,331,102,102,103,2.42,0.0,2.42,5890.0,0.0,0.0,1953.97,0.0,0.0,0.0,0.0,200.0,16407.77,0.0,16407.77,492.24,16900.0,"Net Wt: 2.420 Gm.@Rate 5,890.00/Gm.",,Sale,0,1,0
2632,1,F23103002619,102,103,327,102,102,103,5.96,0.0,5.96,5780.0,0.0,0.0,3506.54,0.0,0.0,0.0,0.0,200.0,38155.34,0.0,38155.34,1144.66,39300.0,"Net Wt: 5.960 Gm.@Rate 5,780.00/Gm.",,Sale,0,1,0
2632,2,O23103003084,102,103,102,102,102,103,3.49,0.0,3.49,5780.0,0.0,0.0,2054.98,0.0,0.0,0.0,0.0,200.0,22427.18,0.0,22427.18,672.82,23100.0,"Net Wt: 3.490 Gm.@Rate 5,780.00/Gm.",,Sale,0,1,0
2632,3,E24103003221,102,103,407,102,102,103,1.2,0.0,1.2,5780.0,0.0,0.0,728.08,0.0,0.0,0.0,0.0,200.0,7864.08,0.0,7864.08,235.92,8100.0,"Net Wt: 1.200 Gm.@Rate 5,780.00/Gm.",,Sale,0,1,0
2669,1,N21103001637,102,103,112,102,102,103,13.83,0.0,13.83,5850.0,0.0,0.0,11127.51,0.0,0.0,0.0,0.0,200.0,92233.01,0.0,92233.01,2767.0,95000.0,"Net Wt: 13.830 Gm.@Rate 5,850.00/Gm.",,Sale,0,1,0
2678,1,F24103003232,102,103,402,102,102,103,5.12,0.0,5.12,5850.0,0.0,0.0,2857.71,0.0,0.0,0.0,0.0,200.0,33009.71,0.0,33009.71,990.3,34000.0,"Net Wt: 5.120 Gm.@Rate 5,850.00/Gm.",,Sale,0,1,0
2679,1,H23103002692,102,103,235,102,102,103,3.64,0.0,3.64,5790.0,0.0,0.0,2996.24,0.0,0.0,0.0,0.0,200.0,24271.84,0.0,24271.84,728.16,25000.0,"Net Wt: 3.640 Gm.@Rate 5,790.00/Gm.",,Sale,0,1,0
2680,1,F24103003233,102,103,103,102,102,103,5.33,0.0,5.33,5790.0,0.0,0.0,2919.88,0.0,0.0,0.0,0.0,200.0,33980.58,0.0,33980.58,1019.42,35000.0,"Net Wt: 5.330 Gm.@Rate 5,790.00/Gm.",,Sale,0,1,0
2681,1,H23103002844,102,103,331,102,102,103,2.29,0.0,2.29,5850.0,0.0,0.0,2137.48,0.0,0.0,0.0,0.0,0.0,15533.98,0.0,15533.98,466.02,16000.0,"Net Wt: 2.290 Gm.@Rate 5,850.00/Gm.",,Sale,0,1,0
2682,1,O23104001003,102,104,119,121,110,115,19.7,0.0,19.7,78.0,0.0,0.0,647.87,0.0,0.0,0.0,0.0,0.0,2184.47,0.0,2184.47,65.54,2250.0,Net Wt: 19.700 Gm.@Rate 78.00/Gm.,,Sale,0,1,0
2683,1,E24103003187,102,103,331,102,102,103,2.69,0.0,2.69,5850.0,0.0,0.0,1535.92,0.0,0.0,0.0,0.0,300.0,17572.42,0.0,17572.42,527.18,18099.59,"Net Wt: 2.690 Gm.@Rate 5,850.00/Gm.",,Sale,0,1,0
2684,1,I23103002898,102,103,115,102,103,104,1.01,0.0,1.01,5850.0,0.0,0.0,493.44,0.0,0.0,0.0,0.0,200.0,6601.94,0.0,6601.94,198.06,6800.0,"Net Wt: 1.010 Gm.@Rate 5,850.00/Gm.",,Sale,0,1,0
2685,1,G24103003234,102,103,113,102,102,103,4.94,0.0,4.94,5850.0,0.0,0.0,3425.27,0.0,0.0,0.0,0.0,200.0,32524.27,0.0,32524.27,975.72,33500.0,"Net Wt: 4.940 Gm.@Rate 5,850.00/Gm.",,Sale,0,1,0
2687,1,O23104001071,102,104,346,102,110,115,20.48,0.0,20.48,80.0,0.0,0.0,720.82,0.0,0.0,0.0,0.0,0.0,2359.22,0.0,2359.22,70.78,2430.0,Net Wt: 20.480 Gm.@Rate 80.00/Gm.,,Sale,0,1,0
2687,2,G24104001348,102,104,151,150,109,111,7.85,0.0,7.85,80.0,0.0,0.0,313.75,0.0,0.0,0.0,0.0,0.0,941.75,0.0,941.75,28.26,970.0,Net Wt: 7.850 Gm.@Rate 80.00/Gm.,,Sale,0,1,0
2688,1,N23103003048,102,103,115,102,103,104,1.11,0.0,1.11,5550.0,0.0,0.0,635.62,0.0,0.0,0.0,0.0,0.0,6796.12,0.0,6796.12,203.88,7000.0,"Net Wt: 1.110 Gm.@Rate 5,550.00/Gm.",,Sale,0,1,0
2688,2,O23104001017,102,104,119,121,110,115,25.0,0.0,25.0,78.0,0.0,0.0,671.36,0.0,0.0,0.0,0.0,0.0,2621.36,0.0,2621.36,78.64,2700.0,Net Wt: 25.000 Gm.@Rate 78.00/Gm.,,Sale,0,1,0
2689,2,F24104001346,102,104,140,141,109,111,27.8,0.0,27.8,65.0,0.0,0.0,7319.21,0.0,0.0,0.0,0.0,0.0,9126.21,0.0,9126.21,273.78,9400.0,Net Wt: 27.800 Gm.@Rate 65.00/Gm.,,Return,0,1,0
2690,1,F23103002573,102,103,103,102,102,103,2.97,0.0,2.97,5950.0,0.0,0.0,2031.41,0.0,0.0,0.0,0.0,200.0,19902.91,0.0,19902.91,597.08,20500.0,"Net Wt: 2.970 Gm.@Rate 5,950.00/Gm.",,Sale,0,1,0
2691,1,O23104000973,102,104,119,121,110,115,60.4,0.0,60.4,80.0,0.0,0.0,2255.38,0.0,0.0,0.0,0.0,0.0,7087.38,0.0,7087.38,212.62,7300.0,Net Wt: 60.400 Gm.@Rate 80.00/Gm.,,Sale,0,1,0
2692,1,O23104000997,102,104,119,121,110,115,18.0,0.0,18.0,80.0,0.0,0.0,259.03,0.0,0.0,0.0,0.0,0.0,1699.03,0.0,1699.03,50.98,1750.0,Net Wt: 18.000 Gm.@Rate 80.00/Gm.,,Sale,0,1,0
2693,1,H23103002804,102,103,115,102,102,103,1.33,0.0,1.33,6150.0,0.0,0.0,746.71,0.0,0.0,0.0,0.0,200.0,9126.21,0.0,9126.21,273.78,9400.0,"Net Wt: 1.330 Gm.@Rate 6,150.00/Gm.",,Sale,0,1,0
2694,1,O23104000993,102,104,119,121,110,115,19.2,0.0,19.2,78.0,0.0,0.0,589.78,0.0,0.0,0.0,0.0,0.0,2087.38,0.0,2087.38,62.62,2150.0,Net Wt: 19.200 Gm.@Rate 78.00/Gm.,,Sale,0,1,0
2695,1,I22103002058,102,103,107,102,102,103,7.32,0.0,7.32,6150.0,0.0,0.0,4496.56,0.0,0.0,0.0,0.0,0.0,49514.56,0.0,49514.56,1485.44,51000.0,"Net Wt: 7.320 Gm.@Rate 6,150.00/Gm.",,Sale,0,1,0
2696,1,O23103003064,102,103,338,102,102,103,2.52,0.0,2.52,6150.0,0.0,0.0,1492.29,0.0,0.0,0.0,0.0,0.0,16990.29,0.0,16990.29,509.7,17500.0,"Net Wt: 2.520 Gm.@Rate 6,150.00/Gm.",,Sale,0,1,0
2699,1,J22103002166,102,103,331,102,102,103,6.83,0.0,6.83,6100.0,0.0,0.0,3088.46,0.0,0.0,0.0,0.0,200.0,44951.46,0.0,44951.46,1348.54,46300.0,"Net Wt: 6.830 Gm.@Rate 6,100.00/Gm.",,Sale,0,1,0
2645,1,J22103002145,102,103,445,102,102,103,8.37,0.0,8.37,5850.0,0.0,0.0,8317.05,0.0,0.0,0.0,0.0,0.0,57281.55,0.0,57281.55,1718.44,59000.0,"Net Wt: 8.370 Gm.@Rate 5,850.00/Gm.",,Sale,0,1,0
2697,1,G24103003250,102,103,102,102,102,103,1.24,0.0,1.24,6000.0,0.0,0.0,1297.86,0.0,0.0,0.0,0.0,0.0,8737.86,0.0,8737.86,262.14,9000.0,"Net Wt: 1.240 Gm.@Rate 6,000.00/Gm.",,Sale,0,1,0
2698,1,G24103003274,102,103,113,102,102,103,6.56,0.0,6.56,5990.0,0.0,0.0,4394.92,0.0,0.0,0.0,0.0,0.0,43689.32,0.0,43689.32,1310.68,45000.0,"Net Wt: 6.560 Gm.@Rate 5,990.00/Gm.",,Sale,0,1,0
2699,2,G24104001349,102,104,289,102,109,111,17.07,0.0,17.07,80.0,0.0,0.0,5139.25,0.0,0.0,0.0,0.0,0.0,6504.85,0.0,6504.85,195.14,6700.0,Net Wt: 17.070 Gm.@Rate 80.00/Gm.,,Sale,0,1,0
2701,1,J23103002956,102,103,116,102,102,103,0.72,0.0,0.72,6100.0,0.0,0.0,462.37,0.0,0.0,0.0,0.0,0.0,4854.37,0.0,4854.37,145.64,5000.0,"Net Wt: 0.720 Gm.@Rate 6,100.00/Gm.",,Sale,0,1,0
2708,1,I23103002885,102,103,115,102,103,104,1.54,0.0,1.54,6150.0,0.0,0.0,1008.61,0.0,0.0,0.0,0.0,200.0,10679.61,0.0,10679.61,320.38,11000.0,"Net Wt: 1.540 Gm.@Rate 6,150.00/Gm.",,Sale,0,1,0
2709,1,O23103003061,102,103,101,102,102,103,6.61,0.0,6.61,5990.0,0.0,0.0,5837.53,0.0,0.0,0.0,0.0,200.0,45631.43,0.0,45631.43,1368.94,47000.37,"Net Wt: 6.610 Gm.@Rate 5,990.00/Gm.",,Sale,0,1,0
2709,2,F23103002603,102,103,235,102,102,103,10.59,0.0,10.59,5990.0,0.0,0.0,9181.7,0.0,0.0,0.0,0.0,200.0,72815.8,0.0,72815.8,2184.48,75000.27,"Net Wt: 10.590 Gm.@Rate 5,990.00/Gm.",,Sale,0,1,0
2710,1,F23103002644,102,103,110,102,102,103,3.24,0.0,3.24,6350.0,0.0,0.0,2215.32,0.0,0.0,0.0,0.0,900.0,23689.32,0.0,23689.32,710.68,24400.0,"Net Wt: 3.240 Gm.@Rate 6,350.00/Gm.",,Sale,0,1,0
2715,1,G24103003240,102,103,235,102,102,103,1.22,0.0,1.22,6490.0,0.0,0.0,814.24,0.0,0.0,0.0,0.0,200.0,8932.04,0.0,8932.04,267.96,9200.0,"Net Wt: 1.220 Gm.@Rate 6,490.00/Gm.",,Sale,0,1,0
2716,1,H24103003276,102,103,446,102,101,102,69.07,0.0,69.07,6860.0,0.0,0.0,11616.69,0.0,0.0,0.0,0.0,0.0,485436.89,0.0,485436.89,14563.1,500000.0,"Net Wt: 69.070 Gm.@Rate 6,860.00/Gm.",,Sale,0,1,0
2717,1,E24103003204,102,103,331,102,102,103,2.95,0.0,2.95,6490.0,0.0,0.0,2013.72,0.0,0.0,0.0,0.0,200.0,21359.22,0.0,21359.22,640.78,22000.0,"Net Wt: 2.950 Gm.@Rate 6,490.00/Gm.",,Sale,0,1,0
2718,1,H23103002739,102,103,102,102,102,103,1.47,0.0,1.47,6490.0,0.0,0.0,945.14,0.0,0.0,0.0,0.0,0.0,10485.44,0.0,10485.44,314.56,10800.0,"Net Wt: 1.470 Gm.@Rate 6,490.00/Gm.",,Sale,0,1,0
2719,1,O23104001233,102,104,126,128,110,115,73.17,0.0,73.17,80.0,0.0,0.0,3272.61,0.0,0.0,0.0,0.0,0.0,9126.21,0.0,9126.21,273.78,9400.0,Net Wt: 73.170 Gm.@Rate 80.00/Gm.,,Sale,0,1,0
2726,1,E24103003158,102,103,112,102,102,103,8.17,0.0,8.17,6590.0,0.0,0.0,4697.56,0.0,0.0,0.0,0.0,200.0,58737.86,0.0,58737.86,1762.14,60500.0,"Net Wt: 8.170 Gm.@Rate 6,590.00/Gm.",,Sale,0,1,0
2727,1,G24103003236,102,103,112,102,102,103,12.46,0.0,12.46,6650.0,0.0,0.0,7132.26,0.0,0.0,0.0,0.0,300.0,90291.26,0.0,90291.26,2708.74,93000.0,"Net Wt: 12.460 Gm.@Rate 6,650.00/Gm.",,Sale,0,1,0
2727,2,G24103003252,102,103,102,102,102,103,1.73,0.0,1.73,6650.0,0.0,0.0,987.25,0.0,0.0,0.0,0.0,250.0,12741.75,0.0,12741.75,382.26,13124.0,"Net Wt: 1.730 Gm.@Rate 6,650.00/Gm.",,Sale,0,1,0
2727,3,H23103002744,102,103,102,102,102,103,3.51,0.0,3.51,6650.0,0.0,0.0,2136.66,0.0,0.0,0.0,0.0,250.0,25728.16,0.0,25728.16,771.84,26500.0,"Net Wt: 3.510 Gm.@Rate 6,650.00/Gm.",,Sale,0,1,0
2727,4,H23103002801,102,103,238,102,102,103,0.83,0.0,0.83,6650.0,0.0,0.0,694.09,0.0,0.0,0.0,0.0,0.0,6213.59,0.0,6213.59,186.4,6400.0,"Net Wt: 0.830 Gm.@Rate 6,650.00/Gm.",,Sale,0,1,0
2729,1,O22103002402,102,103,102,102,103,104,2.01,0.0,2.01,6100.0,0.0,0.0,1802.11,0.0,0.0,0.0,0.0,500.0,14563.11,0.0,14563.11,436.9,15000.0,"Net Wt: 2.010 Gm.@Rate 6,100.00/Gm.",,Sale,0,1,0
2734,1,H19103000017,102,103,102,102,102,103,4.39,0.0,4.39,6890.0,0.0,0.0,2853.87,0.0,0.0,0.0,0.0,200.0,33300.97,0.0,33300.97,999.02,34300.0,"Net Wt: 4.390 Gm.@Rate 6,890.00/Gm.",,Sale,0,1,0
2735,1,H24103003294,102,103,331,102,102,103,1.32,0.0,1.32,6600.0,0.0,0.0,940.91,0.0,0.0,0.0,0.0,250.0,9902.91,0.0,9902.91,297.08,10200.0,"Net Wt: 1.320 Gm.@Rate 6,600.00/Gm.",,Sale,0,1,0
2736,1,H24104001353,102,104,119,121,109,111,10.2,0.0,10.2,75.0,0.0,0.0,11.7,0.0,0.0,0.0,0.0,0.0,776.7,0.0,776.7,23.3,800.0,Net Wt: 10.200 Gm.@Rate 75.00/Gm.,,Sale,0,1,0
2737,1,H24104001354,102,104,119,121,109,111,22.8,0.0,22.8,75.0,0.0,0.0,1590.97,0.0,0.0,0.0,0.0,0.0,3300.97,0.0,3300.97,99.02,3400.0,Net Wt: 22.800 Gm.@Rate 75.00/Gm.,,Sale,0,1,0
2738,1,H24103003318,102,103,169,102,102,129,0.25,0.0,0.25,4500.0,0.0,0.0,1399.27,0.0,0.0,0.0,0.0,0.0,2524.27,0.0,2524.27,75.72,2600.0,"Net Wt: 0.250 Gm.@Rate 4,500.00/Gm.",,Sale,0,1,0
2739,1,H23103002701,102,103,112,102,102,103,28.25,0.0,28.25,6790.0,0.0,0.0,19347.55,0.0,0.0,0.0,0.0,0.0,211165.05,0.0,211165.05,6334.96,217500.0,"Net Wt: 28.250 Gm.@Rate 6,790.00/Gm.",,Sale,0,1,0
2740,1,H24103003319,102,103,115,102,102,103,1.53,0.0,1.53,6790.0,0.0,0.0,90.91,0.0,0.0,0.0,0.0,200.0,10679.61,0.0,10679.61,320.38,11000.0,"Net Wt: 1.530 Gm.@Rate 6,790.00/Gm.",,Sale,0,1,0
2741,1,F23103002550,102,103,331,102,102,103,3.48,0.0,3.48,6790.0,0.0,0.0,5782.45,0.0,0.0,0.0,0.0,200.0,29611.65,0.0,29611.65,888.34,30500.0,"Net Wt: 3.480 Gm.@Rate 6,790.00/Gm.",,Sale,0,1,0
2742,1,G24103003237,102,103,112,102,102,103,12.06,0.0,12.06,6790.0,0.0,0.0,5860.17,0.0,0.0,0.0,0.0,0.0,87747.57,0.0,87747.57,2632.42,90380.0,"Net Wt: 12.060 Gm.@Rate 6,790.00/Gm.",,Sale,0,1,0
2651,1,E24103003197,102,103,241,102,102,103,7.18,0.0,7.18,5890.0,0.0,0.0,4111.74,0.0,0.0,0.0,0.0,200.0,46601.94,0.0,46601.94,1398.06,48000.0,"Net Wt: 7.180 Gm.@Rate 5,890.00/Gm.",,Sale,0,1,0
2652,1,P22103002463,102,103,238,102,102,103,0.9,0.0,0.9,5890.0,0.0,0.0,330.07,0.0,0.0,0.0,0.0,0.0,5631.07,0.0,5631.07,168.94,5800.0,"Net Wt: 0.900 Gm.@Rate 5,890.00/Gm.",,Sale,0,1,0
2654,1,F23103002599,102,103,235,102,102,103,2.03,0.0,2.03,5890.0,0.0,0.0,1435.53,0.0,0.0,0.0,0.0,200.0,13592.23,0.0,13592.23,407.76,14000.0,"Net Wt: 2.030 Gm.@Rate 5,890.00/Gm.",,Sale,0,1,0
2654,2,H23103002729,102,103,102,102,102,103,1.46,0.0,1.46,5890.0,0.0,0.0,909.34,0.0,0.0,0.0,0.0,200.0,9708.74,0.0,9708.74,291.26,10000.0,"Net Wt: 1.460 Gm.@Rate 5,890.00/Gm.",,Sale,0,1,0
2655,1,J23103002947,102,103,115,102,102,103,1.22,0.0,1.22,5850.0,0.0,0.0,915.43,0.0,0.0,0.0,0.0,200.0,8252.43,0.0,8252.43,247.58,8500.0,"Net Wt: 1.220 Gm.@Rate 5,850.00/Gm.",,Sale,0,1,0
2656,1,O23104001194,102,104,162,155,110,115,17.38,0.0,17.38,78.0,0.0,0.0,877.37,0.0,0.0,0.0,0.0,0.0,2233.01,0.0,2233.01,67.0,2300.0,Net Wt: 17.380 Gm.@Rate 78.00/Gm.,,Sale,0,1,0
2743,1,G24103003251,102,103,102,102,102,103,1.3,0.0,1.3,6790.0,0.0,0.0,881.74,0.0,0.0,0.0,0.0,0.0,9708.74,0.0,9708.74,291.26,10000.0,"Net Wt: 1.300 Gm.@Rate 6,790.00/Gm.",,Sale,0,1,0
2744,1,H24104001355,102,104,119,121,109,111,16.0,0.0,16.0,80.0,0.0,0.0,2700.58,0.0,0.0,0.0,0.0,0.0,3980.58,0.0,3980.58,119.42,4100.0,Net Wt: 16.000 Gm.@Rate 80.00/Gm.,,Sale,0,1,0
2745,1,H24104001356,102,104,351,102,109,111,12.5,0.0,12.5,75.0,0.0,0.0,33.37,0.0,0.0,0.0,0.0,0.0,970.87,0.0,970.87,29.12,1000.0,Net Wt: 12.500 Gm.@Rate 75.00/Gm.,,Sale,0,1,0
2746,1,H24104001357,102,104,151,150,109,111,8.84,0.0,8.84,70.0,0.0,0.0,449.16,0.0,0.0,0.0,0.0,0.0,1067.96,0.0,1067.96,32.04,1100.0,Net Wt: 8.840 Gm.@Rate 70.00/Gm.,,Sale,0,1,0
2747,1,H23103002848,102,103,101,102,102,103,4.84,0.0,4.84,6790.0,0.0,0.0,4029.6,0.0,0.0,0.0,0.0,0.0,36893.2,0.0,36893.2,1106.8,38000.0,"Net Wt: 4.840 Gm.@Rate 6,790.00/Gm.",,Sale,0,1,0
2748,1,H24104001358,102,104,119,121,109,111,29.3,0.0,29.3,80.0,0.0,0.0,1539.5,0.0,0.0,0.0,0.0,0.0,3883.5,0.0,3883.5,116.5,4000.0,Net Wt: 29.300 Gm.@Rate 80.00/Gm.,,Sale,0,1,0
2749,1,E24103003215,102,103,112,102,102,103,7.63,0.0,7.63,6790.0,0.0,0.0,8571.91,0.0,0.0,0.0,0.0,300.0,60679.61,0.0,60679.61,1820.38,62500.0,"Net Wt: 7.630 Gm.@Rate 6,790.00/Gm.",,Sale,0,1,0
2749,2,O21103001724,102,103,107,102,102,103,2.93,0.0,2.93,6790.0,0.0,0.0,3156.27,0.0,0.0,0.0,0.0,250.0,23300.97,0.0,23300.97,699.02,24000.0,"Net Wt: 2.930 Gm.@Rate 6,790.00/Gm.",,Sale,0,1,0
2750,1,H24103003320,102,103,101,102,102,103,60.08,0.0,60.08,6750.0,0.0,0.0,4260.0,0.0,0.0,0.0,0.0,200.0,410000.0,0.0,410000.0,12300.0,422300.0,"Net Wt: 60.080 Gm.@Rate 6,750.00/Gm.",,Sale,0,1,0
2750,2,H24103003321,102,103,104,102,102,103,69.91,0.0,69.91,6390.0,0.0,0.0,18900.34,0.0,0.0,0.0,0.0,200.0,465825.24,0.0,465825.24,13974.76,479800.0,"Net Wt: 69.910 Gm.@Rate 6,390.00/Gm.",,Sale,0,1,0
2751,1,I23103002870,102,103,103,102,102,103,1.2,0.0,1.2,6790.0,0.0,0.0,396.0,0.0,0.0,0.0,0.0,0.0,8543.69,0.0,8543.69,256.32,8800.0,"Net Wt: 1.200 Gm.@Rate 6,790.00/Gm.",,Sale,0,1,0
2751,2,H23103002816,102,103,101,102,102,103,5.38,0.0,5.38,6790.0,0.0,0.0,2499.0,0.0,0.0,0.0,0.0,0.0,39029.13,0.0,39029.13,1170.88,40200.0,"Net Wt: 5.380 Gm.@Rate 6,790.00/Gm.",,Sale,0,1,0
2752,1,H24104001359,102,104,138,102,109,111,31.09,0.0,31.09,82.0,0.0,0.0,1528.29,0.0,0.0,0.0,0.0,0.0,4077.67,0.0,4077.67,122.34,4200.0,Net Wt: 31.090 Gm.@Rate 82.00/Gm.,,Sale,0,1,0
2753,1,O21103001813,102,103,116,102,102,103,0.65,0.0,0.65,6690.0,0.0,0.0,1573.83,0.0,0.0,0.0,0.0,0.0,5922.33,0.0,5922.33,177.66,6100.0,"Net Wt: 0.650 Gm.@Rate 6,690.00/Gm.",,Sale,0,1,0
2754,1,N23103003037,102,103,444,102,103,104,0.58,0.0,0.58,6000.0,0.0,0.0,1374.37,0.0,0.0,0.0,0.0,0.0,4854.37,0.0,4854.37,145.64,5000.0,"Net Wt: 0.580 Gm.@Rate 6,000.00/Gm.",,Sale,0,1,0
2755,1,H23103002748,102,103,331,102,102,103,3.77,0.0,3.77,6790.0,0.0,0.0,129.86,0.0,0.0,0.0,0.0,0.0,25728.16,0.0,25728.16,771.84,26500.0,"Net Wt: 3.770 Gm.@Rate 6,790.00/Gm.",,Sale,0,1,0
2756,1,E24103003190,102,103,107,102,102,103,3.29,0.0,3.29,6690.0,0.0,0.0,349.12,0.0,0.0,0.0,0.0,0.0,22359.22,0.0,22359.22,670.78,23030.0,"Net Wt: 3.290 Gm.@Rate 6,690.00/Gm.",,Sale,0,1,0
2757,1,E24103003208,102,103,331,102,102,103,2.55,0.0,2.55,6790.0,0.0,0.0,1804.43,0.0,0.0,0.0,0.0,250.0,19368.93,0.0,19368.93,581.06,19950.0,"Net Wt: 2.550 Gm.@Rate 6,790.00/Gm.",,Sale,0,1,0
2758,1,I24103003322,102,103,101,102,102,103,20.84,0.0,20.84,6605.0,0.0,0.0,20354.23,0.0,0.0,0.0,0.0,250.0,158252.43,0.0,158252.43,4747.58,163000.0,"Net Wt: 20.840 Gm.@Rate 6,605.00/Gm.",,Sale,0,1,0
2759,1,I23103002902,102,103,420,102,103,104,1.73,0.0,1.73,5900.0,0.0,0.0,958.05,0.0,0.0,0.0,0.0,0.0,11165.05,0.0,11165.05,334.96,11500.0,"Net Wt: 1.730 Gm.@Rate 5,900.00/Gm.",,Sale,0,1,0
2759,2,H24103003297,102,103,238,102,102,103,0.94,0.0,0.94,6790.0,0.0,0.0,898.95,0.0,0.0,0.0,0.0,0.0,7281.55,0.0,7281.55,218.44,7500.0,"Net Wt: 0.940 Gm.@Rate 6,790.00/Gm.",,Sale,0,1,0
2760,1,N23103003047,102,103,115,102,103,104,1.34,0.0,1.34,5900.0,0.0,0.0,5006.62,0.0,0.0,0.0,0.0,0.0,12912.62,0.0,12912.62,387.38,13300.0,"Net Wt: 1.340 Gm.@Rate 5,900.00/Gm.",,Sale,0,1,0
2761,1,O23104000990,102,104,119,121,110,115,16.8,0.0,16.8,85.0,0.0,0.0,1144.82,0.0,0.0,0.0,0.0,0.0,2572.82,0.0,2572.82,77.18,2650.0,Net Wt: 16.800 Gm.@Rate 85.00/Gm.,,Sale,0,1,0
2669,2,F24103003230,102,103,113,102,102,103,5.35,0.0,5.35,5850.0,0.0,0.0,3353.96,0.0,0.0,0.0,0.0,300.0,34951.46,0.0,34951.46,1048.54,36000.0,"Net Wt: 5.350 Gm.@Rate 5,850.00/Gm.",,Sale,0,1,0
2669,3,F24104001346,102,104,140,141,109,111,27.8,0.0,27.8,80.0,0.0,0.0,7387.65,0.0,0.0,0.0,0.0,0.0,9611.65,0.0,9611.65,288.34,9900.0,Net Wt: 27.800 Gm.@Rate 80.00/Gm.,,Sale,0,1,0
2670,1,O23103003131,102,103,112,102,102,103,11.69,0.0,11.69,5850.0,0.0,0.0,7924.18,0.0,0.0,0.0,0.0,0.0,76310.68,0.0,76310.68,2289.32,78600.0,"Net Wt: 11.690 Gm.@Rate 5,850.00/Gm.",,Sale,0,1,0
2671,1,E24103003203,102,103,331,102,102,103,2.27,0.0,2.27,5850.0,0.0,0.0,798.17,0.0,0.0,0.0,0.0,0.0,14077.67,0.0,14077.67,422.34,14500.0,"Net Wt: 2.270 Gm.@Rate 5,850.00/Gm.",,Sale,0,1,0
2672,1,O23103003125,102,103,374,102,102,103,1.07,0.0,1.07,5850.0,0.0,0.0,827.88,0.0,0.0,0.0,0.0,0.0,7087.38,0.0,7087.38,212.62,7300.0,"Net Wt: 1.070 Gm.@Rate 5,850.00/Gm.",,Sale,0,1,0
2673,1,F24104001347,102,104,122,124,109,111,9.35,0.0,9.35,80.0,0.0,0.0,1030.64,0.0,0.0,0.0,0.0,600.0,2378.64,0.0,2378.64,71.36,2450.0,Net Wt: 9.350 Gm.@Rate 80.00/Gm.,,Sale,0,1,0
2711,1,N23103003044,102,103,420,102,103,104,2.02,0.0,2.02,5980.0,0.0,0.0,541.76,0.0,0.0,0.0,0.0,0.0,12621.36,0.0,12621.36,378.64,13000.0,"Net Wt: 2.020 Gm.@Rate 5,980.00/Gm.",,Sale,0,1,0
2720,1,I22103002085,102,103,110,102,102,103,2.05,0.0,2.05,6530.0,0.0,0.0,1438.74,0.0,0.0,0.0,0.0,1000.0,15825.24,0.0,15825.24,474.76,16300.0,"Net Wt: 2.050 Gm.@Rate 6,530.00/Gm.",,Sale,0,1,0
2720,2,O22103002399,102,103,102,102,103,104,2.07,0.0,2.07,6000.0,0.0,0.0,1336.91,0.0,0.0,0.0,0.0,1000.0,14756.91,0.0,14756.91,442.7,15199.62,"Net Wt: 2.070 Gm.@Rate 6,000.00/Gm.",,Sale,0,1,0
2721,1,H24103003277,102,103,112,102,102,103,12.25,0.0,12.25,6100.0,0.0,0.0,9546.84,0.0,0.0,0.0,0.0,0.0,84271.84,0.0,84271.84,2528.16,86800.0,"Net Wt: 12.250 Gm.@Rate 6,100.00/Gm.",,Sale,0,1,0
2722,1,H24103003278,102,103,112,102,102,103,0.15,0.0,0.15,6100.0,12.1,0.0,55.87,0.0,0.0,0.0,0.0,0.0,970.87,0.0,970.87,29.12,1000.0,"Net Wt: 0.150 Gm.@Rate 6,100.00/Gm.",,Sale,0,1,0
2723,1,F23103002645,102,103,110,102,102,103,6.2,0.0,6.2,6450.0,0.0,0.0,4641.07,0.0,0.0,0.0,0.0,1000.0,45631.07,0.0,45631.07,1368.94,47000.0,"Net Wt: 6.200 Gm.@Rate 6,450.00/Gm.",,Sale,0,1,0
2723,2,H24103003279,102,103,113,102,102,103,7.85,0.0,7.85,6450.0,0.0,0.0,3736.43,0.0,0.0,0.0,0.0,0.0,54368.93,0.0,54368.93,1631.06,56000.0,"Net Wt: 7.850 Gm.@Rate 6,450.00/Gm.",,Sale,0,1,0
2724,1,O20103001349,102,103,101,102,102,103,20.52,0.0,20.52,6550.0,0.0,0.0,15879.0,0.0,0.0,0.0,0.0,200.0,150485.37,0.0,150485.37,4514.56,154999.93,"Net Wt: 20.520 Gm.@Rate 6,550.00/Gm.",,Sale,0,1,0
2724,2,O22103002431,102,103,107,102,102,103,3.29,0.0,3.29,6550.0,0.0,0.0,2522.0,0.0,0.0,0.0,0.0,200.0,24271.84,0.0,24271.84,728.16,25000.0,"Net Wt: 3.290 Gm.@Rate 6,550.00/Gm.",,Sale,0,1,0
2725,1,E24103003195,102,103,101,102,102,103,26.12,0.0,26.12,6550.0,0.0,0.0,11438.27,0.0,0.0,0.0,0.0,0.0,182524.27,0.0,182524.27,5475.72,188000.0,"Net Wt: 26.120 Gm.@Rate 6,550.00/Gm.",,Sale,0,1,0
2762,1,E24103003196,102,103,241,102,102,103,7.65,0.0,7.65,6610.0,0.0,0.0,6465.05,0.0,0.0,0.0,0.0,250.0,57281.55,0.0,57281.55,1718.44,59000.0,"Net Wt: 7.650 Gm.@Rate 6,610.00/Gm.",,Sale,0,1,0
2764,1,I24103003394,102,103,331,102,102,103,1.3,0.0,1.3,6790.0,0.0,0.0,631.74,0.0,0.0,0.0,0.0,250.0,9708.74,0.0,9708.74,291.26,10000.0,"Net Wt: 1.300 Gm.@Rate 6,790.00/Gm.",,Sale,0,1,0
2765,1,H24103003315,102,103,327,102,102,103,7.36,0.0,7.36,6790.0,0.0,0.0,5115.41,0.0,0.0,0.0,0.0,250.0,55339.81,0.0,55339.81,1660.2,57000.0,"Net Wt: 7.360 Gm.@Rate 6,790.00/Gm.",,Sale,0,1,0
2766,1,I24104001360,102,104,440,101,109,111,6.3,0.0,6.3,85.0,0.0,0.0,1260.62,0.0,0.0,0.0,0.0,0.0,1796.12,0.0,1796.12,53.88,1850.0,Net Wt: 6.300 Gm.@Rate 85.00/Gm.,,Sale,0,1,0
2767,1,I24104001361,102,104,120,122,109,111,10.3,0.0,10.3,85.0,0.0,0.0,192.46,0.0,0.0,0.0,0.0,0.0,1067.96,0.0,1067.96,32.04,1100.0,Net Wt: 10.300 Gm.@Rate 85.00/Gm.,,Sale,0,1,0
2768,1,O23104001000,102,104,119,121,110,115,27.1,0.0,27.1,85.0,0.0,0.0,512.03,0.0,0.0,0.0,0.0,0.0,2815.53,0.0,2815.53,84.46,2900.0,Net Wt: 27.100 Gm.@Rate 85.00/Gm.,,Sale,0,1,0
2770,1,E24103003176,102,103,374,102,102,103,2.66,0.0,2.66,6790.0,0.0,0.0,1785.69,0.0,0.0,0.0,0.0,250.0,20097.09,0.0,20097.09,602.92,20700.0,"Net Wt: 2.660 Gm.@Rate 6,790.00/Gm.",,Sale,0,1,0
2771,1,I24103003379,102,103,327,102,102,103,9.5,0.0,9.5,6790.0,0.0,0.0,6368.79,0.0,0.0,0.0,0.0,0.0,70873.79,0.0,70873.79,2126.22,73000.0,"Net Wt: 9.500 Gm.@Rate 6,790.00/Gm.",,Sale,0,1,0
2772,1,I24103003395,102,103,116,102,102,103,0.47,0.0,0.47,6500.0,0.0,0.0,628.5,0.0,0.0,0.0,0.0,200.0,3883.5,0.0,3883.5,116.5,4000.0,"Net Wt: 0.470 Gm.@Rate 6,500.00/Gm.",,Sale,0,1,0
2773,1,N23103003042,102,103,420,102,103,104,2.46,0.0,2.46,6100.0,0.0,0.0,2269.73,0.0,0.0,0.0,0.0,200.0,17475.73,0.0,17475.73,524.28,18000.0,"Net Wt: 2.460 Gm.@Rate 6,100.00/Gm.",,Sale,0,1,0
2774,1,I24103003396,102,103,113,102,102,103,5.2,0.0,5.2,6790.0,0.0,0.0,4053.65,0.0,0.0,0.0,0.0,250.0,39611.65,0.0,39611.65,1188.34,40800.0,"Net Wt: 5.200 Gm.@Rate 6,790.00/Gm.",,Sale,0,1,0
2774,2,I24104001362,102,104,127,129,109,111,10.0,0.0,10.0,85.0,0.0,0.0,315.05,0.0,0.0,0.0,0.0,0.0,1165.05,0.0,1165.05,34.96,1200.0,Net Wt: 10.000 Gm.@Rate 85.00/Gm.,,Sale,0,1,0
2775,1,G24103003258,102,103,420,102,102,129,1.46,0.0,1.46,6200.0,0.0,0.0,1815.96,0.0,0.0,0.0,0.0,200.0,11067.96,0.0,11067.96,332.04,11400.0,"Net Wt: 1.460 Gm.@Rate 6,200.00/Gm.",,Sale,0,1,0
2686,1,G24103003235,102,103,113,102,102,103,8.22,0.0,8.22,5850.0,0.0,0.0,4625.62,0.0,0.0,0.0,0.0,200.0,52912.62,0.0,52912.62,1587.38,54500.0,"Net Wt: 8.220 Gm.@Rate 5,850.00/Gm.",,Sale,0,1,0
2686,2,G24103003234,102,103,113,102,102,103,4.94,0.0,4.94,4790.0,0.0,0.0,8861.67,0.0,0.0,0.0,0.0,0.0,32524.27,0.0,32524.27,975.72,33500.0,"Net Wt: 4.940 Gm.@Rate 4,790.00/Gm.",,Return,0,1,0
2763,2,I24103003393,102,103,110,102,102,103,0.9,0.0,0.9,6790.0,0.0,0.0,170.55,0.0,0.0,0.0,0.0,1000.0,7281.55,0.0,7281.55,218.44,7500.0,"Net Wt: 0.900 Gm.@Rate 6,790.00/Gm.",,Sale,0,1,0
2776,1,G24103003257,102,103,420,102,102,129,2.36,0.0,2.36,6200.0,0.0,0.0,1873.0,0.0,0.0,0.0,0.0,0.0,16504.85,0.0,16504.85,495.14,17000.0,"Net Wt: 2.360 Gm.@Rate 6,200.00/Gm.",,Sale,0,1,0
2776,2,E24103003173,102,103,374,102,102,103,1.91,0.0,1.91,6790.0,0.0,0.0,1594.0,0.0,0.0,0.0,0.0,0.0,14563.11,0.0,14563.11,436.9,15000.0,"Net Wt: 1.910 Gm.@Rate 6,790.00/Gm.",,Sale,0,1,0
2776,3,I24104001363,102,104,120,122,109,111,20.3,0.0,20.3,85.0,0.0,0.0,216.25,0.0,0.0,0.0,0.0,0.0,1941.75,0.0,1941.75,58.26,2000.0,Net Wt: 20.300 Gm.@Rate 85.00/Gm.,,Sale,0,1,0
2777,1,P23104001287,102,104,249,102,110,115,2.26,0.0,2.26,85.0,0.0,0.0,293.34,0.0,0.0,0.0,0.0,0.0,485.44,0.0,485.44,14.56,500.0,Net Wt: 2.260 Gm.@Rate 85.00/Gm.,,Sale,0,1,0
2778,1,O23104000980,102,104,119,121,110,115,28.9,0.0,28.9,85.0,0.0,0.0,456.12,0.0,0.0,0.0,0.0,0.0,2912.62,0.0,2912.62,87.38,3000.0,Net Wt: 28.900 Gm.@Rate 85.00/Gm.,,Sale,0,1,0
2779,1,O23104000977,102,104,119,121,110,115,43.5,0.0,43.5,85.0,0.0,0.0,477.26,0.0,0.0,0.0,0.0,0.0,4174.76,0.0,4174.76,125.24,4300.0,Net Wt: 43.500 Gm.@Rate 85.00/Gm.,,Sale,0,1,0
2780,1,I24103003397,102,103,176,102,101,102,5.0,0.0,5.0,7290.0,0.0,0.0,1414.08,0.0,0.0,0.0,0.0,0.0,37864.08,0.0,37864.08,1135.92,39000.0,"Net Wt: 5.000 Gm.@Rate 7,290.00/Gm.",,Sale,0,1,0
2781,1,I24103003405,102,103,331,102,102,103,2.5,0.0,2.5,6790.0,0.0,0.0,1707.04,0.0,0.0,0.0,0.0,250.0,18932.04,0.0,18932.04,567.96,19500.0,"Net Wt: 2.500 Gm.@Rate 6,790.00/Gm.",,Sale,0,1,0
2781,2,I24103003406,102,103,116,102,102,103,1.09,0.0,1.09,6790.0,0.0,0.0,698.41,0.0,0.0,0.0,0.0,250.0,8349.51,0.0,8349.51,250.48,8600.0,"Net Wt: 1.090 Gm.@Rate 6,790.00/Gm.",,Sale,0,1,0
2781,3,I24103003407,102,103,116,102,102,103,0.82,0.0,0.82,6790.0,0.0,0.0,589.97,0.0,0.0,0.0,0.0,250.0,6407.77,0.0,6407.77,192.24,6600.0,"Net Wt: 0.820 Gm.@Rate 6,790.00/Gm.",,Sale,0,1,0
2781,4,I24104001364,102,104,351,102,109,111,16.45,0.0,16.45,85.0,0.0,0.0,834.76,0.0,0.0,0.0,0.0,0.0,2233.01,0.0,2233.01,67.0,2300.0,Net Wt: 16.450 Gm.@Rate 85.00/Gm.,,Sale,0,1,0
2781,5,I24104001365,102,104,351,102,109,111,22.09,0.0,22.09,85.0,0.0,0.0,1034.97,0.0,0.0,0.0,0.0,0.0,2912.62,0.0,2912.62,87.38,3000.0,Net Wt: 22.090 Gm.@Rate 85.00/Gm.,,Sale,0,1,0
2782,1,I24103003408,102,103,113,102,102,103,1.65,0.0,1.65,6790.0,0.0,0.0,932.42,0.0,0.0,0.0,0.0,0.0,12135.92,0.0,12135.92,364.08,12500.0,"Net Wt: 1.650 Gm.@Rate 6,790.00/Gm.",,Sale,0,1,0
2783,1,I24103003409,102,103,116,102,102,103,1.8,0.0,1.8,6800.0,0.0,0.0,1152.23,0.0,0.0,0.0,0.0,200.0,13592.23,0.0,13592.23,407.76,14000.0,"Net Wt: 1.800 Gm.@Rate 6,800.00/Gm.",,Sale,0,1,0
2783,2,I24104001366,102,104,351,102,109,111,9.75,0.0,9.75,90.0,0.0,0.0,578.81,0.0,0.0,0.0,0.0,0.0,1456.31,0.0,1456.31,43.68,1500.0,Net Wt: 9.750 Gm.@Rate 90.00/Gm.,,Sale,0,1,0
2784,1,N23103003039,102,103,420,102,103,104,2.42,0.0,2.42,6000.0,0.0,0.0,1984.85,0.0,0.0,0.0,0.0,0.0,16504.85,0.0,16504.85,495.14,17000.0,"Net Wt: 2.420 Gm.@Rate 6,000.00/Gm.",,Sale,0,1,0
2785,1,O23103003087,102,103,235,102,102,103,4.48,0.0,4.48,6850.0,0.0,0.0,3042.58,0.0,0.0,0.0,0.0,250.0,33980.58,0.0,33980.58,1019.42,35000.0,"Net Wt: 4.480 Gm.@Rate 6,850.00/Gm.",,Sale,0,1,0
2786,1,I24104001367,102,104,440,101,109,111,3.0,0.0,3.0,95.0,0.0,0.0,2045.1,0.0,0.0,0.0,0.0,0.0,2330.1,0.0,2330.1,69.9,2400.0,Net Wt: 3.000 Gm.@Rate 95.00/Gm.,,Sale,0,1,0
2786,2,I24104001368,102,104,151,150,109,111,10.44,0.0,10.44,95.0,0.0,0.0,464.51,0.0,0.0,0.0,0.0,0.0,1456.31,0.0,1456.31,43.68,1500.0,Net Wt: 10.440 Gm.@Rate 95.00/Gm.,,Sale,0,1,0
2788,1,G24103003261,102,103,420,102,102,129,1.81,0.0,1.81,6500.0,0.0,0.0,1827.23,0.0,0.0,0.0,0.0,0.0,13592.23,0.0,13592.23,407.76,14000.0,"Net Wt: 1.810 Gm.@Rate 6,500.00/Gm.",,Sale,0,1,0
2789,1,I22103001996,102,103,331,102,102,103,1.69,0.0,1.69,6750.0,0.0,0.0,243.39,0.0,0.0,0.0,0.0,0.0,11650.89,0.0,11650.89,349.52,12000.42,"Net Wt: 1.690 Gm.@Rate 6,750.00/Gm.",,Sale,0,1,0
2789,2,J22103002221,102,103,116,102,102,103,1.23,0.0,1.23,6750.0,0.0,0.0,581.37,0.0,0.0,0.0,0.0,0.0,8883.87,0.0,8883.87,266.52,9150.39,"Net Wt: 1.230 Gm.@Rate 6,750.00/Gm.",,Sale,0,1,0
2790,1,I24104001369,102,104,119,121,109,111,25.59,0.0,25.59,95.0,0.0,0.0,1452.45,0.0,0.0,0.0,0.0,0.0,3883.5,0.0,3883.5,116.5,4000.0,Net Wt: 25.590 Gm.@Rate 95.00/Gm.,,Sale,0,1,0
2791,1,J23103002963,102,103,116,102,102,103,0.85,0.0,0.85,6790.0,0.0,0.0,830.44,0.0,0.0,0.0,0.0,0.0,6601.94,0.0,6601.94,198.06,6800.0,"Net Wt: 0.850 Gm.@Rate 6,790.00/Gm.",,Sale,0,1,0
2792,1,I24103003355,102,103,235,102,102,103,2.25,0.0,2.25,6790.0,0.0,0.0,1518.62,0.0,0.0,0.0,0.0,0.0,16796.12,0.0,16796.12,503.88,17300.0,"Net Wt: 2.250 Gm.@Rate 6,790.00/Gm.",,Sale,0,1,0
2793,1,N20103001272,102,103,107,102,102,103,3.01,0.0,3.01,6790.0,0.0,0.0,1892.2,0.0,0.0,0.0,0.0,0.0,22330.1,0.0,22330.1,669.9,23000.0,"Net Wt: 3.010 Gm.@Rate 6,790.00/Gm.",,Sale,0,1,0
2701,2,E24103003163,102,103,112,102,102,103,3.56,0.0,3.56,6100.0,0.0,0.0,2555.84,0.0,0.0,0.0,0.0,0.0,24271.84,0.0,24271.84,728.16,25000.0,"Net Wt: 3.560 Gm.@Rate 6,100.00/Gm.",,Sale,0,1,0
2701,3,O23104001077,102,104,346,102,110,115,13.91,0.0,13.91,80.0,0.0,0.0,2770.75,0.0,0.0,0.0,0.0,0.0,3883.55,0.0,3883.55,116.5,4000.06,Net Wt: 13.910 Gm.@Rate 80.00/Gm.,,Sale,0,1,0
2701,4,O23104001179,102,104,136,137,110,115,7.79,0.0,7.79,80.0,0.0,0.0,1318.7,0.0,0.0,0.0,0.0,0.0,1941.9,0.0,1941.9,58.26,2000.16,Net Wt: 7.790 Gm.@Rate 80.00/Gm.,,Sale,0,1,0
2701,5,G24104001350,102,104,157,153,109,111,23.3,0.0,23.3,80.0,0.0,0.0,563.18,0.0,0.0,0.0,0.0,0.0,2427.18,0.0,2427.18,72.82,2500.0,Net Wt: 23.300 Gm.@Rate 80.00/Gm.,,Sale,0,1,0
2702,1,O23104001208,102,104,162,155,110,115,17.01,0.0,17.01,80.0,0.0,0.0,1066.38,0.0,0.0,0.0,0.0,0.0,2427.18,0.0,2427.18,72.82,2500.0,Net Wt: 17.010 Gm.@Rate 80.00/Gm.,,Sale,0,1,0
2702,2,O23104001206,102,104,162,155,110,115,17.17,0.0,17.17,80.0,0.0,0.0,1053.58,0.0,0.0,0.0,0.0,0.0,2427.18,0.0,2427.18,72.82,2500.0,Net Wt: 17.170 Gm.@Rate 80.00/Gm.,,Sale,0,1,0
2703,1,F23103002633,102,103,235,102,102,103,1.83,0.0,1.83,6150.0,0.0,0.0,1166.86,0.0,0.0,0.0,0.0,200.0,12621.36,0.0,12621.36,378.64,13000.0,"Net Wt: 1.830 Gm.@Rate 6,150.00/Gm.",,Sale,0,1,0
2704,1,G24103003239,102,103,235,102,102,103,2.2,0.0,2.2,6100.0,0.0,0.0,1913.98,0.0,0.0,0.0,0.0,200.0,15533.98,0.0,15533.98,466.02,16000.0,"Net Wt: 2.200 Gm.@Rate 6,100.00/Gm.",,Sale,0,1,0
2705,1,F23103002564,102,103,103,102,102,103,3.45,0.0,3.45,6000.0,0.0,0.0,2400.97,0.0,0.0,0.0,0.0,200.0,23300.97,0.0,23300.97,699.02,24000.0,"Net Wt: 3.450 Gm.@Rate 6,000.00/Gm.",,Sale,0,1,0
2705,2,O23103003119,102,103,374,102,102,103,1.58,0.0,1.58,6000.0,0.0,0.0,999.61,0.0,0.0,0.0,0.0,200.0,10679.61,0.0,10679.61,320.38,11000.0,"Net Wt: 1.580 Gm.@Rate 6,000.00/Gm.",,Sale,0,1,0
2706,1,F23103002650,102,103,110,102,102,103,6.15,0.0,6.15,6100.0,0.0,0.0,2747.14,0.0,0.0,0.0,0.0,1000.0,41262.14,0.0,41262.14,1237.86,42500.0,"Net Wt: 6.150 Gm.@Rate 6,100.00/Gm.",,Sale,0,1,0
2707,1,G24103003275,102,103,400,102,102,103,0.47,0.0,0.47,6150.0,0.0,0.0,1187.17,0.0,0.0,0.0,0.0,0.0,4077.67,0.0,4077.67,122.34,4200.0,"Net Wt: 0.470 Gm.@Rate 6,150.00/Gm.",,Sale,0,1,0
2794,1,O20103001355,102,103,101,102,102,103,20.84,0.0,20.84,6890.0,0.0,0.0,6315.31,0.0,0.0,0.0,0.0,0.0,149902.91,0.0,149902.91,4497.08,154400.0,"Net Wt: 20.840 Gm.@Rate 6,890.00/Gm.",,Sale,0,1,0
2794,2,I24103003381,102,103,101,102,102,103,7.8,0.0,7.8,6850.0,0.0,0.0,2686.36,0.0,0.0,0.0,0.0,0.0,56116.36,0.0,56116.36,1683.5,57799.85,"Net Wt: 7.800 Gm.@Rate 6,850.00/Gm.",,Sale,0,1,0
2795,1,O21103001760,102,103,115,102,102,103,4.54,0.0,4.54,6790.0,0.0,0.0,1697.67,0.0,0.0,0.0,0.0,0.0,32524.27,0.0,32524.27,975.72,33500.0,"Net Wt: 4.540 Gm.@Rate 6,790.00/Gm.",,Sale,0,1,0
2796,1,I24103003371,102,103,331,102,102,103,1.16,0.0,1.16,6750.0,0.0,0.0,907.86,0.0,0.0,0.0,0.0,0.0,8737.86,0.0,8737.86,262.14,9000.0,"Net Wt: 1.160 Gm.@Rate 6,750.00/Gm.",,Sale,0,1,0
2798,1,N22103002315,102,103,374,102,102,103,2.78,0.0,2.78,6580.0,0.0,0.0,1651.77,0.0,0.0,0.0,0.0,250.0,20194.17,0.0,20194.17,605.82,20800.0,"Net Wt: 2.780 Gm.@Rate 6,580.00/Gm.",,Sale,0,1,0
2800,1,I24103003334,102,103,338,102,102,103,2.31,0.0,2.31,6590.0,0.0,0.0,1226.13,0.0,0.0,0.0,0.0,250.0,16699.03,0.0,16699.03,500.98,17200.0,"Net Wt: 2.310 Gm.@Rate 6,590.00/Gm.",,Sale,0,1,0
2801,1,I24103003326,102,103,112,102,102,103,14.99,0.0,14.99,6780.0,0.0,0.0,12680.91,0.0,0.0,0.0,0.0,250.0,114563.11,0.0,114563.11,3436.9,118000.0,"Net Wt: 14.990 Gm.@Rate 6,780.00/Gm.",,Sale,0,1,0
2801,2,J24103003411,102,103,113,102,102,103,4.02,0.0,4.02,6780.0,0.0,0.0,2647.31,0.0,0.0,0.0,0.0,0.0,29902.91,0.0,29902.91,897.08,30800.0,"Net Wt: 4.020 Gm.@Rate 6,780.00/Gm.",,Sale,0,1,0
2801,3,O23104001111,102,104,346,102,110,115,16.61,0.0,16.61,95.0,0.0,0.0,1043.48,0.0,0.0,0.0,0.0,0.0,2621.43,0.0,2621.43,78.64,2700.07,Net Wt: 16.610 Gm.@Rate 95.00/Gm.,,Sale,0,1,0
2802,1,H24103003301,102,103,235,102,102,103,4.43,0.0,4.43,6650.0,0.0,0.0,3735.65,0.0,0.0,0.0,0.0,300.0,33495.15,0.0,33495.15,1004.86,34500.0,"Net Wt: 4.430 Gm.@Rate 6,650.00/Gm.",,Sale,0,1,0
2803,1,J23103002923,102,103,102,102,102,103,3.14,0.0,3.14,6700.0,0.0,0.0,2789.67,0.0,0.0,0.0,0.0,250.0,24077.67,0.0,24077.67,722.34,24800.0,"Net Wt: 3.140 Gm.@Rate 6,700.00/Gm.",,Sale,0,1,0
2804,1,I24103003325,102,103,112,102,102,103,8.13,0.0,8.13,6790.0,0.0,0.0,7418.66,0.0,0.0,0.0,0.0,0.0,62621.36,0.0,62621.36,1878.64,64500.0,"Net Wt: 8.130 Gm.@Rate 6,790.00/Gm.",,Sale,0,1,0
2805,1,E24103003188,102,103,331,102,102,103,2.69,0.0,2.69,6790.0,0.0,0.0,496.07,0.0,0.0,0.0,0.0,0.0,18761.17,0.0,18761.17,562.84,19324.01,"Net Wt: 2.690 Gm.@Rate 6,790.00/Gm.",,Sale,0,1,0
2806,1,E24103003218,102,103,331,102,102,103,2.7,0.0,2.7,6650.0,0.0,0.0,1559.56,0.0,0.0,0.0,0.0,0.0,19514.56,0.0,19514.56,585.44,20100.0,"Net Wt: 2.700 Gm.@Rate 6,650.00/Gm.",,Sale,0,1,0
2807,1,H24103003286,102,103,102,102,102,103,1.46,0.0,1.46,6650.0,0.0,0.0,824.98,0.0,0.0,0.0,0.0,0.0,10533.98,0.0,10533.98,316.02,10850.0,"Net Wt: 1.460 Gm.@Rate 6,650.00/Gm.",,Sale,0,1,0
2808,1,I24103003386,102,103,110,102,102,103,3.02,0.0,3.02,6630.0,0.0,0.0,1627.89,0.0,0.0,0.0,0.0,0.0,21650.49,0.0,21650.49,649.52,22300.0,"Net Wt: 3.020 Gm.@Rate 6,630.00/Gm.",,Sale,0,1,0
2809,1,J24103003412,102,103,102,102,102,103,1.43,0.0,1.43,6650.0,0.0,0.0,975.94,0.0,0.0,0.0,0.0,0.0,10485.44,0.0,10485.44,314.56,10800.0,"Net Wt: 1.430 Gm.@Rate 6,650.00/Gm.",,Sale,0,1,0
2712,1,I23103002866,102,103,101,102,102,103,2.64,0.0,2.64,6350.0,0.0,0.0,803.08,0.0,0.0,0.0,0.0,200.0,17767.08,0.0,17767.08,533.02,18300.09,"Net Wt: 2.640 Gm.@Rate 6,350.00/Gm.",,Sale,0,1,0
2712,2,G20103001075,102,103,118,102,102,103,5.68,0.0,5.68,6350.0,0.0,0.0,1886.91,0.0,0.0,0.0,0.0,200.0,38154.91,0.0,38154.91,1144.64,39299.56,"Net Wt: 5.680 Gm.@Rate 6,350.00/Gm.",,Sale,0,1,0
2713,1,J22103002146,102,103,445,102,102,103,6.59,0.0,6.59,6350.0,0.0,0.0,2322.43,0.0,0.0,0.0,0.0,200.0,44368.93,0.0,44368.93,1331.06,45700.0,"Net Wt: 6.590 Gm.@Rate 6,350.00/Gm.",,Sale,0,1,0
2714,1,H23103002835,102,103,101,102,102,103,9.31,0.0,9.31,6350.0,0.0,0.0,6021.31,0.0,0.0,0.0,0.0,200.0,65339.81,0.0,65339.81,1960.2,67300.0,"Net Wt: 9.310 Gm.@Rate 6,350.00/Gm.",,Sale,0,1,0
2728,1,E24103003177,102,103,374,102,102,103,4.91,0.0,4.91,6690.0,0.0,0.0,3359.87,0.0,0.0,0.0,0.0,200.0,36407.77,0.0,36407.77,1092.24,37500.0,"Net Wt: 4.910 Gm.@Rate 6,690.00/Gm.",,Sale,0,1,0
2730,1,F23103002647,102,103,110,102,102,103,5.92,0.0,5.92,6890.0,0.1,0.0,3842.27,0.0,0.0,0.0,0.0,1000.0,45631.07,0.0,45631.07,1368.94,47000.0,"Net Wt: 5.920 Gm.@Rate 6,890.00/Gm.",,Sale,0,1,0
2730,2,H24104001351,102,104,289,102,109,111,16.3,0.0,16.3,82.0,0.0,0.0,119.71,0.0,0.0,0.0,0.0,0.0,1456.31,0.0,1456.31,43.68,1500.0,Net Wt: 16.300 Gm.@Rate 82.00/Gm.,,Sale,0,1,0
2731,1,O23104000983,102,104,119,121,110,115,22.5,0.0,22.5,85.0,0.0,0.0,854.49,0.0,0.0,0.0,0.0,0.0,2766.99,0.0,2766.99,83.0,2850.0,Net Wt: 22.500 Gm.@Rate 85.00/Gm.,,Sale,0,1,0
2732,1,H24104001352,102,104,353,102,109,111,37.7,0.0,37.7,85.0,0.0,0.0,3591.62,0.0,0.0,0.0,0.0,0.0,6796.12,0.0,6796.12,203.88,7000.0,Net Wt: 37.700 Gm.@Rate 85.00/Gm.,,Sale,0,1,0
2732,2,I23103002894,102,103,115,102,103,104,0.58,0.0,0.58,6500.0,0.0,0.0,1084.37,0.0,0.0,0.0,0.0,0.0,4854.37,0.0,4854.37,145.64,5000.0,"Net Wt: 0.580 Gm.@Rate 6,500.00/Gm.",,Sale,0,1,0
2732,3,H24103003280,102,103,400,102,102,103,0.47,0.0,0.47,6890.0,0.0,0.0,1130.63,0.0,0.0,0.0,0.0,0.0,4368.93,0.0,4368.93,131.06,4500.0,"Net Wt: 0.470 Gm.@Rate 6,890.00/Gm.",,Sale,0,1,0
2732,4,H24103003281,102,103,169,102,102,103,0.3,0.0,0.3,6890.0,0.0,0.0,1816.5,0.0,0.0,0.0,0.0,0.0,3883.5,0.0,3883.5,116.5,4000.0,"Net Wt: 0.300 Gm.@Rate 6,890.00/Gm.",,Sale,0,1,0
2787,1,O23103003094,102,103,112,102,102,103,10.85,0.0,10.85,6850.0,0.0,0.0,6260.02,0.0,0.0,0.0,0.0,0.0,80582.52,0.0,80582.52,2417.48,83000.0,"Net Wt: 10.850 Gm.@Rate 6,850.00/Gm.",,Sale,0,1,0
2800,2,J24103003410,102,103,369,102,102,103,1.88,0.0,1.88,6590.0,0.0,0.0,1003.03,0.0,0.0,0.0,0.0,200.0,13592.23,0.0,13592.23,407.76,14000.0,"Net Wt: 1.880 Gm.@Rate 6,590.00/Gm.",,Sale,0,1,0
2810,1,I24103003375,102,103,331,102,102,103,1.27,0.0,1.27,6650.0,0.0,0.0,874.89,0.0,0.0,0.0,0.0,0.0,9320.39,0.0,9320.39,279.62,9600.0,"Net Wt: 1.270 Gm.@Rate 6,650.00/Gm.",,Sale,0,1,0
2811,1,J24104001370,102,104,127,129,109,111,20.0,0.0,20.0,75.0,0.0,0.0,500.0,0.0,0.0,0.0,0.0,0.0,2000.0,0.0,2000.0,60.0,2060.0,Net Wt: 20.000 Gm.@Rate 75.00/Gm.,,Sale,0,1,0
2812,1,K24104001371,102,104,119,121,109,111,15.0,0.0,15.0,90.0,0.0,0.0,106.31,0.0,0.0,0.0,0.0,0.0,1456.31,0.0,1456.31,43.68,1500.0,Net Wt: 15.000 Gm.@Rate 90.00/Gm.,,Sale,0,1,0
2813,1,H24103003290,102,103,102,102,102,103,2.34,0.0,2.34,6700.0,0.0,0.0,729.77,0.0,0.0,0.0,0.0,0.0,16407.77,0.0,16407.77,492.24,16900.0,"Net Wt: 2.340 Gm.@Rate 6,700.00/Gm.",,Sale,0,1,0
2814,1,K24103003432,102,103,116,102,102,103,1.02,0.0,1.02,6750.0,0.0,0.0,445.1,0.0,0.0,0.0,0.0,0.0,7330.1,0.0,7330.1,219.9,7550.0,"Net Wt: 1.020 Gm.@Rate 6,750.00/Gm.",,Sale,0,1,0
2815,1,N23103003041,102,103,420,102,103,104,1.86,0.0,1.86,6000.0,0.0,0.0,1461.0,0.0,0.0,0.0,0.0,0.0,12621.36,0.0,12621.36,378.64,13000.0,"Net Wt: 1.860 Gm.@Rate 6,000.00/Gm.",,Sale,0,1,0
2815,2,K24103003433,102,103,115,102,102,103,1.3,0.0,1.3,6700.0,0.0,0.0,1969.61,0.0,0.0,0.0,0.0,0.0,10679.61,0.0,10679.61,320.38,11000.0,"Net Wt: 1.300 Gm.@Rate 6,700.00/Gm.",,Sale,0,1,0
2816,1,N22103002345,102,103,103,102,102,129,1.11,0.0,1.11,6000.0,0.0,0.0,1398.25,0.0,0.0,0.0,0.0,0.0,8058.25,0.0,8058.25,241.74,8300.0,"Net Wt: 1.110 Gm.@Rate 6,000.00/Gm.",,Sale,0,1,0
2817,1,K24103003434,102,103,112,102,102,103,2.7,0.0,2.7,6700.0,0.0,0.0,5987.67,0.0,0.0,0.0,0.0,0.0,24077.67,0.0,24077.67,722.34,24800.0,"Net Wt: 2.700 Gm.@Rate 6,700.00/Gm.",,Sale,0,1,0
2817,2,K24103003435,102,103,113,102,102,103,7.8,0.0,7.8,6700.0,0.0,0.0,7934.17,0.0,0.0,0.0,0.0,0.0,60194.17,0.0,60194.17,1805.82,62000.0,"Net Wt: 7.800 Gm.@Rate 6,700.00/Gm.",,Sale,0,1,0
2818,1,J24103003415,102,103,331,102,102,103,1.68,0.0,1.68,6700.0,0.0,0.0,879.92,0.0,0.0,0.0,0.0,0.0,12135.92,0.0,12135.92,364.08,12500.0,"Net Wt: 1.680 Gm.@Rate 6,700.00/Gm.",,Sale,0,1,0
2819,1,K24103003436,102,103,116,102,102,103,0.65,0.0,0.65,6700.0,0.0,0.0,790.63,0.0,0.0,0.0,0.0,0.0,5145.63,0.0,5145.63,154.36,5300.0,"Net Wt: 0.650 Gm.@Rate 6,700.00/Gm.",,Sale,0,1,0
2820,1,O23104001012,102,104,119,121,110,115,32.5,0.0,32.5,90.0,0.0,0.0,1541.02,0.0,0.0,0.0,0.0,0.0,4466.02,0.0,4466.02,133.98,4600.0,Net Wt: 32.500 Gm.@Rate 90.00/Gm.,,Sale,0,1,0
2821,1,O23104001022,102,104,119,121,110,115,83.0,0.0,83.0,90.0,0.0,0.0,3695.31,0.0,0.0,0.0,0.0,0.0,11165.31,0.0,11165.31,334.96,11500.27,Net Wt: 83.000 Gm.@Rate 90.00/Gm.,,Sale,0,1,0
2821,2,K24104001372,102,104,119,121,109,111,15.0,0.0,15.0,90.0,0.0,0.0,591.75,0.0,0.0,0.0,0.0,0.0,1941.75,0.0,1941.75,58.26,2000.0,Net Wt: 15.000 Gm.@Rate 90.00/Gm.,,Sale,0,1,0
2800,3,O23104001181,102,104,136,137,110,115,5.6,0.0,5.6,95.0,0.0,0.0,245.0,0.0,0.0,0.0,0.0,0.0,776.91,0.0,776.91,23.3,800.22,Net Wt: 5.600 Gm.@Rate 95.00/Gm.,,Sale,0,1,0
2822,1,K24104001373,102,104,138,102,109,111,9.25,0.0,9.25,90.0,0.0,0.0,138.37,0.0,0.0,0.0,0.0,0.0,970.87,0.0,970.87,29.12,1000.0,Net Wt: 9.250 Gm.@Rate 90.00/Gm.,,Sale,0,1,0
2823,1,K24104001374,102,104,151,150,109,111,7.0,0.0,7.0,90.0,0.0,0.0,243.79,0.0,0.0,0.0,0.0,0.0,873.79,0.0,873.79,26.22,900.0,Net Wt: 7.000 Gm.@Rate 90.00/Gm.,,Sale,0,1,0
2824,1,I22103001970,102,103,331,102,102,103,3.38,0.0,3.38,6700.0,0.0,0.0,1295.75,0.0,0.0,0.0,0.0,0.0,23941.75,0.0,23941.75,718.26,24660.0,"Net Wt: 3.380 Gm.@Rate 6,700.00/Gm.",,Sale,0,1,0
2825,1,K24103003437,102,103,169,102,102,103,0.19,0.0,0.19,6700.0,0.0,0.0,86.22,0.0,0.0,0.0,0.0,0.0,1359.22,0.0,1359.22,40.78,1400.0,"Net Wt: 0.190 Gm.@Rate 6,700.00/Gm.",,Sale,0,1,0
2842,1,K24104001375,102,104,119,121,109,111,35.3,0.0,35.3,95.0,0.0,0.0,335.82,0.0,0.0,0.0,0.0,0.0,3689.32,0.0,3689.32,110.68,3800.0,Net Wt: 35.300 Gm.@Rate 95.00/Gm.,,Sale,0,1,0
2827,1,I24103003385,102,103,110,102,102,103,2.78,0.0,2.78,6750.0,0.0,0.0,1829.66,0.0,0.0,0.0,0.0,1250.0,21844.66,0.0,21844.66,655.34,22500.0,"Net Wt: 2.780 Gm.@Rate 6,750.00/Gm.",,Sale,0,1,0
2828,1,O23104001036,102,104,119,121,110,115,19.3,0.0,19.3,95.0,0.0,0.0,690.77,0.0,0.0,0.0,0.0,0.0,2524.27,0.0,2524.27,75.72,2600.0,Net Wt: 19.300 Gm.@Rate 95.00/Gm.,,Sale,0,1,0
2829,1,I24103003392,102,103,374,101,102,103,1.23,0.0,1.23,6780.0,0.0,0.0,1119.34,0.0,0.0,0.0,0.0,250.0,9708.74,0.0,9708.74,291.26,10000.0,"Net Wt: 1.230 Gm.@Rate 6,780.00/Gm.",,Sale,0,1,0
2830,1,G24103003272,102,103,407,102,102,129,1.18,0.0,1.18,6000.0,0.0,0.0,1893.3,0.0,0.0,0.0,0.0,250.0,9223.3,0.0,9223.3,276.7,9500.0,"Net Wt: 1.180 Gm.@Rate 6,000.00/Gm.",,Sale,0,1,0
2831,1,I24103003364,102,103,101,102,102,103,22.13,0.0,22.13,6700.0,0.0,0.0,14100.36,0.0,0.0,0.0,0.0,250.0,162621.36,0.0,162621.36,4878.64,167500.0,"Net Wt: 22.130 Gm.@Rate 6,700.00/Gm.",,Sale,0,1,0
2832,1,N22103002352,102,103,103,102,102,129,0.66,0.0,0.66,6000.0,0.0,0.0,1379.81,0.0,0.0,0.0,0.0,0.0,5339.81,0.0,5339.81,160.2,5500.0,"Net Wt: 0.660 Gm.@Rate 6,000.00/Gm.",,Sale,0,1,0
2833,1,J23103002932,102,103,107,102,102,103,3.44,0.0,3.44,6700.0,0.0,0.0,3886.47,0.0,0.0,0.0,0.0,250.0,27184.47,0.0,27184.47,815.54,28000.0,"Net Wt: 3.440 Gm.@Rate 6,700.00/Gm.",,Sale,0,1,0
2834,2,I24103003329,102,103,112,102,102,103,4.7,0.0,4.7,6700.0,0.0,0.0,3211.0,0.0,0.0,0.0,0.0,250.0,34951.46,0.0,34951.46,1048.54,36000.0,"Net Wt: 4.700 Gm.@Rate 6,700.00/Gm.",,Sale,0,1,0
2834,3,K24103003438,102,103,113,102,102,103,7.0,0.0,7.0,6700.0,0.0,0.0,2558.74,0.0,0.0,0.0,0.0,250.0,49708.74,0.0,49708.74,1491.26,51200.0,"Net Wt: 7.000 Gm.@Rate 6,700.00/Gm.",,Sale,0,1,0
2837,1,G24103003272,102,103,407,102,102,129,1.18,0.0,1.18,6000.0,0.0,0.0,2143.3,0.0,0.0,0.0,0.0,0.0,9223.3,0.0,9223.3,276.7,9500.0,"Net Wt: 1.180 Gm.@Rate 6,000.00/Gm.",,Return,0,1,0
2838,1,K24103003463,102,103,404,102,102,103,1.21,0.0,1.21,6790.0,0.0,0.0,1181.19,0.0,0.0,0.0,0.0,700.0,10097.09,0.0,10097.09,302.92,10400.0,"Net Wt: 1.210 Gm.@Rate 6,790.00/Gm.",,Sale,0,1,0
2839,1,I24103003367,102,103,102,102,102,103,2.42,0.0,2.42,6850.0,0.0,0.0,1238.53,0.0,0.0,0.0,0.0,0.0,17815.53,0.0,17815.53,534.46,18350.0,"Net Wt: 2.420 Gm.@Rate 6,850.00/Gm.",,Sale,0,1,0
2839,2,J24103003419,102,103,331,102,102,103,2.56,0.0,2.56,6850.0,0.0,0.0,1298.95,0.0,0.0,0.0,0.0,0.0,18834.95,0.0,18834.95,565.04,19400.0,"Net Wt: 2.560 Gm.@Rate 6,850.00/Gm.",,Sale,0,1,0
2840,1,K24103003464,102,103,374,101,102,103,1.73,0.0,1.73,6885.0,0.0,0.0,1124.87,0.0,0.0,0.0,0.0,100.0,13135.92,0.0,13135.92,394.08,13530.0,"Net Wt: 1.730 Gm.@Rate 6,885.00/Gm.",,Sale,0,1,0
2843,1,G24103003259,102,103,420,102,102,129,1.68,0.0,1.68,6000.0,0.0,0.0,2541.36,0.0,0.0,0.0,0.0,0.0,12621.36,0.0,12621.36,378.64,13000.0,"Net Wt: 1.680 Gm.@Rate 6,000.00/Gm.",,Sale,0,1,0
2844,1,N22103002338,102,103,103,102,102,129,1.22,0.0,1.22,6000.0,0.0,0.0,2388.74,0.0,0.0,0.0,0.0,0.0,9708.74,0.0,9708.74,291.26,10000.0,"Net Wt: 1.220 Gm.@Rate 6,000.00/Gm.",,Sale,0,1,0
2845,1,H24103003289,102,103,102,102,102,103,2.84,0.0,2.84,6750.0,0.0,0.0,1412.52,0.0,0.0,0.0,0.0,0.0,20582.52,0.0,20582.52,617.48,21200.0,"Net Wt: 2.840 Gm.@Rate 6,750.00/Gm.",,Sale,0,1,0
2846,1,I24103003365,102,103,101,102,102,103,9.75,0.0,9.75,6750.0,0.0,0.0,4867.11,0.0,0.0,0.0,0.0,0.0,70679.61,0.0,70679.61,2120.38,72800.0,"Net Wt: 9.750 Gm.@Rate 6,750.00/Gm.",,Sale,0,1,0
2847,1,O23104001115,102,104,346,102,110,115,18.15,0.0,18.15,95.0,0.0,0.0,218.0,0.0,0.0,0.0,0.0,0.0,1941.82,0.0,1941.82,58.26,2000.07,Net Wt: 18.150 Gm.@Rate 95.00/Gm.,,Sale,0,1,0
2847,2,O23104001072,102,104,346,102,110,115,20.55,0.0,20.55,95.0,0.0,0.0,183.64,0.0,0.0,0.0,0.0,0.0,2135.89,0.0,2135.89,64.08,2199.97,Net Wt: 20.550 Gm.@Rate 95.00/Gm.,,Sale,0,1,0
2848,1,J22103002239,102,103,116,102,102,103,1.59,0.0,1.59,6550.0,0.0,0.0,1527.25,0.0,0.0,0.0,0.0,0.0,11941.75,0.0,11941.75,358.26,12300.0,"Net Wt: 1.590 Gm.@Rate 6,550.00/Gm.",,Sale,0,1,0
2849,1,I24103003382,102,103,101,102,102,103,5.3,0.0,5.3,6420.0,0.0,0.0,5044.56,0.0,0.0,0.0,0.0,250.0,39320.56,0.0,39320.56,1179.62,40500.18,"Net Wt: 5.300 Gm.@Rate 6,420.00/Gm.",,Sale,0,1,0
2849,2,I24103003354,102,103,235,102,102,103,2.12,0.0,2.12,6420.0,0.0,0.0,2158.57,0.0,0.0,0.0,0.0,250.0,16018.97,0.0,16018.97,480.56,16499.54,"Net Wt: 2.120 Gm.@Rate 6,420.00/Gm.",,Sale,0,1,0
2835,1,I24103003349,102,103,235,102,102,103,3.88,0.0,3.88,6750.0,0.01,0.0,2686.21,0.0,0.0,0.0,0.0,250.0,29126.21,0.0,29126.21,873.78,30000.0,"Net Wt: 3.880 Gm.@Rate 6,750.00/Gm.",,Sale,0,1,0
2836,1,I24103003337,102,103,235,102,102,103,3.44,0.0,3.44,6730.0,0.0,0.0,2326.96,0.0,0.0,0.0,0.0,250.0,25728.16,0.0,25728.16,771.84,26500.0,"Net Wt: 3.440 Gm.@Rate 6,730.00/Gm.",,Sale,0,1,0
2826,1,I22103002071,102,103,101,102,102,103,13.21,0.0,13.21,6800.0,0.0,0.0,9922.0,0.0,0.0,0.0,0.0,250.0,100000.0,0.0,100000.0,3000.0,103000.0,"Net Wt: 13.210 Gm.@Rate 6,800.00/Gm.",,Sale,0,1,0
2849,3,K24103003465,102,103,115,102,102,129,1.39,0.0,1.39,6000.0,0.0,0.0,2339.61,0.0,0.0,0.0,0.0,0.0,10679.61,0.0,10679.61,320.38,11000.0,"Net Wt: 1.390 Gm.@Rate 6,000.00/Gm.",,Sale,0,1,0
2854,1,L24103003524,102,103,176,102,101,102,2.0,0.0,2.0,7000.0,0.0,0.0,495.15,0.0,0.0,0.0,0.0,0.0,14495.15,0.0,14495.15,434.86,14930.0,"Net Wt: 2.000 Gm.@Rate 7,000.00/Gm.",,Sale,0,1,0
2855,1,L24104001377,102,104,353,102,109,111,39.13,0.0,39.13,90.0,0.0,0.0,2594.8,0.0,0.0,0.0,0.0,0.0,6116.5,0.0,6116.5,183.5,6300.0,Net Wt: 39.130 Gm.@Rate 90.00/Gm.,,Sale,0,1,0
2856,1,H24103003304,102,103,112,102,102,103,13.87,0.0,13.87,6500.0,0.0,0.0,9109.56,0.0,0.0,0.0,0.0,250.0,99514.56,0.0,99514.56,2985.44,102500.0,"Net Wt: 13.870 Gm.@Rate 6,500.00/Gm.",,Sale,0,1,0
2856,2,L24103003525,102,103,113,102,102,103,5.34,0.0,5.34,6500.0,0.0,0.0,3639.51,0.0,0.0,0.0,0.0,0.0,38349.51,0.0,38349.51,1150.48,39500.0,"Net Wt: 5.340 Gm.@Rate 6,500.00/Gm.",,Sale,0,1,0
2856,3,L24104001378,102,104,123,102,109,111,19.19,0.0,19.19,90.0,0.0,0.0,700.08,0.0,0.0,0.0,0.0,0.0,2427.18,0.0,2427.18,72.82,2500.0,Net Wt: 19.190 Gm.@Rate 90.00/Gm.,,Sale,0,1,0
2857,1,L24103003485,102,103,444,102,103,104,0.68,0.0,0.68,6000.0,0.0,0.0,718.0,0.0,0.0,0.0,0.0,250.0,5048.26,0.0,5048.26,151.44,5199.71,"Net Wt: 0.680 Gm.@Rate 6,000.00/Gm.",,Sale,0,1,0
2857,2,L24103003481,102,103,444,102,103,104,0.58,0.0,0.58,6000.0,0.0,0.0,445.0,0.0,0.0,0.0,0.0,250.0,4174.76,0.0,4174.76,125.24,4300.0,"Net Wt: 0.580 Gm.@Rate 6,000.00/Gm.",,Sale,0,1,0
2858,1,L24103003479,102,103,444,102,103,104,0.7,0.0,0.7,6000.0,0.0,0.0,550.0,0.0,0.0,0.0,0.0,250.0,5000.0,0.0,5000.0,150.0,5150.0,"Net Wt: 0.700 Gm.@Rate 6,000.00/Gm.",,Sale,0,1,0
2859,1,O23104000999,102,104,119,121,110,115,28.3,0.0,28.3,90.0,0.0,0.0,1336.5,0.0,0.0,0.0,0.0,0.0,3883.5,0.0,3883.5,116.5,4000.01,Net Wt: 28.300 Gm.@Rate 90.00/Gm.,,Sale,0,1,0
2860,1,K24103003474,102,103,110,102,102,103,4.12,0.0,4.12,6390.0,0.0,0.0,2617.3,0.0,0.0,0.0,0.0,1250.0,30194.1,0.0,30194.1,905.82,31099.92,"Net Wt: 4.120 Gm.@Rate 6,390.00/Gm.",,Sale,0,1,0
2860,2,O21103001741,102,103,235,102,102,103,5.47,0.0,5.47,6390.0,0.0,0.0,5185.09,0.0,0.0,0.0,0.0,250.0,40388.39,0.0,40388.39,1211.66,41600.04,"Net Wt: 5.470 Gm.@Rate 6,390.00/Gm.",,Sale,0,1,0
2860,3,I22103001945,102,103,331,102,102,103,3.41,0.0,3.41,6390.0,0.0,0.0,3397.17,0.0,0.0,0.0,0.0,250.0,25437.07,0.0,25437.07,763.12,26200.18,"Net Wt: 3.410 Gm.@Rate 6,390.00/Gm.",,Sale,0,1,0
2860,4,H24103003283,102,103,102,102,102,103,2.86,0.0,2.86,6390.0,0.0,0.0,2445.08,0.0,0.0,0.0,0.0,250.0,20970.48,0.0,20970.48,629.12,21599.59,"Net Wt: 2.860 Gm.@Rate 6,390.00/Gm.",,Sale,0,1,0
2860,5,I24103003370,102,103,331,102,102,103,1.11,0.0,1.11,6390.0,0.0,0.0,909.26,0.0,0.0,0.0,0.0,250.0,8252.16,0.0,8252.16,247.56,8499.72,"Net Wt: 1.110 Gm.@Rate 6,390.00/Gm.",,Sale,0,1,0
2860,6,L24104001379,102,104,119,121,109,111,10.0,0.0,10.0,90.0,0.0,0.0,70.87,0.0,0.0,0.0,0.0,0.0,970.87,0.0,970.87,29.12,1000.0,Net Wt: 10.000 Gm.@Rate 90.00/Gm.,,Sale,0,1,0
2861,1,H24103003311,102,103,114,102,102,103,8.33,0.0,8.33,6790.0,0.0,0.0,7267.0,0.0,0.0,0.0,0.0,250.0,64078.14,0.0,64078.14,1922.34,66000.48,"Net Wt: 8.330 Gm.@Rate 6,790.00/Gm.",,Sale,0,1,0
2861,2,L24103003491,102,103,420,102,103,104,2.42,0.0,2.42,6300.0,0.4,0.0,1979.73,0.0,0.0,0.0,0.0,250.0,17475.73,0.0,17475.73,524.28,18000.0,"Net Wt: 2.420 Gm.@Rate 6,300.00/Gm.",,Sale,0,1,0
2862,1,G24103003263,102,103,420,102,102,129,1.88,0.0,1.88,6000.0,0.0,0.0,1091.36,0.0,0.0,0.0,0.0,250.0,12621.36,0.0,12621.36,378.64,13000.0,"Net Wt: 1.880 Gm.@Rate 6,000.00/Gm.",,Sale,0,1,0
2863,1,G24103003262,102,103,420,102,102,129,1.76,0.0,1.76,5900.0,0.0,0.0,1307.75,0.0,0.0,0.0,0.0,250.0,11941.75,0.0,11941.75,358.26,12300.0,"Net Wt: 1.760 Gm.@Rate 5,900.00/Gm.",,Sale,0,1,0
2864,1,L24103003498,102,103,420,102,103,104,1.58,0.0,1.58,5900.0,0.0,0.0,1107.61,0.0,0.0,0.0,0.0,250.0,10679.61,0.0,10679.61,320.38,11000.0,"Net Wt: 1.580 Gm.@Rate 5,900.00/Gm.",,Sale,0,1,0
2864,2,L24104001380,102,104,351,102,109,111,7.2,0.0,7.2,95.0,0.0,0.0,92.7,0.0,0.0,0.0,0.0,0.0,776.7,0.0,776.7,23.3,800.0,Net Wt: 7.200 Gm.@Rate 95.00/Gm.,,Sale,0,1,0
2867,1,L24103003527,102,103,114,102,102,103,20.6,0.0,20.6,6490.0,0.0,0.0,14349.69,0.0,0.0,0.0,0.0,500.0,148543.69,0.0,148543.69,4456.32,153000.0,"Net Wt: 20.600 Gm.@Rate 6,490.00/Gm.",,Sale,0,1,0
2868,1,F20103000993,102,103,110,102,102,103,3.73,0.0,3.73,6590.0,0.0,0.0,2324.64,0.0,0.0,0.0,0.0,1250.0,28155.34,0.0,28155.34,844.66,29000.0,"Net Wt: 3.730 Gm.@Rate 6,590.00/Gm.",,Sale,0,1,0
2869,1,I23103002884,102,103,115,102,103,104,2.52,0.0,2.52,6000.0,0.0,0.0,2105.73,0.0,0.0,0.0,0.0,250.0,17475.73,0.0,17475.73,524.28,18000.0,"Net Wt: 2.520 Gm.@Rate 6,000.00/Gm.",,Sale,0,1,0
2869,2,N22103002339,102,103,103,102,102,129,1.07,0.0,1.07,6000.0,0.0,0.0,1582.87,0.0,0.0,0.0,0.0,250.0,8252.87,0.0,8252.87,247.58,8500.46,"Net Wt: 1.070 Gm.@Rate 6,000.00/Gm.",,Sale,0,1,0
2850,1,H24103003298,102,103,235,102,102,103,8.68,0.0,8.68,6300.0,0.0,0.0,6231.05,0.0,0.0,0.0,0.0,250.0,61165.05,0.0,61165.05,1834.96,63000.0,"Net Wt: 8.680 Gm.@Rate 6,300.00/Gm.",,Sale,0,1,0
2851,1,K24104001376,102,104,119,121,109,111,67.0,0.0,67.0,95.0,0.0,0.0,1110.73,0.0,0.0,0.0,0.0,0.0,7475.73,0.0,7475.73,224.28,7700.0,Net Wt: 67.000 Gm.@Rate 95.00/Gm.,,Sale,0,1,0
2852,1,J24103003413,102,103,331,102,102,103,4.07,0.0,4.07,6390.0,0.0,0.0,2383.48,0.0,0.0,0.0,0.0,250.0,28640.78,0.0,28640.78,859.22,29500.0,"Net Wt: 4.070 Gm.@Rate 6,390.00/Gm.",,Sale,0,1,0
2853,1,J23103002935,102,103,235,102,102,103,6.53,0.0,6.53,6390.0,0.3,0.0,4819.42,0.0,0.0,0.0,0.0,250.0,46796.12,0.0,46796.12,1403.88,48200.0,"Net Wt: 6.530 Gm.@Rate 6,390.00/Gm.",,Sale,0,1,0
2865,1,L24103003526,102,103,169,102,103,104,0.25,0.0,0.25,6000.0,0.0,0.0,538.83,0.0,0.0,0.0,0.0,0.0,2038.83,0.0,2038.83,61.16,2099.99,"Net Wt: 0.250 Gm.@Rate 6,000.00/Gm.",,Sale,0,1,0
2866,1,J23103002915,102,103,331,102,102,103,3.7,0.0,3.7,6490.0,0.0,0.0,2921.47,0.0,0.0,0.0,0.0,250.0,27184.47,0.0,27184.47,815.54,28000.0,"Net Wt: 3.700 Gm.@Rate 6,490.00/Gm.",,Sale,0,1,0
2870,1,I24103003341,102,103,235,102,102,103,2.69,0.0,2.69,6550.0,0.0,0.0,1516.42,0.0,0.0,0.0,0.0,0.0,19135.92,0.0,19135.92,574.08,19710.0,"Net Wt: 2.690 Gm.@Rate 6,550.00/Gm.",,Sale,0,1,0
2871,1,O21103001811,102,103,116,102,102,103,2.63,0.0,2.63,6650.0,0.0,0.0,1927.98,0.0,0.0,0.0,0.0,0.0,19417.48,0.0,19417.48,582.52,20000.0,"Net Wt: 2.630 Gm.@Rate 6,650.00/Gm.",,Sale,0,1,0
2872,1,L24104001381,102,104,119,121,109,111,43.32,0.0,43.32,90.0,0.0,0.0,955.57,0.0,0.0,0.0,0.0,0.0,4854.37,0.0,4854.37,145.64,5000.0,Net Wt: 43.320 Gm.@Rate 90.00/Gm.,,Sale,0,1,0
2873,1,L24103003528,102,103,113,102,102,103,7.99,0.0,7.99,6550.0,0.0,0.0,4073.27,0.0,0.0,0.0,0.0,0.0,56407.77,0.0,56407.77,1692.24,58100.0,"Net Wt: 7.990 Gm.@Rate 6,550.00/Gm.",,Sale,0,1,0
2875,1,H23103002795,102,103,107,102,102,103,3.73,0.0,3.73,6600.0,0.0,0.0,1983.94,0.0,0.0,0.0,0.0,0.0,26601.94,0.0,26601.94,798.06,27400.0,"Net Wt: 3.730 Gm.@Rate 6,600.00/Gm.",,Sale,0,1,0
2876,1,L24103003529,102,103,369,102,102,103,3.3,0.0,3.3,6650.0,0.0,0.0,1647.23,0.0,0.0,0.0,0.0,0.0,23592.23,0.0,23592.23,707.76,24300.0,"Net Wt: 3.300 Gm.@Rate 6,650.00/Gm.",,Sale,0,1,0
2877,1,F23103002627,102,103,101,102,102,103,21.78,0.0,21.78,6500.0,0.0,0.0,14103.0,0.0,0.0,0.0,0.0,250.0,155922.52,0.0,155922.52,4677.68,160600.2,"Net Wt: 21.780 Gm.@Rate 6,500.00/Gm.",,Sale,0,1,0
2877,2,H24103003308,102,103,338,102,102,103,4.08,0.0,4.08,6500.0,0.0,0.0,2744.0,0.0,0.0,0.0,0.0,250.0,29514.47,0.0,29514.47,885.44,30399.9,"Net Wt: 4.080 Gm.@Rate 6,500.00/Gm.",,Sale,0,1,0
2878,1,O21103001862,102,103,107,102,102,103,8.47,0.0,8.47,6700.0,0.0,0.0,5136.92,0.0,0.0,0.0,0.0,250.0,62135.92,0.0,62135.92,1864.08,64000.0,"Net Wt: 8.470 Gm.@Rate 6,700.00/Gm.",,Sale,0,1,0
2879,1,K24103003452,102,103,116,102,102,103,0.73,0.0,0.73,6690.0,0.0,0.0,691.54,0.0,0.0,0.0,0.0,250.0,5825.24,0.0,5825.24,174.76,6000.0,"Net Wt: 0.730 Gm.@Rate 6,690.00/Gm.",,Sale,0,1,0
2880,1,L24103003530,102,103,112,102,102,103,19.81,0.0,19.81,6790.0,0.0,0.0,12327.48,0.0,0.0,0.0,0.0,250.0,147087.38,0.0,147087.38,4412.62,151500.0,"Net Wt: 19.810 Gm.@Rate 6,790.00/Gm.",,Sale,0,1,0
2881,1,F20103001017,102,103,110,102,102,103,4.43,0.0,4.43,6700.0,0.0,0.0,2357.83,0.0,0.0,0.0,0.0,0.0,32038.83,0.0,32038.83,961.16,32999.99,"Net Wt: 4.430 Gm.@Rate 6,700.00/Gm.",,Sale,0,1,0
2885,1,M24103003538,102,103,110,102,102,103,4.39,0.0,4.39,6690.0,0.0,0.0,2390.61,0.0,0.0,0.0,0.0,1250.0,33009.71,0.0,33009.71,990.3,34000.0,"Net Wt: 4.390 Gm.@Rate 6,690.00/Gm.",,Sale,0,1,0
2885,2,M24103003539,102,103,110,102,102,103,2.78,0.0,2.78,6690.0,0.0,0.0,1511.02,0.0,0.0,0.0,0.0,1250.0,21359.22,0.0,21359.22,640.78,22000.0,"Net Wt: 2.780 Gm.@Rate 6,690.00/Gm.",,Sale,0,1,0
2886,1,L24103003534,102,103,112,102,102,103,23.14,0.0,23.14,6800.0,0.0,0.0,15113.53,0.0,0.0,0.0,0.0,350.0,172815.53,0.0,172815.53,5184.46,178000.0,"Net Wt: 23.140 Gm.@Rate 6,800.00/Gm.",,Sale,0,1,0
2886,2,M24103003540,102,103,113,102,102,103,5.0,0.0,5.0,6800.0,0.0,0.0,3184.47,0.0,0.0,0.0,0.0,0.0,37184.47,0.0,37184.47,1115.54,38300.0,"Net Wt: 5.000 Gm.@Rate 6,800.00/Gm.",,Sale,0,1,0
2886,3,M24104001383,102,104,119,121,109,111,37.0,0.0,37.0,90.0,0.0,0.0,941.84,0.0,0.0,0.0,0.0,0.0,4271.84,0.0,4271.84,128.16,4400.0,Net Wt: 37.000 Gm.@Rate 90.00/Gm.,,Sale,0,1,0
2888,1,M24104001384,102,104,119,121,109,111,27.3,0.0,27.3,88.0,0.0,0.0,704.4,0.0,0.0,0.0,0.0,0.0,3106.8,0.0,3106.8,93.2,3200.0,Net Wt: 27.300 Gm.@Rate 88.00/Gm.,,Sale,0,1,0
2889,1,M24104001385,102,104,353,102,109,111,38.1,0.0,38.1,88.0,0.0,0.0,1404.48,0.0,0.0,0.0,0.0,0.0,4757.28,0.0,4757.28,142.72,4900.0,Net Wt: 38.100 Gm.@Rate 88.00/Gm.,,Sale,0,1,0
2890,1,O23103003095,102,103,101,102,102,103,26.27,0.0,26.27,6750.0,0.0,0.0,13939.64,0.0,0.0,0.0,0.0,0.0,191262.14,0.0,191262.14,5737.86,197000.0,"Net Wt: 26.270 Gm.@Rate 6,750.00/Gm.",,Sale,0,1,0
2891,1,I24103003339,102,103,235,102,102,103,2.22,0.0,2.22,6750.0,0.0,0.0,63.54,0.0,0.0,0.0,0.0,0.0,15048.54,0.0,15048.54,451.46,15500.0,"Net Wt: 2.220 Gm.@Rate 6,750.00/Gm.",,Sale,0,1,0
2892,1,M24103003542,102,103,113,102,102,103,5.8,0.0,5.8,6750.0,0.0,0.0,3180.1,0.0,0.0,0.0,0.0,0.0,42330.1,0.0,42330.1,1269.9,43600.0,"Net Wt: 5.800 Gm.@Rate 6,750.00/Gm.",,Sale,0,1,0
2893,1,I24103003338,102,103,235,102,102,103,2.88,0.0,2.88,6750.0,0.0,0.0,1919.22,0.0,0.0,0.0,0.0,0.0,21359.22,0.0,21359.22,640.78,22000.0,"Net Wt: 2.880 Gm.@Rate 6,750.00/Gm.",,Sale,0,1,0
2882,1,K24103003448,102,103,115,102,102,103,1.09,0.0,1.09,6700.0,0.0,0.0,699.92,0.0,0.0,0.0,0.0,250.0,8252.92,0.0,8252.92,247.58,8500.51,"Net Wt: 1.090 Gm.@Rate 6,700.00/Gm.",,Sale,0,1,0
2882,2,I24103003358,102,103,235,102,102,103,1.93,0.0,1.93,6700.0,0.0,0.0,1382.03,0.0,0.0,0.0,0.0,250.0,14563.03,0.0,14563.03,436.9,14999.92,"Net Wt: 1.930 Gm.@Rate 6,700.00/Gm.",,Sale,0,1,0
2882,3,J24103003417,102,103,331,102,102,103,2.14,0.0,2.14,6700.0,0.0,0.0,1528.24,0.0,0.0,0.0,0.0,250.0,16116.24,0.0,16116.24,483.48,16599.73,"Net Wt: 2.140 Gm.@Rate 6,700.00/Gm.",,Sale,0,1,0
2882,4,I23103002897,102,103,115,102,103,104,0.7,0.0,0.7,6300.0,0.0,0.0,583.09,0.0,0.0,0.0,0.0,250.0,5243.09,0.0,5243.09,157.3,5400.38,"Net Wt: 0.700 Gm.@Rate 6,300.00/Gm.",,Sale,0,1,0
2882,5,L24103003512,102,103,115,102,103,104,1.55,0.0,1.55,6300.0,0.0,0.0,1150.05,0.0,0.0,0.0,0.0,250.0,11165.05,0.0,11165.05,334.96,11500.0,"Net Wt: 1.550 Gm.@Rate 6,300.00/Gm.",,Sale,0,1,0
2883,1,H24103003310,102,103,114,102,102,103,14.14,0.0,14.14,6690.0,0.0,0.0,7289.32,0.0,0.0,0.0,0.0,250.0,102135.92,0.0,102135.92,3064.08,105200.0,"Net Wt: 14.140 Gm.@Rate 6,690.00/Gm.",,Sale,0,1,0
2883,2,L24103003536,102,103,101,102,102,103,33.32,0.0,33.32,6690.0,0.0,0.0,18296.0,0.0,0.0,0.0,0.0,250.0,241456.31,0.0,241456.31,7243.68,248700.0,"Net Wt: 33.320 Gm.@Rate 6,690.00/Gm.",,Sale,0,1,0
2883,3,L24104001382,102,104,119,121,109,111,32.8,0.0,32.8,89.0,0.0,0.0,1546.82,0.0,0.0,0.0,0.0,0.0,4466.02,0.0,4466.02,133.98,4600.0,Net Wt: 32.800 Gm.@Rate 89.00/Gm.,,Sale,0,1,0
2884,1,K24103003450,102,103,115,102,102,103,1.55,0.0,1.55,6700.0,0.0,0.0,1062.57,0.0,0.0,0.0,0.0,300.0,11747.57,0.0,11747.57,352.42,12100.0,"Net Wt: 1.550 Gm.@Rate 6,700.00/Gm.",,Sale,0,1,0
2887,1,M24103003541,102,103,113,102,102,103,3.8,0.0,3.8,6650.0,0.0,0.0,1899.9,0.0,0.0,0.0,0.0,0.0,27169.9,0.0,27169.9,815.1,27985.0,"Net Wt: 3.800 Gm.@Rate 6,650.00/Gm.",,Sale,0,1,0
2887,2,L24103003529,102,103,369,102,102,103,3.3,0.0,3.3,6650.0,0.0,0.0,1647.23,0.0,0.0,0.0,0.0,0.0,23592.23,0.0,23592.23,707.76,24300.0,"Net Wt: 3.300 Gm.@Rate 6,650.00/Gm.",,Return,0,1,0
10916,1,N24104001404,102,104,127,129,109,111,20.0,0.0,20.0,102.0,0.0,0.0,387.18,0.0,0.0,0.0,0.0,0.0,2427.18,0.0,2427.18,72.82,2500.0,Net Wt: 20.000 Gm.@Rate 102.00/Gm.,,Sale,0,1,0
2895,1,M24103003544,102,103,116,102,102,103,2.95,0.0,2.95,6790.0,0.0,0.0,2202.51,0.0,0.0,0.0,0.0,0.0,22233.01,0.0,22233.01,667.0,22900.0,"Net Wt: 2.950 Gm.@Rate 6,790.00/Gm.",,Sale,0,1,0
2896,1,O22103002409,102,103,235,102,102,103,8.36,0.0,8.36,6850.0,0.0,0.0,4869.92,0.0,0.0,0.0,0.0,0.0,62135.92,0.0,62135.92,1864.08,64000.0,"Net Wt: 8.360 Gm.@Rate 6,850.00/Gm.",,Sale,0,1,0
2897,1,E24103003193,102,103,116,102,102,103,2.42,0.0,2.42,6790.0,0.0,0.0,2014.8,0.0,0.0,0.0,0.0,0.0,18446.6,0.0,18446.6,553.4,19000.0,"Net Wt: 2.420 Gm.@Rate 6,790.00/Gm.",,Sale,0,1,0
2898,1,M24103003545,102,103,116,102,102,103,0.88,0.0,0.88,6790.0,0.0,0.0,918.0,0.0,0.0,0.0,0.0,0.0,6893.2,0.0,6893.2,206.8,7100.0,"Net Wt: 0.880 Gm.@Rate 6,790.00/Gm.",,Sale,0,1,0
2899,1,O23104001011,102,104,119,121,110,115,30.9,0.0,30.9,45.0,0.0,0.0,2007.56,0.0,0.0,0.0,0.0,0.0,3398.06,0.0,3398.06,101.94,3500.0,Net Wt: 30.900 Gm.@Rate 45.00/Gm.,,Sale,0,1,0
2900,1,F23103002526,102,103,102,102,102,103,9.52,0.0,9.52,6900.0,0.0,0.0,5671.22,0.0,0.0,0.0,0.0,0.0,71359.22,0.0,71359.22,2140.78,73500.0,"Net Wt: 9.520 Gm.@Rate 6,900.00/Gm.",,Sale,0,1,0
2901,1,M24103003546,102,103,342,102,102,103,32.23,0.0,32.23,6790.0,0.0,0.0,23876.75,0.0,0.0,0.0,0.0,0.0,242718.45,250.0,242718.45,7281.56,250000.0,"Net Wt: 32.230 Gm.@Rate 6,790.00/Gm.",,Sale,0,1,0
2902,1,I24103003380,102,103,101,102,102,103,5.7,0.0,5.7,6950.0,0.0,0.0,4309.0,0.0,0.0,0.0,0.0,250.0,44174.44,0.0,44174.44,1325.24,45499.67,"Net Wt: 5.700 Gm.@Rate 6,950.00/Gm.",,Sale,0,1,0
2902,2,O23103003077,102,103,102,102,102,103,3.59,0.0,3.59,6950.0,0.05,0.0,2469.0,0.0,0.0,0.0,0.0,250.0,27669.9,0.0,27669.9,830.1,28500.0,"Net Wt: 3.590 Gm.@Rate 6,950.00/Gm.",,Sale,0,1,0
2903,1,M24104001386,102,104,151,150,109,111,8.06,0.0,8.06,100.0,0.0,0.0,242.54,0.0,0.0,0.0,0.0,0.0,1048.54,0.0,1048.54,31.46,1080.0,Net Wt: 8.060 Gm.@Rate 100.00/Gm.,,Sale,0,1,0
3888,1,I24103003323,102,103,112,102,102,103,11.3,0.0,11.3,7230.0,0.0,0.0,7371.39,0.0,0.0,0.0,0.0,250.0,89320.39,0.0,89320.39,2679.62,92000.0,"Net Wt: 11.300 Gm.@Rate 7,230.00/Gm.",,Sale,0,1,0
3889,1,O23103003092,102,103,112,102,102,103,10.58,0.0,10.58,6790.0,0.0,0.0,6802.58,0.0,0.0,0.0,0.0,0.0,78640.78,0.0,78640.78,2359.22,81000.0,"Net Wt: 10.580 Gm.@Rate 6,790.00/Gm.",,Sale,0,1,0
3889,2,K24103003454,102,103,116,102,102,103,0.95,0.0,0.95,6790.0,0.0,0.0,1551.93,0.0,0.0,0.0,0.0,250.0,8252.43,0.0,8252.43,247.58,8500.0,"Net Wt: 0.950 Gm.@Rate 6,790.00/Gm.",,Sale,0,1,0
3890,1,L24103003514,102,103,115,102,103,104,1.37,0.0,1.37,6600.0,0.0,0.0,1637.26,0.0,0.0,0.0,0.0,0.0,10679.26,0.0,10679.26,320.38,10999.64,"Net Wt: 1.370 Gm.@Rate 6,600.00/Gm.",,Sale,0,1,0
3890,2,M24103003548,102,103,116,102,102,103,2.61,0.0,2.61,6850.0,0.0,0.0,3480.72,0.0,0.0,0.0,0.0,0.0,21359.22,0.0,21359.22,640.78,22000.0,"Net Wt: 2.610 Gm.@Rate 6,850.00/Gm.",,Sale,0,1,0
4888,1,J22103002173,102,103,331,102,102,103,3.3,0.0,3.3,7000.0,0.0,0.0,2086.89,0.0,0.0,0.0,0.0,250.0,25436.89,0.0,25436.89,763.1,26200.0,"Net Wt: 3.300 Gm.@Rate 7,000.00/Gm.",,Sale,0,1,0
4888,2,H19103000053,102,103,102,102,102,103,4.4,0.0,4.4,7000.0,0.36,0.0,2736.83,0.0,0.0,0.0,0.0,250.0,33786.83,0.0,33786.83,1013.6,34800.43,"Net Wt: 4.400 Gm.@Rate 7,000.00/Gm.",,Sale,0,1,0
2904,1,H23103002809,102,103,115,102,102,103,2.28,0.0,2.28,6890.0,0.0,0.0,1710.7,0.0,0.0,0.0,0.0,250.0,17669.9,0.0,17669.9,530.1,18200.0,"Net Wt: 2.280 Gm.@Rate 6,890.00/Gm.",,Sale,0,1,0
2904,2,M24103003547,102,103,235,102,102,103,2.68,0.0,2.68,6890.0,0.0,0.0,2352.76,0.0,0.0,0.0,0.0,250.0,21067.96,0.0,21067.96,632.04,21700.0,"Net Wt: 2.680 Gm.@Rate 6,890.00/Gm.",,Sale,0,1,0
4889,1,O21103001860,102,103,107,102,102,103,3.13,0.0,3.13,7000.0,0.0,0.0,1390.97,0.0,0.0,0.0,0.0,0.0,23300.97,0.0,23300.97,699.02,24000.0,"Net Wt: 3.130 Gm.@Rate 7,000.00/Gm.",,Sale,0,1,0
4890,1,I24103003324,102,103,112,102,102,103,12.57,0.0,12.57,7270.0,0.0,0.0,8366.1,0.0,0.0,0.0,0.0,250.0,100000.0,0.0,100000.0,3000.0,103000.0,"Net Wt: 12.570 Gm.@Rate 7,270.00/Gm.",,Sale,0,1,0
4890,2,I24103003323,102,103,112,102,102,103,11.3,0.0,11.3,7260.0,0.0,0.0,7282.39,0.0,0.0,0.0,0.0,0.0,89320.39,0.0,89320.39,2679.62,92000.0,"Net Wt: 11.300 Gm.@Rate 7,260.00/Gm.",,Return,0,1,0
4891,1,H23103002724,102,103,342,102,102,103,24.46,0.0,24.46,7250.0,0.0,0.0,18531.5,0.0,0.0,0.0,0.0,250.0,196116.5,0.0,196116.5,5883.5,202000.0,"Net Wt: 24.460 Gm.@Rate 7,250.00/Gm.",,Sale,0,1,0
4892,1,I24103003378,102,103,327,102,102,103,10.33,0.0,10.33,7250.0,0.0,0.0,6410.9,0.0,0.0,0.0,0.0,250.0,81553.4,0.0,81553.4,2446.6,84000.0,"Net Wt: 10.330 Gm.@Rate 7,250.00/Gm.",,Sale,0,1,0
6888,1,N24103003585,102,103,116,102,102,103,0.49,0.0,0.49,7100.0,0.0,0.0,695.76,0.0,0.0,0.0,0.0,0.0,4174.76,0.0,4174.76,125.24,4300.0,"Net Wt: 0.490 Gm.@Rate 7,100.00/Gm.",,Sale,0,1,0
6889,1,J23103002931,102,103,107,102,102,103,2.82,0.0,2.82,7100.0,0.0,0.0,2008.1,0.0,0.0,0.0,0.0,300.0,22330.1,0.0,22330.1,669.9,23000.0,"Net Wt: 2.820 Gm.@Rate 7,100.00/Gm.",,Sale,0,1,0
6890,1,N24103003558,102,103,338,102,102,103,3.14,0.0,3.14,7120.0,0.0,0.0,1956.31,0.0,0.0,0.0,0.0,250.0,24563.11,0.0,24563.11,736.9,25300.0,"Net Wt: 3.140 Gm.@Rate 7,120.00/Gm.",,Sale,0,1,0
7888,1,N24104001387,102,104,289,102,109,111,10.62,0.0,10.62,95.0,0.0,0.0,447.41,0.0,0.0,0.0,0.0,0.0,1456.31,0.0,1456.31,43.68,1500.0,Net Wt: 10.620 Gm.@Rate 95.00/Gm.,,Sale,0,1,0
8888,1,O23103003147,102,103,112,102,102,103,14.84,0.0,14.84,7250.0,0.0,0.0,12062.91,0.0,0.0,0.0,0.0,250.0,119902.91,0.0,119902.91,3597.08,123500.0,"Net Wt: 14.840 Gm.@Rate 7,250.00/Gm.",,Sale,0,1,0
8889,1,N24104001388,102,104,353,102,109,111,103.2,0.0,103.2,95.0,0.0,0.0,875.61,0.0,0.0,0.0,0.0,0.0,10679.61,0.0,10679.61,320.38,11000.0,Net Wt: 103.200 Gm.@Rate 95.00/Gm.,,Sale,0,1,0
8890,1,N24104001389,102,104,353,102,109,111,52.19,0.0,52.19,95.0,0.0,0.0,3585.64,0.0,0.0,0.0,0.0,0.0,8543.69,0.0,8543.69,256.32,8800.0,Net Wt: 52.190 Gm.@Rate 95.00/Gm.,,Sale,0,1,0
8891,1,H24103003309,102,103,114,102,102,103,9.03,0.0,9.03,7190.0,0.0,0.0,6668.96,0.0,0.0,0.0,0.0,250.0,71844.66,0.0,71844.66,2155.34,74000.0,"Net Wt: 9.030 Gm.@Rate 7,190.00/Gm.",,Sale,0,1,0
8892,1,L24103003477,102,103,444,102,103,104,1.08,0.0,1.08,6700.0,0.0,0.0,766.43,0.0,0.0,0.0,0.0,250.0,8252.43,0.0,8252.43,247.58,8500.0,"Net Wt: 1.080 Gm.@Rate 6,700.00/Gm.",,Sale,0,1,0
8893,1,J22103002179,102,103,235,102,102,103,1.85,0.0,1.85,7190.0,0.0,0.0,1261.61,0.0,0.0,0.0,0.0,0.0,14563.11,0.0,14563.11,436.9,15000.0,"Net Wt: 1.850 Gm.@Rate 7,190.00/Gm.",,Sale,0,1,0
8894,1,N24104001390,102,104,127,129,109,111,10.0,0.0,10.0,95.0,0.0,0.0,312.14,0.0,0.0,0.0,0.0,0.0,1262.14,0.0,1262.14,37.86,1300.0,Net Wt: 10.000 Gm.@Rate 95.00/Gm.,,Sale,0,1,0
8895,1,F23103002584,102,103,103,102,102,103,1.81,0.0,1.81,7100.0,0.0,0.0,1315.0,0.0,0.0,0.0,0.0,300.0,14466.09,0.0,14466.09,433.98,14900.07,"Net Wt: 1.810 Gm.@Rate 7,100.00/Gm.",,Sale,0,1,0
8895,2,N24103003586,102,103,342,102,102,103,27.23,0.0,27.23,7100.0,0.2,0.0,19273.0,0.0,0.0,0.0,0.0,500.0,213106.44,0.0,213106.44,6393.2,219499.63,"Net Wt: 27.230 Gm.@Rate 7,100.00/Gm.",,Sale,0,1,0
8895,3,N24103003587,102,103,113,102,102,103,5.4,0.0,5.4,7100.0,0.1,0.0,3690.0,0.0,0.0,0.0,0.0,300.0,42330.09,0.0,42330.09,1269.9,43599.99,"Net Wt: 5.400 Gm.@Rate 7,100.00/Gm.",,Sale,0,1,0
8896,1,N24103003579,102,103,102,102,102,103,2.84,0.0,2.84,7100.0,0.0,0.0,1195.56,0.0,0.0,0.0,0.0,0.0,21359.56,0.0,21359.56,640.78,22000.35,"Net Wt: 2.840 Gm.@Rate 7,100.00/Gm.",,Sale,0,1,0
8896,2,I24103003327,102,103,112,102,102,103,10.1,0.0,10.1,7100.0,0.0,0.0,5224.47,0.0,0.0,0.0,0.0,250.0,77184.47,0.0,77184.47,2315.54,79500.0,"Net Wt: 10.100 Gm.@Rate 7,100.00/Gm.",,Sale,0,1,0
8897,1,N24104001391,102,104,119,121,109,111,17.24,0.0,17.24,95.0,0.0,0.0,595.21,0.0,0.0,0.0,0.0,0.0,2233.01,0.0,2233.01,67.0,2300.0,Net Wt: 17.240 Gm.@Rate 95.00/Gm.,,Sale,0,1,0
8898,1,N24104001392,102,104,127,129,109,111,5.0,0.0,5.0,95.0,0.0,0.0,107.52,0.0,0.0,0.0,0.0,0.0,582.52,0.0,582.52,17.48,600.0,Net Wt: 5.000 Gm.@Rate 95.00/Gm.,,Sale,0,1,0
8899,1,N24103003588,102,103,176,102,101,102,6.58,0.0,6.58,7750.0,0.0,0.0,1820.53,0.0,0.0,0.0,0.0,0.0,52815.53,0.0,52815.53,1584.46,54400.0,"Net Wt: 6.580 Gm.@Rate 7,750.00/Gm.",,Sale,0,1,0
8900,1,N24104001393,102,104,134,162,109,111,3.2,0.0,3.2,95.0,0.0,0.0,763.96,0.0,0.0,0.0,0.0,0.0,1067.96,0.0,1067.96,32.04,1100.0,Net Wt: 3.200 Gm.@Rate 95.00/Gm.,,Sale,0,1,0
8901,1,N24104001394,102,104,119,121,109,111,115.3,0.0,115.3,95.0,0.0,0.0,5842.62,0.0,0.0,0.0,0.0,0.0,16796.12,0.0,16796.12,503.88,17300.0,Net Wt: 115.300 Gm.@Rate 95.00/Gm.,,Sale,0,1,0
8902,1,N24104001395,102,104,119,121,109,111,52.1,0.0,52.1,95.0,0.0,0.0,1361.18,0.0,0.0,0.0,0.0,0.0,6310.68,0.0,6310.68,189.32,6500.0,Net Wt: 52.100 Gm.@Rate 95.00/Gm.,,Sale,0,1,0
8903,1,I24103003328,102,103,112,102,102,103,14.62,0.0,14.62,7250.0,0.0,0.0,6820.53,0.0,0.0,0.0,0.0,0.0,112815.53,0.0,112815.53,3384.46,116200.0,"Net Wt: 14.620 Gm.@Rate 7,250.00/Gm.",,Sale,0,1,0
8904,1,I22103001954,102,103,235,102,102,103,4.86,0.0,4.86,7300.0,0.0,0.0,4513.38,0.0,0.0,0.0,0.0,300.0,40291.38,0.0,40291.38,1208.74,41500.12,"Net Wt: 4.860 Gm.@Rate 7,300.00/Gm.",,Sale,0,1,0
8904,2,G24103003246,102,103,235,102,102,103,7.41,0.0,7.41,7300.0,0.0,0.0,6780.61,0.0,0.0,0.0,0.0,0.0,60873.61,0.0,60873.61,1826.2,62699.82,"Net Wt: 7.410 Gm.@Rate 7,300.00/Gm.",,Sale,0,1,0
8904,3,N24103003577,102,103,102,102,102,103,4.26,0.0,4.26,7300.0,0.0,0.0,3844.84,0.0,0.0,0.0,0.0,300.0,35242.84,0.0,35242.84,1057.28,36300.13,"Net Wt: 4.260 Gm.@Rate 7,300.00/Gm.",,Sale,0,1,0
8904,4,J22103002131,102,103,102,102,102,103,5.63,0.0,5.63,7300.0,0.0,0.0,4717.87,0.0,0.0,0.0,0.0,300.0,46116.87,0.0,46116.87,1383.5,47500.38,"Net Wt: 5.630 Gm.@Rate 7,300.00/Gm.",,Sale,0,1,0
8904,5,G24103003245,102,103,235,102,102,103,0.32,0.0,0.32,7300.0,0.0,0.0,277.0,0.0,0.0,0.0,0.0,300.0,2912.62,0.0,2912.62,87.38,3000.0,"Net Wt: 0.320 Gm.@Rate 7,300.00/Gm.",,Sale,0,1,0
8904,6,I24103003350,102,103,235,102,102,103,4.25,0.0,4.25,7300.0,0.0,0.0,3626.88,0.0,0.0,0.0,0.0,300.0,34951.88,0.0,34951.88,1048.56,36000.44,"Net Wt: 4.250 Gm.@Rate 7,300.00/Gm.",,Sale,0,1,0
8905,1,M22103002269,102,103,235,102,102,103,5.35,0.0,5.35,7300.0,0.0,0.0,4634.32,0.0,0.0,0.0,0.0,0.0,43689.32,0.0,43689.32,1310.68,45000.0,"Net Wt: 5.350 Gm.@Rate 7,300.00/Gm.",,Sale,0,1,0
8905,2,N24103003571,102,103,331,102,102,103,3.21,0.0,3.21,7300.0,0.0,0.0,3751.47,0.0,0.0,0.0,0.0,0.0,27184.47,0.0,27184.47,815.54,28000.0,"Net Wt: 3.210 Gm.@Rate 7,300.00/Gm.",,Sale,0,1,0
10914,1,N24104001402,102,104,119,121,109,111,63.75,0.0,63.75,102.0,0.0,0.0,1749.93,0.0,0.0,0.0,0.0,0.0,8252.43,0.0,8252.43,247.58,8500.0,Net Wt: 63.750 Gm.@Rate 102.00/Gm.,,Sale,0,1,0
10915,1,N24104001403,102,104,119,121,109,111,32.19,0.0,32.19,100.0,0.0,0.0,664.5,0.0,0.0,0.0,0.0,0.0,3883.5,0.0,3883.5,116.5,4000.0,Net Wt: 32.190 Gm.@Rate 100.00/Gm.,,Sale,0,1,0
10917,1,N24103003563,102,103,241,102,102,103,9.9,0.0,9.9,7440.0,0.0,0.0,5940.24,0.0,0.0,0.0,0.0,200.0,79796.24,0.0,79796.24,2393.88,82190.13,"Net Wt: 9.900 Gm.@Rate 7,440.00/Gm.",,Sale,0,1,0
10917,2,E24103003202,102,103,114,102,102,103,10.99,0.0,10.99,7440.0,0.0,0.0,6578.0,0.0,0.0,0.0,0.0,200.0,88543.6,0.0,88543.6,2656.3,91199.91,"Net Wt: 10.990 Gm.@Rate 7,440.00/Gm.",,Sale,0,1,0
10918,1,I22103002000,102,103,331,102,102,103,2.4,0.0,2.4,7440.0,0.0,0.0,1414.39,0.0,0.0,0.0,0.0,50.0,19320.39,0.0,19320.39,579.62,19900.0,"Net Wt: 2.400 Gm.@Rate 7,440.00/Gm.",,Sale,0,1,0
10919,1,I24103003366,102,103,101,102,102,103,4.14,0.0,4.14,7440.0,0.0,0.0,3264.42,0.0,0.0,0.0,0.0,400.0,34466.02,0.0,34466.02,1033.98,35500.0,"Net Wt: 4.140 Gm.@Rate 7,440.00/Gm.",,Sale,0,1,0
10920,1,N24103003687,102,103,103,102,102,103,0.96,0.0,0.96,7440.0,0.0,0.0,818.77,0.0,0.0,0.0,0.0,0.0,7961.17,50.0,7961.17,238.84,8200.0,"Net Wt: 0.960 Gm.@Rate 7,440.00/Gm.",,Sale,0,1,0
10921,1,O23103003117,102,103,374,102,102,103,2.5,0.0,2.5,7440.0,0.0,0.0,1638.35,0.0,0.0,0.0,0.0,150.0,20388.35,0.0,20388.35,611.66,21000.0,"Net Wt: 2.500 Gm.@Rate 7,440.00/Gm.",,Sale,0,1,0
10922,1,F23103002655,102,103,110,102,102,103,4.17,0.0,4.17,7450.0,0.0,0.0,2884.96,0.0,0.0,0.0,0.0,1000.0,34951.46,0.0,34951.46,1048.54,36000.0,"Net Wt: 4.170 Gm.@Rate 7,450.00/Gm.",,Sale,0,1,0
10924,1,K24103003446,102,103,115,102,102,103,2.14,0.0,2.14,7440.0,0.0,0.0,2039.57,0.0,0.0,0.0,0.0,0.0,17961.17,0.0,17961.17,538.84,18500.01,"Net Wt: 2.140 Gm.@Rate 7,440.00/Gm.",,Sale,0,1,0
10924,2,N23103003015,102,103,235,102,102,103,1.58,0.0,1.58,7390.0,0.0,0.0,1430.6,0.0,0.0,0.0,0.0,0.0,13106.8,0.0,13106.8,393.2,13500.0,"Net Wt: 1.580 Gm.@Rate 7,390.00/Gm.",,Return,0,1,0
10925,1,O24103003688,102,103,176,102,101,102,1.0,0.0,1.0,8100.0,0.0,0.0,343.69,0.0,0.0,0.0,0.0,100.0,8543.69,0.0,8543.69,256.32,8800.0,"Net Wt: 1.000 Gm.@Rate 8,100.00/Gm.",,Sale,0,1,0
10925,2,O24104001405,102,104,127,129,109,111,10.0,0.0,10.0,100.0,0.0,0.0,67.96,0.0,0.0,0.0,0.0,0.0,1067.96,0.0,1067.96,32.04,1100.0,Net Wt: 10.000 Gm.@Rate 100.00/Gm.,,Sale,0,1,0
11903,1,L24103003519,102,103,406,102,103,104,1.34,0.0,1.34,6650.0,0.0,0.0,791.82,0.0,0.0,0.0,0.0,200.0,9902.82,0.0,9902.82,297.08,10199.9,"Net Wt: 1.340 Gm.@Rate 6,650.00/Gm.",,Sale,0,1,0
10927,1,O24103003689,102,103,176,102,101,102,10.0,0.0,10.0,8100.0,0.0,0.0,3466.02,0.0,0.0,0.0,0.0,0.0,84466.02,0.0,84466.02,2533.98,87000.0,"Net Wt: 10.000 Gm.@Rate 8,100.00/Gm.",,Sale,0,1,0
10927,2,N24103003668,102,103,235,102,102,103,10.06,0.0,10.06,7390.0,0.0,0.0,6524.56,0.0,0.0,0.0,0.0,200.0,81067.96,0.0,81067.96,2432.04,83500.0,"Net Wt: 10.060 Gm.@Rate 7,390.00/Gm.",,Sale,0,1,0
10928,1,O24103003690,102,103,176,102,101,102,3.0,0.0,3.0,8100.0,0.0,0.0,505.83,0.0,0.0,0.0,0.0,0.0,24805.83,0.0,24805.83,744.18,25550.0,"Net Wt: 3.000 Gm.@Rate 8,100.00/Gm.",,Sale,0,1,0
10929,1,O24103003692,102,103,176,102,101,102,10.0,0.0,10.0,8100.0,0.0,0.0,2592.23,0.0,0.0,0.0,0.0,0.0,83592.23,0.0,83592.23,2507.76,86100.0,"Net Wt: 10.000 Gm.@Rate 8,100.00/Gm.",,Sale,0,1,0
10930,1,N24103003639,102,103,115,102,102,103,1.05,0.0,1.05,7390.0,0.0,0.0,681.28,0.0,0.0,0.0,0.0,200.0,8640.78,0.0,8640.78,259.22,8900.0,"Net Wt: 1.050 Gm.@Rate 7,390.00/Gm.",,Sale,0,1,0
10931,1,O24103003693,102,103,113,102,102,103,5.58,0.0,5.58,7360.0,0.0,0.0,4173.92,0.0,0.0,0.0,0.0,0.0,45242.72,0.0,45242.72,1357.28,46600.0,"Net Wt: 5.580 Gm.@Rate 7,360.00/Gm.",,Sale,0,1,0
25922,1,O24103003697,102,103,331,102,102,103,3.27,0.0,3.27,7980.0,0.0,0.0,2287.92,0.0,0.0,0.0,0.0,200.0,28582.52,0.0,28582.52,857.48,29440.0,"Net Wt: 3.270 Gm.@Rate 7,980.00/Gm.",,Sale,0,1,0
25923,1,F25104001442,102,104,346,102,109,112,23.45,0.0,23.45,99.0,0.0,0.0,833.79,0.0,0.0,0.0,0.0,0.0,3155.34,0.0,3155.34,94.66,3250.0,Net Wt: 23.450 Gm.@Rate 99.00/Gm.,,Sale,0,2,0
26934,1,F25103003859,102,103,444,102,103,104,0.75,0.0,0.75,7000.0,0.0,0.0,866.5,0.0,0.0,0.0,0.0,0.0,6116.5,0.0,6116.5,183.5,6300.0,"Net Wt: 0.750 Gm.@Rate 7,000.00/Gm.",,Sale,0,1,0
26934,2,F25103003809,102,103,102,102,102,129,0.88,0.0,0.88,7000.0,0.0,0.0,344.85,0.0,0.0,0.0,0.0,0.0,6504.85,0.0,6504.85,195.14,6700.0,"Net Wt: 0.880 Gm.@Rate 7,000.00/Gm.",,Sale,0,1,0
26935,1,F25103003827,102,103,107,102,102,103,5.89,0.0,5.89,7900.0,0.0,0.0,2565.0,0.0,0.0,0.0,0.0,7700.0,56796.12,0.0,56796.12,1703.88,58500.0,"Net Wt: 5.890 Gm.@Rate 7,900.00/Gm.",,Sale,0,1,0
26935,2,N24103003658,102,103,102,102,102,103,3.04,0.0,3.04,7900.0,0.0,0.0,1892.0,0.0,0.0,0.0,0.0,500.0,26407.77,0.0,26407.77,792.24,27200.0,"Net Wt: 3.040 Gm.@Rate 7,900.00/Gm.",,Sale,0,1,0
26935,3,F25103003821,102,103,112,102,102,103,12.04,0.0,12.04,7900.0,0.0,0.0,4884.0,0.0,0.0,0.0,0.0,0.0,100000.0,0.0,100000.0,3000.0,103000.0,"Net Wt: 12.040 Gm.@Rate 7,900.00/Gm.",,Sale,0,1,0
26935,4,F25104001448,102,104,119,121,109,111,167.96,0.0,167.96,95.0,0.0,0.0,3461.28,0.0,0.0,0.0,0.0,0.0,19417.48,0.0,19417.48,582.52,20000.0,Net Wt: 167.960 Gm.@Rate 95.00/Gm.,,Sale,0,1,0
26936,1,F25103003840,102,103,420,102,103,104,2.82,0.0,2.82,7500.0,0.0,0.0,2636.41,0.0,0.0,0.0,0.0,0.0,23786.41,0.0,23786.41,713.6,24500.0,"Net Wt: 2.820 Gm.@Rate 7,500.00/Gm.",,Sale,0,1,0
27929,1,F25103003883,102,103,103,102,102,103,2.15,0.0,2.15,7900.0,0.0,0.0,1649.95,0.0,0.0,0.0,0.0,200.0,18834.95,0.0,18834.95,565.04,19400.0,"Net Wt: 2.150 Gm.@Rate 7,900.00/Gm.",,Sale,0,1,0
28929,1,F25103003884,102,103,110,102,102,103,1.51,0.0,1.51,8030.0,0.0,0.0,1152.37,0.0,0.0,0.0,0.0,800.0,14077.67,0.0,14077.67,422.34,14500.0,"Net Wt: 1.510 Gm.@Rate 8,030.00/Gm.",,Sale,0,1,0
28930,1,E25103003773,102,103,235,102,102,103,2.47,0.0,2.47,8000.0,0.0,0.0,1987.57,0.0,0.0,0.0,0.0,0.0,21747.57,0.0,21747.57,652.42,22400.0,"Net Wt: 2.470 Gm.@Rate 8,000.00/Gm.",,Sale,0,1,0
28931,1,E25103003790,102,103,331,102,102,103,1.57,0.0,1.57,8050.0,0.0,0.0,1342.08,0.0,0.0,0.0,0.0,0.0,13980.58,0.0,13980.58,419.42,14400.0,"Net Wt: 1.570 Gm.@Rate 8,050.00/Gm.",,Sale,0,1,0
28932,1,P24103003746,102,103,241,102,102,103,7.85,0.0,7.85,8030.0,0.0,0.0,6667.41,0.0,0.0,0.0,0.0,200.0,69902.91,0.0,69902.91,2097.08,72000.0,"Net Wt: 7.850 Gm.@Rate 8,030.00/Gm.",,Sale,0,1,0
28933,1,E25103003767,102,103,331,102,102,103,1.95,0.0,1.95,8000.0,0.0,0.0,1875.73,0.0,0.0,0.0,0.0,0.0,17475.73,0.0,17475.73,524.28,18000.0,"Net Wt: 1.950 Gm.@Rate 8,000.00/Gm.",,Sale,0,1,0
28933,2,F25103003885,102,103,110,102,102,103,9.08,0.0,9.08,7390.0,0.0,0.0,10568.7,0.0,0.0,0.0,0.0,0.0,77669.9,0.0,77669.9,2330.1,80000.0,"Net Wt: 9.080 Gm.@Rate 7,390.00/Gm.",,Sale,0,1,0
28933,3,F25104001449,102,104,119,121,109,111,51.2,0.0,51.2,95.0,0.0,0.0,475.81,0.0,0.0,0.0,0.0,0.0,5339.81,0.0,5339.81,160.2,5500.0,Net Wt: 51.200 Gm.@Rate 95.00/Gm.,,Sale,0,1,0
21919,2,O24103003710,102,103,107,102,102,103,4.76,0.0,4.76,7200.0,0.0,0.0,3591.62,0.0,0.0,0.0,0.0,0.0,37863.62,0.0,37863.62,1135.9,38999.53,"Net Wt: 4.760 Gm.@Rate 7,200.00/Gm.",,Sale,0,1,0
29929,2,L24103003537,102,103,101,102,102,103,30.08,0.0,30.08,8050.0,0.0,0.0,24846.37,0.0,0.0,0.0,0.0,0.0,266990.37,0.0,266990.37,8009.72,275000.08,"Net Wt: 30.080 Gm.@Rate 8,050.00/Gm.",,Sale,0,1,0
29930,1,O21103001847,102,103,235,102,102,103,4.06,0.0,4.06,8030.0,0.03,0.0,3014.7,0.0,0.0,0.0,0.0,500.0,36116.5,0.0,36116.5,1083.5,37200.0,"Net Wt: 4.060 Gm.@Rate 8,030.00/Gm.",,Sale,0,1,0
29930,2,F25103003816,102,103,102,102,102,103,2.65,0.0,2.65,8030.0,0.05,0.0,2012.82,0.0,0.0,0.0,0.0,300.0,23592.32,0.0,23592.32,707.76,24300.09,"Net Wt: 2.650 Gm.@Rate 8,030.00/Gm.",,Sale,0,1,0
29931,1,K24103003440,102,103,101,102,102,103,16.14,0.0,16.14,7980.0,0.0,0.0,7847.54,0.0,0.0,0.0,0.0,200.0,136844.74,0.0,136844.74,4105.34,140950.08,"Net Wt: 16.140 Gm.@Rate 7,980.00/Gm.",,Sale,0,1,0
29931,2,E25103003766,102,103,331,102,102,103,1.68,0.0,1.68,7980.0,0.0,0.0,811.08,0.0,0.0,0.0,0.0,200.0,14417.48,0.0,14417.48,432.52,14850.0,"Net Wt: 1.680 Gm.@Rate 7,980.00/Gm.",,Sale,0,1,0
29931,3,O24103003703,102,103,102,102,102,103,2.84,0.0,2.84,7980.0,0.0,0.0,1408.64,0.0,0.0,0.0,0.0,200.0,24271.84,0.0,24271.84,728.16,25000.0,"Net Wt: 2.840 Gm.@Rate 7,980.00/Gm.",,Sale,0,1,0
29932,1,N24103003582,102,103,102,102,102,103,3.61,0.0,3.61,7980.0,0.0,0.0,1774.72,0.0,0.0,0.0,0.0,0.0,30582.52,0.0,30582.52,917.48,31500.0,"Net Wt: 3.610 Gm.@Rate 7,980.00/Gm.",,Sale,0,1,0
29937,1,G25103003916,102,103,101,102,102,103,33.58,0.0,33.58,8100.0,0.1,0.0,17778.7,0.0,0.0,0.0,0.0,1000.0,290776.7,0.0,290776.7,8723.3,299500.0,"Net Wt: 33.580 Gm.@Rate 8,100.00/Gm.",,Sale,0,1,0
29939,1,G25103003900,102,103,235,102,102,103,12.68,0.0,12.68,8200.0,0.0,0.0,10095.84,0.0,0.0,0.0,0.0,200.0,114271.84,0.0,114271.84,3428.16,117700.0,"Net Wt: 12.680 Gm.@Rate 8,200.00/Gm.",,Sale,0,1,0
30940,1,G25103003935,102,103,400,102,102,103,0.45,0.0,0.45,8180.0,0.0,0.0,687.93,0.0,0.0,0.0,0.0,0.0,4368.93,0.0,4368.93,131.06,4500.0,"Net Wt: 0.450 Gm.@Rate 8,180.00/Gm.",,Sale,0,1,0
30941,1,O23103003072,102,103,102,102,102,103,5.56,0.0,5.56,8200.0,0.0,0.0,2751.69,0.0,0.0,0.0,0.0,200.0,48543.69,0.0,48543.69,1456.32,50000.0,"Net Wt: 5.560 Gm.@Rate 8,200.00/Gm.",,Sale,0,1,0
29933,1,P22103002467,102,103,238,102,102,103,1.15,0.0,1.15,7980.0,0.0,0.0,823.0,0.0,0.0,0.0,0.0,0.0,10000.0,0.0,10000.0,300.0,10300.0,"Net Wt: 1.150 Gm.@Rate 7,980.00/Gm.",,Sale,0,1,0
29934,1,G25103003934,102,103,102,102,102,103,2.54,0.0,2.54,8050.0,0.0,0.0,2071.45,0.0,0.0,0.0,0.0,200.0,22718.45,0.0,22718.45,681.56,23400.0,"Net Wt: 2.540 Gm.@Rate 8,050.00/Gm.",,Sale,0,1,0
29935,1,O24103003721,102,103,110,102,102,103,2.01,0.0,2.01,7950.0,0.0,0.0,1181.67,0.0,0.0,0.0,0.0,800.0,17961.17,0.0,17961.17,538.84,18500.01,"Net Wt: 2.010 Gm.@Rate 7,950.00/Gm.",,Sale,0,1,0
29936,1,F25103003886,102,103,110,102,102,103,1.53,0.0,1.53,7950.0,0.0,0.0,1211.26,0.0,0.0,0.0,0.0,800.0,14174.76,0.0,14174.76,425.24,14600.0,"Net Wt: 1.530 Gm.@Rate 7,950.00/Gm.",,Sale,0,1,0
29940,1,G25104001450,102,104,119,121,109,111,19.82,0.0,19.82,100.0,0.0,0.0,445.18,0.0,0.0,0.0,0.0,0.0,2427.18,0.0,2427.18,72.82,2500.0,Net Wt: 19.820 Gm.@Rate 100.00/Gm.,,Sale,0,1,0
31940,1,J22103002148,102,103,114,102,102,103,8.62,0.0,8.62,8190.0,0.0,0.0,6192.82,0.0,0.0,0.0,0.0,200.0,76990.62,0.0,76990.62,2309.72,79300.34,"Net Wt: 8.620 Gm.@Rate 8,190.00/Gm.",,Sale,0,1,0
31941,1,G25103003936,102,103,113,102,102,103,5.0,0.0,5.0,8250.0,0.0,0.0,3410.19,0.0,0.0,0.0,0.0,0.0,44660.19,0.0,44660.19,1339.8,46000.0,"Net Wt: 5.000 Gm.@Rate 8,250.00/Gm.",,Sale,0,1,0
32940,1,G25103003922,102,103,331,102,102,103,3.09,0.0,3.09,8390.0,0.0,0.0,3201.11,0.0,0.0,0.0,0.0,0.0,29126.21,0.0,29126.21,873.78,30000.0,"Net Wt: 3.090 Gm.@Rate 8,390.00/Gm.",,Sale,0,1,0
32941,1,H25104001451,102,104,119,121,109,111,21.0,0.0,21.0,95.0,0.0,0.0,238.01,0.0,0.0,0.0,0.0,0.0,2233.01,0.0,2233.01,67.0,2300.0,Net Wt: 21.000 Gm.@Rate 95.00/Gm.,,Sale,0,1,0
33941,1,J23103002936,102,103,235,102,102,103,3.53,0.0,3.53,8350.0,0.0,0.0,2563.0,0.0,0.0,0.0,0.0,0.0,32038.83,0.0,32038.83,961.16,32999.99,"Net Wt: 3.530 Gm.@Rate 8,350.00/Gm.",,Sale,0,1,0
33941,2,N24103003649,102,103,102,102,102,103,3.0,0.0,3.0,8350.0,0.0,0.0,3104.87,0.0,0.0,0.0,0.0,0.0,28154.87,0.0,28154.87,844.64,28999.52,"Net Wt: 3.000 Gm.@Rate 8,350.00/Gm.",,Sale,0,1,0
33942,1,H25104001452,102,104,119,121,109,111,18.38,0.0,18.38,95.0,0.0,0.0,681.08,0.0,0.0,0.0,0.0,0.0,2427.18,0.0,2427.18,72.82,2500.0,Net Wt: 18.380 Gm.@Rate 95.00/Gm.,,Sale,0,1,0
33943,1,O24103003698,102,103,331,102,102,103,2.15,0.0,2.15,8400.0,0.0,0.0,1843.04,0.0,0.0,0.0,0.0,0.0,19903.04,0.0,19903.04,597.1,20500.13,"Net Wt: 2.150 Gm.@Rate 8,400.00/Gm.",,Sale,0,1,0
33943,2,F25103003887,102,103,110,102,102,103,2.46,0.0,2.46,8400.0,0.0,0.0,2122.14,0.0,0.0,0.0,0.0,1000.0,23786.14,0.0,23786.14,713.58,24499.72,"Net Wt: 2.460 Gm.@Rate 8,400.00/Gm.",,Sale,0,1,0
33943,3,H25103003937,102,103,113,102,102,103,8.6,0.0,8.6,8400.0,0.0,0.0,5429.9,0.0,0.0,0.0,0.0,0.0,77669.9,0.0,77669.9,2330.1,80000.0,"Net Wt: 8.600 Gm.@Rate 8,400.00/Gm.",,Sale,0,1,0
33944,1,H25104001453,102,104,120,122,109,111,10.89,0.0,10.89,95.0,0.0,0.0,3334.38,0.0,0.0,0.0,0.0,0.0,4368.93,0.0,4368.93,131.06,4500.0,Net Wt: 10.890 Gm.@Rate 95.00/Gm.,,Sale,0,1,0
33945,1,H25104001454,102,104,289,102,109,111,28.7,0.0,28.7,95.0,0.0,0.0,865.73,0.0,0.0,0.0,0.0,0.0,3592.23,0.0,3592.23,107.76,3700.0,Net Wt: 28.700 Gm.@Rate 95.00/Gm.,,Sale,0,1,0
33946,1,H25104001455,102,104,119,121,109,111,22.3,0.0,22.3,95.0,0.0,0.0,794.12,0.0,0.0,0.0,0.0,0.0,2912.62,0.0,2912.62,87.38,3000.0,Net Wt: 22.300 Gm.@Rate 95.00/Gm.,,Sale,0,1,0
33947,1,H25104001456,102,104,351,102,109,111,36.6,0.0,36.6,95.0,0.0,0.0,2251.16,0.0,0.0,0.0,0.0,0.0,5728.16,0.0,5728.16,171.84,5900.0,Net Wt: 36.600 Gm.@Rate 95.00/Gm.,,Sale,0,1,0
33948,1,G24103003253,102,103,102,102,102,103,1.4,0.0,1.4,8500.0,0.0,0.0,1206.8,0.0,0.0,0.0,0.0,0.0,13106.8,0.0,13106.8,393.2,13500.0,"Net Wt: 1.400 Gm.@Rate 8,500.00/Gm.",,Sale,0,1,0
33949,1,G25103003920,102,103,101,102,102,103,14.03,0.0,14.03,8500.0,0.0,0.0,6958.59,0.0,0.0,0.0,0.0,0.0,126213.59,0.0,126213.59,3786.4,130000.0,"Net Wt: 14.030 Gm.@Rate 8,500.00/Gm.",,Sale,0,1,0
33950,1,E25103003782,102,103,107,102,102,103,2.76,0.0,2.76,8500.0,0.0,0.0,1491.46,0.0,0.0,0.0,0.0,0.0,24951.46,0.0,24951.46,748.54,25700.0,"Net Wt: 2.760 Gm.@Rate 8,500.00/Gm.",,Sale,0,1,0
33951,1,P22103002481,102,103,116,102,102,103,1.86,0.0,1.86,8770.0,0.0,0.0,1837.31,0.0,0.0,0.0,0.0,200.0,18349.51,0.0,18349.51,550.48,18900.0,"Net Wt: 1.860 Gm.@Rate 8,770.00/Gm.",,Sale,0,1,0
34941,1,G25103003907,102,103,235,102,102,103,2.51,0.0,2.51,8780.0,0.02,0.0,2128.22,0.0,0.0,0.0,0.0,300.0,24466.02,0.0,24466.02,733.98,25200.0,"Net Wt: 2.510 Gm.@Rate 8,780.00/Gm.",,Sale,0,1,0
33954,1,O24103003709,102,103,107,102,102,103,5.28,0.0,5.28,8770.0,0.0,0.0,2647.13,0.0,0.0,0.0,0.0,9300.0,58252.73,0.0,58252.73,1747.58,60000.31,"Net Wt: 5.280 Gm.@Rate 8,770.00/Gm.",,Sale,0,1,0
35941,1,G25103003913,102,103,102,102,102,103,5.96,0.0,5.96,8810.0,0.0,0.0,4088.52,0.0,0.0,0.0,0.0,200.0,56796.12,0.0,56796.12,1703.88,58500.0,"Net Wt: 5.960 Gm.@Rate 8,810.00/Gm.",,Sale,0,1,0
35942,1,I22103002074,102,103,101,102,102,103,12.68,0.0,12.68,8810.0,0.0,0.0,7506.68,0.0,0.0,0.0,0.0,200.0,119417.48,0.0,119417.48,3582.52,123000.0,"Net Wt: 12.680 Gm.@Rate 8,810.00/Gm.",,Sale,0,1,0
35943,1,H25103003972,102,103,331,102,102,103,2.35,0.0,2.35,8950.0,0.0,0.0,1874.0,0.0,0.0,0.0,0.0,200.0,23106.8,0.0,23106.8,693.2,23800.0,"Net Wt: 2.350 Gm.@Rate 8,950.00/Gm.",,Sale,0,1,0
35944,1,H25103003942,102,103,112,102,102,103,6.59,0.0,6.59,8950.0,0.0,0.0,6839.0,0.0,0.0,0.0,0.0,200.0,66019.42,0.0,66019.42,1980.58,68000.0,"Net Wt: 6.590 Gm.@Rate 8,950.00/Gm.",,Sale,0,1,0
29938,1,F25103003829,102,103,420,102,103,104,2.01,0.0,2.01,7400.0,0.0,0.0,1622.12,0.0,0.0,0.0,0.0,300.0,16796.12,0.0,16796.12,503.88,17300.0,"Net Wt: 2.010 Gm.@Rate 7,400.00/Gm.",,Sale,0,1,0
33952,1,E25103003763,102,103,102,102,102,103,1.94,0.0,1.94,8700.0,0.0,0.0,1319.0,0.0,0.0,0.0,0.0,250.0,18446.6,0.0,18446.6,553.4,19000.0,"Net Wt: 1.940 Gm.@Rate 8,700.00/Gm.",,Sale,0,1,0
36941,1,H25104001458,102,104,346,102,109,112,43.06,0.0,43.06,100.0,0.0,0.0,1519.24,0.0,0.0,0.0,0.0,0.0,5825.24,0.0,5825.24,174.76,6000.0,Net Wt: 43.060 Gm.@Rate 100.00/Gm.,,Sale,0,1,0
36942,1,F25103003878,102,103,103,102,103,104,1.41,0.0,1.41,8400.0,0.0,0.0,917.0,0.0,0.0,0.0,0.0,200.0,12961.17,0.0,12961.17,388.84,13350.01,"Net Wt: 1.410 Gm.@Rate 8,400.00/Gm.",,Sale,0,1,0
37941,1,F25103003850,102,103,444,102,103,104,1.31,0.0,1.31,8900.0,0.0,0.0,1345.0,0.0,0.0,0.0,0.0,200.0,13204.08,0.0,13204.08,396.12,13600.2,"Net Wt: 1.310 Gm.@Rate 8,900.00/Gm.",,Sale,0,1,0
37941,2,H25103003993,102,103,404,102,102,103,0.84,0.0,0.84,8900.0,0.0,0.0,1235.65,0.0,0.0,0.0,0.0,900.0,9611.65,0.0,9611.65,288.34,9900.0,"Net Wt: 0.840 Gm.@Rate 8,900.00/Gm.",,Sale,0,1,0
38941,1,H25104001459,102,104,346,102,109,111,26.62,0.0,26.62,100.0,0.0,0.0,668.1,0.0,0.0,0.0,0.0,0.0,3330.1,0.0,3330.1,99.9,3430.0,Net Wt: 26.620 Gm.@Rate 100.00/Gm.,,Sale,0,1,0
39941,1,I23103002881,102,103,115,102,103,104,1.94,0.0,1.94,8900.0,0.0,0.0,1466.0,0.0,0.0,0.0,0.0,200.0,18932.04,0.0,18932.04,567.96,19500.0,"Net Wt: 1.940 Gm.@Rate 8,900.00/Gm.",,Sale,0,1,0
39942,1,E25103003793,102,103,331,102,102,103,2.12,0.0,2.12,9000.0,0.0,0.0,982.0,0.0,0.0,0.0,0.0,200.0,20262.14,0.0,20262.14,607.86,20870.0,"Net Wt: 2.120 Gm.@Rate 9,000.00/Gm.",,Sale,0,1,0
39943,1,H25103003996,102,103,114,102,102,103,8.57,0.0,8.57,8950.0,0.0,0.0,7224.71,0.0,0.0,0.0,0.0,200.0,84126.21,0.0,84126.21,2523.78,86650.0,"Net Wt: 8.570 Gm.@Rate 8,950.00/Gm.",,Sale,0,1,0
40941,1,H25103004088,102,103,446,102,101,102,5.88,0.0,5.88,9850.0,0.0,0.0,334.43,0.0,0.0,0.0,0.0,0.0,58252.43,0.0,58252.43,1747.58,60000.0,"Net Wt: 5.880 Gm.@Rate 9,850.00/Gm.",,Sale,0,1,0
40942,1,H25103004007,102,103,331,102,102,103,2.31,0.0,2.31,9000.0,0.0,0.0,2408.56,0.0,0.0,0.0,0.0,200.0,23398.56,0.0,23398.56,701.96,24100.52,"Net Wt: 2.310 Gm.@Rate 9,000.00/Gm.",,Sale,0,1,0
40942,2,H25103003999,102,103,112,102,102,103,12.51,0.0,12.51,9000.0,0.0,0.0,15171.57,0.0,0.0,0.0,0.0,200.0,127961.57,0.0,127961.57,3838.84,131800.42,"Net Wt: 12.510 Gm.@Rate 9,000.00/Gm.",,Sale,0,1,0
40942,3,N24103003665,102,103,235,102,102,103,5.03,0.0,5.03,9000.0,0.0,0.0,5801.56,0.0,0.0,0.0,0.0,200.0,51271.56,0.0,51271.56,1538.14,52809.71,"Net Wt: 5.030 Gm.@Rate 9,000.00/Gm.",,Sale,0,1,0
40943,1,O23104001100,102,104,346,102,110,115,130.54,0.0,130.54,100.0,0.0,0.0,7334.0,0.0,0.0,0.0,0.0,0.0,20388.35,0.0,20388.35,611.66,21000.0,Net Wt: 130.540 Gm.@Rate 100.00/Gm.,,Sale,0,1,0
40944,1,K24103003444,102,103,107,102,102,103,2.96,0.0,2.96,9000.0,0.0,0.0,344.0,0.0,0.0,0.0,0.0,200.0,27184.47,0.0,27184.47,815.54,28000.0,"Net Wt: 2.960 Gm.@Rate 9,000.00/Gm.",,Sale,0,1,0
40945,1,N24103003638,102,103,115,102,102,103,1.38,0.0,1.38,9000.0,0.0,0.0,972.0,0.0,0.0,0.0,0.0,200.0,13592.23,0.0,13592.23,407.76,14000.0,"Net Wt: 1.380 Gm.@Rate 9,000.00/Gm.",,Sale,0,1,0
41941,1,I24103003362,102,103,235,102,102,103,1.81,0.0,1.81,9150.0,0.0,0.0,991.54,0.0,0.0,0.0,0.0,0.0,17553.04,0.0,17553.04,526.6,18079.63,"Net Wt: 1.810 Gm.@Rate 9,150.00/Gm.",,Sale,0,1,0
41941,2,J24103003421,102,103,331,102,102,103,1.18,0.0,1.18,9150.0,0.0,0.0,581.53,0.0,0.0,0.0,0.0,0.0,11378.53,0.0,11378.53,341.36,11719.89,"Net Wt: 1.180 Gm.@Rate 9,150.00/Gm.",,Sale,0,1,0
42941,1,H25103004016,102,103,101,102,102,103,11.62,0.0,11.62,9050.0,0.0,0.0,11814.73,0.0,0.0,0.0,0.0,500.0,117475.73,0.0,117475.73,3524.28,121000.0,"Net Wt: 11.620 Gm.@Rate 9,050.00/Gm.",,Sale,0,1,0
42942,1,F25103003852,102,103,444,102,103,104,1.25,0.0,1.25,8500.0,0.0,0.0,1796.0,0.0,0.0,0.0,0.0,200.0,12621.36,0.0,12621.36,378.64,13000.0,"Net Wt: 1.250 Gm.@Rate 8,500.00/Gm.",,Sale,0,1,0
42943,1,F25103003893,102,103,112,102,102,103,13.19,0.0,13.19,8860.0,0.0,0.0,10607.0,0.0,0.0,0.0,0.0,200.0,127670.4,0.0,127670.4,3830.12,131500.51,"Net Wt: 13.190 Gm.@Rate 8,860.00/Gm.",,Sale,0,1,0
42944,3,I25104001461,102,104,119,121,109,111,24.1,0.0,24.1,100.0,0.0,0.0,939.51,0.0,0.0,0.0,0.0,0.0,3349.51,0.0,3349.51,100.48,3450.0,Net Wt: 24.100 Gm.@Rate 100.00/Gm.,,Sale,0,1,0
42945,1,F25103003875,102,103,103,102,103,104,0.9,0.0,0.9,8500.0,0.0,0.0,888.0,0.0,0.0,0.0,0.0,200.0,8737.86,0.0,8737.86,262.14,9000.0,"Net Wt: 0.900 Gm.@Rate 8,500.00/Gm.",,Sale,0,1,0
43941,1,I25104001462,102,104,151,150,109,111,4.33,0.0,4.33,100.0,0.0,0.0,173.8,0.0,0.0,0.0,0.0,0.0,606.8,0.0,606.8,18.2,625.0,Net Wt: 4.330 Gm.@Rate 100.00/Gm.,,Sale,0,1,0
43941,2,I25104001463,102,104,289,102,109,111,20.2,0.0,20.2,100.0,0.0,0.0,807.18,0.0,0.0,0.0,0.0,0.0,2827.18,0.0,2827.18,84.82,2912.0,Net Wt: 20.200 Gm.@Rate 100.00/Gm.,,Sale,0,1,0
43942,1,H25103003976,102,103,331,102,102,103,3.55,0.0,3.55,9000.0,0.0,0.0,3486.89,0.0,0.0,0.0,0.0,0.0,35436.89,0.0,35436.89,1063.1,36500.0,"Net Wt: 3.550 Gm.@Rate 9,000.00/Gm.",,Sale,0,1,0
43943,1,H25103004011,102,103,331,102,102,103,1.35,0.0,1.35,9090.0,0.0,0.0,1121.0,0.0,0.0,0.0,0.0,200.0,13592.23,0.0,13592.23,407.76,14000.0,"Net Wt: 1.350 Gm.@Rate 9,090.00/Gm.",,Sale,0,1,0
44941,1,I25103004104,102,103,331,102,102,103,3.38,0.0,3.38,8900.0,0.0,0.0,2928.13,0.0,0.0,0.0,0.0,0.0,33010.13,0.0,33010.13,990.3,34000.43,"Net Wt: 3.380 Gm.@Rate 8,900.00/Gm.",,Sale,0,1,0
33952,2,H25103003992,102,103,116,102,102,103,0.7,0.0,0.7,8700.0,0.0,0.0,706.12,0.0,0.0,0.0,0.0,0.0,6796.12,0.0,6796.12,203.88,7000.0,"Net Wt: 0.700 Gm.@Rate 8,700.00/Gm.",,Sale,0,1,0
33952,3,H25104001457,102,104,151,150,109,111,25.0,0.0,25.0,95.0,0.0,0.0,537.62,0.0,0.0,0.0,0.0,0.0,2912.62,0.0,2912.62,87.38,3000.0,Net Wt: 25.000 Gm.@Rate 95.00/Gm.,,Sale,0,1,0
33953,1,K24103003447,102,103,115,102,102,103,1.99,0.0,1.99,8770.0,0.0,0.0,2450.61,0.0,0.0,0.0,0.0,0.0,19902.91,0.0,19902.91,597.08,20500.0,"Net Wt: 1.990 Gm.@Rate 8,770.00/Gm.",,Sale,0,1,0
42944,2,I25104001460,102,104,139,140,109,111,22.68,0.0,22.68,100.0,0.0,0.0,984.43,0.0,0.0,0.0,0.0,0.0,3252.43,0.0,3252.43,97.58,3350.0,Net Wt: 22.680 Gm.@Rate 100.00/Gm.,,Sale,0,1,0
44941,2,H25103004028,102,103,331,102,102,103,1.67,0.0,1.67,8900.0,0.0,0.0,1641.85,0.0,0.0,0.0,0.0,0.0,16504.85,0.0,16504.85,495.14,17000.0,"Net Wt: 1.670 Gm.@Rate 8,900.00/Gm.",,Sale,0,1,0
44942,1,G25103003932,102,103,102,102,102,103,2.95,0.0,2.95,8950.0,0.0,0.0,2523.71,0.0,0.0,0.0,0.0,200.0,29126.21,0.0,29126.21,873.78,30000.0,"Net Wt: 2.950 Gm.@Rate 8,950.00/Gm.",,Sale,0,1,0
44942,2,I22103001932,102,103,102,102,102,103,5.48,0.0,5.48,8950.0,0.0,0.0,3381.18,0.0,0.0,0.0,0.0,0.0,52427.18,0.0,52427.18,1572.82,54000.0,"Net Wt: 5.480 Gm.@Rate 8,950.00/Gm.",,Sale,0,1,0
44943,1,N23103002988,102,103,102,102,102,103,5.63,0.0,5.63,8950.0,0.0,0.0,4951.31,0.0,0.0,0.0,0.0,0.0,55339.81,0.0,55339.81,1660.2,57000.0,"Net Wt: 5.630 Gm.@Rate 8,950.00/Gm.",,Sale,0,1,0
44944,1,N24103003663,102,103,331,102,102,103,3.94,0.0,3.94,7390.0,0.0,0.0,2922.23,0.0,0.0,0.0,0.0,0.0,32038.83,0.0,32038.83,961.16,32999.99,"Net Wt: 3.940 Gm.@Rate 7,390.00/Gm.",,Sale,0,1,0
44945,1,O23104001176,102,104,136,137,110,115,10.26,0.0,10.26,95.0,0.0,0.0,384.52,0.0,0.0,0.0,0.0,0.0,1359.22,0.0,1359.22,40.78,1400.0,Net Wt: 10.260 Gm.@Rate 95.00/Gm.,,Sale,0,1,0
44945,2,O23104001167,102,104,136,137,110,115,12.32,0.0,12.32,95.0,0.0,0.0,383.0,0.0,0.0,0.0,0.0,0.0,1553.4,0.0,1553.4,46.6,1600.0,Net Wt: 12.320 Gm.@Rate 95.00/Gm.,,Sale,0,1,0
44946,1,N24103003676,102,103,114,102,102,103,13.43,0.0,13.43,8950.0,0.0,0.0,6985.97,0.0,0.0,0.0,0.0,0.0,127184.47,0.0,127184.47,3815.54,131000.0,"Net Wt: 13.430 Gm.@Rate 8,950.00/Gm.",,Sale,0,1,0
45946,1,F25103003857,102,103,444,102,103,104,1.04,0.0,1.04,8585.0,0.0,0.0,386.28,0.0,0.0,0.0,0.0,200.0,9514.68,0.0,9514.68,285.44,9800.12,"Net Wt: 1.040 Gm.@Rate 8,585.00/Gm.",,Sale,0,1,0
45947,1,N24103003627,102,103,235,102,102,103,5.28,0.0,5.28,8950.0,0.0,0.0,3229.44,0.0,0.0,0.0,0.0,0.0,50485.44,0.0,50485.44,1514.56,52000.0,"Net Wt: 5.280 Gm.@Rate 8,950.00/Gm.",,Sale,0,1,0
45948,1,H25103004017,102,103,235,102,102,103,12.53,0.0,12.53,8750.0,0.0,0.0,8770.0,0.0,0.0,0.0,0.0,200.0,118607.77,0.0,118607.77,3558.24,122166.0,"Net Wt: 12.530 Gm.@Rate 8,750.00/Gm.",,Sale,0,1,0
45949,1,O23104000989,102,104,119,121,110,115,71.0,0.0,71.0,98.0,0.0,0.0,1780.0,0.0,0.0,0.0,0.0,0.0,8737.86,0.0,8737.86,262.14,9000.0,Net Wt: 71.000 Gm.@Rate 98.00/Gm.,,Sale,0,1,0
45950,1,F23103002638,102,103,110,102,102,103,4.23,0.0,4.23,8750.0,0.0,0.0,1993.0,0.0,0.0,0.0,0.0,800.0,39805.83,0.0,39805.83,1194.18,41000.0,"Net Wt: 4.230 Gm.@Rate 8,750.00/Gm.",,Sale,0,1,0
45950,2,O22103002401,102,103,102,102,103,104,2.36,0.0,2.36,8750.0,0.0,0.0,2450.97,0.0,0.0,0.0,0.0,200.0,23300.97,0.0,23300.97,699.02,24000.0,"Net Wt: 2.360 Gm.@Rate 8,750.00/Gm.",,Sale,0,1,0
45951,1,O22103002400,102,103,102,102,103,104,2.37,0.0,2.37,7750.0,0.0,0.0,1049.98,0.0,0.0,0.0,0.0,0.0,19417.48,0.0,19417.48,582.52,20000.0,"Net Wt: 2.370 Gm.@Rate 7,750.00/Gm.",,Sale,0,1,0
45952,1,O24103003706,102,103,235,102,102,103,3.54,0.0,3.54,7390.0,0.0,0.0,1994.74,0.0,0.0,0.0,0.0,0.0,28155.34,0.0,28155.34,844.66,29000.0,"Net Wt: 3.540 Gm.@Rate 7,390.00/Gm.",,Sale,0,1,0
45953,1,I25103004117,102,103,331,102,102,103,3.54,0.0,3.54,8800.0,0.0,0.0,3784.89,0.0,0.0,0.0,0.0,500.0,35436.89,0.0,35436.89,1063.1,36500.0,"Net Wt: 3.540 Gm.@Rate 8,800.00/Gm.",,Sale,0,1,0
45954,1,F25103003854,102,103,444,102,103,104,1.24,0.0,1.24,8500.0,0.0,0.0,625.05,0.0,0.0,0.0,0.0,0.0,11165.05,0.0,11165.05,334.96,11500.0,"Net Wt: 1.240 Gm.@Rate 8,500.00/Gm.",,Sale,0,1,0
46954,1,G25103003910,102,103,331,102,102,103,2.96,0.0,2.96,8900.0,0.0,0.0,2097.0,0.0,0.0,0.0,0.0,200.0,28640.78,0.0,28640.78,859.22,29500.0,"Net Wt: 2.960 Gm.@Rate 8,900.00/Gm.",,Sale,0,1,0
47954,1,H25103004086,102,103,115,102,103,104,1.12,0.0,1.12,8900.0,0.0,0.0,1288.31,0.0,0.0,0.0,0.0,200.0,11456.31,0.0,11456.31,343.68,11800.0,"Net Wt: 1.120 Gm.@Rate 8,900.00/Gm.",,Sale,0,1,0
47955,1,I25104001464,102,104,151,150,109,111,12.03,0.0,12.03,100.0,0.0,0.0,447.49,0.0,0.0,0.0,0.0,0.0,1650.49,0.0,1650.49,49.52,1700.0,Net Wt: 12.030 Gm.@Rate 100.00/Gm.,,Sale,0,1,0
47956,1,F25103003815,102,103,102,102,102,103,2.85,0.0,2.85,9000.0,0.0,0.0,2223.0,0.0,0.0,0.0,0.0,300.0,28173.0,0.0,28173.0,845.2,29018.19,"Net Wt: 2.850 Gm.@Rate 9,000.00/Gm.",,Sale,0,1,0
47956,2,G25103003931,102,103,102,102,102,103,2.06,0.0,2.06,9000.0,0.0,0.0,1607.0,0.0,0.0,0.0,0.0,300.0,20447.0,0.0,20447.0,613.4,21060.41,"Net Wt: 2.060 Gm.@Rate 9,000.00/Gm.",,Sale,0,1,0
48954,1,O23104001175,102,104,136,137,110,115,10.8,0.0,10.8,100.0,0.0,0.0,539.42,0.0,0.0,0.0,0.0,0.0,1619.42,0.0,1619.42,48.58,1668.0,Net Wt: 10.800 Gm.@Rate 100.00/Gm.,,Sale,0,1,0
48955,1,I22103002003,102,103,102,102,102,103,5.93,0.0,5.93,9000.0,0.0,0.0,3711.0,0.0,0.0,0.0,0.0,200.0,57281.43,0.0,57281.43,1718.44,58999.87,"Net Wt: 5.930 Gm.@Rate 9,000.00/Gm.",,Sale,0,1,0
47957,1,I25104001465,102,104,353,102,109,111,20.11,0.0,20.11,100.0,0.0,0.0,804.53,0.0,0.0,0.0,0.0,0.0,2815.53,0.0,2815.53,84.46,2900.0,Net Wt: 20.110 Gm.@Rate 100.00/Gm.,,Sale,0,1,0
49954,1,I25103004118,102,103,113,102,102,103,4.76,0.0,4.76,8950.0,0.0,0.0,4485.38,0.0,0.0,0.0,0.0,0.0,47087.38,0.0,47087.38,1412.62,48500.0,"Net Wt: 4.760 Gm.@Rate 8,950.00/Gm.",,Sale,0,1,0
50954,1,N24103003600,102,103,420,102,103,104,2.22,0.0,2.22,8820.0,0.0,0.0,2255.92,0.0,0.0,0.0,0.0,300.0,22136.32,0.0,22136.32,664.08,22800.41,"Net Wt: 2.220 Gm.@Rate 8,820.00/Gm.",,Sale,0,1,0
50954,2,K24103003453,102,103,116,102,102,103,1.56,0.0,1.56,9000.0,0.0,0.0,1560.0,0.0,0.0,0.0,0.0,300.0,15900.0,0.0,15900.0,477.0,16377.0,"Net Wt: 1.560 Gm.@Rate 9,000.00/Gm.",,Sale,0,1,0
50954,3,F25103003892,102,103,112,102,102,103,10.76,0.0,10.76,9000.0,0.0,0.0,10760.0,0.0,0.0,0.0,0.0,300.0,107900.0,0.0,107900.0,3237.0,111137.0,"Net Wt: 10.760 Gm.@Rate 9,000.00/Gm.",,Sale,0,1,0
50954,4,I25103004119,102,103,115,102,102,103,1.1,0.0,1.1,9000.0,0.0,0.0,1159.22,0.0,0.0,0.0,0.0,300.0,11359.22,0.0,11359.22,340.78,11700.0,"Net Wt: 1.100 Gm.@Rate 9,000.00/Gm.",,Sale,0,1,0
50955,1,I25103004120,102,103,107,102,102,103,5.34,0.0,5.34,8950.0,0.0,0.0,3074.96,0.0,0.0,0.0,0.0,200.0,51067.96,0.0,51067.96,1532.04,52600.0,"Net Wt: 5.340 Gm.@Rate 8,950.00/Gm.",,Sale,0,1,0
51954,1,H25103003957,102,103,110,102,102,103,5.91,0.0,5.91,9100.0,0.0,0.0,5912.0,0.0,0.0,0.0,0.0,950.0,60643.0,0.0,60643.0,1819.28,62462.29,"Net Wt: 5.910 Gm.@Rate 9,100.00/Gm.",,Sale,0,1,0
51954,2,H25103003945,102,103,112,102,102,103,13.32,0.0,13.32,9100.0,0.0,0.0,13150.83,0.0,0.0,0.0,0.0,200.0,134562.83,0.0,134562.83,4036.88,138599.71,"Net Wt: 13.320 Gm.@Rate 9,100.00/Gm.",,Sale,0,1,0
51955,1,H25103003939,102,103,112,102,102,103,13.96,0.0,13.96,8900.0,0.0,0.0,10507.46,0.0,0.0,0.0,0.0,200.0,134951.46,0.0,134951.46,4048.54,139000.0,"Net Wt: 13.960 Gm.@Rate 8,900.00/Gm.",,Sale,0,1,0
51956,1,P24103003738,102,103,107,102,102,103,1.78,0.0,1.78,8900.0,0.0,0.0,462.85,0.0,0.0,0.0,0.0,200.0,16504.85,0.0,16504.85,495.14,17000.0,"Net Wt: 1.780 Gm.@Rate 8,900.00/Gm.",,Sale,0,1,0
51956,2,F25103003898,102,103,235,102,102,103,1.89,0.0,1.89,8900.0,0.0,0.0,1425.6,0.0,0.0,0.0,0.0,200.0,18446.6,0.0,18446.6,553.4,19000.0,"Net Wt: 1.890 Gm.@Rate 8,900.00/Gm.",,Sale,0,1,0
51957,1,J23103002919,102,103,102,102,102,103,4.69,0.0,4.69,9100.0,0.0,0.0,4693.82,0.0,0.0,0.0,0.0,200.0,47572.82,0.0,47572.82,1427.18,49000.0,"Net Wt: 4.690 Gm.@Rate 9,100.00/Gm.",,Sale,0,1,0
51957,2,H25103003961,102,103,235,102,102,103,6.95,0.0,6.95,9100.0,0.0,0.0,6943.35,0.0,0.0,0.0,0.0,200.0,70388.35,0.0,70388.35,2111.66,72500.0,"Net Wt: 6.950 Gm.@Rate 9,100.00/Gm.",,Sale,0,1,0
51957,3,J25104001466,102,104,151,150,109,111,23.61,0.0,23.61,100.0,0.0,0.0,2493.37,0.0,0.0,0.0,0.0,0.0,4854.37,0.0,4854.37,145.64,5000.0,Net Wt: 23.610 Gm.@Rate 100.00/Gm.,,Sale,0,1,0
52954,1,G25103003906,102,103,235,102,102,103,1.81,0.0,1.81,9100.0,0.0,0.0,1776.0,0.0,0.0,0.0,0.0,200.0,18446.6,0.0,18446.6,553.4,19000.0,"Net Wt: 1.810 Gm.@Rate 9,100.00/Gm.",,Sale,0,1,0
53954,1,P24103003751,102,103,101,102,102,103,8.1,0.0,8.1,9150.0,0.0,0.0,7694.71,0.0,0.0,0.0,0.0,200.0,82009.71,0.0,82009.71,2460.3,84470.0,"Net Wt: 8.100 Gm.@Rate 9,150.00/Gm.",,Sale,0,1,0
53954,2,O23104001244,102,104,160,102,110,115,12.92,0.0,12.92,100.0,0.0,0.0,552.66,0.0,0.0,0.0,0.0,0.0,1844.66,0.0,1844.66,55.34,1900.0,Net Wt: 12.920 Gm.@Rate 100.00/Gm.,,Sale,0,1,0
54954,1,L24103003480,102,103,444,102,103,104,0.66,0.0,0.66,8700.0,0.0,0.0,1054.12,0.0,0.0,0.0,0.0,0.0,6796.12,0.0,6796.12,203.88,7000.0,"Net Wt: 0.660 Gm.@Rate 8,700.00/Gm.",,Sale,0,1,0
54955,1,H23103002806,102,103,115,102,102,103,1.79,0.0,1.79,9150.0,0.0,0.0,2068.1,0.0,0.0,0.0,0.0,0.0,18446.6,0.0,18446.6,553.4,19000.0,"Net Wt: 1.790 Gm.@Rate 9,150.00/Gm.",,Sale,0,1,0
54955,2,G25103003906,102,103,235,102,102,103,1.81,0.0,1.81,9150.0,0.0,0.0,1885.1,0.0,0.0,0.0,0.0,0.0,18446.6,0.0,18446.6,553.4,19000.0,"Net Wt: 1.810 Gm.@Rate 9,150.00/Gm.",,Return,0,1,0
54956,1,J25104001467,102,104,353,102,109,111,34.58,0.0,34.58,100.0,0.0,0.0,522.58,0.0,0.0,0.0,0.0,0.0,3980.58,0.0,3980.58,119.42,4100.0,Net Wt: 34.580 Gm.@Rate 100.00/Gm.,,Sale,0,1,0
54957,1,J25104001468,102,104,440,101,109,111,15.9,0.0,15.9,104.0,0.0,0.0,2715.33,0.0,0.0,0.0,0.0,0.0,4368.93,0.0,4368.93,131.06,4500.0,Net Wt: 15.900 Gm.@Rate 104.00/Gm.,,Sale,0,1,0
74959,1,J22103002209,102,103,110,102,102,103,4.97,0.0,4.97,9300.0,0.0,0.0,3750.0,0.0,0.0,0.0,0.0,1000.0,50970.87,0.0,50970.87,1529.12,52500.0,"Net Wt: 4.970 Gm.@Rate 9,300.00/Gm.",,Sale,0,1,0
55954,1,F25103003872,102,103,103,102,103,104,1.65,0.0,1.65,8900.0,0.0,0.0,1232.0,0.0,0.0,0.0,0.0,200.0,16116.5,0.0,16116.5,483.5,16600.0,"Net Wt: 1.650 Gm.@Rate 8,900.00/Gm.",,Sale,0,1,0
55955,1,N24103003614,102,103,444,102,103,104,1.75,0.0,1.75,8700.0,0.0,0.0,1565.29,0.0,0.0,0.0,0.0,200.0,16990.29,0.0,16990.29,509.7,17500.0,"Net Wt: 1.750 Gm.@Rate 8,700.00/Gm.",,Sale,0,1,0
56954,1,J25103004125,102,103,102,102,102,103,0.9,0.0,0.9,9000.0,0.0,0.0,923.3,0.0,0.0,0.0,0.0,200.0,9223.3,0.0,9223.3,276.7,9500.0,"Net Wt: 0.900 Gm.@Rate 9,000.00/Gm.",,Sale,0,1,0
56955,1,H25103004026,102,103,112,102,102,103,21.39,0.0,21.39,8955.0,0.0,0.0,14763.0,0.0,0.0,0.0,0.0,0.0,206310.68,0.0,206310.68,6189.32,212500.0,"Net Wt: 21.390 Gm.@Rate 8,955.00/Gm.",,Sale,0,1,0
56956,1,J25104001471,102,104,289,102,109,111,16.11,0.0,16.11,350.0,0.0,0.0,-1560.83,0.0,0.0,0.0,0.0,0.0,4077.67,0.0,4077.67,122.34,4200.0,Net Wt: 16.110 Gm.@Rate 350.00/Gm.,,Sale,0,1,0
57954,1,J25104001472,102,104,351,102,109,111,34.34,0.0,34.34,104.0,0.0,0.0,1185.92,0.0,0.0,0.0,0.0,0.0,4757.28,0.0,4757.28,142.72,4900.0,Net Wt: 34.340 Gm.@Rate 104.00/Gm.,,Sale,0,1,0
55956,1,J25103004121,102,103,115,102,102,103,1.05,0.0,1.05,9150.0,0.0,0.0,483.76,0.0,0.0,0.0,0.0,200.0,10291.26,0.0,10291.26,308.74,10600.0,"Net Wt: 1.050 Gm.@Rate 9,150.00/Gm.",,Sale,0,1,0
55957,1,H25103004021,102,103,235,102,102,103,4.73,0.0,4.73,9000.0,0.0,0.0,4317.38,0.0,0.0,0.0,0.0,200.0,47087.38,0.0,47087.38,1412.62,48500.0,"Net Wt: 4.730 Gm.@Rate 9,000.00/Gm.",,Sale,0,1,0
55958,1,H25103003984,102,103,238,102,102,103,0.29,0.0,0.29,9000.0,0.0,0.0,1656.52,0.0,0.0,0.0,0.0,200.0,4466.52,0.0,4466.52,134.0,4600.52,"Net Wt: 0.290 Gm.@Rate 9,000.00/Gm.",,Sale,0,1,0
55959,1,J25103004122,102,103,169,102,102,103,0.32,0.0,0.32,9000.0,0.0,0.0,809.32,0.0,0.0,0.0,0.0,0.0,3689.32,0.0,3689.32,110.68,3800.0,"Net Wt: 0.320 Gm.@Rate 9,000.00/Gm.",,Sale,0,1,0
55960,1,J25104001470,102,104,134,162,109,111,3.73,0.0,3.73,100.0,0.0,0.0,2927.97,0.0,0.0,0.0,0.0,0.0,3300.97,0.0,3300.97,99.02,3400.0,Net Wt: 3.730 Gm.@Rate 100.00/Gm.,,Sale,0,1,0
55961,1,J25103004123,102,103,169,102,102,103,0.15,0.0,0.15,9000.0,0.0,0.0,591.75,0.0,0.0,0.0,0.0,0.0,1941.75,0.0,1941.75,58.26,2000.0,"Net Wt: 0.150 Gm.@Rate 9,000.00/Gm.",,Sale,0,1,0
55962,1,J25103004124,102,103,169,102,102,103,0.2,0.0,0.2,9000.0,0.0,0.0,2568.93,0.0,0.0,0.0,0.0,0.0,4368.93,0.0,4368.93,131.06,4500.0,"Net Wt: 0.200 Gm.@Rate 9,000.00/Gm.",,Sale,0,1,0
57955,1,F25103003897,102,103,235,102,102,103,2.13,0.0,2.13,9100.0,0.0,0.0,1703.0,0.0,0.0,0.0,0.0,200.0,21286.41,0.0,21286.41,638.6,21925.0,"Net Wt: 2.130 Gm.@Rate 9,100.00/Gm.",,Sale,0,1,0
57955,2,J25103004140,102,103,235,102,102,103,1.19,0.0,1.19,9100.0,0.0,0.0,952.0,0.0,0.0,0.0,0.0,200.0,11980.58,0.0,11980.58,359.42,12340.0,"Net Wt: 1.190 Gm.@Rate 9,100.00/Gm.",,Sale,0,1,0
57956,1,N23103002993,102,103,331,102,102,103,2.52,0.0,2.52,9100.0,0.0,0.0,2015.57,0.0,0.0,0.0,0.0,200.0,25147.57,0.0,25147.57,754.42,25902.0,"Net Wt: 2.520 Gm.@Rate 9,100.00/Gm.",,Sale,0,1,0
57957,1,J25103004133,102,103,235,102,102,103,1.64,0.0,1.64,9295.0,0.0,0.0,983.0,0.0,0.0,0.0,0.0,0.0,16227.18,0.0,16227.18,486.82,16714.0,"Net Wt: 1.640 Gm.@Rate 9,295.00/Gm.",,Sale,0,1,0
57957,2,H25103003960,102,103,110,102,102,103,1.6,0.0,1.6,9295.0,0.0,0.0,959.0,0.0,0.0,0.0,0.0,800.0,16631.07,0.0,16631.07,498.94,17130.0,"Net Wt: 1.600 Gm.@Rate 9,295.00/Gm.",,Sale,0,1,0
57958,1,G25103003904,102,103,235,102,102,103,2.66,0.0,2.66,9350.0,0.0,0.0,1822.0,0.0,0.0,0.0,0.0,200.0,26893.2,0.0,26893.2,806.8,27700.0,"Net Wt: 2.660 Gm.@Rate 9,350.00/Gm.",,Sale,0,1,0
57959,1,H25103003969,102,103,331,102,102,103,3.01,0.0,3.01,9350.0,0.0,0.0,1754.0,0.0,0.0,0.0,0.0,200.0,30097.29,0.0,30097.29,902.92,31000.21,"Net Wt: 3.010 Gm.@Rate 9,350.00/Gm.",,Sale,0,1,0
58958,1,J25103004135,102,103,235,102,102,103,1.61,0.0,1.61,9250.0,0.0,0.0,1208.0,0.0,0.0,0.0,0.0,200.0,16300.97,0.0,16300.97,489.02,16790.0,"Net Wt: 1.610 Gm.@Rate 9,250.00/Gm.",,Sale,0,1,0
59958,1,J25103004152,102,103,349,102,102,103,3.94,0.0,3.94,7930.0,0.0,0.0,2167.45,0.0,0.0,0.0,0.0,200.0,33611.65,0.0,33611.65,1008.34,34620.0,"Net Wt: 3.940 Gm.@Rate 7,930.00/Gm.",,Sale,0,1,0
59959,1,J25104001473,102,104,289,102,109,111,32.24,0.0,32.24,110.0,0.0,0.0,1890.49,0.0,0.0,0.0,0.0,0.0,5436.89,0.0,5436.89,163.1,5600.0,Net Wt: 32.240 Gm.@Rate 110.00/Gm.,,Sale,0,2,0
59959,2,J25104001474,102,104,134,162,109,112,11.04,0.0,11.04,110.0,0.0,0.0,921.52,0.0,0.0,0.0,0.0,0.0,2135.92,0.0,2135.92,64.08,2200.0,Net Wt: 11.040 Gm.@Rate 110.00/Gm.,,Sale,0,2,0
60958,1,J25103004153,102,103,432,101,102,103,3.38,0.0,3.38,9230.0,0.0,0.0,2297.75,0.0,0.0,0.0,0.0,0.0,33495.15,0.0,33495.15,1004.86,34500.0,"Net Wt: 3.380 Gm.@Rate 9,230.00/Gm.",,Sale,0,1,0
61958,1,F25103003817,102,103,112,102,102,103,4.46,0.0,4.46,9230.0,0.0,0.0,3780.0,0.0,0.0,0.0,0.0,200.0,45145.63,0.0,45145.63,1354.36,46500.0,"Net Wt: 4.460 Gm.@Rate 9,230.00/Gm.",,Sale,0,1,0
61959,1,N21103001613,102,103,102,102,102,103,3.5,0.0,3.5,9230.0,0.0,0.0,990.0,0.0,0.0,0.0,0.0,200.0,33495.15,0.0,33495.15,1004.86,34500.0,"Net Wt: 3.500 Gm.@Rate 9,230.00/Gm.",,Sale,0,1,0
61960,1,H25103004042,102,103,116,102,102,103,0.93,0.0,0.93,9230.0,0.0,0.0,924.84,0.0,0.0,0.0,0.0,200.0,9708.74,0.0,9708.74,291.26,10000.0,"Net Wt: 0.930 Gm.@Rate 9,230.00/Gm.",,Sale,0,1,0
61960,2,J25104001475,102,104,329,102,109,111,15.6,0.0,15.6,110.0,0.0,0.0,419.92,0.0,0.0,0.0,0.0,0.0,2135.92,0.0,2135.92,64.08,2200.0,Net Wt: 15.600 Gm.@Rate 110.00/Gm.,,Sale,0,1,0
62958,1,G24103003247,102,103,331,102,102,103,1.49,0.0,1.49,9200.0,0.0,0.0,655.0,0.0,0.0,0.0,0.0,200.0,14563.11,0.0,14563.11,436.9,15000.0,"Net Wt: 1.490 Gm.@Rate 9,200.00/Gm.",,Sale,0,1,0
63958,1,J25103004154,102,103,102,102,102,103,5.57,0.0,5.57,9230.0,0.0,0.0,3825.79,0.0,0.0,0.0,0.0,200.0,55436.89,0.0,55436.89,1663.1,57100.0,"Net Wt: 5.570 Gm.@Rate 9,230.00/Gm.",,Sale,0,1,0
64959,1,J25103004161,102,103,410,102,102,129,11.1,0.0,11.1,8900.0,0.0,0.0,8006.12,0.0,0.0,0.0,0.0,0.0,106796.12,0.0,106796.12,3203.88,110000.0,"Net Wt: 11.100 Gm.@Rate 8,900.00/Gm.",,Sale,0,1,0
65958,1,J25103004137,102,103,235,102,102,103,0.81,0.0,0.81,9000.0,0.0,0.0,665.0,0.0,0.0,0.0,0.0,200.0,8155.34,0.0,8155.34,244.66,8400.0,"Net Wt: 0.810 Gm.@Rate 9,000.00/Gm.",,Sale,0,1,0
65959,1,F25103003824,102,103,338,102,102,103,3.64,0.0,3.64,9050.0,0.0,0.0,1809.0,0.0,0.0,0.0,0.0,200.0,34951.46,0.0,34951.46,1048.54,36000.0,"Net Wt: 3.640 Gm.@Rate 9,050.00/Gm.",,Sale,0,1,0
65960,1,I25103004096,102,103,102,102,102,103,5.57,0.0,5.57,9100.0,0.0,0.0,4841.13,0.0,0.0,0.0,0.0,200.0,55728.13,0.0,55728.13,1671.84,57399.97,"Net Wt: 5.570 Gm.@Rate 9,100.00/Gm.",,Sale,0,1,0
65960,2,J25103004162,102,103,402,102,102,129,0.41,0.0,0.41,9100.0,0.0,0.0,735.02,0.0,0.0,0.0,0.0,0.0,4466.02,0.0,4466.02,133.98,4600.0,"Net Wt: 0.410 Gm.@Rate 9,100.00/Gm.",,Sale,0,1,0
66958,1,F25103003851,102,103,444,102,103,104,1.05,0.0,1.05,8800.0,0.0,0.0,754.0,0.0,0.0,0.0,0.0,200.0,10194.17,0.0,10194.17,305.82,10500.0,"Net Wt: 1.050 Gm.@Rate 8,800.00/Gm.",,Sale,0,1,0
66959,1,H25103003959,102,103,110,102,102,103,2.03,0.0,2.03,8900.0,0.0,0.0,1335.91,0.0,0.0,0.0,0.0,500.0,19902.91,0.0,19902.91,597.08,20500.0,"Net Wt: 2.030 Gm.@Rate 8,900.00/Gm.",,Sale,0,1,0
66960,1,H25103004040,102,103,116,102,102,103,0.83,0.0,0.83,9050.0,0.0,0.0,541.0,0.0,0.0,0.0,0.0,200.0,8252.43,0.0,8252.43,247.58,8500.0,"Net Wt: 0.830 Gm.@Rate 9,050.00/Gm.",,Sale,0,1,0
66961,1,K25104001476,102,104,351,102,109,111,3.6,0.0,3.6,110.0,0.0,0.0,89.44,0.0,0.0,0.0,0.0,0.0,485.44,0.0,485.44,14.56,500.0,Net Wt: 3.600 Gm.@Rate 110.00/Gm.,,Sale,0,1,0
66962,1,N24103003603,102,103,420,102,103,104,1.81,0.0,1.81,8650.0,0.0,0.0,934.0,0.0,0.0,0.0,0.0,400.0,16990.29,0.0,16990.29,509.7,17500.0,"Net Wt: 1.810 Gm.@Rate 8,650.00/Gm.",,Sale,0,1,0
67958,1,H25103004013,102,103,327,102,102,103,10.6,0.0,10.6,9100.0,0.0,0.0,8194.0,0.0,0.0,0.0,0.0,200.0,104854.37,0.0,104854.37,3145.64,108000.0,"Net Wt: 10.600 Gm.@Rate 9,100.00/Gm.",,Sale,0,1,0
67959,1,O23104001025,102,104,119,121,110,115,65.3,0.0,65.3,110.0,0.0,0.0,2040.3,0.0,0.0,0.0,0.0,0.0,9223.3,0.0,9223.3,276.7,9500.0,Net Wt: 65.300 Gm.@Rate 110.00/Gm.,,Sale,0,1,0
68958,1,E24103003194,102,103,116,102,102,103,1.05,0.0,1.05,9060.0,0.0,0.0,629.72,0.0,0.0,0.0,0.0,0.0,10142.72,0.0,10142.72,304.28,10447.0,"Net Wt: 1.050 Gm.@Rate 9,060.00/Gm.",,Sale,0,1,0
68958,2,N24103003574,102,103,331,102,102,103,2.73,0.0,2.73,9060.0,0.0,0.0,1637.07,0.0,0.0,0.0,0.0,0.0,26370.87,0.0,26370.87,791.12,27162.0,"Net Wt: 2.730 Gm.@Rate 9,060.00/Gm.",,Sale,0,1,0
68958,3,N24103003584,102,103,102,102,102,103,3.56,0.0,3.56,9060.0,0.0,0.0,2134.75,0.0,0.0,0.0,0.0,0.0,34388.35,0.0,34388.35,1031.66,35420.0,"Net Wt: 3.560 Gm.@Rate 9,060.00/Gm.",,Sale,0,1,0
68958,4,H25103004027,102,103,331,102,102,103,2.0,0.0,2.0,9060.0,0.0,0.0,1199.42,0.0,0.0,0.0,0.0,0.0,19319.42,0.0,19319.42,579.58,19899.0,"Net Wt: 2.000 Gm.@Rate 9,060.00/Gm.",,Sale,0,1,0
68958,5,H19103000052,102,103,102,102,102,103,5.45,0.0,5.45,9060.0,0.0,0.0,3269.6,0.0,0.0,0.0,0.0,0.0,52646.6,0.0,52646.6,1579.4,54226.0,"Net Wt: 5.450 Gm.@Rate 9,060.00/Gm.",,Sale,0,1,0
68959,1,H23103002797,102,103,107,102,102,103,1.41,0.0,1.41,9060.0,0.0,0.0,915.0,0.0,0.0,0.0,0.0,0.0,13689.32,0.0,13689.32,410.68,14100.0,"Net Wt: 1.410 Gm.@Rate 9,060.00/Gm.",,Sale,0,1,0
68960,1,K25104001478,102,104,120,122,109,111,19.22,0.0,19.22,112.0,0.0,0.0,759.98,0.0,0.0,0.0,0.0,0.0,2912.62,0.0,2912.62,87.38,3000.0,Net Wt: 19.220 Gm.@Rate 112.00/Gm.,,Sale,0,1,0
69958,1,H23103002687,102,103,235,102,102,103,4.67,0.0,4.67,9100.0,0.0,0.0,3969.02,0.0,0.0,0.0,0.0,400.0,46866.02,0.0,46866.02,1405.98,48272.0,"Net Wt: 4.670 Gm.@Rate 9,100.00/Gm.",,Sale,0,1,0
69958,2,O21103001832,102,103,116,102,102,103,1.25,0.0,1.25,9100.0,0.0,0.0,1061.89,0.0,0.0,0.0,0.0,200.0,12636.89,0.0,12636.89,379.1,13016.0,"Net Wt: 1.250 Gm.@Rate 9,100.00/Gm.",,Sale,0,1,0
70958,1,K25104001479,102,104,289,102,109,111,17.35,0.0,17.35,111.0,0.0,0.0,598.42,0.0,0.0,0.0,0.0,0.0,2524.27,0.0,2524.27,75.72,2600.0,Net Wt: 17.350 Gm.@Rate 111.00/Gm.,,Sale,0,1,0
70959,1,K25104001480,102,104,346,102,109,111,15.28,0.0,15.28,116.0,0.0,0.0,460.53,0.0,0.0,0.0,0.0,0.0,2233.01,0.0,2233.01,67.0,2300.0,Net Wt: 15.280 Gm.@Rate 116.00/Gm.,,Sale,0,1,0
70960,1,K25104001481,102,104,289,102,109,111,31.05,0.0,31.05,116.0,0.0,0.0,1058.39,0.0,0.0,0.0,0.0,0.0,4660.19,0.0,4660.19,139.8,4800.0,Net Wt: 31.050 Gm.@Rate 116.00/Gm.,,Sale,0,1,0
70961,1,K25103004164,102,103,106,102,102,103,4.1,0.0,4.1,9150.0,0.0,0.0,2861.7,0.0,0.0,0.0,0.0,400.0,40776.7,0.0,40776.7,1223.3,42000.0,"Net Wt: 4.100 Gm.@Rate 9,150.00/Gm.",,Sale,0,1,0
71959,1,H25103003998,102,103,112,102,102,103,10.8,0.0,10.8,9100.0,0.0,0.0,10457.86,0.0,0.0,0.0,0.0,0.0,108737.86,0.0,108737.86,3262.14,112000.0,"Net Wt: 10.800 Gm.@Rate 9,100.00/Gm.",,Sale,0,1,0
71959,3,F25103003833,102,103,420,102,103,104,2.0,0.0,2.0,8500.0,0.0,0.0,961.17,0.0,0.0,0.0,0.0,0.0,17961.17,0.0,17961.17,538.84,18500.01,"Net Wt: 2.000 Gm.@Rate 8,500.00/Gm.",,Sale,0,1,0
71959,4,H25103004058,102,103,420,102,103,104,1.57,0.0,1.57,8500.0,0.0,0.0,2674.42,0.0,0.0,0.0,0.0,0.0,16019.42,0.0,16019.42,480.58,16500.0,"Net Wt: 1.570 Gm.@Rate 8,500.00/Gm.",,Sale,0,1,0
71960,1,H25103004065,102,103,420,102,103,104,2.35,0.0,2.35,8500.0,0.0,0.0,1869.66,0.0,0.0,0.0,0.0,0.0,21844.66,0.0,21844.66,655.34,22500.0,"Net Wt: 2.350 Gm.@Rate 8,500.00/Gm.",,Sale,0,1,0
71961,1,N24103003677,102,103,114,102,102,103,5.88,0.0,5.88,9180.0,0.0,0.0,5336.0,0.0,0.0,0.0,0.0,200.0,59514.56,0.0,59514.56,1785.44,61300.0,"Net Wt: 5.880 Gm.@Rate 9,180.00/Gm.",,Sale,0,1,0
71962,1,J25103004146,102,103,419,102,103,104,0.82,0.0,0.82,8800.0,0.0,0.0,1521.86,0.0,0.0,0.0,0.0,0.0,8737.86,0.0,8737.86,262.14,9000.0,"Net Wt: 0.820 Gm.@Rate 8,800.00/Gm.",,Sale,0,1,0
71963,1,F25103003836,102,103,420,102,103,104,1.88,0.0,1.88,8000.0,0.0,0.0,1464.85,0.0,0.0,0.0,0.0,0.0,16504.85,0.0,16504.85,495.14,17000.0,"Net Wt: 1.880 Gm.@Rate 8,000.00/Gm.",,Sale,0,1,0
66961,2,K25104001477,102,104,352,102,109,111,14.8,0.0,14.8,110.0,0.0,0.0,313.75,0.0,0.0,0.0,0.0,0.0,1941.75,0.0,1941.75,58.26,2000.0,Net Wt: 14.800 Gm.@Rate 110.00/Gm.,,Sale,0,1,0
72959,1,H25103004039,102,103,116,102,102,103,0.88,0.0,0.88,9150.0,0.0,0.0,243.15,0.0,0.0,0.0,0.0,200.0,8495.15,0.0,8495.15,254.86,8750.0,"Net Wt: 0.880 Gm.@Rate 9,150.00/Gm.",,Sale,0,1,0
72959,2,H25103004043,102,103,116,102,102,103,0.8,0.0,0.8,9150.0,0.0,0.0,975.15,0.0,0.0,0.0,0.0,200.0,8495.15,0.0,8495.15,254.86,8750.0,"Net Wt: 0.800 Gm.@Rate 9,150.00/Gm.",,Sale,0,1,0
73959,1,K25104001482,102,104,142,143,109,111,22.5,0.0,22.5,116.0,0.0,0.0,1273.5,0.0,0.0,0.0,0.0,0.0,3883.5,0.0,3883.5,116.5,4000.0,Net Wt: 22.500 Gm.@Rate 116.00/Gm.,,Sale,0,1,0
73960,1,K25104001483,102,104,351,102,109,111,9.96,0.0,9.96,116.0,0.0,0.0,300.95,0.0,0.0,0.0,0.0,0.0,1456.31,0.0,1456.31,43.68,1500.0,Net Wt: 9.960 Gm.@Rate 116.00/Gm.,,Sale,0,1,0
54958,1,J25104001469,102,104,119,121,109,111,53.69,0.0,53.69,104.0,0.0,0.0,1697.79,0.0,0.0,0.0,0.0,0.0,7281.55,0.0,7281.55,218.44,7500.0,Net Wt: 53.690 Gm.@Rate 104.00/Gm.,,Sale,0,1,0
73961,1,H25103003963,102,103,235,102,102,103,2.77,0.0,2.77,9000.0,0.0,0.0,2354.0,0.0,0.0,0.0,0.0,200.0,27484.47,0.0,27484.47,824.54,28309.0,"Net Wt: 2.770 Gm.@Rate 9,000.00/Gm.",,Sale,0,1,0
75959,1,K25103004188,102,103,420,102,102,129,0.84,0.0,0.84,8650.0,0.0,0.0,986.43,0.0,0.0,0.0,0.0,0.0,8252.43,0.0,8252.43,247.58,8500.0,"Net Wt: 0.840 Gm.@Rate 8,650.00/Gm.",,Sale,0,1,0
76959,1,N24103003595,102,103,412,102,102,103,3.05,0.0,3.05,9150.0,0.03,0.0,3195.9,0.0,0.0,0.0,0.0,450.0,31553.4,0.0,31553.4,946.6,32500.0,"Net Wt: 3.050 Gm.@Rate 9,150.00/Gm.",,Sale,0,1,0
77959,1,K25104001484,102,104,119,121,109,111,30.0,0.0,30.0,117.0,0.0,0.0,1053.11,0.0,0.0,0.0,0.0,0.0,4563.11,0.0,4563.11,136.9,4700.0,Net Wt: 30.000 Gm.@Rate 117.00/Gm.,,Sale,0,1,0
77960,1,K25103004179,102,103,110,102,102,103,2.45,0.0,2.45,9150.0,0.0,0.0,1825.0,0.0,0.0,0.0,0.0,1000.0,25242.72,0.0,25242.72,757.28,26000.0,"Net Wt: 2.450 Gm.@Rate 9,150.00/Gm.",,Sale,0,1,0
77961,1,L25104001485,102,104,289,102,109,111,11.73,0.0,11.73,118.0,0.0,0.0,363.43,0.0,0.0,0.0,0.0,0.0,1747.57,0.0,1747.57,52.42,1800.0,Net Wt: 11.730 Gm.@Rate 118.00/Gm.,,Sale,0,1,0
78961,1,F25103003861,102,103,444,102,103,104,0.6,0.0,0.6,9000.0,0.0,0.0,711.0,0.0,0.0,0.0,0.0,200.0,6310.68,0.0,6310.68,189.32,6500.0,"Net Wt: 0.600 Gm.@Rate 9,000.00/Gm.",,Sale,0,1,0
78962,1,L25104001486,102,104,353,102,109,111,12.43,0.0,12.43,118.0,0.0,0.0,1018.7,0.0,0.0,0.0,0.0,0.0,2485.44,0.0,2485.44,74.56,2560.0,Net Wt: 12.430 Gm.@Rate 118.00/Gm.,,Sale,0,1,0
78962,2,L25104001487,102,104,353,102,109,111,7.28,0.0,7.28,118.0,0.0,0.0,597.27,0.0,0.0,0.0,0.0,0.0,1456.31,0.0,1456.31,43.68,1500.0,Net Wt: 7.280 Gm.@Rate 118.00/Gm.,,Sale,0,1,0
78962,3,L25104001488,102,104,120,122,109,111,23.87,0.0,23.87,118.0,0.0,0.0,1600.82,0.0,0.0,0.0,0.0,0.0,4417.48,0.0,4417.48,132.52,4550.0,Net Wt: 23.870 Gm.@Rate 118.00/Gm.,,Sale,0,1,0
79961,1,N24103003667,102,103,235,102,102,103,1.7,0.0,1.7,9470.0,0.0,0.0,1268.0,0.0,0.0,0.0,0.0,400.0,17766.99,0.0,17766.99,533.0,18300.0,"Net Wt: 1.700 Gm.@Rate 9,470.00/Gm.",,Sale,0,1,0
80961,1,L24103003513,102,103,115,102,103,104,0.69,0.0,0.69,9490.0,0.0,0.0,751.0,0.0,0.0,0.0,0.0,400.0,7699.03,0.0,7699.03,230.98,7930.0,"Net Wt: 0.690 Gm.@Rate 9,490.00/Gm.",,Sale,0,1,0
80962,1,I25103004101,102,103,331,102,102,103,4.01,0.0,4.01,9490.0,0.0,0.0,5012.09,0.0,0.0,0.0,0.0,200.0,43266.99,0.0,43266.99,1298.0,44565.0,"Net Wt: 4.010 Gm.@Rate 9,490.00/Gm.",,Sale,0,1,0
80963,1,O23103003116,102,103,374,102,102,103,2.28,0.0,2.28,9490.0,0.0,0.0,2235.0,0.0,0.0,0.0,0.0,400.0,24271.84,0.0,24271.84,728.16,25000.0,"Net Wt: 2.280 Gm.@Rate 9,490.00/Gm.",,Sale,0,1,0
80964,1,L25103004189,102,103,112,102,102,103,8.35,0.0,8.35,9400.0,0.0,0.0,6752.72,0.0,0.0,0.0,0.0,0.0,85242.72,0.0,85242.72,2557.28,87800.0,"Net Wt: 8.350 Gm.@Rate 9,400.00/Gm.",,Sale,0,1,0
80965,1,H25103004046,102,103,407,102,103,104,2.29,0.0,2.29,9000.0,0.0,0.0,2690.97,0.0,0.0,0.0,0.0,0.0,23300.97,0.0,23300.97,699.02,24000.0,"Net Wt: 2.290 Gm.@Rate 9,000.00/Gm.",,Sale,0,1,0
80965,2,L24103003513,102,103,115,102,103,104,0.69,0.0,0.69,9000.0,0.0,0.0,1489.03,0.0,0.0,0.0,0.0,0.0,7699.03,0.0,7699.03,230.98,7930.0,"Net Wt: 0.690 Gm.@Rate 9,000.00/Gm.",,Return,0,1,0
80966,1,L25103004190,102,103,331,102,102,103,2.59,0.0,2.59,9390.0,0.0,0.0,2664.37,0.0,0.0,0.0,0.0,200.0,27184.47,0.0,27184.47,815.54,28000.0,"Net Wt: 2.590 Gm.@Rate 9,390.00/Gm.",,Sale,0,1,0
80967,1,H25103003989,102,103,112,102,102,103,12.67,0.0,12.67,9295.0,0.0,0.0,7475.0,0.0,0.0,0.0,0.0,0.0,125242.72,0.0,125242.72,3757.28,129000.0,"Net Wt: 12.670 Gm.@Rate 9,295.00/Gm.",,Sale,0,1,0
81961,1,O23104001172,102,104,136,137,110,115,15.55,0.0,15.55,118.0,0.0,0.0,1368.91,0.0,0.0,0.0,0.0,0.0,3203.81,0.0,3203.81,96.12,3299.92,Net Wt: 15.550 Gm.@Rate 118.00/Gm.,,Sale,0,1,0
82961,1,N24103003631,102,103,235,102,102,103,2.02,0.0,2.02,9200.0,0.0,0.0,1119.0,0.0,0.0,0.0,0.0,200.0,19902.91,0.0,19902.91,597.08,20500.0,"Net Wt: 2.020 Gm.@Rate 9,200.00/Gm.",,Sale,0,1,0
82962,1,L25103004222,102,103,331,102,102,103,1.85,0.0,1.85,9200.0,0.0,0.0,1202.0,0.0,0.0,0.0,0.0,200.0,18422.33,0.0,18422.33,552.66,18975.0,"Net Wt: 1.850 Gm.@Rate 9,200.00/Gm.",,Sale,0,1,0
83962,1,O21103001807,102,103,116,102,102,103,7.52,0.0,7.52,9300.0,0.0,0.0,5639.73,0.0,0.0,0.0,0.0,200.0,75775.73,0.0,75775.73,2273.28,78049.0,"Net Wt: 7.520 Gm.@Rate 9,300.00/Gm.",,Sale,0,1,0
83962,2,O21103001803,102,103,116,102,102,103,6.71,0.0,6.71,9300.0,0.0,0.0,5031.95,0.0,0.0,0.0,0.0,200.0,67634.95,0.0,67634.95,2029.04,69664.0,"Net Wt: 6.710 Gm.@Rate 9,300.00/Gm.",,Sale,0,1,0
83963,1,F23103002591,102,103,235,102,102,103,6.01,0.0,6.01,9320.0,0.0,0.0,4507.19,0.0,0.0,0.0,0.0,200.0,60720.39,0.0,60720.39,1821.62,62542.0,"Net Wt: 6.010 Gm.@Rate 9,320.00/Gm.",,Sale,0,1,0
83963,2,I22103002049,102,103,107,102,102,103,8.85,0.0,8.85,9320.0,0.0,0.0,6637.42,0.0,0.0,0.0,0.0,200.0,89319.42,0.0,89319.42,2679.58,91999.0,"Net Wt: 8.850 Gm.@Rate 9,320.00/Gm.",,Sale,0,1,0
83964,1,O23104001087,102,104,346,102,110,115,43.73,0.0,43.73,120.0,0.0,0.0,771.82,0.0,0.0,0.0,0.0,0.0,6019.42,0.0,6019.42,180.58,6200.0,Net Wt: 43.730 Gm.@Rate 120.00/Gm.,,Sale,0,1,0
83965,1,J25103004148,102,103,107,102,102,103,3.52,0.0,3.52,9400.0,0.0,0.0,1955.0,0.0,0.0,0.0,0.0,200.0,35242.72,0.0,35242.72,1057.28,36300.0,"Net Wt: 3.520 Gm.@Rate 9,400.00/Gm.",,Sale,0,1,0
84962,1,F25103003803,102,103,235,102,102,103,2.42,0.0,2.42,9200.0,0.0,0.0,1814.64,0.0,0.0,0.0,0.0,200.0,24278.64,0.0,24278.64,728.36,25007.0,"Net Wt: 2.420 Gm.@Rate 9,200.00/Gm.",,Sale,0,1,0
84962,2,E24103003175,102,103,374,102,102,103,1.78,0.0,1.78,9200.0,0.0,0.0,1334.68,0.0,0.0,0.0,0.0,200.0,17910.68,0.0,17910.68,537.32,18448.0,"Net Wt: 1.780 Gm.@Rate 9,200.00/Gm.",,Sale,0,1,0
84962,3,I25103004095,102,103,102,102,102,103,4.38,0.0,4.38,9200.0,0.0,0.0,3284.58,0.0,0.0,0.0,0.0,200.0,43780.58,0.0,43780.58,1313.42,45094.0,"Net Wt: 4.380 Gm.@Rate 9,200.00/Gm.",,Sale,0,1,0
84963,1,L25103004231,102,103,338,102,102,103,3.11,0.0,3.11,9700.0,0.0,0.0,1866.01,0.0,0.0,0.0,0.0,200.0,32233.01,0.0,32233.01,967.0,33200.0,"Net Wt: 3.110 Gm.@Rate 9,700.00/Gm.",,Sale,0,1,0
85962,1,L25103004239,102,103,406,102,103,104,5.39,0.0,5.39,9000.0,0.0,0.0,4042.43,0.0,0.0,0.0,0.0,200.0,52752.43,0.0,52752.43,1582.58,54335.0,"Net Wt: 5.390 Gm.@Rate 9,000.00/Gm.",,Sale,0,1,0
85962,2,L25103004236,102,103,406,102,103,104,1.49,0.0,1.49,9000.0,0.0,0.0,1117.18,0.0,0.0,0.0,0.0,200.0,14727.18,0.0,14727.18,441.82,15169.0,"Net Wt: 1.490 Gm.@Rate 9,000.00/Gm.",,Sale,0,1,0
85962,3,L25103004218,102,103,331,102,102,103,2.46,0.0,2.46,9600.0,0.0,0.0,1844.19,0.0,0.0,0.0,0.0,200.0,25660.19,0.0,25660.19,769.8,26430.0,"Net Wt: 2.460 Gm.@Rate 9,600.00/Gm.",,Sale,0,1,0
85963,1,L25103004244,102,103,420,102,103,104,3.47,0.0,3.47,9000.0,0.0,0.0,2602.04,0.0,0.0,0.0,0.0,200.0,34032.04,0.0,34032.04,1020.96,35053.0,"Net Wt: 3.470 Gm.@Rate 9,000.00/Gm.",,Sale,0,1,0
85963,2,H25103004048,102,103,407,102,103,104,1.98,0.0,1.98,9000.0,0.0,0.0,1484.85,0.0,0.0,0.0,0.0,200.0,19504.85,0.0,19504.85,585.14,20090.0,"Net Wt: 1.980 Gm.@Rate 9,000.00/Gm.",,Sale,0,1,0
85963,3,L25103004247,102,103,420,102,103,104,1.49,0.0,1.49,9000.0,0.0,0.0,1117.18,0.0,0.0,0.0,0.0,200.0,14727.18,0.0,14727.18,441.82,15169.0,"Net Wt: 1.490 Gm.@Rate 9,000.00/Gm.",,Sale,0,1,0
86962,1,F25103003880,102,103,103,102,103,104,1.18,0.0,1.18,9400.0,0.0,0.0,1329.0,0.0,0.0,0.0,0.0,200.0,12620.87,0.0,12620.87,378.62,12999.5,"Net Wt: 1.180 Gm.@Rate 9,400.00/Gm.",,Sale,0,1,0
86963,1,H25103004084,102,103,115,102,103,104,1.15,0.0,1.15,9500.0,0.01,0.0,1010.92,0.0,0.0,0.0,0.0,200.0,12135.92,0.0,12135.92,364.08,12500.0,"Net Wt: 1.150 Gm.@Rate 9,500.00/Gm.",,Sale,0,1,0
86963,2,J25103004128,102,103,102,102,102,103,1.9,0.0,1.9,9780.0,0.01,0.0,1606.35,0.0,0.0,0.0,0.0,200.0,20388.35,0.0,20388.35,611.66,21000.0,"Net Wt: 1.900 Gm.@Rate 9,780.00/Gm.",,Sale,0,1,0
86964,1,M25103004258,102,103,102,102,102,103,6.94,0.0,6.94,9790.0,0.0,0.0,4872.93,0.0,0.0,0.0,0.0,0.0,72815.53,0.0,72815.53,2184.46,75000.0,"Net Wt: 6.940 Gm.@Rate 9,790.00/Gm.",,Sale,0,1,0
86965,1,F25103003825,102,103,107,102,102,103,6.48,0.0,6.48,9700.0,0.0,0.0,4859.53,0.0,0.0,0.0,0.0,200.0,67915.53,0.0,67915.53,2037.46,69953.0,"Net Wt: 6.480 Gm.@Rate 9,700.00/Gm.",,Sale,0,1,0
87965,1,K24103003443,102,103,107,102,102,103,3.44,0.0,3.44,10000.0,0.0,0.0,2579.61,0.0,0.0,0.0,0.0,200.0,37179.61,0.0,37179.61,1115.38,38295.0,"Net Wt: 3.440 Gm.@Rate 10,000.00/Gm.",,Sale,0,1,0
87966,1,N24103003597,102,103,114,102,102,103,9.52,0.0,9.52,10200.0,0.0,0.0,7616.0,0.0,0.0,0.0,0.0,200.0,104920.0,0.0,104920.0,3147.6,108067.6,"Net Wt: 9.520 Gm.@Rate 10,200.00/Gm.",,Sale,0,1,0
87966,2,J25103004138,102,103,235,102,102,103,1.15,0.0,1.15,10200.0,0.08,0.0,983.0,0.0,0.0,0.0,0.0,200.0,12912.62,0.0,12912.62,387.38,13300.0,"Net Wt: 1.150 Gm.@Rate 10,200.00/Gm.",,Sale,0,1,0
87966,4,M25104001489,102,104,119,121,109,111,34.93,0.0,34.93,130.0,0.0,0.0,1769.78,0.0,0.0,0.0,0.0,0.0,6310.68,0.0,6310.68,189.32,6500.0,Net Wt: 34.930 Gm.@Rate 130.00/Gm.,,Sale,0,1,0
87967,1,H25103003951,102,103,112,102,102,103,17.93,0.0,17.93,10300.0,0.0,0.0,15240.09,0.0,0.0,0.0,0.0,200.0,200119.09,0.0,200119.09,6003.58,206122.66,"Net Wt: 17.930 Gm.@Rate 10,300.00/Gm.",,Sale,0,1,0
87968,1,M25104001490,102,104,353,102,109,111,45.54,0.0,45.54,130.0,0.0,0.0,875.92,0.0,0.0,0.0,0.0,0.0,6796.12,0.0,6796.12,203.88,7000.0,Net Wt: 45.540 Gm.@Rate 130.00/Gm.,,Sale,0,1,0
88968,1,N24103003594,102,103,412,102,102,103,4.55,0.0,4.55,10300.0,0.0,0.0,3420.44,0.0,0.0,0.0,0.0,200.0,50485.44,0.0,50485.44,1514.56,52000.0,"Net Wt: 4.550 Gm.@Rate 10,300.00/Gm.",,Sale,0,1,0
88969,1,K25103004180,102,103,110,102,102,103,7.79,0.0,7.79,9200.0,0.0,0.0,6646.56,0.0,0.0,0.0,0.0,1200.0,79514.56,0.0,79514.56,2385.44,81900.0,"Net Wt: 7.790 Gm.@Rate 9,200.00/Gm.",,Sale,0,1,0
88970,1,K25103004167,102,103,116,102,102,103,1.43,0.0,1.43,10200.0,0.0,0.0,1143.13,0.0,0.0,0.0,0.0,200.0,15929.13,0.0,15929.13,477.88,16407.0,"Net Wt: 1.430 Gm.@Rate 10,200.00/Gm.",,Sale,0,1,0
89970,1,G25103003917,102,103,101,102,102,103,24.56,0.0,24.56,10200.0,0.0,0.0,14244.31,0.0,0.0,0.0,0.0,100.0,264856.31,0.0,264856.31,7945.68,272802.0,"Net Wt: 24.560 Gm.@Rate 10,200.00/Gm.",,Sale,0,1,0
89970,2,H25103003983,102,103,116,102,102,103,1.79,0.0,1.79,10200.0,0.0,0.0,1038.12,0.0,0.0,0.0,0.0,100.0,19396.12,0.0,19396.12,581.88,19978.0,"Net Wt: 1.790 Gm.@Rate 10,200.00/Gm.",,Sale,0,1,0
89970,3,F25103003890,102,103,110,102,102,103,1.58,0.0,1.58,10200.0,0.0,0.0,916.04,0.0,0.0,0.0,0.0,800.0,17832.04,0.0,17832.04,534.96,18367.0,"Net Wt: 1.580 Gm.@Rate 10,200.00/Gm.",,Sale,0,1,0
90970,1,H25103004024,102,103,112,102,102,103,33.89,0.0,33.89,10300.0,0.0,0.0,25417.47,0.0,0.0,0.0,0.0,200.0,374684.47,0.0,374684.47,11240.54,385925.0,"Net Wt: 33.890 Gm.@Rate 10,300.00/Gm.",,Sale,0,1,0
91970,1,G25103003909,102,103,235,102,102,103,2.11,0.0,2.11,10580.0,0.0,0.0,1748.04,0.0,0.0,0.0,0.0,200.0,24271.84,0.0,24271.84,728.16,25000.0,"Net Wt: 2.110 Gm.@Rate 10,580.00/Gm.",,Sale,0,1,0
92970,1,J25103004139,102,103,235,102,102,103,1.19,0.0,1.19,10500.0,0.0,0.0,951.6,0.0,0.0,0.0,0.0,200.0,13646.6,0.0,13646.6,409.4,14056.0,"Net Wt: 1.190 Gm.@Rate 10,500.00/Gm.",,Sale,0,1,0
92971,1,M25104001491,102,104,119,121,109,111,22.6,0.0,22.6,140.0,0.0,0.0,476.78,0.0,0.0,0.0,0.0,0.0,3640.78,0.0,3640.78,109.22,3750.0,Net Wt: 22.600 Gm.@Rate 140.00/Gm.,,Sale,0,1,0
93970,1,I24103003388,102,103,102,102,102,103,1.93,0.0,1.93,10500.0,0.0,0.0,1543.74,0.0,0.0,0.0,0.0,200.0,22008.74,0.0,22008.74,660.26,22669.0,"Net Wt: 1.930 Gm.@Rate 10,500.00/Gm.",,Sale,0,1,0
93971,1,K25103004185,102,103,419,102,102,103,0.92,0.0,0.92,9000.0,0.0,0.0,799.61,0.0,0.0,0.0,0.0,200.0,9279.61,0.0,9279.61,278.38,9558.0,"Net Wt: 0.920 Gm.@Rate 9,000.00/Gm.",,Sale,0,1,0
93971,2,I24103003343,102,103,235,102,102,103,4.62,0.0,4.62,10500.0,0.0,0.0,3695.83,0.0,0.0,0.0,0.0,200.0,52405.83,0.0,52405.83,1572.18,53978.0,"Net Wt: 4.620 Gm.@Rate 10,500.00/Gm.",,Sale,0,1,0
93972,1,I25103004094,102,103,102,102,102,103,5.72,0.0,5.72,10500.0,0.0,0.0,4289.51,0.0,0.0,0.0,0.0,200.0,64549.51,0.0,64549.51,1936.48,66486.0,"Net Wt: 5.720 Gm.@Rate 10,500.00/Gm.",,Sale,0,1,0
93973,1,M25104001492,102,104,119,121,109,111,28.92,0.0,28.92,140.0,0.0,0.0,572.56,0.0,0.0,0.0,0.0,0.0,4621.36,0.0,4621.36,138.64,4760.0,Net Wt: 28.920 Gm.@Rate 140.00/Gm.,,Sale,0,1,0
93973,2,M25104001493,102,104,440,101,109,111,1.74,0.0,1.74,140.0,0.0,0.0,1999.12,0.0,0.0,0.0,0.0,0.0,2242.72,0.0,2242.72,67.28,2310.0,Net Wt: 1.740 Gm.@Rate 140.00/Gm.,,Sale,0,1,0
93974,1,M25104001494,102,104,289,102,109,111,15.2,0.0,15.2,140.0,0.0,0.0,590.45,0.0,0.0,0.0,0.0,0.0,2718.45,0.0,2718.45,81.56,2800.0,Net Wt: 15.200 Gm.@Rate 140.00/Gm.,,Sale,0,1,0
93974,2,M25104001495,102,104,289,102,109,111,4.88,0.0,4.88,140.0,0.0,0.0,1646.9,0.0,0.0,0.0,0.0,0.0,2330.1,0.0,2330.1,69.9,2400.0,Net Wt: 4.880 Gm.@Rate 140.00/Gm.,,Sale,0,1,0
94970,1,M25104001496,102,104,119,121,109,111,28.84,0.0,28.84,148.0,0.0,0.0,780.22,0.0,0.0,0.0,0.0,0.0,5048.54,0.0,5048.54,151.46,5200.0,Net Wt: 28.840 Gm.@Rate 148.00/Gm.,,Sale,0,1,0
94971,1,M25104001497,102,104,119,121,109,111,10.6,0.0,10.6,148.0,0.0,0.0,372.95,0.0,0.0,0.0,0.0,0.0,1941.75,0.0,1941.75,58.26,2000.0,Net Wt: 10.600 Gm.@Rate 148.00/Gm.,,Sale,0,1,0
94972,1,H25103004034,102,103,116,102,102,103,0.98,0.0,0.98,10900.0,0.0,0.0,818.7,0.0,0.0,0.0,0.0,150.0,11650.7,0.0,11650.7,349.52,12000.22,"Net Wt: 0.980 Gm.@Rate 10,900.00/Gm.",,Sale,0,1,0
94972,2,N25104001498,102,104,351,102,109,111,9.7,0.0,9.7,170.0,0.0,0.0,195.66,0.0,0.0,0.0,0.0,0.0,1844.66,0.0,1844.66,55.34,1900.0,Net Wt: 9.700 Gm.@Rate 170.00/Gm.,,Sale,0,1,0
94973,1,N25103004326,102,103,101,102,102,103,11.8,0.0,11.8,10500.0,0.0,0.0,11822.33,0.0,0.0,0.0,0.0,200.0,135922.33,0.0,135922.33,4077.66,140000.0,"Net Wt: 11.800 Gm.@Rate 10,500.00/Gm.",,Sale,0,1,0
94974,1,H25103003947,102,103,112,102,102,103,13.12,0.0,13.12,11270.0,0.0,0.0,13102.65,0.0,0.0,0.0,0.0,200.0,161165.05,0.0,161165.05,4834.96,166000.0,"Net Wt: 13.120 Gm.@Rate 11,270.00/Gm.",,Sale,0,1,0
94975,1,N25104001499,102,104,440,101,109,111,2.83,0.0,2.83,155.0,0.0,0.0,2668.15,0.0,0.0,0.0,0.0,0.0,3106.8,0.0,3106.8,93.2,3200.0,Net Wt: 2.830 Gm.@Rate 155.00/Gm.,,Sale,0,1,0
94976,1,F25103003819,102,103,112,102,102,103,5.65,0.0,5.65,11300.0,0.0,0.0,5084.13,0.0,0.0,0.0,0.0,200.0,69129.13,0.0,69129.13,2073.88,71203.0,"Net Wt: 5.650 Gm.@Rate 11,300.00/Gm.",,Sale,0,1,0
94976,2,L25103004238,102,103,406,102,103,104,0.94,0.0,0.94,10000.0,0.0,0.0,794.17,0.0,0.0,0.0,0.0,0.0,10194.17,0.0,10194.17,305.82,10500.0,"Net Wt: 0.940 Gm.@Rate 10,000.00/Gm.",,Sale,0,1,0
94977,1,O23104001195,102,104,162,155,110,115,22.14,0.0,22.14,155.0,0.0,0.0,2684.8,0.0,0.0,0.0,0.0,0.0,6116.5,0.0,6116.5,183.5,6300.0,Net Wt: 22.140 Gm.@Rate 155.00/Gm.,,Sale,0,1,0
94978,1,H23103002836,102,103,101,102,102,103,9.37,0.0,9.37,11500.0,0.0,0.0,12148.04,0.0,0.0,0.0,0.0,0.0,119903.04,0.0,119903.04,3597.1,123500.13,"Net Wt: 9.370 Gm.@Rate 11,500.00/Gm.",,Sale,0,1,0
94978,2,I24103003347,102,103,235,102,102,103,3.35,0.0,3.35,11500.0,0.0,0.0,4678.43,0.0,0.0,0.0,0.0,0.0,43203.43,0.0,43203.43,1296.1,44499.53,"Net Wt: 3.350 Gm.@Rate 11,500.00/Gm.",,Sale,0,1,0
94978,3,O23104001024,102,104,119,121,110,115,73.12,0.0,73.12,160.0,20.0,0.0,7718.28,0.0,0.0,0.0,0.0,0.0,19417.48,0.0,19417.48,582.52,20000.0,Net Wt: 73.120 Gm.@Rate 160.00/Gm.,,Sale,0,1,0
94979,1,N25103004351,102,103,104,102,102,103,21.8,0.0,21.8,10290.0,0.0,0.0,18673.15,0.0,0.0,0.0,0.0,500.0,243495.15,0.0,243495.15,7304.86,250800.0,"Net Wt: 21.800 Gm.@Rate 10,290.00/Gm.",,Sale,0,1,0
95979,1,O23104001015,102,104,119,121,110,115,47.2,0.0,47.2,172.0,0.0,0.0,2755.39,0.0,0.0,0.0,0.0,0.0,10873.79,0.0,10873.79,326.22,11200.0,Net Wt: 47.200 Gm.@Rate 172.00/Gm.,,Sale,0,1,0
95980,1,F25103003807,102,103,235,102,102,103,1.68,0.0,1.68,11500.0,0.0,0.0,2233.0,0.0,0.0,0.0,0.0,0.0,21553.4,0.0,21553.4,646.6,22200.0,"Net Wt: 1.680 Gm.@Rate 11,500.00/Gm.",,Sale,0,1,0
95980,2,N25104001500,102,104,151,150,109,111,4.66,0.0,4.66,172.0,0.0,0.0,169.35,0.0,0.0,0.0,0.0,0.0,970.87,0.0,970.87,29.12,1000.0,Net Wt: 4.660 Gm.@Rate 172.00/Gm.,,Sale,0,1,0
95981,1,H25103004033,102,103,116,102,102,103,0.83,0.0,0.83,11500.0,0.0,0.0,934.61,0.0,0.0,0.0,0.0,200.0,10679.61,0.0,10679.61,320.38,11000.0,"Net Wt: 0.830 Gm.@Rate 11,500.00/Gm.",,Sale,0,1,0
95982,1,N25103004352,102,103,104,102,102,103,13.31,0.0,13.31,10500.0,0.0,0.0,11845.0,0.0,0.0,0.0,0.0,700.0,152300.0,0.0,152300.0,4569.0,156869.0,"Net Wt: 13.310 Gm.@Rate 10,500.00/Gm.",,Sale,0,1,0
95983,1,N25103004353,102,103,104,102,102,103,13.31,0.0,13.31,10500.0,0.0,0.0,11845.0,0.0,0.0,0.0,0.0,700.0,152300.0,0.0,152300.0,4569.0,156869.0,"Net Wt: 13.310 Gm.@Rate 10,500.00/Gm.",,Sale,0,1,0
95984,1,G25103003915,102,103,101,102,102,103,24.14,0.0,24.14,11860.0,0.0,0.0,21725.81,0.0,0.0,0.0,0.0,700.0,308726.21,0.0,308726.21,9261.78,317988.0,"Net Wt: 24.140 Gm.@Rate 11,860.00/Gm.",,Sale,0,1,0
95984,2,H25103004002,102,103,112,102,102,103,10.74,0.0,10.74,11860.0,0.0,0.0,9665.35,0.0,0.0,0.0,0.0,700.0,137741.75,0.0,137741.75,4132.26,141874.0,"Net Wt: 10.740 Gm.@Rate 11,860.00/Gm.",,Sale,0,1,0
95984,3,N25103004354,102,103,176,102,102,103,9.67,0.0,9.67,13350.0,0.0,0.0,6827.83,0.0,0.0,0.0,0.0,0.0,135922.33,0.0,135922.33,4077.66,140000.0,"Net Wt: 9.670 Gm.@Rate 13,350.00/Gm.",,Sale,0,1,0
95984,4,N25104001501,102,104,127,129,109,111,20.0,0.0,20.0,190.0,0.0,0.0,83.5,0.0,0.0,0.0,0.0,0.0,3883.5,0.0,3883.5,116.5,4000.0,Net Wt: 20.000 Gm.@Rate 190.00/Gm.,,Sale,0,1,0
96984,1,N25103004373,102,103,110,102,102,103,1.8,0.0,1.8,11900.0,0.0,0.0,880.97,0.0,0.0,0.0,0.0,1000.0,23300.97,0.0,23300.97,699.02,24000.0,"Net Wt: 1.800 Gm.@Rate 11,900.00/Gm.",,Sale,0,1,0
96984,2,H25103004014,102,103,327,102,102,103,7.96,0.0,7.96,11900.0,0.01,0.0,6717.75,0.0,0.0,0.0,0.0,500.0,101941.75,0.0,101941.75,3058.26,105000.0,"Net Wt: 7.960 Gm.@Rate 11,900.00/Gm.",,Sale,0,1,0
96984,3,M25103004300,102,103,102,102,102,103,4.15,0.0,4.15,11900.0,0.01,0.0,3513.06,0.0,0.0,0.0,0.0,500.0,53398.06,0.0,53398.06,1601.94,55000.0,"Net Wt: 4.150 Gm.@Rate 11,900.00/Gm.",,Sale,0,1,0
96984,4,L24103003511,102,103,115,102,103,104,1.35,0.0,1.35,10500.0,0.01,0.0,858.98,0.0,0.0,0.0,0.0,500.0,15533.98,0.0,15533.98,466.02,16000.0,"Net Wt: 1.350 Gm.@Rate 10,500.00/Gm.",,Sale,0,1,0
96984,5,N23103003034,102,103,444,102,103,104,2.55,0.0,2.55,10500.0,0.0,0.0,1851.21,0.0,0.0,0.0,0.0,500.0,29126.21,0.0,29126.21,873.78,30000.0,"Net Wt: 2.550 Gm.@Rate 10,500.00/Gm.",,Sale,0,1,0
96985,1,L24103003501,102,103,420,102,103,104,1.92,0.0,1.92,10000.0,0.0,0.0,217.48,0.0,0.0,0.0,0.0,0.0,19417.48,0.0,19417.48,582.52,20000.0,"Net Wt: 1.920 Gm.@Rate 10,000.00/Gm.",,Sale,0,1,0
97984,1,I25103004091,102,103,102,102,102,103,4.92,0.0,4.92,12100.0,0.0,0.0,4831.0,0.0,0.0,0.0,0.0,200.0,64563.11,0.0,64563.11,1936.9,66500.0,"Net Wt: 4.920 Gm.@Rate 12,100.00/Gm.",,Sale,0,1,0
97985,1,G25103003905,102,103,235,102,102,103,2.29,0.0,2.29,12000.0,0.0,0.0,2472.43,0.0,0.0,0.0,0.0,200.0,30152.43,0.0,30152.43,904.58,31057.0,"Net Wt: 2.290 Gm.@Rate 12,000.00/Gm.",,Sale,0,1,0
97985,2,J25103004142,102,103,235,102,102,103,1.92,0.0,1.92,12000.0,0.0,0.0,2073.59,0.0,0.0,0.0,0.0,200.0,25313.59,0.0,25313.59,759.4,26073.0,"Net Wt: 1.920 Gm.@Rate 12,000.00/Gm.",,Sale,0,1,0
103043,1,H25103004049,102,103,407,102,103,104,1.27,0.0,1.27,10500.0,0.0,0.0,736.84,0.0,0.0,0.0,0.0,200.0,14271.84,0.0,14271.84,428.16,14700.0,"Net Wt: 1.270 Gm.@Rate 10,500.00/Gm.",,Sale,0,1,0
103045,1,N25103004384,102,103,235,102,102,103,2.3,0.0,2.3,11500.0,0.0,0.0,2284.95,0.0,0.0,0.0,0.0,100.0,28834.95,0.0,28834.95,865.04,29700.0,"Net Wt: 2.300 Gm.@Rate 11,500.00/Gm.",,Sale,0,1,0
103045,2,O25103004483,102,103,235,102,102,103,1.69,0.0,1.69,11500.0,0.0,0.0,1688.3,0.0,0.0,0.0,0.0,100.0,21223.3,0.0,21223.3,636.7,21860.0,"Net Wt: 1.690 Gm.@Rate 11,500.00/Gm.",,Sale,0,1,0
98987,1,N25103004383,102,103,235,102,102,103,2.09,0.0,2.09,12000.0,0.0,0.0,1729.71,0.0,0.0,0.0,0.0,200.0,27009.71,0.0,27009.71,810.3,27820.0,"Net Wt: 2.090 Gm.@Rate 12,000.00/Gm.",,Sale,0,1,0
98987,2,N25103004382,102,103,235,102,102,103,4.22,0.0,4.22,12000.0,0.0,0.0,3493.98,0.0,0.0,0.0,0.0,200.0,54333.98,0.0,54333.98,1630.02,55964.0,"Net Wt: 4.220 Gm.@Rate 12,000.00/Gm.",,Sale,0,1,0
98987,3,M25103004320,102,103,407,102,103,104,1.51,0.0,1.51,10200.0,0.0,0.0,1249.46,0.0,0.0,0.0,0.0,200.0,16851.46,0.0,16851.46,505.54,17357.0,"Net Wt: 1.510 Gm.@Rate 10,200.00/Gm.",,Sale,0,1,0
98991,1,H25103004074,102,103,420,102,103,104,1.35,0.0,1.35,10500.0,0.0,0.0,1061.82,0.0,0.0,0.0,0.0,200.0,15436.82,0.0,15436.82,463.1,15899.92,"Net Wt: 1.350 Gm.@Rate 10,500.00/Gm.",,Sale,0,1,0
98991,2,N22103002337,102,103,103,102,102,129,1.3,0.0,1.3,10500.0,0.0,0.0,1101.15,0.0,0.0,0.0,0.0,200.0,14951.15,0.0,14951.15,448.54,15399.68,"Net Wt: 1.300 Gm.@Rate 10,500.00/Gm.",,Sale,0,1,0
98991,3,F25103003871,102,103,103,102,103,104,1.29,0.0,1.29,10500.0,0.0,0.0,1109.59,0.0,0.0,0.0,0.0,200.0,14854.59,0.0,14854.59,445.64,15300.23,"Net Wt: 1.290 Gm.@Rate 10,500.00/Gm.",,Sale,0,1,0
98991,4,F25103003845,102,103,420,102,103,104,1.56,0.0,1.56,10500.0,0.0,0.0,1284.51,0.0,0.0,0.0,0.0,200.0,17864.51,0.0,17864.51,535.94,18400.45,"Net Wt: 1.560 Gm.@Rate 10,500.00/Gm.",,Sale,0,1,0
98988,1,O24103003712,102,103,101,102,102,103,5.49,0.0,5.49,12000.0,0.0,0.0,6587.96,0.0,0.0,0.0,0.0,200.0,72667.96,0.0,72667.96,2180.04,74848.0,"Net Wt: 5.490 Gm.@Rate 12,000.00/Gm.",,Sale,0,1,0
98988,2,H23103002828,102,103,103,102,102,103,1.42,0.0,1.42,12000.0,0.0,0.0,1703.69,0.0,0.0,0.0,0.0,200.0,18943.69,0.0,18943.69,568.32,19512.0,"Net Wt: 1.420 Gm.@Rate 12,000.00/Gm.",,Sale,0,1,0
98988,3,N25104001502,102,104,127,129,109,111,15.0,0.0,15.0,200.0,0.0,0.0,883.5,0.0,0.0,0.0,0.0,0.0,3883.5,0.0,3883.5,116.5,4000.0,Net Wt: 15.000 Gm.@Rate 200.00/Gm.,,Sale,0,1,0
98989,1,G24103003268,102,103,406,102,102,129,0.95,0.0,0.95,10200.0,0.0,0.0,1177.96,0.0,0.0,0.0,0.0,200.0,11067.96,0.0,11067.96,332.04,11400.0,"Net Wt: 0.950 Gm.@Rate 10,200.00/Gm.",,Sale,0,1,0
98990,1,I24103003402,102,103,110,102,102,103,4.86,0.0,4.86,12000.0,0.0,0.0,2245.0,0.0,0.0,0.0,0.0,600.0,61165.05,0.0,61165.05,1834.96,63000.0,"Net Wt: 4.860 Gm.@Rate 12,000.00/Gm.",,Sale,0,1,0
98992,1,I22103002017,102,103,338,102,102,103,1.79,0.0,1.79,12000.0,0.0,0.0,1620.97,0.0,0.0,0.0,0.0,200.0,23300.97,0.0,23300.97,699.02,24000.0,"Net Wt: 1.790 Gm.@Rate 12,000.00/Gm.",,Sale,0,1,0
98993,1,N25103004339,102,103,102,102,102,103,3.0,0.0,3.0,12000.0,0.0,0.0,2483.5,0.0,0.0,0.0,0.0,200.0,38683.5,0.0,38683.5,1160.5,39844.01,"Net Wt: 3.000 Gm.@Rate 12,000.00/Gm.",,Sale,0,1,0
98994,1,L25103004228,102,103,112,102,102,103,8.13,0.0,8.13,12170.0,0.0,0.0,9887.0,0.0,0.0,0.0,0.0,200.0,109029.13,0.0,109029.13,3270.88,112300.0,"Net Wt: 8.130 Gm.@Rate 12,170.00/Gm.",,Sale,0,1,0
98994,2,H25103003954,102,103,114,102,102,103,6.02,0.0,6.02,12170.0,0.0,0.0,7313.3,0.0,0.0,0.0,0.0,200.0,80776.7,0.0,80776.7,2423.3,83200.0,"Net Wt: 6.020 Gm.@Rate 12,170.00/Gm.",,Sale,0,1,0
98994,3,F25103003841,102,103,420,102,103,104,1.33,0.0,1.33,10500.0,0.0,0.0,1368.98,0.0,0.0,0.0,0.0,200.0,15533.98,0.0,15533.98,466.02,16000.0,"Net Wt: 1.330 Gm.@Rate 10,500.00/Gm.",,Sale,0,1,0
98995,1,F25103003806,102,103,235,102,102,103,1.68,0.0,1.68,12000.0,0.0,0.0,2015.73,0.0,0.0,0.0,0.0,200.0,22375.73,0.0,22375.73,671.28,23047.0,"Net Wt: 1.680 Gm.@Rate 12,000.00/Gm.",,Sale,0,1,0
101011,1,H25103003981,102,103,102,102,102,103,5.31,0.0,5.31,11520.0,0.0,0.0,3677.34,0.0,0.0,0.0,0.0,200.0,65048.54,0.0,65048.54,1951.46,67000.0,"Net Wt: 5.310 Gm.@Rate 11,520.00/Gm.",,Sale,0,1,0
98997,1,N25104001503,102,104,127,129,109,111,5.0,0.0,5.0,200.0,0.0,0.0,-29.13,0.0,0.0,0.0,0.0,0.0,970.87,0.0,970.87,29.12,1000.0,Net Wt: 5.000 Gm.@Rate 200.00/Gm.,,Sale,0,1,0
98998,1,N25104001504,102,104,127,129,109,111,9.0,0.0,9.0,200.0,0.0,0.0,141.75,0.0,0.0,0.0,0.0,0.0,1941.75,0.0,1941.75,58.26,2000.0,Net Wt: 9.000 Gm.@Rate 200.00/Gm.,,Sale,0,1,0
98999,1,N25104001505,102,104,127,129,109,111,5.0,0.0,5.0,200.0,0.0,0.0,67.96,0.0,0.0,0.0,0.0,0.0,1067.96,0.0,1067.96,32.04,1100.0,Net Wt: 5.000 Gm.@Rate 200.00/Gm.,,Sale,0,1,0
99000,1,N25104001506,102,104,127,129,109,111,9.0,0.0,9.0,200.0,0.0,0.0,141.75,0.0,0.0,0.0,0.0,0.0,1941.75,0.0,1941.75,58.26,2000.0,Net Wt: 9.000 Gm.@Rate 200.00/Gm.,,Sale,0,1,0
99991,1,J25103004127,102,103,102,102,102,103,1.83,0.0,1.83,12170.0,0.0,0.0,2000.74,0.0,0.0,0.0,0.0,0.0,24271.84,0.0,24271.84,728.16,25000.0,"Net Wt: 1.830 Gm.@Rate 12,170.00/Gm.",,Sale,0,1,0
99991,2,N25104001507,102,104,119,121,109,111,16.06,0.0,16.06,175.0,0.0,0.0,393.38,0.0,0.0,0.0,0.0,0.0,3203.88,0.0,3203.88,96.12,3300.0,Net Wt: 16.060 Gm.@Rate 175.00/Gm.,,Sale,0,1,0
99992,1,N25104001508,102,104,127,129,109,111,10.0,0.0,10.0,203.0,0.0,0.0,154.47,0.0,0.0,0.0,0.0,0.0,2184.47,0.0,2184.47,65.54,2250.0,Net Wt: 10.000 Gm.@Rate 203.00/Gm.,,Sale,0,1,0
100992,1,M25103004285,102,103,107,102,102,103,2.3,0.0,2.3,11500.0,0.0,0.0,3162.0,0.0,0.0,0.0,0.0,9300.0,38912.0,0.0,38912.0,1167.36,40079.36,"Net Wt: 2.300 Gm.@Rate 11,500.00/Gm.",,Sale,0,1,0
100993,1,G25103003919,102,103,101,102,102,103,22.48,0.0,22.48,12100.0,0.0,0.0,16141.51,0.0,0.0,0.0,0.0,200.0,288349.51,0.0,288349.51,8650.48,297000.0,"Net Wt: 22.480 Gm.@Rate 12,100.00/Gm.",,Sale,0,1,0
100994,1,N25104001509,102,104,151,150,109,111,3.34,0.0,3.34,200.0,0.0,0.0,157.24,0.0,0.0,0.0,0.0,0.0,825.24,0.0,825.24,24.76,850.0,Net Wt: 3.340 Gm.@Rate 200.00/Gm.,,Sale,0,1,0
100995,1,N25104001510,102,104,127,129,109,111,5.0,0.0,5.0,200.0,0.0,0.0,165.05,0.0,0.0,0.0,0.0,0.0,1165.05,0.0,1165.05,34.96,1200.0,Net Wt: 5.000 Gm.@Rate 200.00/Gm.,,Sale,0,1,0
100996,1,N25104001511,102,104,127,129,109,111,5.0,0.0,5.0,200.0,0.0,0.0,165.05,0.0,0.0,0.0,0.0,0.0,1165.05,0.0,1165.05,34.96,1200.0,Net Wt: 5.000 Gm.@Rate 200.00/Gm.,,Sale,0,1,0
100997,1,N25104001512,102,104,151,150,109,111,5.2,0.0,5.2,200.0,0.0,0.0,125.05,0.0,0.0,0.0,0.0,0.0,1165.05,0.0,1165.05,34.96,1200.0,Net Wt: 5.200 Gm.@Rate 200.00/Gm.,,Sale,0,1,0
100998,1,N25104001513,102,104,127,129,109,111,10.0,0.0,10.0,200.0,0.0,0.0,38.83,0.0,0.0,0.0,0.0,0.0,2038.83,0.0,2038.83,61.16,2100.0,Net Wt: 10.000 Gm.@Rate 200.00/Gm.,,Sale,0,1,0
100999,1,N25104001514,102,104,119,121,109,111,40.79,0.0,40.79,200.0,0.0,0.0,1065.3,0.0,0.0,0.0,0.0,0.0,9223.3,0.0,9223.3,276.7,9500.0,Net Wt: 40.790 Gm.@Rate 200.00/Gm.,,Sale,0,1,0
101000,1,N25104001515,102,104,151,150,109,111,8.5,0.0,8.5,200.0,0.0,0.0,241.75,0.0,0.0,0.0,0.0,0.0,1941.75,0.0,1941.75,58.26,2000.0,Net Wt: 8.500 Gm.@Rate 200.00/Gm.,,Sale,0,1,0
101001,1,N25104001516,102,104,151,150,109,111,7.02,0.0,7.02,200.0,0.0,0.0,52.31,0.0,0.0,0.0,0.0,0.0,1456.31,0.0,1456.31,43.68,1500.0,Net Wt: 7.020 Gm.@Rate 200.00/Gm.,,Sale,0,1,0
101001,2,N25104001517,102,104,127,129,109,111,10.0,0.0,10.0,200.0,0.0,0.0,38.83,0.0,0.0,0.0,0.0,0.0,2038.83,0.0,2038.83,61.16,2100.0,Net Wt: 10.000 Gm.@Rate 200.00/Gm.,,Sale,0,1,0
101002,1,N25104001518,102,104,151,150,109,111,3.57,0.0,3.57,200.0,0.0,0.0,62.7,0.0,0.0,0.0,0.0,0.0,776.7,0.0,776.7,23.3,800.0,Net Wt: 3.570 Gm.@Rate 200.00/Gm.,,Sale,0,1,0
101003,1,N25104001519,102,104,151,150,109,111,4.26,0.0,4.26,200.0,0.0,0.0,118.87,0.0,0.0,0.0,0.0,0.0,970.87,0.0,970.87,29.12,1000.0,Net Wt: 4.260 Gm.@Rate 200.00/Gm.,,Sale,0,1,0
101004,1,N25104001520,102,104,127,129,109,111,10.0,0.0,10.0,194.0,0.0,0.0,1.75,0.0,0.0,0.0,0.0,0.0,1941.75,0.0,1941.75,58.26,2000.0,Net Wt: 10.000 Gm.@Rate 194.00/Gm.,,Sale,0,1,0
101005,1,N25104001521,102,104,119,121,109,111,71.86,0.0,71.86,200.0,0.0,0.0,3492.08,0.0,0.0,0.0,0.0,0.0,17864.08,0.0,17864.08,535.92,18400.0,Net Wt: 71.860 Gm.@Rate 200.00/Gm.,,Sale,0,1,0
101005,2,N25103004434,102,103,115,102,102,103,0.55,0.0,0.55,12000.0,0.0,0.0,681.55,0.0,0.0,0.0,0.0,0.0,7281.55,0.0,7281.55,218.44,7500.0,"Net Wt: 0.550 Gm.@Rate 12,000.00/Gm.",,Sale,0,1,0
101006,1,N25104001522,102,104,151,150,109,111,3.0,0.0,3.0,200.0,0.0,0.0,2021.36,0.0,0.0,0.0,0.0,0.0,2621.36,0.0,2621.36,78.64,2700.0,Net Wt: 3.000 Gm.@Rate 200.00/Gm.,,Sale,0,1,0
101007,1,N25104001523,102,104,127,129,109,111,5.0,0.0,5.0,200.0,0.0,0.0,165.05,0.0,0.0,0.0,0.0,0.0,1165.05,0.0,1165.05,34.96,1200.0,Net Wt: 5.000 Gm.@Rate 200.00/Gm.,,Sale,0,1,0
101008,1,N25104001524,102,104,127,129,109,111,10.0,0.0,10.0,180.0,0.0,0.0,44.66,0.0,0.0,0.0,0.0,0.0,1844.66,0.0,1844.66,55.34,1900.0,Net Wt: 10.000 Gm.@Rate 180.00/Gm.,,Sale,0,1,0
101009,1,N25104001525,102,104,353,102,109,111,7.0,0.0,7.0,200.0,0.0,0.0,755.34,0.0,0.0,0.0,0.0,0.0,2155.34,0.0,2155.34,64.66,2220.0,Net Wt: 7.000 Gm.@Rate 200.00/Gm.,,Sale,0,1,0
101010,1,N25103004342,102,103,102,102,102,103,3.51,0.0,3.51,11500.0,0.0,0.0,2838.88,0.0,0.0,0.0,0.0,0.0,43203.88,0.0,43203.88,1296.12,44500.0,"Net Wt: 3.510 Gm.@Rate 11,500.00/Gm.",,Sale,0,1,0
98996,1,O23104000971,102,104,119,121,110,115,85.3,0.0,85.3,205.0,2.0,0.0,4212.53,0.0,0.0,0.0,0.0,0.0,21699.03,0.0,21699.03,650.98,22350.0,Net Wt: 85.300 Gm.@Rate 205.00/Gm.,,Sale,0,1,0
101012,1,H25103003966,102,103,331,102,102,103,4.19,0.0,4.19,11520.0,0.0,0.0,2987.51,0.0,0.0,0.0,0.0,200.0,51456.31,0.0,51456.31,1543.68,53000.0,"Net Wt: 4.190 Gm.@Rate 11,520.00/Gm.",,Sale,0,1,0
101014,1,M25103004260,102,103,235,102,102,103,3.16,0.0,3.16,11517.0,0.0,0.0,3212.11,0.0,0.0,0.0,0.0,200.0,39805.83,0.0,39805.83,1194.18,41000.0,"Net Wt: 3.160 Gm.@Rate 11,517.00/Gm.",,Sale,0,1,0
101015,1,M25103004304,102,103,114,102,102,103,18.4,0.0,18.4,11570.0,0.36,0.0,16909.26,0.0,0.0,0.0,0.0,300.0,230097.26,0.0,230097.26,6902.92,237000.18,"Net Wt: 18.400 Gm.@Rate 11,570.00/Gm.",,Sale,0,1,0
101015,2,N25103004343,102,103,331,102,102,103,3.88,0.0,3.88,11570.0,0.0,0.0,3352.56,0.0,0.0,0.0,0.0,300.0,48544.16,0.0,48544.16,1456.32,50000.48,"Net Wt: 3.880 Gm.@Rate 11,570.00/Gm.",,Sale,0,1,0
102014,1,N25103004385,102,103,235,102,102,103,6.15,0.0,6.15,11390.0,1.16,0.0,7713.0,0.0,0.0,0.0,0.0,200.0,77961.17,0.0,77961.17,2338.84,80300.01,"Net Wt: 6.150 Gm.@Rate 11,390.00/Gm.",,Sale,0,1,0
102014,2,N25104001526,102,104,120,122,109,111,27.4,0.0,27.4,160.0,0.0,0.0,664.54,0.0,0.0,0.0,0.0,0.0,5048.54,0.0,5048.54,151.46,5200.0,Net Wt: 27.400 Gm.@Rate 160.00/Gm.,,Sale,0,1,0
102015,1,K24103003459,102,103,116,102,102,103,0.87,0.0,0.87,11000.0,0.0,0.0,909.61,0.0,0.0,0.0,0.0,200.0,10679.61,0.0,10679.61,320.38,11000.0,"Net Wt: 0.870 Gm.@Rate 11,000.00/Gm.",,Sale,0,1,0
102016,1,N25103004437,102,103,112,102,102,103,10.86,0.0,10.86,11300.0,0.0,0.0,8150.0,0.0,0.0,0.0,0.0,200.0,131067.96,0.0,131067.96,3932.04,135000.0,"Net Wt: 10.860 Gm.@Rate 11,300.00/Gm.",,Sale,0,1,0
102017,1,G25103003928,102,103,102,102,102,103,4.08,0.0,4.08,11180.0,0.0,0.0,4428.32,0.0,0.0,0.0,0.0,200.0,50242.72,0.0,50242.72,1507.28,51750.0,"Net Wt: 4.080 Gm.@Rate 11,180.00/Gm.",,Sale,0,1,0
102017,2,K24103003462,102,103,110,102,102,103,5.02,0.0,5.02,11180.0,0.0,0.0,5269.6,0.0,0.0,0.0,0.0,500.0,61893.2,0.0,61893.2,1856.8,63750.0,"Net Wt: 5.020 Gm.@Rate 11,180.00/Gm.",,Sale,0,1,0
102017,3,N25103004438,102,103,115,102,102,103,0.52,0.0,0.52,11180.0,0.0,0.0,497.08,0.0,0.0,0.0,0.0,0.0,6310.68,0.0,6310.68,189.32,6500.0,"Net Wt: 0.520 Gm.@Rate 11,180.00/Gm.",,Sale,0,1,0
102025,1,O25103004454,102,103,101,102,102,103,16.57,0.0,16.57,11000.0,0.0,0.0,14913.0,0.0,0.0,0.0,0.0,200.0,197382.52,0.0,197382.52,5921.48,203304.0,"Net Wt: 16.570 Gm.@Rate 11,000.00/Gm.",,Sale,0,1,0
102025,2,O25103004458,102,103,101,102,102,103,16.87,0.0,16.87,11000.0,0.0,0.0,15182.43,0.0,0.0,0.0,0.0,200.0,200952.43,0.0,200952.43,6028.58,206981.0,"Net Wt: 16.870 Gm.@Rate 11,000.00/Gm.",,Sale,0,1,0
102026,1,K25103004183,102,103,110,102,102,103,7.02,0.0,7.02,11130.0,0.0,0.0,6310.12,0.0,0.0,0.0,0.0,800.0,85242.72,0.0,85242.72,2557.28,87800.0,"Net Wt: 7.020 Gm.@Rate 11,130.00/Gm.",,Sale,0,1,0
102026,2,H25103004052,102,103,407,102,103,104,0.84,0.0,0.84,10800.0,0.0,0.0,1116.35,0.0,0.0,0.0,0.0,200.0,10388.35,0.0,10388.35,311.66,10700.0,"Net Wt: 0.840 Gm.@Rate 10,800.00/Gm.",,Sale,0,1,0
102020,1,O25104001528,102,104,119,121,109,111,48.77,0.0,48.77,165.0,0.0,0.0,1176.25,0.0,0.0,0.0,0.0,0.0,9223.3,0.0,9223.3,276.7,9500.0,Net Wt: 48.770 Gm.@Rate 165.00/Gm.,,Sale,0,1,0
102021,1,O25104001529,102,104,351,102,109,111,44.68,0.0,44.68,210.0,0.0,0.0,2267.69,0.0,0.0,0.0,0.0,0.0,11650.49,0.0,11650.49,349.52,12000.0,Net Wt: 44.680 Gm.@Rate 210.00/Gm.,,Sale,0,1,0
102021,2,O25104001530,102,104,351,102,109,111,10.05,0.0,10.05,210.0,0.0,0.0,734.16,0.0,0.0,0.0,0.0,0.0,2844.66,0.0,2844.66,85.34,2930.0,Net Wt: 10.050 Gm.@Rate 210.00/Gm.,,Sale,0,1,0
102021,3,O25104001531,102,104,127,129,109,111,10.0,0.0,10.0,210.0,0.0,0.0,249.51,0.0,0.0,0.0,0.0,0.0,2349.51,0.0,2349.51,70.48,2420.0,Net Wt: 10.000 Gm.@Rate 210.00/Gm.,,Sale,0,1,0
102021,4,O25104001532,102,104,129,131,109,111,3.68,0.0,3.68,210.0,0.0,0.0,1654.38,0.0,0.0,0.0,0.0,0.0,2427.18,0.0,2427.18,72.82,2500.0,Net Wt: 3.680 Gm.@Rate 210.00/Gm.,,Sale,0,1,0
102022,1,O25103004443,102,103,110,102,102,103,1.57,0.0,1.57,11000.0,0.0,0.0,1497.48,0.0,0.0,0.0,0.0,650.0,19417.48,0.0,19417.48,582.52,20000.0,"Net Wt: 1.570 Gm.@Rate 11,000.00/Gm.",,Sale,0,1,0
102022,2,F25103003814,102,103,102,102,102,103,1.84,0.0,1.84,11000.0,0.0,0.0,1890.0,0.0,0.0,0.0,0.0,200.0,22330.1,0.0,22330.1,669.9,23000.0,"Net Wt: 1.840 Gm.@Rate 11,000.00/Gm.",,Sale,0,1,0
102023,1,O21103001782,102,103,116,102,102,103,3.05,0.0,3.05,11290.0,0.0,0.0,3621.0,0.0,0.0,0.0,0.0,100.0,38155.34,0.0,38155.34,1144.66,39300.0,"Net Wt: 3.050 Gm.@Rate 11,290.00/Gm.",,Sale,0,1,0
102019,1,H25103004059,102,103,420,102,103,104,2.45,0.0,2.45,9700.0,0.0,0.0,1963.38,0.0,0.0,0.0,0.0,0.0,25728.38,0.0,25728.38,771.86,26500.23,"Net Wt: 2.450 Gm.@Rate 9,700.00/Gm.",,Sale,0,1,0
102018,1,N25103004328,102,103,101,102,102,103,11.97,0.0,11.97,11300.0,0.0,0.0,14877.83,0.0,0.0,0.0,0.0,200.0,150338.83,0.0,150338.83,4510.16,154848.99,"Net Wt: 11.970 Gm.@Rate 11,300.00/Gm.",,Sale,0,1,0
102018,2,G25103003908,102,103,235,102,102,103,2.37,0.0,2.37,11300.0,0.0,0.0,2945.21,0.0,0.0,0.0,0.0,200.0,29926.21,0.0,29926.21,897.78,30824.0,"Net Wt: 2.370 Gm.@Rate 11,300.00/Gm.",,Sale,0,1,0
102018,3,N25104001527,102,104,351,102,109,111,23.8,0.0,23.8,160.0,0.0,0.0,949.28,0.0,0.0,0.0,0.0,0.0,4757.28,0.0,4757.28,142.72,4900.0,Net Wt: 23.800 Gm.@Rate 160.00/Gm.,,Sale,0,1,0
102024,1,G25103003906,102,103,235,102,102,103,1.81,0.0,1.81,11250.0,0.0,0.0,2253.03,0.0,0.0,0.0,0.0,200.0,22815.53,0.0,22815.53,684.46,23500.0,"Net Wt: 1.810 Gm.@Rate 11,250.00/Gm.",,Sale,0,1,0
102027,1,N22103002331,102,103,103,102,102,129,1.55,0.0,1.55,9900.0,0.0,0.0,1830.73,0.0,0.0,0.0,0.0,300.0,17475.73,0.0,17475.73,524.28,18000.0,"Net Wt: 1.550 Gm.@Rate 9,900.00/Gm.",,Sale,0,1,0
102028,1,O25103004448,102,103,235,102,102,103,4.27,0.0,4.27,11000.0,0.0,0.0,4486.31,0.0,0.0,0.0,0.0,0.0,51456.31,0.0,51456.31,1543.68,53000.0,"Net Wt: 4.270 Gm.@Rate 11,000.00/Gm.",,Sale,0,1,0
102028,2,H25103004059,102,103,420,102,103,104,2.45,0.0,2.45,9700.0,0.0,0.0,1963.16,0.0,0.0,0.0,0.0,0.0,25728.16,0.0,25728.16,771.84,26500.0,"Net Wt: 2.450 Gm.@Rate 9,700.00/Gm.",,Return,0,1,0
102031,1,H25103003948,102,103,112,102,102,103,14.05,0.0,14.05,11500.0,0.0,0.0,12496.84,0.0,0.0,0.0,0.0,200.0,174271.84,0.0,174271.84,5228.16,179500.0,"Net Wt: 14.050 Gm.@Rate 11,500.00/Gm.",,Sale,0,1,0
102032,1,O22103002436,102,103,118,102,102,103,4.64,0.0,4.64,11200.0,0.0,0.0,5210.64,0.0,0.0,0.0,0.0,200.0,57378.64,0.0,57378.64,1721.36,59100.0,"Net Wt: 4.640 Gm.@Rate 11,200.00/Gm.",,Sale,0,1,0
102032,2,O25103004449,102,103,235,102,102,103,3.81,0.0,3.81,11200.0,0.0,0.0,4263.92,0.0,0.0,0.0,0.0,200.0,47135.92,0.0,47135.92,1414.08,48550.0,"Net Wt: 3.810 Gm.@Rate 11,200.00/Gm.",,Sale,0,1,0
102033,1,N24103003644,102,103,241,102,102,103,4.82,0.0,4.82,11900.0,0.0,0.0,4578.0,0.0,0.0,0.0,0.0,200.0,62135.52,0.0,62135.52,1864.06,63999.59,"Net Wt: 4.820 Gm.@Rate 11,900.00/Gm.",,Sale,0,1,0
102033,2,O25103004466,102,103,116,102,102,103,4.24,0.0,4.24,11900.0,0.0,0.0,3712.93,0.0,0.0,0.0,0.0,200.0,54368.93,0.0,54368.93,1631.06,56000.0,"Net Wt: 4.240 Gm.@Rate 11,900.00/Gm.",,Sale,0,1,0
102034,1,O25104001533,102,104,119,121,109,111,28.08,0.0,28.08,160.0,0.0,0.0,1235.36,0.0,0.0,0.0,0.0,0.0,5728.16,0.0,5728.16,171.84,5900.0,Net Wt: 28.080 Gm.@Rate 160.00/Gm.,,Sale,0,1,0
102035,1,O25103004529,102,103,235,102,102,103,3.3,0.0,3.3,11500.0,0.0,0.0,3797.57,0.0,0.0,0.0,0.0,0.0,41747.57,0.0,41747.57,1252.42,43000.0,"Net Wt: 3.300 Gm.@Rate 11,500.00/Gm.",,Sale,0,1,0
102036,1,O25103004530,102,103,241,102,102,103,30.31,0.0,30.31,11700.0,0.0,0.0,32751.64,0.0,0.0,0.0,0.0,0.0,387378.64,200.0,387378.64,11621.36,399000.0,"Net Wt: 30.310 Gm.@Rate 11,700.00/Gm.",,Sale,0,1,0
102037,1,O25103004440,102,103,110,102,102,103,1.64,0.0,1.64,11470.0,0.0,0.0,1742.6,0.0,0.0,0.0,0.0,1000.0,21553.4,0.0,21553.4,646.6,22200.0,"Net Wt: 1.640 Gm.@Rate 11,470.00/Gm.",,Sale,0,1,0
102038,1,N25103004393,102,103,102,102,102,103,2.66,0.0,2.66,11450.0,0.0,0.0,3129.0,0.0,0.0,0.0,0.0,200.0,33786.41,0.0,33786.41,1013.6,34800.0,"Net Wt: 2.660 Gm.@Rate 11,450.00/Gm.",,Sale,0,1,0
102039,1,K25103004177,102,103,110,102,102,103,1.64,0.0,1.64,11450.0,0.0,0.0,2164.0,0.0,0.0,0.0,0.0,1000.0,21941.75,0.0,21941.75,658.26,22600.0,"Net Wt: 1.640 Gm.@Rate 11,450.00/Gm.",,Sale,0,1,0
103037,1,N25103004390,102,103,235,102,102,103,1.95,0.0,1.95,11700.0,0.0,0.0,1736.46,0.0,0.0,0.0,0.0,400.0,24951.46,0.0,24951.46,748.54,25700.0,"Net Wt: 1.950 Gm.@Rate 11,700.00/Gm.",,Sale,0,1,0
103038,1,O25103004498,102,103,235,102,102,103,2.05,0.0,2.05,11700.0,0.0,0.0,2071.31,0.0,0.0,0.0,0.0,400.0,26456.31,0.0,26456.31,793.68,27250.0,"Net Wt: 2.050 Gm.@Rate 11,700.00/Gm.",,Sale,0,1,0
103040,1,H25103004001,102,103,112,102,102,103,14.6,0.0,14.6,11700.0,0.0,0.0,18785.83,0.0,0.0,0.0,0.0,200.0,189805.83,0.0,189805.83,5694.18,195500.0,"Net Wt: 14.600 Gm.@Rate 11,700.00/Gm.",,Sale,0,1,0
103040,2,O25103004531,102,103,104,102,102,103,35.25,0.0,35.25,11700.0,0.0,0.0,45367.86,0.0,0.0,0.0,0.0,945.0,458737.86,0.0,458737.86,13762.14,472500.0,"Net Wt: 35.250 Gm.@Rate 11,700.00/Gm.",,Sale,0,1,0
103041,1,N25103004401,102,103,102,102,102,103,2.82,0.0,2.82,11690.0,0.0,0.0,3630.0,0.0,0.0,0.0,0.0,200.0,36796.12,0.0,36796.12,1103.88,37900.0,"Net Wt: 2.820 Gm.@Rate 11,690.00/Gm.",,Sale,0,1,0
98986,1,L25103004229,102,103,112,102,102,103,9.11,0.0,9.11,12000.0,0.0,0.0,7761.41,0.0,0.0,0.0,0.0,200.0,117281.41,0.0,117281.41,3518.44,120799.85,"Net Wt: 9.110 Gm.@Rate 12,000.00/Gm.",,Sale,0,1,0
98985,1,H25103003941,102,103,112,102,102,103,9.69,0.0,9.69,12000.0,0.0,0.0,8374.0,0.0,0.0,0.0,0.0,200.0,124854.46,0.0,124854.46,3745.64,128600.09,"Net Wt: 9.690 Gm.@Rate 12,000.00/Gm.",,Sale,0,1,0
98985,2,H25103004030,102,103,116,102,102,103,6.87,0.0,6.87,12000.0,0.0,0.0,5903.34,0.0,0.0,0.0,0.0,200.0,88543.34,0.0,88543.34,2656.3,91199.64,"Net Wt: 6.870 Gm.@Rate 12,000.00/Gm.",,Sale,0,1,0
103042,1,O25103004532,102,103,113,102,102,103,9.84,0.0,9.84,7500.0,0.0,0.0,5811.65,0.0,0.0,0.0,0.0,0.0,79611.65,0.0,79611.65,2388.34,82000.0,"Net Wt: 9.840 Gm.@Rate 7,500.00/Gm.",,Sale,0,1,0
103046,1,M25103004259,102,103,235,102,102,103,8.23,0.0,8.23,11500.0,0.0,0.0,8229.76,0.0,0.0,0.0,0.0,100.0,102974.76,0.0,102974.76,3089.24,106064.0,"Net Wt: 8.230 Gm.@Rate 11,500.00/Gm.",,Sale,0,1,0
103046,2,J25103004134,102,103,235,102,102,103,1.73,0.0,1.73,11500.0,0.0,0.0,1729.27,0.0,0.0,0.0,0.0,100.0,21724.27,0.0,21724.27,651.72,22376.0,"Net Wt: 1.730 Gm.@Rate 11,500.00/Gm.",,Sale,0,1,0
103047,1,J25103004126,102,103,102,102,102,103,1.63,0.0,1.63,11500.0,0.0,0.0,1640.44,0.0,0.0,0.0,0.0,100.0,20485.44,0.0,20485.44,614.56,21100.0,"Net Wt: 1.630 Gm.@Rate 11,500.00/Gm.",,Sale,0,1,0
103047,2,H25103003940,102,103,112,102,102,103,9.95,0.0,9.95,11500.0,0.0,0.0,9949.76,0.0,0.0,0.0,0.0,100.0,124474.76,0.0,124474.76,3734.24,128209.0,"Net Wt: 9.950 Gm.@Rate 11,500.00/Gm.",,Sale,0,1,0
103048,1,H25103003978,102,103,331,102,102,103,1.17,0.0,1.17,11500.0,0.0,0.0,1169.27,0.0,0.0,0.0,0.0,100.0,14724.27,0.0,14724.27,441.72,15166.0,"Net Wt: 1.170 Gm.@Rate 11,500.00/Gm.",,Sale,0,1,0
103048,2,P22103002452,102,103,235,102,102,103,3.59,0.0,3.59,11500.0,0.0,0.0,3585.87,0.0,0.0,0.0,0.0,100.0,44970.87,0.0,44970.87,1349.12,46320.0,"Net Wt: 3.590 Gm.@Rate 11,500.00/Gm.",,Sale,0,1,0
103048,3,H23103002843,102,103,331,102,102,103,2.05,0.0,2.05,11500.0,0.0,0.0,2053.16,0.0,0.0,0.0,0.0,100.0,25728.16,0.0,25728.16,771.84,26500.0,"Net Wt: 2.050 Gm.@Rate 11,500.00/Gm.",,Sale,0,1,0
103048,4,H23103002680,102,103,235,102,102,103,4.08,0.0,4.08,11500.0,0.0,0.0,4080.0,0.0,0.0,0.0,0.0,100.0,51100.0,0.0,51100.0,1533.0,52633.0,"Net Wt: 4.080 Gm.@Rate 11,500.00/Gm.",,Sale,0,1,0
103049,1,O25104001534,102,104,151,150,109,111,5.0,0.0,5.0,150.0,0.0,0.0,26.7,0.0,0.0,0.0,0.0,0.0,776.7,0.0,776.7,23.3,800.0,Net Wt: 5.000 Gm.@Rate 150.00/Gm.,,Sale,0,1,0
103050,1,O25104001535,102,104,149,149,109,111,41.0,0.0,41.0,170.0,0.0,0.0,2738.74,0.0,0.0,0.0,0.0,0.0,9708.74,0.0,9708.74,291.26,10000.0,Net Wt: 41.000 Gm.@Rate 170.00/Gm.,,Sale,0,1,0
103051,1,O25104001536,102,104,119,121,109,111,12.36,0.0,12.36,170.0,0.0,0.0,471.62,0.0,0.0,0.0,0.0,0.0,2572.82,0.0,2572.82,77.18,2650.0,Net Wt: 12.360 Gm.@Rate 170.00/Gm.,,Sale,0,1,0
103052,1,O25104001537,102,104,149,149,109,111,5.0,0.0,5.0,170.0,0.0,0.0,217.96,0.0,0.0,0.0,0.0,0.0,1067.96,0.0,1067.96,32.04,1100.0,Net Wt: 5.000 Gm.@Rate 170.00/Gm.,,Sale,0,1,0
103053,1,O25103004533,102,103,113,102,102,103,3.14,0.0,3.14,11800.0,0.0,0.0,4404.31,0.0,0.0,0.0,0.0,0.0,41456.31,0.0,41456.31,1243.68,42700.0,"Net Wt: 3.140 Gm.@Rate 11,800.00/Gm.",,Sale,0,1,0
103054,1,J22103002184,102,103,235,102,102,103,4.05,0.0,4.05,11800.0,0.0,0.0,6184.76,0.0,0.0,0.0,0.0,200.0,54174.76,0.0,54174.76,1625.24,55800.0,"Net Wt: 4.050 Gm.@Rate 11,800.00/Gm.",,Sale,0,1,0
103055,1,N24103003604,102,103,420,102,103,104,1.59,0.0,1.59,10800.0,0.0,0.0,2045.48,0.0,0.0,0.0,0.0,200.0,19417.48,0.0,19417.48,582.52,20000.0,"Net Wt: 1.590 Gm.@Rate 10,800.00/Gm.",,Sale,0,1,0
103056,1,O25103004534,102,103,102,102,102,103,1.05,0.0,1.05,10900.0,0.0,0.0,1564.71,0.0,0.0,0.0,0.0,0.0,13009.71,0.0,13009.71,390.3,13400.0,"Net Wt: 1.050 Gm.@Rate 10,900.00/Gm.",,Sale,0,1,0
103056,2,O25103004535,102,103,169,102,102,103,0.18,0.0,0.18,10900.0,0.0,0.0,271.01,0.0,0.0,0.0,0.0,0.0,2233.01,0.0,2233.01,67.0,2300.0,"Net Wt: 0.180 Gm.@Rate 10,900.00/Gm.",,Sale,0,1,0
103057,1,F25103003874,102,103,103,102,103,104,1.2,0.0,1.2,10900.0,0.0,0.0,1477.28,0.0,0.0,0.0,0.0,200.0,14757.28,0.0,14757.28,442.72,15200.0,"Net Wt: 1.200 Gm.@Rate 10,900.00/Gm.",,Sale,0,1,0
103058,1,F25103003835,102,103,420,102,103,104,1.98,0.0,1.98,11000.0,0.0,0.0,2583.39,0.0,0.0,0.0,0.0,200.0,24563.39,0.0,24563.39,736.9,25300.29,"Net Wt: 1.980 Gm.@Rate 11,000.00/Gm.",,Sale,0,1,0
103059,1,P25104001538,102,104,289,102,109,111,11.0,0.0,11.0,165.0,0.0,0.0,903.45,0.0,0.0,0.0,0.0,0.0,2718.45,0.0,2718.45,81.56,2800.0,Net Wt: 11.000 Gm.@Rate 165.00/Gm.,,Sale,0,1,0
103060,1,P24103003729,102,103,235,102,102,103,0.83,0.0,0.83,11970.0,0.0,0.0,993.06,0.0,0.0,0.0,0.0,200.0,11128.16,0.0,11128.16,333.84,11462.0,"Net Wt: 0.830 Gm.@Rate 11,970.00/Gm.",,Sale,0,1,0
103060,2,O25103004452,102,103,235,102,102,103,2.22,0.0,2.22,11970.0,0.0,0.0,2875.03,0.0,0.0,0.0,0.0,200.0,29648.43,0.0,29648.43,889.46,30537.88,"Net Wt: 2.220 Gm.@Rate 11,970.00/Gm.",,Sale,0,1,0
103061,1,P25104001539,102,104,151,150,109,111,7.0,0.0,7.0,185.0,0.0,0.0,258.4,0.0,0.0,0.0,0.0,0.0,1553.4,0.0,1553.4,46.6,1600.0,Net Wt: 7.000 Gm.@Rate 185.00/Gm.,,Sale,0,1,0
103062,1,O25103004476,102,103,112,102,102,103,8.1,0.0,8.1,11970.0,0.0,0.0,7697.37,0.0,0.0,0.0,0.0,200.0,104854.37,0.0,104854.37,3145.64,108000.0,"Net Wt: 8.100 Gm.@Rate 11,970.00/Gm.",,Sale,0,1,0
103063,1,O25103004446,102,103,331,102,102,103,2.97,0.0,2.97,11900.0,0.0,0.0,4262.83,0.0,0.0,0.0,0.0,200.0,39805.83,0.0,39805.83,1194.18,41000.0,"Net Wt: 2.970 Gm.@Rate 11,900.00/Gm.",,Sale,0,1,0
103064,1,P24103003740,102,103,235,102,102,103,2.55,0.0,2.55,12300.0,0.0,0.0,2801.0,0.0,0.0,0.0,0.0,300.0,34466.02,0.0,34466.02,1033.98,35500.0,"Net Wt: 2.550 Gm.@Rate 12,300.00/Gm.",,Sale,0,1,0
103065,1,P25103004536,102,103,176,102,101,102,8.23,0.0,8.23,12550.0,0.0,0.0,1567.87,0.0,0.0,0.0,0.0,0.0,104854.37,0.0,104854.37,3145.64,108000.0,"Net Wt: 8.230 Gm.@Rate 12,550.00/Gm.",,Sale,0,1,0
103066,1,P25103004537,102,103,331,102,102,103,3.89,0.0,3.89,12300.0,0.0,0.0,2809.31,0.0,0.0,0.0,600.0,200.0,51456.31,0.0,51456.31,1543.68,53000.0,"Net Wt: 3.890 Gm.@Rate 12,300.00/Gm./Stn Amount: 600.00",,Sale,0,1,0
103067,1,O25103004482,102,103,235,102,102,103,1.88,0.0,1.88,12400.0,0.0,0.0,1730.72,0.0,0.0,0.0,0.0,200.0,25242.72,0.0,25242.72,757.28,26000.0,"Net Wt: 1.880 Gm.@Rate 12,400.00/Gm.",,Sale,0,1,0
103068,1,O21103001776,102,103,115,102,102,103,3.35,0.0,3.35,12300.0,0.0,0.0,3449.37,0.0,0.0,0.0,0.0,200.0,44854.37,0.0,44854.37,1345.64,46200.0,"Net Wt: 3.350 Gm.@Rate 12,300.00/Gm.",,Sale,0,1,0
103069,1,P25103004538,102,103,112,102,102,103,15.44,0.0,15.44,12300.0,0.0,0.0,13771.5,0.0,0.0,0.0,0.0,200.0,203883.5,0.0,203883.5,6116.5,210000.0,"Net Wt: 15.440 Gm.@Rate 12,300.00/Gm.",,Sale,0,1,0
103070,1,N25103004358,102,103,331,102,102,103,2.71,0.0,2.71,12300.0,0.0,0.0,2807.0,0.0,0.0,0.0,0.0,200.0,36340.09,0.0,36340.09,1090.2,37430.29,"Net Wt: 2.710 Gm.@Rate 12,300.00/Gm.",,Sale,0,1,0
103070,2,J25103004136,102,103,235,102,102,103,1.03,0.0,1.03,12300.0,0.0,0.0,1112.0,0.0,0.0,0.0,0.0,200.0,13981.08,0.0,13981.08,419.44,14400.51,"Net Wt: 1.030 Gm.@Rate 12,300.00/Gm.",,Sale,0,1,0
103070,3,O25103004451,102,103,235,102,102,103,4.25,0.0,4.25,12300.0,0.0,0.0,4418.0,0.0,0.0,0.0,0.0,200.0,56893.11,0.0,56893.11,1706.8,58599.9,"Net Wt: 4.250 Gm.@Rate 12,300.00/Gm.",,Sale,0,1,0
103070,4,M25103004312,102,103,419,102,103,104,2.31,0.0,2.31,11300.0,0.0,0.0,2435.0,0.0,0.0,0.0,0.0,200.0,28738.08,0.0,28738.08,862.14,29600.22,"Net Wt: 2.310 Gm.@Rate 11,300.00/Gm.",,Sale,0,1,0
103071,1,P25104001540,102,104,119,121,109,111,57.5,0.0,57.5,218.0,0.0,0.0,2028.11,0.0,0.0,0.0,0.0,0.0,14563.11,0.0,14563.11,436.9,15000.0,Net Wt: 57.500 Gm.@Rate 218.00/Gm.,,Sale,0,1,0
103072,1,P25103004539,102,103,112,102,102,103,7.34,0.0,7.34,12380.0,0.0,0.0,4753.13,0.0,0.0,0.0,0.0,300.0,95922.33,0.0,95922.33,2877.66,98800.0,"Net Wt: 7.340 Gm.@Rate 12,380.00/Gm.",,Sale,0,1,0
103073,1,O25103004441,102,103,110,102,102,103,2.17,0.0,2.17,12790.0,0.0,0.0,1748.61,0.0,0.0,0.0,0.0,400.0,29902.91,0.0,29902.91,897.08,30800.0,"Net Wt: 2.170 Gm.@Rate 12,790.00/Gm.",,Sale,0,1,0
103073,2,O23103003100,102,103,110,102,103,104,1.89,0.0,1.89,12790.0,0.0,0.0,1514.28,0.0,0.0,0.0,0.0,400.0,26087.38,0.0,26087.38,782.62,26870.0,"Net Wt: 1.890 Gm.@Rate 12,790.00/Gm.",,Sale,0,1,0
103073,3,N25103004366,102,103,235,102,102,103,2.01,0.0,2.01,12790.0,0.0,0.0,1616.37,0.0,0.0,0.0,0.0,200.0,27524.27,0.0,27524.27,825.72,28350.0,"Net Wt: 2.010 Gm.@Rate 12,790.00/Gm.",,Sale,0,1,0
103073,4,P25103004540,102,103,400,102,102,129,0.51,0.0,0.51,12300.0,0.0,0.0,1008.55,0.0,0.0,0.0,0.0,0.0,7281.55,0.0,7281.55,218.44,7500.0,"Net Wt: 0.510 Gm.@Rate 12,300.00/Gm.",,Sale,0,1,0
103074,1,L25103004227,102,103,235,102,102,103,2.3,0.0,2.3,12700.0,0.0,0.0,2428.83,0.0,0.0,0.0,0.0,400.0,32038.83,0.0,32038.83,961.16,32999.99,"Net Wt: 2.300 Gm.@Rate 12,700.00/Gm.",,Sale,0,1,0
103074,2,N25103004333,102,103,331,102,102,103,1.74,0.0,1.74,12700.0,0.0,0.0,1877.0,0.0,0.0,0.0,0.0,200.0,24174.76,0.0,24174.76,725.24,24900.0,"Net Wt: 1.740 Gm.@Rate 12,700.00/Gm.",,Sale,0,1,0
103075,1,O25103004524,102,103,116,102,102,103,0.65,0.0,0.65,12700.0,0.0,0.0,282.86,0.0,0.0,0.0,0.0,200.0,8737.86,0.0,8737.86,262.14,9000.0,"Net Wt: 0.650 Gm.@Rate 12,700.00/Gm.",,Sale,0,1,0
103076,1,O25103004527,102,103,116,102,102,103,0.67,0.0,0.67,12800.0,0.0,0.0,3359.62,0.0,0.0,0.0,0.0,200.0,12135.62,0.0,12135.62,364.06,12499.69,"Net Wt: 0.670 Gm.@Rate 12,800.00/Gm.",,Sale,0,1,0
103077,1,N25103004379,102,103,235,102,102,103,3.18,0.0,3.18,12850.0,0.0,0.0,3097.19,0.0,0.0,0.0,500.0,200.0,44660.19,0.0,44660.19,1339.8,46000.0,"Net Wt: 3.180 Gm.@Rate 12,850.00/Gm./Stn Amount: 500.00",,Sale,0,1,0
103079,1,O25103004467,102,103,445,102,102,103,12.4,0.0,12.4,12400.0,0.0,0.0,13836.12,0.0,0.0,0.0,0.0,200.0,167796.12,0.0,167796.12,5033.88,172830.0,"Net Wt: 12.400 Gm.@Rate 12,400.00/Gm.",,Sale,0,1,0
103079,2,N25103004435,102,103,114,102,102,103,9.21,0.0,9.21,12400.0,0.0,0.0,10256.19,0.0,0.0,0.0,0.0,200.0,124660.19,0.0,124660.19,3739.8,128400.0,"Net Wt: 9.210 Gm.@Rate 12,400.00/Gm.",,Sale,0,1,0
103080,1,H25103004031,102,103,116,102,102,103,2.73,0.0,2.73,12450.0,0.0,0.0,1782.0,0.0,0.0,0.0,0.0,200.0,35970.87,0.0,35970.87,1079.12,37050.0,"Net Wt: 2.730 Gm.@Rate 12,450.00/Gm.",,Sale,0,1,0
103081,1,E26104001541,102,104,127,129,109,111,125.0,0.0,125.0,240.0,0.0,0.0,1553.4,0.0,0.0,0.0,0.0,0.0,31553.4,0.0,31553.4,946.6,32500.0,Net Wt: 125.000 Gm.@Rate 240.00/Gm.,,Sale,0,1,0
103082,1,H25103003946,102,103,112,102,102,103,5.26,0.0,5.26,12875.0,0.0,0.0,4893.0,0.0,0.0,0.0,0.0,200.0,72815.53,0.0,72815.53,2184.46,75000.0,"Net Wt: 5.260 Gm.@Rate 12,875.00/Gm.",,Sale,0,1,0
103083,1,L24103003518,102,103,406,102,103,104,1.27,0.0,1.27,12000.0,0.0,0.0,1065.0,0.0,0.0,0.0,0.0,200.0,16504.85,0.0,16504.85,495.14,17000.0,"Net Wt: 1.270 Gm.@Rate 12,000.00/Gm.",,Sale,0,1,0
104083,1,N25103004341,102,103,102,102,102,103,2.33,0.0,2.33,13190.0,0.0,0.0,2757.0,0.0,0.0,0.0,0.0,200.0,33689.32,0.0,33689.32,1010.68,34700.0,"Net Wt: 2.330 Gm.@Rate 13,190.00/Gm.",,Sale,0,1,0
104084,1,G25103003926,102,103,331,102,102,103,1.88,0.0,1.88,12950.0,0.0,0.0,2191.86,0.0,0.0,0.0,0.0,200.0,26737.86,0.0,26737.86,802.14,27540.0,"Net Wt: 1.880 Gm.@Rate 12,950.00/Gm.",,Sale,0,1,0
104084,2,H25103003970,102,103,331,102,102,103,3.33,0.0,3.33,12950.0,0.0,0.0,3880.38,0.0,0.0,0.0,0.0,200.0,47203.88,0.0,47203.88,1416.12,48620.0,"Net Wt: 3.330 Gm.@Rate 12,950.00/Gm.",,Sale,0,1,0
104085,1,E26103004547,102,103,103,102,102,129,0.68,0.0,0.68,12000.0,0.0,0.0,913.3,0.0,0.0,0.0,0.0,150.0,9223.3,0.0,9223.3,276.7,9500.0,"Net Wt: 0.680 Gm.@Rate 12,000.00/Gm.",,Sale,0,1,0
104086,1,I24103003330,102,103,112,102,102,103,9.1,0.0,9.1,13200.0,0.0,0.0,10748.0,0.0,0.0,0.0,0.0,200.0,131067.96,0.0,131067.96,3932.04,135000.0,"Net Wt: 9.100 Gm.@Rate 13,200.00/Gm.",,Sale,0,1,0
104089,1,E26104001542,102,104,440,101,109,111,1.69,0.0,1.69,295.0,0.0,0.0,1394.65,0.0,0.0,0.0,0.0,0.0,1893.2,0.0,1893.2,56.8,1950.0,Net Wt: 1.690 Gm.@Rate 295.00/Gm.,,Sale,0,1,0
104090,1,E26104001543,102,104,151,150,109,111,3.18,0.0,3.18,295.0,0.0,0.0,226.95,0.0,0.0,0.0,0.0,0.0,1165.05,0.0,1165.05,34.96,1200.0,Net Wt: 3.180 Gm.@Rate 295.00/Gm.,,Sale,0,1,0
104091,1,H24103003312,102,103,101,102,102,103,23.43,0.0,23.43,13355.0,0.0,0.0,23971.0,0.0,0.0,0.0,0.0,500.0,337378.64,0.0,337378.64,10121.36,347500.0,"Net Wt: 23.430 Gm.@Rate 13,355.00/Gm.",,Sale,0,1,0
105091,1,N25103004346,102,103,331,102,102,103,2.11,0.0,2.11,13400.0,0.0,0.0,1623.09,0.0,0.0,0.0,0.0,200.0,30097.09,0.0,30097.09,902.92,31000.0,"Net Wt: 2.110 Gm.@Rate 13,400.00/Gm.",,Sale,0,1,0
105092,1,H24103003305,102,103,112,102,102,103,10.14,0.0,10.14,13200.0,0.0,0.0,16437.44,0.0,0.0,0.0,0.0,200.0,150485.44,0.0,150485.44,4514.56,155000.0,"Net Wt: 10.140 Gm.@Rate 13,200.00/Gm.",,Sale,0,1,0
105093,1,L24103003502,102,103,115,102,103,104,2.26,0.0,2.26,12500.0,0.0,0.0,2133.0,0.0,0.0,0.0,0.0,200.0,30582.52,0.0,30582.52,917.48,31500.0,"Net Wt: 2.260 Gm.@Rate 12,500.00/Gm.",,Sale,0,1,0
105094,1,E26104001544,102,104,149,149,109,111,15.0,0.0,15.0,325.0,0.0,0.0,2891.99,0.0,0.0,0.0,0.0,0.0,7766.99,0.0,7766.99,233.0,8000.0,Net Wt: 15.000 Gm.@Rate 325.00/Gm.,,Sale,0,1,0
105095,1,O25103004439,102,103,110,102,102,103,1.65,0.0,1.65,14400.0,0.0,0.0,1653.59,0.0,0.0,0.0,0.0,800.0,26213.59,0.0,26213.59,786.4,27000.0,"Net Wt: 1.650 Gm.@Rate 14,400.00/Gm.",,Sale,0,1,0
106095,1,N25103004340,102,103,102,102,102,103,2.54,0.0,2.54,15100.0,0.02,0.0,3834.0,0.0,0.0,0.0,0.0,200.0,42388.35,0.0,42388.35,1271.66,43660.0,"Net Wt: 2.540 Gm.@Rate 15,100.00/Gm.",,Sale,0,1,0
106096,1,O25103004526,102,103,116,102,102,103,0.89,0.0,0.89,15100.0,0.0,0.0,924.11,0.0,0.0,0.0,0.0,200.0,14563.11,0.0,14563.11,436.9,15000.0,"Net Wt: 0.890 Gm.@Rate 15,100.00/Gm.",,Sale,0,1,0
106097,1,E26103004587,102,103,114,102,102,103,10.66,0.0,10.66,14850.0,0.0,0.0,14223.61,0.0,0.0,0.0,0.0,0.0,172524.61,0.0,172524.61,5175.74,177700.35,"Net Wt: 10.660 Gm.@Rate 14,850.00/Gm.",,Sale,0,1,0
106098,1,O23104001092,102,104,346,102,110,115,14.41,0.0,14.41,340.0,0.0,0.0,197.69,0.0,0.0,0.0,0.0,0.0,5097.09,0.0,5097.09,152.92,5250.0,Net Wt: 14.410 Gm.@Rate 340.00/Gm.,,Sale,0,1,0
106099,1,G25103003930,102,103,102,102,102,103,5.04,0.0,5.04,16200.0,0.0,0.0,8929.0,0.0,0.0,0.0,0.0,200.0,90776.7,0.0,90776.7,2723.3,93500.0,"Net Wt: 5.040 Gm.@Rate 16,200.00/Gm.",,Sale,0,1,0
106100,1,L25103004256,102,103,102,102,102,103,6.0,0.0,6.0,14790.0,0.0,0.0,5720.0,0.0,0.0,0.0,0.0,200.0,94660.19,0.0,94660.19,2839.8,97500.0,"Net Wt: 6.000 Gm.@Rate 14,790.00/Gm.",,Sale,0,1,0
106101,1,L25103004191,102,103,102,102,102,103,6.04,0.0,6.04,14700.0,0.0,0.0,7031.42,0.0,0.0,0.0,0.0,200.0,96019.42,0.0,96019.42,2880.58,98900.0,"Net Wt: 6.040 Gm.@Rate 14,700.00/Gm.",,Sale,0,1,0
106102,1,O25103004479,102,103,235,102,102,103,2.41,0.0,2.41,14000.0,0.0,0.0,4900.78,0.0,0.0,0.0,0.0,0.0,38640.78,0.0,38640.78,1159.22,39800.0,"Net Wt: 2.410 Gm.@Rate 14,000.00/Gm.",,Sale,0,1,0
106103,1,F26104001545,102,104,351,102,109,111,13.65,0.0,13.65,300.0,0.0,0.0,759.37,0.0,0.0,0.0,0.0,0.0,4854.37,0.0,4854.37,145.64,5000.0,Net Wt: 13.650 Gm.@Rate 300.00/Gm.,,Sale,0,1,0
107102,1,G24103003238,102,103,112,102,102,103,12.52,0.0,12.52,14000.0,0.0,0.0,7499.0,0.0,0.0,0.0,0.0,200.0,182979.0,0.0,182979.0,5489.36,188468.37,"Net Wt: 12.520 Gm.@Rate 14,000.00/Gm.",,Sale,0,1,0
107102,2,N25103004428,102,103,112,102,102,103,12.96,0.0,12.96,14000.0,0.0,0.0,7763.0,0.0,0.0,0.0,0.0,200.0,189403.0,0.0,189403.0,5682.08,195085.09,"Net Wt: 12.960 Gm.@Rate 14,000.00/Gm.",,Sale,0,1,0
107103,1,M25103004283,102,103,107,102,102,103,4.14,0.0,4.14,14100.0,0.0,0.0,2491.05,0.0,0.0,0.0,0.0,300.0,61165.05,0.0,61165.05,1834.96,63000.0,"Net Wt: 4.140 Gm.@Rate 14,100.00/Gm.",,Sale,0,1,0
107104,1,E26103004556,102,103,102,102,102,103,2.7,0.0,2.7,14600.0,0.0,0.0,2327.57,0.0,0.0,0.0,0.0,0.0,41747.57,0.0,41747.57,1252.42,43000.0,"Net Wt: 2.700 Gm.@Rate 14,600.00/Gm.",,Sale,0,1,0
107105,1,F26104001546,102,104,289,102,109,111,30.7,0.0,30.7,300.0,0.0,0.0,2925.92,0.0,0.0,0.0,0.0,0.0,12135.92,0.0,12135.92,364.08,12500.0,Net Wt: 30.700 Gm.@Rate 300.00/Gm.,,Sale,0,1,0
107106,1,H25103003950,102,103,112,102,102,103,16.89,0.0,16.89,14700.0,0.0,0.0,12102.44,0.0,0.0,0.0,0.0,100.0,260485.44,0.0,260485.44,7814.56,268300.0,"Net Wt: 16.890 Gm.@Rate 14,700.00/Gm.",,Sale,0,1,0
107107,1,F26103004589,102,103,102,102,102,103,3.39,0.0,3.39,14700.0,0.0,0.0,2594.18,0.0,0.0,0.0,0.0,0.0,52427.18,0.0,52427.18,1572.82,54000.0,"Net Wt: 3.390 Gm.@Rate 14,700.00/Gm.",,Sale,0,1,0
107109,1,F26103004590,102,103,101,102,102,103,22.8,0.0,22.8,14100.0,0.0,0.0,18325.83,0.0,0.0,0.0,0.0,0.0,339805.83,0.0,339805.83,10194.18,350000.0,"Net Wt: 22.800 Gm.@Rate 14,100.00/Gm.",,Sale,0,1,0
107110,1,H25103004045,102,103,407,102,103,104,1.91,0.0,1.91,12500.0,0.0,0.0,1367.72,0.0,0.0,0.0,0.0,0.0,25242.72,0.0,25242.72,757.28,26000.0,"Net Wt: 1.910 Gm.@Rate 12,500.00/Gm.",,Sale,0,1,0
107111,1,F26104001547,102,104,440,101,109,111,3.5,0.0,3.5,300.0,0.0,0.0,1062.62,0.0,0.0,0.0,0.0,800.0,2912.62,0.0,2912.62,87.38,3000.0,Net Wt: 3.500 Gm.@Rate 300.00/Gm.,,Sale,0,1,0
107112,1,O25103004500,102,103,235,102,102,103,1.18,0.0,1.18,13900.0,0.0,0.0,1802.28,0.0,0.0,0.0,0.0,0.0,18204.28,0.0,18204.28,546.12,18750.41,"Net Wt: 1.180 Gm.@Rate 13,900.00/Gm.",,Sale,0,1,0
107112,2,O25103004515,102,103,116,102,102,103,0.99,0.0,0.99,13900.0,0.0,0.0,1530.28,0.0,0.0,0.0,0.0,0.0,15291.28,0.0,15291.28,458.74,15750.02,"Net Wt: 0.990 Gm.@Rate 13,900.00/Gm.",,Sale,0,1,0
107113,1,F25103003862,102,103,444,102,103,104,0.57,0.0,0.57,12500.0,0.0,0.0,636.17,0.0,0.0,0.0,0.0,200.0,7961.17,0.0,7961.17,238.84,8200.0,"Net Wt: 0.570 Gm.@Rate 12,500.00/Gm.",,Sale,0,1,0
107114,1,O25103004492,102,103,101,102,102,103,6.32,0.0,6.32,14500.0,0.0,0.0,8645.44,0.0,0.0,0.0,0.0,200.0,100485.44,0.0,100485.44,3014.56,103500.0,"Net Wt: 6.320 Gm.@Rate 14,500.00/Gm.",,Sale,0,1,0
107115,1,M25103004325,102,103,101,102,102,103,13.97,0.0,13.97,12000.0,0.0,0.0,21480.39,0.0,0.0,0.0,0.0,200.0,189320.39,0.0,189320.39,5679.62,195000.0,"Net Wt: 13.970 Gm.@Rate 12,000.00/Gm.",,Sale,0,1,0
107115,2,O25103004494,102,103,235,102,102,103,1.75,0.0,1.75,14550.0,0.0,0.0,2492.84,0.0,0.0,0.0,0.0,200.0,28155.34,0.0,28155.34,844.66,29000.0,"Net Wt: 1.750 Gm.@Rate 14,550.00/Gm.",,Sale,0,1,0
107116,1,F26103004667,102,103,104,102,102,103,25.25,0.0,25.25,14300.0,0.0,0.0,15424.03,0.0,0.0,0.0,0.0,200.0,376699.03,0.0,376699.03,11300.98,388000.0,"Net Wt: 25.250 Gm.@Rate 14,300.00/Gm.",,Sale,0,1,0
107117,1,F26103004668,102,103,114,102,102,103,21.48,0.0,21.48,14450.0,0.0,0.0,12714.97,0.0,0.0,0.0,0.0,200.0,323300.97,0.0,323300.97,9699.02,333000.0,"Net Wt: 21.480 Gm.@Rate 14,450.00/Gm.",,Sale,0,1,0
107118,1,F26103004669,102,103,104,102,102,103,43.2,0.0,43.2,14784.0,0.0,0.0,19159.36,0.0,0.0,0.0,0.0,0.0,657828.16,0.0,657828.16,19734.84,677563.0,"Net Wt: 43.200 Gm.@Rate 14,784.00/Gm.",,Sale,0,1,0
107118,2,F26103004670,102,103,109,102,102,103,13.57,0.0,13.57,14784.0,0.0,0.0,6018.01,0.0,0.0,0.0,0.0,0.0,206636.89,0.0,206636.89,6199.1,212836.0,"Net Wt: 13.570 Gm.@Rate 14,784.00/Gm.",,Sale,0,1,0
107118,3,F26103004671,102,103,112,102,102,103,12.24,0.0,12.24,14784.0,0.0,0.0,5428.31,0.0,0.0,0.0,0.0,0.0,186384.47,0.0,186384.47,5591.54,191976.0,"Net Wt: 12.240 Gm.@Rate 14,784.00/Gm.",,Sale,0,1,0
107119,1,F26104001548,102,104,353,102,109,111,28.92,0.0,28.92,285.0,0.0,0.0,689.84,0.0,0.0,0.0,0.0,0.0,8932.04,0.0,8932.04,267.96,9200.0,Net Wt: 28.920 Gm.@Rate 285.00/Gm.,,Sale,0,1,0
107119,2,F26104001549,102,104,440,101,109,111,1.69,0.0,1.69,285.0,0.0,0.0,1265.92,0.0,0.0,0.0,0.0,0.0,1747.57,0.0,1747.57,52.42,1800.0,Net Wt: 1.690 Gm.@Rate 285.00/Gm.,,Sale,0,1,0
107120,1,O25103004520,102,103,116,102,102,103,0.89,0.0,0.89,14500.0,0.0,0.0,972.82,0.0,0.0,0.0,0.0,200.0,14077.82,0.0,14077.82,422.34,14500.15,"Net Wt: 0.890 Gm.@Rate 14,500.00/Gm.",,Sale,0,1,0
107120,2,O25103004517,102,103,116,102,102,103,0.66,0.0,0.66,14500.0,0.0,0.0,909.71,0.0,0.0,0.0,0.0,200.0,10679.71,0.0,10679.71,320.4,11000.1,"Net Wt: 0.660 Gm.@Rate 14,500.00/Gm.",,Sale,0,1,0
107121,1,L25103004226,102,103,116,102,102,103,3.42,0.0,3.42,14250.0,0.0,0.0,2909.66,0.0,0.0,0.0,0.0,200.0,51844.66,0.0,51844.66,1555.34,53400.0,"Net Wt: 3.420 Gm.@Rate 14,250.00/Gm.",,Sale,0,1,0
107121,2,N25103004367,102,103,235,102,102,103,2.16,0.0,2.16,14250.0,0.0,0.0,1835.53,0.0,0.0,0.0,0.0,200.0,32815.53,0.0,32815.53,984.46,33800.0,"Net Wt: 2.160 Gm.@Rate 14,250.00/Gm.",,Sale,0,1,0
107122,1,F26103004638,102,103,112,102,102,103,5.12,0.0,5.12,14250.0,0.0,0.0,4351.65,0.0,0.0,0.0,0.0,200.0,77511.65,0.0,77511.65,2325.34,79837.0,"Net Wt: 5.120 Gm.@Rate 14,250.00/Gm.",,Sale,0,1,0
107122,2,H25103004041,102,103,116,102,102,103,1.04,0.0,1.04,14250.0,0.0,0.0,902.33,0.0,0.0,0.0,0.0,200.0,15922.33,0.0,15922.33,477.66,16400.0,"Net Wt: 1.040 Gm.@Rate 14,250.00/Gm.",,Sale,0,1,0
107123,1,P25103004543,102,103,419,102,102,103,1.01,0.0,1.01,14500.0,0.0,0.0,883.16,0.0,0.0,0.0,0.0,200.0,15728.16,0.0,15728.16,471.84,16200.0,"Net Wt: 1.010 Gm.@Rate 14,500.00/Gm.",,Sale,0,1,0
107124,1,K25103004178,102,103,110,102,102,103,1.89,0.0,1.89,1428.0,0.0,0.0,26210.0,0.0,0.0,0.0,0.0,800.0,29708.74,0.0,29708.74,891.26,30600.0,"Net Wt: 1.890 Gm.@Rate 1,428.00/Gm.",,Sale,0,1,0
107125,1,F26103004660,102,103,331,102,102,103,3.23,0.0,3.23,14280.0,0.0,0.0,2898.9,0.0,0.0,0.0,0.0,200.0,49223.3,0.0,49223.3,1476.7,50700.0,"Net Wt: 3.230 Gm.@Rate 14,280.00/Gm.",,Sale,0,1,0
107126,1,F26104001550,102,104,119,121,109,111,20.53,0.0,20.53,252.0,0.0,0.0,1428.38,0.0,0.0,0.0,0.0,0.0,6601.94,0.0,6601.94,198.06,6800.0,Net Wt: 20.530 Gm.@Rate 252.00/Gm.,,Sale,0,1,0
107127,1,H25103004069,102,103,420,102,103,104,1.36,0.0,1.36,11600.0,0.0,0.0,1014.29,0.0,0.0,0.0,0.0,200.0,16990.29,0.0,16990.29,509.7,17500.0,"Net Wt: 1.360 Gm.@Rate 11,600.00/Gm.",,Sale,0,1,0
108127,1,F26103004689,102,103,104,102,102,103,99.44,0.0,99.44,14400.0,0.0,0.0,72918.37,0.0,0.0,0.0,0.0,0.0,1504854.37,0.0,1504854.37,45145.64,1550000.0,"Net Wt: 99.440 Gm.@Rate 14,400.00/Gm.",,Sale,0,1,0
108127,2,F26103004690,102,103,101,102,102,103,9.85,0.0,9.85,14400.0,0.0,0.0,5732.82,0.0,0.0,0.0,0.0,0.0,147572.82,0.0,147572.82,4427.18,152000.0,"Net Wt: 9.850 Gm.@Rate 14,400.00/Gm.",,Sale,0,1,0
108127,3,F26103004691,102,103,101,102,102,103,8.77,0.0,8.77,14400.0,0.0,0.0,5265.4,0.0,0.0,0.0,0.0,0.0,131553.4,0.0,131553.4,3946.6,135500.0,"Net Wt: 8.770 Gm.@Rate 14,400.00/Gm.",,Sale,0,1,0
108127,4,F26103004692,102,103,101,102,102,103,9.44,0.0,9.44,14400.0,0.0,0.0,5811.57,0.0,0.0,0.0,0.0,0.0,141747.57,0.0,141747.57,4252.42,146000.0,"Net Wt: 9.440 Gm.@Rate 14,400.00/Gm.",,Sale,0,1,0
108128,1,O25103004473,102,103,445,102,102,103,5.91,0.0,5.91,14400.0,0.0,0.0,6643.57,0.0,0.0,0.0,0.0,0.0,91747.57,0.0,91747.57,2752.42,94500.0,"Net Wt: 5.910 Gm.@Rate 14,400.00/Gm.",,Sale,0,1,0
109127,1,N25103004397,102,103,114,102,102,103,6.79,0.0,6.79,14200.0,0.0,0.0,9275.51,0.0,0.0,0.0,0.0,200.0,105893.51,0.0,105893.51,3176.8,109070.32,"Net Wt: 6.790 Gm.@Rate 14,200.00/Gm.",,Sale,0,1,0
109127,2,H25103003949,102,103,112,102,102,103,11.2,0.0,11.2,14200.0,0.0,0.0,15585.15,0.0,0.0,0.0,0.0,200.0,174825.15,0.0,174825.15,5244.76,180069.9,"Net Wt: 11.200 Gm.@Rate 14,200.00/Gm.",,Sale,0,1,0
109127,3,F26104001551,102,104,119,121,109,111,25.01,0.0,25.01,275.0,0.0,0.0,1500.89,0.0,0.0,0.0,0.0,0.0,8378.64,0.0,8378.64,251.36,8630.0,Net Wt: 25.010 Gm.@Rate 275.00/Gm.,,Sale,0,1,0
109127,4,F26104001552,102,104,289,102,109,111,18.05,0.0,18.05,275.0,0.0,0.0,1084.79,0.0,0.0,0.0,0.0,0.0,6048.54,0.0,6048.54,181.46,6230.0,Net Wt: 18.050 Gm.@Rate 275.00/Gm.,,Sale,0,1,0
109128,1,F26103004658,102,103,331,102,102,103,1.99,0.0,1.99,14400.0,0.0,0.0,2211.96,0.0,0.0,0.0,0.0,200.0,31067.96,0.0,31067.96,932.04,32000.0,"Net Wt: 1.990 Gm.@Rate 14,400.00/Gm.",,Sale,0,1,0
109129,1,F26104001553,102,104,134,162,109,111,2.4,0.0,2.4,268.0,0.0,0.0,521.85,0.0,0.0,0.0,0.0,0.0,1165.05,0.0,1165.05,34.96,1200.0,Net Wt: 2.400 Gm.@Rate 268.00/Gm.,,Sale,0,1,0
109130,1,F26103004693,102,103,443,102,102,129,0.34,0.0,0.34,13500.0,0.0,0.0,2982.82,0.0,0.0,0.0,0.0,0.0,7572.82,0.0,7572.82,227.18,7800.0,"Net Wt: 0.340 Gm.@Rate 13,500.00/Gm.",,Sale,0,1,0
109130,2,F26104001554,102,104,440,101,109,111,2.34,0.0,2.34,270.0,0.0,0.0,2038.1,0.0,0.0,0.0,0.0,0.0,2669.9,0.0,2669.9,80.1,2750.0,Net Wt: 2.340 Gm.@Rate 270.00/Gm.,,Sale,0,1,0
109131,1,F26103004641,102,103,102,102,102,103,6.28,0.0,6.28,14790.0,0.0,0.0,9026.05,0.0,0.0,0.0,0.0,200.0,102107.25,0.0,102107.25,3063.22,105170.47,"Net Wt: 6.280 Gm.@Rate 14,790.00/Gm.",,Sale,0,1,0
109132,1,N25103004356,102,103,331,102,102,103,5.05,0.0,5.05,14700.0,0.0,0.0,7429.08,0.0,0.0,0.0,0.0,200.0,81864.08,0.0,81864.08,2455.92,84320.0,"Net Wt: 5.050 Gm.@Rate 14,700.00/Gm.",,Sale,0,1,0
109132,2,F26104001555,102,104,353,102,109,111,35.8,0.0,35.8,285.0,0.0,0.0,2418.36,0.0,0.0,0.0,0.0,0.0,12621.36,0.0,12621.36,378.64,13000.0,Net Wt: 35.800 Gm.@Rate 285.00/Gm.,,Sale,0,1,0
109133,1,F26103004694,102,103,101,102,102,103,10.2,0.0,10.2,14700.0,0.0,0.0,14908.54,0.0,0.0,0.0,0.0,200.0,165048.54,0.0,165048.54,4951.46,170000.0,"Net Wt: 10.200 Gm.@Rate 14,700.00/Gm.",,Sale,0,1,0
109134,1,L24103003476,102,103,444,102,103,104,1.43,0.0,1.43,13300.0,0.0,0.0,3111.0,0.0,0.0,0.0,0.0,200.0,22330.1,0.0,22330.1,669.9,23000.0,"Net Wt: 1.430 Gm.@Rate 13,300.00/Gm.",,Sale,0,1,0
109135,1,F26103004695,102,103,443,102,102,129,0.65,0.0,0.65,13500.0,0.0,0.0,1904.61,0.0,0.0,0.0,0.0,0.0,10679.61,0.0,10679.61,320.38,11000.0,"Net Wt: 0.650 Gm.@Rate 13,500.00/Gm.",,Sale,0,1,0
109135,2,F26104001556,102,104,119,121,109,111,68.55,0.0,68.55,295.0,0.0,0.0,3078.72,0.0,0.0,0.0,0.0,0.0,23300.97,0.0,23300.97,699.02,24000.0,Net Wt: 68.550 Gm.@Rate 295.00/Gm.,,Sale,0,1,0
109136,1,L24103003486,102,103,444,102,103,104,0.57,0.0,0.57,13000.0,0.0,0.0,933.69,0.0,0.0,0.0,0.0,200.0,8543.69,0.0,8543.69,256.32,8800.0,"Net Wt: 0.570 Gm.@Rate 13,000.00/Gm.",,Sale,0,1,0
109136,2,L24103003483,102,103,444,102,103,104,0.59,0.0,0.59,13000.0,0.0,0.0,1062.18,0.0,0.0,0.0,0.0,200.0,8932.18,0.0,8932.18,267.96,9200.15,"Net Wt: 0.590 Gm.@Rate 13,000.00/Gm.",,Sale,0,1,0
109137,1,N24103003671,102,103,235,102,102,103,1.43,0.0,1.43,14820.0,0.0,0.0,2879.24,0.0,0.0,0.0,0.0,200.0,24271.84,0.0,24271.84,728.16,25000.0,"Net Wt: 1.430 Gm.@Rate 14,820.00/Gm.",,Sale,0,1,0
109138,1,N24103003657,102,103,102,102,102,103,3.18,0.0,3.18,14820.0,0.0,0.0,2672.4,0.0,0.0,0.0,0.0,200.0,50000.0,0.0,50000.0,1500.0,51500.0,"Net Wt: 3.180 Gm.@Rate 14,820.00/Gm.",,Sale,0,1,0
109138,2,L25103004194,102,103,102,102,102,103,5.01,0.0,5.01,14820.0,0.0,0.0,4192.58,0.0,0.0,0.0,0.0,200.0,78640.78,0.0,78640.78,2359.22,81000.0,"Net Wt: 5.010 Gm.@Rate 14,820.00/Gm.",,Sale,0,1,0
109139,1,I25103004105,102,103,331,102,102,103,3.57,0.0,3.57,14820.0,0.0,0.0,3009.1,0.0,0.0,0.0,0.0,200.0,56116.5,0.0,56116.5,1683.5,57800.0,"Net Wt: 3.570 Gm.@Rate 14,820.00/Gm.",,Sale,0,1,0
109139,2,F26103004614,102,103,331,102,102,103,2.54,0.0,2.54,14820.0,0.0,0.0,2254.29,0.0,0.0,0.0,0.0,200.0,40097.09,0.0,40097.09,1202.92,41300.0,"Net Wt: 2.540 Gm.@Rate 14,820.00/Gm.",,Sale,0,1,0
109140,1,F26103004697,102,103,102,102,102,103,63.02,0.0,63.02,14550.0,0.0,0.0,44224.05,0.0,0.0,0.0,0.0,0.0,961165.05,0.0,961165.05,28834.96,990000.0,"Net Wt: 63.020 Gm.@Rate 14,550.00/Gm.",,Sale,0,5,0
109140,2,F26103004698,102,103,101,102,102,103,11.52,0.0,11.52,14550.0,0.0,0.0,7141.28,0.0,0.0,0.0,0.0,0.0,174757.28,0.0,174757.28,5242.72,180000.0,"Net Wt: 11.520 Gm.@Rate 14,550.00/Gm.",,Sale,0,1,0
110140,1,F26103004699,102,103,169,102,102,129,0.16,0.0,0.16,14550.0,0.0,0.0,3011.81,0.0,0.0,0.0,0.0,0.0,5339.81,0.0,5339.81,160.2,5500.0,"Net Wt: 0.160 Gm.@Rate 14,550.00/Gm.",,Sale,0,1,0
110140,2,F26103004700,102,103,169,102,102,129,0.2,0.0,0.2,14550.0,0.0,0.0,1497.77,0.0,0.0,0.0,0.0,0.0,4407.77,0.0,4407.77,132.24,4540.0,"Net Wt: 0.200 Gm.@Rate 14,550.00/Gm.",,Sale,0,1,0
110140,3,F26104001557,102,104,151,150,109,111,11.57,0.0,11.57,280.0,0.0,0.0,808.94,0.0,0.0,0.0,0.0,0.0,4048.54,0.0,4048.54,121.46,4170.0,Net Wt: 11.570 Gm.@Rate 280.00/Gm.,,Sale,0,1,0
109134,2,M25103004290,102,103,107,102,102,103,3.01,0.0,3.01,14820.0,0.0,0.0,3735.0,0.0,0.0,0.0,0.0,200.0,48543.69,0.0,48543.69,1456.32,50000.0,"Net Wt: 3.010 Gm.@Rate 14,820.00/Gm.",,Sale,0,1,0
110141,1,N25103004359,102,103,331,102,102,103,3.73,0.0,3.73,14850.0,0.0,0.0,3147.36,0.0,0.0,0.0,0.0,200.0,58737.86,0.0,58737.86,1762.14,60500.0,"Net Wt: 3.730 Gm.@Rate 14,850.00/Gm.",,Sale,0,1,0
110141,2,O25103004475,102,103,445,102,102,103,5.36,0.0,5.36,14850.0,0.0,0.0,4572.93,0.0,0.0,0.0,0.0,200.0,84368.93,0.0,84368.93,2531.06,86900.0,"Net Wt: 5.360 Gm.@Rate 14,850.00/Gm.",,Sale,0,1,0
110142,1,O25103004442,102,103,110,102,102,103,1.76,0.0,1.76,14850.0,0.0,0.0,1704.78,0.0,0.0,0.0,0.0,800.0,28640.78,0.0,28640.78,859.22,29500.0,"Net Wt: 1.760 Gm.@Rate 14,850.00/Gm.",,Sale,0,1,0
110143,1,J25103004131,102,103,235,102,102,103,1.71,0.0,1.71,14850.0,0.0,0.0,1008.44,0.0,0.0,0.0,0.0,200.0,26601.94,0.0,26601.94,798.06,27400.0,"Net Wt: 1.710 Gm.@Rate 14,850.00/Gm.",,Sale,0,1,0
110144,1,F26103004637,102,103,112,102,102,103,10.01,0.0,10.01,15750.0,0.0,0.0,14473.0,0.0,0.0,0.0,0.0,200.0,172330.47,0.0,172330.47,5169.92,177500.38,"Net Wt: 10.010 Gm.@Rate 15,750.00/Gm.",,Sale,0,1,0
110144,2,H25103004036,102,103,116,102,102,103,1.23,0.0,1.23,15750.0,0.1,0.0,1301.29,0.0,0.0,0.0,0.0,200.0,20873.79,0.0,20873.79,626.22,21500.0,"Net Wt: 1.230 Gm.@Rate 15,750.00/Gm.",,Sale,0,1,0
110145,1,G26103004701,102,103,102,102,102,103,10.71,0.0,10.71,14155.0,0.0,0.0,7423.25,0.0,0.0,0.0,0.0,200.0,159223.3,0.0,159223.3,4776.7,164000.0,"Net Wt: 10.710 Gm.@Rate 14,155.00/Gm.",,Sale,0,1,0
110146,1,G26103004702,102,103,400,102,102,103,0.12,0.0,0.12,14900.0,0.0,0.0,-331.69,0.0,0.0,0.0,0.0,0.0,1456.31,0.0,1456.31,43.68,1500.0,"Net Wt: 0.120 Gm.@Rate 14,900.00/Gm.",,Sale,0,1,0
110147,1,E26103004554,102,103,116,102,102,103,2.53,0.0,2.53,14900.0,0.0,0.0,3656.4,0.0,0.0,0.0,0.0,200.0,41553.4,0.0,41553.4,1246.6,42800.0,"Net Wt: 2.530 Gm.@Rate 14,900.00/Gm.",,Sale,0,1,0
111146,1,O25103004478,102,103,112,102,102,103,8.16,0.0,8.16,14900.0,0.0,0.0,13167.46,0.0,0.0,0.0,0.0,200.0,134951.46,0.0,134951.46,4048.54,139000.0,"Net Wt: 8.160 Gm.@Rate 14,900.00/Gm.",,Sale,0,1,0
111146,2,O25103004496,102,103,235,102,102,103,1.51,0.0,1.51,14900.0,0.0,0.0,1572.84,0.0,0.0,0.0,0.0,200.0,24271.84,0.0,24271.84,728.16,25000.0,"Net Wt: 1.510 Gm.@Rate 14,900.00/Gm.",,Sale,0,1,0
112146,1,G26104001558,102,104,127,129,109,111,2.5,0.0,2.5,300.0,0.0,0.0,26.7,0.0,0.0,0.0,0.0,0.0,776.7,0.0,776.7,23.3,800.0,Net Wt: 2.500 Gm.@Rate 300.00/Gm.,,Sale,0,1,0
112148,1,G26103004703,102,103,443,102,102,129,0.07,0.0,0.07,12200.0,0.0,0.0,1670.27,0.0,0.0,0.0,0.0,0.0,2524.27,0.0,2524.27,75.72,2600.0,"Net Wt: 0.070 Gm.@Rate 12,200.00/Gm.",,Sale,0,1,0
112149,1,F26103004609,102,103,331,102,102,103,2.59,0.0,2.59,15100.0,0.0,0.0,3409.0,0.0,0.0,0.0,0.0,200.0,42718.45,0.0,42718.45,1281.56,44000.0,"Net Wt: 2.590 Gm.@Rate 15,100.00/Gm.",,Sale,0,1,0
112150,1,F26103004599,102,103,102,102,102,103,3.38,0.0,3.38,14500.0,0.0,0.0,3916.21,0.0,0.0,0.0,0.0,200.0,53126.21,0.0,53126.21,1593.78,54720.0,"Net Wt: 3.380 Gm.@Rate 14,500.00/Gm.",,Sale,0,1,0
112151,1,G26104001559,102,104,119,121,109,111,23.21,0.0,23.21,280.0,0.0,0.0,1753.63,0.0,0.0,0.0,0.0,0.0,8252.43,0.0,8252.43,247.58,8500.0,Net Wt: 23.210 Gm.@Rate 280.00/Gm.,,Sale,0,1,0
112152,1,G26104001560,102,104,151,150,109,111,1.68,0.0,1.68,289.0,0.0,0.0,48.46,0.0,0.0,0.0,0.0,0.0,533.98,0.0,533.98,16.02,550.0,Net Wt: 1.680 Gm.@Rate 289.00/Gm.,,Sale,0,1,0
112153,1,G26104001561,102,104,134,162,109,111,1.9,0.0,1.9,289.0,0.0,0.0,276.14,0.0,0.0,0.0,0.0,0.0,825.24,0.0,825.24,24.76,850.0,Net Wt: 1.900 Gm.@Rate 289.00/Gm.,,Sale,0,1,0
112154,1,F26103004595,102,103,102,102,102,103,2.51,0.0,2.51,14800.0,0.0,0.0,2509.28,0.0,0.0,0.0,0.0,200.0,39857.28,0.0,39857.28,1195.72,41053.0,"Net Wt: 2.510 Gm.@Rate 14,800.00/Gm.",,Sale,0,1,0
112155,1,F23103002640,102,103,110,102,102,103,3.04,0.0,3.04,14000.0,0.0,0.0,5469.0,0.0,0.0,0.0,0.0,1000.0,49029.13,0.0,49029.13,1470.88,50500.0,"Net Wt: 3.040 Gm.@Rate 14,000.00/Gm.",,Sale,0,1,0
112155,2,G26103004715,102,103,443,102,102,129,0.47,0.0,0.47,12000.0,0.0,0.0,3097.86,0.0,0.0,0.0,0.0,0.0,8737.86,0.0,8737.86,262.14,9000.0,"Net Wt: 0.470 Gm.@Rate 12,000.00/Gm.",,Sale,0,1,0
113156,1,G26103004716,102,103,235,102,102,103,2.2,0.0,2.2,13500.0,0.0,0.0,2624.27,0.0,0.0,0.0,0.0,200.0,32524.27,0.0,32524.27,975.72,33500.0,"Net Wt: 2.200 Gm.@Rate 13,500.00/Gm.",,Sale,0,1,0
113157,1,G26103004717,102,103,235,102,102,103,1.65,0.0,1.65,13100.0,0.0,0.0,1285.97,0.0,0.0,0.0,0.0,400.0,23300.97,0.0,23300.97,699.02,24000.0,"Net Wt: 1.650 Gm.@Rate 13,100.00/Gm.",,Sale,0,1,0
113157,2,G26103004718,102,103,235,102,102,103,1.71,0.0,1.71,13100.0,0.0,0.0,1470.84,0.0,0.0,0.0,0.0,400.0,24271.84,0.0,24271.84,728.16,25000.0,"Net Wt: 1.710 Gm.@Rate 13,100.00/Gm.",,Sale,0,1,0
113158,1,G26103004709,102,103,101,102,103,104,11.63,0.0,11.63,11100.0,0.0,0.0,9882.0,0.0,0.0,0.0,0.0,200.0,139175.04,0.0,139175.04,4175.26,143350.29,"Net Wt: 11.630 Gm.@Rate 11,100.00/Gm.",,Sale,0,1,0
113158,2,G26103004707,102,103,420,102,103,104,3.6,0.0,3.6,11100.0,0.0,0.0,3189.49,0.0,0.0,0.0,0.0,200.0,43349.49,0.0,43349.49,1300.48,44649.97,"Net Wt: 3.600 Gm.@Rate 11,100.00/Gm.",,Sale,0,1,0
113159,1,O25103004502,102,103,235,102,102,103,1.83,0.0,1.83,12900.0,0.0,0.0,1921.16,0.0,0.0,0.0,0.0,200.0,25728.16,0.0,25728.16,771.84,26500.0,"Net Wt: 1.830 Gm.@Rate 12,900.00/Gm.",,Sale,0,1,0
113159,2,N24103003664,102,103,331,102,102,103,1.83,0.0,1.83,12900.0,0.0,0.0,1921.16,0.0,0.0,0.0,0.0,200.0,25728.16,0.0,25728.16,771.84,26500.0,"Net Wt: 1.830 Gm.@Rate 12,900.00/Gm.",,Sale,0,1,0
113160,1,F26103004612,102,103,331,102,102,103,2.3,0.0,2.3,13100.0,0.0,0.0,3310.78,0.0,0.0,0.0,0.0,200.0,33640.78,0.0,33640.78,1009.22,34650.0,"Net Wt: 2.300 Gm.@Rate 13,100.00/Gm.",,Sale,0,1,0
113160,2,H25103004035,102,103,116,102,102,103,0.91,0.0,0.91,13100.0,0.0,0.0,1277.06,0.0,0.0,0.0,0.0,200.0,13398.06,0.0,13398.06,401.94,13800.0,"Net Wt: 0.910 Gm.@Rate 13,100.00/Gm.",,Sale,0,1,0
113161,1,M25103004308,102,103,419,102,103,104,2.7,0.0,2.7,11100.0,0.0,0.0,2839.71,0.0,0.0,0.0,0.0,200.0,33009.71,0.0,33009.71,990.3,34000.0,"Net Wt: 2.700 Gm.@Rate 11,100.00/Gm.",,Sale,0,1,0
113162,1,K25103004184,102,103,419,102,102,103,0.9,0.0,0.9,13500.0,0.0,0.0,174.0,0.0,0.0,0.0,0.0,200.0,12524.27,0.0,12524.27,375.72,12900.0,"Net Wt: 0.900 Gm.@Rate 13,500.00/Gm.",,Sale,0,1,0
113163,1,K25103004186,102,103,419,102,102,103,0.89,0.0,0.89,13500.0,0.0,0.0,1571.3,0.0,0.0,0.0,0.0,200.0,13786.3,0.0,13786.3,413.58,14199.89,"Net Wt: 0.890 Gm.@Rate 13,500.00/Gm.",,Sale,0,1,0
113164,1,O25103004505,102,103,235,102,102,103,0.67,0.0,0.67,13500.0,0.0,0.0,1434.57,0.0,0.0,0.0,0.0,200.0,10679.57,0.0,10679.57,320.38,10999.96,"Net Wt: 0.670 Gm.@Rate 13,500.00/Gm.",,Sale,0,1,0
113164,2,O25103004506,102,103,235,102,102,103,0.73,0.0,0.73,13500.0,0.0,0.0,1109.75,0.0,0.0,0.0,0.0,200.0,11164.75,0.0,11164.75,334.94,11499.69,"Net Wt: 0.730 Gm.@Rate 13,500.00/Gm.",,Sale,0,1,0
113164,3,E25103003789,102,103,331,102,102,103,1.95,0.0,1.95,13500.0,0.0,0.0,2115.78,0.0,0.0,0.0,0.0,200.0,28640.78,0.0,28640.78,859.22,29500.0,"Net Wt: 1.950 Gm.@Rate 13,500.00/Gm.",,Sale,0,1,0
113164,4,G26103004744,102,103,400,102,102,103,0.55,0.0,0.55,13500.0,0.0,0.0,1312.86,0.0,0.0,0.0,0.0,0.0,8737.86,0.0,8737.86,262.14,9000.0,"Net Wt: 0.550 Gm.@Rate 13,500.00/Gm.",,Sale,0,1,0
113165,1,F26103004672,102,103,101,102,102,103,11.1,0.0,11.1,12900.0,0.0,0.0,16804.17,0.0,0.0,0.0,0.0,200.0,160194.17,0.0,160194.17,4805.82,165000.0,"Net Wt: 11.100 Gm.@Rate 12,900.00/Gm.",,Sale,0,1,0
114164,1,G26103004731,102,103,115,102,102,103,2.13,0.0,2.13,13600.0,0.0,0.0,1899.96,0.0,0.0,0.0,0.0,200.0,31067.96,0.0,31067.96,932.04,32000.0,"Net Wt: 2.130 Gm.@Rate 13,600.00/Gm.",,Sale,0,1,0
114165,1,J25103004147,102,103,419,102,103,104,0.89,0.0,0.89,12000.0,0.0,0.0,2426.8,0.0,0.0,0.0,0.0,0.0,13106.8,0.0,13106.8,393.2,13500.0,"Net Wt: 0.890 Gm.@Rate 12,000.00/Gm.",,Sale,0,1,0
114166,1,L25103004213,102,103,331,102,102,103,2.26,0.0,2.26,13756.0,0.0,0.0,2692.02,0.0,0.0,0.0,0.0,200.0,33980.58,0.0,33980.58,1019.42,35000.0,"Net Wt: 2.260 Gm.@Rate 13,756.00/Gm.",,Sale,0,1,0
114167,1,G26104001562,102,104,124,126,109,111,4.19,0.0,4.19,256.0,0.0,0.0,286.58,0.0,0.0,0.0,0.0,0.0,1359.22,0.0,1359.22,40.78,1400.0,Net Wt: 4.190 Gm.@Rate 256.00/Gm.,,Sale,0,1,0
114168,1,G26103004745,102,103,116,102,102,103,2.47,0.0,2.47,13500.0,0.0,0.0,1406.46,0.0,0.0,0.0,0.0,200.0,34951.46,0.0,34951.46,1048.54,36000.0,"Net Wt: 2.470 Gm.@Rate 13,500.00/Gm.",,Sale,0,1,0
114169,1,P22103002449,102,103,235,102,102,103,3.25,0.0,3.25,13500.0,0.0,0.0,4468.69,0.0,0.0,0.0,0.0,200.0,48543.69,0.0,48543.69,1456.32,50000.0,"Net Wt: 3.250 Gm.@Rate 13,500.00/Gm.",,Sale,0,1,0
114169,2,I23103002891,102,103,115,102,103,104,0.73,0.0,0.73,12000.0,0.0,0.0,948.74,0.0,0.0,0.0,0.0,0.0,9708.74,0.0,9708.74,291.26,10000.0,"Net Wt: 0.730 Gm.@Rate 12,000.00/Gm.",,Sale,0,1,0
114170,1,G26103004751,102,103,176,102,101,102,20.0,0.0,20.0,14300.0,0.0,0.0,0.0,0.0,0.0,0.0,0.0,0.0,286000.0,0.0,286000.0,8580.0,294580.0,"Net Wt: 20.000 Gm.@Rate 14,300.00/Gm.",,Sale,0,1,0
114171,1,O23103003098,102,103,110,102,102,103,7.09,0.0,7.09,13580.0,0.0,0.0,10484.79,0.0,0.0,0.0,0.0,1000.0,107766.99,0.0,107766.99,3233.0,111000.0,"Net Wt: 7.090 Gm.@Rate 13,580.00/Gm.",,Sale,0,1,0
114171,2,F26103004610,102,103,331,102,102,103,2.55,0.0,2.55,13580.0,0.0,0.0,3811.78,0.0,0.0,0.0,0.0,200.0,38640.78,0.0,38640.78,1159.22,39800.0,"Net Wt: 2.550 Gm.@Rate 13,580.00/Gm.",,Sale,0,1,0
114171,3,F26103004607,102,103,331,102,102,103,2.24,0.0,2.24,13580.0,0.0,0.0,3351.67,0.0,0.0,0.0,0.0,200.0,33970.87,0.0,33970.87,1019.12,34990.0,"Net Wt: 2.240 Gm.@Rate 13,580.00/Gm.",,Sale,0,1,0
114171,4,G26103004752,102,103,113,102,102,103,1.29,0.0,1.29,13580.0,0.0,0.0,1705.1,0.0,0.0,0.0,0.0,0.0,19223.3,0.0,19223.3,576.7,19800.0,"Net Wt: 1.290 Gm.@Rate 13,580.00/Gm.",,Sale,0,1,0
114171,5,G26104001563,102,104,353,102,109,111,24.33,0.0,24.33,250.0,0.0,0.0,2655.36,0.0,0.0,0.0,0.0,0.0,8737.86,0.0,8737.86,262.14,9000.0,Net Wt: 24.330 Gm.@Rate 250.00/Gm.,,Sale,0,1,0
114171,6,G26104001564,102,104,440,101,109,111,2.6,0.0,2.6,250.0,0.0,0.0,3233.5,0.0,0.0,0.0,0.0,0.0,3883.5,0.0,3883.5,116.5,4000.0,Net Wt: 2.600 Gm.@Rate 250.00/Gm.,,Sale,0,1,0
114173,1,N24103003615,102,103,444,102,103,104,1.46,0.0,1.46,11400.0,0.0,0.0,1117.17,0.0,0.0,0.0,0.0,200.0,17961.17,0.0,17961.17,538.84,18500.01,"Net Wt: 1.460 Gm.@Rate 11,400.00/Gm.",,Sale,0,1,0
114175,1,H26103004757,102,103,331,102,102,103,2.25,0.0,2.25,14500.0,0.0,0.0,2611.89,0.0,0.0,0.0,0.0,200.0,35436.89,0.0,35436.89,1063.1,36500.0,"Net Wt: 2.250 Gm.@Rate 14,500.00/Gm.",,Sale,0,1,0
115175,1,G26103004711,102,103,101,102,103,104,10.03,0.0,10.03,11550.0,0.0,0.0,9197.0,0.0,0.0,0.0,0.0,200.0,125243.06,0.0,125243.06,3757.3,129000.35,"Net Wt: 10.030 Gm.@Rate 11,550.00/Gm.",,Sale,0,1,0
115175,2,H25103004056,102,103,420,102,103,104,2.32,0.0,2.32,11550.0,0.0,0.0,2130.0,0.0,0.0,0.0,0.0,200.0,29126.43,0.0,29126.43,873.8,30000.22,"Net Wt: 2.320 Gm.@Rate 11,550.00/Gm.",,Sale,0,1,0
116182,1,L25103004230,102,103,112,102,102,103,9.35,0.0,9.35,14050.0,0.0,0.0,11636.38,0.0,0.0,0.0,0.0,200.0,143203.88,0.0,143203.88,4296.12,147500.0,"Net Wt: 9.350 Gm.@Rate 14,050.00/Gm.",,Sale,0,1,0
116183,1,E25103003768,102,103,331,102,102,103,1.74,0.0,1.74,14100.0,0.0,0.0,2935.43,0.0,0.0,0.0,0.0,200.0,27669.43,0.0,27669.43,830.08,28499.51,"Net Wt: 1.740 Gm.@Rate 14,100.00/Gm.",,Sale,0,1,0
116183,2,F26103004659,102,103,331,102,102,103,2.79,0.0,2.79,14000.0,0.0,0.0,4429.27,0.0,0.0,0.0,0.0,200.0,43689.27,0.0,43689.27,1310.68,44999.95,"Net Wt: 2.790 Gm.@Rate 14,000.00/Gm.",,Sale,0,1,0
116183,3,H26103004770,102,103,169,102,102,129,1.21,0.0,1.21,12800.0,0.0,0.0,1987.73,0.0,0.0,0.0,0.0,0.0,17475.73,0.0,17475.73,524.28,18000.0,"Net Wt: 1.210 Gm.@Rate 12,800.00/Gm.",,Sale,0,1,0
116183,4,H26103004771,102,103,404,102,102,129,1.52,0.0,1.52,12800.0,0.0,0.0,2844.97,0.0,0.0,0.0,0.0,1000.0,23300.97,0.0,23300.97,699.02,24000.0,"Net Wt: 1.520 Gm.@Rate 12,800.00/Gm.",,Sale,0,1,0
116184,1,H25103003964,102,103,235,102,102,103,2.95,0.0,2.95,14100.0,0.0,0.0,4806.94,0.0,0.0,0.0,0.0,200.0,46601.94,0.0,46601.94,1398.06,48000.0,"Net Wt: 2.950 Gm.@Rate 14,100.00/Gm.",,Sale,0,1,0
116185,1,E26103004565,102,103,331,102,102,103,4.51,0.0,4.51,14050.0,0.0,0.0,7308.29,0.0,0.0,0.0,0.0,200.0,70873.79,0.0,70873.79,2126.22,73000.0,"Net Wt: 4.510 Gm.@Rate 14,050.00/Gm.",,Sale,0,1,0
116186,1,L25103004233,102,103,406,102,103,104,1.54,0.0,1.54,12800.0,0.0,0.0,1932.66,0.0,0.0,0.0,0.0,200.0,21844.66,0.0,21844.66,655.34,22500.0,"Net Wt: 1.540 Gm.@Rate 12,800.00/Gm.",,Sale,0,1,0
116186,2,K25103004166,102,103,406,102,103,104,1.12,0.0,1.12,12800.0,0.0,0.0,1483.42,0.0,0.0,0.0,0.0,200.0,16019.42,0.0,16019.42,480.58,16500.0,"Net Wt: 1.120 Gm.@Rate 12,800.00/Gm.",,Sale,0,1,0
116187,1,N25103004357,102,103,331,102,102,103,4.67,0.0,4.67,14200.0,0.0,0.0,5230.66,0.0,0.0,0.0,0.0,300.0,71844.66,0.0,71844.66,2155.34,74000.0,"Net Wt: 4.670 Gm.@Rate 14,200.00/Gm.",,Sale,0,1,0
116188,1,N25103004436,102,103,112,102,102,103,12.31,0.0,12.31,14280.0,0.0,0.0,12169.0,0.0,0.0,0.0,0.0,200.0,188155.34,0.0,188155.34,5644.66,193800.0,"Net Wt: 12.310 Gm.@Rate 14,280.00/Gm.",,Sale,0,1,0
116189,1,H23103002690,102,103,235,102,102,103,2.46,0.0,2.46,14280.0,0.0,0.0,2535.0,0.0,0.0,0.0,0.0,200.0,37864.08,0.0,37864.08,1135.92,39000.0,"Net Wt: 2.460 Gm.@Rate 14,280.00/Gm.",,Sale,0,1,0
117188,1,O25103004462,102,103,338,102,102,103,3.14,0.0,3.14,14300.0,0.0,0.0,3150.43,0.0,0.0,0.0,0.0,200.0,48252.43,0.0,48252.43,1447.58,49700.0,"Net Wt: 3.140 Gm.@Rate 14,300.00/Gm.",,Sale,0,1,0
117188,2,H26104001565,102,104,351,102,109,111,7.44,0.0,7.44,260.0,0.0,0.0,298.61,0.0,0.0,0.0,0.0,0.0,2233.01,0.0,2233.01,67.0,2300.0,Net Wt: 7.440 Gm.@Rate 260.00/Gm.,,Sale,0,1,0
117189,1,H26103004806,102,103,331,102,102,103,1.28,0.0,1.28,14300.0,0.0,0.0,913.49,0.0,0.0,0.0,0.0,200.0,19417.49,0.0,19417.49,582.52,20000.01,"Net Wt: 1.280 Gm.@Rate 14,300.00/Gm.",,Sale,0,1,0
117189,2,H26104001566,102,104,440,101,109,111,4.0,0.0,4.0,260.0,0.0,0.0,3814.37,0.0,0.0,0.0,0.0,0.0,4854.37,0.0,4854.37,145.64,5000.0,Net Wt: 4.000 Gm.@Rate 260.00/Gm.,,Sale,0,1,0
117190,1,H25103004029,102,103,331,102,102,103,5.63,0.0,5.63,14300.0,0.0,0.0,5698.77,0.0,0.0,0.0,0.0,200.0,86407.77,0.0,86407.77,2592.24,89000.0,"Net Wt: 5.630 Gm.@Rate 14,300.00/Gm.",,Sale,0,1,0
117190,2,H26104001567,102,104,151,150,109,111,5.11,0.0,5.11,260.0,0.0,0.0,-357.73,0.0,0.0,0.0,0.0,0.0,970.87,0.0,970.87,29.12,1000.0,Net Wt: 5.110 Gm.@Rate 260.00/Gm.,,Sale,0,1,0
117191,1,H26103004864,102,103,116,102,102,103,2.05,0.0,2.05,14300.0,0.0,0.0,3009.27,0.0,0.0,0.0,0.0,200.0,32524.27,0.0,32524.27,975.72,33500.0,"Net Wt: 2.050 Gm.@Rate 14,300.00/Gm.",,Sale,0,1,0
117192,1,L25103004220,102,103,331,102,102,103,2.76,0.0,2.76,14300.0,0.0,0.0,3050.45,0.0,0.0,0.0,0.0,200.0,42718.45,0.0,42718.45,1281.56,44000.0,"Net Wt: 2.760 Gm.@Rate 14,300.00/Gm.",,Sale,0,1,0
117193,1,F26103004608,102,103,331,102,102,103,2.19,0.0,2.19,14300.0,0.0,0.0,2463.58,0.0,0.0,0.0,0.0,200.0,33980.58,0.0,33980.58,1019.42,35000.0,"Net Wt: 2.190 Gm.@Rate 14,300.00/Gm.",,Sale,0,1,0
117193,2,H26104001568,102,104,151,150,109,111,6.5,0.0,6.5,260.0,0.0,0.0,251.75,0.0,0.0,0.0,0.0,0.0,1941.75,0.0,1941.75,58.26,2000.0,Net Wt: 6.500 Gm.@Rate 260.00/Gm.,,Sale,0,1,0
117194,1,H26104001569,102,104,130,132,109,111,1.19,0.0,1.19,260.0,0.02,0.0,2117.78,0.0,0.0,0.0,0.0,0.0,2427.18,0.0,2427.18,72.82,2500.0,Net Wt: 1.190 Gm.@Rate 260.00/Gm.,,Sale,0,1,0
118194,1,F20103001047,102,103,107,102,102,103,1.7,0.0,1.7,14300.0,0.0,0.0,1703.59,0.0,0.0,0.0,0.0,200.0,26213.59,0.0,26213.59,786.4,27000.0,"Net Wt: 1.700 Gm.@Rate 14,300.00/Gm.",,Sale,0,1,0
118195,1,F26103004620,102,103,420,102,103,104,2.33,0.0,2.33,12800.0,0.0,0.0,2014.83,0.0,0.0,0.0,0.0,200.0,32038.83,0.0,32038.83,961.16,32999.99,"Net Wt: 2.330 Gm.@Rate 12,800.00/Gm.",,Sale,0,1,0
118195,2,F26103004656,102,103,101,102,103,104,15.82,0.0,15.82,12800.0,0.0,0.0,14003.03,0.0,0.0,0.0,0.0,200.0,216699.03,0.0,216699.03,6500.98,223200.0,"Net Wt: 15.820 Gm.@Rate 12,800.00/Gm.",,Sale,0,1,0
118195,3,H25103004087,102,103,115,102,103,104,1.12,0.0,1.12,12800.0,0.0,0.0,997.98,0.0,0.0,0.0,0.0,200.0,15533.98,0.0,15533.98,466.02,16000.0,"Net Wt: 1.120 Gm.@Rate 12,800.00/Gm.",,Sale,0,1,0
118196,1,N25103004402,102,103,102,102,102,103,4.52,0.0,4.52,14300.0,0.0,0.0,4484.39,0.0,0.0,0.0,0.0,200.0,69320.39,0.0,69320.39,2079.62,71400.0,"Net Wt: 4.520 Gm.@Rate 14,300.00/Gm.",,Sale,0,1,0
118197,1,O25103004514,102,103,116,102,102,103,0.55,0.0,0.55,14300.0,0.0,0.0,575.78,0.0,0.0,0.0,0.0,200.0,8640.78,0.0,8640.78,259.22,8900.0,"Net Wt: 0.550 Gm.@Rate 14,300.00/Gm.",,Sale,0,1,0
118198,1,F25103003832,102,103,420,102,103,104,1.74,0.0,1.74,12800.0,0.0,0.0,1508.58,0.0,0.0,0.0,0.0,200.0,23980.58,0.0,23980.58,719.42,24700.0,"Net Wt: 1.740 Gm.@Rate 12,800.00/Gm.",,Sale,0,1,0
118199,1,E26103004570,102,103,235,102,102,103,2.44,0.0,2.44,14300.0,0.0,0.0,2383.73,0.0,0.0,0.0,0.0,200.0,37475.73,0.0,37475.73,1124.28,38600.0,"Net Wt: 2.440 Gm.@Rate 14,300.00/Gm.",,Sale,0,1,0
118200,1,E26103004564,102,103,331,102,102,103,2.99,0.0,2.99,14300.0,0.0,0.0,2965.33,0.0,0.0,0.0,0.0,200.0,45922.33,0.0,45922.33,1377.66,47300.0,"Net Wt: 2.990 Gm.@Rate 14,300.00/Gm.",,Sale,0,1,0
118201,1,F23103002561,102,103,331,102,102,103,2.64,0.0,2.64,14300.0,0.0,0.0,2630.52,0.0,0.0,0.0,0.0,200.0,40582.52,0.0,40582.52,1217.48,41800.0,"Net Wt: 2.640 Gm.@Rate 14,300.00/Gm.",,Sale,0,1,0
118202,1,H26103004803,102,103,331,102,102,103,2.71,0.0,2.71,14300.0,0.0,0.0,2697.49,0.0,0.0,0.0,0.0,200.0,41650.49,0.0,41650.49,1249.52,42900.0,"Net Wt: 2.710 Gm.@Rate 14,300.00/Gm.",,Sale,0,1,0
118202,2,H25103003979,102,103,331,102,102,103,2.91,0.0,2.91,14300.0,0.0,0.0,2847.19,0.0,0.0,0.0,0.0,200.0,44660.19,0.0,44660.19,1339.8,46000.0,"Net Wt: 2.910 Gm.@Rate 14,300.00/Gm.",,Sale,0,1,0
118203,1,H26104001570,102,104,324,102,109,111,2.0,0.0,2.0,260.0,0.0,0.0,353.79,0.0,0.0,0.0,0.0,0.0,873.79,0.0,873.79,26.22,900.0,Net Wt: 2.000 Gm.@Rate 260.00/Gm.,,Sale,0,1,0
118204,1,H26103004875,102,103,101,102,102,103,3.26,0.0,3.26,14100.0,0.0,0.0,5975.75,0.0,0.0,0.0,0.0,0.0,51941.75,0.0,51941.75,1558.26,53500.0,"Net Wt: 3.260 Gm.@Rate 14,100.00/Gm.",,Sale,0,1,0
119204,1,N25103004337,102,103,235,102,102,103,1.53,0.0,1.53,13800.0,0.0,0.0,1501.53,0.0,0.0,0.0,0.0,200.0,22815.53,0.0,22815.53,684.46,23500.0,"Net Wt: 1.530 Gm.@Rate 13,800.00/Gm.",,Sale,0,1,0
119205,1,H26103004822,102,103,331,102,102,103,1.62,0.0,1.62,13800.0,0.0,0.0,1230.41,0.0,0.0,0.0,0.0,200.0,23786.41,0.0,23786.41,713.6,24500.0,"Net Wt: 1.620 Gm.@Rate 13,800.00/Gm.",,Sale,0,1,0
119206,1,P25103004545,102,103,419,102,102,103,1.24,0.0,1.24,14000.0,0.0,0.0,886.6,0.0,0.0,0.0,0.0,200.0,18446.6,0.0,18446.6,553.4,19000.0,"Net Wt: 1.240 Gm.@Rate 14,000.00/Gm.",,Sale,0,1,0
119207,1,F26103004606,102,103,331,102,102,103,1.51,0.0,1.51,14000.0,0.0,0.0,1378.45,0.0,0.0,0.0,0.0,200.0,22718.45,0.0,22718.45,681.56,23400.0,"Net Wt: 1.510 Gm.@Rate 14,000.00/Gm.",,Sale,0,1,0
119208,1,I25103004116,102,103,115,102,102,103,4.95,0.0,4.95,13900.0,0.0,0.0,5509.56,0.0,0.0,0.0,0.0,200.0,74514.56,0.0,74514.56,2235.44,76750.0,"Net Wt: 4.950 Gm.@Rate 13,900.00/Gm.",,Sale,0,1,0
119209,1,O23103003101,102,103,110,102,103,104,3.47,0.0,3.47,12500.0,0.0,0.0,4751.21,0.0,0.0,0.0,0.0,1000.0,49126.21,0.0,49126.21,1473.78,50600.0,"Net Wt: 3.470 Gm.@Rate 12,500.00/Gm.",,Sale,0,1,0
119209,2,H26103004792,102,103,419,102,103,104,1.56,0.0,1.56,12500.0,0.0,0.0,2144.66,0.0,0.0,0.0,0.0,200.0,21844.66,0.0,21844.66,655.34,22500.0,"Net Wt: 1.560 Gm.@Rate 12,500.00/Gm.",,Sale,0,1,0
119209,3,G26103004756,102,103,116,102,102,103,4.77,0.0,4.77,13900.0,0.0,0.0,7283.41,0.0,0.0,0.0,0.0,200.0,73786.41,0.0,73786.41,2213.6,76000.0,"Net Wt: 4.770 Gm.@Rate 13,900.00/Gm.",,Sale,0,1,0
119209,4,I26104001571,102,104,353,102,109,111,12.7,0.0,12.7,260.0,0.0,0.0,8348.49,0.0,0.0,0.0,0.0,0.0,11650.49,0.0,11650.49,349.52,12000.0,Net Wt: 12.700 Gm.@Rate 260.00/Gm.,,Sale,0,1,0
119210,1,F26103004623,102,103,235,102,102,103,1.56,0.0,1.56,13970.0,0.0,0.0,2764.08,0.0,0.0,0.0,0.0,200.0,24757.28,0.0,24757.28,742.72,25500.0,"Net Wt: 1.560 Gm.@Rate 13,970.00/Gm.",,Sale,0,1,0
119211,1,F26103004663,102,103,102,102,102,103,4.99,0.0,4.99,14300.0,0.0,0.0,8054.65,0.0,0.0,0.0,0.0,200.0,79611.65,0.0,79611.65,2388.34,82000.0,"Net Wt: 4.990 Gm.@Rate 14,300.00/Gm.",,Sale,0,1,0
119212,1,O23103003123,102,103,374,102,102,103,1.82,0.0,1.82,13960.0,0.0,0.0,3519.01,0.0,0.0,0.0,0.0,200.0,29126.21,0.0,29126.21,873.78,30000.0,"Net Wt: 1.820 Gm.@Rate 13,960.00/Gm.",,Sale,0,1,0
119213,1,M25103004311,102,103,419,102,103,104,2.64,0.0,2.64,12000.0,0.0,0.0,2003.5,0.0,0.0,0.0,0.0,200.0,33883.5,0.0,33883.5,1016.5,34900.01,"Net Wt: 2.640 Gm.@Rate 12,000.00/Gm.",,Sale,0,1,0
119214,1,I26104001572,102,104,351,102,109,111,24.47,0.0,24.47,260.0,0.0,0.0,2278.58,0.0,0.0,0.0,0.0,0.0,8640.78,0.0,8640.78,259.22,8900.0,Net Wt: 24.470 Gm.@Rate 260.00/Gm.,,Sale,0,1,0
119215,1,O25103004459,102,103,338,102,102,103,4.05,0.0,4.05,14000.0,0.0,0.0,4556.31,0.0,0.0,0.0,0.0,200.0,61456.31,0.0,61456.31,1843.68,63300.0,"Net Wt: 4.050 Gm.@Rate 14,000.00/Gm.",,Sale,0,1,0
119215,2,H25103004020,102,103,235,102,102,103,5.99,0.0,5.99,14000.0,0.0,0.0,6716.7,0.0,0.0,0.0,0.0,200.0,90776.7,0.0,90776.7,2723.3,93500.0,"Net Wt: 5.990 Gm.@Rate 14,000.00/Gm.",,Sale,0,1,0
119215,3,F26103004619,102,103,420,102,103,104,3.74,0.0,3.74,13000.0,0.0,0.0,3898.45,0.0,0.0,0.0,0.0,200.0,52718.45,0.0,52718.45,1581.56,54300.0,"Net Wt: 3.740 Gm.@Rate 13,000.00/Gm.",,Sale,0,1,0
119216,1,H26103004856,102,103,114,102,102,103,11.15,0.0,11.15,14000.0,0.0,0.0,12340.37,0.0,0.0,0.0,0.0,200.0,168640.37,0.0,168640.37,5059.22,173699.58,"Net Wt: 11.150 Gm.@Rate 14,000.00/Gm.",,Sale,0,1,0
119216,2,N25103004392,102,103,235,102,102,103,1.78,0.0,1.78,14000.0,0.0,0.0,2255.73,0.0,0.0,0.0,0.0,300.0,27475.73,0.0,27475.73,824.28,28300.0,"Net Wt: 1.780 Gm.@Rate 14,000.00/Gm.",,Sale,0,1,0
119217,1,H26103004784,102,103,406,102,103,104,3.19,0.0,3.19,14200.0,0.0,0.0,1728.38,0.0,0.0,0.0,0.0,61.0,47087.38,0.0,47087.38,1412.62,48500.0,"Net Wt: 3.190 Gm.@Rate 14,200.00/Gm.",,Sale,0,1,0
119218,1,K25103004169,102,103,116,102,102,103,1.35,0.0,1.35,14900.0,0.0,0.0,2985.97,0.0,0.0,0.0,0.0,200.0,23300.97,0.0,23300.97,699.02,24000.0,"Net Wt: 1.350 Gm.@Rate 14,900.00/Gm.",,Sale,0,1,0
119219,1,H25103004038,102,103,116,102,102,103,1.06,0.0,1.06,14950.0,0.0,0.0,2059.8,0.0,0.0,0.0,0.0,200.0,18106.8,0.0,18106.8,543.2,18650.0,"Net Wt: 1.060 Gm.@Rate 14,950.00/Gm.",,Sale,0,1,0
120219,1,H26103004847,102,103,102,102,102,103,3.68,0.0,3.68,14400.0,0.0,0.0,5060.43,0.0,0.0,0.0,0.0,200.0,58252.43,0.0,58252.43,1747.58,60000.0,"Net Wt: 3.680 Gm.@Rate 14,400.00/Gm.",,Sale,0,1,0
120220,1,N24103003653,102,103,102,102,102,103,3.56,0.0,3.56,14400.0,0.0,0.0,6302.99,0.0,0.0,0.0,0.0,200.0,57766.99,0.0,57766.99,1733.0,59500.0,"Net Wt: 3.560 Gm.@Rate 14,400.00/Gm.",,Sale,0,1,0
120220,2,H26103004847,102,103,102,102,102,103,3.68,0.0,3.68,14400.0,0.0,0.0,5060.43,0.0,0.0,0.0,0.0,200.0,58252.43,0.0,58252.43,1747.58,60000.0,"Net Wt: 3.680 Gm.@Rate 14,400.00/Gm.",,Return,0,1,0
121220,1,O25103004493,102,103,235,102,102,103,1.4,0.0,1.4,14400.0,0.0,0.0,3911.84,0.0,0.0,0.0,0.0,200.0,24271.84,0.0,24271.84,728.16,25000.0,"Net Wt: 1.400 Gm.@Rate 14,400.00/Gm.",,Sale,0,1,0
121221,1,L24103003513,102,103,115,102,103,104,0.69,0.0,0.69,13000.0,0.0,0.0,3936.8,0.0,0.0,0.0,0.0,200.0,13106.8,0.0,13106.8,393.2,13500.0,"Net Wt: 0.690 Gm.@Rate 13,000.00/Gm.",,Sale,0,1,0
121222,1,H26103004801,102,103,419,102,103,104,1.05,0.0,1.05,13000.0,0.0,0.0,1683.98,0.0,0.0,0.0,0.0,200.0,15533.98,0.0,15533.98,466.02,16000.0,"Net Wt: 1.050 Gm.@Rate 13,000.00/Gm.",,Sale,0,1,0
122221,1,E26103004573,102,103,235,102,102,103,2.31,0.0,2.31,14500.0,0.0,0.0,3198.2,0.0,0.0,0.0,0.0,200.0,36893.2,0.0,36893.2,1106.8,38000.0,"Net Wt: 2.310 Gm.@Rate 14,500.00/Gm.",,Sale,0,1,0
122222,1,I26103004885,102,103,406,102,103,104,1.32,0.0,1.32,13000.0,0.0,0.0,3028.35,0.0,0.0,0.0,0.0,200.0,20388.35,0.0,20388.35,611.66,21000.0,"Net Wt: 1.320 Gm.@Rate 13,000.00/Gm.",,Sale,0,1,0
122222,2,H26103004801,102,103,419,102,103,104,1.05,0.0,1.05,13000.0,0.0,0.0,1684.0,0.0,0.0,0.0,0.0,200.0,15533.98,0.0,15533.98,466.02,16000.0,"Net Wt: 1.050 Gm.@Rate 13,000.00/Gm.",,Return,0,1,0
122223,1,L25103004217,102,103,331,102,102,103,2.54,0.0,2.54,13900.0,0.0,0.0,2458.08,0.0,0.0,0.0,0.0,100.0,37864.08,0.0,37864.08,1135.92,39000.0,"Net Wt: 2.540 Gm.@Rate 13,900.00/Gm.",,Sale,0,1,0
122223,2,H26103004804,102,103,331,102,102,103,1.26,0.0,1.26,13900.0,0.0,0.0,832.6,0.0,0.0,0.0,0.0,100.0,18446.6,0.0,18446.6,553.4,19000.0,"Net Wt: 1.260 Gm.@Rate 13,900.00/Gm.",,Sale,0,1,0
122224,1,H26103004787,102,103,419,102,103,104,1.71,0.0,1.71,12000.0,0.0,0.0,2096.0,0.0,0.0,0.0,0.0,200.0,22815.53,0.0,22815.53,684.46,23500.0,"Net Wt: 1.710 Gm.@Rate 12,000.00/Gm.",,Sale,0,1,0
123224,1,H26103004791,102,103,419,102,103,104,1.09,0.0,1.09,11900.0,0.0,0.0,1100.84,0.0,0.0,0.0,0.0,200.0,14271.84,0.0,14271.84,428.16,14700.0,"Net Wt: 1.090 Gm.@Rate 11,900.00/Gm.",,Sale,0,1,0
123225,1,F26103004617,102,103,116,102,102,103,8.0,0.0,8.0,14600.0,0.0,0.0,11679.61,0.0,0.0,0.0,0.0,200.0,128679.61,0.0,128679.61,3860.38,132540.0,"Net Wt: 8.000 Gm.@Rate 14,600.00/Gm.",,Sale,0,1,0
123226,1,F26103004618,102,103,235,102,102,103,4.83,0.0,4.83,14600.0,0.0,0.0,7048.99,0.0,0.0,0.0,0.0,200.0,77766.99,0.0,77766.99,2333.0,80100.0,"Net Wt: 4.830 Gm.@Rate 14,600.00/Gm.",,Sale,0,1,0
123227,1,J26103004887,102,103,112,102,102,103,12.1,0.0,12.1,14600.0,0.0,0.0,17664.27,0.0,0.0,0.0,0.0,200.0,194524.27,0.0,194524.27,5835.72,200360.0,"Net Wt: 12.100 Gm.@Rate 14,600.00/Gm.",,Sale,0,1,0
124225,1,J25103004149,102,103,107,102,102,103,2.54,0.0,2.54,13950.0,0.0,0.0,2036.9,0.0,0.0,0.0,0.0,200.0,37669.9,0.0,37669.9,1130.1,38800.0,"Net Wt: 2.540 Gm.@Rate 13,950.00/Gm.",,Sale,0,1,0
124225,2,J26103004888,102,103,106,102,102,103,0.4,0.0,0.4,13950.0,0.0,0.0,439.42,0.0,0.0,0.0,0.0,0.0,6019.42,0.0,6019.42,180.58,6200.0,"Net Wt: 0.400 Gm.@Rate 13,950.00/Gm.",,Sale,0,1,0
124226,1,H26103004833,102,103,102,102,102,103,6.24,0.0,6.24,13400.0,0.0,0.0,5504.0,0.0,0.0,0.0,0.0,200.0,89320.39,0.0,89320.39,2679.62,92000.0,"Net Wt: 6.240 Gm.@Rate 13,400.00/Gm.",,Sale,0,1,0
124227,1,F26103004636,102,103,112,102,102,103,8.01,0.0,8.01,13470.0,0.0,0.0,6468.41,0.0,0.0,0.0,0.0,200.0,114563.11,0.0,114563.11,3436.9,118000.0,"Net Wt: 8.010 Gm.@Rate 13,470.00/Gm.",,Sale,0,1,0
125227,1,L24103003523,102,103,107,102,103,104,2.11,0.0,2.11,12800.0,0.0,0.0,21336.0,0.0,0.0,0.0,0.0,200.0,48543.69,0.0,48543.69,1456.32,50000.0,"Net Wt: 2.110 Gm.@Rate 12,800.00/Gm.",,Sale,0,1,0
125228,1,H26103004852,102,103,114,102,102,103,10.36,0.0,10.36,13230.0,0.0,0.0,8368.27,0.0,0.0,0.0,0.0,200.0,145631.07,0.0,145631.07,4368.94,150000.0,"Net Wt: 10.360 Gm.@Rate 13,230.00/Gm.",,Sale,0,1,0
125229,1,F25103003826,102,103,107,102,102,103,6.2,0.0,6.2,13350.0,0.0,0.0,4059.13,0.0,0.0,0.0,0.0,12200.0,99029.13,0.0,99029.13,2970.88,102000.0,"Net Wt: 6.200 Gm.@Rate 13,350.00/Gm.",,Sale,0,1,0
125230,1,H26103004854,102,103,114,102,102,103,8.5,0.0,8.5,12950.0,0.0,0.0,6229.85,0.0,0.0,0.0,0.0,200.0,116504.85,0.0,116504.85,3495.14,120000.0,"Net Wt: 8.500 Gm.@Rate 12,950.00/Gm.",,Sale,0,1,0
125230,2,H26103004814,102,103,331,102,102,103,1.44,0.0,1.44,12950.0,0.0,0.0,763.74,0.0,0.0,0.0,0.0,200.0,19611.74,0.0,19611.74,588.36,20200.09,"Net Wt: 1.440 Gm.@Rate 12,950.00/Gm.",,Sale,0,1,0
125231,1,N25103004414,102,103,235,102,102,103,2.44,0.0,2.44,12950.0,0.0,0.0,2862.19,0.0,0.0,0.0,0.0,200.0,34660.19,0.0,34660.19,1039.8,35700.0,"Net Wt: 2.440 Gm.@Rate 12,950.00/Gm.",,Sale,0,1,0
125232,1,H26103004810,102,103,331,102,102,103,2.25,0.0,2.25,12950.0,0.0,0.0,3186.77,0.0,0.0,0.0,0.0,200.0,32524.27,0.0,32524.27,975.72,33500.0,"Net Wt: 2.250 Gm.@Rate 12,950.00/Gm.",,Sale,0,1,0
125233,1,O25103004522,102,103,116,102,102,103,0.61,0.0,0.61,13000.0,0.0,0.0,316.6,0.0,0.0,0.0,0.0,200.0,8446.6,0.0,8446.6,253.4,8700.0,"Net Wt: 0.610 Gm.@Rate 13,000.00/Gm.",,Sale,0,1,0
125236,1,H24103003303,102,103,235,102,102,103,3.24,0.0,3.24,13100.0,0.0,0.0,3860.85,0.0,0.0,0.0,0.0,200.0,46504.85,0.0,46504.85,1395.14,47900.0,"Net Wt: 3.240 Gm.@Rate 13,100.00/Gm.",,Sale,0,1,0
125234,1,E26103004566,102,103,331,102,102,103,3.47,0.0,3.47,13550.0,0.0,0.0,3072.45,0.0,0.0,0.0,0.0,200.0,50290.95,0.0,50290.95,1508.72,51799.68,"Net Wt: 3.470 Gm.@Rate 13,550.00/Gm.",,Sale,0,1,0
125234,2,G26103004727,102,103,110,102,102,103,2.94,0.0,2.94,13550.0,0.0,0.0,3052.0,0.0,0.0,0.0,0.0,800.0,43689.35,0.0,43689.35,1310.68,45000.03,"Net Wt: 2.940 Gm.@Rate 13,550.00/Gm.",,Sale,0,1,0
125234,3,J26103004889,102,103,101,102,102,103,32.82,0.0,32.82,13550.0,0.0,0.0,29555.02,0.0,0.0,0.0,0.0,200.0,474466.02,0.0,474466.02,14233.98,488700.0,"Net Wt: 32.820 Gm.@Rate 13,550.00/Gm.",,Sale,0,1,0
125234,4,J26103004890,102,103,241,102,102,103,7.01,0.0,7.01,13550.0,0.0,0.0,6270.81,0.0,0.0,0.0,0.0,200.0,101456.31,0.0,101456.31,3043.68,104500.0,"Net Wt: 7.010 Gm.@Rate 13,550.00/Gm.",,Sale,0,1,0
125235,1,F26103004634,102,103,112,102,102,103,4.01,0.0,4.01,13300.0,0.0,0.0,3942.73,0.0,0.0,0.0,0.0,200.0,57475.73,0.0,57475.73,1724.28,59200.0,"Net Wt: 4.010 Gm.@Rate 13,300.00/Gm.",,Sale,0,1,0
125237,1,F25103003877,102,103,103,102,103,104,1.52,0.0,1.52,11500.0,0.0,0.0,1252.04,0.0,0.0,0.0,0.0,200.0,18932.04,0.0,18932.04,567.96,19500.0,"Net Wt: 1.520 Gm.@Rate 11,500.00/Gm.",,Sale,0,1,0
125238,1,O25103004490,102,103,101,102,102,103,12.34,0.0,12.34,13100.0,0.0,0.0,16300.91,0.0,0.0,0.0,0.0,200.0,178154.91,0.0,178154.91,5344.64,183499.56,"Net Wt: 12.340 Gm.@Rate 13,100.00/Gm.",,Sale,0,1,0
125238,2,H25103003975,102,103,331,102,102,103,3.57,0.0,3.57,13100.0,0.0,0.0,5459.69,0.0,0.0,0.0,0.0,200.0,52426.69,0.0,52426.69,1572.8,53999.49,"Net Wt: 3.570 Gm.@Rate 13,100.00/Gm.",,Sale,0,1,0
125239,1,H26103004835,102,103,102,102,102,103,2.97,0.0,2.97,13000.0,0.01,0.0,3031.75,0.0,0.0,0.0,0.0,300.0,41941.75,0.0,41941.75,1258.26,43200.0,"Net Wt: 2.970 Gm.@Rate 13,000.00/Gm.",,Sale,0,1,0
125240,1,G26103004726,102,103,110,102,102,103,0.7,0.0,0.7,13400.0,0.0,0.0,505.44,0.0,0.0,0.0,0.0,600.0,10485.44,0.0,10485.44,314.56,10800.0,"Net Wt: 0.700 Gm.@Rate 13,400.00/Gm.",,Sale,0,1,0
125241,1,K26104001573,102,104,351,102,109,111,11.8,0.0,11.8,250.0,0.0,0.0,836.41,0.0,0.0,0.0,0.0,0.0,3786.41,0.0,3786.41,113.6,3900.0,Net Wt: 11.800 Gm.@Rate 250.00/Gm.,,Sale,0,1,0
125242,1,H25103004057,102,103,420,102,103,104,1.98,0.0,1.98,11900.0,0.0,0.0,2451.59,0.0,0.0,0.0,0.0,200.0,26213.59,0.0,26213.59,786.4,27000.0,"Net Wt: 1.980 Gm.@Rate 11,900.00/Gm.",,Sale,0,1,0
125243,1,G26103004736,102,103,115,102,102,103,2.56,0.0,2.56,13120.0,0.0,0.0,3397.0,0.0,0.0,0.0,0.0,200.0,37184.47,0.0,37184.47,1115.54,38300.0,"Net Wt: 2.560 Gm.@Rate 13,120.00/Gm.",,Sale,0,1,0
125243,2,M25103004315,102,103,407,102,103,104,1.37,0.0,1.37,11000.0,0.0,0.0,1720.0,0.0,0.0,0.0,0.0,200.0,16990.29,0.0,16990.29,509.7,17500.0,"Net Wt: 1.370 Gm.@Rate 11,000.00/Gm.",,Sale,0,1,0
125243,3,O23104001023,102,104,119,121,110,115,73.9,0.0,73.9,240.0,0.0,0.0,3623.22,0.0,0.0,0.0,0.0,0.0,21359.22,0.0,21359.22,640.78,22000.0,Net Wt: 73.900 Gm.@Rate 240.00/Gm.,,Sale,0,1,0
125243,4,K26104001574,102,104,151,150,109,111,7.0,0.0,7.0,240.0,0.0,0.0,261.75,0.0,0.0,0.0,0.0,0.0,1941.75,0.0,1941.75,58.26,2000.0,Net Wt: 7.000 Gm.@Rate 240.00/Gm.,,Sale,0,1,0
125244,1,K26103004908,102,103,176,102,102,103,1.29,0.0,1.29,14500.0,0.0,0.0,-258.4,0.0,0.0,0.0,0.0,0.0,18446.6,0.0,18446.6,553.4,19000.0,"Net Wt: 1.290 Gm.@Rate 14,500.00/Gm.",,Sale,0,1,0
125245,1,K26104001575,102,104,119,121,109,111,10.28,0.0,10.28,240.0,0.0,0.0,736.68,0.0,0.0,0.0,0.0,0.0,3203.88,0.0,3203.88,96.12,3300.0,Net Wt: 10.280 Gm.@Rate 240.00/Gm.,,Sale,0,1,0
126243,1,K26104001576,102,104,151,150,109,111,5.51,0.0,5.51,240.0,0.0,0.0,328.09,0.0,0.0,0.0,0.0,0.0,1650.49,0.0,1650.49,49.52,1700.0,Net Wt: 5.510 Gm.@Rate 240.00/Gm.,,Sale,0,1,0
126243,2,K26104001577,102,104,134,162,109,111,1.32,0.0,1.32,240.0,0.0,0.0,411.36,0.0,0.0,0.0,0.0,0.0,728.16,0.0,728.16,21.84,750.0,Net Wt: 1.320 Gm.@Rate 240.00/Gm.,,Sale,0,1,0
126244,1,O23103003151,102,103,235,102,102,103,3.2,0.0,3.2,13320.0,0.0,0.0,3390.0,0.0,0.0,0.0,0.0,200.0,46213.59,0.0,46213.59,1386.4,47600.0,"Net Wt: 3.200 Gm.@Rate 13,320.00/Gm.",,Sale,0,1,0
126245,1,G26103004738,102,103,115,102,102,103,1.25,0.0,1.25,13350.0,0.0,0.0,1073.67,0.0,0.0,0.0,0.0,200.0,17961.17,0.0,17961.17,538.84,18500.01,"Net Wt: 1.250 Gm.@Rate 13,350.00/Gm.",,Sale,0,1,0
127244,1,H25103004078,102,103,115,102,103,104,2.06,0.0,2.06,11200.0,0.0,0.0,1485.0,0.0,0.0,0.0,0.0,200.0,24757.28,0.0,24757.28,742.72,25500.0,"Net Wt: 2.060 Gm.@Rate 11,200.00/Gm.",,Sale,0,1,0
127245,1,L26104001578,102,104,151,150,109,111,3.54,0.0,3.54,240.0,0.0,0.0,121.27,0.0,0.0,0.0,0.0,0.0,970.87,0.0,970.87,29.12,1000.0,Net Wt: 3.540 Gm.@Rate 240.00/Gm.,,Sale,0,1,0
127246,1,H23103002771,102,103,110,102,102,103,6.39,0.0,6.39,13290.0,0.0,0.0,7466.22,0.0,0.0,0.0,0.0,1300.0,93689.32,0.0,93689.32,2810.68,96500.0,"Net Wt: 6.390 Gm.@Rate 13,290.00/Gm.",,Sale,0,1,0
127247,1,L26103004964,102,103,331,102,102,103,7.3,0.0,7.3,13300.0,0.0,0.0,7299.32,0.0,0.0,0.0,0.0,300.0,104689.32,0.0,104689.32,3140.68,107830.0,"Net Wt: 7.300 Gm.@Rate 13,300.00/Gm.",,Sale,0,1,0
127247,2,L26103004965,102,103,113,102,102,103,5.1,0.0,5.1,13300.0,0.0,0.0,5150.58,0.0,0.0,0.0,0.0,0.0,72980.58,0.0,72980.58,2189.42,75170.0,"Net Wt: 5.100 Gm.@Rate 13,300.00/Gm.",,Sale,0,1,0
127248,1,H19103000078,102,103,331,102,102,103,2.11,0.0,2.11,13300.0,0.0,0.0,863.21,0.0,0.0,0.0,0.0,200.0,29126.21,0.0,29126.21,873.78,30000.0,"Net Wt: 2.110 Gm.@Rate 13,300.00/Gm.",,Sale,0,1,0
127249,1,L26104001579,102,104,121,123,109,111,27.1,0.0,27.1,240.0,0.0,0.0,1360.08,0.0,0.0,0.0,0.0,0.0,7864.08,0.0,7864.08,235.92,8100.0,Net Wt: 27.100 Gm.@Rate 240.00/Gm.,,Sale,0,1,0
127250,1,L26104001580,102,104,351,102,109,111,12.1,0.0,12.1,240.0,0.0,0.0,-573.9,0.0,0.0,0.0,0.0,0.0,2330.1,0.0,2330.1,69.9,2400.0,Net Wt: 12.100 Gm.@Rate 240.00/Gm.,,Sale,0,1,0
127251,1,N25103004424,102,103,112,102,102,103,21.29,0.0,21.29,13200.0,0.0,0.0,18096.27,0.0,0.0,0.0,0.0,200.0,299324.27,0.0,299324.27,8979.72,308304.0,"Net Wt: 21.290 Gm.@Rate 13,200.00/Gm.",,Sale,0,1,0
127252,1,F26103004591,102,103,102,102,102,103,265.33,0.0,265.33,13700.0,30.11,0.0,112351.82,0.0,0.0,0.0,0.0,200.0,3747572.82,0.0,3747572.82,112427.18,3860000.0,"Net Wt: 265.330 Gm.@Rate 13,700.00/Gm.",,Sale,0,35,0
127253,1,L26104001581,102,104,129,131,109,111,4.14,0.0,4.14,240.0,0.0,0.0,1089.85,0.0,0.0,0.0,0.0,635.0,2718.45,0.0,2718.45,81.56,2800.0,Net Wt: 4.140 Gm.@Rate 240.00/Gm.,,Sale,0,1,0
127254,1,L26104001582,102,104,142,143,109,111,3.38,0.0,3.38,260.0,0.0,0.0,577.51,0.0,0.0,0.0,0.0,0.0,1456.31,0.0,1456.31,43.68,1500.0,Net Wt: 3.380 Gm.@Rate 260.00/Gm.,,Sale,0,1,0
128254,1,L26104001583,102,104,127,129,109,111,0.95,0.0,0.95,250.0,0.0,0.0,150.85,0.0,0.0,0.0,0.0,0.0,388.35,0.0,388.35,11.66,400.0,Net Wt: 0.950 Gm.@Rate 250.00/Gm.,,Sale,0,1,0
128255,1,L26104001584,102,104,142,143,109,111,6.5,0.0,6.5,250.0,0.0,0.0,1773.06,0.0,0.0,0.0,0.0,0.0,3398.06,0.0,3398.06,101.94,3500.0,Net Wt: 6.500 Gm.@Rate 250.00/Gm.,,Sale,0,1,0
128255,2,L26104001585,102,104,138,102,109,111,6.8,0.0,6.8,250.0,0.0,0.0,1212.62,0.0,0.0,0.0,0.0,0.0,2912.62,0.0,2912.62,87.38,3000.0,Net Wt: 6.800 Gm.@Rate 250.00/Gm.,,Sale,0,1,0
128256,1,G26103004740,102,103,115,102,102,103,2.42,0.0,2.42,14200.0,0.0,0.0,4270.95,0.0,0.0,0.0,0.0,200.0,38834.95,0.0,38834.95,1165.04,40000.0,"Net Wt: 2.420 Gm.@Rate 14,200.00/Gm.",,Sale,0,1,0
128257,1,L26103004972,102,103,233,102,101,102,6.0,0.0,6.0,15500.0,0.0,0.0,2631.07,0.0,0.0,0.0,0.0,0.0,95631.07,0.0,95631.07,2868.94,98500.0,"Net Wt: 6.000 Gm.@Rate 15,500.00/Gm.",,Sale,0,1,0
128258,1,L26104001586,102,104,316,102,109,111,8.0,0.0,8.0,250.0,0.0,0.0,912.62,0.0,0.0,0.0,0.0,0.0,2912.62,0.0,2912.62,87.38,3000.0,Net Wt: 8.000 Gm.@Rate 250.00/Gm.,,Sale,0,1,0
129255,1,I25103004115,102,103,331,102,102,103,5.76,0.0,5.76,14600.0,0.0,0.0,6723.42,0.0,0.0,0.0,0.0,200.0,91019.42,0.0,91019.42,2730.58,93750.0,"Net Wt: 5.760 Gm.@Rate 14,600.00/Gm.",,Sale,0,1,0
129256,1,L26104001587,102,104,119,121,109,111,25.27,0.0,25.27,260.0,0.0,0.0,1196.79,0.0,0.0,0.0,0.0,0.0,7766.99,0.0,7766.99,233.0,8000.0,Net Wt: 25.270 Gm.@Rate 260.00/Gm.,,Sale,0,1,0
129256,2,L26104001588,102,104,119,121,109,111,17.15,0.0,17.15,260.0,0.0,0.0,1366.24,0.0,0.0,0.0,0.0,0.0,5825.24,0.0,5825.24,174.76,6000.0,Net Wt: 17.150 Gm.@Rate 260.00/Gm.,,Sale,0,1,0
129257,1,L26104001589,102,104,127,129,109,111,50.0,0.0,50.0,275.0,0.0,0.0,521.84,0.0,0.0,0.0,0.0,0.0,14271.84,0.0,14271.84,428.16,14700.0,Net Wt: 50.000 Gm.@Rate 275.00/Gm.,,Sale,0,1,0
129258,1,L26104001590,102,104,127,129,109,111,50.0,0.0,50.0,275.0,0.0,0.0,716.02,0.0,0.0,0.0,0.0,0.0,14466.02,0.0,14466.02,433.98,14900.0,Net Wt: 50.000 Gm.@Rate 275.00/Gm.,,Sale,0,1,0
129259,1,H25103003990,102,103,235,102,102,103,2.81,0.0,2.81,15200.0,0.0,0.0,4946.25,0.0,0.0,0.0,0.0,400.0,48058.25,0.0,48058.25,1441.74,49500.0,"Net Wt: 2.810 Gm.@Rate 15,200.00/Gm.",,Sale,0,1,0
129259,2,L26104001591,102,104,119,121,109,111,32.8,0.0,32.8,260.0,0.0,0.0,2151.61,0.0,0.0,0.0,0.0,0.0,10679.61,0.0,10679.61,320.38,11000.0,Net Wt: 32.800 Gm.@Rate 260.00/Gm.,,Sale,0,1,0
129260,1,L26104001592,102,104,353,102,109,111,3.63,0.0,3.63,275.0,0.0,0.0,1914.37,0.0,0.0,0.0,0.0,0.0,2912.62,0.0,2912.62,87.38,3000.0,Net Wt: 3.630 Gm.@Rate 275.00/Gm.,,Sale,0,1,0
129261,1,H26103004811,102,103,331,102,102,103,1.65,0.0,1.65,14800.0,0.0,0.0,1593.59,0.0,0.0,0.0,0.0,200.0,26213.59,0.0,26213.59,786.4,27000.0,"Net Wt: 1.650 Gm.@Rate 14,800.00/Gm.",,Sale,0,1,0
129262,1,L26104001593,102,104,293,102,109,111,5.0,0.0,5.0,65.0,0.0,0.0,5014.81,0.0,0.0,0.0,0.0,0.0,5339.81,0.0,5339.81,160.2,5500.0,Net Wt: 5.000 Gm.@Rate 65.00/Gm.,,Sale,0,1,0
129262,2,L26104001594,102,104,151,150,109,111,22.86,0.0,22.86,275.0,0.0,0.0,1383.4,0.0,0.0,0.0,0.0,0.0,7669.9,0.0,7669.9,230.1,7900.0,Net Wt: 22.860 Gm.@Rate 275.00/Gm.,,Sale,0,1,0
129262,3,L26104001595,102,104,440,101,109,111,8.06,0.0,8.06,275.0,0.0,0.0,501.95,0.0,0.0,0.0,0.0,0.0,2718.45,0.0,2718.45,81.56,2800.0,Net Wt: 8.060 Gm.@Rate 275.00/Gm.,,Sale,0,1,0
129262,4,L26104001596,102,104,440,101,109,111,3.52,0.0,3.52,275.0,0.0,0.0,2235.88,0.0,0.0,0.0,0.0,0.0,3203.88,0.0,3203.88,96.12,3300.0,Net Wt: 3.520 Gm.@Rate 275.00/Gm.,,Sale,0,1,0
129263,1,H26103004831,102,103,102,102,102,103,2.63,0.0,2.63,14300.0,0.0,0.0,2967.0,0.0,0.0,0.0,0.0,200.0,40776.48,0.0,40776.48,1223.3,41999.77,"Net Wt: 2.630 Gm.@Rate 14,300.00/Gm.",,Sale,0,1,0
129263,2,H26103004840,102,103,102,102,102,103,2.68,0.0,2.68,14300.0,0.0,0.0,3223.31,0.0,0.0,0.0,0.0,200.0,41747.31,0.0,41747.31,1252.42,42999.73,"Net Wt: 2.680 Gm.@Rate 14,300.00/Gm.",,Sale,0,1,0
129264,1,M26104001597,102,104,127,129,109,111,9.96,0.0,9.96,255.0,0.0,0.0,100.98,0.0,0.0,0.0,0.0,0.0,2640.78,0.0,2640.78,79.22,2720.0,Net Wt: 9.960 Gm.@Rate 255.00/Gm.,,Sale,0,1,0
129265,1,H24103003295,102,103,238,102,102,103,0.99,0.0,0.99,14500.0,0.0,0.0,687.72,0.0,0.0,0.0,0.0,200.0,15242.72,0.0,15242.72,457.28,15700.0,"Net Wt: 0.990 Gm.@Rate 14,500.00/Gm.",,Sale,0,1,0
129266,1,L26103005024,102,103,116,102,102,103,2.77,0.0,2.77,14000.0,0.0,0.0,3253.01,0.0,0.0,0.0,0.0,200.0,42233.01,0.0,42233.01,1267.0,43500.0,"Net Wt: 2.770 Gm.@Rate 14,000.00/Gm.",,Sale,0,1,0
130266,1,M26104001598,102,104,268,102,109,111,66.0,0.0,66.0,245.0,0.0,0.0,16354.27,0.0,0.0,0.0,0.0,0.0,32524.27,0.0,32524.27,975.72,33500.0,Net Wt: 66.000 Gm.@Rate 245.00/Gm.,,Sale,0,1,0
131266,1,F23103002543,102,103,331,102,102,103,7.33,0.0,7.33,14100.0,0.0,0.0,6204.28,0.0,0.0,0.0,0.0,200.0,109757.28,0.0,109757.28,3292.72,113050.0,"Net Wt: 7.330 Gm.@Rate 14,100.00/Gm.",,Sale,0,1,0
131266,2,M25103004293,102,103,107,102,102,103,5.46,0.0,5.46,14100.0,0.0,0.0,4619.83,0.0,0.0,0.0,0.0,200.0,81805.83,0.0,81805.83,2454.18,84260.0,"Net Wt: 5.460 Gm.@Rate 14,100.00/Gm.",,Sale,0,1,0
131266,3,M25103004292,102,103,107,102,102,103,3.97,0.0,3.97,14100.0,0.0,0.0,3356.98,0.0,0.0,0.0,0.0,200.0,59533.98,0.0,59533.98,1786.02,61320.0,"Net Wt: 3.970 Gm.@Rate 14,100.00/Gm.",,Sale,0,1,0
131267,1,E25103003781,102,103,107,102,102,103,2.31,0.0,2.31,7390.0,0.0,0.0,17880.56,0.0,0.0,0.0,0.0,0.0,34951.46,0.0,34951.46,1048.54,36000.0,"Net Wt: 2.310 Gm.@Rate 7,390.00/Gm.",,Sale,0,1,0
131267,2,F20103001046,102,103,107,102,102,103,3.14,0.0,3.14,14200.0,0.0,0.0,2687.73,0.0,0.0,0.0,0.0,200.0,47475.73,0.0,47475.73,1424.28,48900.0,"Net Wt: 3.140 Gm.@Rate 14,200.00/Gm.",,Sale,0,1,0
131267,3,H23103002760,102,103,331,102,102,103,4.01,0.0,4.01,14200.0,0.0,0.0,3440.52,0.0,0.0,0.0,0.0,200.0,60582.52,0.0,60582.52,1817.48,62400.0,"Net Wt: 4.010 Gm.@Rate 14,200.00/Gm.",,Sale,0,1,0
131268,1,H21103001520,102,103,331,102,102,103,3.84,0.0,3.84,14200.0,0.0,0.0,3272.0,0.0,0.0,0.0,0.0,200.0,58000.0,0.0,58000.0,1740.0,59740.0,"Net Wt: 3.840 Gm.@Rate 14,200.00/Gm.",,Sale,0,1,0
131268,2,I22103002050,102,103,107,102,102,103,4.05,0.0,4.05,14200.0,0.0,0.0,3455.05,0.0,0.0,0.0,0.0,200.0,61165.05,0.0,61165.05,1834.96,63000.0,"Net Wt: 4.050 Gm.@Rate 14,200.00/Gm.",,Sale,0,1,0
131268,3,I26103004883,102,103,101,102,103,104,8.04,0.0,8.04,14200.0,0.0,0.0,6894.14,0.0,0.0,0.0,0.0,200.0,121262.14,0.0,121262.14,3637.86,124900.0,"Net Wt: 8.040 Gm.@Rate 14,200.00/Gm.",,Sale,0,1,0
131268,4,F23103002551,102,103,331,102,102,103,3.78,0.0,3.78,14200.0,0.0,0.0,3211.38,0.0,0.0,0.0,0.0,200.0,57087.38,0.0,57087.38,1712.62,58800.0,"Net Wt: 3.780 Gm.@Rate 14,200.00/Gm.",,Sale,0,1,0
131268,5,F23103002552,102,103,331,102,102,103,2.7,0.0,2.7,14200.0,0.0,0.0,2236.7,0.0,0.0,0.0,0.0,200.0,40776.7,0.0,40776.7,1223.3,42000.0,"Net Wt: 2.700 Gm.@Rate 14,200.00/Gm.",,Sale,0,1,0
131269,1,O21103001822,102,103,116,102,102,103,4.2,0.0,4.2,14300.0,0.0,0.0,3623.5,0.0,0.0,0.0,0.0,200.0,63883.5,0.0,63883.5,1916.5,65800.01,"Net Wt: 4.200 Gm.@Rate 14,300.00/Gm.",,Sale,0,1,0
131269,2,O23103003071,102,103,116,102,102,103,3.11,0.0,3.11,14300.0,0.0,0.0,2705.64,0.0,0.0,0.0,0.0,200.0,47378.64,0.0,47378.64,1421.36,48800.0,"Net Wt: 3.110 Gm.@Rate 14,300.00/Gm.",,Sale,0,1,0
131269,3,J25103004150,102,103,107,102,102,103,3.07,0.0,3.07,14300.0,0.0,0.0,2636.86,0.0,0.0,0.0,0.0,200.0,46737.86,0.0,46737.86,1402.14,48140.0,"Net Wt: 3.070 Gm.@Rate 14,300.00/Gm.",,Sale,0,1,0
131269,4,P24103003734,102,103,235,102,102,103,2.48,0.0,2.48,14300.0,0.0,0.0,2200.08,0.0,0.0,0.0,0.0,200.0,37864.08,0.0,37864.08,1135.92,39000.0,"Net Wt: 2.480 Gm.@Rate 14,300.00/Gm.",,Sale,0,1,0
131270,1,O21103001793,102,103,116,102,102,103,2.03,0.0,2.03,14250.0,0.0,0.0,1746.29,0.0,0.0,0.0,0.0,200.0,30873.79,0.0,30873.79,926.22,31800.0,"Net Wt: 2.030 Gm.@Rate 14,250.00/Gm.",,Sale,0,1,0
131270,2,O21103001829,102,103,116,102,102,103,3.39,0.0,3.39,14250.0,0.0,0.0,2948.81,0.0,0.0,0.0,0.0,200.0,51456.31,0.0,51456.31,1543.68,53000.0,"Net Wt: 3.390 Gm.@Rate 14,250.00/Gm.",,Sale,0,1,0
131270,3,O21103001815,102,103,116,102,102,103,3.3,0.0,3.3,14250.0,0.0,0.0,2872.09,0.0,0.0,0.0,0.0,200.0,50097.09,0.0,50097.09,1502.92,51600.0,"Net Wt: 3.300 Gm.@Rate 14,250.00/Gm.",,Sale,0,1,0
131271,1,O21103001799,102,103,116,102,102,103,3.25,0.0,3.25,14100.0,0.0,0.0,2751.7,0.0,0.0,0.0,0.0,200.0,48776.7,0.0,48776.7,1463.3,50240.0,"Net Wt: 3.250 Gm.@Rate 14,100.00/Gm.",,Sale,0,1,0
131271,2,H23103002833,102,103,103,102,102,103,3.25,0.0,3.25,14100.0,0.0,0.0,2751.7,0.0,0.0,0.0,0.0,200.0,48776.7,0.0,48776.7,1463.3,50240.0,"Net Wt: 3.250 Gm.@Rate 14,100.00/Gm.",,Sale,0,1,0
131272,1,M26104001599,102,104,351,102,109,111,16.08,0.0,16.08,253.0,0.0,0.0,786.13,0.0,0.0,0.0,0.0,0.0,4854.37,0.0,4854.37,145.64,5000.0,Net Wt: 16.080 Gm.@Rate 253.00/Gm.,,Sale,0,1,0
132272,1,N25103004404,102,103,102,102,102,103,3.34,0.0,3.34,14300.0,0.0,0.0,5436.06,0.0,0.0,0.0,0.0,200.0,53398.06,0.0,53398.06,1601.94,55000.0,"Net Wt: 3.340 Gm.@Rate 14,300.00/Gm.",,Sale,0,1,0
132273,1,L26103005011,102,103,112,102,102,103,22.1,0.0,22.1,14100.0,0.0,0.0,31160.87,0.0,0.0,0.0,0.0,200.0,342970.87,0.0,342970.87,10289.12,353260.0,"Net Wt: 22.100 Gm.@Rate 14,100.00/Gm.",,Sale,0,1,0
132273,2,L26103005010,102,103,112,102,102,103,10.06,0.0,10.06,14100.0,0.0,0.0,14167.59,0.0,0.0,0.0,0.0,200.0,156213.59,0.0,156213.59,4686.4,160900.0,"Net Wt: 10.060 Gm.@Rate 14,100.00/Gm.",,Sale,0,1,0
132274,1,O25103004453,102,103,235,102,102,103,2.25,0.0,2.25,14170.0,0.0,0.0,3160.0,0.0,0.0,0.0,0.0,200.0,35242.72,0.0,35242.72,1057.28,36300.0,"Net Wt: 2.250 Gm.@Rate 14,170.00/Gm.",,Sale,0,1,0
132274,2,O23103003070,102,103,235,102,102,103,0.33,0.0,0.33,14170.0,0.0,0.0,658.17,0.0,0.0,0.0,0.0,200.0,5534.27,0.0,5534.27,166.02,5700.3,"Net Wt: 0.330 Gm.@Rate 14,170.00/Gm.",,Sale,0,1,0
132274,3,M26103005028,102,103,404,102,102,103,0.98,0.0,0.98,11800.0,0.0,0.0,1416.58,0.0,0.0,0.0,0.0,1000.0,13980.58,0.0,13980.58,419.42,14400.0,"Net Wt: 0.980 Gm.@Rate 11,800.00/Gm.",,Sale,0,1,0
132274,4,M26104001600,102,104,119,121,109,111,25.48,0.0,25.48,253.0,0.0,0.0,1320.55,0.0,0.0,0.0,0.0,0.0,7766.99,0.0,7766.99,233.0,8000.0,Net Wt: 25.480 Gm.@Rate 253.00/Gm.,,Sale,0,1,0
132275,1,M25103004294,102,103,107,102,102,103,4.18,0.0,4.18,14100.0,0.0,0.0,3580.45,0.0,0.0,0.0,0.0,200.0,62718.45,0.0,62718.45,1881.56,64600.0,"Net Wt: 4.180 Gm.@Rate 14,100.00/Gm.",,Sale,0,1,0
132275,2,N24103003599,102,103,420,102,103,104,3.06,0.0,3.06,14100.0,0.0,0.0,2576.33,0.0,0.0,0.0,0.0,200.0,45922.33,0.0,45922.33,1377.66,47300.0,"Net Wt: 3.060 Gm.@Rate 14,100.00/Gm.",,Sale,0,1,0
132275,3,O21103001835,102,103,116,102,102,103,3.23,0.0,3.23,14100.0,0.0,0.0,2800.69,0.0,0.0,0.0,0.0,200.0,48543.69,0.0,48543.69,1456.32,50000.0,"Net Wt: 3.230 Gm.@Rate 14,100.00/Gm.",,Sale,0,1,0
132275,4,H25103004075,102,103,115,102,103,104,2.23,0.0,2.23,11800.0,0.0,0.0,1641.34,0.0,0.0,0.0,0.0,200.0,28155.34,0.0,28155.34,844.66,29000.0,"Net Wt: 2.230 Gm.@Rate 11,800.00/Gm.",,Sale,0,1,0
132276,1,O21103001819,102,103,116,102,102,103,2.63,0.0,2.63,14100.0,0.0,0.0,2231.56,0.0,0.0,0.0,0.0,200.0,39514.56,0.0,39514.56,1185.44,40700.0,"Net Wt: 2.630 Gm.@Rate 14,100.00/Gm.",,Sale,0,1,0
132276,2,O21103001841,102,103,116,102,102,103,3.34,0.0,3.34,14100.0,0.0,0.0,3191.44,0.0,0.0,0.0,0.0,200.0,50485.44,0.0,50485.44,1514.56,52000.0,"Net Wt: 3.340 Gm.@Rate 14,100.00/Gm.",,Sale,0,1,0
132276,3,J24103003416,102,103,331,102,102,103,2.31,0.0,2.31,14100.0,0.0,0.0,2180.46,0.0,0.0,0.0,0.0,200.0,34951.46,0.0,34951.46,1048.54,36000.0,"Net Wt: 2.310 Gm.@Rate 14,100.00/Gm.",,Sale,0,1,0
132277,1,N22103002317,102,103,374,102,102,103,2.11,0.0,2.11,14100.0,0.0,0.0,1796.57,0.0,0.0,0.0,0.0,200.0,31747.57,0.0,31747.57,952.42,32700.0,"Net Wt: 2.110 Gm.@Rate 14,100.00/Gm.",,Sale,0,1,0
132277,2,O21103001833,102,103,116,102,102,103,1.87,0.0,1.87,14100.0,0.0,0.0,1588.34,0.0,0.0,0.0,0.0,200.0,28155.34,0.0,28155.34,844.66,29000.0,"Net Wt: 1.870 Gm.@Rate 14,100.00/Gm.",,Sale,0,1,0
132278,1,H26103004781,102,103,114,102,103,104,3.52,0.0,3.52,11590.0,0.0,0.0,4309.0,0.0,0.0,0.0,0.0,4700.0,49805.83,0.0,49805.83,1494.18,51300.0,"Net Wt: 3.520 Gm.@Rate 11,590.00/Gm.",,Sale,0,1,0
133278,1,L24103003505,102,103,115,102,103,104,2.24,0.0,2.24,14300.0,0.0,0.0,1923.34,0.0,0.0,0.0,0.0,200.0,34155.34,0.0,34155.34,1024.66,35180.0,"Net Wt: 2.240 Gm.@Rate 14,300.00/Gm.",,Sale,0,1,0
133278,2,K25103004171,102,103,115,102,102,103,1.61,0.0,1.61,14300.0,0.0,0.0,1378.94,0.0,0.0,0.0,0.0,200.0,24601.94,0.0,24601.94,738.06,25340.0,"Net Wt: 1.610 Gm.@Rate 14,300.00/Gm.",,Sale,0,1,0
133279,1,L26103004969,102,103,235,102,102,103,2.35,0.0,2.35,14150.0,0.0,0.0,2955.27,0.0,0.0,0.0,0.0,200.0,36407.77,0.0,36407.77,1092.24,37500.0,"Net Wt: 2.350 Gm.@Rate 14,150.00/Gm.",,Sale,0,1,0
133280,1,L26103004963,102,103,338,102,102,103,3.78,0.0,3.78,14150.0,0.0,0.0,5342.13,0.0,0.0,0.0,0.0,200.0,59029.13,0.0,59029.13,1770.88,60800.0,"Net Wt: 3.780 Gm.@Rate 14,150.00/Gm.",,Sale,0,1,0
133280,2,O25103004516,102,103,116,102,102,103,0.64,0.0,0.64,14150.0,0.0,0.0,646.77,0.0,0.0,0.0,0.0,200.0,9902.77,0.0,9902.77,297.08,10199.85,"Net Wt: 0.640 Gm.@Rate 14,150.00/Gm.",,Sale,0,1,0
133281,1,M26104001601,102,104,120,122,109,111,8.75,0.0,8.75,250.0,0.0,0.0,919.3,0.0,0.0,0.0,0.0,0.0,3106.8,0.0,3106.8,93.2,3200.0,Net Wt: 8.750 Gm.@Rate 250.00/Gm.,,Sale,0,1,0
133282,1,O25103004523,102,103,116,102,102,103,0.58,0.0,0.58,14300.0,0.0,0.0,632.71,0.0,0.0,0.0,0.0,200.0,9126.71,0.0,9126.71,273.8,9400.51,"Net Wt: 0.580 Gm.@Rate 14,300.00/Gm.",,Sale,0,1,0
133282,2,O25103004460,102,103,338,102,102,103,2.73,0.0,2.73,14300.0,0.0,0.0,2993.96,0.0,0.0,0.0,0.0,200.0,42232.96,0.0,42232.96,1266.98,43499.95,"Net Wt: 2.730 Gm.@Rate 14,300.00/Gm.",,Sale,0,1,0
