TRNS_ID,MODULE_ID,USER_ID,TRNS_REF_ID,TRNS_OPERATION,TRNS_DATE
1,1014,1,1,Insert,
2,1027,1,2,Insert,
3,0,0,2,Update,
4,2242,2,2,Insert,
5,1159,2,1,Insert,
6,1147,2,1,Insert,
7,1159,2,2,Insert,
8,1151,2,1,Insert,
9,1147,2,2,Insert,
10,1147,2,2,Update,
11,1014,1,3,Insert,
12,1158,2,1,Insert,
13,1014,1,4,Insert,
14,0,0,1,Delete,
15,0,0,1,Update,
16,1159,2,3,Insert,
19,1159,2,5,Insert,
20,1151,2,3,Insert,
21,2242,2,5,Insert,
22,2242,2,5,Insert,
23,1201,2,770,Insert,
24,0,0,1,Delete,
25,0,0,0,Delete,
26,0,0,0,Delete,
27,1151,2,3,Update,
28,1159,2,7,Insert,
29,1151,2,4,Insert,
30,1159,2,8,Insert,
31,0,0,0,Delete,
32,0,0,0,Delete,
33,0,0,0,Delete,
34,1151,2,4,Update,
35,1151,2,5,Insert,
36,1159,2,9,Insert,
37,1159,1,10,Insert,
38,1147,1,3,Insert,
39,1147,1,3,Update,
40,1151,1,6,Insert,
41,1159,1,11,Insert,
42,1151,1,7,Insert,
43,1159,1,12,Insert,
44,1151,1,8,Insert,
45,1151,1,9,Insert,
46,1159,1,13,Insert,
47,1201,1,771,Insert,
48,1201,1,772,Insert,
49,1151,1,10,Insert,
50,1159,2,14,Insert,
51,1151,2,11,Insert,
52,0,0,1,Delete,
53,0,0,0,Delete,
54,0,0,0,Delete,
55,1151,2,11,Update,
56,1159,1,15,Insert,
57,0,0,0,Delete,
58,0,0,0,Delete,
59,1147,1,4,Insert,
60,1147,1,2,Update,
61,0,0,0,Delete,
62,0,0,0,Delete,
63,0,0,0,Delete,
64,1151,1,11,Update,
65,1147,1,4,Update,
66,1151,1,12,Insert,
67,1151,1,13,Insert,
68,1151,1,14,Insert,
69,1151,1,15,Insert,
70,1151,1,16,Insert,
71,1151,1,17,Insert,
72,1151,1,18,Insert,
73,1151,1,19,Insert,
74,1151,1,20,Insert,
75,1151,1,21,Insert,
76,1159,1,25,Insert,
77,1159,1,26,Insert,
78,1159,1,27,Insert,
79,1151,1,22,Insert,
80,1159,1,28,Insert,
81,1159,1,29,Insert,
82,1151,1,23,Insert,
83,1159,1,30,Insert,
84,1151,1,24,Insert,
85,1151,1,25,Insert,
86,2247,1,1,Insert,
87,1159,1,31,Insert,
88,1151,1,26,Insert,
89,1151,1,27,Insert,
90,1159,1,32,Insert,
91,2247,1,2,Insert,
92,2247,1,3,Insert,
93,2247,1,4,Insert,
94,2247,1,5,Insert,
95,1159,1,33,Insert,
96,1151,1,28,Insert,
97,1151,1,29,Insert,
98,1159,1,35,Insert,
101,1074,1,1,Insert,
102,1074,1,2,Insert,
103,1182,1,39,Insert,
104,1159,1,36,Insert,
106,1151,1,3,Insert,
107,1074,1,3,Insert,
108,1182,1,43,Insert,
109,1074,1,4,Insert,
110,1074,1,5,Insert,
111,1010,1,160,Update,
112,1010,1,126,Update,
113,1012,1,1338,Insert,
114,1012,1,1339,Insert,
115,1074,1,6,Insert,
116,1063,1,1,Insert,
117,1063,1,2,Insert,
118,1063,1,1,Update,
119,1063,1,3,Insert,
120,1066,1,1,Insert,
121,1066,1,1,Update,
122,1063,1,4,Insert,
123,1074,1,7,Insert,
124,1074,1,4,Update,
125,1074,1,6,Update,
126,1074,1,1,Insert,
127,1074,1,2,Insert,
128,1074,1,3,Insert,
130,1074,1,4,Insert,
131,1074,1,5,Insert,
134,1074,1,6,Insert,
135,1074,1,7,Insert,
138,1014,1,6,Insert,
139,1063,1,5,Insert,
140,1066,1,2,Insert,
141,1159,1,37,Insert,
142,1147,1,6,Insert,
143,1147,1,7,Insert,
144,1151,1,4,Insert,
145,1063,1,6,Insert,
146,1066,1,3,Insert,
147,1066,1,4,Insert,
148,1066,1,5,Insert,
149,1159,1,38,Insert,
150,1147,1,8,Insert,
151,1147,1,8,Update,
152,1147,1,9,Insert,
153,1147,1,10,Insert,
154,1147,1,11,Insert,
155,1151,1,5,Insert,
156,1159,1,39,Insert,
157,1151,1,6,Insert,
174,1074,1,10,Insert,
175,1159,1,40,Insert,
176,1151,1,7,Insert,
181,1151,1,8,Insert,
182,1151,1,9,Insert,
183,1147,1,12,Insert,
184,1151,1,10,Insert,
185,1151,1,11,Insert,
186,1000,1,0,Delete,
187,1000,1,0,Delete,
188,1000,1,0,Delete,
189,1000,1,0,Delete,
190,1147,1,13,Insert,
191,1014,1,7,Insert,
192,1158,1,2,Insert,
193,1000,1,0,Delete,
194,1000,1,0,Delete,
195,1000,1,0,Delete,
196,1000,1,0,Delete,
197,1000,1,0,Delete,
198,1000,1,0,Delete,
199,1000,1,0,Delete,
200,1000,1,0,Delete,
201,1000,1,0,Delete,
202,1147,1,14,Insert,
203,1147,1,15,Insert,
204,1147,1,16,Insert,
205,1147,1,17,Insert,
206,1147,1,18,Insert,
207,1147,1,19,Insert,
208,1147,1,20,Insert,
209,1147,1,21,Insert,
210,1074,1,11,Insert,
211,1159,1,41,Insert,
212,1151,1,12,Insert,
17,1159,2,4,Insert,
18,1151,2,2,Insert,
99,1151,1,1,Insert,
105,1147,1,5,Insert,
136,1074,1,8,Insert,
213,1159,1,42,Insert,
214,1151,1,13,Insert,
215,1151,1,14,Insert,
216,1151,1,15,Insert,
218,1063,1,6,Update,
219,1063,1,6,Update,
220,1063,1,6,Update,
221,1063,1,7,Insert,
222,1063,1,8,Insert,
223,1045,1,1,Insert,
224,1063,1,2,Insert,
225,1063,1,3,Insert,
226,1063,1,4,Insert,
227,1063,1,3,Update,
233,1045,1,3,Insert,
234,1063,1,6,Insert,
235,1063,1,7,Insert,
236,1063,1,8,Insert,
237,1063,1,9,Insert,
238,1063,1,10,Insert,
239,1063,1,11,Insert,
240,1000,1,0,Delete,
241,1000,1,0,Delete,
242,1000,1,0,Delete,
243,1000,1,0,Delete,
244,1000,1,0,Delete,
245,1000,1,0,Delete,
246,1000,1,0,Delete,
247,1000,1,0,Delete,
248,1000,1,0,Delete,
249,1000,1,0,Delete,
250,1000,1,0,Delete,
251,1000,1,0,Delete,
252,1000,1,0,Delete,
253,1000,1,0,Delete,
254,1000,1,0,Delete,
255,1000,1,0,Delete,
256,1000,1,0,Delete,
257,1000,1,0,Delete,
258,1000,1,0,Delete,
259,1000,1,0,Delete,
260,1000,1,0,Delete,
261,1000,1,0,Delete,
262,1000,1,0,Delete,
263,1000,1,0,Delete,
264,1000,1,0,Delete,
265,1000,1,0,Delete,
266,1000,1,0,Delete,
267,1000,1,0,Delete,
268,1000,1,0,Delete,
269,1000,1,0,Delete,
270,1000,1,0,Delete,
271,1000,1,0,Delete,
272,1000,1,0,Delete,
273,1000,1,0,Delete,
274,1159,1,43,Insert,
275,1151,1,16,Insert,
276,1159,1,44,Insert,
277,1151,1,17,Insert,
278,1014,1,4,Insert,
279,1000,1,0,Delete,
280,1000,1,0,Delete,
281,1000,1,0,Delete,
282,1000,1,0,Delete,
283,1000,1,0,Delete,
284,1000,1,0,Delete,
285,1000,1,0,Delete,
286,1182,1,99,Insert,
307,0,0,1,Delete,
308,0,0,0,Delete,
309,0,0,0,Delete,
310,1151,1,17,Update,
311,0,0,1,Delete,
312,0,0,0,Delete,
313,0,0,2,Delete,
314,1151,1,5,Update,
315,1200,1,1,Insert,
316,1200,1,2,Insert,
317,1014,1,8,Insert,
318,1158,1,3,Insert,
319,1200,1,3,Insert,
320,1014,1,9,Insert,
323,1200,1,4,Insert,
324,1014,1,10,Insert,
327,1014,1,11,Insert,
330,1014,1,12,Insert,
333,1014,1,13,Insert,
376,1159,1,46,Insert,
377,1151,1,20,Insert,
378,1014,1,26,Insert,
379,0,0,1,Delete,
380,0,0,8,Update,
381,1014,1,27,Insert,
382,0,0,1,Delete,
383,0,0,6,Update,
384,1014,1,28,Insert,
387,1151,1,21,Insert,
388,1014,1,29,Insert,
389,1158,1,9,Insert,
390,1014,1,30,Insert,
391,1158,1,10,Insert,
392,1014,1,31,Insert,
393,0,0,1,Delete,
394,0,0,9,Update,
395,1014,1,32,Insert,
396,0,0,1,Delete,
397,0,0,10,Update,
398,1151,1,22,Insert,
399,1014,1,33,Insert,
400,1158,1,11,Insert,
401,1159,1,47,Insert,
402,1014,1,34,Insert,
403,0,0,1,Delete,
404,0,0,11,Update,
405,1147,1,23,Insert,
406,1182,1,120,Insert,
407,1151,1,23,Insert,
408,1074,1,12,Insert,
409,1074,1,12,Update,
410,1182,1,123,Insert,
411,1182,1,124,Insert,
412,1182,1,125,Insert,
413,1159,1,48,Insert,
414,1159,1,49,Insert,
415,1151,1,24,Insert,
416,1159,1,50,Insert,
417,1014,1,1,Insert,
418,1159,1,51,Insert,
419,1159,1,52,Insert,
420,1151,1,26,Insert,
421,1151,1,27,Insert,
422,1151,1,28,Insert,
423,1151,1,29,Insert,
424,1151,1,30,Insert,
425,1151,1,31,Insert,
426,1151,1,32,Insert,
427,1151,1,33,Insert,
428,1159,1,54,Insert,
100,1151,1,2,Insert,
429,1151,1,34,Insert,
137,1074,1,9,Insert,
336,1014,1,14,Insert,
339,1014,1,15,Insert,
342,1014,1,16,Insert,
345,1151,1,18,Insert,
346,1159,1,45,Insert,
347,1014,1,17,Insert,
354,1014,1,18,Insert,
357,1014,1,19,Insert,
358,0,0,1,Delete,
359,0,0,1,Update,
360,1014,1,20,Insert,
363,1014,1,21,Insert,
364,1158,1,4,Insert,
365,1014,1,22,Insert,
366,1158,1,5,Insert,
367,1151,1,19,Insert,
368,1014,1,23,Insert,
369,1158,1,6,Insert,
370,1014,1,24,Insert,
371,1158,1,7,Insert,
372,1014,1,25,Insert,
373,1158,1,8,Insert,
374,0,0,1,Delete,
375,0,0,8,Update,
217,1063,1,1,Insert,
228,1147,1,22,Insert,
229,1063,1,9,Insert,
230,1045,1,2,Insert,
231,1063,1,5,Insert,
232,1063,1,10,Insert,
430,1159,2,1,Insert,
431,1011,2,375,Update,
432,1159,2,2,Insert,
433,1159,2,3,Insert,
434,1014,1,7,Insert,
435,1158,2,1,Insert,
436,1014,1,8,Insert,
437,0,0,1,Delete,
438,0,0,1,Update,
439,1014,1,9,Insert,
440,1158,2,2,Insert,
441,1014,1,10,Insert,
442,0,0,1,Delete,
443,0,0,1,Update,
444,1014,1,11,Insert,
445,0,0,1,Delete,
446,0,0,2,Update,
447,1147,2,1,Insert,
448,1151,2,1,Insert,
449,1151,2,2,Insert,
450,2247,2,1,Insert,
451,1151,2,3,Insert,
452,1147,2,2,Insert,
453,1014,1,12,Insert,
454,1158,2,3,Insert,
455,1147,2,3,Insert,
456,1151,2,4,Insert,
457,0,0,1,Delete,
458,0,0,0,Delete,
459,0,0,1,Delete,
460,1151,2,4,Update,
461,1159,2,6,Insert,
464,1159,2,9,Insert,
465,1159,2,10,Insert,
466,1159,2,11,Insert,
467,1151,2,5,Insert,
468,2247,2,2,Insert,
469,1151,2,1,Insert,
470,1151,2,2,Insert,
471,1151,2,3,Insert,
472,1151,2,4,Insert,
473,1201,2,773,Insert,
474,0,0,1,Delete,
475,0,0,0,Delete,
480,1151,2,7,Insert,
481,1151,2,8,Insert,
482,0,0,1,Delete,
483,0,0,0,Delete,
484,0,0,0,Delete,
485,1151,2,8,Update,
486,1151,2,9,Insert,
487,1151,2,10,Insert,
488,1151,2,11,Insert,
489,1151,2,12,Insert,
490,1151,2,13,Insert,
491,1151,2,14,Insert,
492,1151,2,15,Insert,
493,1151,2,16,Insert,
494,0,0,1,Delete,
495,0,0,0,Delete,
496,0,0,0,Delete,
497,1151,2,16,Update,
498,0,0,1,Delete,
499,0,0,0,Delete,
500,0,0,0,Delete,
501,1151,2,16,Update,
502,1151,2,17,Insert,
503,1151,2,18,Insert,
504,1151,2,19,Insert,
505,1151,2,20,Insert,
506,1151,2,21,Insert,
507,1151,2,22,Insert,
508,1151,2,23,Insert,
509,1151,2,24,Insert,
510,1151,2,25,Insert,
511,1151,2,26,Insert,
512,1151,2,27,Insert,
513,1151,2,28,Insert,
514,1151,2,29,Insert,
515,1151,2,30,Insert,
516,1151,2,31,Insert,
517,1151,2,32,Insert,
518,1151,2,33,Insert,
519,1151,2,34,Insert,
520,1151,2,35,Insert,
521,1151,2,36,Insert,
522,1151,2,37,Insert,
523,1151,2,38,Insert,
524,1151,2,39,Insert,
525,1151,2,40,Insert,
526,1151,2,41,Insert,
527,1151,2,42,Insert,
528,1159,2,50,Insert,
529,1147,2,1,Insert,
530,1151,2,43,Insert,
531,1159,2,51,Insert,
532,1151,2,44,Insert,
533,2247,2,1,Insert,
534,1151,2,45,Insert,
535,1151,2,46,Insert,
536,2247,2,2,Insert,
537,1151,2,47,Insert,
538,1151,2,48,Insert,
539,1159,2,55,Insert,
540,1011,2,444,Insert,
541,1011,2,445,Insert,
542,1011,2,445,Update,
543,2247,2,3,Insert,
554,1151,2,54,Insert,
555,1151,2,55,Insert,
556,1151,2,56,Insert,
557,2247,2,4,Insert,
558,1151,2,57,Insert,
559,1151,2,58,Insert,
560,1151,2,59,Insert,
562,1151,2,61,Insert,
563,1151,2,62,Insert,
564,1151,2,63,Insert,
565,1151,2,64,Insert,
566,2247,2,5,Insert,
567,2247,2,6,Insert,
568,1151,2,65,Insert,
569,1151,2,66,Insert,
570,1151,2,67,Insert,
571,1151,2,68,Insert,
572,1151,2,69,Insert,
573,1151,2,70,Insert,
574,1151,2,71,Insert,
575,1151,2,72,Insert,
576,1159,2,66,Insert,
577,1014,1,13,Insert,
578,1158,2,1,Insert,
579,1014,1,14,Insert,
580,0,0,1,Delete,
581,0,0,1,Update,
582,1151,2,73,Insert,
583,1151,2,74,Insert,
584,1151,2,75,Insert,
585,1151,2,76,Insert,
586,1151,2,77,Insert,
587,1151,2,78,Insert,
588,1151,2,79,Insert,
589,1151,2,80,Insert,
590,2247,2,7,Insert,
591,2247,2,8,Insert,
592,1151,2,81,Insert,
593,2247,2,9,Insert,
594,1151,2,82,Insert,
595,1151,2,83,Insert,
596,0,0,1,Delete,
597,0,0,0,Delete,
598,0,0,0,Delete,
599,1151,2,83,Update,
600,1151,2,84,Insert,
601,1151,2,85,Insert,
602,2247,2,10,Insert,
603,1151,2,86,Insert,
604,1151,2,87,Insert,
605,1151,2,88,Insert,
606,1151,2,89,Insert,
607,1151,2,90,Insert,
608,1151,2,91,Insert,
609,1151,2,92,Insert,
610,1151,2,93,Insert,
611,1151,2,94,Insert,
612,1151,2,95,Insert,
613,0,0,1,Delete,
614,0,0,0,Delete,
615,0,0,0,Delete,
616,1151,2,95,Update,
617,1151,2,96,Insert,
618,1151,2,97,Insert,
619,1151,2,98,Insert,
620,1151,2,99,Insert,
621,1151,2,100,Insert,
622,0,0,1,Delete,
623,0,0,0,Delete,
624,0,0,0,Delete,
625,1151,2,100,Update,
626,1151,2,101,Insert,
627,1159,2,86,Insert,
628,1151,2,102,Insert,
629,1151,2,103,Insert,
630,1151,2,104,Insert,
631,1151,2,105,Insert,
632,1151,2,106,Insert,
633,1159,2,90,Insert,
476,0,0,0,Delete,
477,1151,2,3,Update,
478,1151,2,5,Insert,
479,1151,2,6,Insert,
544,1151,2,49,Insert,
545,0,0,1,Delete,
546,0,0,0,Delete,
547,0,0,0,Delete,
548,1151,2,49,Update,
549,1151,2,50,Insert,
550,1159,2,56,Insert,
551,1151,2,51,Insert,
552,1151,2,52,Insert,
553,1151,2,53,Insert,
725,1151,2,175,Insert,
764,1151,2,191,Insert,
828,1151,2,233,Insert,
829,1151,2,234,Insert,
830,1151,2,235,Insert,
831,2247,2,39,Insert,
834,1159,2,170,Insert,
835,1151,2,238,Insert,
836,1151,2,239,Insert,
837,1151,2,240,Insert,
838,0,0,1,Delete,
839,0,0,0,Delete,
840,0,0,0,Delete,
841,1151,2,210,Update,
842,0,0,0,Delete,
843,0,0,0,Delete,
844,0,0,1,Delete,
845,1151,2,212,Update,
846,1151,2,241,Insert,
847,2247,2,40,Insert,
848,1151,2,242,Insert,
849,0,0,0,Delete,
850,0,0,0,Delete,
851,0,0,1,Delete,
852,1151,2,212,Update,
853,1151,2,243,Insert,
854,1151,2,244,Insert,
855,1151,2,245,Insert,
856,1151,2,246,Insert,
857,1151,2,247,Insert,
858,1151,2,248,Insert,
859,1151,2,249,Insert,
860,1151,2,250,Insert,
861,1151,2,251,Insert,
862,1151,2,252,Insert,
863,2247,2,41,Insert,
864,2247,2,42,Insert,
865,1151,2,253,Insert,
866,1151,2,254,Insert,
867,1151,2,255,Insert,
868,1151,2,256,Insert,
869,1151,2,257,Insert,
870,1151,2,258,Insert,
871,1151,2,259,Insert,
872,1151,2,260,Insert,
873,1151,2,261,Insert,
874,1151,2,262,Insert,
875,2247,2,43,Insert,
879,1151,2,266,Insert,
880,1151,2,267,Insert,
881,1151,2,268,Insert,
882,1151,2,269,Insert,
883,1151,2,270,Insert,
884,1151,2,271,Insert,
885,1151,2,272,Insert,
886,1151,2,273,Insert,
887,2247,2,44,Insert,
888,1151,2,274,Insert,
889,1151,2,275,Insert,
890,1151,2,276,Insert,
891,1151,2,277,Insert,
892,1151,2,278,Insert,
893,1151,2,279,Insert,
894,1151,2,280,Insert,
895,2247,2,45,Insert,
896,2247,2,46,Insert,
897,1151,2,281,Insert,
898,1151,2,282,Insert,
899,1151,2,283,Insert,
900,1151,2,284,Insert,
901,1151,2,285,Insert,
902,0,0,1,Delete,
903,0,0,0,Delete,
904,0,0,0,Delete,
905,1151,2,285,Update,
906,1201,2,776,Insert,
907,1201,2,777,Insert,
908,1151,2,286,Insert,
909,1151,2,287,Insert,
910,1151,2,288,Insert,
911,1151,2,289,Insert,
912,1151,2,290,Insert,
913,1151,2,291,Insert,
914,1151,2,292,Insert,
915,1151,2,293,Insert,
916,2247,2,47,Insert,
917,2247,2,48,Insert,
918,2247,2,49,Insert,
919,2247,2,50,Insert,
920,2247,2,51,Insert,
946,1151,2,302,Insert,
947,1151,2,303,Insert,
948,1151,2,304,Insert,
949,1151,2,305,Insert,
950,1151,2,306,Insert,
951,1151,2,307,Insert,
952,1151,2,308,Insert,
953,1151,2,309,Insert,
954,1151,2,310,Insert,
955,1151,2,311,Insert,
956,1151,2,312,Insert,
957,1151,2,313,Insert,
958,1159,2,219,Insert,
959,2247,2,54,Insert,
960,2247,2,55,Insert,
961,1151,2,314,Insert,
962,1151,2,315,Insert,
963,1151,2,316,Insert,
964,1159,2,220,Insert,
965,1159,2,221,Insert,
966,1159,2,222,Insert,
967,2247,2,56,Insert,
968,1151,2,317,Insert,
969,1151,2,318,Insert,
970,1151,2,319,Insert,
971,1151,2,320,Insert,
972,1151,2,321,Insert,
973,0,0,1,Delete,
974,0,0,0,Delete,
975,0,0,0,Delete,
976,1151,2,321,Update,
977,1151,2,322,Insert,
978,1151,2,323,Insert,
979,1151,2,324,Insert,
980,2247,2,57,Insert,
981,2247,2,58,Insert,
982,2247,2,59,Insert,
983,2247,2,60,Insert,
984,1159,2,228,Insert,
985,1151,2,325,Insert,
986,1151,2,326,Insert,
987,1151,2,327,Insert,
988,1151,2,328,Insert,
989,0,0,1,Delete,
990,0,0,0,Delete,
991,0,0,0,Delete,
992,1151,2,328,Update,
993,1151,2,329,Insert,
994,0,0,1,Delete,
995,0,0,0,Delete,
996,0,0,0,Delete,
997,1151,2,329,Update,
998,1151,2,330,Insert,
999,0,0,1,Delete,
1000,0,0,0,Delete,
1001,0,0,0,Delete,
1002,1151,2,330,Update,
1003,1151,2,331,Insert,
1004,1151,2,332,Insert,
1005,1151,2,333,Insert,
1006,1151,2,334,Insert,
1007,1151,2,335,Insert,
1008,1151,2,336,Insert,
1009,1151,2,337,Insert,
1010,1151,2,338,Insert,
1011,1151,2,339,Insert,
1012,1151,2,340,Insert,
1013,1151,2,341,Insert,
1014,1151,2,342,Insert,
1015,1151,2,343,Insert,
1016,1151,2,344,Insert,
1017,1151,2,345,Insert,
1018,1151,2,346,Insert,
462,1159,2,7,Insert,
463,1159,2,8,Insert,
561,1151,2,60,Insert,
634,1151,2,107,Insert,
635,1151,2,108,Insert,
636,1151,2,109,Insert,
637,1151,2,110,Insert,
638,1151,2,111,Insert,
639,1151,2,112,Insert,
640,1151,2,113,Insert,
641,1147,2,2,Insert,
642,1151,2,114,Insert,
643,1151,2,115,Insert,
644,1151,2,116,Insert,
645,1151,2,117,Insert,
646,2247,2,11,Insert,
647,1151,2,118,Insert,
648,1151,2,119,Insert,
649,1151,2,120,Insert,
650,1151,2,121,Insert,
651,1151,2,122,Insert,
652,1159,2,99,Insert,
653,1159,2,100,Insert,
654,2247,2,12,Insert,
655,1159,2,101,Insert,
656,1159,2,102,Insert,
657,1151,2,123,Insert,
658,1151,2,124,Insert,
659,1151,2,125,Insert,
660,1151,2,126,Insert,
661,1151,2,127,Insert,
662,1151,2,128,Insert,
663,1151,2,129,Insert,
664,1151,2,130,Insert,
665,1151,2,131,Insert,
666,1151,2,132,Insert,
667,2247,2,13,Insert,
668,2247,2,14,Insert,
669,1151,2,133,Insert,
670,1151,2,134,Insert,
671,1151,2,135,Insert,
672,1151,2,136,Insert,
673,1151,2,137,Insert,
674,1151,2,138,Insert,
675,1151,2,139,Insert,
676,1151,2,140,Insert,
677,2247,2,15,Insert,
678,2247,2,16,Insert,
679,1159,2,110,Insert,
680,1151,2,141,Insert,
681,1151,2,142,Insert,
682,1151,2,143,Insert,
683,1151,2,144,Insert,
684,1151,2,145,Insert,
685,1151,2,146,Insert,
686,1151,2,147,Insert,
687,2247,2,17,Insert,
688,1151,2,148,Insert,
689,1151,2,149,Insert,
690,1151,2,150,Insert,
691,1151,2,151,Insert,
692,2247,2,18,Insert,
693,2247,2,19,Insert,
694,1151,2,152,Insert,
695,1151,2,153,Insert,
696,1151,2,154,Insert,
697,1151,2,155,Insert,
698,1151,2,156,Insert,
699,2247,2,20,Insert,
700,2247,2,21,Insert,
701,2247,2,22,Insert,
702,1151,2,157,Insert,
703,1151,2,158,Insert,
704,1151,2,159,Insert,
705,1151,2,160,Insert,
706,1151,2,161,Insert,
707,2247,2,23,Insert,
708,1014,1,15,Insert,
709,1158,2,2,Insert,
710,1151,2,162,Insert,
711,1151,2,163,Insert,
712,1151,2,164,Insert,
713,1151,2,165,Insert,
714,1151,2,166,Insert,
715,1151,2,167,Insert,
716,1201,2,774,Insert,
717,1151,2,168,Insert,
718,1151,2,169,Insert,
719,1151,2,170,Insert,
720,1151,2,171,Insert,
721,1151,2,172,Insert,
722,1151,2,173,Insert,
723,2247,2,24,Insert,
724,1151,2,174,Insert,
744,1151,2,180,Insert,
745,1151,2,181,Insert,
746,1151,2,182,Insert,
747,1151,2,183,Insert,
748,1201,2,775,Insert,
749,1151,2,184,Insert,
750,2247,2,27,Insert,
751,2247,2,28,Insert,
752,2247,2,29,Insert,
753,2247,2,30,Insert,
754,2247,2,31,Insert,
755,2247,2,32,Insert,
756,1151,2,185,Insert,
757,1151,2,186,Insert,
758,2247,2,33,Insert,
759,1151,2,187,Insert,
760,1151,2,188,Insert,
761,1151,2,189,Insert,
762,2247,2,34,Insert,
763,1151,2,190,Insert,
765,1151,2,192,Insert,
766,1151,2,193,Insert,
767,1151,2,194,Insert,
768,1151,2,195,Insert,
769,0,0,1,Delete,
770,0,0,0,Delete,
771,0,0,0,Delete,
772,1151,2,195,Update,
773,1151,2,196,Insert,
774,1151,2,197,Insert,
775,1159,2,137,Insert,
776,1014,1,16,Insert,
777,0,0,1,Delete,
778,0,0,2,Update,
779,1151,2,198,Insert,
780,1151,2,199,Insert,
781,1159,2,139,Insert,
782,1151,2,200,Insert,
783,0,0,1,Delete,
784,0,0,0,Delete,
785,0,0,0,Delete,
786,1151,2,136,Update,
787,1151,2,201,Insert,
788,1151,2,202,Insert,
789,1151,2,203,Insert,
790,1151,2,204,Insert,
791,1151,2,205,Insert,
792,1151,2,206,Insert,
793,1151,2,207,Insert,
794,1014,1,17,Insert,
795,0,0,1,Delete,
796,0,0,1,Update,
797,1151,2,208,Insert,
798,1151,2,209,Insert,
799,1151,2,210,Insert,
800,1151,2,211,Insert,
801,1147,2,3,Insert,
802,1151,2,212,Insert,
803,1151,2,213,Insert,
804,1151,2,214,Insert,
805,1147,2,4,Insert,
806,1151,2,215,Insert,
807,1151,2,216,Insert,
808,1151,2,217,Insert,
809,2247,2,35,Insert,
810,1151,2,218,Insert,
811,1151,2,219,Insert,
812,2247,2,36,Insert,
813,2247,2,37,Insert,
814,1151,2,220,Insert,
815,1151,2,221,Insert,
816,1151,2,222,Insert,
817,1151,2,223,Insert,
818,1151,2,224,Insert,
819,1151,2,225,Insert,
820,1151,2,226,Insert,
821,2247,2,38,Insert,
822,1151,2,227,Insert,
823,1151,2,228,Insert,
824,1151,2,229,Insert,
825,1151,2,230,Insert,
826,1151,2,231,Insert,
827,1151,2,232,Insert,
726,0,0,1,Delete,
727,0,0,0,Delete,
728,0,0,0,Delete,
729,1151,2,175,Update,
730,1151,2,176,Insert,
731,1151,2,177,Insert,
732,2247,2,25,Insert,
733,2247,2,26,Insert,
734,0,0,1,Delete,
735,0,0,0,Delete,
736,0,0,0,Delete,
737,1151,2,177,Update,
738,0,0,1,Delete,
739,0,0,0,Delete,
740,0,0,0,Delete,
741,1151,2,175,Update,
742,1151,2,178,Insert,
743,1151,2,179,Insert,
1019,1151,2,347,Insert,
1020,1151,2,348,Insert,
1021,1151,2,349,Insert,
1022,1151,2,350,Insert,
1023,1151,2,351,Insert,
1024,1151,2,352,Insert,
1025,0,0,1,Delete,
1026,0,0,0,Delete,
1027,0,0,0,Delete,
1028,1151,2,352,Update,
1029,1151,2,353,Insert,
1030,1151,2,354,Insert,
1031,1151,2,355,Insert,
1032,1151,2,356,Insert,
1033,1151,2,357,Insert,
1034,0,0,1,Delete,
1035,0,0,0,Delete,
1036,0,0,0,Delete,
1037,1151,2,357,Update,
1038,1151,2,358,Insert,
1039,0,0,1,Delete,
1040,0,0,0,Delete,
1041,0,0,0,Delete,
1042,1151,2,358,Update,
1043,1151,2,359,Insert,
1044,1151,2,360,Insert,
1045,1151,2,361,Insert,
1046,1151,2,362,Insert,
1047,0,0,1,Delete,
1048,0,0,0,Delete,
1049,0,0,0,Delete,
1050,1151,2,362,Update,
1051,1151,2,363,Insert,
1052,1151,2,364,Insert,
1053,1151,2,365,Insert,
1054,1011,2,446,Insert,
1055,1201,2,778,Insert,
1056,1201,2,779,Insert,
1057,1151,2,366,Insert,
1058,1151,2,367,Insert,
1059,1151,2,368,Insert,
1060,0,0,1,Delete,
1061,0,0,0,Delete,
1062,0,0,0,Delete,
1063,1151,2,368,Update,
1064,1151,2,369,Insert,
1065,1151,2,370,Insert,
1066,1151,2,371,Insert,
1067,1151,2,372,Insert,
1068,1151,2,373,Insert,
1069,1151,2,374,Insert,
1070,1159,2,262,Insert,
1071,1151,2,375,Insert,
1072,1151,2,376,Insert,
1073,1151,2,377,Insert,
1074,1151,2,378,Insert,
1075,1151,2,379,Insert,
1076,1151,2,380,Insert,
1077,1151,2,381,Insert,
1078,1151,2,382,Insert,
1079,1151,2,383,Insert,
1080,1151,2,384,Insert,
1081,1151,2,385,Insert,
1082,1151,2,386,Insert,
1083,1151,2,387,Insert,
1084,1151,2,388,Insert,
1085,1151,2,389,Insert,
1086,1151,2,390,Insert,
1087,1151,2,391,Insert,
1088,1151,2,392,Insert,
1089,1151,2,393,Insert,
1090,1151,2,394,Insert,
1091,1151,2,395,Insert,
1092,1151,2,396,Insert,
1093,1151,2,397,Insert,
1094,1151,2,398,Insert,
1095,1151,2,399,Insert,
1096,1151,2,400,Insert,
1097,1151,2,401,Insert,
1098,1151,2,402,Insert,
1099,1151,2,403,Insert,
1100,1151,2,404,Insert,
1101,1151,2,405,Insert,
1102,2247,2,61,Insert,
1103,2247,2,62,Insert,
1104,2247,2,63,Insert,
1105,2247,2,64,Insert,
1118,1151,2,408,Insert,
1119,1151,2,409,Insert,
1120,0,0,1,Delete,
1121,0,0,0,Delete,
1122,0,0,0,Delete,
1123,1151,2,409,Update,
1124,1151,2,410,Insert,
1125,1151,2,411,Insert,
1126,1151,2,412,Insert,
1127,1151,2,413,Insert,
1128,1151,2,414,Insert,
1129,1151,2,415,Insert,
1130,1151,2,416,Insert,
1131,1151,2,417,Insert,
1132,1151,2,418,Insert,
1133,1151,2,419,Insert,
1134,1151,2,420,Insert,
1135,1151,2,421,Insert,
1136,1151,2,422,Insert,
1137,1151,2,423,Insert,
1138,2247,2,71,Insert,
1139,2247,2,72,Insert,
1140,0,0,0,Delete,
1145,1151,2,425,Insert,
1146,1151,2,426,Insert,
1147,1151,2,427,Insert,
1148,1151,2,428,Insert,
1149,1151,2,429,Insert,
1150,1151,2,430,Insert,
1151,1151,2,431,Insert,
1152,1151,2,432,Insert,
1153,1151,2,433,Insert,
1154,1151,2,434,Insert,
1155,1151,2,435,Insert,
1156,1151,2,436,Insert,
1157,0,0,1,Delete,
1158,0,0,0,Delete,
1159,0,0,0,Delete,
1160,1151,2,375,Update,
1161,1151,2,437,Insert,
1162,1151,2,438,Insert,
1163,1151,2,439,Insert,
1164,1151,2,440,Insert,
1165,1151,2,441,Insert,
1166,1151,2,442,Insert,
1167,1151,2,443,Insert,
1168,1151,2,444,Insert,
1169,1151,2,445,Insert,
1170,0,0,1,Delete,
1171,0,0,0,Delete,
1172,0,0,0,Delete,
1173,1151,2,445,Update,
1174,1151,2,446,Insert,
1175,1151,2,447,Insert,
1176,2247,2,73,Insert,
1177,2247,2,74,Insert,
1178,2247,2,75,Insert,
1179,2247,2,76,Insert,
1182,1151,2,449,Insert,
1183,0,0,1,Delete,
1184,0,0,0,Delete,
1185,0,0,1,Delete,
1186,1151,2,449,Update,
1187,1151,2,450,Insert,
1188,1151,2,451,Insert,
1189,1151,2,452,Insert,
1190,1151,2,453,Insert,
1191,1151,2,454,Insert,
1192,1151,2,455,Insert,
1193,1151,2,456,Insert,
1194,1151,2,457,Insert,
1195,1151,2,458,Insert,
832,1151,2,236,Insert,
833,1151,2,237,Insert,
876,1151,2,263,Insert,
877,1151,2,264,Insert,
878,1151,2,265,Insert,
921,1151,2,294,Insert,
922,1147,2,5,Insert,
923,1151,2,295,Insert,
924,1147,2,5,Update,
925,0,0,0,Delete,
926,0,0,0,Delete,
927,0,0,1,Delete,
928,1151,2,295,Update,
929,1147,2,5,Update,
930,0,0,1,Delete,
931,0,0,0,Delete,
932,0,0,1,Delete,
933,1151,2,295,Update,
934,0,0,1,Delete,
935,0,0,0,Delete,
936,0,0,1,Delete,
937,1151,2,295,Update,
938,1151,2,296,Insert,
939,1151,2,297,Insert,
940,1151,2,298,Insert,
941,2247,2,52,Insert,
942,2247,2,53,Insert,
943,1151,2,299,Insert,
944,1151,2,300,Insert,
945,1151,2,301,Insert,
1106,2247,2,65,Insert,
1141,0,0,0,Delete,
1180,1151,2,448,Insert,
1181,1147,2,6,Insert,
1196,2247,2,77,Insert,
1197,2247,2,78,Insert,
1198,2247,2,79,Insert,
1199,2247,2,80,Insert,
1200,2247,2,81,Insert,
1201,2247,2,82,Insert,
1205,1151,2,462,Insert,
1206,1151,2,463,Insert,
1207,1151,2,464,Insert,
1208,1151,2,465,Insert,
1209,1151,2,466,Insert,
1210,1151,2,467,Insert,
1211,1151,2,468,Insert,
1212,1151,2,469,Insert,
1213,1159,2,319,Insert,
1214,1159,2,320,Insert,
1215,1151,2,470,Insert,
1216,1151,2,471,Insert,
1217,1151,2,472,Insert,
1218,1151,2,473,Insert,
1219,2247,2,83,Insert,
1220,1151,2,474,Insert,
1221,1151,2,475,Insert,
1222,1151,2,476,Insert,
1223,1151,2,477,Insert,
1224,1151,2,478,Insert,
1225,1151,2,479,Insert,
1226,1151,2,480,Insert,
1227,1151,2,481,Insert,
1228,1151,2,482,Insert,
1229,1151,2,483,Insert,
1230,1151,2,484,Insert,
1231,1151,2,485,Insert,
1232,1151,2,486,Insert,
1233,2247,2,84,Insert,
1234,2247,2,85,Insert,
1235,1151,2,487,Insert,
1236,1151,2,488,Insert,
1237,1151,2,489,Insert,
1238,2247,2,86,Insert,
1239,1151,2,490,Insert,
1240,1151,2,491,Insert,
1241,1151,2,492,Insert,
1242,1151,2,493,Insert,
1243,2247,2,87,Insert,
1246,1151,2,494,Insert,
1247,1151,2,495,Insert,
1248,1151,2,496,Insert,
1249,1151,2,497,Insert,
1250,1151,2,498,Insert,
1251,1151,2,499,Insert,
1252,2247,2,90,Insert,
1253,2247,2,91,Insert,
1255,1151,2,501,Insert,
1256,1151,2,502,Insert,
1257,1151,2,503,Insert,
1258,1151,2,504,Insert,
1259,1151,2,505,Insert,
1260,1151,2,506,Insert,
1261,0,0,1,Delete,
1262,0,0,0,Delete,
1263,0,0,0,Delete,
1264,1151,2,505,Update,
1265,1151,2,507,Insert,
1266,2247,2,92,Insert,
1267,1151,2,508,Insert,
1268,1151,2,509,Insert,
1269,1151,2,510,Insert,
1270,1151,2,511,Insert,
1271,1151,2,512,Insert,
1272,1151,2,513,Insert,
1273,1151,2,514,Insert,
1274,0,0,1,Delete,
1275,0,0,0,Delete,
1276,0,0,0,Delete,
1277,1151,2,511,Update,
1278,1151,2,515,Insert,
1279,1151,2,516,Insert,
1280,2247,2,93,Insert,
1281,1151,2,517,Insert,
1282,1151,2,518,Insert,
1283,1151,2,519,Insert,
1284,1151,2,520,Insert,
1285,1151,2,521,Insert,
1286,1151,2,522,Insert,
1287,1151,2,523,Insert,
1288,1151,2,524,Insert,
1289,1151,2,525,Insert,
1290,0,0,1,Delete,
1291,0,0,0,Delete,
1292,0,0,0,Delete,
1293,1151,2,524,Update,
1294,1151,2,526,Insert,
1295,1151,2,527,Insert,
1296,1151,2,528,Insert,
1297,1151,2,529,Insert,
1298,1151,2,530,Insert,
1299,1151,2,531,Insert,
1300,1151,2,532,Insert,
1301,2247,2,94,Insert,
1302,2247,2,95,Insert,
1303,1151,2,533,Insert,
1305,1151,2,535,Insert,
1306,1151,2,536,Insert,
1307,1151,2,537,Insert,
1308,1151,2,538,Insert,
1309,1151,2,539,Insert,
1310,1151,2,540,Insert,
1311,1151,2,541,Insert,
1312,1151,2,542,Insert,
1313,0,0,1,Delete,
1314,0,0,0,Delete,
1315,0,0,0,Delete,
1316,1151,2,542,Update,
1317,0,0,1,Delete,
1318,0,0,0,Delete,
1319,0,0,0,Delete,
1320,1151,2,542,Update,
1321,1151,2,543,Insert,
1322,1151,2,544,Insert,
1323,1151,2,545,Insert,
1324,1151,2,546,Insert,
1325,1151,2,547,Insert,
1326,1151,2,548,Insert,
1327,1151,2,549,Insert,
1328,1151,2,550,Insert,
1329,1151,2,551,Insert,
1330,1151,2,552,Insert,
1331,1151,2,553,Insert,
1332,1151,2,554,Insert,
1333,1151,2,555,Insert,
1334,0,0,1,Delete,
1335,0,0,0,Delete,
1336,0,0,0,Delete,
1337,1151,2,555,Update,
1338,1151,2,556,Insert,
1339,1151,2,557,Insert,
1340,1151,2,558,Insert,
1341,1151,2,559,Insert,
1342,1151,2,560,Insert,
1343,1151,2,561,Insert,
1344,0,0,1,Delete,
1345,0,0,0,Delete,
1107,2247,2,66,Insert,
1108,2247,2,67,Insert,
1109,2247,2,68,Insert,
1110,2247,2,69,Insert,
1111,2247,2,70,Insert,
1112,1151,2,406,Insert,
1113,0,0,1,Delete,
1114,0,0,0,Delete,
1115,0,0,0,Delete,
1116,1151,2,406,Update,
1117,1151,2,407,Insert,
1304,1151,2,534,Insert,
1346,0,0,0,Delete,
1347,1151,2,560,Update,
1348,0,0,1,Delete,
1349,0,0,0,Delete,
1350,0,0,0,Delete,
1351,1151,2,561,Update,
1352,1151,2,562,Insert,
1353,1151,2,563,Insert,
1354,1151,2,564,Insert,
1355,1151,2,565,Insert,
1356,1151,2,566,Insert,
1357,2247,2,96,Insert,
1358,1151,2,567,Insert,
1359,1151,2,568,Insert,
1360,1159,2,378,Insert,
1361,1159,2,379,Insert,
1362,1151,2,569,Insert,
1363,1151,2,570,Insert,
1364,1151,2,571,Insert,
1365,1151,2,572,Insert,
1366,1151,2,573,Insert,
1367,1151,2,574,Insert,
1368,1151,2,575,Insert,
1369,1151,2,576,Insert,
1370,1151,2,577,Insert,
1371,1151,2,578,Insert,
1372,1151,2,579,Insert,
1373,1151,2,580,Insert,
1374,1151,2,581,Insert,
1375,1151,2,582,Insert,
1376,1151,2,583,Insert,
1377,2247,2,97,Insert,
1378,1151,2,584,Insert,
1379,1151,2,585,Insert,
1380,1151,2,586,Insert,
1381,1151,2,587,Insert,
1382,1151,2,588,Insert,
1383,1151,2,589,Insert,
1384,1151,2,590,Insert,
1385,1151,2,591,Insert,
1386,1151,2,592,Insert,
1387,1151,2,593,Insert,
1388,1151,2,594,Insert,
1389,1151,2,595,Insert,
1390,0,0,1,Delete,
1391,0,0,0,Delete,
1392,0,0,0,Delete,
1393,1151,2,595,Update,
1394,1151,2,596,Insert,
1395,1151,2,597,Insert,
1396,1151,2,598,Insert,
1397,1151,2,599,Insert,
1398,1151,2,600,Insert,
1399,1151,2,601,Insert,
1400,1151,2,602,Insert,
1401,1151,2,603,Insert,
1402,1151,2,604,Insert,
1403,1151,2,605,Insert,
1404,1151,2,606,Insert,
1405,1151,2,607,Insert,
1406,1151,2,608,Insert,
1407,1151,2,609,Insert,
1408,1151,2,610,Insert,
1409,1151,2,611,Insert,
1410,1151,2,612,Insert,
1411,1151,2,613,Insert,
1412,1151,2,614,Insert,
1413,0,0,1,Delete,
1414,0,0,0,Delete,
1415,0,0,0,Delete,
1416,1151,2,614,Update,
1417,1151,2,615,Insert,
1418,1151,2,616,Insert,
1419,1151,2,617,Insert,
1420,1159,2,398,Insert,
1421,1159,2,399,Insert,
1422,1159,2,400,Insert,
1423,1159,2,401,Insert,
1424,1159,2,402,Insert,
1425,1151,2,618,Insert,
1426,1151,2,619,Insert,
1427,1151,2,620,Insert,
1428,1151,2,621,Insert,
1429,1151,2,622,Insert,
1430,1151,2,623,Insert,
1431,1151,2,624,Insert,
1432,1151,2,625,Insert,
1433,1151,2,626,Insert,
1434,2247,2,98,Insert,
1435,1151,2,627,Insert,
1436,1151,2,628,Insert,
1437,1151,2,629,Insert,
1438,1151,2,630,Insert,
1439,1159,2,408,Insert,
1440,1151,2,631,Insert,
1441,1151,2,632,Insert,
1442,1151,2,633,Insert,
1443,1151,2,634,Insert,
1444,1151,2,635,Insert,
1445,2247,2,99,Insert,
1446,1151,2,636,Insert,
1447,1151,2,637,Insert,
1448,2247,2,100,Insert,
1449,1151,2,638,Insert,
1450,1151,2,639,Insert,
1451,1151,2,640,Insert,
1452,1151,2,641,Insert,
1453,2247,2,101,Insert,
1454,2247,2,102,Insert,
1455,2247,2,103,Insert,
1456,1151,2,642,Insert,
1457,1011,2,447,Insert,
1458,1151,2,643,Insert,
1459,1151,2,644,Insert,
1460,1151,2,645,Insert,
1461,2247,2,104,Insert,
1462,2247,2,105,Insert,
1463,1151,2,646,Insert,
1464,1151,2,647,Insert,
1465,0,0,1,Delete,
1466,0,0,0,Delete,
1467,0,0,0,Delete,
1468,1151,2,647,Update,
1469,1151,2,648,Insert,
1470,1151,2,649,Insert,
1471,1151,2,650,Insert,
1472,0,0,1,Delete,
1473,0,0,0,Delete,
1474,0,0,0,Delete,
1475,1151,2,650,Update,
1476,1151,2,651,Insert,
1477,1151,2,652,Insert,
1478,2247,2,106,Insert,
1479,2247,2,107,Insert,
1480,1151,2,653,Insert,
1481,1159,2,412,Insert,
1482,1151,2,654,Insert,
1483,0,0,1,Delete,
1484,0,0,0,Delete,
1485,0,0,0,Delete,
1486,1151,2,654,Update,
1487,1151,2,655,Insert,
1488,1151,2,656,Insert,
1489,2247,2,108,Insert,
1490,1151,2,657,Insert,
1491,1151,2,658,Insert,
1492,1151,2,659,Insert,
1493,1151,2,660,Insert,
1494,1151,2,661,Insert,
1495,1151,2,662,Insert,
1496,1151,2,663,Insert,
1497,2247,2,109,Insert,
1500,1151,2,666,Insert,
1501,1151,2,667,Insert,
1502,1151,2,668,Insert,
1503,1151,2,669,Insert,
1504,1151,2,670,Insert,
1505,1151,2,671,Insert,
1506,1151,2,672,Insert,
1507,1151,2,673,Insert,
1508,2247,2,110,Insert,
1509,1151,2,674,Insert,
1510,1151,2,675,Insert,
1511,1151,2,676,Insert,
1512,1151,2,677,Insert,
1142,0,0,0,Delete,
1143,1151,2,367,Update,
1144,1151,2,424,Insert,
1244,2247,2,88,Insert,
1245,2247,2,89,Insert,
1254,1151,2,500,Insert,
1498,1151,2,664,Insert,
1499,1151,2,665,Insert,
1513,1151,2,678,Insert,
1514,1151,2,679,Insert,
1515,1151,2,680,Insert,
1516,1151,2,681,Insert,
1517,2247,2,111,Insert,
1518,2247,2,112,Insert,
1519,1151,2,682,Insert,
1520,1151,2,683,Insert,
1521,2247,2,113,Insert,
1522,2247,2,114,Insert,
1523,2247,2,115,Insert,
1524,2247,2,116,Insert,
1525,2247,2,117,Insert,
1526,2247,2,118,Insert,
1527,2247,2,119,Insert,
1528,2247,2,120,Insert,
1529,2247,2,121,Insert,
1530,2247,2,122,Insert,
1531,2247,2,123,Insert,
1532,2247,2,124,Insert,
1533,2247,2,125,Insert,
1534,2247,2,126,Insert,
1535,2247,2,127,Insert,
1536,2247,2,128,Insert,
1537,2247,2,129,Insert,
1538,2247,2,130,Insert,
1539,2247,2,131,Insert,
1540,2247,2,132,Insert,
1541,2247,2,133,Insert,
1542,2247,2,134,Insert,
1543,2247,2,135,Insert,
1544,2247,2,136,Insert,
1545,2247,2,137,Insert,
1546,2247,2,138,Insert,
1547,2247,2,139,Insert,
1548,2247,2,140,Insert,
1549,2247,2,141,Insert,
1550,2247,2,142,Insert,
1551,2247,2,143,Insert,
1552,1005,1,2,Insert,
1553,1159,1,427,Insert,
1554,1151,1,684,Insert,
1555,1151,2,685,Insert,
1556,2247,2,144,Insert,
1557,1151,2,686,Insert,
1558,1151,2,687,Insert,
1559,1151,2,688,Insert,
1560,2247,2,145,Insert,
1561,2247,2,146,Insert,
1562,2247,2,147,Insert,
1563,1151,2,689,Insert,
1564,1151,2,690,Insert,
1565,2247,2,148,Insert,
1566,1151,2,691,Insert,
1567,1151,2,692,Insert,
1568,1151,2,693,Insert,
1569,1151,2,694,Insert,
1570,2247,2,149,Insert,
1571,1151,2,695,Insert,
1572,1151,2,696,Insert,
1573,1151,2,697,Insert,
1574,2247,2,150,Insert,
1575,2247,2,151,Insert,
1576,1151,2,698,Insert,
1577,1151,2,699,Insert,
1578,1151,2,700,Insert,
1579,0,0,1,Delete,
1580,0,0,0,Delete,
1581,0,0,0,Delete,
1582,1151,2,700,Update,
1583,1151,2,701,Insert,
1584,1151,2,702,Insert,
1585,1151,2,703,Insert,
1586,1151,2,704,Insert,
1587,2247,2,152,Insert,
1588,1151,2,705,Insert,
1589,2247,2,153,Insert,
1590,1151,2,706,Insert,
1591,1151,2,707,Insert,
1592,1151,2,708,Insert,
1593,1151,2,709,Insert,
1594,1151,2,710,Insert,
1595,1151,2,711,Insert,
1596,1151,2,712,Insert,
1597,1151,2,713,Insert,
1598,1151,2,714,Insert,
1599,2247,2,154,Insert,
1600,2247,2,155,Insert,
1601,2247,2,156,Insert,
1602,1151,2,715,Insert,
1604,0,0,0,Delete,
1605,0,0,0,Delete,
1606,1151,2,545,Update,
1607,1151,2,716,Insert,
1608,0,0,0,Delete,
1609,0,0,0,Delete,
1610,0,0,0,Delete,
1611,1151,2,476,Update,
1612,0,0,0,Delete,
1613,0,0,0,Delete,
1614,0,0,0,Delete,
1615,1151,2,483,Update,
1616,0,0,0,Delete,
1617,0,0,0,Delete,
1618,0,0,0,Delete,
1619,1151,2,485,Update,
1620,0,0,0,Delete,
1621,0,0,0,Delete,
1622,0,0,0,Delete,
1623,1151,2,488,Update,
1624,0,0,0,Delete,
1625,0,0,0,Delete,
1626,0,0,0,Delete,
1627,1151,2,474,Update,
1628,0,0,0,Delete,
1629,0,0,0,Delete,
1630,0,0,0,Delete,
1631,1151,2,472,Update,
1632,0,0,0,Delete,
1633,0,0,0,Delete,
1634,0,0,0,Delete,
1635,1151,2,471,Update,
1636,0,0,0,Delete,
1637,0,0,0,Delete,
1638,0,0,0,Delete,
1639,1151,2,470,Update,
1640,0,0,0,Delete,
1641,0,0,0,Delete,
1642,0,0,0,Delete,
1643,1151,2,468,Update,
1644,0,0,0,Delete,
1645,0,0,0,Delete,
1646,0,0,0,Delete,
1647,1151,2,467,Update,
1648,0,0,0,Delete,
1649,0,0,0,Delete,
1650,0,0,0,Delete,
1651,1151,2,475,Update,
1652,0,0,0,Delete,
1653,0,0,0,Delete,
1654,0,0,0,Delete,
1655,1151,2,475,Update,
1656,0,0,0,Delete,
1657,0,0,0,Delete,
1658,0,0,0,Delete,
1659,1151,2,475,Update,
1660,0,0,0,Delete,
1661,0,0,0,Delete,
1662,0,0,0,Delete,
1663,1151,2,475,Update,
1664,0,0,0,Delete,
1665,0,0,0,Delete,
1666,0,0,0,Delete,
1667,1151,2,475,Update,
1668,0,0,0,Delete,
1669,0,0,0,Delete,
1670,0,0,0,Delete,
1671,1151,2,475,Update,
1672,1151,2,717,Insert,
1673,1151,2,718,Insert,
1674,1151,2,719,Insert,
1675,1151,2,720,Insert,
1676,1151,2,721,Insert,
1677,1151,2,722,Insert,
1678,1151,2,723,Insert,
1679,1151,2,724,Insert,
1680,1151,2,725,Insert,
1681,0,0,1,Delete,
1682,0,0,0,Delete,
1683,0,0,0,Delete,
1202,1151,2,459,Insert,
1203,1151,2,460,Insert,
1204,1151,2,461,Insert,
1603,0,0,0,Delete,
1684,1151,2,722,Update,
1685,0,0,0,Delete,
1686,0,0,0,Delete,
1687,0,0,0,Delete,
1688,1151,2,724,Update,
1689,1151,2,726,Insert,
1690,1151,2,727,Insert,
1691,1151,2,728,Insert,
1692,1151,2,729,Insert,
1693,1151,2,730,Insert,
1694,2247,2,157,Insert,
1695,1151,2,731,Insert,
1696,1151,2,732,Insert,
1697,1151,2,733,Insert,
1698,1151,2,734,Insert,
1699,1201,2,780,Insert,
1700,1201,2,781,Insert,
1701,1201,2,782,Insert,
1702,1159,2,451,Insert,
1703,1159,2,452,Insert,
1704,1159,2,453,Insert,
1705,1151,2,735,Insert,
1706,1151,2,736,Insert,
1707,0,0,1,Delete,
1708,0,0,0,Delete,
1709,0,0,0,Delete,
1710,1151,2,736,Update,
1711,1151,2,737,Insert,
1712,1151,2,738,Insert,
1713,1151,2,739,Insert,
1714,1151,2,740,Insert,
1715,1151,2,741,Insert,
1716,1151,2,742,Insert,
1717,1151,2,743,Insert,
1718,2247,2,158,Insert,
1719,1151,2,744,Insert,
1720,1151,2,745,Insert,
1721,1151,2,746,Insert,
1722,1151,2,747,Insert,
1723,2247,2,159,Insert,
1724,1151,2,748,Insert,
1725,1151,2,749,Insert,
1726,1151,2,750,Insert,
1727,1151,2,751,Insert,
1728,2247,2,160,Insert,
1729,2247,2,161,Insert,
1730,2247,2,162,Insert,
1731,2247,2,163,Insert,
1732,2247,2,164,Insert,
1733,1151,2,752,Insert,
1734,0,0,1,Delete,
1735,0,0,0,Delete,
1736,0,0,0,Delete,
1737,1151,2,752,Update,
1738,1151,2,753,Insert,
1739,0,0,1,Delete,
1740,0,0,0,Delete,
1741,0,0,0,Delete,
1742,1151,2,751,Update,
1743,0,0,1,Delete,
1744,0,0,0,Delete,
1745,0,0,0,Delete,
1746,1151,2,750,Update,
1747,0,0,1,Delete,
1748,0,0,0,Delete,
1749,0,0,0,Delete,
1750,1151,2,753,Update,
1751,1151,2,754,Insert,
1752,0,0,1,Delete,
1753,0,0,0,Delete,
1754,0,0,0,Delete,
1755,1151,2,753,Update,
1756,1151,2,755,Insert,
1757,0,0,1,Delete,
1758,0,0,0,Delete,
1759,0,0,0,Delete,
1760,1151,2,752,Update,
1761,1151,2,756,Insert,
1762,1151,2,757,Insert,
1763,1151,2,758,Insert,
1764,1151,2,759,Insert,
1765,1151,2,760,Insert,
1774,1151,2,764,Insert,
1775,1151,2,765,Insert,
1776,1151,2,766,Insert,
1777,2247,2,166,Insert,
1778,2247,2,167,Insert,
1779,2247,2,168,Insert,
1780,2247,2,169,Insert,
1781,2247,2,170,Insert,
1782,2247,2,171,Insert,
1783,2247,2,172,Insert,
1784,1151,2,767,Insert,
1785,1151,2,768,Insert,
1807,1151,2,780,Insert,
1808,1151,2,781,Insert,
1809,0,0,1,Delete,
1810,0,0,0,Delete,
1811,0,0,0,Delete,
1812,1151,2,781,Update,
1813,1151,2,782,Insert,
1814,1151,2,783,Insert,
1815,1151,2,784,Insert,
1816,1151,2,785,Insert,
1817,2247,2,175,Insert,
1818,2247,2,176,Insert,
1819,1151,2,786,Insert,
1820,1151,2,787,Insert,
1821,1151,2,788,Insert,
1822,1151,2,789,Insert,
1823,1151,2,790,Insert,
1824,1151,2,791,Insert,
1825,0,0,0,Delete,
1826,0,0,0,Delete,
1827,0,0,0,Delete,
1828,1151,2,790,Update,
1829,1151,2,792,Insert,
1830,2247,2,177,Insert,
1831,2247,2,178,Insert,
1832,1151,2,793,Insert,
1833,1151,2,794,Insert,
1834,1151,2,795,Insert,
1835,1151,2,796,Insert,
1836,1151,2,797,Insert,
1837,1151,2,798,Insert,
1838,1151,2,799,Insert,
1839,1151,2,800,Insert,
1840,1151,2,801,Insert,
1841,1151,2,802,Insert,
1842,1151,2,803,Insert,
1843,1151,2,804,Insert,
1844,2247,2,179,Insert,
1845,1151,2,805,Insert,
1847,1151,2,807,Insert,
1848,1151,2,808,Insert,
1849,1151,2,809,Insert,
1850,1151,2,810,Insert,
1851,2247,2,180,Insert,
1852,2247,2,181,Insert,
1855,1151,2,813,Insert,
1856,1151,2,814,Insert,
1857,1151,2,815,Insert,
1858,1151,2,816,Insert,
1859,1151,2,817,Insert,
1860,1151,2,818,Insert,
1861,1151,2,819,Insert,
1862,2247,2,182,Insert,
1863,2247,2,183,Insert,
1864,2247,2,184,Insert,
1865,1151,2,820,Insert,
1866,1151,2,821,Insert,
1867,1151,2,822,Insert,
1868,1151,2,823,Insert,
1869,1151,2,824,Insert,
1870,2247,2,185,Insert,
1875,1151,2,829,Insert,
1876,1151,2,830,Insert,
1877,2247,2,186,Insert,
1879,1151,2,832,Insert,
1880,1159,2,517,Insert,
1881,1151,2,833,Insert,
1882,1151,2,834,Insert,
1883,1151,2,835,Insert,
1884,1151,2,836,Insert,
1885,1151,2,837,Insert,
1886,1151,2,838,Insert,
1887,1151,2,839,Insert,
1888,2247,2,187,Insert,
1889,2247,2,188,Insert,
1890,1151,2,840,Insert,
1891,1151,2,841,Insert,
1892,1151,2,842,Insert,
1893,1151,2,843,Insert,
1766,1151,2,761,Insert,
1767,0,0,1,Delete,
1768,0,0,0,Delete,
1769,0,0,0,Delete,
1770,1151,2,761,Update,
1771,1151,2,762,Insert,
1772,1151,2,763,Insert,
1773,2247,2,165,Insert,
1786,2247,2,173,Insert,
1846,1151,2,806,Insert,
1871,1151,2,825,Insert,
1872,1151,2,826,Insert,
1894,1151,2,844,Insert,
1895,2247,2,189,Insert,
1896,2247,2,190,Insert,
1897,2247,2,191,Insert,
1900,1151,2,847,Insert,
1901,0,0,1,Delete,
1902,0,0,0,Delete,
1903,0,0,0,Delete,
1904,1151,2,847,Update,
1905,1151,2,848,Insert,
1906,1151,2,849,Insert,
1907,2247,2,192,Insert,
1908,1151,2,850,Insert,
1909,0,0,1,Delete,
1910,0,0,0,Delete,
1911,0,0,0,Delete,
1912,1151,2,850,Update,
1913,2247,2,193,Insert,
1914,1151,2,851,Insert,
1915,0,0,0,Delete,
1916,0,0,0,Delete,
1917,0,0,0,Delete,
1918,1151,2,845,Update,
1919,0,0,0,Delete,
1920,0,0,0,Delete,
1921,0,0,0,Delete,
1922,1151,2,845,Update,
1923,1151,2,852,Insert,
1924,2247,2,194,Insert,
1925,2247,2,195,Insert,
1926,1151,2,853,Insert,
1927,0,0,1,Delete,
1928,0,0,0,Delete,
1929,0,0,0,Delete,
1930,1151,2,852,Update,
1931,0,0,0,Delete,
1932,0,0,0,Delete,
1933,0,0,0,Delete,
1934,1151,2,853,Update,
1935,1151,2,854,Insert,
1936,0,0,1,Delete,
1937,0,0,0,Delete,
1938,0,0,0,Delete,
1939,1151,2,854,Update,
1940,1151,2,855,Insert,
1941,0,0,1,Delete,
1942,0,0,0,Delete,
1943,0,0,0,Delete,
1944,1151,2,852,Update,
1945,0,0,1,Delete,
1946,0,0,0,Delete,
1947,0,0,0,Delete,
1948,1151,2,852,Update,
1949,1151,2,856,Insert,
1950,1151,2,857,Insert,
1951,1159,2,535,Insert,
1952,1159,2,536,Insert,
1953,1151,2,858,Insert,
1954,1151,2,859,Insert,
1955,1159,2,539,Insert,
1956,1151,2,860,Insert,
1957,1151,2,861,Insert,
1958,2247,2,196,Insert,
1959,1151,2,862,Insert,
1960,1151,2,863,Insert,
1961,1151,2,864,Insert,
1962,1151,2,865,Insert,
1963,1151,2,866,Insert,
1964,1151,2,867,Insert,
1965,1151,2,868,Insert,
1966,1151,2,869,Insert,
1967,1151,2,870,Insert,
1968,1151,2,871,Insert,
1969,0,0,1,Delete,
1970,0,0,0,Delete,
1971,0,0,0,Delete,
1972,1151,2,867,Update,
1973,1151,2,872,Insert,
1974,1151,2,873,Insert,
1975,1151,2,874,Insert,
1976,1151,2,875,Insert,
1977,1151,2,876,Insert,
1978,1151,2,877,Insert,
1979,1151,2,878,Insert,
1980,1151,2,879,Insert,
1981,1151,2,880,Insert,
1982,1151,2,881,Insert,
1983,1151,2,882,Insert,
1984,1151,2,883,Insert,
1985,1151,2,884,Insert,
1986,1151,2,885,Insert,
1987,1151,2,886,Insert,
1988,1151,2,887,Insert,
1989,1151,2,888,Insert,
1990,1151,2,889,Insert,
1991,1151,2,890,Insert,
1992,1151,2,891,Insert,
1993,1151,2,892,Insert,
1994,1151,2,893,Insert,
1995,1151,2,894,Insert,
1996,1151,2,895,Insert,
1997,1151,2,896,Insert,
1998,1151,2,897,Insert,
1999,1151,2,898,Insert,
2000,1151,2,899,Insert,
2001,1151,2,900,Insert,
2002,1151,2,901,Insert,
2003,1151,2,902,Insert,
2004,1151,2,903,Insert,
2005,1151,2,904,Insert,
2006,1151,2,905,Insert,
2007,0,0,1,Delete,
2008,0,0,0,Delete,
2009,0,0,0,Delete,
2010,1151,2,905,Update,
2011,1151,2,906,Insert,
2012,1151,2,907,Insert,
2013,1151,2,908,Insert,
2014,1151,2,909,Insert,
2015,0,0,1,Delete,
2016,0,0,0,Delete,
2017,0,0,0,Delete,
2018,1151,2,909,Update,
2019,1151,2,910,Insert,
2020,1151,2,911,Insert,
2022,0,0,0,Delete,
2023,0,0,0,Delete,
2024,1151,2,911,Update,
2025,1151,2,912,Insert,
2026,0,0,1,Delete,
2027,0,0,0,Delete,
2028,0,0,0,Delete,
2029,1151,2,912,Update,
2030,1151,2,913,Insert,
2031,1151,2,914,Insert,
2032,1151,2,915,Insert,
2033,1151,2,916,Insert,
2034,1151,2,917,Insert,
2035,1151,2,918,Insert,
2036,1151,2,919,Insert,
2037,1151,2,920,Insert,
2038,1151,2,921,Insert,
2039,0,0,1,Delete,
2040,0,0,0,Delete,
2041,0,0,0,Delete,
2042,1151,2,921,Update,
2043,2247,2,197,Insert,
2044,2247,2,198,Insert,
2045,2247,2,199,Insert,
2046,2247,2,200,Insert,
2047,2247,2,201,Insert,
2048,2247,2,202,Insert,
2049,2247,2,203,Insert,
2050,2247,2,204,Insert,
2051,1151,2,922,Insert,
2052,1151,2,923,Insert,
2053,1151,2,924,Insert,
2054,1151,2,925,Insert,
2055,1151,2,926,Insert,
2056,0,0,1,Delete,
2057,0,0,0,Delete,
2058,0,0,0,Delete,
2059,1151,2,926,Update,
2060,1151,2,927,Insert,
2061,1151,2,928,Insert,
2062,0,0,0,Delete,
1787,2247,2,174,Insert,
1788,1151,2,769,Insert,
1789,1151,2,770,Insert,
1790,1151,2,771,Insert,
1791,1151,2,772,Insert,
1792,1151,2,773,Insert,
1793,1151,2,774,Insert,
1794,0,0,1,Delete,
1795,0,0,0,Delete,
1796,0,0,0,Delete,
1797,1151,2,774,Update,
1798,1151,2,775,Insert,
1799,1151,2,776,Insert,
1800,1151,2,777,Insert,
1801,0,0,1,Delete,
1802,0,0,0,Delete,
1803,0,0,0,Delete,
1804,1151,2,775,Update,
1805,1151,2,778,Insert,
1806,1151,2,779,Insert,
1878,1151,2,831,Insert,
2021,0,0,1,Delete,
2063,0,0,0,Delete,
2064,0,0,0,Delete,
2065,1151,2,927,Update,
2066,1159,2,603,Insert,
2067,1151,2,929,Insert,
2068,1151,2,930,Insert,
2069,1151,2,931,Insert,
2070,2247,2,205,Insert,
2071,2247,2,206,Insert,
2072,2247,2,207,Insert,
2073,2247,2,208,Insert,
2074,2247,2,209,Insert,
2075,2247,2,210,Insert,
2076,2247,2,211,Insert,
2077,1151,2,932,Insert,
2078,1151,2,933,Insert,
2079,1151,2,934,Insert,
2080,2247,2,212,Insert,
2081,1151,2,935,Insert,
2082,1151,2,936,Insert,
2083,1151,2,937,Insert,
2084,2247,2,213,Insert,
2085,1151,2,938,Insert,
2086,1151,2,939,Insert,
2087,1151,2,940,Insert,
2088,1151,2,941,Insert,
2089,1151,2,942,Insert,
2090,0,0,0,Delete,
2091,0,0,0,Delete,
2092,0,0,0,Delete,
2093,1151,2,942,Update,
2094,2247,2,214,Insert,
2095,2247,2,215,Insert,
2096,1151,2,943,Insert,
2097,1151,2,944,Insert,
2098,1151,2,945,Insert,
2099,2247,2,216,Insert,
2100,1151,2,946,Insert,
2101,1151,2,947,Insert,
2102,2247,2,217,Insert,
2103,1151,2,948,Insert,
2104,2247,2,218,Insert,
2105,1151,2,949,Insert,
2106,1151,2,950,Insert,
2107,1151,2,951,Insert,
2108,2247,2,219,Insert,
2109,1151,2,952,Insert,
2110,2247,2,220,Insert,
2111,2247,2,221,Insert,
2112,2247,2,222,Insert,
2113,2247,2,223,Insert,
2114,1151,2,953,Insert,
2115,1151,2,954,Insert,
2116,2247,2,224,Insert,
2117,1151,2,955,Insert,
2118,1151,2,956,Insert,
2119,2247,2,225,Insert,
2120,2247,2,226,Insert,
2121,2247,2,227,Insert,
2122,2247,2,228,Insert,
2123,2247,2,229,Insert,
2124,1151,2,957,Insert,
2125,1151,2,958,Insert,
2126,1151,2,959,Insert,
2127,1151,2,960,Insert,
2128,2247,2,230,Insert,
2129,2247,2,231,Insert,
2130,1151,2,961,Insert,
2131,1151,2,962,Insert,
2132,1151,2,963,Insert,
2133,1011,2,446,Update,
2134,1159,2,624,Insert,
2135,1151,2,964,Insert,
2136,1151,2,965,Insert,
2137,1151,2,966,Insert,
2138,1151,2,967,Insert,
2139,2247,2,232,Insert,
2140,1151,2,968,Insert,
2141,1151,2,969,Insert,
2142,1151,2,970,Insert,
2143,1151,2,971,Insert,
2144,1151,2,972,Insert,
2145,1151,2,973,Insert,
2146,1151,2,974,Insert,
2147,2247,2,233,Insert,
2148,2247,2,234,Insert,
2149,2247,2,235,Insert,
2150,2247,2,236,Insert,
2151,1151,2,975,Insert,
2152,1151,2,976,Insert,
2153,1151,2,977,Insert,
2154,0,0,1,Delete,
2155,0,0,0,Delete,
2156,0,0,0,Delete,
2157,1151,2,977,Update,
2158,1151,2,978,Insert,
2159,1151,2,979,Insert,
2160,1151,2,980,Insert,
2161,1151,2,981,Insert,
2162,1151,2,982,Insert,
2163,1151,2,983,Insert,
2164,1151,2,984,Insert,
2165,1151,2,985,Insert,
2166,2247,2,237,Insert,
2167,2247,2,238,Insert,
2169,1151,2,987,Insert,
2170,2247,2,239,Insert,
2171,2247,2,240,Insert,
2172,1151,2,988,Insert,
2173,1151,2,989,Insert,
2174,1151,2,990,Insert,
2175,1151,2,991,Insert,
2176,1151,2,992,Insert,
2177,2247,2,241,Insert,
2178,1151,2,993,Insert,
2179,1151,2,994,Insert,
2180,1151,2,995,Insert,
2181,1151,2,996,Insert,
2182,1151,2,997,Insert,
2183,1151,2,998,Insert,
2184,1151,2,999,Insert,
2185,1151,2,1000,Insert,
2186,1151,2,1001,Insert,
2187,1151,2,1002,Insert,
2188,1151,2,1003,Insert,
2189,2247,2,242,Insert,
2190,2247,2,243,Insert,
2191,1151,2,1004,Insert,
2192,1151,2,1005,Insert,
2193,2247,2,244,Insert,
2194,1151,2,1006,Insert,
2195,2247,2,245,Insert,
2196,2247,2,246,Insert,
2197,2247,2,247,Insert,
2198,1151,2,1007,Insert,
2199,1151,2,1008,Insert,
2200,1151,2,1009,Insert,
2201,2247,2,248,Insert,
2202,1151,2,1010,Insert,
2203,1151,2,1011,Insert,
2204,1151,2,1012,Insert,
2205,1151,2,1013,Insert,
2206,1151,2,1014,Insert,
2207,1151,2,1015,Insert,
2208,1151,2,1016,Insert,
2209,1151,2,1017,Insert,
2210,1151,2,1018,Insert,
2211,1151,2,1019,Insert,
2212,1151,2,1020,Insert,
2213,1151,2,1021,Insert,
2214,1151,2,1022,Insert,
2215,1151,2,1023,Insert,
2216,1151,2,1024,Insert,
1853,1151,2,811,Insert,
1854,1151,2,812,Insert,
2217,1151,2,1025,Insert,
2218,1151,2,1026,Insert,
2219,2247,2,249,Insert,
2220,2247,2,250,Insert,
2222,1151,2,1028,Insert,
2223,1151,2,1029,Insert,
2224,1151,2,1030,Insert,
2225,0,0,1,Delete,
2226,0,0,0,Delete,
2227,0,0,0,Delete,
2228,1151,2,1030,Update,
2229,1151,2,1031,Insert,
2230,1151,2,1032,Insert,
2231,1151,2,1033,Insert,
2232,1151,2,1034,Insert,
2233,1151,2,1035,Insert,
2234,1151,2,1036,Insert,
2235,1151,2,1037,Insert,
2236,1151,2,1038,Insert,
2237,1151,2,1039,Insert,
2238,1151,2,1040,Insert,
2239,1151,2,1041,Insert,
2240,1151,2,1042,Insert,
2241,1151,2,1043,Insert,
2242,1151,2,1044,Insert,
2243,1151,2,1045,Insert,
2244,1151,2,1046,Insert,
2245,0,0,1,Delete,2915-04-20 00:02:27.486667
2246,0,0,0,Delete,2915-05-26 00:02:27.486667
2247,0,0,0,Delete,2915-05-29 00:02:27.486667
2248,1151,1,1046,Update,2915-07-02 00:02:27.486667
2249,0,0,1,Delete,
2250,0,0,0,Delete,
2251,0,0,0,Delete,
2252,1151,1,1046,Update,
2253,1151,2,1047,Insert,
2254,1151,2,1048,Insert,
2255,1151,2,1049,Insert,
2256,1151,2,1050,Insert,
2257,1151,2,1051,Insert,
2258,1151,2,1052,Insert,
2259,1151,2,1053,Insert,
2260,1151,2,1054,Insert,
2261,1151,2,1055,Insert,
2262,1151,2,1056,Insert,
2263,1151,2,1057,Insert,
2264,1151,2,1058,Insert,
2265,1151,2,1059,Insert,
2266,1151,2,1060,Insert,
2267,1151,2,1061,Insert,
2268,1151,2,1062,Insert,
2269,1151,2,1063,Insert,
2270,1151,2,1064,Insert,
2271,1151,2,1065,Insert,
2272,1151,2,1066,Insert,
2273,1151,2,1067,Insert,
2274,1151,2,1068,Insert,
2275,1151,2,1069,Insert,
2276,1151,2,1070,Insert,
2277,1151,2,1071,Insert,
2278,1151,2,1072,Insert,
2279,1151,2,1073,Insert,
2280,1151,2,1074,Insert,
2281,1151,2,1075,Insert,
2282,1151,2,1076,Insert,
2283,1151,2,1077,Insert,
2284,2247,2,251,Insert,
2285,2247,2,252,Insert,
2286,2247,2,253,Insert,
2287,2247,2,254,Insert,
2288,2247,2,255,Insert,
2289,1151,2,1078,Insert,
2290,1151,2,1079,Insert,
2291,1151,2,1080,Insert,
2293,1151,2,1082,Insert,
2294,1151,2,1083,Insert,
2295,2247,2,256,Insert,
2296,2247,2,257,Insert,
2298,1151,2,1085,Insert,
2299,1151,2,1086,Insert,
2300,1151,2,1087,Insert,
2301,1151,2,1088,Insert,
2302,1159,2,704,Insert,
2303,1159,2,705,Insert,
2304,1151,2,1089,Insert,
2307,1151,2,1092,Insert,
2312,1151,2,1097,Insert,
2313,1151,2,1098,Insert,
2314,1151,2,1099,Insert,
2315,2247,2,258,Insert,
2316,2247,2,259,Insert,
2317,1151,2,1100,Insert,
2318,1151,2,1101,Insert,
2319,2247,2,260,Insert,
2320,2247,2,261,Insert,
2321,1151,2,1102,Insert,
2322,1151,2,1103,Insert,
2323,1151,2,1104,Insert,
2324,1151,2,1105,Insert,
2326,1151,2,1107,Insert,
2327,2247,2,262,Insert,
2328,2247,2,263,Insert,
2329,2247,2,264,Insert,
2330,2247,2,265,Insert,
2331,2247,2,266,Insert,
2332,2247,2,267,Insert,
2333,1151,2,1108,Insert,
2334,1151,2,1109,Insert,
2335,1151,2,1110,Insert,
2336,1151,2,1111,Insert,
2337,1151,2,1112,Insert,
2338,1151,2,1113,Insert,
2339,1151,2,1114,Insert,
2340,1151,2,1115,Insert,
2341,1151,2,1116,Insert,
2342,1151,2,1117,Insert,
2343,1151,2,1118,Insert,
2345,1151,2,1120,Insert,
2346,1151,2,1121,Insert,
2347,1151,2,1122,Insert,
2348,2247,2,268,Insert,
2349,2247,2,269,Insert,
2350,1151,2,1123,Insert,
2351,1151,2,1124,Insert,
2352,1151,2,1125,Insert,
2353,1151,2,1126,Insert,
2354,1151,2,1127,Insert,
2355,1151,2,1128,Insert,
2356,1151,2,1129,Insert,
2357,1151,2,1130,Insert,
2358,2247,2,270,Insert,
2359,2247,2,271,Insert,
2360,2247,2,272,Insert,
2361,1005,2,3,Insert,
2362,1151,2,1131,Insert,
2363,1201,2,783,Insert,
2364,1151,2,1132,Insert,
2365,1151,2,1133,Insert,
2366,1151,2,1134,Insert,
2367,2247,2,273,Insert,
2368,1151,2,1135,Insert,
2370,1151,2,1137,Insert,
2371,1151,2,1138,Insert,
2372,1151,2,1139,Insert,
2373,1151,2,1140,Insert,
2374,1151,2,1141,Insert,
2375,1151,2,1142,Insert,
2376,1151,2,1143,Insert,
2377,1151,2,1144,Insert,
2378,1151,2,1145,Insert,
2379,1151,2,1146,Insert,
2380,1151,2,1147,Insert,
2381,1151,2,1148,Insert,
2382,2247,2,274,Insert,
2383,2247,2,275,Insert,
2384,2247,2,276,Insert,
2386,1151,2,1150,Insert,
2387,1151,2,1151,Insert,
2388,0,0,1,Delete,
2389,0,0,0,Delete,
2390,0,0,0,Delete,
2391,1151,2,1151,Update,
2392,1151,2,1152,Insert,
2393,1159,2,738,Insert,
2394,0,0,0,Delete,
2395,0,0,0,Delete,
2396,0,0,0,Delete,
2397,1151,2,1151,Update,
2398,1151,2,1153,Insert,
2399,1151,2,1154,Insert,
2400,0,0,1,Delete,
1873,1151,2,827,Insert,
1874,1151,2,828,Insert,
2168,1151,2,986,Insert,
2325,1151,2,1106,Insert,
2344,1151,2,1119,Insert,
2369,1151,2,1136,Insert,
2385,1151,2,1149,Insert,
2401,0,0,0,Delete,
2402,0,0,0,Delete,
2403,1151,2,1154,Update,
2404,1151,2,1155,Insert,
2405,1151,2,1156,Insert,
2406,2247,2,277,Insert,
2413,1151,2,1162,Insert,
2414,1151,2,1163,Insert,
2415,1151,2,1164,Insert,
2416,1151,2,1165,Insert,
2417,1151,2,1166,Insert,
2418,1151,2,1167,Insert,
2419,1151,2,1168,Insert,
2420,1151,2,1169,Insert,
2421,1151,2,1170,Insert,
2422,1151,2,1171,Insert,
2423,1151,2,1172,Insert,
2424,1151,2,1173,Insert,
2425,1151,2,1174,Insert,
2426,1151,2,1175,Insert,
2427,1151,2,1176,Insert,
2428,1151,2,1177,Insert,
2429,1151,2,1178,Insert,
2430,1151,2,1179,Insert,
2431,2247,2,279,Insert,
2432,1151,2,1180,Insert,
2433,1151,2,1181,Insert,
2434,1151,2,1182,Insert,
2435,1151,2,1183,Insert,
2438,1151,2,1186,Insert,
2439,1151,2,1187,Insert,
2440,1151,2,1188,Insert,
2441,1151,2,1189,Insert,
2442,1151,2,1190,Insert,
2443,1151,2,1191,Insert,
2444,1151,2,1192,Insert,
2445,1151,2,1193,Insert,
2446,1151,2,1194,Insert,
2447,1151,2,1195,Insert,
2448,1151,2,1196,Insert,
2449,1151,2,1197,Insert,
2450,1151,2,1198,Insert,
2451,2247,2,280,Insert,
2452,2247,2,281,Insert,
2453,2247,2,282,Insert,
2454,2247,2,283,Insert,
2455,2247,2,284,Insert,
2456,2247,2,285,Insert,
2457,2247,2,286,Insert,
2458,2247,2,287,Insert,
2459,2247,2,288,Insert,
2460,2247,2,289,Insert,
2461,2247,2,290,Insert,
2462,2247,2,291,Insert,
2463,2247,2,292,Insert,
2464,2247,2,293,Insert,
2465,2247,2,294,Insert,
2466,2247,2,295,Insert,
2467,2247,2,296,Insert,
2468,2247,2,297,Insert,
2469,2247,2,298,Insert,
2470,2247,2,299,Insert,
2471,2247,2,300,Insert,
2472,2247,2,301,Insert,
2473,2247,2,302,Insert,
2474,2247,2,303,Insert,
2475,2247,2,304,Insert,
2476,2247,2,305,Insert,
2477,2247,2,306,Insert,
2478,2247,2,307,Insert,
2479,2247,2,308,Insert,
2480,2247,2,309,Insert,
2481,2247,2,310,Insert,
2482,2247,2,311,Insert,
2483,2247,2,312,Insert,
2484,2247,2,313,Insert,
2485,2247,2,314,Insert,
2486,2247,2,315,Insert,
2487,2247,2,316,Insert,
2488,2247,2,317,Insert,
2489,2247,2,318,Insert,
2490,2247,2,319,Insert,
2491,2247,2,320,Insert,
2492,2247,2,321,Insert,
2493,2247,2,322,Insert,
2494,2247,2,323,Insert,
2495,2247,2,324,Insert,
2496,2247,2,325,Insert,
2497,1151,2,1199,Insert,
2499,1151,2,1201,Insert,
2500,1151,2,1202,Insert,
2501,1151,2,1203,Insert,
2502,2247,2,326,Insert,
2503,2247,2,327,Insert,
2504,2247,2,328,Insert,
2505,2247,2,329,Insert,
2506,2247,2,330,Insert,
2507,2247,2,331,Insert,
2508,2247,2,332,Insert,
2509,2247,2,333,Insert,
2510,2247,2,334,Insert,
2511,2247,2,335,Insert,
2512,2247,2,336,Insert,
2513,2247,2,337,Insert,
2514,2247,2,338,Insert,
2515,2247,2,339,Insert,
2516,2247,2,340,Insert,
2517,2247,2,341,Insert,
2518,2247,2,342,Insert,
2519,2247,2,343,Insert,
2520,2247,2,344,Insert,
2521,2247,2,345,Insert,
2522,2247,2,346,Insert,
2523,2247,2,347,Insert,
2524,2247,2,348,Insert,
2525,2247,2,349,Insert,
2526,2247,2,350,Insert,
2527,2247,2,351,Insert,
2528,2247,2,352,Insert,
2529,2247,2,353,Insert,
2530,2247,2,354,Insert,
2531,2247,2,355,Insert,
2532,2247,2,356,Insert,
2533,2247,2,357,Insert,
2534,2247,2,358,Insert,
2535,2247,2,359,Insert,
2536,2247,2,360,Insert,
2537,2247,2,361,Insert,
2538,2247,2,362,Insert,
2539,2247,2,363,Insert,
2540,1151,2,1204,Insert,
2541,1151,2,1205,Insert,
2542,1151,2,1206,Insert,
2543,1151,2,1207,Insert,
2544,0,0,0,Delete,
2545,0,0,0,Delete,
2546,0,0,0,Delete,
2547,1151,2,1183,Update,
2548,0,0,0,Delete,
2549,0,0,0,Delete,
2550,0,0,0,Delete,
2551,1151,2,1187,Update,
2552,0,0,0,Delete,
2553,0,0,0,Delete,
2554,0,0,0,Delete,
2555,1151,2,1190,Update,
2556,0,0,0,Delete,
2557,0,0,0,Delete,
2558,0,0,0,Delete,
2559,1151,2,1182,Update,
2560,0,0,0,Delete,
2561,0,0,0,Delete,
2562,0,0,0,Delete,
2563,1151,2,1181,Update,
2564,0,0,0,Delete,
2565,0,0,0,Delete,
2566,0,0,0,Delete,
2567,1151,2,1188,Update,
2568,0,0,0,Delete,
2569,0,0,0,Delete,
2570,0,0,0,Delete,
2571,1151,2,1186,Update,
2572,0,0,0,Delete,
2573,0,0,0,Delete,
2574,0,0,0,Delete,
2575,1151,2,1186,Update,
2576,0,0,0,Delete,
2577,0,0,0,Delete,
1898,1151,2,845,Insert,
1899,1151,2,846,Insert,
2305,1151,2,1090,Insert,
2306,1151,2,1091,Insert,
2308,1151,2,1093,Insert,
2309,1151,2,1094,Insert,
2310,1151,2,1095,Insert,
2311,1151,2,1096,Insert,
2407,1151,2,1157,Insert,
2408,1151,2,1158,Insert,
2409,1151,2,1159,Insert,
2498,1151,2,1200,Insert,
2578,0,0,0,Delete,
2579,1151,2,1186,Update,
2580,0,0,0,Delete,
2581,0,0,0,Delete,
2582,0,0,0,Delete,
2583,1151,2,1186,Update,
2584,0,0,0,Delete,
2585,0,0,0,Delete,
2586,0,0,0,Delete,
2587,1151,2,1186,Update,
2588,1151,2,1208,Insert,
2589,1151,2,1209,Insert,
2590,1151,2,1210,Insert,
2591,1151,2,1211,Insert,
2592,1151,2,1212,Insert,
2619,1201,2,784,Insert,
2620,1151,2,1236,Insert,
2621,1151,2,1237,Insert,
2622,1151,2,1238,Insert,
2623,1151,2,1239,Insert,
2624,1151,2,1240,Insert,
2625,1151,2,1241,Insert,
2626,1151,2,1242,Insert,
2627,1151,2,1243,Insert,
2628,1151,2,1244,Insert,
2629,0,0,1,Delete,
2630,0,0,0,Delete,
2631,0,0,0,Delete,
2632,1151,2,1244,Update,
2633,1151,2,1245,Insert,
2634,1151,2,1246,Insert,
2635,1151,2,1247,Insert,
2636,1151,2,1248,Insert,
2637,1151,2,1249,Insert,
2638,1151,2,1250,Insert,
2639,0,0,0,Delete,
2640,0,0,0,Delete,
2641,0,0,0,Delete,
2642,1151,2,1228,Update,
2643,0,0,0,Delete,
2644,0,0,0,Delete,
2645,0,0,0,Delete,
2646,1151,2,1221,Update,
2647,0,0,0,Delete,
2648,0,0,0,Delete,
2649,0,0,0,Delete,
2650,1151,2,1211,Update,
2651,0,0,0,Delete,
2652,0,0,0,Delete,
2653,0,0,0,Delete,
2654,1151,2,1210,Update,
2655,0,0,0,Delete,
2656,0,0,0,Delete,
2657,0,0,0,Delete,
2658,1151,2,1209,Update,
2659,0,0,0,Delete,
2660,0,0,0,Delete,
2661,0,0,0,Delete,
2662,1151,2,1210,Update,
2663,0,0,0,Delete,
2664,0,0,0,Delete,
2665,0,0,0,Delete,
2666,1151,2,1211,Update,
2667,0,0,0,Delete,
2668,0,0,0,Delete,
2669,0,0,0,Delete,
2670,1151,2,1219,Update,
2671,0,0,0,Delete,
2672,0,0,0,Delete,
2673,0,0,0,Delete,
2674,1151,2,1220,Update,
2675,0,0,0,Delete,
2676,0,0,0,Delete,
2677,0,0,0,Delete,
2678,1151,2,1219,Update,
2679,1151,2,1251,Insert,
2680,1151,2,1252,Insert,
2681,1151,2,1253,Insert,
2682,1151,2,1254,Insert,
2683,1151,2,1255,Insert,
2684,1151,2,1256,Insert,
2685,1151,2,1257,Insert,
2686,1151,2,1258,Insert,
2688,1151,2,1260,Insert,
2689,0,0,1,Delete,
2690,0,0,0,Delete,
2691,0,0,0,Delete,
2692,1151,2,1260,Update,
2693,1151,2,1261,Insert,
2694,1151,2,1262,Insert,
2695,1151,2,1263,Insert,
2696,1151,2,1264,Insert,
2697,1159,2,830,Insert,
2698,1151,2,1265,Insert,
2699,1147,2,7,Insert,
2700,1151,2,1266,Insert,
2701,1151,2,1267,Insert,
2704,1159,2,835,Insert,
2705,1151,2,1270,Insert,
2706,0,0,1,Delete,
2707,0,0,0,Delete,
2708,0,0,0,Delete,
2709,1151,2,1270,Update,
2710,1151,2,1271,Insert,
2711,0,0,1,Delete,
2712,0,0,0,Delete,
2713,0,0,0,Delete,
2714,1151,2,1271,Update,
2715,1151,2,1272,Insert,
2716,1151,2,1273,Insert,
2717,1159,2,838,Insert,
2718,1159,2,839,Insert,
2719,1151,2,1274,Insert,
2720,0,0,1,Delete,
2721,0,0,0,Delete,
2722,0,0,0,Delete,
2723,1151,2,1274,Update,
2724,1151,2,1275,Insert,
2725,1151,2,1276,Insert,
2726,1151,2,1277,Insert,
2727,1151,2,1278,Insert,
2728,1151,2,1279,Insert,
2729,1151,2,1280,Insert,
2730,1151,2,1281,Insert,
2731,1151,2,1282,Insert,
2732,1151,2,1283,Insert,
2733,1151,2,1284,Insert,
2734,1151,2,1285,Insert,
2736,1151,2,1287,Insert,
2737,1151,2,1288,Insert,
2738,1151,2,1289,Insert,
2739,1151,2,1290,Insert,
2740,1151,2,1291,Insert,
2741,1151,2,1292,Insert,
2742,1151,2,1293,Insert,
2743,0,0,1,Delete,
2744,0,0,0,Delete,
2745,0,0,0,Delete,
2746,1151,2,1293,Update,
2747,1151,2,1294,Insert,
2748,0,0,1,Delete,
2749,0,0,0,Delete,
2750,0,0,0,Delete,
2751,1151,2,1294,Update,
2752,1151,2,1295,Insert,
2753,1151,2,1296,Insert,
2754,1151,2,1297,Insert,
2755,1151,2,1298,Insert,
2756,1151,2,1299,Insert,
2757,1151,2,1300,Insert,
2758,1151,2,1301,Insert,
2759,1151,2,1302,Insert,
2760,1151,2,1303,Insert,
2761,1151,2,1304,Insert,
2762,1151,2,1305,Insert,
2763,0,0,1,Delete,
2764,0,0,0,Delete,
2765,0,0,0,Delete,
2766,1151,2,1305,Update,
2767,1151,2,1306,Insert,
2768,1151,2,1307,Insert,
2769,1151,2,1308,Insert,
2770,1151,2,1309,Insert,
2771,1151,2,1310,Insert,
2221,1151,2,1027,Insert,
2687,1151,2,1259,Insert,
2735,1151,2,1286,Insert,
2772,0,0,1,Delete,
2773,0,0,0,Delete,
2774,0,0,0,Delete,
2775,1151,2,1310,Update,
2776,1151,2,1311,Insert,
2777,1151,2,1312,Insert,
2778,1151,2,1313,Insert,
2779,1151,2,1314,Insert,
2780,0,0,1,Delete,
2781,0,0,0,Delete,
2782,0,0,0,Delete,
2783,1151,2,1314,Update,
2784,1151,2,1315,Insert,
2785,0,0,1,Delete,
2786,0,0,0,Delete,
2787,0,0,0,Delete,
2788,1151,2,1300,Update,
2842,1151,2,1348,Insert,
2843,0,0,1,Delete,
2844,0,0,0,Delete,
2845,0,0,0,Delete,
2846,1151,2,1348,Update,
2847,1151,2,1349,Insert,
2848,1151,2,1350,Insert,
2849,1151,2,1351,Insert,
2850,1151,2,1352,Insert,
2851,1151,2,1353,Insert,
2852,1151,2,1354,Insert,
2853,1151,2,1355,Insert,
2854,1151,2,1356,Insert,
2855,1151,2,1357,Insert,
2856,0,0,1,Delete,
2857,0,0,0,Delete,
2858,0,0,0,Delete,
2859,1151,2,1357,Update,
2860,1151,2,1358,Insert,
2861,1151,2,1359,Insert,
2862,1151,2,1360,Insert,
2863,0,0,1,Delete,
2864,0,0,0,Delete,
2865,0,0,0,Delete,
2866,1151,2,1360,Update,
2867,1151,2,1361,Insert,
2868,1151,2,1362,Insert,
2869,1151,2,1363,Insert,
2895,1151,2,1382,Insert,
2896,1151,2,1383,Insert,
2897,1151,2,1384,Insert,
2898,1151,2,1385,Insert,
2899,1151,2,1386,Insert,
2900,1151,2,1387,Insert,
2901,1151,2,1388,Insert,
2946,0,0,0,Delete,
2947,0,0,0,Delete,
2948,0,0,0,Delete,
2949,1151,2,1274,Update,
2950,0,0,1,Delete,
2951,0,0,0,Delete,
2952,0,0,0,Delete,
2953,1151,2,1272,Update,
2954,0,0,0,Delete,
2955,0,0,0,Delete,
2956,0,0,0,Delete,
2957,1151,2,1267,Update,
2958,0,0,0,Delete,
2959,0,0,0,Delete,
2960,0,0,0,Delete,
2961,1151,2,1265,Update,
2962,0,0,0,Delete,
2963,0,0,0,Delete,
2964,0,0,0,Delete,
2965,1151,2,1259,Update,
2966,0,0,0,Delete,
2967,0,0,0,Delete,
2968,0,0,0,Delete,
2969,1151,2,1258,Update,
2970,0,0,0,Delete,
2971,0,0,0,Delete,
2972,0,0,0,Delete,
2973,1151,2,1251,Update,
2974,0,0,0,Delete,
2975,0,0,0,Delete,
2976,0,0,0,Delete,
2977,1151,2,1346,Update,
2978,0,0,0,Delete,
2979,0,0,0,Delete,
2980,0,0,0,Delete,
2981,1151,2,1336,Update,
2982,0,0,0,Delete,
2983,0,0,0,Delete,
2984,0,0,0,Delete,
2985,1151,2,1333,Update,
2986,0,0,1,Delete,
2987,0,0,0,Delete,
2988,0,0,0,Delete,
2989,1151,2,1306,Update,
2990,0,0,0,Delete,
2991,0,0,0,Delete,
2992,0,0,0,Delete,
2993,1151,2,1328,Update,
2994,0,0,0,Delete,
2995,0,0,0,Delete,
2996,0,0,0,Delete,
2997,1151,2,1335,Update,
2998,0,0,0,Delete,
2999,0,0,0,Delete,
3000,0,0,0,Delete,
3001,1151,2,1345,Update,
3002,0,0,0,Delete,
3003,0,0,0,Delete,
3004,0,0,0,Delete,
3005,1151,2,1352,Update,
3006,0,0,0,Delete,
3007,0,0,0,Delete,
3008,0,0,0,Delete,
3009,1151,2,1356,Update,
3010,0,0,0,Delete,
3011,0,0,0,Delete,
3012,0,0,0,Delete,
3013,1151,2,1364,Update,
3014,0,0,0,Delete,
3015,0,0,0,Delete,
3016,0,0,0,Delete,
3017,1151,2,1360,Update,
3018,0,0,0,Delete,
3019,0,0,0,Delete,
3020,0,0,0,Delete,
3021,1151,2,1356,Update,
3022,0,0,0,Delete,
3023,0,0,0,Delete,
3024,0,0,0,Delete,
3025,1151,2,1356,Update,
3026,0,0,0,Delete,
3027,0,0,0,Delete,
3028,0,0,0,Delete,
3029,1151,2,1356,Update,
3030,1151,2,1389,Insert,
3031,1151,2,1390,Insert,
3032,1151,2,1391,Insert,
3033,0,0,1,Delete,
3034,0,0,0,Delete,
3035,0,0,0,Delete,
3036,1151,2,1388,Update,
3037,1151,2,1392,Insert,
3038,1151,2,1393,Insert,
3039,1151,2,1394,Insert,
3040,1151,2,1395,Insert,
3041,1151,2,1396,Insert,
3042,1151,2,1397,Insert,
3043,2247,2,386,Insert,
3046,1151,2,1400,Insert,
3047,1151,2,1401,Insert,
3048,1151,2,1402,Insert,
3049,1151,2,1403,Insert,
3050,1151,2,1404,Insert,
3051,1151,2,1405,Insert,
3052,1151,2,1406,Insert,
3053,1151,2,1407,Insert,
3054,1151,2,1408,Insert,
3055,1151,2,1409,Insert,
3056,1151,2,1410,Insert,
3057,1151,2,1411,Insert,
3058,1151,2,1412,Insert,
3059,1151,2,1413,Insert,
3060,1151,2,1414,Insert,
3061,1151,2,1415,Insert,
3062,1151,2,1416,Insert,
3063,1151,2,1417,Insert,
3064,1151,2,1418,Insert,
3065,1151,2,1419,Insert,
3066,1151,2,1420,Insert,
3067,0,0,1,Delete,
3068,0,0,0,Delete,
3069,0,0,0,Delete,
2292,1151,2,1081,Insert,
2297,1151,2,1084,Insert,
2702,1151,2,1268,Insert,
2703,1151,2,1269,Insert,
3044,1151,2,1398,Insert,
3045,1151,2,1399,Insert,
3070,1151,2,1420,Update,
3071,1151,2,1421,Insert,
3072,1002,1,121,Insert,
3073,1002,1,118,Update,
3074,1002,1,105,Update,
3075,1002,1,106,Update,
3076,1159,1,932,Insert,
3077,1151,1,1422,Insert,
3078,1159,1,933,Insert,
3079,1151,1,1423,Insert,
3080,1027,2,2,Update,
3081,1151,2,1424,Insert,
3082,1159,2,935,Insert,
3083,1159,2,936,Insert,
3084,2247,2,387,Insert,
3085,1159,2,937,Insert,
3100,0,0,0,Delete,
3101,0,0,0,Delete,
3102,0,0,0,Delete,
3103,1151,2,1412,Update,
3104,0,0,0,Delete,
3105,0,0,0,Delete,
3106,0,0,0,Delete,
3107,1151,2,1411,Update,
3108,0,0,0,Delete,
3109,0,0,0,Delete,
3110,0,0,0,Delete,
3111,1151,2,1365,Update,
3112,0,0,0,Delete,
3113,0,0,0,Delete,
3114,0,0,0,Delete,
3115,1151,2,1378,Update,
3116,0,0,0,Delete,
3117,0,0,0,Delete,
3118,0,0,0,Delete,
3119,1151,2,1380,Update,
3120,0,0,0,Delete,
3121,0,0,0,Delete,
3122,0,0,0,Delete,
3123,1151,2,1395,Update,
3124,0,0,0,Delete,
3125,0,0,0,Delete,
3126,0,0,0,Delete,
3127,1151,2,1402,Update,
3128,1151,2,1439,Insert,
3129,1151,2,1440,Insert,
3130,1151,2,1441,Insert,
3131,1151,2,1442,Insert,
3132,1151,2,1443,Insert,
3133,1151,2,1444,Insert,
3134,1151,2,1445,Insert,
3135,1151,2,1446,Insert,
3136,1151,2,1447,Insert,
3137,1151,2,1448,Insert,
3138,1151,2,1449,Insert,
3216,1151,2,1507,Insert,
3217,1151,2,1508,Insert,
3218,1151,2,1509,Insert,
3219,1151,2,1510,Insert,
3220,1151,2,1511,Insert,
3221,0,0,1,Delete,
3222,0,0,0,Delete,
3223,0,0,0,Delete,
3224,1151,2,1511,Update,
3243,1151,2,1526,Insert,
3244,2247,2,391,Insert,
3245,1151,2,1527,Insert,
3246,1151,2,1528,Insert,
3247,0,0,1,Delete,
3248,0,0,0,Delete,
3249,0,0,0,Delete,
3250,1151,2,1528,Update,
3251,1151,2,1529,Insert,
3252,1151,2,1530,Insert,
3253,1151,2,1531,Insert,
3254,1151,2,1532,Insert,
3255,1151,2,1533,Insert,
3269,1151,2,1545,Insert,
3270,1151,2,1546,Insert,
3271,1151,2,1547,Insert,
3272,2247,2,394,Insert,
3273,1151,2,1548,Insert,
3274,1151,2,1549,Insert,
3275,1151,2,1550,Insert,
3276,1151,2,1551,Insert,
3277,1151,2,1552,Insert,
3278,1151,2,1553,Insert,
3279,1151,2,1554,Insert,
3280,1151,2,1555,Insert,
3288,2247,2,395,Insert,
3289,2247,2,396,Insert,
3290,2247,2,397,Insert,
3291,2247,2,398,Insert,
3292,2247,2,399,Insert,
3293,2247,2,400,Insert,
3294,2247,2,401,Insert,
3295,2247,2,402,Insert,
3296,2247,2,403,Insert,
3297,2247,2,404,Insert,
3298,2247,2,405,Insert,
3299,1005,1,4,Insert,
3300,1151,2,1563,Insert,
3301,1151,2,1564,Insert,
3302,1151,2,1565,Insert,
3303,1151,2,1566,Insert,
3304,1151,2,1567,Insert,
3305,1151,2,1568,Insert,
3306,1151,2,1569,Insert,
3307,1151,2,1570,Insert,
3308,1151,2,1571,Insert,
3309,1151,2,1572,Insert,
3310,1151,2,1573,Insert,
3311,1151,2,1574,Insert,
3312,1151,2,1575,Insert,
3313,1151,2,1576,Insert,
3314,1151,2,1577,Insert,
3315,2247,2,406,Insert,
3316,1151,2,1578,Insert,
3317,1151,2,1579,Insert,
3318,1151,2,1580,Insert,
3319,1151,2,1581,Insert,
3320,1151,2,1582,Insert,
3321,1151,2,1583,Insert,
3322,1151,2,1584,Insert,
3323,1151,2,1585,Insert,
3325,1151,2,1586,Insert,
3335,0,0,0,Delete,
3336,0,0,0,Delete,
3337,0,0,0,Delete,
3338,1151,2,1449,Update,
3339,0,0,0,Delete,
3340,0,0,0,Delete,
3341,0,0,0,Delete,
3342,1151,2,1447,Update,
3343,0,0,0,Delete,
3344,0,0,0,Delete,
3345,0,0,0,Delete,
3346,1151,2,1430,Update,
3347,0,0,0,Delete,
3348,0,0,0,Delete,
3349,0,0,0,Delete,
3350,1151,2,1425,Update,
3351,0,0,0,Delete,
3352,0,0,0,Delete,
3353,0,0,0,Delete,
3354,1151,2,1466,Update,
3355,0,0,0,Delete,
3356,0,0,0,Delete,
3357,0,0,0,Delete,
3358,1151,2,1472,Update,
3359,0,0,0,Delete,
3360,0,0,0,Delete,
3361,0,0,0,Delete,
3362,1151,2,1516,Update,
3363,0,0,0,Delete,
3364,0,0,0,Delete,
3365,0,0,0,Delete,
3366,1151,2,1515,Update,
3367,0,0,0,Delete,
3368,0,0,0,Delete,
3369,0,0,0,Delete,
3370,1151,2,1505,Update,
3371,0,0,0,Delete,
3372,0,0,0,Delete,
3373,0,0,0,Delete,
3374,1151,2,1503,Update,
3375,0,0,0,Delete,
3376,0,0,0,Delete,
3377,0,0,0,Delete,
3378,1151,2,1491,Update,
2410,1151,2,1160,Insert,
2411,1151,2,1161,Insert,
2412,2247,2,278,Insert,
2436,1151,2,1184,Insert,
2437,1151,2,1185,Insert,
3281,1151,2,1556,Insert,
3324,1159,2,1029,Insert,
3379,0,0,0,Delete,
3380,0,0,0,Delete,
3381,0,0,0,Delete,
3382,1151,2,1489,Update,
3383,0,0,0,Delete,
3384,0,0,0,Delete,
3385,0,0,0,Delete,
3386,1151,2,1470,Update,
3387,0,0,0,Delete,
3388,0,0,0,Delete,
3389,0,0,0,Delete,
3390,1151,2,1467,Update,
3391,0,0,0,Delete,
3392,0,0,0,Delete,
3393,0,0,0,Delete,
3394,1151,2,1477,Update,
3395,0,0,0,Delete,
3396,0,0,0,Delete,
3397,0,0,0,Delete,
3398,1151,2,1502,Update,
3399,0,0,0,Delete,
3400,0,0,0,Delete,
3401,0,0,0,Delete,
3402,1151,2,1514,Update,
3403,0,0,0,Delete,
3404,0,0,0,Delete,
3405,0,0,0,Delete,
3406,1151,2,1514,Update,
3407,0,0,0,Delete,
3408,0,0,0,Delete,
3409,0,0,0,Delete,
3410,1151,2,1514,Update,
3411,1151,2,1593,Insert,
3412,1151,2,1594,Insert,
3413,1151,2,1595,Insert,
3414,1151,2,1596,Insert,
3415,1151,2,1597,Insert,
3426,1159,2,1044,Insert,
3427,1151,2,1607,Insert,
3428,1151,2,1608,Insert,
3467,1151,2,1629,Insert,
3468,1151,2,1630,Insert,
3469,1151,2,1631,Insert,
3470,0,0,1,Delete,
3471,0,0,0,Delete,
3472,0,0,0,Delete,
3473,1151,2,1631,Update,
3474,1151,2,1632,Insert,
3475,1151,2,1633,Insert,
3476,1151,2,1634,Insert,
3477,1151,2,1635,Insert,
3478,1151,2,1636,Insert,
3479,1151,2,1637,Insert,
3480,1151,2,1638,Insert,
3481,1151,2,1639,Insert,
3482,1151,2,1640,Insert,
3483,1151,2,1641,Insert,
3484,1151,2,1642,Insert,
3485,1151,2,1643,Insert,
3486,1151,2,1644,Insert,
3487,1151,2,1645,Insert,
3488,1151,2,1646,Insert,
3489,1151,2,1647,Insert,
3490,1151,2,1648,Insert,
3491,1151,2,1649,Insert,
3492,1151,2,1650,Insert,
3493,1151,2,1651,Insert,
3494,1151,2,1652,Insert,
3495,0,0,1,Delete,
3496,0,0,0,Delete,
3497,0,0,0,Delete,
3498,1151,1,1652,Update,
3499,0,0,1,Delete,
3500,0,0,0,Delete,
3501,0,0,0,Delete,
3502,1151,1,1652,Update,
3503,1151,2,1653,Insert,
3504,0,0,1,Delete,
3505,0,0,0,Delete,
3506,0,0,0,Delete,
3507,1151,2,1653,Update,
3508,1151,2,1654,Insert,
3509,0,0,1,Delete,
3510,0,0,0,Delete,
3511,0,0,0,Delete,
3512,1151,2,1654,Update,
3513,1151,2,1655,Insert,
3514,1151,2,1656,Insert,
3515,1151,2,1657,Insert,
3516,1151,2,1658,Insert,
3517,1151,2,1659,Insert,
3518,1151,2,1660,Insert,
3519,1151,2,1661,Insert,
3520,1151,2,1662,Insert,
3521,1151,2,1663,Insert,
3522,1151,2,1664,Insert,
3523,1151,2,1665,Insert,
3524,1151,2,1666,Insert,
3525,1151,2,1667,Insert,
3526,1151,2,1668,Insert,
3527,0,0,1,Delete,
3528,0,0,0,Delete,
3529,0,0,0,Delete,
3530,1151,2,1668,Update,
3531,1151,2,1669,Insert,
3532,1151,2,1670,Insert,
3533,1151,2,1671,Insert,
3534,1151,2,1672,Insert,
3535,1151,2,1673,Insert,
3536,1151,2,1674,Insert,
3537,2247,2,418,Insert,
3538,2247,2,419,Insert,
3539,2247,2,420,Insert,
3540,2247,2,421,Insert,
3541,1159,2,1080,Insert,
3542,1159,2,1081,Insert,
3543,1151,2,1675,Insert,
3544,1151,2,1676,Insert,
3545,1151,2,1677,Insert,
3546,1151,2,1678,Insert,
3547,1151,2,1679,Insert,
3548,1151,2,1680,Insert,
3549,0,0,1,Delete,
3550,0,0,0,Delete,
3551,0,0,0,Delete,
3552,1151,2,1679,Update,
3553,0,0,1,Delete,
3554,0,0,0,Delete,
3555,0,0,0,Delete,
3556,1151,2,1680,Update,
3557,1151,2,1681,Insert,
3558,0,0,1,Delete,
3559,0,0,0,Delete,
3560,0,0,0,Delete,
3561,1151,2,1681,Update,
3562,1151,2,1682,Insert,
3563,1151,2,1683,Insert,
3564,1151,2,1684,Insert,
3565,1151,2,1685,Insert,
3566,0,0,1,Delete,
3567,0,0,0,Delete,
3568,0,0,0,Delete,
3569,1151,2,1685,Update,
3570,1151,2,1686,Insert,
3571,1151,2,1687,Insert,
3572,1151,2,1688,Insert,
3573,1151,2,1689,Insert,
3574,0,0,1,Delete,
3575,0,0,0,Delete,
3576,0,0,0,Delete,
3577,1151,2,1689,Update,
3578,1151,2,1690,Insert,
3579,0,0,1,Delete,
3580,0,0,0,Delete,
3581,0,0,0,Delete,
3582,1151,2,1690,Update,
3583,1151,2,1691,Insert,
3584,1151,2,1692,Insert,
3585,2247,2,422,Insert,
3586,2247,2,423,Insert,
3587,2247,2,424,Insert,
3588,2247,2,425,Insert,
3589,2247,2,426,Insert,
3590,1159,2,1093,Insert,
3593,1151,2,1695,Insert,
3594,1151,2,1696,Insert,
3595,1151,2,1697,Insert,
3596,1151,2,1698,Insert,
3597,1151,2,1699,Insert,
2593,1151,2,1213,Insert,
2594,1151,2,1214,Insert,
2595,1151,2,1215,Insert,
2596,1151,2,1216,Insert,
2597,1151,2,1217,Insert,
2598,1151,2,1218,Insert,
2599,1151,2,1219,Insert,
2600,1151,2,1220,Insert,
2601,1151,2,1221,Insert,
2602,1151,2,1222,Insert,
2603,1151,2,1223,Insert,
2604,1151,2,1224,Insert,
2605,1151,2,1225,Insert,
2606,1151,2,1226,Insert,
2607,1151,2,1227,Insert,
2608,1151,2,1228,Insert,
2609,1151,2,1229,Insert,
2610,1151,2,1230,Insert,
2611,1151,2,1231,Insert,
2612,1151,2,1232,Insert,
2613,1151,2,1233,Insert,
2614,1159,2,802,Insert,
2615,1151,2,1234,Insert,
2616,1151,2,1235,Insert,
2617,2247,2,364,Insert,
2618,2247,2,365,Insert,
3225,1151,2,1512,Insert,
3226,1151,2,1513,Insert,
3227,0,0,1,Delete,
3228,0,0,0,Delete,
3229,0,0,0,Delete,
3230,1151,2,1513,Update,
3231,1151,2,1514,Insert,
3232,1151,2,1515,Insert,
3233,1151,2,1516,Insert,
3234,1151,2,1517,Insert,
3235,1151,2,1518,Insert,
3236,1151,2,1519,Insert,
3237,1151,2,1520,Insert,
3238,1151,2,1521,Insert,
3239,1151,2,1522,Insert,
3240,1151,2,1523,Insert,
3241,1151,2,1524,Insert,
3242,1151,2,1525,Insert,
3591,1151,2,1693,Insert,
3592,1151,2,1694,Insert,
3598,1151,2,1700,Insert,
3599,1151,2,1701,Insert,
3600,0,0,1,Delete,
3601,0,0,0,Delete,
3602,0,0,0,Delete,
3603,1151,2,1701,Update,
3604,1151,2,1702,Insert,
3605,2247,2,427,Insert,
3606,2247,2,428,Insert,
3615,1151,2,1707,Insert,
3616,1151,2,1708,Insert,
3617,1151,2,1709,Insert,
3618,1151,2,1710,Insert,
3619,1151,2,1711,Insert,
3620,1151,2,1712,Insert,
3621,1151,2,1713,Insert,
3622,1151,2,1714,Insert,
3623,1151,2,1715,Insert,
3624,1151,2,1716,Insert,
3625,1151,2,1717,Insert,
3626,2247,2,429,Insert,
3627,2247,2,430,Insert,
3628,2247,2,431,Insert,
3629,2247,2,432,Insert,
3630,2247,2,433,Insert,
3639,1151,2,1718,Insert,
3640,1151,2,1719,Insert,
3641,1151,2,1720,Insert,
3642,1151,2,1721,Insert,
3643,1151,2,1722,Insert,
3644,1151,2,1723,Insert,
3645,1151,2,1724,Insert,
3646,1151,2,1725,Insert,
3647,1151,2,1726,Insert,
3648,1151,2,1727,Insert,
3649,1151,2,1728,Insert,
3650,1151,2,1729,Insert,
3651,1151,2,1730,Insert,
3652,1151,2,1731,Insert,
3653,1151,2,1732,Insert,
3654,1151,2,1733,Insert,
3655,1151,2,1734,Insert,
3656,1151,2,1735,Insert,
3657,1151,2,1736,Insert,
3658,1151,2,1737,Insert,
3659,1151,2,1738,Insert,
3660,2247,2,434,Insert,
3661,2247,2,435,Insert,
3662,2247,2,436,Insert,
3663,2247,2,437,Insert,
3664,2247,2,438,Insert,
3668,1151,2,1742,Insert,
3669,1151,2,1743,Insert,
3670,0,0,1,Delete,
3671,0,0,0,Delete,
3672,0,0,0,Delete,
3673,1151,2,1743,Update,
3674,1151,2,1744,Insert,
3675,1151,2,1745,Insert,
3676,1151,2,1746,Insert,
3677,1151,2,1747,Insert,
3678,0,0,1,Delete,
3679,0,0,0,Delete,
3680,0,0,0,Delete,
3681,1151,2,1747,Update,
3682,1151,2,1748,Insert,
3683,1151,2,1749,Insert,
3684,1151,2,1750,Insert,
3685,1151,2,1751,Insert,
3686,1151,2,1752,Insert,
3687,1151,2,1753,Insert,
3688,1151,2,1754,Insert,
3689,1151,2,1755,Insert,
3690,1151,2,1756,Insert,
3691,1151,2,1757,Insert,
3692,1151,2,1758,Insert,
3693,1151,2,1759,Insert,
3694,2247,2,439,Insert,
3695,2247,2,440,Insert,
3696,2247,2,441,Insert,
3697,2247,2,442,Insert,
3698,2247,2,443,Insert,
3699,2247,2,444,Insert,
3700,2247,2,445,Insert,
3701,0,0,1,Delete,
3702,0,0,0,Delete,
3703,0,0,0,Delete,
3704,1151,2,1759,Update,
3705,1151,2,1760,Insert,
3706,1151,2,1761,Insert,
3707,1151,2,1762,Insert,
3708,1151,2,1763,Insert,
3709,1151,2,1764,Insert,
3710,1151,2,1765,Insert,
3711,1151,2,1766,Insert,
3712,1151,2,1767,Insert,
3713,1151,2,1768,Insert,
3714,0,0,1,Delete,
3715,0,0,0,Delete,
3716,0,0,0,Delete,
3717,1151,2,1768,Update,
3718,1151,2,1769,Insert,
3719,1151,2,1770,Insert,
3720,1151,2,1771,Insert,
3721,1151,2,1772,Insert,
3722,1151,2,1773,Insert,
3723,1151,2,1774,Insert,
3724,1151,2,1775,Insert,
3725,1151,2,1776,Insert,
3726,1151,2,1777,Insert,
3727,1151,2,1778,Insert,
3728,1151,2,1779,Insert,
3729,1151,2,1780,Insert,
3730,1151,2,1781,Insert,
3731,1151,2,1782,Insert,
3732,1151,2,1783,Insert,
3733,1151,2,1784,Insert,
3734,1151,2,1785,Insert,
3735,1151,2,1786,Insert,
3736,1151,2,1787,Insert,
3737,1151,2,1788,Insert,
3738,1151,2,1789,Insert,
3739,1151,2,1790,Insert,
3740,2247,2,446,Insert,
3741,2247,2,447,Insert,
3742,2247,2,448,Insert,
3743,2247,2,449,Insert,
2789,1151,2,1316,Insert,
2790,0,0,1,Delete,
2791,0,0,0,Delete,
2792,0,0,0,Delete,
2793,1151,2,1316,Update,
2794,1151,2,1317,Insert,
2795,1151,2,1318,Insert,
2796,1151,2,1319,Insert,
2797,1151,2,1320,Insert,
2798,1151,2,1321,Insert,
2799,1151,2,1322,Insert,
2800,1151,2,1323,Insert,
2801,1151,2,1324,Insert,
2802,1151,2,1325,Insert,
2803,1151,2,1326,Insert,
2804,1151,2,1327,Insert,
2805,1151,2,1328,Insert,
2806,1151,2,1329,Insert,
2807,1151,2,1330,Insert,
2808,1151,2,1331,Insert,
2809,1151,2,1332,Insert,
2810,1151,2,1333,Insert,
2811,1151,2,1334,Insert,
2812,1151,2,1335,Insert,
2813,2247,2,366,Insert,
2814,2247,2,367,Insert,
2815,2247,2,368,Insert,
2816,2247,2,369,Insert,
2817,2247,2,370,Insert,
2818,2247,2,371,Insert,
2819,2247,2,372,Insert,
2820,2247,2,373,Insert,
2821,2247,2,374,Insert,
2822,2247,2,375,Insert,
2823,2247,2,376,Insert,
2824,2247,2,377,Insert,
2825,2247,2,378,Insert,
2826,1151,2,1336,Insert,
2827,1151,2,1337,Insert,
2828,1151,2,1338,Insert,
2829,1151,2,1339,Insert,
2830,1151,2,1340,Insert,
2831,1151,2,1341,Insert,
2832,1151,2,1342,Insert,
2833,1151,2,1343,Insert,
2834,1151,2,1344,Insert,
2835,1151,2,1345,Insert,
2836,1151,2,1346,Insert,
2837,2247,2,379,Insert,
2838,2247,2,380,Insert,
2839,2247,2,381,Insert,
2840,2247,2,382,Insert,
2841,1151,2,1347,Insert,
3744,2247,2,450,Insert,
3745,0,0,0,Delete,
3746,0,0,0,Delete,
3747,0,0,0,Delete,
3748,1151,2,1406,Update,
3749,0,0,0,Delete,
3750,0,0,0,Delete,
3751,0,0,0,Delete,
3752,1151,2,1405,Update,
3753,0,0,0,Delete,
3754,0,0,0,Delete,
3755,0,0,0,Delete,
3756,1151,2,1404,Update,
3757,0,0,0,Delete,
3758,0,0,0,Delete,
3759,0,0,0,Delete,
3760,1151,2,1404,Update,
3761,0,0,0,Delete,
3762,0,0,0,Delete,
3763,0,0,0,Delete,
3764,1151,2,1420,Update,
3765,0,0,0,Delete,
3766,0,0,0,Delete,
3767,0,0,0,Delete,
3768,1151,2,1421,Update,
3769,0,0,0,Delete,
3770,0,0,0,Delete,
3771,0,0,0,Delete,
3772,1151,2,1421,Update,
3773,0,0,0,Delete,
3774,0,0,0,Delete,
3775,0,0,0,Delete,
3776,1151,2,1421,Update,
3777,0,0,0,Delete,
3778,0,0,0,Delete,
3779,0,0,0,Delete,
3780,1151,2,1472,Update,
3781,0,0,0,Delete,
3782,0,0,0,Delete,
3783,0,0,0,Delete,
3784,1151,2,1477,Update,
3785,0,0,0,Delete,
3786,0,0,0,Delete,
3787,0,0,0,Delete,
3788,1151,2,1491,Update,
3789,0,0,0,Delete,
3790,0,0,0,Delete,
3791,0,0,0,Delete,
3792,1151,2,1491,Update,
3793,0,0,0,Delete,
3794,0,0,0,Delete,
3795,0,0,0,Delete,
3796,1151,2,1491,Update,
3797,0,0,0,Delete,
3798,0,0,0,Delete,
3799,0,0,0,Delete,
3800,1151,2,1524,Update,
3801,0,0,0,Delete,
3802,0,0,0,Delete,
3803,0,0,0,Delete,
3804,1151,2,1530,Update,
3805,0,0,0,Delete,
3806,0,0,0,Delete,
3807,0,0,0,Delete,
3808,1151,2,1533,Update,
3809,0,0,0,Delete,
3810,0,0,0,Delete,
3811,0,0,0,Delete,
3812,1151,2,1537,Update,
3813,0,0,0,Delete,
3814,0,0,0,Delete,
3815,0,0,0,Delete,
3816,1151,2,1555,Update,
3817,0,0,0,Delete,
3818,0,0,0,Delete,
3819,0,0,0,Delete,
3820,1151,2,1560,Update,
3821,0,0,0,Delete,
3822,0,0,0,Delete,
3823,0,0,0,Delete,
3824,1151,2,1567,Update,
3825,0,0,0,Delete,
3826,0,0,0,Delete,
3827,0,0,0,Delete,
3828,1151,2,1567,Update,
3829,0,0,0,Delete,
3830,0,0,0,Delete,
3831,0,0,0,Delete,
3832,1151,2,1567,Update,
3833,0,0,0,Delete,
3834,0,0,0,Delete,
3835,0,0,0,Delete,
3836,1151,2,1566,Update,
3837,0,0,0,Delete,
3838,0,0,0,Delete,
3839,0,0,0,Delete,
3840,1151,2,1566,Update,
3841,0,0,0,Delete,
3842,0,0,0,Delete,
3843,0,0,0,Delete,
3844,1151,2,1566,Update,
3845,1159,2,1146,Insert,
3846,1151,2,1791,Insert,
3847,0,0,1,Delete,
3848,0,0,0,Delete,
3849,0,0,0,Delete,
3850,1151,2,1791,Update,
3851,1151,2,1792,Insert,
3852,1151,2,1793,Insert,
3853,1151,2,1794,Insert,
3854,1151,2,1795,Insert,
3855,1151,2,1796,Insert,
3856,1151,2,1797,Insert,
3857,1151,2,1798,Insert,
3858,1151,2,1799,Insert,
3859,1151,2,1800,Insert,
3860,1151,2,1801,Insert,
3861,1151,2,1802,Insert,
3862,1151,2,1803,Insert,
3863,1151,2,1804,Insert,
3864,1151,2,1805,Insert,
3865,1151,2,1806,Insert,
3866,0,0,1,Delete,
3867,0,0,0,Delete,
2870,1151,2,1364,Insert,
2871,1151,2,1365,Insert,
2872,1151,2,1366,Insert,
2873,1151,2,1367,Insert,
2874,1151,2,1368,Insert,
2875,1151,2,1369,Insert,
2876,1151,2,1370,Insert,
2877,1151,2,1371,Insert,
2878,2247,2,383,Insert,
2879,2247,2,384,Insert,
2880,2247,2,385,Insert,
2881,1151,2,1372,Insert,
2882,1151,2,1373,Insert,
2883,1151,2,1374,Insert,
2884,1151,2,1375,Insert,
2885,1151,2,1376,Insert,
2886,1151,2,1377,Insert,
2887,1151,2,1378,Insert,
2888,1151,2,1379,Insert,
2889,1151,2,1380,Insert,
2890,0,0,1,Delete,
2891,0,0,0,Delete,
2892,0,0,0,Delete,
2893,1151,2,1379,Update,
2894,1151,2,1381,Insert,
2902,0,0,0,Delete,
2903,0,0,0,Delete,
2904,0,0,0,Delete,
2905,1151,2,1268,Update,
2906,0,0,0,Delete,
2907,0,0,0,Delete,
2908,0,0,0,Delete,
2909,1151,2,1262,Update,
2910,0,0,0,Delete,
2911,0,0,0,Delete,
2912,0,0,0,Delete,
2913,1151,2,1254,Update,
2914,0,0,0,Delete,
2915,0,0,0,Delete,
2916,0,0,0,Delete,
2917,1151,2,1244,Update,
2918,0,0,0,Delete,
2919,0,0,0,Delete,
2920,0,0,0,Delete,
2921,1151,2,1242,Update,
2922,0,0,0,Delete,
2923,0,0,0,Delete,
2924,0,0,0,Delete,
2925,1151,2,1241,Update,
2926,0,0,0,Delete,
2927,0,0,0,Delete,
2928,0,0,0,Delete,
2929,1151,2,1238,Update,
2930,0,0,0,Delete,
2931,0,0,0,Delete,
2932,0,0,0,Delete,
2933,1151,2,1237,Update,
2934,0,0,0,Delete,
2935,0,0,0,Delete,
2936,0,0,0,Delete,
2937,1151,2,1264,Update,
2938,0,0,0,Delete,
2939,0,0,0,Delete,
2940,0,0,0,Delete,
2941,1151,2,1261,Update,
2942,0,0,0,Delete,
2943,0,0,0,Delete,
2944,0,0,0,Delete,
2945,1151,2,1256,Update,
3256,1151,2,1534,Insert,
3257,1151,2,1535,Insert,
3258,1151,2,1536,Insert,
3259,1151,2,1537,Insert,
3260,1151,2,1538,Insert,
3261,1151,2,1539,Insert,
3262,1151,2,1540,Insert,
3263,1151,2,1541,Insert,
3264,1151,2,1542,Insert,
3265,1151,2,1543,Insert,
3266,1151,2,1544,Insert,
3267,2247,2,392,Insert,
3268,2247,2,393,Insert,
3868,0,0,0,Delete,
3869,1151,2,1806,Update,
3870,1151,2,1807,Insert,
3871,1151,2,1808,Insert,
3872,2247,2,451,Insert,
3873,2247,2,452,Insert,
3874,2247,2,453,Insert,
3897,2247,2,476,Insert,
3898,2247,2,477,Insert,
3899,1151,2,1809,Insert,
3900,1151,2,1810,Insert,
3901,1151,2,1811,Insert,
3902,1151,2,1812,Insert,
3903,1151,2,1813,Insert,
3904,1151,2,1814,Insert,
3905,1151,2,1815,Insert,
3906,1151,2,1816,Insert,
3907,1151,2,1817,Insert,
3908,1151,2,1818,Insert,
3909,1151,2,1819,Insert,
3910,1151,2,1820,Insert,
3911,1151,2,1821,Insert,
3912,1151,2,1822,Insert,
3913,1151,2,1823,Insert,
3914,0,0,1,Delete,
3915,0,0,0,Delete,
3916,0,0,0,Delete,
3917,1151,2,1823,Update,
3918,1151,2,1824,Insert,
3919,1151,2,1825,Insert,
3920,1151,2,1826,Insert,
3921,1151,2,1827,Insert,
3922,0,0,0,Delete,
3923,0,0,0,Delete,
3924,0,0,0,Delete,
3925,1151,2,1827,Update,
3926,1151,2,1828,Insert,
3927,1151,2,1829,Insert,
3928,1151,2,1830,Insert,
3929,0,0,1,Delete,
3930,0,0,0,Delete,
3931,0,0,0,Delete,
3932,1151,2,1830,Update,
3933,1151,2,1831,Insert,
3934,1151,2,1832,Insert,
3935,1151,2,1833,Insert,
3936,1151,2,1834,Insert,
3937,0,0,1,Delete,
3938,0,0,0,Delete,
3939,0,0,0,Delete,
3940,1151,2,1834,Update,
3941,1151,2,1835,Insert,
3942,1151,2,1836,Insert,
3943,1151,2,1837,Insert,
3944,1151,2,1838,Insert,
3945,1151,2,1839,Insert,
3946,1151,2,1840,Insert,
3947,1151,2,1841,Insert,
3948,1151,2,1842,Insert,
3949,1151,2,1843,Insert,
3950,0,0,1,Delete,
3951,0,0,0,Delete,
3952,0,0,0,Delete,
3953,1151,2,1843,Update,
3954,1151,2,1844,Insert,
3955,1151,2,1845,Insert,
3956,1151,2,1846,Insert,
3957,1151,2,1847,Insert,
3958,1151,2,1848,Insert,
3959,1151,2,1849,Insert,
3960,1151,2,1850,Insert,
3961,1151,2,1851,Insert,
3962,1151,2,1852,Insert,
3963,1151,2,1853,Insert,
3964,1151,2,1854,Insert,
3965,1151,2,1855,Insert,
3966,1151,2,1856,Insert,
3967,1151,2,1857,Insert,
3968,0,0,1,Delete,
3969,0,0,0,Delete,
3970,0,0,0,Delete,
3971,1151,2,1857,Update,
3972,2247,2,478,Insert,
3973,1159,2,1189,Insert,
3974,1159,2,1190,Insert,
3975,2247,2,479,Insert,
3989,1151,2,1871,Insert,
3990,1159,2,1195,Insert,
3991,1151,2,1872,Insert,
3992,1151,2,1873,Insert,
3993,1151,2,1874,Insert,
3994,1151,2,1875,Insert,
3995,1151,2,1876,Insert,
3086,1151,2,1425,Insert,
3087,1151,2,1426,Insert,
3088,1151,2,1427,Insert,
3089,1151,2,1428,Insert,
3090,1151,2,1429,Insert,
3091,1151,2,1430,Insert,
3092,1151,2,1431,Insert,
3093,1151,2,1432,Insert,
3094,1151,2,1433,Insert,
3095,1151,2,1434,Insert,
3096,1151,2,1435,Insert,
3097,1151,2,1436,Insert,
3098,1151,2,1437,Insert,
3099,1151,2,1438,Insert,
3139,1151,2,1450,Insert,
3140,1151,2,1451,Insert,
3141,1151,2,1452,Insert,
3142,1151,2,1453,Insert,
3143,1151,2,1454,Insert,
3144,1151,2,1455,Insert,
3145,1151,2,1456,Insert,
3146,1151,2,1457,Insert,
3147,1151,2,1458,Insert,
3148,1151,2,1459,Insert,
3149,1151,2,1460,Insert,
3150,1151,2,1461,Insert,
3151,1151,2,1462,Insert,
3152,1151,2,1463,Insert,
3153,1151,2,1464,Insert,
3154,1151,2,1465,Insert,
3155,1151,2,1466,Insert,
3156,1151,2,1467,Insert,
3157,1151,2,1468,Insert,
3158,1151,2,1469,Insert,
3159,1151,2,1470,Insert,
3160,2247,2,388,Insert,
3161,2247,2,389,Insert,
3162,2247,2,390,Insert,
3163,1159,2,952,Insert,
3164,0,0,1,Delete,
3165,0,0,0,Delete,
3166,0,0,0,Delete,
3167,1151,2,1460,Update,
3168,1151,2,1471,Insert,
3169,1151,2,1472,Insert,
3170,1151,2,1473,Insert,
3171,1151,2,1474,Insert,
3172,1151,2,1475,Insert,
3173,1151,2,1476,Insert,
3174,1151,2,1477,Insert,
3175,1151,2,1478,Insert,
3176,1151,2,1479,Insert,
3177,1151,2,1480,Insert,
3178,1151,2,1481,Insert,
3179,1151,2,1482,Insert,
3180,1151,2,1483,Insert,
3181,1151,2,1484,Insert,
3182,1151,2,1485,Insert,
3183,1151,2,1486,Insert,
3184,1151,2,1487,Insert,
3185,0,0,1,Delete,
3186,0,0,0,Delete,
3187,0,0,0,Delete,
3188,1151,2,1487,Update,
3189,1151,2,1488,Insert,
3190,1151,2,1489,Insert,
3191,0,0,1,Delete,
3192,0,0,0,Delete,
3193,0,0,0,Delete,
3194,1151,2,1489,Update,
3195,1151,2,1490,Insert,
3196,1151,2,1491,Insert,
3197,1151,2,1492,Insert,
3198,1151,2,1493,Insert,
3199,1151,2,1494,Insert,
3200,1151,2,1495,Insert,
3201,0,0,1,Delete,
3202,0,0,0,Delete,
3203,0,0,0,Delete,
3204,1151,2,1495,Update,
3205,1151,2,1496,Insert,
3206,1151,2,1497,Insert,
3207,1151,2,1498,Insert,
3208,1151,2,1499,Insert,
3209,1151,2,1500,Insert,
3210,1151,2,1501,Insert,
3211,1151,2,1502,Insert,
3212,1151,2,1503,Insert,
3213,1151,2,1504,Insert,
3214,1151,2,1505,Insert,
3215,1151,2,1506,Insert,
3976,1151,2,1858,Insert,
3996,1151,2,1877,Insert,
3998,1151,2,1879,Insert,
3999,1151,2,1880,Insert,
4000,1201,2,785,Insert,
4001,1201,2,786,Insert,
4002,1201,2,787,Insert,
4003,1151,2,1881,Insert,
4004,1151,2,1882,Insert,
4005,1151,2,1883,Insert,
4006,1151,2,1884,Insert,
4007,1151,2,1885,Insert,
4008,1151,2,1886,Insert,
4009,1151,2,1887,Insert,
4010,1151,2,1888,Insert,
4011,1151,2,1889,Insert,
4012,1201,2,788,Insert,
4013,1151,2,1890,Insert,
4014,1151,2,1891,Insert,
4015,1151,2,1892,Insert,
4016,1151,2,1893,Insert,
4017,1151,2,1894,Insert,
4018,1151,2,1895,Insert,
4019,1151,2,1896,Insert,
4020,1151,2,1897,Insert,
4021,1151,2,1898,Insert,
4022,1151,2,1899,Insert,
4023,1151,2,1900,Insert,
4024,1151,2,1901,Insert,
4025,1151,2,1902,Insert,
4026,1151,2,1903,Insert,
4027,1151,2,1904,Insert,
4028,1151,2,1905,Insert,
4029,1151,2,1906,Insert,
4030,1151,2,1907,Insert,
4031,1151,2,1908,Insert,
4032,1151,2,1909,Insert,
4033,1151,2,1910,Insert,
4034,1151,2,1911,Insert,
4035,1151,2,1912,Insert,
4036,1151,2,1913,Insert,
4037,1151,2,1914,Insert,
4038,1151,2,1915,Insert,
4039,1151,2,1916,Insert,
4040,0,0,1,Delete,
4041,0,0,0,Delete,
4042,0,0,0,Delete,
4043,1151,2,1914,Update,
4044,0,0,1,Delete,
4045,0,0,0,Delete,
4046,0,0,0,Delete,
4047,1151,2,1915,Update,
4048,0,0,1,Delete,
4049,0,0,0,Delete,
4050,0,0,0,Delete,
4051,1151,2,1916,Update,
4052,1151,2,1917,Insert,
4053,1151,2,1918,Insert,
4054,0,0,1,Delete,
4055,0,0,0,Delete,
4056,0,0,0,Delete,
4057,1151,2,1918,Update,
4058,1151,2,1919,Insert,
4059,1151,2,1920,Insert,
4060,0,0,1,Delete,
4061,0,0,0,Delete,
4062,0,0,0,Delete,
4063,1151,2,1919,Update,
4064,1151,2,1921,Insert,
4065,1151,2,1922,Insert,
4066,1151,2,1923,Insert,
4067,1151,2,1924,Insert,
4068,2247,2,480,Insert,
4069,2247,2,481,Insert,
4070,2247,2,482,Insert,
4071,2247,2,483,Insert,
4072,2247,2,484,Insert,
4073,2247,2,485,Insert,
4074,2247,2,486,Insert,
4075,2247,2,487,Insert,
4076,2247,2,488,Insert,
4077,0,0,0,Delete,
4078,0,0,0,Delete,
3282,1151,2,1557,Insert,
3283,1151,2,1558,Insert,
3284,1151,2,1559,Insert,
3285,1151,2,1560,Insert,
3286,1151,2,1561,Insert,
3287,1151,2,1562,Insert,
3416,1151,2,1598,Insert,
3417,1151,2,1599,Insert,
3418,1151,2,1600,Insert,
3419,1151,2,1601,Insert,
3420,1151,2,1602,Insert,
3421,2247,2,410,Insert,
3422,1151,2,1603,Insert,
3423,1151,2,1604,Insert,
3424,1151,2,1605,Insert,
3425,1151,2,1606,Insert,
3442,1151,2,1612,Insert,
3443,1151,2,1613,Insert,
3444,1151,2,1614,Insert,
3445,1151,2,1615,Insert,
3446,1151,2,1616,Insert,
3447,1151,2,1617,Insert,
3448,1151,2,1618,Insert,
3449,1151,2,1619,Insert,
3450,1151,2,1620,Insert,
3451,0,0,1,Delete,
3452,0,0,0,Delete,
3453,0,0,0,Delete,
3454,1151,2,1620,Update,
3455,1151,2,1621,Insert,
3456,1151,2,1622,Insert,
3457,1151,2,1623,Insert,
3458,1151,2,1624,Insert,
3459,1151,2,1625,Insert,
3460,0,0,1,Delete,
3461,0,0,0,Delete,
3462,0,0,0,Delete,
3463,1151,2,1625,Update,
3464,1151,2,1626,Insert,
3465,1151,2,1627,Insert,
3466,1151,2,1628,Insert,
3977,1151,2,1859,Insert,
3997,1151,2,1878,Insert,
4079,0,0,0,Delete,
4080,1151,2,1869,Update,
4081,1151,2,1925,Insert,
4082,1151,2,1926,Insert,
4083,1151,2,1927,Insert,
4084,1151,2,1928,Insert,
4085,1151,2,1929,Insert,
4086,1151,2,1930,Insert,
4087,1151,2,1931,Insert,
4088,1151,2,1932,Insert,
4089,1151,2,1933,Insert,
4090,1151,2,1934,Insert,
4091,1151,2,1935,Insert,
4092,1151,2,1936,Insert,
4093,1151,2,1937,Insert,
4094,1151,2,1938,Insert,
4095,1151,2,1939,Insert,
4096,1151,2,1940,Insert,
4097,1151,2,1941,Insert,
4098,1151,2,1942,Insert,
4099,1151,2,1943,Insert,
4100,1151,2,1944,Insert,
4101,1151,2,1945,Insert,
4102,1151,2,1946,Insert,
4103,1151,2,1947,Insert,
4104,2247,2,489,Insert,
4105,2247,2,490,Insert,
4106,2247,2,491,Insert,
4107,2247,2,492,Insert,
4108,2247,2,493,Insert,
4109,2247,2,494,Insert,
4110,1159,2,1234,Insert,
4125,1151,2,1958,Insert,
4126,1151,2,1959,Insert,
4127,1151,2,1960,Insert,
4128,1151,2,1961,Insert,
4129,1151,2,1962,Insert,
4130,1151,2,1963,Insert,
4131,1151,2,1964,Insert,
4132,1151,2,1965,Insert,
4133,1151,2,1966,Insert,
4134,1151,2,1967,Insert,
4135,2247,2,495,Insert,
4136,2247,2,496,Insert,
4137,2247,2,497,Insert,
4138,2247,2,498,Insert,
4139,2247,2,499,Insert,
4140,2247,2,500,Insert,
4141,1151,2,1968,Insert,
4143,1159,2,1243,Insert,
4144,1151,2,1969,Insert,
4145,1151,2,1970,Insert,
4146,1151,2,1971,Insert,
4147,1151,2,1972,Insert,
4148,1151,2,1973,Insert,
4149,1151,2,1974,Insert,
4150,1151,2,1975,Insert,
4151,1151,2,1976,Insert,
4152,1151,2,1977,Insert,
4153,1151,2,1978,Insert,
4154,1151,2,1979,Insert,
4155,1151,2,1980,Insert,
4156,0,0,1,Delete,
4157,0,0,0,Delete,
4158,0,0,0,Delete,
4159,1151,2,1980,Update,
4160,1151,2,1981,Insert,
4161,1151,2,1982,Insert,
4162,1151,2,1983,Insert,
4163,1151,2,1984,Insert,
4164,1151,2,1985,Insert,
4165,1151,2,1986,Insert,
4166,1151,2,1987,Insert,
4167,1151,2,1988,Insert,
4168,1151,2,1989,Insert,
4169,2247,2,501,Insert,
4170,2247,2,502,Insert,
4171,2247,2,503,Insert,
4172,2247,2,504,Insert,
4173,2247,2,505,Insert,
4174,2247,2,506,Insert,
4175,2247,2,507,Insert,
4176,2247,2,508,Insert,
4177,2247,2,509,Insert,
4178,2247,2,510,Insert,
4179,2247,2,511,Insert,
4180,2247,2,512,Insert,
4181,2247,2,513,Insert,
4182,2247,2,514,Insert,
4183,2247,2,515,Insert,
4184,2247,2,516,Insert,
4185,0,0,0,Delete,
4233,1151,2,1994,Insert,
4234,1151,2,1995,Insert,
4235,2247,2,517,Insert,
4236,2247,2,518,Insert,
4237,1151,2,1996,Insert,
4238,1151,2,1997,Insert,
4239,1151,2,1998,Insert,
4240,0,0,1,Delete,
4241,0,0,0,Delete,
4242,0,0,0,Delete,
4243,1151,2,1962,Update,
4244,0,0,1,Delete,
4245,0,0,0,Delete,
4246,0,0,0,Delete,
4247,1151,2,1958,Update,
4248,0,0,1,Delete,
4249,0,0,0,Delete,
4250,0,0,0,Delete,
4251,1151,2,1955,Update,
4252,0,0,1,Delete,
4253,0,0,0,Delete,
4254,0,0,0,Delete,
4255,1151,2,1964,Update,
4256,0,0,1,Delete,
4257,0,0,0,Delete,
4258,0,0,0,Delete,
4259,1151,2,1953,Update,
4260,0,0,1,Delete,
4261,0,0,0,Delete,
4262,0,0,0,Delete,
4263,1151,2,1952,Update,
4264,0,0,1,Delete,
4265,0,0,0,Delete,
4266,0,0,0,Delete,
4267,1151,2,1948,Update,
4268,0,0,1,Delete,
4269,0,0,0,Delete,
4270,0,0,0,Delete,
4271,1151,2,1946,Update,
3326,1151,2,1587,Insert,
3327,1151,2,1588,Insert,
3328,1151,2,1589,Insert,
3329,1151,2,1590,Insert,
3330,1151,2,1591,Insert,
3331,2247,2,407,Insert,
3332,2247,2,408,Insert,
3333,1151,2,1592,Insert,
3334,2247,2,409,Insert,
4186,0,0,0,Delete,
4272,0,0,1,Delete,
4273,0,0,0,Delete,
4274,0,0,0,Delete,
4275,1151,2,1684,Update,
4276,0,0,1,Delete,
4277,0,0,0,Delete,
4278,0,0,0,Delete,
4279,1151,2,1983,Update,
4280,0,0,1,Delete,
4281,0,0,0,Delete,
4282,0,0,0,Delete,
4283,1151,2,403,Update,
4284,1151,2,1999,Insert,
4285,2247,2,519,Insert,
4286,1151,2,2000,Insert,
4287,1151,2,2001,Insert,
4290,2247,2,521,Insert,
4291,2247,2,522,Insert,
4292,2247,2,523,Insert,
4293,2247,2,524,Insert,
4294,2247,2,525,Insert,
4295,2247,2,526,Insert,
4296,2247,2,527,Insert,
4297,1159,2,1267,Insert,
4298,2247,2,528,Insert,
4299,1151,2,2002,Insert,
4300,1151,2,2003,Insert,
4301,1151,2,2004,Insert,
4302,2247,2,529,Insert,
4303,2247,2,530,Insert,
4304,2247,2,531,Insert,
4305,1159,2,1270,Insert,
4306,1151,2,2005,Insert,
4307,2247,2,532,Insert,
4308,1159,2,1272,Insert,
4309,1151,2,2006,Insert,
4310,1151,2,2007,Insert,
4311,1151,2,2008,Insert,
4312,1151,2,2009,Insert,
4322,1151,2,2015,Insert,
4323,1151,2,2016,Insert,
4324,1151,2,2017,Insert,
4325,1151,2,2018,Insert,
4326,1151,2,2019,Insert,
4327,1151,2,2020,Insert,
4328,1151,2,2021,Insert,
4329,0,0,0,Delete,
4330,0,0,0,Delete,
4331,0,0,0,Delete,
4332,1151,2,2021,Update,
4333,1151,2,2022,Insert,
4334,1151,2,2023,Insert,
4335,1151,2,2024,Insert,
4336,1151,2,2025,Insert,
4337,1151,2,2026,Insert,
4338,1151,2,2027,Insert,
4339,1151,2,2028,Insert,
4340,1151,2,2029,Insert,
4341,1151,2,2030,Insert,
4342,1159,2,1287,Insert,
4343,2247,2,533,Insert,
4345,2247,2,534,Insert,
4346,2247,2,535,Insert,
4347,2247,2,536,Insert,
4348,1151,2,2032,Insert,
4349,1151,2,2033,Insert,
4350,1151,2,2034,Insert,
4351,1151,2,2035,Insert,
4352,1151,2,2036,Insert,
4353,1151,2,2037,Insert,
4354,0,0,1,Delete,
4355,0,0,0,Delete,
4356,0,0,0,Delete,
4357,1151,2,2036,Update,
4358,0,0,1,Delete,
4359,0,0,0,Delete,
4360,0,0,0,Delete,
4361,1151,2,2035,Update,
4362,1151,2,2038,Insert,
4363,1151,2,2039,Insert,
4364,2247,2,537,Insert,
4365,1151,2,2040,Insert,
4366,1151,2,2041,Insert,
4368,1151,2,2043,Insert,
4369,2247,2,538,Insert,
4370,1151,2,2044,Insert,
4371,1151,2,2045,Insert,
4372,1151,2,2046,Insert,
4373,1151,2,2047,Insert,
4374,1151,2,2048,Insert,
4375,1147,2,8,Insert,
4376,1151,2,2049,Insert,
4377,1151,2,2050,Insert,
4378,1151,2,2051,Insert,
4379,1151,2,2052,Insert,
4380,1151,2,2053,Insert,
4381,1151,2,2054,Insert,
4383,1151,2,2056,Insert,
4384,1151,2,2057,Insert,
4385,1151,2,2058,Insert,
4386,1151,2,2059,Insert,
4387,1151,2,2060,Insert,
4388,1151,2,2061,Insert,
4390,1151,2,2063,Insert,
4391,1151,2,2064,Insert,
4392,2247,2,539,Insert,
4393,1151,2,2065,Insert,
4394,1151,2,2066,Insert,
4395,1151,2,2067,Insert,
4396,1151,2,2068,Insert,
4397,1151,2,2069,Insert,
4398,1151,2,2070,Insert,
4399,1151,2,2071,Insert,
4400,1151,2,2072,Insert,
4401,1151,2,2073,Insert,
4402,1151,2,2074,Insert,
4403,1151,2,2075,Insert,
4404,1151,2,2076,Insert,
4405,1151,2,2077,Insert,
4406,1151,2,2078,Insert,
4407,1151,2,2079,Insert,
4408,1147,2,9,Insert,
4409,2247,2,540,Insert,
4410,1159,2,1311,Insert,
4411,1151,2,2080,Insert,
4412,1151,2,2081,Insert,
4413,1151,2,2082,Insert,
4425,1151,2,2088,Insert,
4435,1151,2,2093,Insert,
4436,0,0,1,Delete,
4437,0,0,0,Delete,
4438,0,0,1,Delete,
4439,1151,2,2091,Update,
4440,1151,2,2094,Insert,
4441,1151,2,2095,Insert,
4442,0,0,1,Delete,
4443,0,0,0,Delete,
4444,0,0,0,Delete,
4445,1151,2,2094,Update,
4446,1151,2,2096,Insert,
4447,0,0,1,Delete,
4448,0,0,0,Delete,
4449,0,0,0,Delete,
4450,1151,2,2096,Update,
4463,1151,2,2102,Insert,
4464,1151,2,2103,Insert,
4465,1151,2,2104,Insert,
4466,0,0,0,Delete,
4467,0,0,0,Delete,
4468,0,0,0,Delete,
4469,1151,2,2088,Update,
4470,1147,2,16,Insert,
4471,1151,2,2105,Insert,
4472,1151,2,2106,Insert,
4473,1151,2,2107,Insert,
4474,2247,2,547,Insert,
4475,1151,2,2108,Insert,
4484,1151,2,2110,Insert,
4485,1151,2,2111,Insert,
4489,1151,2,2114,Insert,
4490,1151,2,2115,Insert,
4495,1151,2,2119,Insert,
4496,1147,2,19,Insert,
4497,1151,2,2120,Insert,
3429,1151,2,1609,Insert,
3430,1151,2,1610,Insert,
3431,1151,2,1611,Insert,
3432,2247,2,411,Insert,
3433,2247,2,412,Insert,
3434,2247,2,413,Insert,
3435,2247,2,414,Insert,
3436,2247,2,415,Insert,
3437,2247,2,416,Insert,
3438,1159,2,1047,Insert,
3439,1159,2,1048,Insert,
3440,2247,2,417,Insert,
3441,1159,2,1049,Insert,
3607,1151,2,1703,Insert,
3608,1151,2,1704,Insert,
3609,1151,2,1705,Insert,
3610,0,0,1,Delete,
3611,0,0,0,Delete,
3612,0,0,0,Delete,
3613,1151,2,1705,Update,
3614,1151,2,1706,Insert,
3631,0,0,0,Delete,
3632,0,0,0,Delete,
3633,0,0,0,Delete,
3634,1151,2,1713,Update,
3635,0,0,1,Delete,
3636,0,0,0,Delete,
3637,0,0,0,Delete,
3638,1151,2,1713,Update,
4142,1002,2,120,Update,
4382,1151,2,2055,Insert,
4389,1151,2,2062,Insert,
4414,1147,2,10,Insert,
4488,1151,2,2113,Insert,
4494,1147,2,18,Insert,
4510,1151,2,2125,Insert,
4511,1147,2,21,Insert,
4512,1151,2,2126,Insert,
4513,1151,2,2127,Insert,
4514,1151,2,2128,Insert,
4515,1151,2,2129,Insert,
4516,1151,2,2130,Insert,
4517,1151,2,2131,Insert,
4518,2247,2,553,Insert,
4519,2247,2,554,Insert,
4520,2247,2,555,Insert,
4522,1151,2,2133,Insert,
4523,1151,2,2134,Insert,
4524,1151,2,2135,Insert,
4525,1147,2,22,Insert,
4526,1147,2,22,Update,
4527,1151,2,2136,Insert,
4528,1151,2,2137,Insert,
4529,1151,2,2138,Insert,
4530,1151,2,2139,Insert,
4531,1151,2,2140,Insert,
4532,1151,2,2141,Insert,
4533,1151,2,2142,Insert,
4534,2247,2,556,Insert,
4537,1151,2,2144,Insert,
4538,1151,2,2145,Insert,
4539,1151,2,2146,Insert,
4540,1151,2,2147,Insert,
4541,1147,2,24,Insert,
4542,1147,2,25,Insert,
4543,1151,2,2148,Insert,
4544,1151,2,2149,Insert,
4545,1151,2,2150,Insert,
4546,1151,2,2151,Insert,
4547,1151,2,2152,Insert,
4548,1151,2,2153,Insert,
4549,1151,2,2154,Insert,
4550,1151,2,2155,Insert,
4551,1151,2,2156,Insert,
4552,1147,2,26,Insert,
4553,1151,2,2157,Insert,
4554,1151,2,2158,Insert,
4556,1147,2,27,Insert,
4557,1151,2,2160,Insert,
4558,2247,2,557,Insert,
4562,1159,2,1342,Insert,
4563,2247,2,559,Insert,
4564,2247,2,560,Insert,
4565,2247,2,561,Insert,
4566,1151,2,2162,Insert,
4567,1151,2,2163,Insert,
4569,1147,2,28,Insert,
4570,1151,2,2165,Insert,
4571,1151,2,2166,Insert,
4572,1147,2,29,Insert,
4573,1151,2,2167,Insert,
4576,1147,2,31,Insert,
4577,1151,2,2169,Insert,
4578,1151,2,2170,Insert,
4579,1151,2,2171,Insert,
4582,1151,2,2174,Insert,
4583,2247,2,562,Insert,
4584,1147,2,32,Insert,
4585,1151,2,2175,Insert,
4586,1151,2,2176,Insert,
4587,1151,2,2177,Insert,
4588,1151,2,2178,Insert,
4589,0,0,1,Delete,
4590,0,0,0,Delete,
4591,0,0,0,Delete,
4592,1151,2,2178,Update,
4593,1159,2,1348,Insert,
4594,1147,2,33,Insert,
4595,1151,2,2179,Insert,
4596,1151,2,2180,Insert,
4597,0,0,0,Delete,
4598,0,0,0,Delete,
4599,0,0,0,Delete,
4600,1151,2,2180,Update,
4601,1151,2,2181,Insert,
4602,1151,2,2182,Insert,
4603,2247,2,563,Insert,
4604,1159,2,1351,Insert,
4608,2247,2,564,Insert,
4609,2247,2,565,Insert,
4610,2247,2,566,Insert,
4611,1159,2,1360,Insert,
4612,1151,2,2185,Insert,
4613,2247,2,567,Insert,
4614,2247,2,568,Insert,
4615,2247,2,569,Insert,
4616,2247,2,570,Insert,
4617,2247,2,571,Insert,
4618,2247,2,572,Insert,
4619,2247,2,573,Insert,
4620,2247,2,574,Insert,
4621,2247,2,575,Insert,
4622,2247,2,576,Insert,
4623,2247,2,577,Insert,
4624,1159,2,1362,Insert,
4625,1159,2,1363,Insert,
4626,2247,2,578,Insert,
4627,1159,2,1364,Insert,
4628,2247,2,579,Insert,
4629,1159,2,1365,Insert,
4630,1151,2,2186,Insert,
4631,1151,2,2187,Insert,
4632,1151,2,2188,Insert,
4663,1151,2,2207,Insert,
4664,1151,2,2208,Insert,
4665,1151,2,2209,Insert,
4666,1159,2,1378,Insert,
4667,1151,2,2210,Insert,
4668,1151,2,2211,Insert,
4673,1151,2,2215,Insert,
4674,1151,2,2216,Insert,
4675,1151,2,2217,Insert,
4676,1151,2,2218,Insert,
4677,1151,2,2219,Insert,
4692,1014,1,18,Insert,
4693,1158,2,3,Insert,
4694,1151,2,2229,Insert,
4695,1151,2,2230,Insert,
4697,1151,2,2232,Insert,
4698,1151,2,2233,Insert,
4699,1151,2,2234,Insert,
4700,1151,2,2235,Insert,
4701,1151,2,2236,Insert,
4702,1151,2,2237,Insert,
4703,1151,2,2238,Insert,
4705,1151,2,2240,Insert,
4706,0,0,1,Delete,
4707,0,0,0,Delete,
4708,0,0,0,Delete,
4709,1151,2,2240,Update,
4711,1151,2,2242,Insert,
4712,1159,2,1388,Insert,
4713,1151,2,2243,Insert,
4714,1151,2,2244,Insert,
3665,1151,2,1739,Insert,
3666,1151,2,1740,Insert,
3667,1151,2,1741,Insert,
3978,1151,2,1860,Insert,
3979,1151,2,1861,Insert,
3980,1151,2,1862,Insert,
3981,1151,2,1863,Insert,
3982,1151,2,1864,Insert,
3983,1151,2,1865,Insert,
3984,1151,2,1866,Insert,
3985,1151,2,1867,Insert,
3986,1151,2,1868,Insert,
3987,1151,2,1869,Insert,
3988,1151,2,1870,Insert,
4313,1151,2,2010,Insert,
4314,0,0,1,Delete,
4315,0,0,0,Delete,
4316,0,0,0,Delete,
4317,1151,2,2010,Update,
4318,1151,2,2011,Insert,
4319,1151,2,2012,Insert,
4320,1151,2,2013,Insert,
4321,1151,2,2014,Insert,
4344,1151,2,2031,Insert,
4367,1151,2,2042,Insert,
4426,1151,2,2089,Insert,
4427,1147,2,14,Insert,
4428,1151,2,2090,Insert,
4429,1147,2,15,Insert,
4430,1151,2,2091,Insert,
4431,2247,2,542,Insert,
4432,2247,2,543,Insert,
4433,2247,2,544,Insert,
4434,1151,2,2092,Insert,
4580,1151,2,2172,Insert,
4669,1151,2,2212,Insert,
4696,1151,2,2231,Insert,
4704,1151,2,2239,Insert,
4710,1151,2,2241,Insert,
4716,1151,2,2245,Insert,
4717,1151,2,2246,Insert,
4718,1151,2,2247,Insert,
4719,1151,2,2248,Insert,
4720,1151,2,2249,Insert,
4721,1151,2,2250,Insert,
4726,1151,2,2255,Insert,
4727,1014,1,19,Insert,
4728,1158,2,4,Insert,
4729,1151,2,2256,Insert,
4730,2247,2,589,Insert,
4740,1151,2,2260,Insert,
4741,1151,2,2261,Insert,
4742,2247,2,591,Insert,
4743,2247,2,592,Insert,
4744,1159,2,1395,Insert,
4745,2247,2,593,Insert,
4746,2247,2,594,Insert,
4747,2247,2,595,Insert,
4748,2247,2,596,Insert,
4749,1151,2,2262,Insert,
4750,1151,2,2263,Insert,
4753,1151,2,2265,Insert,
4754,1151,2,2266,Insert,
4755,1151,2,2267,Insert,
4756,1151,2,2268,Insert,
4757,2247,2,598,Insert,
4758,2247,2,599,Insert,
4759,2247,2,600,Insert,
4760,2247,2,601,Insert,
4761,1151,2,2269,Insert,
4762,2247,2,602,Insert,
4763,2247,2,603,Insert,
4766,0,0,0,Delete,
4767,0,0,0,Delete,
4768,0,0,0,Delete,
4769,1151,2,2261,Update,
4770,0,0,0,Delete,
4771,0,0,0,Delete,
4772,0,0,0,Delete,
4773,1151,2,2261,Update,
4774,1151,2,2271,Insert,
4775,1151,2,2272,Insert,
4776,2247,2,605,Insert,
4777,2247,2,606,Insert,
4778,2247,2,607,Insert,
4779,1147,2,44,Insert,
4780,1151,2,2273,Insert,
4781,1151,2,2274,Insert,
4782,2247,2,608,Insert,
4783,2247,2,609,Insert,
4784,2247,2,610,Insert,
4785,0,0,1,Delete,
4786,0,0,0,Delete,
4787,0,0,0,Delete,
4788,1151,2,2274,Update,
4789,1151,2,2275,Insert,
4790,1151,2,2276,Insert,
4792,0,0,1,Delete,
4793,0,0,0,Delete,
4794,0,0,0,Delete,
4795,1151,2,2277,Update,
4796,1151,2,2278,Insert,
4797,2247,2,611,Insert,
4798,1151,2,2279,Insert,
4799,1151,2,2280,Insert,
4800,2247,2,612,Insert,
4801,2247,2,613,Insert,
4802,1151,2,2281,Insert,
4803,0,0,1,Delete,
4804,0,0,0,Delete,
4805,0,0,0,Delete,
4806,1151,2,2278,Update,
4807,0,0,1,Delete,
4808,0,0,0,Delete,
4809,0,0,0,Delete,
4810,1151,2,2278,Update,
4811,1151,2,2282,Insert,
4812,1151,2,2283,Insert,
4813,2247,2,614,Insert,
4814,1151,2,2284,Insert,
4815,1151,2,2285,Insert,
4816,1151,2,2286,Insert,
4817,1151,2,2287,Insert,
4834,1151,2,2295,Insert,
4835,1151,2,2296,Insert,
4836,2247,2,616,Insert,
4837,2247,2,617,Insert,
4838,0,0,1,Delete,
4839,0,0,0,Delete,
4840,0,0,0,Delete,
4841,1151,2,2270,Update,
4842,1151,2,2297,Insert,
4843,1151,2,2298,Insert,
4844,0,0,1,Delete,
4845,0,0,0,Delete,
4846,0,0,0,Delete,
4847,1151,2,2298,Update,
4848,1151,2,2299,Insert,
4850,2247,2,618,Insert,
4851,2247,2,619,Insert,
4852,2247,2,620,Insert,
4853,1151,2,2301,Insert,
4854,1151,2,2302,Insert,
4855,1151,2,2303,Insert,
4856,1151,2,2304,Insert,
4857,1151,2,2305,Insert,
4859,0,0,0,Delete,
4860,0,0,0,Delete,
4861,1151,2,2305,Update,
4862,0,0,1,Delete,
4863,0,0,0,Delete,
4864,0,0,0,Delete,
4865,1151,2,2305,Update,
4866,0,0,1,Delete,
4867,0,0,0,Delete,
4868,0,0,0,Delete,
4869,1151,2,2305,Update,
4870,1151,2,2306,Insert,
4871,1151,2,2307,Insert,
4872,1151,2,2308,Insert,
4873,1151,2,2309,Insert,
4874,1151,2,2310,Insert,
4875,1151,2,2311,Insert,
4876,1151,2,2312,Insert,
4877,1151,2,2313,Insert,
4878,1151,2,2314,Insert,
4879,1151,2,2315,Insert,
4880,1151,2,2316,Insert,
4881,1151,2,2317,Insert,
4882,1151,2,2318,Insert,
4883,1151,2,2319,Insert,
4884,0,0,1,Delete,
4885,0,0,0,Delete,
4886,0,0,0,Delete,
4887,1151,2,2319,Update,
3875,2247,2,454,Insert,
3876,2247,2,455,Insert,
3877,2247,2,456,Insert,
3878,2247,2,457,Insert,
3879,2247,2,458,Insert,
3880,2247,2,459,Insert,
3881,2247,2,460,Insert,
3882,2247,2,461,Insert,
3883,2247,2,462,Insert,
3884,2247,2,463,Insert,
3885,2247,2,464,Insert,
3886,2247,2,465,Insert,
3887,2247,2,466,Insert,
3888,2247,2,467,Insert,
3889,2247,2,468,Insert,
3890,2247,2,469,Insert,
3891,2247,2,470,Insert,
3892,2247,2,471,Insert,
3893,2247,2,472,Insert,
3894,2247,2,473,Insert,
3895,2247,2,474,Insert,
3896,2247,2,475,Insert,
4535,1147,2,23,Insert,
4536,1151,2,2143,Insert,
4568,1151,2,2164,Insert,
4605,1159,2,1352,Insert,
4606,1151,2,2183,Insert,
4607,1151,2,2184,Insert,
4791,1151,2,2277,Insert,
4858,0,0,0,Delete,
4888,1151,2,2320,Insert,
4889,0,0,1,Delete,
4890,0,0,0,Delete,
4891,0,0,0,Delete,
4892,1151,2,2320,Update,
4893,0,0,1,Delete,
4894,0,0,0,Delete,
4895,0,0,0,Delete,
4896,1151,2,2320,Update,
4897,2247,2,621,Insert,
4898,2247,2,622,Insert,
4899,2247,2,623,Insert,
4900,2247,2,624,Insert,
4901,2247,2,625,Insert,
4902,2247,2,626,Insert,
4903,2247,2,627,Insert,
4904,2247,2,628,Insert,
4905,1151,2,2321,Insert,
4906,1151,2,2322,Insert,
4907,1151,2,2323,Insert,
4908,1151,2,2324,Insert,
4909,1151,2,2325,Insert,
4910,1151,2,2326,Insert,
4911,1151,2,2327,Insert,
4912,2247,2,629,Insert,
4913,2247,2,630,Insert,
4914,2247,2,631,Insert,
4915,2247,2,632,Insert,
4916,2247,2,633,Insert,
4917,2247,2,634,Insert,
4918,2247,2,635,Insert,
4919,2247,2,636,Insert,
4920,2247,2,637,Insert,
4921,2247,2,638,Insert,
4922,2247,2,639,Insert,
4923,2247,2,640,Insert,
4924,1151,2,2328,Insert,
4925,0,0,1,Delete,
4926,0,0,0,Delete,
4927,0,0,0,Delete,
4928,1151,2,2328,Update,
4929,1151,2,2329,Insert,
4930,1151,2,2330,Insert,
4931,1151,2,2331,Insert,
4932,1151,2,2332,Insert,
4933,1151,2,2333,Insert,
4934,1151,2,2334,Insert,
4935,1151,2,2335,Insert,
4936,1151,2,2336,Insert,
4937,1151,2,2337,Insert,
4938,1151,2,2338,Insert,
4939,1151,2,2339,Insert,
4940,0,0,1,Delete,
4941,0,0,0,Delete,
4942,0,0,0,Delete,
4943,1151,2,2339,Update,
4944,1151,2,2340,Insert,
4945,0,0,0,Delete,
4946,0,0,0,Delete,
4947,0,0,0,Delete,
4948,1151,2,2340,Update,
4949,0,0,1,Delete,
4950,0,0,0,Delete,
4951,0,0,0,Delete,
4952,1151,2,2340,Update,
4953,2247,2,641,Insert,
4954,2247,2,642,Insert,
4955,2247,2,643,Insert,
4956,2247,2,644,Insert,
4957,1147,2,45,Insert,
4958,0,0,0,Delete,
4959,0,0,0,Delete,
4960,0,0,0,Delete,
4961,1151,2,2340,Update,
4962,1151,2,2341,Insert,
4963,1151,2,2342,Insert,
4964,1151,2,2343,Insert,
4965,1151,2,2344,Insert,
4966,1151,2,2345,Insert,
4967,1151,2,2346,Insert,
4968,1151,2,2347,Insert,
4969,1151,2,2348,Insert,
4970,1151,2,2349,Insert,
4971,1151,2,2350,Insert,
4972,1151,2,2351,Insert,
4973,1151,2,2352,Insert,
4974,1151,2,2353,Insert,
4975,1151,2,2354,Insert,
4976,1151,2,2355,Insert,
4977,1151,2,2356,Insert,
4978,1151,2,2357,Insert,
4979,1151,2,2358,Insert,
4980,1151,2,2359,Insert,
4983,1151,2,2362,Insert,
4984,1151,2,2363,Insert,
4985,1159,2,1457,Insert,
4987,0,0,1,Delete,
4988,0,0,0,Delete,
4989,0,0,0,Delete,
4990,1151,2,2298,Update,
4991,0,0,1,Delete,
4992,0,0,0,Delete,
4993,0,0,0,Delete,
4994,1151,2,2298,Update,
4995,0,0,0,Delete,
4996,0,0,0,Delete,
4997,0,0,0,Delete,
4998,1151,2,2298,Update,
5005,1151,2,2370,Insert,
5006,1151,2,2371,Insert,
5007,1151,2,2372,Insert,
5009,1151,2,2374,Insert,
5010,1151,2,2375,Insert,
5011,1151,2,2376,Insert,
5012,1151,2,2377,Insert,
5013,1151,2,2378,Insert,
5014,1151,2,2379,Insert,
5015,1151,2,2380,Insert,
5016,1151,2,2381,Insert,
5017,1151,2,2382,Insert,
5018,1151,2,2383,Insert,
5019,1151,2,2384,Insert,
5020,1151,2,2385,Insert,
5021,1151,2,2386,Insert,
5022,1151,2,2387,Insert,
5029,1151,2,2388,Insert,
5030,1151,2,2389,Insert,
5031,1151,2,2390,Insert,
5032,1151,2,2391,Insert,
5033,1151,2,2392,Insert,
5034,1159,2,1479,Insert,
5035,1147,2,46,Insert,
5036,1151,2,2393,Insert,
5037,1151,2,2394,Insert,
5038,1151,2,2395,Insert,
5041,2247,2,653,Insert,
5042,2247,2,654,Insert,
5043,2247,2,655,Insert,
5044,1159,2,1482,Insert,
5045,1151,2,2396,Insert,
5046,1159,2,1483,Insert,
5047,1159,2,1484,Insert,
5048,1151,2,2397,Insert,
5049,1151,2,2398,Insert,
5051,1151,2,2400,Insert,
4111,1151,2,1948,Insert,
4112,1151,2,1949,Insert,
4113,1151,2,1950,Insert,
4114,1151,2,1951,Insert,
4115,1151,2,1952,Insert,
4116,1151,2,1953,Insert,
4117,1151,2,1954,Insert,
4118,1151,2,1955,Insert,
4119,1151,2,1956,Insert,
4120,0,0,1,Delete,
4121,0,0,0,Delete,
4122,0,0,0,Delete,
4123,1151,2,1956,Update,
4124,1151,2,1957,Insert,
4818,1151,2,2288,Insert,
4819,0,0,1,Delete,
4820,0,0,0,Delete,
4821,0,0,0,Delete,
4822,1151,2,2288,Update,
4823,1151,2,2289,Insert,
4824,1151,2,2290,Insert,
4825,1151,2,2291,Insert,
4826,1151,2,2292,Insert,
4827,1151,2,2293,Insert,
4828,0,0,1,Delete,
4829,0,0,0,Delete,
4830,0,0,0,Delete,
4831,1151,2,2293,Update,
4832,1151,2,2294,Insert,
4833,2247,2,615,Insert,
4986,1159,2,1458,Insert,
5008,1151,2,2373,Insert,
5039,2247,2,651,Insert,
5040,2247,2,652,Insert,
5052,1159,2,1486,Insert,
5053,1151,2,2401,Insert,
5054,1151,2,2402,Insert,
5055,1151,2,2403,Insert,
5056,1151,2,2404,Insert,
5057,0,0,1,Delete,
5058,0,0,0,Delete,
5059,0,0,0,Delete,
5060,1151,2,2404,Update,
5061,1151,2,2405,Insert,
5062,1151,2,2406,Insert,
5063,1151,2,2407,Insert,
5064,1151,2,2408,Insert,
5065,0,0,1,Delete,
5066,0,0,0,Delete,
5067,0,0,0,Delete,
5068,1151,2,2408,Update,
5069,1151,2,2409,Insert,
5070,1151,2,2410,Insert,
5071,1151,2,2411,Insert,
5072,1151,2,2412,Insert,
5073,1151,2,2413,Insert,
5074,1151,2,2414,Insert,
5075,1151,2,2415,Insert,
5076,1151,2,2416,Insert,
5077,1151,2,2417,Insert,
5078,1151,2,2418,Insert,
5079,1151,2,2419,Insert,
5080,1151,2,2420,Insert,
5081,1151,2,2421,Insert,
5082,1151,2,2422,Insert,
5083,1151,2,2423,Insert,
5084,1151,2,2424,Insert,
5085,1151,2,2425,Insert,
5086,1151,2,2426,Insert,
5087,1151,2,2427,Insert,
5088,1151,2,2428,Insert,
5089,1151,2,2429,Insert,
5090,1151,2,2430,Insert,
5091,1151,2,2431,Insert,
5092,1151,2,2432,Insert,
5093,1151,2,2433,Insert,
5094,1151,2,2434,Insert,
5095,1151,2,2435,Insert,
5096,1151,2,2436,Insert,
5097,1151,2,2437,Insert,
5098,1151,2,2438,Insert,
5099,1151,2,2439,Insert,
5100,1151,2,2440,Insert,
5101,1151,2,2441,Insert,
5102,1151,2,2442,Insert,
5103,1151,2,2443,Insert,
5104,1151,2,2444,Insert,
5105,1151,2,2445,Insert,
5106,1151,2,2446,Insert,
5107,1151,2,2447,Insert,
5108,1151,2,2448,Insert,
5109,1151,2,2449,Insert,
5110,1151,2,2450,Insert,
5111,1151,2,2451,Insert,
5112,1151,2,2452,Insert,
5113,1151,2,2453,Insert,
5114,1151,2,2454,Insert,
5115,0,0,1,Delete,
5116,0,0,0,Delete,
5117,0,0,0,Delete,
5118,1151,2,2454,Update,
5119,1151,2,2455,Insert,
5120,1151,2,2456,Insert,
5121,1151,2,2457,Insert,
5122,1151,2,2458,Insert,
5123,1151,2,2459,Insert,
5124,1151,2,2460,Insert,
5125,1151,2,2461,Insert,
5126,1151,2,2462,Insert,
5127,1151,2,2463,Insert,
5128,1151,2,2464,Insert,
5129,1151,2,2465,Insert,
5130,1151,2,2466,Insert,
5131,0,0,1,Delete,
5132,0,0,0,Delete,
5133,0,0,0,Delete,
5134,1151,2,2466,Update,
5135,1151,2,2467,Insert,
5136,1151,2,2468,Insert,
5137,1151,2,2469,Insert,
5138,1151,2,2470,Insert,
5139,1151,2,2471,Insert,
5140,1151,2,2472,Insert,
5141,1151,2,2473,Insert,
5142,0,0,1,Delete,
5143,0,0,0,Delete,
5144,0,0,0,Delete,
5145,1151,2,2473,Update,
5146,1151,2,2474,Insert,
5147,1151,2,2475,Insert,
5148,1151,2,2476,Insert,
5149,1151,2,2477,Insert,
5150,1151,2,2478,Insert,
5151,1151,2,2479,Insert,
5152,1151,2,2480,Insert,
5153,1151,2,2481,Insert,
5154,0,0,1,Delete,
5155,0,0,0,Delete,
5156,0,0,0,Delete,
5157,1151,2,2481,Update,
5158,1151,2,2482,Insert,
5159,1151,2,2483,Insert,
5160,0,0,1,Delete,
5161,0,0,0,Delete,
5162,0,0,0,Delete,
5163,1151,2,2483,Update,
5164,1151,2,2484,Insert,
5165,0,0,1,Delete,
5166,0,0,0,Delete,
5167,0,0,0,Delete,
5168,1151,2,2484,Update,
5169,1151,2,2485,Insert,
5170,1151,2,2486,Insert,
5171,1151,2,2487,Insert,
5172,1159,2,1555,Insert,
5173,1151,2,2488,Insert,
5174,1151,2,2489,Insert,
5175,1151,2,2490,Insert,
5176,1151,2,2491,Insert,
5177,1151,2,2492,Insert,
5178,1151,2,2493,Insert,
5179,1151,2,2494,Insert,
5180,1151,2,2495,Insert,
5181,1151,2,2496,Insert,
5182,2247,2,656,Insert,
5183,2247,2,657,Insert,
5184,0,0,1,Delete,
5185,0,0,0,Delete,
5186,0,0,0,Delete,
5187,1151,2,2485,Update,
5188,0,0,1,Delete,
5189,0,0,0,Delete,
5190,0,0,0,Delete,
5191,1151,2,2394,Update,
4187,0,0,0,Delete,
4188,1151,2,1989,Update,
4189,0,0,1,Delete,
4190,0,0,0,Delete,
4191,0,0,0,Delete,
4192,1151,2,1988,Update,
4193,1151,2,1990,Insert,
4194,1151,2,1991,Insert,
4195,1151,2,1992,Insert,
4196,1151,2,1993,Insert,
4197,0,0,1,Delete,
4198,0,0,0,Delete,
4199,0,0,0,Delete,
4200,1151,2,1979,Update,
4201,0,0,1,Delete,
4202,0,0,0,Delete,
4203,0,0,0,Delete,
4204,1151,2,1978,Update,
4205,0,0,1,Delete,
4206,0,0,0,Delete,
4207,0,0,0,Delete,
4208,1151,2,1987,Update,
4209,0,0,1,Delete,
4210,0,0,0,Delete,
4211,0,0,0,Delete,
4212,1151,2,1976,Update,
4213,0,0,1,Delete,
4214,0,0,0,Delete,
4215,0,0,0,Delete,
4216,1151,2,1977,Update,
4217,0,0,1,Delete,
4218,0,0,0,Delete,
4219,0,0,0,Delete,
4220,1151,2,1983,Update,
4221,0,0,1,Delete,
4222,0,0,0,Delete,
4223,0,0,0,Delete,
4224,1151,2,1973,Update,
4225,0,0,1,Delete,
4226,0,0,0,Delete,
4227,0,0,0,Delete,
4228,1151,2,1972,Update,
4229,0,0,1,Delete,
4230,0,0,0,Delete,
4231,0,0,0,Delete,
4232,1151,2,1968,Update,
4981,1151,2,2360,Insert,
4982,1151,2,2361,Insert,
5050,1151,2,2399,Insert,
5192,1151,2,2497,Insert,
5193,1151,2,2498,Insert,
5194,1151,2,2499,Insert,
5195,1151,2,2500,Insert,
5196,1151,2,2501,Insert,
5197,1151,2,2502,Insert,
5198,0,0,1,Delete,
5199,0,0,0,Delete,
5200,0,0,0,Delete,
5201,1151,2,2502,Update,
5202,1151,2,2503,Insert,
5203,1151,2,2504,Insert,
5204,1151,2,2505,Insert,
5205,2247,2,658,Insert,
5206,2247,2,659,Insert,
5207,2247,2,660,Insert,
5208,1151,2,2506,Insert,
5209,1151,2,2507,Insert,
5210,1151,2,2508,Insert,
5211,1151,2,2509,Insert,
5212,1151,2,2510,Insert,
5213,1151,2,2511,Insert,
5214,2247,2,661,Insert,
5215,2247,2,662,Insert,
5216,2247,2,663,Insert,
5217,2247,2,664,Insert,
5218,2247,2,665,Insert,
5219,1151,2,2512,Insert,
5220,1151,2,2513,Insert,
5221,1151,2,2514,Insert,
5222,1151,2,2515,Insert,
5223,1151,2,2516,Insert,
5224,1151,2,2517,Insert,
5225,1151,2,2518,Insert,
5226,2247,2,666,Insert,
5227,2247,2,667,Insert,
5228,2247,2,668,Insert,
5229,2247,2,669,Insert,
5230,2247,2,670,Insert,
5231,1159,2,1585,Insert,
5232,1159,2,1586,Insert,
5233,1159,2,1587,Insert,
5234,2247,2,671,Insert,
5235,2247,2,672,Insert,
5236,2247,2,673,Insert,
5237,1151,2,2519,Insert,
5238,1151,2,2520,Insert,
5240,0,0,0,Delete,
5241,0,0,0,Delete,
5242,1151,2,2405,Update,
5243,2247,2,674,Insert,
5244,1151,2,2521,Insert,
5245,1159,2,1592,Insert,
5246,1151,2,2522,Insert,
5247,1151,2,2523,Insert,
5248,2247,2,675,Insert,
5249,2247,2,676,Insert,
5250,1151,2,2524,Insert,
5251,1151,2,2525,Insert,
5252,1151,2,2526,Insert,
5253,1151,2,2527,Insert,
5254,2247,2,677,Insert,
5255,1159,2,1594,Insert,
5256,1159,2,1595,Insert,
5257,1159,2,1596,Insert,
5258,1159,2,1597,Insert,
5259,1159,2,1598,Insert,
5260,1159,2,1599,Insert,
5261,1159,2,1600,Insert,
5262,1159,2,1601,Insert,
5263,1151,2,2528,Insert,
5264,1151,2,2529,Insert,
5265,2247,2,678,Insert,
5267,1159,2,1602,Insert,
5268,2247,2,680,Insert,
5269,0,0,1,Delete,
5270,0,0,0,Delete,
5271,0,0,0,Delete,
5272,1151,2,2529,Update,
5273,1151,2,2530,Insert,
5274,1151,2,2531,Insert,
5275,1151,2,2532,Insert,
5276,1151,2,2533,Insert,
5277,1151,2,2534,Insert,
5278,1151,2,2535,Insert,
5279,1151,2,2536,Insert,
5280,1151,2,2537,Insert,
5281,1151,2,2538,Insert,
5282,1159,2,1607,Insert,
5283,1151,2,2539,Insert,
5284,1151,2,2540,Insert,
5285,1151,2,2541,Insert,
5287,1151,2,2543,Insert,
5289,1151,2,2545,Insert,
5290,0,0,1,Delete,
5291,0,0,0,Delete,
5292,0,0,0,Delete,
5293,1151,2,2544,Update,
5294,2247,2,681,Insert,
5295,1151,2,2546,Insert,
5296,1151,2,2547,Insert,
5300,1151,2,2551,Insert,
5301,1151,2,2552,Insert,
5302,0,0,0,Delete,
5303,0,0,0,Delete,
5304,0,0,0,Delete,
5305,1151,2,2551,Update,
5306,1151,2,2553,Insert,
5307,1151,2,2554,Insert,
5310,1151,2,2556,Insert,
5311,1151,2,2557,Insert,
5318,1151,2,2564,Insert,
5327,1151,2,2573,Insert,
5328,1151,2,2574,Insert,
5329,1151,2,2575,Insert,
5330,1151,2,2576,Insert,
5331,1151,2,2577,Insert,
5332,1151,2,2578,Insert,
5335,1151,2,2581,Insert,
5336,0,0,1,Delete,
5337,0,0,0,Delete,
5338,0,0,0,Delete,
5339,1151,2,2579,Update,
5340,0,0,1,Delete,
5341,0,0,0,Delete,
5342,0,0,0,Delete,
4288,1159,2,1266,Insert,
4289,2247,2,520,Insert,
4561,1005,1,5,Insert,
4633,1147,2,34,Insert,
4634,1151,2,2189,Insert,
4635,1159,2,1368,Insert,
4636,1151,2,2190,Insert,
4637,2247,2,580,Insert,
4638,2247,2,581,Insert,
4661,1151,2,2206,Insert,
4662,2247,2,585,Insert,
4678,1151,2,2220,Insert,
4679,1147,2,40,Insert,
4680,1151,2,2221,Insert,
4681,1147,2,41,Insert,
4682,1151,2,2222,Insert,
4683,1151,2,2223,Insert,
4686,1147,2,42,Insert,
4687,1151,2,2224,Insert,
4688,1151,2,2225,Insert,
4689,1151,2,2226,Insert,
4690,1151,2,2227,Insert,
5239,0,0,1,Delete,
5266,2247,2,679,Insert,
5288,1151,2,2544,Insert,
5308,1151,2,2555,Insert,
5309,1147,2,47,Insert,
5312,1151,2,2558,Insert,
5313,1151,2,2559,Insert,
5319,1151,2,2565,Insert,
5320,1151,2,2566,Insert,
5333,1151,2,2579,Insert,
5334,1151,2,2580,Insert,
5348,1151,2,2582,Insert,
5349,1151,2,2583,Insert,
5350,1151,2,2584,Insert,
5351,1151,2,2585,Insert,
5352,1151,2,2586,Insert,
5353,1151,2,2587,Insert,
5354,1151,2,2588,Insert,
5355,1159,2,1626,Insert,
5356,2247,2,682,Insert,
5357,1151,2,2589,Insert,
5358,1151,2,2590,Insert,
5359,1151,2,2591,Insert,
5360,1151,2,2592,Insert,
5361,1151,2,2593,Insert,
5362,0,0,0,Delete,
5363,0,0,0,Delete,
5364,0,0,0,Delete,
5365,1151,2,2585,Update,
5366,1151,2,2594,Insert,
5367,1151,2,2595,Insert,
5368,2247,2,683,Insert,
5369,2247,2,684,Insert,
5372,1151,2,2598,Insert,
5373,1151,2,2599,Insert,
5374,1151,2,2600,Insert,
5382,1151,2,2608,Insert,
5383,2247,2,685,Insert,
5384,1151,2,2609,Insert,
5385,1151,2,2610,Insert,
5386,1151,2,2611,Insert,
5387,1151,2,2612,Insert,
5388,1151,2,2613,Insert,
5389,1151,2,2614,Insert,
5390,1151,2,2615,Insert,
5391,1159,2,1632,Insert,
5392,1151,2,2616,Insert,
5393,1151,2,2617,Insert,
5399,1151,2,2623,Insert,
5400,1151,2,2624,Insert,
5401,1151,2,2625,Insert,
5402,1151,2,2626,Insert,
5403,0,0,1,Delete,
5404,0,0,0,Delete,
5405,0,0,0,Delete,
5406,1151,2,2626,Update,
5407,0,0,1,Delete,
5408,0,0,0,Delete,
5409,0,0,0,Delete,
5410,1151,2,2626,Update,
5411,1147,2,48,Insert,
5412,1151,2,2627,Insert,
5418,0,0,1,Delete,
5419,0,0,0,Delete,
5420,0,0,0,Delete,
5421,1151,2,2583,Update,
5422,1151,2,2633,Insert,
5425,1147,2,49,Insert,
5426,1151,2,2636,Insert,
5427,1151,2,2637,Insert,
5428,1151,2,2638,Insert,
5429,1151,2,2639,Insert,
5430,1151,2,2640,Insert,
5431,1151,2,2641,Insert,
5432,1151,2,2642,Insert,
5433,2247,2,686,Insert,
5434,1151,2,2643,Insert,
5435,1151,2,2644,Insert,
5436,2247,2,687,Insert,
5437,2247,2,688,Insert,
5438,2247,2,689,Insert,
5440,1151,2,2646,Insert,
5442,2247,2,690,Insert,
5443,1151,2,2648,Insert,
5444,1151,2,2649,Insert,
5446,1151,2,2651,Insert,
5447,1151,2,2652,Insert,
5452,1151,2,2657,Insert,
5453,1151,2,2658,Insert,
5454,2247,2,691,Insert,
5455,1151,2,2659,Insert,
5457,1151,2,2661,Insert,
5458,1151,2,2662,Insert,
5459,1151,2,2663,Insert,
5460,1151,2,2664,Insert,
5461,1151,2,2665,Insert,
5462,0,0,1,Delete,
5463,0,0,0,Delete,
5464,0,0,0,Delete,
5465,1151,2,2665,Update,
5466,1151,2,2666,Insert,
5467,1151,2,2667,Insert,
5469,1151,2,2668,Insert,
5470,1151,2,2669,Insert,
5471,1151,2,2670,Insert,
5472,1151,2,2671,Insert,
5473,1151,2,2672,Insert,
5474,1151,2,2673,Insert,
5475,1151,2,2674,Insert,
5482,1151,2,2678,Insert,
5483,1151,2,2679,Insert,
5485,2247,2,695,Insert,
5486,2247,2,696,Insert,
5487,2247,2,697,Insert,
5488,1151,2,2681,Insert,
5489,1151,2,2682,Insert,
5490,1151,2,2683,Insert,
5491,2247,2,698,Insert,
5492,2247,2,699,Insert,
5493,1151,2,2684,Insert,
5494,0,0,1,Delete,
5495,0,0,0,Delete,
5496,0,0,0,Delete,
5497,1151,2,2684,Update,
5498,1151,2,2685,Insert,
5501,1151,2,2687,Insert,
5502,1151,2,2688,Insert,
5503,1151,2,2689,Insert,
5504,2247,2,701,Insert,
5505,2247,2,702,Insert,
5506,2247,2,703,Insert,
5507,2247,2,704,Insert,
5508,1151,2,2690,Insert,
5509,1159,2,1663,Insert,
5510,1151,2,2691,Insert,
5511,1151,2,2692,Insert,
5512,1151,2,2693,Insert,
5513,1151,2,2694,Insert,
5514,1151,2,2695,Insert,
5515,1151,2,2696,Insert,
5518,1151,2,2699,Insert,
5521,1151,2,2702,Insert,
5522,2247,2,705,Insert,
5523,1151,2,2703,Insert,
5528,1151,2,2708,Insert,
5529,2247,2,706,Insert,
5530,2247,2,707,Insert,
5542,1151,2,2715,Insert,
5543,1159,2,1668,Insert,
5548,1151,2,2716,Insert,
5549,1151,2,2717,Insert,
5550,1151,2,2718,Insert,
4415,1151,2,2083,Insert,
4416,1151,2,2084,Insert,
4417,1147,2,11,Insert,
4418,1147,2,11,Update,
4419,1151,2,2085,Insert,
4420,1147,2,12,Insert,
4421,1151,2,2086,Insert,
4422,2247,2,541,Insert,
4423,1147,2,13,Insert,
4424,1151,2,2087,Insert,
4451,1151,2,2097,Insert,
4452,1151,2,2098,Insert,
4453,2247,2,545,Insert,
4454,1159,2,1317,Insert,
4455,1151,2,2099,Insert,
4456,1151,2,2100,Insert,
4457,1151,2,2101,Insert,
4458,0,0,0,Delete,
4459,0,0,0,Delete,
4460,0,0,0,Delete,
4461,1151,2,2101,Update,
4462,2247,2,546,Insert,
4476,2247,2,548,Insert,
4477,2247,2,549,Insert,
4478,0,0,1,Delete,
4479,0,0,0,Delete,
4480,0,0,0,Delete,
4481,1151,2,2077,Update,
4482,1147,2,17,Insert,
4483,1151,2,2109,Insert,
4486,1151,2,2112,Insert,
4487,2247,2,550,Insert,
4491,1151,2,2116,Insert,
4492,1151,2,2117,Insert,
4493,1151,2,2118,Insert,
4500,0,0,1,Delete,
4501,0,0,0,Delete,
4502,0,0,0,Delete,
4503,1151,2,2115,Update,
4504,2247,2,551,Insert,
4505,2247,2,552,Insert,
4506,1159,2,1326,Insert,
4507,1151,2,2122,Insert,
4508,1151,2,2123,Insert,
4509,1151,2,2124,Insert,
4722,1151,2,2251,Insert,
4723,1151,2,2252,Insert,
4724,1151,2,2253,Insert,
4725,1151,2,2254,Insert,
4731,1151,2,2257,Insert,
4732,0,0,1,Delete,
4733,0,0,0,Delete,
4734,0,0,0,Delete,
4735,1151,2,2257,Update,
4736,1147,2,43,Insert,
4737,1151,2,2258,Insert,
4738,1151,2,2259,Insert,
4739,2247,2,590,Insert,
4751,1151,2,2264,Insert,
4752,2247,2,597,Insert,
5286,1151,2,2542,Insert,
5297,1151,2,2548,Insert,
5298,1151,2,2549,Insert,
5299,1151,2,2550,Insert,
5445,1151,2,2650,Insert,
5456,1151,2,2660,Insert,
5484,1151,2,2680,Insert,
5516,1151,2,2697,Insert,
5517,1151,2,2698,Insert,
5519,1151,2,2700,Insert,
5520,1151,2,2701,Insert,
5532,1151,2,2710,Insert,
5551,1151,2,2719,Insert,
5563,1151,2,2726,Insert,
5564,1151,2,2727,Insert,
5565,0,0,1,Delete,
5566,0,0,0,Delete,
5567,0,0,0,Delete,
5568,1151,2,2727,Update,
5570,1151,2,2729,Insert,
5576,1151,2,2733,Insert,
5578,0,0,1,Delete,
5579,0,0,0,Delete,
5580,0,0,0,Delete,
5581,1151,2,2734,Update,
5582,1159,2,1676,Insert,
5583,1151,2,2735,Insert,
5584,0,0,1,Delete,
5585,0,0,0,Delete,
5586,0,0,0,Delete,
5587,1151,2,2735,Update,
5588,1151,2,2736,Insert,
5589,1151,2,2737,Insert,
5590,1151,2,2738,Insert,
5591,1151,2,2739,Insert,
5592,1151,2,2740,Insert,
5593,1151,2,2741,Insert,
5594,1151,2,2742,Insert,
5595,1151,2,2743,Insert,
5596,1151,2,2744,Insert,
5597,1151,2,2745,Insert,
5598,1151,2,2746,Insert,
5599,1151,2,2747,Insert,
5600,1151,2,2748,Insert,
5601,1151,2,2749,Insert,
5602,1151,2,2750,Insert,
5603,1151,2,2751,Insert,
5604,2247,2,711,Insert,
5605,2247,2,712,Insert,
5606,2247,2,713,Insert,
5607,2247,2,714,Insert,
5608,2247,2,715,Insert,
5609,2247,2,716,Insert,
5610,2247,2,717,Insert,
5611,2247,2,718,Insert,
5612,1151,2,2752,Insert,
5613,1151,2,2753,Insert,
5614,1151,2,2754,Insert,
5615,1151,2,2755,Insert,
5616,1151,2,2756,Insert,
5617,1151,2,2757,Insert,
5618,1151,2,2758,Insert,
5619,2247,2,719,Insert,
5620,1151,2,2759,Insert,
5621,1151,2,2760,Insert,
5622,2247,2,720,Insert,
5623,2247,2,721,Insert,
5624,1159,2,1689,Insert,
5626,1151,2,2761,Insert,
5627,1151,2,2762,Insert,
5628,2247,2,722,Insert,
5629,2247,2,723,Insert,
5630,1151,2,2763,Insert,
5631,1151,2,2764,Insert,
5632,1151,2,2765,Insert,
5633,1151,2,2766,Insert,
5634,1151,2,2767,Insert,
5635,1151,2,2768,Insert,
5636,1151,2,2769,Insert,
5637,1151,2,2770,Insert,
5638,1151,2,2771,Insert,
5639,1151,2,2772,Insert,
5640,1151,2,2773,Insert,
5641,1151,2,2774,Insert,
5642,1151,2,2775,Insert,
5643,1151,2,2776,Insert,
5644,1151,2,2777,Insert,
5645,1151,2,2778,Insert,
5646,2247,2,724,Insert,
5647,2247,2,725,Insert,
5649,1159,2,1699,Insert,
5650,1151,2,2780,Insert,
5651,2247,2,726,Insert,
5652,2247,2,727,Insert,
5653,2247,2,728,Insert,
5654,2247,2,729,Insert,
5655,2247,2,730,Insert,
5656,2247,2,731,Insert,
5657,2247,2,732,Insert,
5658,2247,2,733,Insert,
5659,2247,2,734,Insert,
5660,2247,2,735,Insert,
5661,2247,2,736,Insert,
5662,2247,2,737,Insert,
5663,2247,2,738,Insert,
5664,2247,2,739,Insert,
5665,2247,2,740,Insert,
5666,2247,2,741,Insert,
5667,2247,2,742,Insert,
5668,2247,2,743,Insert,
5669,2247,2,744,Insert,
5670,1151,2,2781,Insert,
5671,1151,2,2782,Insert,
5672,1151,2,2783,Insert,
4498,1147,2,20,Insert,
4499,1151,2,2121,Insert,
4521,1151,2,2132,Insert,
4555,1151,2,2159,Insert,
4559,1151,2,2161,Insert,
4560,2247,2,558,Insert,
4574,1147,2,30,Insert,
4575,1151,2,2168,Insert,
4581,1151,2,2173,Insert,
4639,1151,2,2191,Insert,
4640,1151,2,2192,Insert,
4641,1147,2,35,Insert,
4642,1151,2,2193,Insert,
4643,1151,2,2194,Insert,
4644,1147,2,36,Insert,
4645,1151,2,2195,Insert,
4646,1151,2,2196,Insert,
4647,1147,2,37,Insert,
4648,1151,2,2197,Insert,
4649,1151,2,2198,Insert,
4650,1147,2,38,Insert,
4651,1151,2,2199,Insert,
4652,1151,2,2200,Insert,
4653,1151,2,2201,Insert,
4654,1151,2,2202,Insert,
4655,1151,2,2203,Insert,
4656,1151,2,2204,Insert,
4657,1151,2,2205,Insert,
4658,2247,2,582,Insert,
4659,2247,2,583,Insert,
4660,2247,2,584,Insert,
4670,1147,2,39,Insert,
4671,1151,2,2213,Insert,
4672,1151,2,2214,Insert,
4684,2247,2,586,Insert,
4685,2247,2,587,Insert,
4691,1151,2,2228,Insert,
5370,1151,2,2596,Insert,
5371,1151,2,2597,Insert,
5375,1151,2,2601,Insert,
5376,1151,2,2602,Insert,
5377,1151,2,2603,Insert,
5378,1151,2,2604,Insert,
5379,1151,2,2605,Insert,
5380,1151,2,2606,Insert,
5381,1151,2,2607,Insert,
5394,1151,2,2618,Insert,
5395,1151,2,2619,Insert,
5396,1151,2,2620,Insert,
5397,1151,2,2621,Insert,
5398,1151,2,2622,Insert,
5423,1151,2,2634,Insert,
5424,1151,2,2635,Insert,
5533,1005,2,6,Insert,
5534,1151,2,2711,Insert,
5552,1151,2,2720,Insert,
5553,1151,2,2721,Insert,
5554,1151,2,2722,Insert,
5555,0,0,0,Delete,
5556,0,0,0,Delete,
5557,0,0,0,Delete,
5558,1151,2,2722,Update,
5559,1151,2,2723,Insert,
5560,1151,2,2724,Insert,
5561,1151,2,2725,Insert,
5562,2247,2,708,Insert,
5625,1159,2,1690,Insert,
5648,1151,2,2779,Insert,
5673,2247,2,745,Insert,
5674,2247,2,746,Insert,
5675,2247,2,747,Insert,
5676,2247,2,748,Insert,
5677,2247,2,749,Insert,
5678,2247,2,750,Insert,
5679,2247,2,751,Insert,
5680,1151,2,2784,Insert,
5681,1151,2,2785,Insert,
5682,1151,2,2786,Insert,
5689,1151,2,2788,Insert,
5690,0,0,1,Delete,
5691,0,0,0,Delete,
5692,0,0,0,Delete,
5693,1151,2,2788,Update,
5694,1151,2,2789,Insert,
5695,1151,2,2790,Insert,
5696,1151,2,2791,Insert,
5697,1151,2,2792,Insert,
5698,1151,2,2793,Insert,
5699,1151,2,2794,Insert,
5700,1151,2,2795,Insert,
5701,1151,2,2796,Insert,
5702,2247,2,757,Insert,
5703,1151,2,2797,Insert,
5704,1151,2,2798,Insert,
5705,2247,2,758,Insert,
5706,2247,2,759,Insert,
5707,1151,2,2799,Insert,
5709,1151,2,2801,Insert,
5710,0,0,1,Delete,
5711,0,0,0,Delete,
5712,0,0,0,Delete,
5713,1151,2,2801,Update,
5714,1151,2,2802,Insert,
5715,1151,2,2803,Insert,
5716,1159,2,1713,Insert,
5717,2247,2,760,Insert,
5718,1151,2,2804,Insert,
5720,1151,2,2806,Insert,
5721,1151,2,2807,Insert,
5722,1151,2,2808,Insert,
5723,1159,2,1714,Insert,
5724,1151,2,2809,Insert,
5725,1151,2,2810,Insert,
5726,2247,2,761,Insert,
5727,1151,2,2811,Insert,
5728,1151,2,2812,Insert,
5729,1151,2,2813,Insert,
5730,1151,2,2814,Insert,
5731,1151,2,2815,Insert,
5732,1151,2,2816,Insert,
5733,1151,2,2817,Insert,
5734,1159,2,1722,Insert,
5735,1151,2,2818,Insert,
5736,1151,2,2819,Insert,
5737,1151,2,2820,Insert,
5738,1151,2,2821,Insert,
5739,1151,2,2822,Insert,
5740,1151,2,2823,Insert,
5741,1151,2,2824,Insert,
5742,1151,2,2825,Insert,
5743,2247,2,762,Insert,
5744,2247,2,763,Insert,
5745,2247,2,764,Insert,
5746,1151,2,2826,Insert,
5747,1151,2,2827,Insert,
5748,1151,2,2828,Insert,
5750,1151,2,2830,Insert,
5751,2247,2,765,Insert,
5752,0,0,1,Delete,
5753,0,0,0,Delete,
5754,0,0,0,Delete,
5755,1151,2,2830,Update,
5756,1151,2,2831,Insert,
5757,1151,2,2832,Insert,
5758,1151,2,2833,Insert,
5759,1151,2,2834,Insert,
5760,1151,2,2835,Insert,
5761,1151,2,2836,Insert,
5762,0,0,1,Delete,
5763,0,0,0,Delete,
5764,0,0,0,Delete,
5765,1151,2,2835,Update,
5766,0,0,1,Delete,
5767,0,0,0,Delete,
5768,0,0,0,Delete,
5769,1151,2,2835,Update,
5770,1151,2,2837,Insert,
5771,2247,2,766,Insert,
5772,2247,2,767,Insert,
5774,1151,2,2839,Insert,
5777,0,0,0,Delete,
5778,0,0,0,Delete,
5779,1151,2,2826,Update,
5780,1151,2,2841,Insert,
5781,2247,2,768,Insert,
5782,2247,2,769,Insert,
5783,2247,2,770,Insert,
5784,2247,2,771,Insert,
5785,2247,2,772,Insert,
5786,1159,2,1731,Insert,
5787,2247,2,773,Insert,
5788,1151,2,2842,Insert,
5789,1151,2,2843,Insert,
5790,1151,2,2844,Insert,
4715,2247,2,588,Insert,
4764,1151,2,2270,Insert,
4765,2247,2,604,Insert,
4849,1151,2,2300,Insert,
5708,1151,2,2800,Insert,
5719,1151,2,2805,Insert,
5749,1151,2,2829,Insert,
5773,1151,2,2838,Insert,
5775,1151,2,2840,Insert,
5776,0,0,1,Delete,
5791,1151,2,2845,Insert,
5792,1151,2,2846,Insert,
5793,1151,2,2847,Insert,
5794,1151,2,2848,Insert,
5795,1151,2,2849,Insert,
5800,2247,2,774,Insert,
5801,2247,2,775,Insert,
5802,2247,2,776,Insert,
5803,2247,2,777,Insert,
5804,2247,2,778,Insert,
5805,2247,2,779,Insert,
5806,2247,2,780,Insert,
5807,2247,2,781,Insert,
5808,2247,2,782,Insert,
5809,1159,2,1735,Insert,
5810,1151,2,2854,Insert,
5811,1151,2,2855,Insert,
5812,1151,2,2856,Insert,
5813,1151,2,2857,Insert,
5814,1151,2,2858,Insert,
5815,1151,2,2859,Insert,
5816,1151,2,2860,Insert,
5817,1151,2,2861,Insert,
5818,1151,2,2862,Insert,
5819,1151,2,2863,Insert,
5820,1151,2,2864,Insert,
5821,1159,2,1741,Insert,
5822,1151,2,2865,Insert,
5823,1151,2,2866,Insert,
5824,0,0,1,Delete,
5825,0,0,0,Delete,
5826,0,0,0,Delete,
5827,1151,2,2861,Update,
5828,1151,2,2867,Insert,
5829,1151,2,2868,Insert,
5830,1151,2,2869,Insert,
5831,1151,2,2870,Insert,
5832,1151,2,2871,Insert,
5833,1151,2,2872,Insert,
5834,1151,2,2873,Insert,
5835,1151,2,2874,Insert,
5836,1151,2,2875,Insert,
5837,1151,2,2876,Insert,
5838,1151,2,2877,Insert,
5839,1151,2,2878,Insert,
5841,1159,2,1746,Insert,
5842,1151,2,2880,Insert,
5843,1151,2,2881,Insert,
5844,1151,2,2882,Insert,
5851,1151,2,2885,Insert,
5852,0,0,1,Delete,
5853,0,0,0,Delete,
5854,0,0,0,Delete,
5855,1151,2,2885,Update,
5856,1151,2,2886,Insert,
5857,2247,2,783,Insert,
5858,2247,2,784,Insert,
5859,2247,2,785,Insert,
5860,2247,2,786,Insert,
5861,2247,2,787,Insert,
5862,2247,2,788,Insert,
5863,2247,2,789,Insert,
5864,2247,2,790,Insert,
5865,2247,2,791,Insert,
5866,2247,2,792,Insert,
5867,2247,2,793,Insert,
5868,2247,2,794,Insert,
5869,2247,2,795,Insert,
5870,2247,2,796,Insert,
5872,1151,2,2888,Insert,
5873,1151,2,2889,Insert,
5874,1151,2,2890,Insert,
5875,1151,2,2891,Insert,
5876,1151,2,2892,Insert,
5877,1151,2,2893,Insert,
5878,1151,2,2894,Insert,
5879,1151,2,2895,Insert,
5880,1151,2,2896,Insert,
5881,1151,2,2897,Insert,
5882,2247,2,797,Insert,
5883,1151,2,2898,Insert,
5884,1151,2,2899,Insert,
5885,1151,2,2900,Insert,
5886,1151,2,2901,Insert,
5887,1151,2,2902,Insert,
5888,1151,2,2903,Insert,
6872,1151,2,3888,Insert,
6873,2247,2,1797,Insert,
6874,2247,2,1798,Insert,
6875,2247,2,1799,Insert,
6876,1151,2,3889,Insert,
6877,1151,2,3890,Insert,
7872,1151,2,4888,Insert,
7873,1151,2,4889,Insert,
7874,1151,2,4890,Insert,
7875,0,0,0,Delete,
7876,0,0,0,Delete,
7877,0,0,0,Delete,
7878,1151,2,4890,Update,
7879,1151,2,4891,Insert,
7880,1151,2,4892,Insert,
8872,1151,2,5888,Insert,
9872,2247,2,2797,Insert,
9873,1151,2,6888,Insert,
10872,1151,2,7888,Insert,
11872,1151,2,8888,Insert,
11873,1151,2,8889,Insert,
11874,1151,2,8890,Insert,
11875,1151,2,8891,Insert,
11876,1151,2,8892,Insert,
11877,2247,2,3797,Insert,
11878,2247,2,3798,Insert,
11879,1151,2,8893,Insert,
11881,1151,2,8895,Insert,
11883,1151,2,8896,Insert,
11884,0,0,0,Delete,
11885,0,0,0,Delete,
11886,0,0,0,Delete,
11887,1151,2,8895,Update,
11888,1151,2,8897,Insert,
11889,1151,2,8898,Insert,
11890,1159,2,5760,Insert,
11891,1151,2,8899,Insert,
11892,1151,2,8900,Insert,
11893,1151,2,8901,Insert,
11894,1151,2,8902,Insert,
11895,1151,2,8903,Insert,
11896,1151,2,8904,Insert,
11897,1151,2,8905,Insert,
11898,0,0,1,Delete,
11899,0,0,0,Delete,
11900,0,0,0,Delete,
11901,1151,2,8905,Update,
12888,1151,2,9897,Insert,
13888,1159,2,7758,Insert,
13889,2247,2,3800,Insert,
13912,1151,2,10916,Insert,
13913,1151,2,10917,Insert,
13914,1151,2,10918,Insert,
13915,1151,2,10919,Insert,
13916,1151,2,10920,Insert,
13917,1151,2,10921,Insert,
13918,1151,2,10922,Insert,
14888,1151,2,11897,Insert,
14889,1151,2,11898,Insert,
14890,1151,2,11899,Insert,
14891,1151,2,11900,Insert,
14892,1151,2,11901,Insert,
14893,2247,2,4800,Insert,
14896,1151,2,11904,Insert,
14897,1151,2,11905,Insert,
14898,1151,2,11906,Insert,
14899,1159,2,8760,Insert,
14900,1151,2,11907,Insert,
14901,1151,2,11908,Insert,
14902,1151,2,11909,Insert,
14903,1151,2,11910,Insert,
14904,1151,2,11911,Insert,
14905,1151,2,11912,Insert,
14906,1151,2,11913,Insert,
14907,1151,2,11914,Insert,
14908,2247,2,4801,Insert,
14911,2247,2,4804,Insert,
4999,1151,2,2364,Insert,
5000,1151,2,2365,Insert,
5001,1151,2,2366,Insert,
5002,1151,2,2367,Insert,
5003,1151,2,2368,Insert,
5004,1151,2,2369,Insert,
5023,2247,2,645,Insert,
5024,2247,2,646,Insert,
5025,2247,2,647,Insert,
5026,2247,2,648,Insert,
5027,2247,2,649,Insert,
5028,2247,2,650,Insert,
5683,1151,2,2787,Insert,
5684,2247,2,752,Insert,
5685,2247,2,753,Insert,
5686,2247,2,754,Insert,
5687,2247,2,755,Insert,
5688,2247,2,756,Insert,
5889,1151,2,2904,Insert,
9874,1151,2,6889,Insert,
11882,2247,2,3799,Insert,
13919,1151,2,10923,Insert,
13920,1151,2,10924,Insert,
14894,1151,2,11902,Insert,
14909,2247,2,4802,Insert,
14910,2247,2,4803,Insert,
15908,1151,2,11915,Insert,
15909,1151,2,11916,Insert,
15910,1151,2,11917,Insert,
15911,1151,2,11918,Insert,
15912,1151,2,11919,Insert,
16908,1151,2,12915,Insert,
16909,1151,2,12916,Insert,
17908,2247,2,5801,Insert,
17909,1151,2,13915,Insert,
17910,1151,2,13916,Insert,
17911,1151,2,13917,Insert,
17912,1151,2,13918,Insert,
17913,2247,2,5802,Insert,
17914,2247,2,5803,Insert,
17915,2247,2,5804,Insert,
17916,2247,2,5805,Insert,
17917,1151,2,13919,Insert,
17918,1151,2,13920,Insert,
17919,1151,2,13921,Insert,
17920,1151,2,13922,Insert,
17921,1151,2,13923,Insert,
17922,1151,2,13924,Insert,
18908,1151,2,14915,Insert,
18909,1151,2,14916,Insert,
18910,1151,2,14917,Insert,
18911,1151,2,14918,Insert,
18912,1151,2,14919,Insert,
18913,1151,2,14920,Insert,
18914,2247,2,6801,Insert,
18915,1151,2,14921,Insert,
18916,1151,2,14922,Insert,
18917,1151,2,14923,Insert,
18918,1151,2,14924,Insert,
18919,1151,2,14925,Insert,
18920,1151,2,14926,Insert,
18921,1151,2,14927,Insert,
18922,1151,2,14928,Insert,
18923,1151,2,14929,Insert,
18928,1151,2,14934,Insert,
19908,1151,2,15915,Insert,
19909,2247,2,7801,Insert,
19910,2247,2,7802,Insert,
19911,2247,2,7803,Insert,
19912,2247,2,7804,Insert,
19913,1151,2,15916,Insert,
19914,2247,2,7805,Insert,
19915,2247,2,7806,Insert,
19916,2247,2,7807,Insert,
19917,2247,2,7808,Insert,
19918,2247,2,7809,Insert,
19919,2247,2,7810,Insert,
19920,2247,2,7811,Insert,
19921,2247,2,7812,Insert,
19922,2247,2,7813,Insert,
19923,2247,2,7814,Insert,
19924,2247,2,7815,Insert,
19925,2247,2,7816,Insert,
19926,2247,2,7817,Insert,
19927,2247,2,7818,Insert,
19928,2247,2,7819,Insert,
19929,2247,2,7820,Insert,
19930,2247,2,7821,Insert,
19931,2247,2,7822,Insert,
19932,2247,2,7823,Insert,
19933,2247,2,7824,Insert,
19934,2247,2,7825,Insert,
19935,2247,2,7826,Insert,
19936,2247,2,7827,Insert,
19937,2247,2,7828,Insert,
19938,2247,2,7829,Insert,
19939,2247,2,7830,Insert,
19940,1151,2,15917,Insert,
19941,1151,2,15918,Insert,
19942,1151,2,15919,Insert,
19944,1151,2,15921,Insert,
19945,1151,2,15922,Insert,
19946,1151,2,15923,Insert,
19947,1151,2,15924,Insert,
19948,2247,2,7831,Insert,
20908,1151,2,16915,Insert,
20909,1159,2,12763,Insert,
20910,1151,2,16916,Insert,
20911,1151,2,16917,Insert,
21908,1151,2,17915,Insert,
21909,1151,2,17916,Insert,
22908,1151,2,18915,Insert,
23908,1151,2,19915,Insert,
23909,1151,2,19916,Insert,
24908,1151,2,20915,Insert,
24909,1151,2,20916,Insert,
25908,1151,2,21915,Insert,
25909,1151,2,21916,Insert,
25910,1151,2,21917,Insert,
25912,1151,2,21919,Insert,
25913,2247,2,8801,Insert,
25914,1151,2,21920,Insert,
25915,1151,2,21921,Insert,
25916,1151,2,21922,Insert,
25917,2247,2,8802,Insert,
25918,2247,2,8803,Insert,
25919,1151,2,21923,Insert,
25920,2247,2,8804,Insert,
25921,2247,2,8805,Insert,
25922,2247,2,8806,Insert,
25923,1151,2,21924,Insert,
25924,1151,2,21925,Insert,
25925,1151,2,21926,Insert,
25926,2247,2,8807,Insert,
25927,2247,2,8808,Insert,
25928,2247,2,8809,Insert,
26909,1151,2,22916,Insert,
26910,0,0,1,Delete,
26911,0,0,0,Delete,
26912,0,0,0,Delete,
26913,1151,2,22916,Update,
26914,1151,2,22917,Insert,
26915,1151,2,22918,Insert,
26916,1151,2,22919,Insert,
26917,1151,2,22920,Insert,
26918,1151,2,22921,Insert,
26919,1151,2,22922,Insert,
26920,1151,2,22923,Insert,
26921,1151,2,22924,Insert,
26922,1151,2,22925,Insert,
27914,1151,2,23917,Insert,
27915,1151,2,23918,Insert,
27916,1151,2,23919,Insert,
27917,1151,2,23920,Insert,
27918,1151,2,23921,Insert,
27919,2247,2,9801,Insert,
27920,1151,2,23922,Insert,
27937,1151,2,23934,Insert,
27938,2247,2,9802,Insert,
27939,2247,2,9803,Insert,
27940,1151,2,23935,Insert,
27941,1151,2,23936,Insert,
27942,1151,2,23937,Insert,
27943,1151,2,23938,Insert,
27944,1151,2,23939,Insert,
27945,1151,2,23940,Insert,
27946,1151,2,23941,Insert,
27947,1151,2,23942,Insert,
27948,2247,2,9804,Insert,
27949,2247,2,9805,Insert,
5314,1151,2,2560,Insert,
5315,1151,2,2561,Insert,
5316,1151,2,2562,Insert,
5317,1151,2,2563,Insert,
5871,1151,2,2887,Insert,
14895,1151,2,11903,Insert,
19943,1151,2,15920,Insert,
25911,1151,2,21918,Insert,
27950,1151,2,23943,Insert,
27951,1151,2,23944,Insert,
28914,1151,2,24917,Insert,
28915,1151,2,24918,Insert,
29914,1159,2,19764,Insert,
29915,1151,2,25917,Insert,
29916,1151,2,25918,Insert,
29917,1151,2,25919,Insert,
29918,1151,2,25920,Insert,
29919,2247,2,10801,Insert,
29920,1151,2,25921,Insert,
29921,1151,2,25922,Insert,
29922,1151,2,25923,Insert,
29923,1151,2,25924,Insert,
29924,1151,2,25925,Insert,
29925,1151,2,25926,Insert,
29926,1147,2,50,Insert,
29927,1151,2,25927,Insert,
29928,1147,2,51,Insert,
29929,1151,2,25928,Insert,
29930,1151,2,25929,Insert,
30930,1151,2,26929,Insert,
30931,1151,2,26930,Insert,
30932,1159,2,19773,Insert,
30933,1151,2,26931,Insert,
30934,1151,2,26932,Insert,
30935,1151,2,26933,Insert,
30936,1151,2,26934,Insert,
30937,1151,2,26935,Insert,
30938,1151,2,26936,Insert,
31930,1151,2,27929,Insert,
32930,1151,2,28929,Insert,
32931,1151,2,28930,Insert,
32932,1151,2,28931,Insert,
32937,1151,2,28932,Insert,
32938,1159,2,21772,Insert,
32939,1151,2,28933,Insert,
32940,2247,2,10806,Insert,
33930,0,0,1,Delete,
33931,0,0,0,Delete,
33932,0,0,0,Delete,
33933,1151,2,21919,Update,
34930,1151,2,29929,Insert,
34931,1151,2,29930,Insert,
34932,1151,2,29931,Insert,
34933,1151,2,29932,Insert,
34943,1151,2,29937,Insert,
34944,0,0,1,Delete,
34945,0,0,0,Delete,
34946,0,0,0,Delete,
34947,1151,2,29937,Update,
34949,1151,2,29939,Insert,
34950,0,0,1,Delete,
34951,0,0,0,Delete,
34952,0,0,0,Delete,
34953,1151,2,29937,Update,
34954,1151,2,29940,Insert,
35950,1151,2,30940,Insert,
35951,1151,2,30941,Insert,
36950,1151,2,31940,Insert,
36951,1151,2,31941,Insert,
37950,2247,2,11802,Insert,
37951,2247,2,11803,Insert,
37952,2247,2,11804,Insert,
37953,2247,2,11805,Insert,
38950,2247,2,12802,Insert,
38951,2247,2,12803,Insert,
38952,2247,2,12804,Insert,
38953,2247,2,12805,Insert,
38954,2247,2,12806,Insert,
38955,2247,2,12807,Insert,
38956,2247,2,12808,Insert,
38957,2247,2,12809,Insert,
38958,2247,2,12810,Insert,
38959,2247,2,12811,Insert,
38960,2247,2,12812,Insert,
38961,2247,2,12813,Insert,
38962,2247,2,12814,Insert,
38963,2247,2,12815,Insert,
38964,2247,2,12816,Insert,
38965,2247,2,12817,Insert,
38966,2247,2,12818,Insert,
38967,2247,2,12819,Insert,
38968,2247,2,12820,Insert,
38969,2247,2,12821,Insert,
38970,2247,2,12822,Insert,
38971,2247,2,12823,Insert,
38972,2247,2,12824,Insert,
38973,2247,2,12825,Insert,
38974,2247,2,12826,Insert,
38975,2247,2,12827,Insert,
38976,2247,2,12828,Insert,
38977,2247,2,12829,Insert,
39950,2247,2,13802,Insert,
39951,2247,2,13803,Insert,
39952,2247,2,13804,Insert,
39953,2247,2,13805,Insert,
39954,2247,2,13806,Insert,
39955,2247,2,13807,Insert,
39956,2247,2,13808,Insert,
39957,2247,2,13809,Insert,
39958,2247,2,13810,Insert,
39959,2247,2,13811,Insert,
39960,2247,2,13812,Insert,
39961,2247,2,13813,Insert,
39962,2247,2,13814,Insert,
39963,2247,2,13815,Insert,
39964,2247,2,13816,Insert,
39965,2247,2,13817,Insert,
39966,2247,2,13818,Insert,
39967,2247,2,13819,Insert,
39968,1151,2,32940,Insert,
39969,2247,2,13820,Insert,
39970,2247,2,13821,Insert,
39971,2247,2,13822,Insert,
39972,2247,2,13823,Insert,
39973,2247,2,13824,Insert,
39974,2247,2,13825,Insert,
39975,2247,2,13826,Insert,
39976,1151,2,32941,Insert,
40976,1151,2,33941,Insert,
40977,2247,2,13827,Insert,
40978,1151,2,33942,Insert,
40979,1151,2,33943,Insert,
40980,1151,2,33944,Insert,
40981,1151,2,33945,Insert,
40982,1151,2,33946,Insert,
40983,1151,2,33947,Insert,
40984,1151,2,33948,Insert,
40985,1151,2,33949,Insert,
40986,1151,2,33950,Insert,
40987,2247,2,13828,Insert,
40988,2247,2,13829,Insert,
41976,1151,2,34941,Insert,
41977,1159,2,27773,Insert,
41978,0,0,0,Delete,
41979,0,0,0,Delete,
41980,0,0,0,Delete,
41981,1151,2,33954,Update,
42976,1151,2,35941,Insert,
42977,1151,2,35942,Insert,
42978,0,0,1,Delete,
42979,0,0,0,Delete,
42980,0,0,0,Delete,
42981,1151,2,35941,Update,
42982,1151,2,35943,Insert,
42983,1151,2,35944,Insert,
43976,1151,2,36941,Insert,
43977,1151,2,36942,Insert,
44976,0,0,1,Delete,
44977,0,0,0,Delete,
44978,0,0,0,Delete,
44979,1151,2,36942,Update,
44980,2247,2,14827,Insert,
44981,1151,2,37941,Insert,
45976,2247,2,15827,Insert,
45977,2247,2,15828,Insert,
45978,2247,2,15829,Insert,
45979,2247,2,15830,Insert,
45980,2247,2,15831,Insert,
45981,1159,2,30773,Insert,
46976,1151,2,38941,Insert,
5321,1151,2,2567,Insert,
5322,1151,2,2568,Insert,
5323,1151,2,2569,Insert,
5324,1151,2,2570,Insert,
5325,1151,2,2571,Insert,
5326,1151,2,2572,Insert,
5571,1151,2,2730,Insert,
5572,2247,2,709,Insert,
5573,2247,2,710,Insert,
5574,1151,2,2731,Insert,
5575,1151,2,2732,Insert,
5577,1151,2,2734,Insert,
47976,1151,2,39941,Insert,
47977,1151,2,39942,Insert,
47978,1151,2,39943,Insert,
47979,0,0,1,Delete,
47980,0,0,0,Delete,
47981,0,0,0,Delete,
47982,1151,2,39943,Update,
48976,1159,2,33773,Insert,
48977,1151,2,40941,Insert,
48978,1151,2,40942,Insert,
48979,1151,2,40943,Insert,
48980,1151,2,40944,Insert,
48981,1151,2,40945,Insert,
49976,1151,2,41941,Insert,
49977,0,0,1,Delete,
49978,0,0,0,Delete,
49979,0,0,0,Delete,
49980,1151,2,40944,Update,
50976,1159,2,34773,Insert,
50977,2247,2,16827,Insert,
50978,2247,2,16828,Insert,
50979,2247,2,16829,Insert,
50980,2247,2,16830,Insert,
50981,2247,2,16831,Insert,
50982,2247,2,16832,Insert,
50983,2247,2,16833,Insert,
50984,2247,2,16834,Insert,
50985,2247,2,16835,Insert,
50986,2247,2,16836,Insert,
50987,2247,2,16837,Insert,
50988,1151,2,42941,Insert,
50989,1151,2,42942,Insert,
50990,0,0,1,Delete,
50991,0,0,0,Delete,
50992,0,0,0,Delete,
50993,1151,2,42942,Update,
50994,2247,2,16838,Insert,
50995,2247,2,16839,Insert,
50996,2247,2,16840,Insert,
51000,1151,2,42943,Insert,
51001,1151,2,42944,Insert,
51002,1151,2,42945,Insert,
51976,2247,2,17827,Insert,
51977,2247,2,17828,Insert,
51978,1151,2,43941,Insert,
51979,1151,2,43942,Insert,
51980,0,0,1,Delete,
51981,0,0,0,Delete,
51982,0,0,0,Delete,
51983,1151,2,41941,Update,
51984,1151,2,43943,Insert,
52976,1151,2,44941,Insert,
52977,1151,2,44942,Insert,
52978,1151,2,44943,Insert,
52979,1151,2,44944,Insert,
52980,1151,2,44945,Insert,
52981,2247,2,18827,Insert,
52982,1151,2,44946,Insert,
53981,1151,2,45946,Insert,
53982,2247,2,19827,Insert,
53983,2247,2,19828,Insert,
53984,2247,2,19829,Insert,
53985,2247,2,19830,Insert,
53986,2247,2,19831,Insert,
53987,1151,2,45947,Insert,
53988,1151,2,45948,Insert,
53989,1151,2,45949,Insert,
53990,1151,2,45950,Insert,
53991,1151,2,45951,Insert,
53992,2247,2,19832,Insert,
53993,1151,2,45952,Insert,
53994,1151,2,45953,Insert,
53995,2247,2,19833,Insert,
53996,2247,2,19834,Insert,
53997,1151,2,45954,Insert,
54997,0,0,1,Delete,
54998,0,0,0,Delete,
54999,0,0,0,Delete,
55000,1151,2,4891,Update,
55001,1151,2,46954,Insert,
55997,1151,2,47954,Insert,
55998,1151,2,47955,Insert,
55999,1151,2,47956,Insert,
56000,1151,2,47957,Insert,
56997,1151,2,48954,Insert,
56998,1151,2,48955,Insert,
57997,2247,2,19835,Insert,
57998,2247,2,19836,Insert,
57999,1151,2,49954,Insert,
58997,1151,2,50954,Insert,
58998,1151,2,50955,Insert,
58999,0,0,0,Delete,
59000,0,0,0,Delete,
59001,0,0,0,Delete,
59002,1151,2,50954,Update,
59997,1151,2,51954,Insert,
59998,0,0,1,Delete,
59999,0,0,0,Delete,
60000,0,0,0,Delete,
60001,1151,2,51954,Update,
60002,1151,2,51955,Insert,
60003,1151,2,51956,Insert,
60004,1151,2,51957,Insert,
60997,1151,2,52954,Insert,
61997,1151,2,53954,Insert,
62997,1151,2,54954,Insert,
62998,1151,2,54955,Insert,
62999,1151,2,54956,Insert,
63000,1151,2,54957,Insert,
63001,1151,2,54958,Insert,
63997,1151,2,55954,Insert,
64997,0,0,1,Delete,
64998,0,0,0,Delete,
64999,0,0,0,Delete,
65000,1151,2,55955,Update,
65001,1151,2,56954,Insert,
65002,1151,2,56955,Insert,
65003,1151,2,56956,Insert,
65997,1159,2,43774,Insert,
65998,1151,2,57954,Insert,
66000,0,0,1,Delete,
66001,0,0,0,Delete,
66002,0,0,0,Delete,
66003,1151,2,57955,Update,
66004,1151,2,57956,Insert,
66005,1151,2,57957,Insert,
66006,1151,2,57958,Insert,
66007,1151,2,57959,Insert,
67006,1151,2,58958,Insert,
68006,1159,2,43776,Insert,
69006,1014,1,20,Insert,
69007,1158,2,5,Insert,
69008,1151,2,59958,Insert,
69009,1151,2,59959,Insert,
70006,1151,2,60958,Insert,
71006,1151,2,61958,Insert,
71007,1151,2,61959,Insert,
71008,1151,2,61960,Insert,
72006,1151,2,62958,Insert,
72009,2247,2,20837,Insert,
72010,2247,2,20838,Insert,
72011,2247,2,20839,Insert,
72012,2247,2,20840,Insert,
72013,2247,2,20841,Insert,
72014,2247,2,20842,Insert,
72015,2247,2,20843,Insert,
72016,2247,2,20844,Insert,
73006,2247,2,21835,Insert,
73007,2247,2,21836,Insert,
73008,2247,2,21837,Insert,
73009,2247,2,21838,Insert,
73010,2247,2,21839,Insert,
73011,2247,2,21840,Insert,
73012,1151,2,63958,Insert,
73013,1159,2,47777,Insert,
73014,2247,2,21841,Insert,
73015,1159,2,47778,Insert,
73016,0,0,1,Delete,
73017,0,0,0,Delete,
5343,1151,2,2580,Update,
5344,0,0,1,Delete,
5345,0,0,0,Delete,
5346,0,0,0,Delete,
5347,1151,2,2581,Update,
5413,1151,2,2628,Insert,
5414,1151,2,2629,Insert,
5415,1151,2,2630,Insert,
5416,1151,2,2631,Insert,
5417,1151,2,2632,Insert,
5439,1151,2,2645,Insert,
5441,1151,2,2647,Insert,
5448,1151,2,2653,Insert,
5449,1151,2,2654,Insert,
5450,1151,2,2655,Insert,
5451,1151,2,2656,Insert,
5468,2247,2,692,Insert,
5476,1151,2,2675,Insert,
5477,2247,2,693,Insert,
5478,1151,2,2676,Insert,
5479,1159,2,1657,Insert,
5480,1151,2,2677,Insert,
5481,2247,2,694,Insert,
5499,1151,2,2686,Insert,
5500,2247,2,700,Insert,
5524,1151,2,2704,Insert,
5525,1151,2,2705,Insert,
5526,1151,2,2706,Insert,
5527,1151,2,2707,Insert,
5531,1151,2,2709,Insert,
5535,1151,2,2712,Insert,
5536,1151,2,2713,Insert,
5537,1151,2,2714,Insert,
5538,0,0,1,Delete,
5539,0,0,0,Delete,
5540,0,0,0,Delete,
5541,1151,2,2714,Update,
5569,1151,2,2728,Insert,
56001,0,0,1,Delete,
65999,1151,2,57955,Insert,
72007,2247,2,20835,Insert,
72008,2247,2,20836,Insert,
73018,0,0,0,Delete,
73019,1151,2,63958,Update,
74006,1151,2,64958,Insert,
74007,1151,2,64959,Insert,
75006,1151,2,65958,Insert,
75007,1151,2,65959,Insert,
75008,1151,2,65960,Insert,
76006,1151,2,66958,Insert,
76007,1151,2,66959,Insert,
76010,1151,2,66962,Insert,
76011,1159,2,50778,Insert,
77006,1151,2,67958,Insert,
77007,1151,2,67959,Insert,
78006,1151,2,68958,Insert,
78007,1151,2,68959,Insert,
79006,1151,2,69958,Insert,
80006,1151,2,70958,Insert,
80007,1147,2,52,Insert,
80008,1151,2,70959,Insert,
80009,1151,2,70960,Insert,
80010,1147,2,53,Insert,
80011,1151,2,70961,Insert,
81007,2247,2,22835,Insert,
81008,2247,2,22836,Insert,
81009,2247,2,22837,Insert,
81010,2247,2,22838,Insert,
82007,2247,2,23835,Insert,
82008,2247,2,23836,Insert,
82009,2247,2,23837,Insert,
82010,1159,2,53777,Insert,
82011,2247,2,23838,Insert,
82012,1151,2,71959,Insert,
82013,1151,2,71960,Insert,
82014,1151,2,71961,Insert,
82015,1151,2,71962,Insert,
82016,1151,2,71963,Insert,
83007,2247,2,24835,Insert,
83008,2247,2,24836,Insert,
83009,2247,2,24837,Insert,
83010,1151,2,72959,Insert,
84007,1151,2,73959,Insert,
84008,1151,2,73960,Insert,
84009,0,0,1,Delete,
84010,0,0,0,Delete,
84011,0,0,0,Delete,
84012,1151,2,54958,Update,
84013,1151,2,73961,Insert,
85007,1159,2,55777,Insert,
86007,1151,2,74959,Insert,
87007,2247,2,25835,Insert,
88007,1151,2,75959,Insert,
89007,1151,2,76959,Insert,
90007,1151,2,77959,Insert,
90008,1151,2,77960,Insert,
90009,1151,2,77961,Insert,
91009,1151,2,78961,Insert,
91010,1151,2,78962,Insert,
92009,1151,2,79961,Insert,
93009,1151,2,80961,Insert,
93010,1151,2,80962,Insert,
93011,1151,2,80963,Insert,
93012,1151,2,80964,Insert,
93013,1151,2,80965,Insert,
93014,1151,2,80966,Insert,
93015,1159,2,59780,Insert,
93016,2247,2,26835,Insert,
93017,2247,2,26836,Insert,
93018,2247,2,26837,Insert,
93019,2247,2,26838,Insert,
93020,2247,2,26839,Insert,
93021,2247,2,26840,Insert,
93022,2247,2,26841,Insert,
93023,2247,2,26842,Insert,
93024,2247,2,26843,Insert,
93025,2247,2,26844,Insert,
93026,2247,2,26845,Insert,
93027,2247,2,26846,Insert,
93028,2247,2,26847,Insert,
93029,2247,2,26848,Insert,
93030,2247,2,26849,Insert,
93031,2247,2,26850,Insert,
93032,1159,2,59781,Insert,
93033,1151,2,80967,Insert,
94009,1151,2,81961,Insert,
94010,1151,2,81962,Insert,
95009,1151,2,82961,Insert,
95010,1151,2,82962,Insert,
96010,1151,2,83962,Insert,
96011,1151,2,83963,Insert,
96012,1151,2,83964,Insert,
96013,1151,2,83965,Insert,
97010,1151,2,84962,Insert,
97011,1151,2,84963,Insert,
98010,1159,2,60778,Insert,
98015,0,0,1,Delete,
98016,0,0,0,Delete,
98017,0,0,0,Delete,
98018,1151,2,84962,Update,
98019,1151,2,85962,Insert,
98020,1151,2,85963,Insert,
99010,1151,2,86962,Insert,
99011,1151,2,86963,Insert,
99012,1151,2,86964,Insert,
99013,1151,2,86965,Insert,
100013,2247,2,27835,Insert,
100014,2247,2,27836,Insert,
100015,1159,2,61779,Insert,
100016,1151,2,87965,Insert,
100017,1151,2,87966,Insert,
100018,1151,2,87967,Insert,
100019,1151,2,87968,Insert,
101019,1151,2,88968,Insert,
101020,1151,2,88969,Insert,
101021,1151,2,88970,Insert,
102021,1151,2,89970,Insert,
103021,1151,2,90970,Insert,
104021,0,0,1,Delete,
104022,0,0,0,Delete,
104023,0,0,0,Delete,
104024,1151,2,76959,Update,
104025,1151,2,91970,Insert,
104026,1159,2,62781,Insert,
104027,2247,2,27837,Insert,
104028,2247,2,27838,Insert,
104029,2247,2,27839,Insert,
104030,2247,2,27840,Insert,
104031,2247,2,27841,Insert,
104032,2247,2,27842,Insert,
5796,1151,2,2850,Insert,
5797,1151,2,2851,Insert,
5798,1151,2,2852,Insert,
5799,1151,2,2853,Insert,
5840,1151,2,2879,Insert,
13890,1159,2,7759,Insert,
13891,2247,2,3801,Insert,
13892,1151,2,10897,Insert,
13893,1151,2,10898,Insert,
13894,1151,2,10899,Insert,
13895,1151,2,10900,Insert,
13896,1151,2,10901,Insert,
13897,1151,2,10902,Insert,
13898,1201,2,789,Insert,
13899,1151,2,10903,Insert,
13900,1151,2,10904,Insert,
13901,1151,2,10905,Insert,
13902,1151,2,10906,Insert,
13903,1151,2,10907,Insert,
13904,1151,2,10908,Insert,
13905,1151,2,10909,Insert,
13906,1151,2,10910,Insert,
13907,1151,2,10911,Insert,
13908,1151,2,10912,Insert,
13909,1151,2,10913,Insert,
13910,1151,2,10914,Insert,
13911,1151,2,10915,Insert,
13921,2247,2,3802,Insert,
13922,2247,2,3803,Insert,
13923,2247,2,3804,Insert,
13924,0,0,1,Delete,
13925,0,0,0,Delete,
13926,0,0,0,Delete,
13927,1151,2,10924,Update,
13928,1159,2,7771,Insert,
13929,1151,2,10925,Insert,
13930,1151,2,10926,Insert,
13931,1159,2,7773,Insert,
13932,1151,2,10927,Insert,
13933,0,0,1,Delete,
13934,0,0,0,Delete,
13935,0,0,0,Delete,
13936,1151,2,10927,Update,
13937,2247,2,3805,Insert,
13938,2247,2,3806,Insert,
13939,2247,2,3807,Insert,
13940,2247,2,3808,Insert,
13941,2247,2,3809,Insert,
13942,2247,2,3810,Insert,
13943,2247,2,3811,Insert,
13944,2247,2,3812,Insert,
13945,2247,2,3813,Insert,
13946,2247,2,3814,Insert,
13947,1159,2,7774,Insert,
13948,1151,2,10928,Insert,
13949,0,0,1,Delete,
13950,0,0,0,Delete,
13951,0,0,0,Delete,
13952,1151,2,10928,Update,
13953,1151,2,10929,Insert,
13954,2247,2,3815,Insert,
13955,0,0,0,Delete,
13956,0,0,0,Delete,
13957,0,0,0,Delete,
13958,1151,2,10917,Update,
13959,1151,2,10930,Insert,
13960,1151,2,10931,Insert,
13961,1151,2,10932,Insert,
13962,1151,2,10933,Insert,
13963,1151,2,10934,Insert,
13964,2247,2,3816,Insert,
13965,2247,2,3817,Insert,
13966,2247,2,3818,Insert,
13967,2247,2,3819,Insert,
13968,0,0,1,Delete,
13969,0,0,0,Delete,
13970,0,0,0,Delete,
13971,1151,2,10926,Update,
13972,0,0,1,Delete,
13973,0,0,0,Delete,
13974,0,0,0,Delete,
13975,1151,2,10926,Update,
50997,2247,2,16841,Insert,
50998,2247,2,16842,Insert,
50999,2247,2,16843,Insert,
104033,2247,2,27843,Insert,
104034,2247,2,27844,Insert,
105021,2247,2,28837,Insert,
105022,2247,2,28838,Insert,
105023,1151,2,92970,Insert,
105024,1151,2,92971,Insert,
106021,1151,2,93970,Insert,
106022,1151,2,93971,Insert,
106023,1151,2,93972,Insert,
106024,1151,2,93973,Insert,
106025,1151,2,93974,Insert,
107021,1159,2,65781,Insert,
107022,1159,2,65782,Insert,
108022,1151,2,94970,Insert,
108023,1151,2,94971,Insert,
108024,1151,2,94972,Insert,
108025,1151,2,94973,Insert,
108026,1151,2,94974,Insert,
108027,1151,2,94975,Insert,
108028,1151,2,94976,Insert,
108029,1159,2,66787,Insert,
108030,1151,2,94977,Insert,
108031,1151,2,94978,Insert,
108032,0,0,0,Delete,
108033,0,0,0,Delete,
108034,0,0,0,Delete,
108035,1151,2,94978,Update,
108036,1151,2,94979,Insert,
108037,0,0,1,Delete,
108038,0,0,0,Delete,
108039,0,0,0,Delete,
108040,1151,2,94978,Update,
108041,0,0,1,Delete,
108042,0,0,0,Delete,
108043,0,0,0,Delete,
108044,1151,2,94978,Update,
109032,0,0,1,Delete,
109033,0,0,0,Delete,
109034,0,0,0,Delete,
109035,1151,2,94979,Update,
109036,1151,2,95979,Insert,
109037,1151,2,95980,Insert,
109038,1151,2,95981,Insert,
109039,1151,2,95982,Insert,
109040,1151,2,95983,Insert,
109041,1151,2,95984,Insert,
110041,1151,2,96984,Insert,
110042,1151,2,96985,Insert,
110043,1159,2,68792,Insert,
110044,2247,2,29837,Insert,
110045,2247,2,29838,Insert,
111041,1151,2,97984,Insert,
111042,1159,2,69791,Insert,
111043,0,0,1,Delete,
111044,0,0,0,Delete,
111045,0,0,0,Delete,
111046,1151,2,95984,Update,
111047,0,0,1,Delete,
111048,0,0,0,Delete,
111049,0,0,0,Delete,
111050,1151,2,95984,Update,
112043,1151,2,97985,Insert,
113043,2247,2,30837,Insert,
113044,2247,2,30838,Insert,
113045,2247,2,30839,Insert,
113046,2247,2,30840,Insert,
113047,2247,2,30841,Insert,
113048,2247,2,30842,Insert,
113049,2247,2,30843,Insert,
113050,2247,2,30844,Insert,
113051,2247,2,30845,Insert,
113052,2247,2,30846,Insert,
113053,1151,2,98985,Insert,
113054,1151,2,98986,Insert,
113055,1151,2,98987,Insert,
113056,2247,2,30847,Insert,
113057,2247,2,30848,Insert,
113058,2247,2,30849,Insert,
113059,2247,2,30850,Insert,
113063,1151,2,98991,Insert,
113064,1151,2,98992,Insert,
113065,1151,2,98993,Insert,
113066,1151,2,98994,Insert,
113067,1151,2,98995,Insert,
113068,1151,2,98996,Insert,
113069,1151,2,98997,Insert,
113070,1151,2,98998,Insert,
5845,0,0,0,Delete,
5846,0,0,0,Delete,
5847,0,0,0,Delete,
5848,1151,2,2882,Update,
5849,1151,2,2883,Insert,
5850,1151,2,2884,Insert,
24910,1151,2,20917,Insert,
24911,1151,2,20918,Insert,
24912,1151,2,20919,Insert,
27921,1151,2,23923,Insert,
27922,1159,2,17770,Insert,
27923,0,0,1,Delete,
27924,0,0,0,Delete,
27925,0,0,0,Delete,
27926,1151,2,23923,Update,
27927,1151,2,23924,Insert,
27928,1151,2,23925,Insert,
27929,1151,2,23926,Insert,
27930,1151,2,23927,Insert,
27931,1151,2,23928,Insert,
27932,1151,2,23929,Insert,
27933,1151,2,23930,Insert,
27934,1151,2,23931,Insert,
27935,1151,2,23932,Insert,
27936,1151,2,23933,Insert,
76008,1151,2,66960,Insert,
76009,1151,2,66961,Insert,
78008,1151,2,68960,Insert,
113071,1151,2,98999,Insert,
113072,1151,2,99000,Insert,
114063,1151,2,99991,Insert,
114064,1159,2,70794,Insert,
114065,1159,2,70795,Insert,
114066,1151,2,99992,Insert,
115066,1151,2,100992,Insert,
115067,1151,2,100993,Insert,
115068,1151,2,100994,Insert,
115069,1151,2,100995,Insert,
115070,1151,2,100996,Insert,
115071,1151,2,100997,Insert,
115072,1151,2,100998,Insert,
115073,1151,2,100999,Insert,
115074,1151,2,101000,Insert,
115075,1151,2,101001,Insert,
115076,1151,2,101002,Insert,
115077,1151,2,101003,Insert,
115078,1151,2,101004,Insert,
115079,1151,2,101005,Insert,
115080,1151,2,101006,Insert,
115081,2247,2,30851,Insert,
115082,2247,2,30852,Insert,
115083,1151,2,101007,Insert,
115084,1151,2,101008,Insert,
115085,1151,2,101009,Insert,
115086,1151,2,101010,Insert,
115087,0,0,0,Delete,
115088,0,0,0,Delete,
115089,0,0,0,Delete,
115090,1151,2,98996,Update,
115091,0,0,1,Delete,
115092,0,0,0,Delete,
115093,0,0,0,Delete,
115094,1151,2,98996,Update,
115095,1151,2,101011,Insert,
115096,1151,2,101012,Insert,
115097,1151,2,101013,Insert,
115098,1151,2,101014,Insert,
115099,1151,2,101015,Insert,
116097,0,0,1,Delete,
116098,0,0,0,Delete,
116099,0,0,0,Delete,
116100,1151,2,98992,Update,
116101,1159,2,71814,Insert,
116102,1151,2,102013,Insert,
116103,1151,2,102014,Insert,
116104,1151,2,102015,Insert,
116105,1151,2,102016,Insert,
116106,1014,1,1020,Insert,
116107,1158,2,1005,Insert,
116108,1014,1,1021,Insert,
116109,1158,2,1006,Insert,
116110,1014,1,1022,Insert,
116111,1158,2,1007,Insert,
116112,1014,1,1023,Insert,
116113,0,0,1,Delete,
116114,0,0,1007,Update,
116115,1151,2,102017,Insert,
116116,1151,2,102018,Insert,
116117,1151,2,102019,Insert,
116118,1159,2,71818,Insert,
116119,2247,2,30853,Insert,
116120,1159,2,71819,Insert,
116121,2247,2,30854,Insert,
116122,2247,2,30855,Insert,
116123,1151,2,102020,Insert,
116124,0,0,1,Delete,
116125,0,0,1,Delete,
116126,0,0,0,Delete,
116127,1151,2,102017,Update,
116128,1151,2,102021,Insert,
116129,1151,2,102022,Insert,
116130,1151,2,102023,Insert,
116131,0,0,0,Delete,
116132,0,0,0,Delete,
116133,0,0,0,Delete,
116134,1151,2,102019,Update,
116135,0,0,1,Delete,
116136,0,0,0,Delete,
116137,0,0,0,Delete,
116138,1151,2,102018,Update,
116139,1151,2,102024,Insert,
116140,1014,1,1024,Insert,
116141,1158,2,1008,Insert,
116142,1151,2,102025,Insert,
116143,1151,2,102026,Insert,
116144,1014,1,1025,Insert,
116145,1158,2,1009,Insert,
116146,1151,2,102027,Insert,
116147,1151,2,102028,Insert,
116148,2247,2,30856,Insert,
116149,2247,2,30857,Insert,
116150,0,0,1,Delete,
116151,0,0,0,Delete,
116152,0,0,0,Delete,
116153,1151,2,98986,Update,
116154,0,0,1,Delete,
116155,0,0,0,Delete,
116156,0,0,0,Delete,
116157,1151,2,98985,Update,
117150,1151,2,102029,Insert,
117151,1151,2,102030,Insert,
117152,1151,2,102031,Insert,
117153,1151,2,102032,Insert,
117154,1151,2,102033,Insert,
117155,1014,1,1026,Insert,
117156,1158,2,1010,Insert,
117157,1151,2,102034,Insert,
117158,1159,2,71828,Insert,
117159,2247,2,30858,Insert,
117160,1159,2,71829,Insert,
117161,1159,2,71830,Insert,
117162,1151,2,102035,Insert,
117163,0,0,1,Delete,
117164,0,0,0,Delete,
117165,0,0,0,Delete,
117166,1151,2,102035,Update,
117167,2247,2,30859,Insert,
117168,1151,2,102036,Insert,
117169,2247,2,30860,Insert,
117170,1151,2,102037,Insert,
117171,1151,2,102038,Insert,
117172,1151,2,102039,Insert,
118170,1151,2,103037,Insert,
118171,1151,2,103038,Insert,
118172,1151,2,103039,Insert,
118173,1014,1,1027,Insert,
118174,1158,2,1011,Insert,
118175,1014,1,1028,Insert,
118176,0,0,1,Delete,
118177,0,0,1011,Update,
118178,1151,2,103040,Insert,
118179,2247,2,30861,Insert,
118180,2247,2,30862,Insert,
118181,2247,2,30863,Insert,
118182,2247,2,30864,Insert,
118183,2247,2,30865,Insert,
118184,2247,2,30866,Insert,
118185,1151,2,103041,Insert,
118186,0,0,0,Delete,
118187,0,0,0,Delete,
9875,1159,2,3754,Insert,
9876,1151,2,6890,Insert,
11880,1151,2,8894,Insert,
11902,1151,2,8906,Insert,
11903,0,0,1,Delete,
11904,0,0,0,Delete,
11905,0,0,0,Delete,
11906,1151,2,2894,Update,
11907,1151,2,8907,Insert,
34934,1159,2,22771,Insert,
34935,1151,2,29933,Insert,
34936,1151,2,29934,Insert,
34937,1151,2,29935,Insert,
34938,1151,2,29936,Insert,
34939,0,0,1,Delete,
34940,0,0,0,Delete,
34941,0,0,0,Delete,
34942,1151,2,29934,Update,
113060,1151,2,98988,Insert,
113061,1151,2,98989,Insert,
113062,1151,2,98990,Insert,
118188,0,0,0,Delete,
118189,1151,2,98986,Update,
118190,0,0,0,Delete,
118191,0,0,0,Delete,
118192,0,0,0,Delete,
118193,1151,2,98985,Update,
118194,1151,2,103042,Insert,
118195,1151,2,103043,Insert,
118196,1151,2,103044,Insert,
118197,1151,2,103045,Insert,
118198,1151,2,103046,Insert,
118199,1151,2,103047,Insert,
118200,1151,2,103048,Insert,
118201,0,0,1,Delete,
118202,0,0,0,Delete,
118203,0,0,0,Delete,
118204,1151,2,98994,Update,
118205,1151,2,103049,Insert,
118206,1151,2,103050,Insert,
118207,1151,2,103051,Insert,
118208,1151,2,103052,Insert,
118209,1151,2,103053,Insert,
118210,1151,2,103054,Insert,
118211,1151,2,103055,Insert,
118212,1151,2,103056,Insert,
118213,1151,2,103057,Insert,
118214,2247,2,30867,Insert,
118215,2247,2,30868,Insert,
118216,2247,2,30869,Insert,
118217,2247,2,30870,Insert,
118218,2247,2,30871,Insert,
118219,2247,2,30872,Insert,
118220,2247,2,30873,Insert,
118221,2247,2,30874,Insert,
118222,2247,2,30875,Insert,
118223,2247,2,30876,Insert,
118224,2247,2,30877,Insert,
118225,2247,2,30878,Insert,
118226,2247,2,30879,Insert,
118227,1151,2,103058,Insert,
118228,1151,2,103059,Insert,
118229,2247,2,30880,Insert,
118230,2247,2,30881,Insert,
118231,1151,2,103060,Insert,
118232,1151,2,103061,Insert,
118233,1151,2,103062,Insert,
118234,1151,2,103063,Insert,
118235,2247,2,30882,Insert,
118236,2247,2,30883,Insert,
118237,2247,2,30884,Insert,
118238,2247,2,30885,Insert,
118239,2247,2,30886,Insert,
118240,2247,2,30887,Insert,
118241,2247,2,30888,Insert,
118242,2247,2,30889,Insert,
118243,2247,2,30890,Insert,
118244,1151,2,103064,Insert,
118245,1159,2,71843,Insert,
118246,1151,2,103065,Insert,
118247,1151,2,103066,Insert,
118248,1151,2,103067,Insert,
118249,1151,2,103068,Insert,
118250,1151,2,103069,Insert,
118251,1151,2,103070,Insert,
118252,1151,2,103071,Insert,
118253,1151,2,103072,Insert,
118254,1151,2,103073,Insert,
118255,1159,2,71849,Insert,
118256,1151,2,103074,Insert,
118257,1151,2,103075,Insert,
118258,1151,2,103076,Insert,
118259,1151,2,103077,Insert,
118260,1151,2,103078,Insert,
118261,1151,2,103079,Insert,
118262,2247,2,30891,Insert,
118263,2247,2,30892,Insert,
118264,1159,2,71850,Insert,
118265,2247,2,30893,Insert,
118266,1151,2,103080,Insert,
118267,1151,2,103081,Insert,
118268,0,0,1,Delete,
118269,0,0,0,Delete,
118270,0,0,0,Delete,
118271,1151,2,103081,Update,
118272,2247,2,30894,Insert,
118273,2247,2,30895,Insert,
118274,2247,2,30896,Insert,
118275,2247,2,30897,Insert,
118276,2247,2,30898,Insert,
118277,2247,2,30899,Insert,
118278,2247,2,30900,Insert,
118279,2247,2,30901,Insert,
118280,1151,2,103082,Insert,
118281,1151,2,103083,Insert,
119281,1151,2,104083,Insert,
119282,1151,2,104084,Insert,
119283,1151,2,104085,Insert,
119284,1151,2,104086,Insert,
119285,1151,2,104087,Insert,
119286,1151,2,104088,Insert,
119287,1151,2,104089,Insert,
119288,1151,2,104090,Insert,
119289,1151,2,104091,Insert,
120289,1151,2,105091,Insert,
120290,1151,2,105092,Insert,
120291,1151,2,105093,Insert,
120292,1151,2,105094,Insert,
120293,1151,2,105095,Insert,
120294,0,0,1,Delete,
120295,0,0,0,Delete,
120296,0,0,0,Delete,
120297,1151,2,105092,Update,
121293,1151,2,106095,Insert,
121294,1151,2,106096,Insert,
121295,0,0,0,Delete,
121296,0,0,0,Delete,
121297,0,0,0,Delete,
121298,1151,2,106095,Update,
121299,1159,2,71856,Insert,
121300,1151,2,106097,Insert,
121301,1151,2,106098,Insert,
121302,2247,2,30902,Insert,
121303,2247,2,30903,Insert,
121304,2247,2,30904,Insert,
121305,2247,2,30905,Insert,
121306,2247,2,30906,Insert,
121307,2247,2,30907,Insert,
121308,2247,2,30908,Insert,
121309,2247,2,30909,Insert,
121310,2247,2,30910,Insert,
121311,2247,2,30911,Insert,
121312,2247,2,30912,Insert,
121313,2247,2,30913,Insert,
121314,1151,2,106099,Insert,
121315,2247,2,30914,Insert,
121316,2247,2,30915,Insert,
121317,2247,2,30916,Insert,
121318,2247,2,30917,Insert,
121319,2247,2,30918,Insert,
121320,2247,2,30919,Insert,
121321,2247,2,30920,Insert,
121322,2247,2,30921,Insert,
121323,2247,2,30922,Insert,
121324,2247,2,30923,Insert,
121325,2247,2,30924,Insert,
121326,2247,2,30925,Insert,
121327,2247,2,30926,Insert,
18924,1151,2,14930,Insert,
18925,1151,2,14931,Insert,
18926,1151,2,14932,Insert,
18927,1151,2,14933,Insert,
63998,1151,2,55955,Insert,
63999,1151,2,55956,Insert,
64000,1151,2,55957,Insert,
64001,1151,2,55958,Insert,
64002,1151,2,55959,Insert,
64003,1151,2,55960,Insert,
64004,1151,2,55961,Insert,
64005,1151,2,55962,Insert,
121390,1151,2,106100,Insert,
121391,1151,2,106101,Insert,
121392,1151,2,106102,Insert,
121393,1151,2,106103,Insert,
121394,2247,2,30984,Insert,
121395,2247,2,30985,Insert,
122392,1151,2,107102,Insert,
122393,1151,2,107103,Insert,
122394,1151,2,107104,Insert,
122395,1151,2,107105,Insert,
122396,1151,2,107106,Insert,
122397,1151,2,107107,Insert,
122398,1151,2,107108,Insert,
122399,1151,2,107109,Insert,
122400,1151,2,107110,Insert,
122401,1151,2,107111,Insert,
122402,1151,2,107112,Insert,
122403,1151,2,107113,Insert,
122404,1151,2,107114,Insert,
122405,1159,2,72866,Insert,
122406,1159,2,72867,Insert,
122407,1151,2,107115,Insert,
122408,1159,2,72868,Insert,
122409,1151,2,107116,Insert,
122410,2247,2,31984,Insert,
122411,2247,2,31985,Insert,
122416,2247,2,31988,Insert,
122417,1151,2,107119,Insert,
122418,1151,2,107120,Insert,
122419,1151,2,107121,Insert,
122420,1151,2,107122,Insert,
122421,1159,2,72875,Insert,
122422,2247,2,31989,Insert,
122423,1159,2,72876,Insert,
122424,1151,2,107123,Insert,
122425,1151,2,107124,Insert,
122426,1151,2,107125,Insert,
122427,1151,2,107126,Insert,
122428,2247,2,31990,Insert,
122429,2247,2,31991,Insert,
122430,2247,2,31992,Insert,
122431,2247,2,31993,Insert,
122432,2247,2,31994,Insert,
122433,2247,2,31995,Insert,
122434,2247,2,31996,Insert,
122435,2247,2,31997,Insert,
122436,2247,2,31998,Insert,
122437,2247,2,31999,Insert,
122438,2247,2,32000,Insert,
122439,2247,2,32001,Insert,
122440,2247,2,32002,Insert,
122441,2247,2,32003,Insert,
122442,1151,2,107127,Insert,
123442,1014,1,1029,Insert,
123443,1151,2,108127,Insert,
123444,1151,2,108128,Insert,
124442,1201,2,1789,Insert,
124443,1151,2,109127,Insert,
124444,1151,2,109128,Insert,
124445,1151,2,109129,Insert,
124446,1151,2,109130,Insert,
124447,0,0,1,Delete,
124448,0,0,0,Delete,
124449,0,0,0,Delete,
124450,1151,2,109130,Update,
124451,2247,2,32004,Insert,
124452,2247,2,32005,Insert,
124453,1151,2,109131,Insert,
124454,1151,2,109132,Insert,
124455,0,0,1,Delete,
124456,0,0,0,Delete,
124457,0,0,0,Delete,
124458,1151,2,109132,Update,
124459,1151,2,109133,Insert,
124460,1151,2,109134,Insert,
124461,2247,2,32006,Insert,
124462,0,0,1,Delete,
124463,0,0,0,Delete,
124464,0,0,0,Delete,
124465,1151,2,109134,Update,
124466,2247,2,32007,Insert,
124467,2247,2,32008,Insert,
124468,1151,2,109135,Insert,
124469,1151,2,109136,Insert,
124470,1151,2,109137,Insert,
124471,1151,2,109138,Insert,
124472,1151,2,109139,Insert,
124473,2247,2,32009,Insert,
124474,1151,2,109140,Insert,
125474,1151,2,110140,Insert,
125475,0,0,0,Delete,
125476,0,0,0,Delete,
125477,0,0,0,Delete,
125478,1151,2,109134,Update,
125479,1151,2,110141,Insert,
125480,1151,2,110142,Insert,
125481,2247,2,32010,Insert,
125482,2247,2,32011,Insert,
125483,2247,2,32012,Insert,
125484,2247,2,32013,Insert,
125485,1151,2,110143,Insert,
125486,2247,2,32014,Insert,
125487,2247,2,32015,Insert,
125488,2247,2,32016,Insert,
125489,2247,2,32017,Insert,
125490,2247,2,32018,Insert,
125491,2247,2,32019,Insert,
125492,2247,2,32020,Insert,
125493,1151,2,110144,Insert,
125494,0,0,0,Delete,
125495,0,0,0,Delete,
125496,0,0,0,Delete,
125497,1151,2,110144,Update,
126494,1151,2,110145,Insert,
126495,1151,2,110146,Insert,
126496,1151,2,110147,Insert,
127495,1151,2,111146,Insert,
128495,1151,2,112146,Insert,
128496,1151,2,112147,Insert,
128497,2247,2,32021,Insert,
128498,2247,2,32022,Insert,
128499,2247,2,32023,Insert,
128500,2247,2,32024,Insert,
128501,2247,2,32025,Insert,
128502,2247,2,32026,Insert,
128503,2247,2,32027,Insert,
128504,2247,2,32028,Insert,
128505,2247,2,32029,Insert,
128506,2247,2,32030,Insert,
129497,2247,2,33021,Insert,
129498,2247,2,33022,Insert,
129499,2247,2,33023,Insert,
129500,1151,2,112148,Insert,
129501,1151,2,112149,Insert,
129502,1151,2,112150,Insert,
129503,1159,2,75893,Insert,
129504,1151,2,112151,Insert,
129505,1151,2,112152,Insert,
129506,1151,2,112153,Insert,
129507,1159,2,75897,Insert,
129508,1151,2,112154,Insert,
129509,2247,2,33024,Insert,
129510,2247,2,33025,Insert,
129511,1151,2,112155,Insert,
130511,2247,2,33026,Insert,
130512,2247,2,33027,Insert,
130513,2247,2,33028,Insert,
130514,2247,2,33029,Insert,
130515,2247,2,33030,Insert,
130516,1151,2,113155,Insert,
130517,1151,2,113156,Insert,
130518,1151,2,113157,Insert,
130519,2247,2,33031,Insert,
130520,2247,2,33032,Insert,
130521,2247,2,33033,Insert,
130522,1151,2,113158,Insert,
32933,2247,2,10802,Insert,
32934,2247,2,10803,Insert,
32935,2247,2,10804,Insert,
32936,2247,2,10805,Insert,
34948,1151,2,29938,Insert,
40989,1151,2,33951,Insert,
40990,1159,2,26779,Insert,
40991,2247,2,13830,Insert,
40992,2247,2,13831,Insert,
40993,2247,2,13832,Insert,
40994,2247,2,13833,Insert,
40995,2247,2,13834,Insert,
40996,2247,2,13835,Insert,
40997,2247,2,13836,Insert,
40998,2247,2,13837,Insert,
40999,2247,2,13838,Insert,
41000,2247,2,13839,Insert,
41001,2247,2,13840,Insert,
41002,2247,2,13841,Insert,
41003,2247,2,13842,Insert,
41004,2247,2,13843,Insert,
41005,2247,2,13844,Insert,
41006,2247,2,13845,Insert,
41007,2247,2,13846,Insert,
41008,2247,2,13847,Insert,
41009,2247,2,13848,Insert,
41010,2247,2,13849,Insert,
41011,2247,2,13850,Insert,
41012,2247,2,13851,Insert,
41013,2247,2,13852,Insert,
41014,2247,2,13853,Insert,
41015,2247,2,13854,Insert,
41016,2247,2,13855,Insert,
41017,2247,2,13856,Insert,
41018,1151,2,33952,Insert,
41019,1151,2,33953,Insert,
41020,1151,2,33954,Insert,
121328,2247,2,30927,Insert,
121329,2247,2,30928,Insert,
121330,2247,2,30929,Insert,
121331,2247,2,30930,Insert,
121332,2247,2,30931,Insert,
121333,2247,2,30932,Insert,
121334,2247,2,30933,Insert,
121335,2247,2,30934,Insert,
121336,2247,2,30935,Insert,
121337,2247,2,30936,Insert,
121338,2247,2,30937,Insert,
121339,2247,2,30938,Insert,
121340,2247,2,30939,Insert,
121341,2247,2,30940,Insert,
121342,1159,2,71857,Insert,
121343,2247,2,30941,Insert,
121344,2247,2,30942,Insert,
121345,2247,2,30943,Insert,
121346,2247,2,30944,Insert,
121347,2247,2,30945,Insert,
121348,2247,2,30946,Insert,
121349,1159,2,71858,Insert,
121350,1159,2,71859,Insert,
121351,2247,2,30947,Insert,
121352,2247,2,30948,Insert,
121353,2247,2,30949,Insert,
121354,2247,2,30950,Insert,
121355,2247,2,30951,Insert,
121356,2247,2,30952,Insert,
121357,2247,2,30953,Insert,
121358,2247,2,30954,Insert,
121359,2247,2,30955,Insert,
121360,2247,2,30956,Insert,
121361,2247,2,30957,Insert,
121362,2247,2,30958,Insert,
121363,2247,2,30959,Insert,
121364,2247,2,30960,Insert,
121365,2247,2,30961,Insert,
121366,2247,2,30962,Insert,
121367,2247,2,30963,Insert,
121368,2247,2,30964,Insert,
121369,2247,2,30965,Insert,
121370,2247,2,30966,Insert,
121371,2247,2,30967,Insert,
121372,2247,2,30968,Insert,
121373,1159,2,71860,Insert,
121374,1159,2,71861,Insert,
121375,2247,2,30969,Insert,
121376,2247,2,30970,Insert,
121377,2247,2,30971,Insert,
121378,2247,2,30972,Insert,
121379,2247,2,30973,Insert,
121380,2247,2,30974,Insert,
121381,2247,2,30975,Insert,
121382,2247,2,30976,Insert,
121383,2247,2,30977,Insert,
121384,2247,2,30978,Insert,
121385,2247,2,30979,Insert,
121386,2247,2,30980,Insert,
121387,2247,2,30981,Insert,
121388,2247,2,30982,Insert,
121389,2247,2,30983,Insert,
130523,1151,2,113159,Insert,
130525,1151,2,113160,Insert,
130526,2247,2,33034,Insert,
130527,1151,2,113161,Insert,
130528,1151,2,113162,Insert,
130529,2247,2,33035,Insert,
130530,2247,2,33036,Insert,
130531,2247,2,33037,Insert,
130532,2247,2,33038,Insert,
130533,1159,2,76902,Insert,
130535,1151,2,113164,Insert,
130536,1151,2,113165,Insert,
131535,0,0,1,Delete,
131536,0,0,0,Delete,
131537,0,0,0,Delete,
131538,1151,2,98990,Update,
131539,1151,2,114164,Insert,
131540,1151,2,114165,Insert,
131541,1151,2,114166,Insert,
131547,1151,2,114168,Insert,
131548,2247,2,33039,Insert,
131549,1151,2,114169,Insert,
131551,2247,2,33040,Insert,
131552,2247,2,33041,Insert,
131553,1159,2,77906,Insert,
131554,1159,2,77907,Insert,
131555,1151,2,114170,Insert,
131556,1151,2,114171,Insert,
131557,1159,2,77911,Insert,
131558,2247,2,33042,Insert,
131559,2247,2,33043,Insert,
131560,0,0,0,Delete,
131561,0,0,0,Delete,
131562,0,0,0,Delete,
131563,1151,2,113163,Update,
131564,1151,2,114172,Insert,
131565,1151,2,114173,Insert,
131566,1151,2,114174,Insert,
131567,1151,2,114175,Insert,
132567,1151,2,115175,Insert,
133573,0,0,1,Delete,
133574,0,0,0,Delete,
133575,0,0,0,Delete,
133576,1151,1,114175,Update,
133578,1151,2,116182,Insert,
133579,1151,2,116183,Insert,
133580,1151,2,116184,Insert,
133581,1151,2,116185,Insert,
133582,1151,2,116186,Insert,
133583,1159,2,78918,Insert,
133584,1159,2,78919,Insert,
133585,2247,2,33044,Insert,
133586,2247,2,33045,Insert,
133587,2247,2,33046,Insert,
133588,2247,2,33047,Insert,
133589,2247,2,33048,Insert,
133590,2247,2,33049,Insert,
133591,2247,2,33050,Insert,
133592,2247,2,33051,Insert,
133593,2247,2,33052,Insert,
133594,2247,2,33053,Insert,
134585,1151,2,116187,Insert,
134586,0,0,1,Delete,
134587,0,0,0,Delete,
134588,0,0,0,Delete,
134589,1151,2,116187,Update,
134590,1151,2,116188,Insert,
134591,1151,2,116189,Insert,
135590,1151,2,117188,Insert,
56002,0,0,0,Delete,
56003,0,0,0,Delete,
56004,1151,2,47957,Update,
122412,1151,2,107117,Insert,
122413,1151,2,107118,Insert,
122414,2247,2,31986,Insert,
122415,2247,2,31987,Insert,
130524,1159,2,76901,Insert,
130534,1151,2,113163,Insert,
131550,1159,2,77905,Insert,
133577,1151,1,116181,Insert,
135591,1151,2,117189,Insert,
135592,1151,2,117190,Insert,
135593,1151,2,117191,Insert,
135594,1151,2,117192,Insert,
135595,1151,2,117193,Insert,
135596,2247,2,34044,Insert,
135597,1151,2,117194,Insert,
135598,0,0,1,Delete,
135599,0,0,0,Delete,
135600,0,0,0,Delete,
135601,1151,2,117194,Update,
136597,1151,2,118194,Insert,
136598,2247,2,34045,Insert,
136599,2247,2,34046,Insert,
136600,2247,2,34047,Insert,
136601,1151,2,118195,Insert,
136602,1151,2,118196,Insert,
136603,1151,2,118197,Insert,
136604,0,0,1,Delete,
136605,0,0,0,Delete,
136606,0,0,0,Delete,
136607,1151,2,118197,Update,
136608,1151,2,118198,Insert,
136609,1151,2,118199,Insert,
136610,1151,2,118200,Insert,
136611,1151,2,118201,Insert,
136612,1151,2,118202,Insert,
136613,1159,2,79924,Insert,
136614,1151,2,118203,Insert,
136615,1151,2,118204,Insert,
137615,1151,2,119204,Insert,
137616,1151,2,119205,Insert,
137617,1151,2,119206,Insert,
137618,1151,2,119207,Insert,
137619,2247,2,34048,Insert,
137620,1151,2,119208,Insert,
137621,1151,2,119209,Insert,
137622,1151,2,119210,Insert,
137623,1151,2,119211,Insert,
137624,2247,2,34049,Insert,
137625,2247,2,34050,Insert,
137626,2247,2,34051,Insert,
137627,2247,2,34052,Insert,
137628,2247,2,34053,Insert,
137629,2247,2,34054,Insert,
137630,1151,2,119212,Insert,
137631,1151,2,119213,Insert,
137632,0,0,1,Delete,
137633,0,0,0,Delete,
137634,0,0,0,Delete,
137635,1151,2,119213,Update,
137636,1151,2,119214,Insert,
137637,2247,2,34055,Insert,
137638,2247,2,34056,Insert,
137639,2247,2,34057,Insert,
137640,2247,2,34058,Insert,
137641,2247,2,34059,Insert,
137642,2247,2,34060,Insert,
137643,2247,2,34061,Insert,
137644,2247,2,34062,Insert,
137645,2247,2,34063,Insert,
138637,1151,2,119215,Insert,
138638,0,0,1,Delete,
138639,0,0,0,Delete,
138640,0,0,0,Delete,
138641,1151,2,119215,Update,
138642,2247,2,35055,Insert,
138643,1151,2,119216,Insert,
138644,0,0,0,Delete,
138645,0,0,0,Delete,
138646,0,0,0,Delete,
138647,1151,2,119216,Update,
138648,0,0,1,Delete,
138649,0,0,0,Delete,
138650,0,0,0,Delete,
138651,1151,2,119216,Update,
138652,1151,2,119217,Insert,
138653,1151,2,119218,Insert,
138654,1151,2,119219,Insert,
139654,1151,2,120219,Insert,
139655,1151,2,120220,Insert,
140655,1151,2,121220,Insert,
140656,1151,2,121221,Insert,
140657,0,0,1,Delete,
140658,0,0,0,Delete,
140659,0,0,0,Delete,
140660,1151,2,121221,Update,
140661,1151,2,121222,Insert,
140662,1159,2,80928,Insert,
141656,1159,2,81928,Insert,
142656,1151,2,122221,Insert,
142657,1159,2,82928,Insert,
142658,1151,2,122222,Insert,
142659,2247,2,35056,Insert,
142660,2247,2,35057,Insert,
142661,2247,2,35058,Insert,
142662,2247,2,35059,Insert,
142663,2247,2,35060,Insert,
142664,2247,2,35061,Insert,
142665,2247,2,35062,Insert,
142666,2247,2,35063,Insert,
142667,2247,2,35064,Insert,
142668,2247,2,35065,Insert,
142669,2247,2,35066,Insert,
142670,2247,2,35067,Insert,
142671,2247,2,35068,Insert,
142672,2247,2,35069,Insert,
142673,2247,2,35070,Insert,
142674,2247,2,35071,Insert,
142675,2247,2,35072,Insert,
142676,2247,2,35073,Insert,
142677,2247,2,35074,Insert,
142678,2247,2,35075,Insert,
142679,2247,2,35076,Insert,
142680,1151,2,122223,Insert,
142681,2247,2,35077,Insert,
143681,1159,2,82929,Insert,
143682,1151,2,122224,Insert,
143683,0,0,1,Delete,
143684,0,0,0,Delete,
143685,0,0,0,Delete,
143686,1151,2,122224,Update,
144681,1151,2,123224,Insert,
144682,1151,2,123225,Insert,
144683,1151,2,123226,Insert,
144684,1151,2,123227,Insert,
145682,1151,2,124225,Insert,
145683,2247,2,36077,Insert,
145684,2247,2,36078,Insert,
145685,2247,2,36079,Insert,
145686,2247,2,36080,Insert,
145687,2247,2,36081,Insert,
145688,2247,2,36082,Insert,
145689,2247,2,36083,Insert,
145690,1151,2,124226,Insert,
145691,1151,2,124227,Insert,
145692,2247,2,36084,Insert,
145693,2247,2,36085,Insert,
145694,2247,2,36086,Insert,
145695,2247,2,36087,Insert,
146691,1151,2,125227,Insert,
146692,1151,2,125228,Insert,
146693,1151,2,125229,Insert,
146694,1151,2,125230,Insert,
146695,1151,2,125231,Insert,
146696,0,0,0,Delete,
146697,0,0,0,Delete,
146698,0,0,0,Delete,
146699,1151,2,125229,Update,
146700,0,0,0,Delete,
146701,0,0,0,Delete,
146702,0,0,0,Delete,
146703,1151,2,125229,Update,
146704,0,0,0,Delete,
146705,0,0,0,Delete,
146706,0,0,0,Delete,
146707,1151,2,125228,Update,
146708,0,0,0,Delete,
104035,2247,2,27845,Insert,
104036,2247,2,27846,Insert,
104037,2247,2,27847,Insert,
104038,2247,2,27848,Insert,
104039,2247,2,27849,Insert,
104040,2247,2,27850,Insert,
104041,2247,2,27851,Insert,
104042,2247,2,27852,Insert,
104043,2247,2,27853,Insert,
104044,2247,2,27854,Insert,
104045,2247,2,27855,Insert,
104046,2247,2,27856,Insert,
104047,1159,2,62782,Insert,
131542,1151,2,114167,Insert,
131543,0,0,1,Delete,
131544,0,0,0,Delete,
131545,0,0,0,Delete,
131546,1151,2,114167,Update,
146709,0,0,0,Delete,
146710,0,0,0,Delete,
146711,1151,2,125227,Update,
146712,1151,2,125232,Insert,
146713,1151,2,125233,Insert,
146714,1151,2,125234,Insert,
146715,0,0,1,Delete,
146716,0,0,0,Delete,
146717,0,0,0,Delete,
146718,1151,2,125234,Update,
146719,2247,2,37084,Insert,
146720,1151,2,125235,Insert,
146721,1151,2,125236,Insert,
146722,1159,2,84932,Insert,
146723,1151,2,125237,Insert,
146724,1151,2,125238,Insert,
146725,1151,2,125239,Insert,
146726,2247,2,37085,Insert,
146727,2247,2,37086,Insert,
146728,2247,2,37087,Insert,
146729,0,0,1,Delete,
146730,0,0,0,Delete,
146731,0,0,0,Delete,
146732,1151,2,125234,Update,
147729,0,0,0,Delete,
147730,0,0,0,Delete,
147731,0,0,0,Delete,
147732,1151,2,125239,Update,
147733,2247,2,37088,Insert,
147734,1151,2,125240,Insert,
147735,1151,2,125241,Insert,
147736,1159,2,84934,Insert,
147737,0,0,1,Delete,
147738,0,0,0,Delete,
147739,0,0,0,Delete,
147740,1151,2,124227,Update,
148737,0,0,1,Delete,
148738,0,0,0,Delete,
148739,0,0,0,Delete,
148740,1151,2,124227,Update,
149737,1151,2,125242,Insert,
149738,0,0,1,Delete,
149739,0,0,0,Delete,
149740,0,0,0,Delete,
149741,1151,2,125242,Update,
149742,2247,2,37089,Insert,
149743,2247,2,37090,Insert,
149744,1159,2,84935,Insert,
149745,1151,2,125243,Insert,
149746,1151,2,125244,Insert,
149747,1151,2,125245,Insert,
149748,0,0,1,Delete,
149749,0,0,0,Delete,
149750,0,0,0,Delete,
149751,1151,2,125234,Update,
150745,1151,2,126243,Insert,
150746,1151,2,126244,Insert,
150747,2247,2,37091,Insert,
150748,1151,2,126245,Insert,
151746,1159,2,85938,Insert,
151747,2247,2,38091,Insert,
151748,1159,2,85939,Insert,
151749,2247,2,38092,Insert,
151750,2247,2,38093,Insert,
151751,2247,2,38094,Insert,
151752,2247,2,38095,Insert,
151753,2247,2,38096,Insert,
151754,2247,2,38097,Insert,
151755,2247,2,38098,Insert,
151756,2247,2,38099,Insert,
151757,2247,2,38100,Insert,
151758,2247,2,38101,Insert,
151759,2247,2,38102,Insert,
151760,2247,2,38103,Insert,
151761,2247,2,38104,Insert,
151762,2247,2,38105,Insert,
151763,2247,2,38106,Insert,
151764,2247,2,38107,Insert,
151765,2247,2,38108,Insert,
151766,2247,2,38109,Insert,
151767,1151,2,127244,Insert,
151768,1159,2,85940,Insert,
151769,1151,2,127245,Insert,
151770,1151,2,127246,Insert,
151771,1159,2,85942,Insert,
151772,1159,2,85943,Insert,
151773,0,0,1,Delete,
151774,0,0,0,Delete,
151775,0,0,0,Delete,
151776,1151,2,127244,Update,
151777,0,0,1,Delete,
151778,0,0,0,Delete,
151779,0,0,0,Delete,
151780,1151,2,127244,Update,
151781,0,0,1,Delete,
151782,0,0,0,Delete,
151783,0,0,0,Delete,
151784,1151,2,127245,Update,
151785,0,0,1,Delete,
151786,0,0,0,Delete,
151787,0,0,0,Delete,
151788,1151,2,127246,Update,
151789,1151,2,127247,Insert,
151790,1151,2,127248,Insert,
151791,1151,2,127249,Insert,
151792,1151,2,127250,Insert,
151793,1151,2,127251,Insert,
151794,2247,2,38110,Insert,
151795,2247,2,38111,Insert,
151796,2247,2,38112,Insert,
151797,2247,2,38113,Insert,
151798,2247,2,38114,Insert,
151799,2247,2,38115,Insert,
151800,2247,2,38116,Insert,
151801,2247,2,38117,Insert,
151802,2247,2,38118,Insert,
151803,2247,2,38119,Insert,
151804,2247,2,38120,Insert,
151805,2247,2,38121,Insert,
151806,2247,2,38122,Insert,
151807,2247,2,38123,Insert,
151808,2247,2,38124,Insert,
151809,2247,2,38125,Insert,
151810,2247,2,38126,Insert,
151811,2247,2,38127,Insert,
151812,2247,2,38128,Insert,
151813,2247,2,38129,Insert,
151814,2247,2,38130,Insert,
151815,2247,2,38131,Insert,
151816,2247,2,38132,Insert,
151817,2247,2,38133,Insert,
151818,2247,2,38134,Insert,
151819,2247,2,38135,Insert,
151820,2247,2,38136,Insert,
151821,2247,2,38137,Insert,
151822,2247,2,38138,Insert,
151823,1151,2,127252,Insert,
151824,1151,2,127253,Insert,
151825,0,0,1,Delete,
151826,0,0,0,Delete,
151827,0,0,0,Delete,
151828,1151,2,127253,Update,
151829,1159,2,85949,Insert,
151830,1151,2,127254,Insert,
151831,0,0,1,Delete,
151832,0,0,0,Delete,
151833,0,0,0,Delete,
151834,1151,2,127254,Update,
152830,1151,2,128254,Insert,
152831,2247,2,38139,Insert,
152832,2247,2,38140,Insert,
153831,1151,2,128255,Insert,
153832,1151,2,128256,Insert,
153833,1159,2,86953,Insert,
153834,1151,2,128257,Insert,
153835,1151,2,128258,Insert,
154831,1151,2,129255,Insert,
154832,1159,2,87951,Insert,
154833,1151,2,129256,Insert,
154834,0,0,1,Delete,
154835,0,0,0,Delete,
154836,0,0,0,Delete,
154837,1151,2,129256,Update,
154838,0,0,0,Delete,
154839,0,0,0,Delete,
154840,0,0,0,Delete,
154841,1151,2,127252,Update,
154842,1151,2,129257,Insert,
154843,1151,2,129258,Insert,
154844,1151,2,129259,Insert,
154845,0,0,1,Delete,
154846,0,0,0,Delete,
154847,0,0,0,Delete,
154848,1151,2,129259,Update,
154849,1159,2,87957,Insert,
154850,0,0,0,Delete,
154851,0,0,0,Delete,
154852,0,0,0,Delete,
154853,1151,2,127252,Update,
154854,0,0,1,Delete,
154855,0,0,0,Delete,
154856,0,0,0,Delete,
154857,1151,2,127252,Update,
154858,0,0,0,Delete,
154859,0,0,0,Delete,
154860,0,0,0,Delete,
154861,1151,2,127252,Update,
154862,1151,2,129260,Insert,
154863,1151,2,129261,Insert,
154864,0,0,1,Delete,
154865,0,0,0,Delete,
154866,0,0,0,Delete,
154867,1151,2,129261,Update,
154868,1151,2,129262,Insert,
154869,1151,2,129263,Insert,
154870,1151,2,129264,Insert,
154871,2247,2,39139,Insert,
154872,2247,2,39140,Insert,
154873,2247,2,39141,Insert,
154874,2247,2,39142,Insert,
154875,2247,2,39143,Insert,
154876,2247,2,39144,Insert,
154877,2247,2,39145,Insert,
154878,2247,2,39146,Insert,
154879,2247,2,39147,Insert,
154880,2247,2,39148,Insert,
154881,2247,2,39149,Insert,
154882,2247,2,39150,Insert,
154883,2247,2,39151,Insert,
154884,2247,2,39152,Insert,
154885,2247,2,39153,Insert,
154886,2247,2,39154,Insert,
154887,2247,2,39155,Insert,
154888,2247,2,39156,Insert,
154889,2247,2,39157,Insert,
154890,2247,2,39158,Insert,
154891,2247,2,39159,Insert,
154892,2247,2,39160,Insert,
154893,2247,2,39161,Insert,
154894,2247,2,39162,Insert,
154895,2247,2,39163,Insert,
154896,2247,2,39164,Insert,
154897,1151,2,129265,Insert,
154898,1151,2,129266,Insert,
154899,2247,2,39165,Insert,
154900,2247,2,39166,Insert,
154901,2247,2,39167,Insert,
155898,1151,2,130266,Insert,
156898,0,0,1,Delete,
156899,0,0,0,Delete,
156900,0,0,0,Delete,
156901,1151,2,130266,Update,
156902,1151,2,131266,Insert,
156903,1151,2,131267,Insert,
156904,1151,2,131268,Insert,
156905,1151,2,131269,Insert,
156906,1151,2,131270,Insert,
156907,1151,2,131271,Insert,
156908,1151,2,131272,Insert,
157908,1151,2,132272,Insert,
157909,1151,2,132273,Insert,
157910,1151,2,132274,Insert,
157911,1151,2,132275,Insert,
157912,1151,2,132276,Insert,
157913,1151,2,132277,Insert,
157914,1151,2,132278,Insert,
158914,1151,2,133278,Insert,
158915,1151,2,133279,Insert,
158916,1151,2,133280,Insert,
158917,0,0,0,Delete,
158918,0,0,0,Delete,
158919,0,0,0,Delete,
158920,1151,2,132278,Update,
158921,1151,2,133281,Insert,
158922,1151,2,133282,Insert,
158923,2247,2,40165,Insert,
